module_index,module_name,layer,layer_bucket,module_type,module_family,out_features,in_features,numel,method,output_mse,output_rel_mse,output_rmse_over_rms,output_max_abs_error,output_ref_rms,batch_size,quality_formula,quality_model_variant,quality_source_method,quality_local_error_metric,quality_cost,global_coef,layer_coef,type_coef,latency_source,prefill_ms,latency_cost,supported,latency_reason,latency_gain_vs_dense,quality_delta_vs_dense
1,model.language_model.layers.0.self_attn.q_proj,0,layers_00_07,q_proj,attention,4096,4096,16777216,dense_bf16,0.0,0.0,0.0,0.0,0.0,16,global_coef_final_layer_type,dense_zero,dense_bf16,output_rel_mse,0.0,,,,latency_model,2.441358,2.441358,True,,0.0,0.0
1,model.language_model.layers.0.self_attn.q_proj,0,layers_00_07,q_proj,attention,4096,4096,16777216,dense_nvfp4,0.0009343598503619432,0.00018267399560781804,0.01351569441826124,0.375,2.261615230319297,16,global_coef_final_layer_type,final_layer_type,dense_nvfp4,output_rel_mse,2.1464084017500377e-06,0.029496945440769196,0.6698176264762878,0.5947055816650391,latency_model,1.969835,1.969835,True,,0.47152300000000014,2.1464084017500377e-06
1,model.language_model.layers.0.self_attn.q_proj,0,layers_00_07,q_proj,attention,4096,4096,16777216,sparse_bf16,1.8804927094606683e-05,3.6764969814946954e-06,0.0019174193546260805,0.125,2.261615230319297,16,global_coef_final_layer_type,final_layer_type,sparse_bf16,output_rel_mse,4.1378818012251026e-08,0.04986100643873215,0.6621958017349243,0.3408759832382202,latency_model,1.257995,1.257995,True,,1.1833630000000002,4.1378818012251026e-08
1,model.language_model.layers.0.self_attn.q_proj,0,layers_00_07,q_proj,attention,4096,4096,16777216,sparse_nvfp4,0.000944338331464678,0.00018462485962710093,0.013587673076251906,0.375,2.261615230319297,16,global_coef_final_layer_type,final_layer_type,sparse_nvfp4,output_rel_mse,9.682134303930217e-06,0.20809470117092133,0.5963999629020691,0.422554075717926,latency_model,1.8060494999999999,1.8060494999999999,True,,0.6353085000000003,9.682134303930217e-06
2,model.language_model.layers.0.self_attn.k_proj,0,layers_00_07,k_proj,attention,4096,4096,16777216,dense_bf16,0.0,0.0,0.0,0.0,0.0,16,global_coef_final_layer_type,dense_zero,dense_bf16,output_rel_mse,0.0,,,,latency_model,2.441358,2.441358,True,,0.0,0.0
2,model.language_model.layers.0.self_attn.k_proj,0,layers_00_07,k_proj,attention,4096,4096,16777216,dense_nvfp4,0.0008674150449223816,0.0002843556796674744,0.01686284909697867,0.4375,1.7465560267013305,16,global_coef_final_layer_type,final_layer_type,dense_nvfp4,output_rel_mse,3.5008254867366814e-06,0.029496945440769196,0.6698176264762878,0.6231246590614319,latency_model,1.969835,1.969835,True,,0.47152300000000014,3.5008254867366814e-06
2,model.language_model.layers.0.self_attn.k_proj,0,layers_00_07,k_proj,attention,4096,4096,16777216,sparse_bf16,1.431732380297035e-05,4.6934998013289525e-06,0.0021664486611339194,0.08984375,1.7465560267013305,16,global_coef_final_layer_type,final_layer_type,sparse_bf16,output_rel_mse,5.969859885196761e-08,0.04986100643873215,0.6621958017349243,0.38522979617118835,latency_model,1.257995,1.257995,True,,1.1833630000000002,5.969859885196761e-08
2,model.language_model.layers.0.self_attn.k_proj,0,layers_00_07,k_proj,attention,4096,4096,16777216,sparse_nvfp4,0.000987557927146554,0.0003237408749463053,0.01799280064209864,0.4375,1.7465560267013305,16,global_coef_final_layer_type,final_layer_type,sparse_nvfp4,output_rel_mse,1.215289402481986e-05,0.20809470117092133,0.5963999629020691,0.302470862865448,latency_model,1.8060494999999999,1.8060494999999999,True,,0.6353085000000003,1.215289402481986e-05
3,model.language_model.layers.0.self_attn.v_proj,0,layers_00_07,v_proj,attention,4096,4096,16777216,dense_bf16,0.0,0.0,0.0,0.0,0.0,16,global_coef_final_layer_type,dense_zero,dense_bf16,output_rel_mse,0.0,,,,latency_model,2.441358,2.441358,True,,0.0,0.0
3,model.language_model.layers.0.self_attn.v_proj,0,layers_00_07,v_proj,attention,4096,4096,16777216,dense_nvfp4,3.326092701172456e-05,0.007592560016765279,0.0871352971921556,0.0703125,0.06618705504459671,16,global_coef_final_layer_type,final_layer_type,dense_nvfp4,output_rel_mse,5.8167312335702034e-05,0.029496945440769196,0.6698176264762878,0.38775476813316345,latency_model,1.969835,1.969835,True,,0.47152300000000014,5.8167312335702034e-05
3,model.language_model.layers.0.self_attn.v_proj,0,layers_00_07,v_proj,attention,4096,4096,16777216,sparse_bf16,3.894746441801544e-06,0.0008890640991165808,0.029817177920061128,0.09375,0.06618705504459671,16,global_coef_final_layer_type,final_layer_type,sparse_bf16,output_rel_mse,3.946093470232992e-06,0.04986100643873215,0.6621958017349243,0.13442710041999817,latency_model,1.257995,1.257995,True,,1.1833630000000002,3.946093470232992e-06
3,model.language_model.layers.0.self_attn.v_proj,0,layers_00_07,v_proj,attention,4096,4096,16777216,sparse_nvfp4,5.092558785690926e-05,0.011624918994480808,0.1078189176094845,0.2734375,0.06618705504459671,16,global_coef_final_layer_type,final_layer_type,sparse_nvfp4,output_rel_mse,0.0011011938692650708,0.20809470117092133,0.5963999629020691,0.7632647752761841,latency_model,1.8060494999999999,1.8060494999999999,True,,0.6353085000000003,0.0011011938692650708
4,model.language_model.layers.0.self_attn.o_proj,0,layers_00_07,o_proj,attention,4096,4096,16777216,dense_bf16,0.0,0.0,0.0,0.0,0.0,16,global_coef_final_layer_type,dense_zero,dense_bf16,output_rel_mse,0.0,,,,latency_model,2.441358,2.441358,True,,0.0,0.0
4,model.language_model.layers.0.self_attn.o_proj,0,layers_00_07,o_proj,attention,4096,4096,16777216,dense_nvfp4,6.726275501023338e-07,0.006150176815071099,0.07842306303040643,0.0546875,0.010457876887665427,16,global_coef_final_layer_type,final_layer_type,dense_nvfp4,output_rel_mse,5.407559666705143e-05,0.029496945440769196,0.6698176264762878,0.4450205862522125,latency_model,1.969835,1.969835,True,,0.47152300000000014,5.407559666705143e-05
4,model.language_model.layers.0.self_attn.o_proj,0,layers_00_07,o_proj,attention,4096,4096,16777216,sparse_bf16,1.030208636620955e-06,0.009419723100352119,0.09705525797375493,0.0537109375,0.010457876887665427,16,global_coef_final_layer_type,final_layer_type,sparse_bf16,output_rel_mse,5.1029926401076045e-05,0.04986100643873215,0.6621958017349243,0.16407383978366852,latency_model,1.257995,1.257995,True,,1.1833630000000002,5.1029926401076045e-05
4,model.language_model.layers.0.self_attn.o_proj,0,layers_00_07,o_proj,attention,4096,4096,16777216,sparse_nvfp4,2.9412344701995607e-06,0.02689320715982743,0.16399148502232497,0.095703125,0.010457876887665427,16,global_coef_final_layer_type,final_layer_type,sparse_nvfp4,output_rel_mse,0.0007033602534061866,0.20809470117092133,0.5963999629020691,0.21073496341705322,latency_model,1.8060494999999999,1.8060494999999999,True,,0.6353085000000003,0.0007033602534061866
5,model.language_model.layers.0.mlp.gate_proj,0,layers_00_07,gate_proj,mlp,11008,4096,45088768,dense_bf16,0.0,0.0,0.0,0.0,0.0,16,global_coef_final_layer_type,dense_zero,dense_bf16,output_rel_mse,0.0,,,,latency_model,6.993269319161178,6.993269319161178,True,,0.0,0.0
5,model.language_model.layers.0.mlp.gate_proj,0,layers_00_07,gate_proj,mlp,11008,4096,45088768,dense_nvfp4,7.208984607132152e-05,0.009314749231170413,0.09651294851557699,0.203125,0.08797341791713087,16,global_coef_final_layer_type,final_layer_type,dense_nvfp4,output_rel_mse,8.86327573644213e-05,0.029496945440769196,0.6698176264762878,0.48160332441329956,latency_model,3.0619853161530486,3.0619853161530486,True,,3.9312840030081295,8.86327573644213e-05
5,model.language_model.layers.0.mlp.gate_proj,0,layers_00_07,gate_proj,mlp,11008,4096,45088768,sparse_bf16,0.00022951785649638623,0.029656066614769567,0.17220936854529595,0.40625,0.08797341791713087,16,global_coef_final_layer_type,final_layer_type,sparse_bf16,output_rel_mse,0.0001705239835220043,0.04986100643873215,0.6621958017349243,0.17415039241313934,latency_model,3.3904291110950173,3.3904291110950173,True,,3.602840208066161,0.0001705239835220043
5,model.language_model.layers.0.mlp.gate_proj,0,layers_00_07,gate_proj,mlp,11008,4096,45088768,sparse_nvfp4,0.0004654096846934408,0.06013571590080137,0.24522584672256995,0.6953125,0.08797341791713087,16,global_coef_final_layer_type,final_layer_type,sparse_nvfp4,output_rel_mse,0.001245156252446616,0.20809470117092133,0.5963999629020691,0.16683714091777802,latency_model,2.5708457841501398,2.5708457841501398,True,,4.422423535011038,0.001245156252446616
6,model.language_model.layers.0.mlp.up_proj,0,layers_00_07,up_proj,mlp,11008,4096,45088768,dense_bf16,0.0,0.0,0.0,0.0,0.0,16,global_coef_final_layer_type,dense_zero,dense_bf16,output_rel_mse,0.0,,,,latency_model,6.993269319161178,6.993269319161178,True,,0.0,0.0
6,model.language_model.layers.0.mlp.up_proj,0,layers_00_07,up_proj,mlp,11008,4096,45088768,dense_nvfp4,6.578531611012295e-05,0.011453170698853685,0.10701948747239301,0.0545654296875,0.07578820412966353,16,global_coef_final_layer_type,final_layer_type,dense_nvfp4,output_rel_mse,0.00010022971718932794,0.029496945440769196,0.6698176264762878,0.4429320991039276,latency_model,3.0619853161530486,3.0619853161530486,True,,3.9312840030081295,0.00010022971718932794
6,model.language_model.layers.0.mlp.up_proj,0,layers_00_07,up_proj,mlp,11008,4096,45088768,sparse_bf16,0.0002201238094130531,0.03832337842489575,0.1957635778813203,0.1953125,0.07578820412966353,16,global_coef_final_layer_type,final_layer_type,sparse_bf16,output_rel_mse,0.00017504107475459137,0.04986100643873215,0.6621958017349243,0.13833393156528473,latency_model,3.3904291110950173,3.3904291110950173,True,,3.602840208066161,0.00017504107475459137
6,model.language_model.layers.0.mlp.up_proj,0,layers_00_07,up_proj,mlp,11008,4096,45088768,sparse_nvfp4,0.0004449491389095783,0.07746528772026655,0.27832586606398363,0.33984375,0.07578820412966353,16,global_coef_final_layer_type,final_layer_type,sparse_nvfp4,output_rel_mse,0.001990441097947077,0.20809470117092133,0.5963999629020691,0.2070349007844925,latency_model,2.5708457841501398,2.5708457841501398,True,,4.422423535011038,0.001990441097947077
7,model.language_model.layers.0.mlp.down_proj,0,layers_00_07,down_proj,mlp,4096,11008,45088768,dense_bf16,0.0,0.0,0.0,0.0,0.0,16,global_coef_final_layer_type,dense_zero,dense_bf16,output_rel_mse,0.0,,,,latency_model,7.019237382643977,7.019237382643977,True,,0.0,0.0
7,model.language_model.layers.0.mlp.down_proj,0,layers_00_07,down_proj,mlp,4096,11008,45088768,dense_nvfp4,3.467704118520487e-06,0.007263334732159616,0.08522520010043752,0.0859375,0.021850077793670077,16,global_coef_final_layer_type,final_layer_type,dense_nvfp4,output_rel_mse,6.379320621950701e-05,0.029496945440769196,0.6698176264762878,0.4445337653160095,latency_model,4.934856405513043,4.934856405513043,True,,2.0843809771309347,6.379320621950701e-05
7,model.language_model.layers.0.mlp.down_proj,0,layers_00_07,down_proj,mlp,4096,11008,45088768,sparse_bf16,1.5984566061888472e-06,0.0033480726696298864,0.0578625325200158,0.046875,0.021850077793670077,16,global_coef_final_layer_type,final_layer_type,sparse_bf16,output_rel_mse,2.1117013056386377e-05,0.04986100643873215,0.6621958017349243,0.19102497398853302,latency_model,3.4039856523906575,3.4039856523906575,True,,3.61525173025332,2.1117013056386377e-05
7,model.language_model.layers.0.mlp.down_proj,0,layers_00_07,down_proj,mlp,4096,11008,45088768,sparse_nvfp4,7.238482794491574e-06,0.015161479091763472,0.12313195804405724,0.1015625,0.021850077793670077,16,global_coef_final_layer_type,final_layer_type,sparse_nvfp4,output_rel_mse,0.00047661212644512635,0.20809470117092133,0.5963999629020691,0.2532939910888672,latency_model,4.5866232192169125,4.5866232192169125,True,,2.432614163427065,0.00047661212644512635
8,model.language_model.layers.1.self_attn.q_proj,1,layers_00_07,q_proj,attention,4096,4096,16777216,dense_bf16,0.0,0.0,0.0,0.0,0.0,16,global_coef_final_layer_type,dense_zero,dense_bf16,output_rel_mse,0.0,,,,latency_model,2.441358,2.441358,True,,0.0,0.0
8,model.language_model.layers.1.self_attn.q_proj,1,layers_00_07,q_proj,attention,4096,4096,16777216,dense_nvfp4,0.0013323674211278558,0.0020095696650100814,0.04482822397787003,0.33203125,0.814255065986538,16,global_coef_final_layer_type,final_layer_type,dense_nvfp4,output_rel_mse,2.300348136399596e-05,0.029496945440769196,0.6525464653968811,0.5947055816650391,latency_model,1.969835,1.969835,True,,0.47152300000000014,2.300348136399596e-05
8,model.language_model.layers.1.self_attn.q_proj,1,layers_00_07,q_proj,attention,4096,4096,16777216,sparse_bf16,0.0012104305205866694,0.0018256559093243628,0.042727694874921146,0.4326171875,0.814255065986538,16,global_coef_final_layer_type,final_layer_type,sparse_bf16,output_rel_mse,2.0362372168382506e-05,0.04986100643873215,0.6562238335609436,0.3408759832382202,latency_model,1.257995,1.257995,True,,1.1833630000000002,2.0362372168382506e-05
8,model.language_model.layers.1.self_attn.q_proj,1,layers_00_07,q_proj,attention,4096,4096,16777216,sparse_nvfp4,0.004651240073144436,0.007015325358044296,0.08375753911167816,0.720703125,0.814255065986538,16,global_coef_final_layer_type,final_layer_type,sparse_nvfp4,output_rel_mse,0.0004934180316457485,0.20809470117092133,0.7998782396316528,0.422554075717926,latency_model,1.8060494999999999,1.8060494999999999,True,,0.6353085000000003,0.0004934180316457485
9,model.language_model.layers.1.self_attn.k_proj,1,layers_00_07,k_proj,attention,4096,4096,16777216,dense_bf16,0.0,0.0,0.0,0.0,0.0,16,global_coef_final_layer_type,dense_zero,dense_bf16,output_rel_mse,0.0,,,,latency_model,2.441358,2.441358,True,,0.0,0.0
9,model.language_model.layers.1.self_attn.k_proj,1,layers_00_07,k_proj,attention,4096,4096,16777216,dense_nvfp4,0.001404461683705449,0.002134975980117315,0.04620580028651506,0.39453125,0.8110702112052801,16,global_coef_final_layer_type,final_layer_type,dense_nvfp4,output_rel_mse,2.5606865350775264e-05,0.029496945440769196,0.6525464653968811,0.6231246590614319,latency_model,1.969835,1.969835,True,,0.47152300000000014,2.5606865350775264e-05
9,model.language_model.layers.1.self_attn.k_proj,1,layers_00_07,k_proj,attention,4096,4096,16777216,sparse_bf16,0.0014688035007566214,0.002232784439767799,0.047252348510606314,0.53515625,0.8110702112052801,16,global_coef_final_layer_type,final_layer_type,sparse_bf16,output_rel_mse,2.8143603773337243e-05,0.04986100643873215,0.6562238335609436,0.38522979617118835,latency_model,1.257995,1.257995,True,,1.1833630000000002,2.8143603773337243e-05
9,model.language_model.layers.1.self_attn.k_proj,1,layers_00_07,k_proj,attention,4096,4096,16777216,sparse_nvfp4,0.005962681956589222,0.009064101144297747,0.09520557307373212,0.765625,0.8110702112052801,16,global_coef_final_layer_type,final_layer_type,sparse_nvfp4,output_rel_mse,0.0004563448903535751,0.20809470117092133,0.7998782396316528,0.302470862865448,latency_model,1.8060494999999999,1.8060494999999999,True,,0.6353085000000003,0.0004563448903535751
10,model.language_model.layers.1.self_attn.v_proj,1,layers_00_07,v_proj,attention,4096,4096,16777216,dense_bf16,0.0,0.0,0.0,0.0,0.0,16,global_coef_final_layer_type,dense_zero,dense_bf16,output_rel_mse,0.0,,,,latency_model,2.441358,2.441358,True,,0.0,0.0
10,model.language_model.layers.1.self_attn.v_proj,1,layers_00_07,v_proj,attention,4096,4096,16777216,dense_nvfp4,8.63184395711869e-05,0.023070905775510277,0.1518910984077417,0.1185302734375,0.061167322113616314,16,global_coef_final_layer_type,final_layer_type,dense_nvfp4,output_rel_mse,0.00017219093287839792,0.029496945440769196,0.6525464653968811,0.38775476813316345,latency_model,1.969835,1.969835,True,,0.47152300000000014,0.00017219093287839792
10,model.language_model.layers.1.self_attn.v_proj,1,layers_00_07,v_proj,attention,4096,4096,16777216,sparse_bf16,0.00013874712749384344,0.03708387131342066,0.19257173030697072,0.15625,0.061167322113616314,16,global_coef_final_layer_type,final_layer_type,sparse_bf16,output_rel_mse,0.0001631116332661532,0.04986100643873215,0.6562238335609436,0.13442710041999817,latency_model,1.257995,1.257995,True,,1.1833630000000002,0.0001631116332661532
10,model.language_model.layers.1.self_attn.v_proj,1,layers_00_07,v_proj,attention,4096,4096,16777216,sparse_nvfp4,0.0003451017546467483,0.09223765054107916,0.3037065204125179,0.265625,0.061167322113616314,16,global_coef_final_layer_type,final_layer_type,sparse_nvfp4,output_rel_mse,0.011718401020446575,0.20809470117092133,0.7998782396316528,0.7632647752761841,latency_model,1.8060494999999999,1.8060494999999999,True,,0.6353085000000003,0.011718401020446575
11,model.language_model.layers.1.self_attn.o_proj,1,layers_00_07,o_proj,attention,4096,4096,16777216,dense_bf16,0.0,0.0,0.0,0.0,0.0,16,global_coef_final_layer_type,dense_zero,dense_bf16,output_rel_mse,0.0,,,,latency_model,2.441358,2.441358,True,,0.0,0.0
11,model.language_model.layers.1.self_attn.o_proj,1,layers_00_07,o_proj,attention,4096,4096,16777216,dense_nvfp4,3.5880111681763083e-06,0.007740223208867781,0.08797853834241497,0.083984375,0.02153030344086814,16,global_coef_final_layer_type,final_layer_type,dense_nvfp4,output_rel_mse,6.63013044204814e-05,0.029496945440769196,0.6525464653968811,0.4450205862522125,latency_model,1.969835,1.969835,True,,0.47152300000000014,6.63013044204814e-05
11,model.language_model.layers.1.self_attn.o_proj,1,layers_00_07,o_proj,attention,4096,4096,16777216,sparse_bf16,1.025001529342262e-05,0.022111805829669304,0.14870038947383193,0.076171875,0.02153030344086814,16,global_coef_final_layer_type,final_layer_type,sparse_bf16,output_rel_mse,0.00011870707229173365,0.04986100643873215,0.6562238335609436,0.16407383978366852,latency_model,1.257995,1.257995,True,,1.1833630000000002,0.00011870707229173365
11,model.language_model.layers.1.self_attn.o_proj,1,layers_00_07,o_proj,attention,4096,4096,16777216,sparse_nvfp4,2.267354284413159e-05,0.048912412566041834,0.2211615078761262,0.123046875,0.02153030344086814,16,global_coef_final_layer_type,final_layer_type,sparse_nvfp4,output_rel_mse,0.0017156969711036893,0.20809470117092133,0.7998782396316528,0.21073496341705322,latency_model,1.8060494999999999,1.8060494999999999,True,,0.6353085000000003,0.0017156969711036893
12,model.language_model.layers.1.mlp.gate_proj,1,layers_00_07,gate_proj,mlp,11008,4096,45088768,dense_bf16,0.0,0.0,0.0,0.0,0.0,16,global_coef_final_layer_type,dense_zero,dense_bf16,output_rel_mse,0.0,,,,latency_model,6.993269319161178,6.993269319161178,True,,0.0,0.0
12,model.language_model.layers.1.mlp.gate_proj,1,layers_00_07,gate_proj,mlp,11008,4096,45088768,dense_nvfp4,0.00023521107505075634,0.005677068394525687,0.07534632303255206,0.5,0.2035479909746637,16,global_coef_final_layer_type,final_layer_type,dense_nvfp4,output_rel_mse,5.2626209348293354e-05,0.029496945440769196,0.6525464653968811,0.48160332441329956,latency_model,3.0619853161530486,3.0619853161530486,True,,3.9312840030081295,5.2626209348293354e-05
12,model.language_model.layers.1.mlp.gate_proj,1,layers_00_07,gate_proj,mlp,11008,4096,45088768,sparse_bf16,0.0013853287091478705,0.03343637551520623,0.18285616072532593,3.25,0.2035479909746637,16,global_coef_final_layer_type,final_layer_type,sparse_bf16,output_rel_mse,0.00019052707118270143,0.04986100643873215,0.6562238335609436,0.17415039241313934,latency_model,3.3904291110950173,3.3904291110950173,True,,3.602840208066161,0.00019052707118270143
12,model.language_model.layers.1.mlp.gate_proj,1,layers_00_07,gate_proj,mlp,11008,4096,45088768,sparse_nvfp4,0.002796338638290763,0.06749259447245759,0.2597933688000092,5.0,0.2035479909746637,16,global_coef_final_layer_type,final_layer_type,sparse_nvfp4,output_rel_mse,0.001874276956229118,0.20809470117092133,0.7998782396316528,0.16683714091777802,latency_model,2.5708457841501398,2.5708457841501398,True,,4.422423535011038,0.001874276956229118
13,model.language_model.layers.1.mlp.up_proj,1,layers_00_07,up_proj,mlp,11008,4096,45088768,dense_bf16,0.0,0.0,0.0,0.0,0.0,16,global_coef_final_layer_type,dense_zero,dense_bf16,output_rel_mse,0.0,,,,latency_model,6.993269319161178,6.993269319161178,True,,0.0,0.0
13,model.language_model.layers.1.mlp.up_proj,1,layers_00_07,up_proj,mlp,11008,4096,45088768,dense_nvfp4,0.00019970544963143766,0.010776957295561463,0.10381212499299618,0.4375,0.13612781608530555,16,global_coef_final_layer_type,final_layer_type,dense_nvfp4,output_rel_mse,9.188017273518002e-05,0.029496945440769196,0.6525464653968811,0.4429320991039276,latency_model,3.0619853161530486,3.0619853161530486,True,,3.9312840030081295,9.188017273518002e-05
13,model.language_model.layers.1.mlp.up_proj,1,layers_00_07,up_proj,mlp,11008,4096,45088768,sparse_bf16,0.001165361376479268,0.06288786716332427,0.25077453451920567,2.5,0.13612781608530555,16,global_coef_final_layer_type,final_layer_type,sparse_bf16,output_rel_mse,0.0002846483207414891,0.04986100643873215,0.6562238335609436,0.13833393156528473,latency_model,3.3904291110950173,3.3904291110950173,True,,3.602840208066161,0.0002846483207414891
13,model.language_model.layers.1.mlp.up_proj,1,layers_00_07,up_proj,mlp,11008,4096,45088768,sparse_nvfp4,0.0021859994158148766,0.11796584617914532,0.3434615643403863,3.875,0.13612781608530555,16,global_coef_final_layer_type,final_layer_type,sparse_nvfp4,output_rel_mse,0.0040652265534070415,0.20809470117092133,0.7998782396316528,0.2070349007844925,latency_model,2.5708457841501398,2.5708457841501398,True,,4.422423535011038,0.0040652265534070415
14,model.language_model.layers.1.mlp.down_proj,1,layers_00_07,down_proj,mlp,4096,11008,45088768,dense_bf16,0.0,0.0,0.0,0.0,0.0,16,global_coef_final_layer_type,dense_zero,dense_bf16,output_rel_mse,0.0,,,,latency_model,7.019237382643977,7.019237382643977,True,,0.0,0.0
14,model.language_model.layers.1.mlp.down_proj,1,layers_00_07,down_proj,mlp,4096,11008,45088768,dense_nvfp4,0.01164313405752182,0.0010442935807655198,0.032315531571761584,28.0,3.339055553923519,16,global_coef_final_layer_type,final_layer_type,dense_nvfp4,output_rel_mse,8.935438068050742e-06,0.029496945440769196,0.6525464653968811,0.4445337653160095,latency_model,4.934856405513043,4.934856405513043,True,,2.0843809771309347,8.935438068050742e-06
14,model.language_model.layers.1.mlp.down_proj,1,layers_00_07,down_proj,mlp,4096,11008,45088768,sparse_bf16,1.678356420597993e-05,1.5053479824315713e-06,0.0012269262334922875,0.25,3.339055553923519,16,global_coef_final_layer_type,final_layer_type,sparse_bf16,output_rel_mse,9.408926892735554e-09,0.04986100643873215,0.6562238335609436,0.19102497398853302,latency_model,3.4039856523906575,3.4039856523906575,True,,3.61525173025332,9.408926892735554e-09
14,model.language_model.layers.1.mlp.down_proj,1,layers_00_07,down_proj,mlp,4096,11008,45088768,sparse_nvfp4,0.012184225022792816,0.001092825000128305,0.033057903746733626,28.0,3.339055553923519,16,global_coef_final_layer_type,final_layer_type,sparse_nvfp4,output_rel_mse,4.6074476830705745e-05,0.20809470117092133,0.7998782396316528,0.2532939910888672,latency_model,4.5866232192169125,4.5866232192169125,True,,2.432614163427065,4.6074476830705745e-05
15,model.language_model.layers.2.self_attn.q_proj,2,layers_00_07,q_proj,attention,4096,4096,16777216,dense_bf16,0.0,0.0,0.0,0.0,0.0,16,global_coef_final_layer_type,dense_zero,dense_bf16,output_rel_mse,0.0,,,,latency_model,2.441358,2.441358,True,,0.0,0.0
15,model.language_model.layers.2.self_attn.q_proj,2,layers_00_07,q_proj,attention,4096,4096,16777216,dense_nvfp4,0.0011151591315865517,0.001328375877465402,0.03644689119068185,0.3798828125,0.9162372247864363,16,global_coef_final_layer_type,final_layer_type,dense_nvfp4,output_rel_mse,1.5219279073832971e-05,0.029496945440769196,0.6531215906143188,0.5947055816650391,latency_model,1.969835,1.969835,True,,0.47152300000000014,1.5219279073832971e-05
15,model.language_model.layers.2.self_attn.q_proj,2,layers_00_07,q_proj,attention,4096,4096,16777216,sparse_bf16,0.006905605085194111,0.008225946373611612,0.09069700311262556,0.84375,0.9162372247864363,16,global_coef_final_layer_type,final_layer_type,sparse_bf16,output_rel_mse,8.088728610308831e-05,0.04986100643873215,0.5785447359085083,0.3408759832382202,latency_model,1.257995,1.257995,True,,1.1833630000000002,8.088728610308831e-05
15,model.language_model.layers.2.self_attn.q_proj,2,layers_00_07,q_proj,attention,4096,4096,16777216,sparse_nvfp4,0.014592582359910011,0.017382662122179024,0.13184332414718244,1.375,0.9162372247864363,16,global_coef_final_layer_type,final_layer_type,sparse_nvfp4,output_rel_mse,0.0015213158181220175,0.20809470117092133,0.9953132271766663,0.422554075717926,latency_model,1.8060494999999999,1.8060494999999999,True,,0.6353085000000003,0.0015213158181220175
16,model.language_model.layers.2.self_attn.k_proj,2,layers_00_07,k_proj,attention,4096,4096,16777216,dense_bf16,0.0,0.0,0.0,0.0,0.0,16,global_coef_final_layer_type,dense_zero,dense_bf16,output_rel_mse,0.0,,,,latency_model,2.441358,2.441358,True,,0.0,0.0
16,model.language_model.layers.2.self_attn.k_proj,2,layers_00_07,k_proj,attention,4096,4096,16777216,dense_nvfp4,0.0012677768245339394,0.0009779833891346366,0.03127272596264414,0.5,1.1385593260535356,16,global_coef_final_layer_type,final_layer_type,dense_nvfp4,output_rel_mse,1.1740254246818104e-05,0.029496945440769196,0.6531215906143188,0.6231246590614319,latency_model,1.969835,1.969835,True,,0.47152300000000014,1.1740254246818104e-05
16,model.language_model.layers.2.self_attn.k_proj,2,layers_00_07,k_proj,attention,4096,4096,16777216,sparse_bf16,0.008870156481862068,0.006842581068221599,0.08271989523821702,1.75,1.1385593260535356,16,global_coef_final_layer_type,final_layer_type,sparse_bf16,output_rel_mse,7.603924729349947e-05,0.04986100643873215,0.5785447359085083,0.38522979617118835,latency_model,1.257995,1.257995,True,,1.1833630000000002,7.603924729349947e-05
16,model.language_model.layers.2.self_attn.k_proj,2,layers_00_07,k_proj,attention,4096,4096,16777216,sparse_nvfp4,0.020468473434448242,0.01578970890810607,0.12565710846627845,2.875,1.1385593260535356,16,global_coef_final_layer_type,final_layer_type,sparse_nvfp4,output_rel_mse,0.0009891871503610785,0.20809470117092133,0.9953132271766663,0.302470862865448,latency_model,1.8060494999999999,1.8060494999999999,True,,0.6353085000000003,0.0009891871503610785
17,model.language_model.layers.2.self_attn.v_proj,2,layers_00_07,v_proj,attention,4096,4096,16777216,dense_bf16,0.0,0.0,0.0,0.0,0.0,16,global_coef_final_layer_type,dense_zero,dense_bf16,output_rel_mse,0.0,,,,latency_model,2.441358,2.441358,True,,0.0,0.0
17,model.language_model.layers.2.self_attn.v_proj,2,layers_00_07,v_proj,attention,4096,4096,16777216,dense_nvfp4,0.00028410344384610653,0.01922474468050512,0.13865332552991694,0.154296875,0.1215648332558226,16,global_coef_final_layer_type,final_layer_type,dense_nvfp4,output_rel_mse,0.0001436113660546313,0.029496945440769196,0.6531215906143188,0.38775476813316345,latency_model,1.969835,1.969835,True,,0.47152300000000014,0.0001436113660546313
17,model.language_model.layers.2.self_attn.v_proj,2,layers_00_07,v_proj,attention,4096,4096,16777216,sparse_bf16,0.0015481775626540184,0.10476225827882765,0.32366998359259025,0.353515625,0.1215648332558226,16,global_coef_final_layer_type,final_layer_type,sparse_bf16,output_rel_mse,0.00040624653469429494,0.04986100643873215,0.5785447359085083,0.13442710041999817,latency_model,1.257995,1.257995,True,,1.1833630000000002,0.00040624653469429494
17,model.language_model.layers.2.self_attn.v_proj,2,layers_00_07,v_proj,attention,4096,4096,16777216,sparse_nvfp4,0.0027463361620903015,0.18583939289248405,0.43109093343804394,0.5234375,0.1215648332558226,16,global_coef_final_layer_type,final_layer_type,sparse_nvfp4,output_rel_mse,0.029378782597720417,0.20809470117092133,0.9953132271766663,0.7632647752761841,latency_model,1.8060494999999999,1.8060494999999999,True,,0.6353085000000003,0.029378782597720417
18,model.language_model.layers.2.self_attn.o_proj,2,layers_00_07,o_proj,attention,4096,4096,16777216,dense_bf16,0.0,0.0,0.0,0.0,0.0,16,global_coef_final_layer_type,dense_zero,dense_bf16,output_rel_mse,0.0,,,,latency_model,2.441358,2.441358,True,,0.0,0.0
18,model.language_model.layers.2.self_attn.o_proj,2,layers_00_07,o_proj,attention,4096,4096,16777216,dense_nvfp4,5.803469775855774e-06,0.00963810777189175,0.09817386501453301,0.1328125,0.02453849790570932,16,global_coef_final_layer_type,final_layer_type,dense_nvfp4,output_rel_mse,8.263099176621555e-05,0.029496945440769196,0.6531215906143188,0.4450205862522125,latency_model,1.969835,1.969835,True,,0.47152300000000014,8.263099176621555e-05
18,model.language_model.layers.2.self_attn.o_proj,2,layers_00_07,o_proj,attention,4096,4096,16777216,sparse_bf16,2.770233004412148e-05,0.0460066223845176,0.21449154385317293,0.234375,0.02453849790570932,16,global_coef_final_layer_type,final_layer_type,sparse_bf16,output_rel_mse,0.0002177497570105634,0.04986100643873215,0.5785447359085083,0.16407383978366852,latency_model,1.257995,1.257995,True,,1.1833630000000002,0.0002177497570105634
18,model.language_model.layers.2.self_attn.o_proj,2,layers_00_07,o_proj,attention,4096,4096,16777216,sparse_nvfp4,5.379445065045729e-05,0.08933909073772434,0.2988964548764745,0.2890625,0.02453849790570932,16,global_coef_final_layer_type,final_layer_type,sparse_nvfp4,output_rel_mse,0.0038994101836233933,0.20809470117092133,0.9953132271766663,0.21073496341705322,latency_model,1.8060494999999999,1.8060494999999999,True,,0.6353085000000003,0.0038994101836233933
19,model.language_model.layers.2.mlp.gate_proj,2,layers_00_07,gate_proj,mlp,11008,4096,45088768,dense_bf16,0.0,0.0,0.0,0.0,0.0,16,global_coef_final_layer_type,dense_zero,dense_bf16,output_rel_mse,0.0,,,,latency_model,6.993269319161178,6.993269319161178,True,,0.0,0.0
19,model.language_model.layers.2.mlp.gate_proj,2,layers_00_07,gate_proj,mlp,11008,4096,45088768,dense_nvfp4,0.00028222508262842894,0.01224699494103042,0.11066614180059961,0.21875,0.1518039370615385,16,global_coef_final_layer_type,final_layer_type,dense_nvfp4,output_rel_mse,0.00011362923953608862,0.029496945440769196,0.6531215906143188,0.48160332441329956,latency_model,3.0619853161530486,3.0619853161530486,True,,3.9312840030081295,0.00011362923953608862
19,model.language_model.layers.2.mlp.gate_proj,2,layers_00_07,gate_proj,mlp,11008,4096,45088768,sparse_bf16,0.0016687900060787797,0.07241618133919264,0.2691025479983284,0.734375,0.1518039370615385,16,global_coef_final_layer_type,final_layer_type,sparse_bf16,output_rel_mse,0.00036379612094699173,0.04986100643873215,0.5785447359085083,0.17415039241313934,latency_model,3.3904291110950173,3.3904291110950173,True,,3.602840208066161,0.00036379612094699173
19,model.language_model.layers.2.mlp.gate_proj,2,layers_00_07,gate_proj,mlp,11008,4096,45088768,sparse_nvfp4,0.0030405109282583,0.13194122085014193,0.36323714134177126,1.03125,0.1518039370615385,16,global_coef_final_layer_type,final_layer_type,sparse_nvfp4,output_rel_mse,0.004559256588354102,0.20809470117092133,0.9953132271766663,0.16683714091777802,latency_model,2.5708457841501398,2.5708457841501398,True,,4.422423535011038,0.004559256588354102
20,model.language_model.layers.2.mlp.up_proj,2,layers_00_07,up_proj,mlp,11008,4096,45088768,dense_bf16,0.0,0.0,0.0,0.0,0.0,16,global_coef_final_layer_type,dense_zero,dense_bf16,output_rel_mse,0.0,,,,latency_model,6.993269319161178,6.993269319161178,True,,0.0,0.0
20,model.language_model.layers.2.mlp.up_proj,2,layers_00_07,up_proj,mlp,11008,4096,45088768,dense_nvfp4,0.0002442609693389386,0.016810381502590076,0.12965485529894388,0.1112060546875,0.12054196125826994,16,global_coef_final_layer_type,final_layer_type,dense_nvfp4,output_rel_mse,0.0001434451304598502,0.029496945440769196,0.6531215906143188,0.4429320991039276,latency_model,3.0619853161530486,3.0619853161530486,True,,3.9312840030081295,0.0001434451304598502
20,model.language_model.layers.2.mlp.up_proj,2,layers_00_07,up_proj,mlp,11008,4096,45088768,sparse_bf16,0.0013606842840090394,0.09364419530748257,0.3060133907323053,0.2900390625,0.12054196125826994,16,global_coef_final_layer_type,final_layer_type,sparse_bf16,output_rel_mse,0.0003736866380345034,0.04986100643873215,0.5785447359085083,0.13833393156528473,latency_model,3.3904291110950173,3.3904291110950173,True,,3.602840208066161,0.0003736866380345034
20,model.language_model.layers.2.mlp.up_proj,2,layers_00_07,up_proj,mlp,11008,4096,45088768,sparse_nvfp4,0.002449517138302326,0.1685791950446934,0.4105839683240121,0.40625,0.12054196125826994,16,global_coef_final_layer_type,final_layer_type,sparse_nvfp4,output_rel_mse,0.007228835394173639,0.20809470117092133,0.9953132271766663,0.2070349007844925,latency_model,2.5708457841501398,2.5708457841501398,True,,4.422423535011038,0.007228835394173639
21,model.language_model.layers.2.mlp.down_proj,2,layers_00_07,down_proj,mlp,4096,11008,45088768,dense_bf16,0.0,0.0,0.0,0.0,0.0,16,global_coef_final_layer_type,dense_zero,dense_bf16,output_rel_mse,0.0,,,,latency_model,7.019237382643977,7.019237382643977,True,,0.0,0.0
21,model.language_model.layers.2.mlp.down_proj,2,layers_00_07,down_proj,mlp,4096,11008,45088768,dense_nvfp4,2.182658136007376e-05,0.0048874212035915155,0.06991009371751346,0.125,0.06682715538290102,16,global_coef_final_layer_type,final_layer_type,dense_nvfp4,output_rel_mse,4.185579626730975e-05,0.029496945440769196,0.6531215906143188,0.4445337653160095,latency_model,4.934856405513043,4.934856405513043,True,,2.0843809771309347,4.185579626730975e-05
21,model.language_model.layers.2.mlp.down_proj,2,layers_00_07,down_proj,mlp,4096,11008,45088768,sparse_bf16,3.1852832762524486e-05,0.007132505437740736,0.0844541617550061,0.06640625,0.06682715538290102,16,global_coef_final_layer_type,final_layer_type,sparse_bf16,output_rel_mse,3.9303411416352e-05,0.04986100643873215,0.5785447359085083,0.19102497398853302,latency_model,3.4039856523906575,3.4039856523906575,True,,3.61525173025332,3.9303411416352e-05
21,model.language_model.layers.2.mlp.down_proj,2,layers_00_07,down_proj,mlp,4096,11008,45088768,sparse_nvfp4,7.56995432311669e-05,0.01695068717297959,0.1301948047080973,0.125,0.06682715538290102,16,global_coef_final_layer_type,final_layer_type,sparse_nvfp4,output_rel_mse,0.0008892686731908388,0.20809470117092133,0.9953132271766663,0.2532939910888672,latency_model,4.5866232192169125,4.5866232192169125,True,,2.432614163427065,0.0008892686731908388
22,model.language_model.layers.3.self_attn.q_proj,3,layers_00_07,q_proj,attention,4096,4096,16777216,dense_bf16,0.0,0.0,0.0,0.0,0.0,16,global_coef_final_layer_type,dense_zero,dense_bf16,output_rel_mse,0.0,,,,latency_model,2.441358,2.441358,True,,0.0,0.0
22,model.language_model.layers.3.self_attn.q_proj,3,layers_00_07,q_proj,attention,4096,4096,16777216,dense_nvfp4,0.00240015285089612,0.0022875730370375672,0.04782857970960007,0.6953125,1.0243113041660759,16,global_coef_final_layer_type,final_layer_type,dense_nvfp4,output_rel_mse,2.612876035917085e-05,0.029496945440769196,0.6511256098747253,0.5947055816650391,latency_model,1.969835,1.969835,True,,0.47152300000000014,2.612876035917085e-05
22,model.language_model.layers.3.self_attn.q_proj,3,layers_00_07,q_proj,attention,4096,4096,16777216,sparse_bf16,0.014942259527742863,0.01424138883293215,0.1193372902027365,1.65625,1.0243113041660759,16,global_coef_final_layer_type,final_layer_type,sparse_bf16,output_rel_mse,0.00013324155033569318,0.04986100643873215,0.5504652261734009,0.3408759832382202,latency_model,1.257995,1.257995,True,,1.1833630000000002,0.00013324155033569318
22,model.language_model.layers.3.self_attn.q_proj,3,layers_00_07,q_proj,attention,4096,4096,16777216,sparse_nvfp4,0.029478853568434715,0.02809614002739551,0.16761903241396997,2.0625,1.0243113041660759,16,global_coef_final_layer_type,final_layer_type,sparse_nvfp4,output_rel_mse,0.0008363556657133496,0.20809470117092133,0.3385330140590668,0.422554075717926,latency_model,1.8060494999999999,1.8060494999999999,True,,0.6353085000000003,0.0008363556657133496
23,model.language_model.layers.3.self_attn.k_proj,3,layers_00_07,k_proj,attention,4096,4096,16777216,dense_bf16,0.0,0.0,0.0,0.0,0.0,16,global_coef_final_layer_type,dense_zero,dense_bf16,output_rel_mse,0.0,,,,latency_model,2.441358,2.441358,True,,0.0,0.0
23,model.language_model.layers.3.self_attn.k_proj,3,layers_00_07,k_proj,attention,4096,4096,16777216,dense_nvfp4,0.002643329557031393,0.0016063820647331131,0.040079696415181505,0.6875,1.2827772017163246,16,global_coef_final_layer_type,final_layer_type,dense_nvfp4,output_rel_mse,1.9224967165729104e-05,0.029496945440769196,0.6511256098747253,0.6231246590614319,latency_model,1.969835,1.969835,True,,0.47152300000000014,1.9224967165729104e-05
23,model.language_model.layers.3.self_attn.k_proj,3,layers_00_07,k_proj,attention,4096,4096,16777216,sparse_bf16,0.017656046897172928,0.010729784711959199,0.10358467411716464,1.875,1.2827772017163246,16,global_coef_final_layer_type,final_layer_type,sparse_bf16,output_rel_mse,0.00011344929685819644,0.04986100643873215,0.5504652261734009,0.38522979617118835,latency_model,1.257995,1.257995,True,,1.1833630000000002,0.00011344929685819644
23,model.language_model.layers.3.self_attn.k_proj,3,layers_00_07,k_proj,attention,4096,4096,16777216,sparse_nvfp4,0.03807801753282547,0.02314045339621548,0.15211986522547105,3.125,1.2827772017163246,16,global_coef_final_layer_type,final_layer_type,sparse_nvfp4,output_rel_mse,0.0004930800811088459,0.20809470117092133,0.3385330140590668,0.302470862865448,latency_model,1.8060494999999999,1.8060494999999999,True,,0.6353085000000003,0.0004930800811088459
24,model.language_model.layers.3.self_attn.v_proj,3,layers_00_07,v_proj,attention,4096,4096,16777216,dense_bf16,0.0,0.0,0.0,0.0,0.0,16,global_coef_final_layer_type,dense_zero,dense_bf16,output_rel_mse,0.0,,,,latency_model,2.441358,2.441358,True,,0.0,0.0
24,model.language_model.layers.3.self_attn.v_proj,3,layers_00_07,v_proj,attention,4096,4096,16777216,dense_nvfp4,0.0006389915943145752,0.017525169544940024,0.1323826633095891,0.22509765625,0.19094859119111837,16,global_coef_final_layer_type,final_layer_type,dense_nvfp4,output_rel_mse,0.0001305152312609098,0.029496945440769196,0.6511256098747253,0.38775476813316345,latency_model,1.969835,1.969835,True,,0.47152300000000014,0.0001305152312609098
24,model.language_model.layers.3.self_attn.v_proj,3,layers_00_07,v_proj,attention,4096,4096,16777216,sparse_bf16,0.0036818457301706076,0.10097937317746278,0.31777251797073763,0.6376953125,0.19094859119111837,16,global_coef_final_layer_type,final_layer_type,sparse_bf16,output_rel_mse,0.00037257218693907316,0.04986100643873215,0.5504652261734009,0.13442710041999817,latency_model,1.257995,1.257995,True,,1.1833630000000002,0.00037257218693907316
24,model.language_model.layers.3.self_attn.v_proj,3,layers_00_07,v_proj,attention,4096,4096,16777216,sparse_nvfp4,0.0066973306238651276,0.18368294000433,0.42858247748167444,0.7626953125,0.19094859119111837,16,global_coef_final_layer_type,final_layer_type,sparse_nvfp4,output_rel_mse,0.00987656876259498,0.20809470117092133,0.3385330140590668,0.7632647752761841,latency_model,1.8060494999999999,1.8060494999999999,True,,0.6353085000000003,0.00987656876259498
25,model.language_model.layers.3.self_attn.o_proj,3,layers_00_07,o_proj,attention,4096,4096,16777216,dense_bf16,0.0,0.0,0.0,0.0,0.0,16,global_coef_final_layer_type,dense_zero,dense_bf16,output_rel_mse,0.0,,,,latency_model,2.441358,2.441358,True,,0.0,0.0
25,model.language_model.layers.3.self_attn.o_proj,3,layers_00_07,o_proj,attention,4096,4096,16777216,dense_nvfp4,3.7693480408051983e-06,0.010058733047017503,0.10029323530038056,0.171875,0.0193580442667624,16,global_coef_final_layer_type,final_layer_type,dense_nvfp4,output_rel_mse,8.597361851763068e-05,0.029496945440769196,0.6511256098747253,0.4450205862522125,latency_model,1.969835,1.969835,True,,0.47152300000000014,8.597361851763068e-05
25,model.language_model.layers.3.self_attn.o_proj,3,layers_00_07,o_proj,attention,4096,4096,16777216,sparse_bf16,1.861799682956189e-05,0.04968324971624972,0.22289739728460203,0.46875,0.0193580442667624,16,global_coef_final_layer_type,final_layer_type,sparse_bf16,output_rel_mse,0.0002237382650793861,0.04986100643873215,0.5504652261734009,0.16407383978366852,latency_model,1.257995,1.257995,True,,1.1833630000000002,0.0002237382650793861
25,model.language_model.layers.3.self_attn.o_proj,3,layers_00_07,o_proj,attention,4096,4096,16777216,sparse_nvfp4,3.4621916711330414e-05,0.09239067711586378,0.303958347666031,0.46875,0.0193580442667624,16,global_coef_final_layer_type,final_layer_type,sparse_nvfp4,output_rel_mse,0.0013715978501470001,0.20809470117092133,0.3385330140590668,0.21073496341705322,latency_model,1.8060494999999999,1.8060494999999999,True,,0.6353085000000003,0.0013715978501470001
26,model.language_model.layers.3.mlp.gate_proj,3,layers_00_07,gate_proj,mlp,11008,4096,45088768,dense_bf16,0.0,0.0,0.0,0.0,0.0,16,global_coef_final_layer_type,dense_zero,dense_bf16,output_rel_mse,0.0,,,,latency_model,6.993269319161178,6.993269319161178,True,,0.0,0.0
26,model.language_model.layers.3.mlp.gate_proj,3,layers_00_07,gate_proj,mlp,11008,4096,45088768,dense_nvfp4,0.00043971044942736626,0.012833849348841887,0.11328658062119223,0.30859375,0.18509936323965734,16,global_coef_final_layer_type,final_layer_type,dense_nvfp4,output_rel_mse,0.00011871025426844124,0.029496945440769196,0.6511256098747253,0.48160332441329956,latency_model,3.0619853161530486,3.0619853161530486,True,,3.9312840030081295,0.00011871025426844124
26,model.language_model.layers.3.mlp.gate_proj,3,layers_00_07,gate_proj,mlp,11008,4096,45088768,sparse_bf16,0.002692899899557233,0.07859779467928663,0.2803529822906948,0.6015625,0.18509936323965734,16,global_coef_final_layer_type,final_layer_type,sparse_bf16,output_rel_mse,0.0003756866368649688,0.04986100643873215,0.5504652261734009,0.17415039241313934,latency_model,3.3904291110950173,3.3904291110950173,True,,3.602840208066161,0.0003756866368649688
26,model.language_model.layers.3.mlp.gate_proj,3,layers_00_07,gate_proj,mlp,11008,4096,45088768,sparse_nvfp4,0.0048874556086957455,0.14265039428296497,0.3776908713259628,1.0625,0.18509936323965734,16,global_coef_final_layer_type,final_layer_type,sparse_nvfp4,output_rel_mse,0.0016765934482221175,0.20809470117092133,0.3385330140590668,0.16683714091777802,latency_model,2.5708457841501398,2.5708457841501398,True,,4.422423535011038,0.0016765934482221175
27,model.language_model.layers.3.mlp.up_proj,3,layers_00_07,up_proj,mlp,11008,4096,45088768,dense_bf16,0.0,0.0,0.0,0.0,0.0,16,global_coef_final_layer_type,dense_zero,dense_bf16,output_rel_mse,0.0,,,,latency_model,6.993269319161178,6.993269319161178,True,,0.0,0.0
27,model.language_model.layers.3.mlp.up_proj,3,layers_00_07,up_proj,mlp,11008,4096,45088768,dense_nvfp4,0.00037436187267303467,0.015917629766531556,0.12616508933350604,0.1484375,0.1533580599926203,16,global_coef_final_layer_type,final_layer_type,dense_nvfp4,output_rel_mse,0.00013541206959713918,0.029496945440769196,0.6511256098747253,0.4429320991039276,latency_model,3.0619853161530486,3.0619853161530486,True,,3.9312840030081295,0.00013541206959713918
27,model.language_model.layers.3.mlp.up_proj,3,layers_00_07,up_proj,mlp,11008,4096,45088768,sparse_bf16,0.0022442045155912638,0.09542215489118404,0.30890476670194655,0.37744140625,0.1533580599926203,16,global_coef_final_layer_type,final_layer_type,sparse_bf16,output_rel_mse,0.0003623004466985477,0.04986100643873215,0.5504652261734009,0.13833393156528473,latency_model,3.3904291110950173,3.3904291110950173,True,,3.602840208066161,0.0003623004466985477
27,model.language_model.layers.3.mlp.up_proj,3,layers_00_07,up_proj,mlp,11008,4096,45088768,sparse_nvfp4,0.003990442492067814,0.16967108786969756,0.4119115049008677,0.50390625,0.1533580599926203,16,global_coef_final_layer_type,final_layer_type,sparse_nvfp4,output_rel_mse,0.0024746481365756356,0.20809470117092133,0.3385330140590668,0.2070349007844925,latency_model,2.5708457841501398,2.5708457841501398,True,,4.422423535011038,0.0024746481365756356
28,model.language_model.layers.3.mlp.down_proj,3,layers_00_07,down_proj,mlp,4096,11008,45088768,dense_bf16,0.0,0.0,0.0,0.0,0.0,16,global_coef_final_layer_type,dense_zero,dense_bf16,output_rel_mse,0.0,,,,latency_model,7.019237382643977,7.019237382643977,True,,0.0,0.0
28,model.language_model.layers.3.mlp.down_proj,3,layers_00_07,down_proj,mlp,4096,11008,45088768,dense_nvfp4,1.558997064421419e-05,0.011423260783985902,0.10687965561315166,0.0703125,0.0369426123654225,16,global_coef_final_layer_type,final_layer_type,dense_nvfp4,output_rel_mse,9.752965046505678e-05,0.029496945440769196,0.6511256098747253,0.4445337653160095,latency_model,4.934856405513043,4.934856405513043,True,,2.0843809771309347,9.752965046505678e-05
28,model.language_model.layers.3.mlp.down_proj,3,layers_00_07,down_proj,mlp,4096,11008,45088768,sparse_bf16,8.191535016521811e-05,0.06002194798847069,0.24499377132586594,0.1484375,0.0369426123654225,16,global_coef_final_layer_type,final_layer_type,sparse_bf16,output_rel_mse,0.0003146959580541755,0.04986100643873215,0.5504652261734009,0.19102497398853302,latency_model,3.4039856523906575,3.4039856523906575,True,,3.61525173025332,0.0003146959580541755
28,model.language_model.layers.3.mlp.down_proj,3,layers_00_07,down_proj,mlp,4096,11008,45088768,sparse_nvfp4,0.0001522063830634579,0.11152639388493044,0.33395567652748537,0.21875,0.0369426123654225,16,global_coef_final_layer_type,final_layer_type,sparse_nvfp4,output_rel_mse,0.001990052787657231,0.20809470117092133,0.3385330140590668,0.2532939910888672,latency_model,4.5866232192169125,4.5866232192169125,True,,2.432614163427065,0.001990052787657231
29,model.language_model.layers.4.self_attn.q_proj,4,layers_00_07,q_proj,attention,4096,4096,16777216,dense_bf16,0.0,0.0,0.0,0.0,0.0,16,global_coef_final_layer_type,dense_zero,dense_bf16,output_rel_mse,0.0,,,,latency_model,2.441358,2.441358,True,,0.0,0.0
29,model.language_model.layers.4.self_attn.q_proj,4,layers_00_07,q_proj,attention,4096,4096,16777216,dense_nvfp4,0.0024165331851691008,0.00235859820043783,0.048565401269193995,0.5234375,1.0122071490216404,16,global_coef_final_layer_type,final_layer_type,dense_nvfp4,output_rel_mse,2.7321431951613687e-05,0.029496945440769196,0.6603443026542664,0.5947055816650391,latency_model,1.969835,1.969835,True,,0.47152300000000014,2.7321431951613687e-05
29,model.language_model.layers.4.self_attn.q_proj,4,layers_00_07,q_proj,attention,4096,4096,16777216,sparse_bf16,0.01290825568139553,0.012598787721096587,0.11224432155390573,1.15625,1.0122071490216404,16,global_coef_final_layer_type,final_layer_type,sparse_bf16,output_rel_mse,0.0001247805293858552,0.04986100643873215,0.582720935344696,0.3408759832382202,latency_model,1.257995,1.257995,True,,1.1833630000000002,0.0001247805293858552
29,model.language_model.layers.4.self_attn.q_proj,4,layers_00_07,q_proj,attention,4096,4096,16777216,sparse_nvfp4,0.02583378739655018,0.0252144372930401,0.15879054535154194,1.8125,1.0122071490216404,16,global_coef_final_layer_type,final_layer_type,sparse_nvfp4,output_rel_mse,0.0013023611878646957,0.20809470117092133,0.5874066352844238,0.422554075717926,latency_model,1.8060494999999999,1.8060494999999999,True,,0.6353085000000003,0.0013023611878646957
30,model.language_model.layers.4.self_attn.k_proj,4,layers_00_07,k_proj,attention,4096,4096,16777216,dense_bf16,0.0,0.0,0.0,0.0,0.0,16,global_coef_final_layer_type,dense_zero,dense_bf16,output_rel_mse,0.0,,,,latency_model,2.441358,2.441358,True,,0.0,0.0
30,model.language_model.layers.4.self_attn.k_proj,4,layers_00_07,k_proj,attention,4096,4096,16777216,dense_nvfp4,0.0024570252280682325,0.0015296083650347075,0.03911020793903693,0.625,1.2674028601657643,16,global_coef_final_layer_type,final_layer_type,dense_nvfp4,output_rel_mse,1.8565329779375394e-05,0.029496945440769196,0.6603443026542664,0.6231246590614319,latency_model,1.969835,1.969835,True,,0.47152300000000014,1.8565329779375394e-05
30,model.language_model.layers.4.self_attn.k_proj,4,layers_00_07,k_proj,attention,4096,4096,16777216,sparse_bf16,0.015064029954373837,0.009378034041376045,0.09684025011004486,1.6875,1.2674028601657643,16,global_coef_final_layer_type,final_layer_type,sparse_bf16,output_rel_mse,0.00010496713350032154,0.04986100643873215,0.582720935344696,0.38522979617118835,latency_model,1.257995,1.257995,True,,1.1833630000000002,0.00010496713350032154
30,model.language_model.layers.4.self_attn.k_proj,4,layers_00_07,k_proj,attention,4096,4096,16777216,sparse_nvfp4,0.03190018981695175,0.019859298403935372,0.14092302297330755,3.0,1.2674028601657643,16,global_coef_final_layer_type,final_layer_type,sparse_nvfp4,output_rel_mse,0.0007342556827387516,0.20809470117092133,0.5874066352844238,0.302470862865448,latency_model,1.8060494999999999,1.8060494999999999,True,,0.6353085000000003,0.0007342556827387516
31,model.language_model.layers.4.self_attn.v_proj,4,layers_00_07,v_proj,attention,4096,4096,16777216,dense_bf16,0.0,0.0,0.0,0.0,0.0,16,global_coef_final_layer_type,dense_zero,dense_bf16,output_rel_mse,0.0,,,,latency_model,2.441358,2.441358,True,,0.0,0.0
31,model.language_model.layers.4.self_attn.v_proj,4,layers_00_07,v_proj,attention,4096,4096,16777216,dense_nvfp4,0.0006175294984132051,0.017861517349828698,0.13364698780679157,0.2060546875,0.1859386524196783,16,global_coef_final_layer_type,final_layer_type,dense_nvfp4,output_rel_mse,0.00013490342526995555,0.029496945440769196,0.6603443026542664,0.38775476813316345,latency_model,1.969835,1.969835,True,,0.47152300000000014,0.00013490342526995555
31,model.language_model.layers.4.self_attn.v_proj,4,layers_00_07,v_proj,attention,4096,4096,16777216,sparse_bf16,0.0035183040890842676,0.10176396381165666,0.3190046454389915,0.494140625,0.1859386524196783,16,global_coef_final_layer_type,final_layer_type,sparse_bf16,output_rel_mse,0.00039746830937427083,0.04986100643873215,0.582720935344696,0.13442710041999817,latency_model,1.257995,1.257995,True,,1.1833630000000002,0.00039746830937427083
31,model.language_model.layers.4.self_attn.v_proj,4,layers_00_07,v_proj,attention,4096,4096,16777216,sparse_nvfp4,0.006337423343211412,0.18330459887154674,0.428140863351709,0.6953125,0.1859386524196783,16,global_coef_final_layer_type,final_layer_type,sparse_nvfp4,output_rel_mse,0.01710206098355416,0.20809470117092133,0.5874066352844238,0.7632647752761841,latency_model,1.8060494999999999,1.8060494999999999,True,,0.6353085000000003,0.01710206098355416
32,model.language_model.layers.4.self_attn.o_proj,4,layers_00_07,o_proj,attention,4096,4096,16777216,dense_bf16,0.0,0.0,0.0,0.0,0.0,16,global_coef_final_layer_type,dense_zero,dense_bf16,output_rel_mse,0.0,,,,latency_model,2.441358,2.441358,True,,0.0,0.0
32,model.language_model.layers.4.self_attn.o_proj,4,layers_00_07,o_proj,attention,4096,4096,16777216,dense_nvfp4,8.138785233313683e-06,0.013239392742971081,0.11506256012696346,0.1593017578125,0.024793952304683294,16,global_coef_final_layer_type,final_layer_type,dense_nvfp4,output_rel_mse,0.0001147613496626666,0.029496945440769196,0.6603443026542664,0.4450205862522125,latency_model,1.969835,1.969835,True,,0.47152300000000014,0.0001147613496626666
32,model.language_model.layers.4.self_attn.o_proj,4,layers_00_07,o_proj,attention,4096,4096,16777216,sparse_bf16,4.2180159653071314e-05,0.06861462535249463,0.2619439355138703,0.60546875,0.024793952304683294,16,global_coef_final_layer_type,final_layer_type,sparse_bf16,output_rel_mse,0.00032709785782770805,0.04986100643873215,0.582720935344696,0.16407383978366852,latency_model,1.257995,1.257995,True,,1.1833630000000002,0.00032709785782770805
32,model.language_model.layers.4.self_attn.o_proj,4,layers_00_07,o_proj,attention,4096,4096,16777216,sparse_nvfp4,7.640120020369068e-05,0.12428212153709718,0.3525366953057471,0.7794189453125,0.024793952304683294,16,global_coef_final_layer_type,final_layer_type,sparse_nvfp4,output_rel_mse,0.0032014382095856488,0.20809470117092133,0.5874066352844238,0.21073496341705322,latency_model,1.8060494999999999,1.8060494999999999,True,,0.6353085000000003,0.0032014382095856488
33,model.language_model.layers.4.mlp.gate_proj,4,layers_00_07,gate_proj,mlp,11008,4096,45088768,dense_bf16,0.0,0.0,0.0,0.0,0.0,16,global_coef_final_layer_type,dense_zero,dense_bf16,output_rel_mse,0.0,,,,latency_model,6.993269319161178,6.993269319161178,True,,0.0,0.0
33,model.language_model.layers.4.mlp.gate_proj,4,layers_00_07,gate_proj,mlp,11008,4096,45088768,dense_nvfp4,0.0006062097963877022,0.01080008330119975,0.10392344923644398,0.283203125,0.23691792622534535,16,global_coef_final_layer_type,final_layer_type,dense_nvfp4,output_rel_mse,0.00010131274009333341,0.029496945440769196,0.6603443026542664,0.48160332441329956,latency_model,3.0619853161530486,3.0619853161530486,True,,3.9312840030081295,0.00010131274009333341
33,model.language_model.layers.4.mlp.gate_proj,4,layers_00_07,gate_proj,mlp,11008,4096,45088768,sparse_bf16,0.0033527142368257046,0.05973112486568605,0.24439951895551276,0.7447509765625,0.23691792622534535,16,global_coef_final_layer_type,final_layer_type,sparse_bf16,output_rel_mse,0.00030223643127115187,0.04986100643873215,0.582720935344696,0.17415039241313934,latency_model,3.3904291110950173,3.3904291110950173,True,,3.602840208066161,0.00030223643127115187
33,model.language_model.layers.4.mlp.gate_proj,4,layers_00_07,gate_proj,mlp,11008,4096,45088768,sparse_nvfp4,0.00618412671610713,0.11017486698023735,0.3319259962404833,1.0,0.23691792622534535,16,global_coef_final_layer_type,final_layer_type,sparse_nvfp4,output_rel_mse,0.002246855501515834,0.20809470117092133,0.5874066352844238,0.16683714091777802,latency_model,2.5708457841501398,2.5708457841501398,True,,4.422423535011038,0.002246855501515834
34,model.language_model.layers.4.mlp.up_proj,4,layers_00_07,up_proj,mlp,11008,4096,45088768,dense_bf16,0.0,0.0,0.0,0.0,0.0,16,global_coef_final_layer_type,dense_zero,dense_bf16,output_rel_mse,0.0,,,,latency_model,6.993269319161178,6.993269319161178,True,,0.0,0.0
34,model.language_model.layers.4.mlp.up_proj,4,layers_00_07,up_proj,mlp,11008,4096,45088768,dense_nvfp4,0.0004792025429196656,0.015593986808720076,0.12487588561736039,0.203125,0.1752996204357423,16,global_coef_final_layer_type,final_layer_type,dense_nvfp4,output_rel_mse,0.0001345370179313253,0.029496945440769196,0.6603443026542664,0.4429320991039276,latency_model,3.0619853161530486,3.0619853161530486,True,,3.9312840030081295,0.0001345370179313253
34,model.language_model.layers.4.mlp.up_proj,4,layers_00_07,up_proj,mlp,11008,4096,45088768,sparse_bf16,0.0026382619980722666,0.08585309782628461,0.29300699279417314,1.09375,0.1752996204357423,16,global_coef_final_layer_type,final_layer_type,sparse_bf16,output_rel_mse,0.00034506932327733794,0.04986100643873215,0.582720935344696,0.13833393156528473,latency_model,3.3904291110950173,3.3904291110950173,True,,3.602840208066161,0.00034506932327733794
34,model.language_model.layers.4.mlp.up_proj,4,layers_00_07,up_proj,mlp,11008,4096,45088768,sparse_nvfp4,0.004744384437799454,0.15438955704987628,0.3929243655589155,1.5625,0.1752996204357423,16,global_coef_final_layer_type,final_layer_type,sparse_nvfp4,output_rel_mse,0.0039071614146932295,0.20809470117092133,0.5874066352844238,0.2070349007844925,latency_model,2.5708457841501398,2.5708457841501398,True,,4.422423535011038,0.0039071614146932295
35,model.language_model.layers.4.mlp.down_proj,4,layers_00_07,down_proj,mlp,4096,11008,45088768,dense_bf16,0.0,0.0,0.0,0.0,0.0,16,global_coef_final_layer_type,dense_zero,dense_bf16,output_rel_mse,0.0,,,,latency_model,7.019237382643977,7.019237382643977,True,,0.0,0.0
35,model.language_model.layers.4.mlp.down_proj,4,layers_00_07,down_proj,mlp,4096,11008,45088768,dense_nvfp4,0.0001051267099683173,0.0037423871916496773,0.06117505367099956,0.4375,0.16760315030202522,16,global_coef_final_layer_type,final_layer_type,dense_nvfp4,output_rel_mse,3.24041737584134e-05,0.029496945440769196,0.6603443026542664,0.4445337653160095,latency_model,4.934856405513043,4.934856405513043,True,,2.0843809771309347,3.24041737584134e-05
35,model.language_model.layers.4.mlp.down_proj,4,layers_00_07,down_proj,mlp,4096,11008,45088768,sparse_bf16,0.00013000715989619493,0.0046281019368427136,0.06803015461427905,0.1953125,0.16760315030202522,16,global_coef_final_layer_type,final_layer_type,sparse_bf16,output_rel_mse,2.5687079324496102e-05,0.04986100643873215,0.582720935344696,0.19102497398853302,latency_model,3.4039856523906575,3.4039856523906575,True,,3.61525173025332,2.5687079324496102e-05
35,model.language_model.layers.4.mlp.down_proj,4,layers_00_07,down_proj,mlp,4096,11008,45088768,sparse_nvfp4,0.0003418680280447006,0.012170099585296657,0.11031817431999433,0.4375,0.16760315030202522,16,global_coef_final_layer_type,final_layer_type,sparse_nvfp4,output_rel_mse,0.0003768069363004537,0.20809470117092133,0.5874066352844238,0.2532939910888672,latency_model,4.5866232192169125,4.5866232192169125,True,,2.432614163427065,0.0003768069363004537
36,model.language_model.layers.5.self_attn.q_proj,5,layers_00_07,q_proj,attention,4096,4096,16777216,dense_bf16,0.0,0.0,0.0,0.0,0.0,16,global_coef_final_layer_type,dense_zero,dense_bf16,output_rel_mse,0.0,,,,latency_model,2.441358,2.441358,True,,0.0,0.0
36,model.language_model.layers.5.self_attn.q_proj,5,layers_00_07,q_proj,attention,4096,4096,16777216,dense_nvfp4,0.002437847200781107,0.0025036862732177,0.050036849153575806,0.501953125,0.9867639768358161,16,global_coef_final_layer_type,final_layer_type,dense_nvfp4,output_rel_mse,2.8839132883474192e-05,0.029496945440769196,0.6566337943077087,0.5947055816650391,latency_model,1.969835,1.969835,True,,0.47152300000000014,2.8839132883474192e-05
36,model.language_model.layers.5.self_attn.q_proj,5,layers_00_07,q_proj,attention,4096,4096,16777216,sparse_bf16,0.014132510870695114,0.014514188363291249,0.12047484535491734,1.1513671875,0.9867639768358161,16,global_coef_final_layer_type,final_layer_type,sparse_bf16,output_rel_mse,0.00014253537279001511,0.04986100643873215,0.5777932405471802,0.3408759832382202,latency_model,1.257995,1.257995,True,,1.1833630000000002,0.00014253537279001511
36,model.language_model.layers.5.self_attn.q_proj,5,layers_00_07,q_proj,attention,4096,4096,16777216,sparse_nvfp4,0.027711842209100723,0.028460257444465693,0.16870168180686787,1.75,0.9867639768358161,16,global_coef_final_layer_type,final_layer_type,sparse_nvfp4,output_rel_mse,0.0008301670573530702,0.20809470117092133,0.3317289352416992,0.422554075717926,latency_model,1.8060494999999999,1.8060494999999999,True,,0.6353085000000003,0.0008301670573530702
37,model.language_model.layers.5.self_attn.k_proj,5,layers_00_07,k_proj,attention,4096,4096,16777216,dense_bf16,0.0,0.0,0.0,0.0,0.0,16,global_coef_final_layer_type,dense_zero,dense_bf16,output_rel_mse,0.0,,,,latency_model,2.441358,2.441358,True,,0.0,0.0
37,model.language_model.layers.5.self_attn.k_proj,5,layers_00_07,k_proj,attention,4096,4096,16777216,dense_nvfp4,0.0027133901603519917,0.0017059544886449784,0.04130320191758719,0.75,1.2611664310137674,16,global_coef_final_layer_type,final_layer_type,dense_nvfp4,output_rel_mse,2.0589350849477423e-05,0.029496945440769196,0.6566337943077087,0.6231246590614319,latency_model,1.969835,1.969835,True,,0.47152300000000014,2.0589350849477423e-05
37,model.language_model.layers.5.self_attn.k_proj,5,layers_00_07,k_proj,attention,4096,4096,16777216,sparse_bf16,0.016767095774412155,0.010541757951310642,0.1026730634164124,2.375,1.2611664310137674,16,global_coef_final_layer_type,final_layer_type,sparse_bf16,output_rel_mse,0.00011699475932941559,0.04986100643873215,0.5777932405471802,0.38522979617118835,latency_model,1.257995,1.257995,True,,1.1833630000000002,0.00011699475932941559
37,model.language_model.layers.5.self_attn.k_proj,5,layers_00_07,k_proj,attention,4096,4096,16777216,sparse_nvfp4,0.034905266016721725,0.021945533712279995,0.14814025014249163,4.125,1.2611664310137674,16,global_coef_final_layer_type,final_layer_type,sparse_nvfp4,output_rel_mse,0.000458220029519098,0.20809470117092133,0.3317289352416992,0.302470862865448,latency_model,1.8060494999999999,1.8060494999999999,True,,0.6353085000000003,0.000458220029519098
38,model.language_model.layers.5.self_attn.v_proj,5,layers_00_07,v_proj,attention,4096,4096,16777216,dense_bf16,0.0,0.0,0.0,0.0,0.0,16,global_coef_final_layer_type,dense_zero,dense_bf16,output_rel_mse,0.0,,,,latency_model,2.441358,2.441358,True,,0.0,0.0
38,model.language_model.layers.5.self_attn.v_proj,5,layers_00_07,v_proj,attention,4096,4096,16777216,dense_nvfp4,0.0006953888805583119,0.017640222127448212,0.13281649794904327,0.20770263671875,0.19854632194707997,16,global_coef_final_layer_type,final_layer_type,dense_nvfp4,output_rel_mse,0.00013248340200414842,0.029496945440769196,0.6566337943077087,0.38775476813316345,latency_model,1.969835,1.969835,True,,0.47152300000000014,0.00013248340200414842
38,model.language_model.layers.5.self_attn.v_proj,5,layers_00_07,v_proj,attention,4096,4096,16777216,sparse_bf16,0.003938042093068361,0.09989796962699886,0.3160664006613149,0.50390625,0.19854632194707997,16,global_coef_final_layer_type,final_layer_type,sparse_bf16,output_rel_mse,0.00038688063306821453,0.04986100643873215,0.5777932405471802,0.13442710041999817,latency_model,1.257995,1.257995,True,,1.1833630000000002,0.00038688063306821453
38,model.language_model.layers.5.self_attn.v_proj,5,layers_00_07,v_proj,attention,4096,4096,16777216,sparse_nvfp4,0.007052256725728512,0.17889756166615856,0.4229628372164138,0.75,0.19854632194707997,16,global_coef_final_layer_type,final_layer_type,sparse_nvfp4,output_rel_mse,0.009425925824026628,0.20809470117092133,0.3317289352416992,0.7632647752761841,latency_model,1.8060494999999999,1.8060494999999999,True,,0.6353085000000003,0.009425925824026628
39,model.language_model.layers.5.self_attn.o_proj,5,layers_00_07,o_proj,attention,4096,4096,16777216,dense_bf16,0.0,0.0,0.0,0.0,0.0,16,global_coef_final_layer_type,dense_zero,dense_bf16,output_rel_mse,0.0,,,,latency_model,2.441358,2.441358,True,,0.0,0.0
39,model.language_model.layers.5.self_attn.o_proj,5,layers_00_07,o_proj,attention,4096,4096,16777216,dense_nvfp4,1.3031174603383988e-05,0.013028281653689628,0.11414149838551108,0.1484375,0.03162628734954793,16,global_coef_final_layer_type,final_layer_type,dense_nvfp4,output_rel_mse,0.0001122968348576491,0.029496945440769196,0.6566337943077087,0.4450205862522125,latency_model,1.969835,1.969835,True,,0.47152300000000014,0.0001122968348576491
39,model.language_model.layers.5.self_attn.o_proj,5,layers_00_07,o_proj,attention,4096,4096,16777216,sparse_bf16,6.28638663329184e-05,0.06284991041501926,0.250698844063987,0.3486328125,0.03162628734954793,16,global_coef_final_layer_type,final_layer_type,sparse_bf16,output_rel_mse,0.0002970827956895178,0.04986100643873215,0.5777932405471802,0.16407383978366852,latency_model,1.257995,1.257995,True,,1.1833630000000002,0.0002970827956895178
39,model.language_model.layers.5.self_attn.o_proj,5,layers_00_07,o_proj,attention,4096,4096,16777216,sparse_nvfp4,0.00011912726040463895,0.11910081388833733,0.3451098577095956,0.439453125,0.03162628734954793,16,global_coef_final_layer_type,final_layer_type,sparse_nvfp4,output_rel_mse,0.0017325895947997573,0.20809470117092133,0.3317289352416992,0.21073496341705322,latency_model,1.8060494999999999,1.8060494999999999,True,,0.6353085000000003,0.0017325895947997573
40,model.language_model.layers.5.mlp.gate_proj,5,layers_00_07,gate_proj,mlp,11008,4096,45088768,dense_bf16,0.0,0.0,0.0,0.0,0.0,16,global_coef_final_layer_type,dense_zero,dense_bf16,output_rel_mse,0.0,,,,latency_model,6.993269319161178,6.993269319161178,True,,0.0,0.0
40,model.language_model.layers.5.mlp.gate_proj,5,layers_00_07,gate_proj,mlp,11008,4096,45088768,dense_nvfp4,0.0006507546058855951,0.008536323135243698,0.09239222443065054,0.314453125,0.2761043201575537,16,global_coef_final_layer_type,final_layer_type,dense_nvfp4,output_rel_mse,7.962704478153794e-05,0.029496945440769196,0.6566337943077087,0.48160332441329956,latency_model,3.0619853161530486,3.0619853161530486,True,,3.9312840030081295,7.962704478153794e-05
40,model.language_model.layers.5.mlp.gate_proj,5,layers_00_07,gate_proj,mlp,11008,4096,45088768,sparse_bf16,0.0039174193516373634,0.05138704688278814,0.22668711229972502,0.875,0.2761043201575537,16,global_coef_final_layer_type,final_layer_type,sparse_bf16,output_rel_mse,0.00025781703823558817,0.04986100643873215,0.5777932405471802,0.17415039241313934,latency_model,3.3904291110950173,3.3904291110950173,True,,3.602840208066161,0.00025781703823558817
40,model.language_model.layers.5.mlp.gate_proj,5,layers_00_07,gate_proj,mlp,11008,4096,45088768,sparse_nvfp4,0.0073135592974722385,0.09593617143443545,0.3097356476649652,1.099609375,0.2761043201575537,16,global_coef_final_layer_type,final_layer_type,sparse_nvfp4,output_rel_mse,0.001104891157925011,0.20809470117092133,0.3317289352416992,0.16683714091777802,latency_model,2.5708457841501398,2.5708457841501398,True,,4.422423535011038,0.001104891157925011
41,model.language_model.layers.5.mlp.up_proj,5,layers_00_07,up_proj,mlp,11008,4096,45088768,dense_bf16,0.0,0.0,0.0,0.0,0.0,16,global_coef_final_layer_type,dense_zero,dense_bf16,output_rel_mse,0.0,,,,latency_model,6.993269319161178,6.993269319161178,True,,0.0,0.0
41,model.language_model.layers.5.mlp.up_proj,5,layers_00_07,up_proj,mlp,11008,4096,45088768,dense_nvfp4,0.0004975164192728698,0.014850329409526398,0.12186192764570236,0.1668701171875,0.18303564138942688,16,global_coef_final_layer_type,final_layer_type,dense_nvfp4,output_rel_mse,0.00012740119953804139,0.029496945440769196,0.6566337943077087,0.4429320991039276,latency_model,3.0619853161530486,3.0619853161530486,True,,3.9312840030081295,0.00012740119953804139
41,model.language_model.layers.5.mlp.up_proj,5,layers_00_07,up_proj,mlp,11008,4096,45088768,sparse_bf16,0.002986801555380225,0.08915281035972208,0.29858467870894195,0.435546875,0.18303564138942688,16,global_coef_final_layer_type,final_layer_type,sparse_bf16,output_rel_mse,0.0003553016753975511,0.04986100643873215,0.5777932405471802,0.13833393156528473,latency_model,3.3904291110950173,3.3904291110950173,True,,3.602840208066161,0.0003553016753975511
41,model.language_model.layers.5.mlp.up_proj,5,layers_00_07,up_proj,mlp,11008,4096,45088768,sparse_nvfp4,0.005300022661685944,0.1581999695990398,0.3977435978102474,0.71875,0.18303564138942688,16,global_coef_final_layer_type,final_layer_type,sparse_nvfp4,output_rel_mse,0.0022609675781571073,0.20809470117092133,0.3317289352416992,0.2070349007844925,latency_model,2.5708457841501398,2.5708457841501398,True,,4.422423535011038,0.0022609675781571073
42,model.language_model.layers.5.mlp.down_proj,5,layers_00_07,down_proj,mlp,4096,11008,45088768,dense_bf16,0.0,0.0,0.0,0.0,0.0,16,global_coef_final_layer_type,dense_zero,dense_bf16,output_rel_mse,0.0,,,,latency_model,7.019237382643977,7.019237382643977,True,,0.0,0.0
42,model.language_model.layers.5.mlp.down_proj,5,layers_00_07,down_proj,mlp,4096,11008,45088768,dense_nvfp4,3.6552155506797135e-05,0.010970895597590112,0.1047420431230464,0.1015625,0.057721213813804434,16,global_coef_final_layer_type,final_layer_type,dense_nvfp4,output_rel_mse,9.445981954956222e-05,0.029496945440769196,0.6566337943077087,0.4445337653160095,latency_model,4.934856405513043,4.934856405513043,True,,2.0843809771309347,9.445981954956222e-05
42,model.language_model.layers.5.mlp.down_proj,5,layers_00_07,down_proj,mlp,4096,11008,45088768,sparse_bf16,0.00018891965737566352,0.056703026365038336,0.23812397268027916,0.21875,0.057721213813804434,16,global_coef_final_layer_type,final_layer_type,sparse_bf16,output_rel_mse,0.00031205409441037,0.04986100643873215,0.5777932405471802,0.19102497398853302,latency_model,3.4039856523906575,3.4039856523906575,True,,3.61525173025332,0.00031205409441037
42,model.language_model.layers.5.mlp.down_proj,5,layers_00_07,down_proj,mlp,4096,11008,45088768,sparse_nvfp4,0.0003574684087652713,0.10729185564093971,0.3275543552464838,0.328125,0.057721213813804434,16,global_coef_final_layer_type,final_layer_type,sparse_nvfp4,output_rel_mse,0.001876013762843733,0.20809470117092133,0.3317289352416992,0.2532939910888672,latency_model,4.5866232192169125,4.5866232192169125,True,,2.432614163427065,0.001876013762843733
43,model.language_model.layers.6.self_attn.q_proj,6,layers_00_07,q_proj,attention,4096,4096,16777216,dense_bf16,0.0,0.0,0.0,0.0,0.0,16,global_coef_final_layer_type,dense_zero,dense_bf16,output_rel_mse,0.0,,,,latency_model,2.441358,2.441358,True,,0.0,0.0
43,model.language_model.layers.6.self_attn.q_proj,6,layers_00_07,q_proj,attention,4096,4096,16777216,dense_nvfp4,0.003323549870401621,0.0030812223885909274,0.055508759566314646,0.734375,1.0385790969597763,16,global_coef_final_layer_type,final_layer_type,dense_nvfp4,output_rel_mse,3.519985710414487e-05,0.029496945440769196,0.6512365937232971,0.5947055816650391,latency_model,1.969835,1.969835,True,,0.47152300000000014,3.519985710414487e-05
43,model.language_model.layers.6.self_attn.q_proj,6,layers_00_07,q_proj,attention,4096,4096,16777216,sparse_bf16,0.01949984021484852,0.018078063091220127,0.13445468787372244,1.8125,1.0385790969597763,16,global_coef_final_layer_type,final_layer_type,sparse_bf16,output_rel_mse,0.00017556845492666957,0.04986100643873215,0.5713959336280823,0.3408759832382202,latency_model,1.257995,1.257995,True,,1.1833630000000002,0.00017556845492666957
43,model.language_model.layers.6.self_attn.q_proj,6,layers_00_07,q_proj,attention,4096,4096,16777216,sparse_nvfp4,0.03788591921329498,0.03512357179651567,0.18741283786474094,2.5,1.0385790969597763,16,global_coef_final_layer_type,final_layer_type,sparse_nvfp4,output_rel_mse,0.0013756355499083867,0.20809470117092133,0.44541147351264954,0.422554075717926,latency_model,1.8060494999999999,1.8060494999999999,True,,0.6353085000000003,0.0013756355499083867
44,model.language_model.layers.6.self_attn.k_proj,6,layers_00_07,k_proj,attention,4096,4096,16777216,dense_bf16,0.0,0.0,0.0,0.0,0.0,16,global_coef_final_layer_type,dense_zero,dense_bf16,output_rel_mse,0.0,,,,latency_model,2.441358,2.441358,True,,0.0,0.0
44,model.language_model.layers.6.self_attn.k_proj,6,layers_00_07,k_proj,attention,4096,4096,16777216,dense_nvfp4,0.0034743682481348515,0.002195961532151329,0.04686108761169899,0.732421875,1.2578404583400413,16,global_coef_final_layer_type,final_layer_type,dense_nvfp4,output_rel_mse,2.628545548624238e-05,0.029496945440769196,0.6512365937232971,0.6231246590614319,latency_model,1.969835,1.969835,True,,0.47152300000000014,2.628545548624238e-05
44,model.language_model.layers.6.self_attn.k_proj,6,layers_00_07,k_proj,attention,4096,4096,16777216,sparse_bf16,0.02184329181909561,0.013805971372217084,0.11749881434387789,2.0,1.2578404583400413,16,global_coef_final_layer_type,final_layer_type,sparse_bf16,output_rel_mse,0.00015152525558555883,0.04986100643873215,0.5713959336280823,0.38522979617118835,latency_model,1.257995,1.257995,True,,1.1833630000000002,0.00015152525558555883
44,model.language_model.layers.6.self_attn.k_proj,6,layers_00_07,k_proj,attention,4096,4096,16777216,sparse_nvfp4,0.0449630469083786,0.028418726607958234,0.16857854729460162,3.375,1.2578404583400413,16,global_coef_final_layer_type,final_layer_type,sparse_nvfp4,output_rel_mse,0.0007967289187704042,0.20809470117092133,0.44541147351264954,0.302470862865448,latency_model,1.8060494999999999,1.8060494999999999,True,,0.6353085000000003,0.0007967289187704042
45,model.language_model.layers.6.self_attn.v_proj,6,layers_00_07,v_proj,attention,4096,4096,16777216,dense_bf16,0.0,0.0,0.0,0.0,0.0,16,global_coef_final_layer_type,dense_zero,dense_bf16,output_rel_mse,0.0,,,,latency_model,2.441358,2.441358,True,,0.0,0.0
45,model.language_model.layers.6.self_attn.v_proj,6,layers_00_07,v_proj,attention,4096,4096,16777216,dense_nvfp4,0.0009029906941577792,0.016242606487883313,0.1274464848000262,0.249755859375,0.2357836986235116,16,global_coef_final_layer_type,final_layer_type,dense_nvfp4,output_rel_mse,0.00012098421491351651,0.029496945440769196,0.6512365937232971,0.38775476813316345,latency_model,1.969835,1.969835,True,,0.47152300000000014,0.00012098421491351651
45,model.language_model.layers.6.self_attn.v_proj,6,layers_00_07,v_proj,attention,4096,4096,16777216,sparse_bf16,0.005287645384669304,0.09511188076058869,0.3084021413035076,0.65625,0.2357836986235116,16,global_coef_final_layer_type,final_layer_type,sparse_bf16,output_rel_mse,0.00036426696427669427,0.04986100643873215,0.5713959336280823,0.13442710041999817,latency_model,1.257995,1.257995,True,,1.1833630000000002,0.00036426696427669427
45,model.language_model.layers.6.self_attn.v_proj,6,layers_00_07,v_proj,attention,4096,4096,16777216,sparse_nvfp4,0.009420459158718586,0.16945114943067888,0.4116444454024357,1.15625,0.2357836986235116,16,global_coef_final_layer_type,final_layer_type,sparse_nvfp4,output_rel_mse,0.011987873760052583,0.20809470117092133,0.44541147351264954,0.7632647752761841,latency_model,1.8060494999999999,1.8060494999999999,True,,0.6353085000000003,0.011987873760052583
46,model.language_model.layers.6.self_attn.o_proj,6,layers_00_07,o_proj,attention,4096,4096,16777216,dense_bf16,0.0,0.0,0.0,0.0,0.0,16,global_coef_final_layer_type,dense_zero,dense_bf16,output_rel_mse,0.0,,,,latency_model,2.441358,2.441358,True,,0.0,0.0
46,model.language_model.layers.6.self_attn.o_proj,6,layers_00_07,o_proj,attention,4096,4096,16777216,dense_nvfp4,1.7895847122417763e-05,0.013112327630267607,0.11450907226184136,0.24609375,0.03694334659883751,16,global_coef_final_layer_type,final_layer_type,dense_nvfp4,output_rel_mse,0.00011209228817597925,0.029496945440769196,0.6512365937232971,0.4450205862522125,latency_model,1.969835,1.969835,True,,0.47152300000000014,0.00011209228817597925
46,model.language_model.layers.6.self_attn.o_proj,6,layers_00_07,o_proj,attention,4096,4096,16777216,sparse_bf16,7.871184789109975e-05,0.0576723488344401,0.2401506794378065,0.4560546875,0.03694334659883751,16,global_coef_final_layer_type,final_layer_type,sparse_bf16,output_rel_mse,0.0002695908618479703,0.04986100643873215,0.5713959336280823,0.16407383978366852,latency_model,1.257995,1.257995,True,,1.1833630000000002,0.0002695908618479703
46,model.language_model.layers.6.self_attn.o_proj,6,layers_00_07,o_proj,attention,4096,4096,16777216,sparse_nvfp4,0.00015380396507680416,0.11269251280063625,0.3356970550967587,0.638916015625,0.03694334659883751,16,global_coef_final_layer_type,final_layer_type,sparse_nvfp4,output_rel_mse,0.0022011725115311754,0.20809470117092133,0.44541147351264954,0.21073496341705322,latency_model,1.8060494999999999,1.8060494999999999,True,,0.6353085000000003,0.0022011725115311754
47,model.language_model.layers.6.mlp.gate_proj,6,layers_00_07,gate_proj,mlp,11008,4096,45088768,dense_bf16,0.0,0.0,0.0,0.0,0.0,16,global_coef_final_layer_type,dense_zero,dense_bf16,output_rel_mse,0.0,,,,latency_model,6.993269319161178,6.993269319161178,True,,0.0,0.0
47,model.language_model.layers.6.mlp.gate_proj,6,layers_00_07,gate_proj,mlp,11008,4096,45088768,dense_nvfp4,0.0007698362460359931,0.008100912437487354,0.09000506895440587,0.37890625,0.3082706715837162,16,global_coef_final_layer_type,final_layer_type,dense_nvfp4,output_rel_mse,7.494441173045792e-05,0.029496945440769196,0.6512365937232971,0.48160332441329956,latency_model,3.0619853161530486,3.0619853161530486,True,,3.9312840030081295,7.494441173045792e-05
47,model.language_model.layers.6.mlp.gate_proj,6,layers_00_07,gate_proj,mlp,11008,4096,45088768,sparse_bf16,0.004702060017734766,0.049479323265975005,0.2224394822552305,0.873046875,0.3082706715837162,16,global_coef_final_layer_type,final_layer_type,sparse_bf16,output_rel_mse,0.00024549711585253754,0.04986100643873215,0.5713959336280823,0.17415039241313934,latency_model,3.3904291110950173,3.3904291110950173,True,,3.602840208066161,0.00024549711585253754
47,model.language_model.layers.6.mlp.gate_proj,6,layers_00_07,gate_proj,mlp,11008,4096,45088768,sparse_nvfp4,0.00865186657756567,0.09104275607517441,0.301732921762234,1.34375,0.3082706715837162,16,global_coef_final_layer_type,final_layer_type,sparse_nvfp4,output_rel_mse,0.0014078635230781109,0.20809470117092133,0.44541147351264954,0.16683714091777802,latency_model,2.5708457841501398,2.5708457841501398,True,,4.422423535011038,0.0014078635230781109
48,model.language_model.layers.6.mlp.up_proj,6,layers_00_07,up_proj,mlp,11008,4096,45088768,dense_bf16,0.0,0.0,0.0,0.0,0.0,16,global_coef_final_layer_type,dense_zero,dense_bf16,output_rel_mse,0.0,,,,latency_model,6.993269319161178,6.993269319161178,True,,0.0,0.0
48,model.language_model.layers.6.mlp.up_proj,6,layers_00_07,up_proj,mlp,11008,4096,45088768,dense_nvfp4,0.0005626562633551657,0.014708385035448775,0.12127813090350946,0.17718505859375,0.19558659394376718,16,global_coef_final_layer_type,final_layer_type,dense_nvfp4,output_rel_mse,0.00012514629186518837,0.029496945440769196,0.6512365937232971,0.4429320991039276,latency_model,3.0619853161530486,3.0619853161530486,True,,3.9312840030081295,0.00012514629186518837
48,model.language_model.layers.6.mlp.up_proj,6,layers_00_07,up_proj,mlp,11008,4096,45088768,sparse_bf16,0.003442475339397788,0.08998967231781907,0.29998278670253575,0.4677734375,0.19558659394376718,16,global_coef_final_layer_type,final_layer_type,sparse_bf16,output_rel_mse,0.00035466601588767595,0.04986100643873215,0.5713959336280823,0.13833393156528473,latency_model,3.3904291110950173,3.3904291110950173,True,,3.602840208066161,0.00035466601588767595
48,model.language_model.layers.6.mlp.up_proj,6,layers_00_07,up_proj,mlp,11008,4096,45088768,sparse_nvfp4,0.006088800262659788,0.1591671940753125,0.39895763443668114,0.71875,0.19558659394376718,16,global_coef_final_layer_type,final_layer_type,sparse_nvfp4,output_rel_mse,0.003054355224165171,0.20809470117092133,0.44541147351264954,0.2070349007844925,latency_model,2.5708457841501398,2.5708457841501398,True,,4.422423535011038,0.003054355224165171
49,model.language_model.layers.6.mlp.down_proj,6,layers_00_07,down_proj,mlp,4096,11008,45088768,dense_bf16,0.0,0.0,0.0,0.0,0.0,16,global_coef_final_layer_type,dense_zero,dense_bf16,output_rel_mse,0.0,,,,latency_model,7.019237382643977,7.019237382643977,True,,0.0,0.0
49,model.language_model.layers.6.mlp.down_proj,6,layers_00_07,down_proj,mlp,4096,11008,45088768,dense_nvfp4,4.93449333589524e-05,0.011975811090658076,0.10943404904625469,0.40625,0.06419021274030715,16,global_coef_final_layer_type,final_layer_type,dense_nvfp4,output_rel_mse,0.00010226464893979224,0.029496945440769196,0.6512365937232971,0.4445337653160095,latency_model,4.934856405513043,4.934856405513043,True,,2.0843809771309347,0.00010226464893979224
49,model.language_model.layers.6.mlp.down_proj,6,layers_00_07,down_proj,mlp,4096,11008,45088768,sparse_bf16,0.0002483991556800902,0.06028544697515589,0.24553094911875345,0.2109375,0.06419021274030715,16,global_coef_final_layer_type,final_layer_type,sparse_bf16,output_rel_mse,0.00032809591281607737,0.04986100643873215,0.5713959336280823,0.19102497398853302,latency_model,3.4039856523906575,3.4039856523906575,True,,3.61525173025332,0.00032809591281607737
49,model.language_model.layers.6.mlp.down_proj,6,layers_00_07,down_proj,mlp,4096,11008,45088768,sparse_nvfp4,0.0004703979648184031,0.1141636391139878,0.33788110203737026,0.3984375,0.06419021274030715,16,global_coef_final_layer_type,final_layer_type,sparse_nvfp4,output_rel_mse,0.0026802488158106544,0.20809470117092133,0.44541147351264954,0.2532939910888672,latency_model,4.5866232192169125,4.5866232192169125,True,,2.432614163427065,0.0026802488158106544
50,model.language_model.layers.7.self_attn.q_proj,7,layers_00_07,q_proj,attention,4096,4096,16777216,dense_bf16,0.0,0.0,0.0,0.0,0.0,16,global_coef_final_layer_type,dense_zero,dense_bf16,output_rel_mse,0.0,,,,latency_model,2.441358,2.441358,True,,0.0,0.0
50,model.language_model.layers.7.self_attn.q_proj,7,layers_00_07,q_proj,attention,4096,4096,16777216,dense_nvfp4,0.003636295674368739,0.0035085305115955864,0.05923284993646335,0.75,1.0180449778545222,16,global_coef_final_layer_type,final_layer_type,dense_nvfp4,output_rel_mse,4.042826001763884e-05,0.029496945440769196,0.6568719744682312,0.5947055816650391,latency_model,1.969835,1.969835,True,,0.47152300000000014,4.042826001763884e-05
50,model.language_model.layers.7.self_attn.q_proj,7,layers_00_07,q_proj,attention,4096,4096,16777216,sparse_bf16,0.020831167697906494,0.020099242197337868,0.14177179619846067,2.046875,1.0180449778545222,16,global_coef_final_layer_type,final_layer_type,sparse_bf16,output_rel_mse,0.0001878951395909061,0.04986100643873215,0.5500199198722839,0.3408759832382202,latency_model,1.257995,1.257995,True,,1.1833630000000002,0.0001878951395909061
50,model.language_model.layers.7.self_attn.q_proj,7,layers_00_07,q_proj,attention,4096,4096,16777216,sparse_nvfp4,0.04002811759710312,0.038621686597460986,0.19652401023147525,3.25,1.0180449778545222,16,global_coef_final_layer_type,final_layer_type,sparse_nvfp4,output_rel_mse,0.002140454681248919,0.20809470117092133,0.6302770376205444,0.422554075717926,latency_model,1.8060494999999999,1.8060494999999999,True,,0.6353085000000003,0.002140454681248919
51,model.language_model.layers.7.self_attn.k_proj,7,layers_00_07,k_proj,attention,4096,4096,16777216,dense_bf16,0.0,0.0,0.0,0.0,0.0,16,global_coef_final_layer_type,dense_zero,dense_bf16,output_rel_mse,0.0,,,,latency_model,2.441358,2.441358,True,,0.0,0.0
51,model.language_model.layers.7.self_attn.k_proj,7,layers_00_07,k_proj,attention,4096,4096,16777216,dense_nvfp4,0.003680563298985362,0.0024231524362451767,0.04922552626681788,0.703125,1.232442816361429,16,global_coef_final_layer_type,final_layer_type,dense_nvfp4,output_rel_mse,2.9255899245074522e-05,0.029496945440769196,0.6568719744682312,0.6231246590614319,latency_model,1.969835,1.969835,True,,0.47152300000000014,2.9255899245074522e-05
51,model.language_model.layers.7.self_attn.k_proj,7,layers_00_07,k_proj,attention,4096,4096,16777216,sparse_bf16,0.022156011313199997,0.014586732635696422,0.12077554651375592,1.8125,1.232442816361429,16,global_coef_final_layer_type,final_layer_type,sparse_bf16,output_rel_mse,0.0001541052209670267,0.04986100643873215,0.5500199198722839,0.38522979617118835,latency_model,1.257995,1.257995,True,,1.1833630000000002,0.0001541052209670267
51,model.language_model.layers.7.self_attn.k_proj,7,layers_00_07,k_proj,attention,4096,4096,16777216,sparse_nvfp4,0.044835563749074936,0.02951814619217311,0.17180845785983037,3.0,1.232442816361429,16,global_coef_final_layer_type,final_layer_type,sparse_nvfp4,output_rel_mse,0.0011710222078924627,0.20809470117092133,0.6302770376205444,0.302470862865448,latency_model,1.8060494999999999,1.8060494999999999,True,,0.6353085000000003,0.0011710222078924627
52,model.language_model.layers.7.self_attn.v_proj,7,layers_00_07,v_proj,attention,4096,4096,16777216,dense_bf16,0.0,0.0,0.0,0.0,0.0,16,global_coef_final_layer_type,dense_zero,dense_bf16,output_rel_mse,0.0,,,,latency_model,2.441358,2.441358,True,,0.0,0.0
52,model.language_model.layers.7.self_attn.v_proj,7,layers_00_07,v_proj,attention,4096,4096,16777216,dense_nvfp4,0.0010235115187242627,0.016478899848560286,0.12837016728414857,0.2890625,0.2492196376031358,16,global_coef_final_layer_type,final_layer_type,dense_nvfp4,output_rel_mse,0.00012380641244407663,0.029496945440769196,0.6568719744682312,0.38775476813316345,latency_model,1.969835,1.969835,True,,0.47152300000000014,0.00012380641244407663
52,model.language_model.layers.7.self_attn.v_proj,7,layers_00_07,v_proj,attention,4096,4096,16777216,sparse_bf16,0.005830351263284683,0.09387073109773071,0.3063833074724057,0.669921875,0.2492196376031358,16,global_coef_final_layer_type,final_layer_type,sparse_bf16,output_rel_mse,0.00034606405336569943,0.04986100643873215,0.5500199198722839,0.13442710041999817,latency_model,1.257995,1.257995,True,,1.1833630000000002,0.00034606405336569943
52,model.language_model.layers.7.self_attn.v_proj,7,layers_00_07,v_proj,attention,4096,4096,16777216,sparse_nvfp4,0.010429047979414463,0.16791138548475915,0.4097699177401376,0.8564453125,0.2492196376031358,16,global_coef_final_layer_type,final_layer_type,sparse_nvfp4,output_rel_mse,0.016809232027164545,0.20809470117092133,0.6302770376205444,0.7632647752761841,latency_model,1.8060494999999999,1.8060494999999999,True,,0.6353085000000003,0.016809232027164545
53,model.language_model.layers.7.self_attn.o_proj,7,layers_00_07,o_proj,attention,4096,4096,16777216,dense_bf16,0.0,0.0,0.0,0.0,0.0,16,global_coef_final_layer_type,dense_zero,dense_bf16,output_rel_mse,0.0,,,,latency_model,2.441358,2.441358,True,,0.0,0.0
53,model.language_model.layers.7.self_attn.o_proj,7,layers_00_07,o_proj,attention,4096,4096,16777216,dense_nvfp4,2.396380659774877e-05,0.015026246883211703,0.12258159275850393,0.21875,0.03993490383037002,16,global_coef_final_layer_type,final_layer_type,dense_nvfp4,output_rel_mse,0.00012956520887797118,0.029496945440769196,0.6568719744682312,0.4450205862522125,latency_model,1.969835,1.969835,True,,0.47152300000000014,0.00012956520887797118
53,model.language_model.layers.7.self_attn.o_proj,7,layers_00_07,o_proj,attention,4096,4096,16777216,sparse_bf16,0.00012050522491335869,0.07556150367342672,0.2748845278902156,0.5859375,0.03993490383037002,16,global_coef_final_layer_type,final_layer_type,sparse_bf16,output_rel_mse,0.0003400003723119191,0.04986100643873215,0.5500199198722839,0.16407383978366852,latency_model,1.257995,1.257995,True,,1.1833630000000002,0.0003400003723119191
53,model.language_model.layers.7.self_attn.o_proj,7,layers_00_07,o_proj,attention,4096,4096,16777216,sparse_nvfp4,0.00022274485672824085,0.13966976387960814,0.37372418155587434,0.6875,0.03993490383037002,16,global_coef_final_layer_type,final_layer_type,sparse_nvfp4,output_rel_mse,0.0038603928439606473,0.20809470117092133,0.6302770376205444,0.21073496341705322,latency_model,1.8060494999999999,1.8060494999999999,True,,0.6353085000000003,0.0038603928439606473
54,model.language_model.layers.7.mlp.gate_proj,7,layers_00_07,gate_proj,mlp,11008,4096,45088768,dense_bf16,0.0,0.0,0.0,0.0,0.0,16,global_coef_final_layer_type,dense_zero,dense_bf16,output_rel_mse,0.0,,,,latency_model,6.993269319161178,6.993269319161178,True,,0.0,0.0
54,model.language_model.layers.7.mlp.gate_proj,7,layers_00_07,gate_proj,mlp,11008,4096,45088768,dense_nvfp4,0.0008625260088592768,0.007726484556178727,0.0879004240955567,0.412109375,0.3341143505762627,16,global_coef_final_layer_type,final_layer_type,dense_nvfp4,output_rel_mse,7.20989923173832e-05,0.029496945440769196,0.6568719744682312,0.48160332441329956,latency_model,3.0619853161530486,3.0619853161530486,True,,3.9312840030081295,7.20989923173832e-05
54,model.language_model.layers.7.mlp.gate_proj,7,layers_00_07,gate_proj,mlp,11008,4096,45088768,sparse_bf16,0.0052362484857439995,0.04690617168857576,0.2165783269133266,0.921875,0.3341143505762627,16,global_coef_final_layer_type,final_layer_type,sparse_bf16,output_rel_mse,0.0002240236687101697,0.04986100643873215,0.5500199198722839,0.17415039241313934,latency_model,3.3904291110950173,3.3904291110950173,True,,3.602840208066161,0.0002240236687101697
54,model.language_model.layers.7.mlp.gate_proj,7,layers_00_07,gate_proj,mlp,11008,4096,45088768,sparse_nvfp4,0.009643588215112686,0.08638700125548561,0.2939166569888233,1.603515625,0.3341143505762627,16,global_coef_final_layer_type,final_layer_type,sparse_nvfp4,output_rel_mse,0.001890312665334942,0.20809470117092133,0.6302770376205444,0.16683714091777802,latency_model,2.5708457841501398,2.5708457841501398,True,,4.422423535011038,0.001890312665334942
55,model.language_model.layers.7.mlp.up_proj,7,layers_00_07,up_proj,mlp,11008,4096,45088768,dense_bf16,0.0,0.0,0.0,0.0,0.0,16,global_coef_final_layer_type,dense_zero,dense_bf16,output_rel_mse,0.0,,,,latency_model,6.993269319161178,6.993269319161178,True,,0.0,0.0
55,model.language_model.layers.7.mlp.up_proj,7,layers_00_07,up_proj,mlp,11008,4096,45088768,dense_nvfp4,0.000635386910289526,0.01452935133778606,0.12053775897114588,0.21875,0.20912021607207415,16,global_coef_final_layer_type,final_layer_type,dense_nvfp4,output_rel_mse,0.00012469273710852128,0.029496945440769196,0.6568719744682312,0.4429320991039276,latency_model,3.0619853161530486,3.0619853161530486,True,,3.9312840030081295,0.00012469273710852128
55,model.language_model.layers.7.mlp.up_proj,7,layers_00_07,up_proj,mlp,11008,4096,45088768,sparse_bf16,0.003926979377865791,0.0897979831710001,0.29966311613376795,0.53125,0.20912021607207415,16,global_coef_final_layer_type,final_layer_type,sparse_bf16,output_rel_mse,0.0003406706833897844,0.04986100643873215,0.5500199198722839,0.13833393156528473,latency_model,3.3904291110950173,3.3904291110950173,True,,3.602840208066161,0.0003406706833897844
55,model.language_model.layers.7.mlp.up_proj,7,layers_00_07,up_proj,mlp,11008,4096,45088768,sparse_nvfp4,0.006863419432193041,0.1569453677657304,0.39616330946432987,1.0,0.20912021607207415,16,global_coef_final_layer_type,final_layer_type,sparse_nvfp4,output_rel_mse,0.004261716651158911,0.20809470117092133,0.6302770376205444,0.2070349007844925,latency_model,2.5708457841501398,2.5708457841501398,True,,4.422423535011038,0.004261716651158911
56,model.language_model.layers.7.mlp.down_proj,7,layers_00_07,down_proj,mlp,4096,11008,45088768,dense_bf16,0.0,0.0,0.0,0.0,0.0,16,global_coef_final_layer_type,dense_zero,dense_bf16,output_rel_mse,0.0,,,,latency_model,7.019237382643977,7.019237382643977,True,,0.0,0.0
56,model.language_model.layers.7.mlp.down_proj,7,layers_00_07,down_proj,mlp,4096,11008,45088768,dense_nvfp4,6.648683483945206e-05,0.012693400321576996,0.11266499155273121,0.28125,0.07237337752423557,16,global_coef_final_layer_type,final_layer_type,dense_nvfp4,output_rel_mse,0.00010933029224794004,0.029496945440769196,0.6568719744682312,0.4445337653160095,latency_model,4.934856405513043,4.934856405513043,True,,2.0843809771309347,0.00010933029224794004
56,model.language_model.layers.7.mlp.down_proj,7,layers_00_07,down_proj,mlp,4096,11008,45088768,sparse_bf16,0.0003336190711706877,0.06369321739421106,0.2523751520934877,0.3046875,0.07237337752423557,16,global_coef_final_layer_type,final_layer_type,sparse_bf16,output_rel_mse,0.000333674328755943,0.04986100643873215,0.5500199198722839,0.19102497398853302,latency_model,3.4039856523906575,3.4039856523906575,True,,3.61525173025332,0.000333674328755943
56,model.language_model.layers.7.mlp.down_proj,7,layers_00_07,down_proj,mlp,4096,11008,45088768,sparse_nvfp4,0.0006310706376098096,0.12048147958490146,0.34710442173055284,0.4609375,0.07237337752423557,16,global_coef_final_layer_type,final_layer_type,sparse_nvfp4,output_rel_mse,0.004002558482037505,0.20809470117092133,0.6302770376205444,0.2532939910888672,latency_model,4.5866232192169125,4.5866232192169125,True,,2.432614163427065,0.004002558482037505
57,model.language_model.layers.8.self_attn.q_proj,8,layers_08_15,q_proj,attention,4096,4096,16777216,dense_bf16,0.0,0.0,0.0,0.0,0.0,16,global_coef_final_layer_type,dense_zero,dense_bf16,output_rel_mse,0.0,,,,latency_model,2.441358,2.441358,True,,0.0,0.0
57,model.language_model.layers.8.self_attn.q_proj,8,layers_08_15,q_proj,attention,4096,4096,16777216,dense_nvfp4,0.003692686092108488,0.0035151543317943432,0.059288736972500464,0.853515625,1.0249413078065701,16,global_coef_final_layer_type,final_layer_type,dense_nvfp4,output_rel_mse,3.996956227485927e-05,0.029496945440769196,0.6481953859329224,0.5947055816650391,latency_model,1.969835,1.969835,True,,0.47152300000000014,3.996956227485927e-05
57,model.language_model.layers.8.self_attn.q_proj,8,layers_08_15,q_proj,attention,4096,4096,16777216,sparse_bf16,0.02034110017120838,0.01936316941022701,0.1391516058485385,2.4375,1.0249413078065701,16,global_coef_final_layer_type,final_layer_type,sparse_bf16,output_rel_mse,0.0001865567033778969,0.04986100643873215,0.5668615102767944,0.3408759832382202,latency_model,1.257995,1.257995,True,,1.1833630000000002,0.0001865567033778969
57,model.language_model.layers.8.self_attn.q_proj,8,layers_08_15,q_proj,attention,4096,4096,16777216,sparse_nvfp4,0.04000576585531235,0.03808242499777583,0.19514718803450853,3.375,1.0249413078065701,16,global_coef_final_layer_type,final_layer_type,sparse_nvfp4,output_rel_mse,0.0013125253719845878,0.20809470117092133,0.39195823669433594,0.422554075717926,latency_model,1.8060494999999999,1.8060494999999999,True,,0.6353085000000003,0.0013125253719845878
58,model.language_model.layers.8.self_attn.k_proj,8,layers_08_15,k_proj,attention,4096,4096,16777216,dense_bf16,0.0,0.0,0.0,0.0,0.0,16,global_coef_final_layer_type,dense_zero,dense_bf16,output_rel_mse,0.0,,,,latency_model,2.441358,2.441358,True,,0.0,0.0
58,model.language_model.layers.8.self_attn.k_proj,8,layers_08_15,k_proj,attention,4096,4096,16777216,dense_nvfp4,0.0038729829248040915,0.0023513482045268807,0.048490702248233944,0.75,1.2834067451650533,16,global_coef_final_layer_type,final_layer_type,dense_nvfp4,output_rel_mse,2.8013983306621902e-05,0.029496945440769196,0.6481953859329224,0.6231246590614319,latency_model,1.969835,1.969835,True,,0.47152300000000014,2.8013983306621902e-05
58,model.language_model.layers.8.self_attn.k_proj,8,layers_08_15,k_proj,attention,4096,4096,16777216,sparse_bf16,0.02166639268398285,0.013154004168152742,0.11469090708575262,1.765625,1.2834067451650533,16,global_coef_final_layer_type,final_layer_type,sparse_bf16,output_rel_mse,0.00014322401891520993,0.04986100643873215,0.5668615102767944,0.38522979617118835,latency_model,1.257995,1.257995,True,,1.1833630000000002,0.00014322401891520993
58,model.language_model.layers.8.self_attn.k_proj,8,layers_08_15,k_proj,attention,4096,4096,16777216,sparse_nvfp4,0.04360199347138405,0.02647144876527377,0.1627004879073009,2.96875,1.2834067451650533,16,global_coef_final_layer_type,final_layer_type,sparse_nvfp4,output_rel_mse,0.0006530735168029898,0.20809470117092133,0.39195823669433594,0.302470862865448,latency_model,1.8060494999999999,1.8060494999999999,True,,0.6353085000000003,0.0006530735168029898
59,model.language_model.layers.8.self_attn.v_proj,8,layers_08_15,v_proj,attention,4096,4096,16777216,dense_bf16,0.0,0.0,0.0,0.0,0.0,16,global_coef_final_layer_type,dense_zero,dense_bf16,output_rel_mse,0.0,,,,latency_model,2.441358,2.441358,True,,0.0,0.0
59,model.language_model.layers.8.self_attn.v_proj,8,layers_08_15,v_proj,attention,4096,4096,16777216,dense_nvfp4,0.0010740780271589756,0.017277139347688732,0.1314425324911565,0.2783203125,0.24933428343508568,16,global_coef_final_layer_type,final_layer_type,dense_nvfp4,output_rel_mse,0.0001280890377623222,0.029496945440769196,0.6481953859329224,0.38775476813316345,latency_model,1.969835,1.969835,True,,0.47152300000000014,0.0001280890377623222
59,model.language_model.layers.8.self_attn.v_proj,8,layers_08_15,v_proj,attention,4096,4096,16777216,sparse_bf16,0.0059089697897434235,0.09504904846505126,0.3083002569980299,0.6328125,0.24933428343508568,16,global_coef_final_layer_type,final_layer_type,sparse_bf16,output_rel_mse,0.00036113752264671734,0.04986100643873215,0.5668615102767944,0.13442710041999817,latency_model,1.257995,1.257995,True,,1.1833630000000002,0.00036113752264671734
59,model.language_model.layers.8.self_attn.v_proj,8,layers_08_15,v_proj,attention,4096,4096,16777216,sparse_nvfp4,0.010516194626688957,0.16915880911678727,0.41128920374450295,0.94921875,0.24933428343508568,16,global_coef_final_layer_type,final_layer_type,sparse_nvfp4,output_rel_mse,0.010531025298636492,0.20809470117092133,0.39195823669433594,0.7632647752761841,latency_model,1.8060494999999999,1.8060494999999999,True,,0.6353085000000003,0.010531025298636492
60,model.language_model.layers.8.self_attn.o_proj,8,layers_08_15,o_proj,attention,4096,4096,16777216,dense_bf16,0.0,0.0,0.0,0.0,0.0,16,global_coef_final_layer_type,dense_zero,dense_bf16,output_rel_mse,0.0,,,,latency_model,2.441358,2.441358,True,,0.0,0.0
60,model.language_model.layers.8.self_attn.o_proj,8,layers_08_15,o_proj,attention,4096,4096,16777216,dense_nvfp4,3.7301520933397114e-05,0.015592962033615293,0.12487178237542416,0.30859375,0.04891014601191936,16,global_coef_final_layer_type,final_layer_type,dense_nvfp4,output_rel_mse,0.00013267579637515412,0.029496945440769196,0.6481953859329224,0.4450205862522125,latency_model,1.969835,1.969835,True,,0.47152300000000014,0.00013267579637515412
60,model.language_model.layers.8.self_attn.o_proj,8,layers_08_15,o_proj,attention,4096,4096,16777216,sparse_bf16,0.00019078337936662138,0.07975219016994713,0.2824043026760519,0.828125,0.04891014601191936,16,global_coef_final_layer_type,final_layer_type,sparse_bf16,output_rel_mse,0.00036984518622675726,0.04986100643873215,0.5668615102767944,0.16407383978366852,latency_model,1.257995,1.257995,True,,1.1833630000000002,0.00036984518622675726
60,model.language_model.layers.8.self_attn.o_proj,8,layers_08_15,o_proj,attention,4096,4096,16777216,sparse_nvfp4,0.00035628105979412794,0.14893433028067443,0.3859201086762316,0.765625,0.04891014601191936,16,global_coef_final_layer_type,final_layer_type,sparse_nvfp4,output_rel_mse,0.00255995440323571,0.20809470117092133,0.39195823669433594,0.21073496341705322,latency_model,1.8060494999999999,1.8060494999999999,True,,0.6353085000000003,0.00255995440323571
61,model.language_model.layers.8.mlp.gate_proj,8,layers_08_15,gate_proj,mlp,11008,4096,45088768,dense_bf16,0.0,0.0,0.0,0.0,0.0,16,global_coef_final_layer_type,dense_zero,dense_bf16,output_rel_mse,0.0,,,,latency_model,6.993269319161178,6.993269319161178,True,,0.0,0.0
61,model.language_model.layers.8.mlp.gate_proj,8,layers_08_15,gate_proj,mlp,11008,4096,45088768,dense_nvfp4,0.0008824020624160767,0.008409261818419616,0.091702027340837,0.4375,0.3239323488569645,16,global_coef_final_layer_type,final_layer_type,dense_nvfp4,output_rel_mse,7.743375686579324e-05,0.029496945440769196,0.6481953859329224,0.48160332441329956,latency_model,3.0619853161530486,3.0619853161530486,True,,3.9312840030081295,7.743375686579324e-05
61,model.language_model.layers.8.mlp.gate_proj,8,layers_08_15,gate_proj,mlp,11008,4096,45088768,sparse_bf16,0.00521471630781889,0.04969607008982049,0.2229261538936616,1.0078125,0.3239323488569645,16,global_coef_final_layer_type,final_layer_type,sparse_bf16,output_rel_mse,0.0002446158049385988,0.04986100643873215,0.5668615102767944,0.17415039241313934,latency_model,3.3904291110950173,3.3904291110950173,True,,3.602840208066161,0.0002446158049385988
61,model.language_model.layers.8.mlp.gate_proj,8,layers_08_15,gate_proj,mlp,11008,4096,45088768,sparse_nvfp4,0.009522759355604649,0.09075157466860583,0.3012500201968555,1.625,0.3239323488569645,16,global_coef_final_layer_type,final_layer_type,sparse_nvfp4,output_rel_mse,0.0012349453097868514,0.20809470117092133,0.39195823669433594,0.16683714091777802,latency_model,2.5708457841501398,2.5708457841501398,True,,4.422423535011038,0.0012349453097868514
62,model.language_model.layers.8.mlp.up_proj,8,layers_08_15,up_proj,mlp,11008,4096,45088768,dense_bf16,0.0,0.0,0.0,0.0,0.0,16,global_coef_final_layer_type,dense_zero,dense_bf16,output_rel_mse,0.0,,,,latency_model,6.993269319161178,6.993269319161178,True,,0.0,0.0
62,model.language_model.layers.8.mlp.up_proj,8,layers_08_15,up_proj,mlp,11008,4096,45088768,dense_nvfp4,0.0006801566341891885,0.013922635503429832,0.11799421809321774,0.20703125,0.2210261925779818,16,global_coef_final_layer_type,final_layer_type,dense_nvfp4,output_rel_mse,0.00011790754263044367,0.029496945440769196,0.6481953859329224,0.4429320991039276,latency_model,3.0619853161530486,3.0619853161530486,True,,3.9312840030081295,0.00011790754263044367
62,model.language_model.layers.8.mlp.up_proj,8,layers_08_15,up_proj,mlp,11008,4096,45088768,sparse_bf16,0.004148691426962614,0.08492267170585044,0.2914149476362708,0.875,0.2210261925779818,16,global_coef_final_layer_type,final_layer_type,sparse_bf16,output_rel_mse,0.0003320399799053379,0.04986100643873215,0.5668615102767944,0.13833393156528473,latency_model,3.3904291110950173,3.3904291110950173,True,,3.602840208066161,0.0003320399799053379
62,model.language_model.layers.8.mlp.up_proj,8,layers_08_15,up_proj,mlp,11008,4096,45088768,sparse_nvfp4,0.007368618622422218,0.15083377282067909,0.38837323906350585,1.40625,0.2210261925779818,16,global_coef_final_layer_type,final_layer_type,sparse_nvfp4,output_rel_mse,0.002547082275481515,0.20809470117092133,0.39195823669433594,0.2070349007844925,latency_model,2.5708457841501398,2.5708457841501398,True,,4.422423535011038,0.002547082275481515
63,model.language_model.layers.8.mlp.down_proj,8,layers_08_15,down_proj,mlp,4096,11008,45088768,dense_bf16,0.0,0.0,0.0,0.0,0.0,16,global_coef_final_layer_type,dense_zero,dense_bf16,output_rel_mse,0.0,,,,latency_model,7.019237382643977,7.019237382643977,True,,0.0,0.0
63,model.language_model.layers.8.mlp.down_proj,8,layers_08_15,down_proj,mlp,4096,11008,45088768,dense_nvfp4,7.528763671871275e-05,0.013475711205031988,0.11608493099895432,0.21875,0.07474566065550908,16,global_coef_final_layer_type,final_layer_type,dense_nvfp4,output_rel_mse,0.00011453531891576873,0.029496945440769196,0.6481953859329224,0.4445337653160095,latency_model,4.934856405513043,4.934856405513043,True,,2.0843809771309347,0.00011453531891576873
63,model.language_model.layers.8.mlp.down_proj,8,layers_08_15,down_proj,mlp,4096,11008,45088768,sparse_bf16,0.0003688304568640888,0.06601685133098502,0.25693744633856896,0.296875,0.07474566065550908,16,global_coef_final_layer_type,final_layer_type,sparse_bf16,output_rel_mse,0.00035643715291728433,0.04986100643873215,0.5668615102767944,0.19102497398853302,latency_model,3.4039856523906575,3.4039856523906575,True,,3.61525173025332,0.00035643715291728433
63,model.language_model.layers.8.mlp.down_proj,8,layers_08_15,down_proj,mlp,4096,11008,45088768,sparse_nvfp4,0.0006921242456883192,0.1238831082949666,0.3519703230315968,0.6328125,0.07474566065550908,16,global_coef_final_layer_type,final_layer_type,sparse_nvfp4,output_rel_mse,0.002559397830819936,0.20809470117092133,0.39195823669433594,0.2532939910888672,latency_model,4.5866232192169125,4.5866232192169125,True,,2.432614163427065,0.002559397830819936
64,model.language_model.layers.9.self_attn.q_proj,9,layers_08_15,q_proj,attention,4096,4096,16777216,dense_bf16,0.0,0.0,0.0,0.0,0.0,16,global_coef_final_layer_type,dense_zero,dense_bf16,output_rel_mse,0.0,,,,latency_model,2.441358,2.441358,True,,0.0,0.0
64,model.language_model.layers.9.self_attn.q_proj,9,layers_08_15,q_proj,attention,4096,4096,16777216,dense_nvfp4,0.0038179950788617134,0.0036600777486126,0.06049857641806624,0.6796875,1.0213451400012987,16,global_coef_final_layer_type,final_layer_type,dense_nvfp4,output_rel_mse,4.1558779382502144e-05,0.029496945440769196,0.64728182554245,0.5947055816650391,latency_model,1.969835,1.969835,True,,0.47152300000000014,4.1558779382502144e-05
64,model.language_model.layers.9.self_attn.q_proj,9,layers_08_15,q_proj,attention,4096,4096,16777216,sparse_bf16,0.02131001278758049,0.0204286024511396,0.14292866210505015,1.796875,1.0213451400012987,16,global_coef_final_layer_type,final_layer_type,sparse_bf16,output_rel_mse,0.00019101896806820437,0.04986100643873215,0.5501490831375122,0.3408759832382202,latency_model,1.257995,1.257995,True,,1.1833630000000002,0.00019101896806820437
64,model.language_model.layers.9.self_attn.q_proj,9,layers_08_15,q_proj,attention,4096,4096,16777216,sparse_nvfp4,0.04083686321973801,0.039147796502205234,0.19785802107118436,2.34375,1.0213451400012987,16,global_coef_final_layer_type,final_layer_type,sparse_nvfp4,output_rel_mse,0.002237332265193538,0.20809470117092133,0.649949848651886,0.422554075717926,latency_model,1.8060494999999999,1.8060494999999999,True,,0.6353085000000003,0.002237332265193538
65,model.language_model.layers.9.self_attn.k_proj,9,layers_08_15,k_proj,attention,4096,4096,16777216,dense_bf16,0.0,0.0,0.0,0.0,0.0,16,global_coef_final_layer_type,dense_zero,dense_bf16,output_rel_mse,0.0,,,,latency_model,2.441358,2.441358,True,,0.0,0.0
65,model.language_model.layers.9.self_attn.k_proj,9,layers_08_15,k_proj,attention,4096,4096,16777216,dense_nvfp4,0.004137436859309673,0.0024438987435311983,0.049435804267061324,0.75,1.3011401715133937,16,global_coef_final_layer_type,final_layer_type,dense_nvfp4,output_rel_mse,2.9075594544750778e-05,0.029496945440769196,0.64728182554245,0.6231246590614319,latency_model,1.969835,1.969835,True,,0.47152300000000014,2.9075594544750778e-05
65,model.language_model.layers.9.self_attn.k_proj,9,layers_08_15,k_proj,attention,4096,4096,16777216,sparse_bf16,0.022837361320853233,0.0134895590036662,0.1161445608010388,1.75,1.3011401715133937,16,global_coef_final_layer_type,final_layer_type,sparse_bf16,output_rel_mse,0.00014254732009734457,0.04986100643873215,0.5501490831375122,0.38522979617118835,latency_model,1.257995,1.257995,True,,1.1833630000000002,0.00014254732009734457
65,model.language_model.layers.9.self_attn.k_proj,9,layers_08_15,k_proj,attention,4096,4096,16777216,sparse_nvfp4,0.045945532619953156,0.027139079884232975,0.16473943026559543,2.75,1.3011401715133937,16,global_coef_final_layer_type,final_layer_type,sparse_nvfp4,output_rel_mse,0.0011102468080590175,0.20809470117092133,0.649949848651886,0.302470862865448,latency_model,1.8060494999999999,1.8060494999999999,True,,0.6353085000000003,0.0011102468080590175
66,model.language_model.layers.9.self_attn.v_proj,9,layers_08_15,v_proj,attention,4096,4096,16777216,dense_bf16,0.0,0.0,0.0,0.0,0.0,16,global_coef_final_layer_type,dense_zero,dense_bf16,output_rel_mse,0.0,,,,latency_model,2.441358,2.441358,True,,0.0,0.0
66,model.language_model.layers.9.self_attn.v_proj,9,layers_08_15,v_proj,attention,4096,4096,16777216,dense_nvfp4,0.0011524541769176722,0.016051325009282344,0.12669382387978645,0.2958984375,0.2679516211281817,16,global_coef_final_layer_type,final_layer_type,dense_nvfp4,output_rel_mse,0.00011883339185273245,0.029496945440769196,0.64728182554245,0.38775476813316345,latency_model,1.969835,1.969835,True,,0.47152300000000014,0.00011883339185273245
66,model.language_model.layers.9.self_attn.v_proj,9,layers_08_15,v_proj,attention,4096,4096,16777216,sparse_bf16,0.006440596655011177,0.08970431296433774,0.29950678283527693,0.7265625,0.2679516211281817,16,global_coef_final_layer_type,final_layer_type,sparse_bf16,output_rel_mse,0.0003307817871887404,0.04986100643873215,0.5501490831375122,0.13442710041999817,latency_model,1.257995,1.257995,True,,1.1833630000000002,0.0003307817871887404
66,model.language_model.layers.9.self_attn.v_proj,9,layers_08_15,v_proj,attention,4096,4096,16777216,sparse_nvfp4,0.011709628626704216,0.16309113072758016,0.4038454292518118,0.9453125,0.2679516211281817,16,global_coef_final_layer_type,final_layer_type,sparse_nvfp4,output_rel_mse,0.01683629134797145,0.20809470117092133,0.649949848651886,0.7632647752761841,latency_model,1.8060494999999999,1.8060494999999999,True,,0.6353085000000003,0.01683629134797145
67,model.language_model.layers.9.self_attn.o_proj,9,layers_08_15,o_proj,attention,4096,4096,16777216,dense_bf16,0.0,0.0,0.0,0.0,0.0,16,global_coef_final_layer_type,dense_zero,dense_bf16,output_rel_mse,0.0,,,,latency_model,2.441358,2.441358,True,,0.0,0.0
67,model.language_model.layers.9.self_attn.o_proj,9,layers_08_15,o_proj,attention,4096,4096,16777216,dense_nvfp4,4.783464100910351e-05,0.016526188323279983,0.1285542232806063,0.4375,0.05380032643745169,16,global_coef_final_layer_type,final_layer_type,dense_nvfp4,output_rel_mse,0.00014041815320854542,0.029496945440769196,0.64728182554245,0.4450205862522125,latency_model,1.969835,1.969835,True,,0.47152300000000014,0.00014041815320854542
67,model.language_model.layers.9.self_attn.o_proj,9,layers_08_15,o_proj,attention,4096,4096,16777216,sparse_bf16,0.0002603238681331277,0.08993819497869797,0.29989697394054843,1.0859375,0.05380032643745169,16,global_coef_final_layer_type,final_layer_type,sparse_bf16,output_rel_mse,0.00040478549629292506,0.04986100643873215,0.5501490831375122,0.16407383978366852,latency_model,1.257995,1.257995,True,,1.1833630000000002,0.00040478549629292506
67,model.language_model.layers.9.self_attn.o_proj,9,layers_08_15,o_proj,attention,4096,4096,16777216,sparse_nvfp4,0.00047012491268105805,0.16242147277647842,0.4030154746116809,1.11328125,0.05380032643745169,16,global_coef_final_layer_type,final_layer_type,sparse_nvfp4,output_rel_mse,0.004629359511666242,0.20809470117092133,0.649949848651886,0.21073496341705322,latency_model,1.8060494999999999,1.8060494999999999,True,,0.6353085000000003,0.004629359511666242
68,model.language_model.layers.9.mlp.gate_proj,9,layers_08_15,gate_proj,mlp,11008,4096,45088768,dense_bf16,0.0,0.0,0.0,0.0,0.0,16,global_coef_final_layer_type,dense_zero,dense_bf16,output_rel_mse,0.0,,,,latency_model,6.993269319161178,6.993269319161178,True,,0.0,0.0
68,model.language_model.layers.9.mlp.gate_proj,9,layers_08_15,gate_proj,mlp,11008,4096,45088768,dense_nvfp4,0.0008853154722601175,0.008115536472505567,0.09008627238656047,0.40625,0.33028618614816985,16,global_coef_final_layer_type,final_layer_type,dense_nvfp4,output_rel_mse,7.462376691453002e-05,0.029496945440769196,0.64728182554245,0.48160332441329956,latency_model,3.0619853161530486,3.0619853161530486,True,,3.9312840030081295,7.462376691453002e-05
68,model.language_model.layers.9.mlp.gate_proj,9,layers_08_15,gate_proj,mlp,11008,4096,45088768,sparse_bf16,0.005310359876602888,0.048679166479131175,0.22063355701055806,1.375,0.33028618614816985,16,global_coef_final_layer_type,final_layer_type,sparse_bf16,output_rel_mse,0.00023254608085268802,0.04986100643873215,0.5501490831375122,0.17415039241313934,latency_model,3.3904291110950173,3.3904291110950173,True,,3.602840208066161,0.00023254608085268802
68,model.language_model.layers.9.mlp.gate_proj,9,layers_08_15,gate_proj,mlp,11008,4096,45088768,sparse_nvfp4,0.009622165001928806,0.08820475126032387,0.29699284715346913,2.9375,0.33028618614816985,16,global_coef_final_layer_type,final_layer_type,sparse_nvfp4,output_rel_mse,0.001990332281570423,0.20809470117092133,0.649949848651886,0.16683714091777802,latency_model,2.5708457841501398,2.5708457841501398,True,,4.422423535011038,0.001990332281570423
69,model.language_model.layers.9.mlp.up_proj,9,layers_08_15,up_proj,mlp,11008,4096,45088768,dense_bf16,0.0,0.0,0.0,0.0,0.0,16,global_coef_final_layer_type,dense_zero,dense_bf16,output_rel_mse,0.0,,,,latency_model,6.993269319161178,6.993269319161178,True,,0.0,0.0
69,model.language_model.layers.9.mlp.up_proj,9,layers_08_15,up_proj,mlp,11008,4096,45088768,dense_nvfp4,0.0007151008467189968,0.013920577930278188,0.11798549881353296,0.271484375,0.22664962934762037,16,global_coef_final_layer_type,final_layer_type,dense_nvfp4,output_rel_mse,0.00011772396431834742,0.029496945440769196,0.64728182554245,0.4429320991039276,latency_model,3.0619853161530486,3.0619853161530486,True,,3.9312840030081295,0.00011772396431834742
69,model.language_model.layers.9.mlp.up_proj,9,layers_08_15,up_proj,mlp,11008,4096,45088768,sparse_bf16,0.004405236337333918,0.08575494773431232,0.292839457270212,0.625,0.22664962934762037,16,global_coef_final_layer_type,final_layer_type,sparse_bf16,output_rel_mse,0.00032540883544936297,0.04986100643873215,0.5501490831375122,0.13833393156528473,latency_model,3.3904291110950173,3.3904291110950173,True,,3.602840208066161,0.00032540883544936297
69,model.language_model.layers.9.mlp.up_proj,9,layers_08_15,up_proj,mlp,11008,4096,45088768,sparse_nvfp4,0.007773273158818483,0.1513191534832479,0.388997626577911,1.046875,0.22664962934762037,16,global_coef_final_layer_type,final_layer_type,sparse_nvfp4,output_rel_mse,0.004237193859852564,0.20809470117092133,0.649949848651886,0.2070349007844925,latency_model,2.5708457841501398,2.5708457841501398,True,,4.422423535011038,0.004237193859852564
70,model.language_model.layers.9.mlp.down_proj,9,layers_08_15,down_proj,mlp,4096,11008,45088768,dense_bf16,0.0,0.0,0.0,0.0,0.0,16,global_coef_final_layer_type,dense_zero,dense_bf16,output_rel_mse,0.0,,,,latency_model,7.019237382643977,7.019237382643977,True,,0.0,0.0
70,model.language_model.layers.9.mlp.down_proj,9,layers_08_15,down_proj,mlp,4096,11008,45088768,dense_nvfp4,8.256836008513346e-05,0.013895801212152845,0.11788045305373086,0.21875,0.07708414030082258,16,global_coef_final_layer_type,final_layer_type,dense_nvfp4,output_rel_mse,0.00011793937030378221,0.029496945440769196,0.64728182554245,0.4445337653160095,latency_model,4.934856405513043,4.934856405513043,True,,2.0843809771309347,0.00011793937030378221
70,model.language_model.layers.9.mlp.down_proj,9,layers_08_15,down_proj,mlp,4096,11008,45088768,sparse_bf16,0.0004125240375287831,0.0694255283116222,0.26348724506439053,0.5,0.07708414030082258,16,global_coef_final_layer_type,final_layer_type,sparse_bf16,output_rel_mse,0.0003637900164576182,0.04986100643873215,0.5501490831375122,0.19102497398853302,latency_model,3.4039856523906575,3.4039856523906575,True,,3.61525173025332,0.0003637900164576182
70,model.language_model.layers.9.mlp.down_proj,9,layers_08_15,down_proj,mlp,4096,11008,45088768,sparse_nvfp4,0.0007704343879595399,0.12965987323781186,0.36008314767260613,0.875,0.07708414030082258,16,global_coef_final_layer_type,final_layer_type,sparse_nvfp4,output_rel_mse,0.0044419262992408904,0.20809470117092133,0.649949848651886,0.2532939910888672,latency_model,4.5866232192169125,4.5866232192169125,True,,2.432614163427065,0.0044419262992408904
71,model.language_model.layers.10.self_attn.q_proj,10,layers_08_15,q_proj,attention,4096,4096,16777216,dense_bf16,0.0,0.0,0.0,0.0,0.0,16,global_coef_final_layer_type,dense_zero,dense_bf16,output_rel_mse,0.0,,,,latency_model,2.441358,2.441358,True,,0.0,0.0
71,model.language_model.layers.10.self_attn.q_proj,10,layers_08_15,q_proj,attention,4096,4096,16777216,dense_nvfp4,0.003995126113295555,0.003742097804466326,0.061172688386781936,0.6796875,1.0332553900784156,16,global_coef_final_layer_type,final_layer_type,dense_nvfp4,output_rel_mse,4.250355310976308e-05,0.029496945440769196,0.6474869847297668,0.5947055816650391,latency_model,1.969835,1.969835,True,,0.47152300000000014,4.250355310976308e-05
71,model.language_model.layers.10.self_attn.q_proj,10,layers_08_15,q_proj,attention,4096,4096,16777216,sparse_bf16,0.021338876336812973,0.019987394646697822,0.14137678255886935,1.671875,1.0332553900784156,16,global_coef_final_layer_type,final_layer_type,sparse_bf16,output_rel_mse,0.00019347343234582716,0.04986100643873215,0.5695183277130127,0.3408759832382202,latency_model,1.257995,1.257995,True,,1.1833630000000002,0.00019347343234582716
71,model.language_model.layers.10.self_attn.q_proj,10,layers_08_15,q_proj,attention,4096,4096,16777216,sparse_nvfp4,0.041258689016103745,0.03864560096576326,0.1965848441914159,2.34375,1.0332553900784156,16,global_coef_final_layer_type,final_layer_type,sparse_nvfp4,output_rel_mse,0.0013489343159087158,0.20809470117092133,0.39696061611175537,0.422554075717926,latency_model,1.8060494999999999,1.8060494999999999,True,,0.6353085000000003,0.0013489343159087158
72,model.language_model.layers.10.self_attn.k_proj,10,layers_08_15,k_proj,attention,4096,4096,16777216,dense_bf16,0.0,0.0,0.0,0.0,0.0,16,global_coef_final_layer_type,dense_zero,dense_bf16,output_rel_mse,0.0,,,,latency_model,2.441358,2.441358,True,,0.0,0.0
72,model.language_model.layers.10.self_attn.k_proj,10,layers_08_15,k_proj,attention,4096,4096,16777216,dense_nvfp4,0.004389330744743347,0.002630974124325766,0.05129302217968606,0.78125,1.2916381535408097,16,global_coef_final_layer_type,final_layer_type,dense_nvfp4,output_rel_mse,3.131119210499084e-05,0.029496945440769196,0.6474869847297668,0.6231246590614319,latency_model,1.969835,1.969835,True,,0.47152300000000014,3.131119210499084e-05
72,model.language_model.layers.10.self_attn.k_proj,10,layers_08_15,k_proj,attention,4096,4096,16777216,sparse_bf16,0.023039158433675766,0.013809720253557013,0.1175147661085917,1.75,1.2916381535408097,16,global_coef_final_layer_type,final_layer_type,sparse_bf16,output_rel_mse,0.00015106835394455365,0.04986100643873215,0.5695183277130127,0.38522979617118835,latency_model,1.257995,1.257995,True,,1.1833630000000002,0.00015106835394455365
72,model.language_model.layers.10.self_attn.k_proj,10,layers_08_15,k_proj,attention,4096,4096,16777216,sparse_nvfp4,0.04642048478126526,0.027824536677813774,0.1668068843837501,2.5,1.2916381535408097,16,global_coef_final_layer_type,final_layer_type,sparse_nvfp4,output_rel_mse,0.0006952162732489428,0.20809470117092133,0.39696061611175537,0.302470862865448,latency_model,1.8060494999999999,1.8060494999999999,True,,0.6353085000000003,0.0006952162732489428
73,model.language_model.layers.10.self_attn.v_proj,10,layers_08_15,v_proj,attention,4096,4096,16777216,dense_bf16,0.0,0.0,0.0,0.0,0.0,16,global_coef_final_layer_type,dense_zero,dense_bf16,output_rel_mse,0.0,,,,latency_model,2.441358,2.441358,True,,0.0,0.0
73,model.language_model.layers.10.self_attn.v_proj,10,layers_08_15,v_proj,attention,4096,4096,16777216,dense_nvfp4,0.0011674019042402506,0.01620234398088718,0.12728842830708212,0.3125,0.26842395721663603,16,global_coef_final_layer_type,final_layer_type,dense_nvfp4,output_rel_mse,0.00011998945561727089,0.029496945440769196,0.6474869847297668,0.38775476813316345,latency_model,1.969835,1.969835,True,,0.47152300000000014,0.00011998945561727089
73,model.language_model.layers.10.self_attn.v_proj,10,layers_08_15,v_proj,attention,4096,4096,16777216,sparse_bf16,0.006344034802168608,0.08804871203148354,0.2967300322371895,0.68359375,0.26842395721663603,16,global_coef_final_layer_type,final_layer_type,sparse_bf16,output_rel_mse,0.00033610779421722767,0.04986100643873215,0.5695183277130127,0.13442710041999817,latency_model,1.257995,1.257995,True,,1.1833630000000002,0.00033610779421722767
73,model.language_model.layers.10.self_attn.v_proj,10,layers_08_15,v_proj,attention,4096,4096,16777216,sparse_nvfp4,0.011567756533622742,0.16054862491156163,0.4006851942754581,0.94140625,0.26842395721663603,16,global_coef_final_layer_type,final_layer_type,sparse_nvfp4,output_rel_mse,0.01012255751377935,0.20809470117092133,0.39696061611175537,0.7632647752761841,latency_model,1.8060494999999999,1.8060494999999999,True,,0.6353085000000003,0.01012255751377935
74,model.language_model.layers.10.self_attn.o_proj,10,layers_08_15,o_proj,attention,4096,4096,16777216,dense_bf16,0.0,0.0,0.0,0.0,0.0,16,global_coef_final_layer_type,dense_zero,dense_bf16,output_rel_mse,0.0,,,,latency_model,2.441358,2.441358,True,,0.0,0.0
74,model.language_model.layers.10.self_attn.o_proj,10,layers_08_15,o_proj,attention,4096,4096,16777216,dense_nvfp4,6.811608909629285e-05,0.016991637601561374,0.13035197582530683,0.296875,0.06331509079720754,16,global_coef_final_layer_type,final_layer_type,dense_nvfp4,output_rel_mse,0.00014441869831409256,0.029496945440769196,0.6474869847297668,0.4450205862522125,latency_model,1.969835,1.969835,True,,0.47152300000000014,0.00014441869831409256
74,model.language_model.layers.10.self_attn.o_proj,10,layers_08_15,o_proj,attention,4096,4096,16777216,sparse_bf16,0.00036638547317124903,0.09139528216016246,0.30231652644234064,0.9375,0.06331509079720754,16,global_coef_final_layer_type,final_layer_type,sparse_bf16,output_rel_mse,0.00042582569607923484,0.04986100643873215,0.5695183277130127,0.16407383978366852,latency_model,1.257995,1.257995,True,,1.1833630000000002,0.00042582569607923484
74,model.language_model.layers.10.self_attn.o_proj,10,layers_08_15,o_proj,attention,4096,4096,16777216,sparse_nvfp4,0.0006961766048334539,0.17366206329451817,0.41672780480130933,2.2734375,0.06331509079720754,16,global_coef_final_layer_type,final_layer_type,sparse_nvfp4,output_rel_mse,0.0030230824734576406,0.20809470117092133,0.39696061611175537,0.21073496341705322,latency_model,1.8060494999999999,1.8060494999999999,True,,0.6353085000000003,0.0030230824734576406
75,model.language_model.layers.10.mlp.gate_proj,10,layers_08_15,gate_proj,mlp,11008,4096,45088768,dense_bf16,0.0,0.0,0.0,0.0,0.0,16,global_coef_final_layer_type,dense_zero,dense_bf16,output_rel_mse,0.0,,,,latency_model,6.993269319161178,6.993269319161178,True,,0.0,0.0
75,model.language_model.layers.10.mlp.gate_proj,10,layers_08_15,gate_proj,mlp,11008,4096,45088768,dense_nvfp4,0.0008992545190267265,0.008676986888138408,0.09315034561470187,0.46875,0.32192658594316564,16,global_coef_final_layer_type,final_layer_type,dense_nvfp4,output_rel_mse,7.981168966319575e-05,0.029496945440769196,0.6474869847297668,0.48160332441329956,latency_model,3.0619853161530486,3.0619853161530486,True,,3.9312840030081295,7.981168966319575e-05
75,model.language_model.layers.10.mlp.gate_proj,10,layers_08_15,gate_proj,mlp,11008,4096,45088768,sparse_bf16,0.0053747668862342834,0.051861604041902286,0.22773142963127047,1.40625,0.32192658594316564,16,global_coef_final_layer_type,final_layer_type,sparse_bf16,output_rel_mse,0.0002564715211221519,0.04986100643873215,0.5695183277130127,0.17415039241313934,latency_model,3.3904291110950173,3.3904291110950173,True,,3.602840208066161,0.0002564715211221519
75,model.language_model.layers.10.mlp.gate_proj,10,layers_08_15,gate_proj,mlp,11008,4096,45088768,sparse_nvfp4,0.009678784757852554,0.09339145554463926,0.3056001563229955,2.46875,0.32192658594316564,16,global_coef_final_layer_type,final_layer_type,sparse_nvfp4,output_rel_mse,0.001287088249788909,0.20809470117092133,0.39696061611175537,0.16683714091777802,latency_model,2.5708457841501398,2.5708457841501398,True,,4.422423535011038,0.001287088249788909
76,model.language_model.layers.10.mlp.up_proj,10,layers_08_15,up_proj,mlp,11008,4096,45088768,dense_bf16,0.0,0.0,0.0,0.0,0.0,16,global_coef_final_layer_type,dense_zero,dense_bf16,output_rel_mse,0.0,,,,latency_model,6.993269319161178,6.993269319161178,True,,0.0,0.0
76,model.language_model.layers.10.mlp.up_proj,10,layers_08_15,up_proj,mlp,11008,4096,45088768,dense_nvfp4,0.0007434804574586451,0.013344626937012301,0.115518946225337,0.2412109375,0.2360378011129962,16,global_coef_final_layer_type,final_layer_type,dense_nvfp4,output_rel_mse,0.00011288901394107062,0.029496945440769196,0.6474869847297668,0.4429320991039276,latency_model,3.0619853161530486,3.0619853161530486,True,,3.9312840030081295,0.00011288901394107062
76,model.language_model.layers.10.mlp.up_proj,10,layers_08_15,up_proj,mlp,11008,4096,45088768,sparse_bf16,0.004590481519699097,0.08239391194090817,0.2870433973128596,0.6484375,0.2360378011129962,16,global_coef_final_layer_type,final_layer_type,sparse_bf16,output_rel_mse,0.0003236626519867465,0.04986100643873215,0.5695183277130127,0.13833393156528473,latency_model,3.3904291110950173,3.3904291110950173,True,,3.602840208066161,0.0003236626519867465
76,model.language_model.layers.10.mlp.up_proj,10,layers_08_15,up_proj,mlp,11008,4096,45088768,sparse_nvfp4,0.00805747788399458,0.14462254567211108,0.38029271051666386,1.078125,0.2360378011129962,16,global_coef_final_layer_type,final_layer_type,sparse_nvfp4,output_rel_mse,0.0024733638388636766,0.20809470117092133,0.39696061611175537,0.2070349007844925,latency_model,2.5708457841501398,2.5708457841501398,True,,4.422423535011038,0.0024733638388636766
77,model.language_model.layers.10.mlp.down_proj,10,layers_08_15,down_proj,mlp,4096,11008,45088768,dense_bf16,0.0,0.0,0.0,0.0,0.0,16,global_coef_final_layer_type,dense_zero,dense_bf16,output_rel_mse,0.0,,,,latency_model,7.019237382643977,7.019237382643977,True,,0.0,0.0
77,model.language_model.layers.10.mlp.down_proj,10,layers_08_15,down_proj,mlp,4096,11008,45088768,dense_nvfp4,9.402584691997617e-05,0.013714440468754797,0.11710866948588733,0.1953125,0.08280080901700343,16,global_coef_final_layer_type,final_layer_type,dense_nvfp4,output_rel_mse,0.00011643698079582881,0.029496945440769196,0.6474869847297668,0.4445337653160095,latency_model,4.934856405513043,4.934856405513043,True,,2.0843809771309347,0.00011643698079582881
77,model.language_model.layers.10.mlp.down_proj,10,layers_08_15,down_proj,mlp,4096,11008,45088768,sparse_bf16,0.0004530572914518416,0.06608211950315872,0.2570644267555484,0.359375,0.08280080901700343,16,global_coef_final_layer_type,final_layer_type,sparse_bf16,output_rel_mse,0.0003584617811093596,0.04986100643873215,0.5695183277130127,0.19102497398853302,latency_model,3.4039856523906575,3.4039856523906575,True,,3.61525173025332,0.0003584617811093596
77,model.language_model.layers.10.mlp.down_proj,10,layers_08_15,down_proj,mlp,4096,11008,45088768,sparse_nvfp4,0.0008555494714528322,0.12478890303748696,0.3532547282592081,0.65625,0.08280080901700343,16,global_coef_final_layer_type,final_layer_type,sparse_nvfp4,output_rel_mse,0.0026110145792466078,0.20809470117092133,0.39696061611175537,0.2532939910888672,latency_model,4.5866232192169125,4.5866232192169125,True,,2.432614163427065,0.0026110145792466078
78,model.language_model.layers.11.self_attn.q_proj,11,layers_08_15,q_proj,attention,4096,4096,16777216,dense_bf16,0.0,0.0,0.0,0.0,0.0,16,global_coef_final_layer_type,dense_zero,dense_bf16,output_rel_mse,0.0,,,,latency_model,2.441358,2.441358,True,,0.0,0.0
78,model.language_model.layers.11.self_attn.q_proj,11,layers_08_15,q_proj,attention,4096,4096,16777216,dense_nvfp4,0.004233195912092924,0.004065383072222997,0.06376035658795359,0.89453125,1.0204305373142553,16,global_coef_final_layer_type,final_layer_type,dense_nvfp4,output_rel_mse,4.6013183785845166e-05,0.029496945440769196,0.6452109813690186,0.5947055816650391,latency_model,1.969835,1.969835,True,,0.47152300000000014,4.6013183785845166e-05
78,model.language_model.layers.11.self_attn.q_proj,11,layers_08_15,q_proj,attention,4096,4096,16777216,sparse_bf16,0.02342400513589382,0.02249542802663392,0.14998475931451807,2.25,1.0204305373142553,16,global_coef_final_layer_type,final_layer_type,sparse_bf16,output_rel_mse,0.00020570265108550706,0.04986100643873215,0.5380073189735413,0.3408759832382202,latency_model,1.257995,1.257995,True,,1.1833630000000002,0.00020570265108550706
78,model.language_model.layers.11.self_attn.q_proj,11,layers_08_15,q_proj,attention,4096,4096,16777216,sparse_nvfp4,0.046079665422439575,0.04425297001892528,0.21036389903908245,4.125,1.0204305373142553,16,global_coef_final_layer_type,final_layer_type,sparse_nvfp4,output_rel_mse,0.0028079518228170588,0.20809470117092133,0.721612274646759,0.422554075717926,latency_model,1.8060494999999999,1.8060494999999999,True,,0.6353085000000003,0.0028079518228170588
79,model.language_model.layers.11.self_attn.k_proj,11,layers_08_15,k_proj,attention,4096,4096,16777216,dense_bf16,0.0,0.0,0.0,0.0,0.0,16,global_coef_final_layer_type,dense_zero,dense_bf16,output_rel_mse,0.0,,,,latency_model,2.441358,2.441358,True,,0.0,0.0
79,model.language_model.layers.11.self_attn.k_proj,11,layers_08_15,k_proj,attention,4096,4096,16777216,dense_nvfp4,0.004427973181009293,0.0027668538311036582,0.052600891923081095,0.7734375,1.265054927583327,16,global_coef_final_layer_type,final_layer_type,dense_nvfp4,output_rel_mse,3.281254753584656e-05,0.029496945440769196,0.6452109813690186,0.6231246590614319,latency_model,1.969835,1.969835,True,,0.47152300000000014,3.281254753584656e-05
79,model.language_model.layers.11.self_attn.k_proj,11,layers_08_15,k_proj,attention,4096,4096,16777216,sparse_bf16,0.024110056459903717,0.01506535820278043,0.12274102086417739,1.96875,1.265054927583327,16,global_coef_final_layer_type,final_layer_type,sparse_bf16,output_rel_mse,0.00015568564034885483,0.04986100643873215,0.5380073189735413,0.38522979617118835,latency_model,1.257995,1.257995,True,,1.1833630000000002,0.00015568564034885483
79,model.language_model.layers.11.self_attn.k_proj,11,layers_08_15,k_proj,attention,4096,4096,16777216,sparse_nvfp4,0.04870837554335594,0.03043581114198426,0.17445862300839204,2.96875,1.265054927583327,16,global_coef_final_layer_type,final_layer_type,sparse_nvfp4,output_rel_mse,0.0013823988360487645,0.20809470117092133,0.721612274646759,0.302470862865448,latency_model,1.8060494999999999,1.8060494999999999,True,,0.6353085000000003,0.0013823988360487645
80,model.language_model.layers.11.self_attn.v_proj,11,layers_08_15,v_proj,attention,4096,4096,16777216,dense_bf16,0.0,0.0,0.0,0.0,0.0,16,global_coef_final_layer_type,dense_zero,dense_bf16,output_rel_mse,0.0,,,,latency_model,2.441358,2.441358,True,,0.0,0.0
80,model.language_model.layers.11.self_attn.v_proj,11,layers_08_15,v_proj,attention,4096,4096,16777216,dense_nvfp4,0.001497003249824047,0.01582183102129538,0.12578486006390188,0.34375,0.30759764109681775,16,global_coef_final_layer_type,final_layer_type,dense_nvfp4,output_rel_mse,0.00011675962302068009,0.029496945440769196,0.6452109813690186,0.38775476813316345,latency_model,1.969835,1.969835,True,,0.47152300000000014,0.00011675962302068009
80,model.language_model.layers.11.self_attn.v_proj,11,layers_08_15,v_proj,attention,4096,4096,16777216,sparse_bf16,0.008459467440843582,0.08940813214327281,0.2990119264231325,0.796875,0.30759764109681775,16,global_coef_final_layer_type,final_layer_type,sparse_bf16,output_rel_mse,0.000322413395386906,0.04986100643873215,0.5380073189735413,0.13442710041999817,latency_model,1.257995,1.257995,True,,1.1833630000000002,0.000322413395386906
80,model.language_model.layers.11.self_attn.v_proj,11,layers_08_15,v_proj,attention,4096,4096,16777216,sparse_nvfp4,0.01515323668718338,0.1601545957355062,0.40019319801254266,1.048828125,0.30759764109681775,16,global_coef_final_layer_type,final_layer_type,sparse_nvfp4,output_rel_mse,0.018356063833235448,0.20809470117092133,0.721612274646759,0.7632647752761841,latency_model,1.8060494999999999,1.8060494999999999,True,,0.6353085000000003,0.018356063833235448
81,model.language_model.layers.11.self_attn.o_proj,11,layers_08_15,o_proj,attention,4096,4096,16777216,dense_bf16,0.0,0.0,0.0,0.0,0.0,16,global_coef_final_layer_type,dense_zero,dense_bf16,output_rel_mse,0.0,,,,latency_model,2.441358,2.441358,True,,0.0,0.0
81,model.language_model.layers.11.self_attn.o_proj,11,layers_08_15,o_proj,attention,4096,4096,16777216,dense_nvfp4,8.024713315535337e-05,0.01927249047443839,0.13882539563940882,0.3671875,0.06452764913243184,16,global_coef_final_layer_type,final_layer_type,dense_nvfp4,output_rel_mse,0.0001632287806947992,0.029496945440769196,0.6452109813690186,0.4450205862522125,latency_model,1.969835,1.969835,True,,0.47152300000000014,0.0001632287806947992
81,model.language_model.layers.11.self_attn.o_proj,11,layers_08_15,o_proj,attention,4096,4096,16777216,sparse_bf16,0.00043910194654017687,0.10545657831314521,0.32474078634065234,1.0,0.06452764913243184,16,global_coef_final_layer_type,final_layer_type,sparse_bf16,output_rel_mse,0.00046415415452621473,0.04986100643873215,0.5380073189735413,0.16407383978366852,latency_model,1.257995,1.257995,True,,1.1833630000000002,0.00046415415452621473
81,model.language_model.layers.11.self_attn.o_proj,11,layers_08_15,o_proj,attention,4096,4096,16777216,sparse_nvfp4,0.0007870940607972443,0.1890318344436703,0.43477791393270004,1.0859375,0.06452764913243184,16,global_coef_final_layer_type,final_layer_type,sparse_nvfp4,output_rel_mse,0.0059818632255700215,0.20809470117092133,0.721612274646759,0.21073496341705322,latency_model,1.8060494999999999,1.8060494999999999,True,,0.6353085000000003,0.0059818632255700215
82,model.language_model.layers.11.mlp.gate_proj,11,layers_08_15,gate_proj,mlp,11008,4096,45088768,dense_bf16,0.0,0.0,0.0,0.0,0.0,16,global_coef_final_layer_type,dense_zero,dense_bf16,output_rel_mse,0.0,,,,latency_model,6.993269319161178,6.993269319161178,True,,0.0,0.0
82,model.language_model.layers.11.mlp.gate_proj,11,layers_08_15,gate_proj,mlp,11008,4096,45088768,dense_nvfp4,0.0009335397044196725,0.009473986834684355,0.09733440724987416,0.5,0.313906282982224,16,global_coef_final_layer_type,final_layer_type,dense_nvfp4,output_rel_mse,8.683624759733453e-05,0.029496945440769196,0.6452109813690186,0.48160332441329956,latency_model,3.0619853161530486,3.0619853161530486,True,,3.9312840030081295,8.683624759733453e-05
82,model.language_model.layers.11.mlp.gate_proj,11,layers_08_15,gate_proj,mlp,11008,4096,45088768,sparse_bf16,0.005583746358752251,0.05666640555360267,0.2380470658369951,1.265625,0.313906282982224,16,global_coef_final_layer_type,final_layer_type,sparse_bf16,output_rel_mse,0.0002647276760186124,0.04986100643873215,0.5380073189735413,0.17415039241313934,latency_model,3.3904291110950173,3.3904291110950173,True,,3.602840208066161,0.0002647276760186124
82,model.language_model.layers.11.mlp.gate_proj,11,layers_08_15,gate_proj,mlp,11008,4096,45088768,sparse_nvfp4,0.009942414239048958,0.10090015578317928,0.3176478486991204,1.875,0.313906282982224,16,global_coef_final_layer_type,final_layer_type,sparse_nvfp4,output_rel_mse,0.002527839577389547,0.20809470117092133,0.721612274646759,0.16683714091777802,latency_model,2.5708457841501398,2.5708457841501398,True,,4.422423535011038,0.002527839577389547
83,model.language_model.layers.11.mlp.up_proj,11,layers_08_15,up_proj,mlp,11008,4096,45088768,dense_bf16,0.0,0.0,0.0,0.0,0.0,16,global_coef_final_layer_type,dense_zero,dense_bf16,output_rel_mse,0.0,,,,latency_model,6.993269319161178,6.993269319161178,True,,0.0,0.0
83,model.language_model.layers.11.mlp.up_proj,11,layers_08_15,up_proj,mlp,11008,4096,45088768,dense_nvfp4,0.000797230051830411,0.014393355403097031,0.11997231098506451,0.217041015625,0.2353481593222328,16,global_coef_final_layer_type,final_layer_type,dense_nvfp4,output_rel_mse,0.00012133273828757063,0.029496945440769196,0.6452109813690186,0.4429320991039276,latency_model,3.0619853161530486,3.0619853161530486,True,,3.9312840030081295,0.00012133273828757063
83,model.language_model.layers.11.mlp.up_proj,11,layers_08_15,up_proj,mlp,11008,4096,45088768,sparse_bf16,0.004952095448970795,0.08940615023661741,0.2990086123117818,0.703125,0.2353481593222328,16,global_coef_final_layer_type,final_layer_type,sparse_bf16,output_rel_mse,0.0003317762844809065,0.04986100643873215,0.5380073189735413,0.13833393156528473,latency_model,3.3904291110950173,3.3904291110950173,True,,3.602840208066161,0.0003317762844809065
83,model.language_model.layers.11.mlp.up_proj,11,layers_08_15,up_proj,mlp,11008,4096,45088768,sparse_nvfp4,0.008668577298521996,0.1565042782950526,0.3956062161987,1.078125,0.2353481593222328,16,global_coef_final_layer_type,final_layer_type,sparse_nvfp4,output_rel_mse,0.004865581039016628,0.20809470117092133,0.721612274646759,0.2070349007844925,latency_model,2.5708457841501398,2.5708457841501398,True,,4.422423535011038,0.004865581039016628
84,model.language_model.layers.11.mlp.down_proj,11,layers_08_15,down_proj,mlp,4096,11008,45088768,dense_bf16,0.0,0.0,0.0,0.0,0.0,16,global_coef_final_layer_type,dense_zero,dense_bf16,output_rel_mse,0.0,,,,latency_model,7.019237382643977,7.019237382643977,True,,0.0,0.0
84,model.language_model.layers.11.mlp.down_proj,11,layers_08_15,down_proj,mlp,4096,11008,45088768,dense_nvfp4,9.948972729034722e-05,0.014229710833631932,0.11928835162593174,0.21826171875,0.08361632630493607,16,global_coef_final_layer_type,final_layer_type,dense_nvfp4,output_rel_mse,0.00012038700887928107,0.029496945440769196,0.6452109813690186,0.4445337653160095,latency_model,4.934856405513043,4.934856405513043,True,,2.0843809771309347,0.00012038700887928107
84,model.language_model.layers.11.mlp.down_proj,11,layers_08_15,down_proj,mlp,4096,11008,45088768,sparse_bf16,0.0004625934234354645,0.06616331985528694,0.25722231601337964,0.484375,0.08361632630493607,16,global_coef_final_layer_type,final_layer_type,sparse_bf16,output_rel_mse,0.0003390444674997054,0.04986100643873215,0.5380073189735413,0.19102497398853302,latency_model,3.4039856523906575,3.4039856523906575,True,,3.61525173025332,0.0003390444674997054
84,model.language_model.layers.11.mlp.down_proj,11,layers_08_15,down_proj,mlp,4096,11008,45088768,sparse_nvfp4,0.0008754933951422572,0.12521913758263656,0.3538631622288997,0.6875,0.08361632630493607,16,global_coef_final_layer_type,final_layer_type,sparse_nvfp4,output_rel_mse,0.004762780086081701,0.20809470117092133,0.721612274646759,0.2532939910888672,latency_model,4.5866232192169125,4.5866232192169125,True,,2.432614163427065,0.004762780086081701
85,model.language_model.layers.12.self_attn.q_proj,12,layers_08_15,q_proj,attention,4096,4096,16777216,dense_bf16,0.0,0.0,0.0,0.0,0.0,16,global_coef_final_layer_type,dense_zero,dense_bf16,output_rel_mse,0.0,,,,latency_model,2.441358,2.441358,True,,0.0,0.0
85,model.language_model.layers.12.self_attn.q_proj,12,layers_08_15,q_proj,attention,4096,4096,16777216,dense_nvfp4,0.004427753388881683,0.004328466452791723,0.06579108186366693,0.8125,1.0114040400779858,16,global_coef_final_layer_type,final_layer_type,dense_nvfp4,output_rel_mse,4.9064521917352953e-05,0.029496945440769196,0.6461814045906067,0.5947055816650391,latency_model,1.969835,1.969835,True,,0.47152300000000014,4.9064521917352953e-05
85,model.language_model.layers.12.self_attn.q_proj,12,layers_08_15,q_proj,attention,4096,4096,16777216,sparse_bf16,0.024098075926303864,0.0235577061463622,0.15348519846018444,1.875,1.0114040400779858,16,global_coef_final_layer_type,final_layer_type,sparse_bf16,output_rel_mse,0.00021312689135329806,0.04986100643873215,0.5322893857955933,0.3408759832382202,latency_model,1.257995,1.257995,True,,1.1833630000000002,0.00021312689135329806
85,model.language_model.layers.12.self_attn.q_proj,12,layers_08_15,q_proj,attention,4096,4096,16777216,sparse_nvfp4,0.04630560427904129,0.04526725792845075,0.21276103479831723,3.0625,1.0114040400779858,16,global_coef_final_layer_type,final_layer_type,sparse_nvfp4,output_rel_mse,0.001810540487595198,0.20809470117092133,0.45486313104629517,0.422554075717926,latency_model,1.8060494999999999,1.8060494999999999,True,,0.6353085000000003,0.001810540487595198
86,model.language_model.layers.12.self_attn.k_proj,12,layers_08_15,k_proj,attention,4096,4096,16777216,dense_bf16,0.0,0.0,0.0,0.0,0.0,16,global_coef_final_layer_type,dense_zero,dense_bf16,output_rel_mse,0.0,,,,latency_model,2.441358,2.441358,True,,0.0,0.0
86,model.language_model.layers.12.self_attn.k_proj,12,layers_08_15,k_proj,attention,4096,4096,16777216,dense_nvfp4,0.004851529374718666,0.003038435822064881,0.055122008508987415,0.8125,1.2636136214022942,16,global_coef_final_layer_type,final_layer_type,dense_nvfp4,output_rel_mse,3.608747587302466e-05,0.029496945440769196,0.6461814045906067,0.6231246590614319,latency_model,1.969835,1.969835,True,,0.47152300000000014,3.608747587302466e-05
86,model.language_model.layers.12.self_attn.k_proj,12,layers_08_15,k_proj,attention,4096,4096,16777216,sparse_bf16,0.026292691007256508,0.016466694941853047,0.1283226205384423,1.9375,1.2636136214022942,16,global_coef_final_layer_type,final_layer_type,sparse_bf16,output_rel_mse,0.0001683585425261659,0.04986100643873215,0.5322893857955933,0.38522979617118835,latency_model,1.257995,1.257995,True,,1.1833630000000002,0.0001683585425261659
86,model.language_model.layers.12.self_attn.k_proj,12,layers_08_15,k_proj,attention,4096,4096,16777216,sparse_nvfp4,0.05136934667825699,0.03217180625899779,0.179365008457608,2.9375,1.2636136214022942,16,global_coef_final_layer_type,final_layer_type,sparse_nvfp4,output_rel_mse,0.0009210872020874242,0.20809470117092133,0.45486313104629517,0.302470862865448,latency_model,1.8060494999999999,1.8060494999999999,True,,0.6353085000000003,0.0009210872020874242
87,model.language_model.layers.12.self_attn.v_proj,12,layers_08_15,v_proj,attention,4096,4096,16777216,dense_bf16,0.0,0.0,0.0,0.0,0.0,16,global_coef_final_layer_type,dense_zero,dense_bf16,output_rel_mse,0.0,,,,latency_model,2.441358,2.441358,True,,0.0,0.0
87,model.language_model.layers.12.self_attn.v_proj,12,layers_08_15,v_proj,attention,4096,4096,16777216,dense_nvfp4,0.0014693356351926923,0.015872474337429204,0.12598600849867894,0.326171875,0.30425532575191755,16,global_coef_final_layer_type,final_layer_type,dense_nvfp4,output_rel_mse,0.00011730952638741476,0.029496945440769196,0.6461814045906067,0.38775476813316345,latency_model,1.969835,1.969835,True,,0.47152300000000014,0.00011730952638741476
87,model.language_model.layers.12.self_attn.v_proj,12,layers_08_15,v_proj,attention,4096,4096,16777216,sparse_bf16,0.008179571479558945,0.08835968807320252,0.2972535753749692,0.79248046875,0.30425532575191755,16,global_coef_final_layer_type,final_layer_type,sparse_bf16,output_rel_mse,0.0003152461937717265,0.04986100643873215,0.5322893857955933,0.13442710041999817,latency_model,1.257995,1.257995,True,,1.1833630000000002,0.0003152461937717265
87,model.language_model.layers.12.self_attn.v_proj,12,layers_08_15,v_proj,attention,4096,4096,16777216,sparse_nvfp4,0.014874703250825405,0.1606837403046027,0.40085376423903357,1.140625,0.30425532575191755,16,global_coef_final_layer_type,final_layer_type,sparse_nvfp4,output_rel_mse,0.011608842277443207,0.20809470117092133,0.45486313104629517,0.7632647752761841,latency_model,1.8060494999999999,1.8060494999999999,True,,0.6353085000000003,0.011608842277443207
88,model.language_model.layers.12.self_attn.o_proj,12,layers_08_15,o_proj,attention,4096,4096,16777216,dense_bf16,0.0,0.0,0.0,0.0,0.0,16,global_coef_final_layer_type,dense_zero,dense_bf16,output_rel_mse,0.0,,,,latency_model,2.441358,2.441358,True,,0.0,0.0
88,model.language_model.layers.12.self_attn.o_proj,12,layers_08_15,o_proj,attention,4096,4096,16777216,dense_nvfp4,6.805571320001036e-05,0.019310135822372974,0.13896091472918914,0.3681640625,0.05936625190335985,16,global_coef_final_layer_type,final_layer_type,dense_nvfp4,output_rel_mse,0.00016379360097984886,0.029496945440769196,0.6461814045906067,0.4450205862522125,latency_model,1.969835,1.969835,True,,0.47152300000000014,0.00016379360097984886
88,model.language_model.layers.12.self_attn.o_proj,12,layers_08_15,o_proj,attention,4096,4096,16777216,sparse_bf16,0.0003554687136784196,0.10086073334594704,0.3175857889546493,0.765625,0.05936625190335985,16,global_coef_final_layer_type,final_layer_type,sparse_bf16,output_rel_mse,0.0004392080687790833,0.04986100643873215,0.5322893857955933,0.16407383978366852,latency_model,1.257995,1.257995,True,,1.1833630000000002,0.0004392080687790833
88,model.language_model.layers.12.self_attn.o_proj,12,layers_08_15,o_proj,attention,4096,4096,16777216,sparse_nvfp4,0.0006435879040509462,0.18261170527059037,0.4273309083960466,1.130859375,0.05936625190335985,16,global_coef_final_layer_type,final_layer_type,sparse_nvfp4,output_rel_mse,0.003642562115279887,0.20809470117092133,0.45486313104629517,0.21073496341705322,latency_model,1.8060494999999999,1.8060494999999999,True,,0.6353085000000003,0.003642562115279887
89,model.language_model.layers.12.mlp.gate_proj,12,layers_08_15,gate_proj,mlp,11008,4096,45088768,dense_bf16,0.0,0.0,0.0,0.0,0.0,16,global_coef_final_layer_type,dense_zero,dense_bf16,output_rel_mse,0.0,,,,latency_model,6.993269319161178,6.993269319161178,True,,0.0,0.0
89,model.language_model.layers.12.mlp.gate_proj,12,layers_08_15,gate_proj,mlp,11008,4096,45088768,dense_nvfp4,0.0009555721189826727,0.010210357367670078,0.10104631298404745,0.546875,0.3059223899383007,16,global_coef_final_layer_type,final_layer_type,dense_nvfp4,output_rel_mse,9.372639647136273e-05,0.029496945440769196,0.6461814045906067,0.48160332441329956,latency_model,3.0619853161530486,3.0619853161530486,True,,3.9312840030081295,9.372639647136273e-05
89,model.language_model.layers.12.mlp.gate_proj,12,layers_08_15,gate_proj,mlp,11008,4096,45088768,sparse_bf16,0.00574185885488987,0.06135217813341154,0.24769371839715987,1.46875,0.3059223899383007,16,global_coef_final_layer_type,final_layer_type,sparse_bf16,output_rel_mse,0.0002835719630774054,0.04986100643873215,0.5322893857955933,0.17415039241313934,latency_model,3.3904291110950173,3.3904291110950173,True,,3.602840208066161,0.0002835719630774054
89,model.language_model.layers.12.mlp.gate_proj,12,layers_08_15,gate_proj,mlp,11008,4096,45088768,sparse_nvfp4,0.010321317240595818,0.11028402298276833,0.332090383755339,2.53125,0.3059223899383007,16,global_coef_final_layer_type,final_layer_type,sparse_nvfp4,output_rel_mse,0.0017415947104516846,0.20809470117092133,0.45486313104629517,0.16683714091777802,latency_model,2.5708457841501398,2.5708457841501398,True,,4.422423535011038,0.0017415947104516846
90,model.language_model.layers.12.mlp.up_proj,12,layers_08_15,up_proj,mlp,11008,4096,45088768,dense_bf16,0.0,0.0,0.0,0.0,0.0,16,global_coef_final_layer_type,dense_zero,dense_bf16,output_rel_mse,0.0,,,,latency_model,6.993269319161178,6.993269319161178,True,,0.0,0.0
90,model.language_model.layers.12.mlp.up_proj,12,layers_08_15,up_proj,mlp,11008,4096,45088768,dense_nvfp4,0.0008480932447127998,0.014809931515426552,0.1216960620374651,0.2393798828125,0.23930142063627022,16,global_coef_final_layer_type,final_layer_type,dense_nvfp4,output_rel_mse,0.00012503215187848233,0.029496945440769196,0.6461814045906067,0.4429320991039276,latency_model,3.0619853161530486,3.0619853161530486,True,,3.9312840030081295,0.00012503215187848233
90,model.language_model.layers.12.mlp.up_proj,12,layers_08_15,up_proj,mlp,11008,4096,45088768,sparse_bf16,0.005226044915616512,0.09126044545141225,0.30209343827930496,0.78125,0.23930142063627022,16,global_coef_final_layer_type,final_layer_type,sparse_bf16,output_rel_mse,0.00033505812279849333,0.04986100643873215,0.5322893857955933,0.13833393156528473,latency_model,3.3904291110950173,3.3904291110950173,True,,3.602840208066161,0.00033505812279849333
90,model.language_model.layers.12.mlp.up_proj,12,layers_08_15,up_proj,mlp,11008,4096,45088768,sparse_nvfp4,0.009235602803528309,0.16127783811113217,0.40159412111126847,1.40625,0.23930142063627022,16,global_coef_final_layer_type,final_layer_type,sparse_nvfp4,output_rel_mse,0.0031605307050804844,0.20809470117092133,0.45486313104629517,0.2070349007844925,latency_model,2.5708457841501398,2.5708457841501398,True,,4.422423535011038,0.0031605307050804844
91,model.language_model.layers.12.mlp.down_proj,12,layers_08_15,down_proj,mlp,4096,11008,45088768,dense_bf16,0.0,0.0,0.0,0.0,0.0,16,global_coef_final_layer_type,dense_zero,dense_bf16,output_rel_mse,0.0,,,,latency_model,7.019237382643977,7.019237382643977,True,,0.0,0.0
91,model.language_model.layers.12.mlp.down_proj,12,layers_08_15,down_proj,mlp,4096,11008,45088768,dense_nvfp4,0.00010224369179923087,0.014960182989596596,0.12231182685904335,0.173828125,0.08267035610928405,16,global_coef_final_layer_type,final_layer_type,dense_nvfp4,output_rel_mse,0.0001267573527933666,0.029496945440769196,0.6461814045906067,0.4445337653160095,latency_model,4.934856405513043,4.934856405513043,True,,2.0843809771309347,0.0001267573527933666
91,model.language_model.layers.12.mlp.down_proj,12,layers_08_15,down_proj,mlp,4096,11008,45088768,sparse_bf16,0.0004888741532340646,0.07153152104119063,0.2674537736529261,0.4609375,0.08267035610928405,16,global_coef_final_layer_type,final_layer_type,sparse_bf16,output_rel_mse,0.00036265732660675077,0.04986100643873215,0.5322893857955933,0.19102497398853302,latency_model,3.4039856523906575,3.4039856523906575,True,,3.61525173025332,0.00036265732660675077
91,model.language_model.layers.12.mlp.down_proj,12,layers_08_15,down_proj,mlp,4096,11008,45088768,sparse_nvfp4,0.0009209858253598213,0.1347576191327554,0.3670934746529219,0.650390625,0.08267035610928405,16,global_coef_final_layer_type,final_layer_type,sparse_nvfp4,output_rel_mse,0.003230873652077306,0.20809470117092133,0.45486313104629517,0.2532939910888672,latency_model,4.5866232192169125,4.5866232192169125,True,,2.432614163427065,0.003230873652077306
92,model.language_model.layers.13.self_attn.q_proj,13,layers_08_15,q_proj,attention,4096,4096,16777216,dense_bf16,0.0,0.0,0.0,0.0,0.0,16,global_coef_final_layer_type,dense_zero,dense_bf16,output_rel_mse,0.0,,,,latency_model,2.441358,2.441358,True,,0.0,0.0
92,model.language_model.layers.13.self_attn.q_proj,13,layers_08_15,q_proj,attention,4096,4096,16777216,dense_nvfp4,0.004438486881554127,0.0043532054236873965,0.06597882557068895,0.78125,1.009747739297745,16,global_coef_final_layer_type,final_layer_type,dense_nvfp4,output_rel_mse,4.917836026158916e-05,0.029496945440769196,0.6439999341964722,0.5947055816650391,latency_model,1.969835,1.969835,True,,0.47152300000000014,4.917836026158916e-05
92,model.language_model.layers.13.self_attn.q_proj,13,layers_08_15,q_proj,attention,4096,4096,16777216,sparse_bf16,0.023953616619110107,0.0234933698275857,0.15327547040405945,1.875,1.009747739297745,16,global_coef_final_layer_type,final_layer_type,sparse_bf16,output_rel_mse,0.00021620052190988312,0.04986100643873215,0.5414445400238037,0.3408759832382202,latency_model,1.257995,1.257995,True,,1.1833630000000002,0.00021620052190988312
92,model.language_model.layers.13.self_attn.q_proj,13,layers_08_15,q_proj,attention,4096,4096,16777216,sparse_nvfp4,0.044958192855119705,0.04409436238044323,0.20998657666727946,2.5625,1.009747739297745,16,global_coef_final_layer_type,final_layer_type,sparse_nvfp4,output_rel_mse,0.0022272658099137667,0.20809470117092133,0.5744413137435913,0.422554075717926,latency_model,1.8060494999999999,1.8060494999999999,True,,0.6353085000000003,0.0022272658099137667
93,model.language_model.layers.13.self_attn.k_proj,13,layers_08_15,k_proj,attention,4096,4096,16777216,dense_bf16,0.0,0.0,0.0,0.0,0.0,16,global_coef_final_layer_type,dense_zero,dense_bf16,output_rel_mse,0.0,,,,latency_model,2.441358,2.441358,True,,0.0,0.0
93,model.language_model.layers.13.self_attn.k_proj,13,layers_08_15,k_proj,attention,4096,4096,16777216,dense_nvfp4,0.004722037352621555,0.0030880671902744953,0.05557038051223417,0.84375,1.2365774954772797,16,global_coef_final_layer_type,final_layer_type,dense_nvfp4,output_rel_mse,3.655312798693652e-05,0.029496945440769196,0.6439999341964722,0.6231246590614319,latency_model,1.969835,1.969835,True,,0.47152300000000014,3.655312798693652e-05
93,model.language_model.layers.13.self_attn.k_proj,13,layers_08_15,k_proj,attention,4096,4096,16777216,sparse_bf16,0.025391845032572746,0.016605485660144158,0.12886227399880912,1.875,1.2365774954772797,16,global_coef_final_layer_type,final_layer_type,sparse_bf16,output_rel_mse,0.00017269766748301035,0.04986100643873215,0.5414445400238037,0.38522979617118835,latency_model,1.257995,1.257995,True,,1.1833630000000002,0.00017269766748301035
93,model.language_model.layers.13.self_attn.k_proj,13,layers_08_15,k_proj,attention,4096,4096,16777216,sparse_nvfp4,0.04953038692474365,0.03239134961501014,0.1799759695487432,2.78125,1.2365774954772797,16,global_coef_final_layer_type,final_layer_type,sparse_nvfp4,output_rel_mse,0.001171168215094246,0.20809470117092133,0.5744413137435913,0.302470862865448,latency_model,1.8060494999999999,1.8060494999999999,True,,0.6353085000000003,0.001171168215094246
94,model.language_model.layers.13.self_attn.v_proj,13,layers_08_15,v_proj,attention,4096,4096,16777216,dense_bf16,0.0,0.0,0.0,0.0,0.0,16,global_coef_final_layer_type,dense_zero,dense_bf16,output_rel_mse,0.0,,,,latency_model,2.441358,2.441358,True,,0.0,0.0
94,model.language_model.layers.13.self_attn.v_proj,13,layers_08_15,v_proj,attention,4096,4096,16777216,dense_nvfp4,0.0016101778019219637,0.016924189793741475,0.13009300439970428,0.3291015625,0.3084487212090737,16,global_coef_final_layer_type,final_layer_type,dense_nvfp4,output_rel_mse,0.00012466022368502354,0.029496945440769196,0.6439999341964722,0.38775476813316345,latency_model,1.969835,1.969835,True,,0.47152300000000014,0.00012466022368502354
94,model.language_model.layers.13.self_attn.v_proj,13,layers_08_15,v_proj,attention,4096,4096,16777216,sparse_bf16,0.008859299123287201,0.09311795232990464,0.3051523428222445,0.82421875,0.3084487212090737,16,global_coef_final_layer_type,final_layer_type,sparse_bf16,output_rel_mse,0.00033793662881910795,0.04986100643873215,0.5414445400238037,0.13442710041999817,latency_model,1.257995,1.257995,True,,1.1833630000000002,0.00033793662881910795
94,model.language_model.layers.13.self_attn.v_proj,13,layers_08_15,v_proj,attention,4096,4096,16777216,sparse_nvfp4,0.016059471294283867,0.16879722217458287,0.4108493911089353,1.05859375,0.3084487212090737,16,global_coef_final_layer_type,final_layer_type,sparse_nvfp4,output_rel_mse,0.015400939113128807,0.20809470117092133,0.5744413137435913,0.7632647752761841,latency_model,1.8060494999999999,1.8060494999999999,True,,0.6353085000000003,0.015400939113128807
95,model.language_model.layers.13.self_attn.o_proj,13,layers_08_15,o_proj,attention,4096,4096,16777216,dense_bf16,0.0,0.0,0.0,0.0,0.0,16,global_coef_final_layer_type,dense_zero,dense_bf16,output_rel_mse,0.0,,,,latency_model,2.441358,2.441358,True,,0.0,0.0
95,model.language_model.layers.13.self_attn.o_proj,13,layers_08_15,o_proj,attention,4096,4096,16777216,dense_nvfp4,5.768556729890406e-05,0.015386541180942018,0.12404249747946072,0.375,0.06122983402854077,16,global_coef_final_layer_type,final_layer_type,dense_nvfp4,output_rel_mse,0.0001300720463865882,0.029496945440769196,0.6439999341964722,0.4450205862522125,latency_model,1.969835,1.969835,True,,0.47152300000000014,0.0001300720463865882
95,model.language_model.layers.13.self_attn.o_proj,13,layers_08_15,o_proj,attention,4096,4096,16777216,sparse_bf16,0.00030026829335838556,0.08009092529419838,0.283003401559413,0.84375,0.06122983402854077,16,global_coef_final_layer_type,final_layer_type,sparse_bf16,output_rel_mse,0.00035476247171883945,0.04986100643873215,0.5414445400238037,0.16407383978366852,latency_model,1.257995,1.257995,True,,1.1833630000000002,0.00035476247171883945
95,model.language_model.layers.13.self_attn.o_proj,13,layers_08_15,o_proj,attention,4096,4096,16777216,sparse_nvfp4,0.0005486604641191661,0.1463448696236484,0.3825504798371692,1.296875,0.06122983402854077,16,global_coef_final_layer_type,final_layer_type,sparse_nvfp4,output_rel_mse,0.0036865555867320217,0.20809470117092133,0.5744413137435913,0.21073496341705322,latency_model,1.8060494999999999,1.8060494999999999,True,,0.6353085000000003,0.0036865555867320217
96,model.language_model.layers.13.mlp.gate_proj,13,layers_08_15,gate_proj,mlp,11008,4096,45088768,dense_bf16,0.0,0.0,0.0,0.0,0.0,16,global_coef_final_layer_type,dense_zero,dense_bf16,output_rel_mse,0.0,,,,latency_model,6.993269319161178,6.993269319161178,True,,0.0,0.0
96,model.language_model.layers.13.mlp.gate_proj,13,layers_08_15,gate_proj,mlp,11008,4096,45088768,dense_nvfp4,0.0009717472712509334,0.010213617592142891,0.10106244402419175,0.453125,0.3084514869448185,16,global_coef_final_layer_type,final_layer_type,dense_nvfp4,output_rel_mse,9.343980800462969e-05,0.029496945440769196,0.6439999341964722,0.48160332441329956,latency_model,3.0619853161530486,3.0619853161530486,True,,3.9312840030081295,9.343980800462969e-05
96,model.language_model.layers.13.mlp.gate_proj,13,layers_08_15,gate_proj,mlp,11008,4096,45088768,sparse_bf16,0.005899408366531134,0.062006143838275754,0.24901032877829737,1.271484375,0.3084514869448185,16,global_coef_final_layer_type,final_layer_type,sparse_bf16,output_rel_mse,0.0002915239231857765,0.04986100643873215,0.5414445400238037,0.17415039241313934,latency_model,3.3904291110950173,3.3904291110950173,True,,3.602840208066161,0.0002915239231857765
96,model.language_model.layers.13.mlp.gate_proj,13,layers_08_15,gate_proj,mlp,11008,4096,45088768,sparse_nvfp4,0.010379970073699951,0.10909940072605759,0.33030198413884465,1.640625,0.3084514869448185,16,global_coef_final_layer_type,final_layer_type,sparse_nvfp4,output_rel_mse,0.00217581412721642,0.20809470117092133,0.5744413137435913,0.16683714091777802,latency_model,2.5708457841501398,2.5708457841501398,True,,4.422423535011038,0.00217581412721642
97,model.language_model.layers.13.mlp.up_proj,13,layers_08_15,up_proj,mlp,11008,4096,45088768,dense_bf16,0.0,0.0,0.0,0.0,0.0,16,global_coef_final_layer_type,dense_zero,dense_bf16,output_rel_mse,0.0,,,,latency_model,6.993269319161178,6.993269319161178,True,,0.0,0.0
97,model.language_model.layers.13.mlp.up_proj,13,layers_08_15,up_proj,mlp,11008,4096,45088768,dense_nvfp4,0.0008864536066539586,0.015086109782905224,0.12282552577907095,0.2322998046875,0.24240377214106348,16,global_coef_final_layer_type,final_layer_type,dense_nvfp4,output_rel_mse,0.0001269338013368219,0.029496945440769196,0.6439999341964722,0.4429320991039276,latency_model,3.0619853161530486,3.0619853161530486,True,,3.9312840030081295,0.0001269338013368219
97,model.language_model.layers.13.mlp.up_proj,13,layers_08_15,up_proj,mlp,11008,4096,45088768,sparse_bf16,0.005477048456668854,0.0932111434635438,0.30530500071820604,0.671875,0.24240377214106348,16,global_coef_final_layer_type,final_layer_type,sparse_bf16,output_rel_mse,0.0003481060528720391,0.04986100643873215,0.5414445400238037,0.13833393156528473,latency_model,3.3904291110950173,3.3904291110950173,True,,3.602840208066161,0.0003481060528720391
97,model.language_model.layers.13.mlp.up_proj,13,layers_08_15,up_proj,mlp,11008,4096,45088768,sparse_nvfp4,0.00953830499202013,0.1623276335866054,0.4028990364677054,1.015625,0.24240377214106348,16,global_coef_final_layer_type,final_layer_type,sparse_nvfp4,output_rel_mse,0.004017378107239645,0.20809470117092133,0.5744413137435913,0.2070349007844925,latency_model,2.5708457841501398,2.5708457841501398,True,,4.422423535011038,0.004017378107239645
98,model.language_model.layers.13.mlp.down_proj,13,layers_08_15,down_proj,mlp,4096,11008,45088768,dense_bf16,0.0,0.0,0.0,0.0,0.0,16,global_coef_final_layer_type,dense_zero,dense_bf16,output_rel_mse,0.0,,,,latency_model,7.019237382643977,7.019237382643977,True,,0.0,0.0
98,model.language_model.layers.13.mlp.down_proj,13,layers_08_15,down_proj,mlp,4096,11008,45088768,dense_nvfp4,0.00011310828267596662,0.014919819804823467,0.12214671426126643,0.3203125,0.0870693726486748,16,global_coef_final_layer_type,final_layer_type,dense_nvfp4,output_rel_mse,0.00012598858547471596,0.029496945440769196,0.6439999341964722,0.4445337653160095,latency_model,4.934856405513043,4.934856405513043,True,,2.0843809771309347,0.00012598858547471596
98,model.language_model.layers.13.mlp.down_proj,13,layers_08_15,down_proj,mlp,4096,11008,45088768,sparse_bf16,0.0005149252829141915,0.06792245671377245,0.2606193713325478,0.421875,0.0870693726486748,16,global_coef_final_layer_type,final_layer_type,sparse_bf16,output_rel_mse,0.0003502825913855539,0.04986100643873215,0.5414445400238037,0.19102497398853302,latency_model,3.4039856523906575,3.4039856523906575,True,,3.61525173025332,0.0003502825913855539
98,model.language_model.layers.13.mlp.down_proj,13,layers_08_15,down_proj,mlp,4096,11008,45088768,sparse_nvfp4,0.00097832758910954,0.12904865138318633,0.3592334218627024,0.59375,0.0870693726486748,16,global_coef_final_layer_type,final_layer_type,sparse_nvfp4,output_rel_mse,0.003907374571620766,0.20809470117092133,0.5744413137435913,0.2532939910888672,latency_model,4.5866232192169125,4.5866232192169125,True,,2.432614163427065,0.003907374571620766
99,model.language_model.layers.14.self_attn.q_proj,14,layers_08_15,q_proj,attention,4096,4096,16777216,dense_bf16,0.0,0.0,0.0,0.0,0.0,16,global_coef_final_layer_type,dense_zero,dense_bf16,output_rel_mse,0.0,,,,latency_model,2.441358,2.441358,True,,0.0,0.0
99,model.language_model.layers.14.self_attn.q_proj,14,layers_08_15,q_proj,attention,4096,4096,16777216,dense_nvfp4,0.004654423333704472,0.004648057375111264,0.06817666298016693,0.71875,1.0006845634502657,16,global_coef_final_layer_type,final_layer_type,dense_nvfp4,output_rel_mse,5.2592596089041964e-05,0.029496945440769196,0.6450213193893433,0.5947055816650391,latency_model,1.969835,1.969835,True,,0.47152300000000014,5.2592596089041964e-05
99,model.language_model.layers.14.self_attn.q_proj,14,layers_08_15,q_proj,attention,4096,4096,16777216,sparse_bf16,0.02402631565928459,0.023993454331539266,0.15489820635352516,1.953125,1.0006845634502657,16,global_coef_final_layer_type,final_layer_type,sparse_bf16,output_rel_mse,0.00022039704753399993,0.04986100643873215,0.5404500365257263,0.3408759832382202,latency_model,1.257995,1.257995,True,,1.1833630000000002,0.00022039704753399993
99,model.language_model.layers.14.self_attn.q_proj,14,layers_08_15,q_proj,attention,4096,4096,16777216,sparse_nvfp4,0.04569258540868759,0.045630090640619986,0.21361200958892734,2.5625,1.0006845634502657,16,global_coef_final_layer_type,final_layer_type,sparse_nvfp4,output_rel_mse,0.0018440532537052471,0.20809470117092133,0.45959872007369995,0.422554075717926,latency_model,1.8060494999999999,1.8060494999999999,True,,0.6353085000000003,0.0018440532537052471
100,model.language_model.layers.14.self_attn.k_proj,14,layers_08_15,k_proj,attention,4096,4096,16777216,dense_bf16,0.0,0.0,0.0,0.0,0.0,16,global_coef_final_layer_type,dense_zero,dense_bf16,output_rel_mse,0.0,,,,latency_model,2.441358,2.441358,True,,0.0,0.0
100,model.language_model.layers.14.self_attn.k_proj,14,layers_08_15,k_proj,attention,4096,4096,16777216,dense_nvfp4,0.004958811681717634,0.003060350337048471,0.05532043326880648,0.828125,1.2729262279311657,16,global_coef_final_layer_type,final_layer_type,dense_nvfp4,output_rel_mse,3.6282499494181974e-05,0.029496945440769196,0.6450213193893433,0.6231246590614319,latency_model,1.969835,1.969835,True,,0.47152300000000014,3.6282499494181974e-05
100,model.language_model.layers.14.self_attn.k_proj,14,layers_08_15,k_proj,attention,4096,4096,16777216,sparse_bf16,0.02595616690814495,0.01601895156428144,0.12656599687230943,2.0625,1.2729262279311657,16,global_coef_final_layer_type,final_layer_type,sparse_bf16,output_rel_mse,0.00016629169118486417,0.04986100643873215,0.5404500365257263,0.38522979617118835,latency_model,1.257995,1.257995,True,,1.1833630000000002,0.00016629169118486417
100,model.language_model.layers.14.self_attn.k_proj,14,layers_08_15,k_proj,attention,4096,4096,16777216,sparse_nvfp4,0.052096009254455566,0.032151259155203345,0.17930772196200404,2.625,1.2729262279311657,16,global_coef_final_layer_type,final_layer_type,sparse_nvfp4,output_rel_mse,0.0009300822656936814,0.20809470117092133,0.45959872007369995,0.302470862865448,latency_model,1.8060494999999999,1.8060494999999999,True,,0.6353085000000003,0.0009300822656936814
101,model.language_model.layers.14.self_attn.v_proj,14,layers_08_15,v_proj,attention,4096,4096,16777216,dense_bf16,0.0,0.0,0.0,0.0,0.0,16,global_coef_final_layer_type,dense_zero,dense_bf16,output_rel_mse,0.0,,,,latency_model,2.441358,2.441358,True,,0.0,0.0
101,model.language_model.layers.14.self_attn.v_proj,14,layers_08_15,v_proj,attention,4096,4096,16777216,dense_nvfp4,0.0016140606021508574,0.016776940315024816,0.12952582875637128,0.3359375,0.31017267726567493,16,global_coef_final_layer_type,final_layer_type,dense_nvfp4,output_rel_mse,0.00012377160441563693,0.029496945440769196,0.6450213193893433,0.38775476813316345,latency_model,1.969835,1.969835,True,,0.47152300000000014,0.00012377160441563693
101,model.language_model.layers.14.self_attn.v_proj,14,layers_08_15,v_proj,attention,4096,4096,16777216,sparse_bf16,0.008778483606874943,0.09124570374415197,0.3020690380428818,0.859375,0.31017267726567493,16,global_coef_final_layer_type,final_layer_type,sparse_bf16,output_rel_mse,0.00033053377759178007,0.04986100643873215,0.5404500365257263,0.13442710041999817,latency_model,1.257995,1.257995,True,,1.1833630000000002,0.00033053377759178007
101,model.language_model.layers.14.self_attn.v_proj,14,layers_08_15,v_proj,attention,4096,4096,16777216,sparse_nvfp4,0.015828371047973633,0.1645239565367328,0.4056155279778288,1.171875,0.31017267726567493,16,global_coef_final_layer_type,final_layer_type,sparse_nvfp4,output_rel_mse,0.01201003290842843,0.20809470117092133,0.45959872007369995,0.7632647752761841,latency_model,1.8060494999999999,1.8060494999999999,True,,0.6353085000000003,0.01201003290842843
102,model.language_model.layers.14.self_attn.o_proj,14,layers_08_15,o_proj,attention,4096,4096,16777216,dense_bf16,0.0,0.0,0.0,0.0,0.0,16,global_coef_final_layer_type,dense_zero,dense_bf16,output_rel_mse,0.0,,,,latency_model,2.441358,2.441358,True,,0.0,0.0
102,model.language_model.layers.14.self_attn.o_proj,14,layers_08_15,o_proj,attention,4096,4096,16777216,dense_nvfp4,5.605456681223586e-05,0.017119447135489737,0.13084130515815615,0.28515625,0.05722168374340291,16,global_coef_final_layer_type,final_layer_type,dense_nvfp4,output_rel_mse,0.00014495091157601164,0.029496945440769196,0.6450213193893433,0.4450205862522125,latency_model,1.969835,1.969835,True,,0.47152300000000014,0.00014495091157601164
102,model.language_model.layers.14.self_attn.o_proj,14,layers_08_15,o_proj,attention,4096,4096,16777216,sparse_bf16,0.00032487980206497014,0.09922050803585154,0.3149928698174794,0.875,0.05722168374340291,16,global_coef_final_layer_type,final_layer_type,sparse_bf16,output_rel_mse,0.0004386896409808563,0.04986100643873215,0.5404500365257263,0.16407383978366852,latency_model,1.257995,1.257995,True,,1.1833630000000002,0.0004386896409808563
102,model.language_model.layers.14.self_attn.o_proj,14,layers_08_15,o_proj,attention,4096,4096,16777216,sparse_nvfp4,0.0005783145898021758,0.17662122126398572,0.4202632761305533,1.34375,0.05722168374340291,16,global_coef_final_layer_type,final_layer_type,sparse_nvfp4,output_rel_mse,0.003559748468188941,0.20809470117092133,0.45959872007369995,0.21073496341705322,latency_model,1.8060494999999999,1.8060494999999999,True,,0.6353085000000003,0.003559748468188941
103,model.language_model.layers.14.mlp.gate_proj,14,layers_08_15,gate_proj,mlp,11008,4096,45088768,dense_bf16,0.0,0.0,0.0,0.0,0.0,16,global_coef_final_layer_type,dense_zero,dense_bf16,output_rel_mse,0.0,,,,latency_model,6.993269319161178,6.993269319161178,True,,0.0,0.0
103,model.language_model.layers.14.mlp.gate_proj,14,layers_08_15,gate_proj,mlp,11008,4096,45088768,dense_nvfp4,0.001019735704176128,0.01097372729632155,0.10475555973943125,0.552734375,0.3048363346545128,16,global_coef_final_layer_type,final_layer_type,dense_nvfp4,output_rel_mse,0.00010055293551542737,0.029496945440769196,0.6450213193893433,0.48160332441329956,latency_model,3.0619853161530486,3.0619853161530486,True,,3.9312840030081295,0.00010055293551542737
103,model.language_model.layers.14.mlp.gate_proj,14,layers_08_15,gate_proj,mlp,11008,4096,45088768,sparse_bf16,0.006139553617686033,0.06606985206629011,0.25704056502095174,1.515625,0.3048363346545128,16,global_coef_final_layer_type,final_layer_type,sparse_bf16,output_rel_mse,0.00031005902909137786,0.04986100643873215,0.5404500365257263,0.17415039241313934,latency_model,3.3904291110950173,3.3904291110950173,True,,3.602840208066161,0.00031005902909137786
103,model.language_model.layers.14.mlp.gate_proj,14,layers_08_15,gate_proj,mlp,11008,4096,45088768,sparse_nvfp4,0.010926716029644012,0.117586156356597,0.3429083789536164,2.53125,0.3048363346545128,16,global_coef_final_layer_type,final_layer_type,sparse_nvfp4,output_rel_mse,0.0018762416194775986,0.20809470117092133,0.45959872007369995,0.16683714091777802,latency_model,2.5708457841501398,2.5708457841501398,True,,4.422423535011038,0.0018762416194775986
104,model.language_model.layers.14.mlp.up_proj,14,layers_08_15,up_proj,mlp,11008,4096,45088768,dense_bf16,0.0,0.0,0.0,0.0,0.0,16,global_coef_final_layer_type,dense_zero,dense_bf16,output_rel_mse,0.0,,,,latency_model,6.993269319161178,6.993269319161178,True,,0.0,0.0
104,model.language_model.layers.14.mlp.up_proj,14,layers_08_15,up_proj,mlp,11008,4096,45088768,dense_nvfp4,0.000944308063481003,0.015500777566638741,0.12450211872349298,0.2490234375,0.24681986301709496,16,global_coef_final_layer_type,final_layer_type,dense_nvfp4,output_rel_mse,0.0001306296469207779,0.029496945440769196,0.6450213193893433,0.4429320991039276,latency_model,3.0619853161530486,3.0619853161530486,True,,3.9312840030081295,0.0001306296469207779
104,model.language_model.layers.14.mlp.up_proj,14,layers_08_15,up_proj,mlp,11008,4096,45088768,sparse_bf16,0.005831028800457716,0.09571609511346472,0.3093801789279086,0.78125,0.24681986301709496,16,global_coef_final_layer_type,final_layer_type,sparse_bf16,output_rel_mse,0.0003568044676650093,0.04986100643873215,0.5404500365257263,0.13833393156528473,latency_model,3.3904291110950173,3.3904291110950173,True,,3.602840208066161,0.0003568044676650093
104,model.language_model.layers.14.mlp.up_proj,14,layers_08_15,up_proj,mlp,11008,4096,45088768,sparse_nvfp4,0.010253637097775936,0.1683130262763635,0.41025970588928606,1.25,0.24681986301709496,16,global_coef_final_layer_type,final_layer_type,sparse_nvfp4,output_rel_mse,0.003332737617341117,0.20809470117092133,0.45959872007369995,0.2070349007844925,latency_model,2.5708457841501398,2.5708457841501398,True,,4.422423535011038,0.003332737617341117
105,model.language_model.layers.14.mlp.down_proj,14,layers_08_15,down_proj,mlp,4096,11008,45088768,dense_bf16,0.0,0.0,0.0,0.0,0.0,16,global_coef_final_layer_type,dense_zero,dense_bf16,output_rel_mse,0.0,,,,latency_model,7.019237382643977,7.019237382643977,True,,0.0,0.0
105,model.language_model.layers.14.mlp.down_proj,14,layers_08_15,down_proj,mlp,4096,11008,45088768,dense_nvfp4,0.00011513943900354207,0.015350380605656359,0.1238966529235409,0.265625,0.08660689735412914,16,global_coef_final_layer_type,final_layer_type,dense_nvfp4,output_rel_mse,0.00012982998782858426,0.029496945440769196,0.6450213193893433,0.4445337653160095,latency_model,4.934856405513043,4.934856405513043,True,,2.0843809771309347,0.00012982998782858426
105,model.language_model.layers.14.mlp.down_proj,14,layers_08_15,down_proj,mlp,4096,11008,45088768,sparse_bf16,0.000529031443875283,0.07053042889670239,0.26557565569287855,0.3359375,0.08660689735412914,16,global_coef_final_layer_type,final_layer_type,sparse_bf16,output_rel_mse,0.00036306406427089174,0.04986100643873215,0.5404500365257263,0.19102497398853302,latency_model,3.4039856523906575,3.4039856523906575,True,,3.61525173025332,0.00036306406427089174
105,model.language_model.layers.14.mlp.down_proj,14,layers_08_15,down_proj,mlp,4096,11008,45088768,sparse_nvfp4,0.0009916865965351462,0.13221157606885828,0.3636090978906582,0.4970703125,0.08660689735412914,16,global_coef_final_layer_type,final_layer_type,sparse_nvfp4,output_rel_mse,0.0032028323155677426,0.20809470117092133,0.45959872007369995,0.2532939910888672,latency_model,4.5866232192169125,4.5866232192169125,True,,2.432614163427065,0.0032028323155677426
106,model.language_model.layers.15.self_attn.q_proj,15,layers_08_15,q_proj,attention,4096,4096,16777216,dense_bf16,0.0,0.0,0.0,0.0,0.0,16,global_coef_final_layer_type,dense_zero,dense_bf16,output_rel_mse,0.0,,,,latency_model,2.441358,2.441358,True,,0.0,0.0
106,model.language_model.layers.15.self_attn.q_proj,15,layers_08_15,q_proj,attention,4096,4096,16777216,dense_nvfp4,0.004579420201480389,0.004251662005586766,0.06520476980702229,0.75,1.0378291906193775,16,global_coef_final_layer_type,final_layer_type,dense_nvfp4,output_rel_mse,4.8218925251841e-05,0.029496945440769196,0.6465166807174683,0.5947055816650391,latency_model,1.969835,1.969835,True,,0.47152300000000014,4.8218925251841e-05
106,model.language_model.layers.15.self_attn.q_proj,15,layers_08_15,q_proj,attention,4096,4096,16777216,sparse_bf16,0.021406743675470352,0.019874620529234232,0.1409773759481791,1.6875,1.0378291906193775,16,global_coef_final_layer_type,final_layer_type,sparse_bf16,output_rel_mse,0.00019336623055730555,0.04986100643873215,0.5724325776100159,0.3408759832382202,latency_model,1.257995,1.257995,True,,1.1833630000000002,0.00019336623055730555
106,model.language_model.layers.15.self_attn.q_proj,15,layers_08_15,q_proj,attention,4096,4096,16777216,sparse_nvfp4,0.042081378400325775,0.03906953059899299,0.19766013912519892,2.59375,1.0378291906193775,16,global_coef_final_layer_type,final_layer_type,sparse_nvfp4,output_rel_mse,0.0017900968967274557,0.20809470117092133,0.5210687518119812,0.422554075717926,latency_model,1.8060494999999999,1.8060494999999999,True,,0.6353085000000003,0.0017900968967274557
107,model.language_model.layers.15.self_attn.k_proj,15,layers_08_15,k_proj,attention,4096,4096,16777216,dense_bf16,0.0,0.0,0.0,0.0,0.0,16,global_coef_final_layer_type,dense_zero,dense_bf16,output_rel_mse,0.0,,,,latency_model,2.441358,2.441358,True,,0.0,0.0
107,model.language_model.layers.15.self_attn.k_proj,15,layers_08_15,k_proj,attention,4096,4096,16777216,dense_nvfp4,0.004949035122990608,0.0031330584787554257,0.05597373025585686,0.78125,1.256828491852824,16,global_coef_final_layer_type,final_layer_type,dense_nvfp4,output_rel_mse,3.723061571464091e-05,0.029496945440769196,0.6465166807174683,0.6231246590614319,latency_model,1.969835,1.969835,True,,0.47152300000000014,3.723061571464091e-05
107,model.language_model.layers.15.self_attn.k_proj,15,layers_08_15,k_proj,attention,4096,4096,16777216,sparse_bf16,0.024305662140250206,0.015387052012728292,0.1240445565622623,1.897705078125,1.256828491852824,16,global_coef_final_layer_type,final_layer_type,sparse_bf16,output_rel_mse,0.00016918454004784546,0.04986100643873215,0.5724325776100159,0.38522979617118835,latency_model,1.257995,1.257995,True,,1.1833630000000002,0.00016918454004784546
107,model.language_model.layers.15.self_attn.k_proj,15,layers_08_15,k_proj,attention,4096,4096,16777216,sparse_nvfp4,0.048083338886499405,0.03043985521246084,0.17447021296617035,2.71875,1.256828491852824,16,global_coef_final_layer_type,final_layer_type,sparse_nvfp4,output_rel_mse,0.0009983485209429015,0.20809470117092133,0.5210687518119812,0.302470862865448,latency_model,1.8060494999999999,1.8060494999999999,True,,0.6353085000000003,0.0009983485209429015
108,model.language_model.layers.15.self_attn.v_proj,15,layers_08_15,v_proj,attention,4096,4096,16777216,dense_bf16,0.0,0.0,0.0,0.0,0.0,16,global_coef_final_layer_type,dense_zero,dense_bf16,output_rel_mse,0.0,,,,latency_model,2.441358,2.441358,True,,0.0,0.0
108,model.language_model.layers.15.self_attn.v_proj,15,layers_08_15,v_proj,attention,4096,4096,16777216,dense_nvfp4,0.0017104485305026174,0.01583633011919438,0.12584248137729317,0.345703125,0.3286455317141705,16,global_coef_final_layer_type,final_layer_type,dense_nvfp4,output_rel_mse,0.00011710312175725686,0.029496945440769196,0.6465166807174683,0.38775476813316345,latency_model,1.969835,1.969835,True,,0.47152300000000014,0.00011710312175725686
108,model.language_model.layers.15.self_attn.v_proj,15,layers_08_15,v_proj,attention,4096,4096,16777216,sparse_bf16,0.00903560034930706,0.08365685807259413,0.2892349530616833,0.8515625,0.3286455317141705,16,global_coef_final_layer_type,final_layer_type,sparse_bf16,output_rel_mse,0.00032097688864216186,0.04986100643873215,0.5724325776100159,0.13442710041999817,latency_model,1.257995,1.257995,True,,1.1833630000000002,0.00032097688864216186
108,model.language_model.layers.15.self_attn.v_proj,15,layers_08_15,v_proj,attention,4096,4096,16777216,sparse_nvfp4,0.016779419034719467,0.15535364806564972,0.39414927129914845,1.15234375,0.3286455317141705,16,global_coef_final_layer_type,final_layer_type,sparse_nvfp4,output_rel_mse,0.012857387331578445,0.20809470117092133,0.5210687518119812,0.7632647752761841,latency_model,1.8060494999999999,1.8060494999999999,True,,0.6353085000000003,0.012857387331578445
109,model.language_model.layers.15.self_attn.o_proj,15,layers_08_15,o_proj,attention,4096,4096,16777216,dense_bf16,0.0,0.0,0.0,0.0,0.0,16,global_coef_final_layer_type,dense_zero,dense_bf16,output_rel_mse,0.0,,,,latency_model,2.441358,2.441358,True,,0.0,0.0
109,model.language_model.layers.15.self_attn.o_proj,15,layers_08_15,o_proj,attention,4096,4096,16777216,dense_nvfp4,6.577912427019328e-05,0.01583398033401881,0.12583314481494456,0.390625,0.06445386915066317,16,global_coef_final_layer_type,final_layer_type,dense_nvfp4,output_rel_mse,0.00013437763152990251,0.029496945440769196,0.6465166807174683,0.4450205862522125,latency_model,1.969835,1.969835,True,,0.47152300000000014,0.00013437763152990251
109,model.language_model.layers.15.self_attn.o_proj,15,layers_08_15,o_proj,attention,4096,4096,16777216,sparse_bf16,0.00037425116170197725,0.09008763190631314,0.30014601764193566,0.859375,0.06445386915066317,16,global_coef_final_layer_type,final_layer_type,sparse_bf16,output_rel_mse,0.00042188093044439923,0.04986100643873215,0.5724325776100159,0.16407383978366852,latency_model,1.257995,1.257995,True,,1.1833630000000002,0.00042188093044439923
109,model.language_model.layers.15.self_attn.o_proj,15,layers_08_15,o_proj,attention,4096,4096,16777216,sparse_nvfp4,0.0006723959231749177,0.16185535977179993,0.40231251505738663,1.05810546875,0.06445386915066317,16,global_coef_final_layer_type,final_layer_type,sparse_nvfp4,output_rel_mse,0.003698449838902573,0.20809470117092133,0.5210687518119812,0.21073496341705322,latency_model,1.8060494999999999,1.8060494999999999,True,,0.6353085000000003,0.003698449838902573
110,model.language_model.layers.15.mlp.gate_proj,15,layers_08_15,gate_proj,mlp,11008,4096,45088768,dense_bf16,0.0,0.0,0.0,0.0,0.0,16,global_coef_final_layer_type,dense_zero,dense_bf16,output_rel_mse,0.0,,,,latency_model,6.993269319161178,6.993269319161178,True,,0.0,0.0
110,model.language_model.layers.15.mlp.gate_proj,15,layers_08_15,gate_proj,mlp,11008,4096,45088768,dense_nvfp4,0.0011057258816435933,0.011374437258267941,0.1066510068319467,0.625,0.31178755610300746,16,global_coef_final_layer_type,final_layer_type,dense_nvfp4,output_rel_mse,0.00010446629084576272,0.029496945440769196,0.6465166807174683,0.48160332441329956,latency_model,3.0619853161530486,3.0619853161530486,True,,3.9312840030081295,0.00010446629084576272
110,model.language_model.layers.15.mlp.gate_proj,15,layers_08_15,gate_proj,mlp,11008,4096,45088768,sparse_bf16,0.006675088312476873,0.06866563807912993,0.26204129079045907,1.6875,0.31178755610300746,16,global_coef_final_layer_type,final_layer_type,sparse_bf16,output_rel_mse,0.000341310225545076,0.04986100643873215,0.5724325776100159,0.17415039241313934,latency_model,3.3904291110950173,3.3904291110950173,True,,3.602840208066161,0.000341310225545076
110,model.language_model.layers.15.mlp.gate_proj,15,layers_08_15,gate_proj,mlp,11008,4096,45088768,sparse_nvfp4,0.011931627057492733,0.12273886829235692,0.35034107422960975,2.625,0.31178755610300746,16,global_coef_final_layer_type,final_layer_type,sparse_nvfp4,output_rel_mse,0.0022203983941175066,0.20809470117092133,0.5210687518119812,0.16683714091777802,latency_model,2.5708457841501398,2.5708457841501398,True,,4.422423535011038,0.0022203983941175066
111,model.language_model.layers.15.mlp.up_proj,15,layers_08_15,up_proj,mlp,11008,4096,45088768,dense_bf16,0.0,0.0,0.0,0.0,0.0,16,global_coef_final_layer_type,dense_zero,dense_bf16,output_rel_mse,0.0,,,,latency_model,6.993269319161178,6.993269319161178,True,,0.0,0.0
111,model.language_model.layers.15.mlp.up_proj,15,layers_08_15,up_proj,mlp,11008,4096,45088768,dense_nvfp4,0.0010200998513028026,0.015402688559222883,0.12410756850096968,0.2734375,0.2573493496459902,16,global_coef_final_layer_type,final_layer_type,dense_nvfp4,output_rel_mse,0.0001301039458185868,0.029496945440769196,0.6465166807174683,0.4429320991039276,latency_model,3.0619853161530486,3.0619853161530486,True,,3.9312840030081295,0.0001301039458185868
111,model.language_model.layers.15.mlp.up_proj,15,layers_08_15,up_proj,mlp,11008,4096,45088768,sparse_bf16,0.00622327858582139,0.09396650901602238,0.30653957169674256,1.09375,0.2573493496459902,16,global_coef_final_layer_type,final_layer_type,sparse_bf16,output_rel_mse,0.0003710113492796883,0.04986100643873215,0.5724325776100159,0.13833393156528473,latency_model,3.3904291110950173,3.3904291110950173,True,,3.602840208066161,0.0003710113492796883
111,model.language_model.layers.15.mlp.up_proj,15,layers_08_15,up_proj,mlp,11008,4096,45088768,sparse_nvfp4,0.010865023359656334,0.1640531275283877,0.4050347238551131,1.40625,0.2573493496459902,16,global_coef_final_layer_type,final_layer_type,sparse_nvfp4,output_rel_mse,0.0036828508255071757,0.20809470117092133,0.5210687518119812,0.2070349007844925,latency_model,2.5708457841501398,2.5708457841501398,True,,4.422423535011038,0.0036828508255071757
112,model.language_model.layers.15.mlp.down_proj,15,layers_08_15,down_proj,mlp,4096,11008,45088768,dense_bf16,0.0,0.0,0.0,0.0,0.0,16,global_coef_final_layer_type,dense_zero,dense_bf16,output_rel_mse,0.0,,,,latency_model,7.019237382643977,7.019237382643977,True,,0.0,0.0
112,model.language_model.layers.15.mlp.down_proj,15,layers_08_15,down_proj,mlp,4096,11008,45088768,dense_nvfp4,0.00015470015932805836,0.014909658770225351,0.12210511361210616,0.296875,0.10186184271585047,16,global_coef_final_layer_type,final_layer_type,dense_nvfp4,output_rel_mse,0.00012639480891696965,0.029496945440769196,0.6465166807174683,0.4445337653160095,latency_model,4.934856405513043,4.934856405513043,True,,2.0843809771309347,0.00012639480891696965
112,model.language_model.layers.15.mlp.down_proj,15,layers_08_15,down_proj,mlp,4096,11008,45088768,sparse_bf16,0.0006136568845249712,0.059142891578182435,0.24319311581165787,0.328125,0.10186184271585047,16,global_coef_final_layer_type,final_layer_type,sparse_bf16,output_rel_mse,0.00032246166008866755,0.04986100643873215,0.5724325776100159,0.19102497398853302,latency_model,3.4039856523906575,3.4039856523906575,True,,3.61525173025332,0.00032246166008866755
112,model.language_model.layers.15.mlp.down_proj,15,layers_08_15,down_proj,mlp,4096,11008,45088768,sparse_nvfp4,0.001195417484268546,0.11521168986393283,0.3394284753286513,0.58984375,0.10186184271585047,16,global_coef_final_layer_type,final_layer_type,sparse_nvfp4,output_rel_mse,0.003164298788949883,0.20809470117092133,0.5210687518119812,0.2532939910888672,latency_model,4.5866232192169125,4.5866232192169125,True,,2.432614163427065,0.003164298788949883
113,model.language_model.layers.16.self_attn.q_proj,16,layers_16_23,q_proj,attention,4096,4096,16777216,dense_bf16,0.0,0.0,0.0,0.0,0.0,16,global_coef_final_layer_type,dense_zero,dense_bf16,output_rel_mse,0.0,,,,latency_model,2.441358,2.441358,True,,0.0,0.0
113,model.language_model.layers.16.self_attn.q_proj,16,layers_16_23,q_proj,attention,4096,4096,16777216,dense_nvfp4,0.004588269628584385,0.004548710428700989,0.06744412820031843,0.90625,1.0043389838644559,16,global_coef_final_layer_type,final_layer_type,dense_nvfp4,output_rel_mse,5.105714685073755e-05,0.029496945440769196,0.6398662328720093,0.5947055816650391,latency_model,1.969835,1.969835,True,,0.47152300000000014,5.105714685073755e-05
113,model.language_model.layers.16.self_attn.q_proj,16,layers_16_23,q_proj,attention,4096,4096,16777216,sparse_bf16,0.022092102095484734,0.02190162813615264,0.14799198672952749,1.890625,1.0043389838644559,16,global_coef_final_layer_type,final_layer_type,sparse_bf16,output_rel_mse,0.0002187649703926438,0.04986100643873215,0.5876840949058533,0.3408759832382202,latency_model,1.257995,1.257995,True,,1.1833630000000002,0.0002187649703926438
113,model.language_model.layers.16.self_attn.q_proj,16,layers_16_23,q_proj,attention,4096,4096,16777216,sparse_nvfp4,0.04188838228583336,0.04152722851289159,0.203782306672811,2.6875,1.0043389838644559,16,global_coef_final_layer_type,final_layer_type,sparse_nvfp4,output_rel_mse,0.0012474273713130922,0.20809470117092133,0.3416166305541992,0.422554075717926,latency_model,1.8060494999999999,1.8060494999999999,True,,0.6353085000000003,0.0012474273713130922
114,model.language_model.layers.16.self_attn.k_proj,16,layers_16_23,k_proj,attention,4096,4096,16777216,dense_bf16,0.0,0.0,0.0,0.0,0.0,16,global_coef_final_layer_type,dense_zero,dense_bf16,output_rel_mse,0.0,,,,latency_model,2.441358,2.441358,True,,0.0,0.0
114,model.language_model.layers.16.self_attn.k_proj,16,layers_16_23,k_proj,attention,4096,4096,16777216,dense_nvfp4,0.004944736137986183,0.0030432404926094064,0.05516557343678579,0.75,1.2746866102839771,16,global_coef_final_layer_type,final_layer_type,dense_nvfp4,output_rel_mse,3.579129802005513e-05,0.029496945440769196,0.6398662328720093,0.6231246590614319,latency_model,1.969835,1.969835,True,,0.47152300000000014,3.579129802005513e-05
114,model.language_model.layers.16.self_attn.k_proj,16,layers_16_23,k_proj,attention,4096,4096,16777216,sparse_bf16,0.025211380794644356,0.015516357752529929,0.1245646729716332,1.828125,1.2746866102839771,16,global_coef_final_layer_type,final_layer_type,sparse_bf16,output_rel_mse,0.00017515181128165063,0.04986100643873215,0.5876840949058533,0.38522979617118835,latency_model,1.257995,1.257995,True,,1.1833630000000002,0.00017515181128165063
114,model.language_model.layers.16.self_attn.k_proj,16,layers_16_23,k_proj,attention,4096,4096,16777216,sparse_nvfp4,0.04935407638549805,0.03037499262657421,0.17428422942588412,2.5625,1.2746866102839771,16,global_coef_final_layer_type,final_layer_type,sparse_nvfp4,output_rel_mse,0.0006531301810791976,0.20809470117092133,0.3416166305541992,0.302470862865448,latency_model,1.8060494999999999,1.8060494999999999,True,,0.6353085000000003,0.0006531301810791976
115,model.language_model.layers.16.self_attn.v_proj,16,layers_16_23,v_proj,attention,4096,4096,16777216,dense_bf16,0.0,0.0,0.0,0.0,0.0,16,global_coef_final_layer_type,dense_zero,dense_bf16,output_rel_mse,0.0,,,,latency_model,2.441358,2.441358,True,,0.0,0.0
115,model.language_model.layers.16.self_attn.v_proj,16,layers_16_23,v_proj,attention,4096,4096,16777216,dense_nvfp4,0.001895427005365491,0.018415141004728727,0.13570239866976827,0.36328125,0.3208233783259131,16,global_coef_final_layer_type,final_layer_type,dense_nvfp4,output_rel_mse,0.00013477161496698708,0.029496945440769196,0.6398662328720093,0.38775476813316345,latency_model,1.969835,1.969835,True,,0.47152300000000014,0.00013477161496698708
115,model.language_model.layers.16.self_attn.v_proj,16,layers_16_23,v_proj,attention,4096,4096,16777216,sparse_bf16,0.010014127939939499,0.09729289364948127,0.31191808804473214,0.921875,0.3208233783259131,16,global_coef_final_layer_type,final_layer_type,sparse_bf16,output_rel_mse,0.00038324185076899636,0.04986100643873215,0.5876840949058533,0.13442710041999817,latency_model,1.257995,1.257995,True,,1.1833630000000002,0.00038324185076899636
115,model.language_model.layers.16.self_attn.v_proj,16,layers_16_23,v_proj,attention,4096,4096,16777216,sparse_nvfp4,0.018221858888864517,0.17703562303208015,0.4207560136612193,1.2578125,0.3208233783259131,16,global_coef_final_layer_type,final_layer_type,sparse_nvfp4,output_rel_mse,0.009605852426075194,0.20809470117092133,0.3416166305541992,0.7632647752761841,latency_model,1.8060494999999999,1.8060494999999999,True,,0.6353085000000003,0.009605852426075194
116,model.language_model.layers.16.self_attn.o_proj,16,layers_16_23,o_proj,attention,4096,4096,16777216,dense_bf16,0.0,0.0,0.0,0.0,0.0,16,global_coef_final_layer_type,dense_zero,dense_bf16,output_rel_mse,0.0,,,,latency_model,2.441358,2.441358,True,,0.0,0.0
116,model.language_model.layers.16.self_attn.o_proj,16,layers_16_23,o_proj,attention,4096,4096,16777216,dense_nvfp4,6.094820855651051e-05,0.015579186728563503,0.12481661239019229,0.45703125,0.06254723001146353,16,global_coef_final_layer_type,final_layer_type,dense_nvfp4,output_rel_mse,0.00013085524087567017,0.029496945440769196,0.6398662328720093,0.4450205862522125,latency_model,1.969835,1.969835,True,,0.47152300000000014,0.00013085524087567017
116,model.language_model.layers.16.self_attn.o_proj,16,layers_16_23,o_proj,attention,4096,4096,16777216,sparse_bf16,0.00034880120074376464,0.0891583061460435,0.2985938816286153,0.96875,0.06254723001146353,16,global_coef_final_layer_type,final_layer_type,sparse_bf16,output_rel_mse,0.00042865325756525475,0.04986100643873215,0.5876840949058533,0.16407383978366852,latency_model,1.257995,1.257995,True,,1.1833630000000002,0.00042865325756525475
116,model.language_model.layers.16.self_attn.o_proj,16,layers_16_23,o_proj,attention,4096,4096,16777216,sparse_nvfp4,0.0006283603142946959,0.16061739796895502,0.40077100440145996,1.763671875,0.06254723001146353,16,global_coef_final_layer_type,final_layer_type,sparse_nvfp4,output_rel_mse,0.0024061860722803708,0.20809470117092133,0.3416166305541992,0.21073496341705322,latency_model,1.8060494999999999,1.8060494999999999,True,,0.6353085000000003,0.0024061860722803708
117,model.language_model.layers.16.mlp.gate_proj,16,layers_16_23,gate_proj,mlp,11008,4096,45088768,dense_bf16,0.0,0.0,0.0,0.0,0.0,16,global_coef_final_layer_type,dense_zero,dense_bf16,output_rel_mse,0.0,,,,latency_model,6.993269319161178,6.993269319161178,True,,0.0,0.0
117,model.language_model.layers.16.mlp.gate_proj,16,layers_16_23,gate_proj,mlp,11008,4096,45088768,dense_nvfp4,0.0013055449817329645,0.011788581646730897,0.10857523496051436,0.58203125,0.3327860723220056,16,global_coef_final_layer_type,final_layer_type,dense_nvfp4,output_rel_mse,0.00010715619128929695,0.029496945440769196,0.6398662328720093,0.48160332441329956,latency_model,3.0619853161530486,3.0619853161530486,True,,3.9312840030081295,0.00010715619128929695
117,model.language_model.layers.16.mlp.gate_proj,16,layers_16_23,gate_proj,mlp,11008,4096,45088768,sparse_bf16,0.007637323345988989,0.06896216605816692,0.26260648517918767,1.46875,0.3327860723220056,16,global_coef_final_layer_type,final_layer_type,sparse_bf16,output_rel_mse,0.0003519170665754818,0.04986100643873215,0.5876840949058533,0.17415039241313934,latency_model,3.3904291110950173,3.3904291110950173,True,,3.602840208066161,0.0003519170665754818
117,model.language_model.layers.16.mlp.gate_proj,16,layers_16_23,gate_proj,mlp,11008,4096,45088768,sparse_nvfp4,0.013678298331797123,0.12350990500434166,0.351439760135847,2.28125,0.3327860723220056,16,global_coef_final_layer_type,final_layer_type,sparse_nvfp4,output_rel_mse,0.0014648547137939398,0.20809470117092133,0.3416166305541992,0.16683714091777802,latency_model,2.5708457841501398,2.5708457841501398,True,,4.422423535011038,0.0014648547137939398
118,model.language_model.layers.16.mlp.up_proj,16,layers_16_23,up_proj,mlp,11008,4096,45088768,dense_bf16,0.0,0.0,0.0,0.0,0.0,16,global_coef_final_layer_type,dense_zero,dense_bf16,output_rel_mse,0.0,,,,latency_model,6.993269319161178,6.993269319161178,True,,0.0,0.0
118,model.language_model.layers.16.mlp.up_proj,16,layers_16_23,up_proj,mlp,11008,4096,45088768,dense_nvfp4,0.0011728041572496295,0.015351731163443535,0.12390210314374625,0.2802734375,0.2763974742671529,16,global_coef_final_layer_type,final_layer_type,dense_nvfp4,output_rel_mse,0.0001283396197132394,0.029496945440769196,0.6398662328720093,0.4429320991039276,latency_model,3.0619853161530486,3.0619853161530486,True,,3.9312840030081295,0.0001283396197132394
118,model.language_model.layers.16.mlp.up_proj,16,layers_16_23,up_proj,mlp,11008,4096,45088768,sparse_bf16,0.007073517423123121,0.09259068292730024,0.30428717180863907,0.96875,0.2763974742671529,16,global_coef_final_layer_type,final_layer_type,sparse_bf16,output_rel_mse,0.00037531937552038187,0.04986100643873215,0.5876840949058533,0.13833393156528473,latency_model,3.3904291110950173,3.3904291110950173,True,,3.602840208066161,0.00037531937552038187
118,model.language_model.layers.16.mlp.up_proj,16,layers_16_23,up_proj,mlp,11008,4096,45088768,sparse_nvfp4,0.012406371533870697,0.16239649162604614,0.40298448062679304,1.53125,0.2763974742671529,16,global_coef_final_layer_type,final_layer_type,sparse_nvfp4,output_rel_mse,0.0023901228931176525,0.20809470117092133,0.3416166305541992,0.2070349007844925,latency_model,2.5708457841501398,2.5708457841501398,True,,4.422423535011038,0.0023901228931176525
119,model.language_model.layers.16.mlp.down_proj,16,layers_16_23,down_proj,mlp,4096,11008,45088768,dense_bf16,0.0,0.0,0.0,0.0,0.0,16,global_coef_final_layer_type,dense_zero,dense_bf16,output_rel_mse,0.0,,,,latency_model,7.019237382643977,7.019237382643977,True,,0.0,0.0
119,model.language_model.layers.16.mlp.down_proj,16,layers_16_23,down_proj,mlp,4096,11008,45088768,dense_nvfp4,0.0005663881311193109,0.009114454694333354,0.09546965326392128,0.4375,0.24928246284602035,16,global_coef_final_layer_type,final_layer_type,dense_nvfp4,output_rel_mse,7.647186495343173e-05,0.029496945440769196,0.6398662328720093,0.4445337653160095,latency_model,4.934856405513043,4.934856405513043,True,,2.0843809771309347,7.647186495343173e-05
119,model.language_model.layers.16.mlp.down_proj,16,layers_16_23,down_proj,mlp,4096,11008,45088768,sparse_bf16,0.0007862789207138121,0.01265299042512197,0.11248551206765238,0.421875,0.24928246284602035,16,global_coef_final_layer_type,final_layer_type,sparse_bf16,output_rel_mse,7.082528098555362e-05,0.04986100643873215,0.5876840949058533,0.19102497398853302,latency_model,3.4039856523906575,3.4039856523906575,True,,3.61525173025332,7.082528098555362e-05
119,model.language_model.layers.16.mlp.down_proj,16,layers_16_23,down_proj,mlp,4096,11008,45088768,sparse_nvfp4,0.0018812073394656181,0.03027284316908626,0.17399092841032335,0.59375,0.24928246284602035,16,global_coef_final_layer_type,final_layer_type,sparse_nvfp4,output_rel_mse,0.0005451024382193338,0.20809470117092133,0.3416166305541992,0.2532939910888672,latency_model,4.5866232192169125,4.5866232192169125,True,,2.432614163427065,0.0005451024382193338
120,model.language_model.layers.17.self_attn.q_proj,17,layers_16_23,q_proj,attention,4096,4096,16777216,dense_bf16,0.0,0.0,0.0,0.0,0.0,16,global_coef_final_layer_type,dense_zero,dense_bf16,output_rel_mse,0.0,,,,latency_model,2.441358,2.441358,True,,0.0,0.0
120,model.language_model.layers.17.self_attn.q_proj,17,layers_16_23,q_proj,attention,4096,4096,16777216,dense_nvfp4,0.0045320820063352585,0.004563254916427838,0.06755186834150362,0.8125,0.9965785025086045,16,global_coef_final_layer_type,final_layer_type,dense_nvfp4,output_rel_mse,5.070899346427703e-05,0.029496945440769196,0.633477509021759,0.5947055816650391,latency_model,1.969835,1.969835,True,,0.47152300000000014,5.070899346427703e-05
120,model.language_model.layers.17.self_attn.q_proj,17,layers_16_23,q_proj,attention,4096,4096,16777216,sparse_bf16,0.02250901609659195,0.02266383931781139,0.1505451404656138,1.90625,0.9965785025086045,16,global_coef_final_layer_type,final_layer_type,sparse_bf16,output_rel_mse,0.0002268427242391589,0.04986100643873215,0.5888896584510803,0.3408759832382202,latency_model,1.257995,1.257995,True,,1.1833630000000002,0.0002268427242391589
120,model.language_model.layers.17.self_attn.q_proj,17,layers_16_23,q_proj,attention,4096,4096,16777216,sparse_nvfp4,0.04276663810014725,0.04306079883302768,0.20751096075395073,2.5625,0.9965785025086045,16,global_coef_final_layer_type,final_layer_type,sparse_nvfp4,output_rel_mse,0.001698584788192082,0.20809470117092133,0.4486026465892792,0.422554075717926,latency_model,1.8060494999999999,1.8060494999999999,True,,0.6353085000000003,0.001698584788192082
121,model.language_model.layers.17.self_attn.k_proj,17,layers_16_23,k_proj,attention,4096,4096,16777216,dense_bf16,0.0,0.0,0.0,0.0,0.0,16,global_coef_final_layer_type,dense_zero,dense_bf16,output_rel_mse,0.0,,,,latency_model,2.441358,2.441358,True,,0.0,0.0
121,model.language_model.layers.17.self_attn.k_proj,17,layers_16_23,k_proj,attention,4096,4096,16777216,dense_nvfp4,0.004836146254092455,0.0032562960599522043,0.057063964635768204,0.8125,1.2186746329454807,16,global_coef_final_layer_type,final_layer_type,dense_nvfp4,output_rel_mse,3.7914651372149635e-05,0.029496945440769196,0.633477509021759,0.6231246590614319,latency_model,1.969835,1.969835,True,,0.47152300000000014,3.7914651372149635e-05
121,model.language_model.layers.17.self_attn.k_proj,17,layers_16_23,k_proj,attention,4096,4096,16777216,sparse_bf16,0.025395086035132408,0.01709913519020883,0.13076366158152972,2.1875,1.2186746329454807,16,global_coef_final_layer_type,final_layer_type,sparse_bf16,output_rel_mse,0.00019341448023915252,0.04986100643873215,0.5888896584510803,0.38522979617118835,latency_model,1.257995,1.257995,True,,1.1833630000000002,0.00019341448023915252
121,model.language_model.layers.17.self_attn.k_proj,17,layers_16_23,k_proj,attention,4096,4096,16777216,sparse_nvfp4,0.04935147985816002,0.03322956357635929,0.18228977913300376,3.03125,1.2186746329454807,16,global_coef_final_layer_type,final_layer_type,sparse_nvfp4,output_rel_mse,0.0009382769248904814,0.20809470117092133,0.4486026465892792,0.302470862865448,latency_model,1.8060494999999999,1.8060494999999999,True,,0.6353085000000003,0.0009382769248904814
122,model.language_model.layers.17.self_attn.v_proj,17,layers_16_23,v_proj,attention,4096,4096,16777216,dense_bf16,0.0,0.0,0.0,0.0,0.0,16,global_coef_final_layer_type,dense_zero,dense_bf16,output_rel_mse,0.0,,,,latency_model,2.441358,2.441358,True,,0.0,0.0
122,model.language_model.layers.17.self_attn.v_proj,17,layers_16_23,v_proj,attention,4096,4096,16777216,dense_nvfp4,0.0019380929879844189,0.017054820824566937,0.13059410715865757,0.36376953125,0.33710385933581816,16,global_coef_final_layer_type,final_layer_type,dense_nvfp4,output_rel_mse,0.00012356985961307142,0.029496945440769196,0.633477509021759,0.38775476813316345,latency_model,1.969835,1.969835,True,,0.47152300000000014,0.00012356985961307142
122,model.language_model.layers.17.self_attn.v_proj,17,layers_16_23,v_proj,attention,4096,4096,16777216,sparse_bf16,0.010417111217975616,0.09166844234699263,0.3027679678350942,0.90625,0.33710385933581816,16,global_coef_final_layer_type,final_layer_type,sparse_bf16,output_rel_mse,0.00036182756620413897,0.04986100643873215,0.5888896584510803,0.13442710041999817,latency_model,1.257995,1.257995,True,,1.1833630000000002,0.00036182756620413897
122,model.language_model.layers.17.self_attn.v_proj,17,layers_16_23,v_proj,attention,4096,4096,16777216,sparse_nvfp4,0.01904013194143772,0.16754925627951592,0.40932781029330995,1.20703125,0.33710385933581816,16,global_coef_final_layer_type,final_layer_type,sparse_nvfp4,output_rel_mse,0.01193824748197784,0.20809470117092133,0.4486026465892792,0.7632647752761841,latency_model,1.8060494999999999,1.8060494999999999,True,,0.6353085000000003,0.01193824748197784
123,model.language_model.layers.17.self_attn.o_proj,17,layers_16_23,o_proj,attention,4096,4096,16777216,dense_bf16,0.0,0.0,0.0,0.0,0.0,16,global_coef_final_layer_type,dense_zero,dense_bf16,output_rel_mse,0.0,,,,latency_model,2.441358,2.441358,True,,0.0,0.0
123,model.language_model.layers.17.self_attn.o_proj,17,layers_16_23,o_proj,attention,4096,4096,16777216,dense_nvfp4,7.321181328734383e-05,0.017128724628224904,0.13087675358223438,0.40625,0.0653774636649576,16,global_coef_final_layer_type,final_layer_type,dense_nvfp4,output_rel_mse,0.00014243390270258916,0.029496945440769196,0.633477509021759,0.4450205862522125,latency_model,1.969835,1.969835,True,,0.47152300000000014,0.00014243390270258916
123,model.language_model.layers.17.self_attn.o_proj,17,layers_16_23,o_proj,attention,4096,4096,16777216,sparse_bf16,0.0004280500579625368,0.10014711070137476,0.3164602829761971,1.40625,0.0653774636649576,16,global_coef_final_layer_type,final_layer_type,sparse_bf16,output_rel_mse,0.0004824726886247684,0.04986100643873215,0.5888896584510803,0.16407383978366852,latency_model,1.257995,1.257995,True,,1.1833630000000002,0.0004824726886247684
123,model.language_model.layers.17.self_attn.o_proj,17,layers_16_23,o_proj,attention,4096,4096,16777216,sparse_nvfp4,0.0007559717632830143,0.1768680705826316,0.4205568577286924,1.8828125,0.0653774636649576,16,global_coef_final_layer_type,final_layer_type,sparse_nvfp4,output_rel_mse,0.003479436279622431,0.20809470117092133,0.4486026465892792,0.21073496341705322,latency_model,1.8060494999999999,1.8060494999999999,True,,0.6353085000000003,0.003479436279622431
124,model.language_model.layers.17.mlp.gate_proj,17,layers_16_23,gate_proj,mlp,11008,4096,45088768,dense_bf16,0.0,0.0,0.0,0.0,0.0,16,global_coef_final_layer_type,dense_zero,dense_bf16,output_rel_mse,0.0,,,,latency_model,6.993269319161178,6.993269319161178,True,,0.0,0.0
124,model.language_model.layers.17.mlp.gate_proj,17,layers_16_23,gate_proj,mlp,11008,4096,45088768,dense_nvfp4,0.0013497231993824244,0.011575076802216403,0.10758753088632717,0.484375,0.3414761809913103,16,global_coef_final_layer_type,final_layer_type,dense_nvfp4,output_rel_mse,0.00010416494829412386,0.029496945440769196,0.633477509021759,0.48160332441329956,latency_model,3.0619853161530486,3.0619853161530486,True,,3.9312840030081295,0.00010416494829412386
124,model.language_model.layers.17.mlp.gate_proj,17,layers_16_23,gate_proj,mlp,11008,4096,45088768,sparse_bf16,0.00850545335561037,0.07294182679375026,0.2700774459182963,1.24609375,0.3414761809913103,16,global_coef_final_layer_type,final_layer_type,sparse_bf16,output_rel_mse,0.00037298903206742934,0.04986100643873215,0.5888896584510803,0.17415039241313934,latency_model,3.3904291110950173,3.3904291110950173,True,,3.602840208066161,0.00037298903206742934
124,model.language_model.layers.17.mlp.gate_proj,17,layers_16_23,gate_proj,mlp,11008,4096,45088768,sparse_nvfp4,0.015054378658533096,0.12910468551025872,0.3593114046481947,2.0625,0.3414761809913103,16,global_coef_final_layer_type,final_layer_type,sparse_nvfp4,output_rel_mse,0.0020107477711184506,0.20809470117092133,0.4486026465892792,0.16683714091777802,latency_model,2.5708457841501398,2.5708457841501398,True,,4.422423535011038,0.0020107477711184506
125,model.language_model.layers.17.mlp.up_proj,17,layers_16_23,up_proj,mlp,11008,4096,45088768,dense_bf16,0.0,0.0,0.0,0.0,0.0,16,global_coef_final_layer_type,dense_zero,dense_bf16,output_rel_mse,0.0,,,,latency_model,6.993269319161178,6.993269319161178,True,,0.0,0.0
125,model.language_model.layers.17.mlp.up_proj,17,layers_16_23,up_proj,mlp,11008,4096,45088768,dense_nvfp4,0.0012015349930152297,0.01590007099544572,0.1260954836441247,0.302001953125,0.27489616427751584,16,global_coef_final_layer_type,final_layer_type,dense_nvfp4,output_rel_mse,0.0001315965377320341,0.029496945440769196,0.633477509021759,0.4429320991039276,latency_model,3.0619853161530486,3.0619853161530486,True,,3.9312840030081295,0.0001315965377320341
125,model.language_model.layers.17.mlp.up_proj,17,layers_16_23,up_proj,mlp,11008,4096,45088768,sparse_bf16,0.007631867192685604,0.10099350488910483,0.3177947527715095,0.765625,0.27489616427751584,16,global_coef_final_layer_type,final_layer_type,sparse_bf16,output_rel_mse,0.00041022028548872564,0.04986100643873215,0.5888896584510803,0.13833393156528473,latency_model,3.3904291110950173,3.3904291110950173,True,,3.602840208066161,0.00041022028548872564
125,model.language_model.layers.17.mlp.up_proj,17,layers_16_23,up_proj,mlp,11008,4096,45088768,sparse_nvfp4,0.013362360186874866,0.17682587429672533,0.42050668757669635,1.375,0.27489616427751584,16,global_coef_final_layer_type,final_layer_type,sparse_nvfp4,output_rel_mse,0.0034175291669585627,0.20809470117092133,0.4486026465892792,0.2070349007844925,latency_model,2.5708457841501398,2.5708457841501398,True,,4.422423535011038,0.0034175291669585627
126,model.language_model.layers.17.mlp.down_proj,17,layers_16_23,down_proj,mlp,4096,11008,45088768,dense_bf16,0.0,0.0,0.0,0.0,0.0,16,global_coef_final_layer_type,dense_zero,dense_bf16,output_rel_mse,0.0,,,,latency_model,7.019237382643977,7.019237382643977,True,,0.0,0.0
126,model.language_model.layers.17.mlp.down_proj,17,layers_16_23,down_proj,mlp,4096,11008,45088768,dense_nvfp4,0.0001904285600176081,0.015579753042786143,0.1248188809547103,0.453125,0.11055687565943233,16,global_coef_final_layer_type,final_layer_type,dense_nvfp4,output_rel_mse,0.00012941170785423493,0.029496945440769196,0.633477509021759,0.4445337653160095,latency_model,4.934856405513043,4.934856405513043,True,,2.0843809771309347,0.00012941170785423493
126,model.language_model.layers.17.mlp.down_proj,17,layers_16_23,down_proj,mlp,4096,11008,45088768,sparse_bf16,0.0008668095688335598,0.07091729841522762,0.26630301991383354,0.40234375,0.11055687565943233,16,global_coef_final_layer_type,final_layer_type,sparse_bf16,output_rel_mse,0.0003977748312909712,0.04986100643873215,0.5888896584510803,0.19102497398853302,latency_model,3.4039856523906575,3.4039856523906575,True,,3.61525173025332,0.0003977748312909712
126,model.language_model.layers.17.mlp.down_proj,17,layers_16_23,down_proj,mlp,4096,11008,45088768,sparse_nvfp4,0.0016306902980431914,0.13341356007959673,0.36525821014673543,0.734375,0.11055687565943233,16,global_coef_final_layer_type,final_layer_type,sparse_nvfp4,output_rel_mse,0.003154624802190134,0.20809470117092133,0.4486026465892792,0.2532939910888672,latency_model,4.5866232192169125,4.5866232192169125,True,,2.432614163427065,0.003154624802190134
127,model.language_model.layers.18.self_attn.q_proj,18,layers_16_23,q_proj,attention,4096,4096,16777216,dense_bf16,0.0,0.0,0.0,0.0,0.0,16,global_coef_final_layer_type,dense_zero,dense_bf16,output_rel_mse,0.0,,,,latency_model,2.441358,2.441358,True,,0.0,0.0
127,model.language_model.layers.18.self_attn.q_proj,18,layers_16_23,q_proj,attention,4096,4096,16777216,dense_nvfp4,0.004950007423758507,0.004409723970061556,0.06640575253742372,0.9375,1.059490879439036,16,global_coef_final_layer_type,final_layer_type,dense_nvfp4,output_rel_mse,4.948742475540475e-05,0.029496945440769196,0.6397413015365601,0.5947055816650391,latency_model,1.969835,1.969835,True,,0.47152300000000014,4.948742475540475e-05
127,model.language_model.layers.18.self_attn.q_proj,18,layers_16_23,q_proj,attention,4096,4096,16777216,sparse_bf16,0.024436473846435547,0.021769281384751777,0.14754416757280436,2.375,1.059490879439036,16,global_coef_final_layer_type,final_layer_type,sparse_bf16,output_rel_mse,0.0002126778104156258,0.04986100643873215,0.5748051404953003,0.3408759832382202,latency_model,1.257995,1.257995,True,,1.1833630000000002,0.0002126778104156258
127,model.language_model.layers.18.self_attn.q_proj,18,layers_16_23,q_proj,attention,4096,4096,16777216,sparse_nvfp4,0.045971207320690155,0.04095354158091192,0.20236981390739064,2.875,1.059490879439036,16,global_coef_final_layer_type,final_layer_type,sparse_nvfp4,output_rel_mse,0.0008778680046459499,0.20809470117092133,0.24377796053886414,0.422554075717926,latency_model,1.8060494999999999,1.8060494999999999,True,,0.6353085000000003,0.0008778680046459499
128,model.language_model.layers.18.self_attn.k_proj,18,layers_16_23,k_proj,attention,4096,4096,16777216,dense_bf16,0.0,0.0,0.0,0.0,0.0,16,global_coef_final_layer_type,dense_zero,dense_bf16,output_rel_mse,0.0,,,,latency_model,2.441358,2.441358,True,,0.0,0.0
128,model.language_model.layers.18.self_attn.k_proj,18,layers_16_23,k_proj,attention,4096,4096,16777216,dense_nvfp4,0.005103258416056633,0.0032866805502804707,0.0573295783194022,0.8125,1.2460774387739013,16,global_coef_final_layer_type,final_layer_type,dense_nvfp4,output_rel_mse,3.864682915370921e-05,0.029496945440769196,0.6397413015365601,0.6231246590614319,latency_model,1.969835,1.969835,True,,0.47152300000000014,3.864682915370921e-05
128,model.language_model.layers.18.self_attn.k_proj,18,layers_16_23,k_proj,attention,4096,4096,16777216,sparse_bf16,0.026660200208425522,0.017170120410896928,0.1310348061047023,2.125,1.2460774387739013,16,global_coef_final_layer_type,final_layer_type,sparse_bf16,output_rel_mse,0.00018957230711631222,0.04986100643873215,0.5748051404953003,0.38522979617118835,latency_model,1.257995,1.257995,True,,1.1833630000000002,0.00018957230711631222
128,model.language_model.layers.18.self_attn.k_proj,18,layers_16_23,k_proj,attention,4096,4096,16777216,sparse_nvfp4,0.051575783640146255,0.03321664535391641,0.18225434248301578,3.25,1.2460774387739013,16,global_coef_final_layer_type,final_layer_type,sparse_nvfp4,output_rel_mse,0.0005096766950902598,0.20809470117092133,0.24377796053886414,0.302470862865448,latency_model,1.8060494999999999,1.8060494999999999,True,,0.6353085000000003,0.0005096766950902598
129,model.language_model.layers.18.self_attn.v_proj,18,layers_16_23,v_proj,attention,4096,4096,16777216,dense_bf16,0.0,0.0,0.0,0.0,0.0,16,global_coef_final_layer_type,dense_zero,dense_bf16,output_rel_mse,0.0,,,,latency_model,2.441358,2.441358,True,,0.0,0.0
129,model.language_model.layers.18.self_attn.v_proj,18,layers_16_23,v_proj,attention,4096,4096,16777216,dense_nvfp4,0.002347636967897415,0.01893899277901482,0.13761901314504046,0.390625,0.35207649380438033,16,global_coef_final_layer_type,final_layer_type,dense_nvfp4,output_rel_mse,0.00013857837355324976,0.029496945440769196,0.6397413015365601,0.38775476813316345,latency_model,1.969835,1.969835,True,,0.47152300000000014,0.00013857837355324976
129,model.language_model.layers.18.self_attn.v_proj,18,layers_16_23,v_proj,attention,4096,4096,16777216,sparse_bf16,0.01248592883348465,0.10072720750706453,0.31737549922302527,0.9599609375,0.35207649380438033,16,global_coef_final_layer_type,final_layer_type,sparse_bf16,output_rel_mse,0.000388074680763238,0.04986100643873215,0.5748051404953003,0.13442710041999817,latency_model,1.257995,1.257995,True,,1.1833630000000002,0.000388074680763238
129,model.language_model.layers.18.self_attn.v_proj,18,layers_16_23,v_proj,attention,4096,4096,16777216,sparse_nvfp4,0.022855684161186218,0.18438269766889448,0.4293980643515926,1.279296875,0.35207649380438033,16,global_coef_final_layer_type,final_layer_type,sparse_nvfp4,output_rel_mse,0.007139221326723737,0.20809470117092133,0.24377796053886414,0.7632647752761841,latency_model,1.8060494999999999,1.8060494999999999,True,,0.6353085000000003,0.007139221326723737
130,model.language_model.layers.18.self_attn.o_proj,18,layers_16_23,o_proj,attention,4096,4096,16777216,dense_bf16,0.0,0.0,0.0,0.0,0.0,16,global_coef_final_layer_type,dense_zero,dense_bf16,output_rel_mse,0.0,,,,latency_model,2.441358,2.441358,True,,0.0,0.0
130,model.language_model.layers.18.self_attn.o_proj,18,layers_16_23,o_proj,attention,4096,4096,16777216,dense_nvfp4,2.8063419449608773e-05,0.011202090456730792,0.10583992846147805,0.24658203125,0.05005192165583506,16,global_coef_final_layer_type,final_layer_type,dense_nvfp4,output_rel_mse,9.407205066246731e-05,0.029496945440769196,0.6397413015365601,0.4450205862522125,latency_model,1.969835,1.969835,True,,0.47152300000000014,9.407205066246731e-05
130,model.language_model.layers.18.self_attn.o_proj,18,layers_16_23,o_proj,attention,4096,4096,16777216,sparse_bf16,0.00016830838285386562,0.06718374903459473,0.25919828131103556,0.890625,0.05005192165583506,16,global_coef_final_layer_type,final_layer_type,sparse_bf16,output_rel_mse,0.0003159259213534716,0.04986100643873215,0.5748051404953003,0.16407383978366852,latency_model,1.257995,1.257995,True,,1.1833630000000002,0.0003159259213534716
130,model.language_model.layers.18.self_attn.o_proj,18,layers_16_23,o_proj,attention,4096,4096,16777216,sparse_nvfp4,0.00031292010680772364,0.12490848980411219,0.35342395193890325,0.9921875,0.05005192165583506,16,global_coef_final_layer_type,final_layer_type,sparse_nvfp4,output_rel_mse,0.0013353158831313314,0.20809470117092133,0.24377796053886414,0.21073496341705322,latency_model,1.8060494999999999,1.8060494999999999,True,,0.6353085000000003,0.0013353158831313314
131,model.language_model.layers.18.mlp.gate_proj,18,layers_16_23,gate_proj,mlp,11008,4096,45088768,dense_bf16,0.0,0.0,0.0,0.0,0.0,16,global_coef_final_layer_type,dense_zero,dense_bf16,output_rel_mse,0.0,,,,latency_model,6.993269319161178,6.993269319161178,True,,0.0,0.0
131,model.language_model.layers.18.mlp.gate_proj,18,layers_16_23,gate_proj,mlp,11008,4096,45088768,dense_nvfp4,0.0015012405347079039,0.011531000440424918,0.1073824959685,0.5078125,0.36082086784218464,16,global_coef_final_layer_type,final_layer_type,dense_nvfp4,output_rel_mse,0.00010479435749417139,0.029496945440769196,0.6397413015365601,0.48160332441329956,latency_model,3.0619853161530486,3.0619853161530486,True,,3.9312840030081295,0.00010479435749417139
131,model.language_model.layers.18.mlp.gate_proj,18,layers_16_23,gate_proj,mlp,11008,4096,45088768,sparse_bf16,0.009491829201579094,0.07290656238851315,0.27001215229784226,1.4375,0.36082086784218464,16,global_coef_final_layer_type,final_layer_type,sparse_bf16,output_rel_mse,0.0003638922133492809,0.04986100643873215,0.5748051404953003,0.17415039241313934,latency_model,3.3904291110950173,3.3904291110950173,True,,3.602840208066161,0.0003638922133492809
131,model.language_model.layers.18.mlp.gate_proj,18,layers_16_23,gate_proj,mlp,11008,4096,45088768,sparse_nvfp4,0.016693666577339172,0.12822374043681042,0.35808342664358317,2.65625,0.36082086784218464,16,global_coef_final_layer_type,final_layer_type,sparse_nvfp4,output_rel_mse,0.0010852171325111785,0.20809470117092133,0.24377796053886414,0.16683714091777802,latency_model,2.5708457841501398,2.5708457841501398,True,,4.422423535011038,0.0010852171325111785
132,model.language_model.layers.18.mlp.up_proj,18,layers_16_23,up_proj,mlp,11008,4096,45088768,dense_bf16,0.0,0.0,0.0,0.0,0.0,16,global_coef_final_layer_type,dense_zero,dense_bf16,output_rel_mse,0.0,,,,latency_model,6.993269319161178,6.993269319161178,True,,0.0,0.0
132,model.language_model.layers.18.mlp.up_proj,18,layers_16_23,up_proj,mlp,11008,4096,45088768,dense_nvfp4,0.0012979356106370687,0.01613189854642869,0.12701141108746367,0.296875,0.28365068258277026,16,global_coef_final_layer_type,final_layer_type,dense_nvfp4,output_rel_mse,0.000134835444470467,0.029496945440769196,0.6397413015365601,0.4429320991039276,latency_model,3.0619853161530486,3.0619853161530486,True,,3.9312840030081295,0.000134835444470467
132,model.language_model.layers.18.mlp.up_proj,18,layers_16_23,up_proj,mlp,11008,4096,45088768,sparse_bf16,0.008354442194104195,0.1038364405620561,0.32223662200633885,1.0,0.28365068258277026,16,global_coef_final_layer_type,final_layer_type,sparse_bf16,output_rel_mse,0.00041168040523503974,0.04986100643873215,0.5748051404953003,0.13833393156528473,latency_model,3.3904291110950173,3.3904291110950173,True,,3.602840208066161,0.00041168040523503974
132,model.language_model.layers.18.mlp.up_proj,18,layers_16_23,up_proj,mlp,11008,4096,45088768,sparse_nvfp4,0.014552263543009758,0.18086847850757456,0.42528634883755034,1.359375,0.28365068258277026,16,global_coef_final_layer_type,final_layer_type,sparse_nvfp4,output_rel_mse,0.001899598897613649,0.20809470117092133,0.24377796053886414,0.2070349007844925,latency_model,2.5708457841501398,2.5708457841501398,True,,4.422423535011038,0.001899598897613649
133,model.language_model.layers.18.mlp.down_proj,18,layers_16_23,down_proj,mlp,4096,11008,45088768,dense_bf16,0.0,0.0,0.0,0.0,0.0,16,global_coef_final_layer_type,dense_zero,dense_bf16,output_rel_mse,0.0,,,,latency_model,7.019237382643977,7.019237382643977,True,,0.0,0.0
133,model.language_model.layers.18.mlp.down_proj,18,layers_16_23,down_proj,mlp,4096,11008,45088768,dense_nvfp4,0.00023960560793057084,0.016200565992789562,0.1272814440238229,0.4375,0.12161395025462908,16,global_coef_final_layer_type,final_layer_type,dense_nvfp4,output_rel_mse,0.00013589903603196193,0.029496945440769196,0.6397413015365601,0.4445337653160095,latency_model,4.934856405513043,4.934856405513043,True,,2.0843809771309347,0.00013589903603196193
133,model.language_model.layers.18.mlp.down_proj,18,layers_16_23,down_proj,mlp,4096,11008,45088768,sparse_bf16,0.0010300008580088615,0.06964192957302408,0.2638975740188304,0.546875,0.12161395025462908,16,global_coef_final_layer_type,final_layer_type,sparse_bf16,output_rel_mse,0.00038127877412805206,0.04986100643873215,0.5748051404953003,0.19102497398853302,latency_model,3.4039856523906575,3.4039856523906575,True,,3.61525173025332,0.00038127877412805206
133,model.language_model.layers.18.mlp.down_proj,18,layers_16_23,down_proj,mlp,4096,11008,45088768,sparse_nvfp4,0.0019498345209285617,0.13183507307756998,0.36309099834279834,0.5361328125,0.12161395025462908,16,global_coef_final_layer_type,final_layer_type,sparse_nvfp4,output_rel_mse,0.001693991833953162,0.20809470117092133,0.24377796053886414,0.2532939910888672,latency_model,4.5866232192169125,4.5866232192169125,True,,2.432614163427065,0.001693991833953162
134,model.language_model.layers.19.self_attn.q_proj,19,layers_16_23,q_proj,attention,4096,4096,16777216,dense_bf16,0.0,0.0,0.0,0.0,0.0,16,global_coef_final_layer_type,dense_zero,dense_bf16,output_rel_mse,0.0,,,,latency_model,2.441358,2.441358,True,,0.0,0.0
134,model.language_model.layers.19.self_attn.q_proj,19,layers_16_23,q_proj,attention,4096,4096,16777216,dense_nvfp4,0.004739054478704929,0.004581810049479634,0.06768906890687472,0.75,1.0170148875891956,16,global_coef_final_layer_type,final_layer_type,dense_nvfp4,output_rel_mse,5.200814924783362e-05,0.029496945440769196,0.6470759510993958,0.5947055816650391,latency_model,1.969835,1.969835,True,,0.47152300000000014,5.200814924783362e-05
134,model.language_model.layers.19.self_attn.q_proj,19,layers_16_23,q_proj,attention,4096,4096,16777216,sparse_bf16,0.022538285702466965,0.021790453009906414,0.14761589687396956,1.75,1.0170148875891956,16,global_coef_final_layer_type,final_layer_type,sparse_bf16,output_rel_mse,0.000211917911981858,0.04986100643873215,0.5721948742866516,0.3408759832382202,latency_model,1.257995,1.257995,True,,1.1833630000000002,0.000211917911981858
134,model.language_model.layers.19.self_attn.q_proj,19,layers_16_23,q_proj,attention,4096,4096,16777216,sparse_nvfp4,0.04354546591639519,0.04210060345192226,0.20518431580391874,2.625,1.0170148875891956,16,global_coef_final_layer_type,final_layer_type,sparse_nvfp4,output_rel_mse,0.0013368905381196691,0.20809470117092133,0.3611305356025696,0.422554075717926,latency_model,1.8060494999999999,1.8060494999999999,True,,0.6353085000000003,0.0013368905381196691
135,model.language_model.layers.19.self_attn.k_proj,19,layers_16_23,k_proj,attention,4096,4096,16777216,dense_bf16,0.0,0.0,0.0,0.0,0.0,16,global_coef_final_layer_type,dense_zero,dense_bf16,output_rel_mse,0.0,,,,latency_model,2.441358,2.441358,True,,0.0,0.0
135,model.language_model.layers.19.self_attn.k_proj,19,layers_16_23,k_proj,attention,4096,4096,16777216,dense_nvfp4,0.004878985695540905,0.00303825566200183,0.05512037429119863,0.875,1.2672217386796598,16,global_coef_final_layer_type,final_layer_type,dense_nvfp4,output_rel_mse,3.613529114350029e-05,0.029496945440769196,0.6470759510993958,0.6231246590614319,latency_model,1.969835,1.969835,True,,0.47152300000000014,3.613529114350029e-05
135,model.language_model.layers.19.self_attn.k_proj,19,layers_16_23,k_proj,attention,4096,4096,16777216,sparse_bf16,0.02503829449415207,0.015591917000956287,0.12486759788254231,2.0,1.2672217386796598,16,global_coef_final_layer_type,final_layer_type,sparse_bf16,output_rel_mse,0.0001713658931038094,0.04986100643873215,0.5721948742866516,0.38522979617118835,latency_model,1.257995,1.257995,True,,1.1833630000000002,0.0001713658931038094
135,model.language_model.layers.19.self_attn.k_proj,19,layers_16_23,k_proj,attention,4096,4096,16777216,sparse_nvfp4,0.04951290041208267,0.03083281227010552,0.1755927454939569,2.75,1.2672217386796598,16,global_coef_final_layer_type,final_layer_type,sparse_nvfp4,output_rel_mse,0.0007008449003743982,0.20809470117092133,0.3611305356025696,0.302470862865448,latency_model,1.8060494999999999,1.8060494999999999,True,,0.6353085000000003,0.0007008449003743982
136,model.language_model.layers.19.self_attn.v_proj,19,layers_16_23,v_proj,attention,4096,4096,16777216,dense_bf16,0.0,0.0,0.0,0.0,0.0,16,global_coef_final_layer_type,dense_zero,dense_bf16,output_rel_mse,0.0,,,,latency_model,2.441358,2.441358,True,,0.0,0.0
136,model.language_model.layers.19.self_attn.v_proj,19,layers_16_23,v_proj,attention,4096,4096,16777216,dense_nvfp4,0.0022944454103708267,0.01718102200873994,0.1310763976036111,0.3984375,0.36543855722612717,16,global_coef_final_layer_type,final_layer_type,dense_nvfp4,output_rel_mse,0.0001271564648525212,0.029496945440769196,0.6470759510993958,0.38775476813316345,latency_model,1.969835,1.969835,True,,0.47152300000000014,0.0001271564648525212
136,model.language_model.layers.19.self_attn.v_proj,19,layers_16_23,v_proj,attention,4096,4096,16777216,sparse_bf16,0.012426071800291538,0.0930475888064328,0.30503702858248666,0.9873046875,0.36543855722612717,16,global_coef_final_layer_type,final_layer_type,sparse_bf16,output_rel_mse,0.00035685924972123095,0.04986100643873215,0.5721948742866516,0.13442710041999817,latency_model,1.257995,1.257995,True,,1.1833630000000002,0.00035685924972123095
136,model.language_model.layers.19.self_attn.v_proj,19,layers_16_23,v_proj,attention,4096,4096,16777216,sparse_nvfp4,0.022909555584192276,0.171548896706522,0.41418461669468365,1.3515625,0.36543855722612717,16,global_coef_final_layer_type,final_layer_type,sparse_nvfp4,output_rel_mse,0.009839847848855584,0.20809470117092133,0.3611305356025696,0.7632647752761841,latency_model,1.8060494999999999,1.8060494999999999,True,,0.6353085000000003,0.009839847848855584
137,model.language_model.layers.19.self_attn.o_proj,19,layers_16_23,o_proj,attention,4096,4096,16777216,dense_bf16,0.0,0.0,0.0,0.0,0.0,16,global_coef_final_layer_type,dense_zero,dense_bf16,output_rel_mse,0.0,,,,latency_model,2.441358,2.441358,True,,0.0,0.0
137,model.language_model.layers.19.self_attn.o_proj,19,layers_16_23,o_proj,attention,4096,4096,16777216,dense_nvfp4,6.180026684887707e-05,0.0141752144438761,0.11905970957412965,0.3359375,0.06602833656517444,16,global_coef_final_layer_type,final_layer_type,dense_nvfp4,output_rel_mse,0.00012040431282596908,0.029496945440769196,0.6470759510993958,0.4450205862522125,latency_model,1.969835,1.969835,True,,0.47152300000000014,0.00012040431282596908
137,model.language_model.layers.19.self_attn.o_proj,19,layers_16_23,o_proj,attention,4096,4096,16777216,sparse_bf16,0.0003734955389518291,0.08566919899261659,0.2926930115199483,1.1875,0.06602833656517444,16,global_coef_final_layer_type,final_layer_type,sparse_bf16,output_rel_mse,0.0004010227877447733,0.04986100643873215,0.5721948742866516,0.16407383978366852,latency_model,1.257995,1.257995,True,,1.1833630000000002,0.0004010227877447733
137,model.language_model.layers.19.self_attn.o_proj,19,layers_16_23,o_proj,attention,4096,4096,16777216,sparse_nvfp4,0.0006588191026821733,0.15111426756584506,0.3887341862582259,1.25390625,0.06602833656517444,16,global_coef_final_layer_type,final_layer_type,sparse_nvfp4,output_rel_mse,0.0023931355615438425,0.20809470117092133,0.3611305356025696,0.21073496341705322,latency_model,1.8060494999999999,1.8060494999999999,True,,0.6353085000000003,0.0023931355615438425
138,model.language_model.layers.19.mlp.gate_proj,19,layers_16_23,gate_proj,mlp,11008,4096,45088768,dense_bf16,0.0,0.0,0.0,0.0,0.0,16,global_coef_final_layer_type,dense_zero,dense_bf16,output_rel_mse,0.0,,,,latency_model,6.993269319161178,6.993269319161178,True,,0.0,0.0
138,model.language_model.layers.19.mlp.gate_proj,19,layers_16_23,gate_proj,mlp,11008,4096,45088768,dense_nvfp4,0.0016101652290672064,0.012395781687282642,0.11133634486223554,0.546875,0.3604111867646098,16,global_coef_final_layer_type,final_layer_type,dense_nvfp4,output_rel_mse,0.0001139451119062505,0.029496945440769196,0.6470759510993958,0.48160332441329956,latency_model,3.0619853161530486,3.0619853161530486,True,,3.9312840030081295,0.0001139451119062505
138,model.language_model.layers.19.mlp.gate_proj,19,layers_16_23,gate_proj,mlp,11008,4096,45088768,sparse_bf16,0.009798222221434116,0.07543115537946411,0.2746473290958136,1.359375,0.3604111867646098,16,global_coef_final_layer_type,final_layer_type,sparse_bf16,output_rel_mse,0.00037478329127539384,0.04986100643873215,0.5721948742866516,0.17415039241313934,latency_model,3.3904291110950173,3.3904291110950173,True,,3.602840208066161,0.00037478329127539384
138,model.language_model.layers.19.mlp.gate_proj,19,layers_16_23,gate_proj,mlp,11008,4096,45088768,sparse_nvfp4,0.01748058944940567,0.13457350007823624,0.36684260940931634,2.40625,0.3604111867646098,16,global_coef_final_layer_type,final_layer_type,sparse_nvfp4,output_rel_mse,0.0016872425546982696,0.20809470117092133,0.3611305356025696,0.16683714091777802,latency_model,2.5708457841501398,2.5708457841501398,True,,4.422423535011038,0.0016872425546982696
139,model.language_model.layers.19.mlp.up_proj,19,layers_16_23,up_proj,mlp,11008,4096,45088768,dense_bf16,0.0,0.0,0.0,0.0,0.0,16,global_coef_final_layer_type,dense_zero,dense_bf16,output_rel_mse,0.0,,,,latency_model,6.993269319161178,6.993269319161178,True,,0.0,0.0
139,model.language_model.layers.19.mlp.up_proj,19,layers_16_23,up_proj,mlp,11008,4096,45088768,dense_nvfp4,0.0013723749434575438,0.01633272247572929,0.12779954020155662,0.32421875,0.2898725551882116,16,global_coef_final_layer_type,final_layer_type,dense_nvfp4,output_rel_mse,0.00013807912982179496,0.029496945440769196,0.6470759510993958,0.4429320991039276,latency_model,3.0619853161530486,3.0619853161530486,True,,3.9312840030081295,0.00013807912982179496
139,model.language_model.layers.19.mlp.up_proj,19,layers_16_23,up_proj,mlp,11008,4096,45088768,sparse_bf16,0.008565136231482029,0.1019342372159373,0.3192714162212729,0.84375,0.2898725551882116,16,global_coef_final_layer_type,final_layer_type,sparse_bf16,output_rel_mse,0.000402303490866695,0.04986100643873215,0.5721948742866516,0.13833393156528473,latency_model,3.3904291110950173,3.3904291110950173,True,,3.602840208066161,0.000402303490866695
139,model.language_model.layers.19.mlp.up_proj,19,layers_16_23,up_proj,mlp,11008,4096,45088768,sparse_nvfp4,0.014889762736856937,0.17720402406783173,0.4209560833006594,1.34375,0.2898725551882116,16,global_coef_final_layer_type,final_layer_type,sparse_nvfp4,output_rel_mse,0.002757035614070604,0.20809470117092133,0.3611305356025696,0.2070349007844925,latency_model,2.5708457841501398,2.5708457841501398,True,,4.422423535011038,0.002757035614070604
140,model.language_model.layers.19.mlp.down_proj,19,layers_16_23,down_proj,mlp,4096,11008,45088768,dense_bf16,0.0,0.0,0.0,0.0,0.0,16,global_coef_final_layer_type,dense_zero,dense_bf16,output_rel_mse,0.0,,,,latency_model,7.019237382643977,7.019237382643977,True,,0.0,0.0
140,model.language_model.layers.19.mlp.down_proj,19,layers_16_23,down_proj,mlp,4096,11008,45088768,dense_nvfp4,0.0004002800560556352,0.010619330496388715,0.10305013583876886,0.40625,0.19414821740392368,16,global_coef_final_layer_type,final_layer_type,dense_nvfp4,output_rel_mse,9.01019511249313e-05,0.029496945440769196,0.6470759510993958,0.4445337653160095,latency_model,4.934856405513043,4.934856405513043,True,,2.0843809771309347,9.01019511249313e-05
140,model.language_model.layers.19.mlp.down_proj,19,layers_16_23,down_proj,mlp,4096,11008,45088768,sparse_bf16,0.001080154674127698,0.02865623529888479,0.16928152675021804,0.427734375,0.19414821740392368,16,global_coef_final_layer_type,final_layer_type,sparse_bf16,output_rel_mse,0.00015617599707409212,0.04986100643873215,0.5721948742866516,0.19102497398853302,latency_model,3.4039856523906575,3.4039856523906575,True,,3.61525173025332,0.00015617599707409212
140,model.language_model.layers.19.mlp.down_proj,19,layers_16_23,down_proj,mlp,4096,11008,45088768,sparse_nvfp4,0.0021961722522974014,0.05826390453713477,0.24137917171358172,0.71875,0.19414821740392368,16,global_coef_final_layer_type,final_layer_type,sparse_nvfp4,output_rel_mse,0.0011090463737850928,0.20809470117092133,0.3611305356025696,0.2532939910888672,latency_model,4.5866232192169125,4.5866232192169125,True,,2.432614163427065,0.0011090463737850928
141,model.language_model.layers.20.self_attn.q_proj,20,layers_16_23,q_proj,attention,4096,4096,16777216,dense_bf16,0.0,0.0,0.0,0.0,0.0,16,global_coef_final_layer_type,dense_zero,dense_bf16,output_rel_mse,0.0,,,,latency_model,2.441358,2.441358,True,,0.0,0.0
141,model.language_model.layers.20.self_attn.q_proj,20,layers_16_23,q_proj,attention,4096,4096,16777216,dense_nvfp4,0.004487651400268078,0.004120890708487184,0.06419416413107334,0.75,1.0435517928097426,16,global_coef_final_layer_type,final_layer_type,dense_nvfp4,output_rel_mse,4.674166951165019e-05,0.029496945440769196,0.6465975642204285,0.5947055816650391,latency_model,1.969835,1.969835,True,,0.47152300000000014,4.674166951165019e-05
141,model.language_model.layers.20.self_attn.q_proj,20,layers_16_23,q_proj,attention,4096,4096,16777216,sparse_bf16,0.02239459566771984,0.020564360503117777,0.14340279112736187,2.1875,1.0435517928097426,16,global_coef_final_layer_type,final_layer_type,sparse_bf16,output_rel_mse,0.00018587151291645927,0.04986100643873215,0.531790018081665,0.3408759832382202,latency_model,1.257995,1.257995,True,,1.1833630000000002,0.00018587151291645927
141,model.language_model.layers.20.self_attn.q_proj,20,layers_16_23,q_proj,attention,4096,4096,16777216,sparse_nvfp4,0.042103126645088196,0.03866217937062551,0.1966270057001975,2.8125,1.0435517928097426,16,global_coef_final_layer_type,final_layer_type,sparse_nvfp4,output_rel_mse,0.0018843262042738099,0.20809470117092133,0.5542764663696289,0.422554075717926,latency_model,1.8060494999999999,1.8060494999999999,True,,0.6353085000000003,0.0018843262042738099
142,model.language_model.layers.20.self_attn.k_proj,20,layers_16_23,k_proj,attention,4096,4096,16777216,dense_bf16,0.0,0.0,0.0,0.0,0.0,16,global_coef_final_layer_type,dense_zero,dense_bf16,output_rel_mse,0.0,,,,latency_model,2.441358,2.441358,True,,0.0,0.0
142,model.language_model.layers.20.self_attn.k_proj,20,layers_16_23,k_proj,attention,4096,4096,16777216,dense_nvfp4,0.004805614240467548,0.0032223296761828544,0.05676556769893924,0.8125,1.221207512982296,16,global_coef_final_layer_type,final_layer_type,dense_nvfp4,output_rel_mse,3.829622959378149e-05,0.029496945440769196,0.6465975642204285,0.6231246590614319,latency_model,1.969835,1.969835,True,,0.47152300000000014,3.829622959378149e-05
142,model.language_model.layers.20.self_attn.k_proj,20,layers_16_23,k_proj,attention,4096,4096,16777216,sparse_bf16,0.024091515690088272,0.01615419009263703,0.12709913490121413,1.75,1.221207512982296,16,global_coef_final_layer_type,final_layer_type,sparse_bf16,output_rel_mse,0.00016500848679067292,0.04986100643873215,0.531790018081665,0.38522979617118835,latency_model,1.257995,1.257995,True,,1.1833630000000002,0.00016500848679067292
142,model.language_model.layers.20.self_attn.k_proj,20,layers_16_23,k_proj,attention,4096,4096,16777216,sparse_nvfp4,0.04664858058094978,0.031279478134553104,0.17686005239893238,2.90625,1.221207512982296,16,global_coef_final_layer_type,final_layer_type,sparse_nvfp4,output_rel_mse,0.0010912657006721897,0.20809470117092133,0.5542764663696289,0.302470862865448,latency_model,1.8060494999999999,1.8060494999999999,True,,0.6353085000000003,0.0010912657006721897
143,model.language_model.layers.20.self_attn.v_proj,20,layers_16_23,v_proj,attention,4096,4096,16777216,dense_bf16,0.0,0.0,0.0,0.0,0.0,16,global_coef_final_layer_type,dense_zero,dense_bf16,output_rel_mse,0.0,,,,latency_model,2.441358,2.441358,True,,0.0,0.0
143,model.language_model.layers.20.self_attn.v_proj,20,layers_16_23,v_proj,attention,4096,4096,16777216,dense_nvfp4,0.0022970912978053093,0.019585707615490167,0.13994894646080822,0.380859375,0.34246760361315365,16,global_coef_final_layer_type,final_layer_type,dense_nvfp4,output_rel_mse,0.00014484633903569556,0.029496945440769196,0.6465975642204285,0.38775476813316345,latency_model,1.969835,1.969835,True,,0.47152300000000014,0.00014484633903569556
143,model.language_model.layers.20.self_attn.v_proj,20,layers_16_23,v_proj,attention,4096,4096,16777216,sparse_bf16,0.01245151273906231,0.10616543108705595,0.32583037164613116,0.90625,0.34246760361315365,16,global_coef_final_layer_type,final_layer_type,sparse_bf16,output_rel_mse,0.00037841747210429623,0.04986100643873215,0.531790018081665,0.13442710041999817,latency_model,1.257995,1.257995,True,,1.1833630000000002,0.00037841747210429623
143,model.language_model.layers.20.self_attn.v_proj,20,layers_16_23,v_proj,attention,4096,4096,16777216,sparse_nvfp4,0.022332310676574707,0.19041215632464298,0.4363624139687594,1.40625,0.34246760361315365,16,global_coef_final_layer_type,final_layer_type,sparse_nvfp4,output_rel_mse,0.016763216444918044,0.20809470117092133,0.5542764663696289,0.7632647752761841,latency_model,1.8060494999999999,1.8060494999999999,True,,0.6353085000000003,0.016763216444918044
144,model.language_model.layers.20.self_attn.o_proj,20,layers_16_23,o_proj,attention,4096,4096,16777216,dense_bf16,0.0,0.0,0.0,0.0,0.0,16,global_coef_final_layer_type,dense_zero,dense_bf16,output_rel_mse,0.0,,,,latency_model,2.441358,2.441358,True,,0.0,0.0
144,model.language_model.layers.20.self_attn.o_proj,20,layers_16_23,o_proj,attention,4096,4096,16777216,dense_nvfp4,3.721916436916217e-05,0.012751302230613094,0.11292166413320827,0.49609375,0.054026401208165216,16,global_coef_final_layer_type,final_layer_type,dense_nvfp4,output_rel_mse,0.0001082295244405392,0.029496945440769196,0.6465975642204285,0.4450205862522125,latency_model,1.969835,1.969835,True,,0.47152300000000014,0.0001082295244405392
144,model.language_model.layers.20.self_attn.o_proj,20,layers_16_23,o_proj,attention,4096,4096,16777216,sparse_bf16,0.00025470336549915373,0.08726148605649449,0.29540055188928555,1.6875,0.054026401208165216,16,global_coef_final_layer_type,final_layer_type,sparse_bf16,output_rel_mse,0.00037963231061165936,0.04986100643873215,0.531790018081665,0.16407383978366852,latency_model,1.257995,1.257995,True,,1.1833630000000002,0.00037963231061165936
144,model.language_model.layers.20.self_attn.o_proj,20,layers_16_23,o_proj,attention,4096,4096,16777216,sparse_nvfp4,0.0004419228062033653,0.15140294952910627,0.38910531932769343,2.34375,0.054026401208165216,16,global_coef_final_layer_type,final_layer_type,sparse_nvfp4,output_rel_mse,0.003680089605318246,0.20809470117092133,0.5542764663696289,0.21073496341705322,latency_model,1.8060494999999999,1.8060494999999999,True,,0.6353085000000003,0.003680089605318246
145,model.language_model.layers.20.mlp.gate_proj,20,layers_16_23,gate_proj,mlp,11008,4096,45088768,dense_bf16,0.0,0.0,0.0,0.0,0.0,16,global_coef_final_layer_type,dense_zero,dense_bf16,output_rel_mse,0.0,,,,latency_model,6.993269319161178,6.993269319161178,True,,0.0,0.0
145,model.language_model.layers.20.mlp.gate_proj,20,layers_16_23,gate_proj,mlp,11008,4096,45088768,dense_nvfp4,0.001639176975004375,0.011522827311789436,0.10734443307311951,0.53125,0.37716674681224527,16,global_coef_final_layer_type,final_layer_type,dense_nvfp4,output_rel_mse,0.00010584239014905015,0.029496945440769196,0.6465975642204285,0.48160332441329956,latency_model,3.0619853161530486,3.0619853161530486,True,,3.9312840030081295,0.00010584239014905015
145,model.language_model.layers.20.mlp.gate_proj,20,layers_16_23,gate_proj,mlp,11008,4096,45088768,sparse_bf16,0.010583778843283653,0.07440017629396153,0.2727639571020364,1.5,0.37716674681224527,16,global_coef_final_layer_type,final_layer_type,sparse_bf16,output_rel_mse,0.00034355766599474116,0.04986100643873215,0.531790018081665,0.17415039241313934,latency_model,3.3904291110950173,3.3904291110950173,True,,3.602840208066161,0.00034355766599474116
145,model.language_model.layers.20.mlp.gate_proj,20,layers_16_23,gate_proj,mlp,11008,4096,45088768,sparse_nvfp4,0.01863475702702999,0.13099567068958384,0.361933240653002,2.34375,0.37716674681224527,16,global_coef_final_layer_type,final_layer_type,sparse_nvfp4,output_rel_mse,0.002520792759775747,0.20809470117092133,0.5542764663696289,0.16683714091777802,latency_model,2.5708457841501398,2.5708457841501398,True,,4.422423535011038,0.002520792759775747
146,model.language_model.layers.20.mlp.up_proj,20,layers_16_23,up_proj,mlp,11008,4096,45088768,dense_bf16,0.0,0.0,0.0,0.0,0.0,16,global_coef_final_layer_type,dense_zero,dense_bf16,output_rel_mse,0.0,,,,latency_model,6.993269319161178,6.993269319161178,True,,0.0,0.0
146,model.language_model.layers.20.mlp.up_proj,20,layers_16_23,up_proj,mlp,11008,4096,45088768,dense_nvfp4,0.0014040194218978286,0.015568170482202428,0.12477247485804883,0.32421875,0.3003085992978566,16,global_coef_final_layer_type,final_layer_type,dense_nvfp4,output_rel_mse,0.00013151819580632925,0.029496945440769196,0.6465975642204285,0.4429320991039276,latency_model,3.0619853161530486,3.0619853161530486,True,,3.9312840030081295,0.00013151819580632925
146,model.language_model.layers.20.mlp.up_proj,20,layers_16_23,up_proj,mlp,11008,4096,45088768,sparse_bf16,0.009121722541749477,0.10114427863779137,0.3180318830522993,1.046875,0.3003085992978566,16,global_coef_final_layer_type,final_layer_type,sparse_bf16,output_rel_mse,0.0003709977391978342,0.04986100643873215,0.531790018081665,0.13833393156528473,latency_model,3.3904291110950173,3.3904291110950173,True,,3.602840208066161,0.0003709977391978342
146,model.language_model.layers.20.mlp.up_proj,20,layers_16_23,up_proj,mlp,11008,4096,45088768,sparse_nvfp4,0.015867311507463455,0.17594130593186313,0.41945358018720397,1.65625,0.3003085992978566,16,global_coef_final_layer_type,final_layer_type,sparse_nvfp4,output_rel_mse,0.004201446473881876,0.20809470117092133,0.5542764663696289,0.2070349007844925,latency_model,2.5708457841501398,2.5708457841501398,True,,4.422423535011038,0.004201446473881876
147,model.language_model.layers.20.mlp.down_proj,20,layers_16_23,down_proj,mlp,4096,11008,45088768,dense_bf16,0.0,0.0,0.0,0.0,0.0,16,global_coef_final_layer_type,dense_zero,dense_bf16,output_rel_mse,0.0,,,,latency_model,7.019237382643977,7.019237382643977,True,,0.0,0.0
147,model.language_model.layers.20.mlp.down_proj,20,layers_16_23,down_proj,mlp,4096,11008,45088768,dense_nvfp4,0.0003031824016943574,0.015088865846599723,0.12283674469229361,0.296875,0.1417502050600133,16,global_coef_final_layer_type,final_layer_type,dense_nvfp4,output_rel_mse,0.0001279300178789827,0.029496945440769196,0.6465975642204285,0.4445337653160095,latency_model,4.934856405513043,4.934856405513043,True,,2.0843809771309347,0.0001279300178789827
147,model.language_model.layers.20.mlp.down_proj,20,layers_16_23,down_proj,mlp,4096,11008,45088768,sparse_bf16,0.001253379276022315,0.06237852739841586,0.24975693663723508,0.515625,0.1417502050600133,16,global_coef_final_layer_type,final_layer_type,sparse_bf16,output_rel_mse,0.0003159559139725185,0.04986100643873215,0.531790018081665,0.19102497398853302,latency_model,3.4039856523906575,3.4039856523906575,True,,3.61525173025332,0.0003159559139725185
147,model.language_model.layers.20.mlp.down_proj,20,layers_16_23,down_proj,mlp,4096,11008,45088768,sparse_nvfp4,0.002375745214521885,0.11823674668215138,0.34385570619396644,0.96875,0.1417502050600133,16,global_coef_final_layer_type,final_layer_type,sparse_nvfp4,output_rel_mse,0.00345433791808928,0.20809470117092133,0.5542764663696289,0.2532939910888672,latency_model,4.5866232192169125,4.5866232192169125,True,,2.432614163427065,0.00345433791808928
148,model.language_model.layers.21.self_attn.q_proj,21,layers_16_23,q_proj,attention,4096,4096,16777216,dense_bf16,0.0,0.0,0.0,0.0,0.0,16,global_coef_final_layer_type,dense_zero,dense_bf16,output_rel_mse,0.0,,,,latency_model,2.441358,2.441358,True,,0.0,0.0
148,model.language_model.layers.21.self_attn.q_proj,21,layers_16_23,q_proj,attention,4096,4096,16777216,dense_nvfp4,0.004759701434522867,0.004364909232130116,0.06606745970695495,0.6875,1.0442446216264833,16,global_coef_final_layer_type,final_layer_type,dense_nvfp4,output_rel_mse,4.9275984496038123e-05,0.029496945440769196,0.6435481309890747,0.5947055816650391,latency_model,1.969835,1.969835,True,,0.47152300000000014,4.9275984496038123e-05
148,model.language_model.layers.21.self_attn.q_proj,21,layers_16_23,q_proj,attention,4096,4096,16777216,sparse_bf16,0.024514632299542427,0.02248127247445184,0.14993756191979327,1.9375,1.0442446216264833,16,global_coef_final_layer_type,final_layer_type,sparse_bf16,output_rel_mse,0.00021108517051948538,0.04986100643873215,0.5524327158927917,0.3408759832382202,latency_model,1.257995,1.257995,True,,1.1833630000000002,0.00021108517051948538
148,model.language_model.layers.21.self_attn.q_proj,21,layers_16_23,q_proj,attention,4096,4096,16777216,sparse_nvfp4,0.04633740335702896,0.042493959440190805,0.20614063025078488,2.625,1.0442446216264833,16,global_coef_final_layer_type,final_layer_type,sparse_nvfp4,output_rel_mse,0.0013370527813228133,0.20809470117092133,0.35783106088638306,0.422554075717926,latency_model,1.8060494999999999,1.8060494999999999,True,,0.6353085000000003,0.0013370527813228133
149,model.language_model.layers.21.self_attn.k_proj,21,layers_16_23,k_proj,attention,4096,4096,16777216,dense_bf16,0.0,0.0,0.0,0.0,0.0,16,global_coef_final_layer_type,dense_zero,dense_bf16,output_rel_mse,0.0,,,,latency_model,2.441358,2.441358,True,,0.0,0.0
149,model.language_model.layers.21.self_attn.k_proj,21,layers_16_23,k_proj,attention,4096,4096,16777216,dense_nvfp4,0.005033498164266348,0.0033244550304415968,0.05765808729433883,1.0,1.230480472569408,16,global_coef_final_layer_type,final_layer_type,dense_nvfp4,output_rel_mse,3.932361893790797e-05,0.029496945440769196,0.6435481309890747,0.6231246590614319,latency_model,1.969835,1.969835,True,,0.47152300000000014,3.932361893790797e-05
149,model.language_model.layers.21.self_attn.k_proj,21,layers_16_23,k_proj,attention,4096,4096,16777216,sparse_bf16,0.025940751656889915,0.017132987740297215,0.13089303931186416,2.0,1.230480472569408,16,global_coef_final_layer_type,final_layer_type,sparse_bf16,output_rel_mse,0.00018179980192092234,0.04986100643873215,0.5524327158927917,0.38522979617118835,latency_model,1.257995,1.257995,True,,1.1833630000000002,0.00018179980192092234
149,model.language_model.layers.21.self_attn.k_proj,21,layers_16_23,k_proj,attention,4096,4096,16777216,sparse_nvfp4,0.04992521181702614,0.03297391121531604,0.18158720003159926,3.3125,1.230480472569408,16,global_coef_final_layer_type,final_layer_type,sparse_nvfp4,output_rel_mse,0.0007426651881566872,0.20809470117092133,0.35783106088638306,0.302470862865448,latency_model,1.8060494999999999,1.8060494999999999,True,,0.6353085000000003,0.0007426651881566872
150,model.language_model.layers.21.self_attn.v_proj,21,layers_16_23,v_proj,attention,4096,4096,16777216,dense_bf16,0.0,0.0,0.0,0.0,0.0,16,global_coef_final_layer_type,dense_zero,dense_bf16,output_rel_mse,0.0,,,,latency_model,2.441358,2.441358,True,,0.0,0.0
150,model.language_model.layers.21.self_attn.v_proj,21,layers_16_23,v_proj,attention,4096,4096,16777216,dense_nvfp4,0.0027289960999041796,0.01939567166286957,0.13926834408030264,0.4267578125,0.3751017114667867,16,global_coef_final_layer_type,final_layer_type,dense_nvfp4,output_rel_mse,0.00014276444087743076,0.029496945440769196,0.6435481309890747,0.38775476813316345,latency_model,1.969835,1.969835,True,,0.47152300000000014,0.00014276444087743076
150,model.language_model.layers.21.self_attn.v_proj,21,layers_16_23,v_proj,attention,4096,4096,16777216,sparse_bf16,0.01511386502534151,0.10741809546695383,0.32774699917307226,1.001953125,0.3751017114667867,16,global_coef_final_layer_type,final_layer_type,sparse_bf16,output_rel_mse,0.0003977449824635383,0.04986100643873215,0.5524327158927917,0.13442710041999817,latency_model,1.257995,1.257995,True,,1.1833630000000002,0.0003977449824635383
150,model.language_model.layers.21.self_attn.v_proj,21,layers_16_23,v_proj,attention,4096,4096,16777216,sparse_nvfp4,0.02682545594871044,0.19065536070433656,0.43664099750749075,1.345703125,0.3751017114667867,16,global_coef_final_layer_type,final_layer_type,sparse_nvfp4,output_rel_mse,0.010835857841403807,0.20809470117092133,0.35783106088638306,0.7632647752761841,latency_model,1.8060494999999999,1.8060494999999999,True,,0.6353085000000003,0.010835857841403807
151,model.language_model.layers.21.self_attn.o_proj,21,layers_16_23,o_proj,attention,4096,4096,16777216,dense_bf16,0.0,0.0,0.0,0.0,0.0,16,global_coef_final_layer_type,dense_zero,dense_bf16,output_rel_mse,0.0,,,,latency_model,2.441358,2.441358,True,,0.0,0.0
151,model.language_model.layers.21.self_attn.o_proj,21,layers_16_23,o_proj,attention,4096,4096,16777216,dense_nvfp4,2.1828189346706495e-05,0.01027787905529079,0.10137987500135709,0.2421875,0.04608473608814887,16,global_coef_final_layer_type,final_layer_type,dense_nvfp4,output_rel_mse,8.682437836818102e-05,0.029496945440769196,0.6435481309890747,0.4450205862522125,latency_model,1.969835,1.969835,True,,0.47152300000000014,8.682437836818102e-05
151,model.language_model.layers.21.self_attn.o_proj,21,layers_16_23,o_proj,attention,4096,4096,16777216,sparse_bf16,0.0001410305849276483,0.06640474259959586,0.2576911767981121,0.953125,0.04608473608814887,16,global_coef_final_layer_type,final_layer_type,sparse_bf16,output_rel_mse,0.00030010889667567603,0.04986100643873215,0.5524327158927917,0.16407383978366852,latency_model,1.257995,1.257995,True,,1.1833630000000002,0.00030010889667567603
151,model.language_model.layers.21.self_attn.o_proj,21,layers_16_23,o_proj,attention,4096,4096,16777216,sparse_nvfp4,0.0002587503404356539,0.12183349989651011,0.34904655835075943,1.046875,0.04608473608814887,16,global_coef_final_layer_type,final_layer_type,sparse_nvfp4,output_rel_mse,0.0019117996342258884,0.20809470117092133,0.35783106088638306,0.21073496341705322,latency_model,1.8060494999999999,1.8060494999999999,True,,0.6353085000000003,0.0019117996342258884
152,model.language_model.layers.21.mlp.gate_proj,21,layers_16_23,gate_proj,mlp,11008,4096,45088768,dense_bf16,0.0,0.0,0.0,0.0,0.0,16,global_coef_final_layer_type,dense_zero,dense_bf16,output_rel_mse,0.0,,,,latency_model,6.993269319161178,6.993269319161178,True,,0.0,0.0
152,model.language_model.layers.21.mlp.gate_proj,21,layers_16_23,gate_proj,mlp,11008,4096,45088768,dense_nvfp4,0.001773892785422504,0.011779167461549521,0.10853187302147475,0.53125,0.388066707263269,16,global_coef_final_layer_type,final_layer_type,dense_nvfp4,output_rel_mse,0.00010768672033224027,0.029496945440769196,0.6435481309890747,0.48160332441329956,latency_model,3.0619853161530486,3.0619853161530486,True,,3.9312840030081295,0.00010768672033224027
152,model.language_model.layers.21.mlp.gate_proj,21,layers_16_23,gate_proj,mlp,11008,4096,45088768,sparse_bf16,0.01147583220154047,0.07620288575128947,0.27604870177432367,1.5,0.388066707263269,16,global_coef_final_layer_type,final_layer_type,sparse_bf16,output_rel_mse,0.0003655411772319797,0.04986100643873215,0.5524327158927917,0.17415039241313934,latency_model,3.3904291110950173,3.3904291110950173,True,,3.602840208066161,0.0003655411772319797
152,model.language_model.layers.21.mlp.gate_proj,21,layers_16_23,gate_proj,mlp,11008,4096,45088768,sparse_nvfp4,0.020268172025680542,0.13458659643464366,0.3668604590776221,2.703125,0.388066707263269,16,global_coef_final_layer_type,final_layer_type,sparse_nvfp4,output_rel_mse,0.001671989735063203,0.20809470117092133,0.35783106088638306,0.16683714091777802,latency_model,2.5708457841501398,2.5708457841501398,True,,4.422423535011038,0.001671989735063203
153,model.language_model.layers.21.mlp.up_proj,21,layers_16_23,up_proj,mlp,11008,4096,45088768,dense_bf16,0.0,0.0,0.0,0.0,0.0,16,global_coef_final_layer_type,dense_zero,dense_bf16,output_rel_mse,0.0,,,,latency_model,6.993269319161178,6.993269319161178,True,,0.0,0.0
153,model.language_model.layers.21.mlp.up_proj,21,layers_16_23,up_proj,mlp,11008,4096,45088768,dense_nvfp4,0.0014993278309702873,0.01590613653266061,0.12611953271662804,0.32666015625,0.3070194916742545,16,global_coef_final_layer_type,final_layer_type,dense_nvfp4,output_rel_mse,0.00013373957500711068,0.029496945440769196,0.6435481309890747,0.4429320991039276,latency_model,3.0619853161530486,3.0619853161530486,True,,3.9312840030081295,0.00013373957500711068
153,model.language_model.layers.21.mlp.up_proj,21,layers_16_23,up_proj,mlp,11008,4096,45088768,sparse_bf16,0.009728430770337582,0.1032074139392086,0.3212591071692888,0.90625,0.3070194916742545,16,global_coef_final_layer_type,final_layer_type,sparse_bf16,output_rel_mse,0.0003932602463227083,0.04986100643873215,0.5524327158927917,0.13833393156528473,latency_model,3.3904291110950173,3.3904291110950173,True,,3.602840208066161,0.0003932602463227083
153,model.language_model.layers.21.mlp.up_proj,21,layers_16_23,up_proj,mlp,11008,4096,45088768,sparse_nvfp4,0.016868513077497482,0.1789554402788667,0.42303125213022585,1.59375,0.3070194916742545,16,global_coef_final_layer_type,final_layer_type,sparse_nvfp4,output_rel_mse,0.002758846426721869,0.20809470117092133,0.35783106088638306,0.2070349007844925,latency_model,2.5708457841501398,2.5708457841501398,True,,4.422423535011038,0.002758846426721869
154,model.language_model.layers.21.mlp.down_proj,21,layers_16_23,down_proj,mlp,4096,11008,45088768,dense_bf16,0.0,0.0,0.0,0.0,0.0,16,global_coef_final_layer_type,dense_zero,dense_bf16,output_rel_mse,0.0,,,,latency_model,7.019237382643977,7.019237382643977,True,,0.0,0.0
154,model.language_model.layers.21.mlp.down_proj,21,layers_16_23,down_proj,mlp,4096,11008,45088768,dense_nvfp4,0.0003051852690987289,0.01621140881509506,0.1273240307840396,0.28125,0.1372054632782857,16,global_coef_final_layer_type,final_layer_type,dense_nvfp4,output_rel_mse,0.00013679921026606235,0.029496945440769196,0.6435481309890747,0.4445337653160095,latency_model,4.934856405513043,4.934856405513043,True,,2.0843809771309347,0.00013679921026606235
154,model.language_model.layers.21.mlp.down_proj,21,layers_16_23,down_proj,mlp,4096,11008,45088768,sparse_bf16,0.001423665089532733,0.0756249371090309,0.2749998856527597,0.609375,0.1372054632782857,16,global_coef_final_layer_type,final_layer_type,sparse_bf16,output_rel_mse,0.00039791985199469414,0.04986100643873215,0.5524327158927917,0.19102497398853302,latency_model,3.4039856523906575,3.4039856523906575,True,,3.61525173025332,0.00039791985199469414
154,model.language_model.layers.21.mlp.down_proj,21,layers_16_23,down_proj,mlp,4096,11008,45088768,sparse_nvfp4,0.002645836677402258,0.14054656098576232,0.37489540005948635,0.78125,0.1372054632782857,16,global_coef_final_layer_type,final_layer_type,sparse_nvfp4,output_rel_mse,0.0026508439852637867,0.20809470117092133,0.35783106088638306,0.2532939910888672,latency_model,4.5866232192169125,4.5866232192169125,True,,2.432614163427065,0.0026508439852637867
155,model.language_model.layers.22.self_attn.q_proj,22,layers_16_23,q_proj,attention,4096,4096,16777216,dense_bf16,0.0,0.0,0.0,0.0,0.0,16,global_coef_final_layer_type,dense_zero,dense_bf16,output_rel_mse,0.0,,,,latency_model,2.441358,2.441358,True,,0.0,0.0
155,model.language_model.layers.22.self_attn.q_proj,22,layers_16_23,q_proj,attention,4096,4096,16777216,dense_nvfp4,0.005163961555808783,0.004390889209069356,0.06626378504937185,0.8125,1.0844643020136342,16,global_coef_final_layer_type,final_layer_type,dense_nvfp4,output_rel_mse,4.9410218787471656e-05,0.029496945440769196,0.6414831280708313,0.5947055816650391,latency_model,1.969835,1.969835,True,,0.47152300000000014,4.9410218787471656e-05
155,model.language_model.layers.22.self_attn.q_proj,22,layers_16_23,q_proj,attention,4096,4096,16777216,sparse_bf16,0.026413675397634506,0.022459408541659696,0.14986463405907244,2.1875,1.0844643020136342,16,global_coef_final_layer_type,final_layer_type,sparse_bf16,output_rel_mse,0.00020343100722421833,0.04986100643873215,0.5329192280769348,0.3408759832382202,latency_model,1.257995,1.257995,True,,1.1833630000000002,0.00020343100722421833
155,model.language_model.layers.22.self_attn.q_proj,22,layers_16_23,q_proj,attention,4096,4096,16777216,sparse_nvfp4,0.049832429736852646,0.04237225154147826,0.20584521257847668,2.9375,1.0844643020136342,16,global_coef_final_layer_type,final_layer_type,sparse_nvfp4,output_rel_mse,0.004688599133039295,0.20809470117092133,1.2583986520767212,0.422554075717926,latency_model,1.8060494999999999,1.8060494999999999,True,,0.6353085000000003,0.004688599133039295
156,model.language_model.layers.22.self_attn.k_proj,22,layers_16_23,k_proj,attention,4096,4096,16777216,dense_bf16,0.0,0.0,0.0,0.0,0.0,16,global_coef_final_layer_type,dense_zero,dense_bf16,output_rel_mse,0.0,,,,latency_model,2.441358,2.441358,True,,0.0,0.0
156,model.language_model.layers.22.self_attn.k_proj,22,layers_16_23,k_proj,attention,4096,4096,16777216,dense_nvfp4,0.005455198232084513,0.003512498547861116,0.05926633570469087,0.875,1.2462271018110342,16,global_coef_final_layer_type,final_layer_type,dense_nvfp4,output_rel_mse,4.141459079550727e-05,0.029496945440769196,0.6414831280708313,0.6231246590614319,latency_model,1.969835,1.969835,True,,0.47152300000000014,4.141459079550727e-05
156,model.language_model.layers.22.self_attn.k_proj,22,layers_16_23,k_proj,attention,4096,4096,16777216,sparse_bf16,0.027821721509099007,0.01791387814744267,0.13384273662564836,2.1875,1.2462271018110342,16,global_coef_final_layer_type,final_layer_type,sparse_bf16,output_rel_mse,0.00018337153364317635,0.04986100643873215,0.5329192280769348,0.38522979617118835,latency_model,1.257995,1.257995,True,,1.1833630000000002,0.00018337153364317635
156,model.language_model.layers.22.self_attn.k_proj,22,layers_16_23,k_proj,attention,4096,4096,16777216,sparse_nvfp4,0.0537298247218132,0.03459561381330155,0.18599896186081671,2.96875,1.2462271018110342,16,global_coef_final_layer_type,final_layer_type,sparse_nvfp4,output_rel_mse,0.002740210031202753,0.20809470117092133,1.2583986520767212,0.302470862865448,latency_model,1.8060494999999999,1.8060494999999999,True,,0.6353085000000003,0.002740210031202753
157,model.language_model.layers.22.self_attn.v_proj,22,layers_16_23,v_proj,attention,4096,4096,16777216,dense_bf16,0.0,0.0,0.0,0.0,0.0,16,global_coef_final_layer_type,dense_zero,dense_bf16,output_rel_mse,0.0,,,,latency_model,2.441358,2.441358,True,,0.0,0.0
157,model.language_model.layers.22.self_attn.v_proj,22,layers_16_23,v_proj,attention,4096,4096,16777216,dense_nvfp4,0.00290506100282073,0.019968445062572397,0.1413097486466252,0.4404296875,0.3814217938635636,16,global_coef_final_layer_type,final_layer_type,dense_nvfp4,output_rel_mse,0.00014650878876669042,0.029496945440769196,0.6414831280708313,0.38775476813316345,latency_model,1.969835,1.969835,True,,0.47152300000000014,0.00014650878876669042
157,model.language_model.layers.22.self_attn.v_proj,22,layers_16_23,v_proj,attention,4096,4096,16777216,sparse_bf16,0.01587700843811035,0.10913339528724837,0.3303534399506813,1.28125,0.3814217938635636,16,global_coef_final_layer_type,final_layer_type,sparse_bf16,output_rel_mse,0.00038982252349394097,0.04986100643873215,0.5329192280769348,0.13442710041999817,latency_model,1.257995,1.257995,True,,1.1833630000000002,0.00038982252349394097
157,model.language_model.layers.22.self_attn.v_proj,22,layers_16_23,v_proj,attention,4096,4096,16777216,sparse_nvfp4,0.028396308422088623,0.19518699406166296,0.4417997216631796,1.40234375,0.3814217938635636,16,global_coef_final_layer_type,final_layer_type,sparse_nvfp4,output_rel_mse,0.0390126419672032,0.20809470117092133,1.2583986520767212,0.7632647752761841,latency_model,1.8060494999999999,1.8060494999999999,True,,0.6353085000000003,0.0390126419672032
158,model.language_model.layers.22.self_attn.o_proj,22,layers_16_23,o_proj,attention,4096,4096,16777216,dense_bf16,0.0,0.0,0.0,0.0,0.0,16,global_coef_final_layer_type,dense_zero,dense_bf16,output_rel_mse,0.0,,,,latency_model,2.441358,2.441358,True,,0.0,0.0
158,model.language_model.layers.22.self_attn.o_proj,22,layers_16_23,o_proj,attention,4096,4096,16777216,dense_nvfp4,5.747800605604425e-05,0.005873512083487349,0.07663884187203868,0.640625,0.09892405577168731,16,global_coef_final_layer_type,final_layer_type,dense_nvfp4,output_rel_mse,4.945842148036616e-05,0.029496945440769196,0.6414831280708313,0.4450205862522125,latency_model,1.969835,1.969835,True,,0.47152300000000014,4.945842148036616e-05
158,model.language_model.layers.22.self_attn.o_proj,22,layers_16_23,o_proj,attention,4096,4096,16777216,sparse_bf16,0.0010544327087700367,0.10774944506854274,0.32825210596208326,5.0703125,0.09892405577168731,16,global_coef_final_layer_type,final_layer_type,sparse_bf16,output_rel_mse,0.00046976084449810686,0.04986100643873215,0.5329192280769348,0.16407383978366852,latency_model,1.257995,1.257995,True,,1.1833630000000002,0.00046976084449810686
158,model.language_model.layers.22.self_attn.o_proj,22,layers_16_23,o_proj,attention,4096,4096,16777216,sparse_nvfp4,0.0014982959255576134,0.15310655026588363,0.391288321146803,4.484375,0.09892405577168731,16,global_coef_final_layer_type,final_layer_type,sparse_nvfp4,output_rel_mse,0.008449084110367211,0.20809470117092133,1.2583986520767212,0.21073496341705322,latency_model,1.8060494999999999,1.8060494999999999,True,,0.6353085000000003,0.008449084110367211
159,model.language_model.layers.22.mlp.gate_proj,22,layers_16_23,gate_proj,mlp,11008,4096,45088768,dense_bf16,0.0,0.0,0.0,0.0,0.0,16,global_coef_final_layer_type,dense_zero,dense_bf16,output_rel_mse,0.0,,,,latency_model,6.993269319161178,6.993269319161178,True,,0.0,0.0
159,model.language_model.layers.22.mlp.gate_proj,22,layers_16_23,gate_proj,mlp,11008,4096,45088768,dense_nvfp4,0.0017983244033530354,0.012500338737369903,0.11180491374429793,0.5625,0.3792915155285516,16,global_coef_final_layer_type,final_layer_type,dense_nvfp4,output_rel_mse,0.0001139130659794589,0.029496945440769196,0.6414831280708313,0.48160332441329956,latency_model,3.0619853161530486,3.0619853161530486,True,,3.9312840030081295,0.0001139130659794589
159,model.language_model.layers.22.mlp.gate_proj,22,layers_16_23,gate_proj,mlp,11008,4096,45088768,sparse_bf16,0.011697826907038689,0.08131280349444125,0.2851539996115104,1.8125,0.3792915155285516,16,global_coef_final_layer_type,final_layer_type,sparse_bf16,output_rel_mse,0.0003762753972039416,0.04986100643873215,0.5329192280769348,0.17415039241313934,latency_model,3.3904291110950173,3.3904291110950173,True,,3.602840208066161,0.0003762753972039416
159,model.language_model.layers.22.mlp.gate_proj,22,layers_16_23,gate_proj,mlp,11008,4096,45088768,sparse_nvfp4,0.02067558653652668,0.1437181382950129,0.3791017519017987,2.625,0.3792915155285516,16,global_coef_final_layer_type,final_layer_type,sparse_nvfp4,output_rel_mse,0.006278900307095839,0.20809470117092133,1.2583986520767212,0.16683714091777802,latency_model,2.5708457841501398,2.5708457841501398,True,,4.422423535011038,0.006278900307095839
160,model.language_model.layers.22.mlp.up_proj,22,layers_16_23,up_proj,mlp,11008,4096,45088768,dense_bf16,0.0,0.0,0.0,0.0,0.0,16,global_coef_final_layer_type,dense_zero,dense_bf16,output_rel_mse,0.0,,,,latency_model,6.993269319161178,6.993269319161178,True,,0.0,0.0
160,model.language_model.layers.22.mlp.up_proj,22,layers_16_23,up_proj,mlp,11008,4096,45088768,dense_nvfp4,0.0015097728464752436,0.01610600368222102,0.1269094310215794,0.341552734375,0.3061694881134945,16,global_coef_final_layer_type,final_layer_type,dense_nvfp4,output_rel_mse,0.00013498553489031562,0.029496945440769196,0.6414831280708313,0.4429320991039276,latency_model,3.0619853161530486,3.0619853161530486,True,,3.9312840030081295,0.00013498553489031562
160,model.language_model.layers.22.mlp.up_proj,22,layers_16_23,up_proj,mlp,11008,4096,45088768,sparse_bf16,0.009873004630208015,0.10532355863993406,0.3245359127121898,1.3125,0.3061694881134945,16,global_coef_final_layer_type,final_layer_type,sparse_bf16,output_rel_mse,0.0003871476925979234,0.04986100643873215,0.5329192280769348,0.13833393156528473,latency_model,3.3904291110950173,3.3904291110950173,True,,3.602840208066161,0.0003871476925979234
160,model.language_model.layers.22.mlp.up_proj,22,layers_16_23,up_proj,mlp,11008,4096,45088768,sparse_nvfp4,0.01708359271287918,0.1822449037824234,0.426901515319896,1.9375,0.3061694881134945,16,global_coef_final_layer_type,final_layer_type,sparse_nvfp4,output_rel_mse,0.009880484049497604,0.20809470117092133,1.2583986520767212,0.2070349007844925,latency_model,2.5708457841501398,2.5708457841501398,True,,4.422423535011038,0.009880484049497604
161,model.language_model.layers.22.mlp.down_proj,22,layers_16_23,down_proj,mlp,4096,11008,45088768,dense_bf16,0.0,0.0,0.0,0.0,0.0,16,global_coef_final_layer_type,dense_zero,dense_bf16,output_rel_mse,0.0,,,,latency_model,7.019237382643977,7.019237382643977,True,,0.0,0.0
161,model.language_model.layers.22.mlp.down_proj,22,layers_16_23,down_proj,mlp,4096,11008,45088768,dense_nvfp4,0.00028884096536785364,0.016051345207047134,0.12669390359069033,0.3046875,0.13414474876432605,16,global_coef_final_layer_type,final_layer_type,dense_nvfp4,output_rel_mse,0.000135013896843811,0.029496945440769196,0.6414831280708313,0.4445337653160095,latency_model,4.934856405513043,4.934856405513043,True,,2.0843809771309347,0.000135013896843811
161,model.language_model.layers.22.mlp.down_proj,22,layers_16_23,down_proj,mlp,4096,11008,45088768,sparse_bf16,0.001481420360505581,0.08232485157685232,0.28692307606195133,0.5361328125,0.13414474876432605,16,global_coef_final_layer_type,final_layer_type,sparse_bf16,output_rel_mse,0.00041787225449799555,0.04986100643873215,0.5329192280769348,0.19102497398853302,latency_model,3.4039856523906575,3.4039856523906575,True,,3.61525173025332,0.00041787225449799555
161,model.language_model.layers.22.mlp.down_proj,22,layers_16_23,down_proj,mlp,4096,11008,45088768,sparse_nvfp4,0.002695853356271982,0.1498127967893648,0.3870565808630113,0.828125,0.13414474876432605,16,global_coef_final_layer_type,final_layer_type,sparse_nvfp4,output_rel_mse,0.009936949093557476,0.20809470117092133,1.2583986520767212,0.2532939910888672,latency_model,4.5866232192169125,4.5866232192169125,True,,2.432614163427065,0.009936949093557476
162,model.language_model.layers.23.self_attn.q_proj,23,layers_16_23,q_proj,attention,4096,4096,16777216,dense_bf16,0.0,0.0,0.0,0.0,0.0,16,global_coef_final_layer_type,dense_zero,dense_bf16,output_rel_mse,0.0,,,,latency_model,2.441358,2.441358,True,,0.0,0.0
162,model.language_model.layers.23.self_attn.q_proj,23,layers_16_23,q_proj,attention,4096,4096,16777216,dense_nvfp4,0.0052407849580049515,0.004980540872586406,0.0705729471723153,0.75,1.0257934360404959,16,global_coef_final_layer_type,final_layer_type,dense_nvfp4,output_rel_mse,5.627419825096606e-05,0.029496945440769196,0.6441006660461426,0.5947055816650391,latency_model,1.969835,1.969835,True,,0.47152300000000014,5.627419825096606e-05
162,model.language_model.layers.23.self_attn.q_proj,23,layers_16_23,q_proj,attention,4096,4096,16777216,sparse_bf16,0.027401478961110115,0.026040791032013278,0.1613715930144252,2.0,1.0257934360404959,16,global_coef_final_layer_type,final_layer_type,sparse_bf16,output_rel_mse,0.0002281032714560527,0.04986100643873215,0.5153709053993225,0.3408759832382202,latency_model,1.257995,1.257995,True,,1.1833630000000002,0.0002281032714560527
162,model.language_model.layers.23.self_attn.q_proj,23,layers_16_23,q_proj,attention,4096,4096,16777216,sparse_nvfp4,0.050831712782382965,0.04830753888299342,0.21978976064183112,2.875,1.0257934360404959,16,global_coef_final_layer_type,final_layer_type,sparse_nvfp4,output_rel_mse,0.0017245821997265937,0.20809470117092133,0.40599966049194336,0.422554075717926,latency_model,1.8060494999999999,1.8060494999999999,True,,0.6353085000000003,0.0017245821997265937
163,model.language_model.layers.23.self_attn.k_proj,23,layers_16_23,k_proj,attention,4096,4096,16777216,dense_bf16,0.0,0.0,0.0,0.0,0.0,16,global_coef_final_layer_type,dense_zero,dense_bf16,output_rel_mse,0.0,,,,latency_model,2.441358,2.441358,True,,0.0,0.0
163,model.language_model.layers.23.self_attn.k_proj,23,layers_16_23,k_proj,attention,4096,4096,16777216,dense_nvfp4,0.005279376171529293,0.003724590777792477,0.06102942550763916,0.9375,1.1905620147785794,16,global_coef_final_layer_type,final_layer_type,dense_nvfp4,output_rel_mse,4.409448704510644e-05,0.029496945440769196,0.6441006660461426,0.6231246590614319,latency_model,1.969835,1.969835,True,,0.47152300000000014,4.409448704510644e-05
163,model.language_model.layers.23.self_attn.k_proj,23,layers_16_23,k_proj,attention,4096,4096,16777216,sparse_bf16,0.028578869998455048,0.02016234346209538,0.14199416700025175,2.25,1.1905620147785794,16,global_coef_final_layer_type,final_layer_type,sparse_bf16,output_rel_mse,0.00019959139671722056,0.04986100643873215,0.5153709053993225,0.38522979617118835,latency_model,1.257995,1.257995,True,,1.1833630000000002,0.00019959139671722056
163,model.language_model.layers.23.self_attn.k_proj,23,layers_16_23,k_proj,attention,4096,4096,16777216,sparse_nvfp4,0.05327403172850609,0.03758473744338993,0.19386783498917484,3.0625,1.1905620147785794,16,global_coef_final_layer_type,final_layer_type,sparse_nvfp4,output_rel_mse,0.0009604654745206943,0.20809470117092133,0.40599966049194336,0.302470862865448,latency_model,1.8060494999999999,1.8060494999999999,True,,0.6353085000000003,0.0009604654745206943
164,model.language_model.layers.23.self_attn.v_proj,23,layers_16_23,v_proj,attention,4096,4096,16777216,dense_bf16,0.0,0.0,0.0,0.0,0.0,16,global_coef_final_layer_type,dense_zero,dense_bf16,output_rel_mse,0.0,,,,latency_model,2.441358,2.441358,True,,0.0,0.0
164,model.language_model.layers.23.self_attn.v_proj,23,layers_16_23,v_proj,attention,4096,4096,16777216,dense_nvfp4,0.003255288116633892,0.02015745046304007,0.14197693637714567,0.5322265625,0.4018619763947085,16,global_coef_final_layer_type,final_layer_type,dense_nvfp4,output_rel_mse,0.0001484990041635193,0.029496945440769196,0.6441006660461426,0.38775476813316345,latency_model,1.969835,1.969835,True,,0.47152300000000014,0.0001484990041635193
164,model.language_model.layers.23.self_attn.v_proj,23,layers_16_23,v_proj,attention,4096,4096,16777216,sparse_bf16,0.018337136134505272,0.11354752636996239,0.33696813850861684,1.240234375,0.4018619763947085,16,global_coef_final_layer_type,final_layer_type,sparse_bf16,output_rel_mse,0.0003922341892363168,0.04986100643873215,0.5153709053993225,0.13442710041999817,latency_model,1.257995,1.257995,True,,1.1833630000000002,0.0003922341892363168
164,model.language_model.layers.23.self_attn.v_proj,23,layers_16_23,v_proj,attention,4096,4096,16777216,sparse_nvfp4,0.03250505402684212,0.20127834860345195,0.44864055612868076,1.6484375,0.4018619763947085,16,global_coef_final_layer_type,final_layer_type,sparse_nvfp4,output_rel_mse,0.012979530186135627,0.20809470117092133,0.40599966049194336,0.7632647752761841,latency_model,1.8060494999999999,1.8060494999999999,True,,0.6353085000000003,0.012979530186135627
165,model.language_model.layers.23.self_attn.o_proj,23,layers_16_23,o_proj,attention,4096,4096,16777216,dense_bf16,0.0,0.0,0.0,0.0,0.0,16,global_coef_final_layer_type,dense_zero,dense_bf16,output_rel_mse,0.0,,,,latency_model,2.441358,2.441358,True,,0.0,0.0
165,model.language_model.layers.23.self_attn.o_proj,23,layers_16_23,o_proj,attention,4096,4096,16777216,dense_nvfp4,3.719143569469452e-05,0.013254763108947937,0.11512933209633389,0.3203125,0.052970672501500005,16,global_coef_final_layer_type,final_layer_type,dense_nvfp4,output_rel_mse,0.00011206832090062798,0.029496945440769196,0.6441006660461426,0.4450205862522125,latency_model,1.969835,1.969835,True,,0.47152300000000014,0.00011206832090062798
165,model.language_model.layers.23.self_attn.o_proj,23,layers_16_23,o_proj,attention,4096,4096,16777216,sparse_bf16,0.0002373268362134695,0.08458159612951889,0.2908291528191747,0.9375,0.052970672501500005,16,global_coef_final_layer_type,final_layer_type,sparse_bf16,output_rel_mse,0.0003566121667138286,0.04986100643873215,0.5153709053993225,0.16407383978366852,latency_model,1.257995,1.257995,True,,1.1833630000000002,0.0003566121667138286
165,model.language_model.layers.23.self_attn.o_proj,23,layers_16_23,o_proj,attention,4096,4096,16777216,sparse_nvfp4,0.0004280838184058666,0.152566027574813,0.39059701429326493,1.2890625,0.052970672501500005,16,global_coef_final_layer_type,final_layer_type,sparse_nvfp4,output_rel_mse,0.0027163212222027643,0.20809470117092133,0.40599966049194336,0.21073496341705322,latency_model,1.8060494999999999,1.8060494999999999,True,,0.6353085000000003,0.0027163212222027643
166,model.language_model.layers.23.mlp.gate_proj,23,layers_16_23,gate_proj,mlp,11008,4096,45088768,dense_bf16,0.0,0.0,0.0,0.0,0.0,16,global_coef_final_layer_type,dense_zero,dense_bf16,output_rel_mse,0.0,,,,latency_model,6.993269319161178,6.993269319161178,True,,0.0,0.0
166,model.language_model.layers.23.mlp.gate_proj,23,layers_16_23,gate_proj,mlp,11008,4096,45088768,dense_nvfp4,0.001905294368043542,0.012515963128644739,0.1118747653791718,0.53515625,0.3901655355990046,16,global_coef_final_layer_type,final_layer_type,dense_nvfp4,output_rel_mse,0.00011452084512884402,0.029496945440769196,0.6441006660461426,0.48160332441329956,latency_model,3.0619853161530486,3.0619853161530486,True,,3.9312840030081295,0.00011452084512884402
166,model.language_model.layers.23.mlp.gate_proj,23,layers_16_23,gate_proj,mlp,11008,4096,45088768,sparse_bf16,0.012492670677602291,0.08206490724041142,0.28646973180497,2.0,0.3901655355990046,16,global_coef_final_layer_type,final_layer_type,sparse_bf16,output_rel_mse,0.0003672509079335515,0.04986100643873215,0.5153709053993225,0.17415039241313934,latency_model,3.3904291110950173,3.3904291110950173,True,,3.602840208066161,0.0003672509079335515
166,model.language_model.layers.23.mlp.gate_proj,23,layers_16_23,gate_proj,mlp,11008,4096,45088768,sparse_nvfp4,0.021933775395154953,0.14408394247216968,0.37958390702474426,2.375,0.3901655355990046,16,global_coef_final_layer_type,final_layer_type,sparse_nvfp4,output_rel_mse,0.0020309302771468756,0.20809470117092133,0.40599966049194336,0.16683714091777802,latency_model,2.5708457841501398,2.5708457841501398,True,,4.422423535011038,0.0020309302771468756
167,model.language_model.layers.23.mlp.up_proj,23,layers_16_23,up_proj,mlp,11008,4096,45088768,dense_bf16,0.0,0.0,0.0,0.0,0.0,16,global_coef_final_layer_type,dense_zero,dense_bf16,output_rel_mse,0.0,,,,latency_model,6.993269319161178,6.993269319161178,True,,0.0,0.0
167,model.language_model.layers.23.mlp.up_proj,23,layers_16_23,up_proj,mlp,11008,4096,45088768,dense_nvfp4,0.0016124943504109979,0.016332972534988957,0.127800518523944,0.3359375,0.31420745493554414,16,global_coef_final_layer_type,final_layer_type,dense_nvfp4,output_rel_mse,0.00013744633993311632,0.029496945440769196,0.6441006660461426,0.4429320991039276,latency_model,3.0619853161530486,3.0619853161530486,True,,3.9312840030081295,0.00013744633993311632
167,model.language_model.layers.23.mlp.up_proj,23,layers_16_23,up_proj,mlp,11008,4096,45088768,sparse_bf16,0.010578654706478119,0.10715130675279566,0.3273397420919062,1.03125,0.31420745493554414,16,global_coef_final_layer_type,final_layer_type,sparse_bf16,output_rel_mse,0.0003808966295638184,0.04986100643873215,0.5153709053993225,0.13833393156528473,latency_model,3.3904291110950173,3.3904291110950173,True,,3.602840208066161,0.0003808966295638184
167,model.language_model.layers.23.mlp.up_proj,23,layers_16_23,up_proj,mlp,11008,4096,45088768,sparse_nvfp4,0.018388446420431137,0.1862567706171911,0.4315747566959762,1.78125,0.31420745493554414,16,global_coef_final_layer_type,final_layer_type,sparse_nvfp4,output_rel_mse,0.003257934310288875,0.20809470117092133,0.40599966049194336,0.2070349007844925,latency_model,2.5708457841501398,2.5708457841501398,True,,4.422423535011038,0.003257934310288875
168,model.language_model.layers.23.mlp.down_proj,23,layers_16_23,down_proj,mlp,4096,11008,45088768,dense_bf16,0.0,0.0,0.0,0.0,0.0,16,global_coef_final_layer_type,dense_zero,dense_bf16,output_rel_mse,0.0,,,,latency_model,7.019237382643977,7.019237382643977,True,,0.0,0.0
168,model.language_model.layers.23.mlp.down_proj,23,layers_16_23,down_proj,mlp,4096,11008,45088768,dense_nvfp4,0.00031630840385332704,0.016017344300954455,0.12655964720618676,0.375,0.1405271083466637,16,global_coef_final_layer_type,final_layer_type,dense_nvfp4,output_rel_mse,0.00013527765252468785,0.029496945440769196,0.6441006660461426,0.4445337653160095,latency_model,4.934856405513043,4.934856405513043,True,,2.0843809771309347,0.00013527765252468785
168,model.language_model.layers.23.mlp.down_proj,23,layers_16_23,down_proj,mlp,4096,11008,45088768,sparse_bf16,0.001651867525652051,0.08364789103170178,0.28921945133704574,0.5234375,0.1405271083466637,16,global_coef_final_layer_type,final_layer_type,sparse_bf16,output_rel_mse,0.0004106067484314451,0.04986100643873215,0.5153709053993225,0.19102497398853302,latency_model,3.4039856523906575,3.4039856523906575,True,,3.61525173025332,0.0004106067484314451
168,model.language_model.layers.23.mlp.down_proj,23,layers_16_23,down_proj,mlp,4096,11008,45088768,sparse_nvfp4,0.00301789166405797,0.15282113676818912,0.39092344105743915,0.71875,0.1405271083466637,16,global_coef_final_layer_type,final_layer_type,sparse_nvfp4,output_rel_mse,0.0032703558042364404,0.20809470117092133,0.40599966049194336,0.2532939910888672,latency_model,4.5866232192169125,4.5866232192169125,True,,2.432614163427065,0.0032703558042364404
169,model.language_model.layers.24.self_attn.q_proj,24,layers_24_31,q_proj,attention,4096,4096,16777216,dense_bf16,0.0,0.0,0.0,0.0,0.0,16,global_coef_final_layer_type,dense_zero,dense_bf16,output_rel_mse,0.0,,,,latency_model,2.441358,2.441358,True,,0.0,0.0
169,model.language_model.layers.24.self_attn.q_proj,24,layers_24_31,q_proj,attention,4096,4096,16777216,dense_nvfp4,0.004987882450222969,0.004866328201179231,0.06975907253669039,0.875,1.0124122864205631,16,global_coef_final_layer_type,final_layer_type,dense_nvfp4,output_rel_mse,5.6403453863643874e-05,0.029496945440769196,0.660731852054596,0.5947055816650391,latency_model,1.969835,1.969835,True,,0.47152300000000014,5.6403453863643874e-05
169,model.language_model.layers.24.self_attn.q_proj,24,layers_24_31,q_proj,attention,4096,4096,16777216,sparse_bf16,0.02569989301264286,0.025073588919306306,0.15834642060781262,2.0625,1.0124122864205631,16,global_coef_final_layer_type,final_layer_type,sparse_bf16,output_rel_mse,0.00021322720927609233,0.04986100643873215,0.5003439784049988,0.3408759832382202,latency_model,1.257995,1.257995,True,,1.1833630000000002,0.00021322720927609233
169,model.language_model.layers.24.self_attn.q_proj,24,layers_24_31,q_proj,attention,4096,4096,16777216,sparse_nvfp4,0.0475722998380661,0.04641296714732854,0.21543668941786248,2.9375,1.0124122864205631,16,global_coef_final_layer_type,final_layer_type,sparse_nvfp4,output_rel_mse,0.0020336984803273135,0.20809470117092133,0.4983149468898773,0.422554075717926,latency_model,1.8060494999999999,1.8060494999999999,True,,0.6353085000000003,0.0020336984803273135
170,model.language_model.layers.24.self_attn.k_proj,24,layers_24_31,k_proj,attention,4096,4096,16777216,dense_bf16,0.0,0.0,0.0,0.0,0.0,16,global_coef_final_layer_type,dense_zero,dense_bf16,output_rel_mse,0.0,,,,latency_model,2.441358,2.441358,True,,0.0,0.0
170,model.language_model.layers.24.self_attn.k_proj,24,layers_24_31,k_proj,attention,4096,4096,16777216,dense_nvfp4,0.0051877181977033615,0.003378786095089985,0.058127326577866845,0.875,1.239104229102923,16,global_coef_final_layer_type,final_layer_type,dense_nvfp4,output_rel_mse,4.10334397593473e-05,0.029496945440769196,0.660731852054596,0.6231246590614319,latency_model,1.969835,1.969835,True,,0.47152300000000014,4.10334397593473e-05
170,model.language_model.layers.24.self_attn.k_proj,24,layers_24_31,k_proj,attention,4096,4096,16777216,sparse_bf16,0.026674507185816765,0.017373236274228543,0.13180757290166806,2.1875,1.239104229102923,16,global_coef_final_layer_type,final_layer_type,sparse_bf16,output_rel_mse,0.0001669668734595311,0.04986100643873215,0.5003439784049988,0.38522979617118835,latency_model,1.257995,1.257995,True,,1.1833630000000002,0.0001669668734595311
170,model.language_model.layers.24.self_attn.k_proj,24,layers_24_31,k_proj,attention,4096,4096,16777216,sparse_nvfp4,0.05107945576310158,0.033268297987646446,0.18239599224666767,3.1875,1.239104229102923,16,global_coef_final_layer_type,final_layer_type,sparse_nvfp4,output_rel_mse,0.0010434678285313752,0.20809470117092133,0.4983149468898773,0.302470862865448,latency_model,1.8060494999999999,1.8060494999999999,True,,0.6353085000000003,0.0010434678285313752
171,model.language_model.layers.24.self_attn.v_proj,24,layers_24_31,v_proj,attention,4096,4096,16777216,dense_bf16,0.0,0.0,0.0,0.0,0.0,16,global_coef_final_layer_type,dense_zero,dense_bf16,output_rel_mse,0.0,,,,latency_model,2.441358,2.441358,True,,0.0,0.0
171,model.language_model.layers.24.self_attn.v_proj,24,layers_24_31,v_proj,attention,4096,4096,16777216,dense_nvfp4,0.003174010431393981,0.019900190325654068,0.1410680343864409,0.5390625,0.3993701117847719,16,global_coef_final_layer_type,final_layer_type,dense_nvfp4,output_rel_mse,0.00015038920561544808,0.029496945440769196,0.660731852054596,0.38775476813316345,latency_model,1.969835,1.969835,True,,0.47152300000000014,0.00015038920561544808
171,model.language_model.layers.24.self_attn.v_proj,24,layers_24_31,v_proj,attention,4096,4096,16777216,sparse_bf16,0.017477305606007576,0.10957799775926443,0.33102567537770305,1.33203125,0.3993701117847719,16,global_coef_final_layer_type,final_layer_type,sparse_bf16,output_rel_mse,0.0003674852477611446,0.04986100643873215,0.5003439784049988,0.13442710041999817,latency_model,1.257995,1.257995,True,,1.1833630000000002,0.0003674852477611446
171,model.language_model.layers.24.self_attn.v_proj,24,layers_24_31,v_proj,attention,4096,4096,16777216,sparse_nvfp4,0.031007207930088043,0.19440684037225509,0.4409159107724001,1.59375,0.3993701117847719,16,global_coef_final_layer_type,final_layer_type,sparse_nvfp4,output_rel_mse,0.015386920065726315,0.20809470117092133,0.4983149468898773,0.7632647752761841,latency_model,1.8060494999999999,1.8060494999999999,True,,0.6353085000000003,0.015386920065726315
172,model.language_model.layers.24.self_attn.o_proj,24,layers_24_31,o_proj,attention,4096,4096,16777216,dense_bf16,0.0,0.0,0.0,0.0,0.0,16,global_coef_final_layer_type,dense_zero,dense_bf16,output_rel_mse,0.0,,,,latency_model,2.441358,2.441358,True,,0.0,0.0
172,model.language_model.layers.24.self_attn.o_proj,24,layers_24_31,o_proj,attention,4096,4096,16777216,dense_nvfp4,6.0883627156727016e-05,0.00601212378069114,0.07753788609893321,0.8125,0.10063204588123122,16,global_coef_final_layer_type,final_layer_type,dense_nvfp4,output_rel_mse,5.214471562546292e-05,0.029496945440769196,0.660731852054596,0.4450205862522125,latency_model,1.969835,1.969835,True,,0.47152300000000014,5.214471562546292e-05
172,model.language_model.layers.24.self_attn.o_proj,24,layers_24_31,o_proj,attention,4096,4096,16777216,sparse_bf16,0.0005326134851202369,0.052594405907604655,0.22933470279834375,3.40625,0.10063204588123122,16,global_coef_final_layer_type,final_layer_type,sparse_bf16,output_rel_mse,0.00021528244324829765,0.04986100643873215,0.5003439784049988,0.16407383978366852,latency_model,1.257995,1.257995,True,,1.1833630000000002,0.00021528244324829765
172,model.language_model.layers.24.self_attn.o_proj,24,layers_24_31,o_proj,attention,4096,4096,16777216,sparse_nvfp4,0.0011070684995502234,0.1093205704690765,0.33063661392694627,4.625,0.10063204588123122,16,global_coef_final_layer_type,final_layer_type,sparse_nvfp4,output_rel_mse,0.00238892998242839,0.20809470117092133,0.4983149468898773,0.21073496341705322,latency_model,1.8060494999999999,1.8060494999999999,True,,0.6353085000000003,0.00238892998242839
173,model.language_model.layers.24.mlp.gate_proj,24,layers_24_31,gate_proj,mlp,11008,4096,45088768,dense_bf16,0.0,0.0,0.0,0.0,0.0,16,global_coef_final_layer_type,dense_zero,dense_bf16,output_rel_mse,0.0,,,,latency_model,6.993269319161178,6.993269319161178,True,,0.0,0.0
173,model.language_model.layers.24.mlp.gate_proj,24,layers_24_31,gate_proj,mlp,11008,4096,45088768,dense_nvfp4,0.0019242014968767762,0.012781981369559199,0.1130574250969798,0.5546875,0.38799504913410976,16,global_coef_final_layer_type,final_layer_type,dense_nvfp4,output_rel_mse,0.00011997477514583767,0.029496945440769196,0.660731852054596,0.48160332441329956,latency_model,3.0619853161530486,3.0619853161530486,True,,3.9312840030081295,0.00011997477514583767
173,model.language_model.layers.24.mlp.gate_proj,24,layers_24_31,gate_proj,mlp,11008,4096,45088768,sparse_bf16,0.012731128372251987,0.08456964924500962,0.29080861274214287,1.6875,0.38799504913410976,16,global_coef_final_layer_type,final_layer_type,sparse_bf16,output_rel_mse,0.0003674250015123633,0.04986100643873215,0.5003439784049988,0.17415039241313934,latency_model,3.3904291110950173,3.3904291110950173,True,,3.602840208066161,0.0003674250015123633
173,model.language_model.layers.24.mlp.gate_proj,24,layers_24_31,gate_proj,mlp,11008,4096,45088768,sparse_nvfp4,0.022342314943671227,0.1484143182646728,0.3852457894184864,2.59375,0.38799504913410976,16,global_coef_final_layer_type,final_layer_type,sparse_nvfp4,output_rel_mse,0.0025676361167095434,0.20809470117092133,0.4983149468898773,0.16683714091777802,latency_model,2.5708457841501398,2.5708457841501398,True,,4.422423535011038,0.0025676361167095434
174,model.language_model.layers.24.mlp.up_proj,24,layers_24_31,up_proj,mlp,11008,4096,45088768,dense_bf16,0.0,0.0,0.0,0.0,0.0,16,global_coef_final_layer_type,dense_zero,dense_bf16,output_rel_mse,0.0,,,,latency_model,6.993269319161178,6.993269319161178,True,,0.0,0.0
174,model.language_model.layers.24.mlp.up_proj,24,layers_24_31,up_proj,mlp,11008,4096,45088768,dense_nvfp4,0.0016376072308048606,0.016506323201231732,0.12847693645643848,0.3515625,0.31497762309172905,16,global_coef_final_layer_type,final_layer_type,dense_nvfp4,output_rel_mse,0.00014249177204687043,0.029496945440769196,0.660731852054596,0.4429320991039276,latency_model,3.0619853161530486,3.0619853161530486,True,,3.9312840030081295,0.00014249177204687043
174,model.language_model.layers.24.mlp.up_proj,24,layers_24_31,up_proj,mlp,11008,4096,45088768,sparse_bf16,0.010796323418617249,0.10882194483541509,0.32988171339953826,1.15625,0.31497762309172905,16,global_coef_final_layer_type,final_layer_type,sparse_bf16,output_rel_mse,0.00037555618717978847,0.04986100643873215,0.5003439784049988,0.13833393156528473,latency_model,3.3904291110950173,3.3904291110950173,True,,3.602840208066161,0.00037555618717978847
174,model.language_model.layers.24.mlp.up_proj,24,layers_24_31,up_proj,mlp,11008,4096,45088768,sparse_nvfp4,0.018728025257587433,0.1887698295461458,0.43447650056838033,1.75,0.31497762309172905,16,global_coef_final_layer_type,final_layer_type,sparse_nvfp4,output_rel_mse,0.004052668510069863,0.20809470117092133,0.4983149468898773,0.2070349007844925,latency_model,2.5708457841501398,2.5708457841501398,True,,4.422423535011038,0.004052668510069863
175,model.language_model.layers.24.mlp.down_proj,24,layers_24_31,down_proj,mlp,4096,11008,45088768,dense_bf16,0.0,0.0,0.0,0.0,0.0,16,global_coef_final_layer_type,dense_zero,dense_bf16,output_rel_mse,0.0,,,,latency_model,7.019237382643977,7.019237382643977,True,,0.0,0.0
175,model.language_model.layers.24.mlp.down_proj,24,layers_24_31,down_proj,mlp,4096,11008,45088768,dense_nvfp4,0.00033514073584228754,0.01585726367913225,0.12592562757092876,0.275390625,0.14537826634170964,16,global_coef_final_layer_type,final_layer_type,dense_nvfp4,output_rel_mse,0.0001373837258583014,0.029496945440769196,0.660731852054596,0.4445337653160095,latency_model,4.934856405513043,4.934856405513043,True,,2.0843809771309347,0.0001373837258583014
175,model.language_model.layers.24.mlp.down_proj,24,layers_24_31,down_proj,mlp,4096,11008,45088768,sparse_bf16,0.0017694412963464856,0.08372153605975174,0.2893467401920259,0.61328125,0.14537826634170964,16,global_coef_final_layer_type,final_layer_type,sparse_bf16,output_rel_mse,0.0003989854468955686,0.04986100643873215,0.5003439784049988,0.19102497398853302,latency_model,3.4039856523906575,3.4039856523906575,True,,3.61525173025332,0.0003989854468955686
175,model.language_model.layers.24.mlp.down_proj,24,layers_24_31,down_proj,mlp,4096,11008,45088768,sparse_nvfp4,0.003203105181455612,0.15155568399252609,0.3893015335090861,0.67626953125,0.14537826634170964,16,global_coef_final_layer_type,final_layer_type,sparse_nvfp4,output_rel_mse,0.003980723857796321,0.20809470117092133,0.4983149468898773,0.2532939910888672,latency_model,4.5866232192169125,4.5866232192169125,True,,2.432614163427065,0.003980723857796321
176,model.language_model.layers.25.self_attn.q_proj,25,layers_24_31,q_proj,attention,4096,4096,16777216,dense_bf16,0.0,0.0,0.0,0.0,0.0,16,global_coef_final_layer_type,dense_zero,dense_bf16,output_rel_mse,0.0,,,,latency_model,2.441358,2.441358,True,,0.0,0.0
176,model.language_model.layers.25.self_attn.q_proj,25,layers_24_31,q_proj,attention,4096,4096,16777216,dense_nvfp4,0.005297362804412842,0.005260723529874162,0.07253084536853381,0.765625,1.003476299437468,16,global_coef_final_layer_type,final_layer_type,dense_nvfp4,output_rel_mse,5.949792170721406e-05,0.029496945440769196,0.6447290778160095,0.5947055816650391,latency_model,1.969835,1.969835,True,,0.47152300000000014,5.949792170721406e-05
176,model.language_model.layers.25.self_attn.q_proj,25,layers_24_31,q_proj,attention,4096,4096,16777216,sparse_bf16,0.02907014638185501,0.02886908235934231,0.16990904142906083,2.5625,1.003476299437468,16,global_coef_final_layer_type,final_layer_type,sparse_bf16,output_rel_mse,0.0002541059201056853,0.04986100643873215,0.5178743004798889,0.3408759832382202,latency_model,1.257995,1.257995,True,,1.1833630000000002,0.0002541059201056853
176,model.language_model.layers.25.self_attn.q_proj,25,layers_24_31,q_proj,attention,4096,4096,16777216,sparse_nvfp4,0.053429096937179565,0.05305955393563088,0.23034659523342402,2.875,1.003476299437468,16,global_coef_final_layer_type,final_layer_type,sparse_nvfp4,output_rel_mse,0.006520064967662659,0.20809470117092133,1.3974781036376953,0.422554075717926,latency_model,1.8060494999999999,1.8060494999999999,True,,0.6353085000000003,0.006520064967662659
177,model.language_model.layers.25.self_attn.k_proj,25,layers_24_31,k_proj,attention,4096,4096,16777216,dense_bf16,0.0,0.0,0.0,0.0,0.0,16,global_coef_final_layer_type,dense_zero,dense_bf16,output_rel_mse,0.0,,,,latency_model,2.441358,2.441358,True,,0.0,0.0
177,model.language_model.layers.25.self_attn.k_proj,25,layers_24_31,k_proj,attention,4096,4096,16777216,dense_nvfp4,0.0052773188799619675,0.003984358926092177,0.06312177854031188,0.8125,1.1508731056944403,16,global_coef_final_layer_type,final_layer_type,dense_nvfp4,output_rel_mse,4.721583723396594e-05,0.029496945440769196,0.6447290778160095,0.6231246590614319,latency_model,1.969835,1.969835,True,,0.47152300000000014,4.721583723396594e-05
177,model.language_model.layers.25.self_attn.k_proj,25,layers_24_31,k_proj,attention,4096,4096,16777216,sparse_bf16,0.029601041227579117,0.022348691735220173,0.14949478832126614,2.4375,1.1508731056944403,16,global_coef_final_layer_type,final_layer_type,sparse_bf16,output_rel_mse,0.00022230916946560349,0.04986100643873215,0.5178743004798889,0.38522979617118835,latency_model,1.257995,1.257995,True,,1.1833630000000002,0.00022230916946560349
177,model.language_model.layers.25.self_attn.k_proj,25,layers_24_31,k_proj,attention,4096,4096,16777216,sparse_nvfp4,0.055075354874134064,0.04158171730604838,0.20391595647729086,3.75,1.1508731056944403,16,global_coef_final_layer_type,final_layer_type,sparse_nvfp4,output_rel_mse,0.003657564557427355,0.20809470117092133,1.3974781036376953,0.302470862865448,latency_model,1.8060494999999999,1.8060494999999999,True,,0.6353085000000003,0.003657564557427355
178,model.language_model.layers.25.self_attn.v_proj,25,layers_24_31,v_proj,attention,4096,4096,16777216,dense_bf16,0.0,0.0,0.0,0.0,0.0,16,global_coef_final_layer_type,dense_zero,dense_bf16,output_rel_mse,0.0,,,,latency_model,2.441358,2.441358,True,,0.0,0.0
178,model.language_model.layers.25.self_attn.v_proj,25,layers_24_31,v_proj,attention,4096,4096,16777216,dense_nvfp4,0.0036237898748368025,0.01969997277961137,0.14035659150752902,0.578125,0.4288927357530087,16,global_coef_final_layer_type,final_layer_type,dense_nvfp4,output_rel_mse,0.00014527038101791494,0.029496945440769196,0.6447290778160095,0.38775476813316345,latency_model,1.969835,1.969835,True,,0.47152300000000014,0.00014527038101791494
178,model.language_model.layers.25.self_attn.v_proj,25,layers_24_31,v_proj,attention,4096,4096,16777216,sparse_bf16,0.021100183948874474,0.11470671970359202,0.3386838049030275,1.29833984375,0.4288927357530087,16,global_coef_final_layer_type,final_layer_type,sparse_bf16,output_rel_mse,0.00039816317556302754,0.04986100643873215,0.5178743004798889,0.13442710041999817,latency_model,1.257995,1.257995,True,,1.1833630000000002,0.00039816317556302754
178,model.language_model.layers.25.self_attn.v_proj,25,layers_24_31,v_proj,attention,4096,4096,16777216,sparse_nvfp4,0.03754006326198578,0.2040786717633052,0.4517506743363038,1.7421875,0.4288927357530087,16,global_coef_final_layer_type,final_layer_type,sparse_nvfp4,output_rel_mse,0.045297983860063264,0.20809470117092133,1.3974781036376953,0.7632647752761841,latency_model,1.8060494999999999,1.8060494999999999,True,,0.6353085000000003,0.045297983860063264
179,model.language_model.layers.25.self_attn.o_proj,25,layers_24_31,o_proj,attention,4096,4096,16777216,dense_bf16,0.0,0.0,0.0,0.0,0.0,16,global_coef_final_layer_type,dense_zero,dense_bf16,output_rel_mse,0.0,,,,latency_model,2.441358,2.441358,True,,0.0,0.0
179,model.language_model.layers.25.self_attn.o_proj,25,layers_24_31,o_proj,attention,4096,4096,16777216,dense_nvfp4,4.0679289668332785e-05,0.012576635582873667,0.11214559992649585,0.203125,0.056872777944560624,16,global_coef_final_layer_type,final_layer_type,dense_nvfp4,output_rel_mse,0.00010643853324461983,0.029496945440769196,0.6447290778160095,0.4450205862522125,latency_model,1.969835,1.969835,True,,0.47152300000000014,0.00010643853324461983
179,model.language_model.layers.25.self_attn.o_proj,25,layers_24_31,o_proj,attention,4096,4096,16777216,sparse_bf16,0.00022262036509346217,0.06882655100259305,0.26234814846419835,0.828125,0.056872777944560624,16,global_coef_final_layer_type,final_layer_type,sparse_bf16,output_rel_mse,0.0002915954540028833,0.04986100643873215,0.5178743004798889,0.16407383978366852,latency_model,1.257995,1.257995,True,,1.1833630000000002,0.0002915954540028833
179,model.language_model.layers.25.self_attn.o_proj,25,layers_24_31,o_proj,attention,4096,4096,16777216,sparse_nvfp4,0.0004103120882064104,0.12685436866507194,0.3561662093251856,0.6484375,0.056872777944560624,16,global_coef_final_layer_type,final_layer_type,sparse_nvfp4,output_rel_mse,0.007774063038929654,0.20809470117092133,1.3974781036376953,0.21073496341705322,latency_model,1.8060494999999999,1.8060494999999999,True,,0.6353085000000003,0.007774063038929654
180,model.language_model.layers.25.mlp.gate_proj,25,layers_24_31,gate_proj,mlp,11008,4096,45088768,dense_bf16,0.0,0.0,0.0,0.0,0.0,16,global_coef_final_layer_type,dense_zero,dense_bf16,output_rel_mse,0.0,,,,latency_model,6.993269319161178,6.993269319161178,True,,0.0,0.0
180,model.language_model.layers.25.mlp.gate_proj,25,layers_24_31,gate_proj,mlp,11008,4096,45088768,dense_nvfp4,0.0020707747898995876,0.011866284876717046,0.10893247852094914,0.6328125,0.4177428731487335,16,global_coef_final_layer_type,final_layer_type,dense_nvfp4,output_rel_mse,0.00010868223203066627,0.029496945440769196,0.6447290778160095,0.48160332441329956,latency_model,3.0619853161530486,3.0619853161530486,True,,3.9312840030081295,0.00010868223203066627
180,model.language_model.layers.25.mlp.gate_proj,25,layers_24_31,gate_proj,mlp,11008,4096,45088768,sparse_bf16,0.013524124398827553,0.07749810052131703,0.2783848065561715,1.875,0.4177428731487335,16,global_coef_final_layer_type,final_layer_type,sparse_bf16,output_rel_mse,0.0003484985019542069,0.04986100643873215,0.5178743004798889,0.17415039241313934,latency_model,3.3904291110950173,3.3904291110950173,True,,3.602840208066161,0.0003484985019542069
180,model.language_model.layers.25.mlp.gate_proj,25,layers_24_31,gate_proj,mlp,11008,4096,45088768,sparse_nvfp4,0.02389887347817421,0.13694914691248686,0.3700664087869728,2.046875,0.4177428731487335,16,global_coef_final_layer_type,final_layer_type,sparse_nvfp4,output_rel_mse,0.006644435708933589,0.20809470117092133,1.3974781036376953,0.16683714091777802,latency_model,2.5708457841501398,2.5708457841501398,True,,4.422423535011038,0.006644435708933589
181,model.language_model.layers.25.mlp.up_proj,25,layers_24_31,up_proj,mlp,11008,4096,45088768,dense_bf16,0.0,0.0,0.0,0.0,0.0,16,global_coef_final_layer_type,dense_zero,dense_bf16,output_rel_mse,0.0,,,,latency_model,6.993269319161178,6.993269319161178,True,,0.0,0.0
181,model.language_model.layers.25.mlp.up_proj,25,layers_24_31,up_proj,mlp,11008,4096,45088768,dense_nvfp4,0.0017698899609968066,0.01641332263493299,0.12811449033943423,0.375,0.32837862476138735,16,global_coef_final_layer_type,final_layer_type,dense_nvfp4,output_rel_mse,0.00013825726569477987,0.029496945440769196,0.6447290778160095,0.4429320991039276,latency_model,3.0619853161530486,3.0619853161530486,True,,3.9312840030081295,0.00013825726569477987
181,model.language_model.layers.25.mlp.up_proj,25,layers_24_31,up_proj,mlp,11008,4096,45088768,sparse_bf16,0.011534620076417923,0.10696791606128804,0.3270594992677755,0.9765625,0.32837862476138735,16,global_coef_final_layer_type,final_layer_type,sparse_bf16,output_rel_mse,0.00038209174525380223,0.04986100643873215,0.5178743004798889,0.13833393156528473,latency_model,3.3904291110950173,3.3904291110950173,True,,3.602840208066161,0.00038209174525380223
181,model.language_model.layers.25.mlp.up_proj,25,layers_24_31,up_proj,mlp,11008,4096,45088768,sparse_nvfp4,0.020060032606124878,0.1860295241440704,0.43131140043368943,1.359375,0.32837862476138735,16,global_coef_final_layer_type,final_layer_type,sparse_nvfp4,output_rel_mse,0.011200346830727492,0.20809470117092133,1.3974781036376953,0.2070349007844925,latency_model,2.5708457841501398,2.5708457841501398,True,,4.422423535011038,0.011200346830727492
182,model.language_model.layers.25.mlp.down_proj,25,layers_24_31,down_proj,mlp,4096,11008,45088768,dense_bf16,0.0,0.0,0.0,0.0,0.0,16,global_coef_final_layer_type,dense_zero,dense_bf16,output_rel_mse,0.0,,,,latency_model,7.019237382643977,7.019237382643977,True,,0.0,0.0
182,model.language_model.layers.25.mlp.down_proj,25,layers_24_31,down_proj,mlp,4096,11008,45088768,dense_nvfp4,0.00037779263220727444,0.01627339302692229,0.12756720984219375,0.375,0.1523658663028318,16,global_coef_final_layer_type,final_layer_type,dense_nvfp4,output_rel_mse,0.00013757425515251127,0.029496945440769196,0.6447290778160095,0.4445337653160095,latency_model,4.934856405513043,4.934856405513043,True,,2.0843809771309347,0.00013757425515251127
182,model.language_model.layers.25.mlp.down_proj,25,layers_24_31,down_proj,mlp,4096,11008,45088768,sparse_bf16,0.001991942059248686,0.08580277446815339,0.29292110621830136,0.5703125,0.1523658663028318,16,global_coef_final_layer_type,final_layer_type,sparse_bf16,output_rel_mse,0.00042323042499159056,0.04986100643873215,0.5178743004798889,0.19102497398853302,latency_model,3.4039856523906575,3.4039856523906575,True,,3.61525173025332,0.00042323042499159056
182,model.language_model.layers.25.mlp.down_proj,25,layers_24_31,down_proj,mlp,4096,11008,45088768,sparse_nvfp4,0.0036378963850438595,0.15670214985176895,0.3958562237123081,0.78466796875,0.1523658663028318,16,global_coef_final_layer_type,final_layer_type,sparse_nvfp4,output_rel_mse,0.011542659259047258,0.20809470117092133,1.3974781036376953,0.2532939910888672,latency_model,4.5866232192169125,4.5866232192169125,True,,2.432614163427065,0.011542659259047258
183,model.language_model.layers.26.self_attn.q_proj,26,layers_24_31,q_proj,attention,4096,4096,16777216,dense_bf16,0.0,0.0,0.0,0.0,0.0,16,global_coef_final_layer_type,dense_zero,dense_bf16,output_rel_mse,0.0,,,,latency_model,2.441358,2.441358,True,,0.0,0.0
183,model.language_model.layers.26.self_attn.q_proj,26,layers_24_31,q_proj,attention,4096,4096,16777216,dense_nvfp4,0.005288413725793362,0.004669906405663794,0.06833671345377823,0.8125,1.064164148704599,16,global_coef_final_layer_type,final_layer_type,dense_nvfp4,output_rel_mse,5.336293391183755e-05,0.029496945440769196,0.6514070630073547,0.5947055816650391,latency_model,1.969835,1.969835,True,,0.47152300000000014,5.336293391183755e-05
183,model.language_model.layers.26.self_attn.q_proj,26,layers_24_31,q_proj,attention,4096,4096,16777216,sparse_bf16,0.026998095214366913,0.023840528430551053,0.15440378373132913,2.75,1.064164148704599,16,global_coef_final_layer_type,final_layer_type,sparse_bf16,output_rel_mse,0.0002176562965155513,0.04986100643873215,0.537152886390686,0.3408759832382202,latency_model,1.257995,1.257995,True,,1.1833630000000002,0.0002176562965155513
183,model.language_model.layers.26.self_attn.q_proj,26,layers_24_31,q_proj,attention,4096,4096,16777216,sparse_nvfp4,0.050330474972724915,0.04444406577512411,0.21081761258282977,3.375,1.064164148704599,16,global_coef_final_layer_type,final_layer_type,sparse_nvfp4,output_rel_mse,0.0015710483000087264,0.20809470117092133,0.4020059108734131,0.422554075717926,latency_model,1.8060494999999999,1.8060494999999999,True,,0.6353085000000003,0.0015710483000087264
184,model.language_model.layers.26.self_attn.k_proj,26,layers_24_31,k_proj,attention,4096,4096,16777216,dense_bf16,0.0,0.0,0.0,0.0,0.0,16,global_coef_final_layer_type,dense_zero,dense_bf16,output_rel_mse,0.0,,,,latency_model,2.441358,2.441358,True,,0.0,0.0
184,model.language_model.layers.26.self_attn.k_proj,26,layers_24_31,k_proj,attention,4096,4096,16777216,dense_nvfp4,0.005129559896886349,0.0036099760134684486,0.06008307593214955,1.0,1.1920319461957984,16,global_coef_final_layer_type,final_layer_type,dense_nvfp4,output_rel_mse,4.32223884715984e-05,0.029496945440769196,0.6514070630073547,0.6231246590614319,latency_model,1.969835,1.969835,True,,0.47152300000000014,4.32223884715984e-05
184,model.language_model.layers.26.self_attn.k_proj,26,layers_24_31,k_proj,attention,4096,4096,16777216,sparse_bf16,0.02778502367436886,0.019553971688489064,0.13983551654886917,2.375,1.1920319461957984,16,global_coef_final_layer_type,final_layer_type,sparse_bf16,output_rel_mse,0.00020175012252653728,0.04986100643873215,0.537152886390686,0.38522979617118835,latency_model,1.257995,1.257995,True,,1.1833630000000002,0.00020175012252653728
184,model.language_model.layers.26.self_attn.k_proj,26,layers_24_31,k_proj,attention,4096,4096,16777216,sparse_nvfp4,0.05307351052761078,0.037350982112819855,0.19326402177544547,3.5,1.1920319461957984,16,global_coef_final_layer_type,final_layer_type,sparse_nvfp4,output_rel_mse,0.0009451027598866813,0.20809470117092133,0.4020059108734131,0.302470862865448,latency_model,1.8060494999999999,1.8060494999999999,True,,0.6353085000000003,0.0009451027598866813
185,model.language_model.layers.26.self_attn.v_proj,26,layers_24_31,v_proj,attention,4096,4096,16777216,dense_bf16,0.0,0.0,0.0,0.0,0.0,16,global_coef_final_layer_type,dense_zero,dense_bf16,output_rel_mse,0.0,,,,latency_model,2.441358,2.441358,True,,0.0,0.0
185,model.language_model.layers.26.self_attn.v_proj,26,layers_24_31,v_proj,attention,4096,4096,16777216,dense_nvfp4,0.0035728118382394314,0.020698376479816077,0.14386930346608368,0.52587890625,0.415467380092467,16,global_coef_final_layer_type,final_layer_type,dense_nvfp4,output_rel_mse,0.00015421369284029037,0.029496945440769196,0.6514070630073547,0.38775476813316345,latency_model,1.969835,1.969835,True,,0.47152300000000014,0.00015421369284029037
185,model.language_model.layers.26.self_attn.v_proj,26,layers_24_31,v_proj,attention,4096,4096,16777216,sparse_bf16,0.02034568227827549,0.11786867335895977,0.3433200742149515,1.4287109375,0.415467380092467,16,global_coef_final_layer_type,final_layer_type,sparse_bf16,output_rel_mse,0.00042436951727218474,0.04986100643873215,0.537152886390686,0.13442710041999817,latency_model,1.257995,1.257995,True,,1.1833630000000002,0.00042436951727218474
185,model.language_model.layers.26.self_attn.v_proj,26,layers_24_31,v_proj,attention,4096,4096,16777216,sparse_nvfp4,0.03560579568147659,0.2062751125012431,0.45417520022700836,1.78125,0.415467380092467,16,global_coef_final_layer_type,final_layer_type,sparse_nvfp4,output_rel_mse,0.013170901844448378,0.20809470117092133,0.4020059108734131,0.7632647752761841,latency_model,1.8060494999999999,1.8060494999999999,True,,0.6353085000000003,0.013170901844448378
186,model.language_model.layers.26.self_attn.o_proj,26,layers_24_31,o_proj,attention,4096,4096,16777216,dense_bf16,0.0,0.0,0.0,0.0,0.0,16,global_coef_final_layer_type,dense_zero,dense_bf16,output_rel_mse,0.0,,,,latency_model,2.441358,2.441358,True,,0.0,0.0
186,model.language_model.layers.26.self_attn.o_proj,26,layers_24_31,o_proj,attention,4096,4096,16777216,dense_nvfp4,0.00010449171531945467,0.007650785016569624,0.08746876594859232,1.375,0.11686593281921394,16,global_coef_final_layer_type,final_layer_type,dense_nvfp4,output_rel_mse,6.542076349380901e-05,0.029496945440769196,0.6514070630073547,0.4450205862522125,latency_model,1.969835,1.969835,True,,0.47152300000000014,6.542076349380901e-05
186,model.language_model.layers.26.self_attn.o_proj,26,layers_24_31,o_proj,attention,4096,4096,16777216,sparse_bf16,0.0007492798613384366,0.0548615659989856,0.23422545975829698,7.3125,0.11686593281921394,16,global_coef_final_layer_type,final_layer_type,sparse_bf16,output_rel_mse,0.00024108294957951942,0.04986100643873215,0.537152886390686,0.16407383978366852,latency_model,1.257995,1.257995,True,,1.1833630000000002,0.00024108294957951942
186,model.language_model.layers.26.self_attn.o_proj,26,layers_24_31,o_proj,attention,4096,4096,16777216,sparse_nvfp4,0.0011466980213299394,0.08396014950371591,0.2897587781305614,6.125,0.11686593281921394,16,global_coef_final_layer_type,final_layer_type,sparse_nvfp4,output_rel_mse,0.0014801415829957404,0.20809470117092133,0.4020059108734131,0.21073496341705322,latency_model,1.8060494999999999,1.8060494999999999,True,,0.6353085000000003,0.0014801415829957404
187,model.language_model.layers.26.mlp.gate_proj,26,layers_24_31,gate_proj,mlp,11008,4096,45088768,dense_bf16,0.0,0.0,0.0,0.0,0.0,16,global_coef_final_layer_type,dense_zero,dense_bf16,output_rel_mse,0.0,,,,latency_model,6.993269319161178,6.993269319161178,True,,0.0,0.0
187,model.language_model.layers.26.mlp.gate_proj,26,layers_24_31,gate_proj,mlp,11008,4096,45088768,dense_nvfp4,0.002128133550286293,0.010849057571251703,0.10415880937900406,0.578125,0.44289770750855095,16,global_coef_final_layer_type,final_layer_type,dense_nvfp4,output_rel_mse,0.00010039474893827511,0.029496945440769196,0.6514070630073547,0.48160332441329956,latency_model,3.0619853161530486,3.0619853161530486,True,,3.9312840030081295,0.00010039474893827511
187,model.language_model.layers.26.mlp.gate_proj,26,layers_24_31,gate_proj,mlp,11008,4096,45088768,sparse_bf16,0.01386880874633789,0.07070209692124699,0.26589865911893384,1.6015625,0.44289770750855095,16,global_coef_final_layer_type,final_layer_type,sparse_bf16,output_rel_mse,0.0003297734639490255,0.04986100643873215,0.537152886390686,0.17415039241313934,latency_model,3.3904291110950173,3.3904291110950173,True,,3.602840208066161,0.0003297734639490255
187,model.language_model.layers.26.mlp.gate_proj,26,layers_24_31,gate_proj,mlp,11008,4096,45088768,sparse_nvfp4,0.024931907653808594,0.12710090560853773,0.3565121394967326,2.34375,0.44289770750855095,16,global_coef_final_layer_type,final_layer_type,sparse_nvfp4,output_rel_mse,0.0017739233247043022,0.20809470117092133,0.4020059108734131,0.16683714091777802,latency_model,2.5708457841501398,2.5708457841501398,True,,4.422423535011038,0.0017739233247043022
188,model.language_model.layers.26.mlp.up_proj,26,layers_24_31,up_proj,mlp,11008,4096,45088768,dense_bf16,0.0,0.0,0.0,0.0,0.0,16,global_coef_final_layer_type,dense_zero,dense_bf16,output_rel_mse,0.0,,,,latency_model,6.993269319161178,6.993269319161178,True,,0.0,0.0
188,model.language_model.layers.26.mlp.up_proj,26,layers_24_31,up_proj,mlp,11008,4096,45088768,dense_nvfp4,0.0018040839349851012,0.015458817070338306,0.12433349134621093,0.3795166015625,0.3416176026091598,16,global_coef_final_layer_type,final_layer_type,dense_nvfp4,output_rel_mse,0.00013156577268741404,0.029496945440769196,0.6514070630073547,0.4429320991039276,latency_model,3.0619853161530486,3.0619853161530486,True,,3.9312840030081295,0.00013156577268741404
188,model.language_model.layers.26.mlp.up_proj,26,layers_24_31,up_proj,mlp,11008,4096,45088768,sparse_bf16,0.011646094731986523,0.09979294452677284,0.31590021292612774,1.1328125,0.3416176026091598,16,global_coef_final_layer_type,final_layer_type,sparse_bf16,output_rel_mse,0.000369732401454576,0.04986100643873215,0.537152886390686,0.13833393156528473,latency_model,3.3904291110950173,3.3904291110950173,True,,3.602840208066161,0.000369732401454576
188,model.language_model.layers.26.mlp.up_proj,26,layers_24_31,up_proj,mlp,11008,4096,45088768,sparse_nvfp4,0.02022540755569935,0.1733072777343791,0.41630190695501157,1.6875,0.3416176026091598,16,global_coef_final_layer_type,final_layer_type,sparse_nvfp4,output_rel_mse,0.003001606958615376,0.20809470117092133,0.4020059108734131,0.2070349007844925,latency_model,2.5708457841501398,2.5708457841501398,True,,4.422423535011038,0.003001606958615376
189,model.language_model.layers.26.mlp.down_proj,26,layers_24_31,down_proj,mlp,4096,11008,45088768,dense_bf16,0.0,0.0,0.0,0.0,0.0,16,global_coef_final_layer_type,dense_zero,dense_bf16,output_rel_mse,0.0,,,,latency_model,7.019237382643977,7.019237382643977,True,,0.0,0.0
189,model.language_model.layers.26.mlp.down_proj,26,layers_24_31,down_proj,mlp,4096,11008,45088768,dense_nvfp4,0.0003806904423981905,0.017021668516676407,0.13046711661057128,0.2734375,0.14954948521381672,16,global_coef_final_layer_type,final_layer_type,dense_nvfp4,output_rel_mse,0.00014539062079820932,0.029496945440769196,0.6514070630073547,0.4445337653160095,latency_model,4.934856405513043,4.934856405513043,True,,2.0843809771309347,0.00014539062079820932
189,model.language_model.layers.26.mlp.down_proj,26,layers_24_31,down_proj,mlp,4096,11008,45088768,sparse_bf16,0.0020450130105018616,0.09143789730513767,0.3023869992329989,0.5966796875,0.14954948521381672,16,global_coef_final_layer_type,final_layer_type,sparse_bf16,output_rel_mse,0.0004678162829672981,0.04986100643873215,0.537152886390686,0.19102497398853302,latency_model,3.4039856523906575,3.4039856523906575,True,,3.61525173025332,0.0004678162829672981
189,model.language_model.layers.26.mlp.down_proj,26,layers_24_31,down_proj,mlp,4096,11008,45088768,sparse_nvfp4,0.003686633426696062,0.16483905331692533,0.406003760225106,0.744140625,0.14954948521381672,16,global_coef_final_layer_type,final_layer_type,sparse_nvfp4,output_rel_mse,0.00349283812839636,0.20809470117092133,0.4020059108734131,0.2532939910888672,latency_model,4.5866232192169125,4.5866232192169125,True,,2.432614163427065,0.00349283812839636
190,model.language_model.layers.27.self_attn.q_proj,27,layers_24_31,q_proj,attention,4096,4096,16777216,dense_bf16,0.0,0.0,0.0,0.0,0.0,16,global_coef_final_layer_type,dense_zero,dense_bf16,output_rel_mse,0.0,,,,latency_model,2.441358,2.441358,True,,0.0,0.0
190,model.language_model.layers.27.self_attn.q_proj,27,layers_24_31,q_proj,attention,4096,4096,16777216,dense_nvfp4,0.0049129207618534565,0.004254418229439154,0.06522590152262485,0.875,1.0746073072130005,16,global_coef_final_layer_type,final_layer_type,dense_nvfp4,output_rel_mse,4.8196074343837094e-05,0.029496945440769196,0.6457916498184204,0.5947055816650391,latency_model,1.969835,1.969835,True,,0.47152300000000014,4.8196074343837094e-05
190,model.language_model.layers.27.self_attn.q_proj,27,layers_24_31,q_proj,attention,4096,4096,16777216,sparse_bf16,0.03081510402262211,0.02668480658467778,0.16335484867207883,2.875,1.0746073072130005,16,global_coef_final_layer_type,final_layer_type,sparse_bf16,output_rel_mse,0.0002495360136084692,0.04986100643873215,0.5501887798309326,0.3408759832382202,latency_model,1.257995,1.257995,True,,1.1833630000000002,0.0002495360136084692
190,model.language_model.layers.27.self_attn.q_proj,27,layers_24_31,q_proj,attention,4096,4096,16777216,sparse_nvfp4,0.057719647884368896,0.04998320430135055,0.22356923827161587,4.125,1.0746073072130005,16,global_coef_final_layer_type,final_layer_type,sparse_nvfp4,output_rel_mse,0.0015291597917615803,0.20809470117092133,0.3479248583316803,0.422554075717926,latency_model,1.8060494999999999,1.8060494999999999,True,,0.6353085000000003,0.0015291597917615803
191,model.language_model.layers.27.self_attn.k_proj,27,layers_24_31,k_proj,attention,4096,4096,16777216,dense_bf16,0.0,0.0,0.0,0.0,0.0,16,global_coef_final_layer_type,dense_zero,dense_bf16,output_rel_mse,0.0,,,,latency_model,2.441358,2.441358,True,,0.0,0.0
191,model.language_model.layers.27.self_attn.k_proj,27,layers_24_31,k_proj,attention,4096,4096,16777216,dense_nvfp4,0.004930328577756882,0.003442918921164299,0.058676391514512025,0.9375,1.1966703593552197,16,global_coef_final_layer_type,final_layer_type,dense_nvfp4,output_rel_mse,4.086685374755474e-05,0.029496945440769196,0.6457916498184204,0.6231246590614319,latency_model,1.969835,1.969835,True,,0.47152300000000014,4.086685374755474e-05
191,model.language_model.layers.27.self_attn.k_proj,27,layers_24_31,k_proj,attention,4096,4096,16777216,sparse_bf16,0.03228747844696045,0.022546807724587756,0.15015594468614207,3.0625,1.1966703593552197,16,global_coef_final_layer_type,final_layer_type,sparse_bf16,output_rel_mse,0.00023827457415467375,0.04986100643873215,0.5501887798309326,0.38522979617118835,latency_model,1.257995,1.257995,True,,1.1833630000000002,0.00023827457415467375
191,model.language_model.layers.27.self_attn.k_proj,27,layers_24_31,k_proj,attention,4096,4096,16777216,sparse_nvfp4,0.0627647414803505,0.04382951615021959,0.20935500029906043,4.5,1.1966703593552197,16,global_coef_final_layer_type,final_layer_type,sparse_nvfp4,output_rel_mse,0.000959835265400809,0.20809470117092133,0.3479248583316803,0.302470862865448,latency_model,1.8060494999999999,1.8060494999999999,True,,0.6353085000000003,0.000959835265400809
192,model.language_model.layers.27.self_attn.v_proj,27,layers_24_31,v_proj,attention,4096,4096,16777216,dense_bf16,0.0,0.0,0.0,0.0,0.0,16,global_coef_final_layer_type,dense_zero,dense_bf16,output_rel_mse,0.0,,,,latency_model,2.441358,2.441358,True,,0.0,0.0
192,model.language_model.layers.27.self_attn.v_proj,27,layers_24_31,v_proj,attention,4096,4096,16777216,dense_nvfp4,0.0033851354382932186,0.019450894074193564,0.1394664621842598,0.509765625,0.41717496703106555,16,global_coef_final_layer_type,final_layer_type,dense_nvfp4,output_rel_mse,0.00014367003112137334,0.029496945440769196,0.6457916498184204,0.38775476813316345,latency_model,1.969835,1.969835,True,,0.47152300000000014,0.00014367003112137334
192,model.language_model.layers.27.self_attn.v_proj,27,layers_24_31,v_proj,attention,4096,4096,16777216,sparse_bf16,0.020676955580711365,0.11880921165742295,0.34468712139768576,1.3984375,0.41717496703106555,16,global_coef_final_layer_type,final_layer_type,sparse_bf16,output_rel_mse,0.00043813678297888447,0.04986100643873215,0.5501887798309326,0.13442710041999817,latency_model,1.257995,1.257995,True,,1.1833630000000002,0.00043813678297888447
192,model.language_model.layers.27.self_attn.v_proj,27,layers_24_31,v_proj,attention,4096,4096,16777216,sparse_nvfp4,0.03596891090273857,0.20667636160697467,0.4546167194538435,1.734375,0.41717496703106555,16,global_coef_final_layer_type,final_layer_type,sparse_nvfp4,output_rel_mse,0.011421220294460386,0.20809470117092133,0.3479248583316803,0.7632647752761841,latency_model,1.8060494999999999,1.8060494999999999,True,,0.6353085000000003,0.011421220294460386
193,model.language_model.layers.27.self_attn.o_proj,27,layers_24_31,o_proj,attention,4096,4096,16777216,dense_bf16,0.0,0.0,0.0,0.0,0.0,16,global_coef_final_layer_type,dense_zero,dense_bf16,output_rel_mse,0.0,,,,latency_model,2.441358,2.441358,True,,0.0,0.0
193,model.language_model.layers.27.self_attn.o_proj,27,layers_24_31,o_proj,attention,4096,4096,16777216,dense_nvfp4,5.902630073251203e-05,0.008856027057067355,0.09410646660600618,0.4580078125,0.08164006009431175,16,global_coef_final_layer_type,final_layer_type,dense_nvfp4,output_rel_mse,7.507381855352207e-05,0.029496945440769196,0.6457916498184204,0.4450205862522125,latency_model,1.969835,1.969835,True,,0.47152300000000014,7.507381855352207e-05
193,model.language_model.layers.27.self_attn.o_proj,27,layers_24_31,o_proj,attention,4096,4096,16777216,sparse_bf16,0.00040132779395207763,0.06021332453306013,0.2453840347966023,2.4765625,0.08164006009431175,16,global_coef_final_layer_type,final_layer_type,sparse_bf16,output_rel_mse,0.0002710221075620189,0.04986100643873215,0.5501887798309326,0.16407383978366852,latency_model,1.257995,1.257995,True,,1.1833630000000002,0.0002710221075620189
193,model.language_model.layers.27.self_attn.o_proj,27,layers_24_31,o_proj,attention,4096,4096,16777216,sparse_nvfp4,0.0007232180796563625,0.10850822094750073,0.3294058605239147,1.75,0.08164006009431175,16,global_coef_final_layer_type,final_layer_type,sparse_nvfp4,output_rel_mse,0.0016555630309476991,0.20809470117092133,0.3479248583316803,0.21073496341705322,latency_model,1.8060494999999999,1.8060494999999999,True,,0.6353085000000003,0.0016555630309476991
194,model.language_model.layers.27.mlp.gate_proj,27,layers_24_31,gate_proj,mlp,11008,4096,45088768,dense_bf16,0.0,0.0,0.0,0.0,0.0,16,global_coef_final_layer_type,dense_zero,dense_bf16,output_rel_mse,0.0,,,,latency_model,6.993269319161178,6.993269319161178,True,,0.0,0.0
194,model.language_model.layers.27.mlp.gate_proj,27,layers_24_31,gate_proj,mlp,11008,4096,45088768,dense_nvfp4,0.0022057623136788607,0.009833417719126658,0.09916359069298902,0.625,0.47361681409735235,16,global_coef_final_layer_type,final_layer_type,dense_nvfp4,output_rel_mse,9.021181786711063e-05,0.029496945440769196,0.6457916498184204,0.48160332441329956,latency_model,3.0619853161530486,3.0619853161530486,True,,3.9312840030081295,9.021181786711063e-05
194,model.language_model.layers.27.mlp.gate_proj,27,layers_24_31,gate_proj,mlp,11008,4096,45088768,sparse_bf16,0.014475819654762745,0.06453405274415724,0.2540355344123283,1.765625,0.47361681409735235,16,global_coef_final_layer_type,final_layer_type,sparse_bf16,output_rel_mse,0.0003083089746948023,0.04986100643873215,0.5501887798309326,0.17415039241313934,latency_model,3.3904291110950173,3.3904291110950173,True,,3.602840208066161,0.0003083089746948023
194,model.language_model.layers.27.mlp.gate_proj,27,layers_24_31,gate_proj,mlp,11008,4096,45088768,sparse_nvfp4,0.02598446235060692,0.11584025663865724,0.34035313519733773,2.359375,0.47361681409735235,16,global_coef_final_layer_type,final_layer_type,sparse_nvfp4,output_rel_mse,0.0013992610025846276,0.20809470117092133,0.3479248583316803,0.16683714091777802,latency_model,2.5708457841501398,2.5708457841501398,True,,4.422423535011038,0.0013992610025846276
195,model.language_model.layers.27.mlp.up_proj,27,layers_24_31,up_proj,mlp,11008,4096,45088768,dense_bf16,0.0,0.0,0.0,0.0,0.0,16,global_coef_final_layer_type,dense_zero,dense_bf16,output_rel_mse,0.0,,,,latency_model,6.993269319161178,6.993269319161178,True,,0.0,0.0
195,model.language_model.layers.27.mlp.up_proj,27,layers_24_31,up_proj,mlp,11008,4096,45088768,dense_nvfp4,0.001901269075460732,0.013913977423539213,0.1179575238106464,0.40625,0.36965462558617423,16,global_coef_final_layer_type,final_layer_type,dense_nvfp4,output_rel_mse,0.00011739724871286882,0.029496945440769196,0.6457916498184204,0.4429320991039276,latency_model,3.0619853161530486,3.0619853161530486,True,,3.9312840030081295,0.00011739724871286882
195,model.language_model.layers.27.mlp.up_proj,27,layers_24_31,up_proj,mlp,11008,4096,45088768,sparse_bf16,0.012270486913621426,0.08979858774097443,0.2996641248814653,1.140625,0.36965462558617423,16,global_coef_final_layer_type,final_layer_type,sparse_bf16,output_rel_mse,0.00034077756595870217,0.04986100643873215,0.5501887798309326,0.13833393156528473,latency_model,3.3904291110950173,3.3904291110950173,True,,3.602840208066161,0.00034077756595870217
195,model.language_model.layers.27.mlp.up_proj,27,layers_24_31,up_proj,mlp,11008,4096,45088768,sparse_nvfp4,0.02148977853357792,0.1572677414324443,0.3965699704118358,1.6875,0.36965462558617423,16,global_coef_final_layer_type,final_layer_type,sparse_nvfp4,output_rel_mse,0.0023573805344139854,0.20809470117092133,0.3479248583316803,0.2070349007844925,latency_model,2.5708457841501398,2.5708457841501398,True,,4.422423535011038,0.0023573805344139854
196,model.language_model.layers.27.mlp.down_proj,27,layers_24_31,down_proj,mlp,4096,11008,45088768,dense_bf16,0.0,0.0,0.0,0.0,0.0,16,global_coef_final_layer_type,dense_zero,dense_bf16,output_rel_mse,0.0,,,,latency_model,7.019237382643977,7.019237382643977,True,,0.0,0.0
196,model.language_model.layers.27.mlp.down_proj,27,layers_24_31,down_proj,mlp,4096,11008,45088768,dense_nvfp4,0.00044839573092758656,0.01784157092278399,0.13357234340530225,0.328125,0.15853099638484172,16,global_coef_final_layer_type,final_layer_type,dense_nvfp4,output_rel_mse,0.0001510801178537682,0.029496945440769196,0.6457916498184204,0.4445337653160095,latency_model,4.934856405513043,4.934856405513043,True,,2.0843809771309347,0.0001510801178537682
196,model.language_model.layers.27.mlp.down_proj,27,layers_24_31,down_proj,mlp,4096,11008,45088768,sparse_bf16,0.0022293557412922382,0.08870559157220126,0.2978348394197718,0.603515625,0.15853099638484172,16,global_coef_final_layer_type,final_layer_type,sparse_bf16,output_rel_mse,0.00046485115633887214,0.04986100643873215,0.5501887798309326,0.19102497398853302,latency_model,3.4039856523906575,3.4039856523906575,True,,3.61525173025332,0.00046485115633887214
196,model.language_model.layers.27.mlp.down_proj,27,layers_24_31,down_proj,mlp,4096,11008,45088768,sparse_nvfp4,0.004055248573422432,0.16135747965878686,0.40169326563783325,0.865234375,0.15853099638484172,16,global_coef_final_layer_type,final_layer_type,sparse_nvfp4,output_rel_mse,0.0029591056391116382,0.20809470117092133,0.3479248583316803,0.2532939910888672,latency_model,4.5866232192169125,4.5866232192169125,True,,2.432614163427065,0.0029591056391116382
197,model.language_model.layers.28.self_attn.q_proj,28,layers_24_31,q_proj,attention,4096,4096,16777216,dense_bf16,0.0,0.0,0.0,0.0,0.0,16,global_coef_final_layer_type,dense_zero,dense_bf16,output_rel_mse,0.0,,,,latency_model,2.441358,2.441358,True,,0.0,0.0
197,model.language_model.layers.28.self_attn.q_proj,28,layers_24_31,q_proj,attention,4096,4096,16777216,dense_nvfp4,0.004776499699801207,0.004215914213435939,0.0649300717190112,0.8125,1.0644101195441025,16,global_coef_final_layer_type,final_layer_type,dense_nvfp4,output_rel_mse,4.7930409675306107e-05,0.029496945440769196,0.6480974555015564,0.5947055816650391,latency_model,1.969835,1.969835,True,,0.47152300000000014,4.7930409675306107e-05
197,model.language_model.layers.28.self_attn.q_proj,28,layers_24_31,q_proj,attention,4096,4096,16777216,sparse_bf16,0.03001890517771244,0.026495789168744382,0.16277527198178593,2.75,1.0644101195441025,16,global_coef_final_layer_type,final_layer_type,sparse_bf16,output_rel_mse,0.00025363434986324675,0.04986100643873215,0.5632144212722778,0.3408759832382202,latency_model,1.257995,1.257995,True,,1.1833630000000002,0.00025363434986324675
197,model.language_model.layers.28.self_attn.q_proj,28,layers_24_31,q_proj,attention,4096,4096,16777216,sparse_nvfp4,0.05741790682077408,0.05067915517329908,0.2251203126625829,4.375,1.0644101195441025,16,global_coef_final_layer_type,final_layer_type,sparse_nvfp4,output_rel_mse,0.004367454109025939,0.20809470117092133,0.9800667762756348,0.422554075717926,latency_model,1.8060494999999999,1.8060494999999999,True,,0.6353085000000003,0.004367454109025939
198,model.language_model.layers.28.self_attn.k_proj,28,layers_24_31,k_proj,attention,4096,4096,16777216,dense_bf16,0.0,0.0,0.0,0.0,0.0,16,global_coef_final_layer_type,dense_zero,dense_bf16,output_rel_mse,0.0,,,,latency_model,2.441358,2.441358,True,,0.0,0.0
198,model.language_model.layers.28.self_attn.k_proj,28,layers_24_31,k_proj,attention,4096,4096,16777216,dense_nvfp4,0.004770925268530846,0.003543453788036213,0.05952691650032121,0.75,1.1603470976068944,16,global_coef_final_layer_type,final_layer_type,dense_nvfp4,output_rel_mse,4.221036159794058e-05,0.029496945440769196,0.6480974555015564,0.6231246590614319,latency_model,1.969835,1.969835,True,,0.47152300000000014,4.221036159794058e-05
198,model.language_model.layers.28.self_attn.k_proj,28,layers_24_31,k_proj,attention,4096,4096,16777216,sparse_bf16,0.031393371522426605,0.023316433391677535,0.15269719510088434,2.75,1.1603470976068944,16,global_coef_final_layer_type,final_layer_type,sparse_bf16,output_rel_mse,0.000252241649050034,0.04986100643873215,0.5632144212722778,0.38522979617118835,latency_model,1.257995,1.257995,True,,1.1833630000000002,0.000252241649050034
198,model.language_model.layers.28.self_attn.k_proj,28,layers_24_31,k_proj,attention,4096,4096,16777216,sparse_nvfp4,0.06248195841908455,0.046406497646148334,0.21542167403988935,4.4375,1.1603470976068944,16,global_coef_final_layer_type,final_layer_type,sparse_nvfp4,output_rel_mse,0.0028627210203879864,0.20809470117092133,0.9800667762756348,0.302470862865448,latency_model,1.8060494999999999,1.8060494999999999,True,,0.6353085000000003,0.0028627210203879864
199,model.language_model.layers.28.self_attn.v_proj,28,layers_24_31,v_proj,attention,4096,4096,16777216,dense_bf16,0.0,0.0,0.0,0.0,0.0,16,global_coef_final_layer_type,dense_zero,dense_bf16,output_rel_mse,0.0,,,,latency_model,2.441358,2.441358,True,,0.0,0.0
199,model.language_model.layers.28.self_attn.v_proj,28,layers_24_31,v_proj,attention,4096,4096,16777216,dense_nvfp4,0.0036231447011232376,0.018806734593483296,0.13713764834458586,0.521484375,0.43892077945114727,16,global_coef_final_layer_type,final_layer_type,dense_nvfp4,output_rel_mse,0.00013940806651739556,0.029496945440769196,0.6480974555015564,0.38775476813316345,latency_model,1.969835,1.969835,True,,0.47152300000000014,0.00013940806651739556
199,model.language_model.layers.28.self_attn.v_proj,28,layers_24_31,v_proj,attention,4096,4096,16777216,sparse_bf16,0.02220211923122406,0.1152450145491166,0.3394775611864746,1.54296875,0.43892077945114727,16,global_coef_final_layer_type,final_layer_type,sparse_bf16,output_rel_mse,0.0004350546201259011,0.04986100643873215,0.5632144212722778,0.13442710041999817,latency_model,1.257995,1.257995,True,,1.1833630000000002,0.0004350546201259011
199,model.language_model.layers.28.self_attn.v_proj,28,layers_24_31,v_proj,attention,4096,4096,16777216,sparse_nvfp4,0.03853681683540344,0.200033878325761,0.4472514710157598,2.05078125,0.43892077945114727,16,global_coef_final_layer_type,final_layer_type,sparse_nvfp4,output_rel_mse,0.03113834055795657,0.20809470117092133,0.9800667762756348,0.7632647752761841,latency_model,1.8060494999999999,1.8060494999999999,True,,0.6353085000000003,0.03113834055795657
200,model.language_model.layers.28.self_attn.o_proj,28,layers_24_31,o_proj,attention,4096,4096,16777216,dense_bf16,0.0,0.0,0.0,0.0,0.0,16,global_coef_final_layer_type,dense_zero,dense_bf16,output_rel_mse,0.0,,,,latency_model,2.441358,2.441358,True,,0.0,0.0
200,model.language_model.layers.28.self_attn.o_proj,28,layers_24_31,o_proj,attention,4096,4096,16777216,dense_nvfp4,0.00011145461758133024,0.009756671950323705,0.09877586724662915,0.654296875,0.10688042734263502,16,global_coef_final_layer_type,final_layer_type,dense_nvfp4,output_rel_mse,8.300402751466129e-05,0.029496945440769196,0.6480974555015564,0.4450205862522125,latency_model,1.969835,1.969835,True,,0.47152300000000014,8.300402751466129e-05
200,model.language_model.layers.28.self_attn.o_proj,28,layers_24_31,o_proj,attention,4096,4096,16777216,sparse_bf16,0.0006643641390837729,0.058158047654415,0.24115979692812606,0.84375,0.10688042734263502,16,global_coef_final_layer_type,final_layer_type,sparse_bf16,output_rel_mse,0.0002679686373640021,0.04986100643873215,0.5632144212722778,0.16407383978366852,latency_model,1.257995,1.257995,True,,1.1833630000000002,0.0002679686373640021
200,model.language_model.layers.28.self_attn.o_proj,28,layers_24_31,o_proj,attention,4096,4096,16777216,sparse_nvfp4,0.0012300399830564857,0.10767697975103152,0.32814170681434496,1.90625,0.10688042734263502,16,global_coef_final_layer_type,final_layer_type,sparse_nvfp4,output_rel_mse,0.004627816715405218,0.20809470117092133,0.9800667762756348,0.21073496341705322,latency_model,1.8060494999999999,1.8060494999999999,True,,0.6353085000000003,0.004627816715405218
201,model.language_model.layers.28.mlp.gate_proj,28,layers_24_31,gate_proj,mlp,11008,4096,45088768,dense_bf16,0.0,0.0,0.0,0.0,0.0,16,global_coef_final_layer_type,dense_zero,dense_bf16,output_rel_mse,0.0,,,,latency_model,6.993269319161178,6.993269319161178,True,,0.0,0.0
201,model.language_model.layers.28.mlp.gate_proj,28,layers_24_31,gate_proj,mlp,11008,4096,45088768,dense_nvfp4,0.0022603515535593033,0.009173802098906277,0.09577996710641676,0.78125,0.49637889927197354,16,global_coef_final_layer_type,final_layer_type,dense_nvfp4,output_rel_mse,8.44609971645133e-05,0.029496945440769196,0.6480974555015564,0.48160332441329956,latency_model,3.0619853161530486,3.0619853161530486,True,,3.9312840030081295,8.44609971645133e-05
201,model.language_model.layers.28.mlp.gate_proj,28,layers_24_31,gate_proj,mlp,11008,4096,45088768,sparse_bf16,0.014753524214029312,0.059878257073684764,0.24470034138448757,1.84375,0.49637889927197354,16,global_coef_final_layer_type,final_layer_type,sparse_bf16,output_rel_mse,0.0002928386626518117,0.04986100643873215,0.5632144212722778,0.17415039241313934,latency_model,3.3904291110950173,3.3904291110950173,True,,3.602840208066161,0.0002928386626518117
201,model.language_model.layers.28.mlp.gate_proj,28,layers_24_31,gate_proj,mlp,11008,4096,45088768,sparse_nvfp4,0.026504317298531532,0.10756971024284842,0.32797821611022954,2.578125,0.49637889927197354,16,global_coef_final_layer_type,final_layer_type,sparse_nvfp4,output_rel_mse,0.0036601545705808357,0.20809470117092133,0.9800667762756348,0.16683714091777802,latency_model,2.5708457841501398,2.5708457841501398,True,,4.422423535011038,0.0036601545705808357
202,model.language_model.layers.28.mlp.up_proj,28,layers_24_31,up_proj,mlp,11008,4096,45088768,dense_bf16,0.0,0.0,0.0,0.0,0.0,16,global_coef_final_layer_type,dense_zero,dense_bf16,output_rel_mse,0.0,,,,latency_model,6.993269319161178,6.993269319161178,True,,0.0,0.0
202,model.language_model.layers.28.mlp.up_proj,28,layers_24_31,up_proj,mlp,11008,4096,45088768,dense_nvfp4,0.00200256472453475,0.011826142197755433,0.10874806755871771,0.53125,0.41150179363847106,16,global_coef_final_layer_type,final_layer_type,dense_nvfp4,output_rel_mse,0.0001001377000811049,0.029496945440769196,0.6480974555015564,0.4429320991039276,latency_model,3.0619853161530486,3.0619853161530486,True,,3.9312840030081295,0.0001001377000811049
202,model.language_model.layers.28.mlp.up_proj,28,layers_24_31,up_proj,mlp,11008,4096,45088768,sparse_bf16,0.012903491966426373,0.07620154743213402,0.2760462777001965,1.84375,0.41150179363847106,16,global_coef_final_layer_type,final_layer_type,sparse_bf16,output_rel_mse,0.00029602426928934395,0.04986100643873215,0.5632144212722778,0.13833393156528473,latency_model,3.3904291110950173,3.3904291110950173,True,,3.602840208066161,0.00029602426928934395
202,model.language_model.layers.28.mlp.up_proj,28,layers_24_31,up_proj,mlp,11008,4096,45088768,sparse_nvfp4,0.022761646658182144,0.13441886134155548,0.3666317789575196,3.28125,0.41150179363847106,16,global_coef_final_layer_type,final_layer_type,sparse_nvfp4,output_rel_mse,0.0056757134817062484,0.20809470117092133,0.9800667762756348,0.2070349007844925,latency_model,2.5708457841501398,2.5708457841501398,True,,4.422423535011038,0.0056757134817062484
203,model.language_model.layers.28.mlp.down_proj,28,layers_24_31,down_proj,mlp,4096,11008,45088768,dense_bf16,0.0,0.0,0.0,0.0,0.0,16,global_coef_final_layer_type,dense_zero,dense_bf16,output_rel_mse,0.0,,,,latency_model,7.019237382643977,7.019237382643977,True,,0.0,0.0
203,model.language_model.layers.28.mlp.down_proj,28,layers_24_31,down_proj,mlp,4096,11008,45088768,dense_nvfp4,0.0005787683185189962,0.018617006775902015,0.1364441525896292,0.45703125,0.17631832303448505,16,global_coef_final_layer_type,final_layer_type,dense_nvfp4,output_rel_mse,0.00015820928660154502,0.029496945440769196,0.6480974555015564,0.4445337653160095,latency_model,4.934856405513043,4.934856405513043,True,,2.0843809771309347,0.00015820928660154502
203,model.language_model.layers.28.mlp.down_proj,28,layers_24_31,down_proj,mlp,4096,11008,45088768,sparse_bf16,0.0024039391428232193,0.0773265396166066,0.27807649957629754,0.61328125,0.17631832303448505,16,global_coef_final_layer_type,final_layer_type,sparse_bf16,output_rel_mse,0.0004148141208840963,0.04986100643873215,0.5632144212722778,0.19102497398853302,latency_model,3.4039856523906575,3.4039856523906575,True,,3.61525173025332,0.0004148141208840963
203,model.language_model.layers.28.mlp.down_proj,28,layers_24_31,down_proj,mlp,4096,11008,45088768,sparse_nvfp4,0.00449377903714776,0.14454957555048062,0.38019675899523475,0.939453125,0.17631832303448505,16,global_coef_final_layer_type,final_layer_type,sparse_nvfp4,output_rel_mse,0.007467210541778968,0.20809470117092133,0.9800667762756348,0.2532939910888672,latency_model,4.5866232192169125,4.5866232192169125,True,,2.432614163427065,0.007467210541778968
204,model.language_model.layers.29.self_attn.q_proj,29,layers_24_31,q_proj,attention,4096,4096,16777216,dense_bf16,0.0,0.0,0.0,0.0,0.0,16,global_coef_final_layer_type,dense_zero,dense_bf16,output_rel_mse,0.0,,,,latency_model,2.441358,2.441358,True,,0.0,0.0
204,model.language_model.layers.29.self_attn.q_proj,29,layers_24_31,q_proj,attention,4096,4096,16777216,dense_nvfp4,0.004669169895350933,0.004493793923612067,0.06703576600302309,0.75,1.0193263757874493,16,global_coef_final_layer_type,final_layer_type,dense_nvfp4,output_rel_mse,5.056072867723794e-05,0.029496945440769196,0.6413884162902832,0.5947055816650391,latency_model,1.969835,1.969835,True,,0.47152300000000014,5.056072867723794e-05
204,model.language_model.layers.29.self_attn.q_proj,29,layers_24_31,q_proj,attention,4096,4096,16777216,sparse_bf16,0.026082884520292282,0.025103200482010982,0.15843989548725088,2.5625,1.0193263757874493,16,global_coef_final_layer_type,final_layer_type,sparse_bf16,output_rel_mse,0.00025109536545277184,0.04986100643873215,0.5885077118873596,0.3408759832382202,latency_model,1.257995,1.257995,True,,1.1833630000000002,0.00025109536545277184
204,model.language_model.layers.29.self_attn.q_proj,29,layers_24_31,q_proj,attention,4096,4096,16777216,sparse_nvfp4,0.05210559815168381,0.050148490118843723,0.22393858559623825,4.0,1.0193263757874493,16,global_coef_final_layer_type,final_layer_type,sparse_nvfp4,output_rel_mse,0.004025674293902977,0.20809470117092133,0.9129299521446228,0.422554075717926,latency_model,1.8060494999999999,1.8060494999999999,True,,0.6353085000000003,0.004025674293902977
205,model.language_model.layers.29.self_attn.k_proj,29,layers_24_31,k_proj,attention,4096,4096,16777216,dense_bf16,0.0,0.0,0.0,0.0,0.0,16,global_coef_final_layer_type,dense_zero,dense_bf16,output_rel_mse,0.0,,,,latency_model,2.441358,2.441358,True,,0.0,0.0
205,model.language_model.layers.29.self_attn.k_proj,29,layers_24_31,k_proj,attention,4096,4096,16777216,dense_nvfp4,0.004353286698460579,0.003183918665202961,0.0564262232051992,0.8125,1.1693045845626309,16,global_coef_final_layer_type,final_layer_type,dense_nvfp4,output_rel_mse,3.7534882442477424e-05,0.029496945440769196,0.6413884162902832,0.6231246590614319,latency_model,1.969835,1.969835,True,,0.47152300000000014,3.7534882442477424e-05
205,model.language_model.layers.29.self_attn.k_proj,29,layers_24_31,k_proj,attention,4096,4096,16777216,sparse_bf16,0.0274223480373621,0.020056231488434693,0.14162002502624652,2.625,1.1693045845626309,16,global_coef_final_layer_type,final_layer_type,sparse_bf16,output_rel_mse,0.00022671612142067198,0.04986100643873215,0.5885077118873596,0.38522979617118835,latency_model,1.257995,1.257995,True,,1.1833630000000002,0.00022671612142067198
205,model.language_model.layers.29.self_attn.k_proj,29,layers_24_31,k_proj,attention,4096,4096,16777216,sparse_nvfp4,0.0551796555519104,0.0403574465502869,0.20089162887061,4.375,1.1693045845626309,16,global_coef_final_layer_type,final_layer_type,sparse_nvfp4,output_rel_mse,0.002319026455869962,0.20809470117092133,0.9129299521446228,0.302470862865448,latency_model,1.8060494999999999,1.8060494999999999,True,,0.6353085000000003,0.002319026455869962
206,model.language_model.layers.29.self_attn.v_proj,29,layers_24_31,v_proj,attention,4096,4096,16777216,dense_bf16,0.0,0.0,0.0,0.0,0.0,16,global_coef_final_layer_type,dense_zero,dense_bf16,output_rel_mse,0.0,,,,latency_model,2.441358,2.441358,True,,0.0,0.0
206,model.language_model.layers.29.self_attn.v_proj,29,layers_24_31,v_proj,attention,4096,4096,16777216,dense_nvfp4,0.0034477240405976772,0.019245717533201305,0.1387289354576085,0.583984375,0.423252171432549,16,global_coef_final_layer_type,final_layer_type,dense_nvfp4,output_rel_mse,0.00014118527738055515,0.029496945440769196,0.6413884162902832,0.38775476813316345,latency_model,1.969835,1.969835,True,,0.47152300000000014,0.00014118527738055515
206,model.language_model.layers.29.self_attn.v_proj,29,layers_24_31,v_proj,attention,4096,4096,16777216,sparse_bf16,0.02050813101232052,0.11447949196322123,0.3383481815574324,1.314453125,0.423252171432549,16,global_coef_final_layer_type,final_layer_type,sparse_bf16,output_rel_mse,0.000451572746366956,0.04986100643873215,0.5885077118873596,0.13442710041999817,latency_model,1.257995,1.257995,True,,1.1833630000000002,0.000451572746366956
206,model.language_model.layers.29.self_attn.v_proj,29,layers_24_31,v_proj,attention,4096,4096,16777216,sparse_nvfp4,0.03596605360507965,0.20076795599549926,0.4480713737737541,1.841796875,0.423252171432549,16,global_coef_final_layer_type,final_layer_type,sparse_nvfp4,output_rel_mse,0.029111735402959412,0.20809470117092133,0.9129299521446228,0.7632647752761841,latency_model,1.8060494999999999,1.8060494999999999,True,,0.6353085000000003,0.029111735402959412
207,model.language_model.layers.29.self_attn.o_proj,29,layers_24_31,o_proj,attention,4096,4096,16777216,dense_bf16,0.0,0.0,0.0,0.0,0.0,16,global_coef_final_layer_type,dense_zero,dense_bf16,output_rel_mse,0.0,,,,latency_model,2.441358,2.441358,True,,0.0,0.0
207,model.language_model.layers.29.self_attn.o_proj,29,layers_24_31,o_proj,attention,4096,4096,16777216,dense_nvfp4,0.00016840733587741852,0.0077745692226703425,0.0881735176947724,0.5625,0.14717780968177727,16,global_coef_final_layer_type,final_layer_type,dense_nvfp4,output_rel_mse,6.54567733627391e-05,0.029496945440769196,0.6413884162902832,0.4450205862522125,latency_model,1.969835,1.969835,True,,0.47152300000000014,6.54567733627391e-05
207,model.language_model.layers.29.self_attn.o_proj,29,layers_24_31,o_proj,attention,4096,4096,16777216,sparse_bf16,0.0010347862262278795,0.047771179946284076,0.21856619122426982,1.390625,0.14717780968177727,16,global_coef_final_layer_type,final_layer_type,sparse_bf16,output_rel_mse,0.00022999506056624682,0.04986100643873215,0.5885077118873596,0.16407383978366852,latency_model,1.257995,1.257995,True,,1.1833630000000002,0.00022999506056624682
207,model.language_model.layers.29.self_attn.o_proj,29,layers_24_31,o_proj,attention,4096,4096,16777216,sparse_nvfp4,0.0020104367285966873,0.09281234355284218,0.30465118340955477,2.5625,0.14717780968177727,16,global_coef_final_layer_type,final_layer_type,sparse_nvfp4,output_rel_mse,0.003715701457190628,0.20809470117092133,0.9129299521446228,0.21073496341705322,latency_model,1.8060494999999999,1.8060494999999999,True,,0.6353085000000003,0.003715701457190628
208,model.language_model.layers.29.mlp.gate_proj,29,layers_24_31,gate_proj,mlp,11008,4096,45088768,dense_bf16,0.0,0.0,0.0,0.0,0.0,16,global_coef_final_layer_type,dense_zero,dense_bf16,output_rel_mse,0.0,,,,latency_model,6.993269319161178,6.993269319161178,True,,0.0,0.0
208,model.language_model.layers.29.mlp.gate_proj,29,layers_24_31,gate_proj,mlp,11008,4096,45088768,dense_nvfp4,0.002318417653441429,0.007902835324419481,0.08889789268829426,1.125,0.541632070414678,16,global_coef_final_layer_type,final_layer_type,dense_nvfp4,output_rel_mse,7.20063116101615e-05,0.029496945440769196,0.6413884162902832,0.48160332441329956,latency_model,3.0619853161530486,3.0619853161530486,True,,3.9312840030081295,7.20063116101615e-05
208,model.language_model.layers.29.mlp.gate_proj,29,layers_24_31,gate_proj,mlp,11008,4096,45088768,sparse_bf16,0.015176634304225445,0.051732888380656636,0.2274486499864456,3.375,0.541632070414678,16,global_coef_final_layer_type,final_layer_type,sparse_bf16,output_rel_mse,0.00026436525918103896,0.04986100643873215,0.5885077118873596,0.17415039241313934,latency_model,3.3904291110950173,3.3904291110950173,True,,3.602840208066161,0.00026436525918103896
208,model.language_model.layers.29.mlp.gate_proj,29,layers_24_31,gate_proj,mlp,11008,4096,45088768,sparse_nvfp4,0.02769695408642292,0.0944111458123597,0.3072639676440433,5.5,0.541632070414678,16,global_coef_final_layer_type,final_layer_type,sparse_nvfp4,output_rel_mse,0.0029923644381465585,0.20809470117092133,0.9129299521446228,0.16683714091777802,latency_model,2.5708457841501398,2.5708457841501398,True,,4.422423535011038,0.0029923644381465585
209,model.language_model.layers.29.mlp.up_proj,29,layers_24_31,up_proj,mlp,11008,4096,45088768,dense_bf16,0.0,0.0,0.0,0.0,0.0,16,global_coef_final_layer_type,dense_zero,dense_bf16,output_rel_mse,0.0,,,,latency_model,6.993269319161178,6.993269319161178,True,,0.0,0.0
209,model.language_model.layers.29.mlp.up_proj,29,layers_24_31,up_proj,mlp,11008,4096,45088768,dense_nvfp4,0.0020881122909486294,0.009192539593511535,0.09587773252174633,1.5,0.4766056322684236,16,global_coef_final_layer_type,final_layer_type,dense_nvfp4,output_rel_mse,7.703193739090401e-05,0.029496945440769196,0.6413884162902832,0.4429320991039276,latency_model,3.0619853161530486,3.0619853161530486,True,,3.9312840030081295,7.703193739090401e-05
209,model.language_model.layers.29.mlp.up_proj,29,layers_24_31,up_proj,mlp,11008,4096,45088768,sparse_bf16,0.01347584743052721,0.05932499971300137,0.2435672385872151,4.875,0.4766056322684236,16,global_coef_final_layer_type,final_layer_type,sparse_bf16,output_rel_mse,0.00024081285336038246,0.04986100643873215,0.5885077118873596,0.13833393156528473,latency_model,3.3904291110950173,3.3904291110950173,True,,3.602840208066161,0.00024081285336038246
209,model.language_model.layers.29.mlp.up_proj,29,layers_24_31,up_proj,mlp,11008,4096,45088768,sparse_nvfp4,0.02431502193212509,0.10704252007760442,0.32717353205539784,6.375,0.4766056322684236,16,global_coef_final_layer_type,final_layer_type,sparse_nvfp4,output_rel_mse,0.004210157716967846,0.20809470117092133,0.9129299521446228,0.2070349007844925,latency_model,2.5708457841501398,2.5708457841501398,True,,4.422423535011038,0.004210157716967846
210,model.language_model.layers.29.mlp.down_proj,29,layers_24_31,down_proj,mlp,4096,11008,45088768,dense_bf16,0.0,0.0,0.0,0.0,0.0,16,global_coef_final_layer_type,dense_zero,dense_bf16,output_rel_mse,0.0,,,,latency_model,7.019237382643977,7.019237382643977,True,,0.0,0.0
210,model.language_model.layers.29.mlp.down_proj,29,layers_24_31,down_proj,mlp,4096,11008,45088768,dense_nvfp4,0.0007575452327728271,0.020086671629265425,0.14172745545329396,0.625,0.19420047812162367,16,global_coef_final_layer_type,final_layer_type,dense_nvfp4,output_rel_mse,0.00016893159832000098,0.029496945440769196,0.6413884162902832,0.4445337653160095,latency_model,4.934856405513043,4.934856405513043,True,,2.0843809771309347,0.00016893159832000098
210,model.language_model.layers.29.mlp.down_proj,29,layers_24_31,down_proj,mlp,4096,11008,45088768,sparse_bf16,0.002664735307916999,0.07065672225686032,0.2658133221959733,0.6971969604492188,0.19420047812162367,16,global_coef_final_layer_type,final_layer_type,sparse_bf16,output_rel_mse,0.00039605621681539717,0.04986100643873215,0.5885077118873596,0.19102497398853302,latency_model,3.4039856523906575,3.4039856523906575,True,,3.61525173025332,0.00039605621681539717
210,model.language_model.layers.29.mlp.down_proj,29,layers_24_31,down_proj,mlp,4096,11008,45088768,sparse_nvfp4,0.00516124814748764,0.1368529458713233,0.36993640787481746,0.9384765625,0.19420047812162367,16,global_coef_final_layer_type,final_layer_type,sparse_nvfp4,output_rel_mse,0.0065853295789850925,0.20809470117092133,0.9129299521446228,0.2532939910888672,latency_model,4.5866232192169125,4.5866232192169125,True,,2.432614163427065,0.0065853295789850925
211,model.language_model.layers.30.self_attn.q_proj,30,layers_24_31,q_proj,attention,4096,4096,16777216,dense_bf16,0.0,0.0,0.0,0.0,0.0,16,global_coef_final_layer_type,dense_zero,dense_bf16,output_rel_mse,0.0,,,,latency_model,2.441358,2.441358,True,,0.0,0.0
211,model.language_model.layers.30.self_attn.q_proj,30,layers_24_31,q_proj,attention,4096,4096,16777216,dense_nvfp4,0.004244837444275618,0.0035326800463020744,0.059436352902092454,0.6875,1.0961711788222859,16,global_coef_final_layer_type,final_layer_type,dense_nvfp4,output_rel_mse,4.107777569625324e-05,0.029496945440769196,0.6628626585006714,0.5947055816650391,latency_model,1.969835,1.969835,True,,0.47152300000000014,4.107777569625324e-05
211,model.language_model.layers.30.self_attn.q_proj,30,layers_24_31,q_proj,attention,4096,4096,16777216,sparse_bf16,0.02817714214324951,0.02344985623548689,0.15313345890264116,2.4375,1.0961711788222859,16,global_coef_final_layer_type,final_layer_type,sparse_bf16,output_rel_mse,0.00023899361038575773,0.04986100643873215,0.5996373295783997,0.3408759832382202,latency_model,1.257995,1.257995,True,,1.1833630000000002,0.00023899361038575773
211,model.language_model.layers.30.self_attn.q_proj,30,layers_24_31,q_proj,attention,4096,4096,16777216,sparse_nvfp4,0.05614383518695831,0.046724570467429616,0.21615866965594885,4.0,1.0961711788222859,16,global_coef_final_layer_type,final_layer_type,sparse_nvfp4,output_rel_mse,0.002253673689824903,0.20809470117092133,0.5485325455665588,0.422554075717926,latency_model,1.8060494999999999,1.8060494999999999,True,,0.6353085000000003,0.002253673689824903
212,model.language_model.layers.30.self_attn.k_proj,30,layers_24_31,k_proj,attention,4096,4096,16777216,dense_bf16,0.0,0.0,0.0,0.0,0.0,16,global_coef_final_layer_type,dense_zero,dense_bf16,output_rel_mse,0.0,,,,latency_model,2.441358,2.441358,True,,0.0,0.0
212,model.language_model.layers.30.self_attn.k_proj,30,layers_24_31,k_proj,attention,4096,4096,16777216,dense_nvfp4,0.004267162177711725,0.003181848231263607,0.056407873841012715,0.75,1.1580567548873772,16,global_coef_final_layer_type,final_layer_type,dense_nvfp4,output_rel_mse,3.876635763004095e-05,0.029496945440769196,0.6628626585006714,0.6231246590614319,latency_model,1.969835,1.969835,True,,0.47152300000000014,3.876635763004095e-05
212,model.language_model.layers.30.self_attn.k_proj,30,layers_24_31,k_proj,attention,4096,4096,16777216,sparse_bf16,0.030306406319141388,0.02259824710815824,0.15032713363913464,2.625,1.1580567548873772,16,global_coef_final_layer_type,final_layer_type,sparse_bf16,output_rel_mse,0.00026028211437745475,0.04986100643873215,0.5996373295783997,0.38522979617118835,latency_model,1.257995,1.257995,True,,1.1833630000000002,0.00026028211437745475
212,model.language_model.layers.30.self_attn.k_proj,30,layers_24_31,k_proj,attention,4096,4096,16777216,sparse_nvfp4,0.061956267803907394,0.04619825376153652,0.21493779044536707,4.4375,1.1580567548873772,16,global_coef_final_layer_type,final_layer_type,sparse_nvfp4,output_rel_mse,0.0015950434838984406,0.20809470117092133,0.5485325455665588,0.302470862865448,latency_model,1.8060494999999999,1.8060494999999999,True,,0.6353085000000003,0.0015950434838984406
213,model.language_model.layers.30.self_attn.v_proj,30,layers_24_31,v_proj,attention,4096,4096,16777216,dense_bf16,0.0,0.0,0.0,0.0,0.0,16,global_coef_final_layer_type,dense_zero,dense_bf16,output_rel_mse,0.0,,,,latency_model,2.441358,2.441358,True,,0.0,0.0
213,model.language_model.layers.30.self_attn.v_proj,30,layers_24_31,v_proj,attention,4096,4096,16777216,dense_nvfp4,0.003615275491029024,0.017446474955639016,0.13208510497266154,0.548828125,0.45521530244964314,16,global_coef_final_layer_type,final_layer_type,dense_nvfp4,output_rel_mse,0.00013227124382300423,0.029496945440769196,0.6628626585006714,0.38775476813316345,latency_model,1.969835,1.969835,True,,0.47152300000000014,0.00013227124382300423
213,model.language_model.layers.30.self_attn.v_proj,30,layers_24_31,v_proj,attention,4096,4096,16777216,sparse_bf16,0.02271021530032158,0.10959419370872214,0.33105013775668807,1.33984375,0.45521530244964314,16,global_coef_final_layer_type,final_layer_type,sparse_bf16,output_rel_mse,0.00044047785459393185,0.04986100643873215,0.5996373295783997,0.13442710041999817,latency_model,1.257995,1.257995,True,,1.1833630000000002,0.00044047785459393185
213,model.language_model.layers.30.self_attn.v_proj,30,layers_24_31,v_proj,attention,4096,4096,16777216,sparse_nvfp4,0.03968726843595505,0.19152148613397435,0.4376316786225311,2.0703125,0.45521530244964314,16,global_coef_final_layer_type,final_layer_type,sparse_nvfp4,output_rel_mse,0.016686150066977334,0.20809470117092133,0.5485325455665588,0.7632647752761841,latency_model,1.8060494999999999,1.8060494999999999,True,,0.6353085000000003,0.016686150066977334
214,model.language_model.layers.30.self_attn.o_proj,30,layers_24_31,o_proj,attention,4096,4096,16777216,dense_bf16,0.0,0.0,0.0,0.0,0.0,16,global_coef_final_layer_type,dense_zero,dense_bf16,output_rel_mse,0.0,,,,latency_model,2.441358,2.441358,True,,0.0,0.0
214,model.language_model.layers.30.self_attn.o_proj,30,layers_24_31,o_proj,attention,4096,4096,16777216,dense_nvfp4,0.00019879831233993173,0.009295703718071367,0.09641422985260717,1.0703125,0.14623967395095558,16,global_coef_final_layer_type,final_layer_type,dense_nvfp4,output_rel_mse,8.088406578047992e-05,0.029496945440769196,0.6628626585006714,0.4450205862522125,latency_model,1.969835,1.969835,True,,0.47152300000000014,8.088406578047992e-05
214,model.language_model.layers.30.self_attn.o_proj,30,layers_24_31,o_proj,attention,4096,4096,16777216,sparse_bf16,0.0012430546339601278,0.058124575841019294,0.2410903893584713,2.439453125,0.14623967395095558,16,global_coef_final_layer_type,final_layer_type,sparse_bf16,output_rel_mse,0.0002851338908997202,0.04986100643873215,0.5996373295783997,0.16407383978366852,latency_model,1.257995,1.257995,True,,1.1833630000000002,0.0002851338908997202
214,model.language_model.layers.30.self_attn.o_proj,30,layers_24_31,o_proj,attention,4096,4096,16777216,sparse_nvfp4,0.0024122451432049274,0.11279530435976207,0.335850121869506,3.5859375,0.14623967395095558,16,global_coef_final_layer_type,final_layer_type,sparse_nvfp4,output_rel_mse,0.002713257664886887,0.20809470117092133,0.5485325455665588,0.21073496341705322,latency_model,1.8060494999999999,1.8060494999999999,True,,0.6353085000000003,0.002713257664886887
215,model.language_model.layers.30.mlp.gate_proj,30,layers_24_31,gate_proj,mlp,11008,4096,45088768,dense_bf16,0.0,0.0,0.0,0.0,0.0,16,global_coef_final_layer_type,dense_zero,dense_bf16,output_rel_mse,0.0,,,,latency_model,6.993269319161178,6.993269319161178,True,,0.0,0.0
215,model.language_model.layers.30.mlp.gate_proj,30,layers_24_31,gate_proj,mlp,11008,4096,45088768,dense_nvfp4,0.0026890388689935207,0.006027447541586463,0.07763663788177888,3.875,0.6679313381493028,16,global_coef_final_layer_type,final_layer_type,dense_nvfp4,output_rel_mse,5.675753355746531e-05,0.029496945440769196,0.6628626585006714,0.48160332441329956,latency_model,3.0619853161530486,3.0619853161530486,True,,3.9312840030081295,5.675753355746531e-05
215,model.language_model.layers.30.mlp.gate_proj,30,layers_24_31,gate_proj,mlp,11008,4096,45088768,sparse_bf16,0.016586683690547943,0.03717884742628701,0.19281817192963688,11.0,0.6679313381493028,16,global_coef_final_layer_type,final_layer_type,sparse_bf16,output_rel_mse,0.00019358427726631248,0.04986100643873215,0.5996373295783997,0.17415039241313934,latency_model,3.3904291110950173,3.3904291110950173,True,,3.602840208066161,0.00019358427726631248
215,model.language_model.layers.30.mlp.gate_proj,30,layers_24_31,gate_proj,mlp,11008,4096,45088768,sparse_nvfp4,0.03105136938393116,0.0696012624488843,0.2638205118046819,14.375,0.6679313381493028,16,global_coef_final_layer_type,final_layer_type,sparse_nvfp4,output_rel_mse,0.0013254803010169787,0.20809470117092133,0.5485325455665588,0.16683714091777802,latency_model,2.5708457841501398,2.5708457841501398,True,,4.422423535011038,0.0013254803010169787
216,model.language_model.layers.30.mlp.up_proj,30,layers_24_31,up_proj,mlp,11008,4096,45088768,dense_bf16,0.0,0.0,0.0,0.0,0.0,16,global_coef_final_layer_type,dense_zero,dense_bf16,output_rel_mse,0.0,,,,latency_model,6.993269319161178,6.993269319161178,True,,0.0,0.0
216,model.language_model.layers.30.mlp.up_proj,30,layers_24_31,up_proj,mlp,11008,4096,45088768,dense_nvfp4,0.0024442977737635374,0.006109462982215916,0.07816305381838606,3.25,0.6325218569330121,16,global_coef_final_layer_type,final_layer_type,dense_nvfp4,output_rel_mse,5.2910369138905864e-05,0.029496945440769196,0.6628626585006714,0.4429320991039276,latency_model,3.0619853161530486,3.0619853161530486,True,,3.9312840030081295,5.2910369138905864e-05
216,model.language_model.layers.30.mlp.up_proj,30,layers_24_31,up_proj,mlp,11008,4096,45088768,sparse_bf16,0.014945090748369694,0.03735489172926573,0.19327413621399459,11.75,0.6325218569330121,16,global_coef_final_layer_type,final_layer_type,sparse_bf16,output_rel_mse,0.00015449908223578212,0.04986100643873215,0.5996373295783997,0.13833393156528473,latency_model,3.3904291110950173,3.3904291110950173,True,,3.602840208066161,0.00015449908223578212
216,model.language_model.layers.30.mlp.up_proj,30,layers_24_31,up_proj,mlp,11008,4096,45088768,sparse_nvfp4,0.028224512934684753,0.07054648529995855,0.2656058834061447,14.5,0.6325218569330121,16,global_coef_final_layer_type,final_layer_type,sparse_nvfp4,output_rel_mse,0.0016671795178348375,0.20809470117092133,0.5485325455665588,0.2070349007844925,latency_model,2.5708457841501398,2.5708457841501398,True,,4.422423535011038,0.0016671795178348375
217,model.language_model.layers.30.mlp.down_proj,30,layers_24_31,down_proj,mlp,4096,11008,45088768,dense_bf16,0.0,0.0,0.0,0.0,0.0,16,global_coef_final_layer_type,dense_zero,dense_bf16,output_rel_mse,0.0,,,,latency_model,7.019237382643977,7.019237382643977,True,,0.0,0.0
217,model.language_model.layers.30.mlp.down_proj,30,layers_24_31,down_proj,mlp,4096,11008,45088768,dense_nvfp4,0.0019696184899657965,0.0020417786200886676,0.045186044528025104,4.0,0.9821701485693882,16,global_coef_final_layer_type,final_layer_type,dense_nvfp4,output_rel_mse,1.774655278753035e-05,0.029496945440769196,0.6628626585006714,0.4445337653160095,latency_model,4.934856405513043,4.934856405513043,True,,2.0843809771309347,1.774655278753035e-05
217,model.language_model.layers.30.mlp.down_proj,30,layers_24_31,down_proj,mlp,4096,11008,45088768,sparse_bf16,0.00332098500803113,0.003442654616402745,0.05867413924722496,0.796875,0.9821701485693882,16,global_coef_final_layer_type,final_layer_type,sparse_bf16,output_rel_mse,1.9662254152678252e-05,0.04986100643873215,0.5996373295783997,0.19102497398853302,latency_model,3.4039856523906575,3.4039856523906575,True,,3.61525173025332,1.9662254152678252e-05
217,model.language_model.layers.30.mlp.down_proj,30,layers_24_31,down_proj,mlp,4096,11008,45088768,sparse_nvfp4,0.00773388147354126,0.008017224616555362,0.08953895586031457,4.0,0.9821701485693882,16,global_coef_final_layer_type,final_layer_type,sparse_nvfp4,output_rel_mse,0.00023179942821117426,0.20809470117092133,0.5485325455665588,0.2532939910888672,latency_model,4.5866232192169125,4.5866232192169125,True,,2.432614163427065,0.00023179942821117426
218,model.language_model.layers.31.self_attn.q_proj,31,layers_24_31,q_proj,attention,4096,4096,16777216,dense_bf16,0.0,0.0,0.0,0.0,0.0,16,global_coef_final_layer_type,dense_zero,dense_bf16,output_rel_mse,0.0,,,,latency_model,2.441358,2.441358,True,,0.0,0.0
218,model.language_model.layers.31.self_attn.q_proj,31,layers_24_31,q_proj,attention,4096,4096,16777216,dense_nvfp4,0.0034430157393217087,0.003067068900684773,0.05538112404677945,0.75,1.0595165326933493,16,global_coef_final_layer_type,final_layer_type,dense_nvfp4,output_rel_mse,3.618853012254516e-05,0.029496945440769196,0.6726177930831909,0.5947055816650391,latency_model,1.969835,1.969835,True,,0.47152300000000014,3.618853012254516e-05
218,model.language_model.layers.31.self_attn.q_proj,31,layers_24_31,q_proj,attention,4096,4096,16777216,sparse_bf16,0.023553915321826935,0.02098203628519279,0.1448517734968847,3.3125,1.0595165326933493,16,global_coef_final_layer_type,final_layer_type,sparse_bf16,output_rel_mse,0.0002209482155961549,0.04986100643873215,0.6195629239082336,0.3408759832382202,latency_model,1.257995,1.257995,True,,1.1833630000000002,0.0002209482155961549
218,model.language_model.layers.31.self_attn.q_proj,31,layers_24_31,q_proj,attention,4096,4096,16777216,sparse_nvfp4,0.04979803040623665,0.04436052633451292,0.21061938736619884,3.875,1.0595165326933493,16,global_coef_final_layer_type,final_layer_type,sparse_nvfp4,output_rel_mse,0.0024717798840020607,0.20809470117092133,0.6336796879768372,0.422554075717926,latency_model,1.8060494999999999,1.8060494999999999,True,,0.6353085000000003,0.0024717798840020607
219,model.language_model.layers.31.self_attn.k_proj,31,layers_24_31,k_proj,attention,4096,4096,16777216,dense_bf16,0.0,0.0,0.0,0.0,0.0,16,global_coef_final_layer_type,dense_zero,dense_bf16,output_rel_mse,0.0,,,,latency_model,2.441358,2.441358,True,,0.0,0.0
219,model.language_model.layers.31.self_attn.k_proj,31,layers_24_31,k_proj,attention,4096,4096,16777216,dense_nvfp4,0.0034072231501340866,0.0024989044507506544,0.049989043307015334,0.7587890625,1.167684360953415,16,global_coef_final_layer_type,final_layer_type,dense_nvfp4,output_rel_mse,3.0893704289836456e-05,0.029496945440769196,0.6726177930831909,0.6231246590614319,latency_model,1.969835,1.969835,True,,0.47152300000000014,3.0893704289836456e-05
219,model.language_model.layers.31.self_attn.k_proj,31,layers_24_31,k_proj,attention,4096,4096,16777216,sparse_bf16,0.02667202055454254,0.01956162773537047,0.13986288905699923,2.875,1.167684360953415,16,global_coef_final_layer_type,final_layer_type,sparse_bf16,output_rel_mse,0.00023279375300360778,0.04986100643873215,0.6195629239082336,0.38522979617118835,latency_model,1.257995,1.257995,True,,1.1833630000000002,0.00023279375300360778
219,model.language_model.layers.31.self_attn.k_proj,31,layers_24_31,k_proj,attention,4096,4096,16777216,sparse_nvfp4,0.05792013555765152,0.0424794262528419,0.20610537657431913,4.625,1.167684360953415,16,global_coef_final_layer_type,final_layer_type,sparse_nvfp4,output_rel_mse,0.0016943104743398795,0.20809470117092133,0.6336796879768372,0.302470862865448,latency_model,1.8060494999999999,1.8060494999999999,True,,0.6353085000000003,0.0016943104743398795
220,model.language_model.layers.31.self_attn.v_proj,31,layers_24_31,v_proj,attention,4096,4096,16777216,dense_bf16,0.0,0.0,0.0,0.0,0.0,16,global_coef_final_layer_type,dense_zero,dense_bf16,output_rel_mse,0.0,,,,latency_model,2.441358,2.441358,True,,0.0,0.0
220,model.language_model.layers.31.self_attn.v_proj,31,layers_24_31,v_proj,attention,4096,4096,16777216,dense_nvfp4,0.0021783816628158092,0.010617016741756507,0.10303890887308788,0.447265625,0.4529661360497796,16,global_coef_final_layer_type,final_layer_type,dense_nvfp4,output_rel_mse,8.167799075729182e-05,0.029496945440769196,0.6726177930831909,0.38775476813316345,latency_model,1.969835,1.969835,True,,0.47152300000000014,8.167799075729182e-05
220,model.language_model.layers.31.self_attn.v_proj,31,layers_24_31,v_proj,attention,4096,4096,16777216,sparse_bf16,0.01291146595031023,0.0629280224374775,0.2508545842464863,1.224609375,0.4529661360497796,16,global_coef_final_layer_type,final_layer_type,sparse_bf16,output_rel_mse,0.00026132284403589893,0.04986100643873215,0.6195629239082336,0.13442710041999817,latency_model,1.257995,1.257995,True,,1.1833630000000002,0.00026132284403589893
220,model.language_model.layers.31.self_attn.v_proj,31,layers_24_31,v_proj,attention,4096,4096,16777216,sparse_nvfp4,0.02258886583149433,0.11009382368756429,0.3318038934183327,1.5029296875,0.4529661360497796,16,global_coef_final_layer_type,final_layer_type,sparse_nvfp4,output_rel_mse,0.011080745590804611,0.20809470117092133,0.6336796879768372,0.7632647752761841,latency_model,1.8060494999999999,1.8060494999999999,True,,0.6353085000000003,0.011080745590804611
221,model.language_model.layers.31.self_attn.o_proj,31,layers_24_31,o_proj,attention,4096,4096,16777216,dense_bf16,0.0,0.0,0.0,0.0,0.0,16,global_coef_final_layer_type,dense_zero,dense_bf16,output_rel_mse,0.0,,,,latency_model,2.441358,2.441358,True,,0.0,0.0
221,model.language_model.layers.31.self_attn.o_proj,31,layers_24_31,o_proj,attention,4096,4096,16777216,dense_nvfp4,0.0003542396007105708,0.0054234767542799,0.07364425812159356,4.5,0.2555698766243169,16,global_coef_final_layer_type,final_layer_type,dense_nvfp4,output_rel_mse,4.7885417823375975e-05,0.029496945440769196,0.6726177930831909,0.4450205862522125,latency_model,1.969835,1.969835,True,,0.47152300000000014,4.7885417823375975e-05
221,model.language_model.layers.31.self_attn.o_proj,31,layers_24_31,o_proj,attention,4096,4096,16777216,sparse_bf16,0.0024501632433384657,0.03751247282286324,0.1936813693230798,29.0,0.2555698766243169,16,global_coef_final_layer_type,final_layer_type,sparse_bf16,output_rel_mse,0.0001901347494802674,0.04986100643873215,0.6195629239082336,0.16407383978366852,latency_model,1.257995,1.257995,True,,1.1833630000000002,0.0001901347494802674
221,model.language_model.layers.31.self_attn.o_proj,31,layers_24_31,o_proj,attention,4096,4096,16777216,sparse_nvfp4,0.005588206462562084,0.08555652102991367,0.2925004632986308,65.0,0.2555698766243169,16,global_coef_final_layer_type,final_layer_type,sparse_nvfp4,output_rel_mse,0.0023774999741772306,0.20809470117092133,0.6336796879768372,0.21073496341705322,latency_model,1.8060494999999999,1.8060494999999999,True,,0.6353085000000003,0.0023774999741772306
222,model.language_model.layers.31.mlp.gate_proj,31,layers_24_31,gate_proj,mlp,11008,4096,45088768,dense_bf16,0.0,0.0,0.0,0.0,0.0,16,global_coef_final_layer_type,dense_zero,dense_bf16,output_rel_mse,0.0,,,,latency_model,6.993269319161178,6.993269319161178,True,,0.0,0.0
222,model.language_model.layers.31.mlp.gate_proj,31,layers_24_31,gate_proj,mlp,11008,4096,45088768,dense_nvfp4,0.002542294329032302,0.004644442777747289,0.06815014877274508,0.98828125,0.7398541362158296,16,global_coef_final_layer_type,final_layer_type,dense_nvfp4,output_rel_mse,4.437807800739813e-05,0.029496945440769196,0.6726177930831909,0.48160332441329956,latency_model,3.0619853161530486,3.0619853161530486,True,,3.9312840030081295,4.437807800739813e-05
222,model.language_model.layers.31.mlp.gate_proj,31,layers_24_31,gate_proj,mlp,11008,4096,45088768,sparse_bf16,0.017082607373595238,0.03120771325937962,0.1766570498434173,3.0,0.7398541362158296,16,global_coef_final_layer_type,final_layer_type,sparse_bf16,output_rel_mse,0.0001678931067324048,0.04986100643873215,0.6195629239082336,0.17415039241313934,latency_model,3.3904291110950173,3.3904291110950173,True,,3.602840208066161,0.0001678931067324048
222,model.language_model.layers.31.mlp.gate_proj,31,layers_24_31,gate_proj,mlp,11008,4096,45088768,sparse_nvfp4,0.03399387747049332,0.06210241548450267,0.24920356234312274,4.46875,0.7398541362158296,16,global_coef_final_layer_type,final_layer_type,sparse_nvfp4,output_rel_mse,0.0013662558651382876,0.20809470117092133,0.6336796879768372,0.16683714091777802,latency_model,2.5708457841501398,2.5708457841501398,True,,4.422423535011038,0.0013662558651382876
223,model.language_model.layers.31.mlp.up_proj,31,layers_24_31,up_proj,mlp,11008,4096,45088768,dense_bf16,0.0,0.0,0.0,0.0,0.0,16,global_coef_final_layer_type,dense_zero,dense_bf16,output_rel_mse,0.0,,,,latency_model,6.993269319161178,6.993269319161178,True,,0.0,0.0
223,model.language_model.layers.31.mlp.up_proj,31,layers_24_31,up_proj,mlp,11008,4096,45088768,dense_nvfp4,0.002257205778732896,0.0038423277597812396,0.061986512724795544,1.5625,0.7664580192541081,16,global_coef_final_layer_type,final_layer_type,dense_nvfp4,output_rel_mse,3.376579346230488e-05,0.029496945440769196,0.6726177930831909,0.4429320991039276,latency_model,3.0619853161530486,3.0619853161530486,True,,3.9312840030081295,3.376579346230488e-05
223,model.language_model.layers.31.mlp.up_proj,31,layers_24_31,up_proj,mlp,11008,4096,45088768,sparse_bf16,0.01575782708823681,0.026823755736153383,0.16377959499325118,5.625,0.7664580192541081,16,global_coef_final_layer_type,final_layer_type,sparse_bf16,output_rel_mse,0.00011462906945678416,0.04986100643873215,0.6195629239082336,0.13833393156528473,latency_model,3.3904291110950173,3.3904291110950173,True,,3.602840208066161,0.00011462906945678416
223,model.language_model.layers.31.mlp.up_proj,31,layers_24_31,up_proj,mlp,11008,4096,45088768,sparse_nvfp4,0.03272044286131859,0.05569836259632294,0.2360050054476026,7.875,0.7664580192541081,16,global_coef_final_layer_type,final_layer_type,sparse_nvfp4,output_rel_mse,0.0015206063465717477,0.20809470117092133,0.6336796879768372,0.2070349007844925,latency_model,2.5708457841501398,2.5708457841501398,True,,4.422423535011038,0.0015206063465717477
224,model.language_model.layers.31.mlp.down_proj,31,layers_24_31,down_proj,mlp,4096,11008,45088768,dense_bf16,0.0,0.0,0.0,0.0,0.0,16,global_coef_final_layer_type,dense_zero,dense_bf16,output_rel_mse,0.0,,,,latency_model,7.019237382643977,7.019237382643977,True,,0.0,0.0
224,model.language_model.layers.31.mlp.down_proj,31,layers_24_31,down_proj,mlp,4096,11008,45088768,dense_nvfp4,0.003986852243542671,0.005103781431525012,0.07144075469593678,2.5,0.8838306058951524,16,global_coef_final_layer_type,final_layer_type,dense_nvfp4,output_rel_mse,4.501344151320375e-05,0.029496945440769196,0.6726177930831909,0.4445337653160095,latency_model,4.934856405513043,4.934856405513043,True,,2.0843809771309347,4.501344151320375e-05
224,model.language_model.layers.31.mlp.down_proj,31,layers_24_31,down_proj,mlp,4096,11008,45088768,sparse_bf16,0.006315813399851322,0.00808520837644457,0.08991778676349063,2.5,0.8838306058951524,16,global_coef_final_layer_type,final_layer_type,sparse_bf16,output_rel_mse,4.771202261144071e-05,0.04986100643873215,0.6195629239082336,0.19102497398853302,latency_model,3.4039856523906575,3.4039856523906575,True,,3.61525173025332,4.771202261144071e-05
224,model.language_model.layers.31.mlp.down_proj,31,layers_24_31,down_proj,mlp,4096,11008,45088768,sparse_nvfp4,0.017018411308526993,0.021786172730929726,0.14760139813338397,5.0,0.8838306058951524,16,global_coef_final_layer_type,final_layer_type,sparse_nvfp4,output_rel_mse,0.000727673631536061,0.20809470117092133,0.6336796879768372,0.2532939910888672,latency_model,4.5866232192169125,4.5866232192169125,True,,2.432614163427065,0.000727673631536061
