scenario,batch,input_seq,output_seq,mode,policy_hash,model.layers.0.self_attn.qkv_proj,model.layers.0.self_attn.o_proj,model.layers.0.mlp.gate_up_proj,model.layers.0.mlp.down_proj,model.layers.1.self_attn.qkv_proj,model.layers.1.self_attn.o_proj,model.layers.1.mlp.gate_up_proj,model.layers.1.mlp.down_proj,model.layers.2.self_attn.qkv_proj,model.layers.2.self_attn.o_proj,model.layers.2.mlp.gate_up_proj,model.layers.2.mlp.down_proj,model.layers.3.self_attn.qkv_proj,model.layers.3.self_attn.o_proj,model.layers.3.mlp.gate_up_proj,model.layers.3.mlp.down_proj,model.layers.4.self_attn.qkv_proj,model.layers.4.self_attn.o_proj,model.layers.4.mlp.gate_up_proj,model.layers.4.mlp.down_proj,model.layers.5.self_attn.qkv_proj,model.layers.5.self_attn.o_proj,model.layers.5.mlp.gate_up_proj,model.layers.5.mlp.down_proj,model.layers.6.self_attn.qkv_proj,model.layers.6.self_attn.o_proj,model.layers.6.mlp.gate_up_proj,model.layers.6.mlp.down_proj,model.layers.7.self_attn.qkv_proj,model.layers.7.self_attn.o_proj,model.layers.7.mlp.gate_up_proj,model.layers.7.mlp.down_proj,model.layers.8.self_attn.qkv_proj,model.layers.8.self_attn.o_proj,model.layers.8.mlp.gate_up_proj,model.layers.8.mlp.down_proj,model.layers.9.self_attn.qkv_proj,model.layers.9.self_attn.o_proj,model.layers.9.mlp.gate_up_proj,model.layers.9.mlp.down_proj,model.layers.10.self_attn.qkv_proj,model.layers.10.self_attn.o_proj,model.layers.10.mlp.gate_up_proj,model.layers.10.mlp.down_proj,model.layers.11.self_attn.qkv_proj,model.layers.11.self_attn.o_proj,model.layers.11.mlp.gate_up_proj,model.layers.11.mlp.down_proj,model.layers.12.self_attn.qkv_proj,model.layers.12.self_attn.o_proj,model.layers.12.mlp.gate_up_proj,model.layers.12.mlp.down_proj,model.layers.13.self_attn.qkv_proj,model.layers.13.self_attn.o_proj,model.layers.13.mlp.gate_up_proj,model.layers.13.mlp.down_proj,model.layers.14.self_attn.qkv_proj,model.layers.14.self_attn.o_proj,model.layers.14.mlp.gate_up_proj,model.layers.14.mlp.down_proj,model.layers.15.self_attn.qkv_proj,model.layers.15.self_attn.o_proj,model.layers.15.mlp.gate_up_proj,model.layers.15.mlp.down_proj,model.layers.16.self_attn.qkv_proj,model.layers.16.self_attn.o_proj,model.layers.16.mlp.gate_up_proj,model.layers.16.mlp.down_proj,model.layers.17.self_attn.qkv_proj,model.layers.17.self_attn.o_proj,model.layers.17.mlp.gate_up_proj,model.layers.17.mlp.down_proj,model.layers.18.self_attn.qkv_proj,model.layers.18.self_attn.o_proj,model.layers.18.mlp.gate_up_proj,model.layers.18.mlp.down_proj,model.layers.19.self_attn.qkv_proj,model.layers.19.self_attn.o_proj,model.layers.19.mlp.gate_up_proj,model.layers.19.mlp.down_proj,model.layers.20.self_attn.qkv_proj,model.layers.20.self_attn.o_proj,model.layers.20.mlp.gate_up_proj,model.layers.20.mlp.down_proj,model.layers.21.self_attn.qkv_proj,model.layers.21.self_attn.o_proj,model.layers.21.mlp.gate_up_proj,model.layers.21.mlp.down_proj,model.layers.22.self_attn.qkv_proj,model.layers.22.self_attn.o_proj,model.layers.22.mlp.gate_up_proj,model.layers.22.mlp.down_proj,model.layers.23.self_attn.qkv_proj,model.layers.23.self_attn.o_proj,model.layers.23.mlp.gate_up_proj,model.layers.23.mlp.down_proj,model.layers.24.self_attn.qkv_proj,model.layers.24.self_attn.o_proj,model.layers.24.mlp.gate_up_proj,model.layers.24.mlp.down_proj,model.layers.25.self_attn.qkv_proj,model.layers.25.self_attn.o_proj,model.layers.25.mlp.gate_up_proj,model.layers.25.mlp.down_proj,model.layers.26.self_attn.qkv_proj,model.layers.26.self_attn.o_proj,model.layers.26.mlp.gate_up_proj,model.layers.26.mlp.down_proj,model.layers.27.self_attn.qkv_proj,model.layers.27.self_attn.o_proj,model.layers.27.mlp.gate_up_proj,model.layers.27.mlp.down_proj,model.layers.28.self_attn.qkv_proj,model.layers.28.self_attn.o_proj,model.layers.28.mlp.gate_up_proj,model.layers.28.mlp.down_proj,model.layers.29.self_attn.qkv_proj,model.layers.29.self_attn.o_proj,model.layers.29.mlp.gate_up_proj,model.layers.29.mlp.down_proj,model.layers.30.self_attn.qkv_proj,model.layers.30.self_attn.o_proj,model.layers.30.mlp.gate_up_proj,model.layers.30.mlp.down_proj,model.layers.31.self_attn.qkv_proj,model.layers.31.self_attn.o_proj,model.layers.31.mlp.gate_up_proj,model.layers.31.mlp.down_proj
b1_in128_out1,1,128,1,optimized,fcc5143dcf,sparse_bf16,dense_bf16,sparse_bf16,dense_bf16,sparse_bf16,dense_bf16,dense_bf16,dense_bf16,sparse_bf16,dense_bf16,sparse_bf16,dense_bf16,sparse_bf16,dense_bf16,sparse_bf16,dense_bf16,sparse_bf16,dense_bf16,sparse_bf16,dense_bf16,sparse_bf16,dense_bf16,sparse_bf16,dense_bf16,sparse_bf16,dense_bf16,sparse_bf16,dense_bf16,sparse_bf16,dense_bf16,sparse_bf16,dense_bf16,sparse_bf16,dense_bf16,sparse_bf16,dense_bf16,sparse_bf16,dense_bf16,sparse_bf16,dense_bf16,sparse_bf16,dense_bf16,sparse_bf16,dense_bf16,sparse_bf16,dense_bf16,sparse_bf16,dense_bf16,sparse_bf16,dense_bf16,sparse_bf16,dense_bf16,sparse_bf16,dense_bf16,sparse_bf16,dense_bf16,sparse_bf16,dense_bf16,sparse_bf16,dense_bf16,sparse_bf16,dense_bf16,sparse_bf16,dense_bf16,sparse_bf16,dense_bf16,sparse_bf16,dense_bf16,sparse_bf16,dense_bf16,sparse_bf16,dense_bf16,sparse_bf16,dense_bf16,sparse_bf16,dense_bf16,dense_bf16,dense_bf16,sparse_bf16,dense_bf16,dense_bf16,dense_bf16,sparse_bf16,dense_bf16,dense_bf16,dense_bf16,sparse_bf16,dense_bf16,sparse_bf16,dense_bf16,sparse_bf16,dense_bf16,sparse_bf16,dense_bf16,sparse_bf16,dense_bf16,dense_bf16,dense_bf16,sparse_bf16,dense_bf16,dense_bf16,dense_bf16,sparse_bf16,dense_bf16,sparse_bf16,dense_bf16,sparse_bf16,dense_bf16,sparse_bf16,dense_bf16,sparse_bf16,dense_bf16,sparse_bf16,dense_bf16,sparse_bf16,dense_bf16,dense_bf16,dense_bf16,sparse_bf16,dense_bf16,dense_bf16,dense_bf16,sparse_bf16,dense_bf16,dense_bf16,dense_bf16,sparse_bf16,dense_bf16
b1_in128_out1,1,128,1,max_speed,e35b822f39,sparse_bf16,dense_bf16,sparse_bf16,dense_bf16,sparse_bf16,dense_bf16,sparse_bf16,dense_bf16,sparse_bf16,dense_bf16,sparse_bf16,dense_bf16,sparse_bf16,dense_bf16,sparse_bf16,dense_bf16,sparse_bf16,dense_bf16,sparse_bf16,dense_bf16,sparse_bf16,dense_bf16,sparse_bf16,dense_bf16,sparse_bf16,dense_bf16,sparse_bf16,dense_bf16,sparse_bf16,dense_bf16,sparse_bf16,dense_bf16,sparse_bf16,dense_bf16,sparse_bf16,dense_bf16,sparse_bf16,dense_bf16,sparse_bf16,dense_bf16,sparse_bf16,dense_bf16,sparse_bf16,dense_bf16,sparse_bf16,dense_bf16,sparse_bf16,dense_bf16,sparse_bf16,dense_bf16,sparse_bf16,dense_bf16,sparse_bf16,dense_bf16,sparse_bf16,dense_bf16,sparse_bf16,dense_bf16,sparse_bf16,dense_bf16,sparse_bf16,dense_bf16,sparse_bf16,dense_bf16,sparse_bf16,dense_bf16,sparse_bf16,dense_bf16,sparse_bf16,dense_bf16,sparse_bf16,dense_bf16,sparse_bf16,dense_bf16,sparse_bf16,dense_bf16,sparse_bf16,dense_bf16,sparse_bf16,dense_bf16,sparse_bf16,dense_bf16,sparse_bf16,dense_bf16,sparse_bf16,dense_bf16,sparse_bf16,dense_bf16,sparse_bf16,dense_bf16,sparse_bf16,dense_bf16,sparse_bf16,dense_bf16,sparse_bf16,dense_bf16,sparse_bf16,dense_bf16,sparse_bf16,dense_bf16,sparse_bf16,dense_bf16,sparse_bf16,dense_bf16,sparse_bf16,dense_bf16,sparse_bf16,dense_bf16,sparse_bf16,dense_bf16,sparse_bf16,dense_bf16,sparse_bf16,dense_bf16,sparse_bf16,dense_bf16,sparse_bf16,dense_bf16,sparse_bf16,dense_bf16,sparse_bf16,dense_bf16,sparse_bf16,dense_bf16,sparse_bf16,dense_bf16,sparse_bf16,dense_bf16
b1_in256_out1,1,256,1,optimized,f59d1e739a,sparse_bf16,dense_bf16,dense_nvfp4,dense_bf16,sparse_bf16,dense_bf16,dense_nvfp4,dense_bf16,sparse_bf16,dense_bf16,sparse_bf16,dense_bf16,sparse_bf16,dense_bf16,sparse_bf16,dense_bf16,sparse_bf16,dense_bf16,sparse_bf16,dense_bf16,sparse_bf16,dense_bf16,sparse_bf16,dense_bf16,sparse_bf16,dense_bf16,sparse_bf16,dense_bf16,sparse_bf16,dense_bf16,sparse_bf16,dense_bf16,sparse_bf16,dense_bf16,sparse_bf16,dense_bf16,sparse_bf16,dense_bf16,sparse_bf16,dense_bf16,sparse_bf16,dense_bf16,sparse_bf16,dense_bf16,sparse_bf16,dense_bf16,sparse_bf16,dense_bf16,sparse_bf16,dense_bf16,sparse_bf16,dense_bf16,sparse_bf16,dense_bf16,sparse_bf16,dense_bf16,sparse_bf16,dense_bf16,sparse_bf16,dense_bf16,sparse_bf16,dense_bf16,sparse_bf16,dense_bf16,sparse_bf16,dense_bf16,sparse_bf16,dense_bf16,sparse_bf16,dense_bf16,sparse_bf16,dense_bf16,sparse_bf16,dense_bf16,sparse_bf16,dense_bf16,dense_bf16,dense_bf16,sparse_bf16,dense_bf16,dense_bf16,dense_bf16,sparse_bf16,dense_bf16,dense_bf16,dense_bf16,sparse_bf16,dense_bf16,sparse_bf16,dense_bf16,sparse_bf16,dense_bf16,sparse_bf16,dense_bf16,sparse_bf16,dense_bf16,dense_bf16,dense_bf16,sparse_bf16,dense_bf16,dense_bf16,dense_bf16,sparse_bf16,dense_bf16,sparse_bf16,dense_bf16,sparse_bf16,dense_bf16,sparse_bf16,dense_bf16,sparse_bf16,dense_bf16,sparse_bf16,dense_bf16,sparse_bf16,dense_bf16,dense_bf16,dense_bf16,sparse_bf16,dense_bf16,dense_bf16,dense_bf16,sparse_bf16,dense_bf16,dense_bf16,dense_bf16,sparse_bf16,dense_bf16
b1_in256_out1,1,256,1,max_speed,a29c1c7b6a,sparse_bf16,sparse_bf16,sparse_bf16,dense_bf16,sparse_bf16,sparse_bf16,sparse_bf16,dense_bf16,sparse_bf16,sparse_bf16,sparse_bf16,dense_bf16,sparse_bf16,sparse_bf16,sparse_bf16,dense_bf16,sparse_bf16,sparse_bf16,sparse_bf16,dense_bf16,sparse_bf16,sparse_bf16,sparse_bf16,dense_bf16,sparse_bf16,sparse_bf16,sparse_bf16,dense_bf16,sparse_bf16,sparse_bf16,sparse_bf16,dense_bf16,sparse_bf16,sparse_bf16,sparse_bf16,dense_bf16,sparse_bf16,sparse_bf16,sparse_bf16,dense_bf16,sparse_bf16,sparse_bf16,sparse_bf16,dense_bf16,sparse_bf16,sparse_bf16,sparse_bf16,dense_bf16,sparse_bf16,sparse_bf16,sparse_bf16,dense_bf16,sparse_bf16,sparse_bf16,sparse_bf16,dense_bf16,sparse_bf16,sparse_bf16,sparse_bf16,dense_bf16,sparse_bf16,sparse_bf16,sparse_bf16,dense_bf16,sparse_bf16,sparse_bf16,sparse_bf16,dense_bf16,sparse_bf16,sparse_bf16,sparse_bf16,dense_bf16,sparse_bf16,sparse_bf16,sparse_bf16,dense_bf16,sparse_bf16,sparse_bf16,sparse_bf16,dense_bf16,sparse_bf16,sparse_bf16,sparse_bf16,dense_bf16,sparse_bf16,sparse_bf16,sparse_bf16,dense_bf16,sparse_bf16,sparse_bf16,sparse_bf16,dense_bf16,sparse_bf16,sparse_bf16,sparse_bf16,dense_bf16,sparse_bf16,sparse_bf16,sparse_bf16,dense_bf16,sparse_bf16,sparse_bf16,sparse_bf16,dense_bf16,sparse_bf16,sparse_bf16,sparse_bf16,dense_bf16,sparse_bf16,sparse_bf16,sparse_bf16,dense_bf16,sparse_bf16,sparse_bf16,sparse_bf16,dense_bf16,sparse_bf16,sparse_bf16,sparse_bf16,dense_bf16,sparse_bf16,sparse_bf16,sparse_bf16,dense_bf16,sparse_bf16,sparse_bf16,sparse_bf16,dense_bf16
b1_in512_out1,1,512,1,optimized,d0dd515e1b,sparse_bf16,sparse_bf16,dense_nvfp4,sparse_bf16,dense_nvfp4,dense_bf16,dense_nvfp4,sparse_bf16,sparse_bf16,dense_bf16,dense_nvfp4,dense_nvfp4,dense_nvfp4,dense_bf16,dense_nvfp4,sparse_bf16,dense_nvfp4,dense_bf16,dense_nvfp4,sparse_bf16,dense_nvfp4,dense_bf16,dense_nvfp4,dense_nvfp4,dense_nvfp4,dense_bf16,dense_nvfp4,sparse_bf16,dense_nvfp4,dense_bf16,dense_nvfp4,dense_nvfp4,dense_nvfp4,dense_bf16,dense_nvfp4,dense_nvfp4,dense_nvfp4,dense_bf16,dense_nvfp4,dense_nvfp4,dense_nvfp4,dense_bf16,dense_nvfp4,sparse_bf16,dense_nvfp4,dense_bf16,dense_nvfp4,sparse_bf16,dense_nvfp4,dense_bf16,dense_nvfp4,sparse_bf16,dense_nvfp4,dense_bf16,dense_nvfp4,sparse_bf16,dense_nvfp4,dense_bf16,dense_nvfp4,sparse_bf16,dense_nvfp4,dense_bf16,dense_nvfp4,sparse_bf16,dense_nvfp4,dense_bf16,dense_nvfp4,sparse_bf16,dense_nvfp4,dense_bf16,dense_nvfp4,sparse_bf16,dense_nvfp4,dense_bf16,dense_nvfp4,sparse_bf16,dense_nvfp4,dense_bf16,dense_nvfp4,dense_nvfp4,dense_nvfp4,dense_bf16,dense_nvfp4,dense_nvfp4,dense_nvfp4,dense_bf16,dense_nvfp4,sparse_bf16,dense_nvfp4,dense_bf16,dense_nvfp4,sparse_bf16,dense_nvfp4,dense_bf16,dense_nvfp4,sparse_bf16,dense_nvfp4,dense_bf16,dense_nvfp4,dense_bf16,dense_bf16,dense_bf16,dense_nvfp4,sparse_bf16,dense_nvfp4,dense_bf16,dense_nvfp4,sparse_bf16,dense_nvfp4,dense_bf16,dense_nvfp4,sparse_bf16,dense_nvfp4,dense_bf16,dense_nvfp4,sparse_bf16,dense_nvfp4,dense_bf16,dense_nvfp4,sparse_bf16,dense_bf16,dense_bf16,dense_nvfp4,sparse_bf16,dense_bf16,dense_bf16,dense_nvfp4,sparse_bf16
b1_in512_out1,1,512,1,max_speed,4746310a30,sparse_bf16,sparse_bf16,sparse_nvfp4,sparse_bf16,sparse_bf16,sparse_bf16,sparse_nvfp4,sparse_bf16,sparse_bf16,sparse_bf16,sparse_nvfp4,sparse_bf16,sparse_bf16,sparse_bf16,sparse_nvfp4,sparse_bf16,sparse_bf16,sparse_bf16,sparse_nvfp4,sparse_bf16,sparse_bf16,sparse_bf16,sparse_nvfp4,sparse_bf16,sparse_bf16,sparse_bf16,sparse_nvfp4,sparse_bf16,sparse_bf16,sparse_bf16,sparse_nvfp4,sparse_bf16,sparse_bf16,sparse_bf16,sparse_nvfp4,sparse_bf16,sparse_bf16,sparse_bf16,sparse_nvfp4,sparse_bf16,sparse_bf16,sparse_bf16,sparse_nvfp4,sparse_bf16,sparse_bf16,sparse_bf16,sparse_nvfp4,sparse_bf16,sparse_bf16,sparse_bf16,sparse_nvfp4,sparse_bf16,sparse_bf16,sparse_bf16,sparse_nvfp4,sparse_bf16,sparse_bf16,sparse_bf16,sparse_nvfp4,sparse_bf16,sparse_bf16,sparse_bf16,sparse_nvfp4,sparse_bf16,sparse_bf16,sparse_bf16,sparse_nvfp4,sparse_bf16,sparse_bf16,sparse_bf16,sparse_nvfp4,sparse_bf16,sparse_bf16,sparse_bf16,sparse_nvfp4,sparse_bf16,sparse_bf16,sparse_bf16,sparse_nvfp4,sparse_bf16,sparse_bf16,sparse_bf16,sparse_nvfp4,sparse_bf16,sparse_bf16,sparse_bf16,sparse_nvfp4,sparse_bf16,sparse_bf16,sparse_bf16,sparse_nvfp4,sparse_bf16,sparse_bf16,sparse_bf16,sparse_nvfp4,sparse_bf16,sparse_bf16,sparse_bf16,sparse_nvfp4,sparse_bf16,sparse_bf16,sparse_bf16,sparse_nvfp4,sparse_bf16,sparse_bf16,sparse_bf16,sparse_nvfp4,sparse_bf16,sparse_bf16,sparse_bf16,sparse_nvfp4,sparse_bf16,sparse_bf16,sparse_bf16,sparse_nvfp4,sparse_bf16,sparse_bf16,sparse_bf16,sparse_nvfp4,sparse_bf16,sparse_bf16,sparse_bf16,sparse_nvfp4,sparse_bf16,sparse_bf16,sparse_bf16,sparse_nvfp4,sparse_bf16
b1_in1024_out1,1,1024,1,optimized,aef7bf0e76,sparse_bf16,sparse_bf16,dense_nvfp4,sparse_bf16,dense_nvfp4,dense_bf16,dense_nvfp4,sparse_bf16,dense_nvfp4,dense_bf16,dense_nvfp4,dense_nvfp4,dense_nvfp4,dense_bf16,dense_nvfp4,dense_nvfp4,dense_nvfp4,dense_bf16,dense_nvfp4,dense_nvfp4,dense_nvfp4,dense_bf16,dense_nvfp4,dense_nvfp4,dense_nvfp4,dense_bf16,dense_nvfp4,dense_nvfp4,dense_nvfp4,dense_bf16,dense_nvfp4,dense_nvfp4,dense_nvfp4,dense_bf16,dense_nvfp4,dense_nvfp4,dense_nvfp4,dense_bf16,dense_nvfp4,dense_nvfp4,dense_nvfp4,dense_bf16,dense_nvfp4,sparse_bf16,dense_nvfp4,dense_bf16,dense_nvfp4,sparse_bf16,dense_nvfp4,dense_bf16,dense_nvfp4,sparse_bf16,dense_nvfp4,dense_bf16,dense_nvfp4,sparse_bf16,dense_nvfp4,dense_bf16,dense_nvfp4,dense_nvfp4,dense_nvfp4,dense_bf16,dense_nvfp4,sparse_bf16,dense_nvfp4,dense_bf16,dense_nvfp4,sparse_bf16,dense_nvfp4,dense_bf16,dense_nvfp4,dense_nvfp4,dense_nvfp4,dense_bf16,dense_nvfp4,sparse_bf16,dense_nvfp4,dense_bf16,dense_nvfp4,dense_nvfp4,dense_nvfp4,dense_bf16,dense_nvfp4,dense_nvfp4,dense_nvfp4,dense_bf16,dense_nvfp4,dense_nvfp4,dense_nvfp4,dense_bf16,dense_nvfp4,dense_nvfp4,dense_nvfp4,dense_bf16,dense_nvfp4,sparse_bf16,dense_nvfp4,dense_bf16,dense_nvfp4,dense_nvfp4,dense_nvfp4,dense_bf16,dense_nvfp4,dense_nvfp4,dense_nvfp4,dense_bf16,dense_nvfp4,sparse_bf16,dense_nvfp4,dense_bf16,dense_nvfp4,dense_nvfp4,dense_nvfp4,dense_bf16,dense_nvfp4,dense_nvfp4,dense_nvfp4,dense_bf16,dense_nvfp4,sparse_bf16,dense_nvfp4,dense_bf16,dense_nvfp4,sparse_bf16,dense_bf16,dense_bf16,dense_nvfp4,sparse_bf16
b1_in1024_out1,1,1024,1,max_speed,a749dcd170,sparse_nvfp4,sparse_bf16,sparse_nvfp4,sparse_bf16,sparse_nvfp4,sparse_bf16,sparse_nvfp4,sparse_bf16,sparse_nvfp4,sparse_bf16,sparse_nvfp4,sparse_bf16,sparse_nvfp4,sparse_bf16,sparse_nvfp4,sparse_bf16,sparse_nvfp4,sparse_bf16,sparse_nvfp4,sparse_bf16,sparse_nvfp4,sparse_bf16,sparse_nvfp4,sparse_bf16,sparse_nvfp4,sparse_bf16,sparse_nvfp4,sparse_bf16,sparse_nvfp4,sparse_bf16,sparse_nvfp4,sparse_bf16,sparse_nvfp4,sparse_bf16,sparse_nvfp4,sparse_bf16,sparse_nvfp4,sparse_bf16,sparse_nvfp4,sparse_bf16,sparse_nvfp4,sparse_bf16,sparse_nvfp4,sparse_bf16,sparse_nvfp4,sparse_bf16,sparse_nvfp4,sparse_bf16,sparse_nvfp4,sparse_bf16,sparse_nvfp4,sparse_bf16,sparse_nvfp4,sparse_bf16,sparse_nvfp4,sparse_bf16,sparse_nvfp4,sparse_bf16,sparse_nvfp4,sparse_bf16,sparse_nvfp4,sparse_bf16,sparse_nvfp4,sparse_bf16,sparse_nvfp4,sparse_bf16,sparse_nvfp4,sparse_bf16,sparse_nvfp4,sparse_bf16,sparse_nvfp4,sparse_bf16,sparse_nvfp4,sparse_bf16,sparse_nvfp4,sparse_bf16,sparse_nvfp4,sparse_bf16,sparse_nvfp4,sparse_bf16,sparse_nvfp4,sparse_bf16,sparse_nvfp4,sparse_bf16,sparse_nvfp4,sparse_bf16,sparse_nvfp4,sparse_bf16,sparse_nvfp4,sparse_bf16,sparse_nvfp4,sparse_bf16,sparse_nvfp4,sparse_bf16,sparse_nvfp4,sparse_bf16,sparse_nvfp4,sparse_bf16,sparse_nvfp4,sparse_bf16,sparse_nvfp4,sparse_bf16,sparse_nvfp4,sparse_bf16,sparse_nvfp4,sparse_bf16,sparse_nvfp4,sparse_bf16,sparse_nvfp4,sparse_bf16,sparse_nvfp4,sparse_bf16,sparse_nvfp4,sparse_bf16,sparse_nvfp4,sparse_bf16,sparse_nvfp4,sparse_bf16,sparse_nvfp4,sparse_bf16,sparse_nvfp4,sparse_bf16,sparse_nvfp4,sparse_bf16,sparse_nvfp4,sparse_bf16,sparse_nvfp4,sparse_bf16
b1_in2048_out1,1,2048,1,optimized,8f9a116982,sparse_bf16,sparse_bf16,dense_nvfp4,sparse_bf16,dense_nvfp4,dense_bf16,dense_nvfp4,sparse_bf16,dense_nvfp4,dense_bf16,dense_nvfp4,dense_nvfp4,dense_nvfp4,sparse_bf16,dense_nvfp4,dense_nvfp4,dense_nvfp4,dense_bf16,dense_nvfp4,dense_nvfp4,dense_nvfp4,dense_bf16,dense_nvfp4,dense_nvfp4,dense_nvfp4,dense_bf16,dense_nvfp4,dense_nvfp4,dense_nvfp4,dense_bf16,dense_nvfp4,dense_nvfp4,dense_nvfp4,dense_bf16,dense_nvfp4,dense_nvfp4,dense_nvfp4,dense_bf16,dense_nvfp4,dense_nvfp4,dense_nvfp4,dense_bf16,dense_nvfp4,dense_nvfp4,dense_nvfp4,dense_bf16,dense_nvfp4,dense_nvfp4,dense_nvfp4,dense_bf16,dense_nvfp4,dense_nvfp4,dense_nvfp4,dense_bf16,dense_nvfp4,dense_nvfp4,dense_nvfp4,dense_bf16,dense_nvfp4,sparse_bf16,dense_nvfp4,dense_bf16,dense_nvfp4,sparse_bf16,dense_nvfp4,dense_bf16,dense_nvfp4,sparse_bf16,dense_nvfp4,dense_bf16,dense_nvfp4,dense_nvfp4,dense_nvfp4,dense_bf16,dense_nvfp4,sparse_bf16,dense_nvfp4,dense_bf16,dense_nvfp4,dense_nvfp4,dense_nvfp4,dense_bf16,dense_nvfp4,dense_nvfp4,dense_nvfp4,dense_bf16,dense_nvfp4,dense_nvfp4,dense_nvfp4,dense_bf16,dense_nvfp4,dense_nvfp4,dense_nvfp4,dense_bf16,dense_nvfp4,sparse_bf16,dense_nvfp4,dense_bf16,dense_nvfp4,dense_nvfp4,dense_nvfp4,dense_bf16,dense_nvfp4,dense_nvfp4,dense_nvfp4,dense_bf16,dense_nvfp4,sparse_bf16,dense_nvfp4,dense_bf16,dense_nvfp4,dense_nvfp4,dense_nvfp4,dense_bf16,dense_nvfp4,dense_nvfp4,dense_nvfp4,dense_bf16,dense_nvfp4,sparse_bf16,dense_nvfp4,dense_bf16,dense_nvfp4,sparse_bf16,dense_bf16,sparse_bf16,dense_nvfp4,sparse_bf16
b1_in2048_out1,1,2048,1,max_speed,bedb3240c9,sparse_nvfp4,sparse_nvfp4,sparse_nvfp4,sparse_bf16,sparse_nvfp4,sparse_nvfp4,sparse_nvfp4,sparse_bf16,sparse_nvfp4,sparse_nvfp4,sparse_nvfp4,sparse_bf16,sparse_nvfp4,sparse_nvfp4,sparse_nvfp4,sparse_bf16,sparse_nvfp4,sparse_nvfp4,sparse_nvfp4,sparse_bf16,sparse_nvfp4,sparse_nvfp4,sparse_nvfp4,sparse_bf16,sparse_nvfp4,sparse_nvfp4,sparse_nvfp4,sparse_bf16,sparse_nvfp4,sparse_nvfp4,sparse_nvfp4,sparse_bf16,sparse_nvfp4,sparse_nvfp4,sparse_nvfp4,sparse_bf16,sparse_nvfp4,sparse_nvfp4,sparse_nvfp4,sparse_bf16,sparse_nvfp4,sparse_nvfp4,sparse_nvfp4,sparse_bf16,sparse_nvfp4,sparse_nvfp4,sparse_nvfp4,sparse_bf16,sparse_nvfp4,sparse_nvfp4,sparse_nvfp4,sparse_bf16,sparse_nvfp4,sparse_nvfp4,sparse_nvfp4,sparse_bf16,sparse_nvfp4,sparse_nvfp4,sparse_nvfp4,sparse_bf16,sparse_nvfp4,sparse_nvfp4,sparse_nvfp4,sparse_bf16,sparse_nvfp4,sparse_nvfp4,sparse_nvfp4,sparse_bf16,sparse_nvfp4,sparse_nvfp4,sparse_nvfp4,sparse_bf16,sparse_nvfp4,sparse_nvfp4,sparse_nvfp4,sparse_bf16,sparse_nvfp4,sparse_nvfp4,sparse_nvfp4,sparse_bf16,sparse_nvfp4,sparse_nvfp4,sparse_nvfp4,sparse_bf16,sparse_nvfp4,sparse_nvfp4,sparse_nvfp4,sparse_bf16,sparse_nvfp4,sparse_nvfp4,sparse_nvfp4,sparse_bf16,sparse_nvfp4,sparse_nvfp4,sparse_nvfp4,sparse_bf16,sparse_nvfp4,sparse_nvfp4,sparse_nvfp4,sparse_bf16,sparse_nvfp4,sparse_nvfp4,sparse_nvfp4,sparse_bf16,sparse_nvfp4,sparse_nvfp4,sparse_nvfp4,sparse_bf16,sparse_nvfp4,sparse_nvfp4,sparse_nvfp4,sparse_bf16,sparse_nvfp4,sparse_nvfp4,sparse_nvfp4,sparse_bf16,sparse_nvfp4,sparse_nvfp4,sparse_nvfp4,sparse_bf16,sparse_nvfp4,sparse_nvfp4,sparse_nvfp4,sparse_bf16,sparse_nvfp4,sparse_nvfp4,sparse_nvfp4,sparse_bf16
b1_in4096_out1,1,4096,1,optimized,6bfff17f22,sparse_bf16,sparse_bf16,dense_nvfp4,sparse_bf16,dense_nvfp4,dense_bf16,dense_nvfp4,sparse_bf16,dense_nvfp4,dense_bf16,dense_nvfp4,dense_nvfp4,dense_nvfp4,dense_bf16,dense_nvfp4,dense_nvfp4,dense_nvfp4,dense_bf16,dense_nvfp4,dense_nvfp4,dense_nvfp4,dense_bf16,dense_nvfp4,dense_nvfp4,dense_nvfp4,dense_bf16,dense_nvfp4,dense_nvfp4,dense_nvfp4,dense_bf16,dense_nvfp4,dense_nvfp4,dense_nvfp4,dense_bf16,dense_nvfp4,dense_nvfp4,dense_nvfp4,dense_bf16,dense_nvfp4,dense_nvfp4,dense_nvfp4,dense_bf16,dense_nvfp4,dense_nvfp4,dense_nvfp4,dense_bf16,dense_nvfp4,dense_nvfp4,dense_nvfp4,dense_bf16,dense_nvfp4,dense_nvfp4,dense_nvfp4,dense_bf16,dense_nvfp4,dense_nvfp4,dense_nvfp4,dense_bf16,dense_nvfp4,dense_nvfp4,dense_nvfp4,dense_bf16,dense_nvfp4,sparse_bf16,dense_nvfp4,dense_bf16,dense_nvfp4,sparse_bf16,dense_nvfp4,dense_bf16,dense_nvfp4,dense_nvfp4,dense_nvfp4,dense_bf16,dense_nvfp4,sparse_bf16,dense_nvfp4,dense_bf16,dense_nvfp4,dense_nvfp4,dense_nvfp4,dense_bf16,dense_nvfp4,dense_nvfp4,dense_nvfp4,dense_bf16,dense_nvfp4,dense_nvfp4,dense_nvfp4,dense_bf16,dense_nvfp4,dense_nvfp4,dense_nvfp4,dense_bf16,dense_nvfp4,sparse_bf16,dense_nvfp4,dense_bf16,dense_nvfp4,dense_nvfp4,dense_nvfp4,dense_bf16,dense_nvfp4,dense_nvfp4,dense_nvfp4,sparse_bf16,dense_nvfp4,sparse_bf16,dense_nvfp4,dense_bf16,dense_nvfp4,dense_nvfp4,dense_nvfp4,dense_bf16,dense_nvfp4,sparse_bf16,dense_nvfp4,dense_bf16,dense_nvfp4,sparse_bf16,dense_nvfp4,dense_bf16,dense_nvfp4,sparse_bf16,dense_bf16,sparse_bf16,dense_nvfp4,sparse_bf16
b1_in4096_out1,1,4096,1,max_speed,a749dcd170,sparse_nvfp4,sparse_bf16,sparse_nvfp4,sparse_bf16,sparse_nvfp4,sparse_bf16,sparse_nvfp4,sparse_bf16,sparse_nvfp4,sparse_bf16,sparse_nvfp4,sparse_bf16,sparse_nvfp4,sparse_bf16,sparse_nvfp4,sparse_bf16,sparse_nvfp4,sparse_bf16,sparse_nvfp4,sparse_bf16,sparse_nvfp4,sparse_bf16,sparse_nvfp4,sparse_bf16,sparse_nvfp4,sparse_bf16,sparse_nvfp4,sparse_bf16,sparse_nvfp4,sparse_bf16,sparse_nvfp4,sparse_bf16,sparse_nvfp4,sparse_bf16,sparse_nvfp4,sparse_bf16,sparse_nvfp4,sparse_bf16,sparse_nvfp4,sparse_bf16,sparse_nvfp4,sparse_bf16,sparse_nvfp4,sparse_bf16,sparse_nvfp4,sparse_bf16,sparse_nvfp4,sparse_bf16,sparse_nvfp4,sparse_bf16,sparse_nvfp4,sparse_bf16,sparse_nvfp4,sparse_bf16,sparse_nvfp4,sparse_bf16,sparse_nvfp4,sparse_bf16,sparse_nvfp4,sparse_bf16,sparse_nvfp4,sparse_bf16,sparse_nvfp4,sparse_bf16,sparse_nvfp4,sparse_bf16,sparse_nvfp4,sparse_bf16,sparse_nvfp4,sparse_bf16,sparse_nvfp4,sparse_bf16,sparse_nvfp4,sparse_bf16,sparse_nvfp4,sparse_bf16,sparse_nvfp4,sparse_bf16,sparse_nvfp4,sparse_bf16,sparse_nvfp4,sparse_bf16,sparse_nvfp4,sparse_bf16,sparse_nvfp4,sparse_bf16,sparse_nvfp4,sparse_bf16,sparse_nvfp4,sparse_bf16,sparse_nvfp4,sparse_bf16,sparse_nvfp4,sparse_bf16,sparse_nvfp4,sparse_bf16,sparse_nvfp4,sparse_bf16,sparse_nvfp4,sparse_bf16,sparse_nvfp4,sparse_bf16,sparse_nvfp4,sparse_bf16,sparse_nvfp4,sparse_bf16,sparse_nvfp4,sparse_bf16,sparse_nvfp4,sparse_bf16,sparse_nvfp4,sparse_bf16,sparse_nvfp4,sparse_bf16,sparse_nvfp4,sparse_bf16,sparse_nvfp4,sparse_bf16,sparse_nvfp4,sparse_bf16,sparse_nvfp4,sparse_bf16,sparse_nvfp4,sparse_bf16,sparse_nvfp4,sparse_bf16,sparse_nvfp4,sparse_bf16
b1_in8192_out1,1,8192,1,optimized,7a70c1f41e,sparse_bf16,sparse_bf16,dense_nvfp4,sparse_bf16,dense_nvfp4,dense_bf16,dense_nvfp4,sparse_bf16,dense_nvfp4,dense_bf16,dense_nvfp4,dense_nvfp4,dense_nvfp4,dense_bf16,dense_nvfp4,dense_nvfp4,dense_nvfp4,dense_bf16,dense_nvfp4,dense_nvfp4,dense_nvfp4,dense_bf16,dense_nvfp4,dense_nvfp4,dense_nvfp4,dense_bf16,dense_nvfp4,dense_nvfp4,dense_nvfp4,dense_bf16,dense_nvfp4,dense_nvfp4,dense_nvfp4,dense_bf16,dense_nvfp4,dense_nvfp4,dense_nvfp4,dense_bf16,dense_nvfp4,dense_nvfp4,dense_nvfp4,dense_bf16,dense_nvfp4,dense_nvfp4,dense_nvfp4,dense_bf16,dense_nvfp4,dense_nvfp4,dense_nvfp4,dense_bf16,dense_nvfp4,dense_nvfp4,dense_nvfp4,dense_bf16,dense_nvfp4,dense_nvfp4,dense_nvfp4,dense_bf16,dense_nvfp4,dense_nvfp4,dense_nvfp4,dense_bf16,dense_nvfp4,sparse_bf16,dense_nvfp4,dense_bf16,dense_nvfp4,sparse_bf16,dense_nvfp4,dense_bf16,dense_nvfp4,dense_nvfp4,dense_nvfp4,dense_bf16,dense_nvfp4,sparse_bf16,dense_nvfp4,dense_bf16,dense_nvfp4,dense_nvfp4,dense_nvfp4,dense_bf16,dense_nvfp4,dense_nvfp4,dense_nvfp4,dense_bf16,dense_nvfp4,dense_nvfp4,dense_nvfp4,dense_bf16,dense_nvfp4,sparse_bf16,dense_nvfp4,dense_bf16,dense_nvfp4,sparse_bf16,dense_nvfp4,dense_bf16,dense_nvfp4,dense_nvfp4,dense_nvfp4,dense_bf16,dense_nvfp4,sparse_bf16,dense_nvfp4,dense_bf16,dense_nvfp4,sparse_bf16,dense_nvfp4,dense_bf16,dense_nvfp4,sparse_bf16,dense_nvfp4,dense_bf16,dense_nvfp4,sparse_bf16,dense_nvfp4,dense_bf16,dense_nvfp4,sparse_bf16,dense_nvfp4,dense_bf16,dense_nvfp4,sparse_bf16,dense_bf16,dense_bf16,dense_nvfp4,sparse_bf16
b1_in8192_out1,1,8192,1,max_speed,a749dcd170,sparse_nvfp4,sparse_bf16,sparse_nvfp4,sparse_bf16,sparse_nvfp4,sparse_bf16,sparse_nvfp4,sparse_bf16,sparse_nvfp4,sparse_bf16,sparse_nvfp4,sparse_bf16,sparse_nvfp4,sparse_bf16,sparse_nvfp4,sparse_bf16,sparse_nvfp4,sparse_bf16,sparse_nvfp4,sparse_bf16,sparse_nvfp4,sparse_bf16,sparse_nvfp4,sparse_bf16,sparse_nvfp4,sparse_bf16,sparse_nvfp4,sparse_bf16,sparse_nvfp4,sparse_bf16,sparse_nvfp4,sparse_bf16,sparse_nvfp4,sparse_bf16,sparse_nvfp4,sparse_bf16,sparse_nvfp4,sparse_bf16,sparse_nvfp4,sparse_bf16,sparse_nvfp4,sparse_bf16,sparse_nvfp4,sparse_bf16,sparse_nvfp4,sparse_bf16,sparse_nvfp4,sparse_bf16,sparse_nvfp4,sparse_bf16,sparse_nvfp4,sparse_bf16,sparse_nvfp4,sparse_bf16,sparse_nvfp4,sparse_bf16,sparse_nvfp4,sparse_bf16,sparse_nvfp4,sparse_bf16,sparse_nvfp4,sparse_bf16,sparse_nvfp4,sparse_bf16,sparse_nvfp4,sparse_bf16,sparse_nvfp4,sparse_bf16,sparse_nvfp4,sparse_bf16,sparse_nvfp4,sparse_bf16,sparse_nvfp4,sparse_bf16,sparse_nvfp4,sparse_bf16,sparse_nvfp4,sparse_bf16,sparse_nvfp4,sparse_bf16,sparse_nvfp4,sparse_bf16,sparse_nvfp4,sparse_bf16,sparse_nvfp4,sparse_bf16,sparse_nvfp4,sparse_bf16,sparse_nvfp4,sparse_bf16,sparse_nvfp4,sparse_bf16,sparse_nvfp4,sparse_bf16,sparse_nvfp4,sparse_bf16,sparse_nvfp4,sparse_bf16,sparse_nvfp4,sparse_bf16,sparse_nvfp4,sparse_bf16,sparse_nvfp4,sparse_bf16,sparse_nvfp4,sparse_bf16,sparse_nvfp4,sparse_bf16,sparse_nvfp4,sparse_bf16,sparse_nvfp4,sparse_bf16,sparse_nvfp4,sparse_bf16,sparse_nvfp4,sparse_bf16,sparse_nvfp4,sparse_bf16,sparse_nvfp4,sparse_bf16,sparse_nvfp4,sparse_bf16,sparse_nvfp4,sparse_bf16,sparse_nvfp4,sparse_bf16,sparse_nvfp4,sparse_bf16
b1_in16384_out1,1,16384,1,optimized,4f61f4ce62,sparse_bf16,sparse_bf16,dense_nvfp4,sparse_bf16,dense_nvfp4,dense_bf16,dense_nvfp4,sparse_bf16,dense_nvfp4,dense_bf16,dense_nvfp4,dense_nvfp4,dense_nvfp4,dense_bf16,dense_nvfp4,dense_bf16,dense_nvfp4,dense_bf16,dense_nvfp4,sparse_bf16,dense_nvfp4,dense_bf16,dense_nvfp4,dense_nvfp4,dense_nvfp4,dense_bf16,dense_nvfp4,sparse_bf16,dense_nvfp4,dense_bf16,dense_nvfp4,dense_nvfp4,dense_nvfp4,dense_bf16,dense_nvfp4,dense_nvfp4,dense_nvfp4,dense_bf16,dense_nvfp4,dense_nvfp4,dense_nvfp4,dense_bf16,dense_nvfp4,sparse_bf16,dense_nvfp4,dense_bf16,dense_nvfp4,sparse_bf16,dense_nvfp4,dense_bf16,dense_nvfp4,sparse_bf16,dense_nvfp4,dense_bf16,dense_nvfp4,sparse_bf16,dense_nvfp4,dense_bf16,dense_nvfp4,sparse_bf16,dense_nvfp4,dense_bf16,dense_nvfp4,sparse_bf16,dense_nvfp4,dense_bf16,dense_nvfp4,sparse_bf16,dense_nvfp4,dense_bf16,dense_nvfp4,sparse_bf16,dense_nvfp4,dense_bf16,dense_nvfp4,sparse_bf16,dense_nvfp4,dense_bf16,dense_nvfp4,dense_nvfp4,dense_nvfp4,dense_bf16,dense_nvfp4,dense_nvfp4,dense_bf16,dense_bf16,dense_nvfp4,sparse_bf16,dense_nvfp4,dense_bf16,dense_nvfp4,sparse_bf16,dense_nvfp4,dense_bf16,dense_nvfp4,sparse_bf16,dense_nvfp4,dense_bf16,dense_nvfp4,sparse_bf16,dense_nvfp4,dense_bf16,dense_nvfp4,sparse_bf16,dense_nvfp4,dense_bf16,dense_nvfp4,sparse_bf16,dense_nvfp4,dense_bf16,dense_nvfp4,sparse_bf16,dense_nvfp4,dense_bf16,dense_nvfp4,sparse_bf16,dense_nvfp4,dense_bf16,dense_nvfp4,sparse_bf16,dense_bf16,dense_bf16,dense_nvfp4,sparse_bf16,dense_bf16,dense_bf16,dense_nvfp4,sparse_bf16
b1_in16384_out1,1,16384,1,max_speed,a749dcd170,sparse_nvfp4,sparse_bf16,sparse_nvfp4,sparse_bf16,sparse_nvfp4,sparse_bf16,sparse_nvfp4,sparse_bf16,sparse_nvfp4,sparse_bf16,sparse_nvfp4,sparse_bf16,sparse_nvfp4,sparse_bf16,sparse_nvfp4,sparse_bf16,sparse_nvfp4,sparse_bf16,sparse_nvfp4,sparse_bf16,sparse_nvfp4,sparse_bf16,sparse_nvfp4,sparse_bf16,sparse_nvfp4,sparse_bf16,sparse_nvfp4,sparse_bf16,sparse_nvfp4,sparse_bf16,sparse_nvfp4,sparse_bf16,sparse_nvfp4,sparse_bf16,sparse_nvfp4,sparse_bf16,sparse_nvfp4,sparse_bf16,sparse_nvfp4,sparse_bf16,sparse_nvfp4,sparse_bf16,sparse_nvfp4,sparse_bf16,sparse_nvfp4,sparse_bf16,sparse_nvfp4,sparse_bf16,sparse_nvfp4,sparse_bf16,sparse_nvfp4,sparse_bf16,sparse_nvfp4,sparse_bf16,sparse_nvfp4,sparse_bf16,sparse_nvfp4,sparse_bf16,sparse_nvfp4,sparse_bf16,sparse_nvfp4,sparse_bf16,sparse_nvfp4,sparse_bf16,sparse_nvfp4,sparse_bf16,sparse_nvfp4,sparse_bf16,sparse_nvfp4,sparse_bf16,sparse_nvfp4,sparse_bf16,sparse_nvfp4,sparse_bf16,sparse_nvfp4,sparse_bf16,sparse_nvfp4,sparse_bf16,sparse_nvfp4,sparse_bf16,sparse_nvfp4,sparse_bf16,sparse_nvfp4,sparse_bf16,sparse_nvfp4,sparse_bf16,sparse_nvfp4,sparse_bf16,sparse_nvfp4,sparse_bf16,sparse_nvfp4,sparse_bf16,sparse_nvfp4,sparse_bf16,sparse_nvfp4,sparse_bf16,sparse_nvfp4,sparse_bf16,sparse_nvfp4,sparse_bf16,sparse_nvfp4,sparse_bf16,sparse_nvfp4,sparse_bf16,sparse_nvfp4,sparse_bf16,sparse_nvfp4,sparse_bf16,sparse_nvfp4,sparse_bf16,sparse_nvfp4,sparse_bf16,sparse_nvfp4,sparse_bf16,sparse_nvfp4,sparse_bf16,sparse_nvfp4,sparse_bf16,sparse_nvfp4,sparse_bf16,sparse_nvfp4,sparse_bf16,sparse_nvfp4,sparse_bf16,sparse_nvfp4,sparse_bf16,sparse_nvfp4,sparse_bf16
b1_in32768_out1,1,32768,1,optimized,99d0c3c909,sparse_bf16,sparse_bf16,dense_nvfp4,sparse_bf16,dense_nvfp4,dense_bf16,dense_nvfp4,sparse_bf16,sparse_bf16,dense_bf16,dense_nvfp4,dense_nvfp4,dense_nvfp4,dense_bf16,dense_nvfp4,dense_nvfp4,dense_nvfp4,dense_bf16,dense_nvfp4,dense_nvfp4,dense_nvfp4,dense_bf16,dense_nvfp4,dense_nvfp4,dense_nvfp4,dense_bf16,dense_nvfp4,dense_nvfp4,dense_nvfp4,dense_bf16,dense_nvfp4,dense_nvfp4,dense_nvfp4,dense_bf16,dense_nvfp4,dense_nvfp4,dense_nvfp4,dense_bf16,dense_nvfp4,dense_nvfp4,dense_nvfp4,dense_bf16,dense_nvfp4,sparse_bf16,dense_nvfp4,dense_bf16,dense_nvfp4,sparse_bf16,dense_nvfp4,dense_bf16,dense_nvfp4,sparse_bf16,dense_nvfp4,dense_bf16,dense_nvfp4,sparse_bf16,dense_nvfp4,dense_bf16,dense_nvfp4,sparse_bf16,dense_nvfp4,dense_bf16,dense_nvfp4,sparse_bf16,dense_nvfp4,dense_bf16,dense_nvfp4,sparse_bf16,dense_nvfp4,dense_bf16,dense_nvfp4,dense_nvfp4,dense_nvfp4,dense_bf16,dense_nvfp4,sparse_bf16,dense_nvfp4,dense_bf16,dense_nvfp4,dense_nvfp4,dense_nvfp4,dense_bf16,dense_nvfp4,dense_nvfp4,dense_nvfp4,dense_bf16,dense_nvfp4,dense_nvfp4,dense_nvfp4,dense_bf16,dense_nvfp4,dense_nvfp4,dense_nvfp4,dense_bf16,dense_nvfp4,sparse_bf16,dense_nvfp4,dense_bf16,dense_nvfp4,dense_nvfp4,dense_nvfp4,dense_bf16,dense_nvfp4,dense_nvfp4,dense_nvfp4,dense_bf16,dense_nvfp4,sparse_bf16,dense_nvfp4,dense_bf16,dense_nvfp4,sparse_bf16,dense_nvfp4,dense_bf16,dense_nvfp4,sparse_bf16,dense_nvfp4,dense_bf16,dense_nvfp4,sparse_bf16,dense_bf16,dense_bf16,dense_nvfp4,sparse_bf16,dense_bf16,sparse_bf16,dense_nvfp4,sparse_bf16
b1_in32768_out1,1,32768,1,max_speed,a749dcd170,sparse_nvfp4,sparse_bf16,sparse_nvfp4,sparse_bf16,sparse_nvfp4,sparse_bf16,sparse_nvfp4,sparse_bf16,sparse_nvfp4,sparse_bf16,sparse_nvfp4,sparse_bf16,sparse_nvfp4,sparse_bf16,sparse_nvfp4,sparse_bf16,sparse_nvfp4,sparse_bf16,sparse_nvfp4,sparse_bf16,sparse_nvfp4,sparse_bf16,sparse_nvfp4,sparse_bf16,sparse_nvfp4,sparse_bf16,sparse_nvfp4,sparse_bf16,sparse_nvfp4,sparse_bf16,sparse_nvfp4,sparse_bf16,sparse_nvfp4,sparse_bf16,sparse_nvfp4,sparse_bf16,sparse_nvfp4,sparse_bf16,sparse_nvfp4,sparse_bf16,sparse_nvfp4,sparse_bf16,sparse_nvfp4,sparse_bf16,sparse_nvfp4,sparse_bf16,sparse_nvfp4,sparse_bf16,sparse_nvfp4,sparse_bf16,sparse_nvfp4,sparse_bf16,sparse_nvfp4,sparse_bf16,sparse_nvfp4,sparse_bf16,sparse_nvfp4,sparse_bf16,sparse_nvfp4,sparse_bf16,sparse_nvfp4,sparse_bf16,sparse_nvfp4,sparse_bf16,sparse_nvfp4,sparse_bf16,sparse_nvfp4,sparse_bf16,sparse_nvfp4,sparse_bf16,sparse_nvfp4,sparse_bf16,sparse_nvfp4,sparse_bf16,sparse_nvfp4,sparse_bf16,sparse_nvfp4,sparse_bf16,sparse_nvfp4,sparse_bf16,sparse_nvfp4,sparse_bf16,sparse_nvfp4,sparse_bf16,sparse_nvfp4,sparse_bf16,sparse_nvfp4,sparse_bf16,sparse_nvfp4,sparse_bf16,sparse_nvfp4,sparse_bf16,sparse_nvfp4,sparse_bf16,sparse_nvfp4,sparse_bf16,sparse_nvfp4,sparse_bf16,sparse_nvfp4,sparse_bf16,sparse_nvfp4,sparse_bf16,sparse_nvfp4,sparse_bf16,sparse_nvfp4,sparse_bf16,sparse_nvfp4,sparse_bf16,sparse_nvfp4,sparse_bf16,sparse_nvfp4,sparse_bf16,sparse_nvfp4,sparse_bf16,sparse_nvfp4,sparse_bf16,sparse_nvfp4,sparse_bf16,sparse_nvfp4,sparse_bf16,sparse_nvfp4,sparse_bf16,sparse_nvfp4,sparse_bf16,sparse_nvfp4,sparse_bf16,sparse_nvfp4,sparse_bf16
b2_in128_out1,2,128,1,optimized,f59d1e739a,sparse_bf16,dense_bf16,dense_nvfp4,dense_bf16,sparse_bf16,dense_bf16,dense_nvfp4,dense_bf16,sparse_bf16,dense_bf16,sparse_bf16,dense_bf16,sparse_bf16,dense_bf16,sparse_bf16,dense_bf16,sparse_bf16,dense_bf16,sparse_bf16,dense_bf16,sparse_bf16,dense_bf16,sparse_bf16,dense_bf16,sparse_bf16,dense_bf16,sparse_bf16,dense_bf16,sparse_bf16,dense_bf16,sparse_bf16,dense_bf16,sparse_bf16,dense_bf16,sparse_bf16,dense_bf16,sparse_bf16,dense_bf16,sparse_bf16,dense_bf16,sparse_bf16,dense_bf16,sparse_bf16,dense_bf16,sparse_bf16,dense_bf16,sparse_bf16,dense_bf16,sparse_bf16,dense_bf16,sparse_bf16,dense_bf16,sparse_bf16,dense_bf16,sparse_bf16,dense_bf16,sparse_bf16,dense_bf16,sparse_bf16,dense_bf16,sparse_bf16,dense_bf16,sparse_bf16,dense_bf16,sparse_bf16,dense_bf16,sparse_bf16,dense_bf16,sparse_bf16,dense_bf16,sparse_bf16,dense_bf16,sparse_bf16,dense_bf16,sparse_bf16,dense_bf16,dense_bf16,dense_bf16,sparse_bf16,dense_bf16,dense_bf16,dense_bf16,sparse_bf16,dense_bf16,dense_bf16,dense_bf16,sparse_bf16,dense_bf16,sparse_bf16,dense_bf16,sparse_bf16,dense_bf16,sparse_bf16,dense_bf16,sparse_bf16,dense_bf16,dense_bf16,dense_bf16,sparse_bf16,dense_bf16,dense_bf16,dense_bf16,sparse_bf16,dense_bf16,sparse_bf16,dense_bf16,sparse_bf16,dense_bf16,sparse_bf16,dense_bf16,sparse_bf16,dense_bf16,sparse_bf16,dense_bf16,sparse_bf16,dense_bf16,dense_bf16,dense_bf16,sparse_bf16,dense_bf16,dense_bf16,dense_bf16,sparse_bf16,dense_bf16,dense_bf16,dense_bf16,sparse_bf16,dense_bf16
b2_in128_out1,2,128,1,max_speed,a29c1c7b6a,sparse_bf16,sparse_bf16,sparse_bf16,dense_bf16,sparse_bf16,sparse_bf16,sparse_bf16,dense_bf16,sparse_bf16,sparse_bf16,sparse_bf16,dense_bf16,sparse_bf16,sparse_bf16,sparse_bf16,dense_bf16,sparse_bf16,sparse_bf16,sparse_bf16,dense_bf16,sparse_bf16,sparse_bf16,sparse_bf16,dense_bf16,sparse_bf16,sparse_bf16,sparse_bf16,dense_bf16,sparse_bf16,sparse_bf16,sparse_bf16,dense_bf16,sparse_bf16,sparse_bf16,sparse_bf16,dense_bf16,sparse_bf16,sparse_bf16,sparse_bf16,dense_bf16,sparse_bf16,sparse_bf16,sparse_bf16,dense_bf16,sparse_bf16,sparse_bf16,sparse_bf16,dense_bf16,sparse_bf16,sparse_bf16,sparse_bf16,dense_bf16,sparse_bf16,sparse_bf16,sparse_bf16,dense_bf16,sparse_bf16,sparse_bf16,sparse_bf16,dense_bf16,sparse_bf16,sparse_bf16,sparse_bf16,dense_bf16,sparse_bf16,sparse_bf16,sparse_bf16,dense_bf16,sparse_bf16,sparse_bf16,sparse_bf16,dense_bf16,sparse_bf16,sparse_bf16,sparse_bf16,dense_bf16,sparse_bf16,sparse_bf16,sparse_bf16,dense_bf16,sparse_bf16,sparse_bf16,sparse_bf16,dense_bf16,sparse_bf16,sparse_bf16,sparse_bf16,dense_bf16,sparse_bf16,sparse_bf16,sparse_bf16,dense_bf16,sparse_bf16,sparse_bf16,sparse_bf16,dense_bf16,sparse_bf16,sparse_bf16,sparse_bf16,dense_bf16,sparse_bf16,sparse_bf16,sparse_bf16,dense_bf16,sparse_bf16,sparse_bf16,sparse_bf16,dense_bf16,sparse_bf16,sparse_bf16,sparse_bf16,dense_bf16,sparse_bf16,sparse_bf16,sparse_bf16,dense_bf16,sparse_bf16,sparse_bf16,sparse_bf16,dense_bf16,sparse_bf16,sparse_bf16,sparse_bf16,dense_bf16,sparse_bf16,sparse_bf16,sparse_bf16,dense_bf16
b2_in256_out1,2,256,1,optimized,d0dd515e1b,sparse_bf16,sparse_bf16,dense_nvfp4,sparse_bf16,dense_nvfp4,dense_bf16,dense_nvfp4,sparse_bf16,sparse_bf16,dense_bf16,dense_nvfp4,dense_nvfp4,dense_nvfp4,dense_bf16,dense_nvfp4,sparse_bf16,dense_nvfp4,dense_bf16,dense_nvfp4,sparse_bf16,dense_nvfp4,dense_bf16,dense_nvfp4,dense_nvfp4,dense_nvfp4,dense_bf16,dense_nvfp4,sparse_bf16,dense_nvfp4,dense_bf16,dense_nvfp4,dense_nvfp4,dense_nvfp4,dense_bf16,dense_nvfp4,dense_nvfp4,dense_nvfp4,dense_bf16,dense_nvfp4,dense_nvfp4,dense_nvfp4,dense_bf16,dense_nvfp4,sparse_bf16,dense_nvfp4,dense_bf16,dense_nvfp4,sparse_bf16,dense_nvfp4,dense_bf16,dense_nvfp4,sparse_bf16,dense_nvfp4,dense_bf16,dense_nvfp4,sparse_bf16,dense_nvfp4,dense_bf16,dense_nvfp4,sparse_bf16,dense_nvfp4,dense_bf16,dense_nvfp4,sparse_bf16,dense_nvfp4,dense_bf16,dense_nvfp4,sparse_bf16,dense_nvfp4,dense_bf16,dense_nvfp4,sparse_bf16,dense_nvfp4,dense_bf16,dense_nvfp4,sparse_bf16,dense_nvfp4,dense_bf16,dense_nvfp4,dense_nvfp4,dense_nvfp4,dense_bf16,dense_nvfp4,dense_nvfp4,dense_nvfp4,dense_bf16,dense_nvfp4,sparse_bf16,dense_nvfp4,dense_bf16,dense_nvfp4,sparse_bf16,dense_nvfp4,dense_bf16,dense_nvfp4,sparse_bf16,dense_nvfp4,dense_bf16,dense_nvfp4,dense_bf16,dense_bf16,dense_bf16,dense_nvfp4,sparse_bf16,dense_nvfp4,dense_bf16,dense_nvfp4,sparse_bf16,dense_nvfp4,dense_bf16,dense_nvfp4,sparse_bf16,dense_nvfp4,dense_bf16,dense_nvfp4,sparse_bf16,dense_nvfp4,dense_bf16,dense_nvfp4,sparse_bf16,dense_bf16,dense_bf16,dense_nvfp4,sparse_bf16,dense_bf16,dense_bf16,dense_nvfp4,sparse_bf16
b2_in256_out1,2,256,1,max_speed,4746310a30,sparse_bf16,sparse_bf16,sparse_nvfp4,sparse_bf16,sparse_bf16,sparse_bf16,sparse_nvfp4,sparse_bf16,sparse_bf16,sparse_bf16,sparse_nvfp4,sparse_bf16,sparse_bf16,sparse_bf16,sparse_nvfp4,sparse_bf16,sparse_bf16,sparse_bf16,sparse_nvfp4,sparse_bf16,sparse_bf16,sparse_bf16,sparse_nvfp4,sparse_bf16,sparse_bf16,sparse_bf16,sparse_nvfp4,sparse_bf16,sparse_bf16,sparse_bf16,sparse_nvfp4,sparse_bf16,sparse_bf16,sparse_bf16,sparse_nvfp4,sparse_bf16,sparse_bf16,sparse_bf16,sparse_nvfp4,sparse_bf16,sparse_bf16,sparse_bf16,sparse_nvfp4,sparse_bf16,sparse_bf16,sparse_bf16,sparse_nvfp4,sparse_bf16,sparse_bf16,sparse_bf16,sparse_nvfp4,sparse_bf16,sparse_bf16,sparse_bf16,sparse_nvfp4,sparse_bf16,sparse_bf16,sparse_bf16,sparse_nvfp4,sparse_bf16,sparse_bf16,sparse_bf16,sparse_nvfp4,sparse_bf16,sparse_bf16,sparse_bf16,sparse_nvfp4,sparse_bf16,sparse_bf16,sparse_bf16,sparse_nvfp4,sparse_bf16,sparse_bf16,sparse_bf16,sparse_nvfp4,sparse_bf16,sparse_bf16,sparse_bf16,sparse_nvfp4,sparse_bf16,sparse_bf16,sparse_bf16,sparse_nvfp4,sparse_bf16,sparse_bf16,sparse_bf16,sparse_nvfp4,sparse_bf16,sparse_bf16,sparse_bf16,sparse_nvfp4,sparse_bf16,sparse_bf16,sparse_bf16,sparse_nvfp4,sparse_bf16,sparse_bf16,sparse_bf16,sparse_nvfp4,sparse_bf16,sparse_bf16,sparse_bf16,sparse_nvfp4,sparse_bf16,sparse_bf16,sparse_bf16,sparse_nvfp4,sparse_bf16,sparse_bf16,sparse_bf16,sparse_nvfp4,sparse_bf16,sparse_bf16,sparse_bf16,sparse_nvfp4,sparse_bf16,sparse_bf16,sparse_bf16,sparse_nvfp4,sparse_bf16,sparse_bf16,sparse_bf16,sparse_nvfp4,sparse_bf16,sparse_bf16,sparse_bf16,sparse_nvfp4,sparse_bf16
b2_in512_out1,2,512,1,optimized,aef7bf0e76,sparse_bf16,sparse_bf16,dense_nvfp4,sparse_bf16,dense_nvfp4,dense_bf16,dense_nvfp4,sparse_bf16,dense_nvfp4,dense_bf16,dense_nvfp4,dense_nvfp4,dense_nvfp4,dense_bf16,dense_nvfp4,dense_nvfp4,dense_nvfp4,dense_bf16,dense_nvfp4,dense_nvfp4,dense_nvfp4,dense_bf16,dense_nvfp4,dense_nvfp4,dense_nvfp4,dense_bf16,dense_nvfp4,dense_nvfp4,dense_nvfp4,dense_bf16,dense_nvfp4,dense_nvfp4,dense_nvfp4,dense_bf16,dense_nvfp4,dense_nvfp4,dense_nvfp4,dense_bf16,dense_nvfp4,dense_nvfp4,dense_nvfp4,dense_bf16,dense_nvfp4,sparse_bf16,dense_nvfp4,dense_bf16,dense_nvfp4,sparse_bf16,dense_nvfp4,dense_bf16,dense_nvfp4,sparse_bf16,dense_nvfp4,dense_bf16,dense_nvfp4,sparse_bf16,dense_nvfp4,dense_bf16,dense_nvfp4,dense_nvfp4,dense_nvfp4,dense_bf16,dense_nvfp4,sparse_bf16,dense_nvfp4,dense_bf16,dense_nvfp4,sparse_bf16,dense_nvfp4,dense_bf16,dense_nvfp4,dense_nvfp4,dense_nvfp4,dense_bf16,dense_nvfp4,sparse_bf16,dense_nvfp4,dense_bf16,dense_nvfp4,dense_nvfp4,dense_nvfp4,dense_bf16,dense_nvfp4,dense_nvfp4,dense_nvfp4,dense_bf16,dense_nvfp4,dense_nvfp4,dense_nvfp4,dense_bf16,dense_nvfp4,dense_nvfp4,dense_nvfp4,dense_bf16,dense_nvfp4,sparse_bf16,dense_nvfp4,dense_bf16,dense_nvfp4,dense_nvfp4,dense_nvfp4,dense_bf16,dense_nvfp4,dense_nvfp4,dense_nvfp4,dense_bf16,dense_nvfp4,sparse_bf16,dense_nvfp4,dense_bf16,dense_nvfp4,dense_nvfp4,dense_nvfp4,dense_bf16,dense_nvfp4,dense_nvfp4,dense_nvfp4,dense_bf16,dense_nvfp4,sparse_bf16,dense_nvfp4,dense_bf16,dense_nvfp4,sparse_bf16,dense_bf16,dense_bf16,dense_nvfp4,sparse_bf16
b2_in512_out1,2,512,1,max_speed,a749dcd170,sparse_nvfp4,sparse_bf16,sparse_nvfp4,sparse_bf16,sparse_nvfp4,sparse_bf16,sparse_nvfp4,sparse_bf16,sparse_nvfp4,sparse_bf16,sparse_nvfp4,sparse_bf16,sparse_nvfp4,sparse_bf16,sparse_nvfp4,sparse_bf16,sparse_nvfp4,sparse_bf16,sparse_nvfp4,sparse_bf16,sparse_nvfp4,sparse_bf16,sparse_nvfp4,sparse_bf16,sparse_nvfp4,sparse_bf16,sparse_nvfp4,sparse_bf16,sparse_nvfp4,sparse_bf16,sparse_nvfp4,sparse_bf16,sparse_nvfp4,sparse_bf16,sparse_nvfp4,sparse_bf16,sparse_nvfp4,sparse_bf16,sparse_nvfp4,sparse_bf16,sparse_nvfp4,sparse_bf16,sparse_nvfp4,sparse_bf16,sparse_nvfp4,sparse_bf16,sparse_nvfp4,sparse_bf16,sparse_nvfp4,sparse_bf16,sparse_nvfp4,sparse_bf16,sparse_nvfp4,sparse_bf16,sparse_nvfp4,sparse_bf16,sparse_nvfp4,sparse_bf16,sparse_nvfp4,sparse_bf16,sparse_nvfp4,sparse_bf16,sparse_nvfp4,sparse_bf16,sparse_nvfp4,sparse_bf16,sparse_nvfp4,sparse_bf16,sparse_nvfp4,sparse_bf16,sparse_nvfp4,sparse_bf16,sparse_nvfp4,sparse_bf16,sparse_nvfp4,sparse_bf16,sparse_nvfp4,sparse_bf16,sparse_nvfp4,sparse_bf16,sparse_nvfp4,sparse_bf16,sparse_nvfp4,sparse_bf16,sparse_nvfp4,sparse_bf16,sparse_nvfp4,sparse_bf16,sparse_nvfp4,sparse_bf16,sparse_nvfp4,sparse_bf16,sparse_nvfp4,sparse_bf16,sparse_nvfp4,sparse_bf16,sparse_nvfp4,sparse_bf16,sparse_nvfp4,sparse_bf16,sparse_nvfp4,sparse_bf16,sparse_nvfp4,sparse_bf16,sparse_nvfp4,sparse_bf16,sparse_nvfp4,sparse_bf16,sparse_nvfp4,sparse_bf16,sparse_nvfp4,sparse_bf16,sparse_nvfp4,sparse_bf16,sparse_nvfp4,sparse_bf16,sparse_nvfp4,sparse_bf16,sparse_nvfp4,sparse_bf16,sparse_nvfp4,sparse_bf16,sparse_nvfp4,sparse_bf16,sparse_nvfp4,sparse_bf16,sparse_nvfp4,sparse_bf16
b2_in1024_out1,2,1024,1,optimized,8f9a116982,sparse_bf16,sparse_bf16,dense_nvfp4,sparse_bf16,dense_nvfp4,dense_bf16,dense_nvfp4,sparse_bf16,dense_nvfp4,dense_bf16,dense_nvfp4,dense_nvfp4,dense_nvfp4,sparse_bf16,dense_nvfp4,dense_nvfp4,dense_nvfp4,dense_bf16,dense_nvfp4,dense_nvfp4,dense_nvfp4,dense_bf16,dense_nvfp4,dense_nvfp4,dense_nvfp4,dense_bf16,dense_nvfp4,dense_nvfp4,dense_nvfp4,dense_bf16,dense_nvfp4,dense_nvfp4,dense_nvfp4,dense_bf16,dense_nvfp4,dense_nvfp4,dense_nvfp4,dense_bf16,dense_nvfp4,dense_nvfp4,dense_nvfp4,dense_bf16,dense_nvfp4,dense_nvfp4,dense_nvfp4,dense_bf16,dense_nvfp4,dense_nvfp4,dense_nvfp4,dense_bf16,dense_nvfp4,dense_nvfp4,dense_nvfp4,dense_bf16,dense_nvfp4,dense_nvfp4,dense_nvfp4,dense_bf16,dense_nvfp4,sparse_bf16,dense_nvfp4,dense_bf16,dense_nvfp4,sparse_bf16,dense_nvfp4,dense_bf16,dense_nvfp4,sparse_bf16,dense_nvfp4,dense_bf16,dense_nvfp4,dense_nvfp4,dense_nvfp4,dense_bf16,dense_nvfp4,sparse_bf16,dense_nvfp4,dense_bf16,dense_nvfp4,dense_nvfp4,dense_nvfp4,dense_bf16,dense_nvfp4,dense_nvfp4,dense_nvfp4,dense_bf16,dense_nvfp4,dense_nvfp4,dense_nvfp4,dense_bf16,dense_nvfp4,dense_nvfp4,dense_nvfp4,dense_bf16,dense_nvfp4,sparse_bf16,dense_nvfp4,dense_bf16,dense_nvfp4,dense_nvfp4,dense_nvfp4,dense_bf16,dense_nvfp4,dense_nvfp4,dense_nvfp4,dense_bf16,dense_nvfp4,sparse_bf16,dense_nvfp4,dense_bf16,dense_nvfp4,dense_nvfp4,dense_nvfp4,dense_bf16,dense_nvfp4,dense_nvfp4,dense_nvfp4,dense_bf16,dense_nvfp4,sparse_bf16,dense_nvfp4,dense_bf16,dense_nvfp4,sparse_bf16,dense_bf16,sparse_bf16,dense_nvfp4,sparse_bf16
b2_in1024_out1,2,1024,1,max_speed,bedb3240c9,sparse_nvfp4,sparse_nvfp4,sparse_nvfp4,sparse_bf16,sparse_nvfp4,sparse_nvfp4,sparse_nvfp4,sparse_bf16,sparse_nvfp4,sparse_nvfp4,sparse_nvfp4,sparse_bf16,sparse_nvfp4,sparse_nvfp4,sparse_nvfp4,sparse_bf16,sparse_nvfp4,sparse_nvfp4,sparse_nvfp4,sparse_bf16,sparse_nvfp4,sparse_nvfp4,sparse_nvfp4,sparse_bf16,sparse_nvfp4,sparse_nvfp4,sparse_nvfp4,sparse_bf16,sparse_nvfp4,sparse_nvfp4,sparse_nvfp4,sparse_bf16,sparse_nvfp4,sparse_nvfp4,sparse_nvfp4,sparse_bf16,sparse_nvfp4,sparse_nvfp4,sparse_nvfp4,sparse_bf16,sparse_nvfp4,sparse_nvfp4,sparse_nvfp4,sparse_bf16,sparse_nvfp4,sparse_nvfp4,sparse_nvfp4,sparse_bf16,sparse_nvfp4,sparse_nvfp4,sparse_nvfp4,sparse_bf16,sparse_nvfp4,sparse_nvfp4,sparse_nvfp4,sparse_bf16,sparse_nvfp4,sparse_nvfp4,sparse_nvfp4,sparse_bf16,sparse_nvfp4,sparse_nvfp4,sparse_nvfp4,sparse_bf16,sparse_nvfp4,sparse_nvfp4,sparse_nvfp4,sparse_bf16,sparse_nvfp4,sparse_nvfp4,sparse_nvfp4,sparse_bf16,sparse_nvfp4,sparse_nvfp4,sparse_nvfp4,sparse_bf16,sparse_nvfp4,sparse_nvfp4,sparse_nvfp4,sparse_bf16,sparse_nvfp4,sparse_nvfp4,sparse_nvfp4,sparse_bf16,sparse_nvfp4,sparse_nvfp4,sparse_nvfp4,sparse_bf16,sparse_nvfp4,sparse_nvfp4,sparse_nvfp4,sparse_bf16,sparse_nvfp4,sparse_nvfp4,sparse_nvfp4,sparse_bf16,sparse_nvfp4,sparse_nvfp4,sparse_nvfp4,sparse_bf16,sparse_nvfp4,sparse_nvfp4,sparse_nvfp4,sparse_bf16,sparse_nvfp4,sparse_nvfp4,sparse_nvfp4,sparse_bf16,sparse_nvfp4,sparse_nvfp4,sparse_nvfp4,sparse_bf16,sparse_nvfp4,sparse_nvfp4,sparse_nvfp4,sparse_bf16,sparse_nvfp4,sparse_nvfp4,sparse_nvfp4,sparse_bf16,sparse_nvfp4,sparse_nvfp4,sparse_nvfp4,sparse_bf16,sparse_nvfp4,sparse_nvfp4,sparse_nvfp4,sparse_bf16
b2_in2048_out1,2,2048,1,optimized,6bfff17f22,sparse_bf16,sparse_bf16,dense_nvfp4,sparse_bf16,dense_nvfp4,dense_bf16,dense_nvfp4,sparse_bf16,dense_nvfp4,dense_bf16,dense_nvfp4,dense_nvfp4,dense_nvfp4,dense_bf16,dense_nvfp4,dense_nvfp4,dense_nvfp4,dense_bf16,dense_nvfp4,dense_nvfp4,dense_nvfp4,dense_bf16,dense_nvfp4,dense_nvfp4,dense_nvfp4,dense_bf16,dense_nvfp4,dense_nvfp4,dense_nvfp4,dense_bf16,dense_nvfp4,dense_nvfp4,dense_nvfp4,dense_bf16,dense_nvfp4,dense_nvfp4,dense_nvfp4,dense_bf16,dense_nvfp4,dense_nvfp4,dense_nvfp4,dense_bf16,dense_nvfp4,dense_nvfp4,dense_nvfp4,dense_bf16,dense_nvfp4,dense_nvfp4,dense_nvfp4,dense_bf16,dense_nvfp4,dense_nvfp4,dense_nvfp4,dense_bf16,dense_nvfp4,dense_nvfp4,dense_nvfp4,dense_bf16,dense_nvfp4,dense_nvfp4,dense_nvfp4,dense_bf16,dense_nvfp4,sparse_bf16,dense_nvfp4,dense_bf16,dense_nvfp4,sparse_bf16,dense_nvfp4,dense_bf16,dense_nvfp4,dense_nvfp4,dense_nvfp4,dense_bf16,dense_nvfp4,sparse_bf16,dense_nvfp4,dense_bf16,dense_nvfp4,dense_nvfp4,dense_nvfp4,dense_bf16,dense_nvfp4,dense_nvfp4,dense_nvfp4,dense_bf16,dense_nvfp4,dense_nvfp4,dense_nvfp4,dense_bf16,dense_nvfp4,dense_nvfp4,dense_nvfp4,dense_bf16,dense_nvfp4,sparse_bf16,dense_nvfp4,dense_bf16,dense_nvfp4,dense_nvfp4,dense_nvfp4,dense_bf16,dense_nvfp4,dense_nvfp4,dense_nvfp4,sparse_bf16,dense_nvfp4,sparse_bf16,dense_nvfp4,dense_bf16,dense_nvfp4,dense_nvfp4,dense_nvfp4,dense_bf16,dense_nvfp4,sparse_bf16,dense_nvfp4,dense_bf16,dense_nvfp4,sparse_bf16,dense_nvfp4,dense_bf16,dense_nvfp4,sparse_bf16,dense_bf16,sparse_bf16,dense_nvfp4,sparse_bf16
b2_in2048_out1,2,2048,1,max_speed,a749dcd170,sparse_nvfp4,sparse_bf16,sparse_nvfp4,sparse_bf16,sparse_nvfp4,sparse_bf16,sparse_nvfp4,sparse_bf16,sparse_nvfp4,sparse_bf16,sparse_nvfp4,sparse_bf16,sparse_nvfp4,sparse_bf16,sparse_nvfp4,sparse_bf16,sparse_nvfp4,sparse_bf16,sparse_nvfp4,sparse_bf16,sparse_nvfp4,sparse_bf16,sparse_nvfp4,sparse_bf16,sparse_nvfp4,sparse_bf16,sparse_nvfp4,sparse_bf16,sparse_nvfp4,sparse_bf16,sparse_nvfp4,sparse_bf16,sparse_nvfp4,sparse_bf16,sparse_nvfp4,sparse_bf16,sparse_nvfp4,sparse_bf16,sparse_nvfp4,sparse_bf16,sparse_nvfp4,sparse_bf16,sparse_nvfp4,sparse_bf16,sparse_nvfp4,sparse_bf16,sparse_nvfp4,sparse_bf16,sparse_nvfp4,sparse_bf16,sparse_nvfp4,sparse_bf16,sparse_nvfp4,sparse_bf16,sparse_nvfp4,sparse_bf16,sparse_nvfp4,sparse_bf16,sparse_nvfp4,sparse_bf16,sparse_nvfp4,sparse_bf16,sparse_nvfp4,sparse_bf16,sparse_nvfp4,sparse_bf16,sparse_nvfp4,sparse_bf16,sparse_nvfp4,sparse_bf16,sparse_nvfp4,sparse_bf16,sparse_nvfp4,sparse_bf16,sparse_nvfp4,sparse_bf16,sparse_nvfp4,sparse_bf16,sparse_nvfp4,sparse_bf16,sparse_nvfp4,sparse_bf16,sparse_nvfp4,sparse_bf16,sparse_nvfp4,sparse_bf16,sparse_nvfp4,sparse_bf16,sparse_nvfp4,sparse_bf16,sparse_nvfp4,sparse_bf16,sparse_nvfp4,sparse_bf16,sparse_nvfp4,sparse_bf16,sparse_nvfp4,sparse_bf16,sparse_nvfp4,sparse_bf16,sparse_nvfp4,sparse_bf16,sparse_nvfp4,sparse_bf16,sparse_nvfp4,sparse_bf16,sparse_nvfp4,sparse_bf16,sparse_nvfp4,sparse_bf16,sparse_nvfp4,sparse_bf16,sparse_nvfp4,sparse_bf16,sparse_nvfp4,sparse_bf16,sparse_nvfp4,sparse_bf16,sparse_nvfp4,sparse_bf16,sparse_nvfp4,sparse_bf16,sparse_nvfp4,sparse_bf16,sparse_nvfp4,sparse_bf16,sparse_nvfp4,sparse_bf16
b2_in4096_out1,2,4096,1,optimized,7a70c1f41e,sparse_bf16,sparse_bf16,dense_nvfp4,sparse_bf16,dense_nvfp4,dense_bf16,dense_nvfp4,sparse_bf16,dense_nvfp4,dense_bf16,dense_nvfp4,dense_nvfp4,dense_nvfp4,dense_bf16,dense_nvfp4,dense_nvfp4,dense_nvfp4,dense_bf16,dense_nvfp4,dense_nvfp4,dense_nvfp4,dense_bf16,dense_nvfp4,dense_nvfp4,dense_nvfp4,dense_bf16,dense_nvfp4,dense_nvfp4,dense_nvfp4,dense_bf16,dense_nvfp4,dense_nvfp4,dense_nvfp4,dense_bf16,dense_nvfp4,dense_nvfp4,dense_nvfp4,dense_bf16,dense_nvfp4,dense_nvfp4,dense_nvfp4,dense_bf16,dense_nvfp4,dense_nvfp4,dense_nvfp4,dense_bf16,dense_nvfp4,dense_nvfp4,dense_nvfp4,dense_bf16,dense_nvfp4,dense_nvfp4,dense_nvfp4,dense_bf16,dense_nvfp4,dense_nvfp4,dense_nvfp4,dense_bf16,dense_nvfp4,dense_nvfp4,dense_nvfp4,dense_bf16,dense_nvfp4,sparse_bf16,dense_nvfp4,dense_bf16,dense_nvfp4,sparse_bf16,dense_nvfp4,dense_bf16,dense_nvfp4,dense_nvfp4,dense_nvfp4,dense_bf16,dense_nvfp4,sparse_bf16,dense_nvfp4,dense_bf16,dense_nvfp4,dense_nvfp4,dense_nvfp4,dense_bf16,dense_nvfp4,dense_nvfp4,dense_nvfp4,dense_bf16,dense_nvfp4,dense_nvfp4,dense_nvfp4,dense_bf16,dense_nvfp4,sparse_bf16,dense_nvfp4,dense_bf16,dense_nvfp4,sparse_bf16,dense_nvfp4,dense_bf16,dense_nvfp4,dense_nvfp4,dense_nvfp4,dense_bf16,dense_nvfp4,sparse_bf16,dense_nvfp4,dense_bf16,dense_nvfp4,sparse_bf16,dense_nvfp4,dense_bf16,dense_nvfp4,sparse_bf16,dense_nvfp4,dense_bf16,dense_nvfp4,sparse_bf16,dense_nvfp4,dense_bf16,dense_nvfp4,sparse_bf16,dense_nvfp4,dense_bf16,dense_nvfp4,sparse_bf16,dense_bf16,dense_bf16,dense_nvfp4,sparse_bf16
b2_in4096_out1,2,4096,1,max_speed,a749dcd170,sparse_nvfp4,sparse_bf16,sparse_nvfp4,sparse_bf16,sparse_nvfp4,sparse_bf16,sparse_nvfp4,sparse_bf16,sparse_nvfp4,sparse_bf16,sparse_nvfp4,sparse_bf16,sparse_nvfp4,sparse_bf16,sparse_nvfp4,sparse_bf16,sparse_nvfp4,sparse_bf16,sparse_nvfp4,sparse_bf16,sparse_nvfp4,sparse_bf16,sparse_nvfp4,sparse_bf16,sparse_nvfp4,sparse_bf16,sparse_nvfp4,sparse_bf16,sparse_nvfp4,sparse_bf16,sparse_nvfp4,sparse_bf16,sparse_nvfp4,sparse_bf16,sparse_nvfp4,sparse_bf16,sparse_nvfp4,sparse_bf16,sparse_nvfp4,sparse_bf16,sparse_nvfp4,sparse_bf16,sparse_nvfp4,sparse_bf16,sparse_nvfp4,sparse_bf16,sparse_nvfp4,sparse_bf16,sparse_nvfp4,sparse_bf16,sparse_nvfp4,sparse_bf16,sparse_nvfp4,sparse_bf16,sparse_nvfp4,sparse_bf16,sparse_nvfp4,sparse_bf16,sparse_nvfp4,sparse_bf16,sparse_nvfp4,sparse_bf16,sparse_nvfp4,sparse_bf16,sparse_nvfp4,sparse_bf16,sparse_nvfp4,sparse_bf16,sparse_nvfp4,sparse_bf16,sparse_nvfp4,sparse_bf16,sparse_nvfp4,sparse_bf16,sparse_nvfp4,sparse_bf16,sparse_nvfp4,sparse_bf16,sparse_nvfp4,sparse_bf16,sparse_nvfp4,sparse_bf16,sparse_nvfp4,sparse_bf16,sparse_nvfp4,sparse_bf16,sparse_nvfp4,sparse_bf16,sparse_nvfp4,sparse_bf16,sparse_nvfp4,sparse_bf16,sparse_nvfp4,sparse_bf16,sparse_nvfp4,sparse_bf16,sparse_nvfp4,sparse_bf16,sparse_nvfp4,sparse_bf16,sparse_nvfp4,sparse_bf16,sparse_nvfp4,sparse_bf16,sparse_nvfp4,sparse_bf16,sparse_nvfp4,sparse_bf16,sparse_nvfp4,sparse_bf16,sparse_nvfp4,sparse_bf16,sparse_nvfp4,sparse_bf16,sparse_nvfp4,sparse_bf16,sparse_nvfp4,sparse_bf16,sparse_nvfp4,sparse_bf16,sparse_nvfp4,sparse_bf16,sparse_nvfp4,sparse_bf16,sparse_nvfp4,sparse_bf16,sparse_nvfp4,sparse_bf16
b2_in8192_out1,2,8192,1,optimized,4f61f4ce62,sparse_bf16,sparse_bf16,dense_nvfp4,sparse_bf16,dense_nvfp4,dense_bf16,dense_nvfp4,sparse_bf16,dense_nvfp4,dense_bf16,dense_nvfp4,dense_nvfp4,dense_nvfp4,dense_bf16,dense_nvfp4,dense_bf16,dense_nvfp4,dense_bf16,dense_nvfp4,sparse_bf16,dense_nvfp4,dense_bf16,dense_nvfp4,dense_nvfp4,dense_nvfp4,dense_bf16,dense_nvfp4,sparse_bf16,dense_nvfp4,dense_bf16,dense_nvfp4,dense_nvfp4,dense_nvfp4,dense_bf16,dense_nvfp4,dense_nvfp4,dense_nvfp4,dense_bf16,dense_nvfp4,dense_nvfp4,dense_nvfp4,dense_bf16,dense_nvfp4,sparse_bf16,dense_nvfp4,dense_bf16,dense_nvfp4,sparse_bf16,dense_nvfp4,dense_bf16,dense_nvfp4,sparse_bf16,dense_nvfp4,dense_bf16,dense_nvfp4,sparse_bf16,dense_nvfp4,dense_bf16,dense_nvfp4,sparse_bf16,dense_nvfp4,dense_bf16,dense_nvfp4,sparse_bf16,dense_nvfp4,dense_bf16,dense_nvfp4,sparse_bf16,dense_nvfp4,dense_bf16,dense_nvfp4,sparse_bf16,dense_nvfp4,dense_bf16,dense_nvfp4,sparse_bf16,dense_nvfp4,dense_bf16,dense_nvfp4,dense_nvfp4,dense_nvfp4,dense_bf16,dense_nvfp4,dense_nvfp4,dense_bf16,dense_bf16,dense_nvfp4,sparse_bf16,dense_nvfp4,dense_bf16,dense_nvfp4,sparse_bf16,dense_nvfp4,dense_bf16,dense_nvfp4,sparse_bf16,dense_nvfp4,dense_bf16,dense_nvfp4,sparse_bf16,dense_nvfp4,dense_bf16,dense_nvfp4,sparse_bf16,dense_nvfp4,dense_bf16,dense_nvfp4,sparse_bf16,dense_nvfp4,dense_bf16,dense_nvfp4,sparse_bf16,dense_nvfp4,dense_bf16,dense_nvfp4,sparse_bf16,dense_nvfp4,dense_bf16,dense_nvfp4,sparse_bf16,dense_bf16,dense_bf16,dense_nvfp4,sparse_bf16,dense_bf16,dense_bf16,dense_nvfp4,sparse_bf16
b2_in8192_out1,2,8192,1,max_speed,a749dcd170,sparse_nvfp4,sparse_bf16,sparse_nvfp4,sparse_bf16,sparse_nvfp4,sparse_bf16,sparse_nvfp4,sparse_bf16,sparse_nvfp4,sparse_bf16,sparse_nvfp4,sparse_bf16,sparse_nvfp4,sparse_bf16,sparse_nvfp4,sparse_bf16,sparse_nvfp4,sparse_bf16,sparse_nvfp4,sparse_bf16,sparse_nvfp4,sparse_bf16,sparse_nvfp4,sparse_bf16,sparse_nvfp4,sparse_bf16,sparse_nvfp4,sparse_bf16,sparse_nvfp4,sparse_bf16,sparse_nvfp4,sparse_bf16,sparse_nvfp4,sparse_bf16,sparse_nvfp4,sparse_bf16,sparse_nvfp4,sparse_bf16,sparse_nvfp4,sparse_bf16,sparse_nvfp4,sparse_bf16,sparse_nvfp4,sparse_bf16,sparse_nvfp4,sparse_bf16,sparse_nvfp4,sparse_bf16,sparse_nvfp4,sparse_bf16,sparse_nvfp4,sparse_bf16,sparse_nvfp4,sparse_bf16,sparse_nvfp4,sparse_bf16,sparse_nvfp4,sparse_bf16,sparse_nvfp4,sparse_bf16,sparse_nvfp4,sparse_bf16,sparse_nvfp4,sparse_bf16,sparse_nvfp4,sparse_bf16,sparse_nvfp4,sparse_bf16,sparse_nvfp4,sparse_bf16,sparse_nvfp4,sparse_bf16,sparse_nvfp4,sparse_bf16,sparse_nvfp4,sparse_bf16,sparse_nvfp4,sparse_bf16,sparse_nvfp4,sparse_bf16,sparse_nvfp4,sparse_bf16,sparse_nvfp4,sparse_bf16,sparse_nvfp4,sparse_bf16,sparse_nvfp4,sparse_bf16,sparse_nvfp4,sparse_bf16,sparse_nvfp4,sparse_bf16,sparse_nvfp4,sparse_bf16,sparse_nvfp4,sparse_bf16,sparse_nvfp4,sparse_bf16,sparse_nvfp4,sparse_bf16,sparse_nvfp4,sparse_bf16,sparse_nvfp4,sparse_bf16,sparse_nvfp4,sparse_bf16,sparse_nvfp4,sparse_bf16,sparse_nvfp4,sparse_bf16,sparse_nvfp4,sparse_bf16,sparse_nvfp4,sparse_bf16,sparse_nvfp4,sparse_bf16,sparse_nvfp4,sparse_bf16,sparse_nvfp4,sparse_bf16,sparse_nvfp4,sparse_bf16,sparse_nvfp4,sparse_bf16,sparse_nvfp4,sparse_bf16,sparse_nvfp4,sparse_bf16
b2_in16384_out1,2,16384,1,optimized,99d0c3c909,sparse_bf16,sparse_bf16,dense_nvfp4,sparse_bf16,dense_nvfp4,dense_bf16,dense_nvfp4,sparse_bf16,sparse_bf16,dense_bf16,dense_nvfp4,dense_nvfp4,dense_nvfp4,dense_bf16,dense_nvfp4,dense_nvfp4,dense_nvfp4,dense_bf16,dense_nvfp4,dense_nvfp4,dense_nvfp4,dense_bf16,dense_nvfp4,dense_nvfp4,dense_nvfp4,dense_bf16,dense_nvfp4,dense_nvfp4,dense_nvfp4,dense_bf16,dense_nvfp4,dense_nvfp4,dense_nvfp4,dense_bf16,dense_nvfp4,dense_nvfp4,dense_nvfp4,dense_bf16,dense_nvfp4,dense_nvfp4,dense_nvfp4,dense_bf16,dense_nvfp4,sparse_bf16,dense_nvfp4,dense_bf16,dense_nvfp4,sparse_bf16,dense_nvfp4,dense_bf16,dense_nvfp4,sparse_bf16,dense_nvfp4,dense_bf16,dense_nvfp4,sparse_bf16,dense_nvfp4,dense_bf16,dense_nvfp4,sparse_bf16,dense_nvfp4,dense_bf16,dense_nvfp4,sparse_bf16,dense_nvfp4,dense_bf16,dense_nvfp4,sparse_bf16,dense_nvfp4,dense_bf16,dense_nvfp4,dense_nvfp4,dense_nvfp4,dense_bf16,dense_nvfp4,sparse_bf16,dense_nvfp4,dense_bf16,dense_nvfp4,dense_nvfp4,dense_nvfp4,dense_bf16,dense_nvfp4,dense_nvfp4,dense_nvfp4,dense_bf16,dense_nvfp4,dense_nvfp4,dense_nvfp4,dense_bf16,dense_nvfp4,dense_nvfp4,dense_nvfp4,dense_bf16,dense_nvfp4,sparse_bf16,dense_nvfp4,dense_bf16,dense_nvfp4,dense_nvfp4,dense_nvfp4,dense_bf16,dense_nvfp4,dense_nvfp4,dense_nvfp4,dense_bf16,dense_nvfp4,sparse_bf16,dense_nvfp4,dense_bf16,dense_nvfp4,sparse_bf16,dense_nvfp4,dense_bf16,dense_nvfp4,sparse_bf16,dense_nvfp4,dense_bf16,dense_nvfp4,sparse_bf16,dense_bf16,dense_bf16,dense_nvfp4,sparse_bf16,dense_bf16,sparse_bf16,dense_nvfp4,sparse_bf16
b2_in16384_out1,2,16384,1,max_speed,a749dcd170,sparse_nvfp4,sparse_bf16,sparse_nvfp4,sparse_bf16,sparse_nvfp4,sparse_bf16,sparse_nvfp4,sparse_bf16,sparse_nvfp4,sparse_bf16,sparse_nvfp4,sparse_bf16,sparse_nvfp4,sparse_bf16,sparse_nvfp4,sparse_bf16,sparse_nvfp4,sparse_bf16,sparse_nvfp4,sparse_bf16,sparse_nvfp4,sparse_bf16,sparse_nvfp4,sparse_bf16,sparse_nvfp4,sparse_bf16,sparse_nvfp4,sparse_bf16,sparse_nvfp4,sparse_bf16,sparse_nvfp4,sparse_bf16,sparse_nvfp4,sparse_bf16,sparse_nvfp4,sparse_bf16,sparse_nvfp4,sparse_bf16,sparse_nvfp4,sparse_bf16,sparse_nvfp4,sparse_bf16,sparse_nvfp4,sparse_bf16,sparse_nvfp4,sparse_bf16,sparse_nvfp4,sparse_bf16,sparse_nvfp4,sparse_bf16,sparse_nvfp4,sparse_bf16,sparse_nvfp4,sparse_bf16,sparse_nvfp4,sparse_bf16,sparse_nvfp4,sparse_bf16,sparse_nvfp4,sparse_bf16,sparse_nvfp4,sparse_bf16,sparse_nvfp4,sparse_bf16,sparse_nvfp4,sparse_bf16,sparse_nvfp4,sparse_bf16,sparse_nvfp4,sparse_bf16,sparse_nvfp4,sparse_bf16,sparse_nvfp4,sparse_bf16,sparse_nvfp4,sparse_bf16,sparse_nvfp4,sparse_bf16,sparse_nvfp4,sparse_bf16,sparse_nvfp4,sparse_bf16,sparse_nvfp4,sparse_bf16,sparse_nvfp4,sparse_bf16,sparse_nvfp4,sparse_bf16,sparse_nvfp4,sparse_bf16,sparse_nvfp4,sparse_bf16,sparse_nvfp4,sparse_bf16,sparse_nvfp4,sparse_bf16,sparse_nvfp4,sparse_bf16,sparse_nvfp4,sparse_bf16,sparse_nvfp4,sparse_bf16,sparse_nvfp4,sparse_bf16,sparse_nvfp4,sparse_bf16,sparse_nvfp4,sparse_bf16,sparse_nvfp4,sparse_bf16,sparse_nvfp4,sparse_bf16,sparse_nvfp4,sparse_bf16,sparse_nvfp4,sparse_bf16,sparse_nvfp4,sparse_bf16,sparse_nvfp4,sparse_bf16,sparse_nvfp4,sparse_bf16,sparse_nvfp4,sparse_bf16,sparse_nvfp4,sparse_bf16,sparse_nvfp4,sparse_bf16
b2_in32768_out1,2,32768,1,optimized,7eb213cf8f,sparse_bf16,sparse_bf16,dense_nvfp4,sparse_bf16,sparse_bf16,dense_bf16,dense_nvfp4,sparse_bf16,sparse_bf16,dense_bf16,dense_nvfp4,sparse_bf16,dense_nvfp4,dense_bf16,dense_nvfp4,sparse_bf16,sparse_bf16,dense_bf16,dense_nvfp4,sparse_bf16,dense_nvfp4,dense_bf16,dense_nvfp4,dense_nvfp4,dense_nvfp4,dense_bf16,dense_nvfp4,sparse_bf16,dense_nvfp4,dense_bf16,dense_nvfp4,sparse_bf16,dense_nvfp4,dense_bf16,dense_nvfp4,sparse_bf16,dense_nvfp4,dense_bf16,dense_nvfp4,sparse_bf16,dense_nvfp4,dense_bf16,dense_nvfp4,sparse_bf16,dense_nvfp4,dense_bf16,dense_nvfp4,sparse_bf16,dense_nvfp4,dense_bf16,dense_nvfp4,sparse_bf16,dense_nvfp4,dense_bf16,dense_nvfp4,sparse_bf16,dense_nvfp4,dense_bf16,dense_nvfp4,sparse_bf16,sparse_bf16,dense_bf16,sparse_bf16,sparse_bf16,dense_nvfp4,dense_bf16,dense_nvfp4,sparse_bf16,dense_nvfp4,dense_bf16,dense_nvfp4,sparse_bf16,dense_bf16,dense_bf16,dense_nvfp4,sparse_bf16,dense_nvfp4,dense_bf16,dense_nvfp4,sparse_bf16,dense_nvfp4,dense_bf16,dense_nvfp4,sparse_bf16,dense_bf16,dense_bf16,dense_nvfp4,sparse_bf16,dense_nvfp4,dense_bf16,dense_nvfp4,sparse_bf16,dense_nvfp4,dense_bf16,dense_nvfp4,sparse_bf16,dense_bf16,dense_bf16,dense_nvfp4,sparse_bf16,dense_bf16,sparse_bf16,dense_nvfp4,sparse_bf16,dense_bf16,sparse_bf16,sparse_bf16,sparse_bf16,dense_nvfp4,dense_bf16,dense_nvfp4,sparse_bf16,dense_nvfp4,dense_bf16,dense_nvfp4,sparse_bf16,dense_bf16,dense_bf16,dense_nvfp4,sparse_bf16,dense_bf16,dense_bf16,dense_nvfp4,sparse_bf16,dense_bf16,sparse_bf16,sparse_bf16,sparse_bf16
b2_in32768_out1,2,32768,1,max_speed,1556299ab3,sparse_bf16,sparse_bf16,sparse_bf16,sparse_bf16,sparse_bf16,sparse_bf16,sparse_bf16,sparse_bf16,sparse_bf16,sparse_bf16,sparse_bf16,sparse_bf16,sparse_bf16,sparse_bf16,sparse_bf16,sparse_bf16,sparse_bf16,sparse_bf16,sparse_bf16,sparse_bf16,sparse_bf16,sparse_bf16,sparse_bf16,sparse_bf16,sparse_bf16,sparse_bf16,sparse_bf16,sparse_bf16,sparse_bf16,sparse_bf16,sparse_bf16,sparse_bf16,sparse_bf16,sparse_bf16,sparse_bf16,sparse_bf16,sparse_bf16,sparse_bf16,sparse_bf16,sparse_bf16,sparse_bf16,sparse_bf16,sparse_bf16,sparse_bf16,sparse_bf16,sparse_bf16,sparse_bf16,sparse_bf16,sparse_bf16,sparse_bf16,sparse_bf16,sparse_bf16,sparse_bf16,sparse_bf16,sparse_bf16,sparse_bf16,sparse_bf16,sparse_bf16,sparse_bf16,sparse_bf16,sparse_bf16,sparse_bf16,sparse_bf16,sparse_bf16,sparse_bf16,sparse_bf16,sparse_bf16,sparse_bf16,sparse_bf16,sparse_bf16,sparse_bf16,sparse_bf16,sparse_bf16,sparse_bf16,sparse_bf16,sparse_bf16,sparse_bf16,sparse_bf16,sparse_bf16,sparse_bf16,sparse_bf16,sparse_bf16,sparse_bf16,sparse_bf16,sparse_bf16,sparse_bf16,sparse_bf16,sparse_bf16,sparse_bf16,sparse_bf16,sparse_bf16,sparse_bf16,sparse_bf16,sparse_bf16,sparse_bf16,sparse_bf16,sparse_bf16,sparse_bf16,sparse_bf16,sparse_bf16,sparse_bf16,sparse_bf16,sparse_bf16,sparse_bf16,sparse_bf16,sparse_bf16,sparse_bf16,sparse_bf16,sparse_bf16,sparse_bf16,sparse_bf16,sparse_bf16,sparse_bf16,sparse_bf16,sparse_bf16,sparse_bf16,sparse_bf16,sparse_bf16,sparse_bf16,sparse_bf16,sparse_bf16,sparse_bf16,sparse_bf16,sparse_bf16,sparse_bf16,sparse_bf16,sparse_bf16,sparse_bf16
b4_in128_out1,4,128,1,optimized,d0dd515e1b,sparse_bf16,sparse_bf16,dense_nvfp4,sparse_bf16,dense_nvfp4,dense_bf16,dense_nvfp4,sparse_bf16,sparse_bf16,dense_bf16,dense_nvfp4,dense_nvfp4,dense_nvfp4,dense_bf16,dense_nvfp4,sparse_bf16,dense_nvfp4,dense_bf16,dense_nvfp4,sparse_bf16,dense_nvfp4,dense_bf16,dense_nvfp4,dense_nvfp4,dense_nvfp4,dense_bf16,dense_nvfp4,sparse_bf16,dense_nvfp4,dense_bf16,dense_nvfp4,dense_nvfp4,dense_nvfp4,dense_bf16,dense_nvfp4,dense_nvfp4,dense_nvfp4,dense_bf16,dense_nvfp4,dense_nvfp4,dense_nvfp4,dense_bf16,dense_nvfp4,sparse_bf16,dense_nvfp4,dense_bf16,dense_nvfp4,sparse_bf16,dense_nvfp4,dense_bf16,dense_nvfp4,sparse_bf16,dense_nvfp4,dense_bf16,dense_nvfp4,sparse_bf16,dense_nvfp4,dense_bf16,dense_nvfp4,sparse_bf16,dense_nvfp4,dense_bf16,dense_nvfp4,sparse_bf16,dense_nvfp4,dense_bf16,dense_nvfp4,sparse_bf16,dense_nvfp4,dense_bf16,dense_nvfp4,sparse_bf16,dense_nvfp4,dense_bf16,dense_nvfp4,sparse_bf16,dense_nvfp4,dense_bf16,dense_nvfp4,dense_nvfp4,dense_nvfp4,dense_bf16,dense_nvfp4,dense_nvfp4,dense_nvfp4,dense_bf16,dense_nvfp4,sparse_bf16,dense_nvfp4,dense_bf16,dense_nvfp4,sparse_bf16,dense_nvfp4,dense_bf16,dense_nvfp4,sparse_bf16,dense_nvfp4,dense_bf16,dense_nvfp4,dense_bf16,dense_bf16,dense_bf16,dense_nvfp4,sparse_bf16,dense_nvfp4,dense_bf16,dense_nvfp4,sparse_bf16,dense_nvfp4,dense_bf16,dense_nvfp4,sparse_bf16,dense_nvfp4,dense_bf16,dense_nvfp4,sparse_bf16,dense_nvfp4,dense_bf16,dense_nvfp4,sparse_bf16,dense_bf16,dense_bf16,dense_nvfp4,sparse_bf16,dense_bf16,dense_bf16,dense_nvfp4,sparse_bf16
b4_in128_out1,4,128,1,max_speed,4746310a30,sparse_bf16,sparse_bf16,sparse_nvfp4,sparse_bf16,sparse_bf16,sparse_bf16,sparse_nvfp4,sparse_bf16,sparse_bf16,sparse_bf16,sparse_nvfp4,sparse_bf16,sparse_bf16,sparse_bf16,sparse_nvfp4,sparse_bf16,sparse_bf16,sparse_bf16,sparse_nvfp4,sparse_bf16,sparse_bf16,sparse_bf16,sparse_nvfp4,sparse_bf16,sparse_bf16,sparse_bf16,sparse_nvfp4,sparse_bf16,sparse_bf16,sparse_bf16,sparse_nvfp4,sparse_bf16,sparse_bf16,sparse_bf16,sparse_nvfp4,sparse_bf16,sparse_bf16,sparse_bf16,sparse_nvfp4,sparse_bf16,sparse_bf16,sparse_bf16,sparse_nvfp4,sparse_bf16,sparse_bf16,sparse_bf16,sparse_nvfp4,sparse_bf16,sparse_bf16,sparse_bf16,sparse_nvfp4,sparse_bf16,sparse_bf16,sparse_bf16,sparse_nvfp4,sparse_bf16,sparse_bf16,sparse_bf16,sparse_nvfp4,sparse_bf16,sparse_bf16,sparse_bf16,sparse_nvfp4,sparse_bf16,sparse_bf16,sparse_bf16,sparse_nvfp4,sparse_bf16,sparse_bf16,sparse_bf16,sparse_nvfp4,sparse_bf16,sparse_bf16,sparse_bf16,sparse_nvfp4,sparse_bf16,sparse_bf16,sparse_bf16,sparse_nvfp4,sparse_bf16,sparse_bf16,sparse_bf16,sparse_nvfp4,sparse_bf16,sparse_bf16,sparse_bf16,sparse_nvfp4,sparse_bf16,sparse_bf16,sparse_bf16,sparse_nvfp4,sparse_bf16,sparse_bf16,sparse_bf16,sparse_nvfp4,sparse_bf16,sparse_bf16,sparse_bf16,sparse_nvfp4,sparse_bf16,sparse_bf16,sparse_bf16,sparse_nvfp4,sparse_bf16,sparse_bf16,sparse_bf16,sparse_nvfp4,sparse_bf16,sparse_bf16,sparse_bf16,sparse_nvfp4,sparse_bf16,sparse_bf16,sparse_bf16,sparse_nvfp4,sparse_bf16,sparse_bf16,sparse_bf16,sparse_nvfp4,sparse_bf16,sparse_bf16,sparse_bf16,sparse_nvfp4,sparse_bf16,sparse_bf16,sparse_bf16,sparse_nvfp4,sparse_bf16
b4_in256_out1,4,256,1,optimized,aef7bf0e76,sparse_bf16,sparse_bf16,dense_nvfp4,sparse_bf16,dense_nvfp4,dense_bf16,dense_nvfp4,sparse_bf16,dense_nvfp4,dense_bf16,dense_nvfp4,dense_nvfp4,dense_nvfp4,dense_bf16,dense_nvfp4,dense_nvfp4,dense_nvfp4,dense_bf16,dense_nvfp4,dense_nvfp4,dense_nvfp4,dense_bf16,dense_nvfp4,dense_nvfp4,dense_nvfp4,dense_bf16,dense_nvfp4,dense_nvfp4,dense_nvfp4,dense_bf16,dense_nvfp4,dense_nvfp4,dense_nvfp4,dense_bf16,dense_nvfp4,dense_nvfp4,dense_nvfp4,dense_bf16,dense_nvfp4,dense_nvfp4,dense_nvfp4,dense_bf16,dense_nvfp4,sparse_bf16,dense_nvfp4,dense_bf16,dense_nvfp4,sparse_bf16,dense_nvfp4,dense_bf16,dense_nvfp4,sparse_bf16,dense_nvfp4,dense_bf16,dense_nvfp4,sparse_bf16,dense_nvfp4,dense_bf16,dense_nvfp4,dense_nvfp4,dense_nvfp4,dense_bf16,dense_nvfp4,sparse_bf16,dense_nvfp4,dense_bf16,dense_nvfp4,sparse_bf16,dense_nvfp4,dense_bf16,dense_nvfp4,dense_nvfp4,dense_nvfp4,dense_bf16,dense_nvfp4,sparse_bf16,dense_nvfp4,dense_bf16,dense_nvfp4,dense_nvfp4,dense_nvfp4,dense_bf16,dense_nvfp4,dense_nvfp4,dense_nvfp4,dense_bf16,dense_nvfp4,dense_nvfp4,dense_nvfp4,dense_bf16,dense_nvfp4,dense_nvfp4,dense_nvfp4,dense_bf16,dense_nvfp4,sparse_bf16,dense_nvfp4,dense_bf16,dense_nvfp4,dense_nvfp4,dense_nvfp4,dense_bf16,dense_nvfp4,dense_nvfp4,dense_nvfp4,dense_bf16,dense_nvfp4,sparse_bf16,dense_nvfp4,dense_bf16,dense_nvfp4,dense_nvfp4,dense_nvfp4,dense_bf16,dense_nvfp4,dense_nvfp4,dense_nvfp4,dense_bf16,dense_nvfp4,sparse_bf16,dense_nvfp4,dense_bf16,dense_nvfp4,sparse_bf16,dense_bf16,dense_bf16,dense_nvfp4,sparse_bf16
b4_in256_out1,4,256,1,max_speed,a749dcd170,sparse_nvfp4,sparse_bf16,sparse_nvfp4,sparse_bf16,sparse_nvfp4,sparse_bf16,sparse_nvfp4,sparse_bf16,sparse_nvfp4,sparse_bf16,sparse_nvfp4,sparse_bf16,sparse_nvfp4,sparse_bf16,sparse_nvfp4,sparse_bf16,sparse_nvfp4,sparse_bf16,sparse_nvfp4,sparse_bf16,sparse_nvfp4,sparse_bf16,sparse_nvfp4,sparse_bf16,sparse_nvfp4,sparse_bf16,sparse_nvfp4,sparse_bf16,sparse_nvfp4,sparse_bf16,sparse_nvfp4,sparse_bf16,sparse_nvfp4,sparse_bf16,sparse_nvfp4,sparse_bf16,sparse_nvfp4,sparse_bf16,sparse_nvfp4,sparse_bf16,sparse_nvfp4,sparse_bf16,sparse_nvfp4,sparse_bf16,sparse_nvfp4,sparse_bf16,sparse_nvfp4,sparse_bf16,sparse_nvfp4,sparse_bf16,sparse_nvfp4,sparse_bf16,sparse_nvfp4,sparse_bf16,sparse_nvfp4,sparse_bf16,sparse_nvfp4,sparse_bf16,sparse_nvfp4,sparse_bf16,sparse_nvfp4,sparse_bf16,sparse_nvfp4,sparse_bf16,sparse_nvfp4,sparse_bf16,sparse_nvfp4,sparse_bf16,sparse_nvfp4,sparse_bf16,sparse_nvfp4,sparse_bf16,sparse_nvfp4,sparse_bf16,sparse_nvfp4,sparse_bf16,sparse_nvfp4,sparse_bf16,sparse_nvfp4,sparse_bf16,sparse_nvfp4,sparse_bf16,sparse_nvfp4,sparse_bf16,sparse_nvfp4,sparse_bf16,sparse_nvfp4,sparse_bf16,sparse_nvfp4,sparse_bf16,sparse_nvfp4,sparse_bf16,sparse_nvfp4,sparse_bf16,sparse_nvfp4,sparse_bf16,sparse_nvfp4,sparse_bf16,sparse_nvfp4,sparse_bf16,sparse_nvfp4,sparse_bf16,sparse_nvfp4,sparse_bf16,sparse_nvfp4,sparse_bf16,sparse_nvfp4,sparse_bf16,sparse_nvfp4,sparse_bf16,sparse_nvfp4,sparse_bf16,sparse_nvfp4,sparse_bf16,sparse_nvfp4,sparse_bf16,sparse_nvfp4,sparse_bf16,sparse_nvfp4,sparse_bf16,sparse_nvfp4,sparse_bf16,sparse_nvfp4,sparse_bf16,sparse_nvfp4,sparse_bf16,sparse_nvfp4,sparse_bf16
b4_in512_out1,4,512,1,optimized,8f9a116982,sparse_bf16,sparse_bf16,dense_nvfp4,sparse_bf16,dense_nvfp4,dense_bf16,dense_nvfp4,sparse_bf16,dense_nvfp4,dense_bf16,dense_nvfp4,dense_nvfp4,dense_nvfp4,sparse_bf16,dense_nvfp4,dense_nvfp4,dense_nvfp4,dense_bf16,dense_nvfp4,dense_nvfp4,dense_nvfp4,dense_bf16,dense_nvfp4,dense_nvfp4,dense_nvfp4,dense_bf16,dense_nvfp4,dense_nvfp4,dense_nvfp4,dense_bf16,dense_nvfp4,dense_nvfp4,dense_nvfp4,dense_bf16,dense_nvfp4,dense_nvfp4,dense_nvfp4,dense_bf16,dense_nvfp4,dense_nvfp4,dense_nvfp4,dense_bf16,dense_nvfp4,dense_nvfp4,dense_nvfp4,dense_bf16,dense_nvfp4,dense_nvfp4,dense_nvfp4,dense_bf16,dense_nvfp4,dense_nvfp4,dense_nvfp4,dense_bf16,dense_nvfp4,dense_nvfp4,dense_nvfp4,dense_bf16,dense_nvfp4,sparse_bf16,dense_nvfp4,dense_bf16,dense_nvfp4,sparse_bf16,dense_nvfp4,dense_bf16,dense_nvfp4,sparse_bf16,dense_nvfp4,dense_bf16,dense_nvfp4,dense_nvfp4,dense_nvfp4,dense_bf16,dense_nvfp4,sparse_bf16,dense_nvfp4,dense_bf16,dense_nvfp4,dense_nvfp4,dense_nvfp4,dense_bf16,dense_nvfp4,dense_nvfp4,dense_nvfp4,dense_bf16,dense_nvfp4,dense_nvfp4,dense_nvfp4,dense_bf16,dense_nvfp4,dense_nvfp4,dense_nvfp4,dense_bf16,dense_nvfp4,sparse_bf16,dense_nvfp4,dense_bf16,dense_nvfp4,dense_nvfp4,dense_nvfp4,dense_bf16,dense_nvfp4,dense_nvfp4,dense_nvfp4,dense_bf16,dense_nvfp4,sparse_bf16,dense_nvfp4,dense_bf16,dense_nvfp4,dense_nvfp4,dense_nvfp4,dense_bf16,dense_nvfp4,dense_nvfp4,dense_nvfp4,dense_bf16,dense_nvfp4,sparse_bf16,dense_nvfp4,dense_bf16,dense_nvfp4,sparse_bf16,dense_bf16,sparse_bf16,dense_nvfp4,sparse_bf16
b4_in512_out1,4,512,1,max_speed,bedb3240c9,sparse_nvfp4,sparse_nvfp4,sparse_nvfp4,sparse_bf16,sparse_nvfp4,sparse_nvfp4,sparse_nvfp4,sparse_bf16,sparse_nvfp4,sparse_nvfp4,sparse_nvfp4,sparse_bf16,sparse_nvfp4,sparse_nvfp4,sparse_nvfp4,sparse_bf16,sparse_nvfp4,sparse_nvfp4,sparse_nvfp4,sparse_bf16,sparse_nvfp4,sparse_nvfp4,sparse_nvfp4,sparse_bf16,sparse_nvfp4,sparse_nvfp4,sparse_nvfp4,sparse_bf16,sparse_nvfp4,sparse_nvfp4,sparse_nvfp4,sparse_bf16,sparse_nvfp4,sparse_nvfp4,sparse_nvfp4,sparse_bf16,sparse_nvfp4,sparse_nvfp4,sparse_nvfp4,sparse_bf16,sparse_nvfp4,sparse_nvfp4,sparse_nvfp4,sparse_bf16,sparse_nvfp4,sparse_nvfp4,sparse_nvfp4,sparse_bf16,sparse_nvfp4,sparse_nvfp4,sparse_nvfp4,sparse_bf16,sparse_nvfp4,sparse_nvfp4,sparse_nvfp4,sparse_bf16,sparse_nvfp4,sparse_nvfp4,sparse_nvfp4,sparse_bf16,sparse_nvfp4,sparse_nvfp4,sparse_nvfp4,sparse_bf16,sparse_nvfp4,sparse_nvfp4,sparse_nvfp4,sparse_bf16,sparse_nvfp4,sparse_nvfp4,sparse_nvfp4,sparse_bf16,sparse_nvfp4,sparse_nvfp4,sparse_nvfp4,sparse_bf16,sparse_nvfp4,sparse_nvfp4,sparse_nvfp4,sparse_bf16,sparse_nvfp4,sparse_nvfp4,sparse_nvfp4,sparse_bf16,sparse_nvfp4,sparse_nvfp4,sparse_nvfp4,sparse_bf16,sparse_nvfp4,sparse_nvfp4,sparse_nvfp4,sparse_bf16,sparse_nvfp4,sparse_nvfp4,sparse_nvfp4,sparse_bf16,sparse_nvfp4,sparse_nvfp4,sparse_nvfp4,sparse_bf16,sparse_nvfp4,sparse_nvfp4,sparse_nvfp4,sparse_bf16,sparse_nvfp4,sparse_nvfp4,sparse_nvfp4,sparse_bf16,sparse_nvfp4,sparse_nvfp4,sparse_nvfp4,sparse_bf16,sparse_nvfp4,sparse_nvfp4,sparse_nvfp4,sparse_bf16,sparse_nvfp4,sparse_nvfp4,sparse_nvfp4,sparse_bf16,sparse_nvfp4,sparse_nvfp4,sparse_nvfp4,sparse_bf16,sparse_nvfp4,sparse_nvfp4,sparse_nvfp4,sparse_bf16
b4_in1024_out1,4,1024,1,optimized,6bfff17f22,sparse_bf16,sparse_bf16,dense_nvfp4,sparse_bf16,dense_nvfp4,dense_bf16,dense_nvfp4,sparse_bf16,dense_nvfp4,dense_bf16,dense_nvfp4,dense_nvfp4,dense_nvfp4,dense_bf16,dense_nvfp4,dense_nvfp4,dense_nvfp4,dense_bf16,dense_nvfp4,dense_nvfp4,dense_nvfp4,dense_bf16,dense_nvfp4,dense_nvfp4,dense_nvfp4,dense_bf16,dense_nvfp4,dense_nvfp4,dense_nvfp4,dense_bf16,dense_nvfp4,dense_nvfp4,dense_nvfp4,dense_bf16,dense_nvfp4,dense_nvfp4,dense_nvfp4,dense_bf16,dense_nvfp4,dense_nvfp4,dense_nvfp4,dense_bf16,dense_nvfp4,dense_nvfp4,dense_nvfp4,dense_bf16,dense_nvfp4,dense_nvfp4,dense_nvfp4,dense_bf16,dense_nvfp4,dense_nvfp4,dense_nvfp4,dense_bf16,dense_nvfp4,dense_nvfp4,dense_nvfp4,dense_bf16,dense_nvfp4,dense_nvfp4,dense_nvfp4,dense_bf16,dense_nvfp4,sparse_bf16,dense_nvfp4,dense_bf16,dense_nvfp4,sparse_bf16,dense_nvfp4,dense_bf16,dense_nvfp4,dense_nvfp4,dense_nvfp4,dense_bf16,dense_nvfp4,sparse_bf16,dense_nvfp4,dense_bf16,dense_nvfp4,dense_nvfp4,dense_nvfp4,dense_bf16,dense_nvfp4,dense_nvfp4,dense_nvfp4,dense_bf16,dense_nvfp4,dense_nvfp4,dense_nvfp4,dense_bf16,dense_nvfp4,dense_nvfp4,dense_nvfp4,dense_bf16,dense_nvfp4,sparse_bf16,dense_nvfp4,dense_bf16,dense_nvfp4,dense_nvfp4,dense_nvfp4,dense_bf16,dense_nvfp4,dense_nvfp4,dense_nvfp4,sparse_bf16,dense_nvfp4,sparse_bf16,dense_nvfp4,dense_bf16,dense_nvfp4,dense_nvfp4,dense_nvfp4,dense_bf16,dense_nvfp4,sparse_bf16,dense_nvfp4,dense_bf16,dense_nvfp4,sparse_bf16,dense_nvfp4,dense_bf16,dense_nvfp4,sparse_bf16,dense_bf16,sparse_bf16,dense_nvfp4,sparse_bf16
b4_in1024_out1,4,1024,1,max_speed,a749dcd170,sparse_nvfp4,sparse_bf16,sparse_nvfp4,sparse_bf16,sparse_nvfp4,sparse_bf16,sparse_nvfp4,sparse_bf16,sparse_nvfp4,sparse_bf16,sparse_nvfp4,sparse_bf16,sparse_nvfp4,sparse_bf16,sparse_nvfp4,sparse_bf16,sparse_nvfp4,sparse_bf16,sparse_nvfp4,sparse_bf16,sparse_nvfp4,sparse_bf16,sparse_nvfp4,sparse_bf16,sparse_nvfp4,sparse_bf16,sparse_nvfp4,sparse_bf16,sparse_nvfp4,sparse_bf16,sparse_nvfp4,sparse_bf16,sparse_nvfp4,sparse_bf16,sparse_nvfp4,sparse_bf16,sparse_nvfp4,sparse_bf16,sparse_nvfp4,sparse_bf16,sparse_nvfp4,sparse_bf16,sparse_nvfp4,sparse_bf16,sparse_nvfp4,sparse_bf16,sparse_nvfp4,sparse_bf16,sparse_nvfp4,sparse_bf16,sparse_nvfp4,sparse_bf16,sparse_nvfp4,sparse_bf16,sparse_nvfp4,sparse_bf16,sparse_nvfp4,sparse_bf16,sparse_nvfp4,sparse_bf16,sparse_nvfp4,sparse_bf16,sparse_nvfp4,sparse_bf16,sparse_nvfp4,sparse_bf16,sparse_nvfp4,sparse_bf16,sparse_nvfp4,sparse_bf16,sparse_nvfp4,sparse_bf16,sparse_nvfp4,sparse_bf16,sparse_nvfp4,sparse_bf16,sparse_nvfp4,sparse_bf16,sparse_nvfp4,sparse_bf16,sparse_nvfp4,sparse_bf16,sparse_nvfp4,sparse_bf16,sparse_nvfp4,sparse_bf16,sparse_nvfp4,sparse_bf16,sparse_nvfp4,sparse_bf16,sparse_nvfp4,sparse_bf16,sparse_nvfp4,sparse_bf16,sparse_nvfp4,sparse_bf16,sparse_nvfp4,sparse_bf16,sparse_nvfp4,sparse_bf16,sparse_nvfp4,sparse_bf16,sparse_nvfp4,sparse_bf16,sparse_nvfp4,sparse_bf16,sparse_nvfp4,sparse_bf16,sparse_nvfp4,sparse_bf16,sparse_nvfp4,sparse_bf16,sparse_nvfp4,sparse_bf16,sparse_nvfp4,sparse_bf16,sparse_nvfp4,sparse_bf16,sparse_nvfp4,sparse_bf16,sparse_nvfp4,sparse_bf16,sparse_nvfp4,sparse_bf16,sparse_nvfp4,sparse_bf16,sparse_nvfp4,sparse_bf16
b4_in2048_out1,4,2048,1,optimized,7a70c1f41e,sparse_bf16,sparse_bf16,dense_nvfp4,sparse_bf16,dense_nvfp4,dense_bf16,dense_nvfp4,sparse_bf16,dense_nvfp4,dense_bf16,dense_nvfp4,dense_nvfp4,dense_nvfp4,dense_bf16,dense_nvfp4,dense_nvfp4,dense_nvfp4,dense_bf16,dense_nvfp4,dense_nvfp4,dense_nvfp4,dense_bf16,dense_nvfp4,dense_nvfp4,dense_nvfp4,dense_bf16,dense_nvfp4,dense_nvfp4,dense_nvfp4,dense_bf16,dense_nvfp4,dense_nvfp4,dense_nvfp4,dense_bf16,dense_nvfp4,dense_nvfp4,dense_nvfp4,dense_bf16,dense_nvfp4,dense_nvfp4,dense_nvfp4,dense_bf16,dense_nvfp4,dense_nvfp4,dense_nvfp4,dense_bf16,dense_nvfp4,dense_nvfp4,dense_nvfp4,dense_bf16,dense_nvfp4,dense_nvfp4,dense_nvfp4,dense_bf16,dense_nvfp4,dense_nvfp4,dense_nvfp4,dense_bf16,dense_nvfp4,dense_nvfp4,dense_nvfp4,dense_bf16,dense_nvfp4,sparse_bf16,dense_nvfp4,dense_bf16,dense_nvfp4,sparse_bf16,dense_nvfp4,dense_bf16,dense_nvfp4,dense_nvfp4,dense_nvfp4,dense_bf16,dense_nvfp4,sparse_bf16,dense_nvfp4,dense_bf16,dense_nvfp4,dense_nvfp4,dense_nvfp4,dense_bf16,dense_nvfp4,dense_nvfp4,dense_nvfp4,dense_bf16,dense_nvfp4,dense_nvfp4,dense_nvfp4,dense_bf16,dense_nvfp4,sparse_bf16,dense_nvfp4,dense_bf16,dense_nvfp4,sparse_bf16,dense_nvfp4,dense_bf16,dense_nvfp4,dense_nvfp4,dense_nvfp4,dense_bf16,dense_nvfp4,sparse_bf16,dense_nvfp4,dense_bf16,dense_nvfp4,sparse_bf16,dense_nvfp4,dense_bf16,dense_nvfp4,sparse_bf16,dense_nvfp4,dense_bf16,dense_nvfp4,sparse_bf16,dense_nvfp4,dense_bf16,dense_nvfp4,sparse_bf16,dense_nvfp4,dense_bf16,dense_nvfp4,sparse_bf16,dense_bf16,dense_bf16,dense_nvfp4,sparse_bf16
b4_in2048_out1,4,2048,1,max_speed,a749dcd170,sparse_nvfp4,sparse_bf16,sparse_nvfp4,sparse_bf16,sparse_nvfp4,sparse_bf16,sparse_nvfp4,sparse_bf16,sparse_nvfp4,sparse_bf16,sparse_nvfp4,sparse_bf16,sparse_nvfp4,sparse_bf16,sparse_nvfp4,sparse_bf16,sparse_nvfp4,sparse_bf16,sparse_nvfp4,sparse_bf16,sparse_nvfp4,sparse_bf16,sparse_nvfp4,sparse_bf16,sparse_nvfp4,sparse_bf16,sparse_nvfp4,sparse_bf16,sparse_nvfp4,sparse_bf16,sparse_nvfp4,sparse_bf16,sparse_nvfp4,sparse_bf16,sparse_nvfp4,sparse_bf16,sparse_nvfp4,sparse_bf16,sparse_nvfp4,sparse_bf16,sparse_nvfp4,sparse_bf16,sparse_nvfp4,sparse_bf16,sparse_nvfp4,sparse_bf16,sparse_nvfp4,sparse_bf16,sparse_nvfp4,sparse_bf16,sparse_nvfp4,sparse_bf16,sparse_nvfp4,sparse_bf16,sparse_nvfp4,sparse_bf16,sparse_nvfp4,sparse_bf16,sparse_nvfp4,sparse_bf16,sparse_nvfp4,sparse_bf16,sparse_nvfp4,sparse_bf16,sparse_nvfp4,sparse_bf16,sparse_nvfp4,sparse_bf16,sparse_nvfp4,sparse_bf16,sparse_nvfp4,sparse_bf16,sparse_nvfp4,sparse_bf16,sparse_nvfp4,sparse_bf16,sparse_nvfp4,sparse_bf16,sparse_nvfp4,sparse_bf16,sparse_nvfp4,sparse_bf16,sparse_nvfp4,sparse_bf16,sparse_nvfp4,sparse_bf16,sparse_nvfp4,sparse_bf16,sparse_nvfp4,sparse_bf16,sparse_nvfp4,sparse_bf16,sparse_nvfp4,sparse_bf16,sparse_nvfp4,sparse_bf16,sparse_nvfp4,sparse_bf16,sparse_nvfp4,sparse_bf16,sparse_nvfp4,sparse_bf16,sparse_nvfp4,sparse_bf16,sparse_nvfp4,sparse_bf16,sparse_nvfp4,sparse_bf16,sparse_nvfp4,sparse_bf16,sparse_nvfp4,sparse_bf16,sparse_nvfp4,sparse_bf16,sparse_nvfp4,sparse_bf16,sparse_nvfp4,sparse_bf16,sparse_nvfp4,sparse_bf16,sparse_nvfp4,sparse_bf16,sparse_nvfp4,sparse_bf16,sparse_nvfp4,sparse_bf16,sparse_nvfp4,sparse_bf16
b4_in4096_out1,4,4096,1,optimized,4f61f4ce62,sparse_bf16,sparse_bf16,dense_nvfp4,sparse_bf16,dense_nvfp4,dense_bf16,dense_nvfp4,sparse_bf16,dense_nvfp4,dense_bf16,dense_nvfp4,dense_nvfp4,dense_nvfp4,dense_bf16,dense_nvfp4,dense_bf16,dense_nvfp4,dense_bf16,dense_nvfp4,sparse_bf16,dense_nvfp4,dense_bf16,dense_nvfp4,dense_nvfp4,dense_nvfp4,dense_bf16,dense_nvfp4,sparse_bf16,dense_nvfp4,dense_bf16,dense_nvfp4,dense_nvfp4,dense_nvfp4,dense_bf16,dense_nvfp4,dense_nvfp4,dense_nvfp4,dense_bf16,dense_nvfp4,dense_nvfp4,dense_nvfp4,dense_bf16,dense_nvfp4,sparse_bf16,dense_nvfp4,dense_bf16,dense_nvfp4,sparse_bf16,dense_nvfp4,dense_bf16,dense_nvfp4,sparse_bf16,dense_nvfp4,dense_bf16,dense_nvfp4,sparse_bf16,dense_nvfp4,dense_bf16,dense_nvfp4,sparse_bf16,dense_nvfp4,dense_bf16,dense_nvfp4,sparse_bf16,dense_nvfp4,dense_bf16,dense_nvfp4,sparse_bf16,dense_nvfp4,dense_bf16,dense_nvfp4,sparse_bf16,dense_nvfp4,dense_bf16,dense_nvfp4,sparse_bf16,dense_nvfp4,dense_bf16,dense_nvfp4,dense_nvfp4,dense_nvfp4,dense_bf16,dense_nvfp4,dense_nvfp4,dense_bf16,dense_bf16,dense_nvfp4,sparse_bf16,dense_nvfp4,dense_bf16,dense_nvfp4,sparse_bf16,dense_nvfp4,dense_bf16,dense_nvfp4,sparse_bf16,dense_nvfp4,dense_bf16,dense_nvfp4,sparse_bf16,dense_nvfp4,dense_bf16,dense_nvfp4,sparse_bf16,dense_nvfp4,dense_bf16,dense_nvfp4,sparse_bf16,dense_nvfp4,dense_bf16,dense_nvfp4,sparse_bf16,dense_nvfp4,dense_bf16,dense_nvfp4,sparse_bf16,dense_nvfp4,dense_bf16,dense_nvfp4,sparse_bf16,dense_bf16,dense_bf16,dense_nvfp4,sparse_bf16,dense_bf16,dense_bf16,dense_nvfp4,sparse_bf16
b4_in4096_out1,4,4096,1,max_speed,a749dcd170,sparse_nvfp4,sparse_bf16,sparse_nvfp4,sparse_bf16,sparse_nvfp4,sparse_bf16,sparse_nvfp4,sparse_bf16,sparse_nvfp4,sparse_bf16,sparse_nvfp4,sparse_bf16,sparse_nvfp4,sparse_bf16,sparse_nvfp4,sparse_bf16,sparse_nvfp4,sparse_bf16,sparse_nvfp4,sparse_bf16,sparse_nvfp4,sparse_bf16,sparse_nvfp4,sparse_bf16,sparse_nvfp4,sparse_bf16,sparse_nvfp4,sparse_bf16,sparse_nvfp4,sparse_bf16,sparse_nvfp4,sparse_bf16,sparse_nvfp4,sparse_bf16,sparse_nvfp4,sparse_bf16,sparse_nvfp4,sparse_bf16,sparse_nvfp4,sparse_bf16,sparse_nvfp4,sparse_bf16,sparse_nvfp4,sparse_bf16,sparse_nvfp4,sparse_bf16,sparse_nvfp4,sparse_bf16,sparse_nvfp4,sparse_bf16,sparse_nvfp4,sparse_bf16,sparse_nvfp4,sparse_bf16,sparse_nvfp4,sparse_bf16,sparse_nvfp4,sparse_bf16,sparse_nvfp4,sparse_bf16,sparse_nvfp4,sparse_bf16,sparse_nvfp4,sparse_bf16,sparse_nvfp4,sparse_bf16,sparse_nvfp4,sparse_bf16,sparse_nvfp4,sparse_bf16,sparse_nvfp4,sparse_bf16,sparse_nvfp4,sparse_bf16,sparse_nvfp4,sparse_bf16,sparse_nvfp4,sparse_bf16,sparse_nvfp4,sparse_bf16,sparse_nvfp4,sparse_bf16,sparse_nvfp4,sparse_bf16,sparse_nvfp4,sparse_bf16,sparse_nvfp4,sparse_bf16,sparse_nvfp4,sparse_bf16,sparse_nvfp4,sparse_bf16,sparse_nvfp4,sparse_bf16,sparse_nvfp4,sparse_bf16,sparse_nvfp4,sparse_bf16,sparse_nvfp4,sparse_bf16,sparse_nvfp4,sparse_bf16,sparse_nvfp4,sparse_bf16,sparse_nvfp4,sparse_bf16,sparse_nvfp4,sparse_bf16,sparse_nvfp4,sparse_bf16,sparse_nvfp4,sparse_bf16,sparse_nvfp4,sparse_bf16,sparse_nvfp4,sparse_bf16,sparse_nvfp4,sparse_bf16,sparse_nvfp4,sparse_bf16,sparse_nvfp4,sparse_bf16,sparse_nvfp4,sparse_bf16,sparse_nvfp4,sparse_bf16,sparse_nvfp4,sparse_bf16
b4_in8192_out1,4,8192,1,optimized,99d0c3c909,sparse_bf16,sparse_bf16,dense_nvfp4,sparse_bf16,dense_nvfp4,dense_bf16,dense_nvfp4,sparse_bf16,sparse_bf16,dense_bf16,dense_nvfp4,dense_nvfp4,dense_nvfp4,dense_bf16,dense_nvfp4,dense_nvfp4,dense_nvfp4,dense_bf16,dense_nvfp4,dense_nvfp4,dense_nvfp4,dense_bf16,dense_nvfp4,dense_nvfp4,dense_nvfp4,dense_bf16,dense_nvfp4,dense_nvfp4,dense_nvfp4,dense_bf16,dense_nvfp4,dense_nvfp4,dense_nvfp4,dense_bf16,dense_nvfp4,dense_nvfp4,dense_nvfp4,dense_bf16,dense_nvfp4,dense_nvfp4,dense_nvfp4,dense_bf16,dense_nvfp4,sparse_bf16,dense_nvfp4,dense_bf16,dense_nvfp4,sparse_bf16,dense_nvfp4,dense_bf16,dense_nvfp4,sparse_bf16,dense_nvfp4,dense_bf16,dense_nvfp4,sparse_bf16,dense_nvfp4,dense_bf16,dense_nvfp4,sparse_bf16,dense_nvfp4,dense_bf16,dense_nvfp4,sparse_bf16,dense_nvfp4,dense_bf16,dense_nvfp4,sparse_bf16,dense_nvfp4,dense_bf16,dense_nvfp4,dense_nvfp4,dense_nvfp4,dense_bf16,dense_nvfp4,sparse_bf16,dense_nvfp4,dense_bf16,dense_nvfp4,dense_nvfp4,dense_nvfp4,dense_bf16,dense_nvfp4,dense_nvfp4,dense_nvfp4,dense_bf16,dense_nvfp4,dense_nvfp4,dense_nvfp4,dense_bf16,dense_nvfp4,dense_nvfp4,dense_nvfp4,dense_bf16,dense_nvfp4,sparse_bf16,dense_nvfp4,dense_bf16,dense_nvfp4,dense_nvfp4,dense_nvfp4,dense_bf16,dense_nvfp4,dense_nvfp4,dense_nvfp4,dense_bf16,dense_nvfp4,sparse_bf16,dense_nvfp4,dense_bf16,dense_nvfp4,sparse_bf16,dense_nvfp4,dense_bf16,dense_nvfp4,sparse_bf16,dense_nvfp4,dense_bf16,dense_nvfp4,sparse_bf16,dense_bf16,dense_bf16,dense_nvfp4,sparse_bf16,dense_bf16,sparse_bf16,dense_nvfp4,sparse_bf16
b4_in8192_out1,4,8192,1,max_speed,a749dcd170,sparse_nvfp4,sparse_bf16,sparse_nvfp4,sparse_bf16,sparse_nvfp4,sparse_bf16,sparse_nvfp4,sparse_bf16,sparse_nvfp4,sparse_bf16,sparse_nvfp4,sparse_bf16,sparse_nvfp4,sparse_bf16,sparse_nvfp4,sparse_bf16,sparse_nvfp4,sparse_bf16,sparse_nvfp4,sparse_bf16,sparse_nvfp4,sparse_bf16,sparse_nvfp4,sparse_bf16,sparse_nvfp4,sparse_bf16,sparse_nvfp4,sparse_bf16,sparse_nvfp4,sparse_bf16,sparse_nvfp4,sparse_bf16,sparse_nvfp4,sparse_bf16,sparse_nvfp4,sparse_bf16,sparse_nvfp4,sparse_bf16,sparse_nvfp4,sparse_bf16,sparse_nvfp4,sparse_bf16,sparse_nvfp4,sparse_bf16,sparse_nvfp4,sparse_bf16,sparse_nvfp4,sparse_bf16,sparse_nvfp4,sparse_bf16,sparse_nvfp4,sparse_bf16,sparse_nvfp4,sparse_bf16,sparse_nvfp4,sparse_bf16,sparse_nvfp4,sparse_bf16,sparse_nvfp4,sparse_bf16,sparse_nvfp4,sparse_bf16,sparse_nvfp4,sparse_bf16,sparse_nvfp4,sparse_bf16,sparse_nvfp4,sparse_bf16,sparse_nvfp4,sparse_bf16,sparse_nvfp4,sparse_bf16,sparse_nvfp4,sparse_bf16,sparse_nvfp4,sparse_bf16,sparse_nvfp4,sparse_bf16,sparse_nvfp4,sparse_bf16,sparse_nvfp4,sparse_bf16,sparse_nvfp4,sparse_bf16,sparse_nvfp4,sparse_bf16,sparse_nvfp4,sparse_bf16,sparse_nvfp4,sparse_bf16,sparse_nvfp4,sparse_bf16,sparse_nvfp4,sparse_bf16,sparse_nvfp4,sparse_bf16,sparse_nvfp4,sparse_bf16,sparse_nvfp4,sparse_bf16,sparse_nvfp4,sparse_bf16,sparse_nvfp4,sparse_bf16,sparse_nvfp4,sparse_bf16,sparse_nvfp4,sparse_bf16,sparse_nvfp4,sparse_bf16,sparse_nvfp4,sparse_bf16,sparse_nvfp4,sparse_bf16,sparse_nvfp4,sparse_bf16,sparse_nvfp4,sparse_bf16,sparse_nvfp4,sparse_bf16,sparse_nvfp4,sparse_bf16,sparse_nvfp4,sparse_bf16,sparse_nvfp4,sparse_bf16,sparse_nvfp4,sparse_bf16
b4_in16384_out1,4,16384,1,optimized,7eb213cf8f,sparse_bf16,sparse_bf16,dense_nvfp4,sparse_bf16,sparse_bf16,dense_bf16,dense_nvfp4,sparse_bf16,sparse_bf16,dense_bf16,dense_nvfp4,sparse_bf16,dense_nvfp4,dense_bf16,dense_nvfp4,sparse_bf16,sparse_bf16,dense_bf16,dense_nvfp4,sparse_bf16,dense_nvfp4,dense_bf16,dense_nvfp4,dense_nvfp4,dense_nvfp4,dense_bf16,dense_nvfp4,sparse_bf16,dense_nvfp4,dense_bf16,dense_nvfp4,sparse_bf16,dense_nvfp4,dense_bf16,dense_nvfp4,sparse_bf16,dense_nvfp4,dense_bf16,dense_nvfp4,sparse_bf16,dense_nvfp4,dense_bf16,dense_nvfp4,sparse_bf16,dense_nvfp4,dense_bf16,dense_nvfp4,sparse_bf16,dense_nvfp4,dense_bf16,dense_nvfp4,sparse_bf16,dense_nvfp4,dense_bf16,dense_nvfp4,sparse_bf16,dense_nvfp4,dense_bf16,dense_nvfp4,sparse_bf16,sparse_bf16,dense_bf16,sparse_bf16,sparse_bf16,dense_nvfp4,dense_bf16,dense_nvfp4,sparse_bf16,dense_nvfp4,dense_bf16,dense_nvfp4,sparse_bf16,dense_bf16,dense_bf16,dense_nvfp4,sparse_bf16,dense_nvfp4,dense_bf16,dense_nvfp4,sparse_bf16,dense_nvfp4,dense_bf16,dense_nvfp4,sparse_bf16,dense_bf16,dense_bf16,dense_nvfp4,sparse_bf16,dense_nvfp4,dense_bf16,dense_nvfp4,sparse_bf16,dense_nvfp4,dense_bf16,dense_nvfp4,sparse_bf16,dense_bf16,dense_bf16,dense_nvfp4,sparse_bf16,dense_bf16,sparse_bf16,dense_nvfp4,sparse_bf16,dense_bf16,sparse_bf16,sparse_bf16,sparse_bf16,dense_nvfp4,dense_bf16,dense_nvfp4,sparse_bf16,dense_nvfp4,dense_bf16,dense_nvfp4,sparse_bf16,dense_bf16,dense_bf16,dense_nvfp4,sparse_bf16,dense_bf16,dense_bf16,dense_nvfp4,sparse_bf16,dense_bf16,sparse_bf16,sparse_bf16,sparse_bf16
b4_in16384_out1,4,16384,1,max_speed,1556299ab3,sparse_bf16,sparse_bf16,sparse_bf16,sparse_bf16,sparse_bf16,sparse_bf16,sparse_bf16,sparse_bf16,sparse_bf16,sparse_bf16,sparse_bf16,sparse_bf16,sparse_bf16,sparse_bf16,sparse_bf16,sparse_bf16,sparse_bf16,sparse_bf16,sparse_bf16,sparse_bf16,sparse_bf16,sparse_bf16,sparse_bf16,sparse_bf16,sparse_bf16,sparse_bf16,sparse_bf16,sparse_bf16,sparse_bf16,sparse_bf16,sparse_bf16,sparse_bf16,sparse_bf16,sparse_bf16,sparse_bf16,sparse_bf16,sparse_bf16,sparse_bf16,sparse_bf16,sparse_bf16,sparse_bf16,sparse_bf16,sparse_bf16,sparse_bf16,sparse_bf16,sparse_bf16,sparse_bf16,sparse_bf16,sparse_bf16,sparse_bf16,sparse_bf16,sparse_bf16,sparse_bf16,sparse_bf16,sparse_bf16,sparse_bf16,sparse_bf16,sparse_bf16,sparse_bf16,sparse_bf16,sparse_bf16,sparse_bf16,sparse_bf16,sparse_bf16,sparse_bf16,sparse_bf16,sparse_bf16,sparse_bf16,sparse_bf16,sparse_bf16,sparse_bf16,sparse_bf16,sparse_bf16,sparse_bf16,sparse_bf16,sparse_bf16,sparse_bf16,sparse_bf16,sparse_bf16,sparse_bf16,sparse_bf16,sparse_bf16,sparse_bf16,sparse_bf16,sparse_bf16,sparse_bf16,sparse_bf16,sparse_bf16,sparse_bf16,sparse_bf16,sparse_bf16,sparse_bf16,sparse_bf16,sparse_bf16,sparse_bf16,sparse_bf16,sparse_bf16,sparse_bf16,sparse_bf16,sparse_bf16,sparse_bf16,sparse_bf16,sparse_bf16,sparse_bf16,sparse_bf16,sparse_bf16,sparse_bf16,sparse_bf16,sparse_bf16,sparse_bf16,sparse_bf16,sparse_bf16,sparse_bf16,sparse_bf16,sparse_bf16,sparse_bf16,sparse_bf16,sparse_bf16,sparse_bf16,sparse_bf16,sparse_bf16,sparse_bf16,sparse_bf16,sparse_bf16,sparse_bf16,sparse_bf16,sparse_bf16,sparse_bf16
b4_in32768_out1,4,32768,1,optimized,8667ea141d,sparse_bf16,sparse_bf16,dense_nvfp4,sparse_bf16,sparse_bf16,dense_bf16,dense_nvfp4,sparse_bf16,sparse_bf16,dense_bf16,sparse_bf16,sparse_bf16,sparse_bf16,dense_bf16,sparse_bf16,sparse_bf16,sparse_bf16,dense_bf16,sparse_bf16,sparse_bf16,dense_bf16,dense_bf16,sparse_bf16,sparse_bf16,sparse_bf16,dense_bf16,sparse_bf16,sparse_bf16,dense_bf16,dense_bf16,sparse_bf16,sparse_bf16,sparse_bf16,dense_bf16,sparse_bf16,sparse_bf16,dense_bf16,dense_bf16,sparse_bf16,sparse_bf16,sparse_bf16,dense_bf16,sparse_bf16,sparse_bf16,dense_bf16,dense_bf16,sparse_bf16,sparse_bf16,dense_bf16,dense_bf16,sparse_bf16,sparse_bf16,dense_bf16,dense_bf16,sparse_bf16,sparse_bf16,dense_bf16,dense_bf16,sparse_bf16,sparse_bf16,sparse_bf16,dense_bf16,sparse_bf16,sparse_bf16,dense_bf16,dense_bf16,sparse_bf16,sparse_bf16,dense_bf16,dense_bf16,sparse_bf16,sparse_bf16,dense_bf16,dense_bf16,sparse_bf16,sparse_bf16,dense_bf16,dense_bf16,sparse_bf16,sparse_bf16,dense_bf16,dense_bf16,sparse_bf16,sparse_bf16,dense_bf16,dense_bf16,sparse_bf16,sparse_bf16,dense_bf16,dense_bf16,sparse_bf16,sparse_bf16,dense_bf16,dense_bf16,sparse_bf16,sparse_bf16,dense_bf16,dense_bf16,sparse_bf16,sparse_bf16,dense_bf16,sparse_bf16,sparse_bf16,sparse_bf16,dense_bf16,sparse_bf16,sparse_bf16,sparse_bf16,dense_bf16,dense_bf16,sparse_bf16,sparse_bf16,dense_bf16,dense_bf16,sparse_bf16,sparse_bf16,dense_bf16,dense_bf16,sparse_bf16,sparse_bf16,dense_bf16,dense_bf16,sparse_bf16,sparse_bf16,dense_bf16,sparse_bf16,sparse_bf16,sparse_bf16
b4_in32768_out1,4,32768,1,max_speed,1556299ab3,sparse_bf16,sparse_bf16,sparse_bf16,sparse_bf16,sparse_bf16,sparse_bf16,sparse_bf16,sparse_bf16,sparse_bf16,sparse_bf16,sparse_bf16,sparse_bf16,sparse_bf16,sparse_bf16,sparse_bf16,sparse_bf16,sparse_bf16,sparse_bf16,sparse_bf16,sparse_bf16,sparse_bf16,sparse_bf16,sparse_bf16,sparse_bf16,sparse_bf16,sparse_bf16,sparse_bf16,sparse_bf16,sparse_bf16,sparse_bf16,sparse_bf16,sparse_bf16,sparse_bf16,sparse_bf16,sparse_bf16,sparse_bf16,sparse_bf16,sparse_bf16,sparse_bf16,sparse_bf16,sparse_bf16,sparse_bf16,sparse_bf16,sparse_bf16,sparse_bf16,sparse_bf16,sparse_bf16,sparse_bf16,sparse_bf16,sparse_bf16,sparse_bf16,sparse_bf16,sparse_bf16,sparse_bf16,sparse_bf16,sparse_bf16,sparse_bf16,sparse_bf16,sparse_bf16,sparse_bf16,sparse_bf16,sparse_bf16,sparse_bf16,sparse_bf16,sparse_bf16,sparse_bf16,sparse_bf16,sparse_bf16,sparse_bf16,sparse_bf16,sparse_bf16,sparse_bf16,sparse_bf16,sparse_bf16,sparse_bf16,sparse_bf16,sparse_bf16,sparse_bf16,sparse_bf16,sparse_bf16,sparse_bf16,sparse_bf16,sparse_bf16,sparse_bf16,sparse_bf16,sparse_bf16,sparse_bf16,sparse_bf16,sparse_bf16,sparse_bf16,sparse_bf16,sparse_bf16,sparse_bf16,sparse_bf16,sparse_bf16,sparse_bf16,sparse_bf16,sparse_bf16,sparse_bf16,sparse_bf16,sparse_bf16,sparse_bf16,sparse_bf16,sparse_bf16,sparse_bf16,sparse_bf16,sparse_bf16,sparse_bf16,sparse_bf16,sparse_bf16,sparse_bf16,sparse_bf16,sparse_bf16,sparse_bf16,sparse_bf16,sparse_bf16,sparse_bf16,sparse_bf16,sparse_bf16,sparse_bf16,sparse_bf16,sparse_bf16,sparse_bf16,sparse_bf16,sparse_bf16,sparse_bf16,sparse_bf16,sparse_bf16
b8_in128_out1,8,128,1,optimized,aef7bf0e76,sparse_bf16,sparse_bf16,dense_nvfp4,sparse_bf16,dense_nvfp4,dense_bf16,dense_nvfp4,sparse_bf16,dense_nvfp4,dense_bf16,dense_nvfp4,dense_nvfp4,dense_nvfp4,dense_bf16,dense_nvfp4,dense_nvfp4,dense_nvfp4,dense_bf16,dense_nvfp4,dense_nvfp4,dense_nvfp4,dense_bf16,dense_nvfp4,dense_nvfp4,dense_nvfp4,dense_bf16,dense_nvfp4,dense_nvfp4,dense_nvfp4,dense_bf16,dense_nvfp4,dense_nvfp4,dense_nvfp4,dense_bf16,dense_nvfp4,dense_nvfp4,dense_nvfp4,dense_bf16,dense_nvfp4,dense_nvfp4,dense_nvfp4,dense_bf16,dense_nvfp4,sparse_bf16,dense_nvfp4,dense_bf16,dense_nvfp4,sparse_bf16,dense_nvfp4,dense_bf16,dense_nvfp4,sparse_bf16,dense_nvfp4,dense_bf16,dense_nvfp4,sparse_bf16,dense_nvfp4,dense_bf16,dense_nvfp4,dense_nvfp4,dense_nvfp4,dense_bf16,dense_nvfp4,sparse_bf16,dense_nvfp4,dense_bf16,dense_nvfp4,sparse_bf16,dense_nvfp4,dense_bf16,dense_nvfp4,dense_nvfp4,dense_nvfp4,dense_bf16,dense_nvfp4,sparse_bf16,dense_nvfp4,dense_bf16,dense_nvfp4,dense_nvfp4,dense_nvfp4,dense_bf16,dense_nvfp4,dense_nvfp4,dense_nvfp4,dense_bf16,dense_nvfp4,dense_nvfp4,dense_nvfp4,dense_bf16,dense_nvfp4,dense_nvfp4,dense_nvfp4,dense_bf16,dense_nvfp4,sparse_bf16,dense_nvfp4,dense_bf16,dense_nvfp4,dense_nvfp4,dense_nvfp4,dense_bf16,dense_nvfp4,dense_nvfp4,dense_nvfp4,dense_bf16,dense_nvfp4,sparse_bf16,dense_nvfp4,dense_bf16,dense_nvfp4,dense_nvfp4,dense_nvfp4,dense_bf16,dense_nvfp4,dense_nvfp4,dense_nvfp4,dense_bf16,dense_nvfp4,sparse_bf16,dense_nvfp4,dense_bf16,dense_nvfp4,sparse_bf16,dense_bf16,dense_bf16,dense_nvfp4,sparse_bf16
b8_in128_out1,8,128,1,max_speed,a749dcd170,sparse_nvfp4,sparse_bf16,sparse_nvfp4,sparse_bf16,sparse_nvfp4,sparse_bf16,sparse_nvfp4,sparse_bf16,sparse_nvfp4,sparse_bf16,sparse_nvfp4,sparse_bf16,sparse_nvfp4,sparse_bf16,sparse_nvfp4,sparse_bf16,sparse_nvfp4,sparse_bf16,sparse_nvfp4,sparse_bf16,sparse_nvfp4,sparse_bf16,sparse_nvfp4,sparse_bf16,sparse_nvfp4,sparse_bf16,sparse_nvfp4,sparse_bf16,sparse_nvfp4,sparse_bf16,sparse_nvfp4,sparse_bf16,sparse_nvfp4,sparse_bf16,sparse_nvfp4,sparse_bf16,sparse_nvfp4,sparse_bf16,sparse_nvfp4,sparse_bf16,sparse_nvfp4,sparse_bf16,sparse_nvfp4,sparse_bf16,sparse_nvfp4,sparse_bf16,sparse_nvfp4,sparse_bf16,sparse_nvfp4,sparse_bf16,sparse_nvfp4,sparse_bf16,sparse_nvfp4,sparse_bf16,sparse_nvfp4,sparse_bf16,sparse_nvfp4,sparse_bf16,sparse_nvfp4,sparse_bf16,sparse_nvfp4,sparse_bf16,sparse_nvfp4,sparse_bf16,sparse_nvfp4,sparse_bf16,sparse_nvfp4,sparse_bf16,sparse_nvfp4,sparse_bf16,sparse_nvfp4,sparse_bf16,sparse_nvfp4,sparse_bf16,sparse_nvfp4,sparse_bf16,sparse_nvfp4,sparse_bf16,sparse_nvfp4,sparse_bf16,sparse_nvfp4,sparse_bf16,sparse_nvfp4,sparse_bf16,sparse_nvfp4,sparse_bf16,sparse_nvfp4,sparse_bf16,sparse_nvfp4,sparse_bf16,sparse_nvfp4,sparse_bf16,sparse_nvfp4,sparse_bf16,sparse_nvfp4,sparse_bf16,sparse_nvfp4,sparse_bf16,sparse_nvfp4,sparse_bf16,sparse_nvfp4,sparse_bf16,sparse_nvfp4,sparse_bf16,sparse_nvfp4,sparse_bf16,sparse_nvfp4,sparse_bf16,sparse_nvfp4,sparse_bf16,sparse_nvfp4,sparse_bf16,sparse_nvfp4,sparse_bf16,sparse_nvfp4,sparse_bf16,sparse_nvfp4,sparse_bf16,sparse_nvfp4,sparse_bf16,sparse_nvfp4,sparse_bf16,sparse_nvfp4,sparse_bf16,sparse_nvfp4,sparse_bf16,sparse_nvfp4,sparse_bf16
b8_in256_out1,8,256,1,optimized,8f9a116982,sparse_bf16,sparse_bf16,dense_nvfp4,sparse_bf16,dense_nvfp4,dense_bf16,dense_nvfp4,sparse_bf16,dense_nvfp4,dense_bf16,dense_nvfp4,dense_nvfp4,dense_nvfp4,sparse_bf16,dense_nvfp4,dense_nvfp4,dense_nvfp4,dense_bf16,dense_nvfp4,dense_nvfp4,dense_nvfp4,dense_bf16,dense_nvfp4,dense_nvfp4,dense_nvfp4,dense_bf16,dense_nvfp4,dense_nvfp4,dense_nvfp4,dense_bf16,dense_nvfp4,dense_nvfp4,dense_nvfp4,dense_bf16,dense_nvfp4,dense_nvfp4,dense_nvfp4,dense_bf16,dense_nvfp4,dense_nvfp4,dense_nvfp4,dense_bf16,dense_nvfp4,dense_nvfp4,dense_nvfp4,dense_bf16,dense_nvfp4,dense_nvfp4,dense_nvfp4,dense_bf16,dense_nvfp4,dense_nvfp4,dense_nvfp4,dense_bf16,dense_nvfp4,dense_nvfp4,dense_nvfp4,dense_bf16,dense_nvfp4,sparse_bf16,dense_nvfp4,dense_bf16,dense_nvfp4,sparse_bf16,dense_nvfp4,dense_bf16,dense_nvfp4,sparse_bf16,dense_nvfp4,dense_bf16,dense_nvfp4,dense_nvfp4,dense_nvfp4,dense_bf16,dense_nvfp4,sparse_bf16,dense_nvfp4,dense_bf16,dense_nvfp4,dense_nvfp4,dense_nvfp4,dense_bf16,dense_nvfp4,dense_nvfp4,dense_nvfp4,dense_bf16,dense_nvfp4,dense_nvfp4,dense_nvfp4,dense_bf16,dense_nvfp4,dense_nvfp4,dense_nvfp4,dense_bf16,dense_nvfp4,sparse_bf16,dense_nvfp4,dense_bf16,dense_nvfp4,dense_nvfp4,dense_nvfp4,dense_bf16,dense_nvfp4,dense_nvfp4,dense_nvfp4,dense_bf16,dense_nvfp4,sparse_bf16,dense_nvfp4,dense_bf16,dense_nvfp4,dense_nvfp4,dense_nvfp4,dense_bf16,dense_nvfp4,dense_nvfp4,dense_nvfp4,dense_bf16,dense_nvfp4,sparse_bf16,dense_nvfp4,dense_bf16,dense_nvfp4,sparse_bf16,dense_bf16,sparse_bf16,dense_nvfp4,sparse_bf16
b8_in256_out1,8,256,1,max_speed,bedb3240c9,sparse_nvfp4,sparse_nvfp4,sparse_nvfp4,sparse_bf16,sparse_nvfp4,sparse_nvfp4,sparse_nvfp4,sparse_bf16,sparse_nvfp4,sparse_nvfp4,sparse_nvfp4,sparse_bf16,sparse_nvfp4,sparse_nvfp4,sparse_nvfp4,sparse_bf16,sparse_nvfp4,sparse_nvfp4,sparse_nvfp4,sparse_bf16,sparse_nvfp4,sparse_nvfp4,sparse_nvfp4,sparse_bf16,sparse_nvfp4,sparse_nvfp4,sparse_nvfp4,sparse_bf16,sparse_nvfp4,sparse_nvfp4,sparse_nvfp4,sparse_bf16,sparse_nvfp4,sparse_nvfp4,sparse_nvfp4,sparse_bf16,sparse_nvfp4,sparse_nvfp4,sparse_nvfp4,sparse_bf16,sparse_nvfp4,sparse_nvfp4,sparse_nvfp4,sparse_bf16,sparse_nvfp4,sparse_nvfp4,sparse_nvfp4,sparse_bf16,sparse_nvfp4,sparse_nvfp4,sparse_nvfp4,sparse_bf16,sparse_nvfp4,sparse_nvfp4,sparse_nvfp4,sparse_bf16,sparse_nvfp4,sparse_nvfp4,sparse_nvfp4,sparse_bf16,sparse_nvfp4,sparse_nvfp4,sparse_nvfp4,sparse_bf16,sparse_nvfp4,sparse_nvfp4,sparse_nvfp4,sparse_bf16,sparse_nvfp4,sparse_nvfp4,sparse_nvfp4,sparse_bf16,sparse_nvfp4,sparse_nvfp4,sparse_nvfp4,sparse_bf16,sparse_nvfp4,sparse_nvfp4,sparse_nvfp4,sparse_bf16,sparse_nvfp4,sparse_nvfp4,sparse_nvfp4,sparse_bf16,sparse_nvfp4,sparse_nvfp4,sparse_nvfp4,sparse_bf16,sparse_nvfp4,sparse_nvfp4,sparse_nvfp4,sparse_bf16,sparse_nvfp4,sparse_nvfp4,sparse_nvfp4,sparse_bf16,sparse_nvfp4,sparse_nvfp4,sparse_nvfp4,sparse_bf16,sparse_nvfp4,sparse_nvfp4,sparse_nvfp4,sparse_bf16,sparse_nvfp4,sparse_nvfp4,sparse_nvfp4,sparse_bf16,sparse_nvfp4,sparse_nvfp4,sparse_nvfp4,sparse_bf16,sparse_nvfp4,sparse_nvfp4,sparse_nvfp4,sparse_bf16,sparse_nvfp4,sparse_nvfp4,sparse_nvfp4,sparse_bf16,sparse_nvfp4,sparse_nvfp4,sparse_nvfp4,sparse_bf16,sparse_nvfp4,sparse_nvfp4,sparse_nvfp4,sparse_bf16
b8_in512_out1,8,512,1,optimized,6bfff17f22,sparse_bf16,sparse_bf16,dense_nvfp4,sparse_bf16,dense_nvfp4,dense_bf16,dense_nvfp4,sparse_bf16,dense_nvfp4,dense_bf16,dense_nvfp4,dense_nvfp4,dense_nvfp4,dense_bf16,dense_nvfp4,dense_nvfp4,dense_nvfp4,dense_bf16,dense_nvfp4,dense_nvfp4,dense_nvfp4,dense_bf16,dense_nvfp4,dense_nvfp4,dense_nvfp4,dense_bf16,dense_nvfp4,dense_nvfp4,dense_nvfp4,dense_bf16,dense_nvfp4,dense_nvfp4,dense_nvfp4,dense_bf16,dense_nvfp4,dense_nvfp4,dense_nvfp4,dense_bf16,dense_nvfp4,dense_nvfp4,dense_nvfp4,dense_bf16,dense_nvfp4,dense_nvfp4,dense_nvfp4,dense_bf16,dense_nvfp4,dense_nvfp4,dense_nvfp4,dense_bf16,dense_nvfp4,dense_nvfp4,dense_nvfp4,dense_bf16,dense_nvfp4,dense_nvfp4,dense_nvfp4,dense_bf16,dense_nvfp4,dense_nvfp4,dense_nvfp4,dense_bf16,dense_nvfp4,sparse_bf16,dense_nvfp4,dense_bf16,dense_nvfp4,sparse_bf16,dense_nvfp4,dense_bf16,dense_nvfp4,dense_nvfp4,dense_nvfp4,dense_bf16,dense_nvfp4,sparse_bf16,dense_nvfp4,dense_bf16,dense_nvfp4,dense_nvfp4,dense_nvfp4,dense_bf16,dense_nvfp4,dense_nvfp4,dense_nvfp4,dense_bf16,dense_nvfp4,dense_nvfp4,dense_nvfp4,dense_bf16,dense_nvfp4,dense_nvfp4,dense_nvfp4,dense_bf16,dense_nvfp4,sparse_bf16,dense_nvfp4,dense_bf16,dense_nvfp4,dense_nvfp4,dense_nvfp4,dense_bf16,dense_nvfp4,dense_nvfp4,dense_nvfp4,sparse_bf16,dense_nvfp4,sparse_bf16,dense_nvfp4,dense_bf16,dense_nvfp4,dense_nvfp4,dense_nvfp4,dense_bf16,dense_nvfp4,sparse_bf16,dense_nvfp4,dense_bf16,dense_nvfp4,sparse_bf16,dense_nvfp4,dense_bf16,dense_nvfp4,sparse_bf16,dense_bf16,sparse_bf16,dense_nvfp4,sparse_bf16
b8_in512_out1,8,512,1,max_speed,a749dcd170,sparse_nvfp4,sparse_bf16,sparse_nvfp4,sparse_bf16,sparse_nvfp4,sparse_bf16,sparse_nvfp4,sparse_bf16,sparse_nvfp4,sparse_bf16,sparse_nvfp4,sparse_bf16,sparse_nvfp4,sparse_bf16,sparse_nvfp4,sparse_bf16,sparse_nvfp4,sparse_bf16,sparse_nvfp4,sparse_bf16,sparse_nvfp4,sparse_bf16,sparse_nvfp4,sparse_bf16,sparse_nvfp4,sparse_bf16,sparse_nvfp4,sparse_bf16,sparse_nvfp4,sparse_bf16,sparse_nvfp4,sparse_bf16,sparse_nvfp4,sparse_bf16,sparse_nvfp4,sparse_bf16,sparse_nvfp4,sparse_bf16,sparse_nvfp4,sparse_bf16,sparse_nvfp4,sparse_bf16,sparse_nvfp4,sparse_bf16,sparse_nvfp4,sparse_bf16,sparse_nvfp4,sparse_bf16,sparse_nvfp4,sparse_bf16,sparse_nvfp4,sparse_bf16,sparse_nvfp4,sparse_bf16,sparse_nvfp4,sparse_bf16,sparse_nvfp4,sparse_bf16,sparse_nvfp4,sparse_bf16,sparse_nvfp4,sparse_bf16,sparse_nvfp4,sparse_bf16,sparse_nvfp4,sparse_bf16,sparse_nvfp4,sparse_bf16,sparse_nvfp4,sparse_bf16,sparse_nvfp4,sparse_bf16,sparse_nvfp4,sparse_bf16,sparse_nvfp4,sparse_bf16,sparse_nvfp4,sparse_bf16,sparse_nvfp4,sparse_bf16,sparse_nvfp4,sparse_bf16,sparse_nvfp4,sparse_bf16,sparse_nvfp4,sparse_bf16,sparse_nvfp4,sparse_bf16,sparse_nvfp4,sparse_bf16,sparse_nvfp4,sparse_bf16,sparse_nvfp4,sparse_bf16,sparse_nvfp4,sparse_bf16,sparse_nvfp4,sparse_bf16,sparse_nvfp4,sparse_bf16,sparse_nvfp4,sparse_bf16,sparse_nvfp4,sparse_bf16,sparse_nvfp4,sparse_bf16,sparse_nvfp4,sparse_bf16,sparse_nvfp4,sparse_bf16,sparse_nvfp4,sparse_bf16,sparse_nvfp4,sparse_bf16,sparse_nvfp4,sparse_bf16,sparse_nvfp4,sparse_bf16,sparse_nvfp4,sparse_bf16,sparse_nvfp4,sparse_bf16,sparse_nvfp4,sparse_bf16,sparse_nvfp4,sparse_bf16,sparse_nvfp4,sparse_bf16
b8_in1024_out1,8,1024,1,optimized,7a70c1f41e,sparse_bf16,sparse_bf16,dense_nvfp4,sparse_bf16,dense_nvfp4,dense_bf16,dense_nvfp4,sparse_bf16,dense_nvfp4,dense_bf16,dense_nvfp4,dense_nvfp4,dense_nvfp4,dense_bf16,dense_nvfp4,dense_nvfp4,dense_nvfp4,dense_bf16,dense_nvfp4,dense_nvfp4,dense_nvfp4,dense_bf16,dense_nvfp4,dense_nvfp4,dense_nvfp4,dense_bf16,dense_nvfp4,dense_nvfp4,dense_nvfp4,dense_bf16,dense_nvfp4,dense_nvfp4,dense_nvfp4,dense_bf16,dense_nvfp4,dense_nvfp4,dense_nvfp4,dense_bf16,dense_nvfp4,dense_nvfp4,dense_nvfp4,dense_bf16,dense_nvfp4,dense_nvfp4,dense_nvfp4,dense_bf16,dense_nvfp4,dense_nvfp4,dense_nvfp4,dense_bf16,dense_nvfp4,dense_nvfp4,dense_nvfp4,dense_bf16,dense_nvfp4,dense_nvfp4,dense_nvfp4,dense_bf16,dense_nvfp4,dense_nvfp4,dense_nvfp4,dense_bf16,dense_nvfp4,sparse_bf16,dense_nvfp4,dense_bf16,dense_nvfp4,sparse_bf16,dense_nvfp4,dense_bf16,dense_nvfp4,dense_nvfp4,dense_nvfp4,dense_bf16,dense_nvfp4,sparse_bf16,dense_nvfp4,dense_bf16,dense_nvfp4,dense_nvfp4,dense_nvfp4,dense_bf16,dense_nvfp4,dense_nvfp4,dense_nvfp4,dense_bf16,dense_nvfp4,dense_nvfp4,dense_nvfp4,dense_bf16,dense_nvfp4,sparse_bf16,dense_nvfp4,dense_bf16,dense_nvfp4,sparse_bf16,dense_nvfp4,dense_bf16,dense_nvfp4,dense_nvfp4,dense_nvfp4,dense_bf16,dense_nvfp4,sparse_bf16,dense_nvfp4,dense_bf16,dense_nvfp4,sparse_bf16,dense_nvfp4,dense_bf16,dense_nvfp4,sparse_bf16,dense_nvfp4,dense_bf16,dense_nvfp4,sparse_bf16,dense_nvfp4,dense_bf16,dense_nvfp4,sparse_bf16,dense_nvfp4,dense_bf16,dense_nvfp4,sparse_bf16,dense_bf16,dense_bf16,dense_nvfp4,sparse_bf16
b8_in1024_out1,8,1024,1,max_speed,a749dcd170,sparse_nvfp4,sparse_bf16,sparse_nvfp4,sparse_bf16,sparse_nvfp4,sparse_bf16,sparse_nvfp4,sparse_bf16,sparse_nvfp4,sparse_bf16,sparse_nvfp4,sparse_bf16,sparse_nvfp4,sparse_bf16,sparse_nvfp4,sparse_bf16,sparse_nvfp4,sparse_bf16,sparse_nvfp4,sparse_bf16,sparse_nvfp4,sparse_bf16,sparse_nvfp4,sparse_bf16,sparse_nvfp4,sparse_bf16,sparse_nvfp4,sparse_bf16,sparse_nvfp4,sparse_bf16,sparse_nvfp4,sparse_bf16,sparse_nvfp4,sparse_bf16,sparse_nvfp4,sparse_bf16,sparse_nvfp4,sparse_bf16,sparse_nvfp4,sparse_bf16,sparse_nvfp4,sparse_bf16,sparse_nvfp4,sparse_bf16,sparse_nvfp4,sparse_bf16,sparse_nvfp4,sparse_bf16,sparse_nvfp4,sparse_bf16,sparse_nvfp4,sparse_bf16,sparse_nvfp4,sparse_bf16,sparse_nvfp4,sparse_bf16,sparse_nvfp4,sparse_bf16,sparse_nvfp4,sparse_bf16,sparse_nvfp4,sparse_bf16,sparse_nvfp4,sparse_bf16,sparse_nvfp4,sparse_bf16,sparse_nvfp4,sparse_bf16,sparse_nvfp4,sparse_bf16,sparse_nvfp4,sparse_bf16,sparse_nvfp4,sparse_bf16,sparse_nvfp4,sparse_bf16,sparse_nvfp4,sparse_bf16,sparse_nvfp4,sparse_bf16,sparse_nvfp4,sparse_bf16,sparse_nvfp4,sparse_bf16,sparse_nvfp4,sparse_bf16,sparse_nvfp4,sparse_bf16,sparse_nvfp4,sparse_bf16,sparse_nvfp4,sparse_bf16,sparse_nvfp4,sparse_bf16,sparse_nvfp4,sparse_bf16,sparse_nvfp4,sparse_bf16,sparse_nvfp4,sparse_bf16,sparse_nvfp4,sparse_bf16,sparse_nvfp4,sparse_bf16,sparse_nvfp4,sparse_bf16,sparse_nvfp4,sparse_bf16,sparse_nvfp4,sparse_bf16,sparse_nvfp4,sparse_bf16,sparse_nvfp4,sparse_bf16,sparse_nvfp4,sparse_bf16,sparse_nvfp4,sparse_bf16,sparse_nvfp4,sparse_bf16,sparse_nvfp4,sparse_bf16,sparse_nvfp4,sparse_bf16,sparse_nvfp4,sparse_bf16,sparse_nvfp4,sparse_bf16
b8_in2048_out1,8,2048,1,optimized,4f61f4ce62,sparse_bf16,sparse_bf16,dense_nvfp4,sparse_bf16,dense_nvfp4,dense_bf16,dense_nvfp4,sparse_bf16,dense_nvfp4,dense_bf16,dense_nvfp4,dense_nvfp4,dense_nvfp4,dense_bf16,dense_nvfp4,dense_bf16,dense_nvfp4,dense_bf16,dense_nvfp4,sparse_bf16,dense_nvfp4,dense_bf16,dense_nvfp4,dense_nvfp4,dense_nvfp4,dense_bf16,dense_nvfp4,sparse_bf16,dense_nvfp4,dense_bf16,dense_nvfp4,dense_nvfp4,dense_nvfp4,dense_bf16,dense_nvfp4,dense_nvfp4,dense_nvfp4,dense_bf16,dense_nvfp4,dense_nvfp4,dense_nvfp4,dense_bf16,dense_nvfp4,sparse_bf16,dense_nvfp4,dense_bf16,dense_nvfp4,sparse_bf16,dense_nvfp4,dense_bf16,dense_nvfp4,sparse_bf16,dense_nvfp4,dense_bf16,dense_nvfp4,sparse_bf16,dense_nvfp4,dense_bf16,dense_nvfp4,sparse_bf16,dense_nvfp4,dense_bf16,dense_nvfp4,sparse_bf16,dense_nvfp4,dense_bf16,dense_nvfp4,sparse_bf16,dense_nvfp4,dense_bf16,dense_nvfp4,sparse_bf16,dense_nvfp4,dense_bf16,dense_nvfp4,sparse_bf16,dense_nvfp4,dense_bf16,dense_nvfp4,dense_nvfp4,dense_nvfp4,dense_bf16,dense_nvfp4,dense_nvfp4,dense_bf16,dense_bf16,dense_nvfp4,sparse_bf16,dense_nvfp4,dense_bf16,dense_nvfp4,sparse_bf16,dense_nvfp4,dense_bf16,dense_nvfp4,sparse_bf16,dense_nvfp4,dense_bf16,dense_nvfp4,sparse_bf16,dense_nvfp4,dense_bf16,dense_nvfp4,sparse_bf16,dense_nvfp4,dense_bf16,dense_nvfp4,sparse_bf16,dense_nvfp4,dense_bf16,dense_nvfp4,sparse_bf16,dense_nvfp4,dense_bf16,dense_nvfp4,sparse_bf16,dense_nvfp4,dense_bf16,dense_nvfp4,sparse_bf16,dense_bf16,dense_bf16,dense_nvfp4,sparse_bf16,dense_bf16,dense_bf16,dense_nvfp4,sparse_bf16
b8_in2048_out1,8,2048,1,max_speed,a749dcd170,sparse_nvfp4,sparse_bf16,sparse_nvfp4,sparse_bf16,sparse_nvfp4,sparse_bf16,sparse_nvfp4,sparse_bf16,sparse_nvfp4,sparse_bf16,sparse_nvfp4,sparse_bf16,sparse_nvfp4,sparse_bf16,sparse_nvfp4,sparse_bf16,sparse_nvfp4,sparse_bf16,sparse_nvfp4,sparse_bf16,sparse_nvfp4,sparse_bf16,sparse_nvfp4,sparse_bf16,sparse_nvfp4,sparse_bf16,sparse_nvfp4,sparse_bf16,sparse_nvfp4,sparse_bf16,sparse_nvfp4,sparse_bf16,sparse_nvfp4,sparse_bf16,sparse_nvfp4,sparse_bf16,sparse_nvfp4,sparse_bf16,sparse_nvfp4,sparse_bf16,sparse_nvfp4,sparse_bf16,sparse_nvfp4,sparse_bf16,sparse_nvfp4,sparse_bf16,sparse_nvfp4,sparse_bf16,sparse_nvfp4,sparse_bf16,sparse_nvfp4,sparse_bf16,sparse_nvfp4,sparse_bf16,sparse_nvfp4,sparse_bf16,sparse_nvfp4,sparse_bf16,sparse_nvfp4,sparse_bf16,sparse_nvfp4,sparse_bf16,sparse_nvfp4,sparse_bf16,sparse_nvfp4,sparse_bf16,sparse_nvfp4,sparse_bf16,sparse_nvfp4,sparse_bf16,sparse_nvfp4,sparse_bf16,sparse_nvfp4,sparse_bf16,sparse_nvfp4,sparse_bf16,sparse_nvfp4,sparse_bf16,sparse_nvfp4,sparse_bf16,sparse_nvfp4,sparse_bf16,sparse_nvfp4,sparse_bf16,sparse_nvfp4,sparse_bf16,sparse_nvfp4,sparse_bf16,sparse_nvfp4,sparse_bf16,sparse_nvfp4,sparse_bf16,sparse_nvfp4,sparse_bf16,sparse_nvfp4,sparse_bf16,sparse_nvfp4,sparse_bf16,sparse_nvfp4,sparse_bf16,sparse_nvfp4,sparse_bf16,sparse_nvfp4,sparse_bf16,sparse_nvfp4,sparse_bf16,sparse_nvfp4,sparse_bf16,sparse_nvfp4,sparse_bf16,sparse_nvfp4,sparse_bf16,sparse_nvfp4,sparse_bf16,sparse_nvfp4,sparse_bf16,sparse_nvfp4,sparse_bf16,sparse_nvfp4,sparse_bf16,sparse_nvfp4,sparse_bf16,sparse_nvfp4,sparse_bf16,sparse_nvfp4,sparse_bf16,sparse_nvfp4,sparse_bf16
b8_in4096_out1,8,4096,1,optimized,99d0c3c909,sparse_bf16,sparse_bf16,dense_nvfp4,sparse_bf16,dense_nvfp4,dense_bf16,dense_nvfp4,sparse_bf16,sparse_bf16,dense_bf16,dense_nvfp4,dense_nvfp4,dense_nvfp4,dense_bf16,dense_nvfp4,dense_nvfp4,dense_nvfp4,dense_bf16,dense_nvfp4,dense_nvfp4,dense_nvfp4,dense_bf16,dense_nvfp4,dense_nvfp4,dense_nvfp4,dense_bf16,dense_nvfp4,dense_nvfp4,dense_nvfp4,dense_bf16,dense_nvfp4,dense_nvfp4,dense_nvfp4,dense_bf16,dense_nvfp4,dense_nvfp4,dense_nvfp4,dense_bf16,dense_nvfp4,dense_nvfp4,dense_nvfp4,dense_bf16,dense_nvfp4,sparse_bf16,dense_nvfp4,dense_bf16,dense_nvfp4,sparse_bf16,dense_nvfp4,dense_bf16,dense_nvfp4,sparse_bf16,dense_nvfp4,dense_bf16,dense_nvfp4,sparse_bf16,dense_nvfp4,dense_bf16,dense_nvfp4,sparse_bf16,dense_nvfp4,dense_bf16,dense_nvfp4,sparse_bf16,dense_nvfp4,dense_bf16,dense_nvfp4,sparse_bf16,dense_nvfp4,dense_bf16,dense_nvfp4,dense_nvfp4,dense_nvfp4,dense_bf16,dense_nvfp4,sparse_bf16,dense_nvfp4,dense_bf16,dense_nvfp4,dense_nvfp4,dense_nvfp4,dense_bf16,dense_nvfp4,dense_nvfp4,dense_nvfp4,dense_bf16,dense_nvfp4,dense_nvfp4,dense_nvfp4,dense_bf16,dense_nvfp4,dense_nvfp4,dense_nvfp4,dense_bf16,dense_nvfp4,sparse_bf16,dense_nvfp4,dense_bf16,dense_nvfp4,dense_nvfp4,dense_nvfp4,dense_bf16,dense_nvfp4,dense_nvfp4,dense_nvfp4,dense_bf16,dense_nvfp4,sparse_bf16,dense_nvfp4,dense_bf16,dense_nvfp4,sparse_bf16,dense_nvfp4,dense_bf16,dense_nvfp4,sparse_bf16,dense_nvfp4,dense_bf16,dense_nvfp4,sparse_bf16,dense_bf16,dense_bf16,dense_nvfp4,sparse_bf16,dense_bf16,sparse_bf16,dense_nvfp4,sparse_bf16
b8_in4096_out1,8,4096,1,max_speed,a749dcd170,sparse_nvfp4,sparse_bf16,sparse_nvfp4,sparse_bf16,sparse_nvfp4,sparse_bf16,sparse_nvfp4,sparse_bf16,sparse_nvfp4,sparse_bf16,sparse_nvfp4,sparse_bf16,sparse_nvfp4,sparse_bf16,sparse_nvfp4,sparse_bf16,sparse_nvfp4,sparse_bf16,sparse_nvfp4,sparse_bf16,sparse_nvfp4,sparse_bf16,sparse_nvfp4,sparse_bf16,sparse_nvfp4,sparse_bf16,sparse_nvfp4,sparse_bf16,sparse_nvfp4,sparse_bf16,sparse_nvfp4,sparse_bf16,sparse_nvfp4,sparse_bf16,sparse_nvfp4,sparse_bf16,sparse_nvfp4,sparse_bf16,sparse_nvfp4,sparse_bf16,sparse_nvfp4,sparse_bf16,sparse_nvfp4,sparse_bf16,sparse_nvfp4,sparse_bf16,sparse_nvfp4,sparse_bf16,sparse_nvfp4,sparse_bf16,sparse_nvfp4,sparse_bf16,sparse_nvfp4,sparse_bf16,sparse_nvfp4,sparse_bf16,sparse_nvfp4,sparse_bf16,sparse_nvfp4,sparse_bf16,sparse_nvfp4,sparse_bf16,sparse_nvfp4,sparse_bf16,sparse_nvfp4,sparse_bf16,sparse_nvfp4,sparse_bf16,sparse_nvfp4,sparse_bf16,sparse_nvfp4,sparse_bf16,sparse_nvfp4,sparse_bf16,sparse_nvfp4,sparse_bf16,sparse_nvfp4,sparse_bf16,sparse_nvfp4,sparse_bf16,sparse_nvfp4,sparse_bf16,sparse_nvfp4,sparse_bf16,sparse_nvfp4,sparse_bf16,sparse_nvfp4,sparse_bf16,sparse_nvfp4,sparse_bf16,sparse_nvfp4,sparse_bf16,sparse_nvfp4,sparse_bf16,sparse_nvfp4,sparse_bf16,sparse_nvfp4,sparse_bf16,sparse_nvfp4,sparse_bf16,sparse_nvfp4,sparse_bf16,sparse_nvfp4,sparse_bf16,sparse_nvfp4,sparse_bf16,sparse_nvfp4,sparse_bf16,sparse_nvfp4,sparse_bf16,sparse_nvfp4,sparse_bf16,sparse_nvfp4,sparse_bf16,sparse_nvfp4,sparse_bf16,sparse_nvfp4,sparse_bf16,sparse_nvfp4,sparse_bf16,sparse_nvfp4,sparse_bf16,sparse_nvfp4,sparse_bf16,sparse_nvfp4,sparse_bf16,sparse_nvfp4,sparse_bf16
b8_in8192_out1,8,8192,1,optimized,7eb213cf8f,sparse_bf16,sparse_bf16,dense_nvfp4,sparse_bf16,sparse_bf16,dense_bf16,dense_nvfp4,sparse_bf16,sparse_bf16,dense_bf16,dense_nvfp4,sparse_bf16,dense_nvfp4,dense_bf16,dense_nvfp4,sparse_bf16,sparse_bf16,dense_bf16,dense_nvfp4,sparse_bf16,dense_nvfp4,dense_bf16,dense_nvfp4,dense_nvfp4,dense_nvfp4,dense_bf16,dense_nvfp4,sparse_bf16,dense_nvfp4,dense_bf16,dense_nvfp4,sparse_bf16,dense_nvfp4,dense_bf16,dense_nvfp4,sparse_bf16,dense_nvfp4,dense_bf16,dense_nvfp4,sparse_bf16,dense_nvfp4,dense_bf16,dense_nvfp4,sparse_bf16,dense_nvfp4,dense_bf16,dense_nvfp4,sparse_bf16,dense_nvfp4,dense_bf16,dense_nvfp4,sparse_bf16,dense_nvfp4,dense_bf16,dense_nvfp4,sparse_bf16,dense_nvfp4,dense_bf16,dense_nvfp4,sparse_bf16,sparse_bf16,dense_bf16,sparse_bf16,sparse_bf16,dense_nvfp4,dense_bf16,dense_nvfp4,sparse_bf16,dense_nvfp4,dense_bf16,dense_nvfp4,sparse_bf16,dense_bf16,dense_bf16,dense_nvfp4,sparse_bf16,dense_nvfp4,dense_bf16,dense_nvfp4,sparse_bf16,dense_nvfp4,dense_bf16,dense_nvfp4,sparse_bf16,dense_bf16,dense_bf16,dense_nvfp4,sparse_bf16,dense_nvfp4,dense_bf16,dense_nvfp4,sparse_bf16,dense_nvfp4,dense_bf16,dense_nvfp4,sparse_bf16,dense_bf16,dense_bf16,dense_nvfp4,sparse_bf16,dense_bf16,sparse_bf16,dense_nvfp4,sparse_bf16,dense_bf16,sparse_bf16,sparse_bf16,sparse_bf16,dense_nvfp4,dense_bf16,dense_nvfp4,sparse_bf16,dense_nvfp4,dense_bf16,dense_nvfp4,sparse_bf16,dense_bf16,dense_bf16,dense_nvfp4,sparse_bf16,dense_bf16,dense_bf16,dense_nvfp4,sparse_bf16,dense_bf16,sparse_bf16,sparse_bf16,sparse_bf16
b8_in8192_out1,8,8192,1,max_speed,1556299ab3,sparse_bf16,sparse_bf16,sparse_bf16,sparse_bf16,sparse_bf16,sparse_bf16,sparse_bf16,sparse_bf16,sparse_bf16,sparse_bf16,sparse_bf16,sparse_bf16,sparse_bf16,sparse_bf16,sparse_bf16,sparse_bf16,sparse_bf16,sparse_bf16,sparse_bf16,sparse_bf16,sparse_bf16,sparse_bf16,sparse_bf16,sparse_bf16,sparse_bf16,sparse_bf16,sparse_bf16,sparse_bf16,sparse_bf16,sparse_bf16,sparse_bf16,sparse_bf16,sparse_bf16,sparse_bf16,sparse_bf16,sparse_bf16,sparse_bf16,sparse_bf16,sparse_bf16,sparse_bf16,sparse_bf16,sparse_bf16,sparse_bf16,sparse_bf16,sparse_bf16,sparse_bf16,sparse_bf16,sparse_bf16,sparse_bf16,sparse_bf16,sparse_bf16,sparse_bf16,sparse_bf16,sparse_bf16,sparse_bf16,sparse_bf16,sparse_bf16,sparse_bf16,sparse_bf16,sparse_bf16,sparse_bf16,sparse_bf16,sparse_bf16,sparse_bf16,sparse_bf16,sparse_bf16,sparse_bf16,sparse_bf16,sparse_bf16,sparse_bf16,sparse_bf16,sparse_bf16,sparse_bf16,sparse_bf16,sparse_bf16,sparse_bf16,sparse_bf16,sparse_bf16,sparse_bf16,sparse_bf16,sparse_bf16,sparse_bf16,sparse_bf16,sparse_bf16,sparse_bf16,sparse_bf16,sparse_bf16,sparse_bf16,sparse_bf16,sparse_bf16,sparse_bf16,sparse_bf16,sparse_bf16,sparse_bf16,sparse_bf16,sparse_bf16,sparse_bf16,sparse_bf16,sparse_bf16,sparse_bf16,sparse_bf16,sparse_bf16,sparse_bf16,sparse_bf16,sparse_bf16,sparse_bf16,sparse_bf16,sparse_bf16,sparse_bf16,sparse_bf16,sparse_bf16,sparse_bf16,sparse_bf16,sparse_bf16,sparse_bf16,sparse_bf16,sparse_bf16,sparse_bf16,sparse_bf16,sparse_bf16,sparse_bf16,sparse_bf16,sparse_bf16,sparse_bf16,sparse_bf16,sparse_bf16,sparse_bf16,sparse_bf16
b8_in16384_out1,8,16384,1,optimized,8667ea141d,sparse_bf16,sparse_bf16,dense_nvfp4,sparse_bf16,sparse_bf16,dense_bf16,dense_nvfp4,sparse_bf16,sparse_bf16,dense_bf16,sparse_bf16,sparse_bf16,sparse_bf16,dense_bf16,sparse_bf16,sparse_bf16,sparse_bf16,dense_bf16,sparse_bf16,sparse_bf16,dense_bf16,dense_bf16,sparse_bf16,sparse_bf16,sparse_bf16,dense_bf16,sparse_bf16,sparse_bf16,dense_bf16,dense_bf16,sparse_bf16,sparse_bf16,sparse_bf16,dense_bf16,sparse_bf16,sparse_bf16,dense_bf16,dense_bf16,sparse_bf16,sparse_bf16,sparse_bf16,dense_bf16,sparse_bf16,sparse_bf16,dense_bf16,dense_bf16,sparse_bf16,sparse_bf16,dense_bf16,dense_bf16,sparse_bf16,sparse_bf16,dense_bf16,dense_bf16,sparse_bf16,sparse_bf16,dense_bf16,dense_bf16,sparse_bf16,sparse_bf16,sparse_bf16,dense_bf16,sparse_bf16,sparse_bf16,dense_bf16,dense_bf16,sparse_bf16,sparse_bf16,dense_bf16,dense_bf16,sparse_bf16,sparse_bf16,dense_bf16,dense_bf16,sparse_bf16,sparse_bf16,dense_bf16,dense_bf16,sparse_bf16,sparse_bf16,dense_bf16,dense_bf16,sparse_bf16,sparse_bf16,dense_bf16,dense_bf16,sparse_bf16,sparse_bf16,dense_bf16,dense_bf16,sparse_bf16,sparse_bf16,dense_bf16,dense_bf16,sparse_bf16,sparse_bf16,dense_bf16,dense_bf16,sparse_bf16,sparse_bf16,dense_bf16,sparse_bf16,sparse_bf16,sparse_bf16,dense_bf16,sparse_bf16,sparse_bf16,sparse_bf16,dense_bf16,dense_bf16,sparse_bf16,sparse_bf16,dense_bf16,dense_bf16,sparse_bf16,sparse_bf16,dense_bf16,dense_bf16,sparse_bf16,sparse_bf16,dense_bf16,dense_bf16,sparse_bf16,sparse_bf16,dense_bf16,sparse_bf16,sparse_bf16,sparse_bf16
b8_in16384_out1,8,16384,1,max_speed,1556299ab3,sparse_bf16,sparse_bf16,sparse_bf16,sparse_bf16,sparse_bf16,sparse_bf16,sparse_bf16,sparse_bf16,sparse_bf16,sparse_bf16,sparse_bf16,sparse_bf16,sparse_bf16,sparse_bf16,sparse_bf16,sparse_bf16,sparse_bf16,sparse_bf16,sparse_bf16,sparse_bf16,sparse_bf16,sparse_bf16,sparse_bf16,sparse_bf16,sparse_bf16,sparse_bf16,sparse_bf16,sparse_bf16,sparse_bf16,sparse_bf16,sparse_bf16,sparse_bf16,sparse_bf16,sparse_bf16,sparse_bf16,sparse_bf16,sparse_bf16,sparse_bf16,sparse_bf16,sparse_bf16,sparse_bf16,sparse_bf16,sparse_bf16,sparse_bf16,sparse_bf16,sparse_bf16,sparse_bf16,sparse_bf16,sparse_bf16,sparse_bf16,sparse_bf16,sparse_bf16,sparse_bf16,sparse_bf16,sparse_bf16,sparse_bf16,sparse_bf16,sparse_bf16,sparse_bf16,sparse_bf16,sparse_bf16,sparse_bf16,sparse_bf16,sparse_bf16,sparse_bf16,sparse_bf16,sparse_bf16,sparse_bf16,sparse_bf16,sparse_bf16,sparse_bf16,sparse_bf16,sparse_bf16,sparse_bf16,sparse_bf16,sparse_bf16,sparse_bf16,sparse_bf16,sparse_bf16,sparse_bf16,sparse_bf16,sparse_bf16,sparse_bf16,sparse_bf16,sparse_bf16,sparse_bf16,sparse_bf16,sparse_bf16,sparse_bf16,sparse_bf16,sparse_bf16,sparse_bf16,sparse_bf16,sparse_bf16,sparse_bf16,sparse_bf16,sparse_bf16,sparse_bf16,sparse_bf16,sparse_bf16,sparse_bf16,sparse_bf16,sparse_bf16,sparse_bf16,sparse_bf16,sparse_bf16,sparse_bf16,sparse_bf16,sparse_bf16,sparse_bf16,sparse_bf16,sparse_bf16,sparse_bf16,sparse_bf16,sparse_bf16,sparse_bf16,sparse_bf16,sparse_bf16,sparse_bf16,sparse_bf16,sparse_bf16,sparse_bf16,sparse_bf16,sparse_bf16,sparse_bf16,sparse_bf16,sparse_bf16,sparse_bf16
b8_in32768_out1,8,32768,1,optimized,ab9f82de5a,sparse_bf16,sparse_bf16,sparse_bf16,sparse_bf16,sparse_bf16,dense_bf16,dense_bf16,sparse_bf16,sparse_bf16,dense_bf16,sparse_bf16,sparse_bf16,sparse_bf16,dense_bf16,sparse_bf16,sparse_bf16,sparse_bf16,dense_bf16,sparse_bf16,sparse_bf16,dense_bf16,dense_bf16,sparse_bf16,sparse_bf16,sparse_bf16,dense_bf16,sparse_bf16,sparse_bf16,dense_bf16,dense_bf16,sparse_bf16,sparse_bf16,sparse_bf16,dense_bf16,sparse_bf16,sparse_bf16,dense_bf16,dense_bf16,sparse_bf16,sparse_bf16,sparse_bf16,dense_bf16,sparse_bf16,sparse_bf16,dense_bf16,dense_bf16,sparse_bf16,sparse_bf16,dense_bf16,dense_bf16,sparse_bf16,sparse_bf16,dense_bf16,dense_bf16,sparse_bf16,sparse_bf16,dense_bf16,dense_bf16,sparse_bf16,sparse_bf16,sparse_bf16,dense_bf16,sparse_bf16,sparse_bf16,dense_bf16,dense_bf16,sparse_bf16,sparse_bf16,dense_bf16,dense_bf16,sparse_bf16,sparse_bf16,dense_bf16,dense_bf16,sparse_bf16,sparse_bf16,dense_bf16,dense_bf16,sparse_bf16,sparse_bf16,dense_bf16,dense_bf16,sparse_bf16,sparse_bf16,dense_bf16,dense_bf16,sparse_bf16,sparse_bf16,dense_bf16,dense_bf16,sparse_bf16,sparse_bf16,dense_bf16,dense_bf16,sparse_bf16,sparse_bf16,dense_bf16,dense_bf16,sparse_bf16,sparse_bf16,dense_bf16,sparse_bf16,sparse_bf16,sparse_bf16,dense_bf16,sparse_bf16,sparse_bf16,sparse_bf16,dense_bf16,dense_bf16,sparse_bf16,sparse_bf16,dense_bf16,dense_bf16,sparse_bf16,sparse_bf16,dense_bf16,dense_bf16,sparse_bf16,sparse_bf16,dense_bf16,dense_bf16,sparse_bf16,sparse_bf16,dense_bf16,sparse_bf16,sparse_bf16,sparse_bf16
b8_in32768_out1,8,32768,1,max_speed,1556299ab3,sparse_bf16,sparse_bf16,sparse_bf16,sparse_bf16,sparse_bf16,sparse_bf16,sparse_bf16,sparse_bf16,sparse_bf16,sparse_bf16,sparse_bf16,sparse_bf16,sparse_bf16,sparse_bf16,sparse_bf16,sparse_bf16,sparse_bf16,sparse_bf16,sparse_bf16,sparse_bf16,sparse_bf16,sparse_bf16,sparse_bf16,sparse_bf16,sparse_bf16,sparse_bf16,sparse_bf16,sparse_bf16,sparse_bf16,sparse_bf16,sparse_bf16,sparse_bf16,sparse_bf16,sparse_bf16,sparse_bf16,sparse_bf16,sparse_bf16,sparse_bf16,sparse_bf16,sparse_bf16,sparse_bf16,sparse_bf16,sparse_bf16,sparse_bf16,sparse_bf16,sparse_bf16,sparse_bf16,sparse_bf16,sparse_bf16,sparse_bf16,sparse_bf16,sparse_bf16,sparse_bf16,sparse_bf16,sparse_bf16,sparse_bf16,sparse_bf16,sparse_bf16,sparse_bf16,sparse_bf16,sparse_bf16,sparse_bf16,sparse_bf16,sparse_bf16,sparse_bf16,sparse_bf16,sparse_bf16,sparse_bf16,sparse_bf16,sparse_bf16,sparse_bf16,sparse_bf16,sparse_bf16,sparse_bf16,sparse_bf16,sparse_bf16,sparse_bf16,sparse_bf16,sparse_bf16,sparse_bf16,sparse_bf16,sparse_bf16,sparse_bf16,sparse_bf16,sparse_bf16,sparse_bf16,sparse_bf16,sparse_bf16,sparse_bf16,sparse_bf16,sparse_bf16,sparse_bf16,sparse_bf16,sparse_bf16,sparse_bf16,sparse_bf16,sparse_bf16,sparse_bf16,sparse_bf16,sparse_bf16,sparse_bf16,sparse_bf16,sparse_bf16,sparse_bf16,sparse_bf16,sparse_bf16,sparse_bf16,sparse_bf16,sparse_bf16,sparse_bf16,sparse_bf16,sparse_bf16,sparse_bf16,sparse_bf16,sparse_bf16,sparse_bf16,sparse_bf16,sparse_bf16,sparse_bf16,sparse_bf16,sparse_bf16,sparse_bf16,sparse_bf16,sparse_bf16,sparse_bf16,sparse_bf16,sparse_bf16,sparse_bf16
b16_in128_out1,16,128,1,optimized,8f9a116982,sparse_bf16,sparse_bf16,dense_nvfp4,sparse_bf16,dense_nvfp4,dense_bf16,dense_nvfp4,sparse_bf16,dense_nvfp4,dense_bf16,dense_nvfp4,dense_nvfp4,dense_nvfp4,sparse_bf16,dense_nvfp4,dense_nvfp4,dense_nvfp4,dense_bf16,dense_nvfp4,dense_nvfp4,dense_nvfp4,dense_bf16,dense_nvfp4,dense_nvfp4,dense_nvfp4,dense_bf16,dense_nvfp4,dense_nvfp4,dense_nvfp4,dense_bf16,dense_nvfp4,dense_nvfp4,dense_nvfp4,dense_bf16,dense_nvfp4,dense_nvfp4,dense_nvfp4,dense_bf16,dense_nvfp4,dense_nvfp4,dense_nvfp4,dense_bf16,dense_nvfp4,dense_nvfp4,dense_nvfp4,dense_bf16,dense_nvfp4,dense_nvfp4,dense_nvfp4,dense_bf16,dense_nvfp4,dense_nvfp4,dense_nvfp4,dense_bf16,dense_nvfp4,dense_nvfp4,dense_nvfp4,dense_bf16,dense_nvfp4,sparse_bf16,dense_nvfp4,dense_bf16,dense_nvfp4,sparse_bf16,dense_nvfp4,dense_bf16,dense_nvfp4,sparse_bf16,dense_nvfp4,dense_bf16,dense_nvfp4,dense_nvfp4,dense_nvfp4,dense_bf16,dense_nvfp4,sparse_bf16,dense_nvfp4,dense_bf16,dense_nvfp4,dense_nvfp4,dense_nvfp4,dense_bf16,dense_nvfp4,dense_nvfp4,dense_nvfp4,dense_bf16,dense_nvfp4,dense_nvfp4,dense_nvfp4,dense_bf16,dense_nvfp4,dense_nvfp4,dense_nvfp4,dense_bf16,dense_nvfp4,sparse_bf16,dense_nvfp4,dense_bf16,dense_nvfp4,dense_nvfp4,dense_nvfp4,dense_bf16,dense_nvfp4,dense_nvfp4,dense_nvfp4,dense_bf16,dense_nvfp4,sparse_bf16,dense_nvfp4,dense_bf16,dense_nvfp4,dense_nvfp4,dense_nvfp4,dense_bf16,dense_nvfp4,dense_nvfp4,dense_nvfp4,dense_bf16,dense_nvfp4,sparse_bf16,dense_nvfp4,dense_bf16,dense_nvfp4,sparse_bf16,dense_bf16,sparse_bf16,dense_nvfp4,sparse_bf16
b16_in128_out1,16,128,1,max_speed,bedb3240c9,sparse_nvfp4,sparse_nvfp4,sparse_nvfp4,sparse_bf16,sparse_nvfp4,sparse_nvfp4,sparse_nvfp4,sparse_bf16,sparse_nvfp4,sparse_nvfp4,sparse_nvfp4,sparse_bf16,sparse_nvfp4,sparse_nvfp4,sparse_nvfp4,sparse_bf16,sparse_nvfp4,sparse_nvfp4,sparse_nvfp4,sparse_bf16,sparse_nvfp4,sparse_nvfp4,sparse_nvfp4,sparse_bf16,sparse_nvfp4,sparse_nvfp4,sparse_nvfp4,sparse_bf16,sparse_nvfp4,sparse_nvfp4,sparse_nvfp4,sparse_bf16,sparse_nvfp4,sparse_nvfp4,sparse_nvfp4,sparse_bf16,sparse_nvfp4,sparse_nvfp4,sparse_nvfp4,sparse_bf16,sparse_nvfp4,sparse_nvfp4,sparse_nvfp4,sparse_bf16,sparse_nvfp4,sparse_nvfp4,sparse_nvfp4,sparse_bf16,sparse_nvfp4,sparse_nvfp4,sparse_nvfp4,sparse_bf16,sparse_nvfp4,sparse_nvfp4,sparse_nvfp4,sparse_bf16,sparse_nvfp4,sparse_nvfp4,sparse_nvfp4,sparse_bf16,sparse_nvfp4,sparse_nvfp4,sparse_nvfp4,sparse_bf16,sparse_nvfp4,sparse_nvfp4,sparse_nvfp4,sparse_bf16,sparse_nvfp4,sparse_nvfp4,sparse_nvfp4,sparse_bf16,sparse_nvfp4,sparse_nvfp4,sparse_nvfp4,sparse_bf16,sparse_nvfp4,sparse_nvfp4,sparse_nvfp4,sparse_bf16,sparse_nvfp4,sparse_nvfp4,sparse_nvfp4,sparse_bf16,sparse_nvfp4,sparse_nvfp4,sparse_nvfp4,sparse_bf16,sparse_nvfp4,sparse_nvfp4,sparse_nvfp4,sparse_bf16,sparse_nvfp4,sparse_nvfp4,sparse_nvfp4,sparse_bf16,sparse_nvfp4,sparse_nvfp4,sparse_nvfp4,sparse_bf16,sparse_nvfp4,sparse_nvfp4,sparse_nvfp4,sparse_bf16,sparse_nvfp4,sparse_nvfp4,sparse_nvfp4,sparse_bf16,sparse_nvfp4,sparse_nvfp4,sparse_nvfp4,sparse_bf16,sparse_nvfp4,sparse_nvfp4,sparse_nvfp4,sparse_bf16,sparse_nvfp4,sparse_nvfp4,sparse_nvfp4,sparse_bf16,sparse_nvfp4,sparse_nvfp4,sparse_nvfp4,sparse_bf16,sparse_nvfp4,sparse_nvfp4,sparse_nvfp4,sparse_bf16
b16_in256_out1,16,256,1,optimized,6bfff17f22,sparse_bf16,sparse_bf16,dense_nvfp4,sparse_bf16,dense_nvfp4,dense_bf16,dense_nvfp4,sparse_bf16,dense_nvfp4,dense_bf16,dense_nvfp4,dense_nvfp4,dense_nvfp4,dense_bf16,dense_nvfp4,dense_nvfp4,dense_nvfp4,dense_bf16,dense_nvfp4,dense_nvfp4,dense_nvfp4,dense_bf16,dense_nvfp4,dense_nvfp4,dense_nvfp4,dense_bf16,dense_nvfp4,dense_nvfp4,dense_nvfp4,dense_bf16,dense_nvfp4,dense_nvfp4,dense_nvfp4,dense_bf16,dense_nvfp4,dense_nvfp4,dense_nvfp4,dense_bf16,dense_nvfp4,dense_nvfp4,dense_nvfp4,dense_bf16,dense_nvfp4,dense_nvfp4,dense_nvfp4,dense_bf16,dense_nvfp4,dense_nvfp4,dense_nvfp4,dense_bf16,dense_nvfp4,dense_nvfp4,dense_nvfp4,dense_bf16,dense_nvfp4,dense_nvfp4,dense_nvfp4,dense_bf16,dense_nvfp4,dense_nvfp4,dense_nvfp4,dense_bf16,dense_nvfp4,sparse_bf16,dense_nvfp4,dense_bf16,dense_nvfp4,sparse_bf16,dense_nvfp4,dense_bf16,dense_nvfp4,dense_nvfp4,dense_nvfp4,dense_bf16,dense_nvfp4,sparse_bf16,dense_nvfp4,dense_bf16,dense_nvfp4,dense_nvfp4,dense_nvfp4,dense_bf16,dense_nvfp4,dense_nvfp4,dense_nvfp4,dense_bf16,dense_nvfp4,dense_nvfp4,dense_nvfp4,dense_bf16,dense_nvfp4,dense_nvfp4,dense_nvfp4,dense_bf16,dense_nvfp4,sparse_bf16,dense_nvfp4,dense_bf16,dense_nvfp4,dense_nvfp4,dense_nvfp4,dense_bf16,dense_nvfp4,dense_nvfp4,dense_nvfp4,sparse_bf16,dense_nvfp4,sparse_bf16,dense_nvfp4,dense_bf16,dense_nvfp4,dense_nvfp4,dense_nvfp4,dense_bf16,dense_nvfp4,sparse_bf16,dense_nvfp4,dense_bf16,dense_nvfp4,sparse_bf16,dense_nvfp4,dense_bf16,dense_nvfp4,sparse_bf16,dense_bf16,sparse_bf16,dense_nvfp4,sparse_bf16
b16_in256_out1,16,256,1,max_speed,a749dcd170,sparse_nvfp4,sparse_bf16,sparse_nvfp4,sparse_bf16,sparse_nvfp4,sparse_bf16,sparse_nvfp4,sparse_bf16,sparse_nvfp4,sparse_bf16,sparse_nvfp4,sparse_bf16,sparse_nvfp4,sparse_bf16,sparse_nvfp4,sparse_bf16,sparse_nvfp4,sparse_bf16,sparse_nvfp4,sparse_bf16,sparse_nvfp4,sparse_bf16,sparse_nvfp4,sparse_bf16,sparse_nvfp4,sparse_bf16,sparse_nvfp4,sparse_bf16,sparse_nvfp4,sparse_bf16,sparse_nvfp4,sparse_bf16,sparse_nvfp4,sparse_bf16,sparse_nvfp4,sparse_bf16,sparse_nvfp4,sparse_bf16,sparse_nvfp4,sparse_bf16,sparse_nvfp4,sparse_bf16,sparse_nvfp4,sparse_bf16,sparse_nvfp4,sparse_bf16,sparse_nvfp4,sparse_bf16,sparse_nvfp4,sparse_bf16,sparse_nvfp4,sparse_bf16,sparse_nvfp4,sparse_bf16,sparse_nvfp4,sparse_bf16,sparse_nvfp4,sparse_bf16,sparse_nvfp4,sparse_bf16,sparse_nvfp4,sparse_bf16,sparse_nvfp4,sparse_bf16,sparse_nvfp4,sparse_bf16,sparse_nvfp4,sparse_bf16,sparse_nvfp4,sparse_bf16,sparse_nvfp4,sparse_bf16,sparse_nvfp4,sparse_bf16,sparse_nvfp4,sparse_bf16,sparse_nvfp4,sparse_bf16,sparse_nvfp4,sparse_bf16,sparse_nvfp4,sparse_bf16,sparse_nvfp4,sparse_bf16,sparse_nvfp4,sparse_bf16,sparse_nvfp4,sparse_bf16,sparse_nvfp4,sparse_bf16,sparse_nvfp4,sparse_bf16,sparse_nvfp4,sparse_bf16,sparse_nvfp4,sparse_bf16,sparse_nvfp4,sparse_bf16,sparse_nvfp4,sparse_bf16,sparse_nvfp4,sparse_bf16,sparse_nvfp4,sparse_bf16,sparse_nvfp4,sparse_bf16,sparse_nvfp4,sparse_bf16,sparse_nvfp4,sparse_bf16,sparse_nvfp4,sparse_bf16,sparse_nvfp4,sparse_bf16,sparse_nvfp4,sparse_bf16,sparse_nvfp4,sparse_bf16,sparse_nvfp4,sparse_bf16,sparse_nvfp4,sparse_bf16,sparse_nvfp4,sparse_bf16,sparse_nvfp4,sparse_bf16,sparse_nvfp4,sparse_bf16
b16_in512_out1,16,512,1,optimized,7a70c1f41e,sparse_bf16,sparse_bf16,dense_nvfp4,sparse_bf16,dense_nvfp4,dense_bf16,dense_nvfp4,sparse_bf16,dense_nvfp4,dense_bf16,dense_nvfp4,dense_nvfp4,dense_nvfp4,dense_bf16,dense_nvfp4,dense_nvfp4,dense_nvfp4,dense_bf16,dense_nvfp4,dense_nvfp4,dense_nvfp4,dense_bf16,dense_nvfp4,dense_nvfp4,dense_nvfp4,dense_bf16,dense_nvfp4,dense_nvfp4,dense_nvfp4,dense_bf16,dense_nvfp4,dense_nvfp4,dense_nvfp4,dense_bf16,dense_nvfp4,dense_nvfp4,dense_nvfp4,dense_bf16,dense_nvfp4,dense_nvfp4,dense_nvfp4,dense_bf16,dense_nvfp4,dense_nvfp4,dense_nvfp4,dense_bf16,dense_nvfp4,dense_nvfp4,dense_nvfp4,dense_bf16,dense_nvfp4,dense_nvfp4,dense_nvfp4,dense_bf16,dense_nvfp4,dense_nvfp4,dense_nvfp4,dense_bf16,dense_nvfp4,dense_nvfp4,dense_nvfp4,dense_bf16,dense_nvfp4,sparse_bf16,dense_nvfp4,dense_bf16,dense_nvfp4,sparse_bf16,dense_nvfp4,dense_bf16,dense_nvfp4,dense_nvfp4,dense_nvfp4,dense_bf16,dense_nvfp4,sparse_bf16,dense_nvfp4,dense_bf16,dense_nvfp4,dense_nvfp4,dense_nvfp4,dense_bf16,dense_nvfp4,dense_nvfp4,dense_nvfp4,dense_bf16,dense_nvfp4,dense_nvfp4,dense_nvfp4,dense_bf16,dense_nvfp4,sparse_bf16,dense_nvfp4,dense_bf16,dense_nvfp4,sparse_bf16,dense_nvfp4,dense_bf16,dense_nvfp4,dense_nvfp4,dense_nvfp4,dense_bf16,dense_nvfp4,sparse_bf16,dense_nvfp4,dense_bf16,dense_nvfp4,sparse_bf16,dense_nvfp4,dense_bf16,dense_nvfp4,sparse_bf16,dense_nvfp4,dense_bf16,dense_nvfp4,sparse_bf16,dense_nvfp4,dense_bf16,dense_nvfp4,sparse_bf16,dense_nvfp4,dense_bf16,dense_nvfp4,sparse_bf16,dense_bf16,dense_bf16,dense_nvfp4,sparse_bf16
b16_in512_out1,16,512,1,max_speed,a749dcd170,sparse_nvfp4,sparse_bf16,sparse_nvfp4,sparse_bf16,sparse_nvfp4,sparse_bf16,sparse_nvfp4,sparse_bf16,sparse_nvfp4,sparse_bf16,sparse_nvfp4,sparse_bf16,sparse_nvfp4,sparse_bf16,sparse_nvfp4,sparse_bf16,sparse_nvfp4,sparse_bf16,sparse_nvfp4,sparse_bf16,sparse_nvfp4,sparse_bf16,sparse_nvfp4,sparse_bf16,sparse_nvfp4,sparse_bf16,sparse_nvfp4,sparse_bf16,sparse_nvfp4,sparse_bf16,sparse_nvfp4,sparse_bf16,sparse_nvfp4,sparse_bf16,sparse_nvfp4,sparse_bf16,sparse_nvfp4,sparse_bf16,sparse_nvfp4,sparse_bf16,sparse_nvfp4,sparse_bf16,sparse_nvfp4,sparse_bf16,sparse_nvfp4,sparse_bf16,sparse_nvfp4,sparse_bf16,sparse_nvfp4,sparse_bf16,sparse_nvfp4,sparse_bf16,sparse_nvfp4,sparse_bf16,sparse_nvfp4,sparse_bf16,sparse_nvfp4,sparse_bf16,sparse_nvfp4,sparse_bf16,sparse_nvfp4,sparse_bf16,sparse_nvfp4,sparse_bf16,sparse_nvfp4,sparse_bf16,sparse_nvfp4,sparse_bf16,sparse_nvfp4,sparse_bf16,sparse_nvfp4,sparse_bf16,sparse_nvfp4,sparse_bf16,sparse_nvfp4,sparse_bf16,sparse_nvfp4,sparse_bf16,sparse_nvfp4,sparse_bf16,sparse_nvfp4,sparse_bf16,sparse_nvfp4,sparse_bf16,sparse_nvfp4,sparse_bf16,sparse_nvfp4,sparse_bf16,sparse_nvfp4,sparse_bf16,sparse_nvfp4,sparse_bf16,sparse_nvfp4,sparse_bf16,sparse_nvfp4,sparse_bf16,sparse_nvfp4,sparse_bf16,sparse_nvfp4,sparse_bf16,sparse_nvfp4,sparse_bf16,sparse_nvfp4,sparse_bf16,sparse_nvfp4,sparse_bf16,sparse_nvfp4,sparse_bf16,sparse_nvfp4,sparse_bf16,sparse_nvfp4,sparse_bf16,sparse_nvfp4,sparse_bf16,sparse_nvfp4,sparse_bf16,sparse_nvfp4,sparse_bf16,sparse_nvfp4,sparse_bf16,sparse_nvfp4,sparse_bf16,sparse_nvfp4,sparse_bf16,sparse_nvfp4,sparse_bf16,sparse_nvfp4,sparse_bf16
b16_in1024_out1,16,1024,1,optimized,4f61f4ce62,sparse_bf16,sparse_bf16,dense_nvfp4,sparse_bf16,dense_nvfp4,dense_bf16,dense_nvfp4,sparse_bf16,dense_nvfp4,dense_bf16,dense_nvfp4,dense_nvfp4,dense_nvfp4,dense_bf16,dense_nvfp4,dense_bf16,dense_nvfp4,dense_bf16,dense_nvfp4,sparse_bf16,dense_nvfp4,dense_bf16,dense_nvfp4,dense_nvfp4,dense_nvfp4,dense_bf16,dense_nvfp4,sparse_bf16,dense_nvfp4,dense_bf16,dense_nvfp4,dense_nvfp4,dense_nvfp4,dense_bf16,dense_nvfp4,dense_nvfp4,dense_nvfp4,dense_bf16,dense_nvfp4,dense_nvfp4,dense_nvfp4,dense_bf16,dense_nvfp4,sparse_bf16,dense_nvfp4,dense_bf16,dense_nvfp4,sparse_bf16,dense_nvfp4,dense_bf16,dense_nvfp4,sparse_bf16,dense_nvfp4,dense_bf16,dense_nvfp4,sparse_bf16,dense_nvfp4,dense_bf16,dense_nvfp4,sparse_bf16,dense_nvfp4,dense_bf16,dense_nvfp4,sparse_bf16,dense_nvfp4,dense_bf16,dense_nvfp4,sparse_bf16,dense_nvfp4,dense_bf16,dense_nvfp4,sparse_bf16,dense_nvfp4,dense_bf16,dense_nvfp4,sparse_bf16,dense_nvfp4,dense_bf16,dense_nvfp4,dense_nvfp4,dense_nvfp4,dense_bf16,dense_nvfp4,dense_nvfp4,dense_bf16,dense_bf16,dense_nvfp4,sparse_bf16,dense_nvfp4,dense_bf16,dense_nvfp4,sparse_bf16,dense_nvfp4,dense_bf16,dense_nvfp4,sparse_bf16,dense_nvfp4,dense_bf16,dense_nvfp4,sparse_bf16,dense_nvfp4,dense_bf16,dense_nvfp4,sparse_bf16,dense_nvfp4,dense_bf16,dense_nvfp4,sparse_bf16,dense_nvfp4,dense_bf16,dense_nvfp4,sparse_bf16,dense_nvfp4,dense_bf16,dense_nvfp4,sparse_bf16,dense_nvfp4,dense_bf16,dense_nvfp4,sparse_bf16,dense_bf16,dense_bf16,dense_nvfp4,sparse_bf16,dense_bf16,dense_bf16,dense_nvfp4,sparse_bf16
b16_in1024_out1,16,1024,1,max_speed,a749dcd170,sparse_nvfp4,sparse_bf16,sparse_nvfp4,sparse_bf16,sparse_nvfp4,sparse_bf16,sparse_nvfp4,sparse_bf16,sparse_nvfp4,sparse_bf16,sparse_nvfp4,sparse_bf16,sparse_nvfp4,sparse_bf16,sparse_nvfp4,sparse_bf16,sparse_nvfp4,sparse_bf16,sparse_nvfp4,sparse_bf16,sparse_nvfp4,sparse_bf16,sparse_nvfp4,sparse_bf16,sparse_nvfp4,sparse_bf16,sparse_nvfp4,sparse_bf16,sparse_nvfp4,sparse_bf16,sparse_nvfp4,sparse_bf16,sparse_nvfp4,sparse_bf16,sparse_nvfp4,sparse_bf16,sparse_nvfp4,sparse_bf16,sparse_nvfp4,sparse_bf16,sparse_nvfp4,sparse_bf16,sparse_nvfp4,sparse_bf16,sparse_nvfp4,sparse_bf16,sparse_nvfp4,sparse_bf16,sparse_nvfp4,sparse_bf16,sparse_nvfp4,sparse_bf16,sparse_nvfp4,sparse_bf16,sparse_nvfp4,sparse_bf16,sparse_nvfp4,sparse_bf16,sparse_nvfp4,sparse_bf16,sparse_nvfp4,sparse_bf16,sparse_nvfp4,sparse_bf16,sparse_nvfp4,sparse_bf16,sparse_nvfp4,sparse_bf16,sparse_nvfp4,sparse_bf16,sparse_nvfp4,sparse_bf16,sparse_nvfp4,sparse_bf16,sparse_nvfp4,sparse_bf16,sparse_nvfp4,sparse_bf16,sparse_nvfp4,sparse_bf16,sparse_nvfp4,sparse_bf16,sparse_nvfp4,sparse_bf16,sparse_nvfp4,sparse_bf16,sparse_nvfp4,sparse_bf16,sparse_nvfp4,sparse_bf16,sparse_nvfp4,sparse_bf16,sparse_nvfp4,sparse_bf16,sparse_nvfp4,sparse_bf16,sparse_nvfp4,sparse_bf16,sparse_nvfp4,sparse_bf16,sparse_nvfp4,sparse_bf16,sparse_nvfp4,sparse_bf16,sparse_nvfp4,sparse_bf16,sparse_nvfp4,sparse_bf16,sparse_nvfp4,sparse_bf16,sparse_nvfp4,sparse_bf16,sparse_nvfp4,sparse_bf16,sparse_nvfp4,sparse_bf16,sparse_nvfp4,sparse_bf16,sparse_nvfp4,sparse_bf16,sparse_nvfp4,sparse_bf16,sparse_nvfp4,sparse_bf16,sparse_nvfp4,sparse_bf16,sparse_nvfp4,sparse_bf16
b16_in2048_out1,16,2048,1,optimized,99d0c3c909,sparse_bf16,sparse_bf16,dense_nvfp4,sparse_bf16,dense_nvfp4,dense_bf16,dense_nvfp4,sparse_bf16,sparse_bf16,dense_bf16,dense_nvfp4,dense_nvfp4,dense_nvfp4,dense_bf16,dense_nvfp4,dense_nvfp4,dense_nvfp4,dense_bf16,dense_nvfp4,dense_nvfp4,dense_nvfp4,dense_bf16,dense_nvfp4,dense_nvfp4,dense_nvfp4,dense_bf16,dense_nvfp4,dense_nvfp4,dense_nvfp4,dense_bf16,dense_nvfp4,dense_nvfp4,dense_nvfp4,dense_bf16,dense_nvfp4,dense_nvfp4,dense_nvfp4,dense_bf16,dense_nvfp4,dense_nvfp4,dense_nvfp4,dense_bf16,dense_nvfp4,sparse_bf16,dense_nvfp4,dense_bf16,dense_nvfp4,sparse_bf16,dense_nvfp4,dense_bf16,dense_nvfp4,sparse_bf16,dense_nvfp4,dense_bf16,dense_nvfp4,sparse_bf16,dense_nvfp4,dense_bf16,dense_nvfp4,sparse_bf16,dense_nvfp4,dense_bf16,dense_nvfp4,sparse_bf16,dense_nvfp4,dense_bf16,dense_nvfp4,sparse_bf16,dense_nvfp4,dense_bf16,dense_nvfp4,dense_nvfp4,dense_nvfp4,dense_bf16,dense_nvfp4,sparse_bf16,dense_nvfp4,dense_bf16,dense_nvfp4,dense_nvfp4,dense_nvfp4,dense_bf16,dense_nvfp4,dense_nvfp4,dense_nvfp4,dense_bf16,dense_nvfp4,dense_nvfp4,dense_nvfp4,dense_bf16,dense_nvfp4,dense_nvfp4,dense_nvfp4,dense_bf16,dense_nvfp4,sparse_bf16,dense_nvfp4,dense_bf16,dense_nvfp4,dense_nvfp4,dense_nvfp4,dense_bf16,dense_nvfp4,dense_nvfp4,dense_nvfp4,dense_bf16,dense_nvfp4,sparse_bf16,dense_nvfp4,dense_bf16,dense_nvfp4,sparse_bf16,dense_nvfp4,dense_bf16,dense_nvfp4,sparse_bf16,dense_nvfp4,dense_bf16,dense_nvfp4,sparse_bf16,dense_bf16,dense_bf16,dense_nvfp4,sparse_bf16,dense_bf16,sparse_bf16,dense_nvfp4,sparse_bf16
b16_in2048_out1,16,2048,1,max_speed,a749dcd170,sparse_nvfp4,sparse_bf16,sparse_nvfp4,sparse_bf16,sparse_nvfp4,sparse_bf16,sparse_nvfp4,sparse_bf16,sparse_nvfp4,sparse_bf16,sparse_nvfp4,sparse_bf16,sparse_nvfp4,sparse_bf16,sparse_nvfp4,sparse_bf16,sparse_nvfp4,sparse_bf16,sparse_nvfp4,sparse_bf16,sparse_nvfp4,sparse_bf16,sparse_nvfp4,sparse_bf16,sparse_nvfp4,sparse_bf16,sparse_nvfp4,sparse_bf16,sparse_nvfp4,sparse_bf16,sparse_nvfp4,sparse_bf16,sparse_nvfp4,sparse_bf16,sparse_nvfp4,sparse_bf16,sparse_nvfp4,sparse_bf16,sparse_nvfp4,sparse_bf16,sparse_nvfp4,sparse_bf16,sparse_nvfp4,sparse_bf16,sparse_nvfp4,sparse_bf16,sparse_nvfp4,sparse_bf16,sparse_nvfp4,sparse_bf16,sparse_nvfp4,sparse_bf16,sparse_nvfp4,sparse_bf16,sparse_nvfp4,sparse_bf16,sparse_nvfp4,sparse_bf16,sparse_nvfp4,sparse_bf16,sparse_nvfp4,sparse_bf16,sparse_nvfp4,sparse_bf16,sparse_nvfp4,sparse_bf16,sparse_nvfp4,sparse_bf16,sparse_nvfp4,sparse_bf16,sparse_nvfp4,sparse_bf16,sparse_nvfp4,sparse_bf16,sparse_nvfp4,sparse_bf16,sparse_nvfp4,sparse_bf16,sparse_nvfp4,sparse_bf16,sparse_nvfp4,sparse_bf16,sparse_nvfp4,sparse_bf16,sparse_nvfp4,sparse_bf16,sparse_nvfp4,sparse_bf16,sparse_nvfp4,sparse_bf16,sparse_nvfp4,sparse_bf16,sparse_nvfp4,sparse_bf16,sparse_nvfp4,sparse_bf16,sparse_nvfp4,sparse_bf16,sparse_nvfp4,sparse_bf16,sparse_nvfp4,sparse_bf16,sparse_nvfp4,sparse_bf16,sparse_nvfp4,sparse_bf16,sparse_nvfp4,sparse_bf16,sparse_nvfp4,sparse_bf16,sparse_nvfp4,sparse_bf16,sparse_nvfp4,sparse_bf16,sparse_nvfp4,sparse_bf16,sparse_nvfp4,sparse_bf16,sparse_nvfp4,sparse_bf16,sparse_nvfp4,sparse_bf16,sparse_nvfp4,sparse_bf16,sparse_nvfp4,sparse_bf16,sparse_nvfp4,sparse_bf16
b16_in4096_out1,16,4096,1,optimized,7eb213cf8f,sparse_bf16,sparse_bf16,dense_nvfp4,sparse_bf16,sparse_bf16,dense_bf16,dense_nvfp4,sparse_bf16,sparse_bf16,dense_bf16,dense_nvfp4,sparse_bf16,dense_nvfp4,dense_bf16,dense_nvfp4,sparse_bf16,sparse_bf16,dense_bf16,dense_nvfp4,sparse_bf16,dense_nvfp4,dense_bf16,dense_nvfp4,dense_nvfp4,dense_nvfp4,dense_bf16,dense_nvfp4,sparse_bf16,dense_nvfp4,dense_bf16,dense_nvfp4,sparse_bf16,dense_nvfp4,dense_bf16,dense_nvfp4,sparse_bf16,dense_nvfp4,dense_bf16,dense_nvfp4,sparse_bf16,dense_nvfp4,dense_bf16,dense_nvfp4,sparse_bf16,dense_nvfp4,dense_bf16,dense_nvfp4,sparse_bf16,dense_nvfp4,dense_bf16,dense_nvfp4,sparse_bf16,dense_nvfp4,dense_bf16,dense_nvfp4,sparse_bf16,dense_nvfp4,dense_bf16,dense_nvfp4,sparse_bf16,sparse_bf16,dense_bf16,sparse_bf16,sparse_bf16,dense_nvfp4,dense_bf16,dense_nvfp4,sparse_bf16,dense_nvfp4,dense_bf16,dense_nvfp4,sparse_bf16,dense_bf16,dense_bf16,dense_nvfp4,sparse_bf16,dense_nvfp4,dense_bf16,dense_nvfp4,sparse_bf16,dense_nvfp4,dense_bf16,dense_nvfp4,sparse_bf16,dense_bf16,dense_bf16,dense_nvfp4,sparse_bf16,dense_nvfp4,dense_bf16,dense_nvfp4,sparse_bf16,dense_nvfp4,dense_bf16,dense_nvfp4,sparse_bf16,dense_bf16,dense_bf16,dense_nvfp4,sparse_bf16,dense_bf16,sparse_bf16,dense_nvfp4,sparse_bf16,dense_bf16,sparse_bf16,sparse_bf16,sparse_bf16,dense_nvfp4,dense_bf16,dense_nvfp4,sparse_bf16,dense_nvfp4,dense_bf16,dense_nvfp4,sparse_bf16,dense_bf16,dense_bf16,dense_nvfp4,sparse_bf16,dense_bf16,dense_bf16,dense_nvfp4,sparse_bf16,dense_bf16,sparse_bf16,sparse_bf16,sparse_bf16
b16_in4096_out1,16,4096,1,max_speed,1556299ab3,sparse_bf16,sparse_bf16,sparse_bf16,sparse_bf16,sparse_bf16,sparse_bf16,sparse_bf16,sparse_bf16,sparse_bf16,sparse_bf16,sparse_bf16,sparse_bf16,sparse_bf16,sparse_bf16,sparse_bf16,sparse_bf16,sparse_bf16,sparse_bf16,sparse_bf16,sparse_bf16,sparse_bf16,sparse_bf16,sparse_bf16,sparse_bf16,sparse_bf16,sparse_bf16,sparse_bf16,sparse_bf16,sparse_bf16,sparse_bf16,sparse_bf16,sparse_bf16,sparse_bf16,sparse_bf16,sparse_bf16,sparse_bf16,sparse_bf16,sparse_bf16,sparse_bf16,sparse_bf16,sparse_bf16,sparse_bf16,sparse_bf16,sparse_bf16,sparse_bf16,sparse_bf16,sparse_bf16,sparse_bf16,sparse_bf16,sparse_bf16,sparse_bf16,sparse_bf16,sparse_bf16,sparse_bf16,sparse_bf16,sparse_bf16,sparse_bf16,sparse_bf16,sparse_bf16,sparse_bf16,sparse_bf16,sparse_bf16,sparse_bf16,sparse_bf16,sparse_bf16,sparse_bf16,sparse_bf16,sparse_bf16,sparse_bf16,sparse_bf16,sparse_bf16,sparse_bf16,sparse_bf16,sparse_bf16,sparse_bf16,sparse_bf16,sparse_bf16,sparse_bf16,sparse_bf16,sparse_bf16,sparse_bf16,sparse_bf16,sparse_bf16,sparse_bf16,sparse_bf16,sparse_bf16,sparse_bf16,sparse_bf16,sparse_bf16,sparse_bf16,sparse_bf16,sparse_bf16,sparse_bf16,sparse_bf16,sparse_bf16,sparse_bf16,sparse_bf16,sparse_bf16,sparse_bf16,sparse_bf16,sparse_bf16,sparse_bf16,sparse_bf16,sparse_bf16,sparse_bf16,sparse_bf16,sparse_bf16,sparse_bf16,sparse_bf16,sparse_bf16,sparse_bf16,sparse_bf16,sparse_bf16,sparse_bf16,sparse_bf16,sparse_bf16,sparse_bf16,sparse_bf16,sparse_bf16,sparse_bf16,sparse_bf16,sparse_bf16,sparse_bf16,sparse_bf16,sparse_bf16,sparse_bf16,sparse_bf16,sparse_bf16
b16_in8192_out1,16,8192,1,optimized,8667ea141d,sparse_bf16,sparse_bf16,dense_nvfp4,sparse_bf16,sparse_bf16,dense_bf16,dense_nvfp4,sparse_bf16,sparse_bf16,dense_bf16,sparse_bf16,sparse_bf16,sparse_bf16,dense_bf16,sparse_bf16,sparse_bf16,sparse_bf16,dense_bf16,sparse_bf16,sparse_bf16,dense_bf16,dense_bf16,sparse_bf16,sparse_bf16,sparse_bf16,dense_bf16,sparse_bf16,sparse_bf16,dense_bf16,dense_bf16,sparse_bf16,sparse_bf16,sparse_bf16,dense_bf16,sparse_bf16,sparse_bf16,dense_bf16,dense_bf16,sparse_bf16,sparse_bf16,sparse_bf16,dense_bf16,sparse_bf16,sparse_bf16,dense_bf16,dense_bf16,sparse_bf16,sparse_bf16,dense_bf16,dense_bf16,sparse_bf16,sparse_bf16,dense_bf16,dense_bf16,sparse_bf16,sparse_bf16,dense_bf16,dense_bf16,sparse_bf16,sparse_bf16,sparse_bf16,dense_bf16,sparse_bf16,sparse_bf16,dense_bf16,dense_bf16,sparse_bf16,sparse_bf16,dense_bf16,dense_bf16,sparse_bf16,sparse_bf16,dense_bf16,dense_bf16,sparse_bf16,sparse_bf16,dense_bf16,dense_bf16,sparse_bf16,sparse_bf16,dense_bf16,dense_bf16,sparse_bf16,sparse_bf16,dense_bf16,dense_bf16,sparse_bf16,sparse_bf16,dense_bf16,dense_bf16,sparse_bf16,sparse_bf16,dense_bf16,dense_bf16,sparse_bf16,sparse_bf16,dense_bf16,dense_bf16,sparse_bf16,sparse_bf16,dense_bf16,sparse_bf16,sparse_bf16,sparse_bf16,dense_bf16,sparse_bf16,sparse_bf16,sparse_bf16,dense_bf16,dense_bf16,sparse_bf16,sparse_bf16,dense_bf16,dense_bf16,sparse_bf16,sparse_bf16,dense_bf16,dense_bf16,sparse_bf16,sparse_bf16,dense_bf16,dense_bf16,sparse_bf16,sparse_bf16,dense_bf16,sparse_bf16,sparse_bf16,sparse_bf16
b16_in8192_out1,16,8192,1,max_speed,1556299ab3,sparse_bf16,sparse_bf16,sparse_bf16,sparse_bf16,sparse_bf16,sparse_bf16,sparse_bf16,sparse_bf16,sparse_bf16,sparse_bf16,sparse_bf16,sparse_bf16,sparse_bf16,sparse_bf16,sparse_bf16,sparse_bf16,sparse_bf16,sparse_bf16,sparse_bf16,sparse_bf16,sparse_bf16,sparse_bf16,sparse_bf16,sparse_bf16,sparse_bf16,sparse_bf16,sparse_bf16,sparse_bf16,sparse_bf16,sparse_bf16,sparse_bf16,sparse_bf16,sparse_bf16,sparse_bf16,sparse_bf16,sparse_bf16,sparse_bf16,sparse_bf16,sparse_bf16,sparse_bf16,sparse_bf16,sparse_bf16,sparse_bf16,sparse_bf16,sparse_bf16,sparse_bf16,sparse_bf16,sparse_bf16,sparse_bf16,sparse_bf16,sparse_bf16,sparse_bf16,sparse_bf16,sparse_bf16,sparse_bf16,sparse_bf16,sparse_bf16,sparse_bf16,sparse_bf16,sparse_bf16,sparse_bf16,sparse_bf16,sparse_bf16,sparse_bf16,sparse_bf16,sparse_bf16,sparse_bf16,sparse_bf16,sparse_bf16,sparse_bf16,sparse_bf16,sparse_bf16,sparse_bf16,sparse_bf16,sparse_bf16,sparse_bf16,sparse_bf16,sparse_bf16,sparse_bf16,sparse_bf16,sparse_bf16,sparse_bf16,sparse_bf16,sparse_bf16,sparse_bf16,sparse_bf16,sparse_bf16,sparse_bf16,sparse_bf16,sparse_bf16,sparse_bf16,sparse_bf16,sparse_bf16,sparse_bf16,sparse_bf16,sparse_bf16,sparse_bf16,sparse_bf16,sparse_bf16,sparse_bf16,sparse_bf16,sparse_bf16,sparse_bf16,sparse_bf16,sparse_bf16,sparse_bf16,sparse_bf16,sparse_bf16,sparse_bf16,sparse_bf16,sparse_bf16,sparse_bf16,sparse_bf16,sparse_bf16,sparse_bf16,sparse_bf16,sparse_bf16,sparse_bf16,sparse_bf16,sparse_bf16,sparse_bf16,sparse_bf16,sparse_bf16,sparse_bf16,sparse_bf16,sparse_bf16,sparse_bf16,sparse_bf16
b16_in16384_out1,16,16384,1,optimized,ab9f82de5a,sparse_bf16,sparse_bf16,sparse_bf16,sparse_bf16,sparse_bf16,dense_bf16,dense_bf16,sparse_bf16,sparse_bf16,dense_bf16,sparse_bf16,sparse_bf16,sparse_bf16,dense_bf16,sparse_bf16,sparse_bf16,sparse_bf16,dense_bf16,sparse_bf16,sparse_bf16,dense_bf16,dense_bf16,sparse_bf16,sparse_bf16,sparse_bf16,dense_bf16,sparse_bf16,sparse_bf16,dense_bf16,dense_bf16,sparse_bf16,sparse_bf16,sparse_bf16,dense_bf16,sparse_bf16,sparse_bf16,dense_bf16,dense_bf16,sparse_bf16,sparse_bf16,sparse_bf16,dense_bf16,sparse_bf16,sparse_bf16,dense_bf16,dense_bf16,sparse_bf16,sparse_bf16,dense_bf16,dense_bf16,sparse_bf16,sparse_bf16,dense_bf16,dense_bf16,sparse_bf16,sparse_bf16,dense_bf16,dense_bf16,sparse_bf16,sparse_bf16,sparse_bf16,dense_bf16,sparse_bf16,sparse_bf16,dense_bf16,dense_bf16,sparse_bf16,sparse_bf16,dense_bf16,dense_bf16,sparse_bf16,sparse_bf16,dense_bf16,dense_bf16,sparse_bf16,sparse_bf16,dense_bf16,dense_bf16,sparse_bf16,sparse_bf16,dense_bf16,dense_bf16,sparse_bf16,sparse_bf16,dense_bf16,dense_bf16,sparse_bf16,sparse_bf16,dense_bf16,dense_bf16,sparse_bf16,sparse_bf16,dense_bf16,dense_bf16,sparse_bf16,sparse_bf16,dense_bf16,dense_bf16,sparse_bf16,sparse_bf16,dense_bf16,sparse_bf16,sparse_bf16,sparse_bf16,dense_bf16,sparse_bf16,sparse_bf16,sparse_bf16,dense_bf16,dense_bf16,sparse_bf16,sparse_bf16,dense_bf16,dense_bf16,sparse_bf16,sparse_bf16,dense_bf16,dense_bf16,sparse_bf16,sparse_bf16,dense_bf16,dense_bf16,sparse_bf16,sparse_bf16,dense_bf16,sparse_bf16,sparse_bf16,sparse_bf16
b16_in16384_out1,16,16384,1,max_speed,1556299ab3,sparse_bf16,sparse_bf16,sparse_bf16,sparse_bf16,sparse_bf16,sparse_bf16,sparse_bf16,sparse_bf16,sparse_bf16,sparse_bf16,sparse_bf16,sparse_bf16,sparse_bf16,sparse_bf16,sparse_bf16,sparse_bf16,sparse_bf16,sparse_bf16,sparse_bf16,sparse_bf16,sparse_bf16,sparse_bf16,sparse_bf16,sparse_bf16,sparse_bf16,sparse_bf16,sparse_bf16,sparse_bf16,sparse_bf16,sparse_bf16,sparse_bf16,sparse_bf16,sparse_bf16,sparse_bf16,sparse_bf16,sparse_bf16,sparse_bf16,sparse_bf16,sparse_bf16,sparse_bf16,sparse_bf16,sparse_bf16,sparse_bf16,sparse_bf16,sparse_bf16,sparse_bf16,sparse_bf16,sparse_bf16,sparse_bf16,sparse_bf16,sparse_bf16,sparse_bf16,sparse_bf16,sparse_bf16,sparse_bf16,sparse_bf16,sparse_bf16,sparse_bf16,sparse_bf16,sparse_bf16,sparse_bf16,sparse_bf16,sparse_bf16,sparse_bf16,sparse_bf16,sparse_bf16,sparse_bf16,sparse_bf16,sparse_bf16,sparse_bf16,sparse_bf16,sparse_bf16,sparse_bf16,sparse_bf16,sparse_bf16,sparse_bf16,sparse_bf16,sparse_bf16,sparse_bf16,sparse_bf16,sparse_bf16,sparse_bf16,sparse_bf16,sparse_bf16,sparse_bf16,sparse_bf16,sparse_bf16,sparse_bf16,sparse_bf16,sparse_bf16,sparse_bf16,sparse_bf16,sparse_bf16,sparse_bf16,sparse_bf16,sparse_bf16,sparse_bf16,sparse_bf16,sparse_bf16,sparse_bf16,sparse_bf16,sparse_bf16,sparse_bf16,sparse_bf16,sparse_bf16,sparse_bf16,sparse_bf16,sparse_bf16,sparse_bf16,sparse_bf16,sparse_bf16,sparse_bf16,sparse_bf16,sparse_bf16,sparse_bf16,sparse_bf16,sparse_bf16,sparse_bf16,sparse_bf16,sparse_bf16,sparse_bf16,sparse_bf16,sparse_bf16,sparse_bf16,sparse_bf16,sparse_bf16,sparse_bf16,sparse_bf16
b16_in32768_out1,16,32768,1,optimized,0709337f80,sparse_bf16,sparse_bf16,sparse_bf16,sparse_bf16,sparse_bf16,dense_bf16,dense_bf16,sparse_bf16,sparse_bf16,dense_bf16,sparse_bf16,sparse_bf16,sparse_bf16,sparse_bf16,sparse_bf16,sparse_bf16,sparse_bf16,dense_bf16,sparse_bf16,sparse_bf16,dense_bf16,dense_bf16,sparse_bf16,sparse_bf16,sparse_bf16,dense_bf16,sparse_bf16,sparse_bf16,dense_bf16,dense_bf16,sparse_bf16,sparse_bf16,sparse_bf16,dense_bf16,sparse_bf16,sparse_bf16,dense_bf16,dense_bf16,sparse_bf16,sparse_bf16,sparse_bf16,dense_bf16,sparse_bf16,sparse_bf16,dense_bf16,dense_bf16,sparse_bf16,sparse_bf16,dense_bf16,dense_bf16,sparse_bf16,sparse_bf16,dense_bf16,dense_bf16,sparse_bf16,sparse_bf16,dense_bf16,dense_bf16,sparse_bf16,sparse_bf16,sparse_bf16,dense_bf16,sparse_bf16,sparse_bf16,dense_bf16,dense_bf16,sparse_bf16,sparse_bf16,dense_bf16,dense_bf16,sparse_bf16,sparse_bf16,dense_bf16,dense_bf16,sparse_bf16,sparse_bf16,dense_bf16,dense_bf16,sparse_bf16,sparse_bf16,dense_bf16,dense_bf16,sparse_bf16,sparse_bf16,dense_bf16,dense_bf16,sparse_bf16,sparse_bf16,dense_bf16,dense_bf16,sparse_bf16,sparse_bf16,dense_bf16,dense_bf16,sparse_bf16,sparse_bf16,dense_bf16,dense_bf16,sparse_bf16,sparse_bf16,dense_bf16,dense_bf16,sparse_bf16,sparse_bf16,dense_bf16,sparse_bf16,sparse_bf16,sparse_bf16,dense_bf16,dense_bf16,sparse_bf16,sparse_bf16,dense_bf16,dense_bf16,sparse_bf16,sparse_bf16,dense_bf16,dense_bf16,sparse_bf16,sparse_bf16,dense_bf16,dense_bf16,sparse_bf16,sparse_bf16,dense_bf16,sparse_bf16,sparse_bf16,sparse_bf16
b16_in32768_out1,16,32768,1,max_speed,1556299ab3,sparse_bf16,sparse_bf16,sparse_bf16,sparse_bf16,sparse_bf16,sparse_bf16,sparse_bf16,sparse_bf16,sparse_bf16,sparse_bf16,sparse_bf16,sparse_bf16,sparse_bf16,sparse_bf16,sparse_bf16,sparse_bf16,sparse_bf16,sparse_bf16,sparse_bf16,sparse_bf16,sparse_bf16,sparse_bf16,sparse_bf16,sparse_bf16,sparse_bf16,sparse_bf16,sparse_bf16,sparse_bf16,sparse_bf16,sparse_bf16,sparse_bf16,sparse_bf16,sparse_bf16,sparse_bf16,sparse_bf16,sparse_bf16,sparse_bf16,sparse_bf16,sparse_bf16,sparse_bf16,sparse_bf16,sparse_bf16,sparse_bf16,sparse_bf16,sparse_bf16,sparse_bf16,sparse_bf16,sparse_bf16,sparse_bf16,sparse_bf16,sparse_bf16,sparse_bf16,sparse_bf16,sparse_bf16,sparse_bf16,sparse_bf16,sparse_bf16,sparse_bf16,sparse_bf16,sparse_bf16,sparse_bf16,sparse_bf16,sparse_bf16,sparse_bf16,sparse_bf16,sparse_bf16,sparse_bf16,sparse_bf16,sparse_bf16,sparse_bf16,sparse_bf16,sparse_bf16,sparse_bf16,sparse_bf16,sparse_bf16,sparse_bf16,sparse_bf16,sparse_bf16,sparse_bf16,sparse_bf16,sparse_bf16,sparse_bf16,sparse_bf16,sparse_bf16,sparse_bf16,sparse_bf16,sparse_bf16,sparse_bf16,sparse_bf16,sparse_bf16,sparse_bf16,sparse_bf16,sparse_bf16,sparse_bf16,sparse_bf16,sparse_bf16,sparse_bf16,sparse_bf16,sparse_bf16,sparse_bf16,sparse_bf16,sparse_bf16,sparse_bf16,sparse_bf16,sparse_bf16,sparse_bf16,sparse_bf16,sparse_bf16,sparse_bf16,sparse_bf16,sparse_bf16,sparse_bf16,sparse_bf16,sparse_bf16,sparse_bf16,sparse_bf16,sparse_bf16,sparse_bf16,sparse_bf16,sparse_bf16,sparse_bf16,sparse_bf16,sparse_bf16,sparse_bf16,sparse_bf16,sparse_bf16,sparse_bf16,sparse_bf16
b32_in128_out1,32,128,1,optimized,6bfff17f22,sparse_bf16,sparse_bf16,dense_nvfp4,sparse_bf16,dense_nvfp4,dense_bf16,dense_nvfp4,sparse_bf16,dense_nvfp4,dense_bf16,dense_nvfp4,dense_nvfp4,dense_nvfp4,dense_bf16,dense_nvfp4,dense_nvfp4,dense_nvfp4,dense_bf16,dense_nvfp4,dense_nvfp4,dense_nvfp4,dense_bf16,dense_nvfp4,dense_nvfp4,dense_nvfp4,dense_bf16,dense_nvfp4,dense_nvfp4,dense_nvfp4,dense_bf16,dense_nvfp4,dense_nvfp4,dense_nvfp4,dense_bf16,dense_nvfp4,dense_nvfp4,dense_nvfp4,dense_bf16,dense_nvfp4,dense_nvfp4,dense_nvfp4,dense_bf16,dense_nvfp4,dense_nvfp4,dense_nvfp4,dense_bf16,dense_nvfp4,dense_nvfp4,dense_nvfp4,dense_bf16,dense_nvfp4,dense_nvfp4,dense_nvfp4,dense_bf16,dense_nvfp4,dense_nvfp4,dense_nvfp4,dense_bf16,dense_nvfp4,dense_nvfp4,dense_nvfp4,dense_bf16,dense_nvfp4,sparse_bf16,dense_nvfp4,dense_bf16,dense_nvfp4,sparse_bf16,dense_nvfp4,dense_bf16,dense_nvfp4,dense_nvfp4,dense_nvfp4,dense_bf16,dense_nvfp4,sparse_bf16,dense_nvfp4,dense_bf16,dense_nvfp4,dense_nvfp4,dense_nvfp4,dense_bf16,dense_nvfp4,dense_nvfp4,dense_nvfp4,dense_bf16,dense_nvfp4,dense_nvfp4,dense_nvfp4,dense_bf16,dense_nvfp4,dense_nvfp4,dense_nvfp4,dense_bf16,dense_nvfp4,sparse_bf16,dense_nvfp4,dense_bf16,dense_nvfp4,dense_nvfp4,dense_nvfp4,dense_bf16,dense_nvfp4,dense_nvfp4,dense_nvfp4,sparse_bf16,dense_nvfp4,sparse_bf16,dense_nvfp4,dense_bf16,dense_nvfp4,dense_nvfp4,dense_nvfp4,dense_bf16,dense_nvfp4,sparse_bf16,dense_nvfp4,dense_bf16,dense_nvfp4,sparse_bf16,dense_nvfp4,dense_bf16,dense_nvfp4,sparse_bf16,dense_bf16,sparse_bf16,dense_nvfp4,sparse_bf16
b32_in128_out1,32,128,1,max_speed,a749dcd170,sparse_nvfp4,sparse_bf16,sparse_nvfp4,sparse_bf16,sparse_nvfp4,sparse_bf16,sparse_nvfp4,sparse_bf16,sparse_nvfp4,sparse_bf16,sparse_nvfp4,sparse_bf16,sparse_nvfp4,sparse_bf16,sparse_nvfp4,sparse_bf16,sparse_nvfp4,sparse_bf16,sparse_nvfp4,sparse_bf16,sparse_nvfp4,sparse_bf16,sparse_nvfp4,sparse_bf16,sparse_nvfp4,sparse_bf16,sparse_nvfp4,sparse_bf16,sparse_nvfp4,sparse_bf16,sparse_nvfp4,sparse_bf16,sparse_nvfp4,sparse_bf16,sparse_nvfp4,sparse_bf16,sparse_nvfp4,sparse_bf16,sparse_nvfp4,sparse_bf16,sparse_nvfp4,sparse_bf16,sparse_nvfp4,sparse_bf16,sparse_nvfp4,sparse_bf16,sparse_nvfp4,sparse_bf16,sparse_nvfp4,sparse_bf16,sparse_nvfp4,sparse_bf16,sparse_nvfp4,sparse_bf16,sparse_nvfp4,sparse_bf16,sparse_nvfp4,sparse_bf16,sparse_nvfp4,sparse_bf16,sparse_nvfp4,sparse_bf16,sparse_nvfp4,sparse_bf16,sparse_nvfp4,sparse_bf16,sparse_nvfp4,sparse_bf16,sparse_nvfp4,sparse_bf16,sparse_nvfp4,sparse_bf16,sparse_nvfp4,sparse_bf16,sparse_nvfp4,sparse_bf16,sparse_nvfp4,sparse_bf16,sparse_nvfp4,sparse_bf16,sparse_nvfp4,sparse_bf16,sparse_nvfp4,sparse_bf16,sparse_nvfp4,sparse_bf16,sparse_nvfp4,sparse_bf16,sparse_nvfp4,sparse_bf16,sparse_nvfp4,sparse_bf16,sparse_nvfp4,sparse_bf16,sparse_nvfp4,sparse_bf16,sparse_nvfp4,sparse_bf16,sparse_nvfp4,sparse_bf16,sparse_nvfp4,sparse_bf16,sparse_nvfp4,sparse_bf16,sparse_nvfp4,sparse_bf16,sparse_nvfp4,sparse_bf16,sparse_nvfp4,sparse_bf16,sparse_nvfp4,sparse_bf16,sparse_nvfp4,sparse_bf16,sparse_nvfp4,sparse_bf16,sparse_nvfp4,sparse_bf16,sparse_nvfp4,sparse_bf16,sparse_nvfp4,sparse_bf16,sparse_nvfp4,sparse_bf16,sparse_nvfp4,sparse_bf16,sparse_nvfp4,sparse_bf16
b32_in256_out1,32,256,1,optimized,7a70c1f41e,sparse_bf16,sparse_bf16,dense_nvfp4,sparse_bf16,dense_nvfp4,dense_bf16,dense_nvfp4,sparse_bf16,dense_nvfp4,dense_bf16,dense_nvfp4,dense_nvfp4,dense_nvfp4,dense_bf16,dense_nvfp4,dense_nvfp4,dense_nvfp4,dense_bf16,dense_nvfp4,dense_nvfp4,dense_nvfp4,dense_bf16,dense_nvfp4,dense_nvfp4,dense_nvfp4,dense_bf16,dense_nvfp4,dense_nvfp4,dense_nvfp4,dense_bf16,dense_nvfp4,dense_nvfp4,dense_nvfp4,dense_bf16,dense_nvfp4,dense_nvfp4,dense_nvfp4,dense_bf16,dense_nvfp4,dense_nvfp4,dense_nvfp4,dense_bf16,dense_nvfp4,dense_nvfp4,dense_nvfp4,dense_bf16,dense_nvfp4,dense_nvfp4,dense_nvfp4,dense_bf16,dense_nvfp4,dense_nvfp4,dense_nvfp4,dense_bf16,dense_nvfp4,dense_nvfp4,dense_nvfp4,dense_bf16,dense_nvfp4,dense_nvfp4,dense_nvfp4,dense_bf16,dense_nvfp4,sparse_bf16,dense_nvfp4,dense_bf16,dense_nvfp4,sparse_bf16,dense_nvfp4,dense_bf16,dense_nvfp4,dense_nvfp4,dense_nvfp4,dense_bf16,dense_nvfp4,sparse_bf16,dense_nvfp4,dense_bf16,dense_nvfp4,dense_nvfp4,dense_nvfp4,dense_bf16,dense_nvfp4,dense_nvfp4,dense_nvfp4,dense_bf16,dense_nvfp4,dense_nvfp4,dense_nvfp4,dense_bf16,dense_nvfp4,sparse_bf16,dense_nvfp4,dense_bf16,dense_nvfp4,sparse_bf16,dense_nvfp4,dense_bf16,dense_nvfp4,dense_nvfp4,dense_nvfp4,dense_bf16,dense_nvfp4,sparse_bf16,dense_nvfp4,dense_bf16,dense_nvfp4,sparse_bf16,dense_nvfp4,dense_bf16,dense_nvfp4,sparse_bf16,dense_nvfp4,dense_bf16,dense_nvfp4,sparse_bf16,dense_nvfp4,dense_bf16,dense_nvfp4,sparse_bf16,dense_nvfp4,dense_bf16,dense_nvfp4,sparse_bf16,dense_bf16,dense_bf16,dense_nvfp4,sparse_bf16
b32_in256_out1,32,256,1,max_speed,a749dcd170,sparse_nvfp4,sparse_bf16,sparse_nvfp4,sparse_bf16,sparse_nvfp4,sparse_bf16,sparse_nvfp4,sparse_bf16,sparse_nvfp4,sparse_bf16,sparse_nvfp4,sparse_bf16,sparse_nvfp4,sparse_bf16,sparse_nvfp4,sparse_bf16,sparse_nvfp4,sparse_bf16,sparse_nvfp4,sparse_bf16,sparse_nvfp4,sparse_bf16,sparse_nvfp4,sparse_bf16,sparse_nvfp4,sparse_bf16,sparse_nvfp4,sparse_bf16,sparse_nvfp4,sparse_bf16,sparse_nvfp4,sparse_bf16,sparse_nvfp4,sparse_bf16,sparse_nvfp4,sparse_bf16,sparse_nvfp4,sparse_bf16,sparse_nvfp4,sparse_bf16,sparse_nvfp4,sparse_bf16,sparse_nvfp4,sparse_bf16,sparse_nvfp4,sparse_bf16,sparse_nvfp4,sparse_bf16,sparse_nvfp4,sparse_bf16,sparse_nvfp4,sparse_bf16,sparse_nvfp4,sparse_bf16,sparse_nvfp4,sparse_bf16,sparse_nvfp4,sparse_bf16,sparse_nvfp4,sparse_bf16,sparse_nvfp4,sparse_bf16,sparse_nvfp4,sparse_bf16,sparse_nvfp4,sparse_bf16,sparse_nvfp4,sparse_bf16,sparse_nvfp4,sparse_bf16,sparse_nvfp4,sparse_bf16,sparse_nvfp4,sparse_bf16,sparse_nvfp4,sparse_bf16,sparse_nvfp4,sparse_bf16,sparse_nvfp4,sparse_bf16,sparse_nvfp4,sparse_bf16,sparse_nvfp4,sparse_bf16,sparse_nvfp4,sparse_bf16,sparse_nvfp4,sparse_bf16,sparse_nvfp4,sparse_bf16,sparse_nvfp4,sparse_bf16,sparse_nvfp4,sparse_bf16,sparse_nvfp4,sparse_bf16,sparse_nvfp4,sparse_bf16,sparse_nvfp4,sparse_bf16,sparse_nvfp4,sparse_bf16,sparse_nvfp4,sparse_bf16,sparse_nvfp4,sparse_bf16,sparse_nvfp4,sparse_bf16,sparse_nvfp4,sparse_bf16,sparse_nvfp4,sparse_bf16,sparse_nvfp4,sparse_bf16,sparse_nvfp4,sparse_bf16,sparse_nvfp4,sparse_bf16,sparse_nvfp4,sparse_bf16,sparse_nvfp4,sparse_bf16,sparse_nvfp4,sparse_bf16,sparse_nvfp4,sparse_bf16,sparse_nvfp4,sparse_bf16
b32_in512_out1,32,512,1,optimized,4f61f4ce62,sparse_bf16,sparse_bf16,dense_nvfp4,sparse_bf16,dense_nvfp4,dense_bf16,dense_nvfp4,sparse_bf16,dense_nvfp4,dense_bf16,dense_nvfp4,dense_nvfp4,dense_nvfp4,dense_bf16,dense_nvfp4,dense_bf16,dense_nvfp4,dense_bf16,dense_nvfp4,sparse_bf16,dense_nvfp4,dense_bf16,dense_nvfp4,dense_nvfp4,dense_nvfp4,dense_bf16,dense_nvfp4,sparse_bf16,dense_nvfp4,dense_bf16,dense_nvfp4,dense_nvfp4,dense_nvfp4,dense_bf16,dense_nvfp4,dense_nvfp4,dense_nvfp4,dense_bf16,dense_nvfp4,dense_nvfp4,dense_nvfp4,dense_bf16,dense_nvfp4,sparse_bf16,dense_nvfp4,dense_bf16,dense_nvfp4,sparse_bf16,dense_nvfp4,dense_bf16,dense_nvfp4,sparse_bf16,dense_nvfp4,dense_bf16,dense_nvfp4,sparse_bf16,dense_nvfp4,dense_bf16,dense_nvfp4,sparse_bf16,dense_nvfp4,dense_bf16,dense_nvfp4,sparse_bf16,dense_nvfp4,dense_bf16,dense_nvfp4,sparse_bf16,dense_nvfp4,dense_bf16,dense_nvfp4,sparse_bf16,dense_nvfp4,dense_bf16,dense_nvfp4,sparse_bf16,dense_nvfp4,dense_bf16,dense_nvfp4,dense_nvfp4,dense_nvfp4,dense_bf16,dense_nvfp4,dense_nvfp4,dense_bf16,dense_bf16,dense_nvfp4,sparse_bf16,dense_nvfp4,dense_bf16,dense_nvfp4,sparse_bf16,dense_nvfp4,dense_bf16,dense_nvfp4,sparse_bf16,dense_nvfp4,dense_bf16,dense_nvfp4,sparse_bf16,dense_nvfp4,dense_bf16,dense_nvfp4,sparse_bf16,dense_nvfp4,dense_bf16,dense_nvfp4,sparse_bf16,dense_nvfp4,dense_bf16,dense_nvfp4,sparse_bf16,dense_nvfp4,dense_bf16,dense_nvfp4,sparse_bf16,dense_nvfp4,dense_bf16,dense_nvfp4,sparse_bf16,dense_bf16,dense_bf16,dense_nvfp4,sparse_bf16,dense_bf16,dense_bf16,dense_nvfp4,sparse_bf16
b32_in512_out1,32,512,1,max_speed,a749dcd170,sparse_nvfp4,sparse_bf16,sparse_nvfp4,sparse_bf16,sparse_nvfp4,sparse_bf16,sparse_nvfp4,sparse_bf16,sparse_nvfp4,sparse_bf16,sparse_nvfp4,sparse_bf16,sparse_nvfp4,sparse_bf16,sparse_nvfp4,sparse_bf16,sparse_nvfp4,sparse_bf16,sparse_nvfp4,sparse_bf16,sparse_nvfp4,sparse_bf16,sparse_nvfp4,sparse_bf16,sparse_nvfp4,sparse_bf16,sparse_nvfp4,sparse_bf16,sparse_nvfp4,sparse_bf16,sparse_nvfp4,sparse_bf16,sparse_nvfp4,sparse_bf16,sparse_nvfp4,sparse_bf16,sparse_nvfp4,sparse_bf16,sparse_nvfp4,sparse_bf16,sparse_nvfp4,sparse_bf16,sparse_nvfp4,sparse_bf16,sparse_nvfp4,sparse_bf16,sparse_nvfp4,sparse_bf16,sparse_nvfp4,sparse_bf16,sparse_nvfp4,sparse_bf16,sparse_nvfp4,sparse_bf16,sparse_nvfp4,sparse_bf16,sparse_nvfp4,sparse_bf16,sparse_nvfp4,sparse_bf16,sparse_nvfp4,sparse_bf16,sparse_nvfp4,sparse_bf16,sparse_nvfp4,sparse_bf16,sparse_nvfp4,sparse_bf16,sparse_nvfp4,sparse_bf16,sparse_nvfp4,sparse_bf16,sparse_nvfp4,sparse_bf16,sparse_nvfp4,sparse_bf16,sparse_nvfp4,sparse_bf16,sparse_nvfp4,sparse_bf16,sparse_nvfp4,sparse_bf16,sparse_nvfp4,sparse_bf16,sparse_nvfp4,sparse_bf16,sparse_nvfp4,sparse_bf16,sparse_nvfp4,sparse_bf16,sparse_nvfp4,sparse_bf16,sparse_nvfp4,sparse_bf16,sparse_nvfp4,sparse_bf16,sparse_nvfp4,sparse_bf16,sparse_nvfp4,sparse_bf16,sparse_nvfp4,sparse_bf16,sparse_nvfp4,sparse_bf16,sparse_nvfp4,sparse_bf16,sparse_nvfp4,sparse_bf16,sparse_nvfp4,sparse_bf16,sparse_nvfp4,sparse_bf16,sparse_nvfp4,sparse_bf16,sparse_nvfp4,sparse_bf16,sparse_nvfp4,sparse_bf16,sparse_nvfp4,sparse_bf16,sparse_nvfp4,sparse_bf16,sparse_nvfp4,sparse_bf16,sparse_nvfp4,sparse_bf16,sparse_nvfp4,sparse_bf16
b32_in1024_out1,32,1024,1,optimized,99d0c3c909,sparse_bf16,sparse_bf16,dense_nvfp4,sparse_bf16,dense_nvfp4,dense_bf16,dense_nvfp4,sparse_bf16,sparse_bf16,dense_bf16,dense_nvfp4,dense_nvfp4,dense_nvfp4,dense_bf16,dense_nvfp4,dense_nvfp4,dense_nvfp4,dense_bf16,dense_nvfp4,dense_nvfp4,dense_nvfp4,dense_bf16,dense_nvfp4,dense_nvfp4,dense_nvfp4,dense_bf16,dense_nvfp4,dense_nvfp4,dense_nvfp4,dense_bf16,dense_nvfp4,dense_nvfp4,dense_nvfp4,dense_bf16,dense_nvfp4,dense_nvfp4,dense_nvfp4,dense_bf16,dense_nvfp4,dense_nvfp4,dense_nvfp4,dense_bf16,dense_nvfp4,sparse_bf16,dense_nvfp4,dense_bf16,dense_nvfp4,sparse_bf16,dense_nvfp4,dense_bf16,dense_nvfp4,sparse_bf16,dense_nvfp4,dense_bf16,dense_nvfp4,sparse_bf16,dense_nvfp4,dense_bf16,dense_nvfp4,sparse_bf16,dense_nvfp4,dense_bf16,dense_nvfp4,sparse_bf16,dense_nvfp4,dense_bf16,dense_nvfp4,sparse_bf16,dense_nvfp4,dense_bf16,dense_nvfp4,dense_nvfp4,dense_nvfp4,dense_bf16,dense_nvfp4,sparse_bf16,dense_nvfp4,dense_bf16,dense_nvfp4,dense_nvfp4,dense_nvfp4,dense_bf16,dense_nvfp4,dense_nvfp4,dense_nvfp4,dense_bf16,dense_nvfp4,dense_nvfp4,dense_nvfp4,dense_bf16,dense_nvfp4,dense_nvfp4,dense_nvfp4,dense_bf16,dense_nvfp4,sparse_bf16,dense_nvfp4,dense_bf16,dense_nvfp4,dense_nvfp4,dense_nvfp4,dense_bf16,dense_nvfp4,dense_nvfp4,dense_nvfp4,dense_bf16,dense_nvfp4,sparse_bf16,dense_nvfp4,dense_bf16,dense_nvfp4,sparse_bf16,dense_nvfp4,dense_bf16,dense_nvfp4,sparse_bf16,dense_nvfp4,dense_bf16,dense_nvfp4,sparse_bf16,dense_bf16,dense_bf16,dense_nvfp4,sparse_bf16,dense_bf16,sparse_bf16,dense_nvfp4,sparse_bf16
b32_in1024_out1,32,1024,1,max_speed,a749dcd170,sparse_nvfp4,sparse_bf16,sparse_nvfp4,sparse_bf16,sparse_nvfp4,sparse_bf16,sparse_nvfp4,sparse_bf16,sparse_nvfp4,sparse_bf16,sparse_nvfp4,sparse_bf16,sparse_nvfp4,sparse_bf16,sparse_nvfp4,sparse_bf16,sparse_nvfp4,sparse_bf16,sparse_nvfp4,sparse_bf16,sparse_nvfp4,sparse_bf16,sparse_nvfp4,sparse_bf16,sparse_nvfp4,sparse_bf16,sparse_nvfp4,sparse_bf16,sparse_nvfp4,sparse_bf16,sparse_nvfp4,sparse_bf16,sparse_nvfp4,sparse_bf16,sparse_nvfp4,sparse_bf16,sparse_nvfp4,sparse_bf16,sparse_nvfp4,sparse_bf16,sparse_nvfp4,sparse_bf16,sparse_nvfp4,sparse_bf16,sparse_nvfp4,sparse_bf16,sparse_nvfp4,sparse_bf16,sparse_nvfp4,sparse_bf16,sparse_nvfp4,sparse_bf16,sparse_nvfp4,sparse_bf16,sparse_nvfp4,sparse_bf16,sparse_nvfp4,sparse_bf16,sparse_nvfp4,sparse_bf16,sparse_nvfp4,sparse_bf16,sparse_nvfp4,sparse_bf16,sparse_nvfp4,sparse_bf16,sparse_nvfp4,sparse_bf16,sparse_nvfp4,sparse_bf16,sparse_nvfp4,sparse_bf16,sparse_nvfp4,sparse_bf16,sparse_nvfp4,sparse_bf16,sparse_nvfp4,sparse_bf16,sparse_nvfp4,sparse_bf16,sparse_nvfp4,sparse_bf16,sparse_nvfp4,sparse_bf16,sparse_nvfp4,sparse_bf16,sparse_nvfp4,sparse_bf16,sparse_nvfp4,sparse_bf16,sparse_nvfp4,sparse_bf16,sparse_nvfp4,sparse_bf16,sparse_nvfp4,sparse_bf16,sparse_nvfp4,sparse_bf16,sparse_nvfp4,sparse_bf16,sparse_nvfp4,sparse_bf16,sparse_nvfp4,sparse_bf16,sparse_nvfp4,sparse_bf16,sparse_nvfp4,sparse_bf16,sparse_nvfp4,sparse_bf16,sparse_nvfp4,sparse_bf16,sparse_nvfp4,sparse_bf16,sparse_nvfp4,sparse_bf16,sparse_nvfp4,sparse_bf16,sparse_nvfp4,sparse_bf16,sparse_nvfp4,sparse_bf16,sparse_nvfp4,sparse_bf16,sparse_nvfp4,sparse_bf16,sparse_nvfp4,sparse_bf16
b32_in2048_out1,32,2048,1,optimized,7eb213cf8f,sparse_bf16,sparse_bf16,dense_nvfp4,sparse_bf16,sparse_bf16,dense_bf16,dense_nvfp4,sparse_bf16,sparse_bf16,dense_bf16,dense_nvfp4,sparse_bf16,dense_nvfp4,dense_bf16,dense_nvfp4,sparse_bf16,sparse_bf16,dense_bf16,dense_nvfp4,sparse_bf16,dense_nvfp4,dense_bf16,dense_nvfp4,dense_nvfp4,dense_nvfp4,dense_bf16,dense_nvfp4,sparse_bf16,dense_nvfp4,dense_bf16,dense_nvfp4,sparse_bf16,dense_nvfp4,dense_bf16,dense_nvfp4,sparse_bf16,dense_nvfp4,dense_bf16,dense_nvfp4,sparse_bf16,dense_nvfp4,dense_bf16,dense_nvfp4,sparse_bf16,dense_nvfp4,dense_bf16,dense_nvfp4,sparse_bf16,dense_nvfp4,dense_bf16,dense_nvfp4,sparse_bf16,dense_nvfp4,dense_bf16,dense_nvfp4,sparse_bf16,dense_nvfp4,dense_bf16,dense_nvfp4,sparse_bf16,sparse_bf16,dense_bf16,sparse_bf16,sparse_bf16,dense_nvfp4,dense_bf16,dense_nvfp4,sparse_bf16,dense_nvfp4,dense_bf16,dense_nvfp4,sparse_bf16,dense_bf16,dense_bf16,dense_nvfp4,sparse_bf16,dense_nvfp4,dense_bf16,dense_nvfp4,sparse_bf16,dense_nvfp4,dense_bf16,dense_nvfp4,sparse_bf16,dense_bf16,dense_bf16,dense_nvfp4,sparse_bf16,dense_nvfp4,dense_bf16,dense_nvfp4,sparse_bf16,dense_nvfp4,dense_bf16,dense_nvfp4,sparse_bf16,dense_bf16,dense_bf16,dense_nvfp4,sparse_bf16,dense_bf16,sparse_bf16,dense_nvfp4,sparse_bf16,dense_bf16,sparse_bf16,sparse_bf16,sparse_bf16,dense_nvfp4,dense_bf16,dense_nvfp4,sparse_bf16,dense_nvfp4,dense_bf16,dense_nvfp4,sparse_bf16,dense_bf16,dense_bf16,dense_nvfp4,sparse_bf16,dense_bf16,dense_bf16,dense_nvfp4,sparse_bf16,dense_bf16,sparse_bf16,sparse_bf16,sparse_bf16
b32_in2048_out1,32,2048,1,max_speed,1556299ab3,sparse_bf16,sparse_bf16,sparse_bf16,sparse_bf16,sparse_bf16,sparse_bf16,sparse_bf16,sparse_bf16,sparse_bf16,sparse_bf16,sparse_bf16,sparse_bf16,sparse_bf16,sparse_bf16,sparse_bf16,sparse_bf16,sparse_bf16,sparse_bf16,sparse_bf16,sparse_bf16,sparse_bf16,sparse_bf16,sparse_bf16,sparse_bf16,sparse_bf16,sparse_bf16,sparse_bf16,sparse_bf16,sparse_bf16,sparse_bf16,sparse_bf16,sparse_bf16,sparse_bf16,sparse_bf16,sparse_bf16,sparse_bf16,sparse_bf16,sparse_bf16,sparse_bf16,sparse_bf16,sparse_bf16,sparse_bf16,sparse_bf16,sparse_bf16,sparse_bf16,sparse_bf16,sparse_bf16,sparse_bf16,sparse_bf16,sparse_bf16,sparse_bf16,sparse_bf16,sparse_bf16,sparse_bf16,sparse_bf16,sparse_bf16,sparse_bf16,sparse_bf16,sparse_bf16,sparse_bf16,sparse_bf16,sparse_bf16,sparse_bf16,sparse_bf16,sparse_bf16,sparse_bf16,sparse_bf16,sparse_bf16,sparse_bf16,sparse_bf16,sparse_bf16,sparse_bf16,sparse_bf16,sparse_bf16,sparse_bf16,sparse_bf16,sparse_bf16,sparse_bf16,sparse_bf16,sparse_bf16,sparse_bf16,sparse_bf16,sparse_bf16,sparse_bf16,sparse_bf16,sparse_bf16,sparse_bf16,sparse_bf16,sparse_bf16,sparse_bf16,sparse_bf16,sparse_bf16,sparse_bf16,sparse_bf16,sparse_bf16,sparse_bf16,sparse_bf16,sparse_bf16,sparse_bf16,sparse_bf16,sparse_bf16,sparse_bf16,sparse_bf16,sparse_bf16,sparse_bf16,sparse_bf16,sparse_bf16,sparse_bf16,sparse_bf16,sparse_bf16,sparse_bf16,sparse_bf16,sparse_bf16,sparse_bf16,sparse_bf16,sparse_bf16,sparse_bf16,sparse_bf16,sparse_bf16,sparse_bf16,sparse_bf16,sparse_bf16,sparse_bf16,sparse_bf16,sparse_bf16,sparse_bf16,sparse_bf16,sparse_bf16
b32_in4096_out1,32,4096,1,optimized,8667ea141d,sparse_bf16,sparse_bf16,dense_nvfp4,sparse_bf16,sparse_bf16,dense_bf16,dense_nvfp4,sparse_bf16,sparse_bf16,dense_bf16,sparse_bf16,sparse_bf16,sparse_bf16,dense_bf16,sparse_bf16,sparse_bf16,sparse_bf16,dense_bf16,sparse_bf16,sparse_bf16,dense_bf16,dense_bf16,sparse_bf16,sparse_bf16,sparse_bf16,dense_bf16,sparse_bf16,sparse_bf16,dense_bf16,dense_bf16,sparse_bf16,sparse_bf16,sparse_bf16,dense_bf16,sparse_bf16,sparse_bf16,dense_bf16,dense_bf16,sparse_bf16,sparse_bf16,sparse_bf16,dense_bf16,sparse_bf16,sparse_bf16,dense_bf16,dense_bf16,sparse_bf16,sparse_bf16,dense_bf16,dense_bf16,sparse_bf16,sparse_bf16,dense_bf16,dense_bf16,sparse_bf16,sparse_bf16,dense_bf16,dense_bf16,sparse_bf16,sparse_bf16,sparse_bf16,dense_bf16,sparse_bf16,sparse_bf16,dense_bf16,dense_bf16,sparse_bf16,sparse_bf16,dense_bf16,dense_bf16,sparse_bf16,sparse_bf16,dense_bf16,dense_bf16,sparse_bf16,sparse_bf16,dense_bf16,dense_bf16,sparse_bf16,sparse_bf16,dense_bf16,dense_bf16,sparse_bf16,sparse_bf16,dense_bf16,dense_bf16,sparse_bf16,sparse_bf16,dense_bf16,dense_bf16,sparse_bf16,sparse_bf16,dense_bf16,dense_bf16,sparse_bf16,sparse_bf16,dense_bf16,dense_bf16,sparse_bf16,sparse_bf16,dense_bf16,sparse_bf16,sparse_bf16,sparse_bf16,dense_bf16,sparse_bf16,sparse_bf16,sparse_bf16,dense_bf16,dense_bf16,sparse_bf16,sparse_bf16,dense_bf16,dense_bf16,sparse_bf16,sparse_bf16,dense_bf16,dense_bf16,sparse_bf16,sparse_bf16,dense_bf16,dense_bf16,sparse_bf16,sparse_bf16,dense_bf16,sparse_bf16,sparse_bf16,sparse_bf16
b32_in4096_out1,32,4096,1,max_speed,1556299ab3,sparse_bf16,sparse_bf16,sparse_bf16,sparse_bf16,sparse_bf16,sparse_bf16,sparse_bf16,sparse_bf16,sparse_bf16,sparse_bf16,sparse_bf16,sparse_bf16,sparse_bf16,sparse_bf16,sparse_bf16,sparse_bf16,sparse_bf16,sparse_bf16,sparse_bf16,sparse_bf16,sparse_bf16,sparse_bf16,sparse_bf16,sparse_bf16,sparse_bf16,sparse_bf16,sparse_bf16,sparse_bf16,sparse_bf16,sparse_bf16,sparse_bf16,sparse_bf16,sparse_bf16,sparse_bf16,sparse_bf16,sparse_bf16,sparse_bf16,sparse_bf16,sparse_bf16,sparse_bf16,sparse_bf16,sparse_bf16,sparse_bf16,sparse_bf16,sparse_bf16,sparse_bf16,sparse_bf16,sparse_bf16,sparse_bf16,sparse_bf16,sparse_bf16,sparse_bf16,sparse_bf16,sparse_bf16,sparse_bf16,sparse_bf16,sparse_bf16,sparse_bf16,sparse_bf16,sparse_bf16,sparse_bf16,sparse_bf16,sparse_bf16,sparse_bf16,sparse_bf16,sparse_bf16,sparse_bf16,sparse_bf16,sparse_bf16,sparse_bf16,sparse_bf16,sparse_bf16,sparse_bf16,sparse_bf16,sparse_bf16,sparse_bf16,sparse_bf16,sparse_bf16,sparse_bf16,sparse_bf16,sparse_bf16,sparse_bf16,sparse_bf16,sparse_bf16,sparse_bf16,sparse_bf16,sparse_bf16,sparse_bf16,sparse_bf16,sparse_bf16,sparse_bf16,sparse_bf16,sparse_bf16,sparse_bf16,sparse_bf16,sparse_bf16,sparse_bf16,sparse_bf16,sparse_bf16,sparse_bf16,sparse_bf16,sparse_bf16,sparse_bf16,sparse_bf16,sparse_bf16,sparse_bf16,sparse_bf16,sparse_bf16,sparse_bf16,sparse_bf16,sparse_bf16,sparse_bf16,sparse_bf16,sparse_bf16,sparse_bf16,sparse_bf16,sparse_bf16,sparse_bf16,sparse_bf16,sparse_bf16,sparse_bf16,sparse_bf16,sparse_bf16,sparse_bf16,sparse_bf16,sparse_bf16,sparse_bf16,sparse_bf16
b32_in8192_out1,32,8192,1,optimized,ab9f82de5a,sparse_bf16,sparse_bf16,sparse_bf16,sparse_bf16,sparse_bf16,dense_bf16,dense_bf16,sparse_bf16,sparse_bf16,dense_bf16,sparse_bf16,sparse_bf16,sparse_bf16,dense_bf16,sparse_bf16,sparse_bf16,sparse_bf16,dense_bf16,sparse_bf16,sparse_bf16,dense_bf16,dense_bf16,sparse_bf16,sparse_bf16,sparse_bf16,dense_bf16,sparse_bf16,sparse_bf16,dense_bf16,dense_bf16,sparse_bf16,sparse_bf16,sparse_bf16,dense_bf16,sparse_bf16,sparse_bf16,dense_bf16,dense_bf16,sparse_bf16,sparse_bf16,sparse_bf16,dense_bf16,sparse_bf16,sparse_bf16,dense_bf16,dense_bf16,sparse_bf16,sparse_bf16,dense_bf16,dense_bf16,sparse_bf16,sparse_bf16,dense_bf16,dense_bf16,sparse_bf16,sparse_bf16,dense_bf16,dense_bf16,sparse_bf16,sparse_bf16,sparse_bf16,dense_bf16,sparse_bf16,sparse_bf16,dense_bf16,dense_bf16,sparse_bf16,sparse_bf16,dense_bf16,dense_bf16,sparse_bf16,sparse_bf16,dense_bf16,dense_bf16,sparse_bf16,sparse_bf16,dense_bf16,dense_bf16,sparse_bf16,sparse_bf16,dense_bf16,dense_bf16,sparse_bf16,sparse_bf16,dense_bf16,dense_bf16,sparse_bf16,sparse_bf16,dense_bf16,dense_bf16,sparse_bf16,sparse_bf16,dense_bf16,dense_bf16,sparse_bf16,sparse_bf16,dense_bf16,dense_bf16,sparse_bf16,sparse_bf16,dense_bf16,sparse_bf16,sparse_bf16,sparse_bf16,dense_bf16,sparse_bf16,sparse_bf16,sparse_bf16,dense_bf16,dense_bf16,sparse_bf16,sparse_bf16,dense_bf16,dense_bf16,sparse_bf16,sparse_bf16,dense_bf16,dense_bf16,sparse_bf16,sparse_bf16,dense_bf16,dense_bf16,sparse_bf16,sparse_bf16,dense_bf16,sparse_bf16,sparse_bf16,sparse_bf16
b32_in8192_out1,32,8192,1,max_speed,1556299ab3,sparse_bf16,sparse_bf16,sparse_bf16,sparse_bf16,sparse_bf16,sparse_bf16,sparse_bf16,sparse_bf16,sparse_bf16,sparse_bf16,sparse_bf16,sparse_bf16,sparse_bf16,sparse_bf16,sparse_bf16,sparse_bf16,sparse_bf16,sparse_bf16,sparse_bf16,sparse_bf16,sparse_bf16,sparse_bf16,sparse_bf16,sparse_bf16,sparse_bf16,sparse_bf16,sparse_bf16,sparse_bf16,sparse_bf16,sparse_bf16,sparse_bf16,sparse_bf16,sparse_bf16,sparse_bf16,sparse_bf16,sparse_bf16,sparse_bf16,sparse_bf16,sparse_bf16,sparse_bf16,sparse_bf16,sparse_bf16,sparse_bf16,sparse_bf16,sparse_bf16,sparse_bf16,sparse_bf16,sparse_bf16,sparse_bf16,sparse_bf16,sparse_bf16,sparse_bf16,sparse_bf16,sparse_bf16,sparse_bf16,sparse_bf16,sparse_bf16,sparse_bf16,sparse_bf16,sparse_bf16,sparse_bf16,sparse_bf16,sparse_bf16,sparse_bf16,sparse_bf16,sparse_bf16,sparse_bf16,sparse_bf16,sparse_bf16,sparse_bf16,sparse_bf16,sparse_bf16,sparse_bf16,sparse_bf16,sparse_bf16,sparse_bf16,sparse_bf16,sparse_bf16,sparse_bf16,sparse_bf16,sparse_bf16,sparse_bf16,sparse_bf16,sparse_bf16,sparse_bf16,sparse_bf16,sparse_bf16,sparse_bf16,sparse_bf16,sparse_bf16,sparse_bf16,sparse_bf16,sparse_bf16,sparse_bf16,sparse_bf16,sparse_bf16,sparse_bf16,sparse_bf16,sparse_bf16,sparse_bf16,sparse_bf16,sparse_bf16,sparse_bf16,sparse_bf16,sparse_bf16,sparse_bf16,sparse_bf16,sparse_bf16,sparse_bf16,sparse_bf16,sparse_bf16,sparse_bf16,sparse_bf16,sparse_bf16,sparse_bf16,sparse_bf16,sparse_bf16,sparse_bf16,sparse_bf16,sparse_bf16,sparse_bf16,sparse_bf16,sparse_bf16,sparse_bf16,sparse_bf16,sparse_bf16,sparse_bf16,sparse_bf16
b32_in16384_out1,32,16384,1,optimized,0709337f80,sparse_bf16,sparse_bf16,sparse_bf16,sparse_bf16,sparse_bf16,dense_bf16,dense_bf16,sparse_bf16,sparse_bf16,dense_bf16,sparse_bf16,sparse_bf16,sparse_bf16,sparse_bf16,sparse_bf16,sparse_bf16,sparse_bf16,dense_bf16,sparse_bf16,sparse_bf16,dense_bf16,dense_bf16,sparse_bf16,sparse_bf16,sparse_bf16,dense_bf16,sparse_bf16,sparse_bf16,dense_bf16,dense_bf16,sparse_bf16,sparse_bf16,sparse_bf16,dense_bf16,sparse_bf16,sparse_bf16,dense_bf16,dense_bf16,sparse_bf16,sparse_bf16,sparse_bf16,dense_bf16,sparse_bf16,sparse_bf16,dense_bf16,dense_bf16,sparse_bf16,sparse_bf16,dense_bf16,dense_bf16,sparse_bf16,sparse_bf16,dense_bf16,dense_bf16,sparse_bf16,sparse_bf16,dense_bf16,dense_bf16,sparse_bf16,sparse_bf16,sparse_bf16,dense_bf16,sparse_bf16,sparse_bf16,dense_bf16,dense_bf16,sparse_bf16,sparse_bf16,dense_bf16,dense_bf16,sparse_bf16,sparse_bf16,dense_bf16,dense_bf16,sparse_bf16,sparse_bf16,dense_bf16,dense_bf16,sparse_bf16,sparse_bf16,dense_bf16,dense_bf16,sparse_bf16,sparse_bf16,dense_bf16,dense_bf16,sparse_bf16,sparse_bf16,dense_bf16,dense_bf16,sparse_bf16,sparse_bf16,dense_bf16,dense_bf16,sparse_bf16,sparse_bf16,dense_bf16,dense_bf16,sparse_bf16,sparse_bf16,dense_bf16,dense_bf16,sparse_bf16,sparse_bf16,dense_bf16,sparse_bf16,sparse_bf16,sparse_bf16,dense_bf16,dense_bf16,sparse_bf16,sparse_bf16,dense_bf16,dense_bf16,sparse_bf16,sparse_bf16,dense_bf16,dense_bf16,sparse_bf16,sparse_bf16,dense_bf16,dense_bf16,sparse_bf16,sparse_bf16,dense_bf16,sparse_bf16,sparse_bf16,sparse_bf16
b32_in16384_out1,32,16384,1,max_speed,1556299ab3,sparse_bf16,sparse_bf16,sparse_bf16,sparse_bf16,sparse_bf16,sparse_bf16,sparse_bf16,sparse_bf16,sparse_bf16,sparse_bf16,sparse_bf16,sparse_bf16,sparse_bf16,sparse_bf16,sparse_bf16,sparse_bf16,sparse_bf16,sparse_bf16,sparse_bf16,sparse_bf16,sparse_bf16,sparse_bf16,sparse_bf16,sparse_bf16,sparse_bf16,sparse_bf16,sparse_bf16,sparse_bf16,sparse_bf16,sparse_bf16,sparse_bf16,sparse_bf16,sparse_bf16,sparse_bf16,sparse_bf16,sparse_bf16,sparse_bf16,sparse_bf16,sparse_bf16,sparse_bf16,sparse_bf16,sparse_bf16,sparse_bf16,sparse_bf16,sparse_bf16,sparse_bf16,sparse_bf16,sparse_bf16,sparse_bf16,sparse_bf16,sparse_bf16,sparse_bf16,sparse_bf16,sparse_bf16,sparse_bf16,sparse_bf16,sparse_bf16,sparse_bf16,sparse_bf16,sparse_bf16,sparse_bf16,sparse_bf16,sparse_bf16,sparse_bf16,sparse_bf16,sparse_bf16,sparse_bf16,sparse_bf16,sparse_bf16,sparse_bf16,sparse_bf16,sparse_bf16,sparse_bf16,sparse_bf16,sparse_bf16,sparse_bf16,sparse_bf16,sparse_bf16,sparse_bf16,sparse_bf16,sparse_bf16,sparse_bf16,sparse_bf16,sparse_bf16,sparse_bf16,sparse_bf16,sparse_bf16,sparse_bf16,sparse_bf16,sparse_bf16,sparse_bf16,sparse_bf16,sparse_bf16,sparse_bf16,sparse_bf16,sparse_bf16,sparse_bf16,sparse_bf16,sparse_bf16,sparse_bf16,sparse_bf16,sparse_bf16,sparse_bf16,sparse_bf16,sparse_bf16,sparse_bf16,sparse_bf16,sparse_bf16,sparse_bf16,sparse_bf16,sparse_bf16,sparse_bf16,sparse_bf16,sparse_bf16,sparse_bf16,sparse_bf16,sparse_bf16,sparse_bf16,sparse_bf16,sparse_bf16,sparse_bf16,sparse_bf16,sparse_bf16,sparse_bf16,sparse_bf16,sparse_bf16,sparse_bf16,sparse_bf16
b32_in32768_out1,32,32768,1,optimized,ab9f82de5a,sparse_bf16,sparse_bf16,sparse_bf16,sparse_bf16,sparse_bf16,dense_bf16,dense_bf16,sparse_bf16,sparse_bf16,dense_bf16,sparse_bf16,sparse_bf16,sparse_bf16,dense_bf16,sparse_bf16,sparse_bf16,sparse_bf16,dense_bf16,sparse_bf16,sparse_bf16,dense_bf16,dense_bf16,sparse_bf16,sparse_bf16,sparse_bf16,dense_bf16,sparse_bf16,sparse_bf16,dense_bf16,dense_bf16,sparse_bf16,sparse_bf16,sparse_bf16,dense_bf16,sparse_bf16,sparse_bf16,dense_bf16,dense_bf16,sparse_bf16,sparse_bf16,sparse_bf16,dense_bf16,sparse_bf16,sparse_bf16,dense_bf16,dense_bf16,sparse_bf16,sparse_bf16,dense_bf16,dense_bf16,sparse_bf16,sparse_bf16,dense_bf16,dense_bf16,sparse_bf16,sparse_bf16,dense_bf16,dense_bf16,sparse_bf16,sparse_bf16,sparse_bf16,dense_bf16,sparse_bf16,sparse_bf16,dense_bf16,dense_bf16,sparse_bf16,sparse_bf16,dense_bf16,dense_bf16,sparse_bf16,sparse_bf16,dense_bf16,dense_bf16,sparse_bf16,sparse_bf16,dense_bf16,dense_bf16,sparse_bf16,sparse_bf16,dense_bf16,dense_bf16,sparse_bf16,sparse_bf16,dense_bf16,dense_bf16,sparse_bf16,sparse_bf16,dense_bf16,dense_bf16,sparse_bf16,sparse_bf16,dense_bf16,dense_bf16,sparse_bf16,sparse_bf16,dense_bf16,dense_bf16,sparse_bf16,sparse_bf16,dense_bf16,sparse_bf16,sparse_bf16,sparse_bf16,dense_bf16,sparse_bf16,sparse_bf16,sparse_bf16,dense_bf16,dense_bf16,sparse_bf16,sparse_bf16,dense_bf16,dense_bf16,sparse_bf16,sparse_bf16,dense_bf16,dense_bf16,sparse_bf16,sparse_bf16,dense_bf16,dense_bf16,sparse_bf16,sparse_bf16,dense_bf16,sparse_bf16,sparse_bf16,sparse_bf16
b32_in32768_out1,32,32768,1,max_speed,1556299ab3,sparse_bf16,sparse_bf16,sparse_bf16,sparse_bf16,sparse_bf16,sparse_bf16,sparse_bf16,sparse_bf16,sparse_bf16,sparse_bf16,sparse_bf16,sparse_bf16,sparse_bf16,sparse_bf16,sparse_bf16,sparse_bf16,sparse_bf16,sparse_bf16,sparse_bf16,sparse_bf16,sparse_bf16,sparse_bf16,sparse_bf16,sparse_bf16,sparse_bf16,sparse_bf16,sparse_bf16,sparse_bf16,sparse_bf16,sparse_bf16,sparse_bf16,sparse_bf16,sparse_bf16,sparse_bf16,sparse_bf16,sparse_bf16,sparse_bf16,sparse_bf16,sparse_bf16,sparse_bf16,sparse_bf16,sparse_bf16,sparse_bf16,sparse_bf16,sparse_bf16,sparse_bf16,sparse_bf16,sparse_bf16,sparse_bf16,sparse_bf16,sparse_bf16,sparse_bf16,sparse_bf16,sparse_bf16,sparse_bf16,sparse_bf16,sparse_bf16,sparse_bf16,sparse_bf16,sparse_bf16,sparse_bf16,sparse_bf16,sparse_bf16,sparse_bf16,sparse_bf16,sparse_bf16,sparse_bf16,sparse_bf16,sparse_bf16,sparse_bf16,sparse_bf16,sparse_bf16,sparse_bf16,sparse_bf16,sparse_bf16,sparse_bf16,sparse_bf16,sparse_bf16,sparse_bf16,sparse_bf16,sparse_bf16,sparse_bf16,sparse_bf16,sparse_bf16,sparse_bf16,sparse_bf16,sparse_bf16,sparse_bf16,sparse_bf16,sparse_bf16,sparse_bf16,sparse_bf16,sparse_bf16,sparse_bf16,sparse_bf16,sparse_bf16,sparse_bf16,sparse_bf16,sparse_bf16,sparse_bf16,sparse_bf16,sparse_bf16,sparse_bf16,sparse_bf16,sparse_bf16,sparse_bf16,sparse_bf16,sparse_bf16,sparse_bf16,sparse_bf16,sparse_bf16,sparse_bf16,sparse_bf16,sparse_bf16,sparse_bf16,sparse_bf16,sparse_bf16,sparse_bf16,sparse_bf16,sparse_bf16,sparse_bf16,sparse_bf16,sparse_bf16,sparse_bf16,sparse_bf16,sparse_bf16,sparse_bf16,sparse_bf16
b64_in128_out1,64,128,1,optimized,7a70c1f41e,sparse_bf16,sparse_bf16,dense_nvfp4,sparse_bf16,dense_nvfp4,dense_bf16,dense_nvfp4,sparse_bf16,dense_nvfp4,dense_bf16,dense_nvfp4,dense_nvfp4,dense_nvfp4,dense_bf16,dense_nvfp4,dense_nvfp4,dense_nvfp4,dense_bf16,dense_nvfp4,dense_nvfp4,dense_nvfp4,dense_bf16,dense_nvfp4,dense_nvfp4,dense_nvfp4,dense_bf16,dense_nvfp4,dense_nvfp4,dense_nvfp4,dense_bf16,dense_nvfp4,dense_nvfp4,dense_nvfp4,dense_bf16,dense_nvfp4,dense_nvfp4,dense_nvfp4,dense_bf16,dense_nvfp4,dense_nvfp4,dense_nvfp4,dense_bf16,dense_nvfp4,dense_nvfp4,dense_nvfp4,dense_bf16,dense_nvfp4,dense_nvfp4,dense_nvfp4,dense_bf16,dense_nvfp4,dense_nvfp4,dense_nvfp4,dense_bf16,dense_nvfp4,dense_nvfp4,dense_nvfp4,dense_bf16,dense_nvfp4,dense_nvfp4,dense_nvfp4,dense_bf16,dense_nvfp4,sparse_bf16,dense_nvfp4,dense_bf16,dense_nvfp4,sparse_bf16,dense_nvfp4,dense_bf16,dense_nvfp4,dense_nvfp4,dense_nvfp4,dense_bf16,dense_nvfp4,sparse_bf16,dense_nvfp4,dense_bf16,dense_nvfp4,dense_nvfp4,dense_nvfp4,dense_bf16,dense_nvfp4,dense_nvfp4,dense_nvfp4,dense_bf16,dense_nvfp4,dense_nvfp4,dense_nvfp4,dense_bf16,dense_nvfp4,sparse_bf16,dense_nvfp4,dense_bf16,dense_nvfp4,sparse_bf16,dense_nvfp4,dense_bf16,dense_nvfp4,dense_nvfp4,dense_nvfp4,dense_bf16,dense_nvfp4,sparse_bf16,dense_nvfp4,dense_bf16,dense_nvfp4,sparse_bf16,dense_nvfp4,dense_bf16,dense_nvfp4,sparse_bf16,dense_nvfp4,dense_bf16,dense_nvfp4,sparse_bf16,dense_nvfp4,dense_bf16,dense_nvfp4,sparse_bf16,dense_nvfp4,dense_bf16,dense_nvfp4,sparse_bf16,dense_bf16,dense_bf16,dense_nvfp4,sparse_bf16
b64_in128_out1,64,128,1,max_speed,a749dcd170,sparse_nvfp4,sparse_bf16,sparse_nvfp4,sparse_bf16,sparse_nvfp4,sparse_bf16,sparse_nvfp4,sparse_bf16,sparse_nvfp4,sparse_bf16,sparse_nvfp4,sparse_bf16,sparse_nvfp4,sparse_bf16,sparse_nvfp4,sparse_bf16,sparse_nvfp4,sparse_bf16,sparse_nvfp4,sparse_bf16,sparse_nvfp4,sparse_bf16,sparse_nvfp4,sparse_bf16,sparse_nvfp4,sparse_bf16,sparse_nvfp4,sparse_bf16,sparse_nvfp4,sparse_bf16,sparse_nvfp4,sparse_bf16,sparse_nvfp4,sparse_bf16,sparse_nvfp4,sparse_bf16,sparse_nvfp4,sparse_bf16,sparse_nvfp4,sparse_bf16,sparse_nvfp4,sparse_bf16,sparse_nvfp4,sparse_bf16,sparse_nvfp4,sparse_bf16,sparse_nvfp4,sparse_bf16,sparse_nvfp4,sparse_bf16,sparse_nvfp4,sparse_bf16,sparse_nvfp4,sparse_bf16,sparse_nvfp4,sparse_bf16,sparse_nvfp4,sparse_bf16,sparse_nvfp4,sparse_bf16,sparse_nvfp4,sparse_bf16,sparse_nvfp4,sparse_bf16,sparse_nvfp4,sparse_bf16,sparse_nvfp4,sparse_bf16,sparse_nvfp4,sparse_bf16,sparse_nvfp4,sparse_bf16,sparse_nvfp4,sparse_bf16,sparse_nvfp4,sparse_bf16,sparse_nvfp4,sparse_bf16,sparse_nvfp4,sparse_bf16,sparse_nvfp4,sparse_bf16,sparse_nvfp4,sparse_bf16,sparse_nvfp4,sparse_bf16,sparse_nvfp4,sparse_bf16,sparse_nvfp4,sparse_bf16,sparse_nvfp4,sparse_bf16,sparse_nvfp4,sparse_bf16,sparse_nvfp4,sparse_bf16,sparse_nvfp4,sparse_bf16,sparse_nvfp4,sparse_bf16,sparse_nvfp4,sparse_bf16,sparse_nvfp4,sparse_bf16,sparse_nvfp4,sparse_bf16,sparse_nvfp4,sparse_bf16,sparse_nvfp4,sparse_bf16,sparse_nvfp4,sparse_bf16,sparse_nvfp4,sparse_bf16,sparse_nvfp4,sparse_bf16,sparse_nvfp4,sparse_bf16,sparse_nvfp4,sparse_bf16,sparse_nvfp4,sparse_bf16,sparse_nvfp4,sparse_bf16,sparse_nvfp4,sparse_bf16,sparse_nvfp4,sparse_bf16
b64_in256_out1,64,256,1,optimized,4f61f4ce62,sparse_bf16,sparse_bf16,dense_nvfp4,sparse_bf16,dense_nvfp4,dense_bf16,dense_nvfp4,sparse_bf16,dense_nvfp4,dense_bf16,dense_nvfp4,dense_nvfp4,dense_nvfp4,dense_bf16,dense_nvfp4,dense_bf16,dense_nvfp4,dense_bf16,dense_nvfp4,sparse_bf16,dense_nvfp4,dense_bf16,dense_nvfp4,dense_nvfp4,dense_nvfp4,dense_bf16,dense_nvfp4,sparse_bf16,dense_nvfp4,dense_bf16,dense_nvfp4,dense_nvfp4,dense_nvfp4,dense_bf16,dense_nvfp4,dense_nvfp4,dense_nvfp4,dense_bf16,dense_nvfp4,dense_nvfp4,dense_nvfp4,dense_bf16,dense_nvfp4,sparse_bf16,dense_nvfp4,dense_bf16,dense_nvfp4,sparse_bf16,dense_nvfp4,dense_bf16,dense_nvfp4,sparse_bf16,dense_nvfp4,dense_bf16,dense_nvfp4,sparse_bf16,dense_nvfp4,dense_bf16,dense_nvfp4,sparse_bf16,dense_nvfp4,dense_bf16,dense_nvfp4,sparse_bf16,dense_nvfp4,dense_bf16,dense_nvfp4,sparse_bf16,dense_nvfp4,dense_bf16,dense_nvfp4,sparse_bf16,dense_nvfp4,dense_bf16,dense_nvfp4,sparse_bf16,dense_nvfp4,dense_bf16,dense_nvfp4,dense_nvfp4,dense_nvfp4,dense_bf16,dense_nvfp4,dense_nvfp4,dense_bf16,dense_bf16,dense_nvfp4,sparse_bf16,dense_nvfp4,dense_bf16,dense_nvfp4,sparse_bf16,dense_nvfp4,dense_bf16,dense_nvfp4,sparse_bf16,dense_nvfp4,dense_bf16,dense_nvfp4,sparse_bf16,dense_nvfp4,dense_bf16,dense_nvfp4,sparse_bf16,dense_nvfp4,dense_bf16,dense_nvfp4,sparse_bf16,dense_nvfp4,dense_bf16,dense_nvfp4,sparse_bf16,dense_nvfp4,dense_bf16,dense_nvfp4,sparse_bf16,dense_nvfp4,dense_bf16,dense_nvfp4,sparse_bf16,dense_bf16,dense_bf16,dense_nvfp4,sparse_bf16,dense_bf16,dense_bf16,dense_nvfp4,sparse_bf16
b64_in256_out1,64,256,1,max_speed,a749dcd170,sparse_nvfp4,sparse_bf16,sparse_nvfp4,sparse_bf16,sparse_nvfp4,sparse_bf16,sparse_nvfp4,sparse_bf16,sparse_nvfp4,sparse_bf16,sparse_nvfp4,sparse_bf16,sparse_nvfp4,sparse_bf16,sparse_nvfp4,sparse_bf16,sparse_nvfp4,sparse_bf16,sparse_nvfp4,sparse_bf16,sparse_nvfp4,sparse_bf16,sparse_nvfp4,sparse_bf16,sparse_nvfp4,sparse_bf16,sparse_nvfp4,sparse_bf16,sparse_nvfp4,sparse_bf16,sparse_nvfp4,sparse_bf16,sparse_nvfp4,sparse_bf16,sparse_nvfp4,sparse_bf16,sparse_nvfp4,sparse_bf16,sparse_nvfp4,sparse_bf16,sparse_nvfp4,sparse_bf16,sparse_nvfp4,sparse_bf16,sparse_nvfp4,sparse_bf16,sparse_nvfp4,sparse_bf16,sparse_nvfp4,sparse_bf16,sparse_nvfp4,sparse_bf16,sparse_nvfp4,sparse_bf16,sparse_nvfp4,sparse_bf16,sparse_nvfp4,sparse_bf16,sparse_nvfp4,sparse_bf16,sparse_nvfp4,sparse_bf16,sparse_nvfp4,sparse_bf16,sparse_nvfp4,sparse_bf16,sparse_nvfp4,sparse_bf16,sparse_nvfp4,sparse_bf16,sparse_nvfp4,sparse_bf16,sparse_nvfp4,sparse_bf16,sparse_nvfp4,sparse_bf16,sparse_nvfp4,sparse_bf16,sparse_nvfp4,sparse_bf16,sparse_nvfp4,sparse_bf16,sparse_nvfp4,sparse_bf16,sparse_nvfp4,sparse_bf16,sparse_nvfp4,sparse_bf16,sparse_nvfp4,sparse_bf16,sparse_nvfp4,sparse_bf16,sparse_nvfp4,sparse_bf16,sparse_nvfp4,sparse_bf16,sparse_nvfp4,sparse_bf16,sparse_nvfp4,sparse_bf16,sparse_nvfp4,sparse_bf16,sparse_nvfp4,sparse_bf16,sparse_nvfp4,sparse_bf16,sparse_nvfp4,sparse_bf16,sparse_nvfp4,sparse_bf16,sparse_nvfp4,sparse_bf16,sparse_nvfp4,sparse_bf16,sparse_nvfp4,sparse_bf16,sparse_nvfp4,sparse_bf16,sparse_nvfp4,sparse_bf16,sparse_nvfp4,sparse_bf16,sparse_nvfp4,sparse_bf16,sparse_nvfp4,sparse_bf16,sparse_nvfp4,sparse_bf16
b64_in512_out1,64,512,1,optimized,99d0c3c909,sparse_bf16,sparse_bf16,dense_nvfp4,sparse_bf16,dense_nvfp4,dense_bf16,dense_nvfp4,sparse_bf16,sparse_bf16,dense_bf16,dense_nvfp4,dense_nvfp4,dense_nvfp4,dense_bf16,dense_nvfp4,dense_nvfp4,dense_nvfp4,dense_bf16,dense_nvfp4,dense_nvfp4,dense_nvfp4,dense_bf16,dense_nvfp4,dense_nvfp4,dense_nvfp4,dense_bf16,dense_nvfp4,dense_nvfp4,dense_nvfp4,dense_bf16,dense_nvfp4,dense_nvfp4,dense_nvfp4,dense_bf16,dense_nvfp4,dense_nvfp4,dense_nvfp4,dense_bf16,dense_nvfp4,dense_nvfp4,dense_nvfp4,dense_bf16,dense_nvfp4,sparse_bf16,dense_nvfp4,dense_bf16,dense_nvfp4,sparse_bf16,dense_nvfp4,dense_bf16,dense_nvfp4,sparse_bf16,dense_nvfp4,dense_bf16,dense_nvfp4,sparse_bf16,dense_nvfp4,dense_bf16,dense_nvfp4,sparse_bf16,dense_nvfp4,dense_bf16,dense_nvfp4,sparse_bf16,dense_nvfp4,dense_bf16,dense_nvfp4,sparse_bf16,dense_nvfp4,dense_bf16,dense_nvfp4,dense_nvfp4,dense_nvfp4,dense_bf16,dense_nvfp4,sparse_bf16,dense_nvfp4,dense_bf16,dense_nvfp4,dense_nvfp4,dense_nvfp4,dense_bf16,dense_nvfp4,dense_nvfp4,dense_nvfp4,dense_bf16,dense_nvfp4,dense_nvfp4,dense_nvfp4,dense_bf16,dense_nvfp4,dense_nvfp4,dense_nvfp4,dense_bf16,dense_nvfp4,sparse_bf16,dense_nvfp4,dense_bf16,dense_nvfp4,dense_nvfp4,dense_nvfp4,dense_bf16,dense_nvfp4,dense_nvfp4,dense_nvfp4,dense_bf16,dense_nvfp4,sparse_bf16,dense_nvfp4,dense_bf16,dense_nvfp4,sparse_bf16,dense_nvfp4,dense_bf16,dense_nvfp4,sparse_bf16,dense_nvfp4,dense_bf16,dense_nvfp4,sparse_bf16,dense_bf16,dense_bf16,dense_nvfp4,sparse_bf16,dense_bf16,sparse_bf16,dense_nvfp4,sparse_bf16
b64_in512_out1,64,512,1,max_speed,a749dcd170,sparse_nvfp4,sparse_bf16,sparse_nvfp4,sparse_bf16,sparse_nvfp4,sparse_bf16,sparse_nvfp4,sparse_bf16,sparse_nvfp4,sparse_bf16,sparse_nvfp4,sparse_bf16,sparse_nvfp4,sparse_bf16,sparse_nvfp4,sparse_bf16,sparse_nvfp4,sparse_bf16,sparse_nvfp4,sparse_bf16,sparse_nvfp4,sparse_bf16,sparse_nvfp4,sparse_bf16,sparse_nvfp4,sparse_bf16,sparse_nvfp4,sparse_bf16,sparse_nvfp4,sparse_bf16,sparse_nvfp4,sparse_bf16,sparse_nvfp4,sparse_bf16,sparse_nvfp4,sparse_bf16,sparse_nvfp4,sparse_bf16,sparse_nvfp4,sparse_bf16,sparse_nvfp4,sparse_bf16,sparse_nvfp4,sparse_bf16,sparse_nvfp4,sparse_bf16,sparse_nvfp4,sparse_bf16,sparse_nvfp4,sparse_bf16,sparse_nvfp4,sparse_bf16,sparse_nvfp4,sparse_bf16,sparse_nvfp4,sparse_bf16,sparse_nvfp4,sparse_bf16,sparse_nvfp4,sparse_bf16,sparse_nvfp4,sparse_bf16,sparse_nvfp4,sparse_bf16,sparse_nvfp4,sparse_bf16,sparse_nvfp4,sparse_bf16,sparse_nvfp4,sparse_bf16,sparse_nvfp4,sparse_bf16,sparse_nvfp4,sparse_bf16,sparse_nvfp4,sparse_bf16,sparse_nvfp4,sparse_bf16,sparse_nvfp4,sparse_bf16,sparse_nvfp4,sparse_bf16,sparse_nvfp4,sparse_bf16,sparse_nvfp4,sparse_bf16,sparse_nvfp4,sparse_bf16,sparse_nvfp4,sparse_bf16,sparse_nvfp4,sparse_bf16,sparse_nvfp4,sparse_bf16,sparse_nvfp4,sparse_bf16,sparse_nvfp4,sparse_bf16,sparse_nvfp4,sparse_bf16,sparse_nvfp4,sparse_bf16,sparse_nvfp4,sparse_bf16,sparse_nvfp4,sparse_bf16,sparse_nvfp4,sparse_bf16,sparse_nvfp4,sparse_bf16,sparse_nvfp4,sparse_bf16,sparse_nvfp4,sparse_bf16,sparse_nvfp4,sparse_bf16,sparse_nvfp4,sparse_bf16,sparse_nvfp4,sparse_bf16,sparse_nvfp4,sparse_bf16,sparse_nvfp4,sparse_bf16,sparse_nvfp4,sparse_bf16,sparse_nvfp4,sparse_bf16
b64_in1024_out1,64,1024,1,optimized,7eb213cf8f,sparse_bf16,sparse_bf16,dense_nvfp4,sparse_bf16,sparse_bf16,dense_bf16,dense_nvfp4,sparse_bf16,sparse_bf16,dense_bf16,dense_nvfp4,sparse_bf16,dense_nvfp4,dense_bf16,dense_nvfp4,sparse_bf16,sparse_bf16,dense_bf16,dense_nvfp4,sparse_bf16,dense_nvfp4,dense_bf16,dense_nvfp4,dense_nvfp4,dense_nvfp4,dense_bf16,dense_nvfp4,sparse_bf16,dense_nvfp4,dense_bf16,dense_nvfp4,sparse_bf16,dense_nvfp4,dense_bf16,dense_nvfp4,sparse_bf16,dense_nvfp4,dense_bf16,dense_nvfp4,sparse_bf16,dense_nvfp4,dense_bf16,dense_nvfp4,sparse_bf16,dense_nvfp4,dense_bf16,dense_nvfp4,sparse_bf16,dense_nvfp4,dense_bf16,dense_nvfp4,sparse_bf16,dense_nvfp4,dense_bf16,dense_nvfp4,sparse_bf16,dense_nvfp4,dense_bf16,dense_nvfp4,sparse_bf16,sparse_bf16,dense_bf16,sparse_bf16,sparse_bf16,dense_nvfp4,dense_bf16,dense_nvfp4,sparse_bf16,dense_nvfp4,dense_bf16,dense_nvfp4,sparse_bf16,dense_bf16,dense_bf16,dense_nvfp4,sparse_bf16,dense_nvfp4,dense_bf16,dense_nvfp4,sparse_bf16,dense_nvfp4,dense_bf16,dense_nvfp4,sparse_bf16,dense_bf16,dense_bf16,dense_nvfp4,sparse_bf16,dense_nvfp4,dense_bf16,dense_nvfp4,sparse_bf16,dense_nvfp4,dense_bf16,dense_nvfp4,sparse_bf16,dense_bf16,dense_bf16,dense_nvfp4,sparse_bf16,dense_bf16,sparse_bf16,dense_nvfp4,sparse_bf16,dense_bf16,sparse_bf16,sparse_bf16,sparse_bf16,dense_nvfp4,dense_bf16,dense_nvfp4,sparse_bf16,dense_nvfp4,dense_bf16,dense_nvfp4,sparse_bf16,dense_bf16,dense_bf16,dense_nvfp4,sparse_bf16,dense_bf16,dense_bf16,dense_nvfp4,sparse_bf16,dense_bf16,sparse_bf16,sparse_bf16,sparse_bf16
b64_in1024_out1,64,1024,1,max_speed,1556299ab3,sparse_bf16,sparse_bf16,sparse_bf16,sparse_bf16,sparse_bf16,sparse_bf16,sparse_bf16,sparse_bf16,sparse_bf16,sparse_bf16,sparse_bf16,sparse_bf16,sparse_bf16,sparse_bf16,sparse_bf16,sparse_bf16,sparse_bf16,sparse_bf16,sparse_bf16,sparse_bf16,sparse_bf16,sparse_bf16,sparse_bf16,sparse_bf16,sparse_bf16,sparse_bf16,sparse_bf16,sparse_bf16,sparse_bf16,sparse_bf16,sparse_bf16,sparse_bf16,sparse_bf16,sparse_bf16,sparse_bf16,sparse_bf16,sparse_bf16,sparse_bf16,sparse_bf16,sparse_bf16,sparse_bf16,sparse_bf16,sparse_bf16,sparse_bf16,sparse_bf16,sparse_bf16,sparse_bf16,sparse_bf16,sparse_bf16,sparse_bf16,sparse_bf16,sparse_bf16,sparse_bf16,sparse_bf16,sparse_bf16,sparse_bf16,sparse_bf16,sparse_bf16,sparse_bf16,sparse_bf16,sparse_bf16,sparse_bf16,sparse_bf16,sparse_bf16,sparse_bf16,sparse_bf16,sparse_bf16,sparse_bf16,sparse_bf16,sparse_bf16,sparse_bf16,sparse_bf16,sparse_bf16,sparse_bf16,sparse_bf16,sparse_bf16,sparse_bf16,sparse_bf16,sparse_bf16,sparse_bf16,sparse_bf16,sparse_bf16,sparse_bf16,sparse_bf16,sparse_bf16,sparse_bf16,sparse_bf16,sparse_bf16,sparse_bf16,sparse_bf16,sparse_bf16,sparse_bf16,sparse_bf16,sparse_bf16,sparse_bf16,sparse_bf16,sparse_bf16,sparse_bf16,sparse_bf16,sparse_bf16,sparse_bf16,sparse_bf16,sparse_bf16,sparse_bf16,sparse_bf16,sparse_bf16,sparse_bf16,sparse_bf16,sparse_bf16,sparse_bf16,sparse_bf16,sparse_bf16,sparse_bf16,sparse_bf16,sparse_bf16,sparse_bf16,sparse_bf16,sparse_bf16,sparse_bf16,sparse_bf16,sparse_bf16,sparse_bf16,sparse_bf16,sparse_bf16,sparse_bf16,sparse_bf16,sparse_bf16,sparse_bf16
b64_in2048_out1,64,2048,1,optimized,8667ea141d,sparse_bf16,sparse_bf16,dense_nvfp4,sparse_bf16,sparse_bf16,dense_bf16,dense_nvfp4,sparse_bf16,sparse_bf16,dense_bf16,sparse_bf16,sparse_bf16,sparse_bf16,dense_bf16,sparse_bf16,sparse_bf16,sparse_bf16,dense_bf16,sparse_bf16,sparse_bf16,dense_bf16,dense_bf16,sparse_bf16,sparse_bf16,sparse_bf16,dense_bf16,sparse_bf16,sparse_bf16,dense_bf16,dense_bf16,sparse_bf16,sparse_bf16,sparse_bf16,dense_bf16,sparse_bf16,sparse_bf16,dense_bf16,dense_bf16,sparse_bf16,sparse_bf16,sparse_bf16,dense_bf16,sparse_bf16,sparse_bf16,dense_bf16,dense_bf16,sparse_bf16,sparse_bf16,dense_bf16,dense_bf16,sparse_bf16,sparse_bf16,dense_bf16,dense_bf16,sparse_bf16,sparse_bf16,dense_bf16,dense_bf16,sparse_bf16,sparse_bf16,sparse_bf16,dense_bf16,sparse_bf16,sparse_bf16,dense_bf16,dense_bf16,sparse_bf16,sparse_bf16,dense_bf16,dense_bf16,sparse_bf16,sparse_bf16,dense_bf16,dense_bf16,sparse_bf16,sparse_bf16,dense_bf16,dense_bf16,sparse_bf16,sparse_bf16,dense_bf16,dense_bf16,sparse_bf16,sparse_bf16,dense_bf16,dense_bf16,sparse_bf16,sparse_bf16,dense_bf16,dense_bf16,sparse_bf16,sparse_bf16,dense_bf16,dense_bf16,sparse_bf16,sparse_bf16,dense_bf16,dense_bf16,sparse_bf16,sparse_bf16,dense_bf16,sparse_bf16,sparse_bf16,sparse_bf16,dense_bf16,sparse_bf16,sparse_bf16,sparse_bf16,dense_bf16,dense_bf16,sparse_bf16,sparse_bf16,dense_bf16,dense_bf16,sparse_bf16,sparse_bf16,dense_bf16,dense_bf16,sparse_bf16,sparse_bf16,dense_bf16,dense_bf16,sparse_bf16,sparse_bf16,dense_bf16,sparse_bf16,sparse_bf16,sparse_bf16
b64_in2048_out1,64,2048,1,max_speed,1556299ab3,sparse_bf16,sparse_bf16,sparse_bf16,sparse_bf16,sparse_bf16,sparse_bf16,sparse_bf16,sparse_bf16,sparse_bf16,sparse_bf16,sparse_bf16,sparse_bf16,sparse_bf16,sparse_bf16,sparse_bf16,sparse_bf16,sparse_bf16,sparse_bf16,sparse_bf16,sparse_bf16,sparse_bf16,sparse_bf16,sparse_bf16,sparse_bf16,sparse_bf16,sparse_bf16,sparse_bf16,sparse_bf16,sparse_bf16,sparse_bf16,sparse_bf16,sparse_bf16,sparse_bf16,sparse_bf16,sparse_bf16,sparse_bf16,sparse_bf16,sparse_bf16,sparse_bf16,sparse_bf16,sparse_bf16,sparse_bf16,sparse_bf16,sparse_bf16,sparse_bf16,sparse_bf16,sparse_bf16,sparse_bf16,sparse_bf16,sparse_bf16,sparse_bf16,sparse_bf16,sparse_bf16,sparse_bf16,sparse_bf16,sparse_bf16,sparse_bf16,sparse_bf16,sparse_bf16,sparse_bf16,sparse_bf16,sparse_bf16,sparse_bf16,sparse_bf16,sparse_bf16,sparse_bf16,sparse_bf16,sparse_bf16,sparse_bf16,sparse_bf16,sparse_bf16,sparse_bf16,sparse_bf16,sparse_bf16,sparse_bf16,sparse_bf16,sparse_bf16,sparse_bf16,sparse_bf16,sparse_bf16,sparse_bf16,sparse_bf16,sparse_bf16,sparse_bf16,sparse_bf16,sparse_bf16,sparse_bf16,sparse_bf16,sparse_bf16,sparse_bf16,sparse_bf16,sparse_bf16,sparse_bf16,sparse_bf16,sparse_bf16,sparse_bf16,sparse_bf16,sparse_bf16,sparse_bf16,sparse_bf16,sparse_bf16,sparse_bf16,sparse_bf16,sparse_bf16,sparse_bf16,sparse_bf16,sparse_bf16,sparse_bf16,sparse_bf16,sparse_bf16,sparse_bf16,sparse_bf16,sparse_bf16,sparse_bf16,sparse_bf16,sparse_bf16,sparse_bf16,sparse_bf16,sparse_bf16,sparse_bf16,sparse_bf16,sparse_bf16,sparse_bf16,sparse_bf16,sparse_bf16,sparse_bf16,sparse_bf16,sparse_bf16
b64_in4096_out1,64,4096,1,optimized,ab9f82de5a,sparse_bf16,sparse_bf16,sparse_bf16,sparse_bf16,sparse_bf16,dense_bf16,dense_bf16,sparse_bf16,sparse_bf16,dense_bf16,sparse_bf16,sparse_bf16,sparse_bf16,dense_bf16,sparse_bf16,sparse_bf16,sparse_bf16,dense_bf16,sparse_bf16,sparse_bf16,dense_bf16,dense_bf16,sparse_bf16,sparse_bf16,sparse_bf16,dense_bf16,sparse_bf16,sparse_bf16,dense_bf16,dense_bf16,sparse_bf16,sparse_bf16,sparse_bf16,dense_bf16,sparse_bf16,sparse_bf16,dense_bf16,dense_bf16,sparse_bf16,sparse_bf16,sparse_bf16,dense_bf16,sparse_bf16,sparse_bf16,dense_bf16,dense_bf16,sparse_bf16,sparse_bf16,dense_bf16,dense_bf16,sparse_bf16,sparse_bf16,dense_bf16,dense_bf16,sparse_bf16,sparse_bf16,dense_bf16,dense_bf16,sparse_bf16,sparse_bf16,sparse_bf16,dense_bf16,sparse_bf16,sparse_bf16,dense_bf16,dense_bf16,sparse_bf16,sparse_bf16,dense_bf16,dense_bf16,sparse_bf16,sparse_bf16,dense_bf16,dense_bf16,sparse_bf16,sparse_bf16,dense_bf16,dense_bf16,sparse_bf16,sparse_bf16,dense_bf16,dense_bf16,sparse_bf16,sparse_bf16,dense_bf16,dense_bf16,sparse_bf16,sparse_bf16,dense_bf16,dense_bf16,sparse_bf16,sparse_bf16,dense_bf16,dense_bf16,sparse_bf16,sparse_bf16,dense_bf16,dense_bf16,sparse_bf16,sparse_bf16,dense_bf16,sparse_bf16,sparse_bf16,sparse_bf16,dense_bf16,sparse_bf16,sparse_bf16,sparse_bf16,dense_bf16,dense_bf16,sparse_bf16,sparse_bf16,dense_bf16,dense_bf16,sparse_bf16,sparse_bf16,dense_bf16,dense_bf16,sparse_bf16,sparse_bf16,dense_bf16,dense_bf16,sparse_bf16,sparse_bf16,dense_bf16,sparse_bf16,sparse_bf16,sparse_bf16
b64_in4096_out1,64,4096,1,max_speed,1556299ab3,sparse_bf16,sparse_bf16,sparse_bf16,sparse_bf16,sparse_bf16,sparse_bf16,sparse_bf16,sparse_bf16,sparse_bf16,sparse_bf16,sparse_bf16,sparse_bf16,sparse_bf16,sparse_bf16,sparse_bf16,sparse_bf16,sparse_bf16,sparse_bf16,sparse_bf16,sparse_bf16,sparse_bf16,sparse_bf16,sparse_bf16,sparse_bf16,sparse_bf16,sparse_bf16,sparse_bf16,sparse_bf16,sparse_bf16,sparse_bf16,sparse_bf16,sparse_bf16,sparse_bf16,sparse_bf16,sparse_bf16,sparse_bf16,sparse_bf16,sparse_bf16,sparse_bf16,sparse_bf16,sparse_bf16,sparse_bf16,sparse_bf16,sparse_bf16,sparse_bf16,sparse_bf16,sparse_bf16,sparse_bf16,sparse_bf16,sparse_bf16,sparse_bf16,sparse_bf16,sparse_bf16,sparse_bf16,sparse_bf16,sparse_bf16,sparse_bf16,sparse_bf16,sparse_bf16,sparse_bf16,sparse_bf16,sparse_bf16,sparse_bf16,sparse_bf16,sparse_bf16,sparse_bf16,sparse_bf16,sparse_bf16,sparse_bf16,sparse_bf16,sparse_bf16,sparse_bf16,sparse_bf16,sparse_bf16,sparse_bf16,sparse_bf16,sparse_bf16,sparse_bf16,sparse_bf16,sparse_bf16,sparse_bf16,sparse_bf16,sparse_bf16,sparse_bf16,sparse_bf16,sparse_bf16,sparse_bf16,sparse_bf16,sparse_bf16,sparse_bf16,sparse_bf16,sparse_bf16,sparse_bf16,sparse_bf16,sparse_bf16,sparse_bf16,sparse_bf16,sparse_bf16,sparse_bf16,sparse_bf16,sparse_bf16,sparse_bf16,sparse_bf16,sparse_bf16,sparse_bf16,sparse_bf16,sparse_bf16,sparse_bf16,sparse_bf16,sparse_bf16,sparse_bf16,sparse_bf16,sparse_bf16,sparse_bf16,sparse_bf16,sparse_bf16,sparse_bf16,sparse_bf16,sparse_bf16,sparse_bf16,sparse_bf16,sparse_bf16,sparse_bf16,sparse_bf16,sparse_bf16,sparse_bf16,sparse_bf16,sparse_bf16
b64_in8192_out1,64,8192,1,optimized,0709337f80,sparse_bf16,sparse_bf16,sparse_bf16,sparse_bf16,sparse_bf16,dense_bf16,dense_bf16,sparse_bf16,sparse_bf16,dense_bf16,sparse_bf16,sparse_bf16,sparse_bf16,sparse_bf16,sparse_bf16,sparse_bf16,sparse_bf16,dense_bf16,sparse_bf16,sparse_bf16,dense_bf16,dense_bf16,sparse_bf16,sparse_bf16,sparse_bf16,dense_bf16,sparse_bf16,sparse_bf16,dense_bf16,dense_bf16,sparse_bf16,sparse_bf16,sparse_bf16,dense_bf16,sparse_bf16,sparse_bf16,dense_bf16,dense_bf16,sparse_bf16,sparse_bf16,sparse_bf16,dense_bf16,sparse_bf16,sparse_bf16,dense_bf16,dense_bf16,sparse_bf16,sparse_bf16,dense_bf16,dense_bf16,sparse_bf16,sparse_bf16,dense_bf16,dense_bf16,sparse_bf16,sparse_bf16,dense_bf16,dense_bf16,sparse_bf16,sparse_bf16,sparse_bf16,dense_bf16,sparse_bf16,sparse_bf16,dense_bf16,dense_bf16,sparse_bf16,sparse_bf16,dense_bf16,dense_bf16,sparse_bf16,sparse_bf16,dense_bf16,dense_bf16,sparse_bf16,sparse_bf16,dense_bf16,dense_bf16,sparse_bf16,sparse_bf16,dense_bf16,dense_bf16,sparse_bf16,sparse_bf16,dense_bf16,dense_bf16,sparse_bf16,sparse_bf16,dense_bf16,dense_bf16,sparse_bf16,sparse_bf16,dense_bf16,dense_bf16,sparse_bf16,sparse_bf16,dense_bf16,dense_bf16,sparse_bf16,sparse_bf16,dense_bf16,dense_bf16,sparse_bf16,sparse_bf16,dense_bf16,sparse_bf16,sparse_bf16,sparse_bf16,dense_bf16,dense_bf16,sparse_bf16,sparse_bf16,dense_bf16,dense_bf16,sparse_bf16,sparse_bf16,dense_bf16,dense_bf16,sparse_bf16,sparse_bf16,dense_bf16,dense_bf16,sparse_bf16,sparse_bf16,dense_bf16,sparse_bf16,sparse_bf16,sparse_bf16
b64_in8192_out1,64,8192,1,max_speed,1556299ab3,sparse_bf16,sparse_bf16,sparse_bf16,sparse_bf16,sparse_bf16,sparse_bf16,sparse_bf16,sparse_bf16,sparse_bf16,sparse_bf16,sparse_bf16,sparse_bf16,sparse_bf16,sparse_bf16,sparse_bf16,sparse_bf16,sparse_bf16,sparse_bf16,sparse_bf16,sparse_bf16,sparse_bf16,sparse_bf16,sparse_bf16,sparse_bf16,sparse_bf16,sparse_bf16,sparse_bf16,sparse_bf16,sparse_bf16,sparse_bf16,sparse_bf16,sparse_bf16,sparse_bf16,sparse_bf16,sparse_bf16,sparse_bf16,sparse_bf16,sparse_bf16,sparse_bf16,sparse_bf16,sparse_bf16,sparse_bf16,sparse_bf16,sparse_bf16,sparse_bf16,sparse_bf16,sparse_bf16,sparse_bf16,sparse_bf16,sparse_bf16,sparse_bf16,sparse_bf16,sparse_bf16,sparse_bf16,sparse_bf16,sparse_bf16,sparse_bf16,sparse_bf16,sparse_bf16,sparse_bf16,sparse_bf16,sparse_bf16,sparse_bf16,sparse_bf16,sparse_bf16,sparse_bf16,sparse_bf16,sparse_bf16,sparse_bf16,sparse_bf16,sparse_bf16,sparse_bf16,sparse_bf16,sparse_bf16,sparse_bf16,sparse_bf16,sparse_bf16,sparse_bf16,sparse_bf16,sparse_bf16,sparse_bf16,sparse_bf16,sparse_bf16,sparse_bf16,sparse_bf16,sparse_bf16,sparse_bf16,sparse_bf16,sparse_bf16,sparse_bf16,sparse_bf16,sparse_bf16,sparse_bf16,sparse_bf16,sparse_bf16,sparse_bf16,sparse_bf16,sparse_bf16,sparse_bf16,sparse_bf16,sparse_bf16,sparse_bf16,sparse_bf16,sparse_bf16,sparse_bf16,sparse_bf16,sparse_bf16,sparse_bf16,sparse_bf16,sparse_bf16,sparse_bf16,sparse_bf16,sparse_bf16,sparse_bf16,sparse_bf16,sparse_bf16,sparse_bf16,sparse_bf16,sparse_bf16,sparse_bf16,sparse_bf16,sparse_bf16,sparse_bf16,sparse_bf16,sparse_bf16,sparse_bf16,sparse_bf16,sparse_bf16
b64_in16384_out1,64,16384,1,optimized,ab9f82de5a,sparse_bf16,sparse_bf16,sparse_bf16,sparse_bf16,sparse_bf16,dense_bf16,dense_bf16,sparse_bf16,sparse_bf16,dense_bf16,sparse_bf16,sparse_bf16,sparse_bf16,dense_bf16,sparse_bf16,sparse_bf16,sparse_bf16,dense_bf16,sparse_bf16,sparse_bf16,dense_bf16,dense_bf16,sparse_bf16,sparse_bf16,sparse_bf16,dense_bf16,sparse_bf16,sparse_bf16,dense_bf16,dense_bf16,sparse_bf16,sparse_bf16,sparse_bf16,dense_bf16,sparse_bf16,sparse_bf16,dense_bf16,dense_bf16,sparse_bf16,sparse_bf16,sparse_bf16,dense_bf16,sparse_bf16,sparse_bf16,dense_bf16,dense_bf16,sparse_bf16,sparse_bf16,dense_bf16,dense_bf16,sparse_bf16,sparse_bf16,dense_bf16,dense_bf16,sparse_bf16,sparse_bf16,dense_bf16,dense_bf16,sparse_bf16,sparse_bf16,sparse_bf16,dense_bf16,sparse_bf16,sparse_bf16,dense_bf16,dense_bf16,sparse_bf16,sparse_bf16,dense_bf16,dense_bf16,sparse_bf16,sparse_bf16,dense_bf16,dense_bf16,sparse_bf16,sparse_bf16,dense_bf16,dense_bf16,sparse_bf16,sparse_bf16,dense_bf16,dense_bf16,sparse_bf16,sparse_bf16,dense_bf16,dense_bf16,sparse_bf16,sparse_bf16,dense_bf16,dense_bf16,sparse_bf16,sparse_bf16,dense_bf16,dense_bf16,sparse_bf16,sparse_bf16,dense_bf16,dense_bf16,sparse_bf16,sparse_bf16,dense_bf16,sparse_bf16,sparse_bf16,sparse_bf16,dense_bf16,sparse_bf16,sparse_bf16,sparse_bf16,dense_bf16,dense_bf16,sparse_bf16,sparse_bf16,dense_bf16,dense_bf16,sparse_bf16,sparse_bf16,dense_bf16,dense_bf16,sparse_bf16,sparse_bf16,dense_bf16,dense_bf16,sparse_bf16,sparse_bf16,dense_bf16,sparse_bf16,sparse_bf16,sparse_bf16
b64_in16384_out1,64,16384,1,max_speed,1556299ab3,sparse_bf16,sparse_bf16,sparse_bf16,sparse_bf16,sparse_bf16,sparse_bf16,sparse_bf16,sparse_bf16,sparse_bf16,sparse_bf16,sparse_bf16,sparse_bf16,sparse_bf16,sparse_bf16,sparse_bf16,sparse_bf16,sparse_bf16,sparse_bf16,sparse_bf16,sparse_bf16,sparse_bf16,sparse_bf16,sparse_bf16,sparse_bf16,sparse_bf16,sparse_bf16,sparse_bf16,sparse_bf16,sparse_bf16,sparse_bf16,sparse_bf16,sparse_bf16,sparse_bf16,sparse_bf16,sparse_bf16,sparse_bf16,sparse_bf16,sparse_bf16,sparse_bf16,sparse_bf16,sparse_bf16,sparse_bf16,sparse_bf16,sparse_bf16,sparse_bf16,sparse_bf16,sparse_bf16,sparse_bf16,sparse_bf16,sparse_bf16,sparse_bf16,sparse_bf16,sparse_bf16,sparse_bf16,sparse_bf16,sparse_bf16,sparse_bf16,sparse_bf16,sparse_bf16,sparse_bf16,sparse_bf16,sparse_bf16,sparse_bf16,sparse_bf16,sparse_bf16,sparse_bf16,sparse_bf16,sparse_bf16,sparse_bf16,sparse_bf16,sparse_bf16,sparse_bf16,sparse_bf16,sparse_bf16,sparse_bf16,sparse_bf16,sparse_bf16,sparse_bf16,sparse_bf16,sparse_bf16,sparse_bf16,sparse_bf16,sparse_bf16,sparse_bf16,sparse_bf16,sparse_bf16,sparse_bf16,sparse_bf16,sparse_bf16,sparse_bf16,sparse_bf16,sparse_bf16,sparse_bf16,sparse_bf16,sparse_bf16,sparse_bf16,sparse_bf16,sparse_bf16,sparse_bf16,sparse_bf16,sparse_bf16,sparse_bf16,sparse_bf16,sparse_bf16,sparse_bf16,sparse_bf16,sparse_bf16,sparse_bf16,sparse_bf16,sparse_bf16,sparse_bf16,sparse_bf16,sparse_bf16,sparse_bf16,sparse_bf16,sparse_bf16,sparse_bf16,sparse_bf16,sparse_bf16,sparse_bf16,sparse_bf16,sparse_bf16,sparse_bf16,sparse_bf16,sparse_bf16,sparse_bf16,sparse_bf16,sparse_bf16
b64_in32768_out1,64,32768,1,optimized,ab9f82de5a,sparse_bf16,sparse_bf16,sparse_bf16,sparse_bf16,sparse_bf16,dense_bf16,dense_bf16,sparse_bf16,sparse_bf16,dense_bf16,sparse_bf16,sparse_bf16,sparse_bf16,dense_bf16,sparse_bf16,sparse_bf16,sparse_bf16,dense_bf16,sparse_bf16,sparse_bf16,dense_bf16,dense_bf16,sparse_bf16,sparse_bf16,sparse_bf16,dense_bf16,sparse_bf16,sparse_bf16,dense_bf16,dense_bf16,sparse_bf16,sparse_bf16,sparse_bf16,dense_bf16,sparse_bf16,sparse_bf16,dense_bf16,dense_bf16,sparse_bf16,sparse_bf16,sparse_bf16,dense_bf16,sparse_bf16,sparse_bf16,dense_bf16,dense_bf16,sparse_bf16,sparse_bf16,dense_bf16,dense_bf16,sparse_bf16,sparse_bf16,dense_bf16,dense_bf16,sparse_bf16,sparse_bf16,dense_bf16,dense_bf16,sparse_bf16,sparse_bf16,sparse_bf16,dense_bf16,sparse_bf16,sparse_bf16,dense_bf16,dense_bf16,sparse_bf16,sparse_bf16,dense_bf16,dense_bf16,sparse_bf16,sparse_bf16,dense_bf16,dense_bf16,sparse_bf16,sparse_bf16,dense_bf16,dense_bf16,sparse_bf16,sparse_bf16,dense_bf16,dense_bf16,sparse_bf16,sparse_bf16,dense_bf16,dense_bf16,sparse_bf16,sparse_bf16,dense_bf16,dense_bf16,sparse_bf16,sparse_bf16,dense_bf16,dense_bf16,sparse_bf16,sparse_bf16,dense_bf16,dense_bf16,sparse_bf16,sparse_bf16,dense_bf16,sparse_bf16,sparse_bf16,sparse_bf16,dense_bf16,sparse_bf16,sparse_bf16,sparse_bf16,dense_bf16,dense_bf16,sparse_bf16,sparse_bf16,dense_bf16,dense_bf16,sparse_bf16,sparse_bf16,dense_bf16,dense_bf16,sparse_bf16,sparse_bf16,dense_bf16,dense_bf16,sparse_bf16,sparse_bf16,dense_bf16,sparse_bf16,sparse_bf16,sparse_bf16
b64_in32768_out1,64,32768,1,max_speed,1556299ab3,sparse_bf16,sparse_bf16,sparse_bf16,sparse_bf16,sparse_bf16,sparse_bf16,sparse_bf16,sparse_bf16,sparse_bf16,sparse_bf16,sparse_bf16,sparse_bf16,sparse_bf16,sparse_bf16,sparse_bf16,sparse_bf16,sparse_bf16,sparse_bf16,sparse_bf16,sparse_bf16,sparse_bf16,sparse_bf16,sparse_bf16,sparse_bf16,sparse_bf16,sparse_bf16,sparse_bf16,sparse_bf16,sparse_bf16,sparse_bf16,sparse_bf16,sparse_bf16,sparse_bf16,sparse_bf16,sparse_bf16,sparse_bf16,sparse_bf16,sparse_bf16,sparse_bf16,sparse_bf16,sparse_bf16,sparse_bf16,sparse_bf16,sparse_bf16,sparse_bf16,sparse_bf16,sparse_bf16,sparse_bf16,sparse_bf16,sparse_bf16,sparse_bf16,sparse_bf16,sparse_bf16,sparse_bf16,sparse_bf16,sparse_bf16,sparse_bf16,sparse_bf16,sparse_bf16,sparse_bf16,sparse_bf16,sparse_bf16,sparse_bf16,sparse_bf16,sparse_bf16,sparse_bf16,sparse_bf16,sparse_bf16,sparse_bf16,sparse_bf16,sparse_bf16,sparse_bf16,sparse_bf16,sparse_bf16,sparse_bf16,sparse_bf16,sparse_bf16,sparse_bf16,sparse_bf16,sparse_bf16,sparse_bf16,sparse_bf16,sparse_bf16,sparse_bf16,sparse_bf16,sparse_bf16,sparse_bf16,sparse_bf16,sparse_bf16,sparse_bf16,sparse_bf16,sparse_bf16,sparse_bf16,sparse_bf16,sparse_bf16,sparse_bf16,sparse_bf16,sparse_bf16,sparse_bf16,sparse_bf16,sparse_bf16,sparse_bf16,sparse_bf16,sparse_bf16,sparse_bf16,sparse_bf16,sparse_bf16,sparse_bf16,sparse_bf16,sparse_bf16,sparse_bf16,sparse_bf16,sparse_bf16,sparse_bf16,sparse_bf16,sparse_bf16,sparse_bf16,sparse_bf16,sparse_bf16,sparse_bf16,sparse_bf16,sparse_bf16,sparse_bf16,sparse_bf16,sparse_bf16,sparse_bf16,sparse_bf16,sparse_bf16
b128_in128_out1,128,128,1,optimized,4f61f4ce62,sparse_bf16,sparse_bf16,dense_nvfp4,sparse_bf16,dense_nvfp4,dense_bf16,dense_nvfp4,sparse_bf16,dense_nvfp4,dense_bf16,dense_nvfp4,dense_nvfp4,dense_nvfp4,dense_bf16,dense_nvfp4,dense_bf16,dense_nvfp4,dense_bf16,dense_nvfp4,sparse_bf16,dense_nvfp4,dense_bf16,dense_nvfp4,dense_nvfp4,dense_nvfp4,dense_bf16,dense_nvfp4,sparse_bf16,dense_nvfp4,dense_bf16,dense_nvfp4,dense_nvfp4,dense_nvfp4,dense_bf16,dense_nvfp4,dense_nvfp4,dense_nvfp4,dense_bf16,dense_nvfp4,dense_nvfp4,dense_nvfp4,dense_bf16,dense_nvfp4,sparse_bf16,dense_nvfp4,dense_bf16,dense_nvfp4,sparse_bf16,dense_nvfp4,dense_bf16,dense_nvfp4,sparse_bf16,dense_nvfp4,dense_bf16,dense_nvfp4,sparse_bf16,dense_nvfp4,dense_bf16,dense_nvfp4,sparse_bf16,dense_nvfp4,dense_bf16,dense_nvfp4,sparse_bf16,dense_nvfp4,dense_bf16,dense_nvfp4,sparse_bf16,dense_nvfp4,dense_bf16,dense_nvfp4,sparse_bf16,dense_nvfp4,dense_bf16,dense_nvfp4,sparse_bf16,dense_nvfp4,dense_bf16,dense_nvfp4,dense_nvfp4,dense_nvfp4,dense_bf16,dense_nvfp4,dense_nvfp4,dense_bf16,dense_bf16,dense_nvfp4,sparse_bf16,dense_nvfp4,dense_bf16,dense_nvfp4,sparse_bf16,dense_nvfp4,dense_bf16,dense_nvfp4,sparse_bf16,dense_nvfp4,dense_bf16,dense_nvfp4,sparse_bf16,dense_nvfp4,dense_bf16,dense_nvfp4,sparse_bf16,dense_nvfp4,dense_bf16,dense_nvfp4,sparse_bf16,dense_nvfp4,dense_bf16,dense_nvfp4,sparse_bf16,dense_nvfp4,dense_bf16,dense_nvfp4,sparse_bf16,dense_nvfp4,dense_bf16,dense_nvfp4,sparse_bf16,dense_bf16,dense_bf16,dense_nvfp4,sparse_bf16,dense_bf16,dense_bf16,dense_nvfp4,sparse_bf16
b128_in128_out1,128,128,1,max_speed,a749dcd170,sparse_nvfp4,sparse_bf16,sparse_nvfp4,sparse_bf16,sparse_nvfp4,sparse_bf16,sparse_nvfp4,sparse_bf16,sparse_nvfp4,sparse_bf16,sparse_nvfp4,sparse_bf16,sparse_nvfp4,sparse_bf16,sparse_nvfp4,sparse_bf16,sparse_nvfp4,sparse_bf16,sparse_nvfp4,sparse_bf16,sparse_nvfp4,sparse_bf16,sparse_nvfp4,sparse_bf16,sparse_nvfp4,sparse_bf16,sparse_nvfp4,sparse_bf16,sparse_nvfp4,sparse_bf16,sparse_nvfp4,sparse_bf16,sparse_nvfp4,sparse_bf16,sparse_nvfp4,sparse_bf16,sparse_nvfp4,sparse_bf16,sparse_nvfp4,sparse_bf16,sparse_nvfp4,sparse_bf16,sparse_nvfp4,sparse_bf16,sparse_nvfp4,sparse_bf16,sparse_nvfp4,sparse_bf16,sparse_nvfp4,sparse_bf16,sparse_nvfp4,sparse_bf16,sparse_nvfp4,sparse_bf16,sparse_nvfp4,sparse_bf16,sparse_nvfp4,sparse_bf16,sparse_nvfp4,sparse_bf16,sparse_nvfp4,sparse_bf16,sparse_nvfp4,sparse_bf16,sparse_nvfp4,sparse_bf16,sparse_nvfp4,sparse_bf16,sparse_nvfp4,sparse_bf16,sparse_nvfp4,sparse_bf16,sparse_nvfp4,sparse_bf16,sparse_nvfp4,sparse_bf16,sparse_nvfp4,sparse_bf16,sparse_nvfp4,sparse_bf16,sparse_nvfp4,sparse_bf16,sparse_nvfp4,sparse_bf16,sparse_nvfp4,sparse_bf16,sparse_nvfp4,sparse_bf16,sparse_nvfp4,sparse_bf16,sparse_nvfp4,sparse_bf16,sparse_nvfp4,sparse_bf16,sparse_nvfp4,sparse_bf16,sparse_nvfp4,sparse_bf16,sparse_nvfp4,sparse_bf16,sparse_nvfp4,sparse_bf16,sparse_nvfp4,sparse_bf16,sparse_nvfp4,sparse_bf16,sparse_nvfp4,sparse_bf16,sparse_nvfp4,sparse_bf16,sparse_nvfp4,sparse_bf16,sparse_nvfp4,sparse_bf16,sparse_nvfp4,sparse_bf16,sparse_nvfp4,sparse_bf16,sparse_nvfp4,sparse_bf16,sparse_nvfp4,sparse_bf16,sparse_nvfp4,sparse_bf16,sparse_nvfp4,sparse_bf16,sparse_nvfp4,sparse_bf16
b128_in256_out1,128,256,1,optimized,99d0c3c909,sparse_bf16,sparse_bf16,dense_nvfp4,sparse_bf16,dense_nvfp4,dense_bf16,dense_nvfp4,sparse_bf16,sparse_bf16,dense_bf16,dense_nvfp4,dense_nvfp4,dense_nvfp4,dense_bf16,dense_nvfp4,dense_nvfp4,dense_nvfp4,dense_bf16,dense_nvfp4,dense_nvfp4,dense_nvfp4,dense_bf16,dense_nvfp4,dense_nvfp4,dense_nvfp4,dense_bf16,dense_nvfp4,dense_nvfp4,dense_nvfp4,dense_bf16,dense_nvfp4,dense_nvfp4,dense_nvfp4,dense_bf16,dense_nvfp4,dense_nvfp4,dense_nvfp4,dense_bf16,dense_nvfp4,dense_nvfp4,dense_nvfp4,dense_bf16,dense_nvfp4,sparse_bf16,dense_nvfp4,dense_bf16,dense_nvfp4,sparse_bf16,dense_nvfp4,dense_bf16,dense_nvfp4,sparse_bf16,dense_nvfp4,dense_bf16,dense_nvfp4,sparse_bf16,dense_nvfp4,dense_bf16,dense_nvfp4,sparse_bf16,dense_nvfp4,dense_bf16,dense_nvfp4,sparse_bf16,dense_nvfp4,dense_bf16,dense_nvfp4,sparse_bf16,dense_nvfp4,dense_bf16,dense_nvfp4,dense_nvfp4,dense_nvfp4,dense_bf16,dense_nvfp4,sparse_bf16,dense_nvfp4,dense_bf16,dense_nvfp4,dense_nvfp4,dense_nvfp4,dense_bf16,dense_nvfp4,dense_nvfp4,dense_nvfp4,dense_bf16,dense_nvfp4,dense_nvfp4,dense_nvfp4,dense_bf16,dense_nvfp4,dense_nvfp4,dense_nvfp4,dense_bf16,dense_nvfp4,sparse_bf16,dense_nvfp4,dense_bf16,dense_nvfp4,dense_nvfp4,dense_nvfp4,dense_bf16,dense_nvfp4,dense_nvfp4,dense_nvfp4,dense_bf16,dense_nvfp4,sparse_bf16,dense_nvfp4,dense_bf16,dense_nvfp4,sparse_bf16,dense_nvfp4,dense_bf16,dense_nvfp4,sparse_bf16,dense_nvfp4,dense_bf16,dense_nvfp4,sparse_bf16,dense_bf16,dense_bf16,dense_nvfp4,sparse_bf16,dense_bf16,sparse_bf16,dense_nvfp4,sparse_bf16
b128_in256_out1,128,256,1,max_speed,a749dcd170,sparse_nvfp4,sparse_bf16,sparse_nvfp4,sparse_bf16,sparse_nvfp4,sparse_bf16,sparse_nvfp4,sparse_bf16,sparse_nvfp4,sparse_bf16,sparse_nvfp4,sparse_bf16,sparse_nvfp4,sparse_bf16,sparse_nvfp4,sparse_bf16,sparse_nvfp4,sparse_bf16,sparse_nvfp4,sparse_bf16,sparse_nvfp4,sparse_bf16,sparse_nvfp4,sparse_bf16,sparse_nvfp4,sparse_bf16,sparse_nvfp4,sparse_bf16,sparse_nvfp4,sparse_bf16,sparse_nvfp4,sparse_bf16,sparse_nvfp4,sparse_bf16,sparse_nvfp4,sparse_bf16,sparse_nvfp4,sparse_bf16,sparse_nvfp4,sparse_bf16,sparse_nvfp4,sparse_bf16,sparse_nvfp4,sparse_bf16,sparse_nvfp4,sparse_bf16,sparse_nvfp4,sparse_bf16,sparse_nvfp4,sparse_bf16,sparse_nvfp4,sparse_bf16,sparse_nvfp4,sparse_bf16,sparse_nvfp4,sparse_bf16,sparse_nvfp4,sparse_bf16,sparse_nvfp4,sparse_bf16,sparse_nvfp4,sparse_bf16,sparse_nvfp4,sparse_bf16,sparse_nvfp4,sparse_bf16,sparse_nvfp4,sparse_bf16,sparse_nvfp4,sparse_bf16,sparse_nvfp4,sparse_bf16,sparse_nvfp4,sparse_bf16,sparse_nvfp4,sparse_bf16,sparse_nvfp4,sparse_bf16,sparse_nvfp4,sparse_bf16,sparse_nvfp4,sparse_bf16,sparse_nvfp4,sparse_bf16,sparse_nvfp4,sparse_bf16,sparse_nvfp4,sparse_bf16,sparse_nvfp4,sparse_bf16,sparse_nvfp4,sparse_bf16,sparse_nvfp4,sparse_bf16,sparse_nvfp4,sparse_bf16,sparse_nvfp4,sparse_bf16,sparse_nvfp4,sparse_bf16,sparse_nvfp4,sparse_bf16,sparse_nvfp4,sparse_bf16,sparse_nvfp4,sparse_bf16,sparse_nvfp4,sparse_bf16,sparse_nvfp4,sparse_bf16,sparse_nvfp4,sparse_bf16,sparse_nvfp4,sparse_bf16,sparse_nvfp4,sparse_bf16,sparse_nvfp4,sparse_bf16,sparse_nvfp4,sparse_bf16,sparse_nvfp4,sparse_bf16,sparse_nvfp4,sparse_bf16,sparse_nvfp4,sparse_bf16,sparse_nvfp4,sparse_bf16
b128_in512_out1,128,512,1,optimized,7eb213cf8f,sparse_bf16,sparse_bf16,dense_nvfp4,sparse_bf16,sparse_bf16,dense_bf16,dense_nvfp4,sparse_bf16,sparse_bf16,dense_bf16,dense_nvfp4,sparse_bf16,dense_nvfp4,dense_bf16,dense_nvfp4,sparse_bf16,sparse_bf16,dense_bf16,dense_nvfp4,sparse_bf16,dense_nvfp4,dense_bf16,dense_nvfp4,dense_nvfp4,dense_nvfp4,dense_bf16,dense_nvfp4,sparse_bf16,dense_nvfp4,dense_bf16,dense_nvfp4,sparse_bf16,dense_nvfp4,dense_bf16,dense_nvfp4,sparse_bf16,dense_nvfp4,dense_bf16,dense_nvfp4,sparse_bf16,dense_nvfp4,dense_bf16,dense_nvfp4,sparse_bf16,dense_nvfp4,dense_bf16,dense_nvfp4,sparse_bf16,dense_nvfp4,dense_bf16,dense_nvfp4,sparse_bf16,dense_nvfp4,dense_bf16,dense_nvfp4,sparse_bf16,dense_nvfp4,dense_bf16,dense_nvfp4,sparse_bf16,sparse_bf16,dense_bf16,sparse_bf16,sparse_bf16,dense_nvfp4,dense_bf16,dense_nvfp4,sparse_bf16,dense_nvfp4,dense_bf16,dense_nvfp4,sparse_bf16,dense_bf16,dense_bf16,dense_nvfp4,sparse_bf16,dense_nvfp4,dense_bf16,dense_nvfp4,sparse_bf16,dense_nvfp4,dense_bf16,dense_nvfp4,sparse_bf16,dense_bf16,dense_bf16,dense_nvfp4,sparse_bf16,dense_nvfp4,dense_bf16,dense_nvfp4,sparse_bf16,dense_nvfp4,dense_bf16,dense_nvfp4,sparse_bf16,dense_bf16,dense_bf16,dense_nvfp4,sparse_bf16,dense_bf16,sparse_bf16,dense_nvfp4,sparse_bf16,dense_bf16,sparse_bf16,sparse_bf16,sparse_bf16,dense_nvfp4,dense_bf16,dense_nvfp4,sparse_bf16,dense_nvfp4,dense_bf16,dense_nvfp4,sparse_bf16,dense_bf16,dense_bf16,dense_nvfp4,sparse_bf16,dense_bf16,dense_bf16,dense_nvfp4,sparse_bf16,dense_bf16,sparse_bf16,sparse_bf16,sparse_bf16
b128_in512_out1,128,512,1,max_speed,1556299ab3,sparse_bf16,sparse_bf16,sparse_bf16,sparse_bf16,sparse_bf16,sparse_bf16,sparse_bf16,sparse_bf16,sparse_bf16,sparse_bf16,sparse_bf16,sparse_bf16,sparse_bf16,sparse_bf16,sparse_bf16,sparse_bf16,sparse_bf16,sparse_bf16,sparse_bf16,sparse_bf16,sparse_bf16,sparse_bf16,sparse_bf16,sparse_bf16,sparse_bf16,sparse_bf16,sparse_bf16,sparse_bf16,sparse_bf16,sparse_bf16,sparse_bf16,sparse_bf16,sparse_bf16,sparse_bf16,sparse_bf16,sparse_bf16,sparse_bf16,sparse_bf16,sparse_bf16,sparse_bf16,sparse_bf16,sparse_bf16,sparse_bf16,sparse_bf16,sparse_bf16,sparse_bf16,sparse_bf16,sparse_bf16,sparse_bf16,sparse_bf16,sparse_bf16,sparse_bf16,sparse_bf16,sparse_bf16,sparse_bf16,sparse_bf16,sparse_bf16,sparse_bf16,sparse_bf16,sparse_bf16,sparse_bf16,sparse_bf16,sparse_bf16,sparse_bf16,sparse_bf16,sparse_bf16,sparse_bf16,sparse_bf16,sparse_bf16,sparse_bf16,sparse_bf16,sparse_bf16,sparse_bf16,sparse_bf16,sparse_bf16,sparse_bf16,sparse_bf16,sparse_bf16,sparse_bf16,sparse_bf16,sparse_bf16,sparse_bf16,sparse_bf16,sparse_bf16,sparse_bf16,sparse_bf16,sparse_bf16,sparse_bf16,sparse_bf16,sparse_bf16,sparse_bf16,sparse_bf16,sparse_bf16,sparse_bf16,sparse_bf16,sparse_bf16,sparse_bf16,sparse_bf16,sparse_bf16,sparse_bf16,sparse_bf16,sparse_bf16,sparse_bf16,sparse_bf16,sparse_bf16,sparse_bf16,sparse_bf16,sparse_bf16,sparse_bf16,sparse_bf16,sparse_bf16,sparse_bf16,sparse_bf16,sparse_bf16,sparse_bf16,sparse_bf16,sparse_bf16,sparse_bf16,sparse_bf16,sparse_bf16,sparse_bf16,sparse_bf16,sparse_bf16,sparse_bf16,sparse_bf16,sparse_bf16,sparse_bf16,sparse_bf16
b128_in1024_out1,128,1024,1,optimized,8667ea141d,sparse_bf16,sparse_bf16,dense_nvfp4,sparse_bf16,sparse_bf16,dense_bf16,dense_nvfp4,sparse_bf16,sparse_bf16,dense_bf16,sparse_bf16,sparse_bf16,sparse_bf16,dense_bf16,sparse_bf16,sparse_bf16,sparse_bf16,dense_bf16,sparse_bf16,sparse_bf16,dense_bf16,dense_bf16,sparse_bf16,sparse_bf16,sparse_bf16,dense_bf16,sparse_bf16,sparse_bf16,dense_bf16,dense_bf16,sparse_bf16,sparse_bf16,sparse_bf16,dense_bf16,sparse_bf16,sparse_bf16,dense_bf16,dense_bf16,sparse_bf16,sparse_bf16,sparse_bf16,dense_bf16,sparse_bf16,sparse_bf16,dense_bf16,dense_bf16,sparse_bf16,sparse_bf16,dense_bf16,dense_bf16,sparse_bf16,sparse_bf16,dense_bf16,dense_bf16,sparse_bf16,sparse_bf16,dense_bf16,dense_bf16,sparse_bf16,sparse_bf16,sparse_bf16,dense_bf16,sparse_bf16,sparse_bf16,dense_bf16,dense_bf16,sparse_bf16,sparse_bf16,dense_bf16,dense_bf16,sparse_bf16,sparse_bf16,dense_bf16,dense_bf16,sparse_bf16,sparse_bf16,dense_bf16,dense_bf16,sparse_bf16,sparse_bf16,dense_bf16,dense_bf16,sparse_bf16,sparse_bf16,dense_bf16,dense_bf16,sparse_bf16,sparse_bf16,dense_bf16,dense_bf16,sparse_bf16,sparse_bf16,dense_bf16,dense_bf16,sparse_bf16,sparse_bf16,dense_bf16,dense_bf16,sparse_bf16,sparse_bf16,dense_bf16,sparse_bf16,sparse_bf16,sparse_bf16,dense_bf16,sparse_bf16,sparse_bf16,sparse_bf16,dense_bf16,dense_bf16,sparse_bf16,sparse_bf16,dense_bf16,dense_bf16,sparse_bf16,sparse_bf16,dense_bf16,dense_bf16,sparse_bf16,sparse_bf16,dense_bf16,dense_bf16,sparse_bf16,sparse_bf16,dense_bf16,sparse_bf16,sparse_bf16,sparse_bf16
b128_in1024_out1,128,1024,1,max_speed,1556299ab3,sparse_bf16,sparse_bf16,sparse_bf16,sparse_bf16,sparse_bf16,sparse_bf16,sparse_bf16,sparse_bf16,sparse_bf16,sparse_bf16,sparse_bf16,sparse_bf16,sparse_bf16,sparse_bf16,sparse_bf16,sparse_bf16,sparse_bf16,sparse_bf16,sparse_bf16,sparse_bf16,sparse_bf16,sparse_bf16,sparse_bf16,sparse_bf16,sparse_bf16,sparse_bf16,sparse_bf16,sparse_bf16,sparse_bf16,sparse_bf16,sparse_bf16,sparse_bf16,sparse_bf16,sparse_bf16,sparse_bf16,sparse_bf16,sparse_bf16,sparse_bf16,sparse_bf16,sparse_bf16,sparse_bf16,sparse_bf16,sparse_bf16,sparse_bf16,sparse_bf16,sparse_bf16,sparse_bf16,sparse_bf16,sparse_bf16,sparse_bf16,sparse_bf16,sparse_bf16,sparse_bf16,sparse_bf16,sparse_bf16,sparse_bf16,sparse_bf16,sparse_bf16,sparse_bf16,sparse_bf16,sparse_bf16,sparse_bf16,sparse_bf16,sparse_bf16,sparse_bf16,sparse_bf16,sparse_bf16,sparse_bf16,sparse_bf16,sparse_bf16,sparse_bf16,sparse_bf16,sparse_bf16,sparse_bf16,sparse_bf16,sparse_bf16,sparse_bf16,sparse_bf16,sparse_bf16,sparse_bf16,sparse_bf16,sparse_bf16,sparse_bf16,sparse_bf16,sparse_bf16,sparse_bf16,sparse_bf16,sparse_bf16,sparse_bf16,sparse_bf16,sparse_bf16,sparse_bf16,sparse_bf16,sparse_bf16,sparse_bf16,sparse_bf16,sparse_bf16,sparse_bf16,sparse_bf16,sparse_bf16,sparse_bf16,sparse_bf16,sparse_bf16,sparse_bf16,sparse_bf16,sparse_bf16,sparse_bf16,sparse_bf16,sparse_bf16,sparse_bf16,sparse_bf16,sparse_bf16,sparse_bf16,sparse_bf16,sparse_bf16,sparse_bf16,sparse_bf16,sparse_bf16,sparse_bf16,sparse_bf16,sparse_bf16,sparse_bf16,sparse_bf16,sparse_bf16,sparse_bf16,sparse_bf16,sparse_bf16,sparse_bf16
b128_in2048_out1,128,2048,1,optimized,ab9f82de5a,sparse_bf16,sparse_bf16,sparse_bf16,sparse_bf16,sparse_bf16,dense_bf16,dense_bf16,sparse_bf16,sparse_bf16,dense_bf16,sparse_bf16,sparse_bf16,sparse_bf16,dense_bf16,sparse_bf16,sparse_bf16,sparse_bf16,dense_bf16,sparse_bf16,sparse_bf16,dense_bf16,dense_bf16,sparse_bf16,sparse_bf16,sparse_bf16,dense_bf16,sparse_bf16,sparse_bf16,dense_bf16,dense_bf16,sparse_bf16,sparse_bf16,sparse_bf16,dense_bf16,sparse_bf16,sparse_bf16,dense_bf16,dense_bf16,sparse_bf16,sparse_bf16,sparse_bf16,dense_bf16,sparse_bf16,sparse_bf16,dense_bf16,dense_bf16,sparse_bf16,sparse_bf16,dense_bf16,dense_bf16,sparse_bf16,sparse_bf16,dense_bf16,dense_bf16,sparse_bf16,sparse_bf16,dense_bf16,dense_bf16,sparse_bf16,sparse_bf16,sparse_bf16,dense_bf16,sparse_bf16,sparse_bf16,dense_bf16,dense_bf16,sparse_bf16,sparse_bf16,dense_bf16,dense_bf16,sparse_bf16,sparse_bf16,dense_bf16,dense_bf16,sparse_bf16,sparse_bf16,dense_bf16,dense_bf16,sparse_bf16,sparse_bf16,dense_bf16,dense_bf16,sparse_bf16,sparse_bf16,dense_bf16,dense_bf16,sparse_bf16,sparse_bf16,dense_bf16,dense_bf16,sparse_bf16,sparse_bf16,dense_bf16,dense_bf16,sparse_bf16,sparse_bf16,dense_bf16,dense_bf16,sparse_bf16,sparse_bf16,dense_bf16,sparse_bf16,sparse_bf16,sparse_bf16,dense_bf16,sparse_bf16,sparse_bf16,sparse_bf16,dense_bf16,dense_bf16,sparse_bf16,sparse_bf16,dense_bf16,dense_bf16,sparse_bf16,sparse_bf16,dense_bf16,dense_bf16,sparse_bf16,sparse_bf16,dense_bf16,dense_bf16,sparse_bf16,sparse_bf16,dense_bf16,sparse_bf16,sparse_bf16,sparse_bf16
b128_in2048_out1,128,2048,1,max_speed,1556299ab3,sparse_bf16,sparse_bf16,sparse_bf16,sparse_bf16,sparse_bf16,sparse_bf16,sparse_bf16,sparse_bf16,sparse_bf16,sparse_bf16,sparse_bf16,sparse_bf16,sparse_bf16,sparse_bf16,sparse_bf16,sparse_bf16,sparse_bf16,sparse_bf16,sparse_bf16,sparse_bf16,sparse_bf16,sparse_bf16,sparse_bf16,sparse_bf16,sparse_bf16,sparse_bf16,sparse_bf16,sparse_bf16,sparse_bf16,sparse_bf16,sparse_bf16,sparse_bf16,sparse_bf16,sparse_bf16,sparse_bf16,sparse_bf16,sparse_bf16,sparse_bf16,sparse_bf16,sparse_bf16,sparse_bf16,sparse_bf16,sparse_bf16,sparse_bf16,sparse_bf16,sparse_bf16,sparse_bf16,sparse_bf16,sparse_bf16,sparse_bf16,sparse_bf16,sparse_bf16,sparse_bf16,sparse_bf16,sparse_bf16,sparse_bf16,sparse_bf16,sparse_bf16,sparse_bf16,sparse_bf16,sparse_bf16,sparse_bf16,sparse_bf16,sparse_bf16,sparse_bf16,sparse_bf16,sparse_bf16,sparse_bf16,sparse_bf16,sparse_bf16,sparse_bf16,sparse_bf16,sparse_bf16,sparse_bf16,sparse_bf16,sparse_bf16,sparse_bf16,sparse_bf16,sparse_bf16,sparse_bf16,sparse_bf16,sparse_bf16,sparse_bf16,sparse_bf16,sparse_bf16,sparse_bf16,sparse_bf16,sparse_bf16,sparse_bf16,sparse_bf16,sparse_bf16,sparse_bf16,sparse_bf16,sparse_bf16,sparse_bf16,sparse_bf16,sparse_bf16,sparse_bf16,sparse_bf16,sparse_bf16,sparse_bf16,sparse_bf16,sparse_bf16,sparse_bf16,sparse_bf16,sparse_bf16,sparse_bf16,sparse_bf16,sparse_bf16,sparse_bf16,sparse_bf16,sparse_bf16,sparse_bf16,sparse_bf16,sparse_bf16,sparse_bf16,sparse_bf16,sparse_bf16,sparse_bf16,sparse_bf16,sparse_bf16,sparse_bf16,sparse_bf16,sparse_bf16,sparse_bf16,sparse_bf16,sparse_bf16,sparse_bf16
b128_in4096_out1,128,4096,1,optimized,0709337f80,sparse_bf16,sparse_bf16,sparse_bf16,sparse_bf16,sparse_bf16,dense_bf16,dense_bf16,sparse_bf16,sparse_bf16,dense_bf16,sparse_bf16,sparse_bf16,sparse_bf16,sparse_bf16,sparse_bf16,sparse_bf16,sparse_bf16,dense_bf16,sparse_bf16,sparse_bf16,dense_bf16,dense_bf16,sparse_bf16,sparse_bf16,sparse_bf16,dense_bf16,sparse_bf16,sparse_bf16,dense_bf16,dense_bf16,sparse_bf16,sparse_bf16,sparse_bf16,dense_bf16,sparse_bf16,sparse_bf16,dense_bf16,dense_bf16,sparse_bf16,sparse_bf16,sparse_bf16,dense_bf16,sparse_bf16,sparse_bf16,dense_bf16,dense_bf16,sparse_bf16,sparse_bf16,dense_bf16,dense_bf16,sparse_bf16,sparse_bf16,dense_bf16,dense_bf16,sparse_bf16,sparse_bf16,dense_bf16,dense_bf16,sparse_bf16,sparse_bf16,sparse_bf16,dense_bf16,sparse_bf16,sparse_bf16,dense_bf16,dense_bf16,sparse_bf16,sparse_bf16,dense_bf16,dense_bf16,sparse_bf16,sparse_bf16,dense_bf16,dense_bf16,sparse_bf16,sparse_bf16,dense_bf16,dense_bf16,sparse_bf16,sparse_bf16,dense_bf16,dense_bf16,sparse_bf16,sparse_bf16,dense_bf16,dense_bf16,sparse_bf16,sparse_bf16,dense_bf16,dense_bf16,sparse_bf16,sparse_bf16,dense_bf16,dense_bf16,sparse_bf16,sparse_bf16,dense_bf16,dense_bf16,sparse_bf16,sparse_bf16,dense_bf16,dense_bf16,sparse_bf16,sparse_bf16,dense_bf16,sparse_bf16,sparse_bf16,sparse_bf16,dense_bf16,dense_bf16,sparse_bf16,sparse_bf16,dense_bf16,dense_bf16,sparse_bf16,sparse_bf16,dense_bf16,dense_bf16,sparse_bf16,sparse_bf16,dense_bf16,dense_bf16,sparse_bf16,sparse_bf16,dense_bf16,sparse_bf16,sparse_bf16,sparse_bf16
b128_in4096_out1,128,4096,1,max_speed,1556299ab3,sparse_bf16,sparse_bf16,sparse_bf16,sparse_bf16,sparse_bf16,sparse_bf16,sparse_bf16,sparse_bf16,sparse_bf16,sparse_bf16,sparse_bf16,sparse_bf16,sparse_bf16,sparse_bf16,sparse_bf16,sparse_bf16,sparse_bf16,sparse_bf16,sparse_bf16,sparse_bf16,sparse_bf16,sparse_bf16,sparse_bf16,sparse_bf16,sparse_bf16,sparse_bf16,sparse_bf16,sparse_bf16,sparse_bf16,sparse_bf16,sparse_bf16,sparse_bf16,sparse_bf16,sparse_bf16,sparse_bf16,sparse_bf16,sparse_bf16,sparse_bf16,sparse_bf16,sparse_bf16,sparse_bf16,sparse_bf16,sparse_bf16,sparse_bf16,sparse_bf16,sparse_bf16,sparse_bf16,sparse_bf16,sparse_bf16,sparse_bf16,sparse_bf16,sparse_bf16,sparse_bf16,sparse_bf16,sparse_bf16,sparse_bf16,sparse_bf16,sparse_bf16,sparse_bf16,sparse_bf16,sparse_bf16,sparse_bf16,sparse_bf16,sparse_bf16,sparse_bf16,sparse_bf16,sparse_bf16,sparse_bf16,sparse_bf16,sparse_bf16,sparse_bf16,sparse_bf16,sparse_bf16,sparse_bf16,sparse_bf16,sparse_bf16,sparse_bf16,sparse_bf16,sparse_bf16,sparse_bf16,sparse_bf16,sparse_bf16,sparse_bf16,sparse_bf16,sparse_bf16,sparse_bf16,sparse_bf16,sparse_bf16,sparse_bf16,sparse_bf16,sparse_bf16,sparse_bf16,sparse_bf16,sparse_bf16,sparse_bf16,sparse_bf16,sparse_bf16,sparse_bf16,sparse_bf16,sparse_bf16,sparse_bf16,sparse_bf16,sparse_bf16,sparse_bf16,sparse_bf16,sparse_bf16,sparse_bf16,sparse_bf16,sparse_bf16,sparse_bf16,sparse_bf16,sparse_bf16,sparse_bf16,sparse_bf16,sparse_bf16,sparse_bf16,sparse_bf16,sparse_bf16,sparse_bf16,sparse_bf16,sparse_bf16,sparse_bf16,sparse_bf16,sparse_bf16,sparse_bf16,sparse_bf16,sparse_bf16,sparse_bf16
b128_in8192_out1,128,8192,1,optimized,ab9f82de5a,sparse_bf16,sparse_bf16,sparse_bf16,sparse_bf16,sparse_bf16,dense_bf16,dense_bf16,sparse_bf16,sparse_bf16,dense_bf16,sparse_bf16,sparse_bf16,sparse_bf16,dense_bf16,sparse_bf16,sparse_bf16,sparse_bf16,dense_bf16,sparse_bf16,sparse_bf16,dense_bf16,dense_bf16,sparse_bf16,sparse_bf16,sparse_bf16,dense_bf16,sparse_bf16,sparse_bf16,dense_bf16,dense_bf16,sparse_bf16,sparse_bf16,sparse_bf16,dense_bf16,sparse_bf16,sparse_bf16,dense_bf16,dense_bf16,sparse_bf16,sparse_bf16,sparse_bf16,dense_bf16,sparse_bf16,sparse_bf16,dense_bf16,dense_bf16,sparse_bf16,sparse_bf16,dense_bf16,dense_bf16,sparse_bf16,sparse_bf16,dense_bf16,dense_bf16,sparse_bf16,sparse_bf16,dense_bf16,dense_bf16,sparse_bf16,sparse_bf16,sparse_bf16,dense_bf16,sparse_bf16,sparse_bf16,dense_bf16,dense_bf16,sparse_bf16,sparse_bf16,dense_bf16,dense_bf16,sparse_bf16,sparse_bf16,dense_bf16,dense_bf16,sparse_bf16,sparse_bf16,dense_bf16,dense_bf16,sparse_bf16,sparse_bf16,dense_bf16,dense_bf16,sparse_bf16,sparse_bf16,dense_bf16,dense_bf16,sparse_bf16,sparse_bf16,dense_bf16,dense_bf16,sparse_bf16,sparse_bf16,dense_bf16,dense_bf16,sparse_bf16,sparse_bf16,dense_bf16,dense_bf16,sparse_bf16,sparse_bf16,dense_bf16,sparse_bf16,sparse_bf16,sparse_bf16,dense_bf16,sparse_bf16,sparse_bf16,sparse_bf16,dense_bf16,dense_bf16,sparse_bf16,sparse_bf16,dense_bf16,dense_bf16,sparse_bf16,sparse_bf16,dense_bf16,dense_bf16,sparse_bf16,sparse_bf16,dense_bf16,dense_bf16,sparse_bf16,sparse_bf16,dense_bf16,sparse_bf16,sparse_bf16,sparse_bf16
b128_in8192_out1,128,8192,1,max_speed,1556299ab3,sparse_bf16,sparse_bf16,sparse_bf16,sparse_bf16,sparse_bf16,sparse_bf16,sparse_bf16,sparse_bf16,sparse_bf16,sparse_bf16,sparse_bf16,sparse_bf16,sparse_bf16,sparse_bf16,sparse_bf16,sparse_bf16,sparse_bf16,sparse_bf16,sparse_bf16,sparse_bf16,sparse_bf16,sparse_bf16,sparse_bf16,sparse_bf16,sparse_bf16,sparse_bf16,sparse_bf16,sparse_bf16,sparse_bf16,sparse_bf16,sparse_bf16,sparse_bf16,sparse_bf16,sparse_bf16,sparse_bf16,sparse_bf16,sparse_bf16,sparse_bf16,sparse_bf16,sparse_bf16,sparse_bf16,sparse_bf16,sparse_bf16,sparse_bf16,sparse_bf16,sparse_bf16,sparse_bf16,sparse_bf16,sparse_bf16,sparse_bf16,sparse_bf16,sparse_bf16,sparse_bf16,sparse_bf16,sparse_bf16,sparse_bf16,sparse_bf16,sparse_bf16,sparse_bf16,sparse_bf16,sparse_bf16,sparse_bf16,sparse_bf16,sparse_bf16,sparse_bf16,sparse_bf16,sparse_bf16,sparse_bf16,sparse_bf16,sparse_bf16,sparse_bf16,sparse_bf16,sparse_bf16,sparse_bf16,sparse_bf16,sparse_bf16,sparse_bf16,sparse_bf16,sparse_bf16,sparse_bf16,sparse_bf16,sparse_bf16,sparse_bf16,sparse_bf16,sparse_bf16,sparse_bf16,sparse_bf16,sparse_bf16,sparse_bf16,sparse_bf16,sparse_bf16,sparse_bf16,sparse_bf16,sparse_bf16,sparse_bf16,sparse_bf16,sparse_bf16,sparse_bf16,sparse_bf16,sparse_bf16,sparse_bf16,sparse_bf16,sparse_bf16,sparse_bf16,sparse_bf16,sparse_bf16,sparse_bf16,sparse_bf16,sparse_bf16,sparse_bf16,sparse_bf16,sparse_bf16,sparse_bf16,sparse_bf16,sparse_bf16,sparse_bf16,sparse_bf16,sparse_bf16,sparse_bf16,sparse_bf16,sparse_bf16,sparse_bf16,sparse_bf16,sparse_bf16,sparse_bf16,sparse_bf16,sparse_bf16,sparse_bf16
b128_in16384_out1,128,16384,1,optimized,ab9f82de5a,sparse_bf16,sparse_bf16,sparse_bf16,sparse_bf16,sparse_bf16,dense_bf16,dense_bf16,sparse_bf16,sparse_bf16,dense_bf16,sparse_bf16,sparse_bf16,sparse_bf16,dense_bf16,sparse_bf16,sparse_bf16,sparse_bf16,dense_bf16,sparse_bf16,sparse_bf16,dense_bf16,dense_bf16,sparse_bf16,sparse_bf16,sparse_bf16,dense_bf16,sparse_bf16,sparse_bf16,dense_bf16,dense_bf16,sparse_bf16,sparse_bf16,sparse_bf16,dense_bf16,sparse_bf16,sparse_bf16,dense_bf16,dense_bf16,sparse_bf16,sparse_bf16,sparse_bf16,dense_bf16,sparse_bf16,sparse_bf16,dense_bf16,dense_bf16,sparse_bf16,sparse_bf16,dense_bf16,dense_bf16,sparse_bf16,sparse_bf16,dense_bf16,dense_bf16,sparse_bf16,sparse_bf16,dense_bf16,dense_bf16,sparse_bf16,sparse_bf16,sparse_bf16,dense_bf16,sparse_bf16,sparse_bf16,dense_bf16,dense_bf16,sparse_bf16,sparse_bf16,dense_bf16,dense_bf16,sparse_bf16,sparse_bf16,dense_bf16,dense_bf16,sparse_bf16,sparse_bf16,dense_bf16,dense_bf16,sparse_bf16,sparse_bf16,dense_bf16,dense_bf16,sparse_bf16,sparse_bf16,dense_bf16,dense_bf16,sparse_bf16,sparse_bf16,dense_bf16,dense_bf16,sparse_bf16,sparse_bf16,dense_bf16,dense_bf16,sparse_bf16,sparse_bf16,dense_bf16,dense_bf16,sparse_bf16,sparse_bf16,dense_bf16,sparse_bf16,sparse_bf16,sparse_bf16,dense_bf16,sparse_bf16,sparse_bf16,sparse_bf16,dense_bf16,dense_bf16,sparse_bf16,sparse_bf16,dense_bf16,dense_bf16,sparse_bf16,sparse_bf16,dense_bf16,dense_bf16,sparse_bf16,sparse_bf16,dense_bf16,dense_bf16,sparse_bf16,sparse_bf16,dense_bf16,sparse_bf16,sparse_bf16,sparse_bf16
b128_in16384_out1,128,16384,1,max_speed,1556299ab3,sparse_bf16,sparse_bf16,sparse_bf16,sparse_bf16,sparse_bf16,sparse_bf16,sparse_bf16,sparse_bf16,sparse_bf16,sparse_bf16,sparse_bf16,sparse_bf16,sparse_bf16,sparse_bf16,sparse_bf16,sparse_bf16,sparse_bf16,sparse_bf16,sparse_bf16,sparse_bf16,sparse_bf16,sparse_bf16,sparse_bf16,sparse_bf16,sparse_bf16,sparse_bf16,sparse_bf16,sparse_bf16,sparse_bf16,sparse_bf16,sparse_bf16,sparse_bf16,sparse_bf16,sparse_bf16,sparse_bf16,sparse_bf16,sparse_bf16,sparse_bf16,sparse_bf16,sparse_bf16,sparse_bf16,sparse_bf16,sparse_bf16,sparse_bf16,sparse_bf16,sparse_bf16,sparse_bf16,sparse_bf16,sparse_bf16,sparse_bf16,sparse_bf16,sparse_bf16,sparse_bf16,sparse_bf16,sparse_bf16,sparse_bf16,sparse_bf16,sparse_bf16,sparse_bf16,sparse_bf16,sparse_bf16,sparse_bf16,sparse_bf16,sparse_bf16,sparse_bf16,sparse_bf16,sparse_bf16,sparse_bf16,sparse_bf16,sparse_bf16,sparse_bf16,sparse_bf16,sparse_bf16,sparse_bf16,sparse_bf16,sparse_bf16,sparse_bf16,sparse_bf16,sparse_bf16,sparse_bf16,sparse_bf16,sparse_bf16,sparse_bf16,sparse_bf16,sparse_bf16,sparse_bf16,sparse_bf16,sparse_bf16,sparse_bf16,sparse_bf16,sparse_bf16,sparse_bf16,sparse_bf16,sparse_bf16,sparse_bf16,sparse_bf16,sparse_bf16,sparse_bf16,sparse_bf16,sparse_bf16,sparse_bf16,sparse_bf16,sparse_bf16,sparse_bf16,sparse_bf16,sparse_bf16,sparse_bf16,sparse_bf16,sparse_bf16,sparse_bf16,sparse_bf16,sparse_bf16,sparse_bf16,sparse_bf16,sparse_bf16,sparse_bf16,sparse_bf16,sparse_bf16,sparse_bf16,sparse_bf16,sparse_bf16,sparse_bf16,sparse_bf16,sparse_bf16,sparse_bf16,sparse_bf16,sparse_bf16,sparse_bf16
b128_in32768_out1,128,32768,1,optimized,ab9f82de5a,sparse_bf16,sparse_bf16,sparse_bf16,sparse_bf16,sparse_bf16,dense_bf16,dense_bf16,sparse_bf16,sparse_bf16,dense_bf16,sparse_bf16,sparse_bf16,sparse_bf16,dense_bf16,sparse_bf16,sparse_bf16,sparse_bf16,dense_bf16,sparse_bf16,sparse_bf16,dense_bf16,dense_bf16,sparse_bf16,sparse_bf16,sparse_bf16,dense_bf16,sparse_bf16,sparse_bf16,dense_bf16,dense_bf16,sparse_bf16,sparse_bf16,sparse_bf16,dense_bf16,sparse_bf16,sparse_bf16,dense_bf16,dense_bf16,sparse_bf16,sparse_bf16,sparse_bf16,dense_bf16,sparse_bf16,sparse_bf16,dense_bf16,dense_bf16,sparse_bf16,sparse_bf16,dense_bf16,dense_bf16,sparse_bf16,sparse_bf16,dense_bf16,dense_bf16,sparse_bf16,sparse_bf16,dense_bf16,dense_bf16,sparse_bf16,sparse_bf16,sparse_bf16,dense_bf16,sparse_bf16,sparse_bf16,dense_bf16,dense_bf16,sparse_bf16,sparse_bf16,dense_bf16,dense_bf16,sparse_bf16,sparse_bf16,dense_bf16,dense_bf16,sparse_bf16,sparse_bf16,dense_bf16,dense_bf16,sparse_bf16,sparse_bf16,dense_bf16,dense_bf16,sparse_bf16,sparse_bf16,dense_bf16,dense_bf16,sparse_bf16,sparse_bf16,dense_bf16,dense_bf16,sparse_bf16,sparse_bf16,dense_bf16,dense_bf16,sparse_bf16,sparse_bf16,dense_bf16,dense_bf16,sparse_bf16,sparse_bf16,dense_bf16,sparse_bf16,sparse_bf16,sparse_bf16,dense_bf16,sparse_bf16,sparse_bf16,sparse_bf16,dense_bf16,dense_bf16,sparse_bf16,sparse_bf16,dense_bf16,dense_bf16,sparse_bf16,sparse_bf16,dense_bf16,dense_bf16,sparse_bf16,sparse_bf16,dense_bf16,dense_bf16,sparse_bf16,sparse_bf16,dense_bf16,sparse_bf16,sparse_bf16,sparse_bf16
b128_in32768_out1,128,32768,1,max_speed,1556299ab3,sparse_bf16,sparse_bf16,sparse_bf16,sparse_bf16,sparse_bf16,sparse_bf16,sparse_bf16,sparse_bf16,sparse_bf16,sparse_bf16,sparse_bf16,sparse_bf16,sparse_bf16,sparse_bf16,sparse_bf16,sparse_bf16,sparse_bf16,sparse_bf16,sparse_bf16,sparse_bf16,sparse_bf16,sparse_bf16,sparse_bf16,sparse_bf16,sparse_bf16,sparse_bf16,sparse_bf16,sparse_bf16,sparse_bf16,sparse_bf16,sparse_bf16,sparse_bf16,sparse_bf16,sparse_bf16,sparse_bf16,sparse_bf16,sparse_bf16,sparse_bf16,sparse_bf16,sparse_bf16,sparse_bf16,sparse_bf16,sparse_bf16,sparse_bf16,sparse_bf16,sparse_bf16,sparse_bf16,sparse_bf16,sparse_bf16,sparse_bf16,sparse_bf16,sparse_bf16,sparse_bf16,sparse_bf16,sparse_bf16,sparse_bf16,sparse_bf16,sparse_bf16,sparse_bf16,sparse_bf16,sparse_bf16,sparse_bf16,sparse_bf16,sparse_bf16,sparse_bf16,sparse_bf16,sparse_bf16,sparse_bf16,sparse_bf16,sparse_bf16,sparse_bf16,sparse_bf16,sparse_bf16,sparse_bf16,sparse_bf16,sparse_bf16,sparse_bf16,sparse_bf16,sparse_bf16,sparse_bf16,sparse_bf16,sparse_bf16,sparse_bf16,sparse_bf16,sparse_bf16,sparse_bf16,sparse_bf16,sparse_bf16,sparse_bf16,sparse_bf16,sparse_bf16,sparse_bf16,sparse_bf16,sparse_bf16,sparse_bf16,sparse_bf16,sparse_bf16,sparse_bf16,sparse_bf16,sparse_bf16,sparse_bf16,sparse_bf16,sparse_bf16,sparse_bf16,sparse_bf16,sparse_bf16,sparse_bf16,sparse_bf16,sparse_bf16,sparse_bf16,sparse_bf16,sparse_bf16,sparse_bf16,sparse_bf16,sparse_bf16,sparse_bf16,sparse_bf16,sparse_bf16,sparse_bf16,sparse_bf16,sparse_bf16,sparse_bf16,sparse_bf16,sparse_bf16,sparse_bf16,sparse_bf16,sparse_bf16,sparse_bf16
b256_in128_out1,256,128,1,optimized,99d0c3c909,sparse_bf16,sparse_bf16,dense_nvfp4,sparse_bf16,dense_nvfp4,dense_bf16,dense_nvfp4,sparse_bf16,sparse_bf16,dense_bf16,dense_nvfp4,dense_nvfp4,dense_nvfp4,dense_bf16,dense_nvfp4,dense_nvfp4,dense_nvfp4,dense_bf16,dense_nvfp4,dense_nvfp4,dense_nvfp4,dense_bf16,dense_nvfp4,dense_nvfp4,dense_nvfp4,dense_bf16,dense_nvfp4,dense_nvfp4,dense_nvfp4,dense_bf16,dense_nvfp4,dense_nvfp4,dense_nvfp4,dense_bf16,dense_nvfp4,dense_nvfp4,dense_nvfp4,dense_bf16,dense_nvfp4,dense_nvfp4,dense_nvfp4,dense_bf16,dense_nvfp4,sparse_bf16,dense_nvfp4,dense_bf16,dense_nvfp4,sparse_bf16,dense_nvfp4,dense_bf16,dense_nvfp4,sparse_bf16,dense_nvfp4,dense_bf16,dense_nvfp4,sparse_bf16,dense_nvfp4,dense_bf16,dense_nvfp4,sparse_bf16,dense_nvfp4,dense_bf16,dense_nvfp4,sparse_bf16,dense_nvfp4,dense_bf16,dense_nvfp4,sparse_bf16,dense_nvfp4,dense_bf16,dense_nvfp4,dense_nvfp4,dense_nvfp4,dense_bf16,dense_nvfp4,sparse_bf16,dense_nvfp4,dense_bf16,dense_nvfp4,dense_nvfp4,dense_nvfp4,dense_bf16,dense_nvfp4,dense_nvfp4,dense_nvfp4,dense_bf16,dense_nvfp4,dense_nvfp4,dense_nvfp4,dense_bf16,dense_nvfp4,dense_nvfp4,dense_nvfp4,dense_bf16,dense_nvfp4,sparse_bf16,dense_nvfp4,dense_bf16,dense_nvfp4,dense_nvfp4,dense_nvfp4,dense_bf16,dense_nvfp4,dense_nvfp4,dense_nvfp4,dense_bf16,dense_nvfp4,sparse_bf16,dense_nvfp4,dense_bf16,dense_nvfp4,sparse_bf16,dense_nvfp4,dense_bf16,dense_nvfp4,sparse_bf16,dense_nvfp4,dense_bf16,dense_nvfp4,sparse_bf16,dense_bf16,dense_bf16,dense_nvfp4,sparse_bf16,dense_bf16,sparse_bf16,dense_nvfp4,sparse_bf16
b256_in128_out1,256,128,1,max_speed,a749dcd170,sparse_nvfp4,sparse_bf16,sparse_nvfp4,sparse_bf16,sparse_nvfp4,sparse_bf16,sparse_nvfp4,sparse_bf16,sparse_nvfp4,sparse_bf16,sparse_nvfp4,sparse_bf16,sparse_nvfp4,sparse_bf16,sparse_nvfp4,sparse_bf16,sparse_nvfp4,sparse_bf16,sparse_nvfp4,sparse_bf16,sparse_nvfp4,sparse_bf16,sparse_nvfp4,sparse_bf16,sparse_nvfp4,sparse_bf16,sparse_nvfp4,sparse_bf16,sparse_nvfp4,sparse_bf16,sparse_nvfp4,sparse_bf16,sparse_nvfp4,sparse_bf16,sparse_nvfp4,sparse_bf16,sparse_nvfp4,sparse_bf16,sparse_nvfp4,sparse_bf16,sparse_nvfp4,sparse_bf16,sparse_nvfp4,sparse_bf16,sparse_nvfp4,sparse_bf16,sparse_nvfp4,sparse_bf16,sparse_nvfp4,sparse_bf16,sparse_nvfp4,sparse_bf16,sparse_nvfp4,sparse_bf16,sparse_nvfp4,sparse_bf16,sparse_nvfp4,sparse_bf16,sparse_nvfp4,sparse_bf16,sparse_nvfp4,sparse_bf16,sparse_nvfp4,sparse_bf16,sparse_nvfp4,sparse_bf16,sparse_nvfp4,sparse_bf16,sparse_nvfp4,sparse_bf16,sparse_nvfp4,sparse_bf16,sparse_nvfp4,sparse_bf16,sparse_nvfp4,sparse_bf16,sparse_nvfp4,sparse_bf16,sparse_nvfp4,sparse_bf16,sparse_nvfp4,sparse_bf16,sparse_nvfp4,sparse_bf16,sparse_nvfp4,sparse_bf16,sparse_nvfp4,sparse_bf16,sparse_nvfp4,sparse_bf16,sparse_nvfp4,sparse_bf16,sparse_nvfp4,sparse_bf16,sparse_nvfp4,sparse_bf16,sparse_nvfp4,sparse_bf16,sparse_nvfp4,sparse_bf16,sparse_nvfp4,sparse_bf16,sparse_nvfp4,sparse_bf16,sparse_nvfp4,sparse_bf16,sparse_nvfp4,sparse_bf16,sparse_nvfp4,sparse_bf16,sparse_nvfp4,sparse_bf16,sparse_nvfp4,sparse_bf16,sparse_nvfp4,sparse_bf16,sparse_nvfp4,sparse_bf16,sparse_nvfp4,sparse_bf16,sparse_nvfp4,sparse_bf16,sparse_nvfp4,sparse_bf16,sparse_nvfp4,sparse_bf16,sparse_nvfp4,sparse_bf16
b256_in256_out1,256,256,1,optimized,7eb213cf8f,sparse_bf16,sparse_bf16,dense_nvfp4,sparse_bf16,sparse_bf16,dense_bf16,dense_nvfp4,sparse_bf16,sparse_bf16,dense_bf16,dense_nvfp4,sparse_bf16,dense_nvfp4,dense_bf16,dense_nvfp4,sparse_bf16,sparse_bf16,dense_bf16,dense_nvfp4,sparse_bf16,dense_nvfp4,dense_bf16,dense_nvfp4,dense_nvfp4,dense_nvfp4,dense_bf16,dense_nvfp4,sparse_bf16,dense_nvfp4,dense_bf16,dense_nvfp4,sparse_bf16,dense_nvfp4,dense_bf16,dense_nvfp4,sparse_bf16,dense_nvfp4,dense_bf16,dense_nvfp4,sparse_bf16,dense_nvfp4,dense_bf16,dense_nvfp4,sparse_bf16,dense_nvfp4,dense_bf16,dense_nvfp4,sparse_bf16,dense_nvfp4,dense_bf16,dense_nvfp4,sparse_bf16,dense_nvfp4,dense_bf16,dense_nvfp4,sparse_bf16,dense_nvfp4,dense_bf16,dense_nvfp4,sparse_bf16,sparse_bf16,dense_bf16,sparse_bf16,sparse_bf16,dense_nvfp4,dense_bf16,dense_nvfp4,sparse_bf16,dense_nvfp4,dense_bf16,dense_nvfp4,sparse_bf16,dense_bf16,dense_bf16,dense_nvfp4,sparse_bf16,dense_nvfp4,dense_bf16,dense_nvfp4,sparse_bf16,dense_nvfp4,dense_bf16,dense_nvfp4,sparse_bf16,dense_bf16,dense_bf16,dense_nvfp4,sparse_bf16,dense_nvfp4,dense_bf16,dense_nvfp4,sparse_bf16,dense_nvfp4,dense_bf16,dense_nvfp4,sparse_bf16,dense_bf16,dense_bf16,dense_nvfp4,sparse_bf16,dense_bf16,sparse_bf16,dense_nvfp4,sparse_bf16,dense_bf16,sparse_bf16,sparse_bf16,sparse_bf16,dense_nvfp4,dense_bf16,dense_nvfp4,sparse_bf16,dense_nvfp4,dense_bf16,dense_nvfp4,sparse_bf16,dense_bf16,dense_bf16,dense_nvfp4,sparse_bf16,dense_bf16,dense_bf16,dense_nvfp4,sparse_bf16,dense_bf16,sparse_bf16,sparse_bf16,sparse_bf16
b256_in256_out1,256,256,1,max_speed,1556299ab3,sparse_bf16,sparse_bf16,sparse_bf16,sparse_bf16,sparse_bf16,sparse_bf16,sparse_bf16,sparse_bf16,sparse_bf16,sparse_bf16,sparse_bf16,sparse_bf16,sparse_bf16,sparse_bf16,sparse_bf16,sparse_bf16,sparse_bf16,sparse_bf16,sparse_bf16,sparse_bf16,sparse_bf16,sparse_bf16,sparse_bf16,sparse_bf16,sparse_bf16,sparse_bf16,sparse_bf16,sparse_bf16,sparse_bf16,sparse_bf16,sparse_bf16,sparse_bf16,sparse_bf16,sparse_bf16,sparse_bf16,sparse_bf16,sparse_bf16,sparse_bf16,sparse_bf16,sparse_bf16,sparse_bf16,sparse_bf16,sparse_bf16,sparse_bf16,sparse_bf16,sparse_bf16,sparse_bf16,sparse_bf16,sparse_bf16,sparse_bf16,sparse_bf16,sparse_bf16,sparse_bf16,sparse_bf16,sparse_bf16,sparse_bf16,sparse_bf16,sparse_bf16,sparse_bf16,sparse_bf16,sparse_bf16,sparse_bf16,sparse_bf16,sparse_bf16,sparse_bf16,sparse_bf16,sparse_bf16,sparse_bf16,sparse_bf16,sparse_bf16,sparse_bf16,sparse_bf16,sparse_bf16,sparse_bf16,sparse_bf16,sparse_bf16,sparse_bf16,sparse_bf16,sparse_bf16,sparse_bf16,sparse_bf16,sparse_bf16,sparse_bf16,sparse_bf16,sparse_bf16,sparse_bf16,sparse_bf16,sparse_bf16,sparse_bf16,sparse_bf16,sparse_bf16,sparse_bf16,sparse_bf16,sparse_bf16,sparse_bf16,sparse_bf16,sparse_bf16,sparse_bf16,sparse_bf16,sparse_bf16,sparse_bf16,sparse_bf16,sparse_bf16,sparse_bf16,sparse_bf16,sparse_bf16,sparse_bf16,sparse_bf16,sparse_bf16,sparse_bf16,sparse_bf16,sparse_bf16,sparse_bf16,sparse_bf16,sparse_bf16,sparse_bf16,sparse_bf16,sparse_bf16,sparse_bf16,sparse_bf16,sparse_bf16,sparse_bf16,sparse_bf16,sparse_bf16,sparse_bf16,sparse_bf16,sparse_bf16,sparse_bf16
b256_in512_out1,256,512,1,optimized,8667ea141d,sparse_bf16,sparse_bf16,dense_nvfp4,sparse_bf16,sparse_bf16,dense_bf16,dense_nvfp4,sparse_bf16,sparse_bf16,dense_bf16,sparse_bf16,sparse_bf16,sparse_bf16,dense_bf16,sparse_bf16,sparse_bf16,sparse_bf16,dense_bf16,sparse_bf16,sparse_bf16,dense_bf16,dense_bf16,sparse_bf16,sparse_bf16,sparse_bf16,dense_bf16,sparse_bf16,sparse_bf16,dense_bf16,dense_bf16,sparse_bf16,sparse_bf16,sparse_bf16,dense_bf16,sparse_bf16,sparse_bf16,dense_bf16,dense_bf16,sparse_bf16,sparse_bf16,sparse_bf16,dense_bf16,sparse_bf16,sparse_bf16,dense_bf16,dense_bf16,sparse_bf16,sparse_bf16,dense_bf16,dense_bf16,sparse_bf16,sparse_bf16,dense_bf16,dense_bf16,sparse_bf16,sparse_bf16,dense_bf16,dense_bf16,sparse_bf16,sparse_bf16,sparse_bf16,dense_bf16,sparse_bf16,sparse_bf16,dense_bf16,dense_bf16,sparse_bf16,sparse_bf16,dense_bf16,dense_bf16,sparse_bf16,sparse_bf16,dense_bf16,dense_bf16,sparse_bf16,sparse_bf16,dense_bf16,dense_bf16,sparse_bf16,sparse_bf16,dense_bf16,dense_bf16,sparse_bf16,sparse_bf16,dense_bf16,dense_bf16,sparse_bf16,sparse_bf16,dense_bf16,dense_bf16,sparse_bf16,sparse_bf16,dense_bf16,dense_bf16,sparse_bf16,sparse_bf16,dense_bf16,dense_bf16,sparse_bf16,sparse_bf16,dense_bf16,sparse_bf16,sparse_bf16,sparse_bf16,dense_bf16,sparse_bf16,sparse_bf16,sparse_bf16,dense_bf16,dense_bf16,sparse_bf16,sparse_bf16,dense_bf16,dense_bf16,sparse_bf16,sparse_bf16,dense_bf16,dense_bf16,sparse_bf16,sparse_bf16,dense_bf16,dense_bf16,sparse_bf16,sparse_bf16,dense_bf16,sparse_bf16,sparse_bf16,sparse_bf16
b256_in512_out1,256,512,1,max_speed,1556299ab3,sparse_bf16,sparse_bf16,sparse_bf16,sparse_bf16,sparse_bf16,sparse_bf16,sparse_bf16,sparse_bf16,sparse_bf16,sparse_bf16,sparse_bf16,sparse_bf16,sparse_bf16,sparse_bf16,sparse_bf16,sparse_bf16,sparse_bf16,sparse_bf16,sparse_bf16,sparse_bf16,sparse_bf16,sparse_bf16,sparse_bf16,sparse_bf16,sparse_bf16,sparse_bf16,sparse_bf16,sparse_bf16,sparse_bf16,sparse_bf16,sparse_bf16,sparse_bf16,sparse_bf16,sparse_bf16,sparse_bf16,sparse_bf16,sparse_bf16,sparse_bf16,sparse_bf16,sparse_bf16,sparse_bf16,sparse_bf16,sparse_bf16,sparse_bf16,sparse_bf16,sparse_bf16,sparse_bf16,sparse_bf16,sparse_bf16,sparse_bf16,sparse_bf16,sparse_bf16,sparse_bf16,sparse_bf16,sparse_bf16,sparse_bf16,sparse_bf16,sparse_bf16,sparse_bf16,sparse_bf16,sparse_bf16,sparse_bf16,sparse_bf16,sparse_bf16,sparse_bf16,sparse_bf16,sparse_bf16,sparse_bf16,sparse_bf16,sparse_bf16,sparse_bf16,sparse_bf16,sparse_bf16,sparse_bf16,sparse_bf16,sparse_bf16,sparse_bf16,sparse_bf16,sparse_bf16,sparse_bf16,sparse_bf16,sparse_bf16,sparse_bf16,sparse_bf16,sparse_bf16,sparse_bf16,sparse_bf16,sparse_bf16,sparse_bf16,sparse_bf16,sparse_bf16,sparse_bf16,sparse_bf16,sparse_bf16,sparse_bf16,sparse_bf16,sparse_bf16,sparse_bf16,sparse_bf16,sparse_bf16,sparse_bf16,sparse_bf16,sparse_bf16,sparse_bf16,sparse_bf16,sparse_bf16,sparse_bf16,sparse_bf16,sparse_bf16,sparse_bf16,sparse_bf16,sparse_bf16,sparse_bf16,sparse_bf16,sparse_bf16,sparse_bf16,sparse_bf16,sparse_bf16,sparse_bf16,sparse_bf16,sparse_bf16,sparse_bf16,sparse_bf16,sparse_bf16,sparse_bf16,sparse_bf16,sparse_bf16,sparse_bf16
b256_in1024_out1,256,1024,1,optimized,ab9f82de5a,sparse_bf16,sparse_bf16,sparse_bf16,sparse_bf16,sparse_bf16,dense_bf16,dense_bf16,sparse_bf16,sparse_bf16,dense_bf16,sparse_bf16,sparse_bf16,sparse_bf16,dense_bf16,sparse_bf16,sparse_bf16,sparse_bf16,dense_bf16,sparse_bf16,sparse_bf16,dense_bf16,dense_bf16,sparse_bf16,sparse_bf16,sparse_bf16,dense_bf16,sparse_bf16,sparse_bf16,dense_bf16,dense_bf16,sparse_bf16,sparse_bf16,sparse_bf16,dense_bf16,sparse_bf16,sparse_bf16,dense_bf16,dense_bf16,sparse_bf16,sparse_bf16,sparse_bf16,dense_bf16,sparse_bf16,sparse_bf16,dense_bf16,dense_bf16,sparse_bf16,sparse_bf16,dense_bf16,dense_bf16,sparse_bf16,sparse_bf16,dense_bf16,dense_bf16,sparse_bf16,sparse_bf16,dense_bf16,dense_bf16,sparse_bf16,sparse_bf16,sparse_bf16,dense_bf16,sparse_bf16,sparse_bf16,dense_bf16,dense_bf16,sparse_bf16,sparse_bf16,dense_bf16,dense_bf16,sparse_bf16,sparse_bf16,dense_bf16,dense_bf16,sparse_bf16,sparse_bf16,dense_bf16,dense_bf16,sparse_bf16,sparse_bf16,dense_bf16,dense_bf16,sparse_bf16,sparse_bf16,dense_bf16,dense_bf16,sparse_bf16,sparse_bf16,dense_bf16,dense_bf16,sparse_bf16,sparse_bf16,dense_bf16,dense_bf16,sparse_bf16,sparse_bf16,dense_bf16,dense_bf16,sparse_bf16,sparse_bf16,dense_bf16,sparse_bf16,sparse_bf16,sparse_bf16,dense_bf16,sparse_bf16,sparse_bf16,sparse_bf16,dense_bf16,dense_bf16,sparse_bf16,sparse_bf16,dense_bf16,dense_bf16,sparse_bf16,sparse_bf16,dense_bf16,dense_bf16,sparse_bf16,sparse_bf16,dense_bf16,dense_bf16,sparse_bf16,sparse_bf16,dense_bf16,sparse_bf16,sparse_bf16,sparse_bf16
b256_in1024_out1,256,1024,1,max_speed,1556299ab3,sparse_bf16,sparse_bf16,sparse_bf16,sparse_bf16,sparse_bf16,sparse_bf16,sparse_bf16,sparse_bf16,sparse_bf16,sparse_bf16,sparse_bf16,sparse_bf16,sparse_bf16,sparse_bf16,sparse_bf16,sparse_bf16,sparse_bf16,sparse_bf16,sparse_bf16,sparse_bf16,sparse_bf16,sparse_bf16,sparse_bf16,sparse_bf16,sparse_bf16,sparse_bf16,sparse_bf16,sparse_bf16,sparse_bf16,sparse_bf16,sparse_bf16,sparse_bf16,sparse_bf16,sparse_bf16,sparse_bf16,sparse_bf16,sparse_bf16,sparse_bf16,sparse_bf16,sparse_bf16,sparse_bf16,sparse_bf16,sparse_bf16,sparse_bf16,sparse_bf16,sparse_bf16,sparse_bf16,sparse_bf16,sparse_bf16,sparse_bf16,sparse_bf16,sparse_bf16,sparse_bf16,sparse_bf16,sparse_bf16,sparse_bf16,sparse_bf16,sparse_bf16,sparse_bf16,sparse_bf16,sparse_bf16,sparse_bf16,sparse_bf16,sparse_bf16,sparse_bf16,sparse_bf16,sparse_bf16,sparse_bf16,sparse_bf16,sparse_bf16,sparse_bf16,sparse_bf16,sparse_bf16,sparse_bf16,sparse_bf16,sparse_bf16,sparse_bf16,sparse_bf16,sparse_bf16,sparse_bf16,sparse_bf16,sparse_bf16,sparse_bf16,sparse_bf16,sparse_bf16,sparse_bf16,sparse_bf16,sparse_bf16,sparse_bf16,sparse_bf16,sparse_bf16,sparse_bf16,sparse_bf16,sparse_bf16,sparse_bf16,sparse_bf16,sparse_bf16,sparse_bf16,sparse_bf16,sparse_bf16,sparse_bf16,sparse_bf16,sparse_bf16,sparse_bf16,sparse_bf16,sparse_bf16,sparse_bf16,sparse_bf16,sparse_bf16,sparse_bf16,sparse_bf16,sparse_bf16,sparse_bf16,sparse_bf16,sparse_bf16,sparse_bf16,sparse_bf16,sparse_bf16,sparse_bf16,sparse_bf16,sparse_bf16,sparse_bf16,sparse_bf16,sparse_bf16,sparse_bf16,sparse_bf16,sparse_bf16,sparse_bf16
b256_in2048_out1,256,2048,1,optimized,0709337f80,sparse_bf16,sparse_bf16,sparse_bf16,sparse_bf16,sparse_bf16,dense_bf16,dense_bf16,sparse_bf16,sparse_bf16,dense_bf16,sparse_bf16,sparse_bf16,sparse_bf16,sparse_bf16,sparse_bf16,sparse_bf16,sparse_bf16,dense_bf16,sparse_bf16,sparse_bf16,dense_bf16,dense_bf16,sparse_bf16,sparse_bf16,sparse_bf16,dense_bf16,sparse_bf16,sparse_bf16,dense_bf16,dense_bf16,sparse_bf16,sparse_bf16,sparse_bf16,dense_bf16,sparse_bf16,sparse_bf16,dense_bf16,dense_bf16,sparse_bf16,sparse_bf16,sparse_bf16,dense_bf16,sparse_bf16,sparse_bf16,dense_bf16,dense_bf16,sparse_bf16,sparse_bf16,dense_bf16,dense_bf16,sparse_bf16,sparse_bf16,dense_bf16,dense_bf16,sparse_bf16,sparse_bf16,dense_bf16,dense_bf16,sparse_bf16,sparse_bf16,sparse_bf16,dense_bf16,sparse_bf16,sparse_bf16,dense_bf16,dense_bf16,sparse_bf16,sparse_bf16,dense_bf16,dense_bf16,sparse_bf16,sparse_bf16,dense_bf16,dense_bf16,sparse_bf16,sparse_bf16,dense_bf16,dense_bf16,sparse_bf16,sparse_bf16,dense_bf16,dense_bf16,sparse_bf16,sparse_bf16,dense_bf16,dense_bf16,sparse_bf16,sparse_bf16,dense_bf16,dense_bf16,sparse_bf16,sparse_bf16,dense_bf16,dense_bf16,sparse_bf16,sparse_bf16,dense_bf16,dense_bf16,sparse_bf16,sparse_bf16,dense_bf16,dense_bf16,sparse_bf16,sparse_bf16,dense_bf16,sparse_bf16,sparse_bf16,sparse_bf16,dense_bf16,dense_bf16,sparse_bf16,sparse_bf16,dense_bf16,dense_bf16,sparse_bf16,sparse_bf16,dense_bf16,dense_bf16,sparse_bf16,sparse_bf16,dense_bf16,dense_bf16,sparse_bf16,sparse_bf16,dense_bf16,sparse_bf16,sparse_bf16,sparse_bf16
b256_in2048_out1,256,2048,1,max_speed,1556299ab3,sparse_bf16,sparse_bf16,sparse_bf16,sparse_bf16,sparse_bf16,sparse_bf16,sparse_bf16,sparse_bf16,sparse_bf16,sparse_bf16,sparse_bf16,sparse_bf16,sparse_bf16,sparse_bf16,sparse_bf16,sparse_bf16,sparse_bf16,sparse_bf16,sparse_bf16,sparse_bf16,sparse_bf16,sparse_bf16,sparse_bf16,sparse_bf16,sparse_bf16,sparse_bf16,sparse_bf16,sparse_bf16,sparse_bf16,sparse_bf16,sparse_bf16,sparse_bf16,sparse_bf16,sparse_bf16,sparse_bf16,sparse_bf16,sparse_bf16,sparse_bf16,sparse_bf16,sparse_bf16,sparse_bf16,sparse_bf16,sparse_bf16,sparse_bf16,sparse_bf16,sparse_bf16,sparse_bf16,sparse_bf16,sparse_bf16,sparse_bf16,sparse_bf16,sparse_bf16,sparse_bf16,sparse_bf16,sparse_bf16,sparse_bf16,sparse_bf16,sparse_bf16,sparse_bf16,sparse_bf16,sparse_bf16,sparse_bf16,sparse_bf16,sparse_bf16,sparse_bf16,sparse_bf16,sparse_bf16,sparse_bf16,sparse_bf16,sparse_bf16,sparse_bf16,sparse_bf16,sparse_bf16,sparse_bf16,sparse_bf16,sparse_bf16,sparse_bf16,sparse_bf16,sparse_bf16,sparse_bf16,sparse_bf16,sparse_bf16,sparse_bf16,sparse_bf16,sparse_bf16,sparse_bf16,sparse_bf16,sparse_bf16,sparse_bf16,sparse_bf16,sparse_bf16,sparse_bf16,sparse_bf16,sparse_bf16,sparse_bf16,sparse_bf16,sparse_bf16,sparse_bf16,sparse_bf16,sparse_bf16,sparse_bf16,sparse_bf16,sparse_bf16,sparse_bf16,sparse_bf16,sparse_bf16,sparse_bf16,sparse_bf16,sparse_bf16,sparse_bf16,sparse_bf16,sparse_bf16,sparse_bf16,sparse_bf16,sparse_bf16,sparse_bf16,sparse_bf16,sparse_bf16,sparse_bf16,sparse_bf16,sparse_bf16,sparse_bf16,sparse_bf16,sparse_bf16,sparse_bf16,sparse_bf16,sparse_bf16,sparse_bf16
b256_in4096_out1,256,4096,1,optimized,ab9f82de5a,sparse_bf16,sparse_bf16,sparse_bf16,sparse_bf16,sparse_bf16,dense_bf16,dense_bf16,sparse_bf16,sparse_bf16,dense_bf16,sparse_bf16,sparse_bf16,sparse_bf16,dense_bf16,sparse_bf16,sparse_bf16,sparse_bf16,dense_bf16,sparse_bf16,sparse_bf16,dense_bf16,dense_bf16,sparse_bf16,sparse_bf16,sparse_bf16,dense_bf16,sparse_bf16,sparse_bf16,dense_bf16,dense_bf16,sparse_bf16,sparse_bf16,sparse_bf16,dense_bf16,sparse_bf16,sparse_bf16,dense_bf16,dense_bf16,sparse_bf16,sparse_bf16,sparse_bf16,dense_bf16,sparse_bf16,sparse_bf16,dense_bf16,dense_bf16,sparse_bf16,sparse_bf16,dense_bf16,dense_bf16,sparse_bf16,sparse_bf16,dense_bf16,dense_bf16,sparse_bf16,sparse_bf16,dense_bf16,dense_bf16,sparse_bf16,sparse_bf16,sparse_bf16,dense_bf16,sparse_bf16,sparse_bf16,dense_bf16,dense_bf16,sparse_bf16,sparse_bf16,dense_bf16,dense_bf16,sparse_bf16,sparse_bf16,dense_bf16,dense_bf16,sparse_bf16,sparse_bf16,dense_bf16,dense_bf16,sparse_bf16,sparse_bf16,dense_bf16,dense_bf16,sparse_bf16,sparse_bf16,dense_bf16,dense_bf16,sparse_bf16,sparse_bf16,dense_bf16,dense_bf16,sparse_bf16,sparse_bf16,dense_bf16,dense_bf16,sparse_bf16,sparse_bf16,dense_bf16,dense_bf16,sparse_bf16,sparse_bf16,dense_bf16,sparse_bf16,sparse_bf16,sparse_bf16,dense_bf16,sparse_bf16,sparse_bf16,sparse_bf16,dense_bf16,dense_bf16,sparse_bf16,sparse_bf16,dense_bf16,dense_bf16,sparse_bf16,sparse_bf16,dense_bf16,dense_bf16,sparse_bf16,sparse_bf16,dense_bf16,dense_bf16,sparse_bf16,sparse_bf16,dense_bf16,sparse_bf16,sparse_bf16,sparse_bf16
b256_in4096_out1,256,4096,1,max_speed,1556299ab3,sparse_bf16,sparse_bf16,sparse_bf16,sparse_bf16,sparse_bf16,sparse_bf16,sparse_bf16,sparse_bf16,sparse_bf16,sparse_bf16,sparse_bf16,sparse_bf16,sparse_bf16,sparse_bf16,sparse_bf16,sparse_bf16,sparse_bf16,sparse_bf16,sparse_bf16,sparse_bf16,sparse_bf16,sparse_bf16,sparse_bf16,sparse_bf16,sparse_bf16,sparse_bf16,sparse_bf16,sparse_bf16,sparse_bf16,sparse_bf16,sparse_bf16,sparse_bf16,sparse_bf16,sparse_bf16,sparse_bf16,sparse_bf16,sparse_bf16,sparse_bf16,sparse_bf16,sparse_bf16,sparse_bf16,sparse_bf16,sparse_bf16,sparse_bf16,sparse_bf16,sparse_bf16,sparse_bf16,sparse_bf16,sparse_bf16,sparse_bf16,sparse_bf16,sparse_bf16,sparse_bf16,sparse_bf16,sparse_bf16,sparse_bf16,sparse_bf16,sparse_bf16,sparse_bf16,sparse_bf16,sparse_bf16,sparse_bf16,sparse_bf16,sparse_bf16,sparse_bf16,sparse_bf16,sparse_bf16,sparse_bf16,sparse_bf16,sparse_bf16,sparse_bf16,sparse_bf16,sparse_bf16,sparse_bf16,sparse_bf16,sparse_bf16,sparse_bf16,sparse_bf16,sparse_bf16,sparse_bf16,sparse_bf16,sparse_bf16,sparse_bf16,sparse_bf16,sparse_bf16,sparse_bf16,sparse_bf16,sparse_bf16,sparse_bf16,sparse_bf16,sparse_bf16,sparse_bf16,sparse_bf16,sparse_bf16,sparse_bf16,sparse_bf16,sparse_bf16,sparse_bf16,sparse_bf16,sparse_bf16,sparse_bf16,sparse_bf16,sparse_bf16,sparse_bf16,sparse_bf16,sparse_bf16,sparse_bf16,sparse_bf16,sparse_bf16,sparse_bf16,sparse_bf16,sparse_bf16,sparse_bf16,sparse_bf16,sparse_bf16,sparse_bf16,sparse_bf16,sparse_bf16,sparse_bf16,sparse_bf16,sparse_bf16,sparse_bf16,sparse_bf16,sparse_bf16,sparse_bf16,sparse_bf16,sparse_bf16,sparse_bf16
b256_in8192_out1,256,8192,1,optimized,ab9f82de5a,sparse_bf16,sparse_bf16,sparse_bf16,sparse_bf16,sparse_bf16,dense_bf16,dense_bf16,sparse_bf16,sparse_bf16,dense_bf16,sparse_bf16,sparse_bf16,sparse_bf16,dense_bf16,sparse_bf16,sparse_bf16,sparse_bf16,dense_bf16,sparse_bf16,sparse_bf16,dense_bf16,dense_bf16,sparse_bf16,sparse_bf16,sparse_bf16,dense_bf16,sparse_bf16,sparse_bf16,dense_bf16,dense_bf16,sparse_bf16,sparse_bf16,sparse_bf16,dense_bf16,sparse_bf16,sparse_bf16,dense_bf16,dense_bf16,sparse_bf16,sparse_bf16,sparse_bf16,dense_bf16,sparse_bf16,sparse_bf16,dense_bf16,dense_bf16,sparse_bf16,sparse_bf16,dense_bf16,dense_bf16,sparse_bf16,sparse_bf16,dense_bf16,dense_bf16,sparse_bf16,sparse_bf16,dense_bf16,dense_bf16,sparse_bf16,sparse_bf16,sparse_bf16,dense_bf16,sparse_bf16,sparse_bf16,dense_bf16,dense_bf16,sparse_bf16,sparse_bf16,dense_bf16,dense_bf16,sparse_bf16,sparse_bf16,dense_bf16,dense_bf16,sparse_bf16,sparse_bf16,dense_bf16,dense_bf16,sparse_bf16,sparse_bf16,dense_bf16,dense_bf16,sparse_bf16,sparse_bf16,dense_bf16,dense_bf16,sparse_bf16,sparse_bf16,dense_bf16,dense_bf16,sparse_bf16,sparse_bf16,dense_bf16,dense_bf16,sparse_bf16,sparse_bf16,dense_bf16,dense_bf16,sparse_bf16,sparse_bf16,dense_bf16,sparse_bf16,sparse_bf16,sparse_bf16,dense_bf16,sparse_bf16,sparse_bf16,sparse_bf16,dense_bf16,dense_bf16,sparse_bf16,sparse_bf16,dense_bf16,dense_bf16,sparse_bf16,sparse_bf16,dense_bf16,dense_bf16,sparse_bf16,sparse_bf16,dense_bf16,dense_bf16,sparse_bf16,sparse_bf16,dense_bf16,sparse_bf16,sparse_bf16,sparse_bf16
b256_in8192_out1,256,8192,1,max_speed,1556299ab3,sparse_bf16,sparse_bf16,sparse_bf16,sparse_bf16,sparse_bf16,sparse_bf16,sparse_bf16,sparse_bf16,sparse_bf16,sparse_bf16,sparse_bf16,sparse_bf16,sparse_bf16,sparse_bf16,sparse_bf16,sparse_bf16,sparse_bf16,sparse_bf16,sparse_bf16,sparse_bf16,sparse_bf16,sparse_bf16,sparse_bf16,sparse_bf16,sparse_bf16,sparse_bf16,sparse_bf16,sparse_bf16,sparse_bf16,sparse_bf16,sparse_bf16,sparse_bf16,sparse_bf16,sparse_bf16,sparse_bf16,sparse_bf16,sparse_bf16,sparse_bf16,sparse_bf16,sparse_bf16,sparse_bf16,sparse_bf16,sparse_bf16,sparse_bf16,sparse_bf16,sparse_bf16,sparse_bf16,sparse_bf16,sparse_bf16,sparse_bf16,sparse_bf16,sparse_bf16,sparse_bf16,sparse_bf16,sparse_bf16,sparse_bf16,sparse_bf16,sparse_bf16,sparse_bf16,sparse_bf16,sparse_bf16,sparse_bf16,sparse_bf16,sparse_bf16,sparse_bf16,sparse_bf16,sparse_bf16,sparse_bf16,sparse_bf16,sparse_bf16,sparse_bf16,sparse_bf16,sparse_bf16,sparse_bf16,sparse_bf16,sparse_bf16,sparse_bf16,sparse_bf16,sparse_bf16,sparse_bf16,sparse_bf16,sparse_bf16,sparse_bf16,sparse_bf16,sparse_bf16,sparse_bf16,sparse_bf16,sparse_bf16,sparse_bf16,sparse_bf16,sparse_bf16,sparse_bf16,sparse_bf16,sparse_bf16,sparse_bf16,sparse_bf16,sparse_bf16,sparse_bf16,sparse_bf16,sparse_bf16,sparse_bf16,sparse_bf16,sparse_bf16,sparse_bf16,sparse_bf16,sparse_bf16,sparse_bf16,sparse_bf16,sparse_bf16,sparse_bf16,sparse_bf16,sparse_bf16,sparse_bf16,sparse_bf16,sparse_bf16,sparse_bf16,sparse_bf16,sparse_bf16,sparse_bf16,sparse_bf16,sparse_bf16,sparse_bf16,sparse_bf16,sparse_bf16,sparse_bf16,sparse_bf16,sparse_bf16,sparse_bf16
b256_in16384_out1,256,16384,1,optimized,ab9f82de5a,sparse_bf16,sparse_bf16,sparse_bf16,sparse_bf16,sparse_bf16,dense_bf16,dense_bf16,sparse_bf16,sparse_bf16,dense_bf16,sparse_bf16,sparse_bf16,sparse_bf16,dense_bf16,sparse_bf16,sparse_bf16,sparse_bf16,dense_bf16,sparse_bf16,sparse_bf16,dense_bf16,dense_bf16,sparse_bf16,sparse_bf16,sparse_bf16,dense_bf16,sparse_bf16,sparse_bf16,dense_bf16,dense_bf16,sparse_bf16,sparse_bf16,sparse_bf16,dense_bf16,sparse_bf16,sparse_bf16,dense_bf16,dense_bf16,sparse_bf16,sparse_bf16,sparse_bf16,dense_bf16,sparse_bf16,sparse_bf16,dense_bf16,dense_bf16,sparse_bf16,sparse_bf16,dense_bf16,dense_bf16,sparse_bf16,sparse_bf16,dense_bf16,dense_bf16,sparse_bf16,sparse_bf16,dense_bf16,dense_bf16,sparse_bf16,sparse_bf16,sparse_bf16,dense_bf16,sparse_bf16,sparse_bf16,dense_bf16,dense_bf16,sparse_bf16,sparse_bf16,dense_bf16,dense_bf16,sparse_bf16,sparse_bf16,dense_bf16,dense_bf16,sparse_bf16,sparse_bf16,dense_bf16,dense_bf16,sparse_bf16,sparse_bf16,dense_bf16,dense_bf16,sparse_bf16,sparse_bf16,dense_bf16,dense_bf16,sparse_bf16,sparse_bf16,dense_bf16,dense_bf16,sparse_bf16,sparse_bf16,dense_bf16,dense_bf16,sparse_bf16,sparse_bf16,dense_bf16,dense_bf16,sparse_bf16,sparse_bf16,dense_bf16,sparse_bf16,sparse_bf16,sparse_bf16,dense_bf16,sparse_bf16,sparse_bf16,sparse_bf16,dense_bf16,dense_bf16,sparse_bf16,sparse_bf16,dense_bf16,dense_bf16,sparse_bf16,sparse_bf16,dense_bf16,dense_bf16,sparse_bf16,sparse_bf16,dense_bf16,dense_bf16,sparse_bf16,sparse_bf16,dense_bf16,sparse_bf16,sparse_bf16,sparse_bf16
b256_in16384_out1,256,16384,1,max_speed,1556299ab3,sparse_bf16,sparse_bf16,sparse_bf16,sparse_bf16,sparse_bf16,sparse_bf16,sparse_bf16,sparse_bf16,sparse_bf16,sparse_bf16,sparse_bf16,sparse_bf16,sparse_bf16,sparse_bf16,sparse_bf16,sparse_bf16,sparse_bf16,sparse_bf16,sparse_bf16,sparse_bf16,sparse_bf16,sparse_bf16,sparse_bf16,sparse_bf16,sparse_bf16,sparse_bf16,sparse_bf16,sparse_bf16,sparse_bf16,sparse_bf16,sparse_bf16,sparse_bf16,sparse_bf16,sparse_bf16,sparse_bf16,sparse_bf16,sparse_bf16,sparse_bf16,sparse_bf16,sparse_bf16,sparse_bf16,sparse_bf16,sparse_bf16,sparse_bf16,sparse_bf16,sparse_bf16,sparse_bf16,sparse_bf16,sparse_bf16,sparse_bf16,sparse_bf16,sparse_bf16,sparse_bf16,sparse_bf16,sparse_bf16,sparse_bf16,sparse_bf16,sparse_bf16,sparse_bf16,sparse_bf16,sparse_bf16,sparse_bf16,sparse_bf16,sparse_bf16,sparse_bf16,sparse_bf16,sparse_bf16,sparse_bf16,sparse_bf16,sparse_bf16,sparse_bf16,sparse_bf16,sparse_bf16,sparse_bf16,sparse_bf16,sparse_bf16,sparse_bf16,sparse_bf16,sparse_bf16,sparse_bf16,sparse_bf16,sparse_bf16,sparse_bf16,sparse_bf16,sparse_bf16,sparse_bf16,sparse_bf16,sparse_bf16,sparse_bf16,sparse_bf16,sparse_bf16,sparse_bf16,sparse_bf16,sparse_bf16,sparse_bf16,sparse_bf16,sparse_bf16,sparse_bf16,sparse_bf16,sparse_bf16,sparse_bf16,sparse_bf16,sparse_bf16,sparse_bf16,sparse_bf16,sparse_bf16,sparse_bf16,sparse_bf16,sparse_bf16,sparse_bf16,sparse_bf16,sparse_bf16,sparse_bf16,sparse_bf16,sparse_bf16,sparse_bf16,sparse_bf16,sparse_bf16,sparse_bf16,sparse_bf16,sparse_bf16,sparse_bf16,sparse_bf16,sparse_bf16,sparse_bf16,sparse_bf16,sparse_bf16,sparse_bf16
b256_in32768_out1,256,32768,1,optimized,ab9f82de5a,sparse_bf16,sparse_bf16,sparse_bf16,sparse_bf16,sparse_bf16,dense_bf16,dense_bf16,sparse_bf16,sparse_bf16,dense_bf16,sparse_bf16,sparse_bf16,sparse_bf16,dense_bf16,sparse_bf16,sparse_bf16,sparse_bf16,dense_bf16,sparse_bf16,sparse_bf16,dense_bf16,dense_bf16,sparse_bf16,sparse_bf16,sparse_bf16,dense_bf16,sparse_bf16,sparse_bf16,dense_bf16,dense_bf16,sparse_bf16,sparse_bf16,sparse_bf16,dense_bf16,sparse_bf16,sparse_bf16,dense_bf16,dense_bf16,sparse_bf16,sparse_bf16,sparse_bf16,dense_bf16,sparse_bf16,sparse_bf16,dense_bf16,dense_bf16,sparse_bf16,sparse_bf16,dense_bf16,dense_bf16,sparse_bf16,sparse_bf16,dense_bf16,dense_bf16,sparse_bf16,sparse_bf16,dense_bf16,dense_bf16,sparse_bf16,sparse_bf16,sparse_bf16,dense_bf16,sparse_bf16,sparse_bf16,dense_bf16,dense_bf16,sparse_bf16,sparse_bf16,dense_bf16,dense_bf16,sparse_bf16,sparse_bf16,dense_bf16,dense_bf16,sparse_bf16,sparse_bf16,dense_bf16,dense_bf16,sparse_bf16,sparse_bf16,dense_bf16,dense_bf16,sparse_bf16,sparse_bf16,dense_bf16,dense_bf16,sparse_bf16,sparse_bf16,dense_bf16,dense_bf16,sparse_bf16,sparse_bf16,dense_bf16,dense_bf16,sparse_bf16,sparse_bf16,dense_bf16,dense_bf16,sparse_bf16,sparse_bf16,dense_bf16,sparse_bf16,sparse_bf16,sparse_bf16,dense_bf16,sparse_bf16,sparse_bf16,sparse_bf16,dense_bf16,dense_bf16,sparse_bf16,sparse_bf16,dense_bf16,dense_bf16,sparse_bf16,sparse_bf16,dense_bf16,dense_bf16,sparse_bf16,sparse_bf16,dense_bf16,dense_bf16,sparse_bf16,sparse_bf16,dense_bf16,sparse_bf16,sparse_bf16,sparse_bf16
b256_in32768_out1,256,32768,1,max_speed,1556299ab3,sparse_bf16,sparse_bf16,sparse_bf16,sparse_bf16,sparse_bf16,sparse_bf16,sparse_bf16,sparse_bf16,sparse_bf16,sparse_bf16,sparse_bf16,sparse_bf16,sparse_bf16,sparse_bf16,sparse_bf16,sparse_bf16,sparse_bf16,sparse_bf16,sparse_bf16,sparse_bf16,sparse_bf16,sparse_bf16,sparse_bf16,sparse_bf16,sparse_bf16,sparse_bf16,sparse_bf16,sparse_bf16,sparse_bf16,sparse_bf16,sparse_bf16,sparse_bf16,sparse_bf16,sparse_bf16,sparse_bf16,sparse_bf16,sparse_bf16,sparse_bf16,sparse_bf16,sparse_bf16,sparse_bf16,sparse_bf16,sparse_bf16,sparse_bf16,sparse_bf16,sparse_bf16,sparse_bf16,sparse_bf16,sparse_bf16,sparse_bf16,sparse_bf16,sparse_bf16,sparse_bf16,sparse_bf16,sparse_bf16,sparse_bf16,sparse_bf16,sparse_bf16,sparse_bf16,sparse_bf16,sparse_bf16,sparse_bf16,sparse_bf16,sparse_bf16,sparse_bf16,sparse_bf16,sparse_bf16,sparse_bf16,sparse_bf16,sparse_bf16,sparse_bf16,sparse_bf16,sparse_bf16,sparse_bf16,sparse_bf16,sparse_bf16,sparse_bf16,sparse_bf16,sparse_bf16,sparse_bf16,sparse_bf16,sparse_bf16,sparse_bf16,sparse_bf16,sparse_bf16,sparse_bf16,sparse_bf16,sparse_bf16,sparse_bf16,sparse_bf16,sparse_bf16,sparse_bf16,sparse_bf16,sparse_bf16,sparse_bf16,sparse_bf16,sparse_bf16,sparse_bf16,sparse_bf16,sparse_bf16,sparse_bf16,sparse_bf16,sparse_bf16,sparse_bf16,sparse_bf16,sparse_bf16,sparse_bf16,sparse_bf16,sparse_bf16,sparse_bf16,sparse_bf16,sparse_bf16,sparse_bf16,sparse_bf16,sparse_bf16,sparse_bf16,sparse_bf16,sparse_bf16,sparse_bf16,sparse_bf16,sparse_bf16,sparse_bf16,sparse_bf16,sparse_bf16,sparse_bf16,sparse_bf16,sparse_bf16,sparse_bf16
