module_index,module_name,layer,layer_bucket,module_type,module_family,in_features,out_features,numel,weight_mean,weight_std,weight_abs_mean,weight_abs_max,weight_outlier_ratio_6x,weight_row_norm_mean,weight_row_norm_max,weight_col_norm_mean,weight_col_norm_max,activation_mean,activation_std,activation_abs_mean,activation_abs_max,activation_outlier_ratio_6x_weight_mean,method,local_rel_mse,local_rmse_over_rms,local_max_abs_error
1,model.layers.0.self_attn.q_proj,0,layers_00_07,q_proj,attention,4096,4096,16777216,-3.0185713058017427e-06,0.013479271903634071,0.007290542125701904,0.7734375,0.01427382230758667,0.7678268551826477,3.3519811630249023,0.6854398846626282,7.156308174133301,-2.2595643841327728e-05,0.06418002391482229,0.01291067639249377,4.96875,0.02535662055015564,dense_nvfp4,5.261227345887068e-05,0.0072534318400927075,0.09375
1,model.layers.0.self_attn.q_proj,0,layers_00_07,q_proj,attention,4096,4096,16777216,-3.0185713058017427e-06,0.013479271903634071,0.007290542125701904,0.7734375,0.01427382230758667,0.7678268551826477,3.3519811630249023,0.6854398846626282,7.156308174133301,-2.2595643841327728e-05,0.06418002391482229,0.01291067639249377,4.96875,0.02535662055015564,sparse_bf16,7.2714930377483415e-06,0.002696570606853887,0.05078125
1,model.layers.0.self_attn.q_proj,0,layers_00_07,q_proj,attention,4096,4096,16777216,-3.0185713058017427e-06,0.013479271903634071,0.007290542125701904,0.7734375,0.01427382230758667,0.7678268551826477,3.3519811630249023,0.6854398846626282,7.156308174133301,-2.2595643841327728e-05,0.06418002391482229,0.01291067639249377,4.96875,0.02535662055015564,sparse_nvfp4,8.188579482314692e-05,0.009049077014985944,0.1015625
2,model.layers.0.self_attn.k_proj,0,layers_00_07,k_proj,attention,4096,4096,16777216,8.61367425386561e-06,0.015102141536772251,0.0092847291380167,0.81640625,0.00949704647064209,0.8915396332740784,3.235579490661621,0.8180683255195618,5.607005596160889,-2.2595643841327728e-05,0.06418002391482229,0.01291067639249377,4.96875,0.020456552505493164,dense_nvfp4,8.882924342293402e-05,0.009424926706501966,0.1015625
2,model.layers.0.self_attn.k_proj,0,layers_00_07,k_proj,attention,4096,4096,16777216,8.61367425386561e-06,0.015102141536772251,0.0092847291380167,0.81640625,0.00949704647064209,0.8915396332740784,3.235579490661621,0.8180683255195618,5.607005596160889,-2.2595643841327728e-05,0.06418002391482229,0.01291067639249377,4.96875,0.020456552505493164,sparse_bf16,1.3735543426526268e-05,0.003706149406935218,0.0625
2,model.layers.0.self_attn.k_proj,0,layers_00_07,k_proj,attention,4096,4096,16777216,8.61367425386561e-06,0.015102141536772251,0.0092847291380167,0.81640625,0.00949704647064209,0.8915396332740784,3.235579490661621,0.8180683255195618,5.607005596160889,-2.2595643841327728e-05,0.06418002391482229,0.01291067639249377,4.96875,0.020456552505493164,sparse_nvfp4,0.0001580991596886332,0.012573748831936847,0.125
3,model.layers.0.self_attn.v_proj,0,layers_00_07,v_proj,attention,4096,4096,16777216,4.799626367457677e-07,0.011053633876144886,0.008046726696193218,0.134765625,0.00255662202835083,0.6547608971595764,1.816826343536377,0.7004428505897522,0.8215903639793396,-2.2595643841327728e-05,0.06418002391482229,0.01291067639249377,4.96875,0.023123204708099365,dense_nvfp4,0.00526241033917963,0.07254247265691754,0.02734375
3,model.layers.0.self_attn.v_proj,0,layers_00_07,v_proj,attention,4096,4096,16777216,4.799626367457677e-07,0.011053633876144886,0.008046726696193218,0.134765625,0.00255662202835083,0.6547608971595764,1.816826343536377,0.7004428505897522,0.8215903639793396,-2.2595643841327728e-05,0.06418002391482229,0.01291067639249377,4.96875,0.023123204708099365,sparse_bf16,0.0030216183963008686,0.05496924955191647,0.03228759765625
3,model.layers.0.self_attn.v_proj,0,layers_00_07,v_proj,attention,4096,4096,16777216,4.799626367457677e-07,0.011053633876144886,0.008046726696193218,0.134765625,0.00255662202835083,0.6547608971595764,1.816826343536377,0.7004428505897522,0.8215903639793396,-2.2595643841327728e-05,0.06418002391482229,0.01291067639249377,4.96875,0.023123204708099365,sparse_nvfp4,0.011876787895460051,0.10898067670674491,0.04833984375
4,model.layers.0.self_attn.o_proj,0,layers_00_07,o_proj,attention,4096,4096,16777216,-1.5904067822702928e-06,0.007180104032158852,0.004932840820401907,0.451171875,0.004933774471282959,0.45231494307518005,3.1075775623321533,0.4033185839653015,1.2295564413070679,-9.624840728861273e-05,0.00853436720455838,0.0024771270909695886,0.69921875,0.011793553829193115,dense_nvfp4,0.00071946816216386,0.026822903686287584,0.044921875
4,model.layers.0.self_attn.o_proj,0,layers_00_07,o_proj,attention,4096,4096,16777216,-1.5904067822702928e-06,0.007180104032158852,0.004932840820401907,0.451171875,0.004933774471282959,0.45231494307518005,3.1075775623321533,0.4033185839653015,1.2295564413070679,-9.624840728861273e-05,0.00853436720455838,0.0024771270909695886,0.69921875,0.011793553829193115,sparse_bf16,0.0015675358620688149,0.039592118686284206,0.03076171875
4,model.layers.0.self_attn.o_proj,0,layers_00_07,o_proj,attention,4096,4096,16777216,-1.5904067822702928e-06,0.007180104032158852,0.004932840820401907,0.451171875,0.004933774471282959,0.45231494307518005,3.1075775623321533,0.4033185839653015,1.2295564413070679,-9.624840728861273e-05,0.00853436720455838,0.0024771270909695886,0.69921875,0.011793553829193115,sparse_nvfp4,0.003911015236191364,0.06253811027038923,0.0703125
5,model.layers.0.mlp.gate_proj,0,layers_00_07,gate_proj,mlp,4096,11008,45088768,-1.513830284238793e-05,0.016400780528783798,0.012972692027688026,0.890625,0.00019971714937128127,1.0422314405441284,5.189163684844971,1.7197272777557373,1.9885376691818237,-3.3504266411910066e-05,0.04260678044938477,0.02856140141375363,2.90625,0.046907708048820496,dense_nvfp4,0.002143371179242877,0.04629655688323784,0.10546875
5,model.layers.0.mlp.gate_proj,0,layers_00_07,gate_proj,mlp,4096,11008,45088768,-1.513830284238793e-05,0.016400780528783798,0.012972692027688026,0.890625,0.00019971714937128127,1.0422314405441284,5.189163684844971,1.7197272777557373,1.9885376691818237,-3.3504266411910066e-05,0.04260678044938477,0.02856140141375363,2.90625,0.046907708048820496,sparse_bf16,0.015960642189782305,0.1263354352103253,0.34375
5,model.layers.0.mlp.gate_proj,0,layers_00_07,gate_proj,mlp,4096,11008,45088768,-1.513830284238793e-05,0.016400780528783798,0.012972692027688026,0.890625,0.00019971714937128127,1.0422314405441284,5.189163684844971,1.7197272777557373,1.9885376691818237,-3.3504266411910066e-05,0.04260678044938477,0.02856140141375363,2.90625,0.046907708048820496,sparse_nvfp4,0.030026756684374423,0.1732823034368323,0.5
6,model.layers.0.mlp.up_proj,0,layers_00_07,up_proj,mlp,4096,11008,45088768,-3.2061507226899266e-07,0.01612473651766777,0.012813741341233253,0.341796875,2.557177867856808e-05,1.0297051668167114,1.63874089717865,1.690166711807251,1.8084276914596558,-3.3504266411910066e-05,0.04260678044938477,0.02856140141375363,2.90625,0.04907715320587158,dense_nvfp4,0.0029220977396417565,0.054056431066449036,0.0390625
6,model.layers.0.mlp.up_proj,0,layers_00_07,up_proj,mlp,4096,11008,45088768,-3.2061507226899266e-07,0.01612473651766777,0.012813741341233253,0.341796875,2.557177867856808e-05,1.0297051668167114,1.63874089717865,1.690166711807251,1.8084276914596558,-3.3504266411910066e-05,0.04260678044938477,0.02856140141375363,2.90625,0.04907715320587158,sparse_bf16,0.022314031513501493,0.14937881882483037,0.140625
6,model.layers.0.mlp.up_proj,0,layers_00_07,up_proj,mlp,4096,11008,45088768,-3.2061507226899266e-07,0.01612473651766777,0.012813741341233253,0.341796875,2.557177867856808e-05,1.0297051668167114,1.63874089717865,1.690166711807251,1.8084276914596558,-3.3504266411910066e-05,0.04260678044938477,0.02856140141375363,2.90625,0.04907715320587158,sparse_nvfp4,0.04155843140476799,0.20385885167136597,0.21484375
7,model.layers.0.mlp.down_proj,0,layers_00_07,down_proj,mlp,11008,4096,45088768,-1.9985723156423774e-06,0.016809994354844093,0.01332381833344698,0.52734375,0.0001343571930192411,1.7578797340393066,6.554708003997803,1.0752086639404297,1.4369772672653198,-4.2273167287285736e-06,0.004420899515836847,0.0014112399035501619,3.0625,0.0003670370855996775,dense_nvfp4,0.0018457730678414137,0.04296246114739487,0.0546875
7,model.layers.0.mlp.down_proj,0,layers_00_07,down_proj,mlp,11008,4096,45088768,-1.9985723156423774e-06,0.016809994354844093,0.01332381833344698,0.52734375,0.0001343571930192411,1.7578797340393066,6.554708003997803,1.0752086639404297,1.4369772672653198,-4.2273167287285736e-06,0.004420899515836847,0.0014112399035501619,3.0625,0.0003670370855996775,sparse_bf16,0.008953903459896457,0.09462506781977204,0.04296875
7,model.layers.0.mlp.down_proj,0,layers_00_07,down_proj,mlp,11008,4096,45088768,-1.9985723156423774e-06,0.016809994354844093,0.01332381833344698,0.52734375,0.0001343571930192411,1.7578797340393066,6.554708003997803,1.0752086639404297,1.4369772672653198,-4.2273167287285736e-06,0.004420899515836847,0.0014112399035501619,3.0625,0.0003670370855996775,sparse_nvfp4,0.018361629002581363,0.13550508847486636,0.078125
8,model.layers.1.self_attn.q_proj,1,layers_00_07,q_proj,attention,4096,4096,16777216,-4.032527613162529e-06,0.026456724852323532,0.017509445548057556,0.47265625,0.006599247455596924,1.4396253824234009,4.37037467956543,1.6661643981933594,4.918698787689209,0.0014011805833433755,0.15138829061892625,0.04519098124001175,9.375,0.07743850350379944,dense_nvfp4,0.00036172438939332407,0.019019053325371484,0.203125
8,model.layers.1.self_attn.q_proj,1,layers_00_07,q_proj,attention,4096,4096,16777216,-4.032527613162529e-06,0.026456724852323532,0.017509445548057556,0.47265625,0.006599247455596924,1.4396253824234009,4.37037467956543,1.6661643981933594,4.918698787689209,0.0014011805833433755,0.15138829061892625,0.04519098124001175,9.375,0.07743850350379944,sparse_bf16,0.00033899758528728495,0.018411887064809108,0.390625
8,model.layers.1.self_attn.q_proj,1,layers_00_07,q_proj,attention,4096,4096,16777216,-4.032527613162529e-06,0.026456724852323532,0.017509445548057556,0.47265625,0.006599247455596924,1.4396253824234009,4.37037467956543,1.6661643981933594,4.918698787689209,0.0014011805833433755,0.15138829061892625,0.04519098124001175,9.375,0.07743850350379944,sparse_nvfp4,0.0012293998253284503,0.03506279831001014,0.625
9,model.layers.1.self_attn.k_proj,1,layers_00_07,k_proj,attention,4096,4096,16777216,-2.339013917662669e-06,0.026408636942505836,0.017670709639787674,0.57421875,0.006669104099273682,1.4542551040649414,4.771492958068848,1.656357765197754,5.356703281402588,0.0014011805833433755,0.15138829061892625,0.04519098124001175,9.375,0.07637713849544525,dense_nvfp4,0.00034186556931607227,0.018489607062241,0.271484375
9,model.layers.1.self_attn.k_proj,1,layers_00_07,k_proj,attention,4096,4096,16777216,-2.339013917662669e-06,0.026408636942505836,0.017670709639787674,0.57421875,0.006669104099273682,1.4542551040649414,4.771492958068848,1.656357765197754,5.356703281402588,0.0014011805833433755,0.15138829061892625,0.04519098124001175,9.375,0.07637713849544525,sparse_bf16,0.0002953731775395653,0.017186424222029588,0.484375
9,model.layers.1.self_attn.k_proj,1,layers_00_07,k_proj,attention,4096,4096,16777216,-2.339013917662669e-06,0.026408636942505836,0.017670709639787674,0.57421875,0.006669104099273682,1.4542551040649414,4.771492958068848,1.656357765197754,5.356703281402588,0.0014011805833433755,0.15138829061892625,0.04519098124001175,9.375,0.07637713849544525,sparse_nvfp4,0.0011302277887394877,0.033618860610370005,0.7421875
10,model.layers.1.self_attn.v_proj,1,layers_00_07,v_proj,attention,4096,4096,16777216,1.5309313994293916e-06,0.01004513818770647,0.007418008521199226,0.1279296875,0.0008510947227478027,0.6054952144622803,1.7997655868530273,0.6337789297103882,0.7756046652793884,0.0014011805833433755,0.15138829061892625,0.04519098124001175,9.375,0.2632524073123932,dense_nvfp4,0.004858753681660309,0.06970476082492723,0.05078125
10,model.layers.1.self_attn.v_proj,1,layers_00_07,v_proj,attention,4096,4096,16777216,1.5309313994293916e-06,0.01004513818770647,0.007418008521199226,0.1279296875,0.0008510947227478027,0.6054952144622803,1.7997655868530273,0.6337789297103882,0.7756046652793884,0.0014011805833433755,0.15138829061892625,0.04519098124001175,9.375,0.2632524073123932,sparse_bf16,0.01215556298157995,0.11025226973436851,0.1640625
10,model.layers.1.self_attn.v_proj,1,layers_00_07,v_proj,attention,4096,4096,16777216,1.5309313994293916e-06,0.01004513818770647,0.007418008521199226,0.1279296875,0.0008510947227478027,0.6054952144622803,1.7997655868530273,0.6337789297103882,0.7756046652793884,0.0014011805833433755,0.15138829061892625,0.04519098124001175,9.375,0.2632524073123932,sparse_nvfp4,0.02771057913405698,0.16646494866504774,0.2421875
11,model.layers.1.self_attn.o_proj,1,layers_00_07,o_proj,attention,4096,4096,16777216,8.839830911711033e-08,0.008248118683695793,0.005762292072176933,0.58984375,0.001968681812286377,0.5225557684898376,3.074347734451294,0.4684734046459198,1.0463354587554932,-5.489282727921818e-06,0.01759854642919289,0.007191363096353598,2.09375,0.03474247455596924,dense_nvfp4,0.0026165297058220196,0.05115202543225458,0.09375
11,model.layers.1.self_attn.o_proj,1,layers_00_07,o_proj,attention,4096,4096,16777216,8.839830911711033e-08,0.008248118683695793,0.005762292072176933,0.58984375,0.001968681812286377,0.5225557684898376,3.074347734451294,0.4684734046459198,1.0463354587554932,-5.489282727921818e-06,0.01759854642919289,0.007191363096353598,2.09375,0.03474247455596924,sparse_bf16,0.01864451923061437,0.13654493484056585,0.1083984375
11,model.layers.1.self_attn.o_proj,1,layers_00_07,o_proj,attention,4096,4096,16777216,8.839830911711033e-08,0.008248118683695793,0.005762292072176933,0.58984375,0.001968681812286377,0.5225557684898376,3.074347734451294,0.4684734046459198,1.0463354587554932,-5.489282727921818e-06,0.01759854642919289,0.007191363096353598,2.09375,0.03474247455596924,sparse_nvfp4,0.035410491541114364,0.18817675611274196,0.148223876953125
12,model.layers.1.mlp.gate_proj,1,layers_00_07,gate_proj,mlp,4096,11008,45088768,-3.189399649272673e-05,0.018217120319604874,0.014407467097043991,1.09375,0.0002469794708304107,1.157204508781433,9.14868450164795,1.9106453657150269,2.5000147819519043,0.00026096142494225205,0.07065551126123008,0.05381109670270234,2.8125,0.19488707184791565,dense_nvfp4,0.0022304681327323535,0.04722783218328313,0.25
12,model.layers.1.mlp.gate_proj,1,layers_00_07,gate_proj,mlp,4096,11008,45088768,-3.189399649272673e-05,0.018217120319604874,0.014407467097043991,1.09375,0.0002469794708304107,1.157204508781433,9.14868450164795,1.9106453657150269,2.5000147819519043,0.00026096142494225205,0.07065551126123008,0.05381109670270234,2.8125,0.19488707184791565,sparse_bf16,0.019603974386628885,0.14001419351847472,2.0
12,model.layers.1.mlp.gate_proj,1,layers_00_07,gate_proj,mlp,4096,11008,45088768,-3.189399649272673e-05,0.018217120319604874,0.014407467097043991,1.09375,0.0002469794708304107,1.157204508781433,9.14868450164795,1.9106453657150269,2.5000147819519043,0.00026096142494225205,0.07065551126123008,0.05381109670270234,2.8125,0.19488707184791565,sparse_nvfp4,0.037717768843697104,0.19421063009963463,3.25
13,model.layers.1.mlp.up_proj,1,layers_00_07,up_proj,mlp,4096,11008,45088768,2.9008729143242817e-06,0.01715322770178318,0.013632573187351227,0.40625,5.646638965117745e-05,1.0958995819091797,6.630151748657227,1.7981634140014648,1.8594547510147095,0.00026096142494225205,0.07065551126123008,0.05381109670270234,2.8125,0.2186656892299652,dense_nvfp4,0.003983735928562256,0.06311684346164861,0.25
13,model.layers.1.mlp.up_proj,1,layers_00_07,up_proj,mlp,4096,11008,45088768,2.9008729143242817e-06,0.01715322770178318,0.013632573187351227,0.40625,5.646638965117745e-05,1.0958995819091797,6.630151748657227,1.7981634140014648,1.8594547510147095,0.00026096142494225205,0.07065551126123008,0.05381109670270234,2.8125,0.2186656892299652,sparse_bf16,0.03472032912660631,0.1863339183471606,1.5
13,model.layers.1.mlp.up_proj,1,layers_00_07,up_proj,mlp,4096,11008,45088768,2.9008729143242817e-06,0.01715322770178318,0.013632573187351227,0.40625,5.646638965117745e-05,1.0958995819091797,6.630151748657227,1.7981634140014648,1.8594547510147095,0.00026096142494225205,0.07065551126123008,0.05381109670270234,2.8125,0.2186656892299652,sparse_nvfp4,0.06562933108250169,0.2561822224169774,2.75
14,model.layers.1.mlp.down_proj,1,layers_00_07,down_proj,mlp,11008,4096,45088768,1.2587092896865215e-06,0.017402512952685356,0.01383957453072071,1.5625,5.183109169593081e-05,1.8237709999084473,5.466677665710449,1.113409399986267,1.8208850622177124,0.00030424086130657343,0.6934475657154645,0.004281433288354513,1672.0,0.001079526058463163,dense_nvfp4,0.0004745687430867092,0.021784598758910142,6.25
14,model.layers.1.mlp.down_proj,1,layers_00_07,down_proj,mlp,11008,4096,45088768,1.2587092896865215e-06,0.017402512952685356,0.01383957453072071,1.5625,5.183109169593081e-05,1.8237709999084473,5.466677665710449,1.113409399986267,1.8208850622177124,0.00030424086130657343,0.6934475657154645,0.004281433288354513,1672.0,0.001079526058463163,sparse_bf16,6.739255733401834e-06,0.002596007652801092,8.0
14,model.layers.1.mlp.down_proj,1,layers_00_07,down_proj,mlp,11008,4096,45088768,1.2587092896865215e-06,0.017402512952685356,0.01383957453072071,1.5625,5.183109169593081e-05,1.8237709999084473,5.466677665710449,1.113409399986267,1.8208850622177124,0.00030424086130657343,0.6934475657154645,0.004281433288354513,1672.0,0.001079526058463163,sparse_nvfp4,0.000585841947478492,0.0242041721089256,8.0
15,model.layers.2.self_attn.q_proj,2,layers_00_07,q_proj,attention,4096,4096,16777216,7.377476322290022e-06,0.026620423421263695,0.01950262300670147,1.1015625,0.0009596347808837891,1.5793501138687134,3.2349860668182373,1.6977962255477905,8.80687141418457,0.0008755133762861078,0.21664933783321652,0.1127833288628608,7.3125,0.3473477065563202,dense_nvfp4,0.00041261718770243584,0.020312980768524246,0.2265625
15,model.layers.2.self_attn.q_proj,2,layers_00_07,q_proj,attention,4096,4096,16777216,7.377476322290022e-06,0.026620423421263695,0.01950262300670147,1.1015625,0.0009596347808837891,1.5793501138687134,3.2349860668182373,1.6977962255477905,8.80687141418457,0.0008755133762861078,0.21664933783321652,0.1127833288628608,7.3125,0.3473477065563202,sparse_bf16,0.0020911057235829663,0.04572860946478655,0.7734375
15,model.layers.2.self_attn.q_proj,2,layers_00_07,q_proj,attention,4096,4096,16777216,7.377476322290022e-06,0.026620423421263695,0.01950262300670147,1.1015625,0.0009596347808837891,1.5793501138687134,3.2349860668182373,1.6977962255477905,8.80687141418457,0.0008755133762861078,0.21664933783321652,0.1127833288628608,7.3125,0.3473477065563202,sparse_nvfp4,0.004358067868430286,0.06601566381117656,1.21875
16,model.layers.2.self_attn.k_proj,2,layers_00_07,k_proj,attention,4096,4096,16777216,6.946958137632464e-07,0.027999762445688248,0.020044244825839996,0.373046875,0.0015523433685302734,1.6223021745681763,4.233816623687744,1.7872180938720703,5.622692584991455,0.0008755133762861078,0.21664933783321652,0.1127833288628608,7.3125,0.3345543444156647,dense_nvfp4,0.00035156263777340953,0.018750003673957228,0.2547607421875
16,model.layers.2.self_attn.k_proj,2,layers_00_07,k_proj,attention,4096,4096,16777216,6.946958137632464e-07,0.027999762445688248,0.020044244825839996,0.373046875,0.0015523433685302734,1.6223021745681763,4.233816623687744,1.7872180938720703,5.622692584991455,0.0008755133762861078,0.21664933783321652,0.1127833288628608,7.3125,0.3345543444156647,sparse_bf16,0.0017013857245787383,0.041247857211966034,1.0625
16,model.layers.2.self_attn.k_proj,2,layers_00_07,k_proj,attention,4096,4096,16777216,6.946958137632464e-07,0.027999762445688248,0.020044244825839996,0.373046875,0.0015523433685302734,1.6223021745681763,4.233816623687744,1.7872180938720703,5.622692584991455,0.0008755133762861078,0.21664933783321652,0.1127833288628608,7.3125,0.3345543444156647,sparse_nvfp4,0.0036027586477076125,0.06002298432856877,1.53125
17,model.layers.2.self_attn.v_proj,2,layers_00_07,v_proj,attention,4096,4096,16777216,-6.428516599044087e-07,0.014338220469653606,0.011337974108755589,0.1474609375,1.5914440155029297e-05,0.9128499627113342,1.47398042678833,0.9150398373603821,0.9969237446784973,0.0008755133762861078,0.21664933783321652,0.1127833288628608,7.3125,0.5745765566825867,dense_nvfp4,0.0050973136553070075,0.07139547363318635,0.0986328125
17,model.layers.2.self_attn.v_proj,2,layers_00_07,v_proj,attention,4096,4096,16777216,-6.428516599044087e-07,0.014338220469653606,0.011337974108755589,0.1474609375,1.5914440155029297e-05,0.9128499627113342,1.47398042678833,0.9150398373603821,0.9969237446784973,0.0008755133762861078,0.21664933783321652,0.1127833288628608,7.3125,0.5745765566825867,sparse_bf16,0.03128233362648118,0.17686812495891163,0.3037109375
17,model.layers.2.self_attn.v_proj,2,layers_00_07,v_proj,attention,4096,4096,16777216,-6.428516599044087e-07,0.014338220469653606,0.011337974108755589,0.1474609375,1.5914440155029297e-05,0.9128499627113342,1.47398042678833,0.9150398373603821,0.9969237446784973,0.0008755133762861078,0.21664933783321652,0.1127833288628608,7.3125,0.5745765566825867,sparse_nvfp4,0.06084832259161505,0.24667452765053602,0.4375
18,model.layers.2.self_attn.o_proj,2,layers_00_07,o_proj,attention,4096,4096,16777216,-2.7795756523119053e-06,0.013906832784414291,0.010964076034724712,0.60546875,0.00021153688430786133,0.886016845703125,5.133947849273682,0.8857702612876892,1.2039011716842651,1.4968625819733461e-05,0.016920313992326342,0.00792327280214522,1.03125,0.011577188968658447,dense_nvfp4,0.004442391988621034,0.06665127147040058,0.04296875
18,model.layers.2.self_attn.o_proj,2,layers_00_07,o_proj,attention,4096,4096,16777216,-2.7795756523119053e-06,0.013906832784414291,0.010964076034724712,0.60546875,0.00021153688430786133,0.886016845703125,5.133947849273682,0.8857702612876892,1.2039011716842651,1.4968625819733461e-05,0.016920313992326342,0.00792327280214522,1.03125,0.011577188968658447,sparse_bf16,0.04312209114302503,0.20765859275027612,0.1796875
18,model.layers.2.self_attn.o_proj,2,layers_00_07,o_proj,attention,4096,4096,16777216,-2.7795756523119053e-06,0.013906832784414291,0.010964076034724712,0.60546875,0.00021153688430786133,0.886016845703125,5.133947849273682,0.8857702612876892,1.2039011716842651,1.4968625819733461e-05,0.016920313992326342,0.00792327280214522,1.03125,0.011577188968658447,sparse_nvfp4,0.08194594922312666,0.28626202895795777,0.3271484375
19,model.layers.2.mlp.gate_proj,2,layers_00_07,gate_proj,mlp,4096,11008,45088768,1.3669155123352539e-05,0.018728937953710556,0.014912698417901993,0.52734375,4.315930709708482e-05,1.1969369649887085,3.1794066429138184,1.9645808935165405,2.1679630279541016,0.00019579543098302565,0.09972460576091087,0.07783727743662894,5.6875,0.35022781789302826,dense_nvfp4,0.003711081477086826,0.0609186463825882,0.140625
19,model.layers.2.mlp.gate_proj,2,layers_00_07,gate_proj,mlp,4096,11008,45088768,1.3669155123352539e-05,0.018728937953710556,0.014912698417901993,0.52734375,4.315930709708482e-05,1.1969369649887085,3.1794066429138184,1.9645808935165405,2.1679630279541016,0.00019579543098302565,0.09972460576091087,0.07783727743662894,5.6875,0.35022781789302826,sparse_bf16,0.040052506402390574,0.2001312229573151,0.4296875
19,model.layers.2.mlp.gate_proj,2,layers_00_07,gate_proj,mlp,4096,11008,45088768,1.3669155123352539e-05,0.018728937953710556,0.014912698417901993,0.52734375,4.315930709708482e-05,1.1969369649887085,3.1794066429138184,1.9645808935165405,2.1679630279541016,0.00019579543098302565,0.09972460576091087,0.07783727743662894,5.6875,0.35022781789302826,sparse_nvfp4,0.07585815210296679,0.275423586685975,0.6328125
20,model.layers.2.mlp.up_proj,2,layers_00_07,up_proj,mlp,4096,11008,45088768,3.0004512154846452e-06,0.017461497336626053,0.013908869586884975,0.455078125,1.4194222785590682e-05,1.1172420978546143,1.4406827688217163,1.8309515714645386,1.8817720413208008,0.00019579543098302565,0.09972460576091087,0.07783727743662894,5.6875,0.3839597553014755,dense_nvfp4,0.005084211683564807,0.07130365827616987,0.0693359375
20,model.layers.2.mlp.up_proj,2,layers_00_07,up_proj,mlp,4096,11008,45088768,3.0004512154846452e-06,0.017461497336626053,0.013908869586884975,0.455078125,1.4194222785590682e-05,1.1172420978546143,1.4406827688217163,1.8309515714645386,1.8817720413208008,0.00019579543098302565,0.09972460576091087,0.07783727743662894,5.6875,0.3839597553014755,sparse_bf16,0.05399336978038854,0.23236473437333072,0.259765625
20,model.layers.2.mlp.up_proj,2,layers_00_07,up_proj,mlp,4096,11008,45088768,3.0004512154846452e-06,0.017461497336626053,0.013908869586884975,0.455078125,1.4194222785590682e-05,1.1172420978546143,1.4406827688217163,1.8309515714645386,1.8817720413208008,0.00019579543098302565,0.09972460576091087,0.07783727743662894,5.6875,0.3839597553014755,sparse_nvfp4,0.09984239061661557,0.3159784654317689,0.390625
21,model.layers.2.mlp.down_proj,2,layers_00_07,down_proj,mlp,11008,4096,45088768,-7.526145395786443e-07,0.01757071353495121,0.013997687958180904,0.8984375,2.182361640734598e-05,1.8423326015472412,4.6411967277526855,1.1242766380310059,1.3839272260665894,-4.508531198320439e-06,0.013513539221670685,0.0066312110744589986,4.59375,0.0023225130036819814,dense_nvfp4,0.005621537705281044,0.0749769144822661,0.03125
21,model.layers.2.mlp.down_proj,2,layers_00_07,down_proj,mlp,11008,4096,45088768,-7.526145395786443e-07,0.01757071353495121,0.013997687958180904,0.8984375,2.182361640734598e-05,1.8423326015472412,4.6411967277526855,1.1242766380310059,1.3839272260665894,-4.508531198320439e-06,0.013513539221670685,0.0066312110744589986,4.59375,0.0023225130036819814,sparse_bf16,0.06543753334770322,0.255807610026956,0.09375
21,model.layers.2.mlp.down_proj,2,layers_00_07,down_proj,mlp,11008,4096,45088768,-7.526145395786443e-07,0.01757071353495121,0.013997687958180904,0.8984375,2.182361640734598e-05,1.8423326015472412,4.6411967277526855,1.1242766380310059,1.3839272260665894,-4.508531198320439e-06,0.013513539221670685,0.0066312110744589986,4.59375,0.0023225130036819814,sparse_nvfp4,0.11802034471365819,0.3435408923456685,0.1298828125
22,model.layers.3.self_attn.q_proj,3,layers_00_07,q_proj,attention,4096,4096,16777216,-8.3645090853679e-06,0.025188589468598366,0.018894201144576073,0.78125,0.0005590319633483887,1.5279687643051147,3.4315645694732666,1.6068905591964722,9.041772842407227,0.0008828319655549421,0.3060303976531357,0.19164756499230862,8.6875,0.6019090265035629,dense_nvfp4,0.0008610774992654313,0.029344122056477195,0.37890625
22,model.layers.3.self_attn.q_proj,3,layers_00_07,q_proj,attention,4096,4096,16777216,-8.3645090853679e-06,0.025188589468598366,0.018894201144576073,0.78125,0.0005590319633483887,1.5279687643051147,3.4315645694732666,1.6068905591964722,9.041772842407227,0.0008828319655549421,0.3060303976531357,0.19164756499230862,8.6875,0.6019090265035629,sparse_bf16,0.007018026403042709,0.08377366175023454,1.4375
22,model.layers.3.self_attn.q_proj,3,layers_00_07,q_proj,attention,4096,4096,16777216,-8.3645090853679e-06,0.025188589468598366,0.018894201144576073,0.78125,0.0005590319633483887,1.5279687643051147,3.4315645694732666,1.6068905591964722,9.041772842407227,0.0008828319655549421,0.3060303976531357,0.19164756499230862,8.6875,0.6019090265035629,sparse_nvfp4,0.01366021175708414,0.11687690857087271,2.078125
23,model.layers.3.self_attn.k_proj,3,layers_00_07,k_proj,attention,4096,4096,16777216,5.268288077786565e-06,0.026205088943243027,0.019452787935733795,0.41015625,0.0006135106086730957,1.5682281255722046,3.2948122024536133,1.6754472255706787,4.054792404174805,0.0008828319655549421,0.3060303976531357,0.19164756499230862,8.6875,0.5914249420166016,dense_nvfp4,0.0006723484911289331,0.025929683590991487,0.39453125
23,model.layers.3.self_attn.k_proj,3,layers_00_07,k_proj,attention,4096,4096,16777216,5.268288077786565e-06,0.026205088943243027,0.019452787935733795,0.41015625,0.0006135106086730957,1.5682281255722046,3.2948122024536133,1.6754472255706787,4.054792404174805,0.0008828319655549421,0.3060303976531357,0.19164756499230862,8.6875,0.5914249420166016,sparse_bf16,0.0053673205145898534,0.07326199911679897,1.3955078125
23,model.layers.3.self_attn.k_proj,3,layers_00_07,k_proj,attention,4096,4096,16777216,5.268288077786565e-06,0.026205088943243027,0.019452787935733795,0.41015625,0.0006135106086730957,1.5682281255722046,3.2948122024536133,1.6754472255706787,4.054792404174805,0.0008828319655549421,0.3060303976531357,0.19164756499230862,8.6875,0.5914249420166016,sparse_nvfp4,0.010472309353625434,0.10233430194038279,1.96875
24,model.layers.3.self_attn.v_proj,3,layers_00_07,v_proj,attention,4096,4096,16777216,1.0761416433524573e-06,0.01360287144780159,0.010725929401814938,0.138671875,1.8835067749023438e-05,0.8630927801132202,1.3863977193832397,0.8682838082313538,0.9547548294067383,0.0008828319655549421,0.3060303976531357,0.19164756499230862,8.6875,0.7653242200613022,dense_nvfp4,0.005287534003143402,0.07271543167129933,0.146484375
24,model.layers.3.self_attn.v_proj,3,layers_00_07,v_proj,attention,4096,4096,16777216,1.0761416433524573e-06,0.01360287144780159,0.010725929401814938,0.138671875,1.8835067749023438e-05,0.8630927801132202,1.3863977193832397,0.8682838082313538,0.9547548294067383,0.0008828319655549421,0.3060303976531357,0.19164756499230862,8.6875,0.7653242200613022,sparse_bf16,0.04784358199128215,0.2187317580766043,0.5743408203125
24,model.layers.3.self_attn.v_proj,3,layers_00_07,v_proj,attention,4096,4096,16777216,1.0761416433524573e-06,0.01360287144780159,0.010725929401814938,0.138671875,1.8835067749023438e-05,0.8630927801132202,1.3863977193832397,0.8682838082313538,0.9547548294067383,0.0008828319655549421,0.3060303976531357,0.19164756499230862,8.6875,0.7653242200613022,sparse_nvfp4,0.08920257573218247,0.29866800252484776,0.734375
25,model.layers.3.self_attn.o_proj,3,layers_00_07,o_proj,attention,4096,4096,16777216,-6.909574949531816e-06,0.01330900751054287,0.010460873134434223,0.5390625,0.00014454126358032227,0.8478956818580627,5.647276878356934,0.84377121925354,1.141173005104065,-3.7603428296506536e-05,0.023621504647594428,0.01117585861356929,1.5,0.02351413667201996,dense_nvfp4,0.003356646613698207,0.05793657405903638,0.10546875
25,model.layers.3.self_attn.o_proj,3,layers_00_07,o_proj,attention,4096,4096,16777216,-6.909574949531816e-06,0.01330900751054287,0.010460873134434223,0.5390625,0.00014454126358032227,0.8478956818580627,5.647276878356934,0.84377121925354,1.141173005104065,-3.7603428296506536e-05,0.023621504647594428,0.01117585861356929,1.5,0.02351413667201996,sparse_bf16,0.032350358574376306,0.17986205429266147,0.30224609375
25,model.layers.3.self_attn.o_proj,3,layers_00_07,o_proj,attention,4096,4096,16777216,-6.909574949531816e-06,0.01330900751054287,0.010460873134434223,0.5390625,0.00014454126358032227,0.8478956818580627,5.647276878356934,0.84377121925354,1.141173005104065,-3.7603428296506536e-05,0.023621504647594428,0.01117585861356929,1.5,0.02351413667201996,sparse_nvfp4,0.06324625753795925,0.2514880862743984,0.396484375
26,model.layers.3.mlp.gate_proj,3,layers_00_07,gate_proj,mlp,4096,11008,45088768,-4.189204901194898e-06,0.019003747031092644,0.015113836154341698,0.578125,6.555956497322768e-05,1.2131060361862183,3.4032225608825684,1.993687391281128,2.1504909992218018,-3.454236195921112e-05,0.12871020065727065,0.10051063098944724,3.515625,0.4618117958307266,dense_nvfp4,0.004069305366196751,0.0637911072657996,0.177734375
26,model.layers.3.mlp.gate_proj,3,layers_00_07,gate_proj,mlp,4096,11008,45088768,-4.189204901194898e-06,0.019003747031092644,0.015113836154341698,0.578125,6.555956497322768e-05,1.2131060361862183,3.4032225608825684,1.993687391281128,2.1504909992218018,-3.454236195921112e-05,0.12871020065727065,0.10051063098944724,3.515625,0.4618117958307266,sparse_bf16,0.04785748050217854,0.2187635264439174,0.78515625
26,model.layers.3.mlp.gate_proj,3,layers_00_07,gate_proj,mlp,4096,11008,45088768,-4.189204901194898e-06,0.019003747031092644,0.015113836154341698,0.578125,6.555956497322768e-05,1.2131060361862183,3.4032225608825684,1.993687391281128,2.1504909992218018,-3.454236195921112e-05,0.12871020065727065,0.10051063098944724,3.515625,0.4618117958307266,sparse_nvfp4,0.0897015022673617,0.2995020905893007,1.375
27,model.layers.3.mlp.up_proj,3,layers_00_07,up_proj,mlp,4096,11008,45088768,3.952352017222438e-06,0.017587386071681976,0.014004543423652649,0.50390625,1.3661939192388672e-05,1.1249536275863647,1.2540247440338135,1.8443503379821777,1.89543879032135,-3.454236195921112e-05,0.12871020065727065,0.10051063098944724,3.515625,0.493111327290535,dense_nvfp4,0.005817895632032637,0.07627513115054367,0.0838623046875
27,model.layers.3.mlp.up_proj,3,layers_00_07,up_proj,mlp,4096,11008,45088768,3.952352017222438e-06,0.017587386071681976,0.014004543423652649,0.50390625,1.3661939192388672e-05,1.1249536275863647,1.2540247440338135,1.8443503379821777,1.89543879032135,-3.454236195921112e-05,0.12871020065727065,0.10051063098944724,3.515625,0.493111327290535,sparse_bf16,0.0678360883319738,0.2604536203088254,0.349609375
27,model.layers.3.mlp.up_proj,3,layers_00_07,up_proj,mlp,4096,11008,45088768,3.952352017222438e-06,0.017587386071681976,0.014004543423652649,0.50390625,1.3661939192388672e-05,1.1249536275863647,1.2540247440338135,1.8443503379821777,1.89543879032135,-3.454236195921112e-05,0.12871020065727065,0.10051063098944724,3.515625,0.493111327290535,sparse_nvfp4,0.12404443743939819,0.35219942850521235,0.5859375
28,model.layers.3.mlp.down_proj,3,layers_00_07,down_proj,mlp,11008,4096,45088768,5.15961392011377e-06,0.0176240224391222,0.014033450745046139,0.68359375,2.455156936775893e-05,1.847469449043274,5.427108287811279,1.1273553371429443,1.4484494924545288,1.884841043023656e-05,0.018986698374121713,0.00985161498795415,4.0,0.004826462546060252,dense_nvfp4,0.005916582108834252,0.07691932207731847,0.0673828125
28,model.layers.3.mlp.down_proj,3,layers_00_07,down_proj,mlp,11008,4096,45088768,5.15961392011377e-06,0.0176240224391222,0.014033450745046139,0.68359375,2.455156936775893e-05,1.847469449043274,5.427108287811279,1.1273553371429443,1.4484494924545288,1.884841043023656e-05,0.018986698374121713,0.00985161498795415,4.0,0.004826462546060252,sparse_bf16,0.07332975348312962,0.2707946703373787,0.2265625
28,model.layers.3.mlp.down_proj,3,layers_00_07,down_proj,mlp,11008,4096,45088768,5.15961392011377e-06,0.0176240224391222,0.014033450745046139,0.68359375,2.455156936775893e-05,1.847469449043274,5.427108287811279,1.1273553371429443,1.4484494924545288,1.884841043023656e-05,0.018986698374121713,0.00985161498795415,4.0,0.004826462546060252,sparse_nvfp4,0.13509165193144712,0.36754816273713997,0.2421875
29,model.layers.4.self_attn.q_proj,4,layers_00_07,q_proj,attention,4096,4096,16777216,1.7987917999562342e-06,0.026268810033798218,0.019943831488490105,0.67578125,0.00034689903259277344,1.6103339195251465,2.9790961742401123,1.6764237880706787,8.837045669555664,0.0014674373478555935,0.29350192046266954,0.18009444046765566,9.5625,0.562039390206337,dense_nvfp4,0.0008736540025619679,0.029557638649966068,0.3046875
29,model.layers.4.self_attn.q_proj,4,layers_00_07,q_proj,attention,4096,4096,16777216,1.7987917999562342e-06,0.026268810033798218,0.019943831488490105,0.67578125,0.00034689903259277344,1.6103339195251465,2.9790961742401123,1.6764237880706787,8.837045669555664,0.0014674373478555935,0.29350192046266954,0.18009444046765566,9.5625,0.562039390206337,sparse_bf16,0.007352319335224527,0.08574566656819764,1.140625
29,model.layers.4.self_attn.q_proj,4,layers_00_07,q_proj,attention,4096,4096,16777216,1.7987917999562342e-06,0.026268810033798218,0.019943831488490105,0.67578125,0.00034689903259277344,1.6103339195251465,2.9790961742401123,1.6764237880706787,8.837045669555664,0.0014674373478555935,0.29350192046266954,0.18009444046765566,9.5625,0.562039390206337,sparse_nvfp4,0.014274261909118312,0.1194749425993514,1.5078125
30,model.layers.4.self_attn.k_proj,4,layers_00_07,k_proj,attention,4096,4096,16777216,1.3538822713599075e-05,0.026825442910194397,0.02014058642089367,0.51171875,0.00044083595275878906,1.6236298084259033,3.3530118465423584,1.714316964149475,3.82964825630188,0.0014674373478555935,0.29350192046266954,0.18009444046765566,9.5625,0.5591271668672562,dense_nvfp4,0.0006422506587062647,0.02534266479094621,0.328125
30,model.layers.4.self_attn.k_proj,4,layers_00_07,k_proj,attention,4096,4096,16777216,1.3538822713599075e-05,0.026825442910194397,0.02014058642089367,0.51171875,0.00044083595275878906,1.6236298084259033,3.3530118465423584,1.714316964149475,3.82964825630188,0.0014674373478555935,0.29350192046266954,0.18009444046765566,9.5625,0.5591271668672562,sparse_bf16,0.005089416868829093,0.07134014906649055,1.15625
30,model.layers.4.self_attn.k_proj,4,layers_00_07,k_proj,attention,4096,4096,16777216,1.3538822713599075e-05,0.026825442910194397,0.02014058642089367,0.51171875,0.00044083595275878906,1.6236298084259033,3.3530118465423584,1.714316964149475,3.82964825630188,0.0014674373478555935,0.29350192046266954,0.18009444046765566,9.5625,0.5591271668672562,sparse_nvfp4,0.009981641459165953,0.09990816512761083,1.75
31,model.layers.4.self_attn.v_proj,4,layers_00_07,v_proj,attention,4096,4096,16777216,-3.1021177164802793e-06,0.014356493949890137,0.01138307899236679,0.142578125,1.2576580047607422e-05,0.9155761003494263,1.248631477355957,0.9167274236679077,0.9853674173355103,0.0014674373478555935,0.29350192046266954,0.18009444046765566,9.5625,0.7390504479408264,dense_nvfp4,0.005540329118882724,0.07443338712488318,0.1318359375
31,model.layers.4.self_attn.v_proj,4,layers_00_07,v_proj,attention,4096,4096,16777216,-3.1021177164802793e-06,0.014356493949890137,0.01138307899236679,0.142578125,1.2576580047607422e-05,0.9155761003494263,1.248631477355957,0.9167274236679077,0.9853674173355103,0.0014674373478555935,0.29350192046266954,0.18009444046765566,9.5625,0.7390504479408264,sparse_bf16,0.05173524228544367,0.227453824512677,0.474609375
31,model.layers.4.self_attn.v_proj,4,layers_00_07,v_proj,attention,4096,4096,16777216,-3.1021177164802793e-06,0.014356493949890137,0.01138307899236679,0.142578125,1.2576580047607422e-05,0.9155761003494263,1.248631477355957,0.9167274236679077,0.9853674173355103,0.0014674373478555935,0.29350192046266954,0.18009444046765566,9.5625,0.7390504479408264,sparse_nvfp4,0.09637537334773497,0.3104438328389452,0.6796875
32,model.layers.4.self_attn.o_proj,4,layers_00_07,o_proj,attention,4096,4096,16777216,-6.554070637321274e-07,0.014046509750187397,0.011124523356556892,0.62109375,0.00012308359146118164,0.8959035277366638,5.31525182723999,0.8965200185775757,1.1946865320205688,0.0001486590834076651,0.03091996743560184,0.01612704139552079,1.6484375,0.03827166557312012,dense_nvfp4,0.004386547155454034,0.06623101354693309,0.1171875
32,model.layers.4.self_attn.o_proj,4,layers_00_07,o_proj,attention,4096,4096,16777216,-6.554070637321274e-07,0.014046509750187397,0.011124523356556892,0.62109375,0.00012308359146118164,0.8959035277366638,5.31525182723999,0.8965200185775757,1.1946865320205688,0.0001486590834076651,0.03091996743560184,0.01612704139552079,1.6484375,0.03827166557312012,sparse_bf16,0.04627668006411448,0.21512015262200443,0.375
32,model.layers.4.self_attn.o_proj,4,layers_00_07,o_proj,attention,4096,4096,16777216,-6.554070637321274e-07,0.014046509750187397,0.011124523356556892,0.62109375,0.00012308359146118164,0.8959035277366638,5.31525182723999,0.8965200185775757,1.1946865320205688,0.0001486590834076651,0.03091996743560184,0.01612704139552079,1.6484375,0.03827166557312012,sparse_nvfp4,0.08793393232685172,0.29653656153474856,0.6015625
33,model.layers.4.mlp.gate_proj,4,layers_00_07,gate_proj,mlp,4096,11008,45088768,-4.813143277715426e-06,0.019399456679821014,0.01538968924432993,0.51953125,7.440877379849553e-05,1.2353477478027344,2.8589119911193848,2.0352115631103516,2.20499587059021,0.00047180703063531837,0.15075154289979326,0.11689075897447765,7.40625,0.5173906981945038,dense_nvfp4,0.003346031662760212,0.0578448931433036,0.15673828125
33,model.layers.4.mlp.gate_proj,4,layers_00_07,gate_proj,mlp,4096,11008,45088768,-4.813143277715426e-06,0.019399456679821014,0.01538968924432993,0.51953125,7.440877379849553e-05,1.2353477478027344,2.8589119911193848,2.0352115631103516,2.20499587059021,0.00047180703063531837,0.15075154289979326,0.11689075897447765,7.40625,0.5173906981945038,sparse_bf16,0.04004869053488682,0.20012168931649268,0.6708984375
33,model.layers.4.mlp.gate_proj,4,layers_00_07,gate_proj,mlp,4096,11008,45088768,-4.813143277715426e-06,0.019399456679821014,0.01538968924432993,0.51953125,7.440877379849553e-05,1.2353477478027344,2.8589119911193848,2.0352115631103516,2.20499587059021,0.00047180703063531837,0.15075154289979326,0.11689075897447765,7.40625,0.5173906981945038,sparse_nvfp4,0.07548944980465713,0.2747534345638961,1.0390625
34,model.layers.4.mlp.up_proj,4,layers_00_07,up_proj,mlp,4096,11008,45088768,4.507515768636949e-06,0.01746262237429619,0.01390179805457592,0.478515625,1.536968193249777e-05,1.11668062210083,1.9003409147262573,1.8313621282577515,1.8740324974060059,0.00047180703063531837,0.15075154289979326,0.11689075897447765,7.40625,0.5598478466272354,dense_nvfp4,0.00558223730766008,0.07471437149344215,0.0947265625
34,model.layers.4.mlp.up_proj,4,layers_00_07,up_proj,mlp,4096,11008,45088768,4.507515768636949e-06,0.01746262237429619,0.01390179805457592,0.478515625,1.536968193249777e-05,1.11668062210083,1.9003409147262573,1.8313621282577515,1.8740324974060059,0.00047180703063531837,0.15075154289979326,0.11689075897447765,7.40625,0.5598478466272354,sparse_bf16,0.06650379708095176,0.25788330128364606,0.421661376953125
34,model.layers.4.mlp.up_proj,4,layers_00_07,up_proj,mlp,4096,11008,45088768,4.507515768636949e-06,0.01746262237429619,0.01390179805457592,0.478515625,1.536968193249777e-05,1.11668062210083,1.9003409147262573,1.8313621282577515,1.8740324974060059,0.00047180703063531837,0.15075154289979326,0.11689075897447765,7.40625,0.5598478466272354,sparse_nvfp4,0.12196788622100044,0.3492390101649591,0.578125
35,model.layers.4.mlp.down_proj,4,layers_00_07,down_proj,mlp,11008,4096,45088768,5.497657298292324e-07,0.01741928979754448,0.013863394036889076,0.9765625,3.184828528901562e-05,1.826021432876587,5.648232460021973,1.1140637397766113,1.3224581480026245,-6.048317505320843e-05,0.02694056161429481,0.01406730689801449,11.625,0.010860082715056663,dense_nvfp4,0.005338729926053534,0.0730666129367821,0.0703125
35,model.layers.4.mlp.down_proj,4,layers_00_07,down_proj,mlp,11008,4096,45088768,5.497657298292324e-07,0.01741928979754448,0.013863394036889076,0.9765625,3.184828528901562e-05,1.826021432876587,5.648232460021973,1.1140637397766113,1.3224581480026245,-6.048317505320843e-05,0.02694056161429481,0.01406730689801449,11.625,0.010860082715056663,sparse_bf16,0.06304241836735963,0.2510824931518716,0.2109375
35,model.layers.4.mlp.down_proj,4,layers_00_07,down_proj,mlp,11008,4096,45088768,5.497657298292324e-07,0.01741928979754448,0.013863394036889076,0.9765625,3.184828528901562e-05,1.826021432876587,5.648232460021973,1.1140637397766113,1.3224581480026245,-6.048317505320843e-05,0.02694056161429481,0.01406730689801449,11.625,0.010860082715056663,sparse_nvfp4,0.11754937224221579,0.3428547392733777,0.3359375
36,model.layers.5.self_attn.q_proj,5,layers_00_07,q_proj,attention,4096,4096,16777216,-7.127388016670011e-06,0.026405490934848785,0.020219998434185982,0.640625,0.00025588274002075195,1.628608226776123,2.927461624145508,1.6872509717941284,6.6441426277160645,0.002184738534197095,0.3012807057126471,0.19071388384327292,9.5,0.5834882408380508,dense_nvfp4,0.0009653515046457695,0.031070106286361004,0.328125
36,model.layers.5.self_attn.q_proj,5,layers_00_07,q_proj,attention,4096,4096,16777216,-7.127388016670011e-06,0.026405490934848785,0.020219998434185982,0.640625,0.00025588274002075195,1.628608226776123,2.927461624145508,1.6872509717941284,6.6441426277160645,0.002184738534197095,0.3012807057126471,0.19071388384327292,9.5,0.5834882408380508,sparse_bf16,0.008596854208579537,0.0927192224329968,1.220947265625
36,model.layers.5.self_attn.q_proj,5,layers_00_07,q_proj,attention,4096,4096,16777216,-7.127388016670011e-06,0.026405490934848785,0.020219998434185982,0.640625,0.00025588274002075195,1.628608226776123,2.927461624145508,1.6872509717941284,6.6441426277160645,0.002184738534197095,0.3012807057126471,0.19071388384327292,9.5,0.5834882408380508,sparse_nvfp4,0.01684650404288711,0.12979408323528122,1.6171875
37,model.layers.5.self_attn.k_proj,5,layers_00_07,k_proj,attention,4096,4096,16777216,4.84049814986065e-06,0.02749028243124485,0.02080650068819523,0.333984375,0.0003668665885925293,1.6754488945007324,3.567171812057495,1.757127285003662,3.4240901470184326,0.002184738534197095,0.3012807057126471,0.19071388384327292,9.5,0.5731378048658371,dense_nvfp4,0.0006932692749712079,0.026330007120606857,0.34375
37,model.layers.5.self_attn.k_proj,5,layers_00_07,k_proj,attention,4096,4096,16777216,4.84049814986065e-06,0.02749028243124485,0.02080650068819523,0.333984375,0.0003668665885925293,1.6754488945007324,3.567171812057495,1.757127285003662,3.4240901470184326,0.002184738534197095,0.3012807057126471,0.19071388384327292,9.5,0.5731378048658371,sparse_bf16,0.005945118797296322,0.07710459647320854,1.3125
37,model.layers.5.self_attn.k_proj,5,layers_00_07,k_proj,attention,4096,4096,16777216,4.84049814986065e-06,0.02749028243124485,0.02080650068819523,0.333984375,0.0003668665885925293,1.6754488945007324,3.567171812057495,1.757127285003662,3.4240901470184326,0.002184738534197095,0.3012807057126471,0.19071388384327292,9.5,0.5731378048658371,sparse_nvfp4,0.011765435780534931,0.10846859352151171,2.0625
38,model.layers.5.self_attn.v_proj,5,layers_00_07,v_proj,attention,4096,4096,16777216,6.6090415202779695e-06,0.014728710986673832,0.011628092266619205,0.265625,1.1265277862548828e-05,0.9353386163711548,1.194872498512268,0.9404355883598328,1.1803075075149536,0.002184738534197095,0.3012807057126471,0.19071388384327292,9.5,0.7505590915679932,dense_nvfp4,0.005815888257823643,0.07626197124270813,0.12890625
38,model.layers.5.self_attn.v_proj,5,layers_00_07,v_proj,attention,4096,4096,16777216,6.6090415202779695e-06,0.014728710986673832,0.011628092266619205,0.265625,1.1265277862548828e-05,0.9353386163711548,1.194872498512268,0.9404355883598328,1.1803075075149536,0.002184738534197095,0.3012807057126471,0.19071388384327292,9.5,0.7505590915679932,sparse_bf16,0.05729580328516561,0.23936541789733456,0.529296875
38,model.layers.5.self_attn.v_proj,5,layers_00_07,v_proj,attention,4096,4096,16777216,6.6090415202779695e-06,0.014728710986673832,0.011628092266619205,0.265625,1.1265277862548828e-05,0.9353386163711548,1.194872498512268,0.9404355883598328,1.1803075075149536,0.002184738534197095,0.3012807057126471,0.19071388384327292,9.5,0.7505590915679932,sparse_nvfp4,0.10766118105095013,0.32811763294731683,0.6767578125
39,model.layers.5.self_attn.o_proj,5,layers_00_07,o_proj,attention,4096,4096,16777216,-1.6741188346713898e-07,0.014410589821636677,0.011383121833205223,0.52734375,9.85860824584961e-05,0.9195873141288757,5.14446496963501,0.9166053533554077,1.1322262287139893,-0.00035009057000934263,0.04642430272333647,0.02327532268827781,2.0625,0.0747598260641098,dense_nvfp4,0.005055757141684233,0.07110384758706263,0.098876953125
39,model.layers.5.self_attn.o_proj,5,layers_00_07,o_proj,attention,4096,4096,16777216,-1.6741188346713898e-07,0.014410589821636677,0.011383121833205223,0.52734375,9.85860824584961e-05,0.9195873141288757,5.14446496963501,0.9166053533554077,1.1322262287139893,-0.00035009057000934263,0.04642430272333647,0.02327532268827781,2.0625,0.0747598260641098,sparse_bf16,0.05051880188039144,0.2247638802841583,0.76025390625
39,model.layers.5.self_attn.o_proj,5,layers_00_07,o_proj,attention,4096,4096,16777216,-1.6741188346713898e-07,0.014410589821636677,0.011383121833205223,0.52734375,9.85860824584961e-05,0.9195873141288757,5.14446496963501,0.9166053533554077,1.1322262287139893,-0.00035009057000934263,0.04642430272333647,0.02327532268827781,2.0625,0.0747598260641098,sparse_nvfp4,0.10576547511207302,0.32521604374949437,1.046875
40,model.layers.5.mlp.gate_proj,5,layers_00_07,gate_proj,mlp,4096,11008,45088768,-2.1409348846646026e-05,0.019511625170707703,0.01544273179024458,0.443359375,8.793764573056251e-05,1.2394874095916748,3.186581611633301,2.0470104217529297,2.293400764465332,0.0007446789538789744,0.16809326749768916,0.13110180431976914,5.375,0.5652726292610168,dense_nvfp4,0.0030738103664350153,0.055441954929773316,0.1953125
40,model.layers.5.mlp.gate_proj,5,layers_00_07,gate_proj,mlp,4096,11008,45088768,-2.1409348846646026e-05,0.019511625170707703,0.01544273179024458,0.443359375,8.793764573056251e-05,1.2394874095916748,3.186581611633301,2.0470104217529297,2.293400764465332,0.0007446789538789744,0.16809326749768916,0.13110180431976914,5.375,0.5652726292610168,sparse_bf16,0.03735954603452973,0.1932861765220931,0.85546875
40,model.layers.5.mlp.gate_proj,5,layers_00_07,gate_proj,mlp,4096,11008,45088768,-2.1409348846646026e-05,0.019511625170707703,0.01544273179024458,0.443359375,8.793764573056251e-05,1.2394874095916748,3.186581611633301,2.0470104217529297,2.293400764465332,0.0007446789538789744,0.16809326749768916,0.13110180431976914,5.375,0.5652726292610168,sparse_nvfp4,0.07261691024126432,0.2694752497749363,1.109375
41,model.layers.5.mlp.up_proj,5,layers_00_07,up_proj,mlp,4096,11008,45088768,3.0634607810497982e-06,0.017462221905589104,0.013898060657083988,0.490234375,1.621246337890625e-05,1.1164532899856567,1.4109681844711304,1.8314803838729858,1.8747071027755737,0.0007446789538789744,0.16809326749768916,0.13110180431976914,5.375,0.6045978963375092,dense_nvfp4,0.005462984781635406,0.0739120070193971,0.1064453125
41,model.layers.5.mlp.up_proj,5,layers_00_07,up_proj,mlp,4096,11008,45088768,3.0634607810497982e-06,0.017462221905589104,0.013898060657083988,0.490234375,1.621246337890625e-05,1.1164532899856567,1.4109681844711304,1.8314803838729858,1.8747071027755737,0.0007446789538789744,0.16809326749768916,0.13110180431976914,5.375,0.6045978963375092,sparse_bf16,0.06575524161189086,0.25642784874480945,0.515625
41,model.layers.5.mlp.up_proj,5,layers_00_07,up_proj,mlp,4096,11008,45088768,3.0634607810497982e-06,0.017462221905589104,0.013898060657083988,0.490234375,1.621246337890625e-05,1.1164532899856567,1.4109681844711304,1.8314803838729858,1.8747071027755737,0.0007446789538789744,0.16809326749768916,0.13110180431976914,5.375,0.6045978963375092,sparse_nvfp4,0.122882402870449,0.35054586414683175,0.8125
42,model.layers.5.mlp.down_proj,5,layers_00_07,down_proj,mlp,11008,4096,45088768,9.294611231780436e-07,0.01743459142744541,0.013872997835278511,0.734375,2.8454980565584265e-05,1.8271095752716064,5.751513481140137,1.1147782802581787,1.3371734619140625,-2.8350542855383368e-05,0.03198335357397493,0.0181292740324902,8.0625,0.019354459851287132,dense_nvfp4,0.006244107294675099,0.07901966397470378,0.078125
42,model.layers.5.mlp.down_proj,5,layers_00_07,down_proj,mlp,11008,4096,45088768,9.294611231780436e-07,0.01743459142744541,0.013872997835278511,0.734375,2.8454980565584265e-05,1.8271095752716064,5.751513481140137,1.1147782802581787,1.3371734619140625,-2.8350542855383368e-05,0.03198335357397493,0.0181292740324902,8.0625,0.019354459851287132,sparse_bf16,0.0801034571545115,0.28302554152321924,0.265625
42,model.layers.5.mlp.down_proj,5,layers_00_07,down_proj,mlp,11008,4096,45088768,9.294611231780436e-07,0.01743459142744541,0.013872997835278511,0.734375,2.8454980565584265e-05,1.8271095752716064,5.751513481140137,1.1147782802581787,1.3371734619140625,-2.8350542855383368e-05,0.03198335357397493,0.0181292740324902,8.0625,0.019354459851287132,sparse_nvfp4,0.15217223536408284,0.39009259844821825,0.5859375
43,model.layers.6.self_attn.q_proj,6,layers_00_07,q_proj,attention,4096,4096,16777216,6.792915883124806e-07,0.024919357150793076,0.01881186105310917,0.61328125,0.0006090998649597168,1.51454496383667,3.5747122764587402,1.592594861984253,6.045619487762451,0.0027418666904850397,0.3674680093506925,0.24194299196824431,11.3125,0.6879235059022903,dense_nvfp4,0.0011702016311772663,0.034208209996684516,0.59375
43,model.layers.6.self_attn.q_proj,6,layers_00_07,q_proj,attention,4096,4096,16777216,6.792915883124806e-07,0.024919357150793076,0.01881186105310917,0.61328125,0.0006090998649597168,1.51454496383667,3.5747122764587402,1.592594861984253,6.045619487762451,0.0027418666904850397,0.3674680093506925,0.24194299196824431,11.3125,0.6879235059022903,sparse_bf16,0.011399393166515857,0.10676794072433848,1.84375
43,model.layers.6.self_attn.q_proj,6,layers_00_07,q_proj,attention,4096,4096,16777216,6.792915883124806e-07,0.024919357150793076,0.01881186105310917,0.61328125,0.0006090998649597168,1.51454496383667,3.5747122764587402,1.592594861984253,6.045619487762451,0.0027418666904850397,0.3674680093506925,0.24194299196824431,11.3125,0.6879235059022903,sparse_nvfp4,0.022937907838174596,0.15145265873590533,2.31640625
44,model.layers.6.self_attn.k_proj,6,layers_00_07,k_proj,attention,4096,4096,16777216,1.793964429452899e-06,0.025414612144231796,0.01907103881239891,0.30859375,0.0006141066551208496,1.5335794687271118,3.275923013687134,1.625600814819336,2.4927000999450684,0.0027418666904850397,0.3674680093506925,0.24194299196824431,11.3125,0.6843141317367554,dense_nvfp4,0.0009372999800995764,0.030615355299254268,0.421875
44,model.layers.6.self_attn.k_proj,6,layers_00_07,k_proj,attention,4096,4096,16777216,1.793964429452899e-06,0.025414612144231796,0.01907103881239891,0.30859375,0.0006141066551208496,1.5335794687271118,3.275923013687134,1.625600814819336,2.4927000999450684,0.0027418666904850397,0.3674680093506925,0.24194299196824431,11.3125,0.6843141317367554,sparse_bf16,0.008955990103591757,0.09463609302793388,1.5546875
44,model.layers.6.self_attn.k_proj,6,layers_00_07,k_proj,attention,4096,4096,16777216,1.793964429452899e-06,0.025414612144231796,0.01907103881239891,0.30859375,0.0006141066551208496,1.5335794687271118,3.275923013687134,1.625600814819336,2.4927000999450684,0.0027418666904850397,0.3674680093506925,0.24194299196824431,11.3125,0.6843141317367554,sparse_nvfp4,0.01814868764628607,0.13471706516357188,2.3125
45,model.layers.6.self_attn.v_proj,6,layers_00_07,v_proj,attention,4096,4096,16777216,5.549399020310375e-07,0.01366395689547062,0.01076210755854845,0.287109375,2.5272369384765625e-05,0.86598801612854,1.1591311693191528,0.8723878860473633,1.3937815427780151,0.0027418666904850397,0.3674680093506925,0.24194299196824431,11.3125,0.8163702189922333,dense_nvfp4,0.005292188981127342,0.07274743281468661,0.15673828125
45,model.layers.6.self_attn.v_proj,6,layers_00_07,v_proj,attention,4096,4096,16777216,5.549399020310375e-07,0.01366395689547062,0.01076210755854845,0.287109375,2.5272369384765625e-05,0.86598801612854,1.1591311693191528,0.8723878860473633,1.3937815427780151,0.0027418666904850397,0.3674680093506925,0.24194299196824431,11.3125,0.8163702189922333,sparse_bf16,0.05513676183926502,0.2348121841797504,0.625
45,model.layers.6.self_attn.v_proj,6,layers_00_07,v_proj,attention,4096,4096,16777216,5.549399020310375e-07,0.01366395689547062,0.01076210755854845,0.287109375,2.5272369384765625e-05,0.86598801612854,1.1591311693191528,0.8723878860473633,1.3937815427780151,0.0027418666904850397,0.3674680093506925,0.24194299196824431,11.3125,0.8163702189922333,sparse_nvfp4,0.10552667432551303,0.3248486945110185,0.80078125
46,model.layers.6.self_attn.o_proj,6,layers_00_07,o_proj,attention,4096,4096,16777216,-1.451849811928696e-06,0.013473409228026867,0.010615385137498379,0.60546875,0.00011169910430908203,0.8591681718826294,5.296794414520264,0.8553329110145569,1.1681511402130127,-0.0003241136654423826,0.05015332152968943,0.027332658122759312,2.765625,0.10561777651309967,dense_nvfp4,0.005265559716369011,0.07256417653614634,0.125
46,model.layers.6.self_attn.o_proj,6,layers_00_07,o_proj,attention,4096,4096,16777216,-1.451849811928696e-06,0.013473409228026867,0.010615385137498379,0.60546875,0.00011169910430908203,0.8591681718826294,5.296794414520264,0.8553329110145569,1.1681511402130127,-0.0003241136654423826,0.05015332152968943,0.027332658122759312,2.765625,0.10561777651309967,sparse_bf16,0.054154482391170614,0.23271115656790203,0.4443359375
46,model.layers.6.self_attn.o_proj,6,layers_00_07,o_proj,attention,4096,4096,16777216,-1.451849811928696e-06,0.013473409228026867,0.010615385137498379,0.60546875,0.00011169910430908203,0.8591681718826294,5.296794414520264,0.8553329110145569,1.1681511402130127,-0.0003241136654423826,0.05015332152968943,0.027332658122759312,2.765625,0.10561777651309967,sparse_nvfp4,0.1059954036288729,0.325569353024625,0.6640625
47,model.layers.6.mlp.gate_proj,6,layers_00_07,gate_proj,mlp,4096,11008,45088768,-1.2534751476778183e-05,0.019844671711325645,0.01568254455924034,0.41796875,8.265916403615847e-05,1.2587867975234985,2.9167091846466064,2.081918954849243,2.450859308242798,0.000687425936348518,0.18545006553843596,0.14445770531892776,5.75,0.5958680063486099,dense_nvfp4,0.0027986062769660594,0.05290185513728284,0.203125
47,model.layers.6.mlp.gate_proj,6,layers_00_07,gate_proj,mlp,4096,11008,45088768,-1.2534751476778183e-05,0.019844671711325645,0.01568254455924034,0.41796875,8.265916403615847e-05,1.2587867975234985,2.9167091846466064,2.081918954849243,2.450859308242798,0.000687425936348518,0.18545006553843596,0.14445770531892776,5.75,0.5958680063486099,sparse_bf16,0.035071849926996905,0.18727479789602472,0.90625
47,model.layers.6.mlp.gate_proj,6,layers_00_07,gate_proj,mlp,4096,11008,45088768,-1.2534751476778183e-05,0.019844671711325645,0.01568254455924034,0.41796875,8.265916403615847e-05,1.2587867975234985,2.9167091846466064,2.081918954849243,2.450859308242798,0.000687425936348518,0.18545006553843596,0.14445770531892776,5.75,0.5958680063486099,sparse_nvfp4,0.06897059094259053,0.2626225255810905,1.2265625
48,model.layers.6.mlp.up_proj,6,layers_00_07,up_proj,mlp,4096,11008,45088768,1.712112521090603e-06,0.017401384189724922,0.013848676346242428,0.56640625,1.6012856576708145e-05,1.112540602684021,1.3282928466796875,1.825135350227356,1.8860334157943726,0.000687425936348518,0.18545006553843596,0.14445770531892776,5.75,0.6382389217615128,dense_nvfp4,0.005449594726264006,0.0738213703900436,0.105224609375
48,model.layers.6.mlp.up_proj,6,layers_00_07,up_proj,mlp,4096,11008,45088768,1.712112521090603e-06,0.017401384189724922,0.013848676346242428,0.56640625,1.6012856576708145e-05,1.112540602684021,1.3282928466796875,1.825135350227356,1.8860334157943726,0.000687425936348518,0.18545006553843596,0.14445770531892776,5.75,0.6382389217615128,sparse_bf16,0.06762322637723706,0.2600446622740737,0.53125
48,model.layers.6.mlp.up_proj,6,layers_00_07,up_proj,mlp,4096,11008,45088768,1.712112521090603e-06,0.017401384189724922,0.013848676346242428,0.56640625,1.6012856576708145e-05,1.112540602684021,1.3282928466796875,1.825135350227356,1.8860334157943726,0.000687425936348518,0.18545006553843596,0.14445770531892776,5.75,0.6382389217615128,sparse_nvfp4,0.12799100853691728,0.3577583102276134,0.84375
49,model.layers.6.mlp.down_proj,6,layers_00_07,down_proj,mlp,11008,4096,45088768,2.7205314836464822e-06,0.0173355620354414,0.013793673366308212,0.921875,2.355353717575781e-05,1.816675066947937,5.504698276519775,1.108426809310913,1.3655931949615479,2.4751603061388798e-05,0.0390931639699732,0.022311811616947484,14.4375,0.0327420012895451,dense_nvfp4,0.0063436739439013965,0.07964718415550795,0.078125
49,model.layers.6.mlp.down_proj,6,layers_00_07,down_proj,mlp,11008,4096,45088768,2.7205314836464822e-06,0.0173355620354414,0.013793673366308212,0.921875,2.355353717575781e-05,1.816675066947937,5.504698276519775,1.108426809310913,1.3655931949615479,2.4751603061388798e-05,0.0390931639699732,0.022311811616947484,14.4375,0.0327420012895451,sparse_bf16,0.07880119281541904,0.2807155015588185,0.2421875
49,model.layers.6.mlp.down_proj,6,layers_00_07,down_proj,mlp,11008,4096,45088768,2.7205314836464822e-06,0.0173355620354414,0.013793673366308212,0.921875,2.355353717575781e-05,1.816675066947937,5.504698276519775,1.108426809310913,1.3655931949615479,2.4751603061388798e-05,0.0390931639699732,0.022311811616947484,14.4375,0.0327420012895451,sparse_nvfp4,0.15541370874560295,0.3942254542081256,0.42578125
50,model.layers.7.self_attn.q_proj,7,layers_00_07,q_proj,attention,4096,4096,16777216,-7.238688340294175e-06,0.024873513728380203,0.018755009397864342,0.7578125,0.0006719827651977539,1.509269118309021,3.598220109939575,1.5903233289718628,5.223045349121094,0.003119159984635189,0.38242464938226356,0.2529589547775686,13.0625,0.7023315131664276,dense_nvfp4,0.0012343633009134674,0.03513350681206571,0.53125
50,model.layers.7.self_attn.q_proj,7,layers_00_07,q_proj,attention,4096,4096,16777216,-7.238688340294175e-06,0.024873513728380203,0.018755009397864342,0.7578125,0.0006719827651977539,1.509269118309021,3.598220109939575,1.5903233289718628,5.223045349121094,0.003119159984635189,0.38242464938226356,0.2529589547775686,13.0625,0.7023315131664276,sparse_bf16,0.012458102442769473,0.1116158700309659,1.927734375
50,model.layers.7.self_attn.q_proj,7,layers_00_07,q_proj,attention,4096,4096,16777216,-7.238688340294175e-06,0.024873513728380203,0.018755009397864342,0.7578125,0.0006719827651977539,1.509269118309021,3.598220109939575,1.5903233289718628,5.223045349121094,0.003119159984635189,0.38242464938226356,0.2529589547775686,13.0625,0.7023315131664276,sparse_nvfp4,0.02588984573581882,0.16090321853778694,2.546875
51,model.layers.7.self_attn.k_proj,7,layers_00_07,k_proj,attention,4096,4096,16777216,-9.963170668925159e-06,0.024992065504193306,0.018807975575327873,0.31640625,0.0005101561546325684,1.5123060941696167,3.1828112602233887,1.5987462997436523,2.321805000305176,0.003119159984635189,0.38242464938226356,0.2529589547775686,13.0625,0.7009460479021072,dense_nvfp4,0.0009884519028995598,0.031439654942437896,0.44921875
51,model.layers.7.self_attn.k_proj,7,layers_00_07,k_proj,attention,4096,4096,16777216,-9.963170668925159e-06,0.024992065504193306,0.018807975575327873,0.31640625,0.0005101561546325684,1.5123060941696167,3.1828112602233887,1.5987462997436523,2.321805000305176,0.003119159984635189,0.38242464938226356,0.2529589547775686,13.0625,0.7009460479021072,sparse_bf16,0.009629219871836073,0.09812858845329465,1.71875
51,model.layers.7.self_attn.k_proj,7,layers_00_07,k_proj,attention,4096,4096,16777216,-9.963170668925159e-06,0.024992065504193306,0.018807975575327873,0.31640625,0.0005101561546325684,1.5123060941696167,3.1828112602233887,1.5987462997436523,2.321805000305176,0.003119159984635189,0.38242464938226356,0.2529589547775686,13.0625,0.7009460479021072,sparse_nvfp4,0.020103333339044353,0.1417862240806361,2.125
52,model.layers.7.self_attn.v_proj,7,layers_00_07,v_proj,attention,4096,4096,16777216,2.137871433660621e-06,0.013838467188179493,0.010879161767661572,0.2255859375,3.147125244140625e-05,0.8754448890686035,1.1099514961242676,0.8833277821540833,1.6599562168121338,0.003119159984635189,0.38242464938226356,0.2529589547775686,13.0625,0.8229973614215851,dense_nvfp4,0.0054422182536182934,0.07377139183733958,0.1640625
52,model.layers.7.self_attn.v_proj,7,layers_00_07,v_proj,attention,4096,4096,16777216,2.137871433660621e-06,0.013838467188179493,0.010879161767661572,0.2255859375,3.147125244140625e-05,0.8754448890686035,1.1099514961242676,0.8833277821540833,1.6599562168121338,0.003119159984635189,0.38242464938226356,0.2529589547775686,13.0625,0.8229973614215851,sparse_bf16,0.05738361454333824,0.23954877278612438,0.6435546875
52,model.layers.7.self_attn.v_proj,7,layers_00_07,v_proj,attention,4096,4096,16777216,2.137871433660621e-06,0.013838467188179493,0.010879161767661572,0.2255859375,3.147125244140625e-05,0.8754448890686035,1.1099514961242676,0.8833277821540833,1.6599562168121338,0.003119159984635189,0.38242464938226356,0.2529589547775686,13.0625,0.8229973614215851,sparse_nvfp4,0.11326950893941669,0.33655535791221136,0.8232421875
53,model.layers.7.self_attn.o_proj,7,layers_00_07,o_proj,attention,4096,4096,16777216,-5.52993105884525e-06,0.01357907336205244,0.010682080872356892,0.55859375,0.0001004934310913086,0.8663402199745178,5.014594554901123,0.8603063225746155,1.3387304544448853,-0.00027160094049349937,0.05930909290242774,0.03238575597060844,3.640625,0.1419038027524948,dense_nvfp4,0.006037420447979618,0.0777008394290539,0.2841796875
53,model.layers.7.self_attn.o_proj,7,layers_00_07,o_proj,attention,4096,4096,16777216,-5.52993105884525e-06,0.01357907336205244,0.010682080872356892,0.55859375,0.0001004934310913086,0.8663402199745178,5.014594554901123,0.8603063225746155,1.3387304544448853,-0.00027160094049349937,0.05930909290242774,0.03238575597060844,3.640625,0.1419038027524948,sparse_bf16,0.06235290146382134,0.2497056296198012,0.609375
53,model.layers.7.self_attn.o_proj,7,layers_00_07,o_proj,attention,4096,4096,16777216,-5.52993105884525e-06,0.01357907336205244,0.010682080872356892,0.55859375,0.0001004934310913086,0.8663402199745178,5.014594554901123,0.8603063225746155,1.3387304544448853,-0.00027160094049349937,0.05930909290242774,0.03238575597060844,3.640625,0.1419038027524948,sparse_nvfp4,0.1260850693939657,0.3550845947009891,0.890625
54,model.layers.7.mlp.gate_proj,7,layers_00_07,gate_proj,mlp,4096,11008,45088768,6.70476583763957e-06,0.019833697006106377,0.01565612107515335,0.455078125,9.20850143302232e-05,1.256595253944397,3.466273546218872,2.0807623863220215,2.4921658039093018,0.00109729016367055,0.20097893116134963,0.15542061114683747,6.84375,0.620997816324234,dense_nvfp4,0.002747709891468226,0.05241860253257641,0.2578125
54,model.layers.7.mlp.gate_proj,7,layers_00_07,gate_proj,mlp,4096,11008,45088768,6.70476583763957e-06,0.019833697006106377,0.01565612107515335,0.455078125,9.20850143302232e-05,1.256595253944397,3.466273546218872,2.0807623863220215,2.4921658039093018,0.00109729016367055,0.20097893116134963,0.15542061114683747,6.84375,0.620997816324234,sparse_bf16,0.03405270089844237,0.1845337391872889,1.15625
54,model.layers.7.mlp.gate_proj,7,layers_00_07,gate_proj,mlp,4096,11008,45088768,6.70476583763957e-06,0.019833697006106377,0.01565612107515335,0.455078125,9.20850143302232e-05,1.256595253944397,3.466273546218872,2.0807623863220215,2.4921658039093018,0.00109729016367055,0.20097893116134963,0.15542061114683747,6.84375,0.620997816324234,sparse_nvfp4,0.0688504469695506,0.26239368698493987,1.65625
55,model.layers.7.mlp.up_proj,7,layers_00_07,up_proj,mlp,4096,11008,45088768,6.290984401857713e-06,0.017462708055973053,0.013897416181862354,0.35546875,1.4815219401498325e-05,1.1163508892059326,1.4698667526245117,1.8315515518188477,1.8739361763000488,0.00109729016367055,0.20097893116134963,0.15542061114683747,6.84375,0.6611533761024475,dense_nvfp4,0.0053495938194485886,0.07314091754584837,0.11572265625
55,model.layers.7.mlp.up_proj,7,layers_00_07,up_proj,mlp,4096,11008,45088768,6.290984401857713e-06,0.017462708055973053,0.013897416181862354,0.35546875,1.4815219401498325e-05,1.1163508892059326,1.4698667526245117,1.8315515518188477,1.8739361763000488,0.00109729016367055,0.20097893116134963,0.15542061114683747,6.84375,0.6611533761024475,sparse_bf16,0.06657124324414866,0.2580140369130111,0.52734375
55,model.layers.7.mlp.up_proj,7,layers_00_07,up_proj,mlp,4096,11008,45088768,6.290984401857713e-06,0.017462708055973053,0.013897416181862354,0.35546875,1.4815219401498325e-05,1.1163508892059326,1.4698667526245117,1.8315515518188477,1.8739361763000488,0.00109729016367055,0.20097893116134963,0.15542061114683747,6.84375,0.6611533761024475,sparse_nvfp4,0.13028237980047117,0.3609465054554084,0.84375
56,model.layers.7.mlp.down_proj,7,layers_00_07,down_proj,mlp,11008,4096,45088768,2.345961320315837e-06,0.017364216968417168,0.01381526980549097,0.9453125,3.0007473469595425e-05,1.8194743394851685,5.854832649230957,1.1102429628372192,1.3838618993759155,2.882900675061581e-05,0.045301371853264154,0.026117287662833236,16.75,0.048269776410834735,dense_nvfp4,0.006468404684724432,0.08042639296104502,0.109375
56,model.layers.7.mlp.down_proj,7,layers_00_07,down_proj,mlp,11008,4096,45088768,2.345961320315837e-06,0.017364216968417168,0.01381526980549097,0.9453125,3.0007473469595425e-05,1.8194743394851685,5.854832649230957,1.1102429628372192,1.3838618993759155,2.882900675061581e-05,0.045301371853264154,0.026117287662833236,16.75,0.048269776410834735,sparse_bf16,0.08110391730873202,0.2847874950006268,0.3203125
56,model.layers.7.mlp.down_proj,7,layers_00_07,down_proj,mlp,11008,4096,45088768,2.345961320315837e-06,0.017364216968417168,0.01381526980549097,0.9453125,3.0007473469595425e-05,1.8194743394851685,5.854832649230957,1.1102429628372192,1.3838618993759155,2.882900675061581e-05,0.045301371853264154,0.026117287662833236,16.75,0.048269776410834735,sparse_nvfp4,0.16057060723964767,0.4007126242578934,0.640625
57,model.layers.8.self_attn.q_proj,8,layers_08_15,q_proj,attention,4096,4096,16777216,8.694922144059092e-06,0.025118358433246613,0.018999198451638222,0.55859375,0.0008044838905334473,1.5281161069869995,4.3826212882995605,1.6064140796661377,4.483963489532471,0.003798207559157163,0.3858384444358304,0.24877688009291887,19.625,0.6938287615776062,dense_nvfp4,0.0013087483274276464,0.03617662681107301,0.609375
57,model.layers.8.self_attn.q_proj,8,layers_08_15,q_proj,attention,4096,4096,16777216,8.694922144059092e-06,0.025118358433246613,0.018999198451638222,0.55859375,0.0008044838905334473,1.5281161069869995,4.3826212882995605,1.6064140796661377,4.483963489532471,0.003798207559157163,0.3858384444358304,0.24877688009291887,19.625,0.6938287615776062,sparse_bf16,0.013042974219455529,0.11420584144191369,1.875
57,model.layers.8.self_attn.q_proj,8,layers_08_15,q_proj,attention,4096,4096,16777216,8.694922144059092e-06,0.025118358433246613,0.018999198451638222,0.55859375,0.0008044838905334473,1.5281161069869995,4.3826212882995605,1.6064140796661377,4.483963489532471,0.003798207559157163,0.3858384444358304,0.24877688009291887,19.625,0.6938287615776062,sparse_nvfp4,0.02727252594175021,0.16514395520802513,2.69708251953125
58,model.layers.8.self_attn.k_proj,8,layers_08_15,k_proj,attention,4096,4096,16777216,2.7812343432742637e-06,0.025263942778110504,0.019097857177257538,0.30859375,0.00047069787979125977,1.53544020652771,3.1401920318603516,1.6159850358963013,2.324723243713379,0.003798207559157163,0.3858384444358304,0.24877688009291887,19.625,0.692444697022438,dense_nvfp4,0.0009648345041217457,0.031061785269390838,0.46875
58,model.layers.8.self_attn.k_proj,8,layers_08_15,k_proj,attention,4096,4096,16777216,2.7812343432742637e-06,0.025263942778110504,0.019097857177257538,0.30859375,0.00047069787979125977,1.53544020652771,3.1401920318603516,1.6159850358963013,2.324723243713379,0.003798207559157163,0.3858384444358304,0.24877688009291887,19.625,0.692444697022438,sparse_bf16,0.009212459636511749,0.09598155883560003,1.583984375
58,model.layers.8.self_attn.k_proj,8,layers_08_15,k_proj,attention,4096,4096,16777216,2.7812343432742637e-06,0.025263942778110504,0.019097857177257538,0.30859375,0.00047069787979125977,1.53544020652771,3.1401920318603516,1.6159850358963013,2.324723243713379,0.003798207559157163,0.3858384444358304,0.24877688009291887,19.625,0.692444697022438,sparse_nvfp4,0.01951882352733909,0.13970978321985575,2.06640625
59,model.layers.8.self_attn.v_proj,8,layers_08_15,v_proj,attention,4096,4096,16777216,2.5467647901677992e-06,0.014217041432857513,0.01122952625155449,0.2080078125,2.008676528930664e-05,0.9034321308135986,1.3553608655929565,0.9077398180961609,1.4600601196289062,0.003798207559157163,0.3858384444358304,0.24877688009291887,19.625,0.8147384822368622,dense_nvfp4,0.005165551749713267,0.07187177296904027,0.17529296875
59,model.layers.8.self_attn.v_proj,8,layers_08_15,v_proj,attention,4096,4096,16777216,2.5467647901677992e-06,0.014217041432857513,0.01122952625155449,0.2080078125,2.008676528930664e-05,0.9034321308135986,1.3553608655929565,0.9077398180961609,1.4600601196289062,0.003798207559157163,0.3858384444358304,0.24877688009291887,19.625,0.8147384822368622,sparse_bf16,0.05472402039094233,0.23393165752189748,0.578125
59,model.layers.8.self_attn.v_proj,8,layers_08_15,v_proj,attention,4096,4096,16777216,2.5467647901677992e-06,0.014217041432857513,0.01122952625155449,0.2080078125,2.008676528930664e-05,0.9034321308135986,1.3553608655929565,0.9077398180961609,1.4600601196289062,0.003798207559157163,0.3858384444358304,0.24877688009291887,19.625,0.8147384822368622,sparse_nvfp4,0.11044473798264011,0.3323322704502831,0.96875
60,model.layers.8.self_attn.o_proj,8,layers_08_15,o_proj,attention,4096,4096,16777216,-8.223460667977633e-07,0.013988330960273743,0.011066923849284649,0.75390625,6.556510925292969e-05,0.893008291721344,4.566910266876221,0.8903589844703674,1.1919001340866089,0.00021569868511051027,0.0741953771583137,0.04234133695717901,2.53125,0.1928347796201706,dense_nvfp4,0.0067626369495584135,0.08223525369060652,0.25
60,model.layers.8.self_attn.o_proj,8,layers_08_15,o_proj,attention,4096,4096,16777216,-8.223460667977633e-07,0.013988330960273743,0.011066923849284649,0.75390625,6.556510925292969e-05,0.893008291721344,4.566910266876221,0.8903589844703674,1.1919001340866089,0.00021569868511051027,0.0741953771583137,0.04234133695717901,2.53125,0.1928347796201706,sparse_bf16,0.06790040607408823,0.26057706359940475,0.6640625
60,model.layers.8.self_attn.o_proj,8,layers_08_15,o_proj,attention,4096,4096,16777216,-8.223460667977633e-07,0.013988330960273743,0.011066923849284649,0.75390625,6.556510925292969e-05,0.893008291721344,4.566910266876221,0.8903589844703674,1.1919001340866089,0.00021569868511051027,0.0741953771583137,0.04234133695717901,2.53125,0.1928347796201706,sparse_nvfp4,0.13657824563537302,0.3695649410257594,0.6875
61,model.layers.8.mlp.gate_proj,8,layers_08_15,gate_proj,mlp,4096,11008,45088768,-7.647521670151036e-06,0.019518407061696053,0.015400304459035397,0.390625,0.00010284157906426117,1.2360255718231201,3.2555928230285645,2.0476880073547363,2.514118194580078,0.0013726866627621348,0.2089369249441442,0.16060710418969393,9.0625,0.6368019878864288,dense_nvfp4,0.002742988080006698,0.05237354370296799,0.265625
61,model.layers.8.mlp.gate_proj,8,layers_08_15,gate_proj,mlp,4096,11008,45088768,-7.647521670151036e-06,0.019518407061696053,0.015400304459035397,0.390625,0.00010284157906426117,1.2360255718231201,3.2555928230285645,2.0476880073547363,2.514118194580078,0.0013726866627621348,0.2089369249441442,0.16060710418969393,9.0625,0.6368019878864288,sparse_bf16,0.03401294405764417,0.18442598531021645,1.03125
61,model.layers.8.mlp.gate_proj,8,layers_08_15,gate_proj,mlp,4096,11008,45088768,-7.647521670151036e-06,0.019518407061696053,0.015400304459035397,0.390625,0.00010284157906426117,1.2360255718231201,3.2555928230285645,2.0476880073547363,2.514118194580078,0.0013726866627621348,0.2089369249441442,0.16060710418969393,9.0625,0.6368019878864288,sparse_nvfp4,0.06961613500229312,0.263848697177555,1.84375
62,model.layers.8.mlp.up_proj,8,layers_08_15,up_proj,mlp,4096,11008,45088768,1.8039646647594054e-06,0.017679769545793533,0.014066948555409908,0.6484375,1.264172897208482e-05,1.1299819946289062,1.7746020555496216,1.8543472290039062,1.9028555154800415,0.0013726866627621348,0.2089369249441442,0.16060710418969393,9.0625,0.6668434590101242,dense_nvfp4,0.005005621408996273,0.07075041631676998,0.12890625
62,model.layers.8.mlp.up_proj,8,layers_08_15,up_proj,mlp,4096,11008,45088768,1.8039646647594054e-06,0.017679769545793533,0.014066948555409908,0.6484375,1.264172897208482e-05,1.1299819946289062,1.7746020555496216,1.8543472290039062,1.9028555154800415,0.0013726866627621348,0.2089369249441442,0.16060710418969393,9.0625,0.6668434590101242,sparse_bf16,0.06264287447045948,0.2502855858223951,0.5625
62,model.layers.8.mlp.up_proj,8,layers_08_15,up_proj,mlp,4096,11008,45088768,1.8039646647594054e-06,0.017679769545793533,0.014066948555409908,0.6484375,1.264172897208482e-05,1.1299819946289062,1.7746020555496216,1.8543472290039062,1.9028555154800415,0.0013726866627621348,0.2089369249441442,0.16060710418969393,9.0625,0.6668434590101242,sparse_nvfp4,0.12472010551736412,0.35315733818988404,1.0
63,model.layers.8.mlp.down_proj,8,layers_08_15,down_proj,mlp,11008,4096,45088768,-2.1615462628687965e-06,0.01754685863852501,0.013956484384834766,0.796875,3.286849459982477e-05,1.838470220565796,6.1164374351501465,1.1217036247253418,1.4054255485534668,-1.9640927263914586e-05,0.04983084387736518,0.028866304994322533,23.25,0.06085943621258403,dense_nvfp4,0.006530223719163529,0.08080979964808432,0.125
63,model.layers.8.mlp.down_proj,8,layers_08_15,down_proj,mlp,11008,4096,45088768,-2.1615462628687965e-06,0.01754685863852501,0.013956484384834766,0.796875,3.286849459982477e-05,1.838470220565796,6.1164374351501465,1.1217036247253418,1.4054255485534668,-1.9640927263914586e-05,0.04983084387736518,0.028866304994322533,23.25,0.06085943621258403,sparse_bf16,0.08217792474183507,0.2866669229992101,0.3486328125
63,model.layers.8.mlp.down_proj,8,layers_08_15,down_proj,mlp,11008,4096,45088768,-2.1615462628687965e-06,0.01754685863852501,0.013956484384834766,0.796875,3.286849459982477e-05,1.838470220565796,6.1164374351501465,1.1217036247253418,1.4054255485534668,-1.9640927263914586e-05,0.04983084387736518,0.028866304994322533,23.25,0.06085943621258403,sparse_nvfp4,0.16082258141841885,0.40102690859644174,0.57421875
64,model.layers.9.self_attn.q_proj,9,layers_08_15,q_proj,attention,4096,4096,16777216,5.59321620130504e-07,0.02515004388988018,0.019301066175103188,0.77734375,0.0002853274345397949,1.552215576171875,2.9606716632843018,1.6085246801376343,4.378683567047119,0.0039055585184541997,0.3888544922399493,0.2548078643158078,24.75,0.6975514888763428,dense_nvfp4,0.00139705730584459,0.037377229777560965,0.445068359375
64,model.layers.9.self_attn.q_proj,9,layers_08_15,q_proj,attention,4096,4096,16777216,5.59321620130504e-07,0.02515004388988018,0.019301066175103188,0.77734375,0.0002853274345397949,1.552215576171875,2.9606716632843018,1.6085246801376343,4.378683567047119,0.0039055585184541997,0.3888544922399493,0.2548078643158078,24.75,0.6975514888763428,sparse_bf16,0.0144960753307559,0.12039964838302436,1.5234375
64,model.layers.9.self_attn.q_proj,9,layers_08_15,q_proj,attention,4096,4096,16777216,5.59321620130504e-07,0.02515004388988018,0.019301066175103188,0.77734375,0.0002853274345397949,1.552215576171875,2.9606716632843018,1.6085246801376343,4.378683567047119,0.0039055585184541997,0.3888544922399493,0.2548078643158078,24.75,0.6975514888763428,sparse_nvfp4,0.029905416601537033,0.17293182645637278,2.03125
65,model.layers.9.self_attn.k_proj,9,layers_08_15,k_proj,attention,4096,4096,16777216,1.102258829632774e-05,0.02578050084412098,0.019641781225800514,0.35546875,0.0003311634063720703,1.5796394348144531,3.085589647293091,1.6488831043243408,2.435730218887329,0.0039055585184541997,0.3888544922399493,0.2548078643158078,24.75,0.6928231120109558,dense_nvfp4,0.0009918602471998183,0.03149381283998205,0.4375
65,model.layers.9.self_attn.k_proj,9,layers_08_15,k_proj,attention,4096,4096,16777216,1.102258829632774e-05,0.02578050084412098,0.019641781225800514,0.35546875,0.0003311634063720703,1.5796394348144531,3.085589647293091,1.6488831043243408,2.435730218887329,0.0039055585184541997,0.3888544922399493,0.2548078643158078,24.75,0.6928231120109558,sparse_bf16,0.00984471261534976,0.0992205251717091,1.4453125
65,model.layers.9.self_attn.k_proj,9,layers_08_15,k_proj,attention,4096,4096,16777216,1.102258829632774e-05,0.02578050084412098,0.019641781225800514,0.35546875,0.0003311634063720703,1.5796394348144531,3.085589647293091,1.6488831043243408,2.435730218887329,0.0039055585184541997,0.3888544922399493,0.2548078643158078,24.75,0.6928231120109558,sparse_nvfp4,0.020495470468906884,0.14316239195021466,2.359375
66,model.layers.9.self_attn.v_proj,9,layers_08_15,v_proj,attention,4096,4096,16777216,2.663281065906631e-06,0.014498928561806679,0.01144484058022499,0.2470703125,2.110004425048828e-05,0.920689582824707,1.1959946155548096,0.9257318377494812,1.8653794527053833,0.0039055585184541997,0.3888544922399493,0.2548078643158078,24.75,0.8160131275653839,dense_nvfp4,0.00528182700959185,0.07267617910699385,0.16796875
66,model.layers.9.self_attn.v_proj,9,layers_08_15,v_proj,attention,4096,4096,16777216,2.663281065906631e-06,0.014498928561806679,0.01144484058022499,0.2470703125,2.110004425048828e-05,0.920689582824707,1.1959946155548096,0.9257318377494812,1.8653794527053833,0.0039055585184541997,0.3888544922399493,0.2548078643158078,24.75,0.8160131275653839,sparse_bf16,0.05778649328019514,0.2403882136881822,0.634765625
66,model.layers.9.self_attn.v_proj,9,layers_08_15,v_proj,attention,4096,4096,16777216,2.663281065906631e-06,0.014498928561806679,0.01144484058022499,0.2470703125,2.110004425048828e-05,0.920689582824707,1.1959946155548096,0.9257318377494812,1.8653794527053833,0.0039055585184541997,0.3888544922399493,0.2548078643158078,24.75,0.8160131275653839,sparse_nvfp4,0.11521173098206487,0.33942853589830196,0.87646484375
67,model.layers.9.self_attn.o_proj,9,layers_08_15,o_proj,attention,4096,4096,16777216,3.0724643238499993e-06,0.014302038587629795,0.011311827227473259,0.546875,6.902217864990234e-05,0.9128663539886475,4.757194519042969,0.9104912281036377,1.1240416765213013,-0.00019968663207237114,0.08599852270467166,0.051285839872434735,2.609375,0.2410869151353836,dense_nvfp4,0.007198752249347251,0.0848454609825844,0.1484375
67,model.layers.9.self_attn.o_proj,9,layers_08_15,o_proj,attention,4096,4096,16777216,3.0724643238499993e-06,0.014302038587629795,0.011311827227473259,0.546875,6.902217864990234e-05,0.9128663539886475,4.757194519042969,0.9104912281036377,1.1240416765213013,-0.00019968663207237114,0.08599852270467166,0.051285839872434735,2.609375,0.2410869151353836,sparse_bf16,0.07635735956843644,0.2763283546226055,0.8251953125
67,model.layers.9.self_attn.o_proj,9,layers_08_15,o_proj,attention,4096,4096,16777216,3.0724643238499993e-06,0.014302038587629795,0.011311827227473259,0.546875,6.902217864990234e-05,0.9128663539886475,4.757194519042969,0.9104912281036377,1.1240416765213013,-0.00019968663207237114,0.08599852270467166,0.051285839872434735,2.609375,0.2410869151353836,sparse_nvfp4,0.14798928685727897,0.3846937572372068,1.171875
68,model.layers.9.mlp.gate_proj,9,layers_08_15,gate_proj,mlp,4096,11008,45088768,-6.808232200228304e-08,0.019329391419887543,0.015231198631227016,0.375,0.0001499486534157768,1.2224408388137817,3.7128069400787354,2.0278491973876953,2.487520933151245,0.0013772316242466331,0.21676104398130852,0.16619111085310578,11.5,0.6509191989898682,dense_nvfp4,0.0027000876510376868,0.05196236764272474,0.28125
68,model.layers.9.mlp.gate_proj,9,layers_08_15,gate_proj,mlp,4096,11008,45088768,-6.808232200228304e-08,0.019329391419887543,0.015231198631227016,0.375,0.0001499486534157768,1.2224408388137817,3.7128069400787354,2.0278491973876953,2.487520933151245,0.0013772316242466331,0.21676104398130852,0.16619111085310578,11.5,0.6509191989898682,sparse_bf16,0.033683465217491354,0.183530556631563,1.125
68,model.layers.9.mlp.gate_proj,9,layers_08_15,gate_proj,mlp,4096,11008,45088768,-6.808232200228304e-08,0.019329391419887543,0.015231198631227016,0.375,0.0001499486534157768,1.2224408388137817,3.7128069400787354,2.0278491973876953,2.487520933151245,0.0013772316242466331,0.21676104398130852,0.16619111085310578,11.5,0.6509191989898682,sparse_nvfp4,0.06844610853307341,0.26162207195317716,1.6328125
69,model.layers.9.mlp.up_proj,9,layers_08_15,up_proj,mlp,4096,11008,45088768,-1.5339121546276147e-06,0.01779949478805065,0.014159330166876316,0.609375,1.281915683648549e-05,1.1373929977416992,1.9225873947143555,1.8668804168701172,1.9191962480545044,0.0013772316242466331,0.21676104398130852,0.16619111085310578,11.5,0.6749222427606583,dense_nvfp4,0.004869403506413061,0.06978111138705848,0.142578125
69,model.layers.9.mlp.up_proj,9,layers_08_15,up_proj,mlp,4096,11008,45088768,-1.5339121546276147e-06,0.01779949478805065,0.014159330166876316,0.609375,1.281915683648549e-05,1.1373929977416992,1.9225873947143555,1.8668804168701172,1.9191962480545044,0.0013772316242466331,0.21676104398130852,0.16619111085310578,11.5,0.6749222427606583,sparse_bf16,0.06153479410601373,0.24806207712186426,0.625
69,model.layers.9.mlp.up_proj,9,layers_08_15,up_proj,mlp,4096,11008,45088768,-1.5339121546276147e-06,0.01779949478805065,0.014159330166876316,0.609375,1.281915683648549e-05,1.1373929977416992,1.9225873947143555,1.8668804168701172,1.9191962480545044,0.0013772316242466331,0.21676104398130852,0.16619111085310578,11.5,0.6749222427606583,sparse_nvfp4,0.12174820883948047,0.34892435976795955,0.859375
70,model.layers.9.mlp.down_proj,9,layers_08_15,down_proj,mlp,11008,4096,45088768,2.0985696664865827e-06,0.017667733132839203,0.014046933501958847,0.6640625,3.171521530020982e-05,1.8511466979980469,6.182586669921875,1.1290907859802246,1.7123621702194214,-9.791788816496698e-05,0.053201529873448686,0.03130612366421278,15.1875,0.0729651173879934,dense_nvfp4,0.006656675942875403,0.08158845471557481,0.125
70,model.layers.9.mlp.down_proj,9,layers_08_15,down_proj,mlp,11008,4096,45088768,2.0985696664865827e-06,0.017667733132839203,0.014046933501958847,0.6640625,3.171521530020982e-05,1.8511466979980469,6.182586669921875,1.1290907859802246,1.7123621702194214,-9.791788816496698e-05,0.053201529873448686,0.03130612366421278,15.1875,0.0729651173879934,sparse_bf16,0.08478545843323977,0.2911794265281113,0.40625
70,model.layers.9.mlp.down_proj,9,layers_08_15,down_proj,mlp,11008,4096,45088768,2.0985696664865827e-06,0.017667733132839203,0.014046933501958847,0.6640625,3.171521530020982e-05,1.8511466979980469,6.182586669921875,1.1290907859802246,1.7123621702194214,-9.791788816496698e-05,0.053201529873448686,0.03130612366421278,15.1875,0.0729651173879934,sparse_nvfp4,0.16257163793269647,0.403201733543764,0.5625
71,model.layers.10.self_attn.q_proj,10,layers_08_15,q_proj,attention,4096,4096,16777216,4.006645212939475e-06,0.025115855038166046,0.019175110384821892,0.462890625,0.0002816915512084961,1.5411875247955322,3.079268217086792,1.6064783334732056,3.8112804889678955,0.003740065440069884,0.39549513479008364,0.2577736862003803,33.5,0.702824279665947,dense_nvfp4,0.001454550195046278,0.03813856571826316,0.5
71,model.layers.10.self_attn.q_proj,10,layers_08_15,q_proj,attention,4096,4096,16777216,4.006645212939475e-06,0.025115855038166046,0.019175110384821892,0.462890625,0.0002816915512084961,1.5411875247955322,3.079268217086792,1.6064783334732056,3.8112804889678955,0.003740065440069884,0.39549513479008364,0.2577736862003803,33.5,0.702824279665947,sparse_bf16,0.015288825477814526,0.12364799018914349,1.5625
71,model.layers.10.self_attn.q_proj,10,layers_08_15,q_proj,attention,4096,4096,16777216,4.006645212939475e-06,0.025115855038166046,0.019175110384821892,0.462890625,0.0002816915512084961,1.5411875247955322,3.079268217086792,1.6064783334732056,3.8112804889678955,0.003740065440069884,0.39549513479008364,0.2577736862003803,33.5,0.702824279665947,sparse_nvfp4,0.031124052009932828,0.1764201009237123,2.09375
72,model.layers.10.self_attn.k_proj,10,layers_08_15,k_proj,attention,4096,4096,16777216,3.816792741417885e-06,0.025884347036480904,0.019562065601348877,0.29296875,0.0003941059112548828,1.572756290435791,3.0448062419891357,1.6553544998168945,2.5467121601104736,0.003740065440069884,0.39549513479008364,0.2577736862003803,33.5,0.6971410065889359,dense_nvfp4,0.0010261173968273878,0.032033067240390636,0.484375
72,model.layers.10.self_attn.k_proj,10,layers_08_15,k_proj,attention,4096,4096,16777216,3.816792741417885e-06,0.025884347036480904,0.019562065601348877,0.29296875,0.0003941059112548828,1.572756290435791,3.0448062419891357,1.6553544998168945,2.5467121601104736,0.003740065440069884,0.39549513479008364,0.2577736862003803,33.5,0.6971410065889359,sparse_bf16,0.01033169552882788,0.10164494836846483,1.625
72,model.layers.10.self_attn.k_proj,10,layers_08_15,k_proj,attention,4096,4096,16777216,3.816792741417885e-06,0.025884347036480904,0.019562065601348877,0.29296875,0.0003941059112548828,1.572756290435791,3.0448062419891357,1.6553544998168945,2.5467121601104736,0.003740065440069884,0.39549513479008364,0.2577736862003803,33.5,0.6971410065889359,sparse_nvfp4,0.021346464513580174,0.14610429327566035,2.28125
73,model.layers.10.self_attn.v_proj,10,layers_08_15,v_proj,attention,4096,4096,16777216,4.1837492972263135e-06,0.014355127699673176,0.011361104436218739,0.259765625,2.777576446533203e-05,0.9138755202293396,1.1956623792648315,0.9164561629295349,2.306495428085327,0.003740065440069884,0.39549513479008364,0.2577736862003803,33.5,0.8192852586507797,dense_nvfp4,0.005153629903866047,0.07178878675577438,0.1953125
73,model.layers.10.self_attn.v_proj,10,layers_08_15,v_proj,attention,4096,4096,16777216,4.1837492972263135e-06,0.014355127699673176,0.011361104436218739,0.259765625,2.777576446533203e-05,0.9138755202293396,1.1956623792648315,0.9164561629295349,2.306495428085327,0.003740065440069884,0.39549513479008364,0.2577736862003803,33.5,0.8192852586507797,sparse_bf16,0.05712014682607757,0.23899821511065217,0.66015625
73,model.layers.10.self_attn.v_proj,10,layers_08_15,v_proj,attention,4096,4096,16777216,4.1837492972263135e-06,0.014355127699673176,0.011361104436218739,0.259765625,2.777576446533203e-05,0.9138755202293396,1.1956623792648315,0.9164561629295349,2.306495428085327,0.003740065440069884,0.39549513479008364,0.2577736862003803,33.5,0.8192852586507797,sparse_nvfp4,0.11271609176727108,0.3357321726723119,1.140625
74,model.layers.10.self_attn.o_proj,10,layers_08_15,o_proj,attention,4096,4096,16777216,1.0362699867982883e-05,0.014241639524698257,0.011291654780507088,0.4140625,5.269050598144531e-05,0.9096977710723877,3.924699068069458,0.9080239534378052,1.1339753866195679,0.00014255370513183152,0.09994515248019264,0.06269282009452581,3.953125,0.30415646731853485,dense_nvfp4,0.007723932532648528,0.08788590633684407,0.21875
74,model.layers.10.self_attn.o_proj,10,layers_08_15,o_proj,attention,4096,4096,16777216,1.0362699867982883e-05,0.014241639524698257,0.011291654780507088,0.4140625,5.269050598144531e-05,0.9096977710723877,3.924699068069458,0.9080239534378052,1.1339753866195679,0.00014255370513183152,0.09994515248019264,0.06269282009452581,3.953125,0.30415646731853485,sparse_bf16,0.07837677587318215,0.2799585252732664,0.890625
74,model.layers.10.self_attn.o_proj,10,layers_08_15,o_proj,attention,4096,4096,16777216,1.0362699867982883e-05,0.014241639524698257,0.011291654780507088,0.4140625,5.269050598144531e-05,0.9096977710723877,3.924699068069458,0.9080239534378052,1.1339753866195679,0.00014255370513183152,0.09994515248019264,0.06269282009452581,3.953125,0.30415646731853485,sparse_nvfp4,0.1532077760484643,0.3914176491274561,1.18359375
75,model.layers.10.mlp.gate_proj,10,layers_08_15,gate_proj,mlp,4096,11008,45088768,-1.631375926081091e-05,0.019269142299890518,0.015128702856600285,0.52734375,0.00024478379054926336,1.2143759727478027,3.803403377532959,2.0215659141540527,2.4875876903533936,0.001471024228976603,0.22194578361571818,0.17013820679858327,6.4375,0.6616773307323456,dense_nvfp4,0.0026388653554832945,0.05136988763354748,0.3125
75,model.layers.10.mlp.gate_proj,10,layers_08_15,gate_proj,mlp,4096,11008,45088768,-1.631375926081091e-05,0.019269142299890518,0.015128702856600285,0.52734375,0.00024478379054926336,1.2143759727478027,3.803403377532959,2.0215659141540527,2.4875876903533936,0.001471024228976603,0.22194578361571818,0.17013820679858327,6.4375,0.6616773307323456,sparse_bf16,0.032952103990085344,0.18152714394846117,1.328125
75,model.layers.10.mlp.gate_proj,10,layers_08_15,gate_proj,mlp,4096,11008,45088768,-1.631375926081091e-05,0.019269142299890518,0.015128702856600285,0.52734375,0.00024478379054926336,1.2143759727478027,3.803403377532959,2.0215659141540527,2.4875876903533936,0.001471024228976603,0.22194578361571818,0.17013820679858327,6.4375,0.6616773307323456,sparse_nvfp4,0.06664550342473022,0.25815790405240396,1.59130859375
76,model.layers.10.mlp.up_proj,10,layers_08_15,up_proj,mlp,4096,11008,45088768,1.6069602679635864e-06,0.017986629158258438,0.014302960596978664,0.392578125,1.4704327440995257e-05,1.148880124092102,1.55735182762146,1.8865680694580078,1.9343438148498535,0.001471024228976603,0.22194578361571818,0.17013820679858327,6.4375,0.6786855161190033,dense_nvfp4,0.004734425842276252,0.0688071641784215,0.142578125
76,model.layers.10.mlp.up_proj,10,layers_08_15,up_proj,mlp,4096,11008,45088768,1.6069602679635864e-06,0.017986629158258438,0.014302960596978664,0.392578125,1.4704327440995257e-05,1.148880124092102,1.55735182762146,1.8865680694580078,1.9343438148498535,0.001471024228976603,0.22194578361571818,0.17013820679858327,6.4375,0.6786855161190033,sparse_bf16,0.05974557213696882,0.24442907383731752,0.5625
76,model.layers.10.mlp.up_proj,10,layers_08_15,up_proj,mlp,4096,11008,45088768,1.6069602679635864e-06,0.017986629158258438,0.014302960596978664,0.392578125,1.4704327440995257e-05,1.148880124092102,1.55735182762146,1.8865680694580078,1.9343438148498535,0.001471024228976603,0.22194578361571818,0.17013820679858327,6.4375,0.6786855161190033,sparse_nvfp4,0.11718867223806109,0.34232831059972396,0.8125
77,model.layers.10.mlp.down_proj,10,layers_08_15,down_proj,mlp,11008,4096,45088768,9.231469562109851e-07,0.017818868160247803,0.014164339751005173,1.0234375,2.991875953739509e-05,1.867080807685852,5.943995952606201,1.13840913772583,1.470892310142517,-9.879562984742522e-05,0.056420455139900745,0.033405819777832475,9.875,0.08237532682197038,dense_nvfp4,0.0065995198509202855,0.0812374288793059,0.1435546875
77,model.layers.10.mlp.down_proj,10,layers_08_15,down_proj,mlp,11008,4096,45088768,9.231469562109851e-07,0.017818868160247803,0.014164339751005173,1.0234375,2.991875953739509e-05,1.867080807685852,5.943995952606201,1.13840913772583,1.470892310142517,-9.879562984742522e-05,0.056420455139900745,0.033405819777832475,9.875,0.08237532682197038,sparse_bf16,0.08324072994227551,0.2885146962327491,0.79736328125
77,model.layers.10.mlp.down_proj,10,layers_08_15,down_proj,mlp,11008,4096,45088768,9.231469562109851e-07,0.017818868160247803,0.014164339751005173,1.0234375,2.991875953739509e-05,1.867080807685852,5.943995952606201,1.13840913772583,1.470892310142517,-9.879562984742522e-05,0.056420455139900745,0.033405819777832475,9.875,0.08237532682197038,sparse_nvfp4,0.15854716836238814,0.39817981912998573,0.84423828125
78,model.layers.11.self_attn.q_proj,11,layers_08_15,q_proj,attention,4096,4096,16777216,1.2828390026697889e-05,0.023869667202234268,0.01788051798939705,0.609375,0.0010294914245605469,1.43745756149292,4.118111610412598,1.5267155170440674,3.7522764205932617,0.004193861397652654,0.42726332441240183,0.28571705520153046,27.25,0.7486730217933655,dense_nvfp4,0.001569305521914217,0.03961446102011508,0.625
78,model.layers.11.self_attn.q_proj,11,layers_08_15,q_proj,attention,4096,4096,16777216,1.2828390026697889e-05,0.023869667202234268,0.01788051798939705,0.609375,0.0010294914245605469,1.43745756149292,4.118111610412598,1.5267155170440674,3.7522764205932617,0.004193861397652654,0.42726332441240183,0.28571705520153046,27.25,0.7486730217933655,sparse_bf16,0.01684911841287329,0.12980415406632134,2.046875
78,model.layers.11.self_attn.q_proj,11,layers_08_15,q_proj,attention,4096,4096,16777216,1.2828390026697889e-05,0.023869667202234268,0.01788051798939705,0.609375,0.0010294914245605469,1.43745756149292,4.118111610412598,1.5267155170440674,3.7522764205932617,0.004193861397652654,0.42726332441240183,0.28571705520153046,27.25,0.7486730217933655,sparse_nvfp4,0.034136043869282255,0.18475942159814815,3.0390625
79,model.layers.11.self_attn.k_proj,11,layers_08_15,k_proj,attention,4096,4096,16777216,-8.133804385579424e-08,0.023801522329449654,0.01782408356666565,0.279296875,0.0007163882255554199,1.4332164525985718,3.066028118133545,1.5219972133636475,2.3947174549102783,0.004193861397652654,0.42726332441240183,0.28571705520153046,27.25,0.7486730217933655,dense_nvfp4,0.0011234546906070879,0.03351797563408458,0.5625
79,model.layers.11.self_attn.k_proj,11,layers_08_15,k_proj,attention,4096,4096,16777216,-8.133804385579424e-08,0.023801522329449654,0.01782408356666565,0.279296875,0.0007163882255554199,1.4332164525985718,3.066028118133545,1.5219972133636475,2.3947174549102783,0.004193861397652654,0.42726332441240183,0.28571705520153046,27.25,0.7486730217933655,sparse_bf16,0.011525557058831447,0.1073571472182055,1.86328125
79,model.layers.11.self_attn.k_proj,11,layers_08_15,k_proj,attention,4096,4096,16777216,-8.133804385579424e-08,0.023801522329449654,0.01782408356666565,0.279296875,0.0007163882255554199,1.4332164525985718,3.066028118133545,1.5219972133636475,2.3947174549102783,0.004193861397652654,0.42726332441240183,0.28571705520153046,27.25,0.7486730217933655,sparse_nvfp4,0.023672015883821985,0.1538571281540832,2.46875
80,model.layers.11.self_attn.v_proj,11,layers_08_15,v_proj,attention,4096,4096,16777216,-2.5727545107656624e-06,0.01496933400630951,0.01180756650865078,0.298828125,3.635883331298828e-05,0.9504443407058716,1.2308814525604248,0.9553393721580505,2.39507794380188,0.004193861397652654,0.42726332441240183,0.28571705520153046,27.25,0.8301901072263718,dense_nvfp4,0.005392568995229079,0.07343411329368034,0.19580078125
80,model.layers.11.self_attn.v_proj,11,layers_08_15,v_proj,attention,4096,4096,16777216,-2.5727545107656624e-06,0.01496933400630951,0.01180756650865078,0.298828125,3.635883331298828e-05,0.9504443407058716,1.2308814525604248,0.9553393721580505,2.39507794380188,0.004193861397652654,0.42726332441240183,0.28571705520153046,27.25,0.8301901072263718,sparse_bf16,0.06118055298840749,0.24734702947156548,0.71875
80,model.layers.11.self_attn.v_proj,11,layers_08_15,v_proj,attention,4096,4096,16777216,-2.5727545107656624e-06,0.01496933400630951,0.01180756650865078,0.298828125,3.635883331298828e-05,0.9504443407058716,1.2308814525604248,0.9553393721580505,2.39507794380188,0.004193861397652654,0.42726332441240183,0.28571705520153046,27.25,0.8301901072263718,sparse_nvfp4,0.11987501513828663,0.3462297144069045,1.046875
81,model.layers.11.self_attn.o_proj,11,layers_08_15,o_proj,attention,4096,4096,16777216,-2.472718733770307e-06,0.014827976934611797,0.011700381524860859,0.578125,7.420778274536133e-05,0.9461336731910706,5.2591233253479,0.9419804215431213,1.3575057983398438,-1.0976874989410135e-05,0.09597285002687928,0.058601583703421056,2.375,0.2723781019449234,dense_nvfp4,0.00821244290643407,0.09062252979493604,0.234375
81,model.layers.11.self_attn.o_proj,11,layers_08_15,o_proj,attention,4096,4096,16777216,-2.472718733770307e-06,0.014827976934611797,0.011700381524860859,0.578125,7.420778274536133e-05,0.9461336731910706,5.2591233253479,0.9419804215431213,1.3575057983398438,-1.0976874989410135e-05,0.09597285002687928,0.058601583703421056,2.375,0.2723781019449234,sparse_bf16,0.08184379447730897,0.2860835445762461,0.7421875
81,model.layers.11.self_attn.o_proj,11,layers_08_15,o_proj,attention,4096,4096,16777216,-2.472718733770307e-06,0.014827976934611797,0.011700381524860859,0.578125,7.420778274536133e-05,0.9461336731910706,5.2591233253479,0.9419804215431213,1.3575057983398438,-1.0976874989410135e-05,0.09597285002687928,0.058601583703421056,2.375,0.2723781019449234,sparse_nvfp4,0.16161272108957728,0.4020108469800004,1.064453125
82,model.layers.11.mlp.gate_proj,11,layers_08_15,gate_proj,mlp,4096,11008,45088768,-2.0639130525523797e-05,0.019199110567569733,0.01510405819863081,0.40234375,0.00021273590391501784,1.2122642993927002,3.8235280513763428,2.0142059326171875,2.474904775619507,0.0019045217868551845,0.2295638973128158,0.17650876753032207,6.625,0.6733442395925522,dense_nvfp4,0.0026447962140672236,0.051427582230425956,0.3125
82,model.layers.11.mlp.gate_proj,11,layers_08_15,gate_proj,mlp,4096,11008,45088768,-2.0639130525523797e-05,0.019199110567569733,0.01510405819863081,0.40234375,0.00021273590391501784,1.2122642993927002,3.8235280513763428,2.0142059326171875,2.474904775619507,0.0019045217868551845,0.2295638973128158,0.17650876753032207,6.625,0.6733442395925522,sparse_bf16,0.03368744450847239,0.1835413972608697,1.21875
82,model.layers.11.mlp.gate_proj,11,layers_08_15,gate_proj,mlp,4096,11008,45088768,-2.0639130525523797e-05,0.019199110567569733,0.01510405819863081,0.40234375,0.00021273590391501784,1.2122642993927002,3.8235280513763428,2.0142059326171875,2.474904775619507,0.0019045217868551845,0.2295638973128158,0.17650876753032207,6.625,0.6733442395925522,sparse_nvfp4,0.06807467530860213,0.26091124028796103,1.6474609375
83,model.layers.11.mlp.up_proj,11,layers_08_15,up_proj,mlp,4096,11008,45088768,-1.1734286999853794e-06,0.01813952624797821,0.01442842185497284,0.423828125,1.2708264875982422e-05,1.1587944030761719,1.4684792757034302,1.9026204347610474,1.9517015218734741,0.0019045217868551845,0.2295638973128158,0.17650876753032207,6.625,0.6864239126443863,dense_nvfp4,0.004884087268964945,0.06988624520579816,0.138671875
83,model.layers.11.mlp.up_proj,11,layers_08_15,up_proj,mlp,4096,11008,45088768,-1.1734286999853794e-06,0.01813952624797821,0.01442842185497284,0.423828125,1.2708264875982422e-05,1.1587944030761719,1.4684792757034302,1.9026204347610474,1.9517015218734741,0.0019045217868551845,0.2295638973128158,0.17650876753032207,6.625,0.6864239126443863,sparse_bf16,0.06294519388529933,0.2508888078119455,0.65625
83,model.layers.11.mlp.up_proj,11,layers_08_15,up_proj,mlp,4096,11008,45088768,-1.1734286999853794e-06,0.01813952624797821,0.01442842185497284,0.423828125,1.2708264875982422e-05,1.1587944030761719,1.4684792757034302,1.9026204347610474,1.9517015218734741,0.0019045217868551845,0.2295638973128158,0.17650876753032207,6.625,0.6864239126443863,sparse_nvfp4,0.12297574195550842,0.35067897278780263,0.921875
84,model.layers.11.mlp.down_proj,11,layers_08_15,down_proj,mlp,11008,4096,45088768,-2.583082732598996e-06,0.01793530024588108,0.014260189607739449,0.765625,3.382216891623102e-05,1.8792016506195068,6.367800235748291,1.146073818206787,1.4722204208374023,-1.2861921319664932e-05,0.059512443455889186,0.03532286629427311,9.0625,0.0915046958036201,dense_nvfp4,0.006718093869623837,0.08196397909828339,0.140625
84,model.layers.11.mlp.down_proj,11,layers_08_15,down_proj,mlp,11008,4096,45088768,-2.583082732598996e-06,0.01793530024588108,0.014260189607739449,0.765625,3.382216891623102e-05,1.8792016506195068,6.367800235748291,1.146073818206787,1.4722204208374023,-1.2861921319664932e-05,0.059512443455889186,0.03532286629427311,9.0625,0.0915046958036201,sparse_bf16,0.08503017280333613,0.2915993360817821,0.5
84,model.layers.11.mlp.down_proj,11,layers_08_15,down_proj,mlp,11008,4096,45088768,-2.583082732598996e-06,0.01793530024588108,0.014260189607739449,0.765625,3.382216891623102e-05,1.8792016506195068,6.367800235748291,1.146073818206787,1.4722204208374023,-1.2861921319664932e-05,0.059512443455889186,0.03532286629427311,9.0625,0.0915046958036201,sparse_nvfp4,0.16147976806389613,0.4018454529590899,0.9609375
85,model.layers.12.self_attn.q_proj,12,layers_08_15,q_proj,attention,4096,4096,16777216,8.65713047915051e-07,0.024359170347452164,0.01862308755517006,0.5234375,0.0003668665885925293,1.4970394372940063,3.231821060180664,1.5581380128860474,3.7370800971984863,0.0042837959226744715,0.42670014007328205,0.2863539829850197,28.0,0.7399215549230576,dense_nvfp4,0.0016143771568819798,0.04017931254864846,0.4921875
85,model.layers.12.self_attn.q_proj,12,layers_08_15,q_proj,attention,4096,4096,16777216,8.65713047915051e-07,0.024359170347452164,0.01862308755517006,0.5234375,0.0003668665885925293,1.4970394372940063,3.231821060180664,1.5581380128860474,3.7370800971984863,0.0042837959226744715,0.42670014007328205,0.2863539829850197,28.0,0.7399215549230576,sparse_bf16,0.017652157033638927,0.1328614204110393,1.74609375
85,model.layers.12.self_attn.q_proj,12,layers_08_15,q_proj,attention,4096,4096,16777216,8.65713047915051e-07,0.024359170347452164,0.01862308755517006,0.5234375,0.0003668665885925293,1.4970394372940063,3.231821060180664,1.5581380128860474,3.7370800971984863,0.0042837959226744715,0.42670014007328205,0.2863539829850197,28.0,0.7399215549230576,sparse_nvfp4,0.03548564168609638,0.18837632995176537,2.4296875
86,model.layers.12.self_attn.k_proj,12,layers_08_15,k_proj,attention,4096,4096,16777216,3.187414449712378e-06,0.025114405900239944,0.01905214786529541,0.298828125,0.0003739595413208008,1.531663417816162,2.9750146865844727,1.6062158346176147,2.344308853149414,0.0042837959226744715,0.42670014007328205,0.2863539829850197,28.0,0.7333801537752151,dense_nvfp4,0.0011868107887790702,0.03445012030137297,0.5
86,model.layers.12.self_attn.k_proj,12,layers_08_15,k_proj,attention,4096,4096,16777216,3.187414449712378e-06,0.025114405900239944,0.01905214786529541,0.298828125,0.0003739595413208008,1.531663417816162,2.9750146865844727,1.6062158346176147,2.344308853149414,0.0042837959226744715,0.42670014007328205,0.2863539829850197,28.0,0.7333801537752151,sparse_bf16,0.012466565826281275,0.11165377658763395,1.53125
86,model.layers.12.self_attn.k_proj,12,layers_08_15,k_proj,attention,4096,4096,16777216,3.187414449712378e-06,0.025114405900239944,0.01905214786529541,0.298828125,0.0003739595413208008,1.531663417816162,2.9750146865844727,1.6062158346176147,2.344308853149414,0.0042837959226744715,0.42670014007328205,0.2863539829850197,28.0,0.7333801537752151,sparse_nvfp4,0.025352625875377906,0.15922507929147942,2.21484375
87,model.layers.12.self_attn.v_proj,12,layers_08_15,v_proj,attention,4096,4096,16777216,-7.422395356115885e-07,0.014782287180423737,0.011668895371258259,0.251953125,4.1365623474121094e-05,0.9388904571533203,1.228502869606018,0.9437106251716614,2.4365992546081543,0.0042837959226744715,0.42670014007328205,0.2863539829850197,28.0,0.8330400884151459,dense_nvfp4,0.005460486667955777,0.073895105845758,0.208984375
87,model.layers.12.self_attn.v_proj,12,layers_08_15,v_proj,attention,4096,4096,16777216,-7.422395356115885e-07,0.014782287180423737,0.011668895371258259,0.251953125,4.1365623474121094e-05,0.9388904571533203,1.228502869606018,0.9437106251716614,2.4365992546081543,0.0042837959226744715,0.42670014007328205,0.2863539829850197,28.0,0.8330400884151459,sparse_bf16,0.0630045020013722,0.2510069760014096,0.7265625
87,model.layers.12.self_attn.v_proj,12,layers_08_15,v_proj,attention,4096,4096,16777216,-7.422395356115885e-07,0.014782287180423737,0.011668895371258259,0.251953125,4.1365623474121094e-05,0.9388904571533203,1.228502869606018,0.9437106251716614,2.4365992546081543,0.0042837959226744715,0.42670014007328205,0.2863539829850197,28.0,0.8330400884151459,sparse_nvfp4,0.12296983753400736,0.35067055413023684,0.9765625
88,model.layers.12.self_attn.o_proj,12,layers_08_15,o_proj,attention,4096,4096,16777216,-3.2192606340686325e-06,0.014656329527497292,0.011588705703616142,0.51953125,7.05718994140625e-05,0.9359126687049866,4.5703043937683105,0.9321058392524719,1.232336163520813,0.00032709294856658744,0.10494128300678128,0.064387978753075,2.671875,0.3003389537334442,dense_nvfp4,0.00786567144722285,0.08868862073131395,0.3125
88,model.layers.12.self_attn.o_proj,12,layers_08_15,o_proj,attention,4096,4096,16777216,-3.2192606340686325e-06,0.014656329527497292,0.011588705703616142,0.51953125,7.05718994140625e-05,0.9359126687049866,4.5703043937683105,0.9321058392524719,1.232336163520813,0.00032709294856658744,0.10494128300678128,0.064387978753075,2.671875,0.3003389537334442,sparse_bf16,0.08231008698912255,0.28689734573384007,1.0087890625
88,model.layers.12.self_attn.o_proj,12,layers_08_15,o_proj,attention,4096,4096,16777216,-3.2192606340686325e-06,0.014656329527497292,0.011588705703616142,0.51953125,7.05718994140625e-05,0.9359126687049866,4.5703043937683105,0.9321058392524719,1.232336163520813,0.00032709294856658744,0.10494128300678128,0.064387978753075,2.671875,0.3003389537334442,sparse_nvfp4,0.1588844652595147,0.3986031425610123,1.20703125
89,model.layers.12.mlp.gate_proj,12,layers_08_15,gate_proj,mlp,4096,11008,45088768,-2.7142865292262286e-05,0.019077392295002937,0.01502773817628622,0.35546875,0.00019415034330449998,1.2060967683792114,3.7395567893981934,2.0014514923095703,2.401092767715454,0.0014651908504674793,0.23614420198368932,0.1820074012503028,8.125,0.6844276487827301,dense_nvfp4,0.0027799579420495118,0.052725306467099,0.330078125
89,model.layers.12.mlp.gate_proj,12,layers_08_15,gate_proj,mlp,4096,11008,45088768,-2.7142865292262286e-05,0.019077392295002937,0.01502773817628622,0.35546875,0.00019415034330449998,1.2060967683792114,3.7395567893981934,2.0014514923095703,2.401092767715454,0.0014651908504674793,0.23614420198368932,0.1820074012503028,8.125,0.6844276487827301,sparse_bf16,0.03543716996526256,0.18824762937488101,1.4375
89,model.layers.12.mlp.gate_proj,12,layers_08_15,gate_proj,mlp,4096,11008,45088768,-2.7142865292262286e-05,0.019077392295002937,0.01502773817628622,0.35546875,0.00019415034330449998,1.2060967683792114,3.7395567893981934,2.0014514923095703,2.401092767715454,0.0014651908504674793,0.23614420198368932,0.1820074012503028,8.125,0.6844276487827301,sparse_nvfp4,0.07097254074498804,0.26640672053269987,2.125
90,model.layers.12.mlp.up_proj,12,layers_08_15,up_proj,mlp,4096,11008,45088768,-2.504886197129963e-06,0.018304727971553802,0.014562737196683884,0.24609375,1.031298961606808e-05,1.169297456741333,1.5023196935653687,1.9199540615081787,1.9712214469909668,0.0014651908504674793,0.23614420198368932,0.1820074012503028,8.125,0.6938981711864471,dense_nvfp4,0.004934266141115305,0.07024433173655584,0.150634765625
90,model.layers.12.mlp.up_proj,12,layers_08_15,up_proj,mlp,4096,11008,45088768,-2.504886197129963e-06,0.018304727971553802,0.014562737196683884,0.24609375,1.031298961606808e-05,1.169297456741333,1.5023196935653687,1.9199540615081787,1.9712214469909668,0.0014651908504674793,0.23614420198368932,0.1820074012503028,8.125,0.6938981711864471,sparse_bf16,0.06350948425210785,0.2520108812176725,0.640625
90,model.layers.12.mlp.up_proj,12,layers_08_15,up_proj,mlp,4096,11008,45088768,-2.504886197129963e-06,0.018304727971553802,0.014562737196683884,0.24609375,1.031298961606808e-05,1.169297456741333,1.5023196935653687,1.9199540615081787,1.9712214469909668,0.0014651908504674793,0.23614420198368932,0.1820074012503028,8.125,0.6938981711864471,sparse_nvfp4,0.12340059776169521,0.35128421222949263,0.953125
91,model.layers.12.mlp.down_proj,12,layers_08_15,down_proj,mlp,11008,4096,45088768,-1.1765653198381187e-06,0.018085666000843048,0.014382700435817242,0.6484375,2.949736881419085e-05,1.8952558040618896,5.782737731933594,1.1555105447769165,1.630210518836975,-1.4110262274571565e-05,0.06317803764879547,0.037149599818296214,7.96875,0.10046400025833485,dense_nvfp4,0.006774900579804454,0.082309784228878,0.16015625
91,model.layers.12.mlp.down_proj,12,layers_08_15,down_proj,mlp,11008,4096,45088768,-1.1765653198381187e-06,0.018085666000843048,0.014382700435817242,0.6484375,2.949736881419085e-05,1.8952558040618896,5.782737731933594,1.1555105447769165,1.630210518836975,-1.4110262274571565e-05,0.06317803764879547,0.037149599818296214,7.96875,0.10046400025833485,sparse_bf16,0.08632889379404943,0.29381779012518866,0.4765625
91,model.layers.12.mlp.down_proj,12,layers_08_15,down_proj,mlp,11008,4096,45088768,-1.1765653198381187e-06,0.018085666000843048,0.014382700435817242,0.6484375,2.949736881419085e-05,1.8952558040618896,5.782737731933594,1.1555105447769165,1.630210518836975,-1.4110262274571565e-05,0.06317803764879547,0.037149599818296214,7.96875,0.10046400025833485,sparse_nvfp4,0.16316505835944842,0.40393694849499523,0.6875
92,model.layers.13.self_attn.q_proj,13,layers_08_15,q_proj,attention,4096,4096,16777216,8.50299602461746e-06,0.024126699194312096,0.01847551390528679,0.6796875,0.0003447532653808594,1.485295057296753,3.005904197692871,1.5429821014404297,4.39333438873291,0.00363486787682632,0.424992174056166,0.29160319920629263,23.5,0.7464908510446548,dense_nvfp4,0.001632514350263188,0.04040438528505524,0.5
92,model.layers.13.self_attn.q_proj,13,layers_08_15,q_proj,attention,4096,4096,16777216,8.50299602461746e-06,0.024126699194312096,0.01847551390528679,0.6796875,0.0003447532653808594,1.485295057296753,3.005904197692871,1.5429821014404297,4.39333438873291,0.00363486787682632,0.424992174056166,0.29160319920629263,23.5,0.7464908510446548,sparse_bf16,0.018135050944929756,0.13466644327719418,1.75
92,model.layers.13.self_attn.q_proj,13,layers_08_15,q_proj,attention,4096,4096,16777216,8.50299602461746e-06,0.024126699194312096,0.01847551390528679,0.6796875,0.0003447532653808594,1.485295057296753,3.005904197692871,1.5429821014404297,4.39333438873291,0.00363486787682632,0.424992174056166,0.29160319920629263,23.5,0.7464908510446548,sparse_nvfp4,0.036152610776791154,0.19013839900659507,2.46875
93,model.layers.13.self_attn.k_proj,13,layers_08_15,k_proj,attention,4096,4096,16777216,-1.1809254374384182e-07,0.024564510211348534,0.018711557611823082,0.30078125,0.0004038214683532715,1.5041463375091553,3.016115665435791,1.5710793733596802,2.3983376026153564,0.00363486787682632,0.424992174056166,0.29160319920629263,23.5,0.7445238381624222,dense_nvfp4,0.0012017207162032008,0.03466584365341771,0.515625
93,model.layers.13.self_attn.k_proj,13,layers_08_15,k_proj,attention,4096,4096,16777216,-1.1809254374384182e-07,0.024564510211348534,0.018711557611823082,0.30078125,0.0004038214683532715,1.5041463375091553,3.016115665435791,1.5710793733596802,2.3983376026153564,0.00363486787682632,0.424992174056166,0.29160319920629263,23.5,0.7445238381624222,sparse_bf16,0.012931334693762222,0.11371602654754616,1.720703125
93,model.layers.13.self_attn.k_proj,13,layers_08_15,k_proj,attention,4096,4096,16777216,-1.1809254374384182e-07,0.024564510211348534,0.018711557611823082,0.30078125,0.0004038214683532715,1.5041463375091553,3.016115665435791,1.5710793733596802,2.3983376026153564,0.00363486787682632,0.424992174056166,0.29160319920629263,23.5,0.7445238381624222,sparse_nvfp4,0.026010367498873237,0.16127730001110893,2.515625
94,model.layers.13.self_attn.v_proj,13,layers_08_15,v_proj,attention,4096,4096,16777216,-6.353847311402205e-06,0.015322099439799786,0.012106561101973057,0.2294921875,2.777576446533203e-05,0.9737359881401062,1.2964279651641846,0.9785707592964172,1.923476219177246,0.00363486787682632,0.424992174056166,0.29160319920629263,23.5,0.831242099404335,dense_nvfp4,0.005995362319885621,0.0774297250407466,0.203125
94,model.layers.13.self_attn.v_proj,13,layers_08_15,v_proj,attention,4096,4096,16777216,-6.353847311402205e-06,0.015322099439799786,0.012106561101973057,0.2294921875,2.777576446533203e-05,0.9737359881401062,1.2964279651641846,0.9785707592964172,1.923476219177246,0.00363486787682632,0.424992174056166,0.29160319920629263,23.5,0.831242099404335,sparse_bf16,0.07029382873325819,0.26512983372917165,0.796875
94,model.layers.13.self_attn.v_proj,13,layers_08_15,v_proj,attention,4096,4096,16777216,-6.353847311402205e-06,0.015322099439799786,0.012106561101973057,0.2294921875,2.777576446533203e-05,0.9737359881401062,1.2964279651641846,0.9785707592964172,1.923476219177246,0.00363486787682632,0.424992174056166,0.29160319920629263,23.5,0.831242099404335,sparse_nvfp4,0.13566770992399213,0.3683309787731574,1.109375
95,model.layers.13.self_attn.o_proj,13,layers_08_15,o_proj,attention,4096,4096,16777216,2.8317376745690126e-06,0.015171626582741737,0.012000780552625656,0.5078125,7.325410842895508e-05,0.9688215851783752,4.744053363800049,0.9653710722923279,1.282198190689087,-2.8746321959260968e-05,0.10881833938601848,0.06574587873183191,3.546875,0.29238981008529663,dense_nvfp4,0.00741096256813998,0.08608694772228818,0.271484375
95,model.layers.13.self_attn.o_proj,13,layers_08_15,o_proj,attention,4096,4096,16777216,2.8317376745690126e-06,0.015171626582741737,0.012000780552625656,0.5078125,7.325410842895508e-05,0.9688215851783752,4.744053363800049,0.9653710722923279,1.282198190689087,-2.8746321959260968e-05,0.10881833938601848,0.06574587873183191,3.546875,0.29238981008529663,sparse_bf16,0.07623188567952237,0.27610122361105605,0.9921875
95,model.layers.13.self_attn.o_proj,13,layers_08_15,o_proj,attention,4096,4096,16777216,2.8317376745690126e-06,0.015171626582741737,0.012000780552625656,0.5078125,7.325410842895508e-05,0.9688215851783752,4.744053363800049,0.9653710722923279,1.282198190689087,-2.8746321959260968e-05,0.10881833938601848,0.06574587873183191,3.546875,0.29238981008529663,sparse_nvfp4,0.15021031829067483,0.38756975925718823,1.5390625
96,model.layers.13.mlp.gate_proj,13,layers_08_15,gate_proj,mlp,4096,11008,45088768,-2.2075177184888162e-05,0.01900838129222393,0.014972241595387459,0.3671875,0.00017911333998199552,1.2017334699630737,3.433061361312866,1.9942092895507812,2.374998092651367,0.001486442843088298,0.24337191115883913,0.18742965208366513,9.8125,0.6942944973707199,dense_nvfp4,0.0026855982874199177,0.051822758392620495,0.3125
96,model.layers.13.mlp.gate_proj,13,layers_08_15,gate_proj,mlp,4096,11008,45088768,-2.2075177184888162e-05,0.01900838129222393,0.014972241595387459,0.3671875,0.00017911333998199552,1.2017334699630737,3.433061361312866,1.9942092895507812,2.374998092651367,0.001486442843088298,0.24337191115883913,0.18742965208366513,9.8125,0.6942944973707199,sparse_bf16,0.0337060918734117,0.1835921890315917,1.18359375
96,model.layers.13.mlp.gate_proj,13,layers_08_15,gate_proj,mlp,4096,11008,45088768,-2.2075177184888162e-05,0.01900838129222393,0.014972241595387459,0.3671875,0.00017911333998199552,1.2017334699630737,3.433061361312866,1.9942092895507812,2.374998092651367,0.001486442843088298,0.24337191115883913,0.18742965208366513,9.8125,0.6942944973707199,sparse_nvfp4,0.06746181337218299,0.2597341205390293,1.71875
97,model.layers.13.mlp.up_proj,13,layers_08_15,up_proj,mlp,4096,11008,45088768,2.0065494936716277e-06,0.01849115639925003,0.014706345275044441,0.431640625,1.1488448762975167e-05,1.1808842420578003,1.6222394704818726,1.93952214717865,1.989261269569397,0.001486442843088298,0.24337191115883913,0.18742965208366513,9.8125,0.6987196356058121,dense_nvfp4,0.004835336377999242,0.06953658301929454,0.1611328125
97,model.layers.13.mlp.up_proj,13,layers_08_15,up_proj,mlp,4096,11008,45088768,2.0065494936716277e-06,0.01849115639925003,0.014706345275044441,0.431640625,1.1488448762975167e-05,1.1808842420578003,1.6222394704818726,1.93952214717865,1.989261269569397,0.001486442843088298,0.24337191115883913,0.18742965208366513,9.8125,0.6987196356058121,sparse_bf16,0.06131812451801792,0.24762496747706586,0.63671875
97,model.layers.13.mlp.up_proj,13,layers_08_15,up_proj,mlp,4096,11008,45088768,2.0065494936716277e-06,0.01849115639925003,0.014706345275044441,0.431640625,1.1488448762975167e-05,1.1808842420578003,1.6222394704818726,1.93952214717865,1.989261269569397,0.001486442843088298,0.24337191115883913,0.18742965208366513,9.8125,0.6987196356058121,sparse_nvfp4,0.11914320418930958,0.3451712679081351,1.09375
98,model.layers.13.mlp.down_proj,13,layers_08_15,down_proj,mlp,11008,4096,45088768,-1.0568447095238298e-07,0.018229808658361435,0.014496325515210629,1.0703125,2.426324863336049e-05,1.9109523296356201,5.342557907104492,1.1644843816757202,1.7718967199325562,-0.00021543891167777137,0.0696324473974928,0.040205908895925034,10.9375,0.11367638721022495,dense_nvfp4,0.006793762583115055,0.08242428394056606,0.15625
98,model.layers.13.mlp.down_proj,13,layers_08_15,down_proj,mlp,11008,4096,45088768,-1.0568447095238298e-07,0.018229808658361435,0.014496325515210629,1.0703125,2.426324863336049e-05,1.9109523296356201,5.342557907104492,1.1644843816757202,1.7718967199325562,-0.00021543891167777137,0.0696324473974928,0.040205908895925034,10.9375,0.11367638721022495,sparse_bf16,0.08353427089941302,0.289022959121612,0.515625
98,model.layers.13.mlp.down_proj,13,layers_08_15,down_proj,mlp,11008,4096,45088768,-1.0568447095238298e-07,0.018229808658361435,0.014496325515210629,1.0703125,2.426324863336049e-05,1.9109523296356201,5.342557907104492,1.1644843816757202,1.7718967199325562,-0.00021543891167777137,0.0696324473974928,0.040205908895925034,10.9375,0.11367638721022495,sparse_nvfp4,0.15762513312857793,0.3970203182817951,0.703125
99,model.layers.14.self_attn.q_proj,14,layers_08_15,q_proj,attention,4096,4096,16777216,-5.952071205683751e-06,0.024065129458904266,0.018410902470350266,0.5703125,0.0003247261047363281,1.4793342351913452,3.0155084133148193,1.539198875427246,3.8659887313842773,0.004150016437051818,0.43452340669583744,0.2970253173261881,24.25,0.7512454241514206,dense_nvfp4,0.0016795038165553686,0.040981749798603875,0.484375
99,model.layers.14.self_attn.q_proj,14,layers_08_15,q_proj,attention,4096,4096,16777216,-5.952071205683751e-06,0.024065129458904266,0.018410902470350266,0.5703125,0.0003247261047363281,1.4793342351913452,3.0155084133148193,1.539198875427246,3.8659887313842773,0.004150016437051818,0.43452340669583744,0.2970253173261881,24.25,0.7512454241514206,sparse_bf16,0.01864420784857978,0.13654379461762362,1.83203125
99,model.layers.14.self_attn.q_proj,14,layers_08_15,q_proj,attention,4096,4096,16777216,-5.952071205683751e-06,0.024065129458904266,0.018410902470350266,0.5703125,0.0003247261047363281,1.4793342351913452,3.0155084133148193,1.539198875427246,3.8659887313842773,0.004150016437051818,0.43452340669583744,0.2970253173261881,24.25,0.7512454241514206,sparse_nvfp4,0.03723445852934511,0.1929623241188422,2.34765625
100,model.layers.14.self_attn.k_proj,14,layers_08_15,k_proj,attention,4096,4096,16777216,-6.104573458287632e-06,0.024530837312340736,0.01865288056433201,0.314453125,0.0003870725631713867,1.4996384382247925,2.993335723876953,1.5684033632278442,2.500138759613037,0.004150016437051818,0.43452340669583744,0.2970253173261881,24.25,0.7482869923114777,dense_nvfp4,0.0011730998749007063,0.0342505456146425,0.485107421875
100,model.layers.14.self_attn.k_proj,14,layers_08_15,k_proj,attention,4096,4096,16777216,-6.104573458287632e-06,0.024530837312340736,0.01865288056433201,0.314453125,0.0003870725631713867,1.4996384382247925,2.993335723876953,1.5684033632278442,2.500138759613037,0.004150016437051818,0.43452340669583744,0.2970253173261881,24.25,0.7482869923114777,sparse_bf16,0.012376812076648563,0.11125112168714778,1.80078125
100,model.layers.14.self_attn.k_proj,14,layers_08_15,k_proj,attention,4096,4096,16777216,-6.104573458287632e-06,0.024530837312340736,0.01865288056433201,0.314453125,0.0003870725631713867,1.4996384382247925,2.993335723876953,1.5684033632278442,2.500138759613037,0.004150016437051818,0.43452340669583744,0.2970253173261881,24.25,0.7482869923114777,sparse_nvfp4,0.025093748972641203,0.1584100658816895,2.375
101,model.layers.14.self_attn.v_proj,14,layers_08_15,v_proj,attention,4096,4096,16777216,-2.3598440748173743e-06,0.015040785074234009,0.011901442892849445,0.333984375,2.4378299713134766e-05,0.9572644233703613,1.1914684772491455,0.9604811668395996,2.0687286853790283,0.004150016437051818,0.43452340669583744,0.2970253173261881,24.25,0.8359425365924835,dense_nvfp4,0.006041305195034545,0.07772583351135287,0.201171875
101,model.layers.14.self_attn.v_proj,14,layers_08_15,v_proj,attention,4096,4096,16777216,-2.3598440748173743e-06,0.015040785074234009,0.011901442892849445,0.333984375,2.4378299713134766e-05,0.9572644233703613,1.1914684772491455,0.9604811668395996,2.0687286853790283,0.004150016437051818,0.43452340669583744,0.2970253173261881,24.25,0.8359425365924835,sparse_bf16,0.06965814389075575,0.26392829308498883,0.7421875
101,model.layers.14.self_attn.v_proj,14,layers_08_15,v_proj,attention,4096,4096,16777216,-2.3598440748173743e-06,0.015040785074234009,0.011901442892849445,0.333984375,2.4378299713134766e-05,0.9572644233703613,1.1914684772491455,0.9604811668395996,2.0687286853790283,0.004150016437051818,0.43452340669583744,0.2970253173261881,24.25,0.8359425365924835,sparse_nvfp4,0.13454066801118517,0.3667978571518448,1.0283203125
102,model.layers.14.self_attn.o_proj,14,layers_08_15,o_proj,attention,4096,4096,16777216,2.2858503143652342e-06,0.014871800318360329,0.011788766831159592,0.59765625,5.233287811279297e-05,0.9500353932380676,4.2219157218933105,0.947794497013092,1.1635926961898804,0.00015610696004841884,0.1161176469192062,0.07157123112119734,2.9375,0.32844682037830353,dense_nvfp4,0.008335252345944514,0.09129760317743568,0.234375
102,model.layers.14.self_attn.o_proj,14,layers_08_15,o_proj,attention,4096,4096,16777216,2.2858503143652342e-06,0.014871800318360329,0.011788766831159592,0.59765625,5.233287811279297e-05,0.9500353932380676,4.2219157218933105,0.947794497013092,1.1635926961898804,0.00015610696004841884,0.1161176469192062,0.07157123112119734,2.9375,0.32844682037830353,sparse_bf16,0.08743153857730926,0.2956882455852942,1.033203125
102,model.layers.14.self_attn.o_proj,14,layers_08_15,o_proj,attention,4096,4096,16777216,2.2858503143652342e-06,0.014871800318360329,0.011788766831159592,0.59765625,5.233287811279297e-05,0.9500353932380676,4.2219157218933105,0.947794497013092,1.1635926961898804,0.00015610696004841884,0.1161176469192062,0.07157123112119734,2.9375,0.32844682037830353,sparse_nvfp4,0.16885614268007795,0.410921090575889,1.25
103,model.layers.14.mlp.gate_proj,14,layers_08_15,gate_proj,mlp,4096,11008,45088768,-3.474890399957076e-05,0.01896911859512329,0.014954286627471447,0.341796875,0.0002076348609989509,1.1999609470367432,3.5891001224517822,1.9901070594787598,2.3564183712005615,0.001293765263426394,0.2529117960203792,0.19570004055276513,8.625,0.706674799323082,dense_nvfp4,0.0027682157966230463,0.0526138365510732,0.328125
103,model.layers.14.mlp.gate_proj,14,layers_08_15,gate_proj,mlp,4096,11008,45088768,-3.474890399957076e-05,0.01896911859512329,0.014954286627471447,0.341796875,0.0002076348609989509,1.1999609470367432,3.5891001224517822,1.9901070594787598,2.3564183712005615,0.001293765263426394,0.2529117960203792,0.19570004055276513,8.625,0.706674799323082,sparse_bf16,0.03512279558903728,0.1874107670040259,1.3515625
103,model.layers.14.mlp.gate_proj,14,layers_08_15,gate_proj,mlp,4096,11008,45088768,-3.474890399957076e-05,0.01896911859512329,0.014954286627471447,0.341796875,0.0002076348609989509,1.1999609470367432,3.5891001224517822,1.9901070594787598,2.3564183712005615,0.001293765263426394,0.2529117960203792,0.19570004055276513,8.625,0.706674799323082,sparse_nvfp4,0.06976600383595404,0.26413254974719425,1.96875
104,model.layers.14.mlp.up_proj,14,layers_08_15,up_proj,mlp,4096,11008,45088768,1.5955801018208149e-06,0.01851116679608822,0.014726758934557438,0.4765625,9.381494237459265e-06,1.1823428869247437,1.808320164680481,1.9416574239730835,1.9885945320129395,0.001293765263426394,0.2529117960203792,0.19570004055276513,8.625,0.7109869122505188,dense_nvfp4,0.004878259774708888,0.069844540049376,0.17254638671875
104,model.layers.14.mlp.up_proj,14,layers_08_15,up_proj,mlp,4096,11008,45088768,1.5955801018208149e-06,0.01851116679608822,0.014726758934557438,0.4765625,9.381494237459265e-06,1.1823428869247437,1.808320164680481,1.9416574239730835,1.9885945320129395,0.001293765263426394,0.2529117960203792,0.19570004055276513,8.625,0.7109869122505188,sparse_bf16,0.06223773433960604,0.2494749172554348,0.7421875
104,model.layers.14.mlp.up_proj,14,layers_08_15,up_proj,mlp,4096,11008,45088768,1.5955801018208149e-06,0.01851116679608822,0.014726758934557438,0.4765625,9.381494237459265e-06,1.1823428869247437,1.808320164680481,1.9416574239730835,1.9885945320129395,0.001293765263426394,0.2529117960203792,0.19570004055276513,8.625,0.7109869122505188,sparse_nvfp4,0.12052154980988308,0.3471621376387164,1.046875
105,model.layers.14.mlp.down_proj,14,layers_08_15,down_proj,mlp,11008,4096,45088768,-9.844573867212603e-08,0.018248021602630615,0.014516365714371204,0.66015625,2.515038795536384e-05,1.9129133224487305,5.354634761810303,1.1658592224121094,1.7078276872634888,-1.2129795555496416e-05,0.07569840290000951,0.0426906012865,10.3125,0.1271798056225444,dense_nvfp4,0.006933201863718705,0.0832658505254027,0.21875
105,model.layers.14.mlp.down_proj,14,layers_08_15,down_proj,mlp,11008,4096,45088768,-9.844573867212603e-08,0.018248021602630615,0.014516365714371204,0.66015625,2.515038795536384e-05,1.9129133224487305,5.354634761810303,1.1658592224121094,1.7078276872634888,-1.2129795555496416e-05,0.07569840290000951,0.0426906012865,10.3125,0.1271798056225444,sparse_bf16,0.08430118137244806,0.29034665724345454,0.4921875
105,model.layers.14.mlp.down_proj,14,layers_08_15,down_proj,mlp,11008,4096,45088768,-9.844573867212603e-08,0.018248021602630615,0.014516365714371204,0.66015625,2.515038795536384e-05,1.9129133224487305,5.354634761810303,1.1658592224121094,1.7078276872634888,-1.2129795555496416e-05,0.07569840290000951,0.0426906012865,10.3125,0.1271798056225444,sparse_nvfp4,0.15882212357340555,0.39852493469468825,0.70751953125
106,model.layers.15.self_attn.q_proj,15,layers_08_15,q_proj,attention,4096,4096,16777216,4.955855729349423e-06,0.023770736530423164,0.018298152834177017,0.58203125,0.000250399112701416,1.4713935852050781,3.03958797454834,1.5198742151260376,4.277390480041504,0.003956256274250336,0.4317286257471344,0.2921126140281558,22.875,0.7492463439702988,dense_nvfp4,0.001516258254037201,0.03893916093134521,0.46875
106,model.layers.15.self_attn.q_proj,15,layers_08_15,q_proj,attention,4096,4096,16777216,4.955855729349423e-06,0.023770736530423164,0.018298152834177017,0.58203125,0.000250399112701416,1.4713935852050781,3.03958797454834,1.5198742151260376,4.277390480041504,0.003956256274250336,0.4317286257471344,0.2921126140281558,22.875,0.7492463439702988,sparse_bf16,0.016483141229903162,0.12838668634209374,1.7578125
106,model.layers.15.self_attn.q_proj,15,layers_08_15,q_proj,attention,4096,4096,16777216,4.955855729349423e-06,0.023770736530423164,0.018298152834177017,0.58203125,0.000250399112701416,1.4713935852050781,3.03958797454834,1.5198742151260376,4.277390480041504,0.003956256274250336,0.4317286257471344,0.2921126140281558,22.875,0.7492463439702988,sparse_nvfp4,0.032791705416942096,0.18108480172820163,2.18603515625
107,model.layers.15.self_attn.k_proj,15,layers_08_15,k_proj,attention,4096,4096,16777216,3.1485440104006557e-06,0.024592893198132515,0.018795622512698174,0.259765625,0.0003101825714111328,1.5106956958770752,2.80645751953125,1.5729082822799683,2.492077589035034,0.003956256274250336,0.4317286257471344,0.2921126140281558,22.875,0.7428282797336578,dense_nvfp4,0.0011556967348868566,0.03399553992639118,0.484375
107,model.layers.15.self_attn.k_proj,15,layers_08_15,k_proj,attention,4096,4096,16777216,3.1485440104006557e-06,0.024592893198132515,0.018795622512698174,0.259765625,0.0003101825714111328,1.5106956958770752,2.80645751953125,1.5729082822799683,2.492077589035034,0.003956256274250336,0.4317286257471344,0.2921126140281558,22.875,0.7428282797336578,sparse_bf16,0.01201961561946434,0.10963400758644345,1.6171875
107,model.layers.15.self_attn.k_proj,15,layers_08_15,k_proj,attention,4096,4096,16777216,3.1485440104006557e-06,0.024592893198132515,0.018795622512698174,0.259765625,0.0003101825714111328,1.5106956958770752,2.80645751953125,1.5729082822799683,2.492077589035034,0.003956256274250336,0.4317286257471344,0.2921126140281558,22.875,0.7428282797336578,sparse_nvfp4,0.02442839728492901,0.15629586458038167,2.3125
108,model.layers.15.self_attn.v_proj,15,layers_08_15,v_proj,attention,4096,4096,16777216,1.317732426286966e-06,0.0156391691416502,0.0123849892988801,0.2265625,1.722574234008789e-05,0.9961996078491211,1.201045274734497,0.9988381862640381,1.90621018409729,0.003956256274250336,0.4317286257471344,0.2921126140281558,22.875,0.8264837116003036,dense_nvfp4,0.005966188458160974,0.07724110601332022,0.20703125
108,model.layers.15.self_attn.v_proj,15,layers_08_15,v_proj,attention,4096,4096,16777216,1.317732426286966e-06,0.0156391691416502,0.0123849892988801,0.2265625,1.722574234008789e-05,0.9961996078491211,1.201045274734497,0.9988381862640381,1.90621018409729,0.003956256274250336,0.4317286257471344,0.2921126140281558,22.875,0.8264837116003036,sparse_bf16,0.06774156644219433,0.2602721007756965,0.7314453125
108,model.layers.15.self_attn.v_proj,15,layers_08_15,v_proj,attention,4096,4096,16777216,1.317732426286966e-06,0.0156391691416502,0.0123849892988801,0.2265625,1.722574234008789e-05,0.9961996078491211,1.201045274734497,0.9988381862640381,1.90621018409729,0.003956256274250336,0.4317286257471344,0.2921126140281558,22.875,0.8264837116003036,sparse_nvfp4,0.13056717455316738,0.36134080111878786,1.05078125
109,model.layers.15.self_attn.o_proj,15,layers_08_15,o_proj,attention,4096,4096,16777216,-1.501251745139598e-06,0.015435057692229748,0.01222903747111559,0.48828125,7.748603820800781e-05,0.9862602353096008,4.2685322761535645,0.9837490320205688,1.2186247110366821,-0.00029381081856172386,0.1181341221388732,0.07170731434598565,3.359375,0.31333354115486145,dense_nvfp4,0.007297740684108152,0.08542681478381452,0.2890625
109,model.layers.15.self_attn.o_proj,15,layers_08_15,o_proj,attention,4096,4096,16777216,-1.501251745139598e-06,0.015435057692229748,0.01222903747111559,0.48828125,7.748603820800781e-05,0.9862602353096008,4.2685322761535645,0.9837490320205688,1.2186247110366821,-0.00029381081856172386,0.1181341221388732,0.07170731434598565,3.359375,0.31333354115486145,sparse_bf16,0.07979609753906718,0.28248203047108533,1.0390625
109,model.layers.15.self_attn.o_proj,15,layers_08_15,o_proj,attention,4096,4096,16777216,-1.501251745139598e-06,0.015435057692229748,0.01222903747111559,0.48828125,7.748603820800781e-05,0.9862602353096008,4.2685322761535645,0.9837490320205688,1.2186247110366821,-0.00029381081856172386,0.1181341221388732,0.07170731434598565,3.359375,0.31333354115486145,sparse_nvfp4,0.15371370833509587,0.39206339836191784,1.402099609375
110,model.layers.15.mlp.gate_proj,15,layers_08_15,gate_proj,mlp,4096,11008,45088768,-2.604762266855687e-05,0.01907026208937168,0.015023844316601753,0.431640625,0.0001943499519256875,1.2056442499160767,3.2556111812591553,2.0007405281066895,2.259517192840576,0.001472028780654,0.2641667337751867,0.20423322217538953,9.875,0.7166656404733658,dense_nvfp4,0.0027822284852357508,0.05274683388826054,0.3359375
110,model.layers.15.mlp.gate_proj,15,layers_08_15,gate_proj,mlp,4096,11008,45088768,-2.604762266855687e-05,0.01907026208937168,0.015023844316601753,0.431640625,0.0001943499519256875,1.2056442499160767,3.2556111812591553,2.0007405281066895,2.259517192840576,0.001472028780654,0.2641667337751867,0.20423322217538953,9.875,0.7166656404733658,sparse_bf16,0.034998208814310657,0.1870780821323296,1.625
110,model.layers.15.mlp.gate_proj,15,layers_08_15,gate_proj,mlp,4096,11008,45088768,-2.604762266855687e-05,0.01907026208937168,0.015023844316601753,0.431640625,0.0001943499519256875,1.2056442499160767,3.2556111812591553,2.0007405281066895,2.259517192840576,0.001472028780654,0.2641667337751867,0.20423322217538953,9.875,0.7166656404733658,sparse_nvfp4,0.06943170768276566,0.26349897093302976,2.125
111,model.layers.15.mlp.up_proj,15,layers_08_15,up_proj,mlp,4096,11008,45088768,-2.572101323039533e-07,0.018611494451761246,0.014801112934947014,0.44140625,1.3373618457990233e-05,1.1884316205978394,2.197801113128662,1.9522204399108887,2.0094637870788574,0.001472028780654,0.2641667337751867,0.20423322217538953,9.875,0.7208888083696365,dense_nvfp4,0.004813516225970446,0.0693795086893129,0.1953125
111,model.layers.15.mlp.up_proj,15,layers_08_15,up_proj,mlp,4096,11008,45088768,-2.572101323039533e-07,0.018611494451761246,0.014801112934947014,0.44140625,1.3373618457990233e-05,1.1884316205978394,2.197801113128662,1.9522204399108887,2.0094637870788574,0.001472028780654,0.2641667337751867,0.20423322217538953,9.875,0.7208888083696365,sparse_bf16,0.06075544175843721,0.24648618979252612,0.859375
111,model.layers.15.mlp.up_proj,15,layers_08_15,up_proj,mlp,4096,11008,45088768,-2.572101323039533e-07,0.018611494451761246,0.014801112934947014,0.44140625,1.3373618457990233e-05,1.1884316205978394,2.197801113128662,1.9522204399108887,2.0094637870788574,0.001472028780654,0.2641667337751867,0.20423322217538953,9.875,0.7208888083696365,sparse_nvfp4,0.11725149179623234,0.3424200516854005,1.03125
112,model.layers.15.mlp.down_proj,15,layers_08_15,down_proj,mlp,11008,4096,45088768,-3.3108151455962798e-06,0.018313143402338028,0.014562993310391903,1.0625,2.8588050554390065e-05,1.920162558555603,5.265835285186768,1.1697611808776855,1.7331057786941528,-4.184193760941758e-05,0.08513490134363395,0.04696976783317189,16.375,0.1490920809812324,dense_nvfp4,0.006857368975674607,0.08280923243017416,0.15625
112,model.layers.15.mlp.down_proj,15,layers_08_15,down_proj,mlp,11008,4096,45088768,-3.3108151455962798e-06,0.018313143402338028,0.014562993310391903,1.0625,2.8588050554390065e-05,1.920162558555603,5.265835285186768,1.1697611808776855,1.7331057786941528,-4.184193760941758e-05,0.08513490134363395,0.04696976783317189,16.375,0.1490920809812324,sparse_bf16,0.08164938900922117,0.28574357212231594,0.5625
112,model.layers.15.mlp.down_proj,15,layers_08_15,down_proj,mlp,11008,4096,45088768,-3.3108151455962798e-06,0.018313143402338028,0.014562993310391903,1.0625,2.8588050554390065e-05,1.920162558555603,5.265835285186768,1.1697611808776855,1.7331057786941528,-4.184193760941758e-05,0.08513490134363395,0.04696976783317189,16.375,0.1490920809812324,sparse_nvfp4,0.15478864357227548,0.39343187920182,0.73828125
113,model.layers.16.self_attn.q_proj,16,layers_16_23,q_proj,attention,4096,4096,16777216,-2.468577804393135e-07,0.02359648607671261,0.01806662604212761,1.0,0.00037723779678344727,1.452848196029663,3.369234800338745,1.5084129571914673,4.603011131286621,0.0033445167737227166,0.4360862067121997,0.3011520253494382,22.125,0.7597023993730545,dense_nvfp4,0.0015862862368711396,0.0398282090592979,0.546875
113,model.layers.16.self_attn.q_proj,16,layers_16_23,q_proj,attention,4096,4096,16777216,-2.468577804393135e-07,0.02359648607671261,0.01806662604212761,1.0,0.00037723779678344727,1.452848196029663,3.369234800338745,1.5084129571914673,4.603011131286621,0.0033445167737227166,0.4360862067121997,0.3011520253494382,22.125,0.7597023993730545,sparse_bf16,0.017283604997987728,0.13146712516058046,1.875
113,model.layers.16.self_attn.q_proj,16,layers_16_23,q_proj,attention,4096,4096,16777216,-2.468577804393135e-07,0.02359648607671261,0.01806662604212761,1.0,0.00037723779678344727,1.452848196029663,3.369234800338745,1.5084129571914673,4.603011131286621,0.0033445167737227166,0.4360862067121997,0.3011520253494382,22.125,0.7597023993730545,sparse_nvfp4,0.03437117586413997,0.18539464896307006,2.7734375
114,model.layers.16.self_attn.k_proj,16,layers_16_23,k_proj,attention,4096,4096,16777216,1.1878728400915861e-07,0.02423011139035225,0.01843133568763733,0.2890625,0.00036644935607910156,1.4816851615905762,2.903148651123047,1.5492321252822876,2.5827596187591553,0.0033445167737227166,0.4360862067121997,0.3011520253494382,22.125,0.7554079294204712,dense_nvfp4,0.0011128543976794488,0.03335947238310955,0.4921875
114,model.layers.16.self_attn.k_proj,16,layers_16_23,k_proj,attention,4096,4096,16777216,1.1878728400915861e-07,0.02423011139035225,0.01843133568763733,0.2890625,0.00036644935607910156,1.4816851615905762,2.903148651123047,1.5492321252822876,2.5827596187591553,0.0033445167737227166,0.4360862067121997,0.3011520253494382,22.125,0.7554079294204712,sparse_bf16,0.01173330744281569,0.10832039255290617,1.603515625
114,model.layers.16.self_attn.k_proj,16,layers_16_23,k_proj,attention,4096,4096,16777216,1.1878728400915861e-07,0.02423011139035225,0.01843133568763733,0.2890625,0.00036644935607910156,1.4816851615905762,2.903148651123047,1.5492321252822876,2.5827596187591553,0.0033445167737227166,0.4360862067121997,0.3011520253494382,22.125,0.7554079294204712,sparse_nvfp4,0.02371589381835682,0.1539996552540194,2.625
115,model.layers.16.self_attn.v_proj,16,layers_16_23,v_proj,attention,4096,4096,16777216,-1.8520017874834593e-06,0.016298837959766388,0.012912414968013763,0.2421875,1.9252300262451172e-05,1.038427710533142,1.3026745319366455,1.0410575866699219,1.7649141550064087,0.0033445167737227166,0.4360862067121997,0.3011520253494382,22.125,0.8262077569961548,dense_nvfp4,0.006542768936650922,0.0808873842861229,0.2265625
115,model.layers.16.self_attn.v_proj,16,layers_16_23,v_proj,attention,4096,4096,16777216,-1.8520017874834593e-06,0.016298837959766388,0.012912414968013763,0.2421875,1.9252300262451172e-05,1.038427710533142,1.3026745319366455,1.0410575866699219,1.7649141550064087,0.0033445167737227166,0.4360862067121997,0.3011520253494382,22.125,0.8262077569961548,sparse_bf16,0.07458244418147938,0.27309786557474114,0.8310546875
115,model.layers.16.self_attn.v_proj,16,layers_16_23,v_proj,attention,4096,4096,16777216,-1.8520017874834593e-06,0.016298837959766388,0.012912414968013763,0.2421875,1.9252300262451172e-05,1.038427710533142,1.3026745319366455,1.0410575866699219,1.7649141550064087,0.0033445167737227166,0.4360862067121997,0.3011520253494382,22.125,0.8262077569961548,sparse_nvfp4,0.14253380577455324,0.377536495950462,1.17041015625
116,model.layers.16.self_attn.o_proj,16,layers_16_23,o_proj,attention,4096,4096,16777216,-4.782435212291603e-07,0.016133835539221764,0.01279779989272356,0.42578125,5.835294723510742e-05,1.0307605266571045,4.7065629959106445,1.0289208889007568,1.2665694952011108,0.0004942661017821592,0.12882950456947298,0.07424014690332115,3.265625,0.29718439280986786,dense_nvfp4,0.006509105370185823,0.0806790268296899,0.35546875
116,model.layers.16.self_attn.o_proj,16,layers_16_23,o_proj,attention,4096,4096,16777216,-4.782435212291603e-07,0.016133835539221764,0.01279779989272356,0.42578125,5.835294723510742e-05,1.0307605266571045,4.7065629959106445,1.0289208889007568,1.2665694952011108,0.0004942661017821592,0.12882950456947298,0.07424014690332115,3.265625,0.29718439280986786,sparse_bf16,0.06967268610342633,0.26395584119967175,1.16796875
116,model.layers.16.self_attn.o_proj,16,layers_16_23,o_proj,attention,4096,4096,16777216,-4.782435212291603e-07,0.016133835539221764,0.01279779989272356,0.42578125,5.835294723510742e-05,1.0307605266571045,4.7065629959106445,1.0289208889007568,1.2665694952011108,0.0004942661017821592,0.12882950456947298,0.07424014690332115,3.265625,0.29718439280986786,sparse_nvfp4,0.13672556094160299,0.3697641964030631,1.78125
117,model.layers.16.mlp.gate_proj,16,layers_16_23,gate_proj,mlp,4096,11008,45088768,-2.0099216271773912e-05,0.01920120231807232,0.015146389603614807,0.474609375,0.0001841034973040223,1.2152371406555176,3.3128488063812256,2.0144596099853516,2.249581813812256,0.0010603767229895311,0.2800503171399504,0.21843744441866875,9.75,0.7316632270812988,dense_nvfp4,0.0027438188004800003,0.052381473828826165,0.3359375
117,model.layers.16.mlp.gate_proj,16,layers_16_23,gate_proj,mlp,4096,11008,45088768,-2.0099216271773912e-05,0.01920120231807232,0.015146389603614807,0.474609375,0.0001841034973040223,1.2152371406555176,3.3128488063812256,2.0144596099853516,2.249581813812256,0.0010603767229895311,0.2800503171399504,0.21843744441866875,9.75,0.7316632270812988,sparse_bf16,0.03404744249995327,0.18451949084027214,1.90625
117,model.layers.16.mlp.gate_proj,16,layers_16_23,gate_proj,mlp,4096,11008,45088768,-2.0099216271773912e-05,0.01920120231807232,0.015146389603614807,0.474609375,0.0001841034973040223,1.2152371406555176,3.3128488063812256,2.0144596099853516,2.249581813812256,0.0010603767229895311,0.2800503171399504,0.21843744441866875,9.75,0.7316632270812988,sparse_nvfp4,0.06905780075460449,0.26278850955588695,2.15625
118,model.layers.16.mlp.up_proj,16,layers_16_23,up_proj,mlp,4096,11008,45088768,-4.418728849486797e-07,0.018596632406115532,0.014799748547375202,0.462890625,9.669814062363002e-06,1.1879500150680542,1.5947374105453491,1.9506349563598633,2.0048885345458984,0.0010603767229895311,0.2800503171399504,0.21843744441866875,9.75,0.7396307587623596,dense_nvfp4,0.0047198418542488815,0.06870110518942822,0.1875
118,model.layers.16.mlp.up_proj,16,layers_16_23,up_proj,mlp,4096,11008,45088768,-4.418728849486797e-07,0.018596632406115532,0.014799748547375202,0.462890625,9.669814062363002e-06,1.1879500150680542,1.5947374105453491,1.9506349563598633,2.0048885345458984,0.0010603767229895311,0.2800503171399504,0.21843744441866875,9.75,0.7396307587623596,sparse_bf16,0.05821185906088302,0.24127133907881188,0.9375
118,model.layers.16.mlp.up_proj,16,layers_16_23,up_proj,mlp,4096,11008,45088768,-4.418728849486797e-07,0.018596632406115532,0.014799748547375202,0.462890625,9.669814062363002e-06,1.1879500150680542,1.5947374105453491,1.9506349563598633,2.0048885345458984,0.0010603767229895311,0.2800503171399504,0.21843744441866875,9.75,0.7396307587623596,sparse_nvfp4,0.11356891277475056,0.3369998705856585,1.171875
119,model.layers.16.mlp.down_proj,16,layers_16_23,down_proj,mlp,11008,4096,45088768,-2.1200619357841788e-06,0.018300341442227364,0.014560765586793423,0.76953125,2.4285427571157925e-05,1.9189661741256714,4.928715705871582,1.169385313987732,1.4736772775650024,4.339372982178966e-05,0.09984204897392583,0.05377603651479233,18.625,0.1836059204367704,dense_nvfp4,0.006893348016609518,0.0830261887395147,0.1953125
119,model.layers.16.mlp.down_proj,16,layers_16_23,down_proj,mlp,11008,4096,45088768,-2.1200619357841788e-06,0.018300341442227364,0.014560765586793423,0.76953125,2.4285427571157925e-05,1.9189661741256714,4.928715705871582,1.169385313987732,1.4736772775650024,4.339372982178966e-05,0.09984204897392583,0.05377603651479233,18.625,0.1836059204367704,sparse_bf16,0.07931723945171965,0.281633164687186,0.66796875
119,model.layers.16.mlp.down_proj,16,layers_16_23,down_proj,mlp,11008,4096,45088768,-2.1200619357841788e-06,0.018300341442227364,0.014560765586793423,0.76953125,2.4285427571157925e-05,1.9189661741256714,4.928715705871582,1.169385313987732,1.4736772775650024,4.339372982178966e-05,0.09984204897392583,0.05377603651479233,18.625,0.1836059204367704,sparse_nvfp4,0.15318709056973565,0.39139122444139657,0.7998046875
120,model.layers.17.self_attn.q_proj,17,layers_16_23,q_proj,attention,4096,4096,16777216,6.133629995019874e-06,0.023406652733683586,0.018061529844999313,0.9453125,0.00021719932556152344,1.4516417980194092,2.862570285797119,1.4967209100723267,4.662164211273193,0.003581471532015712,0.43893093574330694,0.3120759455487132,16.875,0.7697855830192566,dense_nvfp4,0.0016436984793386435,0.0405425514655731,0.5
120,model.layers.17.self_attn.q_proj,17,layers_16_23,q_proj,attention,4096,4096,16777216,6.133629995019874e-06,0.023406652733683586,0.018061529844999313,0.9453125,0.00021719932556152344,1.4516417980194092,2.862570285797119,1.4967209100723267,4.662164211273193,0.003581471532015712,0.43893093574330694,0.3120759455487132,16.875,0.7697855830192566,sparse_bf16,0.018153966981606668,0.13473665789831166,1.5625
120,model.layers.17.self_attn.q_proj,17,layers_16_23,q_proj,attention,4096,4096,16777216,6.133629995019874e-06,0.023406652733683586,0.018061529844999313,0.9453125,0.00021719932556152344,1.4516417980194092,2.862570285797119,1.4967209100723267,4.662164211273193,0.003581471532015712,0.43893093574330694,0.3120759455487132,16.875,0.7697855830192566,sparse_nvfp4,0.036775791578471904,0.19177015299173097,2.53125
121,model.layers.17.self_attn.k_proj,17,layers_16_23,k_proj,attention,4096,4096,16777216,8.074047400441486e-06,0.02392866276204586,0.01835678145289421,0.306640625,0.0003203153610229492,1.4754713773727417,3.1198360919952393,1.5300835371017456,2.418973922729492,0.003581471532015712,0.43893093574330694,0.3120759455487132,16.875,0.7658256590366364,dense_nvfp4,0.0012106710129072425,0.03479469805742309,0.5
121,model.layers.17.self_attn.k_proj,17,layers_16_23,k_proj,attention,4096,4096,16777216,8.074047400441486e-06,0.02392866276204586,0.01835678145289421,0.306640625,0.0003203153610229492,1.4754713773727417,3.1198360919952393,1.5300835371017456,2.418973922729492,0.003581471532015712,0.43893093574330694,0.3120759455487132,16.875,0.7658256590366364,sparse_bf16,0.013033412627413159,0.11416397254569044,1.6875
121,model.layers.17.self_attn.k_proj,17,layers_16_23,k_proj,attention,4096,4096,16777216,8.074047400441486e-06,0.02392866276204586,0.01835678145289421,0.306640625,0.0003203153610229492,1.4754713773727417,3.1198360919952393,1.5300835371017456,2.418973922729492,0.003581471532015712,0.43893093574330694,0.3120759455487132,16.875,0.7658256590366364,sparse_nvfp4,0.026786748768968464,0.16366657804502563,2.6875
122,model.layers.17.self_attn.v_proj,17,layers_16_23,v_proj,attention,4096,4096,16777216,-7.982884199009277e-06,0.01624220795929432,0.012886825017631054,0.2138671875,1.5735626220703125e-05,1.0362681150436401,1.2859433889389038,1.0376325845718384,1.8008803129196167,0.003581471532015712,0.43893093574330694,0.3120759455487132,16.875,0.8328623324632645,dense_nvfp4,0.006217934499267333,0.07885388068616112,0.2353515625
122,model.layers.17.self_attn.v_proj,17,layers_16_23,v_proj,attention,4096,4096,16777216,-7.982884199009277e-06,0.01624220795929432,0.012886825017631054,0.2138671875,1.5735626220703125e-05,1.0362681150436401,1.2859433889389038,1.0376325845718384,1.8008803129196167,0.003581471532015712,0.43893093574330694,0.3120759455487132,16.875,0.8328623324632645,sparse_bf16,0.07057374525671252,0.2656571950027187,0.87109375
122,model.layers.17.self_attn.v_proj,17,layers_16_23,v_proj,attention,4096,4096,16777216,-7.982884199009277e-06,0.01624220795929432,0.012886825017631054,0.2138671875,1.5735626220703125e-05,1.0362681150436401,1.2859433889389038,1.0376325845718384,1.8008803129196167,0.003581471532015712,0.43893093574330694,0.3120759455487132,16.875,0.8328623324632645,sparse_nvfp4,0.1363554618254457,0.36926340439508176,1.146484375
123,model.layers.17.self_attn.o_proj,17,layers_16_23,o_proj,attention,4096,4096,16777216,1.2526525097200647e-05,0.016146084293723106,0.012806976214051247,0.498046875,7.086992263793945e-05,1.031128168106079,5.15722131729126,1.0302025079727173,1.4067860841751099,9.709410221603321e-05,0.11375105398291097,0.06143350375350565,3.84375,0.23296426236629486,dense_nvfp4,0.006804066111903874,0.08248676325268119,0.3125
123,model.layers.17.self_attn.o_proj,17,layers_16_23,o_proj,attention,4096,4096,16777216,1.2526525097200647e-05,0.016146084293723106,0.012806976214051247,0.498046875,7.086992263793945e-05,1.031128168106079,5.15722131729126,1.0302025079727173,1.4067860841751099,9.709410221603321e-05,0.11375105398291097,0.06143350375350565,3.84375,0.23296426236629486,sparse_bf16,0.07481867087205835,0.27353001822845396,1.609375
123,model.layers.17.self_attn.o_proj,17,layers_16_23,o_proj,attention,4096,4096,16777216,1.2526525097200647e-05,0.016146084293723106,0.012806976214051247,0.498046875,7.086992263793945e-05,1.031128168106079,5.15722131729126,1.0302025079727173,1.4067860841751099,9.709410221603321e-05,0.11375105398291097,0.06143350375350565,3.84375,0.23296426236629486,sparse_nvfp4,0.1476581044802122,0.38426306676574085,2.1015625
124,model.layers.17.mlp.gate_proj,17,layers_16_23,gate_proj,mlp,4096,11008,45088768,-5.053139102528803e-05,0.019381221383810043,0.015308774076402187,0.404296875,0.00012954445264767855,1.228162169456482,3.041144847869873,2.033389091491699,2.2554361820220947,0.0013510638771094818,0.29504862687326416,0.23186331894248724,9.125,0.745335727930069,dense_nvfp4,0.0029372750667170646,0.05419663335223937,0.328125
124,model.layers.17.mlp.gate_proj,17,layers_16_23,gate_proj,mlp,4096,11008,45088768,-5.053139102528803e-05,0.019381221383810043,0.015308774076402187,0.404296875,0.00012954445264767855,1.228162169456482,3.041144847869873,2.033389091491699,2.2554361820220947,0.0013510638771094818,0.29504862687326416,0.23186331894248724,9.125,0.745335727930069,sparse_bf16,0.03663508803158363,0.19140294676828679,1.40625
124,model.layers.17.mlp.gate_proj,17,layers_16_23,gate_proj,mlp,4096,11008,45088768,-5.053139102528803e-05,0.019381221383810043,0.015308774076402187,0.404296875,0.00012954445264767855,1.228162169456482,3.041144847869873,2.033389091491699,2.2554361820220947,0.0013510638771094818,0.29504862687326416,0.23186331894248724,9.125,0.745335727930069,sparse_nvfp4,0.07414241103112527,0.2722910410408783,2.25
125,model.layers.17.mlp.up_proj,17,layers_16_23,up_proj,mlp,4096,11008,45088768,3.3338267257931875e-07,0.018527314066886902,0.014753824099898338,0.33984375,7.718108463450335e-06,1.1840577125549316,1.630266547203064,1.9434280395507812,1.9885179996490479,0.0013510638771094818,0.29504862687326416,0.23186331894248724,9.125,0.7543976455926895,dense_nvfp4,0.00512520126592282,0.07159051100476109,0.203125
125,model.layers.17.mlp.up_proj,17,layers_16_23,up_proj,mlp,4096,11008,45088768,3.3338267257931875e-07,0.018527314066886902,0.014753824099898338,0.33984375,7.718108463450335e-06,1.1840577125549316,1.630266547203064,1.9434280395507812,1.9885179996490479,0.0013510638771094818,0.29504862687326416,0.23186331894248724,9.125,0.7543976455926895,sparse_bf16,0.06334324796865677,0.2516808454544302,0.84375
125,model.layers.17.mlp.up_proj,17,layers_16_23,up_proj,mlp,4096,11008,45088768,3.3338267257931875e-07,0.018527314066886902,0.014753824099898338,0.33984375,7.718108463450335e-06,1.1840577125549316,1.630266547203064,1.9434280395507812,1.9885179996490479,0.0013510638771094818,0.29504862687326416,0.23186331894248724,9.125,0.7543976455926895,sparse_nvfp4,0.12336723566888631,0.35123672312115417,1.21875
126,model.layers.17.mlp.down_proj,17,layers_16_23,down_proj,mlp,11008,4096,45088768,-3.922170435544103e-06,0.018281100317835808,0.014555110596120358,1.1484375,1.7898028090712614e-05,1.9168182611465454,4.750730514526367,1.1685962677001953,1.4918981790542603,-0.00037193455830484434,0.10310924435358187,0.05601205902044163,16.875,0.19654245154802188,dense_nvfp4,0.006954920415369614,0.08339616547161874,0.2578125
126,model.layers.17.mlp.down_proj,17,layers_16_23,down_proj,mlp,11008,4096,45088768,-3.922170435544103e-06,0.018281100317835808,0.014555110596120358,1.1484375,1.7898028090712614e-05,1.9168182611465454,4.750730514526367,1.1685962677001953,1.4918981790542603,-0.00037193455830484434,0.10310924435358187,0.05601205902044163,16.875,0.19654245154802188,sparse_bf16,0.08296240573862754,0.2880319526348206,0.640625
126,model.layers.17.mlp.down_proj,17,layers_16_23,down_proj,mlp,11008,4096,45088768,-3.922170435544103e-06,0.018281100317835808,0.014555110596120358,1.1484375,1.7898028090712614e-05,1.9168182611465454,4.750730514526367,1.1685962677001953,1.4918981790542603,-0.00037193455830484434,0.10310924435358187,0.05601205902044163,16.875,0.19654245154802188,sparse_nvfp4,0.1602879711037998,0.4003598020578487,0.859375
127,model.layers.18.self_attn.q_proj,18,layers_16_23,q_proj,attention,4096,4096,16777216,-2.9147395252948627e-07,0.02288082428276539,0.017728010192513466,0.7734375,0.00014549493789672852,1.4251495599746704,2.445542097091675,1.4629108905792236,4.9178290367126465,0.003324509910271445,0.45714821817707846,0.33026506192982197,19.875,0.7864662855863571,dense_nvfp4,0.001647980781765662,0.04059532955606669,0.4375
127,model.layers.18.self_attn.q_proj,18,layers_16_23,q_proj,attention,4096,4096,16777216,-2.9147395252948627e-07,0.02288082428276539,0.017728010192513466,0.7734375,0.00014549493789672852,1.4251495599746704,2.445542097091675,1.4629108905792236,4.9178290367126465,0.003324509910271445,0.45714821817707846,0.33026506192982197,19.875,0.7864662855863571,sparse_bf16,0.018364106144993782,0.1355142285702641,1.5
127,model.layers.18.self_attn.q_proj,18,layers_16_23,q_proj,attention,4096,4096,16777216,-2.9147395252948627e-07,0.02288082428276539,0.017728010192513466,0.7734375,0.00014549493789672852,1.4251495599746704,2.445542097091675,1.4629108905792236,4.9178290367126465,0.003324509910271445,0.45714821817707846,0.33026506192982197,19.875,0.7864662855863571,sparse_nvfp4,0.03705715075150867,0.19250233960009075,2.40625
128,model.layers.18.self_attn.k_proj,18,layers_16_23,k_proj,attention,4096,4096,16777216,-5.627618065773277e-06,0.023385951295495033,0.01801561377942562,0.3125,0.00022679567337036133,1.4480719566345215,2.573648452758789,1.4957135915756226,2.280601739883423,0.003324509910271445,0.45714821817707846,0.33026506192982197,19.875,0.7826810926198959,dense_nvfp4,0.0012865093544850157,0.03586794327090718,0.546875
128,model.layers.18.self_attn.k_proj,18,layers_16_23,k_proj,attention,4096,4096,16777216,-5.627618065773277e-06,0.023385951295495033,0.01801561377942562,0.3125,0.00022679567337036133,1.4480719566345215,2.573648452758789,1.4957135915756226,2.280601739883423,0.003324509910271445,0.45714821817707846,0.33026506192982197,19.875,0.7826810926198959,sparse_bf16,0.014156285448391348,0.11898018931062157,1.732421875
128,model.layers.18.self_attn.k_proj,18,layers_16_23,k_proj,attention,4096,4096,16777216,-5.627618065773277e-06,0.023385951295495033,0.01801561377942562,0.3125,0.00022679567337036133,1.4480719566345215,2.573648452758789,1.4957135915756226,2.280601739883423,0.003324509910271445,0.45714821817707846,0.33026506192982197,19.875,0.7826810926198959,sparse_nvfp4,0.028980334252696496,0.17023611324480037,2.6875
129,model.layers.18.self_attn.v_proj,18,layers_16_23,v_proj,attention,4096,4096,16777216,4.7831131269049365e-06,0.01700694113969803,0.013486510142683983,0.224609375,1.3470649719238281e-05,1.0840786695480347,1.4693524837493896,1.086607575416565,1.747166395187378,0.003324509910271445,0.45714821817707846,0.33026506192982197,19.875,0.8356568664312363,dense_nvfp4,0.006475086190771555,0.08046792025876869,0.26171875
129,model.layers.18.self_attn.v_proj,18,layers_16_23,v_proj,attention,4096,4096,16777216,4.7831131269049365e-06,0.01700694113969803,0.013486510142683983,0.224609375,1.3470649719238281e-05,1.0840786695480347,1.4693524837493896,1.086607575416565,1.747166395187378,0.003324509910271445,0.45714821817707846,0.33026506192982197,19.875,0.8356568664312363,sparse_bf16,0.07445130392995435,0.27285766239919734,0.9560546875
129,model.layers.18.self_attn.v_proj,18,layers_16_23,v_proj,attention,4096,4096,16777216,4.7831131269049365e-06,0.01700694113969803,0.013486510142683983,0.224609375,1.3470649719238281e-05,1.0840786695480347,1.4693524837493896,1.086607575416565,1.747166395187378,0.003324509910271445,0.45714821817707846,0.33026506192982197,19.875,0.8356568664312363,sparse_nvfp4,0.1438582897086191,0.3792865535563041,1.34765625
130,model.layers.18.self_attn.o_proj,18,layers_16_23,o_proj,attention,4096,4096,16777216,-4.291453478799667e-06,0.01677059940993786,0.013311006128787994,0.56640625,6.097555160522461e-05,1.0713649988174438,5.045302391052246,1.0700573921203613,1.3952882289886475,-2.7645123736874666e-06,0.10885903953076785,0.054713930236175656,4.21875,0.19011138379573822,dense_nvfp4,0.006547383905422143,0.08091590638077376,0.34521484375
130,model.layers.18.self_attn.o_proj,18,layers_16_23,o_proj,attention,4096,4096,16777216,-4.291453478799667e-06,0.01677059940993786,0.013311006128787994,0.56640625,6.097555160522461e-05,1.0713649988174438,5.045302391052246,1.0700573921203613,1.3952882289886475,-2.7645123736874666e-06,0.10885903953076785,0.054713930236175656,4.21875,0.19011138379573822,sparse_bf16,0.0778925396643901,0.27909234970595326,1.4609375
130,model.layers.18.self_attn.o_proj,18,layers_16_23,o_proj,attention,4096,4096,16777216,-4.291453478799667e-06,0.01677059940993786,0.013311006128787994,0.56640625,6.097555160522461e-05,1.0713649988174438,5.045302391052246,1.0700573921203613,1.3952882289886475,-2.7645123736874666e-06,0.10885903953076785,0.054713930236175656,4.21875,0.19011138379573822,sparse_nvfp4,0.15232074057664802,0.39028289813499134,1.3251953125
131,model.layers.18.mlp.gate_proj,18,layers_16_23,gate_proj,mlp,4096,11008,45088768,-4.092624658369459e-05,0.019554277881979942,0.015455330722033978,0.369140625,0.0001254192611668259,1.2398953437805176,2.9953675270080566,2.051551580429077,2.2446951866149902,0.0014837043731859012,0.31186705436559936,0.24552276637405157,8.875,0.7577736526727676,dense_nvfp4,0.0031819060493827574,0.05640838633911413,0.359375
131,model.layers.18.mlp.gate_proj,18,layers_16_23,gate_proj,mlp,4096,11008,45088768,-4.092624658369459e-05,0.019554277881979942,0.015455330722033978,0.369140625,0.0001254192611668259,1.2398953437805176,2.9953675270080566,2.051551580429077,2.2446951866149902,0.0014837043731859012,0.31186705436559936,0.24552276637405157,8.875,0.7577736526727676,sparse_bf16,0.039613420374992596,0.19903120452580444,1.671875
131,model.layers.18.mlp.gate_proj,18,layers_16_23,gate_proj,mlp,4096,11008,45088768,-4.092624658369459e-05,0.019554277881979942,0.015455330722033978,0.369140625,0.0001254192611668259,1.2398953437805176,2.9953675270080566,2.051551580429077,2.2446951866149902,0.0014837043731859012,0.31186705436559936,0.24552276637405157,8.875,0.7577736526727676,sparse_nvfp4,0.08020128721102808,0.2831983178110846,2.46875
132,model.layers.18.mlp.up_proj,18,layers_16_23,up_proj,mlp,4096,11008,45088768,1.473878683100338e-06,0.018472852185368538,0.014713645912706852,0.326171875,8.272570084955078e-06,1.1808834075927734,1.864248275756836,1.9377048015594482,1.9830633401870728,0.0014837043731859012,0.31186705436559936,0.24552276637405157,8.875,0.7688033580780029,dense_nvfp4,0.005464190491150918,0.07392016295403385,0.203125
132,model.layers.18.mlp.up_proj,18,layers_16_23,up_proj,mlp,4096,11008,45088768,1.473878683100338e-06,0.018472852185368538,0.014713645912706852,0.326171875,8.272570084955078e-06,1.1808834075927734,1.864248275756836,1.9377048015594482,1.9830633401870728,0.0014837043731859012,0.31186705436559936,0.24552276637405157,8.875,0.7688033580780029,sparse_bf16,0.0673594013271265,0.2595368978144081,0.9375
132,model.layers.18.mlp.up_proj,18,layers_16_23,up_proj,mlp,4096,11008,45088768,1.473878683100338e-06,0.018472852185368538,0.014713645912706852,0.326171875,8.272570084955078e-06,1.1808834075927734,1.864248275756836,1.9377048015594482,1.9830633401870728,0.0014837043731859012,0.31186705436559936,0.24552276637405157,8.875,0.7688033580780029,sparse_nvfp4,0.13134196553906097,0.36241132093114997,1.59375
133,model.layers.18.mlp.down_proj,18,layers_16_23,down_proj,mlp,11008,4096,45088768,-2.514241032258724e-06,0.01826286129653454,0.014543474651873112,1.1015625,1.7964563085115515e-05,1.9150458574295044,4.612987995147705,1.1676647663116455,1.4211502075195312,0.00021089379667902776,0.11332185222320501,0.05962857950565427,20.5,0.21286631739416786,dense_nvfp4,0.006870964491839274,0.0828912811569424,0.49609375
133,model.layers.18.mlp.down_proj,18,layers_16_23,down_proj,mlp,11008,4096,45088768,-2.514241032258724e-06,0.01826286129653454,0.014543474651873112,1.1015625,1.7964563085115515e-05,1.9150458574295044,4.612987995147705,1.1676647663116455,1.4211502075195312,0.00021089379667902776,0.11332185222320501,0.05962857950565427,20.5,0.21286631739416786,sparse_bf16,0.08216619559631258,0.28664646447551484,0.6171875
133,model.layers.18.mlp.down_proj,18,layers_16_23,down_proj,mlp,11008,4096,45088768,-2.514241032258724e-06,0.01826286129653454,0.014543474651873112,1.1015625,1.7964563085115515e-05,1.9150458574295044,4.612987995147705,1.1676647663116455,1.4211502075195312,0.00021089379667902776,0.11332185222320501,0.05962857950565427,20.5,0.21286631739416786,sparse_nvfp4,0.15907599388688276,0.39884331997274663,0.98046875
134,model.layers.19.self_attn.q_proj,19,layers_16_23,q_proj,attention,4096,4096,16777216,-3.9801429920771625e-06,0.02260177955031395,0.0174403116106987,0.71875,0.0001621842384338379,1.4023582935333252,2.471590518951416,1.4446895122528076,5.293084621429443,0.004157293701609888,0.453165879155124,0.329346708022058,16.75,0.78897425532341,dense_nvfp4,0.0017442312115498214,0.04176399420014591,0.4375
134,model.layers.19.self_attn.q_proj,19,layers_16_23,q_proj,attention,4096,4096,16777216,-3.9801429920771625e-06,0.02260177955031395,0.0174403116106987,0.71875,0.0001621842384338379,1.4023582935333252,2.471590518951416,1.4446895122528076,5.293084621429443,0.004157293701609888,0.453165879155124,0.329346708022058,16.75,0.78897425532341,sparse_bf16,0.019568276189590453,0.13988665479448156,1.5
134,model.layers.19.self_attn.q_proj,19,layers_16_23,q_proj,attention,4096,4096,16777216,-3.9801429920771625e-06,0.02260177955031395,0.0174403116106987,0.71875,0.0001621842384338379,1.4023582935333252,2.471590518951416,1.4446895122528076,5.293084621429443,0.004157293701609888,0.453165879155124,0.329346708022058,16.75,0.78897425532341,sparse_nvfp4,0.03928461082252223,0.19820345814975637,2.3125
135,model.layers.19.self_attn.k_proj,19,layers_16_23,k_proj,attention,4096,4096,16777216,-8.360775609617122e-06,0.023036299273371696,0.01767268404364586,0.298828125,0.00024169683456420898,1.421048879623413,2.9975903034210205,1.4726110696792603,2.5580830574035645,0.004157293701609888,0.453165879155124,0.329346708022058,16.75,0.7861209958791733,dense_nvfp4,0.0012425098922100406,0.03524925378231489,0.5
135,model.layers.19.self_attn.k_proj,19,layers_16_23,k_proj,attention,4096,4096,16777216,-8.360775609617122e-06,0.023036299273371696,0.01767268404364586,0.298828125,0.00024169683456420898,1.421048879623413,2.9975903034210205,1.4726110696792603,2.5580830574035645,0.004157293701609888,0.453165879155124,0.329346708022058,16.75,0.7861209958791733,sparse_bf16,0.013676901546125894,0.11694828577677355,1.78125
135,model.layers.19.self_attn.k_proj,19,layers_16_23,k_proj,attention,4096,4096,16777216,-8.360775609617122e-06,0.023036299273371696,0.01767268404364586,0.298828125,0.00024169683456420898,1.421048879623413,2.9975903034210205,1.4726110696792603,2.5580830574035645,0.004157293701609888,0.453165879155124,0.329346708022058,16.75,0.7861209958791733,sparse_nvfp4,0.027911153796557016,0.1670663155652779,2.5625
136,model.layers.19.self_attn.v_proj,19,layers_16_23,v_proj,attention,4096,4096,16777216,-1.4746406122867484e-06,0.017155470326542854,0.01359761506319046,0.2236328125,1.3947486877441406e-05,1.0929274559020996,1.3797141313552856,1.0962226390838623,1.4935957193374634,0.004157293701609888,0.453165879155124,0.329346708022058,16.75,0.8334315717220306,dense_nvfp4,0.006413645040578253,0.08008523609616353,0.255859375
136,model.layers.19.self_attn.v_proj,19,layers_16_23,v_proj,attention,4096,4096,16777216,-1.4746406122867484e-06,0.017155470326542854,0.01359761506319046,0.2236328125,1.3947486877441406e-05,1.0929274559020996,1.3797141313552856,1.0962226390838623,1.4935957193374634,0.004157293701609888,0.453165879155124,0.329346708022058,16.75,0.8334315717220306,sparse_bf16,0.07423870015098519,0.272467796539307,1.02734375
136,model.layers.19.self_attn.v_proj,19,layers_16_23,v_proj,attention,4096,4096,16777216,-1.4746406122867484e-06,0.017155470326542854,0.01359761506319046,0.2236328125,1.3947486877441406e-05,1.0929274559020996,1.3797141313552856,1.0962226390838623,1.4935957193374634,0.004157293701609888,0.453165879155124,0.329346708022058,16.75,0.8334315717220306,sparse_nvfp4,0.14378067378908557,0.3791842214400351,1.359375
137,model.layers.19.self_attn.o_proj,19,layers_16_23,o_proj,attention,4096,4096,16777216,-1.0130490863957675e-06,0.01697995327413082,0.013468974269926548,0.67578125,6.747245788574219e-05,1.0848253965377808,5.0157670974731445,1.0831464529037476,1.3091840744018555,-0.0002009613853033443,0.10614589005495384,0.0518324445001781,3.59375,0.17271053791046143,dense_nvfp4,0.0066338852358846755,0.08144866626215973,0.2734375
137,model.layers.19.self_attn.o_proj,19,layers_16_23,o_proj,attention,4096,4096,16777216,-1.0130490863957675e-06,0.01697995327413082,0.013468974269926548,0.67578125,6.747245788574219e-05,1.0848253965377808,5.0157670974731445,1.0831464529037476,1.3091840744018555,-0.0002009613853033443,0.10614589005495384,0.0518324445001781,3.59375,0.17271053791046143,sparse_bf16,0.07917585312326544,0.28138204122378785,1.18701171875
137,model.layers.19.self_attn.o_proj,19,layers_16_23,o_proj,attention,4096,4096,16777216,-1.0130490863957675e-06,0.01697995327413082,0.013468974269926548,0.67578125,6.747245788574219e-05,1.0848253965377808,5.0157670974731445,1.0831464529037476,1.3091840744018555,-0.0002009613853033443,0.10614589005495384,0.0518324445001781,3.59375,0.17271053791046143,sparse_nvfp4,0.15875548645121754,0.39844132121457676,1.37890625
138,model.layers.19.mlp.gate_proj,19,layers_16_23,gate_proj,mlp,4096,11008,45088768,-5.5665906984359026e-05,0.019624821841716766,0.015532576479017735,0.38671875,9.612149733584374e-05,1.2460200786590576,2.9891669750213623,2.0589451789855957,2.1767756938934326,0.001950650891103578,0.3225924155257025,0.25429085502400994,9.125,0.7648945748806,dense_nvfp4,0.003545096462059889,0.05954071264319809,0.3515625
138,model.layers.19.mlp.gate_proj,19,layers_16_23,gate_proj,mlp,4096,11008,45088768,-5.5665906984359026e-05,0.019624821841716766,0.015532576479017735,0.38671875,9.612149733584374e-05,1.2460200786590576,2.9891669750213623,2.0589451789855957,2.1767756938934326,0.001950650891103578,0.3225924155257025,0.25429085502400994,9.125,0.7648945748806,sparse_bf16,0.04418404133755013,0.21020000318161303,1.46875
138,model.layers.19.mlp.gate_proj,19,layers_16_23,gate_proj,mlp,4096,11008,45088768,-5.5665906984359026e-05,0.019624821841716766,0.015532576479017735,0.38671875,9.612149733584374e-05,1.2460200786590576,2.9891669750213623,2.0589451789855957,2.1767756938934326,0.001950650891103578,0.3225924155257025,0.25429085502400994,9.125,0.7648945748806,sparse_nvfp4,0.08863637316197513,0.29771861406699973,1.90625
139,model.layers.19.mlp.up_proj,19,layers_16_23,up_proj,mlp,4096,11008,45088768,-4.9713107728166506e-06,0.01847236044704914,0.014715283177793026,0.5703125,7.318895768548828e-06,1.1810194253921509,1.5888922214508057,1.937669277191162,1.9875587224960327,0.001950650891103578,0.3225924155257025,0.25429085502400994,9.125,0.7764125317335129,dense_nvfp4,0.0054998140614594265,0.07416073126297655,0.19921875
139,model.layers.19.mlp.up_proj,19,layers_16_23,up_proj,mlp,4096,11008,45088768,-4.9713107728166506e-06,0.01847236044704914,0.014715283177793026,0.5703125,7.318895768548828e-06,1.1810194253921509,1.5888922214508057,1.937669277191162,1.9875587224960327,0.001950650891103578,0.3225924155257025,0.25429085502400994,9.125,0.7764125317335129,sparse_bf16,0.06792211204906023,0.26061871009016263,0.859375
139,model.layers.19.mlp.up_proj,19,layers_16_23,up_proj,mlp,4096,11008,45088768,-4.9713107728166506e-06,0.01847236044704914,0.014715283177793026,0.5703125,7.318895768548828e-06,1.1810194253921509,1.5888922214508057,1.937669277191162,1.9875587224960327,0.001950650891103578,0.3225924155257025,0.25429085502400994,9.125,0.7764125317335129,sparse_nvfp4,0.13227568879331392,0.3636972488118571,1.46875
140,model.layers.19.mlp.down_proj,19,layers_16_23,down_proj,mlp,11008,4096,45088768,-1.794930653886695e-06,0.018303196877241135,0.014579028822481632,0.96875,1.536968193249777e-05,1.919378638267517,4.480569362640381,1.170414686203003,1.5332239866256714,0.00012347359886409194,0.11736940324323203,0.062097359535306,24.75,0.22251910387083543,dense_nvfp4,0.006742185145414172,0.08211081016172092,0.2490234375
140,model.layers.19.mlp.down_proj,19,layers_16_23,down_proj,mlp,11008,4096,45088768,-1.794930653886695e-06,0.018303196877241135,0.014579028822481632,0.96875,1.536968193249777e-05,1.919378638267517,4.480569362640381,1.170414686203003,1.5332239866256714,0.00012347359886409194,0.11736940324323203,0.062097359535306,24.75,0.22251910387083543,sparse_bf16,0.08289493129721834,0.28791479867700154,0.71875
140,model.layers.19.mlp.down_proj,19,layers_16_23,down_proj,mlp,11008,4096,45088768,-1.794930653886695e-06,0.018303196877241135,0.014579028822481632,0.96875,1.536968193249777e-05,1.919378638267517,4.480569362640381,1.170414686203003,1.5332239866256714,0.00012347359886409194,0.11736940324323203,0.062097359535306,24.75,0.22251910387083543,sparse_nvfp4,0.15970168244294516,0.39962692907628883,1.15625
141,model.layers.20.self_attn.q_proj,20,layers_16_23,q_proj,attention,4096,4096,16777216,2.49424010689836e-06,0.02274751104414463,0.01748829521238804,1.0546875,0.00019592046737670898,1.406290888786316,2.7416741847991943,1.453892469406128,5.303666591644287,0.004128617011701863,0.4529296792719376,0.33137681148946285,17.25,0.7904879301786423,dense_nvfp4,0.0017199632821141735,0.041472440030870784,0.4375
141,model.layers.20.self_attn.q_proj,20,layers_16_23,q_proj,attention,4096,4096,16777216,2.49424010689836e-06,0.02274751104414463,0.01748829521238804,1.0546875,0.00019592046737670898,1.406290888786316,2.7416741847991943,1.453892469406128,5.303666591644287,0.004128617011701863,0.4529296792719376,0.33137681148946285,17.25,0.7904879301786423,sparse_bf16,0.01939084312452758,0.13925100762481965,1.8125
141,model.layers.20.self_attn.q_proj,20,layers_16_23,q_proj,attention,4096,4096,16777216,2.49424010689836e-06,0.02274751104414463,0.01748829521238804,1.0546875,0.00019592046737670898,1.406290888786316,2.7416741847991943,1.453892469406128,5.303666591644287,0.004128617011701863,0.4529296792719376,0.33137681148946285,17.25,0.7904879301786423,sparse_nvfp4,0.0392280715472991,0.19806077740759045,2.4921875
142,model.layers.20.self_attn.k_proj,20,layers_16_23,k_proj,attention,4096,4096,16777216,2.4919422685343307e-06,0.02316337078809738,0.01771034114062786,0.328125,0.0002600550651550293,1.4243377447128296,2.8633460998535156,1.480531096458435,2.688342332839966,0.004128617011701863,0.4529296792719376,0.33137681148946285,17.25,0.7876221537590027,dense_nvfp4,0.0012949028542457901,0.03598475863814832,0.4375
142,model.layers.20.self_attn.k_proj,20,layers_16_23,k_proj,attention,4096,4096,16777216,2.4919422685343307e-06,0.02316337078809738,0.01771034114062786,0.328125,0.0002600550651550293,1.4243377447128296,2.8633460998535156,1.480531096458435,2.688342332839966,0.004128617011701863,0.4529296792719376,0.33137681148946285,17.25,0.7876221537590027,sparse_bf16,0.01437709932722229,0.11990454256291665,2.4375
142,model.layers.20.self_attn.k_proj,20,layers_16_23,k_proj,attention,4096,4096,16777216,2.4919422685343307e-06,0.02316337078809738,0.01771034114062786,0.328125,0.0002600550651550293,1.4243377447128296,2.8633460998535156,1.480531096458435,2.688342332839966,0.004128617011701863,0.4529296792719376,0.33137681148946285,17.25,0.7876221537590027,sparse_nvfp4,0.029370190536252967,0.17137733378791073,2.4375
143,model.layers.20.self_attn.v_proj,20,layers_16_23,v_proj,attention,4096,4096,16777216,-3.92366655432852e-06,0.01741933450102806,0.013842729851603508,0.1630859375,6.258487701416016e-06,1.112599492073059,1.2683088779449463,1.1129552125930786,1.2084150314331055,0.004128617011701863,0.4529296792719376,0.33137681148946285,17.25,0.8317846357822418,dense_nvfp4,0.006803661043936109,0.08248430786480607,0.248046875
143,model.layers.20.self_attn.v_proj,20,layers_16_23,v_proj,attention,4096,4096,16777216,-3.92366655432852e-06,0.01741933450102806,0.013842729851603508,0.1630859375,6.258487701416016e-06,1.112599492073059,1.2683088779449463,1.1129552125930786,1.2084150314331055,0.004128617011701863,0.4529296792719376,0.33137681148946285,17.25,0.8317846357822418,sparse_bf16,0.07907958338085617,0.2812109232957642,0.912109375
143,model.layers.20.self_attn.v_proj,20,layers_16_23,v_proj,attention,4096,4096,16777216,-3.92366655432852e-06,0.01741933450102806,0.013842729851603508,0.1630859375,6.258487701416016e-06,1.112599492073059,1.2683088779449463,1.1129552125930786,1.2084150314331055,0.004128617011701863,0.4529296792719376,0.33137681148946285,17.25,0.8317846357822418,sparse_nvfp4,0.15248855843827816,0.39049783410190403,1.37890625
144,model.layers.20.self_attn.o_proj,20,layers_16_23,o_proj,attention,4096,4096,16777216,-4.534986146609299e-07,0.01731073670089245,0.013734906911849976,0.578125,5.167722702026367e-05,1.1046698093414307,6.3345160484313965,1.1057401895523071,1.4121532440185547,-0.0002786578012319296,0.1163904059922153,0.05650713469367474,4.34375,0.18415243923664093,dense_nvfp4,0.005190381614994301,0.07204430314045866,0.48681640625
144,model.layers.20.self_attn.o_proj,20,layers_16_23,o_proj,attention,4096,4096,16777216,-4.534986146609299e-07,0.01731073670089245,0.013734906911849976,0.578125,5.167722702026367e-05,1.1046698093414307,6.3345160484313965,1.1057401895523071,1.4121532440185547,-0.0002786578012319296,0.1163904059922153,0.05650713469367474,4.34375,0.18415243923664093,sparse_bf16,0.06039578373501193,0.24575553652972282,3.919921875
144,model.layers.20.self_attn.o_proj,20,layers_16_23,o_proj,attention,4096,4096,16777216,-4.534986146609299e-07,0.01731073670089245,0.013734906911849976,0.578125,5.167722702026367e-05,1.1046698093414307,6.3345160484313965,1.1057401895523071,1.4121532440185547,-0.0002786578012319296,0.1163904059922153,0.05650713469367474,4.34375,0.18415243923664093,sparse_nvfp4,0.12810102473406745,0.3579120349109086,4.8828125
145,model.layers.20.mlp.gate_proj,20,layers_16_23,gate_proj,mlp,4096,11008,45088768,-3.697322972584516e-05,0.019730910658836365,0.015643920749425888,0.322265625,7.824564818292856e-05,1.2548785209655762,2.6484270095825195,2.070091724395752,2.160818576812744,0.0016245144029198855,0.3329116461422178,0.2629008749499917,8.1875,0.7698734551668167,dense_nvfp4,0.0034442390971950155,0.05868764007178186,0.3515625
145,model.layers.20.mlp.gate_proj,20,layers_16_23,gate_proj,mlp,4096,11008,45088768,-3.697322972584516e-05,0.019730910658836365,0.015643920749425888,0.322265625,7.824564818292856e-05,1.2548785209655762,2.6484270095825195,2.070091724395752,2.160818576812744,0.0016245144029198855,0.3329116461422178,0.2629008749499917,8.1875,0.7698734551668167,sparse_bf16,0.042478540730612004,0.2061032283362199,1.625
145,model.layers.20.mlp.gate_proj,20,layers_16_23,gate_proj,mlp,4096,11008,45088768,-3.697322972584516e-05,0.019730910658836365,0.015643920749425888,0.322265625,7.824564818292856e-05,1.2548785209655762,2.6484270095825195,2.070091724395752,2.160818576812744,0.0016245144029198855,0.3329116461422178,0.2629008749499917,8.1875,0.7698734551668167,sparse_nvfp4,0.08617758220088674,0.2935601849721565,2.65625
146,model.layers.20.mlp.up_proj,20,layers_16_23,up_proj,mlp,4096,11008,45088768,-4.9542268953928215e-08,0.018459780141711235,0.014711085706949234,0.318359375,7.80682239565067e-06,1.1804883480072021,1.556106448173523,1.9363923072814941,1.9924925565719604,0.0016245144029198855,0.3329116461422178,0.2629008749499917,8.1875,0.783530130982399,dense_nvfp4,0.005330676411216981,0.07301148136572069,0.20703125
146,model.layers.20.mlp.up_proj,20,layers_16_23,up_proj,mlp,4096,11008,45088768,-4.9542268953928215e-08,0.018459780141711235,0.014711085706949234,0.318359375,7.80682239565067e-06,1.1804883480072021,1.556106448173523,1.9363923072814941,1.9924925565719604,0.0016245144029198855,0.3329116461422178,0.2629008749499917,8.1875,0.783530130982399,sparse_bf16,0.06508700723827883,0.2551215538489032,1.0
146,model.layers.20.mlp.up_proj,20,layers_16_23,up_proj,mlp,4096,11008,45088768,-4.9542268953928215e-08,0.018459780141711235,0.014711085706949234,0.318359375,7.80682239565067e-06,1.1804883480072021,1.556106448173523,1.9363923072814941,1.9924925565719604,0.0016245144029198855,0.3329116461422178,0.2629008749499917,8.1875,0.783530130982399,sparse_nvfp4,0.1279449947816057,0.35769399601000534,1.734375
147,model.layers.20.mlp.down_proj,20,layers_16_23,down_proj,mlp,11008,4096,45088768,-3.385272862033162e-07,0.01830126903951168,0.014579100534319878,1.109375,1.4593434570997488e-05,1.9189634323120117,4.652159690856934,1.1705610752105713,1.4021532535552979,0.0004403765991768058,0.13256172772382682,0.06786251951788747,23.625,0.24832935111467228,dense_nvfp4,0.006560760460103906,0.08099852134516966,0.26171875
147,model.layers.20.mlp.down_proj,20,layers_16_23,down_proj,mlp,11008,4096,45088768,-3.385272862033162e-07,0.01830126903951168,0.014579100534319878,1.109375,1.4593434570997488e-05,1.9189634323120117,4.652159690856934,1.1705610752105713,1.4021532535552979,0.0004403765991768058,0.13256172772382682,0.06786251951788747,23.625,0.24832935111467228,sparse_bf16,0.07569191334891513,0.2751216337348176,0.68896484375
147,model.layers.20.mlp.down_proj,20,layers_16_23,down_proj,mlp,11008,4096,45088768,-3.385272862033162e-07,0.01830126903951168,0.014579100534319878,1.109375,1.4593434570997488e-05,1.9189634323120117,4.652159690856934,1.1705610752105713,1.4021532535552979,0.0004403765991768058,0.13256172772382682,0.06786251951788747,23.625,0.24832935111467228,sparse_nvfp4,0.14961862940661652,0.38680567395866433,1.37890625
148,model.layers.21.self_attn.q_proj,21,layers_16_23,q_proj,attention,4096,4096,16777216,-6.459317773988005e-07,0.022238586097955704,0.017078667879104614,0.94140625,0.00017940998077392578,1.3741258382797241,2.565249443054199,1.420867919921875,5.864851951599121,0.0038346134060702752,0.4761591629355749,0.3524504406377673,17.75,0.8073812872171402,dense_nvfp4,0.0018827375977899788,0.04339052428572371,0.46875
148,model.layers.21.self_attn.q_proj,21,layers_16_23,q_proj,attention,4096,4096,16777216,-6.459317773988005e-07,0.022238586097955704,0.017078667879104614,0.94140625,0.00017940998077392578,1.3741258382797241,2.565249443054199,1.420867919921875,5.864851951599121,0.0038346134060702752,0.4761591629355749,0.3524504406377673,17.75,0.8073812872171402,sparse_bf16,0.02110055960401853,0.14526031668703787,1.625
148,model.layers.21.self_attn.q_proj,21,layers_16_23,q_proj,attention,4096,4096,16777216,-6.459317773988005e-07,0.022238586097955704,0.017078667879104614,0.94140625,0.00017940998077392578,1.3741258382797241,2.565249443054199,1.420867919921875,5.864851951599121,0.0038346134060702752,0.4761591629355749,0.3524504406377673,17.75,0.8073812872171402,sparse_nvfp4,0.04292514649307263,0.20718384708531848,2.875
149,model.layers.21.self_attn.k_proj,21,layers_16_23,k_proj,attention,4096,4096,16777216,2.1821665541210677e-07,0.02248258888721466,0.017175832763314247,0.375,0.00023978948593139648,1.3819252252578735,2.97016978263855,1.4370758533477783,2.700531482696533,0.0038346134060702752,0.4761591629355749,0.3524504406377673,17.75,0.8057182133197784,dense_nvfp4,0.0014172805142505134,0.03764678624066752,0.5
149,model.layers.21.self_attn.k_proj,21,layers_16_23,k_proj,attention,4096,4096,16777216,2.1821665541210677e-07,0.02248258888721466,0.017175832763314247,0.375,0.00023978948593139648,1.3819252252578735,2.97016978263855,1.4370758533477783,2.700531482696533,0.0038346134060702752,0.4761591629355749,0.3524504406377673,17.75,0.8057182133197784,sparse_bf16,0.015762359540339714,0.12554823591090283,1.75
149,model.layers.21.self_attn.k_proj,21,layers_16_23,k_proj,attention,4096,4096,16777216,2.1821665541210677e-07,0.02248258888721466,0.017175832763314247,0.375,0.00023978948593139648,1.3819252252578735,2.97016978263855,1.4370758533477783,2.700531482696533,0.0038346134060702752,0.4761591629355749,0.3524504406377673,17.75,0.8057182133197784,sparse_nvfp4,0.03240368595677017,0.18001023847762151,2.8125
150,model.layers.21.self_attn.v_proj,21,layers_16_23,v_proj,attention,4096,4096,16777216,-2.004780753850355e-06,0.017955804243683815,0.014263711869716644,0.1796875,8.046627044677734e-06,1.1461580991744995,1.4139511585235596,1.1473885774612427,1.2205305099487305,0.0038346134060702752,0.4761591629355749,0.3524504406377673,17.75,0.8375454246997833,dense_nvfp4,0.007095412182745825,0.08423426964570789,0.28515625
150,model.layers.21.self_attn.v_proj,21,layers_16_23,v_proj,attention,4096,4096,16777216,-2.004780753850355e-06,0.017955804243683815,0.014263711869716644,0.1796875,8.046627044677734e-06,1.1461580991744995,1.4139511585235596,1.1473885774612427,1.2205305099487305,0.0038346134060702752,0.4761591629355749,0.3524504406377673,17.75,0.8375454246997833,sparse_bf16,0.08172168205315865,0.2858700439940475,1.05859375
150,model.layers.21.self_attn.v_proj,21,layers_16_23,v_proj,attention,4096,4096,16777216,-2.004780753850355e-06,0.017955804243683815,0.014263711869716644,0.1796875,8.046627044677734e-06,1.1461580991744995,1.4139511585235596,1.1473885774612427,1.2205305099487305,0.0038346134060702752,0.4761591629355749,0.3524504406377673,17.75,0.8375454246997833,sparse_nvfp4,0.15973614182835202,0.3996700411944233,1.4453125
151,model.layers.21.self_attn.o_proj,21,layers_16_23,o_proj,attention,4096,4096,16777216,-1.234938054039958e-06,0.017696596682071686,0.01405851449817419,0.55078125,4.971027374267578e-05,1.1304455995559692,5.367800235748291,1.130595326423645,1.3105677366256714,0.0006044530089184263,0.09770672256902437,0.04282279044855386,3.546875,0.12088008224964142,dense_nvfp4,0.006081169099598818,0.07798185109112772,0.447265625
151,model.layers.21.self_attn.o_proj,21,layers_16_23,o_proj,attention,4096,4096,16777216,-1.234938054039958e-06,0.017696596682071686,0.01405851449817419,0.55078125,4.971027374267578e-05,1.1304455995559692,5.367800235748291,1.130595326423645,1.3105677366256714,0.0006044530089184263,0.09770672256902437,0.04282279044855386,3.546875,0.12088008224964142,sparse_bf16,0.0796194812596362,0.2821692422281993,1.94140625
151,model.layers.21.self_attn.o_proj,21,layers_16_23,o_proj,attention,4096,4096,16777216,-1.234938054039958e-06,0.017696596682071686,0.01405851449817419,0.55078125,4.971027374267578e-05,1.1304455995559692,5.367800235748291,1.130595326423645,1.3105677366256714,0.0006044530089184263,0.09770672256902437,0.04282279044855386,3.546875,0.12088008224964142,sparse_nvfp4,0.16512992819069688,0.4063618193072485,3.0234375
152,model.layers.21.mlp.gate_proj,21,layers_16_23,gate_proj,mlp,4096,11008,45088768,-3.868204294121824e-05,0.019864678382873535,0.01575940102338791,0.296875,7.671533967368305e-05,1.2643280029296875,2.772496223449707,2.0841240882873535,2.1442184448242188,0.001207635518085226,0.34389581801096963,0.2717411769554019,8.625,0.7759559601545334,dense_nvfp4,0.0037592503589574233,0.06131272591360967,0.34375
152,model.layers.21.mlp.gate_proj,21,layers_16_23,gate_proj,mlp,4096,11008,45088768,-3.868204294121824e-05,0.019864678382873535,0.01575940102338791,0.296875,7.671533967368305e-05,1.2643280029296875,2.772496223449707,2.0841240882873535,2.1442184448242188,0.001207635518085226,0.34389581801096963,0.2717411769554019,8.625,0.7759559601545334,sparse_bf16,0.0465275247217353,0.21570239850714526,1.546875
152,model.layers.21.mlp.gate_proj,21,layers_16_23,gate_proj,mlp,4096,11008,45088768,-3.868204294121824e-05,0.019864678382873535,0.01575940102338791,0.296875,7.671533967368305e-05,1.2643280029296875,2.772496223449707,2.0841240882873535,2.1442184448242188,0.001207635518085226,0.34389581801096963,0.2717411769554019,8.625,0.7759559601545334,sparse_nvfp4,0.09477473339406015,0.30785505257192086,2.484375
153,model.layers.21.mlp.up_proj,21,layers_16_23,up_proj,mlp,4096,11008,45088768,-1.360056330668158e-06,0.018429839983582497,0.014689723029732704,0.2333984375,8.206035090552177e-06,1.1788512468338013,1.4912467002868652,1.9332510232925415,1.9823017120361328,0.001207635518085226,0.34389581801096963,0.2717411769554019,8.625,0.7903456836938858,dense_nvfp4,0.005564049050725153,0.0745925535876414,0.25
153,model.layers.21.mlp.up_proj,21,layers_16_23,up_proj,mlp,4096,11008,45088768,-1.360056330668158e-06,0.018429839983582497,0.014689723029732704,0.2333984375,8.206035090552177e-06,1.1788512468338013,1.4912467002868652,1.9332510232925415,1.9823017120361328,0.001207635518085226,0.34389581801096963,0.2717411769554019,8.625,0.7903456836938858,sparse_bf16,0.06835463656591509,0.2614471965156924,0.88623046875
153,model.layers.21.mlp.up_proj,21,layers_16_23,up_proj,mlp,4096,11008,45088768,-1.360056330668158e-06,0.018429839983582497,0.014689723029732704,0.2333984375,8.206035090552177e-06,1.1788512468338013,1.4912467002868652,1.9332510232925415,1.9823017120361328,0.001207635518085226,0.34389581801096963,0.2717411769554019,8.625,0.7903456836938858,sparse_nvfp4,0.13543748463958366,0.36801832106511173,1.5
154,model.layers.21.mlp.down_proj,21,layers_16_23,down_proj,mlp,11008,4096,45088768,1.5498676475544926e-06,0.01829989068210125,0.014582980424165726,0.734375,1.0933987141470425e-05,1.9189571142196655,3.9872629642486572,1.170639991760254,1.4893920421600342,-0.00039902080649436926,0.1364003631702847,0.06968590738468391,24.25,0.2548856679783311,dense_nvfp4,0.006636928762054629,0.08146734782754762,0.357421875
154,model.layers.21.mlp.down_proj,21,layers_16_23,down_proj,mlp,11008,4096,45088768,1.5498676475544926e-06,0.01829989068210125,0.014582980424165726,0.734375,1.0933987141470425e-05,1.9189571142196655,3.9872629642486572,1.170639991760254,1.4893920421600342,-0.00039902080649436926,0.1364003631702847,0.06968590738468391,24.25,0.2548856679783311,sparse_bf16,0.07869766847374479,0.28053104725456823,0.923828125
154,model.layers.21.mlp.down_proj,21,layers_16_23,down_proj,mlp,11008,4096,45088768,1.5498676475544926e-06,0.01829989068210125,0.014582980424165726,0.734375,1.0933987141470425e-05,1.9189571142196655,3.9872629642486572,1.170639991760254,1.4893920421600342,-0.00039902080649436926,0.1364003631702847,0.06968590738468391,24.25,0.2548856679783311,sparse_nvfp4,0.15691418075316008,0.3961239462001257,1.06982421875
155,model.layers.22.self_attn.q_proj,22,layers_16_23,q_proj,attention,4096,4096,16777216,1.5931753978293273e-06,0.02270991913974285,0.01752666011452675,0.875,0.00013625621795654297,1.4098687171936035,2.620462656021118,1.451507329940796,5.34979248046875,0.003449151409768092,0.4848757547983157,0.35772177670150995,18.125,0.804638460278511,dense_nvfp4,0.0018349160508731597,0.042835920100695396,0.4375
155,model.layers.22.self_attn.q_proj,22,layers_16_23,q_proj,attention,4096,4096,16777216,1.5931753978293273e-06,0.02270991913974285,0.01752666011452675,0.875,0.00013625621795654297,1.4098687171936035,2.620462656021118,1.451507329940796,5.34979248046875,0.003449151409768092,0.4848757547983157,0.35772177670150995,18.125,0.804638460278511,sparse_bf16,0.020599154307212715,0.14352405480341165,1.8125
155,model.layers.22.self_attn.q_proj,22,layers_16_23,q_proj,attention,4096,4096,16777216,1.5931753978293273e-06,0.02270991913974285,0.01752666011452675,0.875,0.00013625621795654297,1.4098687171936035,2.620462656021118,1.451507329940796,5.34979248046875,0.003449151409768092,0.4848757547983157,0.35772177670150995,18.125,0.804638460278511,sparse_nvfp4,0.042061801879688235,0.20508974103959524,2.625
156,model.layers.22.self_attn.k_proj,22,layers_16_23,k_proj,attention,4096,4096,16777216,-4.984188763046404e-06,0.02299744077026844,0.01766752079129219,0.31640625,0.0001842975616455078,1.4213833808898926,2.7508227825164795,1.4703234434127808,2.584667682647705,0.003449151409768092,0.4848757547983157,0.35772177670150995,18.125,0.8028659224510193,dense_nvfp4,0.0014201766461743675,0.03768523114131539,0.5
156,model.layers.22.self_attn.k_proj,22,layers_16_23,k_proj,attention,4096,4096,16777216,-4.984188763046404e-06,0.02299744077026844,0.01766752079129219,0.31640625,0.0001842975616455078,1.4213833808898926,2.7508227825164795,1.4703234434127808,2.584667682647705,0.003449151409768092,0.4848757547983157,0.35772177670150995,18.125,0.8028659224510193,sparse_bf16,0.01577219768340706,0.1255874105291094,1.75
156,model.layers.22.self_attn.k_proj,22,layers_16_23,k_proj,attention,4096,4096,16777216,-4.984188763046404e-06,0.02299744077026844,0.01766752079129219,0.31640625,0.0001842975616455078,1.4213833808898926,2.7508227825164795,1.4703234434127808,2.584667682647705,0.003449151409768092,0.4848757547983157,0.35772177670150995,18.125,0.8028659224510193,sparse_nvfp4,0.03260045556217607,0.18055596241103772,3.125
157,model.layers.22.self_attn.v_proj,22,layers_16_23,v_proj,attention,4096,4096,16777216,-2.163119461329188e-06,0.01801968365907669,0.014303380623459816,0.154296875,5.781650543212891e-06,1.149251937866211,1.3603390455245972,1.1515346765518188,1.2162835597991943,0.003449151409768092,0.4848757547983157,0.35772177670150995,18.125,0.8395199030637741,dense_nvfp4,0.006715752816715525,0.0819496968677464,0.30078125
157,model.layers.22.self_attn.v_proj,22,layers_16_23,v_proj,attention,4096,4096,16777216,-2.163119461329188e-06,0.01801968365907669,0.014303380623459816,0.154296875,5.781650543212891e-06,1.149251937866211,1.3603390455245972,1.1515346765518188,1.2162835597991943,0.003449151409768092,0.4848757547983157,0.35772177670150995,18.125,0.8395199030637741,sparse_bf16,0.07793328873594912,0.27916534300652207,1.1953125
157,model.layers.22.self_attn.v_proj,22,layers_16_23,v_proj,attention,4096,4096,16777216,-2.163119461329188e-06,0.01801968365907669,0.014303380623459816,0.154296875,5.781650543212891e-06,1.149251937866211,1.3603390455245972,1.1515346765518188,1.2162835597991943,0.003449151409768092,0.4848757547983157,0.35772177670150995,18.125,0.8395199030637741,sparse_nvfp4,0.15302150416126548,0.39117963157770047,1.40234375
158,model.layers.22.self_attn.o_proj,22,layers_16_23,o_proj,attention,4096,4096,16777216,2.617828158690827e-06,0.017738739028573036,0.014035210013389587,0.7734375,4.6193599700927734e-05,1.1308224201202393,7.413069248199463,1.1323623657226562,1.3192330598831177,-0.00035442765079096716,0.12493304451105848,0.05635686230380088,6.25,0.1699478179216385,dense_nvfp4,0.005223357858854178,0.07227280165355553,0.5078125
158,model.layers.22.self_attn.o_proj,22,layers_16_23,o_proj,attention,4096,4096,16777216,2.617828158690827e-06,0.017738739028573036,0.014035210013389587,0.7734375,4.6193599700927734e-05,1.1308224201202393,7.413069248199463,1.1323623657226562,1.3192330598831177,-0.00035442765079096716,0.12493304451105848,0.05635686230380088,6.25,0.1699478179216385,sparse_bf16,0.06453980431624073,0.25404685456868137,5.84375
158,model.layers.22.self_attn.o_proj,22,layers_16_23,o_proj,attention,4096,4096,16777216,2.617828158690827e-06,0.017738739028573036,0.014035210013389587,0.7734375,4.6193599700927734e-05,1.1308224201202393,7.413069248199463,1.1323623657226562,1.3192330598831177,-0.00035442765079096716,0.12493304451105848,0.05635686230380088,6.25,0.1699478179216385,sparse_nvfp4,0.12920879999248455,0.3594562560207911,5.53125
159,model.layers.22.mlp.gate_proj,22,layers_16_23,gate_proj,mlp,4096,11008,45088768,-1.7882104657473974e-05,0.01997951976954937,0.015862256288528442,0.37109375,6.25432949163951e-05,1.2724846601486206,2.775810480117798,2.096172332763672,2.1827588081359863,0.001096646527912526,0.3544269269609546,0.2801965372636914,8.375,0.7811909168958664,dense_nvfp4,0.0038958183916306417,0.06241649134347942,0.3515625
159,model.layers.22.mlp.gate_proj,22,layers_16_23,gate_proj,mlp,4096,11008,45088768,-1.7882104657473974e-05,0.01997951976954937,0.015862256288528442,0.37109375,6.25432949163951e-05,1.2724846601486206,2.775810480117798,2.096172332763672,2.1827588081359863,0.001096646527912526,0.3544269269609546,0.2801965372636914,8.375,0.7811909168958664,sparse_bf16,0.048268955140289796,0.21970196890399002,1.71875
159,model.layers.22.mlp.gate_proj,22,layers_16_23,gate_proj,mlp,4096,11008,45088768,-1.7882104657473974e-05,0.01997951976954937,0.015862256288528442,0.37109375,6.25432949163951e-05,1.2724846601486206,2.775810480117798,2.096172332763672,2.1827588081359863,0.001096646527912526,0.3544269269609546,0.2801965372636914,8.375,0.7811909168958664,sparse_nvfp4,0.09846336016127621,0.3137887189834526,2.625
160,model.layers.22.mlp.up_proj,22,layers_16_23,up_proj,mlp,4096,11008,45088768,-9.566192602505907e-07,0.01842021569609642,0.014683838933706284,0.275390625,6.941862011444755e-06,1.178375005722046,1.5286098718643188,1.9322725534439087,1.977264642715454,0.001096646527912526,0.3544269269609546,0.2801965372636914,8.375,0.7962376922369003,dense_nvfp4,0.005649641702399275,0.07516409849389052,0.2265625
160,model.layers.22.mlp.up_proj,22,layers_16_23,up_proj,mlp,4096,11008,45088768,-9.566192602505907e-07,0.01842021569609642,0.014683838933706284,0.275390625,6.941862011444755e-06,1.178375005722046,1.5286098718643188,1.9322725534439087,1.977264642715454,0.001096646527912526,0.3544269269609546,0.2801965372636914,8.375,0.7962376922369003,sparse_bf16,0.06924349191581472,0.26314158150283795,0.890625
160,model.layers.22.mlp.up_proj,22,layers_16_23,up_proj,mlp,4096,11008,45088768,-9.566192602505907e-07,0.01842021569609642,0.014683838933706284,0.275390625,6.941862011444755e-06,1.178375005722046,1.5286098718643188,1.9322725534439087,1.977264642715454,0.001096646527912526,0.3544269269609546,0.2801965372636914,8.375,0.7962376922369003,sparse_nvfp4,0.13752511716919855,0.3708437907922938,1.40625
161,model.layers.22.mlp.down_proj,22,layers_16_23,down_proj,mlp,11008,4096,45088768,-2.1173445929889567e-06,0.018306633457541466,0.014591971412301064,0.388671875,6.897505045344587e-06,1.9196586608886719,3.5080008506774902,1.171158790588379,1.3604329824447632,0.00013038910399404283,0.14248664933468755,0.07358976973350657,29.625,0.2702311582343523,dense_nvfp4,0.006712848597875387,0.08193197543008093,0.234375
161,model.layers.22.mlp.down_proj,22,layers_16_23,down_proj,mlp,11008,4096,45088768,-2.1173445929889567e-06,0.018306633457541466,0.014591971412301064,0.388671875,6.897505045344587e-06,1.9196586608886719,3.5080008506774902,1.171158790588379,1.3604329824447632,0.00013038910399404283,0.14248664933468755,0.07358976973350657,29.625,0.2702311582343523,sparse_bf16,0.08321532539126335,0.28847066643120467,0.779296875
161,model.layers.22.mlp.down_proj,22,layers_16_23,down_proj,mlp,11008,4096,45088768,-2.1173445929889567e-06,0.018306633457541466,0.014591971412301064,0.388671875,6.897505045344587e-06,1.9196586608886719,3.5080008506774902,1.171158790588379,1.3604329824447632,0.00013038910399404283,0.14248664933468755,0.07358976973350657,29.625,0.2702311582343523,sparse_nvfp4,0.16628300093359802,0.4077781270906987,1.162109375
162,model.layers.23.self_attn.q_proj,23,layers_16_23,q_proj,attention,4096,4096,16777216,6.809822480136063e-06,0.02255074493587017,0.017483990639448166,0.81640625,0.00011736154556274414,1.406579852104187,2.2204947471618652,1.4412058591842651,5.4966278076171875,0.0034269756013145525,0.5050639696364311,0.3785580862313509,17.25,0.8163851350545883,dense_nvfp4,0.0020970529816111702,0.045793591053892795,0.46875
162,model.layers.23.self_attn.q_proj,23,layers_16_23,q_proj,attention,4096,4096,16777216,6.809822480136063e-06,0.02255074493587017,0.017483990639448166,0.81640625,0.00011736154556274414,1.406579852104187,2.2204947471618652,1.4412058591842651,5.4966278076171875,0.0034269756013145525,0.5050639696364311,0.3785580862313509,17.25,0.8163851350545883,sparse_bf16,0.024111759236905526,0.15527961629558956,1.875
162,model.layers.23.self_attn.q_proj,23,layers_16_23,q_proj,attention,4096,4096,16777216,6.809822480136063e-06,0.02255074493587017,0.017483990639448166,0.81640625,0.00011736154556274414,1.406579852104187,2.2204947471618652,1.4412058591842651,5.4966278076171875,0.0034269756013145525,0.5050639696364311,0.3785580862313509,17.25,0.8163851350545883,sparse_nvfp4,0.048983692410876835,0.22132259805739865,2.9375
163,model.layers.23.self_attn.k_proj,23,layers_16_23,k_proj,attention,4096,4096,16777216,-5.082473307993496e-06,0.022724749520421028,0.017564019188284874,0.3125,0.00014775991439819336,1.412748098373413,2.634260654449463,1.453145980834961,2.5553884506225586,0.0034269756013145525,0.5050639696364311,0.3785580862313509,17.25,0.8156451135873795,dense_nvfp4,0.0016193423904962687,0.040241053546052556,0.5
163,model.layers.23.self_attn.k_proj,23,layers_16_23,k_proj,attention,4096,4096,16777216,-5.082473307993496e-06,0.022724749520421028,0.017564019188284874,0.3125,0.00014775991439819336,1.412748098373413,2.634260654449463,1.453145980834961,2.5553884506225586,0.0034269756013145525,0.5050639696364311,0.3785580862313509,17.25,0.8156451135873795,sparse_bf16,0.018615673473259545,0.13643926661067754,1.84375
163,model.layers.23.self_attn.k_proj,23,layers_16_23,k_proj,attention,4096,4096,16777216,-5.082473307993496e-06,0.022724749520421028,0.017564019188284874,0.3125,0.00014775991439819336,1.412748098373413,2.634260654449463,1.453145980834961,2.5553884506225586,0.0034269756013145525,0.5050639696364311,0.3785580862313509,17.25,0.8156451135873795,sparse_nvfp4,0.03826029333778772,0.19560238581824027,2.9375
164,model.layers.23.self_attn.v_proj,23,layers_16_23,v_proj,attention,4096,4096,16777216,3.324984618302551e-06,0.01886514015495777,0.014972634613513947,0.1533203125,7.092952728271484e-06,1.2029060125350952,1.4173763990402222,1.2056775093078613,1.2780468463897705,0.0034269756013145525,0.5050639696364311,0.3785580862313509,17.25,0.8419421166181564,dense_nvfp4,0.006881634203974186,0.0829556158676083,0.31640625
164,model.layers.23.self_attn.v_proj,23,layers_16_23,v_proj,attention,4096,4096,16777216,3.324984618302551e-06,0.01886514015495777,0.014972634613513947,0.1533203125,7.092952728271484e-06,1.2029060125350952,1.4173763990402222,1.2056775093078613,1.2780468463897705,0.0034269756013145525,0.5050639696364311,0.3785580862313509,17.25,0.8419421166181564,sparse_bf16,0.08138513409631938,0.2852807986814384,1.291015625
164,model.layers.23.self_attn.v_proj,23,layers_16_23,v_proj,attention,4096,4096,16777216,3.324984618302551e-06,0.01886514015495777,0.014972634613513947,0.1533203125,7.092952728271484e-06,1.2029060125350952,1.4173763990402222,1.2056775093078613,1.2780468463897705,0.0034269756013145525,0.5050639696364311,0.3785580862313509,17.25,0.8419421166181564,sparse_nvfp4,0.16019093111972246,0.4002385927415327,1.65234375
165,model.layers.23.self_attn.o_proj,23,layers_16_23,o_proj,attention,4096,4096,16777216,3.4334329939156305e-06,0.018633916974067688,0.014789595268666744,0.484375,4.5299530029296875e-05,1.1907082796096802,5.207500457763672,1.188709020614624,1.3979767560958862,-0.00018515410317831993,0.11218636658492366,0.04678435530513525,6.875,0.12463609874248505,dense_nvfp4,0.006301091903921994,0.07937941738210223,0.53125
165,model.layers.23.self_attn.o_proj,23,layers_16_23,o_proj,attention,4096,4096,16777216,3.4334329939156305e-06,0.018633916974067688,0.014789595268666744,0.484375,4.5299530029296875e-05,1.1907082796096802,5.207500457763672,1.188709020614624,1.3979767560958862,-0.00018515410317831993,0.11218636658492366,0.04678435530513525,6.875,0.12463609874248505,sparse_bf16,0.08413780309273264,0.2900651704233596,2.1953125
165,model.layers.23.self_attn.o_proj,23,layers_16_23,o_proj,attention,4096,4096,16777216,3.4334329939156305e-06,0.018633916974067688,0.014789595268666744,0.484375,4.5299530029296875e-05,1.1907082796096802,5.207500457763672,1.188709020614624,1.3979767560958862,-0.00018515410317831993,0.11218636658492366,0.04678435530513525,6.875,0.12463609874248505,sparse_nvfp4,0.17873280381356485,0.42276802600665636,2.890625
166,model.layers.23.mlp.gate_proj,23,layers_16_23,gate_proj,mlp,4096,11008,45088768,-1.3872878298570868e-05,0.019973723217844963,0.01587522029876709,0.416015625,3.64392290066462e-05,1.2735079526901245,2.4262921810150146,2.0955605506896973,2.1713173389434814,0.0011896942544353806,0.3652513587483987,0.28860244434326887,8.0625,0.786266565322876,dense_nvfp4,0.00426907634950037,0.0653381691624457,0.359375
166,model.layers.23.mlp.gate_proj,23,layers_16_23,gate_proj,mlp,4096,11008,45088768,-1.3872878298570868e-05,0.019973723217844963,0.01587522029876709,0.416015625,3.64392290066462e-05,1.2735079526901245,2.4262921810150146,2.0955605506896973,2.1713173389434814,0.0011896942544353806,0.3652513587483987,0.28860244434326887,8.0625,0.786266565322876,sparse_bf16,0.05374544218232286,0.23183063253660605,1.71875
166,model.layers.23.mlp.gate_proj,23,layers_16_23,gate_proj,mlp,4096,11008,45088768,-1.3872878298570868e-05,0.019973723217844963,0.01587522029876709,0.416015625,3.64392290066462e-05,1.2735079526901245,2.4262921810150146,2.0955605506896973,2.1713173389434814,0.0011896942544353806,0.3652513587483987,0.28860244434326887,8.0625,0.786266565322876,sparse_nvfp4,0.10842069209757445,0.32927297504893177,2.625
167,model.layers.23.mlp.up_proj,23,layers_16_23,up_proj,mlp,4096,11008,45088768,8.050905648815387e-07,0.018510684370994568,0.014757960103452206,0.296875,7.208003353298409e-06,1.1842528581619263,1.554420828819275,1.9417561292648315,1.9811949729919434,0.0011896942544353806,0.3652513587483987,0.28860244434326887,8.0625,0.800882562994957,dense_nvfp4,0.005906579978293216,0.07685427755364835,0.251953125
167,model.layers.23.mlp.up_proj,23,layers_16_23,up_proj,mlp,4096,11008,45088768,8.050905648815387e-07,0.018510684370994568,0.014757960103452206,0.296875,7.208003353298409e-06,1.1842528581619263,1.554420828819275,1.9417561292648315,1.9811949729919434,0.0011896942544353806,0.3652513587483987,0.28860244434326887,8.0625,0.800882562994957,sparse_bf16,0.0739180127303974,0.2718786728127041,1.03125
167,model.layers.23.mlp.up_proj,23,layers_16_23,up_proj,mlp,4096,11008,45088768,8.050905648815387e-07,0.018510684370994568,0.014757960103452206,0.296875,7.208003353298409e-06,1.1842528581619263,1.554420828819275,1.9417561292648315,1.9811949729919434,0.0011896942544353806,0.3652513587483987,0.28860244434326887,8.0625,0.800882562994957,sparse_nvfp4,0.14630813681898683,0.3825024664220962,1.46875
168,model.layers.23.mlp.down_proj,23,layers_16_23,down_proj,mlp,11008,4096,45088768,3.894412202498643e-06,0.0184159018099308,0.014677884988486767,1.3125,7.407609700749163e-06,1.9310983419418335,3.551919937133789,1.17820143699646,1.4853681325912476,-0.00019156346164425823,0.1463969603901153,0.07502385402141615,34.0,0.27279414132583973,dense_nvfp4,0.006797560823332631,0.08244732150490172,0.513671875
168,model.layers.23.mlp.down_proj,23,layers_16_23,down_proj,mlp,11008,4096,45088768,3.894412202498643e-06,0.0184159018099308,0.014677884988486767,1.3125,7.407609700749163e-06,1.9310983419418335,3.551919937133789,1.17820143699646,1.4853681325912476,-0.00019156346164425823,0.1463969603901153,0.07502385402141615,34.0,0.27279414132583973,sparse_bf16,0.08707068384205777,0.2950774200816758,0.9296875
168,model.layers.23.mlp.down_proj,23,layers_16_23,down_proj,mlp,11008,4096,45088768,3.894412202498643e-06,0.0184159018099308,0.014677884988486767,1.3125,7.407609700749163e-06,1.9310983419418335,3.551919937133789,1.17820143699646,1.4853681325912476,-0.00019156346164425823,0.1463969603901153,0.07502385402141615,34.0,0.27279414132583973,sparse_nvfp4,0.1718631182422702,0.41456376860776223,1.2626953125
169,model.layers.24.self_attn.q_proj,24,layers_24_31,q_proj,attention,4096,4096,16777216,2.45694832301524e-06,0.021924642845988274,0.016763240098953247,1.03125,0.00020503997802734375,1.3482085466384888,2.472381591796875,1.4011248350143433,5.299289226531982,0.003417762997742102,0.503182856725553,0.3726464081555605,19.375,0.8206987977027893,dense_nvfp4,0.0020565134629494555,0.04534879781151266,0.4609375
169,model.layers.24.self_attn.q_proj,24,layers_24_31,q_proj,attention,4096,4096,16777216,2.45694832301524e-06,0.021924642845988274,0.016763240098953247,1.03125,0.00020503997802734375,1.3482085466384888,2.472381591796875,1.4011248350143433,5.299289226531982,0.003417762997742102,0.503182856725553,0.3726464081555605,19.375,0.8206987977027893,sparse_bf16,0.02374911461007575,0.1541074774632164,2.078125
169,model.layers.24.self_attn.q_proj,24,layers_24_31,q_proj,attention,4096,4096,16777216,2.45694832301524e-06,0.021924642845988274,0.016763240098953247,1.03125,0.00020503997802734375,1.3482085466384888,2.472381591796875,1.4011248350143433,5.299289226531982,0.003417762997742102,0.503182856725553,0.3726464081555605,19.375,0.8206987977027893,sparse_nvfp4,0.048493708124939146,0.2202128700256621,2.6875
170,model.layers.24.self_attn.k_proj,24,layers_24_31,k_proj,attention,4096,4096,16777216,9.86230679700384e-06,0.022040225565433502,0.016764916479587555,0.330078125,0.000261843204498291,1.3491604328155518,2.6539840698242188,1.408494472503662,2.7516140937805176,0.003417762997742102,0.503182856725553,0.3726464081555605,19.375,0.8198370784521103,dense_nvfp4,0.0014708682070685526,0.0383518996539748,0.453125
170,model.layers.24.self_attn.k_proj,24,layers_24_31,k_proj,attention,4096,4096,16777216,9.86230679700384e-06,0.022040225565433502,0.016764916479587555,0.330078125,0.000261843204498291,1.3491604328155518,2.6539840698242188,1.408494472503662,2.7516140937805176,0.003417762997742102,0.503182856725553,0.3726464081555605,19.375,0.8198370784521103,sparse_bf16,0.016979869084108205,0.1303068266980215,1.8125
170,model.layers.24.self_attn.k_proj,24,layers_24_31,k_proj,attention,4096,4096,16777216,9.86230679700384e-06,0.022040225565433502,0.016764916479587555,0.330078125,0.000261843204498291,1.3491604328155518,2.6539840698242188,1.408494472503662,2.7516140937805176,0.003417762997742102,0.503182856725553,0.3726464081555605,19.375,0.8198370784521103,sparse_nvfp4,0.03502268493185432,0.18714348754860352,2.875
171,model.layers.24.self_attn.v_proj,24,layers_24_31,v_proj,attention,4096,4096,16777216,2.0291440705477726e-06,0.018695563077926636,0.01485261507332325,0.1845703125,7.3909759521484375e-06,1.1934832334518433,1.4211896657943726,1.1948384046554565,1.271242618560791,0.003417762997742102,0.503182856725553,0.3726464081555605,19.375,0.839942142367363,dense_nvfp4,0.007035957066452403,0.08388061198186625,0.310546875
171,model.layers.24.self_attn.v_proj,24,layers_24_31,v_proj,attention,4096,4096,16777216,2.0291440705477726e-06,0.018695563077926636,0.01485261507332325,0.1845703125,7.3909759521484375e-06,1.1934832334518433,1.4211896657943726,1.1948384046554565,1.271242618560791,0.003417762997742102,0.503182856725553,0.3726464081555605,19.375,0.839942142367363,sparse_bf16,0.0836775105846392,0.28927065282299064,1.255859375
171,model.layers.24.self_attn.v_proj,24,layers_24_31,v_proj,attention,4096,4096,16777216,2.0291440705477726e-06,0.018695563077926636,0.01485261507332325,0.1845703125,7.3909759521484375e-06,1.1934832334518433,1.4211896657943726,1.1948384046554565,1.271242618560791,0.003417762997742102,0.503182856725553,0.3726464081555605,19.375,0.839942142367363,sparse_nvfp4,0.16483885787637434,0.40600351953693004,1.625
172,model.layers.24.self_attn.o_proj,24,layers_24_31,o_proj,attention,4096,4096,16777216,-2.0361339920782484e-06,0.01837320812046528,0.014570850878953934,0.73046875,4.410743713378906e-05,1.17274808883667,6.487186908721924,1.1732845306396484,1.4281619787216187,0.0001686722717977318,0.12056965581623692,0.05477487575262785,5.65625,0.16173303127288818,dense_nvfp4,0.0050163822858794,0.07082642364174122,0.6875
172,model.layers.24.self_attn.o_proj,24,layers_24_31,o_proj,attention,4096,4096,16777216,-2.0361339920782484e-06,0.01837320812046528,0.014570850878953934,0.73046875,4.410743713378906e-05,1.17274808883667,6.487186908721924,1.1732845306396484,1.4281619787216187,0.0001686722717977318,0.12056965581623692,0.05477487575262785,5.65625,0.16173303127288818,sparse_bf16,0.06467983210386717,0.2543222996590491,4.3359375
172,model.layers.24.self_attn.o_proj,24,layers_24_31,o_proj,attention,4096,4096,16777216,-2.0361339920782484e-06,0.01837320812046528,0.014570850878953934,0.73046875,4.410743713378906e-05,1.17274808883667,6.487186908721924,1.1732845306396484,1.4281619787216187,0.0001686722717977318,0.12056965581623692,0.05477487575262785,5.65625,0.16173303127288818,sparse_nvfp4,0.15152884725265214,0.3892670641765781,5.0625
173,model.layers.24.mlp.gate_proj,24,layers_24_31,gate_proj,mlp,4096,11008,45088768,-1.454789799026912e-05,0.020022649317979813,0.015910379588603973,0.34765625,4.291534423828125e-05,1.2763139009475708,2.415674924850464,2.100700616836548,2.1884422302246094,0.0008000167429145222,0.37385801969634924,0.2954613044857979,8.875,0.7906899303197861,dense_nvfp4,0.004353602545542169,0.06598183496646762,0.36328125
173,model.layers.24.mlp.gate_proj,24,layers_24_31,gate_proj,mlp,4096,11008,45088768,-1.454789799026912e-05,0.020022649317979813,0.015910379588603973,0.34765625,4.291534423828125e-05,1.2763139009475708,2.415674924850464,2.100700616836548,2.1884422302246094,0.0008000167429145222,0.37385801969634924,0.2954613044857979,8.875,0.7906899303197861,sparse_bf16,0.05588876347443643,0.23640804443680935,1.6015625
173,model.layers.24.mlp.gate_proj,24,layers_24_31,gate_proj,mlp,4096,11008,45088768,-1.454789799026912e-05,0.020022649317979813,0.015910379588603973,0.34765625,4.291534423828125e-05,1.2763139009475708,2.415674924850464,2.100700616836548,2.1884422302246094,0.0008000167429145222,0.37385801969634924,0.2954613044857979,8.875,0.7906899303197861,sparse_nvfp4,0.11330783060577487,0.3366122852864626,2.15625
174,model.layers.24.mlp.up_proj,24,layers_24_31,up_proj,mlp,4096,11008,45088768,5.9030880947830155e-06,0.01856699027121067,0.014804170466959476,0.1982421875,6.365221452142578e-06,1.1879440546035767,1.4698486328125,1.9476646184921265,1.9903883934020996,0.0008000167429145222,0.37385801969634924,0.2954613044857979,8.875,0.8047624081373215,dense_nvfp4,0.006044898704728033,0.07774894664706418,0.23583984375
174,model.layers.24.mlp.up_proj,24,layers_24_31,up_proj,mlp,4096,11008,45088768,5.9030880947830155e-06,0.01856699027121067,0.014804170466959476,0.1982421875,6.365221452142578e-06,1.1879440546035767,1.4698486328125,1.9476646184921265,1.9903883934020996,0.0008000167429145222,0.37385801969634924,0.2954613044857979,8.875,0.8047624081373215,sparse_bf16,0.07694883830053528,0.2773965362086111,1.0234375
174,model.layers.24.mlp.up_proj,24,layers_24_31,up_proj,mlp,4096,11008,45088768,5.9030880947830155e-06,0.01856699027121067,0.014804170466959476,0.1982421875,6.365221452142578e-06,1.1879440546035767,1.4698486328125,1.9476646184921265,1.9903883934020996,0.0008000167429145222,0.37385801969634924,0.2954613044857979,8.875,0.8047624081373215,sparse_nvfp4,0.15291337050661474,0.39104139231878604,1.5
175,model.layers.24.mlp.down_proj,24,layers_24_31,down_proj,mlp,11008,4096,45088768,1.7678207342441965e-08,0.018481869250535965,0.014732930809259415,0.7265625,5.877295279788086e-06,1.9379907846450806,3.2814199924468994,1.182471513748169,1.4483987092971802,-8.323612513946543e-05,0.1497531073242555,0.07698097703761833,35.5,0.27890206492224406,dense_nvfp4,0.006901323664692334,0.08307420577226324,0.2578125
175,model.layers.24.mlp.down_proj,24,layers_24_31,down_proj,mlp,11008,4096,45088768,1.7678207342441965e-08,0.018481869250535965,0.014732930809259415,0.7265625,5.877295279788086e-06,1.9379907846450806,3.2814199924468994,1.182471513748169,1.4483987092971802,-8.323612513946543e-05,0.1497531073242555,0.07698097703761833,35.5,0.27890206492224406,sparse_bf16,0.09159644556040783,0.30264904685197314,0.900390625
175,model.layers.24.mlp.down_proj,24,layers_24_31,down_proj,mlp,11008,4096,45088768,1.7678207342441965e-08,0.018481869250535965,0.014732930809259415,0.7265625,5.877295279788086e-06,1.9379907846450806,3.2814199924468994,1.182471513748169,1.4483987092971802,-8.323612513946543e-05,0.1497531073242555,0.07698097703761833,35.5,0.27890206492224406,sparse_nvfp4,0.1804964104174054,0.4248486912035924,1.328125
176,model.layers.25.self_attn.q_proj,25,layers_24_31,q_proj,attention,4096,4096,16777216,1.0907649539149133e-06,0.022109804674983025,0.017094269394874573,0.64453125,0.00013238191604614258,1.37496817111969,2.2647411823272705,1.4130566120147705,5.273104190826416,0.0035695770995971543,0.529191555219901,0.4001444820314646,17.125,0.8289609253406525,dense_nvfp4,0.0022974120699533174,0.04793132660331151,0.470703125
176,model.layers.25.self_attn.q_proj,25,layers_24_31,q_proj,attention,4096,4096,16777216,1.0907649539149133e-06,0.022109804674983025,0.017094269394874573,0.64453125,0.00013238191604614258,1.37496817111969,2.2647411823272705,1.4130566120147705,5.273104190826416,0.0035695770995971543,0.529191555219901,0.4001444820314646,17.125,0.8289609253406525,sparse_bf16,0.02770455163467864,0.1664468432703926,2.09375
176,model.layers.25.self_attn.q_proj,25,layers_24_31,q_proj,attention,4096,4096,16777216,1.0907649539149133e-06,0.022109804674983025,0.017094269394874573,0.64453125,0.00013238191604614258,1.37496817111969,2.2647411823272705,1.4130566120147705,5.273104190826416,0.0035695770995971543,0.529191555219901,0.4001444820314646,17.125,0.8289609253406525,sparse_nvfp4,0.05629197633903985,0.2372593019020326,2.84375
177,model.layers.25.self_attn.k_proj,25,layers_24_31,k_proj,attention,4096,4096,16777216,6.847611984994728e-06,0.022182555869221687,0.017122063785791397,0.365234375,0.00014919042587280273,1.376906394958496,2.3276515007019043,1.418391227722168,2.613971710205078,0.0035695770995971543,0.529191555219901,0.4001444820314646,17.125,0.8289609253406525,dense_nvfp4,0.0018094628516830643,0.042537781461696664,0.5
177,model.layers.25.self_attn.k_proj,25,layers_24_31,k_proj,attention,4096,4096,16777216,6.847611984994728e-06,0.022182555869221687,0.017122063785791397,0.365234375,0.00014919042587280273,1.376906394958496,2.3276515007019043,1.418391227722168,2.613971710205078,0.0035695770995971543,0.529191555219901,0.4001444820314646,17.125,0.8289609253406525,sparse_bf16,0.021636676909496593,0.14709410902376951,2.0
177,model.layers.25.self_attn.k_proj,25,layers_24_31,k_proj,attention,4096,4096,16777216,6.847611984994728e-06,0.022182555869221687,0.017122063785791397,0.365234375,0.00014919042587280273,1.376906394958496,2.3276515007019043,1.418391227722168,2.613971710205078,0.0035695770995971543,0.529191555219901,0.4001444820314646,17.125,0.8289609253406525,sparse_nvfp4,0.04435062813646995,0.21059588822308462,2.9375
178,model.layers.25.self_attn.v_proj,25,layers_24_31,v_proj,attention,4096,4096,16777216,3.6688745694846148e-06,0.01939672976732254,0.015412896871566772,0.1259765625,6.735324859619141e-06,1.2381137609481812,1.4893101453781128,1.2398020029067993,1.3053802251815796,0.0035695770995971543,0.529191555219901,0.4001444820314646,17.125,0.8452774882316589,dense_nvfp4,0.006993346352925223,0.08362623005328665,0.3359375
178,model.layers.25.self_attn.v_proj,25,layers_24_31,v_proj,attention,4096,4096,16777216,3.6688745694846148e-06,0.01939672976732254,0.015412896871566772,0.1259765625,6.735324859619141e-06,1.2381137609481812,1.4893101453781128,1.2398020029067993,1.3053802251815796,0.0035695770995971543,0.529191555219901,0.4001444820314646,17.125,0.8452774882316589,sparse_bf16,0.08601877660404558,0.29328957806926176,1.412109375
178,model.layers.25.self_attn.v_proj,25,layers_24_31,v_proj,attention,4096,4096,16777216,3.6688745694846148e-06,0.01939672976732254,0.015412896871566772,0.1259765625,6.735324859619141e-06,1.2381137609481812,1.4893101453781128,1.2398020029067993,1.3053802251815796,0.0035695770995971543,0.529191555219901,0.4001444820314646,17.125,0.8452774882316589,sparse_nvfp4,0.1690052826729594,0.4111025208788671,1.8828125
179,model.layers.25.self_attn.o_proj,25,layers_24_31,o_proj,attention,4096,4096,16777216,-2.1071502942504594e-07,0.019124936312437057,0.015207468532025814,0.65234375,3.641843795776367e-05,1.2227871417999268,4.181607246398926,1.2211778163909912,1.4724531173706055,-0.0005024208589929913,0.13393084867365784,0.054632792132906616,4.34375,0.1397738754749298,dense_nvfp4,0.005383383230462476,0.07337154237483683,0.34375
179,model.layers.25.self_attn.o_proj,25,layers_24_31,o_proj,attention,4096,4096,16777216,-2.1071502942504594e-07,0.019124936312437057,0.015207468532025814,0.65234375,3.641843795776367e-05,1.2227871417999268,4.181607246398926,1.2211778163909912,1.4724531173706055,-0.0005024208589929913,0.13393084867365784,0.054632792132906616,4.34375,0.1397738754749298,sparse_bf16,0.05045230380257083,0.2246159028265159,1.03125
179,model.layers.25.self_attn.o_proj,25,layers_24_31,o_proj,attention,4096,4096,16777216,-2.1071502942504594e-07,0.019124936312437057,0.015207468532025814,0.65234375,3.641843795776367e-05,1.2227871417999268,4.181607246398926,1.2211778163909912,1.4724531173706055,-0.0005024208589929913,0.13393084867365784,0.054632792132906616,4.34375,0.1397738754749298,sparse_nvfp4,0.10982182781812111,0.33139376550882954,1.3427734375
180,model.layers.25.mlp.gate_proj,25,layers_24_31,gate_proj,mlp,4096,11008,45088768,-1.836359479057137e-05,0.020061593502759933,0.01592850126326084,0.5546875,5.138752021593973e-05,1.2779461145401,2.669360399246216,2.104778289794922,2.1993417739868164,0.0019292182587378193,0.3861420703361593,0.30487466137856245,8.9375,0.7968484461307526,dense_nvfp4,0.004383684876749744,0.06620940172475313,0.40625
180,model.layers.25.mlp.gate_proj,25,layers_24_31,gate_proj,mlp,4096,11008,45088768,-1.836359479057137e-05,0.020061593502759933,0.01592850126326084,0.5546875,5.138752021593973e-05,1.2779461145401,2.669360399246216,2.104778289794922,2.1993417739868164,0.0019292182587378193,0.3861420703361593,0.30487466137856245,8.9375,0.7968484461307526,sparse_bf16,0.05631466288225752,0.23730710668300165,1.71875
180,model.layers.25.mlp.gate_proj,25,layers_24_31,gate_proj,mlp,4096,11008,45088768,-1.836359479057137e-05,0.020061593502759933,0.01592850126326084,0.5546875,5.138752021593973e-05,1.2779461145401,2.669360399246216,2.104778289794922,2.1993417739868164,0.0019292182587378193,0.3861420703361593,0.30487466137856245,8.9375,0.7968484461307526,sparse_nvfp4,0.11364190284143394,0.337108147100354,2.40625
181,model.layers.25.mlp.up_proj,25,layers_24_31,up_proj,mlp,4096,11008,45088768,-2.264175236632582e-06,0.01864786259829998,0.014867662452161312,0.251953125,7.4963236329494976e-06,1.1930537223815918,1.4762356281280518,1.9561126232147217,2.006436586380005,0.0019292182587378193,0.3861420703361593,0.30487466137856245,8.9375,0.8095502704381943,dense_nvfp4,0.006120723758777545,0.07823505453936583,0.234375
181,model.layers.25.mlp.up_proj,25,layers_24_31,up_proj,mlp,4096,11008,45088768,-2.264175236632582e-06,0.01864786259829998,0.014867662452161312,0.251953125,7.4963236329494976e-06,1.1930537223815918,1.4762356281280518,1.9561126232147217,2.006436586380005,0.0019292182587378193,0.3861420703361593,0.30487466137856245,8.9375,0.8095502704381943,sparse_bf16,0.07791205251431912,0.2791273052109362,1.0
181,model.layers.25.mlp.up_proj,25,layers_24_31,up_proj,mlp,4096,11008,45088768,-2.264175236632582e-06,0.01864786259829998,0.014867662452161312,0.251953125,7.4963236329494976e-06,1.1930537223815918,1.4762356281280518,1.9561126232147217,2.006436586380005,0.0019292182587378193,0.3861420703361593,0.30487466137856245,8.9375,0.8095502704381943,sparse_nvfp4,0.15429389712930403,0.39280261853672005,1.53125
182,model.layers.25.mlp.down_proj,25,layers_24_31,down_proj,mlp,11008,4096,45088768,5.116088686918374e-06,0.01857396401464939,0.014802873134613037,1.03125,6.054723144188756e-06,1.9476510286331177,2.9898476600646973,1.1881680488586426,1.6019858121871948,0.00015349332216976828,0.15557156085123233,0.08004632418931917,30.625,0.2900526579036269,dense_nvfp4,0.006816519351692958,0.08256221503625588,0.3125
182,model.layers.25.mlp.down_proj,25,layers_24_31,down_proj,mlp,11008,4096,45088768,5.116088686918374e-06,0.01857396401464939,0.014802873134613037,1.03125,6.054723144188756e-06,1.9476510286331177,2.9898476600646973,1.1881680488586426,1.6019858121871948,0.00015349332216976828,0.15557156085123233,0.08004632418931917,30.625,0.2900526579036269,sparse_bf16,0.0907240739973007,0.301204372473742,0.982421875
182,model.layers.25.mlp.down_proj,25,layers_24_31,down_proj,mlp,11008,4096,45088768,5.116088686918374e-06,0.01857396401464939,0.014802873134613037,1.03125,6.054723144188756e-06,1.9476510286331177,2.9898476600646973,1.1881680488586426,1.6019858121871948,0.00015349332216976828,0.15557156085123233,0.08004632418931917,30.625,0.2900526579036269,sparse_nvfp4,0.17857383883620992,0.4225799792183841,1.2080078125
183,model.layers.26.self_attn.q_proj,26,layers_24_31,q_proj,attention,4096,4096,16777216,2.9107068257872015e-06,0.021762236952781677,0.01676023006439209,0.86328125,0.0001710057258605957,1.34896719455719,2.308037281036377,1.3901394605636597,6.013626575469971,0.004984766253073758,0.5228204629007319,0.3920250218361616,18.0,0.8295677006244659,dense_nvfp4,0.002083650606184319,0.045647021876397575,0.5
183,model.layers.26.self_attn.q_proj,26,layers_24_31,q_proj,attention,4096,4096,16777216,2.9107068257872015e-06,0.021762236952781677,0.01676023006439209,0.86328125,0.0001710057258605957,1.34896719455719,2.308037281036377,1.3901394605636597,6.013626575469971,0.004984766253073758,0.5228204629007319,0.3920250218361616,18.0,0.8295677006244659,sparse_bf16,0.02491201434804337,0.1578354027081484,1.890625
183,model.layers.26.self_attn.q_proj,26,layers_24_31,q_proj,attention,4096,4096,16777216,2.9107068257872015e-06,0.021762236952781677,0.01676023006439209,0.86328125,0.0001710057258605957,1.34896719455719,2.308037281036377,1.3901394605636597,6.013626575469971,0.004984766253073758,0.5228204629007319,0.3920250218361616,18.0,0.8295677006244659,sparse_nvfp4,0.05123346281684457,0.22634810097909938,2.78125
184,model.layers.26.self_attn.k_proj,26,layers_24_31,k_proj,attention,4096,4096,16777216,8.65782658365788e-06,0.021933458745479584,0.016837522387504578,0.35546875,0.00021660327911376953,1.3545279502868652,2.6564340591430664,1.4018605947494507,2.8005146980285645,0.004984766253073758,0.5228204629007319,0.3920250218361616,18.0,0.8287354856729507,dense_nvfp4,0.0015789199351656509,0.03973562551622474,0.5
184,model.layers.26.self_attn.k_proj,26,layers_24_31,k_proj,attention,4096,4096,16777216,8.65782658365788e-06,0.021933458745479584,0.016837522387504578,0.35546875,0.00021660327911376953,1.3545279502868652,2.6564340591430664,1.4018605947494507,2.8005146980285645,0.004984766253073758,0.5228204629007319,0.3920250218361616,18.0,0.8287354856729507,sparse_bf16,0.0188962038186069,0.13746346357707892,2.1875
184,model.layers.26.self_attn.k_proj,26,layers_24_31,k_proj,attention,4096,4096,16777216,8.65782658365788e-06,0.021933458745479584,0.016837522387504578,0.35546875,0.00021660327911376953,1.3545279502868652,2.6564340591430664,1.4018605947494507,2.8005146980285645,0.004984766253073758,0.5228204629007319,0.3920250218361616,18.0,0.8287354856729507,sparse_nvfp4,0.03923594212737943,0.19808064551434457,3.1875
185,model.layers.26.self_attn.v_proj,26,layers_24_31,v_proj,attention,4096,4096,16777216,-1.5078561546033598e-06,0.019708633422851562,0.015606643632054329,0.1962890625,1.9371509552001953e-05,1.2540098428726196,1.7555500268936157,1.2595689296722412,1.3380783796310425,0.004984766253073758,0.5228204629007319,0.3920250218361616,18.0,0.840660572052002,dense_nvfp4,0.007239808209538285,0.08508706252738006,0.3763427734375
185,model.layers.26.self_attn.v_proj,26,layers_24_31,v_proj,attention,4096,4096,16777216,-1.5078561546033598e-06,0.019708633422851562,0.015606643632054329,0.1962890625,1.9371509552001953e-05,1.2540098428726196,1.7555500268936157,1.2595689296722412,1.3380783796310425,0.004984766253073758,0.5228204629007319,0.3920250218361616,18.0,0.840660572052002,sparse_bf16,0.08856605321475275,0.29760049263190536,1.509765625
185,model.layers.26.self_attn.v_proj,26,layers_24_31,v_proj,attention,4096,4096,16777216,-1.5078561546033598e-06,0.019708633422851562,0.015606643632054329,0.1962890625,1.9371509552001953e-05,1.2540098428726196,1.7555500268936157,1.2595689296722412,1.3380783796310425,0.004984766253073758,0.5228204629007319,0.3920250218361616,18.0,0.840660572052002,sparse_nvfp4,0.1742684769979661,0.41745476042077434,2.2918701171875
186,model.layers.26.self_attn.o_proj,26,layers_24_31,o_proj,attention,4096,4096,16777216,2.563920133979991e-06,0.019578497856855392,0.01544122863560915,0.6875,9.98377799987793e-05,1.2499736547470093,6.62076997756958,1.242932677268982,1.9659465551376343,0.0008120940201479243,0.13775363141818683,0.06457349914126098,6.1875,0.1846301406621933,dense_nvfp4,0.004542080831124046,0.0673949614668934,0.5625
186,model.layers.26.self_attn.o_proj,26,layers_24_31,o_proj,attention,4096,4096,16777216,2.563920133979991e-06,0.019578497856855392,0.01544122863560915,0.6875,9.98377799987793e-05,1.2499736547470093,6.62076997756958,1.242932677268982,1.9659465551376343,0.0008120940201479243,0.13775363141818683,0.06457349914126098,6.1875,0.1846301406621933,sparse_bf16,0.0589524802421198,0.24280131845218592,5.97265625
186,model.layers.26.self_attn.o_proj,26,layers_24_31,o_proj,attention,4096,4096,16777216,2.563920133979991e-06,0.019578497856855392,0.01544122863560915,0.6875,9.98377799987793e-05,1.2499736547470093,6.62076997756958,1.242932677268982,1.9659465551376343,0.0008120940201479243,0.13775363141818683,0.06457349914126098,6.1875,0.1846301406621933,sparse_nvfp4,0.12566375840823354,0.3544908438990118,6.3125
187,model.layers.26.mlp.gate_proj,26,layers_24_31,gate_proj,mlp,4096,11008,45088768,-1.899894414236769e-05,0.020123422145843506,0.015945743769407272,0.408203125,8.485483704134822e-05,1.2792671918869019,2.4486629962921143,2.111250877380371,2.229905128479004,0.0023880769624611276,0.3974158615839274,0.3137549739331007,9.875,0.8021779805421829,dense_nvfp4,0.004132425095310079,0.06428394119303886,0.390625
187,model.layers.26.mlp.gate_proj,26,layers_24_31,gate_proj,mlp,4096,11008,45088768,-1.899894414236769e-05,0.020123422145843506,0.015945743769407272,0.408203125,8.485483704134822e-05,1.2792671918869019,2.4486629962921143,2.111250877380371,2.229905128479004,0.0023880769624611276,0.3974158615839274,0.3137549739331007,9.875,0.8021779805421829,sparse_bf16,0.05337144343960092,0.23102260374171382,1.6171875
187,model.layers.26.mlp.gate_proj,26,layers_24_31,gate_proj,mlp,4096,11008,45088768,-1.899894414236769e-05,0.020123422145843506,0.015945743769407272,0.408203125,8.485483704134822e-05,1.2792671918869019,2.4486629962921143,2.111250877380371,2.229905128479004,0.0023880769624611276,0.3974158615839274,0.3137549739331007,9.875,0.8021779805421829,sparse_nvfp4,0.10818365418876004,0.32891283676494,2.427734375
188,model.layers.26.mlp.up_proj,26,layers_24_31,up_proj,mlp,4096,11008,45088768,2.1372777609940385e-06,0.018714535981416702,0.014919111505150795,0.3671875,6.587006282643415e-06,1.197211742401123,1.5663740634918213,1.9631645679473877,2.0057005882263184,0.0023880769624611276,0.3974158615839274,0.3137549739331007,9.875,0.8139505386352539,dense_nvfp4,0.0058545388808528415,0.07651495854310346,0.240966796875
188,model.layers.26.mlp.up_proj,26,layers_24_31,up_proj,mlp,4096,11008,45088768,2.1372777609940385e-06,0.018714535981416702,0.014919111505150795,0.3671875,6.587006282643415e-06,1.197211742401123,1.5663740634918213,1.9631645679473877,2.0057005882263184,0.0023880769624611276,0.3974158615839274,0.3137549739331007,9.875,0.8139505386352539,sparse_bf16,0.0749831060817269,0.27383043308172833,1.15625
188,model.layers.26.mlp.up_proj,26,layers_24_31,up_proj,mlp,4096,11008,45088768,2.1372777609940385e-06,0.018714535981416702,0.014919111505150795,0.3671875,6.587006282643415e-06,1.197211742401123,1.5663740634918213,1.9631645679473877,2.0057005882263184,0.0023880769624611276,0.3974158615839274,0.3137549739331007,9.875,0.8139505386352539,sparse_nvfp4,0.1493700146941246,0.3864841713370996,1.5703125
189,model.layers.26.mlp.down_proj,26,layers_24_31,down_proj,mlp,11008,4096,45088768,1.1936784005683876e-07,0.018631039187312126,0.014846507459878922,0.578125,8.250392056652345e-06,1.953636884689331,3.244899272918701,1.1915295124053955,1.580666184425354,-0.00016347074457836815,0.16361535789973428,0.08534898210403531,46.0,0.3080846487089645,dense_nvfp4,0.007023780557438606,0.08380799817104932,0.2578125
189,model.layers.26.mlp.down_proj,26,layers_24_31,down_proj,mlp,11008,4096,45088768,1.1936784005683876e-07,0.018631039187312126,0.014846507459878922,0.578125,8.250392056652345e-06,1.953636884689331,3.244899272918701,1.1915295124053955,1.580666184425354,-0.00016347074457836815,0.16361535789973428,0.08534898210403531,46.0,0.3080846487089645,sparse_bf16,0.09250027006018137,0.30413857049079024,1.0625
189,model.layers.26.mlp.down_proj,26,layers_24_31,down_proj,mlp,11008,4096,45088768,1.1936784005683876e-07,0.018631039187312126,0.014846507459878922,0.578125,8.250392056652345e-06,1.953636884689331,3.244899272918701,1.1915295124053955,1.580666184425354,-0.00016347074457836815,0.16361535789973428,0.08534898210403531,46.0,0.3080846487089645,sparse_nvfp4,0.18184023841288996,0.42642729557673714,1.251953125
190,model.layers.27.self_attn.q_proj,27,layers_24_31,q_proj,attention,4096,4096,16777216,9.120223012359929e-07,0.022571425884962082,0.017632920295000076,0.79296875,0.00011307001113891602,1.4193391799926758,2.3500559329986572,1.4415277242660522,6.472909450531006,0.004257263270119438,0.5203315794291945,0.3989272927865386,13.0,0.8245910108089447,dense_nvfp4,0.0021826112326617827,0.046718424980533996,0.4375
190,model.layers.27.self_attn.q_proj,27,layers_24_31,q_proj,attention,4096,4096,16777216,9.120223012359929e-07,0.022571425884962082,0.017632920295000076,0.79296875,0.00011307001113891602,1.4193391799926758,2.3500559329986572,1.4415277242660522,6.472909450531006,0.004257263270119438,0.5203315794291945,0.3989272927865386,13.0,0.8245910108089447,sparse_bf16,0.027201684037680408,0.16492933043482716,2.25
190,model.layers.27.self_attn.q_proj,27,layers_24_31,q_proj,attention,4096,4096,16777216,9.120223012359929e-07,0.022571425884962082,0.017632920295000076,0.79296875,0.00011307001113891602,1.4193391799926758,2.3500559329986572,1.4415277242660522,6.472909450531006,0.004257263270119438,0.5203315794291945,0.3989272927865386,13.0,0.8245910108089447,sparse_nvfp4,0.05646751367432559,0.2376289411547457,3.5
191,model.layers.27.self_attn.k_proj,27,layers_24_31,k_proj,attention,4096,4096,16777216,4.1184948713635094e-06,0.022789236158132553,0.017795110121369362,0.2890625,0.00010454654693603516,1.4302397966384888,2.746436595916748,1.4572968482971191,2.5652663707733154,0.004257263270119438,0.5203315794291945,0.3989272927865386,13.0,0.8230107724666595,dense_nvfp4,0.001680695850996924,0.04099629069802443,0.5625
191,model.layers.27.self_attn.k_proj,27,layers_24_31,k_proj,attention,4096,4096,16777216,4.1184948713635094e-06,0.022789236158132553,0.017795110121369362,0.2890625,0.00010454654693603516,1.4302397966384888,2.746436595916748,1.4572968482971191,2.5652663707733154,0.004257263270119438,0.5203315794291945,0.3989272927865386,13.0,0.8230107724666595,sparse_bf16,0.02107148863092272,0.1451602171082791,2.6875
191,model.layers.27.self_attn.k_proj,27,layers_24_31,k_proj,attention,4096,4096,16777216,4.1184948713635094e-06,0.022789236158132553,0.017795110121369362,0.2890625,0.00010454654693603516,1.4302397966384888,2.746436595916748,1.4572968482971191,2.5652663707733154,0.004257263270119438,0.5203315794291945,0.3989272927865386,13.0,0.8230107724666595,sparse_nvfp4,0.04401656790925571,0.20980125812124129,3.8125
192,model.layers.27.self_attn.v_proj,27,layers_24_31,v_proj,attention,4096,4096,16777216,5.264292667561676e-06,0.019742535427212715,0.015679804608225822,0.1328125,6.020069122314453e-06,1.2593743801116943,1.5086426734924316,1.262040376663208,1.336830735206604,0.004257263270119438,0.5203315794291945,0.3989272927865386,13.0,0.8431610018014908,dense_nvfp4,0.006842185679862885,0.08271750528070153,0.33203125
192,model.layers.27.self_attn.v_proj,27,layers_24_31,v_proj,attention,4096,4096,16777216,5.264292667561676e-06,0.019742535427212715,0.015679804608225822,0.1328125,6.020069122314453e-06,1.2593743801116943,1.5086426734924316,1.262040376663208,1.336830735206604,0.004257263270119438,0.5203315794291945,0.3989272927865386,13.0,0.8431610018014908,sparse_bf16,0.08611726709257304,0.2934574365944285,1.375
192,model.layers.27.self_attn.v_proj,27,layers_24_31,v_proj,attention,4096,4096,16777216,5.264292667561676e-06,0.019742535427212715,0.015679804608225822,0.1328125,6.020069122314453e-06,1.2593743801116943,1.5086426734924316,1.262040376663208,1.336830735206604,0.004257263270119438,0.5203315794291945,0.3989272927865386,13.0,0.8431610018014908,sparse_nvfp4,0.1692779203097819,0.4114339804996445,1.984375
193,model.layers.27.self_attn.o_proj,27,layers_24_31,o_proj,attention,4096,4096,16777216,-6.7729274633165915e-06,0.019708488136529922,0.0156413521617651,0.6328125,3.516674041748047e-05,1.2595208883285522,5.20425271987915,1.2569953203201294,1.5783051252365112,-0.0007401944029084007,0.13532063824505694,0.05781766038853675,7.09375,0.14641010761260986,dense_nvfp4,0.006196443773206352,0.07871749343828442,0.4765625
193,model.layers.27.self_attn.o_proj,27,layers_24_31,o_proj,attention,4096,4096,16777216,-6.7729274633165915e-06,0.019708488136529922,0.0156413521617651,0.6328125,3.516674041748047e-05,1.2595208883285522,5.20425271987915,1.2569953203201294,1.5783051252365112,-0.0007401944029084007,0.13532063824505694,0.05781766038853675,7.09375,0.14641010761260986,sparse_bf16,0.07872289624659824,0.28057600796682214,3.85400390625
193,model.layers.27.self_attn.o_proj,27,layers_24_31,o_proj,attention,4096,4096,16777216,-6.7729274633165915e-06,0.019708488136529922,0.0156413521617651,0.6328125,3.516674041748047e-05,1.2595208883285522,5.20425271987915,1.2569953203201294,1.5783051252365112,-0.0007401944029084007,0.13532063824505694,0.05781766038853675,7.09375,0.14641010761260986,sparse_nvfp4,0.16116190164066174,0.40144974983260573,3.919921875
194,model.layers.27.mlp.gate_proj,27,layers_24_31,gate_proj,mlp,4096,11008,45088768,-1.4081206245464273e-05,0.02014518529176712,0.0159324761480093,0.6328125,0.00012040692672599107,1.2782220840454102,2.5815329551696777,2.113511562347412,2.2244303226470947,0.002094657345878659,0.40998166814914394,0.3233641143888235,10.75,0.8078814893960953,dense_nvfp4,0.003917306420759975,0.06258838886534766,0.421875
194,model.layers.27.mlp.gate_proj,27,layers_24_31,gate_proj,mlp,4096,11008,45088768,-1.4081206245464273e-05,0.02014518529176712,0.0159324761480093,0.6328125,0.00012040692672599107,1.2782220840454102,2.5815329551696777,2.113511562347412,2.2244303226470947,0.002094657345878659,0.40998166814914394,0.3233641143888235,10.75,0.8078814893960953,sparse_bf16,0.05101292723201718,0.22586041537201065,1.9375
194,model.layers.27.mlp.gate_proj,27,layers_24_31,gate_proj,mlp,4096,11008,45088768,-1.4081206245464273e-05,0.02014518529176712,0.0159324761480093,0.6328125,0.00012040692672599107,1.2782220840454102,2.5815329551696777,2.113511562347412,2.2244303226470947,0.002094657345878659,0.40998166814914394,0.3233641143888235,10.75,0.8078814893960953,sparse_nvfp4,0.10368764882667644,0.3220056658300851,2.58984375
195,model.layers.27.mlp.up_proj,27,layers_24_31,up_proj,mlp,4096,11008,45088768,-2.899485934904078e-06,0.01880904659628868,0.014991339296102524,0.345703125,7.651572559552733e-06,1.2031060457229614,1.536600112915039,1.973082423210144,2.026638984680176,0.002094657345878659,0.40998166814914394,0.3233641143888235,10.75,0.8181464225053787,dense_nvfp4,0.005405684130256398,0.07352335771886644,0.265625
195,model.layers.27.mlp.up_proj,27,layers_24_31,up_proj,mlp,4096,11008,45088768,-2.899485934904078e-06,0.01880904659628868,0.014991339296102524,0.345703125,7.651572559552733e-06,1.2031060457229614,1.536600112915039,1.973082423210144,2.026638984680176,0.002094657345878659,0.40998166814914394,0.3233641143888235,10.75,0.8181464225053787,sparse_bf16,0.06995072348653064,0.26448199085482293,1.125
195,model.layers.27.mlp.up_proj,27,layers_24_31,up_proj,mlp,4096,11008,45088768,-2.899485934904078e-06,0.01880904659628868,0.014991339296102524,0.345703125,7.651572559552733e-06,1.2031060457229614,1.536600112915039,1.973082423210144,2.026638984680176,0.002094657345878659,0.40998166814914394,0.3233641143888235,10.75,0.8181464225053787,sparse_nvfp4,0.13933753557980838,0.3732794336416197,1.6328125
196,model.layers.27.mlp.down_proj,27,layers_24_31,down_proj,mlp,11008,4096,45088768,4.988928139937343e-06,0.018730103969573975,0.01491865050047636,0.76171875,1.0179918717767578e-05,1.9639849662780762,3.4182302951812744,1.197460651397705,1.5893715620040894,-0.00039922214763951056,0.1779424815646199,0.09243986668974855,40.75,0.32755778002184494,dense_nvfp4,0.007040316534194917,0.08390659410436653,0.4375
196,model.layers.27.mlp.down_proj,27,layers_24_31,down_proj,mlp,11008,4096,45088768,4.988928139937343e-06,0.018730103969573975,0.01491865050047636,0.76171875,1.0179918717767578e-05,1.9639849662780762,3.4182302951812744,1.197460651397705,1.5893715620040894,-0.00039922214763951056,0.1779424815646199,0.09243986668974855,40.75,0.32755778002184494,sparse_bf16,0.0892417545976349,0.2987335846496589,1.2890625
196,model.layers.27.mlp.down_proj,27,layers_24_31,down_proj,mlp,11008,4096,45088768,4.988928139937343e-06,0.018730103969573975,0.01491865050047636,0.76171875,1.0179918717767578e-05,1.9639849662780762,3.4182302951812744,1.197460651397705,1.5893715620040894,-0.00039922214763951056,0.1779424815646199,0.09243986668974855,40.75,0.32755778002184494,sparse_nvfp4,0.17469167969835156,0.4179613375640761,1.7158203125
197,model.layers.28.self_attn.q_proj,28,layers_24_31,q_proj,attention,4096,4096,16777216,2.05754963644722e-06,0.021936306729912758,0.017029013484716415,0.76953125,0.0001423358917236328,1.371978998184204,2.524259567260742,1.3999574184417725,7.160640716552734,0.003766655556319165,0.5289878700529556,0.40587417408823967,12.875,0.8329710811376572,dense_nvfp4,0.002149478624184752,0.04636246999659047,0.5
197,model.layers.28.self_attn.q_proj,28,layers_24_31,q_proj,attention,4096,4096,16777216,2.05754963644722e-06,0.021936306729912758,0.017029013484716415,0.76953125,0.0001423358917236328,1.371978998184204,2.524259567260742,1.3999574184417725,7.160640716552734,0.003766655556319165,0.5289878700529556,0.40587417408823967,12.875,0.8329710811376572,sparse_bf16,0.027042293465696997,0.16444541181102315,2.5625
197,model.layers.28.self_attn.q_proj,28,layers_24_31,q_proj,attention,4096,4096,16777216,2.05754963644722e-06,0.021936306729912758,0.017029013484716415,0.76953125,0.0001423358917236328,1.371978998184204,2.524259567260742,1.3999574184417725,7.160640716552734,0.003766655556319165,0.5289878700529556,0.40587417408823967,12.875,0.8329710811376572,sparse_nvfp4,0.05625180389835179,0.23717462743377882,3.75
198,model.layers.28.self_attn.k_proj,28,layers_24_31,k_proj,attention,4096,4096,16777216,-9.97676579572726e-06,0.022196603938937187,0.017227092757821083,0.369140625,0.0001354217529296875,1.3848748207092285,2.9930050373077393,1.4192172288894653,2.626647472381592,0.003766655556319165,0.5289878700529556,0.40587417408823967,12.875,0.8314932882785797,dense_nvfp4,0.0016701752810990244,0.04086777802987366,0.5
198,model.layers.28.self_attn.k_proj,28,layers_24_31,k_proj,attention,4096,4096,16777216,-9.97676579572726e-06,0.022196603938937187,0.017227092757821083,0.369140625,0.0001354217529296875,1.3848748207092285,2.9930050373077393,1.4192172288894653,2.626647472381592,0.003766655556319165,0.5289878700529556,0.40587417408823967,12.875,0.8314932882785797,sparse_bf16,0.02105299948073936,0.1450965178105228,2.75
198,model.layers.28.self_attn.k_proj,28,layers_24_31,k_proj,attention,4096,4096,16777216,-9.97676579572726e-06,0.022196603938937187,0.017227092757821083,0.369140625,0.0001354217529296875,1.3848748207092285,2.9930050373077393,1.4192172288894653,2.626647472381592,0.003766655556319165,0.5289878700529556,0.40587417408823967,12.875,0.8314932882785797,sparse_nvfp4,0.044140278117633325,0.21009587839277885,4.0
199,model.layers.28.self_attn.v_proj,28,layers_24_31,v_proj,attention,4096,4096,16777216,-1.0751443824119633e-06,0.020370036363601685,0.016137316823005676,0.1669921875,1.3113021850585938e-05,1.2966065406799316,1.7117217779159546,1.3020647764205933,1.3823566436767578,0.003766655556319165,0.5289878700529556,0.40587417408823967,12.875,0.8413692712783813,dense_nvfp4,0.006792874135484711,0.08241889428695771,0.388671875
199,model.layers.28.self_attn.v_proj,28,layers_24_31,v_proj,attention,4096,4096,16777216,-1.0751443824119633e-06,0.020370036363601685,0.016137316823005676,0.1669921875,1.3113021850585938e-05,1.2966065406799316,1.7117217779159546,1.3020647764205933,1.3823566436767578,0.003766655556319165,0.5289878700529556,0.40587417408823967,12.875,0.8413692712783813,sparse_bf16,0.0853026473596652,0.29206616948846575,1.625
199,model.layers.28.self_attn.v_proj,28,layers_24_31,v_proj,attention,4096,4096,16777216,-1.0751443824119633e-06,0.020370036363601685,0.016137316823005676,0.1669921875,1.3113021850585938e-05,1.2966065406799316,1.7117217779159546,1.3020647764205933,1.3823566436767578,0.003766655556319165,0.5289878700529556,0.40587417408823967,12.875,0.8413692712783813,sparse_nvfp4,0.16799537300717762,0.4098723862462286,2.15625
200,model.layers.28.self_attn.o_proj,28,layers_24_31,o_proj,attention,4096,4096,16777216,1.5617437156834058e-06,0.020281251519918442,0.01607154682278633,0.78125,5.793571472167969e-05,1.2959617376327515,5.595685005187988,1.2917958498001099,1.5745142698287964,-7.700512423980399e-05,0.1509439841767164,0.06760853657033294,6.34375,0.17419682443141937,dense_nvfp4,0.005426575189266758,0.0736652916186908,0.6875
200,model.layers.28.self_attn.o_proj,28,layers_24_31,o_proj,attention,4096,4096,16777216,1.5617437156834058e-06,0.020281251519918442,0.01607154682278633,0.78125,5.793571472167969e-05,1.2959617376327515,5.595685005187988,1.2917958498001099,1.5745142698287964,-7.700512423980399e-05,0.1509439841767164,0.06760853657033294,6.34375,0.17419682443141937,sparse_bf16,0.06970966288050792,0.26402587539956746,2.25
200,model.layers.28.self_attn.o_proj,28,layers_24_31,o_proj,attention,4096,4096,16777216,1.5617437156834058e-06,0.020281251519918442,0.01607154682278633,0.78125,5.793571472167969e-05,1.2959617376327515,5.595685005187988,1.2917958498001099,1.5745142698287964,-7.700512423980399e-05,0.1509439841767164,0.06760853657033294,6.34375,0.17419682443141937,sparse_nvfp4,0.1636723778569946,0.4045644297970282,3.53515625
201,model.layers.28.mlp.gate_proj,28,layers_24_31,gate_proj,mlp,4096,11008,45088768,-2.0639353692786244e-07,0.020058395341038704,0.015836087986826897,0.3984375,0.00016077174223028123,1.270593523979187,2.6975467205047607,2.1043808460235596,2.208524227142334,0.0022277217012742767,0.41997096228819264,0.3306942079216242,11.625,0.8126985877752304,dense_nvfp4,0.003778142911654446,0.06146659996823027,0.4248046875
201,model.layers.28.mlp.gate_proj,28,layers_24_31,gate_proj,mlp,4096,11008,45088768,-2.0639353692786244e-07,0.020058395341038704,0.015836087986826897,0.3984375,0.00016077174223028123,1.270593523979187,2.6975467205047607,2.1043808460235596,2.208524227142334,0.0022277217012742767,0.41997096228819264,0.3306942079216242,11.625,0.8126985877752304,sparse_bf16,0.049313125765595066,0.2220655888821928,2.125
201,model.layers.28.mlp.gate_proj,28,layers_24_31,gate_proj,mlp,4096,11008,45088768,-2.0639353692786244e-07,0.020058395341038704,0.015836087986826897,0.3984375,0.00016077174223028123,1.270593523979187,2.6975467205047607,2.1043808460235596,2.208524227142334,0.0022277217012742767,0.41997096228819264,0.3306942079216242,11.625,0.8126985877752304,sparse_nvfp4,0.10061674876725832,0.3172014324798334,3.0625
202,model.layers.28.mlp.up_proj,28,layers_24_31,up_proj,mlp,4096,11008,45088768,-2.807175405905582e-06,0.01899278163909912,0.015132203698158264,0.376953125,1.0468239452166017e-05,1.2145956754684448,2.330195665359497,1.9923851490020752,2.039402723312378,0.0022277217012742767,0.41997096228819264,0.3306942079216242,11.625,0.8209571838378906,dense_nvfp4,0.0046650863970262866,0.06830143773762223,0.3125
202,model.layers.28.mlp.up_proj,28,layers_24_31,up_proj,mlp,4096,11008,45088768,-2.807175405905582e-06,0.01899278163909912,0.015132203698158264,0.376953125,1.0468239452166017e-05,1.2145956754684448,2.330195665359497,1.9923851490020752,2.039402723312378,0.0022277217012742767,0.41997096228819264,0.3306942079216242,11.625,0.8209571838378906,sparse_bf16,0.06051481691891399,0.2459975953518936,1.8125
202,model.layers.28.mlp.up_proj,28,layers_24_31,up_proj,mlp,4096,11008,45088768,-2.807175405905582e-06,0.01899278163909912,0.015132203698158264,0.376953125,1.0468239452166017e-05,1.2145956754684448,2.330195665359497,1.9923851490020752,2.039402723312378,0.0022277217012742767,0.41997096228819264,0.3306942079216242,11.625,0.8209571838378906,sparse_nvfp4,0.12182895202522935,0.34904004358415575,2.84375
203,model.layers.28.mlp.down_proj,28,layers_24_31,down_proj,mlp,11008,4096,45088768,-1.1943961908400524e-06,0.018844280391931534,0.014999748207628727,1.0,1.6123749446705915e-05,1.975988507270813,3.55086350440979,1.2042522430419922,1.68643319606781,0.0004449994286788265,0.1947171012447434,0.10197349966958512,38.25,0.34869135257809664,dense_nvfp4,0.007056298486685195,0.08400177668767009,0.31640625
203,model.layers.28.mlp.down_proj,28,layers_24_31,down_proj,mlp,11008,4096,45088768,-1.1943961908400524e-06,0.018844280391931534,0.014999748207628727,1.0,1.6123749446705915e-05,1.975988507270813,3.55086350440979,1.2042522430419922,1.68643319606781,0.0004449994286788265,0.1947171012447434,0.10197349966958512,38.25,0.34869135257809664,sparse_bf16,0.08531944840320942,0.2920949304647539,1.06640625
203,model.layers.28.mlp.down_proj,28,layers_24_31,down_proj,mlp,11008,4096,45088768,-1.1943961908400524e-06,0.018844280391931534,0.014999748207628727,1.0,1.6123749446705915e-05,1.975988507270813,3.55086350440979,1.2042522430419922,1.68643319606781,0.0004449994286788265,0.1947171012447434,0.10197349966958512,38.25,0.34869135257809664,sparse_nvfp4,0.1684531887136053,0.41043049193938463,1.34619140625
204,model.layers.29.self_attn.q_proj,29,layers_24_31,q_proj,attention,4096,4096,16777216,2.470820618327707e-06,0.02136852592229843,0.01646469533443451,0.81640625,0.00022470951080322266,1.3276925086975098,2.4660441875457764,1.3624939918518066,7.508930206298828,0.003969757714003208,0.5112585165970571,0.3910582335665822,14.1875,0.8322819173336029,dense_nvfp4,0.0020291537902919904,0.045046129581707575,0.5
204,model.layers.29.self_attn.q_proj,29,layers_24_31,q_proj,attention,4096,4096,16777216,2.470820618327707e-06,0.02136852592229843,0.01646469533443451,0.81640625,0.00022470951080322266,1.3276925086975098,2.4660441875457764,1.3624939918518066,7.508930206298828,0.003969757714003208,0.5112585165970571,0.3910582335665822,14.1875,0.8322819173336029,sparse_bf16,0.02502859412580226,0.1582042797328892,2.125
204,model.layers.29.self_attn.q_proj,29,layers_24_31,q_proj,attention,4096,4096,16777216,2.470820618327707e-06,0.02136852592229843,0.01646469533443451,0.81640625,0.00022470951080322266,1.3276925086975098,2.4660441875457764,1.3624939918518066,7.508930206298828,0.003969757714003208,0.5112585165970571,0.3910582335665822,14.1875,0.8322819173336029,sparse_nvfp4,0.05277574486251274,0.22972972133033362,3.59375
205,model.layers.29.self_attn.k_proj,29,layers_24_31,k_proj,attention,4096,4096,16777216,-3.243279707021429e-06,0.021554186940193176,0.0165889710187912,0.3671875,0.00022172927856445312,1.334580659866333,2.6913342475891113,1.377299427986145,2.8862979412078857,0.003969757714003208,0.5112585165970571,0.3910582335665822,14.1875,0.8315127938985825,dense_nvfp4,0.0014986837613368265,0.038712837164651556,0.5
205,model.layers.29.self_attn.k_proj,29,layers_24_31,k_proj,attention,4096,4096,16777216,-3.243279707021429e-06,0.021554186940193176,0.0165889710187912,0.3671875,0.00022172927856445312,1.334580659866333,2.6913342475891113,1.377299427986145,2.8862979412078857,0.003969757714003208,0.5112585165970571,0.3910582335665822,14.1875,0.8315127938985825,sparse_bf16,0.018670228203213443,0.13663904348030778,2.3125
205,model.layers.29.self_attn.k_proj,29,layers_24_31,k_proj,attention,4096,4096,16777216,-3.243279707021429e-06,0.021554186940193176,0.0165889710187912,0.3671875,0.00022172927856445312,1.334580659866333,2.6913342475891113,1.377299427986145,2.8862979412078857,0.003969757714003208,0.5112585165970571,0.3910582335665822,14.1875,0.8315127938985825,sparse_nvfp4,0.03964033690285808,0.1990988119071987,3.65625
206,model.layers.29.self_attn.v_proj,29,layers_24_31,v_proj,attention,4096,4096,16777216,2.3285269890038762e-07,0.02044980600476265,0.01622752845287323,0.130859375,8.52346420288086e-06,1.3039897680282593,1.6238124370574951,1.3069019317626953,1.4722486734390259,0.003969757714003208,0.5112585165970571,0.3910582335665822,14.1875,0.8346595764160156,dense_nvfp4,0.00717786320288182,0.08472227099695699,0.3515625
206,model.layers.29.self_attn.v_proj,29,layers_24_31,v_proj,attention,4096,4096,16777216,2.3285269890038762e-07,0.02044980600476265,0.01622752845287323,0.130859375,8.52346420288086e-06,1.3039897680282593,1.6238124370574951,1.3069019317626953,1.4722486734390259,0.003969757714003208,0.5112585165970571,0.3910582335665822,14.1875,0.8346595764160156,sparse_bf16,0.0897969485031809,0.29966138974379214,1.3955078125
206,model.layers.29.self_attn.v_proj,29,layers_24_31,v_proj,attention,4096,4096,16777216,2.3285269890038762e-07,0.02044980600476265,0.01622752845287323,0.130859375,8.52346420288086e-06,1.3039897680282593,1.6238124370574951,1.3069019317626953,1.4722486734390259,0.003969757714003208,0.5112585165970571,0.3910582335665822,14.1875,0.8346595764160156,sparse_nvfp4,0.1766234787982938,0.4202659619791898,2.03515625
207,model.layers.29.self_attn.o_proj,29,layers_24_31,o_proj,attention,4096,4096,16777216,-8.717274795344565e-07,0.020520171150565147,0.016281578689813614,0.6328125,5.97834587097168e-05,1.3105785846710205,6.396273136138916,1.3094340562820435,1.4857070446014404,0.000833573784575492,0.14948763939780674,0.07346640410833061,6.1875,0.20126944780349731,dense_nvfp4,0.004862158919987907,0.06972918269984173,0.5625
207,model.layers.29.self_attn.o_proj,29,layers_24_31,o_proj,attention,4096,4096,16777216,-8.717274795344565e-07,0.020520171150565147,0.016281578689813614,0.6328125,5.97834587097168e-05,1.3105785846710205,6.396273136138916,1.3094340562820435,1.4857070446014404,0.000833573784575492,0.14948763939780674,0.07346640410833061,6.1875,0.20126944780349731,sparse_bf16,0.058624849514525706,0.24212568949726443,2.765625
207,model.layers.29.self_attn.o_proj,29,layers_24_31,o_proj,attention,4096,4096,16777216,-8.717274795344565e-07,0.020520171150565147,0.016281578689813614,0.6328125,5.97834587097168e-05,1.3105785846710205,6.396273136138916,1.3094340562820435,1.4857070446014404,0.000833573784575492,0.14948763939780674,0.07346640410833061,6.1875,0.20126944780349731,sparse_nvfp4,0.13886334787329044,0.37264372780618543,3.015625
208,model.layers.29.mlp.gate_proj,29,layers_24_31,gate_proj,mlp,4096,11008,45088768,-1.2868612202510121e-06,0.02011108584702015,0.015835687518119812,0.46484375,0.0002164397155866027,1.2707310914993286,5.138270854949951,2.1098859310150146,2.236375570297241,0.002660649399331305,0.42668182486791073,0.33545130956918,12.1875,0.8149162530899048,dense_nvfp4,0.003547735117339283,0.05956286693351222,0.6875
208,model.layers.29.mlp.gate_proj,29,layers_24_31,gate_proj,mlp,4096,11008,45088768,-1.2868612202510121e-06,0.02011108584702015,0.015835687518119812,0.46484375,0.0002164397155866027,1.2707310914993286,5.138270854949951,2.1098859310150146,2.236375570297241,0.002660649399331305,0.42668182486791073,0.33545130956918,12.1875,0.8149162530899048,sparse_bf16,0.04600563510409969,0.21448924239714143,2.90625
208,model.layers.29.mlp.gate_proj,29,layers_24_31,gate_proj,mlp,4096,11008,45088768,-1.2868612202510121e-06,0.02011108584702015,0.015835687518119812,0.46484375,0.0002164397155866027,1.2707310914993286,5.138270854949951,2.1098859310150146,2.236375570297241,0.002660649399331305,0.42668182486791073,0.33545130956918,12.1875,0.8149162530899048,sparse_nvfp4,0.09404135054364024,0.3066616222216928,5.28125
209,model.layers.29.mlp.up_proj,29,layers_24_31,up_proj,mlp,4096,11008,45088768,-4.699327007529064e-07,0.019167322665452957,0.015250509604811668,0.546875,4.837125015910715e-05,1.2242337465286255,6.924015998840332,2.010751962661743,2.1643781661987305,0.002660649399331305,0.42668182486791073,0.33545130956918,12.1875,0.8213528394699097,dense_nvfp4,0.00387119980321102,0.06221896658745643,1.0625
209,model.layers.29.mlp.up_proj,29,layers_24_31,up_proj,mlp,4096,11008,45088768,-4.699327007529064e-07,0.019167322665452957,0.015250509604811668,0.546875,4.837125015910715e-05,1.2242337465286255,6.924015998840332,2.010751962661743,2.1643781661987305,0.002660649399331305,0.42668182486791073,0.33545130956918,12.1875,0.8213528394699097,sparse_bf16,0.049836840105671264,0.22324166301492931,3.8984375
209,model.layers.29.mlp.up_proj,29,layers_24_31,up_proj,mlp,4096,11008,45088768,-4.699327007529064e-07,0.019167322665452957,0.015250509604811668,0.546875,4.837125015910715e-05,1.2242337465286255,6.924015998840332,2.010751962661743,2.1643781661987305,0.002660649399331305,0.42668182486791073,0.33545130956918,12.1875,0.8213528394699097,sparse_nvfp4,0.10076511880554695,0.3174352198568189,5.625
210,model.layers.29.mlp.down_proj,29,layers_24_31,down_proj,mlp,11008,4096,45088768,3.3375883958797203e-06,0.01890966296195984,0.01503340620547533,0.984375,2.86102294921875e-05,1.9829286336898804,3.4092421531677246,1.2073543071746826,2.6661765575408936,0.00021011975962231423,0.22374237005525047,0.11534617737282155,45.25,0.37375498372454974,dense_nvfp4,0.006751498999617715,0.08216750574051591,0.34375
210,model.layers.29.mlp.down_proj,29,layers_24_31,down_proj,mlp,11008,4096,45088768,3.3375883958797203e-06,0.01890966296195984,0.01503340620547533,0.984375,2.86102294921875e-05,1.9829286336898804,3.4092421531677246,1.2073543071746826,2.6661765575408936,0.00021011975962231423,0.22374237005525047,0.11534617737282155,45.25,0.37375498372454974,sparse_bf16,0.0731950631997585,0.2705458615461684,1.2421875
210,model.layers.29.mlp.down_proj,29,layers_24_31,down_proj,mlp,11008,4096,45088768,3.3375883958797203e-06,0.01890966296195984,0.01503340620547533,0.984375,2.86102294921875e-05,1.9829286336898804,3.4092421531677246,1.2073543071746826,2.6661765575408936,0.00021011975962231423,0.22374237005525047,0.11534617737282155,45.25,0.37375498372454974,sparse_nvfp4,0.1447545980914742,0.38046629034840157,1.6171875
211,model.layers.30.self_attn.q_proj,30,layers_24_31,q_proj,attention,4096,4096,16777216,-3.823563474725233e-06,0.021505482494831085,0.01671917364001274,0.81640625,0.00020104646682739258,1.3500810861587524,2.497380495071411,1.3696086406707764,8.855459213256836,0.003967088834997412,0.5188013921988934,0.4033595873042941,12.75,0.8358755707740784,dense_nvfp4,0.0019832045356257917,0.04453318465622902,0.5
211,model.layers.30.self_attn.q_proj,30,layers_24_31,q_proj,attention,4096,4096,16777216,-3.823563474725233e-06,0.021505482494831085,0.01671917364001274,0.81640625,0.00020104646682739258,1.3500810861587524,2.497380495071411,1.3696086406707764,8.855459213256836,0.003967088834997412,0.5188013921988934,0.4033595873042941,12.75,0.8358755707740784,sparse_bf16,0.024716422485628154,0.15721457466032898,2.625
211,model.layers.30.self_attn.q_proj,30,layers_24_31,q_proj,attention,4096,4096,16777216,-3.823563474725233e-06,0.021505482494831085,0.01671917364001274,0.81640625,0.00020104646682739258,1.3500810861587524,2.497380495071411,1.3696086406707764,8.855459213256836,0.003967088834997412,0.5188013921988934,0.4033595873042941,12.75,0.8358755707740784,sparse_nvfp4,0.05229272376715349,0.2286760235948524,4.0
212,model.layers.30.self_attn.k_proj,30,layers_24_31,k_proj,attention,4096,4096,16777216,-5.785212579212384e-06,0.02179570309817791,0.0169743150472641,0.369140625,0.0001429915428161621,1.3651968240737915,2.383049488067627,1.392872929573059,3.0836639404296875,0.003967088834997412,0.5188013921988934,0.4033595873042941,12.75,0.8335011601448059,dense_nvfp4,0.0015766718000320206,0.03970732678023063,0.5625
212,model.layers.30.self_attn.k_proj,30,layers_24_31,k_proj,attention,4096,4096,16777216,-5.785212579212384e-06,0.02179570309817791,0.0169743150472641,0.369140625,0.0001429915428161621,1.3651968240737915,2.383049488067627,1.392872929573059,3.0836639404296875,0.003967088834997412,0.5188013921988934,0.4033595873042941,12.75,0.8335011601448059,sparse_bf16,0.019920081188158627,0.14113851773402833,2.5625
212,model.layers.30.self_attn.k_proj,30,layers_24_31,k_proj,attention,4096,4096,16777216,-5.785212579212384e-06,0.02179570309817791,0.0169743150472641,0.369140625,0.0001429915428161621,1.3651968240737915,2.383049488067627,1.392872929573059,3.0836639404296875,0.003967088834997412,0.5188013921988934,0.4033595873042941,12.75,0.8335011601448059,sparse_nvfp4,0.04261889587971721,0.20644344474871856,3.875
213,model.layers.30.self_attn.v_proj,30,layers_24_31,v_proj,attention,4096,4096,16777216,-4.944350621371996e-06,0.020928451791405678,0.01662401854991913,0.5,9.5367431640625e-06,1.335670828819275,1.5831493139266968,1.3380110263824463,1.8158081769943237,0.003967088834997412,0.5188013921988934,0.4033595873042941,12.75,0.8365490138530731,dense_nvfp4,0.006333202633686345,0.07958142141031627,0.358642578125
213,model.layers.30.self_attn.v_proj,30,layers_24_31,v_proj,attention,4096,4096,16777216,-4.944350621371996e-06,0.020928451791405678,0.01662401854991913,0.5,9.5367431640625e-06,1.335670828819275,1.5831493139266968,1.3380110263824463,1.8158081769943237,0.003967088834997412,0.5188013921988934,0.4033595873042941,12.75,0.8365490138530731,sparse_bf16,0.07922318641033682,0.2814661372356128,1.4609375
213,model.layers.30.self_attn.v_proj,30,layers_24_31,v_proj,attention,4096,4096,16777216,-4.944350621371996e-06,0.020928451791405678,0.01662401854991913,0.5,9.5367431640625e-06,1.335670828819275,1.5831493139266968,1.3380110263824463,1.8158081769943237,0.003967088834997412,0.5188013921988934,0.4033595873042941,12.75,0.8365490138530731,sparse_nvfp4,0.15674253349293524,0.3959072283918737,2.0859375
214,model.layers.30.self_attn.o_proj,30,layers_24_31,o_proj,attention,4096,4096,16777216,-8.546699973521754e-06,0.021033266559243202,0.016680952161550522,0.625,8.821487426757812e-05,1.3434975147247314,6.222022533416748,1.3426170349121094,1.7489073276519775,-0.0001249827836318218,0.16435760091764556,0.0721497901249677,7.9375,0.17660586535930634,dense_nvfp4,0.005072905160851797,0.07122432983785665,0.5625
214,model.layers.30.self_attn.o_proj,30,layers_24_31,o_proj,attention,4096,4096,16777216,-8.546699973521754e-06,0.021033266559243202,0.016680952161550522,0.625,8.821487426757812e-05,1.3434975147247314,6.222022533416748,1.3426170349121094,1.7489073276519775,-0.0001249827836318218,0.16435760091764556,0.0721497901249677,7.9375,0.17660586535930634,sparse_bf16,0.06078914133098165,0.2465545402765515,3.6162109375
214,model.layers.30.self_attn.o_proj,30,layers_24_31,o_proj,attention,4096,4096,16777216,-8.546699973521754e-06,0.021033266559243202,0.016680952161550522,0.625,8.821487426757812e-05,1.3434975147247314,6.222022533416748,1.3426170349121094,1.7489073276519775,-0.0001249827836318218,0.16435760091764556,0.0721497901249677,7.9375,0.17660586535930634,sparse_nvfp4,0.1345742471845623,0.3668436277006353,4.421875
215,model.layers.30.mlp.gate_proj,30,layers_24_31,gate_proj,mlp,4096,11008,45088768,-1.4086025146298198e-07,0.02057371661067009,0.01605411246418953,0.796875,0.00032138824462890625,1.2886227369308472,15.769981384277344,2.158297061920166,2.5785975456237793,0.0026194821080025577,0.4288085681002721,0.33664466440677643,17.0,0.8126999139785767,dense_nvfp4,0.002510917996099338,0.050109061017937044,2.375
215,model.layers.30.mlp.gate_proj,30,layers_24_31,gate_proj,mlp,4096,11008,45088768,-1.4086025146298198e-07,0.02057371661067009,0.01605411246418953,0.796875,0.00032138824462890625,1.2886227369308472,15.769981384277344,2.158297061920166,2.5785975456237793,0.0026194821080025577,0.4288085681002721,0.33664466440677643,17.0,0.8126999139785767,sparse_bf16,0.032050851437123114,0.17902751586592244,12.125
215,model.layers.30.mlp.gate_proj,30,layers_24_31,gate_proj,mlp,4096,11008,45088768,-1.4086025146298198e-07,0.02057371661067009,0.01605411246418953,0.796875,0.00032138824462890625,1.2886227369308472,15.769981384277344,2.158297061920166,2.5785975456237793,0.0026194821080025577,0.4288085681002721,0.33664466440677643,17.0,0.8126999139785767,sparse_nvfp4,0.06912480874148469,0.2629159727773965,19.125
216,model.layers.30.mlp.up_proj,30,layers_24_31,up_proj,mlp,4096,11008,45088768,-2.5965337613342854e-07,0.019491324201226234,0.015370471403002739,0.77734375,0.0001514789619250223,1.2340583801269531,16.070621490478516,2.044727087020874,2.21136212348938,0.0026194821080025577,0.4288085681002721,0.33664466440677643,17.0,0.8209352940320969,dense_nvfp4,0.0024975344589867237,0.04997533850797535,2.5
216,model.layers.30.mlp.up_proj,30,layers_24_31,up_proj,mlp,4096,11008,45088768,-2.5965337613342854e-07,0.019491324201226234,0.015370471403002739,0.77734375,0.0001514789619250223,1.2340583801269531,16.070621490478516,2.044727087020874,2.21136212348938,0.0026194821080025577,0.4288085681002721,0.33664466440677643,17.0,0.8209352940320969,sparse_bf16,0.03170758878860309,0.17806624831394377,12.4375
216,model.layers.30.mlp.up_proj,30,layers_24_31,up_proj,mlp,4096,11008,45088768,-2.5965337613342854e-07,0.019491324201226234,0.015370471403002739,0.77734375,0.0001514789619250223,1.2340583801269531,16.070621490478516,2.044727087020874,2.21136212348938,0.0026194821080025577,0.4288085681002721,0.33664466440677643,17.0,0.8209352940320969,sparse_nvfp4,0.06790833187287339,0.26059227132221974,20.0625
217,model.layers.30.mlp.down_proj,30,layers_24_31,down_proj,mlp,11008,4096,45088768,-1.262138312085881e-06,0.018797477707266808,0.014892780221998692,1.3046875,6.547084922203794e-05,1.9707874059677124,3.633051872253418,1.1981550455093384,1.7641123533248901,0.0018214706810689423,0.6661212147803601,0.14503013290638148,1336.0,0.41603843001432195,dense_nvfp4,0.001194882539605967,0.034567073055235195,5.0
217,model.layers.30.mlp.down_proj,30,layers_24_31,down_proj,mlp,11008,4096,45088768,-1.262138312085881e-06,0.018797477707266808,0.014892780221998692,1.3046875,6.547084922203794e-05,1.9707874059677124,3.633051872253418,1.1981550455093384,1.7641123533248901,0.0018214706810689423,0.6661212147803601,0.14503013290638148,1336.0,0.41603843001432195,sparse_bf16,0.003407630542585427,0.05837491364092479,8.0
217,model.layers.30.mlp.down_proj,30,layers_24_31,down_proj,mlp,11008,4096,45088768,-1.262138312085881e-06,0.018797477707266808,0.014892780221998692,1.3046875,6.547084922203794e-05,1.9707874059677124,3.633051872253418,1.1981550455093384,1.7641123533248901,0.0018214706810689423,0.6661212147803601,0.14503013290638148,1336.0,0.41603843001432195,sparse_nvfp4,0.007840275797703026,0.08854533187979492,16.0
218,model.layers.31.self_attn.q_proj,31,layers_24_31,q_proj,attention,4096,4096,16777216,2.961260634037899e-06,0.021762821823358536,0.016912205144762993,0.66796875,0.00024819374084472656,1.3633366823196411,2.7016212940216064,1.3874183893203735,5.43641996383667,0.003610823430790333,0.4288886805412553,0.3345434656366706,14.0625,0.8027869910001755,dense_nvfp4,0.0016120652468655334,0.040150532336016835,0.46875
218,model.layers.31.self_attn.q_proj,31,layers_24_31,q_proj,attention,4096,4096,16777216,2.961260634037899e-06,0.021762821823358536,0.016912205144762993,0.66796875,0.00024819374084472656,1.3633366823196411,2.7016212940216064,1.3874183893203735,5.43641996383667,0.003610823430790333,0.4288886805412553,0.3345434656366706,14.0625,0.8027869910001755,sparse_bf16,0.019833404635260746,0.14083112097565917,2.0
218,model.layers.31.self_attn.q_proj,31,layers_24_31,q_proj,attention,4096,4096,16777216,2.961260634037899e-06,0.021762821823358536,0.016912205144762993,0.66796875,0.00024819374084472656,1.3633366823196411,2.7016212940216064,1.3874183893203735,5.43641996383667,0.003610823430790333,0.4288886805412553,0.3345434656366706,14.0625,0.8027869910001755,sparse_nvfp4,0.04328975924175557,0.20806191204003574,3.625
219,model.layers.31.self_attn.k_proj,31,layers_24_31,k_proj,attention,4096,4096,16777216,-9.337515621155035e-06,0.022556962445378304,0.01741167902946472,0.404296875,0.00030994415283203125,1.402419090270996,3.2625818252563477,1.4397070407867432,3.7716970443725586,0.003610823430790333,0.4288886805412553,0.3345434656366706,14.0625,0.7974301278591156,dense_nvfp4,0.0012182509814016435,0.03490345228486207,0.5625
219,model.layers.31.self_attn.k_proj,31,layers_24_31,k_proj,attention,4096,4096,16777216,-9.337515621155035e-06,0.022556962445378304,0.01741167902946472,0.404296875,0.00030994415283203125,1.402419090270996,3.2625818252563477,1.4397070407867432,3.7716970443725586,0.003610823430790333,0.4288886805412553,0.3345434656366706,14.0625,0.7974301278591156,sparse_bf16,0.015094836044088915,0.12286104363910033,2.5
219,model.layers.31.self_attn.k_proj,31,layers_24_31,k_proj,attention,4096,4096,16777216,-9.337515621155035e-06,0.022556962445378304,0.01741167902946472,0.404296875,0.00030994415283203125,1.402419090270996,3.2625818252563477,1.4397070407867432,3.7716970443725586,0.003610823430790333,0.4288886805412553,0.3345434656366706,14.0625,0.7974301278591156,sparse_nvfp4,0.03362407003071066,0.18336867243537175,4.09375
220,model.layers.31.self_attn.v_proj,31,layers_24_31,v_proj,attention,4096,4096,16777216,-2.0660629616031656e-06,0.019074469804763794,0.015089989639818668,0.390625,2.300739288330078e-05,1.214354395866394,1.6488755941390991,1.2189302444458008,1.8703632354736328,0.003610823430790333,0.4288886805412553,0.3345434656366706,14.0625,0.8230879157781601,dense_nvfp4,0.006500034783197512,0.08062279319893048,0.302734375
220,model.layers.31.self_attn.v_proj,31,layers_24_31,v_proj,attention,4096,4096,16777216,-2.0660629616031656e-06,0.019074469804763794,0.015089989639818668,0.390625,2.300739288330078e-05,1.214354395866394,1.6488755941390991,1.2189302444458008,1.8703632354736328,0.003610823430790333,0.4288886805412553,0.3345434656366706,14.0625,0.8230879157781601,sparse_bf16,0.07831572161658878,0.2798494624196887,1.5625
220,model.layers.31.self_attn.v_proj,31,layers_24_31,v_proj,attention,4096,4096,16777216,-2.0660629616031656e-06,0.019074469804763794,0.015089989639818668,0.390625,2.300739288330078e-05,1.214354395866394,1.6488755941390991,1.2189302444458008,1.8703632354736328,0.003610823430790333,0.4288886805412553,0.3345434656366706,14.0625,0.8230879157781601,sparse_nvfp4,0.1566011910929275,0.39572868368735603,2.5
221,model.layers.31.self_attn.o_proj,31,layers_24_31,o_proj,attention,4096,4096,16777216,-8.427166903857142e-06,0.019266920164227486,0.015056902542710304,1.3125,0.00025647878646850586,1.2192237377166748,9.201462745666504,1.228921890258789,1.5981018543243408,0.0006590831349058135,0.19173542876011648,0.1059310904238373,11.125,0.3286671042442322,dense_nvfp4,0.0024647974740165017,0.04964672672006183,4.0
221,model.layers.31.self_attn.o_proj,31,layers_24_31,o_proj,attention,4096,4096,16777216,-8.427166903857142e-06,0.019266920164227486,0.015056902542710304,1.3125,0.00025647878646850586,1.2192237377166748,9.201462745666504,1.228921890258789,1.5981018543243408,0.0006590831349058135,0.19173542876011648,0.1059310904238373,11.125,0.3286671042442322,sparse_bf16,0.029769263538273177,0.1725377162775524,7.0
221,model.layers.31.self_attn.o_proj,31,layers_24_31,o_proj,attention,4096,4096,16777216,-8.427166903857142e-06,0.019266920164227486,0.015056902542710304,1.3125,0.00025647878646850586,1.2192237377166748,9.201462745666504,1.228921890258789,1.5981018543243408,0.0006590831349058135,0.19173542876011648,0.1059310904238373,11.125,0.3286671042442322,sparse_nvfp4,0.0643374486954869,0.25364827753305735,22.0
222,model.layers.31.mlp.gate_proj,31,layers_24_31,gate_proj,mlp,4096,11008,45088768,-7.197043032647343e-07,0.021467192098498344,0.01687188632786274,0.380859375,0.0002318537444807589,1.3548074960708618,4.944279670715332,2.2513434886932373,3.0525388717651367,0.002052665849305413,0.38878933274289185,0.305147816427052,17.75,0.7876841574907303,dense_nvfp4,0.0016095879184068107,0.040119669968817176,0.75
222,model.layers.31.mlp.gate_proj,31,layers_24_31,gate_proj,mlp,4096,11008,45088768,-7.197043032647343e-07,0.021467192098498344,0.01687188632786274,0.380859375,0.0002318537444807589,1.3548074960708618,4.944279670715332,2.2513434886932373,3.0525388717651367,0.002052665849305413,0.38878933274289185,0.305147816427052,17.75,0.7876841574907303,sparse_bf16,0.020004927971964237,0.14143877817615733,3.890625
222,model.layers.31.mlp.gate_proj,31,layers_24_31,gate_proj,mlp,4096,11008,45088768,-7.197043032647343e-07,0.021467192098498344,0.01687188632786274,0.380859375,0.0002318537444807589,1.3548074960708618,4.944279670715332,2.2513434886932373,3.0525388717651367,0.002052665849305413,0.38878933274289185,0.305147816427052,17.75,0.7876841574907303,sparse_nvfp4,0.04401777511377547,0.20980413512077276,4.6875
223,model.layers.31.mlp.up_proj,31,layers_24_31,up_proj,mlp,4096,11008,45088768,-5.614606948256551e-07,0.020246833562850952,0.016019213944673538,0.75390625,0.00017223801114596426,1.2871036529541016,6.884098529815674,2.1236469745635986,2.652311325073242,0.002052665849305413,0.38878933274289185,0.305147816427052,17.75,0.7988228350877762,dense_nvfp4,0.0014814343410634889,0.038489405569110687,1.03564453125
223,model.layers.31.mlp.up_proj,31,layers_24_31,up_proj,mlp,4096,11008,45088768,-5.614606948256551e-07,0.020246833562850952,0.016019213944673538,0.75390625,0.00017223801114596426,1.2871036529541016,6.884098529815674,2.1236469745635986,2.652311325073242,0.002052665849305413,0.38878933274289185,0.305147816427052,17.75,0.7988228350877762,sparse_bf16,0.01814922601023019,0.13471906327699207,4.46875
223,model.layers.31.mlp.up_proj,31,layers_24_31,up_proj,mlp,4096,11008,45088768,-5.614606948256551e-07,0.020246833562850952,0.016019213944673538,0.75390625,0.00017223801114596426,1.2871036529541016,6.884098529815674,2.1236469745635986,2.652311325073242,0.002052665849305413,0.38878933274289185,0.305147816427052,17.75,0.7988228350877762,sparse_nvfp4,0.03894774549109267,0.19735183173989715,6.625
224,model.layers.31.mlp.down_proj,31,layers_24_31,down_proj,mlp,11008,4096,45088768,1.5040778862385196e-06,0.018773792311549187,0.014782427810132504,1.7734375,0.00012151584815001115,1.966455101966858,7.5562310218811035,1.1927142143249512,1.7893575429916382,-0.00039937197001309804,0.6976336263543554,0.21904543458029282,82.5,0.4544894806174345,dense_nvfp4,0.0017605458554562968,0.04195885908191853,3.0
224,model.layers.31.mlp.down_proj,31,layers_24_31,down_proj,mlp,11008,4096,45088768,1.5040778862385196e-06,0.018773792311549187,0.014782427810132504,1.7734375,0.00012151584815001115,1.966455101966858,7.5562310218811035,1.1927142143249512,1.7893575429916382,-0.00039937197001309804,0.6976336263543554,0.21904543458029282,82.5,0.4544894806174345,sparse_bf16,0.004385021557876781,0.06621949530068,2.3125
224,model.layers.31.mlp.down_proj,31,layers_24_31,down_proj,mlp,11008,4096,45088768,1.5040778862385196e-06,0.018773792311549187,0.014782427810132504,1.7734375,0.00012151584815001115,1.966455101966858,7.5562310218811035,1.1927142143249512,1.7893575429916382,-0.00039937197001309804,0.6976336263543554,0.21904543458029282,82.5,0.4544894806174345,sparse_nvfp4,0.010656960011730067,0.10323255306215219,4.25
