call_index,decode_step,module,group,phase,token_count,module_type,latency_ms
0,,model.layers.0.self_attn.q_proj,self_attn.q_proj,prefill,16384,QwenManualHybridLinear,1.7981760501861572
1,,model.layers.0.self_attn.k_proj,self_attn.k_proj,prefill,16384,QwenManualHybridLinear,1.7993600368499756
2,,model.layers.0.self_attn.v_proj,self_attn.v_proj,prefill,16384,QwenManualHybridLinear,1.8007359504699707
3,,model.layers.0.self_attn.o_proj,self_attn.o_proj,prefill,16384,QwenManualHybridLinear,1.7920000553131104
4,,model.layers.0.mlp.gate_proj,mlp.gate_proj,prefill,16384,QwenManualHybridLinear,2.354207992553711
5,,model.layers.0.mlp.up_proj,mlp.up_proj,prefill,16384,QwenManualHybridLinear,2.3828799724578857
6,,model.layers.0.mlp.down_proj,mlp.down_proj,prefill,16384,QwenManualHybridLinear,4.76364803314209
7,,model.layers.1.self_attn.q_proj,self_attn.q_proj,prefill,16384,QwenManualHybridLinear,1.7940800189971924
8,,model.layers.1.self_attn.k_proj,self_attn.k_proj,prefill,16384,QwenManualHybridLinear,1.7816959619522095
9,,model.layers.1.self_attn.v_proj,self_attn.v_proj,prefill,16384,QwenManualHybridLinear,1.7935359477996826
10,,model.layers.1.self_attn.o_proj,self_attn.o_proj,prefill,16384,QwenManualHybridLinear,1.798143982887268
11,,model.layers.1.mlp.gate_proj,mlp.gate_proj,prefill,16384,QwenManualHybridLinear,2.3419198989868164
12,,model.layers.1.mlp.up_proj,mlp.up_proj,prefill,16384,QwenManualHybridLinear,2.381824016571045
13,,model.layers.1.mlp.down_proj,mlp.down_proj,prefill,16384,QwenManualHybridLinear,4.803616046905518
14,,model.layers.2.self_attn.q_proj,self_attn.q_proj,prefill,16384,QwenManualHybridLinear,1.8094079494476318
15,,model.layers.2.self_attn.k_proj,self_attn.k_proj,prefill,16384,QwenManualHybridLinear,1.7941759824752808
16,,model.layers.2.self_attn.v_proj,self_attn.v_proj,prefill,16384,QwenManualHybridLinear,1.806175947189331
17,,model.layers.2.self_attn.o_proj,self_attn.o_proj,prefill,16384,QwenManualHybridLinear,1.7971199750900269
18,,model.layers.2.mlp.gate_proj,mlp.gate_proj,prefill,16384,QwenManualHybridLinear,2.3459839820861816
19,,model.layers.2.mlp.up_proj,mlp.up_proj,prefill,16384,QwenManualHybridLinear,2.4002881050109863
20,,model.layers.2.mlp.down_proj,mlp.down_proj,prefill,16384,QwenManualHybridLinear,4.760575771331787
21,,model.layers.3.self_attn.q_proj,self_attn.q_proj,prefill,16384,QwenManualHybridLinear,1.7960959672927856
22,,model.layers.3.self_attn.k_proj,self_attn.k_proj,prefill,16384,QwenManualHybridLinear,1.781216025352478
23,,model.layers.3.self_attn.v_proj,self_attn.v_proj,prefill,16384,QwenManualHybridLinear,1.7904959917068481
24,,model.layers.3.self_attn.o_proj,self_attn.o_proj,prefill,16384,QwenManualHybridLinear,1.7950719594955444
25,,model.layers.3.mlp.gate_proj,mlp.gate_proj,prefill,16384,QwenManualHybridLinear,2.331615924835205
26,,model.layers.3.mlp.up_proj,mlp.up_proj,prefill,16384,QwenManualHybridLinear,2.360352039337158
27,,model.layers.3.mlp.down_proj,mlp.down_proj,prefill,16384,QwenManualHybridLinear,4.770815849304199
28,,model.layers.4.self_attn.q_proj,self_attn.q_proj,prefill,16384,QwenManualHybridLinear,1.802240014076233
29,,model.layers.4.self_attn.k_proj,self_attn.k_proj,prefill,16384,QwenManualHybridLinear,1.7897919416427612
30,,model.layers.4.self_attn.v_proj,self_attn.v_proj,prefill,16384,QwenManualHybridLinear,1.7930879592895508
31,,model.layers.4.self_attn.o_proj,self_attn.o_proj,prefill,16384,QwenManualHybridLinear,1.7909760475158691
32,,model.layers.4.mlp.gate_proj,mlp.gate_proj,prefill,16384,QwenManualHybridLinear,2.333695888519287
33,,model.layers.4.mlp.up_proj,mlp.up_proj,prefill,16384,QwenManualHybridLinear,2.3705599308013916
34,,model.layers.4.mlp.down_proj,mlp.down_proj,prefill,16384,QwenManualHybridLinear,4.767744064331055
35,,model.layers.5.self_attn.q_proj,self_attn.q_proj,prefill,16384,QwenManualHybridLinear,1.8001919984817505
36,,model.layers.5.self_attn.k_proj,self_attn.k_proj,prefill,16384,QwenManualHybridLinear,1.7912640571594238
37,,model.layers.5.self_attn.v_proj,self_attn.v_proj,prefill,16384,QwenManualHybridLinear,1.800704002380371
38,,model.layers.5.self_attn.o_proj,self_attn.o_proj,prefill,16384,QwenManualHybridLinear,1.7909760475158691
39,,model.layers.5.mlp.gate_proj,mlp.gate_proj,prefill,16384,QwenManualHybridLinear,2.348031997680664
40,,model.layers.5.mlp.up_proj,mlp.up_proj,prefill,16384,QwenManualHybridLinear,2.3756799697875977
41,,model.layers.5.mlp.down_proj,mlp.down_proj,prefill,16384,QwenManualHybridLinear,4.772863864898682
42,,model.layers.6.self_attn.q_proj,self_attn.q_proj,prefill,16384,QwenManualHybridLinear,1.7960959672927856
43,,model.layers.6.self_attn.k_proj,self_attn.k_proj,prefill,16384,QwenManualHybridLinear,1.790560007095337
44,,model.layers.6.self_attn.v_proj,self_attn.v_proj,prefill,16384,QwenManualHybridLinear,1.789023995399475
45,,model.layers.6.self_attn.o_proj,self_attn.o_proj,prefill,16384,QwenManualHybridLinear,1.7971199750900269
46,,model.layers.6.mlp.gate_proj,mlp.gate_proj,prefill,16384,QwenManualHybridLinear,2.333695888519287
47,,model.layers.6.mlp.up_proj,mlp.up_proj,prefill,16384,QwenManualHybridLinear,2.3654398918151855
48,,model.layers.6.mlp.down_proj,mlp.down_proj,prefill,16384,QwenManualHybridLinear,4.775936126708984
49,,model.layers.7.self_attn.q_proj,self_attn.q_proj,prefill,16384,QwenManualHybridLinear,1.8032640218734741
50,,model.layers.7.self_attn.k_proj,self_attn.k_proj,prefill,16384,QwenManualHybridLinear,1.787392020225525
51,,model.layers.7.self_attn.v_proj,self_attn.v_proj,prefill,16384,QwenManualHybridLinear,1.7917759418487549
52,,model.layers.7.self_attn.o_proj,self_attn.o_proj,prefill,16384,QwenManualHybridLinear,1.7879040241241455
53,,model.layers.7.mlp.gate_proj,mlp.gate_proj,prefill,16384,QwenManualHybridLinear,2.337791919708252
54,,model.layers.7.mlp.up_proj,mlp.up_proj,prefill,16384,QwenManualHybridLinear,2.367487907409668
55,,model.layers.7.mlp.down_proj,mlp.down_proj,prefill,16384,QwenManualHybridLinear,4.761600017547607
56,,model.layers.8.self_attn.q_proj,self_attn.q_proj,prefill,16384,QwenManualHybridLinear,1.7940479516983032
57,,model.layers.8.self_attn.k_proj,self_attn.k_proj,prefill,16384,QwenManualHybridLinear,1.7863680124282837
58,,model.layers.8.self_attn.v_proj,self_attn.v_proj,prefill,16384,QwenManualHybridLinear,1.7912640571594238
59,,model.layers.8.self_attn.o_proj,self_attn.o_proj,prefill,16384,QwenManualHybridLinear,1.7960959672927856
60,,model.layers.8.mlp.gate_proj,mlp.gate_proj,prefill,16384,QwenManualHybridLinear,2.3480639457702637
61,,model.layers.8.mlp.up_proj,mlp.up_proj,prefill,16384,QwenManualHybridLinear,2.3736319541931152
62,,model.layers.8.mlp.down_proj,mlp.down_proj,prefill,16384,QwenManualHybridLinear,4.766751766204834
63,,model.layers.9.self_attn.q_proj,self_attn.q_proj,prefill,16384,QwenManualHybridLinear,1.7991679906845093
64,,model.layers.9.self_attn.k_proj,self_attn.k_proj,prefill,16384,QwenManualHybridLinear,1.7940479516983032
65,,model.layers.9.self_attn.v_proj,self_attn.v_proj,prefill,16384,QwenManualHybridLinear,1.7877440452575684
66,,model.layers.9.self_attn.o_proj,self_attn.o_proj,prefill,16384,QwenManualHybridLinear,1.7879040241241455
67,,model.layers.9.mlp.gate_proj,mlp.gate_proj,prefill,16384,QwenManualHybridLinear,2.339871883392334
68,,model.layers.9.mlp.up_proj,mlp.up_proj,prefill,16384,QwenManualHybridLinear,2.358272075653076
69,,model.layers.9.mlp.down_proj,mlp.down_proj,prefill,16384,QwenManualHybridLinear,4.781055927276611
70,,model.layers.10.self_attn.q_proj,self_attn.q_proj,prefill,16384,QwenManualHybridLinear,1.7888959646224976
71,,model.layers.10.self_attn.k_proj,self_attn.k_proj,prefill,16384,QwenManualHybridLinear,1.8006720542907715
72,,model.layers.10.self_attn.v_proj,self_attn.v_proj,prefill,16384,QwenManualHybridLinear,1.7890559434890747
73,,model.layers.10.self_attn.o_proj,self_attn.o_proj,prefill,16384,QwenManualHybridLinear,1.785856008529663
74,,model.layers.10.mlp.gate_proj,mlp.gate_proj,prefill,16384,QwenManualHybridLinear,2.3296000957489014
75,,model.layers.10.mlp.up_proj,mlp.up_proj,prefill,16384,QwenManualHybridLinear,2.368511915206909
76,,model.layers.10.mlp.down_proj,mlp.down_proj,prefill,16384,QwenManualHybridLinear,4.7564802169799805
77,,model.layers.11.self_attn.q_proj,self_attn.q_proj,prefill,16384,QwenManualHybridLinear,1.8042880296707153
78,,model.layers.11.self_attn.k_proj,self_attn.k_proj,prefill,16384,QwenManualHybridLinear,1.790079951286316
79,,model.layers.11.self_attn.v_proj,self_attn.v_proj,prefill,16384,QwenManualHybridLinear,1.7945280075073242
80,,model.layers.11.self_attn.o_proj,self_attn.o_proj,prefill,16384,QwenManualHybridLinear,1.7929919958114624
81,,model.layers.11.mlp.gate_proj,mlp.gate_proj,prefill,16384,QwenManualHybridLinear,2.337791919708252
82,,model.layers.11.mlp.up_proj,mlp.up_proj,prefill,16384,QwenManualHybridLinear,2.3746559619903564
83,,model.layers.11.mlp.down_proj,mlp.down_proj,prefill,16384,QwenManualHybridLinear,4.768799781799316
84,,model.layers.12.self_attn.q_proj,self_attn.q_proj,prefill,16384,QwenManualHybridLinear,1.7889280319213867
85,,model.layers.12.self_attn.k_proj,self_attn.k_proj,prefill,16384,QwenManualHybridLinear,1.7915199995040894
86,,model.layers.12.self_attn.v_proj,self_attn.v_proj,prefill,16384,QwenManualHybridLinear,1.7853440046310425
87,,model.layers.12.self_attn.o_proj,self_attn.o_proj,prefill,16384,QwenManualHybridLinear,1.8083839416503906
88,,model.layers.12.mlp.gate_proj,mlp.gate_proj,prefill,16384,QwenManualHybridLinear,2.337791919708252
89,,model.layers.12.mlp.up_proj,mlp.up_proj,prefill,16384,QwenManualHybridLinear,2.3613440990448
90,,model.layers.12.mlp.down_proj,mlp.down_proj,prefill,16384,QwenManualHybridLinear,4.769792079925537
91,,model.layers.13.self_attn.q_proj,self_attn.q_proj,prefill,16384,QwenManualHybridLinear,1.79094398021698
92,,model.layers.13.self_attn.k_proj,self_attn.k_proj,prefill,16384,QwenManualHybridLinear,1.7891199588775635
93,,model.layers.13.self_attn.v_proj,self_attn.v_proj,prefill,16384,QwenManualHybridLinear,1.8024640083312988
94,,model.layers.13.self_attn.o_proj,self_attn.o_proj,prefill,16384,QwenManualHybridLinear,1.789952039718628
95,,model.layers.13.mlp.gate_proj,mlp.gate_proj,prefill,16384,QwenManualHybridLinear,2.3357439041137695
96,,model.layers.13.mlp.up_proj,mlp.up_proj,prefill,16384,QwenManualHybridLinear,2.3808000087738037
97,,model.layers.13.mlp.down_proj,mlp.down_proj,prefill,16384,QwenManualHybridLinear,4.768799781799316
98,,model.layers.14.self_attn.q_proj,self_attn.q_proj,prefill,16384,QwenManualHybridLinear,1.7991679906845093
99,,model.layers.14.self_attn.k_proj,self_attn.k_proj,prefill,16384,QwenManualHybridLinear,1.795456051826477
100,,model.layers.14.self_attn.v_proj,self_attn.v_proj,prefill,16384,QwenManualHybridLinear,1.7910079956054688
101,,model.layers.14.self_attn.o_proj,self_attn.o_proj,prefill,16384,QwenManualHybridLinear,1.7950719594955444
102,,model.layers.14.mlp.gate_proj,mlp.gate_proj,prefill,16384,QwenManualHybridLinear,2.342911958694458
103,,model.layers.14.mlp.up_proj,mlp.up_proj,prefill,16384,QwenManualHybridLinear,2.3705599308013916
104,,model.layers.14.mlp.down_proj,mlp.down_proj,prefill,16384,QwenManualHybridLinear,4.759552001953125
105,,model.layers.15.self_attn.q_proj,self_attn.q_proj,prefill,16384,QwenManualHybridLinear,1.7981760501861572
106,,model.layers.15.self_attn.k_proj,self_attn.k_proj,prefill,16384,QwenManualHybridLinear,1.804703950881958
107,,model.layers.15.self_attn.v_proj,self_attn.v_proj,prefill,16384,QwenManualHybridLinear,1.790336012840271
108,,model.layers.15.self_attn.o_proj,self_attn.o_proj,prefill,16384,QwenManualHybridLinear,1.7940479516983032
109,,model.layers.15.mlp.gate_proj,mlp.gate_proj,prefill,16384,QwenManualHybridLinear,2.3459839820861816
110,,model.layers.15.mlp.up_proj,mlp.up_proj,prefill,16384,QwenManualHybridLinear,2.3552000522613525
111,,model.layers.15.mlp.down_proj,mlp.down_proj,prefill,16384,QwenManualHybridLinear,4.785151958465576
112,,model.layers.16.self_attn.q_proj,self_attn.q_proj,prefill,16384,QwenManualHybridLinear,1.7960959672927856
113,,model.layers.16.self_attn.k_proj,self_attn.k_proj,prefill,16384,QwenManualHybridLinear,1.7879999876022339
114,,model.layers.16.self_attn.v_proj,self_attn.v_proj,prefill,16384,QwenManualHybridLinear,1.7914559841156006
115,,model.layers.16.self_attn.o_proj,self_attn.o_proj,prefill,16384,QwenManualHybridLinear,1.8032640218734741
116,,model.layers.16.mlp.gate_proj,mlp.gate_proj,prefill,16384,QwenManualHybridLinear,2.3449599742889404
117,,model.layers.16.mlp.up_proj,mlp.up_proj,prefill,16384,QwenManualHybridLinear,2.358272075653076
118,,model.layers.16.mlp.down_proj,mlp.down_proj,prefill,16384,QwenManualHybridLinear,4.780032157897949
119,,model.layers.17.self_attn.q_proj,self_attn.q_proj,prefill,16384,QwenManualHybridLinear,1.8032640218734741
120,,model.layers.17.self_attn.k_proj,self_attn.k_proj,prefill,16384,QwenManualHybridLinear,1.787775993347168
121,,model.layers.17.self_attn.v_proj,self_attn.v_proj,prefill,16384,QwenManualHybridLinear,1.7891520261764526
122,,model.layers.17.self_attn.o_proj,self_attn.o_proj,prefill,16384,QwenManualHybridLinear,1.7960959672927856
123,,model.layers.17.mlp.gate_proj,mlp.gate_proj,prefill,16384,QwenManualHybridLinear,2.3490560054779053
124,,model.layers.17.mlp.up_proj,mlp.up_proj,prefill,16384,QwenManualHybridLinear,2.3756799697875977
125,,model.layers.17.mlp.down_proj,mlp.down_proj,prefill,16384,QwenManualHybridLinear,4.769792079925537
126,,model.layers.18.self_attn.q_proj,self_attn.q_proj,prefill,16384,QwenManualHybridLinear,1.793023943901062
127,,model.layers.18.self_attn.k_proj,self_attn.k_proj,prefill,16384,QwenManualHybridLinear,1.7909120321273804
128,,model.layers.18.self_attn.v_proj,self_attn.v_proj,prefill,16384,QwenManualHybridLinear,1.7943040132522583
129,,model.layers.18.self_attn.o_proj,self_attn.o_proj,prefill,16384,QwenManualHybridLinear,1.7940479516983032
130,,model.layers.18.mlp.gate_proj,mlp.gate_proj,prefill,16384,QwenManualHybridLinear,2.3357439041137695
131,,model.layers.18.mlp.up_proj,mlp.up_proj,prefill,16384,QwenManualHybridLinear,2.357248067855835
132,,model.layers.18.mlp.down_proj,mlp.down_proj,prefill,16384,QwenManualHybridLinear,4.766719818115234
133,,model.layers.19.self_attn.q_proj,self_attn.q_proj,prefill,16384,QwenManualHybridLinear,1.7920000553131104
134,,model.layers.19.self_attn.k_proj,self_attn.k_proj,prefill,16384,QwenManualHybridLinear,1.790112018585205
135,,model.layers.19.self_attn.v_proj,self_attn.v_proj,prefill,16384,QwenManualHybridLinear,1.793503999710083
136,,model.layers.19.self_attn.o_proj,self_attn.o_proj,prefill,16384,QwenManualHybridLinear,1.789952039718628
137,,model.layers.19.mlp.gate_proj,mlp.gate_proj,prefill,16384,QwenManualHybridLinear,2.3357439041137695
138,,model.layers.19.mlp.up_proj,mlp.up_proj,prefill,16384,QwenManualHybridLinear,2.362368106842041
139,,model.layers.19.mlp.down_proj,mlp.down_proj,prefill,16384,QwenManualHybridLinear,4.791296005249023
140,,model.layers.20.self_attn.q_proj,self_attn.q_proj,prefill,16384,QwenManualHybridLinear,1.8012160062789917
141,,model.layers.20.self_attn.k_proj,self_attn.k_proj,prefill,16384,QwenManualHybridLinear,1.8027199506759644
142,,model.layers.20.self_attn.v_proj,self_attn.v_proj,prefill,16384,QwenManualHybridLinear,1.7879680395126343
143,,model.layers.20.self_attn.o_proj,self_attn.o_proj,prefill,16384,QwenManualHybridLinear,1.793023943901062
144,,model.layers.20.mlp.gate_proj,mlp.gate_proj,prefill,16384,QwenManualHybridLinear,2.3664638996124268
145,,model.layers.20.mlp.up_proj,mlp.up_proj,prefill,16384,QwenManualHybridLinear,2.3746559619903564
146,,model.layers.20.mlp.down_proj,mlp.down_proj,prefill,16384,QwenManualHybridLinear,4.769792079925537
147,,model.layers.21.self_attn.q_proj,self_attn.q_proj,prefill,16384,QwenManualHybridLinear,1.8032640218734741
148,,model.layers.21.self_attn.k_proj,self_attn.k_proj,prefill,16384,QwenManualHybridLinear,1.791648030281067
149,,model.layers.21.self_attn.v_proj,self_attn.v_proj,prefill,16384,QwenManualHybridLinear,1.785215973854065
150,,model.layers.21.self_attn.o_proj,self_attn.o_proj,prefill,16384,QwenManualHybridLinear,1.7950719594955444
151,,model.layers.21.mlp.gate_proj,mlp.gate_proj,prefill,16384,QwenManualHybridLinear,2.3296000957489014
152,,model.layers.21.mlp.up_proj,mlp.up_proj,prefill,16384,QwenManualHybridLinear,2.358272075653076
153,,model.layers.21.mlp.down_proj,mlp.down_proj,prefill,16384,QwenManualHybridLinear,4.772863864898682
154,,model.layers.22.self_attn.q_proj,self_attn.q_proj,prefill,16384,QwenManualHybridLinear,1.789952039718628
155,,model.layers.22.self_attn.k_proj,self_attn.k_proj,prefill,16384,QwenManualHybridLinear,1.7952320575714111
156,,model.layers.22.self_attn.v_proj,self_attn.v_proj,prefill,16384,QwenManualHybridLinear,1.7920000553131104
157,,model.layers.22.self_attn.o_proj,self_attn.o_proj,prefill,16384,QwenManualHybridLinear,1.793023943901062
158,,model.layers.22.mlp.gate_proj,mlp.gate_proj,prefill,16384,QwenManualHybridLinear,2.3429439067840576
159,,model.layers.22.mlp.up_proj,mlp.up_proj,prefill,16384,QwenManualHybridLinear,2.358272075653076
160,,model.layers.22.mlp.down_proj,mlp.down_proj,prefill,16384,QwenManualHybridLinear,4.7718400955200195
161,,model.layers.23.self_attn.q_proj,self_attn.q_proj,prefill,16384,QwenManualHybridLinear,1.802240014076233
162,,model.layers.23.self_attn.k_proj,self_attn.k_proj,prefill,16384,QwenManualHybridLinear,1.7907520532608032
163,,model.layers.23.self_attn.v_proj,self_attn.v_proj,prefill,16384,QwenManualHybridLinear,1.793280005455017
164,,model.layers.23.self_attn.o_proj,self_attn.o_proj,prefill,16384,QwenManualHybridLinear,1.8001919984817505
165,,model.layers.23.mlp.gate_proj,mlp.gate_proj,prefill,16384,QwenManualHybridLinear,2.3459839820861816
166,,model.layers.23.mlp.up_proj,mlp.up_proj,prefill,16384,QwenManualHybridLinear,2.369568109512329
167,,model.layers.23.mlp.down_proj,mlp.down_proj,prefill,16384,QwenManualHybridLinear,4.770815849304199
168,,model.layers.24.self_attn.q_proj,self_attn.q_proj,prefill,16384,QwenManualHybridLinear,1.7920000553131104
169,,model.layers.24.self_attn.k_proj,self_attn.k_proj,prefill,16384,QwenManualHybridLinear,1.7902079820632935
170,,model.layers.24.self_attn.v_proj,self_attn.v_proj,prefill,16384,QwenManualHybridLinear,1.827072024345398
171,,model.layers.24.self_attn.o_proj,self_attn.o_proj,prefill,16384,QwenManualHybridLinear,1.7950719594955444
172,,model.layers.24.mlp.gate_proj,mlp.gate_proj,prefill,16384,QwenManualHybridLinear,2.332672119140625
173,,model.layers.24.mlp.up_proj,mlp.up_proj,prefill,16384,QwenManualHybridLinear,2.3705599308013916
174,,model.layers.24.mlp.down_proj,mlp.down_proj,prefill,16384,QwenManualHybridLinear,4.772863864898682
175,,model.layers.25.self_attn.q_proj,self_attn.q_proj,prefill,16384,QwenManualHybridLinear,1.7909760475158691
176,,model.layers.25.self_attn.k_proj,self_attn.k_proj,prefill,16384,QwenManualHybridLinear,1.7904640436172485
177,,model.layers.25.self_attn.v_proj,self_attn.v_proj,prefill,16384,QwenManualHybridLinear,1.7931519746780396
178,,model.layers.25.self_attn.o_proj,self_attn.o_proj,prefill,16384,QwenManualHybridLinear,1.7879040241241455
179,,model.layers.25.mlp.gate_proj,mlp.gate_proj,prefill,16384,QwenManualHybridLinear,2.3398399353027344
180,,model.layers.25.mlp.up_proj,mlp.up_proj,prefill,16384,QwenManualHybridLinear,2.3716158866882324
181,,model.layers.25.mlp.down_proj,mlp.down_proj,prefill,16384,QwenManualHybridLinear,4.7861762046813965
182,,model.layers.26.self_attn.q_proj,self_attn.q_proj,prefill,16384,QwenManualHybridLinear,1.8083839416503906
183,,model.layers.26.self_attn.k_proj,self_attn.k_proj,prefill,16384,QwenManualHybridLinear,1.8225599527359009
184,,model.layers.26.self_attn.v_proj,self_attn.v_proj,prefill,16384,QwenManualHybridLinear,1.8004159927368164
185,,model.layers.26.self_attn.o_proj,self_attn.o_proj,prefill,16384,QwenManualHybridLinear,1.7909760475158691
186,,model.layers.26.mlp.gate_proj,mlp.gate_proj,prefill,16384,QwenManualHybridLinear,2.3449599742889404
187,,model.layers.26.mlp.up_proj,mlp.up_proj,prefill,16384,QwenManualHybridLinear,2.3603200912475586
188,,model.layers.26.mlp.down_proj,mlp.down_proj,prefill,16384,QwenManualHybridLinear,4.787199974060059
189,,model.layers.27.self_attn.q_proj,self_attn.q_proj,prefill,16384,QwenManualHybridLinear,1.7940479516983032
190,,model.layers.27.self_attn.k_proj,self_attn.k_proj,prefill,16384,QwenManualHybridLinear,1.8010879755020142
191,,model.layers.27.self_attn.v_proj,self_attn.v_proj,prefill,16384,QwenManualHybridLinear,1.7994240522384644
192,,model.layers.27.self_attn.o_proj,self_attn.o_proj,prefill,16384,QwenManualHybridLinear,1.7868800163269043
193,,model.layers.27.mlp.gate_proj,mlp.gate_proj,prefill,16384,QwenManualHybridLinear,2.3459839820861816
194,,model.layers.27.mlp.up_proj,mlp.up_proj,prefill,16384,QwenManualHybridLinear,2.3736319541931152
195,,model.layers.27.mlp.down_proj,mlp.down_proj,prefill,16384,QwenManualHybridLinear,4.782080173492432
196,,model.layers.28.self_attn.q_proj,self_attn.q_proj,prefill,16384,QwenManualHybridLinear,1.789952039718628
197,,model.layers.28.self_attn.k_proj,self_attn.k_proj,prefill,16384,QwenManualHybridLinear,1.7901439666748047
198,,model.layers.28.self_attn.v_proj,self_attn.v_proj,prefill,16384,QwenManualHybridLinear,1.7924480438232422
199,,model.layers.28.self_attn.o_proj,self_attn.o_proj,prefill,16384,QwenManualHybridLinear,1.7960959672927856
200,,model.layers.28.mlp.gate_proj,mlp.gate_proj,prefill,16384,QwenManualHybridLinear,2.348031997680664
201,,model.layers.28.mlp.up_proj,mlp.up_proj,prefill,16384,QwenManualHybridLinear,2.37280011177063
202,,model.layers.28.mlp.down_proj,mlp.down_proj,prefill,16384,QwenManualHybridLinear,4.780032157897949
203,,model.layers.29.self_attn.q_proj,self_attn.q_proj,prefill,16384,QwenManualHybridLinear,1.814527988433838
204,,model.layers.29.self_attn.k_proj,self_attn.k_proj,prefill,16384,QwenManualHybridLinear,1.8044480085372925
205,,model.layers.29.self_attn.v_proj,self_attn.v_proj,prefill,16384,QwenManualHybridLinear,1.7920960187911987
206,,model.layers.29.self_attn.o_proj,self_attn.o_proj,prefill,16384,QwenManualHybridLinear,1.7920000553131104
207,,model.layers.29.mlp.gate_proj,mlp.gate_proj,prefill,16384,QwenManualHybridLinear,2.343935966491699
208,,model.layers.29.mlp.up_proj,mlp.up_proj,prefill,16384,QwenManualHybridLinear,2.3695359230041504
209,,model.layers.29.mlp.down_proj,mlp.down_proj,prefill,16384,QwenManualHybridLinear,8.500224113464355
210,,model.layers.30.self_attn.q_proj,self_attn.q_proj,prefill,16384,QwenManualHybridLinear,1.8001919984817505
211,,model.layers.30.self_attn.k_proj,self_attn.k_proj,prefill,16384,QwenManualHybridLinear,1.7934080362319946
212,,model.layers.30.self_attn.v_proj,self_attn.v_proj,prefill,16384,QwenManualHybridLinear,1.7969919443130493
213,,model.layers.30.self_attn.o_proj,self_attn.o_proj,prefill,16384,QwenManualHybridLinear,1.798143982887268
214,,model.layers.30.mlp.gate_proj,mlp.gate_proj,prefill,16384,QwenManualHybridLinear,2.3408639430999756
215,,model.layers.30.mlp.up_proj,mlp.up_proj,prefill,16384,QwenManualHybridLinear,2.3592960834503174
216,,model.layers.30.mlp.down_proj,mlp.down_proj,prefill,16384,QwenManualHybridLinear,4.7472639083862305
217,,model.layers.31.self_attn.q_proj,self_attn.q_proj,prefill,16384,QwenManualHybridLinear,1.7920000553131104
218,,model.layers.31.self_attn.k_proj,self_attn.k_proj,prefill,16384,QwenManualHybridLinear,1.7881920337677002
219,,model.layers.31.self_attn.v_proj,self_attn.v_proj,prefill,16384,QwenManualHybridLinear,1.783903956413269
220,,model.layers.31.self_attn.o_proj,self_attn.o_proj,prefill,16384,QwenManualHybridLinear,1.8053120374679565
221,,model.layers.31.mlp.gate_proj,mlp.gate_proj,prefill,16384,QwenManualHybridLinear,2.3398399353027344
222,,model.layers.31.mlp.up_proj,mlp.up_proj,prefill,16384,QwenManualHybridLinear,2.3787519931793213
223,,model.layers.31.mlp.down_proj,mlp.down_proj,prefill,16384,QwenManualHybridLinear,4.749311923980713
224,0,model.layers.0.self_attn.q_proj,self_attn.q_proj,decode,1,QwenManualHybridLinear,0.638047993183136
225,0,model.layers.0.self_attn.k_proj,self_attn.k_proj,decode,1,QwenManualHybridLinear,0.3071039915084839
226,0,model.layers.0.self_attn.v_proj,self_attn.v_proj,decode,1,QwenManualHybridLinear,0.2667199969291687
227,0,model.layers.0.self_attn.o_proj,self_attn.o_proj,decode,1,QwenManualHybridLinear,0.5225920081138611
228,0,model.layers.0.mlp.gate_proj,mlp.gate_proj,decode,1,QwenManualHybridLinear,0.31622400879859924
229,0,model.layers.0.mlp.up_proj,mlp.up_proj,decode,1,QwenManualHybridLinear,0.28332799673080444
230,0,model.layers.0.mlp.down_proj,mlp.down_proj,decode,1,QwenManualHybridLinear,0.27164798974990845
231,0,model.layers.1.self_attn.q_proj,self_attn.q_proj,decode,1,QwenManualHybridLinear,0.2688640058040619
232,0,model.layers.1.self_attn.k_proj,self_attn.k_proj,decode,1,QwenManualHybridLinear,0.25622400641441345
233,0,model.layers.1.self_attn.v_proj,self_attn.v_proj,decode,1,QwenManualHybridLinear,0.2515200078487396
234,0,model.layers.1.self_attn.o_proj,self_attn.o_proj,decode,1,QwenManualHybridLinear,0.10979200154542923
235,0,model.layers.1.mlp.gate_proj,mlp.gate_proj,decode,1,QwenManualHybridLinear,0.26947200298309326
236,0,model.layers.1.mlp.up_proj,mlp.up_proj,decode,1,QwenManualHybridLinear,0.2513279914855957
237,0,model.layers.1.mlp.down_proj,mlp.down_proj,decode,1,QwenManualHybridLinear,0.2513599991798401
238,0,model.layers.2.self_attn.q_proj,self_attn.q_proj,decode,1,QwenManualHybridLinear,0.2643199861049652
239,0,model.layers.2.self_attn.k_proj,self_attn.k_proj,decode,1,QwenManualHybridLinear,0.2651520073413849
240,0,model.layers.2.self_attn.v_proj,self_attn.v_proj,decode,1,QwenManualHybridLinear,0.2632960081100464
241,0,model.layers.2.self_attn.o_proj,self_attn.o_proj,decode,1,QwenManualHybridLinear,0.10553599894046783
242,0,model.layers.2.mlp.gate_proj,mlp.gate_proj,decode,1,QwenManualHybridLinear,0.263264000415802
243,0,model.layers.2.mlp.up_proj,mlp.up_proj,decode,1,QwenManualHybridLinear,0.2447039932012558
244,0,model.layers.2.mlp.down_proj,mlp.down_proj,decode,1,QwenManualHybridLinear,0.25068798661231995
245,0,model.layers.3.self_attn.q_proj,self_attn.q_proj,decode,1,QwenManualHybridLinear,0.2789439857006073
246,0,model.layers.3.self_attn.k_proj,self_attn.k_proj,decode,1,QwenManualHybridLinear,0.255264014005661
247,0,model.layers.3.self_attn.v_proj,self_attn.v_proj,decode,1,QwenManualHybridLinear,0.2492160052061081
248,0,model.layers.3.self_attn.o_proj,self_attn.o_proj,decode,1,QwenManualHybridLinear,0.11235199868679047
249,0,model.layers.3.mlp.gate_proj,mlp.gate_proj,decode,1,QwenManualHybridLinear,0.2630079984664917
250,0,model.layers.3.mlp.up_proj,mlp.up_proj,decode,1,QwenManualHybridLinear,0.24723200500011444
251,0,model.layers.3.mlp.down_proj,mlp.down_proj,decode,1,QwenManualHybridLinear,0.24611200392246246
252,0,model.layers.4.self_attn.q_proj,self_attn.q_proj,decode,1,QwenManualHybridLinear,0.2605440020561218
253,0,model.layers.4.self_attn.k_proj,self_attn.k_proj,decode,1,QwenManualHybridLinear,0.24668799340724945
254,0,model.layers.4.self_attn.v_proj,self_attn.v_proj,decode,1,QwenManualHybridLinear,0.24563199281692505
255,0,model.layers.4.self_attn.o_proj,self_attn.o_proj,decode,1,QwenManualHybridLinear,0.10812799632549286
256,0,model.layers.4.mlp.gate_proj,mlp.gate_proj,decode,1,QwenManualHybridLinear,0.29552000761032104
257,0,model.layers.4.mlp.up_proj,mlp.up_proj,decode,1,QwenManualHybridLinear,0.25836798548698425
258,0,model.layers.4.mlp.down_proj,mlp.down_proj,decode,1,QwenManualHybridLinear,0.2656959891319275
259,0,model.layers.5.self_attn.q_proj,self_attn.q_proj,decode,1,QwenManualHybridLinear,0.2694399952888489
260,0,model.layers.5.self_attn.k_proj,self_attn.k_proj,decode,1,QwenManualHybridLinear,0.24985599517822266
261,0,model.layers.5.self_attn.v_proj,self_attn.v_proj,decode,1,QwenManualHybridLinear,0.2531839907169342
262,0,model.layers.5.self_attn.o_proj,self_attn.o_proj,decode,1,QwenManualHybridLinear,0.10844799876213074
263,0,model.layers.5.mlp.gate_proj,mlp.gate_proj,decode,1,QwenManualHybridLinear,0.2775680124759674
264,0,model.layers.5.mlp.up_proj,mlp.up_proj,decode,1,QwenManualHybridLinear,0.2560639977455139
265,0,model.layers.5.mlp.down_proj,mlp.down_proj,decode,1,QwenManualHybridLinear,0.2478400021791458
266,0,model.layers.6.self_attn.q_proj,self_attn.q_proj,decode,1,QwenManualHybridLinear,0.26368001103401184
267,0,model.layers.6.self_attn.k_proj,self_attn.k_proj,decode,1,QwenManualHybridLinear,0.25833600759506226
268,0,model.layers.6.self_attn.v_proj,self_attn.v_proj,decode,1,QwenManualHybridLinear,0.25996801257133484
269,0,model.layers.6.self_attn.o_proj,self_attn.o_proj,decode,1,QwenManualHybridLinear,0.11107199639081955
270,0,model.layers.6.mlp.gate_proj,mlp.gate_proj,decode,1,QwenManualHybridLinear,0.2585279941558838
271,0,model.layers.6.mlp.up_proj,mlp.up_proj,decode,1,QwenManualHybridLinear,0.2523840069770813
272,0,model.layers.6.mlp.down_proj,mlp.down_proj,decode,1,QwenManualHybridLinear,0.24700799584388733
273,0,model.layers.7.self_attn.q_proj,self_attn.q_proj,decode,1,QwenManualHybridLinear,0.2610880136489868
274,0,model.layers.7.self_attn.k_proj,self_attn.k_proj,decode,1,QwenManualHybridLinear,0.24905599653720856
275,0,model.layers.7.self_attn.v_proj,self_attn.v_proj,decode,1,QwenManualHybridLinear,0.24527999758720398
276,0,model.layers.7.self_attn.o_proj,self_attn.o_proj,decode,1,QwenManualHybridLinear,0.10870400071144104
277,0,model.layers.7.mlp.gate_proj,mlp.gate_proj,decode,1,QwenManualHybridLinear,0.36006399989128113
278,0,model.layers.7.mlp.up_proj,mlp.up_proj,decode,1,QwenManualHybridLinear,0.26787200570106506
279,0,model.layers.7.mlp.down_proj,mlp.down_proj,decode,1,QwenManualHybridLinear,0.24611200392246246
280,0,model.layers.8.self_attn.q_proj,self_attn.q_proj,decode,1,QwenManualHybridLinear,0.25407999753952026
281,0,model.layers.8.self_attn.k_proj,self_attn.k_proj,decode,1,QwenManualHybridLinear,0.24617600440979004
282,0,model.layers.8.self_attn.v_proj,self_attn.v_proj,decode,1,QwenManualHybridLinear,0.24934400618076324
283,0,model.layers.8.self_attn.o_proj,self_attn.o_proj,decode,1,QwenManualHybridLinear,0.10915199667215347
284,0,model.layers.8.mlp.gate_proj,mlp.gate_proj,decode,1,QwenManualHybridLinear,0.27084800601005554
285,0,model.layers.8.mlp.up_proj,mlp.up_proj,decode,1,QwenManualHybridLinear,0.2526400089263916
286,0,model.layers.8.mlp.down_proj,mlp.down_proj,decode,1,QwenManualHybridLinear,0.2581759989261627
287,0,model.layers.9.self_attn.q_proj,self_attn.q_proj,decode,1,QwenManualHybridLinear,0.275519996881485
288,0,model.layers.9.self_attn.k_proj,self_attn.k_proj,decode,1,QwenManualHybridLinear,0.24767999351024628
289,0,model.layers.9.self_attn.v_proj,self_attn.v_proj,decode,1,QwenManualHybridLinear,0.24755200743675232
290,0,model.layers.9.self_attn.o_proj,self_attn.o_proj,decode,1,QwenManualHybridLinear,0.10864000022411346
291,0,model.layers.9.mlp.gate_proj,mlp.gate_proj,decode,1,QwenManualHybridLinear,0.26134398579597473
292,0,model.layers.9.mlp.up_proj,mlp.up_proj,decode,1,QwenManualHybridLinear,0.2473600059747696
293,0,model.layers.9.mlp.down_proj,mlp.down_proj,decode,1,QwenManualHybridLinear,0.2476159930229187
294,0,model.layers.10.self_attn.q_proj,self_attn.q_proj,decode,1,QwenManualHybridLinear,0.2598400115966797
295,0,model.layers.10.self_attn.k_proj,self_attn.k_proj,decode,1,QwenManualHybridLinear,0.24508799612522125
296,0,model.layers.10.self_attn.v_proj,self_attn.v_proj,decode,1,QwenManualHybridLinear,0.24822400510311127
297,0,model.layers.10.self_attn.o_proj,self_attn.o_proj,decode,1,QwenManualHybridLinear,0.1066880002617836
298,0,model.layers.10.mlp.gate_proj,mlp.gate_proj,decode,1,QwenManualHybridLinear,0.25779199600219727
299,0,model.layers.10.mlp.up_proj,mlp.up_proj,decode,1,QwenManualHybridLinear,0.25014400482177734
300,0,model.layers.10.mlp.down_proj,mlp.down_proj,decode,1,QwenManualHybridLinear,0.2433920055627823
301,0,model.layers.11.self_attn.q_proj,self_attn.q_proj,decode,1,QwenManualHybridLinear,0.26316800713539124
302,0,model.layers.11.self_attn.k_proj,self_attn.k_proj,decode,1,QwenManualHybridLinear,0.24889600276947021
303,0,model.layers.11.self_attn.v_proj,self_attn.v_proj,decode,1,QwenManualHybridLinear,0.2499839961528778
304,0,model.layers.11.self_attn.o_proj,self_attn.o_proj,decode,1,QwenManualHybridLinear,0.09939199686050415
305,0,model.layers.11.mlp.gate_proj,mlp.gate_proj,decode,1,QwenManualHybridLinear,0.2584640085697174
306,0,model.layers.11.mlp.up_proj,mlp.up_proj,decode,1,QwenManualHybridLinear,0.27267199754714966
307,0,model.layers.11.mlp.down_proj,mlp.down_proj,decode,1,QwenManualHybridLinear,0.2839359939098358
308,0,model.layers.12.self_attn.q_proj,self_attn.q_proj,decode,1,QwenManualHybridLinear,0.2574079930782318
309,0,model.layers.12.self_attn.k_proj,self_attn.k_proj,decode,1,QwenManualHybridLinear,0.24969600141048431
310,0,model.layers.12.self_attn.v_proj,self_attn.v_proj,decode,1,QwenManualHybridLinear,0.2463040053844452
311,0,model.layers.12.self_attn.o_proj,self_attn.o_proj,decode,1,QwenManualHybridLinear,0.11532799899578094
312,0,model.layers.12.mlp.gate_proj,mlp.gate_proj,decode,1,QwenManualHybridLinear,0.26815998554229736
313,0,model.layers.12.mlp.up_proj,mlp.up_proj,decode,1,QwenManualHybridLinear,0.26019200682640076
314,0,model.layers.12.mlp.down_proj,mlp.down_proj,decode,1,QwenManualHybridLinear,0.2481600046157837
315,0,model.layers.13.self_attn.q_proj,self_attn.q_proj,decode,1,QwenManualHybridLinear,0.2585279941558838
316,0,model.layers.13.self_attn.k_proj,self_attn.k_proj,decode,1,QwenManualHybridLinear,0.2579840123653412
317,0,model.layers.13.self_attn.v_proj,self_attn.v_proj,decode,1,QwenManualHybridLinear,0.2513279914855957
318,0,model.layers.13.self_attn.o_proj,self_attn.o_proj,decode,1,QwenManualHybridLinear,0.11244799941778183
319,0,model.layers.13.mlp.gate_proj,mlp.gate_proj,decode,1,QwenManualHybridLinear,0.26182401180267334
320,0,model.layers.13.mlp.up_proj,mlp.up_proj,decode,1,QwenManualHybridLinear,0.24636800587177277
321,0,model.layers.13.mlp.down_proj,mlp.down_proj,decode,1,QwenManualHybridLinear,0.252128005027771
322,0,model.layers.14.self_attn.q_proj,self_attn.q_proj,decode,1,QwenManualHybridLinear,0.25760000944137573
323,0,model.layers.14.self_attn.k_proj,self_attn.k_proj,decode,1,QwenManualHybridLinear,0.2425599992275238
324,0,model.layers.14.self_attn.v_proj,self_attn.v_proj,decode,1,QwenManualHybridLinear,0.24214400351047516
325,0,model.layers.14.self_attn.o_proj,self_attn.o_proj,decode,1,QwenManualHybridLinear,0.11203200370073318
326,0,model.layers.14.mlp.gate_proj,mlp.gate_proj,decode,1,QwenManualHybridLinear,0.2698560059070587
327,0,model.layers.14.mlp.up_proj,mlp.up_proj,decode,1,QwenManualHybridLinear,0.2520639896392822
328,0,model.layers.14.mlp.down_proj,mlp.down_proj,decode,1,QwenManualHybridLinear,0.25414401292800903
329,0,model.layers.15.self_attn.q_proj,self_attn.q_proj,decode,1,QwenManualHybridLinear,0.2555840015411377
330,0,model.layers.15.self_attn.k_proj,self_attn.k_proj,decode,1,QwenManualHybridLinear,0.246848002076149
331,0,model.layers.15.self_attn.v_proj,self_attn.v_proj,decode,1,QwenManualHybridLinear,0.24403199553489685
332,0,model.layers.15.self_attn.o_proj,self_attn.o_proj,decode,1,QwenManualHybridLinear,0.1037760004401207
333,0,model.layers.15.mlp.gate_proj,mlp.gate_proj,decode,1,QwenManualHybridLinear,0.2542720139026642
334,0,model.layers.15.mlp.up_proj,mlp.up_proj,decode,1,QwenManualHybridLinear,0.2611199915409088
335,0,model.layers.15.mlp.down_proj,mlp.down_proj,decode,1,QwenManualHybridLinear,0.24582399427890778
336,0,model.layers.16.self_attn.q_proj,self_attn.q_proj,decode,1,QwenManualHybridLinear,0.25651198625564575
337,0,model.layers.16.self_attn.k_proj,self_attn.k_proj,decode,1,QwenManualHybridLinear,0.24383999407291412
338,0,model.layers.16.self_attn.v_proj,self_attn.v_proj,decode,1,QwenManualHybridLinear,0.24796800315380096
339,0,model.layers.16.self_attn.o_proj,self_attn.o_proj,decode,1,QwenManualHybridLinear,0.10169599950313568
340,0,model.layers.16.mlp.gate_proj,mlp.gate_proj,decode,1,QwenManualHybridLinear,0.255295991897583
341,0,model.layers.16.mlp.up_proj,mlp.up_proj,decode,1,QwenManualHybridLinear,0.2688960134983063
342,0,model.layers.16.mlp.down_proj,mlp.down_proj,decode,1,QwenManualHybridLinear,0.25600001215934753
343,0,model.layers.17.self_attn.q_proj,self_attn.q_proj,decode,1,QwenManualHybridLinear,0.2513920068740845
344,0,model.layers.17.self_attn.k_proj,self_attn.k_proj,decode,1,QwenManualHybridLinear,0.24668799340724945
345,0,model.layers.17.self_attn.v_proj,self_attn.v_proj,decode,1,QwenManualHybridLinear,0.24531200528144836
346,0,model.layers.17.self_attn.o_proj,self_attn.o_proj,decode,1,QwenManualHybridLinear,0.10134399682283401
347,0,model.layers.17.mlp.gate_proj,mlp.gate_proj,decode,1,QwenManualHybridLinear,0.25788798928260803
348,0,model.layers.17.mlp.up_proj,mlp.up_proj,decode,1,QwenManualHybridLinear,0.24486400187015533
349,0,model.layers.17.mlp.down_proj,mlp.down_proj,decode,1,QwenManualHybridLinear,0.24966399371623993
350,0,model.layers.18.self_attn.q_proj,self_attn.q_proj,decode,1,QwenManualHybridLinear,0.25382399559020996
351,0,model.layers.18.self_attn.k_proj,self_attn.k_proj,decode,1,QwenManualHybridLinear,0.2465279996395111
352,0,model.layers.18.self_attn.v_proj,self_attn.v_proj,decode,1,QwenManualHybridLinear,0.24300800263881683
353,0,model.layers.18.self_attn.o_proj,self_attn.o_proj,decode,1,QwenManualHybridLinear,0.10809600353240967
354,0,model.layers.18.mlp.gate_proj,mlp.gate_proj,decode,1,QwenManualHybridLinear,0.266431987285614
355,0,model.layers.18.mlp.up_proj,mlp.up_proj,decode,1,QwenManualHybridLinear,0.27327999472618103
356,0,model.layers.18.mlp.down_proj,mlp.down_proj,decode,1,QwenManualHybridLinear,0.24915200471878052
357,0,model.layers.19.self_attn.q_proj,self_attn.q_proj,decode,1,QwenManualHybridLinear,0.25887998938560486
358,0,model.layers.19.self_attn.k_proj,self_attn.k_proj,decode,1,QwenManualHybridLinear,0.24537600576877594
359,0,model.layers.19.self_attn.v_proj,self_attn.v_proj,decode,1,QwenManualHybridLinear,0.25465598702430725
360,0,model.layers.19.self_attn.o_proj,self_attn.o_proj,decode,1,QwenManualHybridLinear,0.09814400225877762
361,0,model.layers.19.mlp.gate_proj,mlp.gate_proj,decode,1,QwenManualHybridLinear,0.2600640058517456
362,0,model.layers.19.mlp.up_proj,mlp.up_proj,decode,1,QwenManualHybridLinear,0.24675199389457703
363,0,model.layers.19.mlp.down_proj,mlp.down_proj,decode,1,QwenManualHybridLinear,0.2476159930229187
364,0,model.layers.20.self_attn.q_proj,self_attn.q_proj,decode,1,QwenManualHybridLinear,0.26444798707962036
365,0,model.layers.20.self_attn.k_proj,self_attn.k_proj,decode,1,QwenManualHybridLinear,0.27084800601005554
366,0,model.layers.20.self_attn.v_proj,self_attn.v_proj,decode,1,QwenManualHybridLinear,0.24713599681854248
367,0,model.layers.20.self_attn.o_proj,self_attn.o_proj,decode,1,QwenManualHybridLinear,0.10300800204277039
368,0,model.layers.20.mlp.gate_proj,mlp.gate_proj,decode,1,QwenManualHybridLinear,0.25654399394989014
369,0,model.layers.20.mlp.up_proj,mlp.up_proj,decode,1,QwenManualHybridLinear,0.2558720111846924
370,0,model.layers.20.mlp.down_proj,mlp.down_proj,decode,1,QwenManualHybridLinear,0.24700799584388733
371,0,model.layers.21.self_attn.q_proj,self_attn.q_proj,decode,1,QwenManualHybridLinear,0.25465598702430725
372,0,model.layers.21.self_attn.k_proj,self_attn.k_proj,decode,1,QwenManualHybridLinear,0.24668799340724945
373,0,model.layers.21.self_attn.v_proj,self_attn.v_proj,decode,1,QwenManualHybridLinear,0.24512000381946564
374,0,model.layers.21.self_attn.o_proj,self_attn.o_proj,decode,1,QwenManualHybridLinear,0.11577600240707397
375,0,model.layers.21.mlp.gate_proj,mlp.gate_proj,decode,1,QwenManualHybridLinear,0.2802239954471588
376,0,model.layers.21.mlp.up_proj,mlp.up_proj,decode,1,QwenManualHybridLinear,0.2560639977455139
377,0,model.layers.21.mlp.down_proj,mlp.down_proj,decode,1,QwenManualHybridLinear,0.24969600141048431
378,0,model.layers.22.self_attn.q_proj,self_attn.q_proj,decode,1,QwenManualHybridLinear,0.26822400093078613
379,0,model.layers.22.self_attn.k_proj,self_attn.k_proj,decode,1,QwenManualHybridLinear,0.2502720057964325
380,0,model.layers.22.self_attn.v_proj,self_attn.v_proj,decode,1,QwenManualHybridLinear,0.24483199417591095
381,0,model.layers.22.self_attn.o_proj,self_attn.o_proj,decode,1,QwenManualHybridLinear,0.10681600123643875
382,0,model.layers.22.mlp.gate_proj,mlp.gate_proj,decode,1,QwenManualHybridLinear,0.2600319981575012
383,0,model.layers.22.mlp.up_proj,mlp.up_proj,decode,1,QwenManualHybridLinear,0.24825599789619446
384,0,model.layers.22.mlp.down_proj,mlp.down_proj,decode,1,QwenManualHybridLinear,0.37299200892448425
385,0,model.layers.23.self_attn.q_proj,self_attn.q_proj,decode,1,QwenManualHybridLinear,0.27507200837135315
386,0,model.layers.23.self_attn.k_proj,self_attn.k_proj,decode,1,QwenManualHybridLinear,0.25753599405288696
387,0,model.layers.23.self_attn.v_proj,self_attn.v_proj,decode,1,QwenManualHybridLinear,0.25036799907684326
388,0,model.layers.23.self_attn.o_proj,self_attn.o_proj,decode,1,QwenManualHybridLinear,0.10899200290441513
389,0,model.layers.23.mlp.gate_proj,mlp.gate_proj,decode,1,QwenManualHybridLinear,0.25596800446510315
390,0,model.layers.23.mlp.up_proj,mlp.up_proj,decode,1,QwenManualHybridLinear,0.24796800315380096
391,0,model.layers.23.mlp.down_proj,mlp.down_proj,decode,1,QwenManualHybridLinear,0.2430720031261444
392,0,model.layers.24.self_attn.q_proj,self_attn.q_proj,decode,1,QwenManualHybridLinear,0.27318400144577026
393,0,model.layers.24.self_attn.k_proj,self_attn.k_proj,decode,1,QwenManualHybridLinear,0.246848002076149
394,0,model.layers.24.self_attn.v_proj,self_attn.v_proj,decode,1,QwenManualHybridLinear,0.26495999097824097
395,0,model.layers.24.self_attn.o_proj,self_attn.o_proj,decode,1,QwenManualHybridLinear,0.09852799773216248
396,0,model.layers.24.mlp.gate_proj,mlp.gate_proj,decode,1,QwenManualHybridLinear,0.25407999753952026
397,0,model.layers.24.mlp.up_proj,mlp.up_proj,decode,1,QwenManualHybridLinear,0.2539840042591095
398,0,model.layers.24.mlp.down_proj,mlp.down_proj,decode,1,QwenManualHybridLinear,0.24569599330425262
399,0,model.layers.25.self_attn.q_proj,self_attn.q_proj,decode,1,QwenManualHybridLinear,0.2614719867706299
400,0,model.layers.25.self_attn.k_proj,self_attn.k_proj,decode,1,QwenManualHybridLinear,0.25484800338745117
401,0,model.layers.25.self_attn.v_proj,self_attn.v_proj,decode,1,QwenManualHybridLinear,0.24806399643421173
402,0,model.layers.25.self_attn.o_proj,self_attn.o_proj,decode,1,QwenManualHybridLinear,0.1019200012087822
403,0,model.layers.25.mlp.gate_proj,mlp.gate_proj,decode,1,QwenManualHybridLinear,0.27644801139831543
404,0,model.layers.25.mlp.up_proj,mlp.up_proj,decode,1,QwenManualHybridLinear,0.25388801097869873
405,0,model.layers.25.mlp.down_proj,mlp.down_proj,decode,1,QwenManualHybridLinear,0.24540799856185913
406,0,model.layers.26.self_attn.q_proj,self_attn.q_proj,decode,1,QwenManualHybridLinear,0.26204800605773926
407,0,model.layers.26.self_attn.k_proj,self_attn.k_proj,decode,1,QwenManualHybridLinear,0.2467840015888214
408,0,model.layers.26.self_attn.v_proj,self_attn.v_proj,decode,1,QwenManualHybridLinear,0.24262399971485138
409,0,model.layers.26.self_attn.o_proj,self_attn.o_proj,decode,1,QwenManualHybridLinear,0.09990400075912476
410,0,model.layers.26.mlp.gate_proj,mlp.gate_proj,decode,1,QwenManualHybridLinear,0.26047998666763306
411,0,model.layers.26.mlp.up_proj,mlp.up_proj,decode,1,QwenManualHybridLinear,0.24428799748420715
412,0,model.layers.26.mlp.down_proj,mlp.down_proj,decode,1,QwenManualHybridLinear,0.2433599978685379
413,0,model.layers.27.self_attn.q_proj,self_attn.q_proj,decode,1,QwenManualHybridLinear,0.27030399441719055
414,0,model.layers.27.self_attn.k_proj,self_attn.k_proj,decode,1,QwenManualHybridLinear,0.2534399926662445
415,0,model.layers.27.self_attn.v_proj,self_attn.v_proj,decode,1,QwenManualHybridLinear,0.24617600440979004
416,0,model.layers.27.self_attn.o_proj,self_attn.o_proj,decode,1,QwenManualHybridLinear,0.10387200117111206
417,0,model.layers.27.mlp.gate_proj,mlp.gate_proj,decode,1,QwenManualHybridLinear,0.2648639976978302
418,0,model.layers.27.mlp.up_proj,mlp.up_proj,decode,1,QwenManualHybridLinear,0.2460159957408905
419,0,model.layers.27.mlp.down_proj,mlp.down_proj,decode,1,QwenManualHybridLinear,0.24563199281692505
420,0,model.layers.28.self_attn.q_proj,self_attn.q_proj,decode,1,QwenManualHybridLinear,0.25436800718307495
421,0,model.layers.28.self_attn.k_proj,self_attn.k_proj,decode,1,QwenManualHybridLinear,0.2489600032567978
422,0,model.layers.28.self_attn.v_proj,self_attn.v_proj,decode,1,QwenManualHybridLinear,0.2433599978685379
423,0,model.layers.28.self_attn.o_proj,self_attn.o_proj,decode,1,QwenManualHybridLinear,0.10220800340175629
424,0,model.layers.28.mlp.gate_proj,mlp.gate_proj,decode,1,QwenManualHybridLinear,0.258976012468338
425,0,model.layers.28.mlp.up_proj,mlp.up_proj,decode,1,QwenManualHybridLinear,0.25648000836372375
426,0,model.layers.28.mlp.down_proj,mlp.down_proj,decode,1,QwenManualHybridLinear,0.2507840096950531
427,0,model.layers.29.self_attn.q_proj,self_attn.q_proj,decode,1,QwenManualHybridLinear,0.2533760070800781
428,0,model.layers.29.self_attn.k_proj,self_attn.k_proj,decode,1,QwenManualHybridLinear,0.24675199389457703
429,0,model.layers.29.self_attn.v_proj,self_attn.v_proj,decode,1,QwenManualHybridLinear,0.2444159984588623
430,0,model.layers.29.self_attn.o_proj,self_attn.o_proj,decode,1,QwenManualHybridLinear,0.10755199939012527
431,0,model.layers.29.mlp.gate_proj,mlp.gate_proj,decode,1,QwenManualHybridLinear,0.2580159902572632
432,0,model.layers.29.mlp.up_proj,mlp.up_proj,decode,1,QwenManualHybridLinear,0.2531200051307678
433,0,model.layers.29.mlp.down_proj,mlp.down_proj,decode,1,QwenManualHybridLinear,0.25760000944137573
434,0,model.layers.30.self_attn.q_proj,self_attn.q_proj,decode,1,QwenManualHybridLinear,0.2691519856452942
435,0,model.layers.30.self_attn.k_proj,self_attn.k_proj,decode,1,QwenManualHybridLinear,0.24320000410079956
436,0,model.layers.30.self_attn.v_proj,self_attn.v_proj,decode,1,QwenManualHybridLinear,0.24201600253582
437,0,model.layers.30.self_attn.o_proj,self_attn.o_proj,decode,1,QwenManualHybridLinear,0.10675200074911118
438,0,model.layers.30.mlp.gate_proj,mlp.gate_proj,decode,1,QwenManualHybridLinear,0.27110400795936584
439,0,model.layers.30.mlp.up_proj,mlp.up_proj,decode,1,QwenManualHybridLinear,0.2513920068740845
440,0,model.layers.30.mlp.down_proj,mlp.down_proj,decode,1,QwenManualHybridLinear,0.24745599925518036
441,0,model.layers.31.self_attn.q_proj,self_attn.q_proj,decode,1,QwenManualHybridLinear,0.2611519992351532
442,0,model.layers.31.self_attn.k_proj,self_attn.k_proj,decode,1,QwenManualHybridLinear,0.24915200471878052
443,0,model.layers.31.self_attn.v_proj,self_attn.v_proj,decode,1,QwenManualHybridLinear,0.270143985748291
444,0,model.layers.31.self_attn.o_proj,self_attn.o_proj,decode,1,QwenManualHybridLinear,0.10339199751615524
445,0,model.layers.31.mlp.gate_proj,mlp.gate_proj,decode,1,QwenManualHybridLinear,0.25542399287223816
446,0,model.layers.31.mlp.up_proj,mlp.up_proj,decode,1,QwenManualHybridLinear,0.2452480047941208
447,0,model.layers.31.mlp.down_proj,mlp.down_proj,decode,1,QwenManualHybridLinear,0.24140800535678864
448,1,model.layers.0.self_attn.q_proj,self_attn.q_proj,decode,1,QwenManualHybridLinear,0.46799999475479126
449,1,model.layers.0.self_attn.k_proj,self_attn.k_proj,decode,1,QwenManualHybridLinear,0.29398399591445923
450,1,model.layers.0.self_attn.v_proj,self_attn.v_proj,decode,1,QwenManualHybridLinear,0.2761920094490051
451,1,model.layers.0.self_attn.o_proj,self_attn.o_proj,decode,1,QwenManualHybridLinear,0.10787200182676315
452,1,model.layers.0.mlp.gate_proj,mlp.gate_proj,decode,1,QwenManualHybridLinear,0.2720640003681183
453,1,model.layers.0.mlp.up_proj,mlp.up_proj,decode,1,QwenManualHybridLinear,0.26208001375198364
454,1,model.layers.0.mlp.down_proj,mlp.down_proj,decode,1,QwenManualHybridLinear,0.25331199169158936
455,1,model.layers.1.self_attn.q_proj,self_attn.q_proj,decode,1,QwenManualHybridLinear,0.26204800605773926
456,1,model.layers.1.self_attn.k_proj,self_attn.k_proj,decode,1,QwenManualHybridLinear,0.2592639923095703
457,1,model.layers.1.self_attn.v_proj,self_attn.v_proj,decode,1,QwenManualHybridLinear,0.25305598974227905
458,1,model.layers.1.self_attn.o_proj,self_attn.o_proj,decode,1,QwenManualHybridLinear,0.1019200012087822
459,1,model.layers.1.mlp.gate_proj,mlp.gate_proj,decode,1,QwenManualHybridLinear,0.29872000217437744
460,1,model.layers.1.mlp.up_proj,mlp.up_proj,decode,1,QwenManualHybridLinear,0.256415992975235
461,1,model.layers.1.mlp.down_proj,mlp.down_proj,decode,1,QwenManualHybridLinear,0.2518720030784607
462,1,model.layers.2.self_attn.q_proj,self_attn.q_proj,decode,1,QwenManualHybridLinear,0.2588160037994385
463,1,model.layers.2.self_attn.k_proj,self_attn.k_proj,decode,1,QwenManualHybridLinear,0.24352000653743744
464,1,model.layers.2.self_attn.v_proj,self_attn.v_proj,decode,1,QwenManualHybridLinear,0.24223999679088593
465,1,model.layers.2.self_attn.o_proj,self_attn.o_proj,decode,1,QwenManualHybridLinear,0.10390400141477585
466,1,model.layers.2.mlp.gate_proj,mlp.gate_proj,decode,1,QwenManualHybridLinear,0.25894400477409363
467,1,model.layers.2.mlp.up_proj,mlp.up_proj,decode,1,QwenManualHybridLinear,0.25542399287223816
468,1,model.layers.2.mlp.down_proj,mlp.down_proj,decode,1,QwenManualHybridLinear,0.2622399926185608
469,1,model.layers.3.self_attn.q_proj,self_attn.q_proj,decode,1,QwenManualHybridLinear,0.27904000878334045
470,1,model.layers.3.self_attn.k_proj,self_attn.k_proj,decode,1,QwenManualHybridLinear,0.2505599856376648
471,1,model.layers.3.self_attn.v_proj,self_attn.v_proj,decode,1,QwenManualHybridLinear,0.2457599937915802
472,1,model.layers.3.self_attn.o_proj,self_attn.o_proj,decode,1,QwenManualHybridLinear,0.11327999830245972
473,1,model.layers.3.mlp.gate_proj,mlp.gate_proj,decode,1,QwenManualHybridLinear,0.2813439965248108
474,1,model.layers.3.mlp.up_proj,mlp.up_proj,decode,1,QwenManualHybridLinear,0.256415992975235
475,1,model.layers.3.mlp.down_proj,mlp.down_proj,decode,1,QwenManualHybridLinear,0.2505919933319092
476,1,model.layers.4.self_attn.q_proj,self_attn.q_proj,decode,1,QwenManualHybridLinear,0.2603519856929779
477,1,model.layers.4.self_attn.k_proj,self_attn.k_proj,decode,1,QwenManualHybridLinear,0.2540160119533539
478,1,model.layers.4.self_attn.v_proj,self_attn.v_proj,decode,1,QwenManualHybridLinear,0.2487040013074875
479,1,model.layers.4.self_attn.o_proj,self_attn.o_proj,decode,1,QwenManualHybridLinear,0.10579200088977814
480,1,model.layers.4.mlp.gate_proj,mlp.gate_proj,decode,1,QwenManualHybridLinear,0.266400009393692
481,1,model.layers.4.mlp.up_proj,mlp.up_proj,decode,1,QwenManualHybridLinear,0.26895999908447266
482,1,model.layers.4.mlp.down_proj,mlp.down_proj,decode,1,QwenManualHybridLinear,0.24966399371623993
483,1,model.layers.5.self_attn.q_proj,self_attn.q_proj,decode,1,QwenManualHybridLinear,0.25519999861717224
484,1,model.layers.5.self_attn.k_proj,self_attn.k_proj,decode,1,QwenManualHybridLinear,0.25174400210380554
485,1,model.layers.5.self_attn.v_proj,self_attn.v_proj,decode,1,QwenManualHybridLinear,0.25465598702430725
486,1,model.layers.5.self_attn.o_proj,self_attn.o_proj,decode,1,QwenManualHybridLinear,0.11049599945545197
487,1,model.layers.5.mlp.gate_proj,mlp.gate_proj,decode,1,QwenManualHybridLinear,0.2605440020561218
488,1,model.layers.5.mlp.up_proj,mlp.up_proj,decode,1,QwenManualHybridLinear,0.27856001257896423
489,1,model.layers.5.mlp.down_proj,mlp.down_proj,decode,1,QwenManualHybridLinear,0.2510400116443634
490,1,model.layers.6.self_attn.q_proj,self_attn.q_proj,decode,1,QwenManualHybridLinear,0.2579840123653412
491,1,model.layers.6.self_attn.k_proj,self_attn.k_proj,decode,1,QwenManualHybridLinear,0.24592000246047974
492,1,model.layers.6.self_attn.v_proj,self_attn.v_proj,decode,1,QwenManualHybridLinear,0.24527999758720398
493,1,model.layers.6.self_attn.o_proj,self_attn.o_proj,decode,1,QwenManualHybridLinear,0.10684800148010254
494,1,model.layers.6.mlp.gate_proj,mlp.gate_proj,decode,1,QwenManualHybridLinear,0.25996801257133484
495,1,model.layers.6.mlp.up_proj,mlp.up_proj,decode,1,QwenManualHybridLinear,0.24665600061416626
496,1,model.layers.6.mlp.down_proj,mlp.down_proj,decode,1,QwenManualHybridLinear,0.24672000110149384
497,1,model.layers.7.self_attn.q_proj,self_attn.q_proj,decode,1,QwenManualHybridLinear,0.2728640139102936
498,1,model.layers.7.self_attn.k_proj,self_attn.k_proj,decode,1,QwenManualHybridLinear,0.27350398898124695
499,1,model.layers.7.self_attn.v_proj,self_attn.v_proj,decode,1,QwenManualHybridLinear,0.24614399671554565
500,1,model.layers.7.self_attn.o_proj,self_attn.o_proj,decode,1,QwenManualHybridLinear,0.10374400019645691
501,1,model.layers.7.mlp.gate_proj,mlp.gate_proj,decode,1,QwenManualHybridLinear,0.26233598589897156
502,1,model.layers.7.mlp.up_proj,mlp.up_proj,decode,1,QwenManualHybridLinear,0.25046399235725403
503,1,model.layers.7.mlp.down_proj,mlp.down_proj,decode,1,QwenManualHybridLinear,0.24694399535655975
504,1,model.layers.8.self_attn.q_proj,self_attn.q_proj,decode,1,QwenManualHybridLinear,0.2518079876899719
505,1,model.layers.8.self_attn.k_proj,self_attn.k_proj,decode,1,QwenManualHybridLinear,0.25542399287223816
506,1,model.layers.8.self_attn.v_proj,self_attn.v_proj,decode,1,QwenManualHybridLinear,0.24140800535678864
507,1,model.layers.8.self_attn.o_proj,self_attn.o_proj,decode,1,QwenManualHybridLinear,0.11088000237941742
508,1,model.layers.8.mlp.gate_proj,mlp.gate_proj,decode,1,QwenManualHybridLinear,0.2693119943141937
509,1,model.layers.8.mlp.up_proj,mlp.up_proj,decode,1,QwenManualHybridLinear,0.2566719949245453
510,1,model.layers.8.mlp.down_proj,mlp.down_proj,decode,1,QwenManualHybridLinear,0.2502399981021881
511,1,model.layers.9.self_attn.q_proj,self_attn.q_proj,decode,1,QwenManualHybridLinear,0.25808000564575195
512,1,model.layers.9.self_attn.k_proj,self_attn.k_proj,decode,1,QwenManualHybridLinear,0.24899199604988098
513,1,model.layers.9.self_attn.v_proj,self_attn.v_proj,decode,1,QwenManualHybridLinear,0.24659200012683868
514,1,model.layers.9.self_attn.o_proj,self_attn.o_proj,decode,1,QwenManualHybridLinear,0.10447999835014343
515,1,model.layers.9.mlp.gate_proj,mlp.gate_proj,decode,1,QwenManualHybridLinear,0.26822400093078613
516,1,model.layers.9.mlp.up_proj,mlp.up_proj,decode,1,QwenManualHybridLinear,0.2521919906139374
517,1,model.layers.9.mlp.down_proj,mlp.down_proj,decode,1,QwenManualHybridLinear,0.24614399671554565
518,1,model.layers.10.self_attn.q_proj,self_attn.q_proj,decode,1,QwenManualHybridLinear,0.2598080039024353
519,1,model.layers.10.self_attn.k_proj,self_attn.k_proj,decode,1,QwenManualHybridLinear,0.26396799087524414
520,1,model.layers.10.self_attn.v_proj,self_attn.v_proj,decode,1,QwenManualHybridLinear,0.2443840056657791
521,1,model.layers.10.self_attn.o_proj,self_attn.o_proj,decode,1,QwenManualHybridLinear,0.10745599865913391
522,1,model.layers.10.mlp.gate_proj,mlp.gate_proj,decode,1,QwenManualHybridLinear,0.26425600051879883
523,1,model.layers.10.mlp.up_proj,mlp.up_proj,decode,1,QwenManualHybridLinear,0.24425600469112396
524,1,model.layers.10.mlp.down_proj,mlp.down_proj,decode,1,QwenManualHybridLinear,0.24383999407291412
525,1,model.layers.11.self_attn.q_proj,self_attn.q_proj,decode,1,QwenManualHybridLinear,0.25305598974227905
526,1,model.layers.11.self_attn.k_proj,self_attn.k_proj,decode,1,QwenManualHybridLinear,0.24995200335979462
527,1,model.layers.11.self_attn.v_proj,self_attn.v_proj,decode,1,QwenManualHybridLinear,0.24137599766254425
528,1,model.layers.11.self_attn.o_proj,self_attn.o_proj,decode,1,QwenManualHybridLinear,0.09881599992513657
529,1,model.layers.11.mlp.gate_proj,mlp.gate_proj,decode,1,QwenManualHybridLinear,0.2648960053920746
530,1,model.layers.11.mlp.up_proj,mlp.up_proj,decode,1,QwenManualHybridLinear,0.2526719868183136
531,1,model.layers.11.mlp.down_proj,mlp.down_proj,decode,1,QwenManualHybridLinear,0.24607999622821808
532,1,model.layers.12.self_attn.q_proj,self_attn.q_proj,decode,1,QwenManualHybridLinear,0.2590720057487488
533,1,model.layers.12.self_attn.k_proj,self_attn.k_proj,decode,1,QwenManualHybridLinear,0.24982400238513947
534,1,model.layers.12.self_attn.v_proj,self_attn.v_proj,decode,1,QwenManualHybridLinear,0.24716800451278687
535,1,model.layers.12.self_attn.o_proj,self_attn.o_proj,decode,1,QwenManualHybridLinear,0.10604800283908844
536,1,model.layers.12.mlp.gate_proj,mlp.gate_proj,decode,1,QwenManualHybridLinear,0.25360000133514404
537,1,model.layers.12.mlp.up_proj,mlp.up_proj,decode,1,QwenManualHybridLinear,0.26899200677871704
538,1,model.layers.12.mlp.down_proj,mlp.down_proj,decode,1,QwenManualHybridLinear,0.2524160146713257
539,1,model.layers.13.self_attn.q_proj,self_attn.q_proj,decode,1,QwenManualHybridLinear,0.2630400061607361
540,1,model.layers.13.self_attn.k_proj,self_attn.k_proj,decode,1,QwenManualHybridLinear,0.24748800694942474
541,1,model.layers.13.self_attn.v_proj,self_attn.v_proj,decode,1,QwenManualHybridLinear,0.24313600361347198
542,1,model.layers.13.self_attn.o_proj,self_attn.o_proj,decode,1,QwenManualHybridLinear,0.10543999820947647
543,1,model.layers.13.mlp.gate_proj,mlp.gate_proj,decode,1,QwenManualHybridLinear,0.2576960027217865
544,1,model.layers.13.mlp.up_proj,mlp.up_proj,decode,1,QwenManualHybridLinear,0.24425600469112396
545,1,model.layers.13.mlp.down_proj,mlp.down_proj,decode,1,QwenManualHybridLinear,0.24806399643421173
546,1,model.layers.14.self_attn.q_proj,self_attn.q_proj,decode,1,QwenManualHybridLinear,0.25968000292778015
547,1,model.layers.14.self_attn.k_proj,self_attn.k_proj,decode,1,QwenManualHybridLinear,0.2605440020561218
548,1,model.layers.14.self_attn.v_proj,self_attn.v_proj,decode,1,QwenManualHybridLinear,0.2460159957408905
549,1,model.layers.14.self_attn.o_proj,self_attn.o_proj,decode,1,QwenManualHybridLinear,0.10502400249242783
550,1,model.layers.14.mlp.gate_proj,mlp.gate_proj,decode,1,QwenManualHybridLinear,0.2723200023174286
551,1,model.layers.14.mlp.up_proj,mlp.up_proj,decode,1,QwenManualHybridLinear,0.25203201174736023
552,1,model.layers.14.mlp.down_proj,mlp.down_proj,decode,1,QwenManualHybridLinear,0.2519359886646271
553,1,model.layers.15.self_attn.q_proj,self_attn.q_proj,decode,1,QwenManualHybridLinear,0.2788800001144409
554,1,model.layers.15.self_attn.k_proj,self_attn.k_proj,decode,1,QwenManualHybridLinear,0.25014400482177734
555,1,model.layers.15.self_attn.v_proj,self_attn.v_proj,decode,1,QwenManualHybridLinear,0.24326400458812714
556,1,model.layers.15.self_attn.o_proj,self_attn.o_proj,decode,1,QwenManualHybridLinear,0.1279360055923462
557,1,model.layers.15.mlp.gate_proj,mlp.gate_proj,decode,1,QwenManualHybridLinear,0.2658880054950714
558,1,model.layers.15.mlp.up_proj,mlp.up_proj,decode,1,QwenManualHybridLinear,0.24515199661254883
559,1,model.layers.15.mlp.down_proj,mlp.down_proj,decode,1,QwenManualHybridLinear,0.24377599358558655
560,1,model.layers.16.self_attn.q_proj,self_attn.q_proj,decode,1,QwenManualHybridLinear,0.2603200078010559
561,1,model.layers.16.self_attn.k_proj,self_attn.k_proj,decode,1,QwenManualHybridLinear,0.25302401185035706
562,1,model.layers.16.self_attn.v_proj,self_attn.v_proj,decode,1,QwenManualHybridLinear,0.2425599992275238
563,1,model.layers.16.self_attn.o_proj,self_attn.o_proj,decode,1,QwenManualHybridLinear,0.10147199779748917
564,1,model.layers.16.mlp.gate_proj,mlp.gate_proj,decode,1,QwenManualHybridLinear,0.26131200790405273
565,1,model.layers.16.mlp.up_proj,mlp.up_proj,decode,1,QwenManualHybridLinear,0.24579200148582458
566,1,model.layers.16.mlp.down_proj,mlp.down_proj,decode,1,QwenManualHybridLinear,0.2422720044851303
567,1,model.layers.17.self_attn.q_proj,self_attn.q_proj,decode,1,QwenManualHybridLinear,0.2603839933872223
568,1,model.layers.17.self_attn.k_proj,self_attn.k_proj,decode,1,QwenManualHybridLinear,0.24764800071716309
569,1,model.layers.17.self_attn.v_proj,self_attn.v_proj,decode,1,QwenManualHybridLinear,0.24012799561023712
570,1,model.layers.17.self_attn.o_proj,self_attn.o_proj,decode,1,QwenManualHybridLinear,0.10400000214576721
571,1,model.layers.17.mlp.gate_proj,mlp.gate_proj,decode,1,QwenManualHybridLinear,0.25782400369644165
572,1,model.layers.17.mlp.up_proj,mlp.up_proj,decode,1,QwenManualHybridLinear,0.24502399563789368
573,1,model.layers.17.mlp.down_proj,mlp.down_proj,decode,1,QwenManualHybridLinear,0.2449599951505661
574,1,model.layers.18.self_attn.q_proj,self_attn.q_proj,decode,1,QwenManualHybridLinear,0.26956799626350403
575,1,model.layers.18.self_attn.k_proj,self_attn.k_proj,decode,1,QwenManualHybridLinear,0.26502400636672974
576,1,model.layers.18.self_attn.v_proj,self_attn.v_proj,decode,1,QwenManualHybridLinear,0.2481600046157837
577,1,model.layers.18.self_attn.o_proj,self_attn.o_proj,decode,1,QwenManualHybridLinear,0.10601600259542465
578,1,model.layers.18.mlp.gate_proj,mlp.gate_proj,decode,1,QwenManualHybridLinear,0.26009601354599
579,1,model.layers.18.mlp.up_proj,mlp.up_proj,decode,1,QwenManualHybridLinear,0.24624000489711761
580,1,model.layers.18.mlp.down_proj,mlp.down_proj,decode,1,QwenManualHybridLinear,0.2452480047941208
581,1,model.layers.19.self_attn.q_proj,self_attn.q_proj,decode,1,QwenManualHybridLinear,0.2579840123653412
582,1,model.layers.19.self_attn.k_proj,self_attn.k_proj,decode,1,QwenManualHybridLinear,0.24719999730587006
583,1,model.layers.19.self_attn.v_proj,self_attn.v_proj,decode,1,QwenManualHybridLinear,0.2428479939699173
584,1,model.layers.19.self_attn.o_proj,self_attn.o_proj,decode,1,QwenManualHybridLinear,0.10460799932479858
585,1,model.layers.19.mlp.gate_proj,mlp.gate_proj,decode,1,QwenManualHybridLinear,0.27347201108932495
586,1,model.layers.19.mlp.up_proj,mlp.up_proj,decode,1,QwenManualHybridLinear,0.2645440101623535
587,1,model.layers.19.mlp.down_proj,mlp.down_proj,decode,1,QwenManualHybridLinear,0.2515519857406616
588,1,model.layers.20.self_attn.q_proj,self_attn.q_proj,decode,1,QwenManualHybridLinear,0.2587200105190277
589,1,model.layers.20.self_attn.k_proj,self_attn.k_proj,decode,1,QwenManualHybridLinear,0.2513599991798401
590,1,model.layers.20.self_attn.v_proj,self_attn.v_proj,decode,1,QwenManualHybridLinear,0.24483199417591095
591,1,model.layers.20.self_attn.o_proj,self_attn.o_proj,decode,1,QwenManualHybridLinear,0.10784000158309937
592,1,model.layers.20.mlp.gate_proj,mlp.gate_proj,decode,1,QwenManualHybridLinear,0.25971201062202454
593,1,model.layers.20.mlp.up_proj,mlp.up_proj,decode,1,QwenManualHybridLinear,0.24985599517822266
594,1,model.layers.20.mlp.down_proj,mlp.down_proj,decode,1,QwenManualHybridLinear,0.3493120074272156
595,1,model.layers.21.self_attn.q_proj,self_attn.q_proj,decode,1,QwenManualHybridLinear,0.2784320116043091
596,1,model.layers.21.self_attn.k_proj,self_attn.k_proj,decode,1,QwenManualHybridLinear,0.26812800765037537
597,1,model.layers.21.self_attn.v_proj,self_attn.v_proj,decode,1,QwenManualHybridLinear,0.24991999566555023
598,1,model.layers.21.self_attn.o_proj,self_attn.o_proj,decode,1,QwenManualHybridLinear,0.09811200201511383
599,1,model.layers.21.mlp.gate_proj,mlp.gate_proj,decode,1,QwenManualHybridLinear,0.2561280131340027
600,1,model.layers.21.mlp.up_proj,mlp.up_proj,decode,1,QwenManualHybridLinear,0.24659200012683868
601,1,model.layers.21.mlp.down_proj,mlp.down_proj,decode,1,QwenManualHybridLinear,0.2460480034351349
602,1,model.layers.22.self_attn.q_proj,self_attn.q_proj,decode,1,QwenManualHybridLinear,0.25548800826072693
603,1,model.layers.22.self_attn.k_proj,self_attn.k_proj,decode,1,QwenManualHybridLinear,0.2422720044851303
604,1,model.layers.22.self_attn.v_proj,self_attn.v_proj,decode,1,QwenManualHybridLinear,0.24377599358558655
605,1,model.layers.22.self_attn.o_proj,self_attn.o_proj,decode,1,QwenManualHybridLinear,0.10902400314807892
606,1,model.layers.22.mlp.gate_proj,mlp.gate_proj,decode,1,QwenManualHybridLinear,0.2686080038547516
607,1,model.layers.22.mlp.up_proj,mlp.up_proj,decode,1,QwenManualHybridLinear,0.25091201066970825
608,1,model.layers.22.mlp.down_proj,mlp.down_proj,decode,1,QwenManualHybridLinear,0.256415992975235
609,1,model.layers.23.self_attn.q_proj,self_attn.q_proj,decode,1,QwenManualHybridLinear,0.2650560140609741
610,1,model.layers.23.self_attn.k_proj,self_attn.k_proj,decode,1,QwenManualHybridLinear,0.24694399535655975
611,1,model.layers.23.self_attn.v_proj,self_attn.v_proj,decode,1,QwenManualHybridLinear,0.24156799912452698
612,1,model.layers.23.self_attn.o_proj,self_attn.o_proj,decode,1,QwenManualHybridLinear,0.11180800199508667
613,1,model.layers.23.mlp.gate_proj,mlp.gate_proj,decode,1,QwenManualHybridLinear,0.25382399559020996
614,1,model.layers.23.mlp.up_proj,mlp.up_proj,decode,1,QwenManualHybridLinear,0.2425280064344406
615,1,model.layers.23.mlp.down_proj,mlp.down_proj,decode,1,QwenManualHybridLinear,0.2606079876422882
616,1,model.layers.24.self_attn.q_proj,self_attn.q_proj,decode,1,QwenManualHybridLinear,0.26819199323654175
617,1,model.layers.24.self_attn.k_proj,self_attn.k_proj,decode,1,QwenManualHybridLinear,0.2511039972305298
618,1,model.layers.24.self_attn.v_proj,self_attn.v_proj,decode,1,QwenManualHybridLinear,0.24454399943351746
619,1,model.layers.24.self_attn.o_proj,self_attn.o_proj,decode,1,QwenManualHybridLinear,0.107744000852108
620,1,model.layers.24.mlp.gate_proj,mlp.gate_proj,decode,1,QwenManualHybridLinear,0.26128000020980835
621,1,model.layers.24.mlp.up_proj,mlp.up_proj,decode,1,QwenManualHybridLinear,0.2639999985694885
622,1,model.layers.24.mlp.down_proj,mlp.down_proj,decode,1,QwenManualHybridLinear,0.24889600276947021
623,1,model.layers.25.self_attn.q_proj,self_attn.q_proj,decode,1,QwenManualHybridLinear,0.25600001215934753
624,1,model.layers.25.self_attn.k_proj,self_attn.k_proj,decode,1,QwenManualHybridLinear,0.24819199740886688
625,1,model.layers.25.self_attn.v_proj,self_attn.v_proj,decode,1,QwenManualHybridLinear,0.24700799584388733
626,1,model.layers.25.self_attn.o_proj,self_attn.o_proj,decode,1,QwenManualHybridLinear,0.11423999816179276
627,1,model.layers.25.mlp.gate_proj,mlp.gate_proj,decode,1,QwenManualHybridLinear,0.26105600595474243
628,1,model.layers.25.mlp.up_proj,mlp.up_proj,decode,1,QwenManualHybridLinear,0.24908800423145294
629,1,model.layers.25.mlp.down_proj,mlp.down_proj,decode,1,QwenManualHybridLinear,0.24755200743675232
630,1,model.layers.26.self_attn.q_proj,self_attn.q_proj,decode,1,QwenManualHybridLinear,0.2576960027217865
631,1,model.layers.26.self_attn.k_proj,self_attn.k_proj,decode,1,QwenManualHybridLinear,0.24854399263858795
632,1,model.layers.26.self_attn.v_proj,self_attn.v_proj,decode,1,QwenManualHybridLinear,0.2417919933795929
633,1,model.layers.26.self_attn.o_proj,self_attn.o_proj,decode,1,QwenManualHybridLinear,0.11475200206041336
634,1,model.layers.26.mlp.gate_proj,mlp.gate_proj,decode,1,QwenManualHybridLinear,0.28252801299095154
635,1,model.layers.26.mlp.up_proj,mlp.up_proj,decode,1,QwenManualHybridLinear,0.2518079876899719
636,1,model.layers.26.mlp.down_proj,mlp.down_proj,decode,1,QwenManualHybridLinear,0.2515519857406616
637,1,model.layers.27.self_attn.q_proj,self_attn.q_proj,decode,1,QwenManualHybridLinear,0.27561599016189575
638,1,model.layers.27.self_attn.k_proj,self_attn.k_proj,decode,1,QwenManualHybridLinear,0.24672000110149384
639,1,model.layers.27.self_attn.v_proj,self_attn.v_proj,decode,1,QwenManualHybridLinear,0.24134400486946106
640,1,model.layers.27.self_attn.o_proj,self_attn.o_proj,decode,1,QwenManualHybridLinear,0.10678400099277496
641,1,model.layers.27.mlp.gate_proj,mlp.gate_proj,decode,1,QwenManualHybridLinear,0.26124799251556396
642,1,model.layers.27.mlp.up_proj,mlp.up_proj,decode,1,QwenManualHybridLinear,0.24502399563789368
643,1,model.layers.27.mlp.down_proj,mlp.down_proj,decode,1,QwenManualHybridLinear,0.24879999458789825
644,1,model.layers.28.self_attn.q_proj,self_attn.q_proj,decode,1,QwenManualHybridLinear,0.2614719867706299
645,1,model.layers.28.self_attn.k_proj,self_attn.k_proj,decode,1,QwenManualHybridLinear,0.25040000677108765
646,1,model.layers.28.self_attn.v_proj,self_attn.v_proj,decode,1,QwenManualHybridLinear,0.2441920042037964
647,1,model.layers.28.self_attn.o_proj,self_attn.o_proj,decode,1,QwenManualHybridLinear,0.10480000078678131
648,1,model.layers.28.mlp.gate_proj,mlp.gate_proj,decode,1,QwenManualHybridLinear,0.2572160065174103
649,1,model.layers.28.mlp.up_proj,mlp.up_proj,decode,1,QwenManualHybridLinear,0.24316799640655518
650,1,model.layers.28.mlp.down_proj,mlp.down_proj,decode,1,QwenManualHybridLinear,0.2511039972305298
651,1,model.layers.29.self_attn.q_proj,self_attn.q_proj,decode,1,QwenManualHybridLinear,0.2499839961528778
652,1,model.layers.29.self_attn.k_proj,self_attn.k_proj,decode,1,QwenManualHybridLinear,0.2415039986371994
653,1,model.layers.29.self_attn.v_proj,self_attn.v_proj,decode,1,QwenManualHybridLinear,0.2412160038948059
654,1,model.layers.29.self_attn.o_proj,self_attn.o_proj,decode,1,QwenManualHybridLinear,0.10815999656915665
655,1,model.layers.29.mlp.gate_proj,mlp.gate_proj,decode,1,QwenManualHybridLinear,0.27856001257896423
656,1,model.layers.29.mlp.up_proj,mlp.up_proj,decode,1,QwenManualHybridLinear,0.24588799476623535
657,1,model.layers.29.mlp.down_proj,mlp.down_proj,decode,1,QwenManualHybridLinear,0.24700799584388733
658,1,model.layers.30.self_attn.q_proj,self_attn.q_proj,decode,1,QwenManualHybridLinear,0.26550400257110596
659,1,model.layers.30.self_attn.k_proj,self_attn.k_proj,decode,1,QwenManualHybridLinear,0.249439999461174
660,1,model.layers.30.self_attn.v_proj,self_attn.v_proj,decode,1,QwenManualHybridLinear,0.2441280037164688
661,1,model.layers.30.self_attn.o_proj,self_attn.o_proj,decode,1,QwenManualHybridLinear,0.1151999980211258
662,1,model.layers.30.mlp.gate_proj,mlp.gate_proj,decode,1,QwenManualHybridLinear,0.25910401344299316
663,1,model.layers.30.mlp.up_proj,mlp.up_proj,decode,1,QwenManualHybridLinear,0.24582399427890778
664,1,model.layers.30.mlp.down_proj,mlp.down_proj,decode,1,QwenManualHybridLinear,0.2616960108280182
665,1,model.layers.31.self_attn.q_proj,self_attn.q_proj,decode,1,QwenManualHybridLinear,0.27395200729370117
666,1,model.layers.31.self_attn.k_proj,self_attn.k_proj,decode,1,QwenManualHybridLinear,0.2611840069293976
667,1,model.layers.31.self_attn.v_proj,self_attn.v_proj,decode,1,QwenManualHybridLinear,0.24796800315380096
668,1,model.layers.31.self_attn.o_proj,self_attn.o_proj,decode,1,QwenManualHybridLinear,0.10188800096511841
669,1,model.layers.31.mlp.gate_proj,mlp.gate_proj,decode,1,QwenManualHybridLinear,0.2565760016441345
670,1,model.layers.31.mlp.up_proj,mlp.up_proj,decode,1,QwenManualHybridLinear,0.24483199417591095
671,1,model.layers.31.mlp.down_proj,mlp.down_proj,decode,1,QwenManualHybridLinear,0.25407999753952026
672,2,model.layers.0.self_attn.q_proj,self_attn.q_proj,decode,1,QwenManualHybridLinear,0.420991986989975
673,2,model.layers.0.self_attn.k_proj,self_attn.k_proj,decode,1,QwenManualHybridLinear,0.2919999957084656
674,2,model.layers.0.self_attn.v_proj,self_attn.v_proj,decode,1,QwenManualHybridLinear,0.26262399554252625
675,2,model.layers.0.self_attn.o_proj,self_attn.o_proj,decode,1,QwenManualHybridLinear,0.10531199723482132
676,2,model.layers.0.mlp.gate_proj,mlp.gate_proj,decode,1,QwenManualHybridLinear,0.27318400144577026
677,2,model.layers.0.mlp.up_proj,mlp.up_proj,decode,1,QwenManualHybridLinear,0.252703994512558
678,2,model.layers.0.mlp.down_proj,mlp.down_proj,decode,1,QwenManualHybridLinear,0.24995200335979462
679,2,model.layers.1.self_attn.q_proj,self_attn.q_proj,decode,1,QwenManualHybridLinear,0.2673279941082001
680,2,model.layers.1.self_attn.k_proj,self_attn.k_proj,decode,1,QwenManualHybridLinear,0.2532159984111786
681,2,model.layers.1.self_attn.v_proj,self_attn.v_proj,decode,1,QwenManualHybridLinear,0.24979199469089508
682,2,model.layers.1.self_attn.o_proj,self_attn.o_proj,decode,1,QwenManualHybridLinear,0.1027199998497963
683,2,model.layers.1.mlp.gate_proj,mlp.gate_proj,decode,1,QwenManualHybridLinear,0.2577599883079529
684,2,model.layers.1.mlp.up_proj,mlp.up_proj,decode,1,QwenManualHybridLinear,0.255295991897583
685,2,model.layers.1.mlp.down_proj,mlp.down_proj,decode,1,QwenManualHybridLinear,0.244159996509552
686,2,model.layers.2.self_attn.q_proj,self_attn.q_proj,decode,1,QwenManualHybridLinear,0.25859200954437256
687,2,model.layers.2.self_attn.k_proj,self_attn.k_proj,decode,1,QwenManualHybridLinear,0.25920000672340393
688,2,model.layers.2.self_attn.v_proj,self_attn.v_proj,decode,1,QwenManualHybridLinear,0.25388801097869873
689,2,model.layers.2.self_attn.o_proj,self_attn.o_proj,decode,1,QwenManualHybridLinear,0.10028800368309021
690,2,model.layers.2.mlp.gate_proj,mlp.gate_proj,decode,1,QwenManualHybridLinear,0.2680639922618866
691,2,model.layers.2.mlp.up_proj,mlp.up_proj,decode,1,QwenManualHybridLinear,0.25088000297546387
692,2,model.layers.2.mlp.down_proj,mlp.down_proj,decode,1,QwenManualHybridLinear,0.24553599953651428
693,2,model.layers.3.self_attn.q_proj,self_attn.q_proj,decode,1,QwenManualHybridLinear,0.2566719949245453
694,2,model.layers.3.self_attn.k_proj,self_attn.k_proj,decode,1,QwenManualHybridLinear,0.24451200664043427
695,2,model.layers.3.self_attn.v_proj,self_attn.v_proj,decode,1,QwenManualHybridLinear,0.24457600712776184
696,2,model.layers.3.self_attn.o_proj,self_attn.o_proj,decode,1,QwenManualHybridLinear,0.1080000028014183
697,2,model.layers.3.mlp.gate_proj,mlp.gate_proj,decode,1,QwenManualHybridLinear,0.2637439966201782
698,2,model.layers.3.mlp.up_proj,mlp.up_proj,decode,1,QwenManualHybridLinear,0.24831999838352203
699,2,model.layers.3.mlp.down_proj,mlp.down_proj,decode,1,QwenManualHybridLinear,0.25388801097869873
700,2,model.layers.4.self_attn.q_proj,self_attn.q_proj,decode,1,QwenManualHybridLinear,0.2613759934902191
701,2,model.layers.4.self_attn.k_proj,self_attn.k_proj,decode,1,QwenManualHybridLinear,0.24755200743675232
702,2,model.layers.4.self_attn.v_proj,self_attn.v_proj,decode,1,QwenManualHybridLinear,0.2481279969215393
703,2,model.layers.4.self_attn.o_proj,self_attn.o_proj,decode,1,QwenManualHybridLinear,0.09907200187444687
704,2,model.layers.4.mlp.gate_proj,mlp.gate_proj,decode,1,QwenManualHybridLinear,0.2654719948768616
705,2,model.layers.4.mlp.up_proj,mlp.up_proj,decode,1,QwenManualHybridLinear,0.24764800071716309
706,2,model.layers.4.mlp.down_proj,mlp.down_proj,decode,1,QwenManualHybridLinear,0.24643200635910034
707,2,model.layers.5.self_attn.q_proj,self_attn.q_proj,decode,1,QwenManualHybridLinear,0.25651198625564575
708,2,model.layers.5.self_attn.k_proj,self_attn.k_proj,decode,1,QwenManualHybridLinear,0.2565760016441345
709,2,model.layers.5.self_attn.v_proj,self_attn.v_proj,decode,1,QwenManualHybridLinear,0.2449599951505661
710,2,model.layers.5.self_attn.o_proj,self_attn.o_proj,decode,1,QwenManualHybridLinear,0.10953599959611893
711,2,model.layers.5.mlp.gate_proj,mlp.gate_proj,decode,1,QwenManualHybridLinear,0.25596800446510315
712,2,model.layers.5.mlp.up_proj,mlp.up_proj,decode,1,QwenManualHybridLinear,0.2513279914855957
713,2,model.layers.5.mlp.down_proj,mlp.down_proj,decode,1,QwenManualHybridLinear,0.251583993434906
714,2,model.layers.6.self_attn.q_proj,self_attn.q_proj,decode,1,QwenManualHybridLinear,0.25119999051094055
715,2,model.layers.6.self_attn.k_proj,self_attn.k_proj,decode,1,QwenManualHybridLinear,0.24902400374412537
716,2,model.layers.6.self_attn.v_proj,self_attn.v_proj,decode,1,QwenManualHybridLinear,0.24729600548744202
717,2,model.layers.6.self_attn.o_proj,self_attn.o_proj,decode,1,QwenManualHybridLinear,0.09993600100278854
718,2,model.layers.6.mlp.gate_proj,mlp.gate_proj,decode,1,QwenManualHybridLinear,0.2547520101070404
719,2,model.layers.6.mlp.up_proj,mlp.up_proj,decode,1,QwenManualHybridLinear,0.2690559923648834
720,2,model.layers.6.mlp.down_proj,mlp.down_proj,decode,1,QwenManualHybridLinear,0.24739199876785278
721,2,model.layers.7.self_attn.q_proj,self_attn.q_proj,decode,1,QwenManualHybridLinear,0.252128005027771
722,2,model.layers.7.self_attn.k_proj,self_attn.k_proj,decode,1,QwenManualHybridLinear,0.24579200148582458
723,2,model.layers.7.self_attn.v_proj,self_attn.v_proj,decode,1,QwenManualHybridLinear,0.24499200284481049
724,2,model.layers.7.self_attn.o_proj,self_attn.o_proj,decode,1,QwenManualHybridLinear,0.09945599734783173
725,2,model.layers.7.mlp.gate_proj,mlp.gate_proj,decode,1,QwenManualHybridLinear,0.2682879865169525
726,2,model.layers.7.mlp.up_proj,mlp.up_proj,decode,1,QwenManualHybridLinear,0.2512640058994293
727,2,model.layers.7.mlp.down_proj,mlp.down_proj,decode,1,QwenManualHybridLinear,0.24844799935817719
728,2,model.layers.8.self_attn.q_proj,self_attn.q_proj,decode,1,QwenManualHybridLinear,0.2587839961051941
729,2,model.layers.8.self_attn.k_proj,self_attn.k_proj,decode,1,QwenManualHybridLinear,0.26659199595451355
730,2,model.layers.8.self_attn.v_proj,self_attn.v_proj,decode,1,QwenManualHybridLinear,0.25014400482177734
731,2,model.layers.8.self_attn.o_proj,self_attn.o_proj,decode,1,QwenManualHybridLinear,0.10022400319576263
732,2,model.layers.8.mlp.gate_proj,mlp.gate_proj,decode,1,QwenManualHybridLinear,0.2536959946155548
733,2,model.layers.8.mlp.up_proj,mlp.up_proj,decode,1,QwenManualHybridLinear,0.2516480088233948
734,2,model.layers.8.mlp.down_proj,mlp.down_proj,decode,1,QwenManualHybridLinear,0.24403199553489685
735,2,model.layers.9.self_attn.q_proj,self_attn.q_proj,decode,1,QwenManualHybridLinear,0.25276800990104675
736,2,model.layers.9.self_attn.k_proj,self_attn.k_proj,decode,1,QwenManualHybridLinear,0.247871994972229
737,2,model.layers.9.self_attn.v_proj,self_attn.v_proj,decode,1,QwenManualHybridLinear,0.2455040067434311
738,2,model.layers.9.self_attn.o_proj,self_attn.o_proj,decode,1,QwenManualHybridLinear,0.10147199779748917
739,2,model.layers.9.mlp.gate_proj,mlp.gate_proj,decode,1,QwenManualHybridLinear,0.2600319981575012
740,2,model.layers.9.mlp.up_proj,mlp.up_proj,decode,1,QwenManualHybridLinear,0.25011199712753296
741,2,model.layers.9.mlp.down_proj,mlp.down_proj,decode,1,QwenManualHybridLinear,0.2433920055627823
742,2,model.layers.10.self_attn.q_proj,self_attn.q_proj,decode,1,QwenManualHybridLinear,0.2536320090293884
743,2,model.layers.10.self_attn.k_proj,self_attn.k_proj,decode,1,QwenManualHybridLinear,0.24531200528144836
744,2,model.layers.10.self_attn.v_proj,self_attn.v_proj,decode,1,QwenManualHybridLinear,0.24473600089550018
745,2,model.layers.10.self_attn.o_proj,self_attn.o_proj,decode,1,QwenManualHybridLinear,0.09990400075912476
746,2,model.layers.10.mlp.gate_proj,mlp.gate_proj,decode,1,QwenManualHybridLinear,0.2545279860496521
747,2,model.layers.10.mlp.up_proj,mlp.up_proj,decode,1,QwenManualHybridLinear,0.24940800666809082
748,2,model.layers.10.mlp.down_proj,mlp.down_proj,decode,1,QwenManualHybridLinear,0.25071999430656433
749,2,model.layers.11.self_attn.q_proj,self_attn.q_proj,decode,1,QwenManualHybridLinear,0.2757120132446289
750,2,model.layers.11.self_attn.k_proj,self_attn.k_proj,decode,1,QwenManualHybridLinear,0.25382399559020996
751,2,model.layers.11.self_attn.v_proj,self_attn.v_proj,decode,1,QwenManualHybridLinear,0.2516799867153168
752,2,model.layers.11.self_attn.o_proj,self_attn.o_proj,decode,1,QwenManualHybridLinear,0.10416000336408615
753,2,model.layers.11.mlp.gate_proj,mlp.gate_proj,decode,1,QwenManualHybridLinear,0.2622399926185608
754,2,model.layers.11.mlp.up_proj,mlp.up_proj,decode,1,QwenManualHybridLinear,0.24905599653720856
755,2,model.layers.11.mlp.down_proj,mlp.down_proj,decode,1,QwenManualHybridLinear,0.26214399933815
756,2,model.layers.12.self_attn.q_proj,self_attn.q_proj,decode,1,QwenManualHybridLinear,0.25043201446533203
757,2,model.layers.12.self_attn.k_proj,self_attn.k_proj,decode,1,QwenManualHybridLinear,0.24624000489711761
758,2,model.layers.12.self_attn.v_proj,self_attn.v_proj,decode,1,QwenManualHybridLinear,0.24223999679088593
759,2,model.layers.12.self_attn.o_proj,self_attn.o_proj,decode,1,QwenManualHybridLinear,0.11030399799346924
760,2,model.layers.12.mlp.gate_proj,mlp.gate_proj,decode,1,QwenManualHybridLinear,0.27164798974990845
761,2,model.layers.12.mlp.up_proj,mlp.up_proj,decode,1,QwenManualHybridLinear,0.2512960135936737
762,2,model.layers.12.mlp.down_proj,mlp.down_proj,decode,1,QwenManualHybridLinear,0.2465600073337555
763,2,model.layers.13.self_attn.q_proj,self_attn.q_proj,decode,1,QwenManualHybridLinear,0.2540479898452759
764,2,model.layers.13.self_attn.k_proj,self_attn.k_proj,decode,1,QwenManualHybridLinear,0.24646399915218353
765,2,model.layers.13.self_attn.v_proj,self_attn.v_proj,decode,1,QwenManualHybridLinear,0.2515200078487396
766,2,model.layers.13.self_attn.o_proj,self_attn.o_proj,decode,1,QwenManualHybridLinear,0.10556799918413162
767,2,model.layers.13.mlp.gate_proj,mlp.gate_proj,decode,1,QwenManualHybridLinear,0.26736000180244446
768,2,model.layers.13.mlp.up_proj,mlp.up_proj,decode,1,QwenManualHybridLinear,0.27184000611305237
769,2,model.layers.13.mlp.down_proj,mlp.down_proj,decode,1,QwenManualHybridLinear,0.25545600056648254
770,2,model.layers.14.self_attn.q_proj,self_attn.q_proj,decode,1,QwenManualHybridLinear,0.2570880055427551
771,2,model.layers.14.self_attn.k_proj,self_attn.k_proj,decode,1,QwenManualHybridLinear,0.2545279860496521
772,2,model.layers.14.self_attn.v_proj,self_attn.v_proj,decode,1,QwenManualHybridLinear,0.24566400051116943
773,2,model.layers.14.self_attn.o_proj,self_attn.o_proj,decode,1,QwenManualHybridLinear,0.11392000317573547
774,2,model.layers.14.mlp.gate_proj,mlp.gate_proj,decode,1,QwenManualHybridLinear,0.25724801421165466
775,2,model.layers.14.mlp.up_proj,mlp.up_proj,decode,1,QwenManualHybridLinear,0.24483199417591095
776,2,model.layers.14.mlp.down_proj,mlp.down_proj,decode,1,QwenManualHybridLinear,0.2433280050754547
777,2,model.layers.15.self_attn.q_proj,self_attn.q_proj,decode,1,QwenManualHybridLinear,0.2616960108280182
778,2,model.layers.15.self_attn.k_proj,self_attn.k_proj,decode,1,QwenManualHybridLinear,0.2630400061607361
779,2,model.layers.15.self_attn.v_proj,self_attn.v_proj,decode,1,QwenManualHybridLinear,0.2511039972305298
780,2,model.layers.15.self_attn.o_proj,self_attn.o_proj,decode,1,QwenManualHybridLinear,0.10796800255775452
781,2,model.layers.15.mlp.gate_proj,mlp.gate_proj,decode,1,QwenManualHybridLinear,0.2571839988231659
782,2,model.layers.15.mlp.up_proj,mlp.up_proj,decode,1,QwenManualHybridLinear,0.2465600073337555
783,2,model.layers.15.mlp.down_proj,mlp.down_proj,decode,1,QwenManualHybridLinear,0.24316799640655518
784,2,model.layers.16.self_attn.q_proj,self_attn.q_proj,decode,1,QwenManualHybridLinear,0.2600319981575012
785,2,model.layers.16.self_attn.k_proj,self_attn.k_proj,decode,1,QwenManualHybridLinear,0.2441280037164688
786,2,model.layers.16.self_attn.v_proj,self_attn.v_proj,decode,1,QwenManualHybridLinear,0.244159996509552
787,2,model.layers.16.self_attn.o_proj,self_attn.o_proj,decode,1,QwenManualHybridLinear,0.10358399897813797
788,2,model.layers.16.mlp.gate_proj,mlp.gate_proj,decode,1,QwenManualHybridLinear,0.2592639923095703
789,2,model.layers.16.mlp.up_proj,mlp.up_proj,decode,1,QwenManualHybridLinear,0.2585600018501282
790,2,model.layers.16.mlp.down_proj,mlp.down_proj,decode,1,QwenManualHybridLinear,0.2712959945201874
791,2,model.layers.17.self_attn.q_proj,self_attn.q_proj,decode,1,QwenManualHybridLinear,0.2569600045681
792,2,model.layers.17.self_attn.k_proj,self_attn.k_proj,decode,1,QwenManualHybridLinear,0.24659200012683868
793,2,model.layers.17.self_attn.v_proj,self_attn.v_proj,decode,1,QwenManualHybridLinear,0.24271999299526215
794,2,model.layers.17.self_attn.o_proj,self_attn.o_proj,decode,1,QwenManualHybridLinear,0.10527999699115753
795,2,model.layers.17.mlp.gate_proj,mlp.gate_proj,decode,1,QwenManualHybridLinear,0.26284798979759216
796,2,model.layers.17.mlp.up_proj,mlp.up_proj,decode,1,QwenManualHybridLinear,0.24835200607776642
797,2,model.layers.17.mlp.down_proj,mlp.down_proj,decode,1,QwenManualHybridLinear,0.2596159875392914
798,2,model.layers.18.self_attn.q_proj,self_attn.q_proj,decode,1,QwenManualHybridLinear,0.27564799785614014
799,2,model.layers.18.self_attn.k_proj,self_attn.k_proj,decode,1,QwenManualHybridLinear,0.2550719976425171
800,2,model.layers.18.self_attn.v_proj,self_attn.v_proj,decode,1,QwenManualHybridLinear,0.2459840029478073
801,2,model.layers.18.self_attn.o_proj,self_attn.o_proj,decode,1,QwenManualHybridLinear,0.10067199915647507
802,2,model.layers.18.mlp.gate_proj,mlp.gate_proj,decode,1,QwenManualHybridLinear,0.2699519991874695
803,2,model.layers.18.mlp.up_proj,mlp.up_proj,decode,1,QwenManualHybridLinear,0.24953599274158478
804,2,model.layers.18.mlp.down_proj,mlp.down_proj,decode,1,QwenManualHybridLinear,0.3551360070705414
805,2,model.layers.19.self_attn.q_proj,self_attn.q_proj,decode,1,QwenManualHybridLinear,0.2698880136013031
806,2,model.layers.19.self_attn.k_proj,self_attn.k_proj,decode,1,QwenManualHybridLinear,0.2702080011367798
807,2,model.layers.19.self_attn.v_proj,self_attn.v_proj,decode,1,QwenManualHybridLinear,0.2580159902572632
808,2,model.layers.19.self_attn.o_proj,self_attn.o_proj,decode,1,QwenManualHybridLinear,0.1125440001487732
809,2,model.layers.19.mlp.gate_proj,mlp.gate_proj,decode,1,QwenManualHybridLinear,0.27487999200820923
810,2,model.layers.19.mlp.up_proj,mlp.up_proj,decode,1,QwenManualHybridLinear,0.2515519857406616
811,2,model.layers.19.mlp.down_proj,mlp.down_proj,decode,1,QwenManualHybridLinear,0.24620799720287323
812,2,model.layers.20.self_attn.q_proj,self_attn.q_proj,decode,1,QwenManualHybridLinear,0.26230400800704956
813,2,model.layers.20.self_attn.k_proj,self_attn.k_proj,decode,1,QwenManualHybridLinear,0.2465600073337555
814,2,model.layers.20.self_attn.v_proj,self_attn.v_proj,decode,1,QwenManualHybridLinear,0.2425599992275238
815,2,model.layers.20.self_attn.o_proj,self_attn.o_proj,decode,1,QwenManualHybridLinear,0.1130559965968132
816,2,model.layers.20.mlp.gate_proj,mlp.gate_proj,decode,1,QwenManualHybridLinear,0.2910720109939575
817,2,model.layers.20.mlp.up_proj,mlp.up_proj,decode,1,QwenManualHybridLinear,0.25839999318122864
818,2,model.layers.20.mlp.down_proj,mlp.down_proj,decode,1,QwenManualHybridLinear,0.2520639896392822
819,2,model.layers.21.self_attn.q_proj,self_attn.q_proj,decode,1,QwenManualHybridLinear,0.26553601026535034
820,2,model.layers.21.self_attn.k_proj,self_attn.k_proj,decode,1,QwenManualHybridLinear,0.2499839961528778
821,2,model.layers.21.self_attn.v_proj,self_attn.v_proj,decode,1,QwenManualHybridLinear,0.24383999407291412
822,2,model.layers.21.self_attn.o_proj,self_attn.o_proj,decode,1,QwenManualHybridLinear,0.1027199998497963
823,2,model.layers.21.mlp.gate_proj,mlp.gate_proj,decode,1,QwenManualHybridLinear,0.2581759989261627
824,2,model.layers.21.mlp.up_proj,mlp.up_proj,decode,1,QwenManualHybridLinear,0.2444480061531067
825,2,model.layers.21.mlp.down_proj,mlp.down_proj,decode,1,QwenManualHybridLinear,0.24527999758720398
826,2,model.layers.22.self_attn.q_proj,self_attn.q_proj,decode,1,QwenManualHybridLinear,0.26611199975013733
827,2,model.layers.22.self_attn.k_proj,self_attn.k_proj,decode,1,QwenManualHybridLinear,0.26096001267433167
828,2,model.layers.22.self_attn.v_proj,self_attn.v_proj,decode,1,QwenManualHybridLinear,0.24774399399757385
829,2,model.layers.22.self_attn.o_proj,self_attn.o_proj,decode,1,QwenManualHybridLinear,0.1143999993801117
830,2,model.layers.22.mlp.gate_proj,mlp.gate_proj,decode,1,QwenManualHybridLinear,0.2561280131340027
831,2,model.layers.22.mlp.up_proj,mlp.up_proj,decode,1,QwenManualHybridLinear,0.24636800587177277
832,2,model.layers.22.mlp.down_proj,mlp.down_proj,decode,1,QwenManualHybridLinear,0.2460159957408905
833,2,model.layers.23.self_attn.q_proj,self_attn.q_proj,decode,1,QwenManualHybridLinear,0.2566399872303009
834,2,model.layers.23.self_attn.k_proj,self_attn.k_proj,decode,1,QwenManualHybridLinear,0.24723200500011444
835,2,model.layers.23.self_attn.v_proj,self_attn.v_proj,decode,1,QwenManualHybridLinear,0.24288000166416168
836,2,model.layers.23.self_attn.o_proj,self_attn.o_proj,decode,1,QwenManualHybridLinear,0.11318399757146835
837,2,model.layers.23.mlp.gate_proj,mlp.gate_proj,decode,1,QwenManualHybridLinear,0.26998400688171387
838,2,model.layers.23.mlp.up_proj,mlp.up_proj,decode,1,QwenManualHybridLinear,0.24879999458789825
839,2,model.layers.23.mlp.down_proj,mlp.down_proj,decode,1,QwenManualHybridLinear,0.2451840043067932
840,2,model.layers.24.self_attn.q_proj,self_attn.q_proj,decode,1,QwenManualHybridLinear,0.2616640031337738
841,2,model.layers.24.self_attn.k_proj,self_attn.k_proj,decode,1,QwenManualHybridLinear,0.2476159930229187
842,2,model.layers.24.self_attn.v_proj,self_attn.v_proj,decode,1,QwenManualHybridLinear,0.2415360063314438
843,2,model.layers.24.self_attn.o_proj,self_attn.o_proj,decode,1,QwenManualHybridLinear,0.11343999952077866
844,2,model.layers.24.mlp.gate_proj,mlp.gate_proj,decode,1,QwenManualHybridLinear,0.27481600642204285
845,2,model.layers.24.mlp.up_proj,mlp.up_proj,decode,1,QwenManualHybridLinear,0.267551988363266
846,2,model.layers.24.mlp.down_proj,mlp.down_proj,decode,1,QwenManualHybridLinear,0.25328001379966736
847,2,model.layers.25.self_attn.q_proj,self_attn.q_proj,decode,1,QwenManualHybridLinear,0.25968000292778015
848,2,model.layers.25.self_attn.k_proj,self_attn.k_proj,decode,1,QwenManualHybridLinear,0.24902400374412537
849,2,model.layers.25.self_attn.v_proj,self_attn.v_proj,decode,1,QwenManualHybridLinear,0.24489599466323853
850,2,model.layers.25.self_attn.o_proj,self_attn.o_proj,decode,1,QwenManualHybridLinear,0.11372800171375275
851,2,model.layers.25.mlp.gate_proj,mlp.gate_proj,decode,1,QwenManualHybridLinear,0.2576639950275421
852,2,model.layers.25.mlp.up_proj,mlp.up_proj,decode,1,QwenManualHybridLinear,0.2449599951505661
853,2,model.layers.25.mlp.down_proj,mlp.down_proj,decode,1,QwenManualHybridLinear,0.24560000002384186
854,2,model.layers.26.self_attn.q_proj,self_attn.q_proj,decode,1,QwenManualHybridLinear,0.271263986825943
855,2,model.layers.26.self_attn.k_proj,self_attn.k_proj,decode,1,QwenManualHybridLinear,0.25011199712753296
856,2,model.layers.26.self_attn.v_proj,self_attn.v_proj,decode,1,QwenManualHybridLinear,0.2457599937915802
857,2,model.layers.26.self_attn.o_proj,self_attn.o_proj,decode,1,QwenManualHybridLinear,0.10252799838781357
858,2,model.layers.26.mlp.gate_proj,mlp.gate_proj,decode,1,QwenManualHybridLinear,0.2657279968261719
859,2,model.layers.26.mlp.up_proj,mlp.up_proj,decode,1,QwenManualHybridLinear,0.24607999622821808
860,2,model.layers.26.mlp.down_proj,mlp.down_proj,decode,1,QwenManualHybridLinear,0.2433920055627823
861,2,model.layers.27.self_attn.q_proj,self_attn.q_proj,decode,1,QwenManualHybridLinear,0.25644800066947937
862,2,model.layers.27.self_attn.k_proj,self_attn.k_proj,decode,1,QwenManualHybridLinear,0.24617600440979004
863,2,model.layers.27.self_attn.v_proj,self_attn.v_proj,decode,1,QwenManualHybridLinear,0.24876800179481506
864,2,model.layers.27.self_attn.o_proj,self_attn.o_proj,decode,1,QwenManualHybridLinear,0.11353600025177002
865,2,model.layers.27.mlp.gate_proj,mlp.gate_proj,decode,1,QwenManualHybridLinear,0.2600319981575012
866,2,model.layers.27.mlp.up_proj,mlp.up_proj,decode,1,QwenManualHybridLinear,0.2534720003604889
867,2,model.layers.27.mlp.down_proj,mlp.down_proj,decode,1,QwenManualHybridLinear,0.24636800587177277
868,2,model.layers.28.self_attn.q_proj,self_attn.q_proj,decode,1,QwenManualHybridLinear,0.25088000297546387
869,2,model.layers.28.self_attn.k_proj,self_attn.k_proj,decode,1,QwenManualHybridLinear,0.24908800423145294
870,2,model.layers.28.self_attn.v_proj,self_attn.v_proj,decode,1,QwenManualHybridLinear,0.24953599274158478
871,2,model.layers.28.self_attn.o_proj,self_attn.o_proj,decode,1,QwenManualHybridLinear,0.1117440015077591
872,2,model.layers.28.mlp.gate_proj,mlp.gate_proj,decode,1,QwenManualHybridLinear,0.26230400800704956
873,2,model.layers.28.mlp.up_proj,mlp.up_proj,decode,1,QwenManualHybridLinear,0.2491839975118637
874,2,model.layers.28.mlp.down_proj,mlp.down_proj,decode,1,QwenManualHybridLinear,0.25283199548721313
875,2,model.layers.29.self_attn.q_proj,self_attn.q_proj,decode,1,QwenManualHybridLinear,0.2568640112876892
876,2,model.layers.29.self_attn.k_proj,self_attn.k_proj,decode,1,QwenManualHybridLinear,0.24995200335979462
877,2,model.layers.29.self_attn.v_proj,self_attn.v_proj,decode,1,QwenManualHybridLinear,0.24544000625610352
878,2,model.layers.29.self_attn.o_proj,self_attn.o_proj,decode,1,QwenManualHybridLinear,0.10576000064611435
879,2,model.layers.29.mlp.gate_proj,mlp.gate_proj,decode,1,QwenManualHybridLinear,0.25411200523376465
880,2,model.layers.29.mlp.up_proj,mlp.up_proj,decode,1,QwenManualHybridLinear,0.244159996509552
881,2,model.layers.29.mlp.down_proj,mlp.down_proj,decode,1,QwenManualHybridLinear,0.2518399953842163
882,2,model.layers.30.self_attn.q_proj,self_attn.q_proj,decode,1,QwenManualHybridLinear,0.2540160119533539
883,2,model.layers.30.self_attn.k_proj,self_attn.k_proj,decode,1,QwenManualHybridLinear,0.24393600225448608
884,2,model.layers.30.self_attn.v_proj,self_attn.v_proj,decode,1,QwenManualHybridLinear,0.2425599992275238
885,2,model.layers.30.self_attn.o_proj,self_attn.o_proj,decode,1,QwenManualHybridLinear,0.11289600282907486
886,2,model.layers.30.mlp.gate_proj,mlp.gate_proj,decode,1,QwenManualHybridLinear,0.26924800872802734
887,2,model.layers.30.mlp.up_proj,mlp.up_proj,decode,1,QwenManualHybridLinear,0.24902400374412537
888,2,model.layers.30.mlp.down_proj,mlp.down_proj,decode,1,QwenManualHybridLinear,0.24982400238513947
889,2,model.layers.31.self_attn.q_proj,self_attn.q_proj,decode,1,QwenManualHybridLinear,0.2642880082130432
890,2,model.layers.31.self_attn.k_proj,self_attn.k_proj,decode,1,QwenManualHybridLinear,0.24889600276947021
891,2,model.layers.31.self_attn.v_proj,self_attn.v_proj,decode,1,QwenManualHybridLinear,0.2407359927892685
892,2,model.layers.31.self_attn.o_proj,self_attn.o_proj,decode,1,QwenManualHybridLinear,0.11104000359773636
893,2,model.layers.31.mlp.gate_proj,mlp.gate_proj,decode,1,QwenManualHybridLinear,0.2678079903125763
894,2,model.layers.31.mlp.up_proj,mlp.up_proj,decode,1,QwenManualHybridLinear,0.266400009393692
895,2,model.layers.31.mlp.down_proj,mlp.down_proj,decode,1,QwenManualHybridLinear,0.24592000246047974
896,3,model.layers.0.self_attn.q_proj,self_attn.q_proj,decode,1,QwenManualHybridLinear,0.41977599263191223
897,3,model.layers.0.self_attn.k_proj,self_attn.k_proj,decode,1,QwenManualHybridLinear,0.2913919985294342
898,3,model.layers.0.self_attn.v_proj,self_attn.v_proj,decode,1,QwenManualHybridLinear,0.2657279968261719
899,3,model.layers.0.self_attn.o_proj,self_attn.o_proj,decode,1,QwenManualHybridLinear,0.10604800283908844
900,3,model.layers.0.mlp.gate_proj,mlp.gate_proj,decode,1,QwenManualHybridLinear,0.28332799673080444
901,3,model.layers.0.mlp.up_proj,mlp.up_proj,decode,1,QwenManualHybridLinear,0.2598400115966797
902,3,model.layers.0.mlp.down_proj,mlp.down_proj,decode,1,QwenManualHybridLinear,0.25734400749206543
903,3,model.layers.1.self_attn.q_proj,self_attn.q_proj,decode,1,QwenManualHybridLinear,0.264384001493454
904,3,model.layers.1.self_attn.k_proj,self_attn.k_proj,decode,1,QwenManualHybridLinear,0.2519040107727051
905,3,model.layers.1.self_attn.v_proj,self_attn.v_proj,decode,1,QwenManualHybridLinear,0.25974398851394653
906,3,model.layers.1.self_attn.o_proj,self_attn.o_proj,decode,1,QwenManualHybridLinear,0.1154559999704361
907,3,model.layers.1.mlp.gate_proj,mlp.gate_proj,decode,1,QwenManualHybridLinear,0.2592320144176483
908,3,model.layers.1.mlp.up_proj,mlp.up_proj,decode,1,QwenManualHybridLinear,0.24876800179481506
909,3,model.layers.1.mlp.down_proj,mlp.down_proj,decode,1,QwenManualHybridLinear,0.2497279942035675
910,3,model.layers.2.self_attn.q_proj,self_attn.q_proj,decode,1,QwenManualHybridLinear,0.2802560031414032
911,3,model.layers.2.self_attn.k_proj,self_attn.k_proj,decode,1,QwenManualHybridLinear,0.2510719895362854
912,3,model.layers.2.self_attn.v_proj,self_attn.v_proj,decode,1,QwenManualHybridLinear,0.24489599466323853
913,3,model.layers.2.self_attn.o_proj,self_attn.o_proj,decode,1,QwenManualHybridLinear,0.11587200313806534
914,3,model.layers.2.mlp.gate_proj,mlp.gate_proj,decode,1,QwenManualHybridLinear,0.2598400115966797
915,3,model.layers.2.mlp.up_proj,mlp.up_proj,decode,1,QwenManualHybridLinear,0.24793599545955658
916,3,model.layers.2.mlp.down_proj,mlp.down_proj,decode,1,QwenManualHybridLinear,0.24607999622821808
917,3,model.layers.3.self_attn.q_proj,self_attn.q_proj,decode,1,QwenManualHybridLinear,0.2760320007801056
918,3,model.layers.3.self_attn.k_proj,self_attn.k_proj,decode,1,QwenManualHybridLinear,0.25577598810195923
919,3,model.layers.3.self_attn.v_proj,self_attn.v_proj,decode,1,QwenManualHybridLinear,0.2407039999961853
920,3,model.layers.3.self_attn.o_proj,self_attn.o_proj,decode,1,QwenManualHybridLinear,0.11321599781513214
921,3,model.layers.3.mlp.gate_proj,mlp.gate_proj,decode,1,QwenManualHybridLinear,0.2839359939098358
922,3,model.layers.3.mlp.up_proj,mlp.up_proj,decode,1,QwenManualHybridLinear,0.24451200664043427
923,3,model.layers.3.mlp.down_proj,mlp.down_proj,decode,1,QwenManualHybridLinear,0.24649600684642792
924,3,model.layers.4.self_attn.q_proj,self_attn.q_proj,decode,1,QwenManualHybridLinear,0.26364800333976746
925,3,model.layers.4.self_attn.k_proj,self_attn.k_proj,decode,1,QwenManualHybridLinear,0.2460159957408905
926,3,model.layers.4.self_attn.v_proj,self_attn.v_proj,decode,1,QwenManualHybridLinear,0.24473600089550018
927,3,model.layers.4.self_attn.o_proj,self_attn.o_proj,decode,1,QwenManualHybridLinear,0.10623999685049057
928,3,model.layers.4.mlp.gate_proj,mlp.gate_proj,decode,1,QwenManualHybridLinear,0.2669120132923126
929,3,model.layers.4.mlp.up_proj,mlp.up_proj,decode,1,QwenManualHybridLinear,0.26579201221466064
930,3,model.layers.4.mlp.down_proj,mlp.down_proj,decode,1,QwenManualHybridLinear,0.25945600867271423
931,3,model.layers.5.self_attn.q_proj,self_attn.q_proj,decode,1,QwenManualHybridLinear,0.25974398851394653
932,3,model.layers.5.self_attn.k_proj,self_attn.k_proj,decode,1,QwenManualHybridLinear,0.25251200795173645
933,3,model.layers.5.self_attn.v_proj,self_attn.v_proj,decode,1,QwenManualHybridLinear,0.24220800399780273
934,3,model.layers.5.self_attn.o_proj,self_attn.o_proj,decode,1,QwenManualHybridLinear,0.10755199939012527
935,3,model.layers.5.mlp.gate_proj,mlp.gate_proj,decode,1,QwenManualHybridLinear,0.25734400749206543
936,3,model.layers.5.mlp.up_proj,mlp.up_proj,decode,1,QwenManualHybridLinear,0.2451840043067932
937,3,model.layers.5.mlp.down_proj,mlp.down_proj,decode,1,QwenManualHybridLinear,0.24320000410079956
938,3,model.layers.6.self_attn.q_proj,self_attn.q_proj,decode,1,QwenManualHybridLinear,0.28326401114463806
939,3,model.layers.6.self_attn.k_proj,self_attn.k_proj,decode,1,QwenManualHybridLinear,0.25407999753952026
940,3,model.layers.6.self_attn.v_proj,self_attn.v_proj,decode,1,QwenManualHybridLinear,0.2507840096950531
941,3,model.layers.6.self_attn.o_proj,self_attn.o_proj,decode,1,QwenManualHybridLinear,0.10777600109577179
942,3,model.layers.6.mlp.gate_proj,mlp.gate_proj,decode,1,QwenManualHybridLinear,0.26009601354599
943,3,model.layers.6.mlp.up_proj,mlp.up_proj,decode,1,QwenManualHybridLinear,0.24931199848651886
944,3,model.layers.6.mlp.down_proj,mlp.down_proj,decode,1,QwenManualHybridLinear,0.24719999730587006
945,3,model.layers.7.self_attn.q_proj,self_attn.q_proj,decode,1,QwenManualHybridLinear,0.2539519965648651
946,3,model.layers.7.self_attn.k_proj,self_attn.k_proj,decode,1,QwenManualHybridLinear,0.24665600061416626
947,3,model.layers.7.self_attn.v_proj,self_attn.v_proj,decode,1,QwenManualHybridLinear,0.26047998666763306
948,3,model.layers.7.self_attn.o_proj,self_attn.o_proj,decode,1,QwenManualHybridLinear,0.10380800068378448
949,3,model.layers.7.mlp.gate_proj,mlp.gate_proj,decode,1,QwenManualHybridLinear,0.2670400142669678
950,3,model.layers.7.mlp.up_proj,mlp.up_proj,decode,1,QwenManualHybridLinear,0.25062400102615356
951,3,model.layers.7.mlp.down_proj,mlp.down_proj,decode,1,QwenManualHybridLinear,0.2544960081577301
952,3,model.layers.8.self_attn.q_proj,self_attn.q_proj,decode,1,QwenManualHybridLinear,0.2598400115966797
953,3,model.layers.8.self_attn.k_proj,self_attn.k_proj,decode,1,QwenManualHybridLinear,0.24988800287246704
954,3,model.layers.8.self_attn.v_proj,self_attn.v_proj,decode,1,QwenManualHybridLinear,0.2433280050754547
955,3,model.layers.8.self_attn.o_proj,self_attn.o_proj,decode,1,QwenManualHybridLinear,0.1085439994931221
956,3,model.layers.8.mlp.gate_proj,mlp.gate_proj,decode,1,QwenManualHybridLinear,0.2563199996948242
957,3,model.layers.8.mlp.up_proj,mlp.up_proj,decode,1,QwenManualHybridLinear,0.24166400730609894
958,3,model.layers.8.mlp.down_proj,mlp.down_proj,decode,1,QwenManualHybridLinear,0.24844799935817719
959,3,model.layers.9.self_attn.q_proj,self_attn.q_proj,decode,1,QwenManualHybridLinear,0.28489598631858826
960,3,model.layers.9.self_attn.k_proj,self_attn.k_proj,decode,1,QwenManualHybridLinear,0.25148800015449524
961,3,model.layers.9.self_attn.v_proj,self_attn.v_proj,decode,1,QwenManualHybridLinear,0.2444480061531067
962,3,model.layers.9.self_attn.o_proj,self_attn.o_proj,decode,1,QwenManualHybridLinear,0.10543999820947647
963,3,model.layers.9.mlp.gate_proj,mlp.gate_proj,decode,1,QwenManualHybridLinear,0.25836798548698425
964,3,model.layers.9.mlp.up_proj,mlp.up_proj,decode,1,QwenManualHybridLinear,0.24560000002384186
965,3,model.layers.9.mlp.down_proj,mlp.down_proj,decode,1,QwenManualHybridLinear,0.24700799584388733
966,3,model.layers.10.self_attn.q_proj,self_attn.q_proj,decode,1,QwenManualHybridLinear,0.2571839988231659
967,3,model.layers.10.self_attn.k_proj,self_attn.k_proj,decode,1,QwenManualHybridLinear,0.24271999299526215
968,3,model.layers.10.self_attn.v_proj,self_attn.v_proj,decode,1,QwenManualHybridLinear,0.24063999950885773
969,3,model.layers.10.self_attn.o_proj,self_attn.o_proj,decode,1,QwenManualHybridLinear,0.12624000012874603
970,3,model.layers.10.mlp.gate_proj,mlp.gate_proj,decode,1,QwenManualHybridLinear,0.26739200949668884
971,3,model.layers.10.mlp.up_proj,mlp.up_proj,decode,1,QwenManualHybridLinear,0.25200000405311584
972,3,model.layers.10.mlp.down_proj,mlp.down_proj,decode,1,QwenManualHybridLinear,0.2499839961528778
973,3,model.layers.11.self_attn.q_proj,self_attn.q_proj,decode,1,QwenManualHybridLinear,0.2609280049800873
974,3,model.layers.11.self_attn.k_proj,self_attn.k_proj,decode,1,QwenManualHybridLinear,0.24915200471878052
975,3,model.layers.11.self_attn.v_proj,self_attn.v_proj,decode,1,QwenManualHybridLinear,0.24163199961185455
976,3,model.layers.11.self_attn.o_proj,self_attn.o_proj,decode,1,QwenManualHybridLinear,0.10364799946546555
977,3,model.layers.11.mlp.gate_proj,mlp.gate_proj,decode,1,QwenManualHybridLinear,0.25545600056648254
978,3,model.layers.11.mlp.up_proj,mlp.up_proj,decode,1,QwenManualHybridLinear,0.2593599855899811
979,3,model.layers.11.mlp.down_proj,mlp.down_proj,decode,1,QwenManualHybridLinear,0.24422399699687958
980,3,model.layers.12.self_attn.q_proj,self_attn.q_proj,decode,1,QwenManualHybridLinear,0.25443199276924133
981,3,model.layers.12.self_attn.k_proj,self_attn.k_proj,decode,1,QwenManualHybridLinear,0.2568959891796112
982,3,model.layers.12.self_attn.v_proj,self_attn.v_proj,decode,1,QwenManualHybridLinear,0.24156799912452698
983,3,model.layers.12.self_attn.o_proj,self_attn.o_proj,decode,1,QwenManualHybridLinear,0.10684800148010254
984,3,model.layers.12.mlp.gate_proj,mlp.gate_proj,decode,1,QwenManualHybridLinear,0.2563520073890686
985,3,model.layers.12.mlp.up_proj,mlp.up_proj,decode,1,QwenManualHybridLinear,0.24447999894618988
986,3,model.layers.12.mlp.down_proj,mlp.down_proj,decode,1,QwenManualHybridLinear,0.2495039999485016
987,3,model.layers.13.self_attn.q_proj,self_attn.q_proj,decode,1,QwenManualHybridLinear,0.2553279995918274
988,3,model.layers.13.self_attn.k_proj,self_attn.k_proj,decode,1,QwenManualHybridLinear,0.24473600089550018
989,3,model.layers.13.self_attn.v_proj,self_attn.v_proj,decode,1,QwenManualHybridLinear,0.27209600806236267
990,3,model.layers.13.self_attn.o_proj,self_attn.o_proj,decode,1,QwenManualHybridLinear,0.11507199704647064
991,3,model.layers.13.mlp.gate_proj,mlp.gate_proj,decode,1,QwenManualHybridLinear,0.2662400007247925
992,3,model.layers.13.mlp.up_proj,mlp.up_proj,decode,1,QwenManualHybridLinear,0.24915200471878052
993,3,model.layers.13.mlp.down_proj,mlp.down_proj,decode,1,QwenManualHybridLinear,0.2508479952812195
994,3,model.layers.14.self_attn.q_proj,self_attn.q_proj,decode,1,QwenManualHybridLinear,0.2584640085697174
995,3,model.layers.14.self_attn.k_proj,self_attn.k_proj,decode,1,QwenManualHybridLinear,0.2517760097980499
996,3,model.layers.14.self_attn.v_proj,self_attn.v_proj,decode,1,QwenManualHybridLinear,0.24502399563789368
997,3,model.layers.14.self_attn.o_proj,self_attn.o_proj,decode,1,QwenManualHybridLinear,0.10489600151777267
998,3,model.layers.14.mlp.gate_proj,mlp.gate_proj,decode,1,QwenManualHybridLinear,0.25734400749206543
999,3,model.layers.14.mlp.up_proj,mlp.up_proj,decode,1,QwenManualHybridLinear,0.2585279941558838
1000,3,model.layers.14.mlp.down_proj,mlp.down_proj,decode,1,QwenManualHybridLinear,0.2489600032567978
1001,3,model.layers.15.self_attn.q_proj,self_attn.q_proj,decode,1,QwenManualHybridLinear,0.2572160065174103
1002,3,model.layers.15.self_attn.k_proj,self_attn.k_proj,decode,1,QwenManualHybridLinear,0.24588799476623535
1003,3,model.layers.15.self_attn.v_proj,self_attn.v_proj,decode,1,QwenManualHybridLinear,0.24831999838352203
1004,3,model.layers.15.self_attn.o_proj,self_attn.o_proj,decode,1,QwenManualHybridLinear,0.10127999633550644
1005,3,model.layers.15.mlp.gate_proj,mlp.gate_proj,decode,1,QwenManualHybridLinear,0.2560639977455139
1006,3,model.layers.15.mlp.up_proj,mlp.up_proj,decode,1,QwenManualHybridLinear,0.24585600197315216
1007,3,model.layers.15.mlp.down_proj,mlp.down_proj,decode,1,QwenManualHybridLinear,0.26716798543930054
1008,3,model.layers.16.self_attn.q_proj,self_attn.q_proj,decode,1,QwenManualHybridLinear,0.2687680125236511
1009,3,model.layers.16.self_attn.k_proj,self_attn.k_proj,decode,1,QwenManualHybridLinear,0.2492160052061081
1010,3,model.layers.16.self_attn.v_proj,self_attn.v_proj,decode,1,QwenManualHybridLinear,0.2497279942035675
1011,3,model.layers.16.self_attn.o_proj,self_attn.o_proj,decode,1,QwenManualHybridLinear,0.10918399691581726
1012,3,model.layers.16.mlp.gate_proj,mlp.gate_proj,decode,1,QwenManualHybridLinear,0.2553919851779938
1013,3,model.layers.16.mlp.up_proj,mlp.up_proj,decode,1,QwenManualHybridLinear,0.24435199797153473
1014,3,model.layers.16.mlp.down_proj,mlp.down_proj,decode,1,QwenManualHybridLinear,0.35126399993896484
1015,3,model.layers.17.self_attn.q_proj,self_attn.q_proj,decode,1,QwenManualHybridLinear,0.2731519937515259
1016,3,model.layers.17.self_attn.k_proj,self_attn.k_proj,decode,1,QwenManualHybridLinear,0.2584959864616394
1017,3,model.layers.17.self_attn.v_proj,self_attn.v_proj,decode,1,QwenManualHybridLinear,0.2473600059747696
1018,3,model.layers.17.self_attn.o_proj,self_attn.o_proj,decode,1,QwenManualHybridLinear,0.11334399878978729
1019,3,model.layers.17.mlp.gate_proj,mlp.gate_proj,decode,1,QwenManualHybridLinear,0.2691839933395386
1020,3,model.layers.17.mlp.up_proj,mlp.up_proj,decode,1,QwenManualHybridLinear,0.2656320035457611
1021,3,model.layers.17.mlp.down_proj,mlp.down_proj,decode,1,QwenManualHybridLinear,0.25622400641441345
1022,3,model.layers.18.self_attn.q_proj,self_attn.q_proj,decode,1,QwenManualHybridLinear,0.26473599672317505
1023,3,model.layers.18.self_attn.k_proj,self_attn.k_proj,decode,1,QwenManualHybridLinear,0.25014400482177734
1024,3,model.layers.18.self_attn.v_proj,self_attn.v_proj,decode,1,QwenManualHybridLinear,0.2656320035457611
1025,3,model.layers.18.self_attn.o_proj,self_attn.o_proj,decode,1,QwenManualHybridLinear,0.10172799974679947
1026,3,model.layers.18.mlp.gate_proj,mlp.gate_proj,decode,1,QwenManualHybridLinear,0.28380799293518066
1027,3,model.layers.18.mlp.up_proj,mlp.up_proj,decode,1,QwenManualHybridLinear,0.2479040026664734
1028,3,model.layers.18.mlp.down_proj,mlp.down_proj,decode,1,QwenManualHybridLinear,0.24595199525356293
1029,3,model.layers.19.self_attn.q_proj,self_attn.q_proj,decode,1,QwenManualHybridLinear,0.2565760016441345
1030,3,model.layers.19.self_attn.k_proj,self_attn.k_proj,decode,1,QwenManualHybridLinear,0.25491198897361755
1031,3,model.layers.19.self_attn.v_proj,self_attn.v_proj,decode,1,QwenManualHybridLinear,0.24435199797153473
1032,3,model.layers.19.self_attn.o_proj,self_attn.o_proj,decode,1,QwenManualHybridLinear,0.10390400141477585
1033,3,model.layers.19.mlp.gate_proj,mlp.gate_proj,decode,1,QwenManualHybridLinear,0.2682560086250305
1034,3,model.layers.19.mlp.up_proj,mlp.up_proj,decode,1,QwenManualHybridLinear,0.2486400008201599
1035,3,model.layers.19.mlp.down_proj,mlp.down_proj,decode,1,QwenManualHybridLinear,0.24646399915218353
1036,3,model.layers.20.self_attn.q_proj,self_attn.q_proj,decode,1,QwenManualHybridLinear,0.270687997341156
1037,3,model.layers.20.self_attn.k_proj,self_attn.k_proj,decode,1,QwenManualHybridLinear,0.24911999702453613
1038,3,model.layers.20.self_attn.v_proj,self_attn.v_proj,decode,1,QwenManualHybridLinear,0.23999999463558197
1039,3,model.layers.20.self_attn.o_proj,self_attn.o_proj,decode,1,QwenManualHybridLinear,0.10294400155544281
1040,3,model.layers.20.mlp.gate_proj,mlp.gate_proj,decode,1,QwenManualHybridLinear,0.2722559869289398
1041,3,model.layers.20.mlp.up_proj,mlp.up_proj,decode,1,QwenManualHybridLinear,0.2433599978685379
1042,3,model.layers.20.mlp.down_proj,mlp.down_proj,decode,1,QwenManualHybridLinear,0.244159996509552
1043,3,model.layers.21.self_attn.q_proj,self_attn.q_proj,decode,1,QwenManualHybridLinear,0.25334399938583374
1044,3,model.layers.21.self_attn.k_proj,self_attn.k_proj,decode,1,QwenManualHybridLinear,0.24377599358558655
1045,3,model.layers.21.self_attn.v_proj,self_attn.v_proj,decode,1,QwenManualHybridLinear,0.24188800156116486
1046,3,model.layers.21.self_attn.o_proj,self_attn.o_proj,decode,1,QwenManualHybridLinear,0.11027199774980545
1047,3,model.layers.21.mlp.gate_proj,mlp.gate_proj,decode,1,QwenManualHybridLinear,0.27452799677848816
1048,3,model.layers.21.mlp.up_proj,mlp.up_proj,decode,1,QwenManualHybridLinear,0.24934400618076324
1049,3,model.layers.21.mlp.down_proj,mlp.down_proj,decode,1,QwenManualHybridLinear,0.2428160011768341
1050,3,model.layers.22.self_attn.q_proj,self_attn.q_proj,decode,1,QwenManualHybridLinear,0.26265600323677063
1051,3,model.layers.22.self_attn.k_proj,self_attn.k_proj,decode,1,QwenManualHybridLinear,0.24767999351024628
1052,3,model.layers.22.self_attn.v_proj,self_attn.v_proj,decode,1,QwenManualHybridLinear,0.2423039972782135
1053,3,model.layers.22.self_attn.o_proj,self_attn.o_proj,decode,1,QwenManualHybridLinear,0.1032319962978363
1054,3,model.layers.22.mlp.gate_proj,mlp.gate_proj,decode,1,QwenManualHybridLinear,0.2590720057487488
1055,3,model.layers.22.mlp.up_proj,mlp.up_proj,decode,1,QwenManualHybridLinear,0.248416006565094
1056,3,model.layers.22.mlp.down_proj,mlp.down_proj,decode,1,QwenManualHybridLinear,0.285535991191864
1057,3,model.layers.23.self_attn.q_proj,self_attn.q_proj,decode,1,QwenManualHybridLinear,0.26495999097824097
1058,3,model.layers.23.self_attn.k_proj,self_attn.k_proj,decode,1,QwenManualHybridLinear,0.2598719894886017
1059,3,model.layers.23.self_attn.v_proj,self_attn.v_proj,decode,1,QwenManualHybridLinear,0.24320000410079956
1060,3,model.layers.23.self_attn.o_proj,self_attn.o_proj,decode,1,QwenManualHybridLinear,0.10480000078678131
1061,3,model.layers.23.mlp.gate_proj,mlp.gate_proj,decode,1,QwenManualHybridLinear,0.2524479925632477
1062,3,model.layers.23.mlp.up_proj,mlp.up_proj,decode,1,QwenManualHybridLinear,0.24246400594711304
1063,3,model.layers.23.mlp.down_proj,mlp.down_proj,decode,1,QwenManualHybridLinear,0.24639999866485596
1064,3,model.layers.24.self_attn.q_proj,self_attn.q_proj,decode,1,QwenManualHybridLinear,0.2558079957962036
1065,3,model.layers.24.self_attn.k_proj,self_attn.k_proj,decode,1,QwenManualHybridLinear,0.24457600712776184
1066,3,model.layers.24.self_attn.v_proj,self_attn.v_proj,decode,1,QwenManualHybridLinear,0.26204800605773926
1067,3,model.layers.24.self_attn.o_proj,self_attn.o_proj,decode,1,QwenManualHybridLinear,0.1225920021533966
1068,3,model.layers.24.mlp.gate_proj,mlp.gate_proj,decode,1,QwenManualHybridLinear,0.2614400088787079
1069,3,model.layers.24.mlp.up_proj,mlp.up_proj,decode,1,QwenManualHybridLinear,0.2463040053844452
1070,3,model.layers.24.mlp.down_proj,mlp.down_proj,decode,1,QwenManualHybridLinear,0.24633599817752838
1071,3,model.layers.25.self_attn.q_proj,self_attn.q_proj,decode,1,QwenManualHybridLinear,0.25964799523353577
1072,3,model.layers.25.self_attn.k_proj,self_attn.k_proj,decode,1,QwenManualHybridLinear,0.24803200364112854
1073,3,model.layers.25.self_attn.v_proj,self_attn.v_proj,decode,1,QwenManualHybridLinear,0.244159996509552
1074,3,model.layers.25.self_attn.o_proj,self_attn.o_proj,decode,1,QwenManualHybridLinear,0.1074879989027977
1075,3,model.layers.25.mlp.gate_proj,mlp.gate_proj,decode,1,QwenManualHybridLinear,0.2754560112953186
1076,3,model.layers.25.mlp.up_proj,mlp.up_proj,decode,1,QwenManualHybridLinear,0.2521919906139374
1077,3,model.layers.25.mlp.down_proj,mlp.down_proj,decode,1,QwenManualHybridLinear,0.2568320035934448
1078,3,model.layers.26.self_attn.q_proj,self_attn.q_proj,decode,1,QwenManualHybridLinear,0.2542079985141754
1079,3,model.layers.26.self_attn.k_proj,self_attn.k_proj,decode,1,QwenManualHybridLinear,0.24345600605010986
1080,3,model.layers.26.self_attn.v_proj,self_attn.v_proj,decode,1,QwenManualHybridLinear,0.24211199581623077
1081,3,model.layers.26.self_attn.o_proj,self_attn.o_proj,decode,1,QwenManualHybridLinear,0.1101439967751503
1082,3,model.layers.26.mlp.gate_proj,mlp.gate_proj,decode,1,QwenManualHybridLinear,0.25385600328445435
1083,3,model.layers.26.mlp.up_proj,mlp.up_proj,decode,1,QwenManualHybridLinear,0.24777600169181824
1084,3,model.layers.26.mlp.down_proj,mlp.down_proj,decode,1,QwenManualHybridLinear,0.24313600361347198
1085,3,model.layers.27.self_attn.q_proj,self_attn.q_proj,decode,1,QwenManualHybridLinear,0.27798399329185486
1086,3,model.layers.27.self_attn.k_proj,self_attn.k_proj,decode,1,QwenManualHybridLinear,0.2515200078487396
1087,3,model.layers.27.self_attn.v_proj,self_attn.v_proj,decode,1,QwenManualHybridLinear,0.24163199961185455
1088,3,model.layers.27.self_attn.o_proj,self_attn.o_proj,decode,1,QwenManualHybridLinear,0.1128000020980835
1089,3,model.layers.27.mlp.gate_proj,mlp.gate_proj,decode,1,QwenManualHybridLinear,0.25942400097846985
1090,3,model.layers.27.mlp.up_proj,mlp.up_proj,decode,1,QwenManualHybridLinear,0.24463999271392822
1091,3,model.layers.27.mlp.down_proj,mlp.down_proj,decode,1,QwenManualHybridLinear,0.24566400051116943
1092,3,model.layers.28.self_attn.q_proj,self_attn.q_proj,decode,1,QwenManualHybridLinear,0.2889919877052307
1093,3,model.layers.28.self_attn.k_proj,self_attn.k_proj,decode,1,QwenManualHybridLinear,0.2481279969215393
1094,3,model.layers.28.self_attn.v_proj,self_attn.v_proj,decode,1,QwenManualHybridLinear,0.24233600497245789
1095,3,model.layers.28.self_attn.o_proj,self_attn.o_proj,decode,1,QwenManualHybridLinear,0.10751999914646149
1096,3,model.layers.28.mlp.gate_proj,mlp.gate_proj,decode,1,QwenManualHybridLinear,0.2781440019607544
1097,3,model.layers.28.mlp.up_proj,mlp.up_proj,decode,1,QwenManualHybridLinear,0.2505919933319092
1098,3,model.layers.28.mlp.down_proj,mlp.down_proj,decode,1,QwenManualHybridLinear,0.24505600333213806
1099,3,model.layers.29.self_attn.q_proj,self_attn.q_proj,decode,1,QwenManualHybridLinear,0.2592960000038147
1100,3,model.layers.29.self_attn.k_proj,self_attn.k_proj,decode,1,QwenManualHybridLinear,0.24899199604988098
1101,3,model.layers.29.self_attn.v_proj,self_attn.v_proj,decode,1,QwenManualHybridLinear,0.24278399348258972
1102,3,model.layers.29.self_attn.o_proj,self_attn.o_proj,decode,1,QwenManualHybridLinear,0.10076799988746643
1103,3,model.layers.29.mlp.gate_proj,mlp.gate_proj,decode,1,QwenManualHybridLinear,0.2560960054397583
1104,3,model.layers.29.mlp.up_proj,mlp.up_proj,decode,1,QwenManualHybridLinear,0.24553599953651428
1105,3,model.layers.29.mlp.down_proj,mlp.down_proj,decode,1,QwenManualHybridLinear,0.26256000995635986
1106,3,model.layers.30.self_attn.q_proj,self_attn.q_proj,decode,1,QwenManualHybridLinear,0.25017601251602173
1107,3,model.layers.30.self_attn.k_proj,self_attn.k_proj,decode,1,QwenManualHybridLinear,0.2520639896392822
1108,3,model.layers.30.self_attn.v_proj,self_attn.v_proj,decode,1,QwenManualHybridLinear,0.24739199876785278
1109,3,model.layers.30.self_attn.o_proj,self_attn.o_proj,decode,1,QwenManualHybridLinear,0.09958399832248688
1110,3,model.layers.30.mlp.gate_proj,mlp.gate_proj,decode,1,QwenManualHybridLinear,0.2563839852809906
1111,3,model.layers.30.mlp.up_proj,mlp.up_proj,decode,1,QwenManualHybridLinear,0.2519040107727051
1112,3,model.layers.30.mlp.down_proj,mlp.down_proj,decode,1,QwenManualHybridLinear,0.24793599545955658
1113,3,model.layers.31.self_attn.q_proj,self_attn.q_proj,decode,1,QwenManualHybridLinear,0.2534080147743225
1114,3,model.layers.31.self_attn.k_proj,self_attn.k_proj,decode,1,QwenManualHybridLinear,0.24051199853420258
1115,3,model.layers.31.self_attn.v_proj,self_attn.v_proj,decode,1,QwenManualHybridLinear,0.25913599133491516
1116,3,model.layers.31.self_attn.o_proj,self_attn.o_proj,decode,1,QwenManualHybridLinear,0.10127999633550644
1117,3,model.layers.31.mlp.gate_proj,mlp.gate_proj,decode,1,QwenManualHybridLinear,0.2680000066757202
1118,3,model.layers.31.mlp.up_proj,mlp.up_proj,decode,1,QwenManualHybridLinear,0.24937599897384644
1119,3,model.layers.31.mlp.down_proj,mlp.down_proj,decode,1,QwenManualHybridLinear,0.2504960000514984
1120,4,model.layers.0.self_attn.q_proj,self_attn.q_proj,decode,1,QwenManualHybridLinear,0.4089600145816803
1121,4,model.layers.0.self_attn.k_proj,self_attn.k_proj,decode,1,QwenManualHybridLinear,0.28595200181007385
1122,4,model.layers.0.self_attn.v_proj,self_attn.v_proj,decode,1,QwenManualHybridLinear,0.2773759961128235
1123,4,model.layers.0.self_attn.o_proj,self_attn.o_proj,decode,1,QwenManualHybridLinear,0.11497599631547928
1124,4,model.layers.0.mlp.gate_proj,mlp.gate_proj,decode,1,QwenManualHybridLinear,0.2686080038547516
1125,4,model.layers.0.mlp.up_proj,mlp.up_proj,decode,1,QwenManualHybridLinear,0.2505599856376648
1126,4,model.layers.0.mlp.down_proj,mlp.down_proj,decode,1,QwenManualHybridLinear,0.258976012468338
1127,4,model.layers.1.self_attn.q_proj,self_attn.q_proj,decode,1,QwenManualHybridLinear,0.26345598697662354
1128,4,model.layers.1.self_attn.k_proj,self_attn.k_proj,decode,1,QwenManualHybridLinear,0.24959999322891235
1129,4,model.layers.1.self_attn.v_proj,self_attn.v_proj,decode,1,QwenManualHybridLinear,0.2633279860019684
1130,4,model.layers.1.self_attn.o_proj,self_attn.o_proj,decode,1,QwenManualHybridLinear,0.1074879989027977
1131,4,model.layers.1.mlp.gate_proj,mlp.gate_proj,decode,1,QwenManualHybridLinear,0.25894400477409363
1132,4,model.layers.1.mlp.up_proj,mlp.up_proj,decode,1,QwenManualHybridLinear,0.24585600197315216
1133,4,model.layers.1.mlp.down_proj,mlp.down_proj,decode,1,QwenManualHybridLinear,0.24991999566555023
1134,4,model.layers.2.self_attn.q_proj,self_attn.q_proj,decode,1,QwenManualHybridLinear,0.2568640112876892
1135,4,model.layers.2.self_attn.k_proj,self_attn.k_proj,decode,1,QwenManualHybridLinear,0.24463999271392822
1136,4,model.layers.2.self_attn.v_proj,self_attn.v_proj,decode,1,QwenManualHybridLinear,0.24512000381946564
1137,4,model.layers.2.self_attn.o_proj,self_attn.o_proj,decode,1,QwenManualHybridLinear,0.10889600217342377
1138,4,model.layers.2.mlp.gate_proj,mlp.gate_proj,decode,1,QwenManualHybridLinear,0.27081599831581116
1139,4,model.layers.2.mlp.up_proj,mlp.up_proj,decode,1,QwenManualHybridLinear,0.252128005027771
1140,4,model.layers.2.mlp.down_proj,mlp.down_proj,decode,1,QwenManualHybridLinear,0.2696000039577484
1141,4,model.layers.3.self_attn.q_proj,self_attn.q_proj,decode,1,QwenManualHybridLinear,0.26124799251556396
1142,4,model.layers.3.self_attn.k_proj,self_attn.k_proj,decode,1,QwenManualHybridLinear,0.24694399535655975
1143,4,model.layers.3.self_attn.v_proj,self_attn.v_proj,decode,1,QwenManualHybridLinear,0.24352000653743744
1144,4,model.layers.3.self_attn.o_proj,self_attn.o_proj,decode,1,QwenManualHybridLinear,0.11296000331640244
1145,4,model.layers.3.mlp.gate_proj,mlp.gate_proj,decode,1,QwenManualHybridLinear,0.26416000723838806
1146,4,model.layers.3.mlp.up_proj,mlp.up_proj,decode,1,QwenManualHybridLinear,0.24982400238513947
1147,4,model.layers.3.mlp.down_proj,mlp.down_proj,decode,1,QwenManualHybridLinear,0.25017601251602173
1148,4,model.layers.4.self_attn.q_proj,self_attn.q_proj,decode,1,QwenManualHybridLinear,0.26416000723838806
1149,4,model.layers.4.self_attn.k_proj,self_attn.k_proj,decode,1,QwenManualHybridLinear,0.2502079904079437
1150,4,model.layers.4.self_attn.v_proj,self_attn.v_proj,decode,1,QwenManualHybridLinear,0.24473600089550018
1151,4,model.layers.4.self_attn.o_proj,self_attn.o_proj,decode,1,QwenManualHybridLinear,0.1103999987244606
1152,4,model.layers.4.mlp.gate_proj,mlp.gate_proj,decode,1,QwenManualHybridLinear,0.27184000611305237
1153,4,model.layers.4.mlp.up_proj,mlp.up_proj,decode,1,QwenManualHybridLinear,0.25699201226234436
1154,4,model.layers.4.mlp.down_proj,mlp.down_proj,decode,1,QwenManualHybridLinear,0.2521600127220154
1155,4,model.layers.5.self_attn.q_proj,self_attn.q_proj,decode,1,QwenManualHybridLinear,0.2613759934902191
1156,4,model.layers.5.self_attn.k_proj,self_attn.k_proj,decode,1,QwenManualHybridLinear,0.2500480115413666
1157,4,model.layers.5.self_attn.v_proj,self_attn.v_proj,decode,1,QwenManualHybridLinear,0.24662399291992188
1158,4,model.layers.5.self_attn.o_proj,self_attn.o_proj,decode,1,QwenManualHybridLinear,0.10463999956846237
1159,4,model.layers.5.mlp.gate_proj,mlp.gate_proj,decode,1,QwenManualHybridLinear,0.2596159875392914
1160,4,model.layers.5.mlp.up_proj,mlp.up_proj,decode,1,QwenManualHybridLinear,0.24700799584388733
1161,4,model.layers.5.mlp.down_proj,mlp.down_proj,decode,1,QwenManualHybridLinear,0.2543039917945862
1162,4,model.layers.6.self_attn.q_proj,self_attn.q_proj,decode,1,QwenManualHybridLinear,0.25699201226234436
1163,4,model.layers.6.self_attn.k_proj,self_attn.k_proj,decode,1,QwenManualHybridLinear,0.24828800559043884
1164,4,model.layers.6.self_attn.v_proj,self_attn.v_proj,decode,1,QwenManualHybridLinear,0.2479040026664734
1165,4,model.layers.6.self_attn.o_proj,self_attn.o_proj,decode,1,QwenManualHybridLinear,0.10796800255775452
1166,4,model.layers.6.mlp.gate_proj,mlp.gate_proj,decode,1,QwenManualHybridLinear,0.25891199707984924
1167,4,model.layers.6.mlp.up_proj,mlp.up_proj,decode,1,QwenManualHybridLinear,0.2449280023574829
1168,4,model.layers.6.mlp.down_proj,mlp.down_proj,decode,1,QwenManualHybridLinear,0.2481279969215393
1169,4,model.layers.7.self_attn.q_proj,self_attn.q_proj,decode,1,QwenManualHybridLinear,0.25705599784851074
1170,4,model.layers.7.self_attn.k_proj,self_attn.k_proj,decode,1,QwenManualHybridLinear,0.26256000995635986
1171,4,model.layers.7.self_attn.v_proj,self_attn.v_proj,decode,1,QwenManualHybridLinear,0.23932799696922302
1172,4,model.layers.7.self_attn.o_proj,self_attn.o_proj,decode,1,QwenManualHybridLinear,0.11148799955844879
1173,4,model.layers.7.mlp.gate_proj,mlp.gate_proj,decode,1,QwenManualHybridLinear,0.2683520019054413
1174,4,model.layers.7.mlp.up_proj,mlp.up_proj,decode,1,QwenManualHybridLinear,0.26838400959968567
1175,4,model.layers.7.mlp.down_proj,mlp.down_proj,decode,1,QwenManualHybridLinear,0.2479040026664734
1176,4,model.layers.8.self_attn.q_proj,self_attn.q_proj,decode,1,QwenManualHybridLinear,0.25964799523353577
1177,4,model.layers.8.self_attn.k_proj,self_attn.k_proj,decode,1,QwenManualHybridLinear,0.24508799612522125
1178,4,model.layers.8.self_attn.v_proj,self_attn.v_proj,decode,1,QwenManualHybridLinear,0.25407999753952026
1179,4,model.layers.8.self_attn.o_proj,self_attn.o_proj,decode,1,QwenManualHybridLinear,0.10899200290441513
1180,4,model.layers.8.mlp.gate_proj,mlp.gate_proj,decode,1,QwenManualHybridLinear,0.27187201380729675
1181,4,model.layers.8.mlp.up_proj,mlp.up_proj,decode,1,QwenManualHybridLinear,0.25302401185035706
1182,4,model.layers.8.mlp.down_proj,mlp.down_proj,decode,1,QwenManualHybridLinear,0.2512640058994293
1183,4,model.layers.9.self_attn.q_proj,self_attn.q_proj,decode,1,QwenManualHybridLinear,0.2571839988231659
1184,4,model.layers.9.self_attn.k_proj,self_attn.k_proj,decode,1,QwenManualHybridLinear,0.24739199876785278
1185,4,model.layers.9.self_attn.v_proj,self_attn.v_proj,decode,1,QwenManualHybridLinear,0.24371199309825897
1186,4,model.layers.9.self_attn.o_proj,self_attn.o_proj,decode,1,QwenManualHybridLinear,0.11135999858379364
1187,4,model.layers.9.mlp.gate_proj,mlp.gate_proj,decode,1,QwenManualHybridLinear,0.25628799200057983
1188,4,model.layers.9.mlp.up_proj,mlp.up_proj,decode,1,QwenManualHybridLinear,0.24636800587177277
1189,4,model.layers.9.mlp.down_proj,mlp.down_proj,decode,1,QwenManualHybridLinear,0.26441600918769836
1190,4,model.layers.10.self_attn.q_proj,self_attn.q_proj,decode,1,QwenManualHybridLinear,0.2563520073890686
1191,4,model.layers.10.self_attn.k_proj,self_attn.k_proj,decode,1,QwenManualHybridLinear,0.2671999931335449
1192,4,model.layers.10.self_attn.v_proj,self_attn.v_proj,decode,1,QwenManualHybridLinear,0.251008003950119
1193,4,model.layers.10.self_attn.o_proj,self_attn.o_proj,decode,1,QwenManualHybridLinear,0.10422399640083313
1194,4,model.layers.10.mlp.gate_proj,mlp.gate_proj,decode,1,QwenManualHybridLinear,0.2611199915409088
1195,4,model.layers.10.mlp.up_proj,mlp.up_proj,decode,1,QwenManualHybridLinear,0.2512640058994293
1196,4,model.layers.10.mlp.down_proj,mlp.down_proj,decode,1,QwenManualHybridLinear,0.24566400051116943
1197,4,model.layers.11.self_attn.q_proj,self_attn.q_proj,decode,1,QwenManualHybridLinear,0.2555199861526489
1198,4,model.layers.11.self_attn.k_proj,self_attn.k_proj,decode,1,QwenManualHybridLinear,0.24512000381946564
1199,4,model.layers.11.self_attn.v_proj,self_attn.v_proj,decode,1,QwenManualHybridLinear,0.2486400008201599
1200,4,model.layers.11.self_attn.o_proj,self_attn.o_proj,decode,1,QwenManualHybridLinear,0.10041599720716476
1201,4,model.layers.11.mlp.gate_proj,mlp.gate_proj,decode,1,QwenManualHybridLinear,0.2720000147819519
1202,4,model.layers.11.mlp.up_proj,mlp.up_proj,decode,1,QwenManualHybridLinear,0.24857600033283234
1203,4,model.layers.11.mlp.down_proj,mlp.down_proj,decode,1,QwenManualHybridLinear,0.25254398584365845
1204,4,model.layers.12.self_attn.q_proj,self_attn.q_proj,decode,1,QwenManualHybridLinear,0.2598400115966797
1205,4,model.layers.12.self_attn.k_proj,self_attn.k_proj,decode,1,QwenManualHybridLinear,0.2454719990491867
1206,4,model.layers.12.self_attn.v_proj,self_attn.v_proj,decode,1,QwenManualHybridLinear,0.24745599925518036
1207,4,model.layers.12.self_attn.o_proj,self_attn.o_proj,decode,1,QwenManualHybridLinear,0.10572800040245056
1208,4,model.layers.12.mlp.gate_proj,mlp.gate_proj,decode,1,QwenManualHybridLinear,0.2787199914455414
1209,4,model.layers.12.mlp.up_proj,mlp.up_proj,decode,1,QwenManualHybridLinear,0.2481279969215393
1210,4,model.layers.12.mlp.down_proj,mlp.down_proj,decode,1,QwenManualHybridLinear,0.2512640058994293
1211,4,model.layers.13.self_attn.q_proj,self_attn.q_proj,decode,1,QwenManualHybridLinear,0.255264014005661
1212,4,model.layers.13.self_attn.k_proj,self_attn.k_proj,decode,1,QwenManualHybridLinear,0.24435199797153473
1213,4,model.layers.13.self_attn.v_proj,self_attn.v_proj,decode,1,QwenManualHybridLinear,0.2521919906139374
1214,4,model.layers.13.self_attn.o_proj,self_attn.o_proj,decode,1,QwenManualHybridLinear,0.10992000252008438
1215,4,model.layers.13.mlp.gate_proj,mlp.gate_proj,decode,1,QwenManualHybridLinear,0.2584959864616394
1216,4,model.layers.13.mlp.up_proj,mlp.up_proj,decode,1,QwenManualHybridLinear,0.24879999458789825
1217,4,model.layers.13.mlp.down_proj,mlp.down_proj,decode,1,QwenManualHybridLinear,0.25097599625587463
1218,4,model.layers.14.self_attn.q_proj,self_attn.q_proj,decode,1,QwenManualHybridLinear,0.2825919985771179
1219,4,model.layers.14.self_attn.k_proj,self_attn.k_proj,decode,1,QwenManualHybridLinear,0.25513601303100586
1220,4,model.layers.14.self_attn.v_proj,self_attn.v_proj,decode,1,QwenManualHybridLinear,0.24560000002384186
1221,4,model.layers.14.self_attn.o_proj,self_attn.o_proj,decode,1,QwenManualHybridLinear,0.10927999764680862
1222,4,model.layers.14.mlp.gate_proj,mlp.gate_proj,decode,1,QwenManualHybridLinear,0.25814399123191833
1223,4,model.layers.14.mlp.up_proj,mlp.up_proj,decode,1,QwenManualHybridLinear,0.248416006565094
1224,4,model.layers.14.mlp.down_proj,mlp.down_proj,decode,1,QwenManualHybridLinear,0.3535679876804352
1225,4,model.layers.15.self_attn.q_proj,self_attn.q_proj,decode,1,QwenManualHybridLinear,0.3054719865322113
1226,4,model.layers.15.self_attn.k_proj,self_attn.k_proj,decode,1,QwenManualHybridLinear,0.2560639977455139
1227,4,model.layers.15.self_attn.v_proj,self_attn.v_proj,decode,1,QwenManualHybridLinear,0.2539519965648651
1228,4,model.layers.15.self_attn.o_proj,self_attn.o_proj,decode,1,QwenManualHybridLinear,0.10239999741315842
1229,4,model.layers.15.mlp.gate_proj,mlp.gate_proj,decode,1,QwenManualHybridLinear,0.2587200105190277
1230,4,model.layers.15.mlp.up_proj,mlp.up_proj,decode,1,QwenManualHybridLinear,0.2471040040254593
1231,4,model.layers.15.mlp.down_proj,mlp.down_proj,decode,1,QwenManualHybridLinear,0.2481600046157837
1232,4,model.layers.16.self_attn.q_proj,self_attn.q_proj,decode,1,QwenManualHybridLinear,0.2593280076980591
1233,4,model.layers.16.self_attn.k_proj,self_attn.k_proj,decode,1,QwenManualHybridLinear,0.25088000297546387
1234,4,model.layers.16.self_attn.v_proj,self_attn.v_proj,decode,1,QwenManualHybridLinear,0.25491198897361755
1235,4,model.layers.16.self_attn.o_proj,self_attn.o_proj,decode,1,QwenManualHybridLinear,0.10262399911880493
1236,4,model.layers.16.mlp.gate_proj,mlp.gate_proj,decode,1,QwenManualHybridLinear,0.25779199600219727
1237,4,model.layers.16.mlp.up_proj,mlp.up_proj,decode,1,QwenManualHybridLinear,0.2603519856929779
1238,4,model.layers.16.mlp.down_proj,mlp.down_proj,decode,1,QwenManualHybridLinear,0.25308799743652344
1239,4,model.layers.17.self_attn.q_proj,self_attn.q_proj,decode,1,QwenManualHybridLinear,0.2565760016441345
1240,4,model.layers.17.self_attn.k_proj,self_attn.k_proj,decode,1,QwenManualHybridLinear,0.24457600712776184
1241,4,model.layers.17.self_attn.v_proj,self_attn.v_proj,decode,1,QwenManualHybridLinear,0.2407359927892685
1242,4,model.layers.17.self_attn.o_proj,self_attn.o_proj,decode,1,QwenManualHybridLinear,0.11507199704647064
1243,4,model.layers.17.mlp.gate_proj,mlp.gate_proj,decode,1,QwenManualHybridLinear,0.2693119943141937
1244,4,model.layers.17.mlp.up_proj,mlp.up_proj,decode,1,QwenManualHybridLinear,0.24876800179481506
1245,4,model.layers.17.mlp.down_proj,mlp.down_proj,decode,1,QwenManualHybridLinear,0.25196799635887146
1246,4,model.layers.18.self_attn.q_proj,self_attn.q_proj,decode,1,QwenManualHybridLinear,0.26521599292755127
1247,4,model.layers.18.self_attn.k_proj,self_attn.k_proj,decode,1,QwenManualHybridLinear,0.2603519856929779
1248,4,model.layers.18.self_attn.v_proj,self_attn.v_proj,decode,1,QwenManualHybridLinear,0.24687999486923218
1249,4,model.layers.18.self_attn.o_proj,self_attn.o_proj,decode,1,QwenManualHybridLinear,0.09862399846315384
1250,4,model.layers.18.mlp.gate_proj,mlp.gate_proj,decode,1,QwenManualHybridLinear,0.2550399899482727
1251,4,model.layers.18.mlp.up_proj,mlp.up_proj,decode,1,QwenManualHybridLinear,0.24793599545955658
1252,4,model.layers.18.mlp.down_proj,mlp.down_proj,decode,1,QwenManualHybridLinear,0.2510400116443634
1253,4,model.layers.19.self_attn.q_proj,self_attn.q_proj,decode,1,QwenManualHybridLinear,0.2651199996471405
1254,4,model.layers.19.self_attn.k_proj,self_attn.k_proj,decode,1,QwenManualHybridLinear,0.2526080012321472
1255,4,model.layers.19.self_attn.v_proj,self_attn.v_proj,decode,1,QwenManualHybridLinear,0.24540799856185913
1256,4,model.layers.19.self_attn.o_proj,self_attn.o_proj,decode,1,QwenManualHybridLinear,0.10127999633550644
1257,4,model.layers.19.mlp.gate_proj,mlp.gate_proj,decode,1,QwenManualHybridLinear,0.25753599405288696
1258,4,model.layers.19.mlp.up_proj,mlp.up_proj,decode,1,QwenManualHybridLinear,0.2516480088233948
1259,4,model.layers.19.mlp.down_proj,mlp.down_proj,decode,1,QwenManualHybridLinear,0.26371198892593384
1260,4,model.layers.20.self_attn.q_proj,self_attn.q_proj,decode,1,QwenManualHybridLinear,0.2553919851779938
1261,4,model.layers.20.self_attn.k_proj,self_attn.k_proj,decode,1,QwenManualHybridLinear,0.25116801261901855
1262,4,model.layers.20.self_attn.v_proj,self_attn.v_proj,decode,1,QwenManualHybridLinear,0.25065600872039795
1263,4,model.layers.20.self_attn.o_proj,self_attn.o_proj,decode,1,QwenManualHybridLinear,0.0987199991941452
1264,4,model.layers.20.mlp.gate_proj,mlp.gate_proj,decode,1,QwenManualHybridLinear,0.25654399394989014
1265,4,model.layers.20.mlp.up_proj,mlp.up_proj,decode,1,QwenManualHybridLinear,0.25248000025749207
1266,4,model.layers.20.mlp.down_proj,mlp.down_proj,decode,1,QwenManualHybridLinear,0.244159996509552
1267,4,model.layers.21.self_attn.q_proj,self_attn.q_proj,decode,1,QwenManualHybridLinear,0.26208001375198364
1268,4,model.layers.21.self_attn.k_proj,self_attn.k_proj,decode,1,QwenManualHybridLinear,0.2497279942035675
1269,4,model.layers.21.self_attn.v_proj,self_attn.v_proj,decode,1,QwenManualHybridLinear,0.24368000030517578
1270,4,model.layers.21.self_attn.o_proj,self_attn.o_proj,decode,1,QwenManualHybridLinear,0.10003200173377991
1271,4,model.layers.21.mlp.gate_proj,mlp.gate_proj,decode,1,QwenManualHybridLinear,0.25996801257133484
1272,4,model.layers.21.mlp.up_proj,mlp.up_proj,decode,1,QwenManualHybridLinear,0.24515199661254883
1273,4,model.layers.21.mlp.down_proj,mlp.down_proj,decode,1,QwenManualHybridLinear,0.24857600033283234
1274,4,model.layers.22.self_attn.q_proj,self_attn.q_proj,decode,1,QwenManualHybridLinear,0.2547839879989624
1275,4,model.layers.22.self_attn.k_proj,self_attn.k_proj,decode,1,QwenManualHybridLinear,0.25360000133514404
1276,4,model.layers.22.self_attn.v_proj,self_attn.v_proj,decode,1,QwenManualHybridLinear,0.24457600712776184
1277,4,model.layers.22.self_attn.o_proj,self_attn.o_proj,decode,1,QwenManualHybridLinear,0.10364799946546555
1278,4,model.layers.22.mlp.gate_proj,mlp.gate_proj,decode,1,QwenManualHybridLinear,0.2543039917945862
1279,4,model.layers.22.mlp.up_proj,mlp.up_proj,decode,1,QwenManualHybridLinear,0.25231999158859253
1280,4,model.layers.22.mlp.down_proj,mlp.down_proj,decode,1,QwenManualHybridLinear,0.245728000998497
1281,4,model.layers.23.self_attn.q_proj,self_attn.q_proj,decode,1,QwenManualHybridLinear,0.2629759907722473
1282,4,model.layers.23.self_attn.k_proj,self_attn.k_proj,decode,1,QwenManualHybridLinear,0.2523840069770813
1283,4,model.layers.23.self_attn.v_proj,self_attn.v_proj,decode,1,QwenManualHybridLinear,0.24460799992084503
1284,4,model.layers.23.self_attn.o_proj,self_attn.o_proj,decode,1,QwenManualHybridLinear,0.10489600151777267
1285,4,model.layers.23.mlp.gate_proj,mlp.gate_proj,decode,1,QwenManualHybridLinear,0.2680320143699646
1286,4,model.layers.23.mlp.up_proj,mlp.up_proj,decode,1,QwenManualHybridLinear,0.26972800493240356
1287,4,model.layers.23.mlp.down_proj,mlp.down_proj,decode,1,QwenManualHybridLinear,0.2510400116443634
1288,4,model.layers.24.self_attn.q_proj,self_attn.q_proj,decode,1,QwenManualHybridLinear,0.26425600051879883
1289,4,model.layers.24.self_attn.k_proj,self_attn.k_proj,decode,1,QwenManualHybridLinear,0.25148800015449524
1290,4,model.layers.24.self_attn.v_proj,self_attn.v_proj,decode,1,QwenManualHybridLinear,0.24668799340724945
1291,4,model.layers.24.self_attn.o_proj,self_attn.o_proj,decode,1,QwenManualHybridLinear,0.10342399775981903
1292,4,model.layers.24.mlp.gate_proj,mlp.gate_proj,decode,1,QwenManualHybridLinear,0.2678399980068207
1293,4,model.layers.24.mlp.up_proj,mlp.up_proj,decode,1,QwenManualHybridLinear,0.26822400093078613
1294,4,model.layers.24.mlp.down_proj,mlp.down_proj,decode,1,QwenManualHybridLinear,0.2486400008201599
1295,4,model.layers.25.self_attn.q_proj,self_attn.q_proj,decode,1,QwenManualHybridLinear,0.2569600045681
1296,4,model.layers.25.self_attn.k_proj,self_attn.k_proj,decode,1,QwenManualHybridLinear,0.26764801144599915
1297,4,model.layers.25.self_attn.v_proj,self_attn.v_proj,decode,1,QwenManualHybridLinear,0.2438720017671585
1298,4,model.layers.25.self_attn.o_proj,self_attn.o_proj,decode,1,QwenManualHybridLinear,0.1016319990158081
1299,4,model.layers.25.mlp.gate_proj,mlp.gate_proj,decode,1,QwenManualHybridLinear,0.2561599910259247
1300,4,model.layers.25.mlp.up_proj,mlp.up_proj,decode,1,QwenManualHybridLinear,0.25046399235725403
1301,4,model.layers.25.mlp.down_proj,mlp.down_proj,decode,1,QwenManualHybridLinear,0.24959999322891235
1302,4,model.layers.26.self_attn.q_proj,self_attn.q_proj,decode,1,QwenManualHybridLinear,0.2563520073890686
1303,4,model.layers.26.self_attn.k_proj,self_attn.k_proj,decode,1,QwenManualHybridLinear,0.25231999158859253
1304,4,model.layers.26.self_attn.v_proj,self_attn.v_proj,decode,1,QwenManualHybridLinear,0.244159996509552
1305,4,model.layers.26.self_attn.o_proj,self_attn.o_proj,decode,1,QwenManualHybridLinear,0.12415999919176102
1306,4,model.layers.26.mlp.gate_proj,mlp.gate_proj,decode,1,QwenManualHybridLinear,0.2587839961051941
1307,4,model.layers.26.mlp.up_proj,mlp.up_proj,decode,1,QwenManualHybridLinear,0.2537280023097992
1308,4,model.layers.26.mlp.down_proj,mlp.down_proj,decode,1,QwenManualHybridLinear,0.25279998779296875
1309,4,model.layers.27.self_attn.q_proj,self_attn.q_proj,decode,1,QwenManualHybridLinear,0.26335999369621277
1310,4,model.layers.27.self_attn.k_proj,self_attn.k_proj,decode,1,QwenManualHybridLinear,0.2518079876899719
1311,4,model.layers.27.self_attn.v_proj,self_attn.v_proj,decode,1,QwenManualHybridLinear,0.24713599681854248
1312,4,model.layers.27.self_attn.o_proj,self_attn.o_proj,decode,1,QwenManualHybridLinear,0.10787200182676315
1313,4,model.layers.27.mlp.gate_proj,mlp.gate_proj,decode,1,QwenManualHybridLinear,0.26051199436187744
1314,4,model.layers.27.mlp.up_proj,mlp.up_proj,decode,1,QwenManualHybridLinear,0.24662399291992188
1315,4,model.layers.27.mlp.down_proj,mlp.down_proj,decode,1,QwenManualHybridLinear,0.2457599937915802
1316,4,model.layers.28.self_attn.q_proj,self_attn.q_proj,decode,1,QwenManualHybridLinear,0.2580159902572632
1317,4,model.layers.28.self_attn.k_proj,self_attn.k_proj,decode,1,QwenManualHybridLinear,0.2505280077457428
1318,4,model.layers.28.self_attn.v_proj,self_attn.v_proj,decode,1,QwenManualHybridLinear,0.2444159984588623
1319,4,model.layers.28.self_attn.o_proj,self_attn.o_proj,decode,1,QwenManualHybridLinear,0.10547199845314026
1320,4,model.layers.28.mlp.gate_proj,mlp.gate_proj,decode,1,QwenManualHybridLinear,0.2512960135936737
1321,4,model.layers.28.mlp.up_proj,mlp.up_proj,decode,1,QwenManualHybridLinear,0.24928000569343567
1322,4,model.layers.28.mlp.down_proj,mlp.down_proj,decode,1,QwenManualHybridLinear,0.2467840015888214
1323,4,model.layers.29.self_attn.q_proj,self_attn.q_proj,decode,1,QwenManualHybridLinear,0.253248006105423
1324,4,model.layers.29.self_attn.k_proj,self_attn.k_proj,decode,1,QwenManualHybridLinear,0.2503040134906769
1325,4,model.layers.29.self_attn.v_proj,self_attn.v_proj,decode,1,QwenManualHybridLinear,0.24236799776554108
1326,4,model.layers.29.self_attn.o_proj,self_attn.o_proj,decode,1,QwenManualHybridLinear,0.11462400108575821
1327,4,model.layers.29.mlp.gate_proj,mlp.gate_proj,decode,1,QwenManualHybridLinear,0.27008000016212463
1328,4,model.layers.29.mlp.up_proj,mlp.up_proj,decode,1,QwenManualHybridLinear,0.24780799448490143
1329,4,model.layers.29.mlp.down_proj,mlp.down_proj,decode,1,QwenManualHybridLinear,0.24454399943351746
1330,4,model.layers.30.self_attn.q_proj,self_attn.q_proj,decode,1,QwenManualHybridLinear,0.25625601410865784
1331,4,model.layers.30.self_attn.k_proj,self_attn.k_proj,decode,1,QwenManualHybridLinear,0.24355199933052063
1332,4,model.layers.30.self_attn.v_proj,self_attn.v_proj,decode,1,QwenManualHybridLinear,0.2526400089263916
1333,4,model.layers.30.self_attn.o_proj,self_attn.o_proj,decode,1,QwenManualHybridLinear,0.10409600287675858
1334,4,model.layers.30.mlp.gate_proj,mlp.gate_proj,decode,1,QwenManualHybridLinear,0.2608959972858429
1335,4,model.layers.30.mlp.up_proj,mlp.up_proj,decode,1,QwenManualHybridLinear,0.2614080011844635
1336,4,model.layers.30.mlp.down_proj,mlp.down_proj,decode,1,QwenManualHybridLinear,0.24924799799919128
1337,4,model.layers.31.self_attn.q_proj,self_attn.q_proj,decode,1,QwenManualHybridLinear,0.26495999097824097
1338,4,model.layers.31.self_attn.k_proj,self_attn.k_proj,decode,1,QwenManualHybridLinear,0.24857600033283234
1339,4,model.layers.31.self_attn.v_proj,self_attn.v_proj,decode,1,QwenManualHybridLinear,0.2438720017671585
1340,4,model.layers.31.self_attn.o_proj,self_attn.o_proj,decode,1,QwenManualHybridLinear,0.09929600358009338
1341,4,model.layers.31.mlp.gate_proj,mlp.gate_proj,decode,1,QwenManualHybridLinear,0.25942400097846985
1342,4,model.layers.31.mlp.up_proj,mlp.up_proj,decode,1,QwenManualHybridLinear,0.24726399779319763
1343,4,model.layers.31.mlp.down_proj,mlp.down_proj,decode,1,QwenManualHybridLinear,0.24246400594711304
1344,5,model.layers.0.self_attn.q_proj,self_attn.q_proj,decode,1,QwenManualHybridLinear,0.408735990524292
1345,5,model.layers.0.self_attn.k_proj,self_attn.k_proj,decode,1,QwenManualHybridLinear,0.29440000653266907
1346,5,model.layers.0.self_attn.v_proj,self_attn.v_proj,decode,1,QwenManualHybridLinear,0.2619520127773285
1347,5,model.layers.0.self_attn.o_proj,self_attn.o_proj,decode,1,QwenManualHybridLinear,0.10784000158309937
1348,5,model.layers.0.mlp.gate_proj,mlp.gate_proj,decode,1,QwenManualHybridLinear,0.2757759988307953
1349,5,model.layers.0.mlp.up_proj,mlp.up_proj,decode,1,QwenManualHybridLinear,0.25964799523353577
1350,5,model.layers.0.mlp.down_proj,mlp.down_proj,decode,1,QwenManualHybridLinear,0.25148800015449524
1351,5,model.layers.1.self_attn.q_proj,self_attn.q_proj,decode,1,QwenManualHybridLinear,0.27299201488494873
1352,5,model.layers.1.self_attn.k_proj,self_attn.k_proj,decode,1,QwenManualHybridLinear,0.2688640058040619
1353,5,model.layers.1.self_attn.v_proj,self_attn.v_proj,decode,1,QwenManualHybridLinear,0.24755200743675232
1354,5,model.layers.1.self_attn.o_proj,self_attn.o_proj,decode,1,QwenManualHybridLinear,0.10768000036478043
1355,5,model.layers.1.mlp.gate_proj,mlp.gate_proj,decode,1,QwenManualHybridLinear,0.26492801308631897
1356,5,model.layers.1.mlp.up_proj,mlp.up_proj,decode,1,QwenManualHybridLinear,0.24751999974250793
1357,5,model.layers.1.mlp.down_proj,mlp.down_proj,decode,1,QwenManualHybridLinear,0.24409599602222443
1358,5,model.layers.2.self_attn.q_proj,self_attn.q_proj,decode,1,QwenManualHybridLinear,0.2757120132446289
1359,5,model.layers.2.self_attn.k_proj,self_attn.k_proj,decode,1,QwenManualHybridLinear,0.24979199469089508
1360,5,model.layers.2.self_attn.v_proj,self_attn.v_proj,decode,1,QwenManualHybridLinear,0.24313600361347198
1361,5,model.layers.2.self_attn.o_proj,self_attn.o_proj,decode,1,QwenManualHybridLinear,0.10992000252008438
1362,5,model.layers.2.mlp.gate_proj,mlp.gate_proj,decode,1,QwenManualHybridLinear,0.2710080146789551
1363,5,model.layers.2.mlp.up_proj,mlp.up_proj,decode,1,QwenManualHybridLinear,0.2473600059747696
1364,5,model.layers.2.mlp.down_proj,mlp.down_proj,decode,1,QwenManualHybridLinear,0.2481600046157837
1365,5,model.layers.3.self_attn.q_proj,self_attn.q_proj,decode,1,QwenManualHybridLinear,0.25833600759506226
1366,5,model.layers.3.self_attn.k_proj,self_attn.k_proj,decode,1,QwenManualHybridLinear,0.26652801036834717
1367,5,model.layers.3.self_attn.v_proj,self_attn.v_proj,decode,1,QwenManualHybridLinear,0.25062400102615356
1368,5,model.layers.3.self_attn.o_proj,self_attn.o_proj,decode,1,QwenManualHybridLinear,0.1035199984908104
1369,5,model.layers.3.mlp.gate_proj,mlp.gate_proj,decode,1,QwenManualHybridLinear,0.25887998938560486
1370,5,model.layers.3.mlp.up_proj,mlp.up_proj,decode,1,QwenManualHybridLinear,0.24633599817752838
1371,5,model.layers.3.mlp.down_proj,mlp.down_proj,decode,1,QwenManualHybridLinear,0.26764801144599915
1372,5,model.layers.4.self_attn.q_proj,self_attn.q_proj,decode,1,QwenManualHybridLinear,0.2802880108356476
1373,5,model.layers.4.self_attn.k_proj,self_attn.k_proj,decode,1,QwenManualHybridLinear,0.2549760043621063
1374,5,model.layers.4.self_attn.v_proj,self_attn.v_proj,decode,1,QwenManualHybridLinear,0.2511039972305298
1375,5,model.layers.4.self_attn.o_proj,self_attn.o_proj,decode,1,QwenManualHybridLinear,0.10342399775981903
1376,5,model.layers.4.mlp.gate_proj,mlp.gate_proj,decode,1,QwenManualHybridLinear,0.26848000288009644
1377,5,model.layers.4.mlp.up_proj,mlp.up_proj,decode,1,QwenManualHybridLinear,0.24886399507522583
1378,5,model.layers.4.mlp.down_proj,mlp.down_proj,decode,1,QwenManualHybridLinear,0.24579200148582458
1379,5,model.layers.5.self_attn.q_proj,self_attn.q_proj,decode,1,QwenManualHybridLinear,0.25782400369644165
1380,5,model.layers.5.self_attn.k_proj,self_attn.k_proj,decode,1,QwenManualHybridLinear,0.2536639869213104
1381,5,model.layers.5.self_attn.v_proj,self_attn.v_proj,decode,1,QwenManualHybridLinear,0.2602880001068115
1382,5,model.layers.5.self_attn.o_proj,self_attn.o_proj,decode,1,QwenManualHybridLinear,0.10044799745082855
1383,5,model.layers.5.mlp.gate_proj,mlp.gate_proj,decode,1,QwenManualHybridLinear,0.2747519910335541
1384,5,model.layers.5.mlp.up_proj,mlp.up_proj,decode,1,QwenManualHybridLinear,0.24966399371623993
1385,5,model.layers.5.mlp.down_proj,mlp.down_proj,decode,1,QwenManualHybridLinear,0.24662399291992188
1386,5,model.layers.6.self_attn.q_proj,self_attn.q_proj,decode,1,QwenManualHybridLinear,0.2567040026187897
1387,5,model.layers.6.self_attn.k_proj,self_attn.k_proj,decode,1,QwenManualHybridLinear,0.24934400618076324
1388,5,model.layers.6.self_attn.v_proj,self_attn.v_proj,decode,1,QwenManualHybridLinear,0.24345600605010986
1389,5,model.layers.6.self_attn.o_proj,self_attn.o_proj,decode,1,QwenManualHybridLinear,0.10684800148010254
1390,5,model.layers.6.mlp.gate_proj,mlp.gate_proj,decode,1,QwenManualHybridLinear,0.25948798656463623
1391,5,model.layers.6.mlp.up_proj,mlp.up_proj,decode,1,QwenManualHybridLinear,0.25043201446533203
1392,5,model.layers.6.mlp.down_proj,mlp.down_proj,decode,1,QwenManualHybridLinear,0.2505280077457428
1393,5,model.layers.7.self_attn.q_proj,self_attn.q_proj,decode,1,QwenManualHybridLinear,0.25459200143814087
1394,5,model.layers.7.self_attn.k_proj,self_attn.k_proj,decode,1,QwenManualHybridLinear,0.24271999299526215
1395,5,model.layers.7.self_attn.v_proj,self_attn.v_proj,decode,1,QwenManualHybridLinear,0.24163199961185455
1396,5,model.layers.7.self_attn.o_proj,self_attn.o_proj,decode,1,QwenManualHybridLinear,0.12003199756145477
1397,5,model.layers.7.mlp.gate_proj,mlp.gate_proj,decode,1,QwenManualHybridLinear,0.2677119970321655
1398,5,model.layers.7.mlp.up_proj,mlp.up_proj,decode,1,QwenManualHybridLinear,0.25251200795173645
1399,5,model.layers.7.mlp.down_proj,mlp.down_proj,decode,1,QwenManualHybridLinear,0.24560000002384186
1400,5,model.layers.8.self_attn.q_proj,self_attn.q_proj,decode,1,QwenManualHybridLinear,0.2805759906768799
1401,5,model.layers.8.self_attn.k_proj,self_attn.k_proj,decode,1,QwenManualHybridLinear,0.2487040013074875
1402,5,model.layers.8.self_attn.v_proj,self_attn.v_proj,decode,1,QwenManualHybridLinear,0.2452159970998764
1403,5,model.layers.8.self_attn.o_proj,self_attn.o_proj,decode,1,QwenManualHybridLinear,0.11270400136709213
1404,5,model.layers.8.mlp.gate_proj,mlp.gate_proj,decode,1,QwenManualHybridLinear,0.2575039863586426
1405,5,model.layers.8.mlp.up_proj,mlp.up_proj,decode,1,QwenManualHybridLinear,0.24614399671554565
1406,5,model.layers.8.mlp.down_proj,mlp.down_proj,decode,1,QwenManualHybridLinear,0.24447999894618988
1407,5,model.layers.9.self_attn.q_proj,self_attn.q_proj,decode,1,QwenManualHybridLinear,0.2736000120639801
1408,5,model.layers.9.self_attn.k_proj,self_attn.k_proj,decode,1,QwenManualHybridLinear,0.25414401292800903
1409,5,model.layers.9.self_attn.v_proj,self_attn.v_proj,decode,1,QwenManualHybridLinear,0.24451200664043427
1410,5,model.layers.9.self_attn.o_proj,self_attn.o_proj,decode,1,QwenManualHybridLinear,0.09731200337409973
1411,5,model.layers.9.mlp.gate_proj,mlp.gate_proj,decode,1,QwenManualHybridLinear,0.26022401452064514
1412,5,model.layers.9.mlp.up_proj,mlp.up_proj,decode,1,QwenManualHybridLinear,0.24793599545955658
1413,5,model.layers.9.mlp.down_proj,mlp.down_proj,decode,1,QwenManualHybridLinear,0.24422399699687958
1414,5,model.layers.10.self_attn.q_proj,self_attn.q_proj,decode,1,QwenManualHybridLinear,0.25839999318122864
1415,5,model.layers.10.self_attn.k_proj,self_attn.k_proj,decode,1,QwenManualHybridLinear,0.2500799894332886
1416,5,model.layers.10.self_attn.v_proj,self_attn.v_proj,decode,1,QwenManualHybridLinear,0.24588799476623535
1417,5,model.layers.10.self_attn.o_proj,self_attn.o_proj,decode,1,QwenManualHybridLinear,0.10208000242710114
1418,5,model.layers.10.mlp.gate_proj,mlp.gate_proj,decode,1,QwenManualHybridLinear,0.26611199975013733
1419,5,model.layers.10.mlp.up_proj,mlp.up_proj,decode,1,QwenManualHybridLinear,0.2656959891319275
1420,5,model.layers.10.mlp.down_proj,mlp.down_proj,decode,1,QwenManualHybridLinear,0.25334399938583374
1421,5,model.layers.11.self_attn.q_proj,self_attn.q_proj,decode,1,QwenManualHybridLinear,0.263808012008667
1422,5,model.layers.11.self_attn.k_proj,self_attn.k_proj,decode,1,QwenManualHybridLinear,0.24915200471878052
1423,5,model.layers.11.self_attn.v_proj,self_attn.v_proj,decode,1,QwenManualHybridLinear,0.24063999950885773
1424,5,model.layers.11.self_attn.o_proj,self_attn.o_proj,decode,1,QwenManualHybridLinear,0.10665600001811981
1425,5,model.layers.11.mlp.gate_proj,mlp.gate_proj,decode,1,QwenManualHybridLinear,0.2576960027217865
1426,5,model.layers.11.mlp.up_proj,mlp.up_proj,decode,1,QwenManualHybridLinear,0.25702399015426636
1427,5,model.layers.11.mlp.down_proj,mlp.down_proj,decode,1,QwenManualHybridLinear,0.2542400062084198
1428,5,model.layers.12.self_attn.q_proj,self_attn.q_proj,decode,1,QwenManualHybridLinear,0.25916799902915955
1429,5,model.layers.12.self_attn.k_proj,self_attn.k_proj,decode,1,QwenManualHybridLinear,0.27139198780059814
1430,5,model.layers.12.self_attn.v_proj,self_attn.v_proj,decode,1,QwenManualHybridLinear,0.24537600576877594
1431,5,model.layers.12.self_attn.o_proj,self_attn.o_proj,decode,1,QwenManualHybridLinear,0.09904000163078308
1432,5,model.layers.12.mlp.gate_proj,mlp.gate_proj,decode,1,QwenManualHybridLinear,0.25142401456832886
1433,5,model.layers.12.mlp.up_proj,mlp.up_proj,decode,1,QwenManualHybridLinear,0.2505919933319092
1434,5,model.layers.12.mlp.down_proj,mlp.down_proj,decode,1,QwenManualHybridLinear,0.3612479865550995
1435,5,model.layers.13.self_attn.q_proj,self_attn.q_proj,decode,1,QwenManualHybridLinear,0.2908479869365692
1436,5,model.layers.13.self_attn.k_proj,self_attn.k_proj,decode,1,QwenManualHybridLinear,0.2585600018501282
1437,5,model.layers.13.self_attn.v_proj,self_attn.v_proj,decode,1,QwenManualHybridLinear,0.26022401452064514
1438,5,model.layers.13.self_attn.o_proj,self_attn.o_proj,decode,1,QwenManualHybridLinear,0.10252799838781357
1439,5,model.layers.13.mlp.gate_proj,mlp.gate_proj,decode,1,QwenManualHybridLinear,0.2632319927215576
1440,5,model.layers.13.mlp.up_proj,mlp.up_proj,decode,1,QwenManualHybridLinear,0.24764800071716309
1441,5,model.layers.13.mlp.down_proj,mlp.down_proj,decode,1,QwenManualHybridLinear,0.2568959891796112
1442,5,model.layers.14.self_attn.q_proj,self_attn.q_proj,decode,1,QwenManualHybridLinear,0.2580159902572632
1443,5,model.layers.14.self_attn.k_proj,self_attn.k_proj,decode,1,QwenManualHybridLinear,0.24607999622821808
1444,5,model.layers.14.self_attn.v_proj,self_attn.v_proj,decode,1,QwenManualHybridLinear,0.24035200476646423
1445,5,model.layers.14.self_attn.o_proj,self_attn.o_proj,decode,1,QwenManualHybridLinear,0.10780800133943558
1446,5,model.layers.14.mlp.gate_proj,mlp.gate_proj,decode,1,QwenManualHybridLinear,0.26361599564552307
1447,5,model.layers.14.mlp.up_proj,mlp.up_proj,decode,1,QwenManualHybridLinear,0.24646399915218353
1448,5,model.layers.14.mlp.down_proj,mlp.down_proj,decode,1,QwenManualHybridLinear,0.2654719948768616
1449,5,model.layers.15.self_attn.q_proj,self_attn.q_proj,decode,1,QwenManualHybridLinear,0.260127991437912
1450,5,model.layers.15.self_attn.k_proj,self_attn.k_proj,decode,1,QwenManualHybridLinear,0.24592000246047974
1451,5,model.layers.15.self_attn.v_proj,self_attn.v_proj,decode,1,QwenManualHybridLinear,0.24211199581623077
1452,5,model.layers.15.self_attn.o_proj,self_attn.o_proj,decode,1,QwenManualHybridLinear,0.10838399827480316
1453,5,model.layers.15.mlp.gate_proj,mlp.gate_proj,decode,1,QwenManualHybridLinear,0.25676798820495605
1454,5,model.layers.15.mlp.up_proj,mlp.up_proj,decode,1,QwenManualHybridLinear,0.2489600032567978
1455,5,model.layers.15.mlp.down_proj,mlp.down_proj,decode,1,QwenManualHybridLinear,0.2436479926109314
1456,5,model.layers.16.self_attn.q_proj,self_attn.q_proj,decode,1,QwenManualHybridLinear,0.26924800872802734
1457,5,model.layers.16.self_attn.k_proj,self_attn.k_proj,decode,1,QwenManualHybridLinear,0.2507520020008087
1458,5,model.layers.16.self_attn.v_proj,self_attn.v_proj,decode,1,QwenManualHybridLinear,0.2491839975118637
1459,5,model.layers.16.self_attn.o_proj,self_attn.o_proj,decode,1,QwenManualHybridLinear,0.10169599950313568
1460,5,model.layers.16.mlp.gate_proj,mlp.gate_proj,decode,1,QwenManualHybridLinear,0.27219200134277344
1461,5,model.layers.16.mlp.up_proj,mlp.up_proj,decode,1,QwenManualHybridLinear,0.24527999758720398
1462,5,model.layers.16.mlp.down_proj,mlp.down_proj,decode,1,QwenManualHybridLinear,0.2542079985141754
1463,5,model.layers.17.self_attn.q_proj,self_attn.q_proj,decode,1,QwenManualHybridLinear,0.2510400116443634
1464,5,model.layers.17.self_attn.k_proj,self_attn.k_proj,decode,1,QwenManualHybridLinear,0.25283199548721313
1465,5,model.layers.17.self_attn.v_proj,self_attn.v_proj,decode,1,QwenManualHybridLinear,0.24739199876785278
1466,5,model.layers.17.self_attn.o_proj,self_attn.o_proj,decode,1,QwenManualHybridLinear,0.10704000294208527
1467,5,model.layers.17.mlp.gate_proj,mlp.gate_proj,decode,1,QwenManualHybridLinear,0.2577599883079529
1468,5,model.layers.17.mlp.up_proj,mlp.up_proj,decode,1,QwenManualHybridLinear,0.2486719936132431
1469,5,model.layers.17.mlp.down_proj,mlp.down_proj,decode,1,QwenManualHybridLinear,0.25011199712753296
1470,5,model.layers.18.self_attn.q_proj,self_attn.q_proj,decode,1,QwenManualHybridLinear,0.25257599353790283
1471,5,model.layers.18.self_attn.k_proj,self_attn.k_proj,decode,1,QwenManualHybridLinear,0.24774399399757385
1472,5,model.layers.18.self_attn.v_proj,self_attn.v_proj,decode,1,QwenManualHybridLinear,0.24217599630355835
1473,5,model.layers.18.self_attn.o_proj,self_attn.o_proj,decode,1,QwenManualHybridLinear,0.09788800030946732
1474,5,model.layers.18.mlp.gate_proj,mlp.gate_proj,decode,1,QwenManualHybridLinear,0.25462400913238525
1475,5,model.layers.18.mlp.up_proj,mlp.up_proj,decode,1,QwenManualHybridLinear,0.258432000875473
1476,5,model.layers.18.mlp.down_proj,mlp.down_proj,decode,1,QwenManualHybridLinear,0.24662399291992188
1477,5,model.layers.19.self_attn.q_proj,self_attn.q_proj,decode,1,QwenManualHybridLinear,0.25308799743652344
1478,5,model.layers.19.self_attn.k_proj,self_attn.k_proj,decode,1,QwenManualHybridLinear,0.2826240062713623
1479,5,model.layers.19.self_attn.v_proj,self_attn.v_proj,decode,1,QwenManualHybridLinear,0.26688000559806824
1480,5,model.layers.19.self_attn.o_proj,self_attn.o_proj,decode,1,QwenManualHybridLinear,0.09721600264310837
1481,5,model.layers.19.mlp.gate_proj,mlp.gate_proj,decode,1,QwenManualHybridLinear,0.2563199996948242
1482,5,model.layers.19.mlp.up_proj,mlp.up_proj,decode,1,QwenManualHybridLinear,0.24508799612522125
1483,5,model.layers.19.mlp.down_proj,mlp.down_proj,decode,1,QwenManualHybridLinear,0.25036799907684326
1484,5,model.layers.20.self_attn.q_proj,self_attn.q_proj,decode,1,QwenManualHybridLinear,0.25251200795173645
1485,5,model.layers.20.self_attn.k_proj,self_attn.k_proj,decode,1,QwenManualHybridLinear,0.2430720031261444
1486,5,model.layers.20.self_attn.v_proj,self_attn.v_proj,decode,1,QwenManualHybridLinear,0.24076800048351288
1487,5,model.layers.20.self_attn.o_proj,self_attn.o_proj,decode,1,QwenManualHybridLinear,0.111455999314785
1488,5,model.layers.20.mlp.gate_proj,mlp.gate_proj,decode,1,QwenManualHybridLinear,0.27372801303863525
1489,5,model.layers.20.mlp.up_proj,mlp.up_proj,decode,1,QwenManualHybridLinear,0.252703994512558
1490,5,model.layers.20.mlp.down_proj,mlp.down_proj,decode,1,QwenManualHybridLinear,0.25625601410865784
1491,5,model.layers.21.self_attn.q_proj,self_attn.q_proj,decode,1,QwenManualHybridLinear,0.2556160092353821
1492,5,model.layers.21.self_attn.k_proj,self_attn.k_proj,decode,1,QwenManualHybridLinear,0.2512640058994293
1493,5,model.layers.21.self_attn.v_proj,self_attn.v_proj,decode,1,QwenManualHybridLinear,0.24380800127983093
1494,5,model.layers.21.self_attn.o_proj,self_attn.o_proj,decode,1,QwenManualHybridLinear,0.10089600086212158
1495,5,model.layers.21.mlp.gate_proj,mlp.gate_proj,decode,1,QwenManualHybridLinear,0.2671999931335449
1496,5,model.layers.21.mlp.up_proj,mlp.up_proj,decode,1,QwenManualHybridLinear,0.25113600492477417
1497,5,model.layers.21.mlp.down_proj,mlp.down_proj,decode,1,QwenManualHybridLinear,0.2624639868736267
1498,5,model.layers.22.self_attn.q_proj,self_attn.q_proj,decode,1,QwenManualHybridLinear,0.2559039890766144
1499,5,model.layers.22.self_attn.k_proj,self_attn.k_proj,decode,1,QwenManualHybridLinear,0.2443840056657791
1500,5,model.layers.22.self_attn.v_proj,self_attn.v_proj,decode,1,QwenManualHybridLinear,0.24483199417591095
1501,5,model.layers.22.self_attn.o_proj,self_attn.o_proj,decode,1,QwenManualHybridLinear,0.10326399654150009
1502,5,model.layers.22.mlp.gate_proj,mlp.gate_proj,decode,1,QwenManualHybridLinear,0.25916799902915955
1503,5,model.layers.22.mlp.up_proj,mlp.up_proj,decode,1,QwenManualHybridLinear,0.24854399263858795
1504,5,model.layers.22.mlp.down_proj,mlp.down_proj,decode,1,QwenManualHybridLinear,0.2519359886646271
1505,5,model.layers.23.self_attn.q_proj,self_attn.q_proj,decode,1,QwenManualHybridLinear,0.25971201062202454
1506,5,model.layers.23.self_attn.k_proj,self_attn.k_proj,decode,1,QwenManualHybridLinear,0.24819199740886688
1507,5,model.layers.23.self_attn.v_proj,self_attn.v_proj,decode,1,QwenManualHybridLinear,0.24483199417591095
1508,5,model.layers.23.self_attn.o_proj,self_attn.o_proj,decode,1,QwenManualHybridLinear,0.10838399827480316
1509,5,model.layers.23.mlp.gate_proj,mlp.gate_proj,decode,1,QwenManualHybridLinear,0.2573759853839874
1510,5,model.layers.23.mlp.up_proj,mlp.up_proj,decode,1,QwenManualHybridLinear,0.24844799935817719
1511,5,model.layers.23.mlp.down_proj,mlp.down_proj,decode,1,QwenManualHybridLinear,0.24873599410057068
1512,5,model.layers.24.self_attn.q_proj,self_attn.q_proj,decode,1,QwenManualHybridLinear,0.27689599990844727
1513,5,model.layers.24.self_attn.k_proj,self_attn.k_proj,decode,1,QwenManualHybridLinear,0.2609280049800873
1514,5,model.layers.24.self_attn.v_proj,self_attn.v_proj,decode,1,QwenManualHybridLinear,0.24739199876785278
1515,5,model.layers.24.self_attn.o_proj,self_attn.o_proj,decode,1,QwenManualHybridLinear,0.11168000102043152
1516,5,model.layers.24.mlp.gate_proj,mlp.gate_proj,decode,1,QwenManualHybridLinear,0.26947200298309326
1517,5,model.layers.24.mlp.up_proj,mlp.up_proj,decode,1,QwenManualHybridLinear,0.2465279996395111
1518,5,model.layers.24.mlp.down_proj,mlp.down_proj,decode,1,QwenManualHybridLinear,0.2528960108757019
1519,5,model.layers.25.self_attn.q_proj,self_attn.q_proj,decode,1,QwenManualHybridLinear,0.25328001379966736
1520,5,model.layers.25.self_attn.k_proj,self_attn.k_proj,decode,1,QwenManualHybridLinear,0.24345600605010986
1521,5,model.layers.25.self_attn.v_proj,self_attn.v_proj,decode,1,QwenManualHybridLinear,0.24476799368858337
1522,5,model.layers.25.self_attn.o_proj,self_attn.o_proj,decode,1,QwenManualHybridLinear,0.10236799716949463
1523,5,model.layers.25.mlp.gate_proj,mlp.gate_proj,decode,1,QwenManualHybridLinear,0.2584640085697174
1524,5,model.layers.25.mlp.up_proj,mlp.up_proj,decode,1,QwenManualHybridLinear,0.24819199740886688
1525,5,model.layers.25.mlp.down_proj,mlp.down_proj,decode,1,QwenManualHybridLinear,0.24886399507522583
1526,5,model.layers.26.self_attn.q_proj,self_attn.q_proj,decode,1,QwenManualHybridLinear,0.25574401021003723
1527,5,model.layers.26.self_attn.k_proj,self_attn.k_proj,decode,1,QwenManualHybridLinear,0.26073598861694336
1528,5,model.layers.26.self_attn.v_proj,self_attn.v_proj,decode,1,QwenManualHybridLinear,0.24400000274181366
1529,5,model.layers.26.self_attn.o_proj,self_attn.o_proj,decode,1,QwenManualHybridLinear,0.10486400127410889
1530,5,model.layers.26.mlp.gate_proj,mlp.gate_proj,decode,1,QwenManualHybridLinear,0.2542079985141754
1531,5,model.layers.26.mlp.up_proj,mlp.up_proj,decode,1,QwenManualHybridLinear,0.2473600059747696
1532,5,model.layers.26.mlp.down_proj,mlp.down_proj,decode,1,QwenManualHybridLinear,0.24979199469089508
1533,5,model.layers.27.self_attn.q_proj,self_attn.q_proj,decode,1,QwenManualHybridLinear,0.26131200790405273
1534,5,model.layers.27.self_attn.k_proj,self_attn.k_proj,decode,1,QwenManualHybridLinear,0.25494399666786194
1535,5,model.layers.27.self_attn.v_proj,self_attn.v_proj,decode,1,QwenManualHybridLinear,0.24636800587177277
1536,5,model.layers.27.self_attn.o_proj,self_attn.o_proj,decode,1,QwenManualHybridLinear,0.10028800368309021
1537,5,model.layers.27.mlp.gate_proj,mlp.gate_proj,decode,1,QwenManualHybridLinear,0.2550080120563507
1538,5,model.layers.27.mlp.up_proj,mlp.up_proj,decode,1,QwenManualHybridLinear,0.24745599925518036
1539,5,model.layers.27.mlp.down_proj,mlp.down_proj,decode,1,QwenManualHybridLinear,0.24585600197315216
1540,5,model.layers.28.self_attn.q_proj,self_attn.q_proj,decode,1,QwenManualHybridLinear,0.2529599964618683
1541,5,model.layers.28.self_attn.k_proj,self_attn.k_proj,decode,1,QwenManualHybridLinear,0.24563199281692505
1542,5,model.layers.28.self_attn.v_proj,self_attn.v_proj,decode,1,QwenManualHybridLinear,0.24585600197315216
1543,5,model.layers.28.self_attn.o_proj,self_attn.o_proj,decode,1,QwenManualHybridLinear,0.10761599987745285
1544,5,model.layers.28.mlp.gate_proj,mlp.gate_proj,decode,1,QwenManualHybridLinear,0.26422399282455444
1545,5,model.layers.28.mlp.up_proj,mlp.up_proj,decode,1,QwenManualHybridLinear,0.2502399981021881
1546,5,model.layers.28.mlp.down_proj,mlp.down_proj,decode,1,QwenManualHybridLinear,0.2524160146713257
1547,5,model.layers.29.self_attn.q_proj,self_attn.q_proj,decode,1,QwenManualHybridLinear,0.2584959864616394
1548,5,model.layers.29.self_attn.k_proj,self_attn.k_proj,decode,1,QwenManualHybridLinear,0.2486400008201599
1549,5,model.layers.29.self_attn.v_proj,self_attn.v_proj,decode,1,QwenManualHybridLinear,0.25228801369667053
1550,5,model.layers.29.self_attn.o_proj,self_attn.o_proj,decode,1,QwenManualHybridLinear,0.10473600029945374
1551,5,model.layers.29.mlp.gate_proj,mlp.gate_proj,decode,1,QwenManualHybridLinear,0.2537919878959656
1552,5,model.layers.29.mlp.up_proj,mlp.up_proj,decode,1,QwenManualHybridLinear,0.24371199309825897
1553,5,model.layers.29.mlp.down_proj,mlp.down_proj,decode,1,QwenManualHybridLinear,0.24911999702453613
1554,5,model.layers.30.self_attn.q_proj,self_attn.q_proj,decode,1,QwenManualHybridLinear,0.25519999861717224
1555,5,model.layers.30.self_attn.k_proj,self_attn.k_proj,decode,1,QwenManualHybridLinear,0.24889600276947021
1556,5,model.layers.30.self_attn.v_proj,self_attn.v_proj,decode,1,QwenManualHybridLinear,0.24352000653743744
1557,5,model.layers.30.self_attn.o_proj,self_attn.o_proj,decode,1,QwenManualHybridLinear,0.11033599823713303
1558,5,model.layers.30.mlp.gate_proj,mlp.gate_proj,decode,1,QwenManualHybridLinear,0.25862398743629456
1559,5,model.layers.30.mlp.up_proj,mlp.up_proj,decode,1,QwenManualHybridLinear,0.24380800127983093
1560,5,model.layers.30.mlp.down_proj,mlp.down_proj,decode,1,QwenManualHybridLinear,0.26495999097824097
1561,5,model.layers.31.self_attn.q_proj,self_attn.q_proj,decode,1,QwenManualHybridLinear,0.25433599948883057
1562,5,model.layers.31.self_attn.k_proj,self_attn.k_proj,decode,1,QwenManualHybridLinear,0.2489600032567978
1563,5,model.layers.31.self_attn.v_proj,self_attn.v_proj,decode,1,QwenManualHybridLinear,0.24137599766254425
1564,5,model.layers.31.self_attn.o_proj,self_attn.o_proj,decode,1,QwenManualHybridLinear,0.1045759990811348
1565,5,model.layers.31.mlp.gate_proj,mlp.gate_proj,decode,1,QwenManualHybridLinear,0.2635520100593567
1566,5,model.layers.31.mlp.up_proj,mlp.up_proj,decode,1,QwenManualHybridLinear,0.259552001953125
1567,5,model.layers.31.mlp.down_proj,mlp.down_proj,decode,1,QwenManualHybridLinear,0.24876800179481506
1568,6,model.layers.0.self_attn.q_proj,self_attn.q_proj,decode,1,QwenManualHybridLinear,0.38304001092910767
1569,6,model.layers.0.self_attn.k_proj,self_attn.k_proj,decode,1,QwenManualHybridLinear,0.27689599990844727
1570,6,model.layers.0.self_attn.v_proj,self_attn.v_proj,decode,1,QwenManualHybridLinear,0.2653760015964508
1571,6,model.layers.0.self_attn.o_proj,self_attn.o_proj,decode,1,QwenManualHybridLinear,0.10316800326108932
1572,6,model.layers.0.mlp.gate_proj,mlp.gate_proj,decode,1,QwenManualHybridLinear,0.2850880026817322
1573,6,model.layers.0.mlp.up_proj,mlp.up_proj,decode,1,QwenManualHybridLinear,0.258976012468338
1574,6,model.layers.0.mlp.down_proj,mlp.down_proj,decode,1,QwenManualHybridLinear,0.26015999913215637
1575,6,model.layers.1.self_attn.q_proj,self_attn.q_proj,decode,1,QwenManualHybridLinear,0.26102399826049805
1576,6,model.layers.1.self_attn.k_proj,self_attn.k_proj,decode,1,QwenManualHybridLinear,0.25174400210380554
1577,6,model.layers.1.self_attn.v_proj,self_attn.v_proj,decode,1,QwenManualHybridLinear,0.2537919878959656
1578,6,model.layers.1.self_attn.o_proj,self_attn.o_proj,decode,1,QwenManualHybridLinear,0.09910400211811066
1579,6,model.layers.1.mlp.gate_proj,mlp.gate_proj,decode,1,QwenManualHybridLinear,0.2609280049800873
1580,6,model.layers.1.mlp.up_proj,mlp.up_proj,decode,1,QwenManualHybridLinear,0.246848002076149
1581,6,model.layers.1.mlp.down_proj,mlp.down_proj,decode,1,QwenManualHybridLinear,0.24799999594688416
1582,6,model.layers.2.self_attn.q_proj,self_attn.q_proj,decode,1,QwenManualHybridLinear,0.2917439937591553
1583,6,model.layers.2.self_attn.k_proj,self_attn.k_proj,decode,1,QwenManualHybridLinear,0.2513920068740845
1584,6,model.layers.2.self_attn.v_proj,self_attn.v_proj,decode,1,QwenManualHybridLinear,0.24249599874019623
1585,6,model.layers.2.self_attn.o_proj,self_attn.o_proj,decode,1,QwenManualHybridLinear,0.10358399897813797
1586,6,model.layers.2.mlp.gate_proj,mlp.gate_proj,decode,1,QwenManualHybridLinear,0.2593280076980591
1587,6,model.layers.2.mlp.up_proj,mlp.up_proj,decode,1,QwenManualHybridLinear,0.24729600548744202
1588,6,model.layers.2.mlp.down_proj,mlp.down_proj,decode,1,QwenManualHybridLinear,0.24463999271392822
1589,6,model.layers.3.self_attn.q_proj,self_attn.q_proj,decode,1,QwenManualHybridLinear,0.2618879973888397
1590,6,model.layers.3.self_attn.k_proj,self_attn.k_proj,decode,1,QwenManualHybridLinear,0.25062400102615356
1591,6,model.layers.3.self_attn.v_proj,self_attn.v_proj,decode,1,QwenManualHybridLinear,0.24595199525356293
1592,6,model.layers.3.self_attn.o_proj,self_attn.o_proj,decode,1,QwenManualHybridLinear,0.10316800326108932
1593,6,model.layers.3.mlp.gate_proj,mlp.gate_proj,decode,1,QwenManualHybridLinear,0.2606079876422882
1594,6,model.layers.3.mlp.up_proj,mlp.up_proj,decode,1,QwenManualHybridLinear,0.25971201062202454
1595,6,model.layers.3.mlp.down_proj,mlp.down_proj,decode,1,QwenManualHybridLinear,0.24249599874019623
1596,6,model.layers.4.self_attn.q_proj,self_attn.q_proj,decode,1,QwenManualHybridLinear,0.2585600018501282
1597,6,model.layers.4.self_attn.k_proj,self_attn.k_proj,decode,1,QwenManualHybridLinear,0.2526719868183136
1598,6,model.layers.4.self_attn.v_proj,self_attn.v_proj,decode,1,QwenManualHybridLinear,0.2473600059747696
1599,6,model.layers.4.self_attn.o_proj,self_attn.o_proj,decode,1,QwenManualHybridLinear,0.11481600254774094
1600,6,model.layers.4.mlp.gate_proj,mlp.gate_proj,decode,1,QwenManualHybridLinear,0.2611840069293976
1601,6,model.layers.4.mlp.up_proj,mlp.up_proj,decode,1,QwenManualHybridLinear,0.24403199553489685
1602,6,model.layers.4.mlp.down_proj,mlp.down_proj,decode,1,QwenManualHybridLinear,0.2544960081577301
1603,6,model.layers.5.self_attn.q_proj,self_attn.q_proj,decode,1,QwenManualHybridLinear,0.26287999749183655
1604,6,model.layers.5.self_attn.k_proj,self_attn.k_proj,decode,1,QwenManualHybridLinear,0.2500799894332886
1605,6,model.layers.5.self_attn.v_proj,self_attn.v_proj,decode,1,QwenManualHybridLinear,0.24489599466323853
1606,6,model.layers.5.self_attn.o_proj,self_attn.o_proj,decode,1,QwenManualHybridLinear,0.09935999661684036
1607,6,model.layers.5.mlp.gate_proj,mlp.gate_proj,decode,1,QwenManualHybridLinear,0.26655998826026917
1608,6,model.layers.5.mlp.up_proj,mlp.up_proj,decode,1,QwenManualHybridLinear,0.24553599953651428
1609,6,model.layers.5.mlp.down_proj,mlp.down_proj,decode,1,QwenManualHybridLinear,0.24428799748420715
1610,6,model.layers.6.self_attn.q_proj,self_attn.q_proj,decode,1,QwenManualHybridLinear,0.26175999641418457
1611,6,model.layers.6.self_attn.k_proj,self_attn.k_proj,decode,1,QwenManualHybridLinear,0.24595199525356293
1612,6,model.layers.6.self_attn.v_proj,self_attn.v_proj,decode,1,QwenManualHybridLinear,0.27910399436950684
1613,6,model.layers.6.self_attn.o_proj,self_attn.o_proj,decode,1,QwenManualHybridLinear,0.10220800340175629
1614,6,model.layers.6.mlp.gate_proj,mlp.gate_proj,decode,1,QwenManualHybridLinear,0.2643199861049652
1615,6,model.layers.6.mlp.up_proj,mlp.up_proj,decode,1,QwenManualHybridLinear,0.2478400021791458
1616,6,model.layers.6.mlp.down_proj,mlp.down_proj,decode,1,QwenManualHybridLinear,0.24553599953651428
1617,6,model.layers.7.self_attn.q_proj,self_attn.q_proj,decode,1,QwenManualHybridLinear,0.2528960108757019
1618,6,model.layers.7.self_attn.k_proj,self_attn.k_proj,decode,1,QwenManualHybridLinear,0.2502720057964325
1619,6,model.layers.7.self_attn.v_proj,self_attn.v_proj,decode,1,QwenManualHybridLinear,0.24063999950885773
1620,6,model.layers.7.self_attn.o_proj,self_attn.o_proj,decode,1,QwenManualHybridLinear,0.10950399935245514
1621,6,model.layers.7.mlp.gate_proj,mlp.gate_proj,decode,1,QwenManualHybridLinear,0.2707200050354004
1622,6,model.layers.7.mlp.up_proj,mlp.up_proj,decode,1,QwenManualHybridLinear,0.25231999158859253
1623,6,model.layers.7.mlp.down_proj,mlp.down_proj,decode,1,QwenManualHybridLinear,0.2465600073337555
1624,6,model.layers.8.self_attn.q_proj,self_attn.q_proj,decode,1,QwenManualHybridLinear,0.26499199867248535
1625,6,model.layers.8.self_attn.k_proj,self_attn.k_proj,decode,1,QwenManualHybridLinear,0.2503040134906769
1626,6,model.layers.8.self_attn.v_proj,self_attn.v_proj,decode,1,QwenManualHybridLinear,0.24383999407291412
1627,6,model.layers.8.self_attn.o_proj,self_attn.o_proj,decode,1,QwenManualHybridLinear,0.1061440035700798
1628,6,model.layers.8.mlp.gate_proj,mlp.gate_proj,decode,1,QwenManualHybridLinear,0.289792001247406
1629,6,model.layers.8.mlp.up_proj,mlp.up_proj,decode,1,QwenManualHybridLinear,0.25174400210380554
1630,6,model.layers.8.mlp.down_proj,mlp.down_proj,decode,1,QwenManualHybridLinear,0.24764800071716309
1631,6,model.layers.9.self_attn.q_proj,self_attn.q_proj,decode,1,QwenManualHybridLinear,0.2606399953365326
1632,6,model.layers.9.self_attn.k_proj,self_attn.k_proj,decode,1,QwenManualHybridLinear,0.2537600100040436
1633,6,model.layers.9.self_attn.v_proj,self_attn.v_proj,decode,1,QwenManualHybridLinear,0.24108800292015076
1634,6,model.layers.9.self_attn.o_proj,self_attn.o_proj,decode,1,QwenManualHybridLinear,0.1093439981341362
1635,6,model.layers.9.mlp.gate_proj,mlp.gate_proj,decode,1,QwenManualHybridLinear,0.25382399559020996
1636,6,model.layers.9.mlp.up_proj,mlp.up_proj,decode,1,QwenManualHybridLinear,0.25036799907684326
1637,6,model.layers.9.mlp.down_proj,mlp.down_proj,decode,1,QwenManualHybridLinear,0.24560000002384186
1638,6,model.layers.10.self_attn.q_proj,self_attn.q_proj,decode,1,QwenManualHybridLinear,0.2699199914932251
1639,6,model.layers.10.self_attn.k_proj,self_attn.k_proj,decode,1,QwenManualHybridLinear,0.2521600127220154
1640,6,model.layers.10.self_attn.v_proj,self_attn.v_proj,decode,1,QwenManualHybridLinear,0.24460799992084503
1641,6,model.layers.10.self_attn.o_proj,self_attn.o_proj,decode,1,QwenManualHybridLinear,0.10230399668216705
1642,6,model.layers.10.mlp.gate_proj,mlp.gate_proj,decode,1,QwenManualHybridLinear,0.259552001953125
1643,6,model.layers.10.mlp.up_proj,mlp.up_proj,decode,1,QwenManualHybridLinear,0.26153600215911865
1644,6,model.layers.10.mlp.down_proj,mlp.down_proj,decode,1,QwenManualHybridLinear,0.3649919927120209
1645,6,model.layers.11.self_attn.q_proj,self_attn.q_proj,decode,1,QwenManualHybridLinear,0.3235520124435425
1646,6,model.layers.11.self_attn.k_proj,self_attn.k_proj,decode,1,QwenManualHybridLinear,0.26128000020980835
1647,6,model.layers.11.self_attn.v_proj,self_attn.v_proj,decode,1,QwenManualHybridLinear,0.2528960108757019
1648,6,model.layers.11.self_attn.o_proj,self_attn.o_proj,decode,1,QwenManualHybridLinear,0.10582400113344193
1649,6,model.layers.11.mlp.gate_proj,mlp.gate_proj,decode,1,QwenManualHybridLinear,0.28438401222229004
1650,6,model.layers.11.mlp.up_proj,mlp.up_proj,decode,1,QwenManualHybridLinear,0.2508479952812195
1651,6,model.layers.11.mlp.down_proj,mlp.down_proj,decode,1,QwenManualHybridLinear,0.24953599274158478
1652,6,model.layers.12.self_attn.q_proj,self_attn.q_proj,decode,1,QwenManualHybridLinear,0.2561280131340027
1653,6,model.layers.12.self_attn.k_proj,self_attn.k_proj,decode,1,QwenManualHybridLinear,0.25071999430656433
1654,6,model.layers.12.self_attn.v_proj,self_attn.v_proj,decode,1,QwenManualHybridLinear,0.24316799640655518
1655,6,model.layers.12.self_attn.o_proj,self_attn.o_proj,decode,1,QwenManualHybridLinear,0.1050880029797554
1656,6,model.layers.12.mlp.gate_proj,mlp.gate_proj,decode,1,QwenManualHybridLinear,0.27584001421928406
1657,6,model.layers.12.mlp.up_proj,mlp.up_proj,decode,1,QwenManualHybridLinear,0.2507840096950531
1658,6,model.layers.12.mlp.down_proj,mlp.down_proj,decode,1,QwenManualHybridLinear,0.24675199389457703
1659,6,model.layers.13.self_attn.q_proj,self_attn.q_proj,decode,1,QwenManualHybridLinear,0.2744640111923218
1660,6,model.layers.13.self_attn.k_proj,self_attn.k_proj,decode,1,QwenManualHybridLinear,0.2533760070800781
1661,6,model.layers.13.self_attn.v_proj,self_attn.v_proj,decode,1,QwenManualHybridLinear,0.24588799476623535
1662,6,model.layers.13.self_attn.o_proj,self_attn.o_proj,decode,1,QwenManualHybridLinear,0.10470400005578995
1663,6,model.layers.13.mlp.gate_proj,mlp.gate_proj,decode,1,QwenManualHybridLinear,0.26441600918769836
1664,6,model.layers.13.mlp.up_proj,mlp.up_proj,decode,1,QwenManualHybridLinear,0.24937599897384644
1665,6,model.layers.13.mlp.down_proj,mlp.down_proj,decode,1,QwenManualHybridLinear,0.24844799935817719
1666,6,model.layers.14.self_attn.q_proj,self_attn.q_proj,decode,1,QwenManualHybridLinear,0.26681599020957947
1667,6,model.layers.14.self_attn.k_proj,self_attn.k_proj,decode,1,QwenManualHybridLinear,0.2528960108757019
1668,6,model.layers.14.self_attn.v_proj,self_attn.v_proj,decode,1,QwenManualHybridLinear,0.24329599738121033
1669,6,model.layers.14.self_attn.o_proj,self_attn.o_proj,decode,1,QwenManualHybridLinear,0.10719999670982361
1670,6,model.layers.14.mlp.gate_proj,mlp.gate_proj,decode,1,QwenManualHybridLinear,0.2603519856929779
1671,6,model.layers.14.mlp.up_proj,mlp.up_proj,decode,1,QwenManualHybridLinear,0.25148800015449524
1672,6,model.layers.14.mlp.down_proj,mlp.down_proj,decode,1,QwenManualHybridLinear,0.2481279969215393
1673,6,model.layers.15.self_attn.q_proj,self_attn.q_proj,decode,1,QwenManualHybridLinear,0.2590720057487488
1674,6,model.layers.15.self_attn.k_proj,self_attn.k_proj,decode,1,QwenManualHybridLinear,0.2451840043067932
1675,6,model.layers.15.self_attn.v_proj,self_attn.v_proj,decode,1,QwenManualHybridLinear,0.24454399943351746
1676,6,model.layers.15.self_attn.o_proj,self_attn.o_proj,decode,1,QwenManualHybridLinear,0.11430399864912033
1677,6,model.layers.15.mlp.gate_proj,mlp.gate_proj,decode,1,QwenManualHybridLinear,0.2740800082683563
1678,6,model.layers.15.mlp.up_proj,mlp.up_proj,decode,1,QwenManualHybridLinear,0.2523840069770813
1679,6,model.layers.15.mlp.down_proj,mlp.down_proj,decode,1,QwenManualHybridLinear,0.28227201104164124
1680,6,model.layers.16.self_attn.q_proj,self_attn.q_proj,decode,1,QwenManualHybridLinear,0.26015999913215637
1681,6,model.layers.16.self_attn.k_proj,self_attn.k_proj,decode,1,QwenManualHybridLinear,0.2524479925632477
1682,6,model.layers.16.self_attn.v_proj,self_attn.v_proj,decode,1,QwenManualHybridLinear,0.2436159998178482
1683,6,model.layers.16.self_attn.o_proj,self_attn.o_proj,decode,1,QwenManualHybridLinear,0.10732799768447876
1684,6,model.layers.16.mlp.gate_proj,mlp.gate_proj,decode,1,QwenManualHybridLinear,0.2617279887199402
1685,6,model.layers.16.mlp.up_proj,mlp.up_proj,decode,1,QwenManualHybridLinear,0.24969600141048431
1686,6,model.layers.16.mlp.down_proj,mlp.down_proj,decode,1,QwenManualHybridLinear,0.24329599738121033
1687,6,model.layers.17.self_attn.q_proj,self_attn.q_proj,decode,1,QwenManualHybridLinear,0.2526719868183136
1688,6,model.layers.17.self_attn.k_proj,self_attn.k_proj,decode,1,QwenManualHybridLinear,0.255840003490448
1689,6,model.layers.17.self_attn.v_proj,self_attn.v_proj,decode,1,QwenManualHybridLinear,0.2592320144176483
1690,6,model.layers.17.self_attn.o_proj,self_attn.o_proj,decode,1,QwenManualHybridLinear,0.10902400314807892
1691,6,model.layers.17.mlp.gate_proj,mlp.gate_proj,decode,1,QwenManualHybridLinear,0.2563199996948242
1692,6,model.layers.17.mlp.up_proj,mlp.up_proj,decode,1,QwenManualHybridLinear,0.2512640058994293
1693,6,model.layers.17.mlp.down_proj,mlp.down_proj,decode,1,QwenManualHybridLinear,0.24748800694942474
1694,6,model.layers.18.self_attn.q_proj,self_attn.q_proj,decode,1,QwenManualHybridLinear,0.25679999589920044
1695,6,model.layers.18.self_attn.k_proj,self_attn.k_proj,decode,1,QwenManualHybridLinear,0.2535359859466553
1696,6,model.layers.18.self_attn.v_proj,self_attn.v_proj,decode,1,QwenManualHybridLinear,0.24428799748420715
1697,6,model.layers.18.self_attn.o_proj,self_attn.o_proj,decode,1,QwenManualHybridLinear,0.1122559979557991
1698,6,model.layers.18.mlp.gate_proj,mlp.gate_proj,decode,1,QwenManualHybridLinear,0.27695998549461365
1699,6,model.layers.18.mlp.up_proj,mlp.up_proj,decode,1,QwenManualHybridLinear,0.2465600073337555
1700,6,model.layers.18.mlp.down_proj,mlp.down_proj,decode,1,QwenManualHybridLinear,0.2447039932012558
1701,6,model.layers.19.self_attn.q_proj,self_attn.q_proj,decode,1,QwenManualHybridLinear,0.26528000831604004
1702,6,model.layers.19.self_attn.k_proj,self_attn.k_proj,decode,1,QwenManualHybridLinear,0.24729600548744202
1703,6,model.layers.19.self_attn.v_proj,self_attn.v_proj,decode,1,QwenManualHybridLinear,0.24076800048351288
1704,6,model.layers.19.self_attn.o_proj,self_attn.o_proj,decode,1,QwenManualHybridLinear,0.11443199962377548
1705,6,model.layers.19.mlp.gate_proj,mlp.gate_proj,decode,1,QwenManualHybridLinear,0.27638399600982666
1706,6,model.layers.19.mlp.up_proj,mlp.up_proj,decode,1,QwenManualHybridLinear,0.2507520020008087
1707,6,model.layers.19.mlp.down_proj,mlp.down_proj,decode,1,QwenManualHybridLinear,0.2460480034351349
1708,6,model.layers.20.self_attn.q_proj,self_attn.q_proj,decode,1,QwenManualHybridLinear,0.2845439910888672
1709,6,model.layers.20.self_attn.k_proj,self_attn.k_proj,decode,1,QwenManualHybridLinear,0.2513920068740845
1710,6,model.layers.20.self_attn.v_proj,self_attn.v_proj,decode,1,QwenManualHybridLinear,0.24771200120449066
1711,6,model.layers.20.self_attn.o_proj,self_attn.o_proj,decode,1,QwenManualHybridLinear,0.10576000064611435
1712,6,model.layers.20.mlp.gate_proj,mlp.gate_proj,decode,1,QwenManualHybridLinear,0.26230400800704956
1713,6,model.layers.20.mlp.up_proj,mlp.up_proj,decode,1,QwenManualHybridLinear,0.260127991437912
1714,6,model.layers.20.mlp.down_proj,mlp.down_proj,decode,1,QwenManualHybridLinear,0.2439039945602417
1715,6,model.layers.21.self_attn.q_proj,self_attn.q_proj,decode,1,QwenManualHybridLinear,0.26416000723838806
1716,6,model.layers.21.self_attn.k_proj,self_attn.k_proj,decode,1,QwenManualHybridLinear,0.25174400210380554
1717,6,model.layers.21.self_attn.v_proj,self_attn.v_proj,decode,1,QwenManualHybridLinear,0.24585600197315216
1718,6,model.layers.21.self_attn.o_proj,self_attn.o_proj,decode,1,QwenManualHybridLinear,0.10751999914646149
1719,6,model.layers.21.mlp.gate_proj,mlp.gate_proj,decode,1,QwenManualHybridLinear,0.26153600215911865
1720,6,model.layers.21.mlp.up_proj,mlp.up_proj,decode,1,QwenManualHybridLinear,0.2537600100040436
1721,6,model.layers.21.mlp.down_proj,mlp.down_proj,decode,1,QwenManualHybridLinear,0.251008003950119
1722,6,model.layers.22.self_attn.q_proj,self_attn.q_proj,decode,1,QwenManualHybridLinear,0.26368001103401184
1723,6,model.layers.22.self_attn.k_proj,self_attn.k_proj,decode,1,QwenManualHybridLinear,0.24796800315380096
1724,6,model.layers.22.self_attn.v_proj,self_attn.v_proj,decode,1,QwenManualHybridLinear,0.24534399807453156
1725,6,model.layers.22.self_attn.o_proj,self_attn.o_proj,decode,1,QwenManualHybridLinear,0.114656001329422
1726,6,model.layers.22.mlp.gate_proj,mlp.gate_proj,decode,1,QwenManualHybridLinear,0.27401599287986755
1727,6,model.layers.22.mlp.up_proj,mlp.up_proj,decode,1,QwenManualHybridLinear,0.26787200570106506
1728,6,model.layers.22.mlp.down_proj,mlp.down_proj,decode,1,QwenManualHybridLinear,0.24937599897384644
1729,6,model.layers.23.self_attn.q_proj,self_attn.q_proj,decode,1,QwenManualHybridLinear,0.2560960054397583
1730,6,model.layers.23.self_attn.k_proj,self_attn.k_proj,decode,1,QwenManualHybridLinear,0.2537600100040436
1731,6,model.layers.23.self_attn.v_proj,self_attn.v_proj,decode,1,QwenManualHybridLinear,0.24271999299526215
1732,6,model.layers.23.self_attn.o_proj,self_attn.o_proj,decode,1,QwenManualHybridLinear,0.0958079993724823
1733,6,model.layers.23.mlp.gate_proj,mlp.gate_proj,decode,1,QwenManualHybridLinear,0.26416000723838806
1734,6,model.layers.23.mlp.up_proj,mlp.up_proj,decode,1,QwenManualHybridLinear,0.2476159930229187
1735,6,model.layers.23.mlp.down_proj,mlp.down_proj,decode,1,QwenManualHybridLinear,0.2517760097980499
1736,6,model.layers.24.self_attn.q_proj,self_attn.q_proj,decode,1,QwenManualHybridLinear,0.2788800001144409
1737,6,model.layers.24.self_attn.k_proj,self_attn.k_proj,decode,1,QwenManualHybridLinear,0.2549760043621063
1738,6,model.layers.24.self_attn.v_proj,self_attn.v_proj,decode,1,QwenManualHybridLinear,0.24691200256347656
1739,6,model.layers.24.self_attn.o_proj,self_attn.o_proj,decode,1,QwenManualHybridLinear,0.10835199803113937
1740,6,model.layers.24.mlp.gate_proj,mlp.gate_proj,decode,1,QwenManualHybridLinear,0.25705599784851074
1741,6,model.layers.24.mlp.up_proj,mlp.up_proj,decode,1,QwenManualHybridLinear,0.24489599466323853
1742,6,model.layers.24.mlp.down_proj,mlp.down_proj,decode,1,QwenManualHybridLinear,0.25014400482177734
1743,6,model.layers.25.self_attn.q_proj,self_attn.q_proj,decode,1,QwenManualHybridLinear,0.25859200954437256
1744,6,model.layers.25.self_attn.k_proj,self_attn.k_proj,decode,1,QwenManualHybridLinear,0.24639999866485596
1745,6,model.layers.25.self_attn.v_proj,self_attn.v_proj,decode,1,QwenManualHybridLinear,0.24588799476623535
1746,6,model.layers.25.self_attn.o_proj,self_attn.o_proj,decode,1,QwenManualHybridLinear,0.1000640019774437
1747,6,model.layers.25.mlp.gate_proj,mlp.gate_proj,decode,1,QwenManualHybridLinear,0.2674880027770996
1748,6,model.layers.25.mlp.up_proj,mlp.up_proj,decode,1,QwenManualHybridLinear,0.24902400374412537
1749,6,model.layers.25.mlp.down_proj,mlp.down_proj,decode,1,QwenManualHybridLinear,0.24182400107383728
1750,6,model.layers.26.self_attn.q_proj,self_attn.q_proj,decode,1,QwenManualHybridLinear,0.2556479871273041
1751,6,model.layers.26.self_attn.k_proj,self_attn.k_proj,decode,1,QwenManualHybridLinear,0.24502399563789368
1752,6,model.layers.26.self_attn.v_proj,self_attn.v_proj,decode,1,QwenManualHybridLinear,0.24191999435424805
1753,6,model.layers.26.self_attn.o_proj,self_attn.o_proj,decode,1,QwenManualHybridLinear,0.10393600165843964
1754,6,model.layers.26.mlp.gate_proj,mlp.gate_proj,decode,1,QwenManualHybridLinear,0.2645759880542755
1755,6,model.layers.26.mlp.up_proj,mlp.up_proj,decode,1,QwenManualHybridLinear,0.24560000002384186
1756,6,model.layers.26.mlp.down_proj,mlp.down_proj,decode,1,QwenManualHybridLinear,0.24931199848651886
1757,6,model.layers.27.self_attn.q_proj,self_attn.q_proj,decode,1,QwenManualHybridLinear,0.27638399600982666
1758,6,model.layers.27.self_attn.k_proj,self_attn.k_proj,decode,1,QwenManualHybridLinear,0.24924799799919128
1759,6,model.layers.27.self_attn.v_proj,self_attn.v_proj,decode,1,QwenManualHybridLinear,0.24294400215148926
1760,6,model.layers.27.self_attn.o_proj,self_attn.o_proj,decode,1,QwenManualHybridLinear,0.1050880029797554
1761,6,model.layers.27.mlp.gate_proj,mlp.gate_proj,decode,1,QwenManualHybridLinear,0.2566719949245453
1762,6,model.layers.27.mlp.up_proj,mlp.up_proj,decode,1,QwenManualHybridLinear,0.24774399399757385
1763,6,model.layers.27.mlp.down_proj,mlp.down_proj,decode,1,QwenManualHybridLinear,0.240447998046875
1764,6,model.layers.28.self_attn.q_proj,self_attn.q_proj,decode,1,QwenManualHybridLinear,0.2576639950275421
1765,6,model.layers.28.self_attn.k_proj,self_attn.k_proj,decode,1,QwenManualHybridLinear,0.25254398584365845
1766,6,model.layers.28.self_attn.v_proj,self_attn.v_proj,decode,1,QwenManualHybridLinear,0.2470400035381317
1767,6,model.layers.28.self_attn.o_proj,self_attn.o_proj,decode,1,QwenManualHybridLinear,0.1082879975438118
1768,6,model.layers.28.mlp.gate_proj,mlp.gate_proj,decode,1,QwenManualHybridLinear,0.2640640139579773
1769,6,model.layers.28.mlp.up_proj,mlp.up_proj,decode,1,QwenManualHybridLinear,0.24745599925518036
1770,6,model.layers.28.mlp.down_proj,mlp.down_proj,decode,1,QwenManualHybridLinear,0.24249599874019623
1771,6,model.layers.29.self_attn.q_proj,self_attn.q_proj,decode,1,QwenManualHybridLinear,0.2573759853839874
1772,6,model.layers.29.self_attn.k_proj,self_attn.k_proj,decode,1,QwenManualHybridLinear,0.24243199825286865
1773,6,model.layers.29.self_attn.v_proj,self_attn.v_proj,decode,1,QwenManualHybridLinear,0.2409919947385788
1774,6,model.layers.29.self_attn.o_proj,self_attn.o_proj,decode,1,QwenManualHybridLinear,0.10070399940013885
1775,6,model.layers.29.mlp.gate_proj,mlp.gate_proj,decode,1,QwenManualHybridLinear,0.2671999931335449
1776,6,model.layers.29.mlp.up_proj,mlp.up_proj,decode,1,QwenManualHybridLinear,0.24694399535655975
1777,6,model.layers.29.mlp.down_proj,mlp.down_proj,decode,1,QwenManualHybridLinear,0.26076799631118774
1778,6,model.layers.30.self_attn.q_proj,self_attn.q_proj,decode,1,QwenManualHybridLinear,0.2592639923095703
1779,6,model.layers.30.self_attn.k_proj,self_attn.k_proj,decode,1,QwenManualHybridLinear,0.24668799340724945
1780,6,model.layers.30.self_attn.v_proj,self_attn.v_proj,decode,1,QwenManualHybridLinear,0.24111999571323395
1781,6,model.layers.30.self_attn.o_proj,self_attn.o_proj,decode,1,QwenManualHybridLinear,0.10700800269842148
1782,6,model.layers.30.mlp.gate_proj,mlp.gate_proj,decode,1,QwenManualHybridLinear,0.2548159956932068
1783,6,model.layers.30.mlp.up_proj,mlp.up_proj,decode,1,QwenManualHybridLinear,0.2443840056657791
1784,6,model.layers.30.mlp.down_proj,mlp.down_proj,decode,1,QwenManualHybridLinear,0.2433599978685379
1785,6,model.layers.31.self_attn.q_proj,self_attn.q_proj,decode,1,QwenManualHybridLinear,0.2699199914932251
1786,6,model.layers.31.self_attn.k_proj,self_attn.k_proj,decode,1,QwenManualHybridLinear,0.2505280077457428
1787,6,model.layers.31.self_attn.v_proj,self_attn.v_proj,decode,1,QwenManualHybridLinear,0.26230400800704956
1788,6,model.layers.31.self_attn.o_proj,self_attn.o_proj,decode,1,QwenManualHybridLinear,0.10179200023412704
1789,6,model.layers.31.mlp.gate_proj,mlp.gate_proj,decode,1,QwenManualHybridLinear,0.27008000016212463
1790,6,model.layers.31.mlp.up_proj,mlp.up_proj,decode,1,QwenManualHybridLinear,0.2495039999485016
1791,6,model.layers.31.mlp.down_proj,mlp.down_proj,decode,1,QwenManualHybridLinear,0.2555840015411377
1792,7,model.layers.0.self_attn.q_proj,self_attn.q_proj,decode,1,QwenManualHybridLinear,0.39952000975608826
1793,7,model.layers.0.self_attn.k_proj,self_attn.k_proj,decode,1,QwenManualHybridLinear,0.30031999945640564
1794,7,model.layers.0.self_attn.v_proj,self_attn.v_proj,decode,1,QwenManualHybridLinear,0.2577280104160309
1795,7,model.layers.0.self_attn.o_proj,self_attn.o_proj,decode,1,QwenManualHybridLinear,0.10463999956846237
1796,7,model.layers.0.mlp.gate_proj,mlp.gate_proj,decode,1,QwenManualHybridLinear,0.2642880082130432
1797,7,model.layers.0.mlp.up_proj,mlp.up_proj,decode,1,QwenManualHybridLinear,0.24764800071716309
1798,7,model.layers.0.mlp.down_proj,mlp.down_proj,decode,1,QwenManualHybridLinear,0.24691200256347656
1799,7,model.layers.1.self_attn.q_proj,self_attn.q_proj,decode,1,QwenManualHybridLinear,0.25619199872016907
1800,7,model.layers.1.self_attn.k_proj,self_attn.k_proj,decode,1,QwenManualHybridLinear,0.24879999458789825
1801,7,model.layers.1.self_attn.v_proj,self_attn.v_proj,decode,1,QwenManualHybridLinear,0.2552320063114166
1802,7,model.layers.1.self_attn.o_proj,self_attn.o_proj,decode,1,QwenManualHybridLinear,0.12547199428081512
1803,7,model.layers.1.mlp.gate_proj,mlp.gate_proj,decode,1,QwenManualHybridLinear,0.26313599944114685
1804,7,model.layers.1.mlp.up_proj,mlp.up_proj,decode,1,QwenManualHybridLinear,0.2470719963312149
1805,7,model.layers.1.mlp.down_proj,mlp.down_proj,decode,1,QwenManualHybridLinear,0.255840003490448
1806,7,model.layers.2.self_attn.q_proj,self_attn.q_proj,decode,1,QwenManualHybridLinear,0.25724801421165466
1807,7,model.layers.2.self_attn.k_proj,self_attn.k_proj,decode,1,QwenManualHybridLinear,0.24742400646209717
1808,7,model.layers.2.self_attn.v_proj,self_attn.v_proj,decode,1,QwenManualHybridLinear,0.2401600033044815
1809,7,model.layers.2.self_attn.o_proj,self_attn.o_proj,decode,1,QwenManualHybridLinear,0.10447999835014343
1810,7,model.layers.2.mlp.gate_proj,mlp.gate_proj,decode,1,QwenManualHybridLinear,0.25622400641441345
1811,7,model.layers.2.mlp.up_proj,mlp.up_proj,decode,1,QwenManualHybridLinear,0.2428160011768341
1812,7,model.layers.2.mlp.down_proj,mlp.down_proj,decode,1,QwenManualHybridLinear,0.26214399933815
1813,7,model.layers.3.self_attn.q_proj,self_attn.q_proj,decode,1,QwenManualHybridLinear,0.2800000011920929
1814,7,model.layers.3.self_attn.k_proj,self_attn.k_proj,decode,1,QwenManualHybridLinear,0.25254398584365845
1815,7,model.layers.3.self_attn.v_proj,self_attn.v_proj,decode,1,QwenManualHybridLinear,0.246848002076149
1816,7,model.layers.3.self_attn.o_proj,self_attn.o_proj,decode,1,QwenManualHybridLinear,0.10684800148010254
1817,7,model.layers.3.mlp.gate_proj,mlp.gate_proj,decode,1,QwenManualHybridLinear,0.2622399926185608
1818,7,model.layers.3.mlp.up_proj,mlp.up_proj,decode,1,QwenManualHybridLinear,0.2473600059747696
1819,7,model.layers.3.mlp.down_proj,mlp.down_proj,decode,1,QwenManualHybridLinear,0.24342399835586548
1820,7,model.layers.4.self_attn.q_proj,self_attn.q_proj,decode,1,QwenManualHybridLinear,0.25894400477409363
1821,7,model.layers.4.self_attn.k_proj,self_attn.k_proj,decode,1,QwenManualHybridLinear,0.25248000025749207
1822,7,model.layers.4.self_attn.v_proj,self_attn.v_proj,decode,1,QwenManualHybridLinear,0.2616640031337738
1823,7,model.layers.4.self_attn.o_proj,self_attn.o_proj,decode,1,QwenManualHybridLinear,0.11276800185441971
1824,7,model.layers.4.mlp.gate_proj,mlp.gate_proj,decode,1,QwenManualHybridLinear,0.2586880028247833
1825,7,model.layers.4.mlp.up_proj,mlp.up_proj,decode,1,QwenManualHybridLinear,0.24851199984550476
1826,7,model.layers.4.mlp.down_proj,mlp.down_proj,decode,1,QwenManualHybridLinear,0.24899199604988098
1827,7,model.layers.5.self_attn.q_proj,self_attn.q_proj,decode,1,QwenManualHybridLinear,0.2572160065174103
1828,7,model.layers.5.self_attn.k_proj,self_attn.k_proj,decode,1,QwenManualHybridLinear,0.2463040053844452
1829,7,model.layers.5.self_attn.v_proj,self_attn.v_proj,decode,1,QwenManualHybridLinear,0.24089600145816803
1830,7,model.layers.5.self_attn.o_proj,self_attn.o_proj,decode,1,QwenManualHybridLinear,0.11180800199508667
1831,7,model.layers.5.mlp.gate_proj,mlp.gate_proj,decode,1,QwenManualHybridLinear,0.2900480031967163
1832,7,model.layers.5.mlp.up_proj,mlp.up_proj,decode,1,QwenManualHybridLinear,0.2574400007724762
1833,7,model.layers.5.mlp.down_proj,mlp.down_proj,decode,1,QwenManualHybridLinear,0.2479040026664734
1834,7,model.layers.6.self_attn.q_proj,self_attn.q_proj,decode,1,QwenManualHybridLinear,0.26499199867248535
1835,7,model.layers.6.self_attn.k_proj,self_attn.k_proj,decode,1,QwenManualHybridLinear,0.2483839988708496
1836,7,model.layers.6.self_attn.v_proj,self_attn.v_proj,decode,1,QwenManualHybridLinear,0.24214400351047516
1837,7,model.layers.6.self_attn.o_proj,self_attn.o_proj,decode,1,QwenManualHybridLinear,0.11680000275373459
1838,7,model.layers.6.mlp.gate_proj,mlp.gate_proj,decode,1,QwenManualHybridLinear,0.2685120105743408
1839,7,model.layers.6.mlp.up_proj,mlp.up_proj,decode,1,QwenManualHybridLinear,0.24675199389457703
1840,7,model.layers.6.mlp.down_proj,mlp.down_proj,decode,1,QwenManualHybridLinear,0.24544000625610352
1841,7,model.layers.7.self_attn.q_proj,self_attn.q_proj,decode,1,QwenManualHybridLinear,0.2635200023651123
1842,7,model.layers.7.self_attn.k_proj,self_attn.k_proj,decode,1,QwenManualHybridLinear,0.25308799743652344
1843,7,model.layers.7.self_attn.v_proj,self_attn.v_proj,decode,1,QwenManualHybridLinear,0.24726399779319763
1844,7,model.layers.7.self_attn.o_proj,self_attn.o_proj,decode,1,QwenManualHybridLinear,0.10067199915647507
1845,7,model.layers.7.mlp.gate_proj,mlp.gate_proj,decode,1,QwenManualHybridLinear,0.2547520101070404
1846,7,model.layers.7.mlp.up_proj,mlp.up_proj,decode,1,QwenManualHybridLinear,0.2446720004081726
1847,7,model.layers.7.mlp.down_proj,mlp.down_proj,decode,1,QwenManualHybridLinear,0.2571839988231659
1848,7,model.layers.8.self_attn.q_proj,self_attn.q_proj,decode,1,QwenManualHybridLinear,0.25884801149368286
1849,7,model.layers.8.self_attn.k_proj,self_attn.k_proj,decode,1,QwenManualHybridLinear,0.24675199389457703
1850,7,model.layers.8.self_attn.v_proj,self_attn.v_proj,decode,1,QwenManualHybridLinear,0.2444480061531067
1851,7,model.layers.8.self_attn.o_proj,self_attn.o_proj,decode,1,QwenManualHybridLinear,0.11555200070142746
1852,7,model.layers.8.mlp.gate_proj,mlp.gate_proj,decode,1,QwenManualHybridLinear,0.2576960027217865
1853,7,model.layers.8.mlp.up_proj,mlp.up_proj,decode,1,QwenManualHybridLinear,0.24560000002384186
1854,7,model.layers.8.mlp.down_proj,mlp.down_proj,decode,1,QwenManualHybridLinear,1.0284160375595093
1855,7,model.layers.9.self_attn.q_proj,self_attn.q_proj,decode,1,QwenManualHybridLinear,0.39667201042175293
1856,7,model.layers.9.self_attn.k_proj,self_attn.k_proj,decode,1,QwenManualHybridLinear,0.270112007856369
1857,7,model.layers.9.self_attn.v_proj,self_attn.v_proj,decode,1,QwenManualHybridLinear,0.25600001215934753
1858,7,model.layers.9.self_attn.o_proj,self_attn.o_proj,decode,1,QwenManualHybridLinear,0.11961600184440613
1859,7,model.layers.9.mlp.gate_proj,mlp.gate_proj,decode,1,QwenManualHybridLinear,0.2617279887199402
1860,7,model.layers.9.mlp.up_proj,mlp.up_proj,decode,1,QwenManualHybridLinear,0.24831999838352203
1861,7,model.layers.9.mlp.down_proj,mlp.down_proj,decode,1,QwenManualHybridLinear,0.2465279996395111
1862,7,model.layers.10.self_attn.q_proj,self_attn.q_proj,decode,1,QwenManualHybridLinear,0.27507200837135315
1863,7,model.layers.10.self_attn.k_proj,self_attn.k_proj,decode,1,QwenManualHybridLinear,0.25196799635887146
1864,7,model.layers.10.self_attn.v_proj,self_attn.v_proj,decode,1,QwenManualHybridLinear,0.24899199604988098
1865,7,model.layers.10.self_attn.o_proj,self_attn.o_proj,decode,1,QwenManualHybridLinear,0.10380800068378448
1866,7,model.layers.10.mlp.gate_proj,mlp.gate_proj,decode,1,QwenManualHybridLinear,0.26316800713539124
1867,7,model.layers.10.mlp.up_proj,mlp.up_proj,decode,1,QwenManualHybridLinear,0.2462719976902008
1868,7,model.layers.10.mlp.down_proj,mlp.down_proj,decode,1,QwenManualHybridLinear,0.26553601026535034
1869,7,model.layers.11.self_attn.q_proj,self_attn.q_proj,decode,1,QwenManualHybridLinear,0.254720002412796
1870,7,model.layers.11.self_attn.k_proj,self_attn.k_proj,decode,1,QwenManualHybridLinear,0.24716800451278687
1871,7,model.layers.11.self_attn.v_proj,self_attn.v_proj,decode,1,QwenManualHybridLinear,0.24905599653720856
1872,7,model.layers.11.self_attn.o_proj,self_attn.o_proj,decode,1,QwenManualHybridLinear,0.10543999820947647
1873,7,model.layers.11.mlp.gate_proj,mlp.gate_proj,decode,1,QwenManualHybridLinear,0.25900799036026
1874,7,model.layers.11.mlp.up_proj,mlp.up_proj,decode,1,QwenManualHybridLinear,0.24592000246047974
1875,7,model.layers.11.mlp.down_proj,mlp.down_proj,decode,1,QwenManualHybridLinear,0.24278399348258972
1876,7,model.layers.12.self_attn.q_proj,self_attn.q_proj,decode,1,QwenManualHybridLinear,0.26175999641418457
1877,7,model.layers.12.self_attn.k_proj,self_attn.k_proj,decode,1,QwenManualHybridLinear,0.24959999322891235
1878,7,model.layers.12.self_attn.v_proj,self_attn.v_proj,decode,1,QwenManualHybridLinear,0.25964799523353577
1879,7,model.layers.12.self_attn.o_proj,self_attn.o_proj,decode,1,QwenManualHybridLinear,0.10732799768447876
1880,7,model.layers.12.mlp.gate_proj,mlp.gate_proj,decode,1,QwenManualHybridLinear,0.26476800441741943
1881,7,model.layers.12.mlp.up_proj,mlp.up_proj,decode,1,QwenManualHybridLinear,0.25356799364089966
1882,7,model.layers.12.mlp.down_proj,mlp.down_proj,decode,1,QwenManualHybridLinear,0.25196799635887146
1883,7,model.layers.13.self_attn.q_proj,self_attn.q_proj,decode,1,QwenManualHybridLinear,0.25628799200057983
1884,7,model.layers.13.self_attn.k_proj,self_attn.k_proj,decode,1,QwenManualHybridLinear,0.24742400646209717
1885,7,model.layers.13.self_attn.v_proj,self_attn.v_proj,decode,1,QwenManualHybridLinear,0.24329599738121033
1886,7,model.layers.13.self_attn.o_proj,self_attn.o_proj,decode,1,QwenManualHybridLinear,0.10851199924945831
1887,7,model.layers.13.mlp.gate_proj,mlp.gate_proj,decode,1,QwenManualHybridLinear,0.2767679989337921
1888,7,model.layers.13.mlp.up_proj,mlp.up_proj,decode,1,QwenManualHybridLinear,0.2499839961528778
1889,7,model.layers.13.mlp.down_proj,mlp.down_proj,decode,1,QwenManualHybridLinear,0.2535040080547333
1890,7,model.layers.14.self_attn.q_proj,self_attn.q_proj,decode,1,QwenManualHybridLinear,0.26979199051856995
1891,7,model.layers.14.self_attn.k_proj,self_attn.k_proj,decode,1,QwenManualHybridLinear,0.25014400482177734
1892,7,model.layers.14.self_attn.v_proj,self_attn.v_proj,decode,1,QwenManualHybridLinear,0.2457599937915802
1893,7,model.layers.14.self_attn.o_proj,self_attn.o_proj,decode,1,QwenManualHybridLinear,0.11644800007343292
1894,7,model.layers.14.mlp.gate_proj,mlp.gate_proj,decode,1,QwenManualHybridLinear,0.2627840042114258
1895,7,model.layers.14.mlp.up_proj,mlp.up_proj,decode,1,QwenManualHybridLinear,0.26211199164390564
1896,7,model.layers.14.mlp.down_proj,mlp.down_proj,decode,1,QwenManualHybridLinear,0.2481600046157837
1897,7,model.layers.15.self_attn.q_proj,self_attn.q_proj,decode,1,QwenManualHybridLinear,0.27775999903678894
1898,7,model.layers.15.self_attn.k_proj,self_attn.k_proj,decode,1,QwenManualHybridLinear,0.24969600141048431
1899,7,model.layers.15.self_attn.v_proj,self_attn.v_proj,decode,1,QwenManualHybridLinear,0.24825599789619446
1900,7,model.layers.15.self_attn.o_proj,self_attn.o_proj,decode,1,QwenManualHybridLinear,0.09993600100278854
1901,7,model.layers.15.mlp.gate_proj,mlp.gate_proj,decode,1,QwenManualHybridLinear,0.2566399872303009
1902,7,model.layers.15.mlp.up_proj,mlp.up_proj,decode,1,QwenManualHybridLinear,0.24515199661254883
1903,7,model.layers.15.mlp.down_proj,mlp.down_proj,decode,1,QwenManualHybridLinear,0.24940800666809082
1904,7,model.layers.16.self_attn.q_proj,self_attn.q_proj,decode,1,QwenManualHybridLinear,0.2719680070877075
1905,7,model.layers.16.self_attn.k_proj,self_attn.k_proj,decode,1,QwenManualHybridLinear,0.25443199276924133
1906,7,model.layers.16.self_attn.v_proj,self_attn.v_proj,decode,1,QwenManualHybridLinear,0.24473600089550018
1907,7,model.layers.16.self_attn.o_proj,self_attn.o_proj,decode,1,QwenManualHybridLinear,0.11286400258541107
1908,7,model.layers.16.mlp.gate_proj,mlp.gate_proj,decode,1,QwenManualHybridLinear,0.26342400908470154
1909,7,model.layers.16.mlp.up_proj,mlp.up_proj,decode,1,QwenManualHybridLinear,0.24857600033283234
1910,7,model.layers.16.mlp.down_proj,mlp.down_proj,decode,1,QwenManualHybridLinear,0.24911999702453613
1911,7,model.layers.17.self_attn.q_proj,self_attn.q_proj,decode,1,QwenManualHybridLinear,0.26899200677871704
1912,7,model.layers.17.self_attn.k_proj,self_attn.k_proj,decode,1,QwenManualHybridLinear,0.24879999458789825
1913,7,model.layers.17.self_attn.v_proj,self_attn.v_proj,decode,1,QwenManualHybridLinear,0.2622080147266388
1914,7,model.layers.17.self_attn.o_proj,self_attn.o_proj,decode,1,QwenManualHybridLinear,0.10447999835014343
1915,7,model.layers.17.mlp.gate_proj,mlp.gate_proj,decode,1,QwenManualHybridLinear,0.26051199436187744
1916,7,model.layers.17.mlp.up_proj,mlp.up_proj,decode,1,QwenManualHybridLinear,0.2481279969215393
1917,7,model.layers.17.mlp.down_proj,mlp.down_proj,decode,1,QwenManualHybridLinear,0.25283199548721313
1918,7,model.layers.18.self_attn.q_proj,self_attn.q_proj,decode,1,QwenManualHybridLinear,0.2571839988231659
1919,7,model.layers.18.self_attn.k_proj,self_attn.k_proj,decode,1,QwenManualHybridLinear,0.24512000381946564
1920,7,model.layers.18.self_attn.v_proj,self_attn.v_proj,decode,1,QwenManualHybridLinear,0.24447999894618988
1921,7,model.layers.18.self_attn.o_proj,self_attn.o_proj,decode,1,QwenManualHybridLinear,0.10806400328874588
1922,7,model.layers.18.mlp.gate_proj,mlp.gate_proj,decode,1,QwenManualHybridLinear,0.2632000148296356
1923,7,model.layers.18.mlp.up_proj,mlp.up_proj,decode,1,QwenManualHybridLinear,0.2507520020008087
1924,7,model.layers.18.mlp.down_proj,mlp.down_proj,decode,1,QwenManualHybridLinear,0.25043201446533203
1925,7,model.layers.19.self_attn.q_proj,self_attn.q_proj,decode,1,QwenManualHybridLinear,0.2556479871273041
1926,7,model.layers.19.self_attn.k_proj,self_attn.k_proj,decode,1,QwenManualHybridLinear,0.24649600684642792
1927,7,model.layers.19.self_attn.v_proj,self_attn.v_proj,decode,1,QwenManualHybridLinear,0.25990399718284607
1928,7,model.layers.19.self_attn.o_proj,self_attn.o_proj,decode,1,QwenManualHybridLinear,0.10608000308275223
1929,7,model.layers.19.mlp.gate_proj,mlp.gate_proj,decode,1,QwenManualHybridLinear,0.2703999876976013
1930,7,model.layers.19.mlp.up_proj,mlp.up_proj,decode,1,QwenManualHybridLinear,0.2465600073337555
1931,7,model.layers.19.mlp.down_proj,mlp.down_proj,decode,1,QwenManualHybridLinear,0.24991999566555023
1932,7,model.layers.20.self_attn.q_proj,self_attn.q_proj,decode,1,QwenManualHybridLinear,0.2572160065174103
1933,7,model.layers.20.self_attn.k_proj,self_attn.k_proj,decode,1,QwenManualHybridLinear,0.24751999974250793
1934,7,model.layers.20.self_attn.v_proj,self_attn.v_proj,decode,1,QwenManualHybridLinear,0.2459840029478073
1935,7,model.layers.20.self_attn.o_proj,self_attn.o_proj,decode,1,QwenManualHybridLinear,0.10585600137710571
1936,7,model.layers.20.mlp.gate_proj,mlp.gate_proj,decode,1,QwenManualHybridLinear,0.263808012008667
1937,7,model.layers.20.mlp.up_proj,mlp.up_proj,decode,1,QwenManualHybridLinear,0.2486719936132431
1938,7,model.layers.20.mlp.down_proj,mlp.down_proj,decode,1,QwenManualHybridLinear,0.24473600089550018
1939,7,model.layers.21.self_attn.q_proj,self_attn.q_proj,decode,1,QwenManualHybridLinear,0.27001601457595825
1940,7,model.layers.21.self_attn.k_proj,self_attn.k_proj,decode,1,QwenManualHybridLinear,0.24755200743675232
1941,7,model.layers.21.self_attn.v_proj,self_attn.v_proj,decode,1,QwenManualHybridLinear,0.24780799448490143
1942,7,model.layers.21.self_attn.o_proj,self_attn.o_proj,decode,1,QwenManualHybridLinear,0.11683200299739838
1943,7,model.layers.21.mlp.gate_proj,mlp.gate_proj,decode,1,QwenManualHybridLinear,0.25571200251579285
1944,7,model.layers.21.mlp.up_proj,mlp.up_proj,decode,1,QwenManualHybridLinear,0.25382399559020996
1945,7,model.layers.21.mlp.down_proj,mlp.down_proj,decode,1,QwenManualHybridLinear,0.2460159957408905
1946,7,model.layers.22.self_attn.q_proj,self_attn.q_proj,decode,1,QwenManualHybridLinear,0.27139198780059814
1947,7,model.layers.22.self_attn.k_proj,self_attn.k_proj,decode,1,QwenManualHybridLinear,0.24624000489711761
1948,7,model.layers.22.self_attn.v_proj,self_attn.v_proj,decode,1,QwenManualHybridLinear,0.24799999594688416
1949,7,model.layers.22.self_attn.o_proj,self_attn.o_proj,decode,1,QwenManualHybridLinear,0.09878399968147278
1950,7,model.layers.22.mlp.gate_proj,mlp.gate_proj,decode,1,QwenManualHybridLinear,0.2571519911289215
1951,7,model.layers.22.mlp.up_proj,mlp.up_proj,decode,1,QwenManualHybridLinear,0.2468159943819046
1952,7,model.layers.22.mlp.down_proj,mlp.down_proj,decode,1,QwenManualHybridLinear,0.2481600046157837
1953,7,model.layers.23.self_attn.q_proj,self_attn.q_proj,decode,1,QwenManualHybridLinear,0.2535359859466553
1954,7,model.layers.23.self_attn.k_proj,self_attn.k_proj,decode,1,QwenManualHybridLinear,0.24531200528144836
1955,7,model.layers.23.self_attn.v_proj,self_attn.v_proj,decode,1,QwenManualHybridLinear,0.24796800315380096
1956,7,model.layers.23.self_attn.o_proj,self_attn.o_proj,decode,1,QwenManualHybridLinear,0.10899200290441513
1957,7,model.layers.23.mlp.gate_proj,mlp.gate_proj,decode,1,QwenManualHybridLinear,0.2616319954395294
1958,7,model.layers.23.mlp.up_proj,mlp.up_proj,decode,1,QwenManualHybridLinear,0.2470400035381317
1959,7,model.layers.23.mlp.down_proj,mlp.down_proj,decode,1,QwenManualHybridLinear,0.24771200120449066
1960,7,model.layers.24.self_attn.q_proj,self_attn.q_proj,decode,1,QwenManualHybridLinear,0.26185598969459534
1961,7,model.layers.24.self_attn.k_proj,self_attn.k_proj,decode,1,QwenManualHybridLinear,0.24886399507522583
1962,7,model.layers.24.self_attn.v_proj,self_attn.v_proj,decode,1,QwenManualHybridLinear,0.24368000030517578
1963,7,model.layers.24.self_attn.o_proj,self_attn.o_proj,decode,1,QwenManualHybridLinear,0.11673600226640701
1964,7,model.layers.24.mlp.gate_proj,mlp.gate_proj,decode,1,QwenManualHybridLinear,0.25596800446510315
1965,7,model.layers.24.mlp.up_proj,mlp.up_proj,decode,1,QwenManualHybridLinear,0.2627519965171814
1966,7,model.layers.24.mlp.down_proj,mlp.down_proj,decode,1,QwenManualHybridLinear,0.24700799584388733
1967,7,model.layers.25.self_attn.q_proj,self_attn.q_proj,decode,1,QwenManualHybridLinear,0.2596159875392914
1968,7,model.layers.25.self_attn.k_proj,self_attn.k_proj,decode,1,QwenManualHybridLinear,0.25046399235725403
1969,7,model.layers.25.self_attn.v_proj,self_attn.v_proj,decode,1,QwenManualHybridLinear,0.24614399671554565
1970,7,model.layers.25.self_attn.o_proj,self_attn.o_proj,decode,1,QwenManualHybridLinear,0.10611200332641602
1971,7,model.layers.25.mlp.gate_proj,mlp.gate_proj,decode,1,QwenManualHybridLinear,0.25648000836372375
1972,7,model.layers.25.mlp.up_proj,mlp.up_proj,decode,1,QwenManualHybridLinear,0.24320000410079956
1973,7,model.layers.25.mlp.down_proj,mlp.down_proj,decode,1,QwenManualHybridLinear,0.24937599897384644
1974,7,model.layers.26.self_attn.q_proj,self_attn.q_proj,decode,1,QwenManualHybridLinear,0.25488001108169556
1975,7,model.layers.26.self_attn.k_proj,self_attn.k_proj,decode,1,QwenManualHybridLinear,0.24566400051116943
1976,7,model.layers.26.self_attn.v_proj,self_attn.v_proj,decode,1,QwenManualHybridLinear,0.25894400477409363
1977,7,model.layers.26.self_attn.o_proj,self_attn.o_proj,decode,1,QwenManualHybridLinear,0.12006399780511856
1978,7,model.layers.26.mlp.gate_proj,mlp.gate_proj,decode,1,QwenManualHybridLinear,0.2696320116519928
1979,7,model.layers.26.mlp.up_proj,mlp.up_proj,decode,1,QwenManualHybridLinear,0.2478400021791458
1980,7,model.layers.26.mlp.down_proj,mlp.down_proj,decode,1,QwenManualHybridLinear,0.24611200392246246
1981,7,model.layers.27.self_attn.q_proj,self_attn.q_proj,decode,1,QwenManualHybridLinear,0.274399995803833
1982,7,model.layers.27.self_attn.k_proj,self_attn.k_proj,decode,1,QwenManualHybridLinear,0.24403199553489685
1983,7,model.layers.27.self_attn.v_proj,self_attn.v_proj,decode,1,QwenManualHybridLinear,0.24217599630355835
1984,7,model.layers.27.self_attn.o_proj,self_attn.o_proj,decode,1,QwenManualHybridLinear,0.10751999914646149
1985,7,model.layers.27.mlp.gate_proj,mlp.gate_proj,decode,1,QwenManualHybridLinear,0.292928010225296
1986,7,model.layers.27.mlp.up_proj,mlp.up_proj,decode,1,QwenManualHybridLinear,0.2529279887676239
1987,7,model.layers.27.mlp.down_proj,mlp.down_proj,decode,1,QwenManualHybridLinear,0.24649600684642792
1988,7,model.layers.28.self_attn.q_proj,self_attn.q_proj,decode,1,QwenManualHybridLinear,0.26467201113700867
1989,7,model.layers.28.self_attn.k_proj,self_attn.k_proj,decode,1,QwenManualHybridLinear,0.24806399643421173
1990,7,model.layers.28.self_attn.v_proj,self_attn.v_proj,decode,1,QwenManualHybridLinear,0.24694399535655975
1991,7,model.layers.28.self_attn.o_proj,self_attn.o_proj,decode,1,QwenManualHybridLinear,0.10915199667215347
1992,7,model.layers.28.mlp.gate_proj,mlp.gate_proj,decode,1,QwenManualHybridLinear,0.25916799902915955
1993,7,model.layers.28.mlp.up_proj,mlp.up_proj,decode,1,QwenManualHybridLinear,0.24377599358558655
1994,7,model.layers.28.mlp.down_proj,mlp.down_proj,decode,1,QwenManualHybridLinear,0.24934400618076324
1995,7,model.layers.29.self_attn.q_proj,self_attn.q_proj,decode,1,QwenManualHybridLinear,0.2646079957485199
1996,7,model.layers.29.self_attn.k_proj,self_attn.k_proj,decode,1,QwenManualHybridLinear,0.2481279969215393
1997,7,model.layers.29.self_attn.v_proj,self_attn.v_proj,decode,1,QwenManualHybridLinear,0.24265600740909576
1998,7,model.layers.29.self_attn.o_proj,self_attn.o_proj,decode,1,QwenManualHybridLinear,0.11843200027942657
1999,7,model.layers.29.mlp.gate_proj,mlp.gate_proj,decode,1,QwenManualHybridLinear,0.25916799902915955
2000,7,model.layers.29.mlp.up_proj,mlp.up_proj,decode,1,QwenManualHybridLinear,0.24643200635910034
2001,7,model.layers.29.mlp.down_proj,mlp.down_proj,decode,1,QwenManualHybridLinear,0.24432000517845154
2002,7,model.layers.30.self_attn.q_proj,self_attn.q_proj,decode,1,QwenManualHybridLinear,0.25619199872016907
2003,7,model.layers.30.self_attn.k_proj,self_attn.k_proj,decode,1,QwenManualHybridLinear,0.24291199445724487
2004,7,model.layers.30.self_attn.v_proj,self_attn.v_proj,decode,1,QwenManualHybridLinear,0.23881599307060242
2005,7,model.layers.30.self_attn.o_proj,self_attn.o_proj,decode,1,QwenManualHybridLinear,0.10732799768447876
2006,7,model.layers.30.mlp.gate_proj,mlp.gate_proj,decode,1,QwenManualHybridLinear,0.2561280131340027
2007,7,model.layers.30.mlp.up_proj,mlp.up_proj,decode,1,QwenManualHybridLinear,0.24275200068950653
2008,7,model.layers.30.mlp.down_proj,mlp.down_proj,decode,1,QwenManualHybridLinear,0.2446720004081726
2009,7,model.layers.31.self_attn.q_proj,self_attn.q_proj,decode,1,QwenManualHybridLinear,0.2733440101146698
2010,7,model.layers.31.self_attn.k_proj,self_attn.k_proj,decode,1,QwenManualHybridLinear,0.2508479952812195
2011,7,model.layers.31.self_attn.v_proj,self_attn.v_proj,decode,1,QwenManualHybridLinear,0.24294400215148926
2012,7,model.layers.31.self_attn.o_proj,self_attn.o_proj,decode,1,QwenManualHybridLinear,0.1066880002617836
2013,7,model.layers.31.mlp.gate_proj,mlp.gate_proj,decode,1,QwenManualHybridLinear,0.2598400115966797
2014,7,model.layers.31.mlp.up_proj,mlp.up_proj,decode,1,QwenManualHybridLinear,0.2632319927215576
2015,7,model.layers.31.mlp.down_proj,mlp.down_proj,decode,1,QwenManualHybridLinear,0.2670080065727234
2016,8,model.layers.0.self_attn.q_proj,self_attn.q_proj,decode,1,QwenManualHybridLinear,0.4086720049381256
2017,8,model.layers.0.self_attn.k_proj,self_attn.k_proj,decode,1,QwenManualHybridLinear,0.2980479896068573
2018,8,model.layers.0.self_attn.v_proj,self_attn.v_proj,decode,1,QwenManualHybridLinear,0.2600640058517456
2019,8,model.layers.0.self_attn.o_proj,self_attn.o_proj,decode,1,QwenManualHybridLinear,0.11030399799346924
2020,8,model.layers.0.mlp.gate_proj,mlp.gate_proj,decode,1,QwenManualHybridLinear,0.29094401001930237
2021,8,model.layers.0.mlp.up_proj,mlp.up_proj,decode,1,QwenManualHybridLinear,0.2553279995918274
2022,8,model.layers.0.mlp.down_proj,mlp.down_proj,decode,1,QwenManualHybridLinear,0.2497600018978119
2023,8,model.layers.1.self_attn.q_proj,self_attn.q_proj,decode,1,QwenManualHybridLinear,0.26076799631118774
2024,8,model.layers.1.self_attn.k_proj,self_attn.k_proj,decode,1,QwenManualHybridLinear,0.2481600046157837
2025,8,model.layers.1.self_attn.v_proj,self_attn.v_proj,decode,1,QwenManualHybridLinear,0.24243199825286865
2026,8,model.layers.1.self_attn.o_proj,self_attn.o_proj,decode,1,QwenManualHybridLinear,0.10739199817180634
2027,8,model.layers.1.mlp.gate_proj,mlp.gate_proj,decode,1,QwenManualHybridLinear,0.25488001108169556
2028,8,model.layers.1.mlp.up_proj,mlp.up_proj,decode,1,QwenManualHybridLinear,0.24400000274181366
2029,8,model.layers.1.mlp.down_proj,mlp.down_proj,decode,1,QwenManualHybridLinear,0.25603199005126953
2030,8,model.layers.2.self_attn.q_proj,self_attn.q_proj,decode,1,QwenManualHybridLinear,0.2901119887828827
2031,8,model.layers.2.self_attn.k_proj,self_attn.k_proj,decode,1,QwenManualHybridLinear,0.25484800338745117
2032,8,model.layers.2.self_attn.v_proj,self_attn.v_proj,decode,1,QwenManualHybridLinear,0.2483839988708496
2033,8,model.layers.2.self_attn.o_proj,self_attn.o_proj,decode,1,QwenManualHybridLinear,0.11859200149774551
2034,8,model.layers.2.mlp.gate_proj,mlp.gate_proj,decode,1,QwenManualHybridLinear,0.25865599513053894
2035,8,model.layers.2.mlp.up_proj,mlp.up_proj,decode,1,QwenManualHybridLinear,0.2460159957408905
2036,8,model.layers.2.mlp.down_proj,mlp.down_proj,decode,1,QwenManualHybridLinear,0.24223999679088593
2037,8,model.layers.3.self_attn.q_proj,self_attn.q_proj,decode,1,QwenManualHybridLinear,0.2577599883079529
2038,8,model.layers.3.self_attn.k_proj,self_attn.k_proj,decode,1,QwenManualHybridLinear,0.2471040040254593
2039,8,model.layers.3.self_attn.v_proj,self_attn.v_proj,decode,1,QwenManualHybridLinear,0.24038399755954742
2040,8,model.layers.3.self_attn.o_proj,self_attn.o_proj,decode,1,QwenManualHybridLinear,0.11750400066375732
2041,8,model.layers.3.mlp.gate_proj,mlp.gate_proj,decode,1,QwenManualHybridLinear,0.2797119915485382
2042,8,model.layers.3.mlp.up_proj,mlp.up_proj,decode,1,QwenManualHybridLinear,0.25548800826072693
2043,8,model.layers.3.mlp.down_proj,mlp.down_proj,decode,1,QwenManualHybridLinear,0.25014400482177734
2044,8,model.layers.4.self_attn.q_proj,self_attn.q_proj,decode,1,QwenManualHybridLinear,0.26121601462364197
2045,8,model.layers.4.self_attn.k_proj,self_attn.k_proj,decode,1,QwenManualHybridLinear,0.25542399287223816
2046,8,model.layers.4.self_attn.v_proj,self_attn.v_proj,decode,1,QwenManualHybridLinear,0.2664960026741028
2047,8,model.layers.4.self_attn.o_proj,self_attn.o_proj,decode,1,QwenManualHybridLinear,0.09888000041246414
2048,8,model.layers.4.mlp.gate_proj,mlp.gate_proj,decode,1,QwenManualHybridLinear,0.2553600072860718
2049,8,model.layers.4.mlp.up_proj,mlp.up_proj,decode,1,QwenManualHybridLinear,0.25248000025749207
2050,8,model.layers.4.mlp.down_proj,mlp.down_proj,decode,1,QwenManualHybridLinear,0.26451200246810913
2051,8,model.layers.5.self_attn.q_proj,self_attn.q_proj,decode,1,QwenManualHybridLinear,0.26576000452041626
2052,8,model.layers.5.self_attn.k_proj,self_attn.k_proj,decode,1,QwenManualHybridLinear,0.24883200228214264
2053,8,model.layers.5.self_attn.v_proj,self_attn.v_proj,decode,1,QwenManualHybridLinear,0.2571519911289215
2054,8,model.layers.5.self_attn.o_proj,self_attn.o_proj,decode,1,QwenManualHybridLinear,0.10124800354242325
2055,8,model.layers.5.mlp.gate_proj,mlp.gate_proj,decode,1,QwenManualHybridLinear,0.2592320144176483
2056,8,model.layers.5.mlp.up_proj,mlp.up_proj,decode,1,QwenManualHybridLinear,0.2528640031814575
2057,8,model.layers.5.mlp.down_proj,mlp.down_proj,decode,1,QwenManualHybridLinear,0.2473600059747696
2058,8,model.layers.6.self_attn.q_proj,self_attn.q_proj,decode,1,QwenManualHybridLinear,0.25999999046325684
2059,8,model.layers.6.self_attn.k_proj,self_attn.k_proj,decode,1,QwenManualHybridLinear,0.24716800451278687
2060,8,model.layers.6.self_attn.v_proj,self_attn.v_proj,decode,1,QwenManualHybridLinear,0.26361599564552307
2061,8,model.layers.6.self_attn.o_proj,self_attn.o_proj,decode,1,QwenManualHybridLinear,0.10899200290441513
2062,8,model.layers.6.mlp.gate_proj,mlp.gate_proj,decode,1,QwenManualHybridLinear,0.28441599011421204
2063,8,model.layers.6.mlp.up_proj,mlp.up_proj,decode,1,QwenManualHybridLinear,0.24908800423145294
2064,8,model.layers.6.mlp.down_proj,mlp.down_proj,decode,1,QwenManualHybridLinear,0.35523200035095215
2065,8,model.layers.7.self_attn.q_proj,self_attn.q_proj,decode,1,QwenManualHybridLinear,0.2906560003757477
2066,8,model.layers.7.self_attn.k_proj,self_attn.k_proj,decode,1,QwenManualHybridLinear,0.2648960053920746
2067,8,model.layers.7.self_attn.v_proj,self_attn.v_proj,decode,1,QwenManualHybridLinear,0.2510719895362854
2068,8,model.layers.7.self_attn.o_proj,self_attn.o_proj,decode,1,QwenManualHybridLinear,0.11872000247240067
2069,8,model.layers.7.mlp.gate_proj,mlp.gate_proj,decode,1,QwenManualHybridLinear,0.2698560059070587
2070,8,model.layers.7.mlp.up_proj,mlp.up_proj,decode,1,QwenManualHybridLinear,0.252128005027771
2071,8,model.layers.7.mlp.down_proj,mlp.down_proj,decode,1,QwenManualHybridLinear,0.24687999486923218
2072,8,model.layers.8.self_attn.q_proj,self_attn.q_proj,decode,1,QwenManualHybridLinear,0.25811201333999634
2073,8,model.layers.8.self_attn.k_proj,self_attn.k_proj,decode,1,QwenManualHybridLinear,0.2504960000514984
2074,8,model.layers.8.self_attn.v_proj,self_attn.v_proj,decode,1,QwenManualHybridLinear,0.2433280050754547
2075,8,model.layers.8.self_attn.o_proj,self_attn.o_proj,decode,1,QwenManualHybridLinear,0.10883200168609619
2076,8,model.layers.8.mlp.gate_proj,mlp.gate_proj,decode,1,QwenManualHybridLinear,0.2670080065727234
2077,8,model.layers.8.mlp.up_proj,mlp.up_proj,decode,1,QwenManualHybridLinear,0.24755200743675232
2078,8,model.layers.8.mlp.down_proj,mlp.down_proj,decode,1,QwenManualHybridLinear,0.2478400021791458
2079,8,model.layers.9.self_attn.q_proj,self_attn.q_proj,decode,1,QwenManualHybridLinear,0.2767679989337921
2080,8,model.layers.9.self_attn.k_proj,self_attn.k_proj,decode,1,QwenManualHybridLinear,0.24665600061416626
2081,8,model.layers.9.self_attn.v_proj,self_attn.v_proj,decode,1,QwenManualHybridLinear,0.2436479926109314
2082,8,model.layers.9.self_attn.o_proj,self_attn.o_proj,decode,1,QwenManualHybridLinear,0.11503999680280685
2083,8,model.layers.9.mlp.gate_proj,mlp.gate_proj,decode,1,QwenManualHybridLinear,0.2768000066280365
2084,8,model.layers.9.mlp.up_proj,mlp.up_proj,decode,1,QwenManualHybridLinear,0.2503359913825989
2085,8,model.layers.9.mlp.down_proj,mlp.down_proj,decode,1,QwenManualHybridLinear,0.24582399427890778
2086,8,model.layers.10.self_attn.q_proj,self_attn.q_proj,decode,1,QwenManualHybridLinear,0.26364800333976746
2087,8,model.layers.10.self_attn.k_proj,self_attn.k_proj,decode,1,QwenManualHybridLinear,0.2515519857406616
2088,8,model.layers.10.self_attn.v_proj,self_attn.v_proj,decode,1,QwenManualHybridLinear,0.24767999351024628
2089,8,model.layers.10.self_attn.o_proj,self_attn.o_proj,decode,1,QwenManualHybridLinear,0.1098560020327568
2090,8,model.layers.10.mlp.gate_proj,mlp.gate_proj,decode,1,QwenManualHybridLinear,0.2630079984664917
2091,8,model.layers.10.mlp.up_proj,mlp.up_proj,decode,1,QwenManualHybridLinear,0.24537600576877594
2092,8,model.layers.10.mlp.down_proj,mlp.down_proj,decode,1,QwenManualHybridLinear,0.2452480047941208
2093,8,model.layers.11.self_attn.q_proj,self_attn.q_proj,decode,1,QwenManualHybridLinear,0.2619839906692505
2094,8,model.layers.11.self_attn.k_proj,self_attn.k_proj,decode,1,QwenManualHybridLinear,0.25302401185035706
2095,8,model.layers.11.self_attn.v_proj,self_attn.v_proj,decode,1,QwenManualHybridLinear,0.24236799776554108
2096,8,model.layers.11.self_attn.o_proj,self_attn.o_proj,decode,1,QwenManualHybridLinear,0.10592000186443329
2097,8,model.layers.11.mlp.gate_proj,mlp.gate_proj,decode,1,QwenManualHybridLinear,0.27350398898124695
2098,8,model.layers.11.mlp.up_proj,mlp.up_proj,decode,1,QwenManualHybridLinear,0.2547520101070404
2099,8,model.layers.11.mlp.down_proj,mlp.down_proj,decode,1,QwenManualHybridLinear,0.24742400646209717
2100,8,model.layers.12.self_attn.q_proj,self_attn.q_proj,decode,1,QwenManualHybridLinear,0.2593599855899811
2101,8,model.layers.12.self_attn.k_proj,self_attn.k_proj,decode,1,QwenManualHybridLinear,0.24595199525356293
2102,8,model.layers.12.self_attn.v_proj,self_attn.v_proj,decode,1,QwenManualHybridLinear,0.2412479966878891
2103,8,model.layers.12.self_attn.o_proj,self_attn.o_proj,decode,1,QwenManualHybridLinear,0.10889600217342377
2104,8,model.layers.12.mlp.gate_proj,mlp.gate_proj,decode,1,QwenManualHybridLinear,0.26787200570106506
2105,8,model.layers.12.mlp.up_proj,mlp.up_proj,decode,1,QwenManualHybridLinear,0.2515519857406616
2106,8,model.layers.12.mlp.down_proj,mlp.down_proj,decode,1,QwenManualHybridLinear,0.2470400035381317
2107,8,model.layers.13.self_attn.q_proj,self_attn.q_proj,decode,1,QwenManualHybridLinear,0.251583993434906
2108,8,model.layers.13.self_attn.k_proj,self_attn.k_proj,decode,1,QwenManualHybridLinear,0.271807998418808
2109,8,model.layers.13.self_attn.v_proj,self_attn.v_proj,decode,1,QwenManualHybridLinear,0.24512000381946564
2110,8,model.layers.13.self_attn.o_proj,self_attn.o_proj,decode,1,QwenManualHybridLinear,0.10675200074911118
2111,8,model.layers.13.mlp.gate_proj,mlp.gate_proj,decode,1,QwenManualHybridLinear,0.26230400800704956
2112,8,model.layers.13.mlp.up_proj,mlp.up_proj,decode,1,QwenManualHybridLinear,0.24582399427890778
2113,8,model.layers.13.mlp.down_proj,mlp.down_proj,decode,1,QwenManualHybridLinear,0.24275200068950653
2114,8,model.layers.14.self_attn.q_proj,self_attn.q_proj,decode,1,QwenManualHybridLinear,0.2622720003128052
2115,8,model.layers.14.self_attn.k_proj,self_attn.k_proj,decode,1,QwenManualHybridLinear,0.2526080012321472
2116,8,model.layers.14.self_attn.v_proj,self_attn.v_proj,decode,1,QwenManualHybridLinear,0.24380800127983093
2117,8,model.layers.14.self_attn.o_proj,self_attn.o_proj,decode,1,QwenManualHybridLinear,0.11452800035476685
2118,8,model.layers.14.mlp.gate_proj,mlp.gate_proj,decode,1,QwenManualHybridLinear,0.26470398902893066
2119,8,model.layers.14.mlp.up_proj,mlp.up_proj,decode,1,QwenManualHybridLinear,0.24582399427890778
2120,8,model.layers.14.mlp.down_proj,mlp.down_proj,decode,1,QwenManualHybridLinear,0.2401919960975647
2121,8,model.layers.15.self_attn.q_proj,self_attn.q_proj,decode,1,QwenManualHybridLinear,0.259552001953125
2122,8,model.layers.15.self_attn.k_proj,self_attn.k_proj,decode,1,QwenManualHybridLinear,0.24745599925518036
2123,8,model.layers.15.self_attn.v_proj,self_attn.v_proj,decode,1,QwenManualHybridLinear,0.2422720044851303
2124,8,model.layers.15.self_attn.o_proj,self_attn.o_proj,decode,1,QwenManualHybridLinear,0.10463999956846237
2125,8,model.layers.15.mlp.gate_proj,mlp.gate_proj,decode,1,QwenManualHybridLinear,0.2744959890842438
2126,8,model.layers.15.mlp.up_proj,mlp.up_proj,decode,1,QwenManualHybridLinear,0.25196799635887146
2127,8,model.layers.15.mlp.down_proj,mlp.down_proj,decode,1,QwenManualHybridLinear,0.26368001103401184
2128,8,model.layers.16.self_attn.q_proj,self_attn.q_proj,decode,1,QwenManualHybridLinear,0.2602880001068115
2129,8,model.layers.16.self_attn.k_proj,self_attn.k_proj,decode,1,QwenManualHybridLinear,0.25062400102615356
2130,8,model.layers.16.self_attn.v_proj,self_attn.v_proj,decode,1,QwenManualHybridLinear,0.2404160052537918
2131,8,model.layers.16.self_attn.o_proj,self_attn.o_proj,decode,1,QwenManualHybridLinear,0.10102400183677673
2132,8,model.layers.16.mlp.gate_proj,mlp.gate_proj,decode,1,QwenManualHybridLinear,0.26335999369621277
2133,8,model.layers.16.mlp.up_proj,mlp.up_proj,decode,1,QwenManualHybridLinear,0.24537600576877594
2134,8,model.layers.16.mlp.down_proj,mlp.down_proj,decode,1,QwenManualHybridLinear,0.2455040067434311
2135,8,model.layers.17.self_attn.q_proj,self_attn.q_proj,decode,1,QwenManualHybridLinear,0.2507840096950531
2136,8,model.layers.17.self_attn.k_proj,self_attn.k_proj,decode,1,QwenManualHybridLinear,0.24716800451278687
2137,8,model.layers.17.self_attn.v_proj,self_attn.v_proj,decode,1,QwenManualHybridLinear,0.2500799894332886
2138,8,model.layers.17.self_attn.o_proj,self_attn.o_proj,decode,1,QwenManualHybridLinear,0.11155200004577637
2139,8,model.layers.17.mlp.gate_proj,mlp.gate_proj,decode,1,QwenManualHybridLinear,0.25993600487709045
2140,8,model.layers.17.mlp.up_proj,mlp.up_proj,decode,1,QwenManualHybridLinear,0.24799999594688416
2141,8,model.layers.17.mlp.down_proj,mlp.down_proj,decode,1,QwenManualHybridLinear,0.24928000569343567
2142,8,model.layers.18.self_attn.q_proj,self_attn.q_proj,decode,1,QwenManualHybridLinear,0.25948798656463623
2143,8,model.layers.18.self_attn.k_proj,self_attn.k_proj,decode,1,QwenManualHybridLinear,0.2473279982805252
2144,8,model.layers.18.self_attn.v_proj,self_attn.v_proj,decode,1,QwenManualHybridLinear,0.2428479939699173
2145,8,model.layers.18.self_attn.o_proj,self_attn.o_proj,decode,1,QwenManualHybridLinear,0.0992640033364296
2146,8,model.layers.18.mlp.gate_proj,mlp.gate_proj,decode,1,QwenManualHybridLinear,0.27401599287986755
2147,8,model.layers.18.mlp.up_proj,mlp.up_proj,decode,1,QwenManualHybridLinear,0.25142401456832886
2148,8,model.layers.18.mlp.down_proj,mlp.down_proj,decode,1,QwenManualHybridLinear,0.2468159943819046
2149,8,model.layers.19.self_attn.q_proj,self_attn.q_proj,decode,1,QwenManualHybridLinear,0.26291200518608093
2150,8,model.layers.19.self_attn.k_proj,self_attn.k_proj,decode,1,QwenManualHybridLinear,0.2540160119533539
2151,8,model.layers.19.self_attn.v_proj,self_attn.v_proj,decode,1,QwenManualHybridLinear,0.2462719976902008
2152,8,model.layers.19.self_attn.o_proj,self_attn.o_proj,decode,1,QwenManualHybridLinear,0.10185600072145462
2153,8,model.layers.19.mlp.gate_proj,mlp.gate_proj,decode,1,QwenManualHybridLinear,0.2646400034427643
2154,8,model.layers.19.mlp.up_proj,mlp.up_proj,decode,1,QwenManualHybridLinear,0.2486719936132431
2155,8,model.layers.19.mlp.down_proj,mlp.down_proj,decode,1,QwenManualHybridLinear,0.2462719976902008
2156,8,model.layers.20.self_attn.q_proj,self_attn.q_proj,decode,1,QwenManualHybridLinear,0.2553919851779938
2157,8,model.layers.20.self_attn.k_proj,self_attn.k_proj,decode,1,QwenManualHybridLinear,0.25328001379966736
2158,8,model.layers.20.self_attn.v_proj,self_attn.v_proj,decode,1,QwenManualHybridLinear,0.24320000410079956
2159,8,model.layers.20.self_attn.o_proj,self_attn.o_proj,decode,1,QwenManualHybridLinear,0.1003199964761734
2160,8,model.layers.20.mlp.gate_proj,mlp.gate_proj,decode,1,QwenManualHybridLinear,0.25174400210380554
2161,8,model.layers.20.mlp.up_proj,mlp.up_proj,decode,1,QwenManualHybridLinear,0.24566400051116943
2162,8,model.layers.20.mlp.down_proj,mlp.down_proj,decode,1,QwenManualHybridLinear,0.2407359927892685
2163,8,model.layers.21.self_attn.q_proj,self_attn.q_proj,decode,1,QwenManualHybridLinear,0.2738560140132904
2164,8,model.layers.21.self_attn.k_proj,self_attn.k_proj,decode,1,QwenManualHybridLinear,0.25388801097869873
2165,8,model.layers.21.self_attn.v_proj,self_attn.v_proj,decode,1,QwenManualHybridLinear,0.2618879973888397
2166,8,model.layers.21.self_attn.o_proj,self_attn.o_proj,decode,1,QwenManualHybridLinear,0.106175996363163
2167,8,model.layers.21.mlp.gate_proj,mlp.gate_proj,decode,1,QwenManualHybridLinear,0.2725439965724945
2168,8,model.layers.21.mlp.up_proj,mlp.up_proj,decode,1,QwenManualHybridLinear,0.2460159957408905
2169,8,model.layers.21.mlp.down_proj,mlp.down_proj,decode,1,QwenManualHybridLinear,0.24742400646209717
2170,8,model.layers.22.self_attn.q_proj,self_attn.q_proj,decode,1,QwenManualHybridLinear,0.2555519938468933
2171,8,model.layers.22.self_attn.k_proj,self_attn.k_proj,decode,1,QwenManualHybridLinear,0.2433920055627823
2172,8,model.layers.22.self_attn.v_proj,self_attn.v_proj,decode,1,QwenManualHybridLinear,0.2407359927892685
2173,8,model.layers.22.self_attn.o_proj,self_attn.o_proj,decode,1,QwenManualHybridLinear,0.10291200131177902
2174,8,model.layers.22.mlp.gate_proj,mlp.gate_proj,decode,1,QwenManualHybridLinear,0.26678401231765747
2175,8,model.layers.22.mlp.up_proj,mlp.up_proj,decode,1,QwenManualHybridLinear,0.25436800718307495
2176,8,model.layers.22.mlp.down_proj,mlp.down_proj,decode,1,QwenManualHybridLinear,0.2630079984664917
2177,8,model.layers.23.self_attn.q_proj,self_attn.q_proj,decode,1,QwenManualHybridLinear,0.2610880136489868
2178,8,model.layers.23.self_attn.k_proj,self_attn.k_proj,decode,1,QwenManualHybridLinear,0.2531200051307678
2179,8,model.layers.23.self_attn.v_proj,self_attn.v_proj,decode,1,QwenManualHybridLinear,0.24160000681877136
2180,8,model.layers.23.self_attn.o_proj,self_attn.o_proj,decode,1,QwenManualHybridLinear,0.10502400249242783
2181,8,model.layers.23.mlp.gate_proj,mlp.gate_proj,decode,1,QwenManualHybridLinear,0.2555199861526489
2182,8,model.layers.23.mlp.up_proj,mlp.up_proj,decode,1,QwenManualHybridLinear,0.246848002076149
2183,8,model.layers.23.mlp.down_proj,mlp.down_proj,decode,1,QwenManualHybridLinear,0.2460159957408905
2184,8,model.layers.24.self_attn.q_proj,self_attn.q_proj,decode,1,QwenManualHybridLinear,0.2582400143146515
2185,8,model.layers.24.self_attn.k_proj,self_attn.k_proj,decode,1,QwenManualHybridLinear,0.24588799476623535
2186,8,model.layers.24.self_attn.v_proj,self_attn.v_proj,decode,1,QwenManualHybridLinear,0.24473600089550018
2187,8,model.layers.24.self_attn.o_proj,self_attn.o_proj,decode,1,QwenManualHybridLinear,0.10870400071144104
2188,8,model.layers.24.mlp.gate_proj,mlp.gate_proj,decode,1,QwenManualHybridLinear,0.275519996881485
2189,8,model.layers.24.mlp.up_proj,mlp.up_proj,decode,1,QwenManualHybridLinear,0.2499839961528778
2190,8,model.layers.24.mlp.down_proj,mlp.down_proj,decode,1,QwenManualHybridLinear,0.24828800559043884
2191,8,model.layers.25.self_attn.q_proj,self_attn.q_proj,decode,1,QwenManualHybridLinear,0.2571519911289215
2192,8,model.layers.25.self_attn.k_proj,self_attn.k_proj,decode,1,QwenManualHybridLinear,0.25088000297546387
2193,8,model.layers.25.self_attn.v_proj,self_attn.v_proj,decode,1,QwenManualHybridLinear,0.2473279982805252
2194,8,model.layers.25.self_attn.o_proj,self_attn.o_proj,decode,1,QwenManualHybridLinear,0.11004800349473953
2195,8,model.layers.25.mlp.gate_proj,mlp.gate_proj,decode,1,QwenManualHybridLinear,0.2777920067310333
2196,8,model.layers.25.mlp.up_proj,mlp.up_proj,decode,1,QwenManualHybridLinear,0.25113600492477417
2197,8,model.layers.25.mlp.down_proj,mlp.down_proj,decode,1,QwenManualHybridLinear,0.24809600412845612
2198,8,model.layers.26.self_attn.q_proj,self_attn.q_proj,decode,1,QwenManualHybridLinear,0.26707199215888977
2199,8,model.layers.26.self_attn.k_proj,self_attn.k_proj,decode,1,QwenManualHybridLinear,0.26230400800704956
2200,8,model.layers.26.self_attn.v_proj,self_attn.v_proj,decode,1,QwenManualHybridLinear,0.24489599466323853
2201,8,model.layers.26.self_attn.o_proj,self_attn.o_proj,decode,1,QwenManualHybridLinear,0.10438399761915207
2202,8,model.layers.26.mlp.gate_proj,mlp.gate_proj,decode,1,QwenManualHybridLinear,0.2598719894886017
2203,8,model.layers.26.mlp.up_proj,mlp.up_proj,decode,1,QwenManualHybridLinear,0.24352000653743744
2204,8,model.layers.26.mlp.down_proj,mlp.down_proj,decode,1,QwenManualHybridLinear,0.24767999351024628
2205,8,model.layers.27.self_attn.q_proj,self_attn.q_proj,decode,1,QwenManualHybridLinear,0.27955201268196106
2206,8,model.layers.27.self_attn.k_proj,self_attn.k_proj,decode,1,QwenManualHybridLinear,0.2535040080547333
2207,8,model.layers.27.self_attn.v_proj,self_attn.v_proj,decode,1,QwenManualHybridLinear,0.24460799992084503
2208,8,model.layers.27.self_attn.o_proj,self_attn.o_proj,decode,1,QwenManualHybridLinear,0.10143999755382538
2209,8,model.layers.27.mlp.gate_proj,mlp.gate_proj,decode,1,QwenManualHybridLinear,0.26281601190567017
2210,8,model.layers.27.mlp.up_proj,mlp.up_proj,decode,1,QwenManualHybridLinear,0.24588799476623535
2211,8,model.layers.27.mlp.down_proj,mlp.down_proj,decode,1,QwenManualHybridLinear,0.24646399915218353
2212,8,model.layers.28.self_attn.q_proj,self_attn.q_proj,decode,1,QwenManualHybridLinear,0.2550080120563507
2213,8,model.layers.28.self_attn.k_proj,self_attn.k_proj,decode,1,QwenManualHybridLinear,0.2500160038471222
2214,8,model.layers.28.self_attn.v_proj,self_attn.v_proj,decode,1,QwenManualHybridLinear,0.24374400079250336
2215,8,model.layers.28.self_attn.o_proj,self_attn.o_proj,decode,1,QwenManualHybridLinear,0.10982400178909302
2216,8,model.layers.28.mlp.gate_proj,mlp.gate_proj,decode,1,QwenManualHybridLinear,0.2643199861049652
2217,8,model.layers.28.mlp.up_proj,mlp.up_proj,decode,1,QwenManualHybridLinear,0.2473600059747696
2218,8,model.layers.28.mlp.down_proj,mlp.down_proj,decode,1,QwenManualHybridLinear,0.26281601190567017
2219,8,model.layers.29.self_attn.q_proj,self_attn.q_proj,decode,1,QwenManualHybridLinear,0.26134398579597473
2220,8,model.layers.29.self_attn.k_proj,self_attn.k_proj,decode,1,QwenManualHybridLinear,0.2487040013074875
2221,8,model.layers.29.self_attn.v_proj,self_attn.v_proj,decode,1,QwenManualHybridLinear,0.24774399399757385
2222,8,model.layers.29.self_attn.o_proj,self_attn.o_proj,decode,1,QwenManualHybridLinear,0.11356800049543381
2223,8,model.layers.29.mlp.gate_proj,mlp.gate_proj,decode,1,QwenManualHybridLinear,0.2778559923171997
2224,8,model.layers.29.mlp.up_proj,mlp.up_proj,decode,1,QwenManualHybridLinear,0.25356799364089966
2225,8,model.layers.29.mlp.down_proj,mlp.down_proj,decode,1,QwenManualHybridLinear,0.2654399871826172
2226,8,model.layers.30.self_attn.q_proj,self_attn.q_proj,decode,1,QwenManualHybridLinear,0.26121601462364197
2227,8,model.layers.30.self_attn.k_proj,self_attn.k_proj,decode,1,QwenManualHybridLinear,0.24928000569343567
2228,8,model.layers.30.self_attn.v_proj,self_attn.v_proj,decode,1,QwenManualHybridLinear,0.24348799884319305
2229,8,model.layers.30.self_attn.o_proj,self_attn.o_proj,decode,1,QwenManualHybridLinear,0.09990400075912476
2230,8,model.layers.30.mlp.gate_proj,mlp.gate_proj,decode,1,QwenManualHybridLinear,0.2614080011844635
2231,8,model.layers.30.mlp.up_proj,mlp.up_proj,decode,1,QwenManualHybridLinear,0.2462719976902008
2232,8,model.layers.30.mlp.down_proj,mlp.down_proj,decode,1,QwenManualHybridLinear,0.24489599466323853
2233,8,model.layers.31.self_attn.q_proj,self_attn.q_proj,decode,1,QwenManualHybridLinear,0.2696000039577484
2234,8,model.layers.31.self_attn.k_proj,self_attn.k_proj,decode,1,QwenManualHybridLinear,0.2489279955625534
2235,8,model.layers.31.self_attn.v_proj,self_attn.v_proj,decode,1,QwenManualHybridLinear,0.259552001953125
2236,8,model.layers.31.self_attn.o_proj,self_attn.o_proj,decode,1,QwenManualHybridLinear,0.10412800312042236
2237,8,model.layers.31.mlp.gate_proj,mlp.gate_proj,decode,1,QwenManualHybridLinear,0.25753599405288696
2238,8,model.layers.31.mlp.up_proj,mlp.up_proj,decode,1,QwenManualHybridLinear,0.244159996509552
2239,8,model.layers.31.mlp.down_proj,mlp.down_proj,decode,1,QwenManualHybridLinear,0.24422399699687958
2240,9,model.layers.0.self_attn.q_proj,self_attn.q_proj,decode,1,QwenManualHybridLinear,0.41923201084136963
2241,9,model.layers.0.self_attn.k_proj,self_attn.k_proj,decode,1,QwenManualHybridLinear,0.2873919904232025
2242,9,model.layers.0.self_attn.v_proj,self_attn.v_proj,decode,1,QwenManualHybridLinear,0.2617279887199402
2243,9,model.layers.0.self_attn.o_proj,self_attn.o_proj,decode,1,QwenManualHybridLinear,0.10320000350475311
2244,9,model.layers.0.mlp.gate_proj,mlp.gate_proj,decode,1,QwenManualHybridLinear,0.29104000329971313
2245,9,model.layers.0.mlp.up_proj,mlp.up_proj,decode,1,QwenManualHybridLinear,0.25788798928260803
2246,9,model.layers.0.mlp.down_proj,mlp.down_proj,decode,1,QwenManualHybridLinear,0.25145599246025085
2247,9,model.layers.1.self_attn.q_proj,self_attn.q_proj,decode,1,QwenManualHybridLinear,0.26175999641418457
2248,9,model.layers.1.self_attn.k_proj,self_attn.k_proj,decode,1,QwenManualHybridLinear,0.25203201174736023
2249,9,model.layers.1.self_attn.v_proj,self_attn.v_proj,decode,1,QwenManualHybridLinear,0.2454719990491867
2250,9,model.layers.1.self_attn.o_proj,self_attn.o_proj,decode,1,QwenManualHybridLinear,0.11974400281906128
2251,9,model.layers.1.mlp.gate_proj,mlp.gate_proj,decode,1,QwenManualHybridLinear,0.2579520046710968
2252,9,model.layers.1.mlp.up_proj,mlp.up_proj,decode,1,QwenManualHybridLinear,0.2543039917945862
2253,9,model.layers.1.mlp.down_proj,mlp.down_proj,decode,1,QwenManualHybridLinear,0.24480000138282776
2254,9,model.layers.2.self_attn.q_proj,self_attn.q_proj,decode,1,QwenManualHybridLinear,0.25900799036026
2255,9,model.layers.2.self_attn.k_proj,self_attn.k_proj,decode,1,QwenManualHybridLinear,0.24835200607776642
2256,9,model.layers.2.self_attn.v_proj,self_attn.v_proj,decode,1,QwenManualHybridLinear,0.2516160011291504
2257,9,model.layers.2.self_attn.o_proj,self_attn.o_proj,decode,1,QwenManualHybridLinear,0.10265599936246872
2258,9,model.layers.2.mlp.gate_proj,mlp.gate_proj,decode,1,QwenManualHybridLinear,0.25833600759506226
2259,9,model.layers.2.mlp.up_proj,mlp.up_proj,decode,1,QwenManualHybridLinear,0.2553279995918274
2260,9,model.layers.2.mlp.down_proj,mlp.down_proj,decode,1,QwenManualHybridLinear,0.24665600061416626
2261,9,model.layers.3.self_attn.q_proj,self_attn.q_proj,decode,1,QwenManualHybridLinear,0.2712000012397766
2262,9,model.layers.3.self_attn.k_proj,self_attn.k_proj,decode,1,QwenManualHybridLinear,0.2479040026664734
2263,9,model.layers.3.self_attn.v_proj,self_attn.v_proj,decode,1,QwenManualHybridLinear,0.24396799504756927
2264,9,model.layers.3.self_attn.o_proj,self_attn.o_proj,decode,1,QwenManualHybridLinear,0.11049599945545197
2265,9,model.layers.3.mlp.gate_proj,mlp.gate_proj,decode,1,QwenManualHybridLinear,0.2725760042667389
2266,9,model.layers.3.mlp.up_proj,mlp.up_proj,decode,1,QwenManualHybridLinear,0.24822400510311127
2267,9,model.layers.3.mlp.down_proj,mlp.down_proj,decode,1,QwenManualHybridLinear,0.2463040053844452
2268,9,model.layers.4.self_attn.q_proj,self_attn.q_proj,decode,1,QwenManualHybridLinear,0.2547520101070404
2269,9,model.layers.4.self_attn.k_proj,self_attn.k_proj,decode,1,QwenManualHybridLinear,0.25200000405311584
2270,9,model.layers.4.self_attn.v_proj,self_attn.v_proj,decode,1,QwenManualHybridLinear,0.24579200148582458
2271,9,model.layers.4.self_attn.o_proj,self_attn.o_proj,decode,1,QwenManualHybridLinear,0.10819199681282043
2272,9,model.layers.4.mlp.gate_proj,mlp.gate_proj,decode,1,QwenManualHybridLinear,0.25910401344299316
2273,9,model.layers.4.mlp.up_proj,mlp.up_proj,decode,1,QwenManualHybridLinear,0.26441600918769836
2274,9,model.layers.4.mlp.down_proj,mlp.down_proj,decode,1,QwenManualHybridLinear,0.36217600107192993
2275,9,model.layers.5.self_attn.q_proj,self_attn.q_proj,decode,1,QwenManualHybridLinear,0.27375999093055725
2276,9,model.layers.5.self_attn.k_proj,self_attn.k_proj,decode,1,QwenManualHybridLinear,0.2513599991798401
2277,9,model.layers.5.self_attn.v_proj,self_attn.v_proj,decode,1,QwenManualHybridLinear,0.2455040067434311
2278,9,model.layers.5.self_attn.o_proj,self_attn.o_proj,decode,1,QwenManualHybridLinear,0.10092800110578537
2279,9,model.layers.5.mlp.gate_proj,mlp.gate_proj,decode,1,QwenManualHybridLinear,0.2733440101146698
2280,9,model.layers.5.mlp.up_proj,mlp.up_proj,decode,1,QwenManualHybridLinear,0.2587839961051941
2281,9,model.layers.5.mlp.down_proj,mlp.down_proj,decode,1,QwenManualHybridLinear,0.24697600305080414
2282,9,model.layers.6.self_attn.q_proj,self_attn.q_proj,decode,1,QwenManualHybridLinear,0.2563199996948242
2283,9,model.layers.6.self_attn.k_proj,self_attn.k_proj,decode,1,QwenManualHybridLinear,0.24620799720287323
2284,9,model.layers.6.self_attn.v_proj,self_attn.v_proj,decode,1,QwenManualHybridLinear,0.24371199309825897
2285,9,model.layers.6.self_attn.o_proj,self_attn.o_proj,decode,1,QwenManualHybridLinear,0.11478400230407715
2286,9,model.layers.6.mlp.gate_proj,mlp.gate_proj,decode,1,QwenManualHybridLinear,0.2646079957485199
2287,9,model.layers.6.mlp.up_proj,mlp.up_proj,decode,1,QwenManualHybridLinear,0.24953599274158478
2288,9,model.layers.6.mlp.down_proj,mlp.down_proj,decode,1,QwenManualHybridLinear,0.2507840096950531
2289,9,model.layers.7.self_attn.q_proj,self_attn.q_proj,decode,1,QwenManualHybridLinear,0.2744640111923218
2290,9,model.layers.7.self_attn.k_proj,self_attn.k_proj,decode,1,QwenManualHybridLinear,0.2531839907169342
2291,9,model.layers.7.self_attn.v_proj,self_attn.v_proj,decode,1,QwenManualHybridLinear,0.24607999622821808
2292,9,model.layers.7.self_attn.o_proj,self_attn.o_proj,decode,1,QwenManualHybridLinear,0.10080000013113022
2293,9,model.layers.7.mlp.gate_proj,mlp.gate_proj,decode,1,QwenManualHybridLinear,0.2587839961051941
2294,9,model.layers.7.mlp.up_proj,mlp.up_proj,decode,1,QwenManualHybridLinear,0.24751999974250793
2295,9,model.layers.7.mlp.down_proj,mlp.down_proj,decode,1,QwenManualHybridLinear,0.24851199984550476
2296,9,model.layers.8.self_attn.q_proj,self_attn.q_proj,decode,1,QwenManualHybridLinear,0.2598080039024353
2297,9,model.layers.8.self_attn.k_proj,self_attn.k_proj,decode,1,QwenManualHybridLinear,0.2590720057487488
2298,9,model.layers.8.self_attn.v_proj,self_attn.v_proj,decode,1,QwenManualHybridLinear,0.25699201226234436
2299,9,model.layers.8.self_attn.o_proj,self_attn.o_proj,decode,1,QwenManualHybridLinear,0.1090560033917427
2300,9,model.layers.8.mlp.gate_proj,mlp.gate_proj,decode,1,QwenManualHybridLinear,0.256415992975235
2301,9,model.layers.8.mlp.up_proj,mlp.up_proj,decode,1,QwenManualHybridLinear,0.25862398743629456
2302,9,model.layers.8.mlp.down_proj,mlp.down_proj,decode,1,QwenManualHybridLinear,0.2486719936132431
2303,9,model.layers.9.self_attn.q_proj,self_attn.q_proj,decode,1,QwenManualHybridLinear,0.2611199915409088
2304,9,model.layers.9.self_attn.k_proj,self_attn.k_proj,decode,1,QwenManualHybridLinear,0.2505280077457428
2305,9,model.layers.9.self_attn.v_proj,self_attn.v_proj,decode,1,QwenManualHybridLinear,0.2505280077457428
2306,9,model.layers.9.self_attn.o_proj,self_attn.o_proj,decode,1,QwenManualHybridLinear,0.10864000022411346
2307,9,model.layers.9.mlp.gate_proj,mlp.gate_proj,decode,1,QwenManualHybridLinear,0.25699201226234436
2308,9,model.layers.9.mlp.up_proj,mlp.up_proj,decode,1,QwenManualHybridLinear,0.246848002076149
2309,9,model.layers.9.mlp.down_proj,mlp.down_proj,decode,1,QwenManualHybridLinear,0.2570880055427551
2310,9,model.layers.10.self_attn.q_proj,self_attn.q_proj,decode,1,QwenManualHybridLinear,0.26073598861694336
2311,9,model.layers.10.self_attn.k_proj,self_attn.k_proj,decode,1,QwenManualHybridLinear,0.24825599789619446
2312,9,model.layers.10.self_attn.v_proj,self_attn.v_proj,decode,1,QwenManualHybridLinear,0.2486400008201599
2313,9,model.layers.10.self_attn.o_proj,self_attn.o_proj,decode,1,QwenManualHybridLinear,0.10646399855613708
2314,9,model.layers.10.mlp.gate_proj,mlp.gate_proj,decode,1,QwenManualHybridLinear,0.2730880081653595
2315,9,model.layers.10.mlp.up_proj,mlp.up_proj,decode,1,QwenManualHybridLinear,0.2495039999485016
2316,9,model.layers.10.mlp.down_proj,mlp.down_proj,decode,1,QwenManualHybridLinear,0.2534399926662445
2317,9,model.layers.11.self_attn.q_proj,self_attn.q_proj,decode,1,QwenManualHybridLinear,0.25836798548698425
2318,9,model.layers.11.self_attn.k_proj,self_attn.k_proj,decode,1,QwenManualHybridLinear,0.252703994512558
2319,9,model.layers.11.self_attn.v_proj,self_attn.v_proj,decode,1,QwenManualHybridLinear,0.2637439966201782
2320,9,model.layers.11.self_attn.o_proj,self_attn.o_proj,decode,1,QwenManualHybridLinear,0.11606399714946747
2321,9,model.layers.11.mlp.gate_proj,mlp.gate_proj,decode,1,QwenManualHybridLinear,0.27081599831581116
2322,9,model.layers.11.mlp.up_proj,mlp.up_proj,decode,1,QwenManualHybridLinear,0.25491198897361755
2323,9,model.layers.11.mlp.down_proj,mlp.down_proj,decode,1,QwenManualHybridLinear,0.2481600046157837
2324,9,model.layers.12.self_attn.q_proj,self_attn.q_proj,decode,1,QwenManualHybridLinear,0.26009601354599
2325,9,model.layers.12.self_attn.k_proj,self_attn.k_proj,decode,1,QwenManualHybridLinear,0.25443199276924133
2326,9,model.layers.12.self_attn.v_proj,self_attn.v_proj,decode,1,QwenManualHybridLinear,0.2489279955625534
2327,9,model.layers.12.self_attn.o_proj,self_attn.o_proj,decode,1,QwenManualHybridLinear,0.1069440022110939
2328,9,model.layers.12.mlp.gate_proj,mlp.gate_proj,decode,1,QwenManualHybridLinear,0.2707200050354004
2329,9,model.layers.12.mlp.up_proj,mlp.up_proj,decode,1,QwenManualHybridLinear,0.2563199996948242
2330,9,model.layers.12.mlp.down_proj,mlp.down_proj,decode,1,QwenManualHybridLinear,0.246848002076149
2331,9,model.layers.13.self_attn.q_proj,self_attn.q_proj,decode,1,QwenManualHybridLinear,0.25417599081993103
2332,9,model.layers.13.self_attn.k_proj,self_attn.k_proj,decode,1,QwenManualHybridLinear,0.24831999838352203
2333,9,model.layers.13.self_attn.v_proj,self_attn.v_proj,decode,1,QwenManualHybridLinear,0.25356799364089966
2334,9,model.layers.13.self_attn.o_proj,self_attn.o_proj,decode,1,QwenManualHybridLinear,0.10976000130176544
2335,9,model.layers.13.mlp.gate_proj,mlp.gate_proj,decode,1,QwenManualHybridLinear,0.2686080038547516
2336,9,model.layers.13.mlp.up_proj,mlp.up_proj,decode,1,QwenManualHybridLinear,0.2535359859466553
2337,9,model.layers.13.mlp.down_proj,mlp.down_proj,decode,1,QwenManualHybridLinear,0.25894400477409363
2338,9,model.layers.14.self_attn.q_proj,self_attn.q_proj,decode,1,QwenManualHybridLinear,0.26175999641418457
2339,9,model.layers.14.self_attn.k_proj,self_attn.k_proj,decode,1,QwenManualHybridLinear,0.24966399371623993
2340,9,model.layers.14.self_attn.v_proj,self_attn.v_proj,decode,1,QwenManualHybridLinear,0.24508799612522125
2341,9,model.layers.14.self_attn.o_proj,self_attn.o_proj,decode,1,QwenManualHybridLinear,0.1136000007390976
2342,9,model.layers.14.mlp.gate_proj,mlp.gate_proj,decode,1,QwenManualHybridLinear,0.2764799892902374
2343,9,model.layers.14.mlp.up_proj,mlp.up_proj,decode,1,QwenManualHybridLinear,0.27401599287986755
2344,9,model.layers.14.mlp.down_proj,mlp.down_proj,decode,1,QwenManualHybridLinear,0.2497279942035675
2345,9,model.layers.15.self_attn.q_proj,self_attn.q_proj,decode,1,QwenManualHybridLinear,0.2616640031337738
2346,9,model.layers.15.self_attn.k_proj,self_attn.k_proj,decode,1,QwenManualHybridLinear,0.2481279969215393
2347,9,model.layers.15.self_attn.v_proj,self_attn.v_proj,decode,1,QwenManualHybridLinear,0.247871994972229
2348,9,model.layers.15.self_attn.o_proj,self_attn.o_proj,decode,1,QwenManualHybridLinear,0.1008640006184578
2349,9,model.layers.15.mlp.gate_proj,mlp.gate_proj,decode,1,QwenManualHybridLinear,0.2553919851779938
2350,9,model.layers.15.mlp.up_proj,mlp.up_proj,decode,1,QwenManualHybridLinear,0.2508159875869751
2351,9,model.layers.15.mlp.down_proj,mlp.down_proj,decode,1,QwenManualHybridLinear,0.244159996509552
2352,9,model.layers.16.self_attn.q_proj,self_attn.q_proj,decode,1,QwenManualHybridLinear,0.25113600492477417
2353,9,model.layers.16.self_attn.k_proj,self_attn.k_proj,decode,1,QwenManualHybridLinear,0.24662399291992188
2354,9,model.layers.16.self_attn.v_proj,self_attn.v_proj,decode,1,QwenManualHybridLinear,0.24777600169181824
2355,9,model.layers.16.self_attn.o_proj,self_attn.o_proj,decode,1,QwenManualHybridLinear,0.11340799927711487
2356,9,model.layers.16.mlp.gate_proj,mlp.gate_proj,decode,1,QwenManualHybridLinear,0.26950401067733765
2357,9,model.layers.16.mlp.up_proj,mlp.up_proj,decode,1,QwenManualHybridLinear,0.2683520019054413
2358,9,model.layers.16.mlp.down_proj,mlp.down_proj,decode,1,QwenManualHybridLinear,0.24982400238513947
2359,9,model.layers.17.self_attn.q_proj,self_attn.q_proj,decode,1,QwenManualHybridLinear,0.2560960054397583
2360,9,model.layers.17.self_attn.k_proj,self_attn.k_proj,decode,1,QwenManualHybridLinear,0.2534399926662445
2361,9,model.layers.17.self_attn.v_proj,self_attn.v_proj,decode,1,QwenManualHybridLinear,0.24636800587177277
2362,9,model.layers.17.self_attn.o_proj,self_attn.o_proj,decode,1,QwenManualHybridLinear,0.09971199929714203
2363,9,model.layers.17.mlp.gate_proj,mlp.gate_proj,decode,1,QwenManualHybridLinear,0.25385600328445435
2364,9,model.layers.17.mlp.up_proj,mlp.up_proj,decode,1,QwenManualHybridLinear,0.2502079904079437
2365,9,model.layers.17.mlp.down_proj,mlp.down_proj,decode,1,QwenManualHybridLinear,0.24291199445724487
2366,9,model.layers.18.self_attn.q_proj,self_attn.q_proj,decode,1,QwenManualHybridLinear,0.2680320143699646
2367,9,model.layers.18.self_attn.k_proj,self_attn.k_proj,decode,1,QwenManualHybridLinear,0.26256000995635986
2368,9,model.layers.18.self_attn.v_proj,self_attn.v_proj,decode,1,QwenManualHybridLinear,0.2489600032567978
2369,9,model.layers.18.self_attn.o_proj,self_attn.o_proj,decode,1,QwenManualHybridLinear,0.09913600236177444
2370,9,model.layers.18.mlp.gate_proj,mlp.gate_proj,decode,1,QwenManualHybridLinear,0.25513601303100586
2371,9,model.layers.18.mlp.up_proj,mlp.up_proj,decode,1,QwenManualHybridLinear,0.24672000110149384
2372,9,model.layers.18.mlp.down_proj,mlp.down_proj,decode,1,QwenManualHybridLinear,0.25484800338745117
2373,9,model.layers.19.self_attn.q_proj,self_attn.q_proj,decode,1,QwenManualHybridLinear,0.2536959946155548
2374,9,model.layers.19.self_attn.k_proj,self_attn.k_proj,decode,1,QwenManualHybridLinear,0.24569599330425262
2375,9,model.layers.19.self_attn.v_proj,self_attn.v_proj,decode,1,QwenManualHybridLinear,0.24940800666809082
2376,9,model.layers.19.self_attn.o_proj,self_attn.o_proj,decode,1,QwenManualHybridLinear,0.11407999694347382
2377,9,model.layers.19.mlp.gate_proj,mlp.gate_proj,decode,1,QwenManualHybridLinear,0.2619839906692505
2378,9,model.layers.19.mlp.up_proj,mlp.up_proj,decode,1,QwenManualHybridLinear,0.24403199553489685
2379,9,model.layers.19.mlp.down_proj,mlp.down_proj,decode,1,QwenManualHybridLinear,0.25174400210380554
2380,9,model.layers.20.self_attn.q_proj,self_attn.q_proj,decode,1,QwenManualHybridLinear,0.254720002412796
2381,9,model.layers.20.self_attn.k_proj,self_attn.k_proj,decode,1,QwenManualHybridLinear,0.24742400646209717
2382,9,model.layers.20.self_attn.v_proj,self_attn.v_proj,decode,1,QwenManualHybridLinear,0.24035200476646423
2383,9,model.layers.20.self_attn.o_proj,self_attn.o_proj,decode,1,QwenManualHybridLinear,0.10342399775981903
2384,9,model.layers.20.mlp.gate_proj,mlp.gate_proj,decode,1,QwenManualHybridLinear,0.2629759907722473
2385,9,model.layers.20.mlp.up_proj,mlp.up_proj,decode,1,QwenManualHybridLinear,0.25577598810195923
2386,9,model.layers.20.mlp.down_proj,mlp.down_proj,decode,1,QwenManualHybridLinear,0.24659200012683868
2387,9,model.layers.21.self_attn.q_proj,self_attn.q_proj,decode,1,QwenManualHybridLinear,0.25644800066947937
2388,9,model.layers.21.self_attn.k_proj,self_attn.k_proj,decode,1,QwenManualHybridLinear,0.24780799448490143
2389,9,model.layers.21.self_attn.v_proj,self_attn.v_proj,decode,1,QwenManualHybridLinear,0.24969600141048431
2390,9,model.layers.21.self_attn.o_proj,self_attn.o_proj,decode,1,QwenManualHybridLinear,0.10345599800348282
2391,9,model.layers.21.mlp.gate_proj,mlp.gate_proj,decode,1,QwenManualHybridLinear,0.2529599964618683
2392,9,model.layers.21.mlp.up_proj,mlp.up_proj,decode,1,QwenManualHybridLinear,0.2415360063314438
2393,9,model.layers.21.mlp.down_proj,mlp.down_proj,decode,1,QwenManualHybridLinear,0.24857600033283234
2394,9,model.layers.22.self_attn.q_proj,self_attn.q_proj,decode,1,QwenManualHybridLinear,0.2645759880542755
2395,9,model.layers.22.self_attn.k_proj,self_attn.k_proj,decode,1,QwenManualHybridLinear,0.24803200364112854
2396,9,model.layers.22.self_attn.v_proj,self_attn.v_proj,decode,1,QwenManualHybridLinear,0.2460480034351349
2397,9,model.layers.22.self_attn.o_proj,self_attn.o_proj,decode,1,QwenManualHybridLinear,0.1066880002617836
2398,9,model.layers.22.mlp.gate_proj,mlp.gate_proj,decode,1,QwenManualHybridLinear,0.2543039917945862
2399,9,model.layers.22.mlp.up_proj,mlp.up_proj,decode,1,QwenManualHybridLinear,0.25142401456832886
2400,9,model.layers.22.mlp.down_proj,mlp.down_proj,decode,1,QwenManualHybridLinear,0.277536004781723
2401,9,model.layers.23.self_attn.q_proj,self_attn.q_proj,decode,1,QwenManualHybridLinear,0.2544960081577301
2402,9,model.layers.23.self_attn.k_proj,self_attn.k_proj,decode,1,QwenManualHybridLinear,0.25017601251602173
2403,9,model.layers.23.self_attn.v_proj,self_attn.v_proj,decode,1,QwenManualHybridLinear,0.24374400079250336
2404,9,model.layers.23.self_attn.o_proj,self_attn.o_proj,decode,1,QwenManualHybridLinear,0.10630399733781815
2405,9,model.layers.23.mlp.gate_proj,mlp.gate_proj,decode,1,QwenManualHybridLinear,0.27004799246788025
2406,9,model.layers.23.mlp.up_proj,mlp.up_proj,decode,1,QwenManualHybridLinear,0.2767679989337921
2407,9,model.layers.23.mlp.down_proj,mlp.down_proj,decode,1,QwenManualHybridLinear,0.25113600492477417
2408,9,model.layers.24.self_attn.q_proj,self_attn.q_proj,decode,1,QwenManualHybridLinear,0.25619199872016907
2409,9,model.layers.24.self_attn.k_proj,self_attn.k_proj,decode,1,QwenManualHybridLinear,0.2462719976902008
2410,9,model.layers.24.self_attn.v_proj,self_attn.v_proj,decode,1,QwenManualHybridLinear,0.2489279955625534
2411,9,model.layers.24.self_attn.o_proj,self_attn.o_proj,decode,1,QwenManualHybridLinear,0.10527999699115753
2412,9,model.layers.24.mlp.gate_proj,mlp.gate_proj,decode,1,QwenManualHybridLinear,0.26441600918769836
2413,9,model.layers.24.mlp.up_proj,mlp.up_proj,decode,1,QwenManualHybridLinear,0.2524479925632477
2414,9,model.layers.24.mlp.down_proj,mlp.down_proj,decode,1,QwenManualHybridLinear,0.24988800287246704
2415,9,model.layers.25.self_attn.q_proj,self_attn.q_proj,decode,1,QwenManualHybridLinear,0.25756800174713135
2416,9,model.layers.25.self_attn.k_proj,self_attn.k_proj,decode,1,QwenManualHybridLinear,0.2648960053920746
2417,9,model.layers.25.self_attn.v_proj,self_attn.v_proj,decode,1,QwenManualHybridLinear,0.2503040134906769
2418,9,model.layers.25.self_attn.o_proj,self_attn.o_proj,decode,1,QwenManualHybridLinear,0.10400000214576721
2419,9,model.layers.25.mlp.gate_proj,mlp.gate_proj,decode,1,QwenManualHybridLinear,0.2582400143146515
2420,9,model.layers.25.mlp.up_proj,mlp.up_proj,decode,1,QwenManualHybridLinear,0.2479040026664734
2421,9,model.layers.25.mlp.down_proj,mlp.down_proj,decode,1,QwenManualHybridLinear,0.2494720071554184
2422,9,model.layers.26.self_attn.q_proj,self_attn.q_proj,decode,1,QwenManualHybridLinear,0.26124799251556396
2423,9,model.layers.26.self_attn.k_proj,self_attn.k_proj,decode,1,QwenManualHybridLinear,0.24668799340724945
2424,9,model.layers.26.self_attn.v_proj,self_attn.v_proj,decode,1,QwenManualHybridLinear,0.2505599856376648
2425,9,model.layers.26.self_attn.o_proj,self_attn.o_proj,decode,1,QwenManualHybridLinear,0.11033599823713303
2426,9,model.layers.26.mlp.gate_proj,mlp.gate_proj,decode,1,QwenManualHybridLinear,0.26892799139022827
2427,9,model.layers.26.mlp.up_proj,mlp.up_proj,decode,1,QwenManualHybridLinear,0.2566719949245453
2428,9,model.layers.26.mlp.down_proj,mlp.down_proj,decode,1,QwenManualHybridLinear,0.2529279887676239
2429,9,model.layers.27.self_attn.q_proj,self_attn.q_proj,decode,1,QwenManualHybridLinear,0.26019200682640076
2430,9,model.layers.27.self_attn.k_proj,self_attn.k_proj,decode,1,QwenManualHybridLinear,0.25254398584365845
2431,9,model.layers.27.self_attn.v_proj,self_attn.v_proj,decode,1,QwenManualHybridLinear,0.2452480047941208
2432,9,model.layers.27.self_attn.o_proj,self_attn.o_proj,decode,1,QwenManualHybridLinear,0.09939199686050415
2433,9,model.layers.27.mlp.gate_proj,mlp.gate_proj,decode,1,QwenManualHybridLinear,0.2569600045681
2434,9,model.layers.27.mlp.up_proj,mlp.up_proj,decode,1,QwenManualHybridLinear,0.25654399394989014
2435,9,model.layers.27.mlp.down_proj,mlp.down_proj,decode,1,QwenManualHybridLinear,0.2616960108280182
2436,9,model.layers.28.self_attn.q_proj,self_attn.q_proj,decode,1,QwenManualHybridLinear,0.2542400062084198
2437,9,model.layers.28.self_attn.k_proj,self_attn.k_proj,decode,1,QwenManualHybridLinear,0.24963200092315674
2438,9,model.layers.28.self_attn.v_proj,self_attn.v_proj,decode,1,QwenManualHybridLinear,0.25116801261901855
2439,9,model.layers.28.self_attn.o_proj,self_attn.o_proj,decode,1,QwenManualHybridLinear,0.1045759990811348
2440,9,model.layers.28.mlp.gate_proj,mlp.gate_proj,decode,1,QwenManualHybridLinear,0.2553279995918274
2441,9,model.layers.28.mlp.up_proj,mlp.up_proj,decode,1,QwenManualHybridLinear,0.25171199440956116
2442,9,model.layers.28.mlp.down_proj,mlp.down_proj,decode,1,QwenManualHybridLinear,0.25071999430656433
2443,9,model.layers.29.self_attn.q_proj,self_attn.q_proj,decode,1,QwenManualHybridLinear,0.26361599564552307
2444,9,model.layers.29.self_attn.k_proj,self_attn.k_proj,decode,1,QwenManualHybridLinear,0.26131200790405273
2445,9,model.layers.29.self_attn.v_proj,self_attn.v_proj,decode,1,QwenManualHybridLinear,0.24582399427890778
2446,9,model.layers.29.self_attn.o_proj,self_attn.o_proj,decode,1,QwenManualHybridLinear,0.1013759970664978
2447,9,model.layers.29.mlp.gate_proj,mlp.gate_proj,decode,1,QwenManualHybridLinear,0.2635200023651123
2448,9,model.layers.29.mlp.up_proj,mlp.up_proj,decode,1,QwenManualHybridLinear,0.24355199933052063
2449,9,model.layers.29.mlp.down_proj,mlp.down_proj,decode,1,QwenManualHybridLinear,0.24624000489711761
2450,9,model.layers.30.self_attn.q_proj,self_attn.q_proj,decode,1,QwenManualHybridLinear,0.255840003490448
2451,9,model.layers.30.self_attn.k_proj,self_attn.k_proj,decode,1,QwenManualHybridLinear,0.24905599653720856
2452,9,model.layers.30.self_attn.v_proj,self_attn.v_proj,decode,1,QwenManualHybridLinear,0.2425920069217682
2453,9,model.layers.30.self_attn.o_proj,self_attn.o_proj,decode,1,QwenManualHybridLinear,0.10595200210809708
2454,9,model.layers.30.mlp.gate_proj,mlp.gate_proj,decode,1,QwenManualHybridLinear,0.2852480113506317
2455,9,model.layers.30.mlp.up_proj,mlp.up_proj,decode,1,QwenManualHybridLinear,0.2571200132369995
2456,9,model.layers.30.mlp.down_proj,mlp.down_proj,decode,1,QwenManualHybridLinear,0.2468159943819046
2457,9,model.layers.31.self_attn.q_proj,self_attn.q_proj,decode,1,QwenManualHybridLinear,0.2581759989261627
2458,9,model.layers.31.self_attn.k_proj,self_attn.k_proj,decode,1,QwenManualHybridLinear,0.25382399559020996
2459,9,model.layers.31.self_attn.v_proj,self_attn.v_proj,decode,1,QwenManualHybridLinear,0.24662399291992188
2460,9,model.layers.31.self_attn.o_proj,self_attn.o_proj,decode,1,QwenManualHybridLinear,0.10131199657917023
2461,9,model.layers.31.mlp.gate_proj,mlp.gate_proj,decode,1,QwenManualHybridLinear,0.2568320035934448
2462,9,model.layers.31.mlp.up_proj,mlp.up_proj,decode,1,QwenManualHybridLinear,0.25305598974227905
2463,9,model.layers.31.mlp.down_proj,mlp.down_proj,decode,1,QwenManualHybridLinear,0.24687999486923218
2464,10,model.layers.0.self_attn.q_proj,self_attn.q_proj,decode,1,QwenManualHybridLinear,0.4066559970378876
2465,10,model.layers.0.self_attn.k_proj,self_attn.k_proj,decode,1,QwenManualHybridLinear,0.29228800535202026
2466,10,model.layers.0.self_attn.v_proj,self_attn.v_proj,decode,1,QwenManualHybridLinear,0.26265600323677063
2467,10,model.layers.0.self_attn.o_proj,self_attn.o_proj,decode,1,QwenManualHybridLinear,0.11510399729013443
2468,10,model.layers.0.mlp.gate_proj,mlp.gate_proj,decode,1,QwenManualHybridLinear,0.27456000447273254
2469,10,model.layers.0.mlp.up_proj,mlp.up_proj,decode,1,QwenManualHybridLinear,0.2588160037994385
2470,10,model.layers.0.mlp.down_proj,mlp.down_proj,decode,1,QwenManualHybridLinear,0.25257599353790283
2471,10,model.layers.1.self_attn.q_proj,self_attn.q_proj,decode,1,QwenManualHybridLinear,0.2762880027294159
2472,10,model.layers.1.self_attn.k_proj,self_attn.k_proj,decode,1,QwenManualHybridLinear,0.25699201226234436
2473,10,model.layers.1.self_attn.v_proj,self_attn.v_proj,decode,1,QwenManualHybridLinear,0.24579200148582458
2474,10,model.layers.1.self_attn.o_proj,self_attn.o_proj,decode,1,QwenManualHybridLinear,0.11302399635314941
2475,10,model.layers.1.mlp.gate_proj,mlp.gate_proj,decode,1,QwenManualHybridLinear,0.2750079929828644
2476,10,model.layers.1.mlp.up_proj,mlp.up_proj,decode,1,QwenManualHybridLinear,0.25094398856163025
2477,10,model.layers.1.mlp.down_proj,mlp.down_proj,decode,1,QwenManualHybridLinear,0.24963200092315674
2478,10,model.layers.2.self_attn.q_proj,self_attn.q_proj,decode,1,QwenManualHybridLinear,0.263808012008667
2479,10,model.layers.2.self_attn.k_proj,self_attn.k_proj,decode,1,QwenManualHybridLinear,0.2519359886646271
2480,10,model.layers.2.self_attn.v_proj,self_attn.v_proj,decode,1,QwenManualHybridLinear,0.24454399943351746
2481,10,model.layers.2.self_attn.o_proj,self_attn.o_proj,decode,1,QwenManualHybridLinear,0.10556799918413162
2482,10,model.layers.2.mlp.gate_proj,mlp.gate_proj,decode,1,QwenManualHybridLinear,0.2703999876976013
2483,10,model.layers.2.mlp.up_proj,mlp.up_proj,decode,1,QwenManualHybridLinear,0.24691200256347656
2484,10,model.layers.2.mlp.down_proj,mlp.down_proj,decode,1,QwenManualHybridLinear,0.3559359908103943
2485,10,model.layers.3.self_attn.q_proj,self_attn.q_proj,decode,1,QwenManualHybridLinear,0.2995840013027191
2486,10,model.layers.3.self_attn.k_proj,self_attn.k_proj,decode,1,QwenManualHybridLinear,0.2614719867706299
2487,10,model.layers.3.self_attn.v_proj,self_attn.v_proj,decode,1,QwenManualHybridLinear,0.24460799992084503
2488,10,model.layers.3.self_attn.o_proj,self_attn.o_proj,decode,1,QwenManualHybridLinear,0.10627199709415436
2489,10,model.layers.3.mlp.gate_proj,mlp.gate_proj,decode,1,QwenManualHybridLinear,0.2747519910335541
2490,10,model.layers.3.mlp.up_proj,mlp.up_proj,decode,1,QwenManualHybridLinear,0.25513601303100586
2491,10,model.layers.3.mlp.down_proj,mlp.down_proj,decode,1,QwenManualHybridLinear,0.2481279969215393
2492,10,model.layers.4.self_attn.q_proj,self_attn.q_proj,decode,1,QwenManualHybridLinear,0.2544640004634857
2493,10,model.layers.4.self_attn.k_proj,self_attn.k_proj,decode,1,QwenManualHybridLinear,0.24672000110149384
2494,10,model.layers.4.self_attn.v_proj,self_attn.v_proj,decode,1,QwenManualHybridLinear,0.2491839975118637
2495,10,model.layers.4.self_attn.o_proj,self_attn.o_proj,decode,1,QwenManualHybridLinear,0.10745599865913391
2496,10,model.layers.4.mlp.gate_proj,mlp.gate_proj,decode,1,QwenManualHybridLinear,0.27001601457595825
2497,10,model.layers.4.mlp.up_proj,mlp.up_proj,decode,1,QwenManualHybridLinear,0.2614080011844635
2498,10,model.layers.4.mlp.down_proj,mlp.down_proj,decode,1,QwenManualHybridLinear,0.2508479952812195
2499,10,model.layers.5.self_attn.q_proj,self_attn.q_proj,decode,1,QwenManualHybridLinear,0.2797119915485382
2500,10,model.layers.5.self_attn.k_proj,self_attn.k_proj,decode,1,QwenManualHybridLinear,0.2519359886646271
2501,10,model.layers.5.self_attn.v_proj,self_attn.v_proj,decode,1,QwenManualHybridLinear,0.2428479939699173
2502,10,model.layers.5.self_attn.o_proj,self_attn.o_proj,decode,1,QwenManualHybridLinear,0.10150399804115295
2503,10,model.layers.5.mlp.gate_proj,mlp.gate_proj,decode,1,QwenManualHybridLinear,0.26291200518608093
2504,10,model.layers.5.mlp.up_proj,mlp.up_proj,decode,1,QwenManualHybridLinear,0.2479040026664734
2505,10,model.layers.5.mlp.down_proj,mlp.down_proj,decode,1,QwenManualHybridLinear,0.24713599681854248
2506,10,model.layers.6.self_attn.q_proj,self_attn.q_proj,decode,1,QwenManualHybridLinear,0.26848000288009644
2507,10,model.layers.6.self_attn.k_proj,self_attn.k_proj,decode,1,QwenManualHybridLinear,0.2513920068740845
2508,10,model.layers.6.self_attn.v_proj,self_attn.v_proj,decode,1,QwenManualHybridLinear,0.24636800587177277
2509,10,model.layers.6.self_attn.o_proj,self_attn.o_proj,decode,1,QwenManualHybridLinear,0.10950399935245514
2510,10,model.layers.6.mlp.gate_proj,mlp.gate_proj,decode,1,QwenManualHybridLinear,0.2654080092906952
2511,10,model.layers.6.mlp.up_proj,mlp.up_proj,decode,1,QwenManualHybridLinear,0.24739199876785278
2512,10,model.layers.6.mlp.down_proj,mlp.down_proj,decode,1,QwenManualHybridLinear,0.2479040026664734
2513,10,model.layers.7.self_attn.q_proj,self_attn.q_proj,decode,1,QwenManualHybridLinear,0.25542399287223816
2514,10,model.layers.7.self_attn.k_proj,self_attn.k_proj,decode,1,QwenManualHybridLinear,0.2606399953365326
2515,10,model.layers.7.self_attn.v_proj,self_attn.v_proj,decode,1,QwenManualHybridLinear,0.2441280037164688
2516,10,model.layers.7.self_attn.o_proj,self_attn.o_proj,decode,1,QwenManualHybridLinear,0.11337599903345108
2517,10,model.layers.7.mlp.gate_proj,mlp.gate_proj,decode,1,QwenManualHybridLinear,0.27027198672294617
2518,10,model.layers.7.mlp.up_proj,mlp.up_proj,decode,1,QwenManualHybridLinear,0.24873599410057068
2519,10,model.layers.7.mlp.down_proj,mlp.down_proj,decode,1,QwenManualHybridLinear,0.2640959918498993
2520,10,model.layers.8.self_attn.q_proj,self_attn.q_proj,decode,1,QwenManualHybridLinear,0.2659200131893158
2521,10,model.layers.8.self_attn.k_proj,self_attn.k_proj,decode,1,QwenManualHybridLinear,0.24953599274158478
2522,10,model.layers.8.self_attn.v_proj,self_attn.v_proj,decode,1,QwenManualHybridLinear,0.24345600605010986
2523,10,model.layers.8.self_attn.o_proj,self_attn.o_proj,decode,1,QwenManualHybridLinear,0.10787200182676315
2524,10,model.layers.8.mlp.gate_proj,mlp.gate_proj,decode,1,QwenManualHybridLinear,0.26921600103378296
2525,10,model.layers.8.mlp.up_proj,mlp.up_proj,decode,1,QwenManualHybridLinear,0.24899199604988098
2526,10,model.layers.8.mlp.down_proj,mlp.down_proj,decode,1,QwenManualHybridLinear,0.24876800179481506
2527,10,model.layers.9.self_attn.q_proj,self_attn.q_proj,decode,1,QwenManualHybridLinear,0.25407999753952026
2528,10,model.layers.9.self_attn.k_proj,self_attn.k_proj,decode,1,QwenManualHybridLinear,0.2536959946155548
2529,10,model.layers.9.self_attn.v_proj,self_attn.v_proj,decode,1,QwenManualHybridLinear,0.2635200023651123
2530,10,model.layers.9.self_attn.o_proj,self_attn.o_proj,decode,1,QwenManualHybridLinear,0.09888000041246414
2531,10,model.layers.9.mlp.gate_proj,mlp.gate_proj,decode,1,QwenManualHybridLinear,0.2616640031337738
2532,10,model.layers.9.mlp.up_proj,mlp.up_proj,decode,1,QwenManualHybridLinear,0.2638719975948334
2533,10,model.layers.9.mlp.down_proj,mlp.down_proj,decode,1,QwenManualHybridLinear,0.2492160052061081
2534,10,model.layers.10.self_attn.q_proj,self_attn.q_proj,decode,1,QwenManualHybridLinear,0.2637760043144226
2535,10,model.layers.10.self_attn.k_proj,self_attn.k_proj,decode,1,QwenManualHybridLinear,0.2531520128250122
2536,10,model.layers.10.self_attn.v_proj,self_attn.v_proj,decode,1,QwenManualHybridLinear,0.24432000517845154
2537,10,model.layers.10.self_attn.o_proj,self_attn.o_proj,decode,1,QwenManualHybridLinear,0.10409600287675858
2538,10,model.layers.10.mlp.gate_proj,mlp.gate_proj,decode,1,QwenManualHybridLinear,0.2860479950904846
2539,10,model.layers.10.mlp.up_proj,mlp.up_proj,decode,1,QwenManualHybridLinear,0.25702399015426636
2540,10,model.layers.10.mlp.down_proj,mlp.down_proj,decode,1,QwenManualHybridLinear,0.24796800315380096
2541,10,model.layers.11.self_attn.q_proj,self_attn.q_proj,decode,1,QwenManualHybridLinear,0.26070401072502136
2542,10,model.layers.11.self_attn.k_proj,self_attn.k_proj,decode,1,QwenManualHybridLinear,0.25046399235725403
2543,10,model.layers.11.self_attn.v_proj,self_attn.v_proj,decode,1,QwenManualHybridLinear,0.24483199417591095
2544,10,model.layers.11.self_attn.o_proj,self_attn.o_proj,decode,1,QwenManualHybridLinear,0.11081600189208984
2545,10,model.layers.11.mlp.gate_proj,mlp.gate_proj,decode,1,QwenManualHybridLinear,0.25968000292778015
2546,10,model.layers.11.mlp.up_proj,mlp.up_proj,decode,1,QwenManualHybridLinear,0.24588799476623535
2547,10,model.layers.11.mlp.down_proj,mlp.down_proj,decode,1,QwenManualHybridLinear,0.24323199689388275
2548,10,model.layers.12.self_attn.q_proj,self_attn.q_proj,decode,1,QwenManualHybridLinear,0.2733120024204254
2549,10,model.layers.12.self_attn.k_proj,self_attn.k_proj,decode,1,QwenManualHybridLinear,0.2587519884109497
2550,10,model.layers.12.self_attn.v_proj,self_attn.v_proj,decode,1,QwenManualHybridLinear,0.26128000020980835
2551,10,model.layers.12.self_attn.o_proj,self_attn.o_proj,decode,1,QwenManualHybridLinear,0.10876800119876862
2552,10,model.layers.12.mlp.gate_proj,mlp.gate_proj,decode,1,QwenManualHybridLinear,0.26607999205589294
2553,10,model.layers.12.mlp.up_proj,mlp.up_proj,decode,1,QwenManualHybridLinear,0.2502720057964325
2554,10,model.layers.12.mlp.down_proj,mlp.down_proj,decode,1,QwenManualHybridLinear,0.2479040026664734
2555,10,model.layers.13.self_attn.q_proj,self_attn.q_proj,decode,1,QwenManualHybridLinear,0.26124799251556396
2556,10,model.layers.13.self_attn.k_proj,self_attn.k_proj,decode,1,QwenManualHybridLinear,0.2555840015411377
2557,10,model.layers.13.self_attn.v_proj,self_attn.v_proj,decode,1,QwenManualHybridLinear,0.24329599738121033
2558,10,model.layers.13.self_attn.o_proj,self_attn.o_proj,decode,1,QwenManualHybridLinear,0.11683200299739838
2559,10,model.layers.13.mlp.gate_proj,mlp.gate_proj,decode,1,QwenManualHybridLinear,0.2736000120639801
2560,10,model.layers.13.mlp.up_proj,mlp.up_proj,decode,1,QwenManualHybridLinear,0.249439999461174
2561,10,model.layers.13.mlp.down_proj,mlp.down_proj,decode,1,QwenManualHybridLinear,0.251583993434906
2562,10,model.layers.14.self_attn.q_proj,self_attn.q_proj,decode,1,QwenManualHybridLinear,0.2573759853839874
2563,10,model.layers.14.self_attn.k_proj,self_attn.k_proj,decode,1,QwenManualHybridLinear,0.24499200284481049
2564,10,model.layers.14.self_attn.v_proj,self_attn.v_proj,decode,1,QwenManualHybridLinear,0.2420479953289032
2565,10,model.layers.14.self_attn.o_proj,self_attn.o_proj,decode,1,QwenManualHybridLinear,0.10953599959611893
2566,10,model.layers.14.mlp.gate_proj,mlp.gate_proj,decode,1,QwenManualHybridLinear,0.2741760015487671
2567,10,model.layers.14.mlp.up_proj,mlp.up_proj,decode,1,QwenManualHybridLinear,0.2627840042114258
2568,10,model.layers.14.mlp.down_proj,mlp.down_proj,decode,1,QwenManualHybridLinear,0.24489599466323853
2569,10,model.layers.15.self_attn.q_proj,self_attn.q_proj,decode,1,QwenManualHybridLinear,0.2533760070800781
2570,10,model.layers.15.self_attn.k_proj,self_attn.k_proj,decode,1,QwenManualHybridLinear,0.24988800287246704
2571,10,model.layers.15.self_attn.v_proj,self_attn.v_proj,decode,1,QwenManualHybridLinear,0.24585600197315216
2572,10,model.layers.15.self_attn.o_proj,self_attn.o_proj,decode,1,QwenManualHybridLinear,0.09955199807882309
2573,10,model.layers.15.mlp.gate_proj,mlp.gate_proj,decode,1,QwenManualHybridLinear,0.2544960081577301
2574,10,model.layers.15.mlp.up_proj,mlp.up_proj,decode,1,QwenManualHybridLinear,0.24595199525356293
2575,10,model.layers.15.mlp.down_proj,mlp.down_proj,decode,1,QwenManualHybridLinear,0.24662399291992188
2576,10,model.layers.16.self_attn.q_proj,self_attn.q_proj,decode,1,QwenManualHybridLinear,0.2540160119533539
2577,10,model.layers.16.self_attn.k_proj,self_attn.k_proj,decode,1,QwenManualHybridLinear,0.2674559950828552
2578,10,model.layers.16.self_attn.v_proj,self_attn.v_proj,decode,1,QwenManualHybridLinear,0.2449280023574829
2579,10,model.layers.16.self_attn.o_proj,self_attn.o_proj,decode,1,QwenManualHybridLinear,0.11724799871444702
2580,10,model.layers.16.mlp.gate_proj,mlp.gate_proj,decode,1,QwenManualHybridLinear,0.2709439992904663
2581,10,model.layers.16.mlp.up_proj,mlp.up_proj,decode,1,QwenManualHybridLinear,0.2512640058994293
2582,10,model.layers.16.mlp.down_proj,mlp.down_proj,decode,1,QwenManualHybridLinear,0.24771200120449066
2583,10,model.layers.17.self_attn.q_proj,self_attn.q_proj,decode,1,QwenManualHybridLinear,0.259552001953125
2584,10,model.layers.17.self_attn.k_proj,self_attn.k_proj,decode,1,QwenManualHybridLinear,0.24889600276947021
2585,10,model.layers.17.self_attn.v_proj,self_attn.v_proj,decode,1,QwenManualHybridLinear,0.2518079876899719
2586,10,model.layers.17.self_attn.o_proj,self_attn.o_proj,decode,1,QwenManualHybridLinear,0.10489600151777267
2587,10,model.layers.17.mlp.gate_proj,mlp.gate_proj,decode,1,QwenManualHybridLinear,0.2672640085220337
2588,10,model.layers.17.mlp.up_proj,mlp.up_proj,decode,1,QwenManualHybridLinear,0.2465279996395111
2589,10,model.layers.17.mlp.down_proj,mlp.down_proj,decode,1,QwenManualHybridLinear,0.24291199445724487
2590,10,model.layers.18.self_attn.q_proj,self_attn.q_proj,decode,1,QwenManualHybridLinear,0.2550399899482727
2591,10,model.layers.18.self_attn.k_proj,self_attn.k_proj,decode,1,QwenManualHybridLinear,0.24454399943351746
2592,10,model.layers.18.self_attn.v_proj,self_attn.v_proj,decode,1,QwenManualHybridLinear,0.2486400008201599
2593,10,model.layers.18.self_attn.o_proj,self_attn.o_proj,decode,1,QwenManualHybridLinear,0.11049599945545197
2594,10,model.layers.18.mlp.gate_proj,mlp.gate_proj,decode,1,QwenManualHybridLinear,0.2605760097503662
2595,10,model.layers.18.mlp.up_proj,mlp.up_proj,decode,1,QwenManualHybridLinear,0.2510719895362854
2596,10,model.layers.18.mlp.down_proj,mlp.down_proj,decode,1,QwenManualHybridLinear,0.24460799992084503
2597,10,model.layers.19.self_attn.q_proj,self_attn.q_proj,decode,1,QwenManualHybridLinear,0.25913599133491516
2598,10,model.layers.19.self_attn.k_proj,self_attn.k_proj,decode,1,QwenManualHybridLinear,0.24585600197315216
2599,10,model.layers.19.self_attn.v_proj,self_attn.v_proj,decode,1,QwenManualHybridLinear,0.24828800559043884
2600,10,model.layers.19.self_attn.o_proj,self_attn.o_proj,decode,1,QwenManualHybridLinear,0.10358399897813797
2601,10,model.layers.19.mlp.gate_proj,mlp.gate_proj,decode,1,QwenManualHybridLinear,0.2553919851779938
2602,10,model.layers.19.mlp.up_proj,mlp.up_proj,decode,1,QwenManualHybridLinear,0.24931199848651886
2603,10,model.layers.19.mlp.down_proj,mlp.down_proj,decode,1,QwenManualHybridLinear,0.25145599246025085
2604,10,model.layers.20.self_attn.q_proj,self_attn.q_proj,decode,1,QwenManualHybridLinear,0.27219200134277344
2605,10,model.layers.20.self_attn.k_proj,self_attn.k_proj,decode,1,QwenManualHybridLinear,0.25123199820518494
2606,10,model.layers.20.self_attn.v_proj,self_attn.v_proj,decode,1,QwenManualHybridLinear,0.24566400051116943
2607,10,model.layers.20.self_attn.o_proj,self_attn.o_proj,decode,1,QwenManualHybridLinear,0.1066880002617836
2608,10,model.layers.20.mlp.gate_proj,mlp.gate_proj,decode,1,QwenManualHybridLinear,0.25727999210357666
2609,10,model.layers.20.mlp.up_proj,mlp.up_proj,decode,1,QwenManualHybridLinear,0.24857600033283234
2610,10,model.layers.20.mlp.down_proj,mlp.down_proj,decode,1,QwenManualHybridLinear,0.24860799312591553
2611,10,model.layers.21.self_attn.q_proj,self_attn.q_proj,decode,1,QwenManualHybridLinear,0.2540160119533539
2612,10,model.layers.21.self_attn.k_proj,self_attn.k_proj,decode,1,QwenManualHybridLinear,0.25468799471855164
2613,10,model.layers.21.self_attn.v_proj,self_attn.v_proj,decode,1,QwenManualHybridLinear,0.24377599358558655
2614,10,model.layers.21.self_attn.o_proj,self_attn.o_proj,decode,1,QwenManualHybridLinear,0.09913600236177444
2615,10,model.layers.21.mlp.gate_proj,mlp.gate_proj,decode,1,QwenManualHybridLinear,0.2608639895915985
2616,10,model.layers.21.mlp.up_proj,mlp.up_proj,decode,1,QwenManualHybridLinear,0.2693760097026825
2617,10,model.layers.21.mlp.down_proj,mlp.down_proj,decode,1,QwenManualHybridLinear,0.24668799340724945
2618,10,model.layers.22.self_attn.q_proj,self_attn.q_proj,decode,1,QwenManualHybridLinear,0.25494399666786194
2619,10,model.layers.22.self_attn.k_proj,self_attn.k_proj,decode,1,QwenManualHybridLinear,0.24668799340724945
2620,10,model.layers.22.self_attn.v_proj,self_attn.v_proj,decode,1,QwenManualHybridLinear,0.24729600548744202
2621,10,model.layers.22.self_attn.o_proj,self_attn.o_proj,decode,1,QwenManualHybridLinear,0.10768000036478043
2622,10,model.layers.22.mlp.gate_proj,mlp.gate_proj,decode,1,QwenManualHybridLinear,0.2545279860496521
2623,10,model.layers.22.mlp.up_proj,mlp.up_proj,decode,1,QwenManualHybridLinear,0.2433280050754547
2624,10,model.layers.22.mlp.down_proj,mlp.down_proj,decode,1,QwenManualHybridLinear,0.2486719936132431
2625,10,model.layers.23.self_attn.q_proj,self_attn.q_proj,decode,1,QwenManualHybridLinear,0.26156800985336304
2626,10,model.layers.23.self_attn.k_proj,self_attn.k_proj,decode,1,QwenManualHybridLinear,0.26368001103401184
2627,10,model.layers.23.self_attn.v_proj,self_attn.v_proj,decode,1,QwenManualHybridLinear,0.24556800723075867
2628,10,model.layers.23.self_attn.o_proj,self_attn.o_proj,decode,1,QwenManualHybridLinear,0.11587200313806534
2629,10,model.layers.23.mlp.gate_proj,mlp.gate_proj,decode,1,QwenManualHybridLinear,0.25833600759506226
2630,10,model.layers.23.mlp.up_proj,mlp.up_proj,decode,1,QwenManualHybridLinear,0.24582399427890778
2631,10,model.layers.23.mlp.down_proj,mlp.down_proj,decode,1,QwenManualHybridLinear,0.25443199276924133
2632,10,model.layers.24.self_attn.q_proj,self_attn.q_proj,decode,1,QwenManualHybridLinear,0.25574401021003723
2633,10,model.layers.24.self_attn.k_proj,self_attn.k_proj,decode,1,QwenManualHybridLinear,0.2510400116443634
2634,10,model.layers.24.self_attn.v_proj,self_attn.v_proj,decode,1,QwenManualHybridLinear,0.24374400079250336
2635,10,model.layers.24.self_attn.o_proj,self_attn.o_proj,decode,1,QwenManualHybridLinear,0.10188800096511841
2636,10,model.layers.24.mlp.gate_proj,mlp.gate_proj,decode,1,QwenManualHybridLinear,0.25702399015426636
2637,10,model.layers.24.mlp.up_proj,mlp.up_proj,decode,1,QwenManualHybridLinear,0.25222399830818176
2638,10,model.layers.24.mlp.down_proj,mlp.down_proj,decode,1,QwenManualHybridLinear,0.24659200012683868
2639,10,model.layers.25.self_attn.q_proj,self_attn.q_proj,decode,1,QwenManualHybridLinear,0.2518720030784607
2640,10,model.layers.25.self_attn.k_proj,self_attn.k_proj,decode,1,QwenManualHybridLinear,0.24563199281692505
2641,10,model.layers.25.self_attn.v_proj,self_attn.v_proj,decode,1,QwenManualHybridLinear,0.24515199661254883
2642,10,model.layers.25.self_attn.o_proj,self_attn.o_proj,decode,1,QwenManualHybridLinear,0.10300800204277039
2643,10,model.layers.25.mlp.gate_proj,mlp.gate_proj,decode,1,QwenManualHybridLinear,0.25407999753952026
2644,10,model.layers.25.mlp.up_proj,mlp.up_proj,decode,1,QwenManualHybridLinear,0.24614399671554565
2645,10,model.layers.25.mlp.down_proj,mlp.down_proj,decode,1,QwenManualHybridLinear,0.24985599517822266
2646,10,model.layers.26.self_attn.q_proj,self_attn.q_proj,decode,1,QwenManualHybridLinear,0.2760320007801056
2647,10,model.layers.26.self_attn.k_proj,self_attn.k_proj,decode,1,QwenManualHybridLinear,0.25459200143814087
2648,10,model.layers.26.self_attn.v_proj,self_attn.v_proj,decode,1,QwenManualHybridLinear,0.24902400374412537
2649,10,model.layers.26.self_attn.o_proj,self_attn.o_proj,decode,1,QwenManualHybridLinear,0.11635199934244156
2650,10,model.layers.26.mlp.gate_proj,mlp.gate_proj,decode,1,QwenManualHybridLinear,0.2566399872303009
2651,10,model.layers.26.mlp.up_proj,mlp.up_proj,decode,1,QwenManualHybridLinear,0.24316799640655518
2652,10,model.layers.26.mlp.down_proj,mlp.down_proj,decode,1,QwenManualHybridLinear,0.2560960054397583
2653,10,model.layers.27.self_attn.q_proj,self_attn.q_proj,decode,1,QwenManualHybridLinear,0.24956800043582916
2654,10,model.layers.27.self_attn.k_proj,self_attn.k_proj,decode,1,QwenManualHybridLinear,0.2664960026741028
2655,10,model.layers.27.self_attn.v_proj,self_attn.v_proj,decode,1,QwenManualHybridLinear,0.2444159984588623
2656,10,model.layers.27.self_attn.o_proj,self_attn.o_proj,decode,1,QwenManualHybridLinear,0.10559999942779541
2657,10,model.layers.27.mlp.gate_proj,mlp.gate_proj,decode,1,QwenManualHybridLinear,0.2659519910812378
2658,10,model.layers.27.mlp.up_proj,mlp.up_proj,decode,1,QwenManualHybridLinear,0.2523840069770813
2659,10,model.layers.27.mlp.down_proj,mlp.down_proj,decode,1,QwenManualHybridLinear,0.24505600333213806
2660,10,model.layers.28.self_attn.q_proj,self_attn.q_proj,decode,1,QwenManualHybridLinear,0.2555840015411377
2661,10,model.layers.28.self_attn.k_proj,self_attn.k_proj,decode,1,QwenManualHybridLinear,0.2441280037164688
2662,10,model.layers.28.self_attn.v_proj,self_attn.v_proj,decode,1,QwenManualHybridLinear,0.2518399953842163
2663,10,model.layers.28.self_attn.o_proj,self_attn.o_proj,decode,1,QwenManualHybridLinear,0.10035199671983719
2664,10,model.layers.28.mlp.gate_proj,mlp.gate_proj,decode,1,QwenManualHybridLinear,0.2537919878959656
2665,10,model.layers.28.mlp.up_proj,mlp.up_proj,decode,1,QwenManualHybridLinear,0.26521599292755127
2666,10,model.layers.28.mlp.down_proj,mlp.down_proj,decode,1,QwenManualHybridLinear,0.25939199328422546
2667,10,model.layers.29.self_attn.q_proj,self_attn.q_proj,decode,1,QwenManualHybridLinear,0.259552001953125
2668,10,model.layers.29.self_attn.k_proj,self_attn.k_proj,decode,1,QwenManualHybridLinear,0.24767999351024628
2669,10,model.layers.29.self_attn.v_proj,self_attn.v_proj,decode,1,QwenManualHybridLinear,0.25356799364089966
2670,10,model.layers.29.self_attn.o_proj,self_attn.o_proj,decode,1,QwenManualHybridLinear,0.10255999863147736
2671,10,model.layers.29.mlp.gate_proj,mlp.gate_proj,decode,1,QwenManualHybridLinear,0.25808000564575195
2672,10,model.layers.29.mlp.up_proj,mlp.up_proj,decode,1,QwenManualHybridLinear,0.24460799992084503
2673,10,model.layers.29.mlp.down_proj,mlp.down_proj,decode,1,QwenManualHybridLinear,0.251008003950119
2674,10,model.layers.30.self_attn.q_proj,self_attn.q_proj,decode,1,QwenManualHybridLinear,0.2608959972858429
2675,10,model.layers.30.self_attn.k_proj,self_attn.k_proj,decode,1,QwenManualHybridLinear,0.2937279939651489
2676,10,model.layers.30.self_attn.v_proj,self_attn.v_proj,decode,1,QwenManualHybridLinear,0.24899199604988098
2677,10,model.layers.30.self_attn.o_proj,self_attn.o_proj,decode,1,QwenManualHybridLinear,0.10239999741315842
2678,10,model.layers.30.mlp.gate_proj,mlp.gate_proj,decode,1,QwenManualHybridLinear,0.258432000875473
2679,10,model.layers.30.mlp.up_proj,mlp.up_proj,decode,1,QwenManualHybridLinear,0.25014400482177734
2680,10,model.layers.30.mlp.down_proj,mlp.down_proj,decode,1,QwenManualHybridLinear,0.24889600276947021
2681,10,model.layers.31.self_attn.q_proj,self_attn.q_proj,decode,1,QwenManualHybridLinear,0.2552320063114166
2682,10,model.layers.31.self_attn.k_proj,self_attn.k_proj,decode,1,QwenManualHybridLinear,0.24345600605010986
2683,10,model.layers.31.self_attn.v_proj,self_attn.v_proj,decode,1,QwenManualHybridLinear,0.25046399235725403
2684,10,model.layers.31.self_attn.o_proj,self_attn.o_proj,decode,1,QwenManualHybridLinear,0.12345600128173828
2685,10,model.layers.31.mlp.gate_proj,mlp.gate_proj,decode,1,QwenManualHybridLinear,0.2727679908275604
2686,10,model.layers.31.mlp.up_proj,mlp.up_proj,decode,1,QwenManualHybridLinear,0.260127991437912
2687,10,model.layers.31.mlp.down_proj,mlp.down_proj,decode,1,QwenManualHybridLinear,0.25113600492477417
2688,11,model.layers.0.self_attn.q_proj,self_attn.q_proj,decode,1,QwenManualHybridLinear,0.39024001359939575
2689,11,model.layers.0.self_attn.k_proj,self_attn.k_proj,decode,1,QwenManualHybridLinear,0.28035199642181396
2690,11,model.layers.0.self_attn.v_proj,self_attn.v_proj,decode,1,QwenManualHybridLinear,0.2560639977455139
2691,11,model.layers.0.self_attn.o_proj,self_attn.o_proj,decode,1,QwenManualHybridLinear,0.11356800049543381
2692,11,model.layers.0.mlp.gate_proj,mlp.gate_proj,decode,1,QwenManualHybridLinear,0.2682560086250305
2693,11,model.layers.0.mlp.up_proj,mlp.up_proj,decode,1,QwenManualHybridLinear,0.24915200471878052
2694,11,model.layers.0.mlp.down_proj,mlp.down_proj,decode,1,QwenManualHybridLinear,0.2542400062084198
2695,11,model.layers.1.self_attn.q_proj,self_attn.q_proj,decode,1,QwenManualHybridLinear,0.37859201431274414
2696,11,model.layers.1.self_attn.k_proj,self_attn.k_proj,decode,1,QwenManualHybridLinear,0.2802560031414032
2697,11,model.layers.1.self_attn.v_proj,self_attn.v_proj,decode,1,QwenManualHybridLinear,0.251583993434906
2698,11,model.layers.1.self_attn.o_proj,self_attn.o_proj,decode,1,QwenManualHybridLinear,0.09990400075912476
2699,11,model.layers.1.mlp.gate_proj,mlp.gate_proj,decode,1,QwenManualHybridLinear,0.2577599883079529
2700,11,model.layers.1.mlp.up_proj,mlp.up_proj,decode,1,QwenManualHybridLinear,0.27027198672294617
2701,11,model.layers.1.mlp.down_proj,mlp.down_proj,decode,1,QwenManualHybridLinear,0.2502399981021881
2702,11,model.layers.2.self_attn.q_proj,self_attn.q_proj,decode,1,QwenManualHybridLinear,0.2579199969768524
2703,11,model.layers.2.self_attn.k_proj,self_attn.k_proj,decode,1,QwenManualHybridLinear,0.24508799612522125
2704,11,model.layers.2.self_attn.v_proj,self_attn.v_proj,decode,1,QwenManualHybridLinear,0.2505919933319092
2705,11,model.layers.2.self_attn.o_proj,self_attn.o_proj,decode,1,QwenManualHybridLinear,0.11382400244474411
2706,11,model.layers.2.mlp.gate_proj,mlp.gate_proj,decode,1,QwenManualHybridLinear,0.2687680125236511
2707,11,model.layers.2.mlp.up_proj,mlp.up_proj,decode,1,QwenManualHybridLinear,0.25145599246025085
2708,11,model.layers.2.mlp.down_proj,mlp.down_proj,decode,1,QwenManualHybridLinear,0.2536959946155548
2709,11,model.layers.3.self_attn.q_proj,self_attn.q_proj,decode,1,QwenManualHybridLinear,0.25724801421165466
2710,11,model.layers.3.self_attn.k_proj,self_attn.k_proj,decode,1,QwenManualHybridLinear,0.2518079876899719
2711,11,model.layers.3.self_attn.v_proj,self_attn.v_proj,decode,1,QwenManualHybridLinear,0.25062400102615356
2712,11,model.layers.3.self_attn.o_proj,self_attn.o_proj,decode,1,QwenManualHybridLinear,0.11078400164842606
2713,11,model.layers.3.mlp.gate_proj,mlp.gate_proj,decode,1,QwenManualHybridLinear,0.2568959891796112
2714,11,model.layers.3.mlp.up_proj,mlp.up_proj,decode,1,QwenManualHybridLinear,0.24694399535655975
2715,11,model.layers.3.mlp.down_proj,mlp.down_proj,decode,1,QwenManualHybridLinear,0.2470719963312149
2716,11,model.layers.4.self_attn.q_proj,self_attn.q_proj,decode,1,QwenManualHybridLinear,0.26368001103401184
2717,11,model.layers.4.self_attn.k_proj,self_attn.k_proj,decode,1,QwenManualHybridLinear,0.2629440128803253
2718,11,model.layers.4.self_attn.v_proj,self_attn.v_proj,decode,1,QwenManualHybridLinear,0.24537600576877594
2719,11,model.layers.4.self_attn.o_proj,self_attn.o_proj,decode,1,QwenManualHybridLinear,0.09971199929714203
2720,11,model.layers.4.mlp.gate_proj,mlp.gate_proj,decode,1,QwenManualHybridLinear,0.2625280022621155
2721,11,model.layers.4.mlp.up_proj,mlp.up_proj,decode,1,QwenManualHybridLinear,0.2516480088233948
2722,11,model.layers.4.mlp.down_proj,mlp.down_proj,decode,1,QwenManualHybridLinear,0.24774399399757385
2723,11,model.layers.5.self_attn.q_proj,self_attn.q_proj,decode,1,QwenManualHybridLinear,0.25334399938583374
2724,11,model.layers.5.self_attn.k_proj,self_attn.k_proj,decode,1,QwenManualHybridLinear,0.24400000274181366
2725,11,model.layers.5.self_attn.v_proj,self_attn.v_proj,decode,1,QwenManualHybridLinear,0.24473600089550018
2726,11,model.layers.5.self_attn.o_proj,self_attn.o_proj,decode,1,QwenManualHybridLinear,0.1106560006737709
2727,11,model.layers.5.mlp.gate_proj,mlp.gate_proj,decode,1,QwenManualHybridLinear,0.2677760124206543
2728,11,model.layers.5.mlp.up_proj,mlp.up_proj,decode,1,QwenManualHybridLinear,0.24745599925518036
2729,11,model.layers.5.mlp.down_proj,mlp.down_proj,decode,1,QwenManualHybridLinear,0.25148800015449524
2730,11,model.layers.6.self_attn.q_proj,self_attn.q_proj,decode,1,QwenManualHybridLinear,0.27324798703193665
2731,11,model.layers.6.self_attn.k_proj,self_attn.k_proj,decode,1,QwenManualHybridLinear,0.24860799312591553
2732,11,model.layers.6.self_attn.v_proj,self_attn.v_proj,decode,1,QwenManualHybridLinear,0.24780799448490143
2733,11,model.layers.6.self_attn.o_proj,self_attn.o_proj,decode,1,QwenManualHybridLinear,0.12617599964141846
2734,11,model.layers.6.mlp.gate_proj,mlp.gate_proj,decode,1,QwenManualHybridLinear,0.26736000180244446
2735,11,model.layers.6.mlp.up_proj,mlp.up_proj,decode,1,QwenManualHybridLinear,0.24889600276947021
2736,11,model.layers.6.mlp.down_proj,mlp.down_proj,decode,1,QwenManualHybridLinear,0.2516160011291504
2737,11,model.layers.7.self_attn.q_proj,self_attn.q_proj,decode,1,QwenManualHybridLinear,0.2590399980545044
2738,11,model.layers.7.self_attn.k_proj,self_attn.k_proj,decode,1,QwenManualHybridLinear,0.25148800015449524
2739,11,model.layers.7.self_attn.v_proj,self_attn.v_proj,decode,1,QwenManualHybridLinear,0.2433599978685379
2740,11,model.layers.7.self_attn.o_proj,self_attn.o_proj,decode,1,QwenManualHybridLinear,0.11212799698114395
2741,11,model.layers.7.mlp.gate_proj,mlp.gate_proj,decode,1,QwenManualHybridLinear,0.27052798867225647
2742,11,model.layers.7.mlp.up_proj,mlp.up_proj,decode,1,QwenManualHybridLinear,0.27587199211120605
2743,11,model.layers.7.mlp.down_proj,mlp.down_proj,decode,1,QwenManualHybridLinear,0.25068798661231995
2744,11,model.layers.8.self_attn.q_proj,self_attn.q_proj,decode,1,QwenManualHybridLinear,0.2569279968738556
2745,11,model.layers.8.self_attn.k_proj,self_attn.k_proj,decode,1,QwenManualHybridLinear,0.24857600033283234
2746,11,model.layers.8.self_attn.v_proj,self_attn.v_proj,decode,1,QwenManualHybridLinear,0.24716800451278687
2747,11,model.layers.8.self_attn.o_proj,self_attn.o_proj,decode,1,QwenManualHybridLinear,0.09980800002813339
2748,11,model.layers.8.mlp.gate_proj,mlp.gate_proj,decode,1,QwenManualHybridLinear,0.2534720003604889
2749,11,model.layers.8.mlp.up_proj,mlp.up_proj,decode,1,QwenManualHybridLinear,0.24745599925518036
2750,11,model.layers.8.mlp.down_proj,mlp.down_proj,decode,1,QwenManualHybridLinear,0.2536320090293884
2751,11,model.layers.9.self_attn.q_proj,self_attn.q_proj,decode,1,QwenManualHybridLinear,0.2639999985694885
2752,11,model.layers.9.self_attn.k_proj,self_attn.k_proj,decode,1,QwenManualHybridLinear,0.24636800587177277
2753,11,model.layers.9.self_attn.v_proj,self_attn.v_proj,decode,1,QwenManualHybridLinear,0.2430720031261444
2754,11,model.layers.9.self_attn.o_proj,self_attn.o_proj,decode,1,QwenManualHybridLinear,0.1133119985461235
2755,11,model.layers.9.mlp.gate_proj,mlp.gate_proj,decode,1,QwenManualHybridLinear,0.26150399446487427
2756,11,model.layers.9.mlp.up_proj,mlp.up_proj,decode,1,QwenManualHybridLinear,0.24595199525356293
2757,11,model.layers.9.mlp.down_proj,mlp.down_proj,decode,1,QwenManualHybridLinear,0.248416006565094
2758,11,model.layers.10.self_attn.q_proj,self_attn.q_proj,decode,1,QwenManualHybridLinear,0.255264014005661
2759,11,model.layers.10.self_attn.k_proj,self_attn.k_proj,decode,1,QwenManualHybridLinear,0.2714880108833313
2760,11,model.layers.10.self_attn.v_proj,self_attn.v_proj,decode,1,QwenManualHybridLinear,0.24371199309825897
2761,11,model.layers.10.self_attn.o_proj,self_attn.o_proj,decode,1,QwenManualHybridLinear,0.10496000200510025
2762,11,model.layers.10.mlp.gate_proj,mlp.gate_proj,decode,1,QwenManualHybridLinear,0.25491198897361755
2763,11,model.layers.10.mlp.up_proj,mlp.up_proj,decode,1,QwenManualHybridLinear,0.2475840002298355
2764,11,model.layers.10.mlp.down_proj,mlp.down_proj,decode,1,QwenManualHybridLinear,0.25065600872039795
2765,11,model.layers.11.self_attn.q_proj,self_attn.q_proj,decode,1,QwenManualHybridLinear,0.2568959891796112
2766,11,model.layers.11.self_attn.k_proj,self_attn.k_proj,decode,1,QwenManualHybridLinear,0.24636800587177277
2767,11,model.layers.11.self_attn.v_proj,self_attn.v_proj,decode,1,QwenManualHybridLinear,0.2494720071554184
2768,11,model.layers.11.self_attn.o_proj,self_attn.o_proj,decode,1,QwenManualHybridLinear,0.10931199789047241
2769,11,model.layers.11.mlp.gate_proj,mlp.gate_proj,decode,1,QwenManualHybridLinear,0.260127991437912
2770,11,model.layers.11.mlp.up_proj,mlp.up_proj,decode,1,QwenManualHybridLinear,0.24646399915218353
2771,11,model.layers.11.mlp.down_proj,mlp.down_proj,decode,1,QwenManualHybridLinear,0.2518079876899719
2772,11,model.layers.12.self_attn.q_proj,self_attn.q_proj,decode,1,QwenManualHybridLinear,0.26812800765037537
2773,11,model.layers.12.self_attn.k_proj,self_attn.k_proj,decode,1,QwenManualHybridLinear,0.2497600018978119
2774,11,model.layers.12.self_attn.v_proj,self_attn.v_proj,decode,1,QwenManualHybridLinear,0.2407359927892685
2775,11,model.layers.12.self_attn.o_proj,self_attn.o_proj,decode,1,QwenManualHybridLinear,0.11231999844312668
2776,11,model.layers.12.mlp.gate_proj,mlp.gate_proj,decode,1,QwenManualHybridLinear,0.2571519911289215
2777,11,model.layers.12.mlp.up_proj,mlp.up_proj,decode,1,QwenManualHybridLinear,0.24563199281692505
2778,11,model.layers.12.mlp.down_proj,mlp.down_proj,decode,1,QwenManualHybridLinear,0.2661759853363037
2779,11,model.layers.13.self_attn.q_proj,self_attn.q_proj,decode,1,QwenManualHybridLinear,0.25228801369667053
2780,11,model.layers.13.self_attn.k_proj,self_attn.k_proj,decode,1,QwenManualHybridLinear,0.2592320144176483
2781,11,model.layers.13.self_attn.v_proj,self_attn.v_proj,decode,1,QwenManualHybridLinear,0.24512000381946564
2782,11,model.layers.13.self_attn.o_proj,self_attn.o_proj,decode,1,QwenManualHybridLinear,0.10623999685049057
2783,11,model.layers.13.mlp.gate_proj,mlp.gate_proj,decode,1,QwenManualHybridLinear,0.26921600103378296
2784,11,model.layers.13.mlp.up_proj,mlp.up_proj,decode,1,QwenManualHybridLinear,0.2528960108757019
2785,11,model.layers.13.mlp.down_proj,mlp.down_proj,decode,1,QwenManualHybridLinear,0.25542399287223816
2786,11,model.layers.14.self_attn.q_proj,self_attn.q_proj,decode,1,QwenManualHybridLinear,0.25830399990081787
2787,11,model.layers.14.self_attn.k_proj,self_attn.k_proj,decode,1,QwenManualHybridLinear,0.24566400051116943
2788,11,model.layers.14.self_attn.v_proj,self_attn.v_proj,decode,1,QwenManualHybridLinear,0.2521600127220154
2789,11,model.layers.14.self_attn.o_proj,self_attn.o_proj,decode,1,QwenManualHybridLinear,0.1053759977221489
2790,11,model.layers.14.mlp.gate_proj,mlp.gate_proj,decode,1,QwenManualHybridLinear,0.27030399441719055
2791,11,model.layers.14.mlp.up_proj,mlp.up_proj,decode,1,QwenManualHybridLinear,0.25014400482177734
2792,11,model.layers.14.mlp.down_proj,mlp.down_proj,decode,1,QwenManualHybridLinear,0.25302401185035706
2793,11,model.layers.15.self_attn.q_proj,self_attn.q_proj,decode,1,QwenManualHybridLinear,0.2608639895915985
2794,11,model.layers.15.self_attn.k_proj,self_attn.k_proj,decode,1,QwenManualHybridLinear,0.25011199712753296
2795,11,model.layers.15.self_attn.v_proj,self_attn.v_proj,decode,1,QwenManualHybridLinear,0.2491839975118637
2796,11,model.layers.15.self_attn.o_proj,self_attn.o_proj,decode,1,QwenManualHybridLinear,0.09942399710416794
2797,11,model.layers.15.mlp.gate_proj,mlp.gate_proj,decode,1,QwenManualHybridLinear,0.27644801139831543
2798,11,model.layers.15.mlp.up_proj,mlp.up_proj,decode,1,QwenManualHybridLinear,0.24582399427890778
2799,11,model.layers.15.mlp.down_proj,mlp.down_proj,decode,1,QwenManualHybridLinear,0.2542720139026642
2800,11,model.layers.16.self_attn.q_proj,self_attn.q_proj,decode,1,QwenManualHybridLinear,0.279231995344162
2801,11,model.layers.16.self_attn.k_proj,self_attn.k_proj,decode,1,QwenManualHybridLinear,0.2596159875392914
2802,11,model.layers.16.self_attn.v_proj,self_attn.v_proj,decode,1,QwenManualHybridLinear,0.2667520046234131
2803,11,model.layers.16.self_attn.o_proj,self_attn.o_proj,decode,1,QwenManualHybridLinear,0.09971199929714203
2804,11,model.layers.16.mlp.gate_proj,mlp.gate_proj,decode,1,QwenManualHybridLinear,0.2561599910259247
2805,11,model.layers.16.mlp.up_proj,mlp.up_proj,decode,1,QwenManualHybridLinear,0.25145599246025085
2806,11,model.layers.16.mlp.down_proj,mlp.down_proj,decode,1,QwenManualHybridLinear,0.2449280023574829
2807,11,model.layers.17.self_attn.q_proj,self_attn.q_proj,decode,1,QwenManualHybridLinear,0.27529600262641907
2808,11,model.layers.17.self_attn.k_proj,self_attn.k_proj,decode,1,QwenManualHybridLinear,0.25600001215934753
2809,11,model.layers.17.self_attn.v_proj,self_attn.v_proj,decode,1,QwenManualHybridLinear,0.2476159930229187
2810,11,model.layers.17.self_attn.o_proj,self_attn.o_proj,decode,1,QwenManualHybridLinear,0.10201600193977356
2811,11,model.layers.17.mlp.gate_proj,mlp.gate_proj,decode,1,QwenManualHybridLinear,0.27980801463127136
2812,11,model.layers.17.mlp.up_proj,mlp.up_proj,decode,1,QwenManualHybridLinear,0.2513599991798401
2813,11,model.layers.17.mlp.down_proj,mlp.down_proj,decode,1,QwenManualHybridLinear,0.2507520020008087
2814,11,model.layers.18.self_attn.q_proj,self_attn.q_proj,decode,1,QwenManualHybridLinear,0.25603199005126953
2815,11,model.layers.18.self_attn.k_proj,self_attn.k_proj,decode,1,QwenManualHybridLinear,0.24799999594688416
2816,11,model.layers.18.self_attn.v_proj,self_attn.v_proj,decode,1,QwenManualHybridLinear,0.24377599358558655
2817,11,model.layers.18.self_attn.o_proj,self_attn.o_proj,decode,1,QwenManualHybridLinear,0.11737599968910217
2818,11,model.layers.18.mlp.gate_proj,mlp.gate_proj,decode,1,QwenManualHybridLinear,0.2765119969844818
2819,11,model.layers.18.mlp.up_proj,mlp.up_proj,decode,1,QwenManualHybridLinear,0.24563199281692505
2820,11,model.layers.18.mlp.down_proj,mlp.down_proj,decode,1,QwenManualHybridLinear,0.24928000569343567
2821,11,model.layers.19.self_attn.q_proj,self_attn.q_proj,decode,1,QwenManualHybridLinear,0.25385600328445435
2822,11,model.layers.19.self_attn.k_proj,self_attn.k_proj,decode,1,QwenManualHybridLinear,0.2507520020008087
2823,11,model.layers.19.self_attn.v_proj,self_attn.v_proj,decode,1,QwenManualHybridLinear,0.24400000274181366
2824,11,model.layers.19.self_attn.o_proj,self_attn.o_proj,decode,1,QwenManualHybridLinear,0.09724800288677216
2825,11,model.layers.19.mlp.gate_proj,mlp.gate_proj,decode,1,QwenManualHybridLinear,0.25644800066947937
2826,11,model.layers.19.mlp.up_proj,mlp.up_proj,decode,1,QwenManualHybridLinear,0.24995200335979462
2827,11,model.layers.19.mlp.down_proj,mlp.down_proj,decode,1,QwenManualHybridLinear,0.2633279860019684
2828,11,model.layers.20.self_attn.q_proj,self_attn.q_proj,decode,1,QwenManualHybridLinear,0.2585279941558838
2829,11,model.layers.20.self_attn.k_proj,self_attn.k_proj,decode,1,QwenManualHybridLinear,0.25071999430656433
2830,11,model.layers.20.self_attn.v_proj,self_attn.v_proj,decode,1,QwenManualHybridLinear,0.24595199525356293
2831,11,model.layers.20.self_attn.o_proj,self_attn.o_proj,decode,1,QwenManualHybridLinear,0.1053759977221489
2832,11,model.layers.20.mlp.gate_proj,mlp.gate_proj,decode,1,QwenManualHybridLinear,0.25673601031303406
2833,11,model.layers.20.mlp.up_proj,mlp.up_proj,decode,1,QwenManualHybridLinear,0.2439039945602417
2834,11,model.layers.20.mlp.down_proj,mlp.down_proj,decode,1,QwenManualHybridLinear,0.24924799799919128
2835,11,model.layers.21.self_attn.q_proj,self_attn.q_proj,decode,1,QwenManualHybridLinear,0.2549760043621063
2836,11,model.layers.21.self_attn.k_proj,self_attn.k_proj,decode,1,QwenManualHybridLinear,0.2590399980545044
2837,11,model.layers.21.self_attn.v_proj,self_attn.v_proj,decode,1,QwenManualHybridLinear,0.26281601190567017
2838,11,model.layers.21.self_attn.o_proj,self_attn.o_proj,decode,1,QwenManualHybridLinear,0.10688000172376633
2839,11,model.layers.21.mlp.gate_proj,mlp.gate_proj,decode,1,QwenManualHybridLinear,0.25574401021003723
2840,11,model.layers.21.mlp.up_proj,mlp.up_proj,decode,1,QwenManualHybridLinear,0.24476799368858337
2841,11,model.layers.21.mlp.down_proj,mlp.down_proj,decode,1,QwenManualHybridLinear,0.253248006105423
2842,11,model.layers.22.self_attn.q_proj,self_attn.q_proj,decode,1,QwenManualHybridLinear,0.27024000883102417
2843,11,model.layers.22.self_attn.k_proj,self_attn.k_proj,decode,1,QwenManualHybridLinear,0.25360000133514404
2844,11,model.layers.22.self_attn.v_proj,self_attn.v_proj,decode,1,QwenManualHybridLinear,0.24879999458789825
2845,11,model.layers.22.self_attn.o_proj,self_attn.o_proj,decode,1,QwenManualHybridLinear,0.1021760031580925
2846,11,model.layers.22.mlp.gate_proj,mlp.gate_proj,decode,1,QwenManualHybridLinear,0.2707839906215668
2847,11,model.layers.22.mlp.up_proj,mlp.up_proj,decode,1,QwenManualHybridLinear,0.24649600684642792
2848,11,model.layers.22.mlp.down_proj,mlp.down_proj,decode,1,QwenManualHybridLinear,0.2454719990491867
2849,11,model.layers.23.self_attn.q_proj,self_attn.q_proj,decode,1,QwenManualHybridLinear,0.25302401185035706
2850,11,model.layers.23.self_attn.k_proj,self_attn.k_proj,decode,1,QwenManualHybridLinear,0.24614399671554565
2851,11,model.layers.23.self_attn.v_proj,self_attn.v_proj,decode,1,QwenManualHybridLinear,0.24358400702476501
2852,11,model.layers.23.self_attn.o_proj,self_attn.o_proj,decode,1,QwenManualHybridLinear,0.10707200318574905
2853,11,model.layers.23.mlp.gate_proj,mlp.gate_proj,decode,1,QwenManualHybridLinear,0.2687680125236511
2854,11,model.layers.23.mlp.up_proj,mlp.up_proj,decode,1,QwenManualHybridLinear,0.24806399643421173
2855,11,model.layers.23.mlp.down_proj,mlp.down_proj,decode,1,QwenManualHybridLinear,0.25763198733329773
2856,11,model.layers.24.self_attn.q_proj,self_attn.q_proj,decode,1,QwenManualHybridLinear,0.270687997341156
2857,11,model.layers.24.self_attn.k_proj,self_attn.k_proj,decode,1,QwenManualHybridLinear,0.24729600548744202
2858,11,model.layers.24.self_attn.v_proj,self_attn.v_proj,decode,1,QwenManualHybridLinear,0.24463999271392822
2859,11,model.layers.24.self_attn.o_proj,self_attn.o_proj,decode,1,QwenManualHybridLinear,0.11609599739313126
2860,11,model.layers.24.mlp.gate_proj,mlp.gate_proj,decode,1,QwenManualHybridLinear,0.2587200105190277
2861,11,model.layers.24.mlp.up_proj,mlp.up_proj,decode,1,QwenManualHybridLinear,0.24592000246047974
2862,11,model.layers.24.mlp.down_proj,mlp.down_proj,decode,1,QwenManualHybridLinear,0.25091201066970825
2863,11,model.layers.25.self_attn.q_proj,self_attn.q_proj,decode,1,QwenManualHybridLinear,0.25411200523376465
2864,11,model.layers.25.self_attn.k_proj,self_attn.k_proj,decode,1,QwenManualHybridLinear,0.2470719963312149
2865,11,model.layers.25.self_attn.v_proj,self_attn.v_proj,decode,1,QwenManualHybridLinear,0.24172799289226532
2866,11,model.layers.25.self_attn.o_proj,self_attn.o_proj,decode,1,QwenManualHybridLinear,0.10979200154542923
2867,11,model.layers.25.mlp.gate_proj,mlp.gate_proj,decode,1,QwenManualHybridLinear,0.26873600482940674
2868,11,model.layers.25.mlp.up_proj,mlp.up_proj,decode,1,QwenManualHybridLinear,0.25459200143814087
2869,11,model.layers.25.mlp.down_proj,mlp.down_proj,decode,1,QwenManualHybridLinear,0.2468159943819046
2870,11,model.layers.26.self_attn.q_proj,self_attn.q_proj,decode,1,QwenManualHybridLinear,0.2703680098056793
2871,11,model.layers.26.self_attn.k_proj,self_attn.k_proj,decode,1,QwenManualHybridLinear,0.2481279969215393
2872,11,model.layers.26.self_attn.v_proj,self_attn.v_proj,decode,1,QwenManualHybridLinear,0.24544000625610352
2873,11,model.layers.26.self_attn.o_proj,self_attn.o_proj,decode,1,QwenManualHybridLinear,0.09984000027179718
2874,11,model.layers.26.mlp.gate_proj,mlp.gate_proj,decode,1,QwenManualHybridLinear,0.2545279860496521
2875,11,model.layers.26.mlp.up_proj,mlp.up_proj,decode,1,QwenManualHybridLinear,0.24476799368858337
2876,11,model.layers.26.mlp.down_proj,mlp.down_proj,decode,1,QwenManualHybridLinear,0.26364800333976746
2877,11,model.layers.27.self_attn.q_proj,self_attn.q_proj,decode,1,QwenManualHybridLinear,0.26419198513031006
2878,11,model.layers.27.self_attn.k_proj,self_attn.k_proj,decode,1,QwenManualHybridLinear,0.2473279982805252
2879,11,model.layers.27.self_attn.v_proj,self_attn.v_proj,decode,1,QwenManualHybridLinear,0.25014400482177734
2880,11,model.layers.27.self_attn.o_proj,self_attn.o_proj,decode,1,QwenManualHybridLinear,0.10105600208044052
2881,11,model.layers.27.mlp.gate_proj,mlp.gate_proj,decode,1,QwenManualHybridLinear,0.2576960027217865
2882,11,model.layers.27.mlp.up_proj,mlp.up_proj,decode,1,QwenManualHybridLinear,0.24675199389457703
2883,11,model.layers.27.mlp.down_proj,mlp.down_proj,decode,1,QwenManualHybridLinear,0.2516160011291504
2884,11,model.layers.28.self_attn.q_proj,self_attn.q_proj,decode,1,QwenManualHybridLinear,0.2563199996948242
2885,11,model.layers.28.self_attn.k_proj,self_attn.k_proj,decode,1,QwenManualHybridLinear,0.2481279969215393
2886,11,model.layers.28.self_attn.v_proj,self_attn.v_proj,decode,1,QwenManualHybridLinear,0.25542399287223816
2887,11,model.layers.28.self_attn.o_proj,self_attn.o_proj,decode,1,QwenManualHybridLinear,0.09884800016880035
2888,11,model.layers.28.mlp.gate_proj,mlp.gate_proj,decode,1,QwenManualHybridLinear,0.2677440047264099
2889,11,model.layers.28.mlp.up_proj,mlp.up_proj,decode,1,QwenManualHybridLinear,0.24985599517822266
2890,11,model.layers.28.mlp.down_proj,mlp.down_proj,decode,1,QwenManualHybridLinear,0.24646399915218353
2891,11,model.layers.29.self_attn.q_proj,self_attn.q_proj,decode,1,QwenManualHybridLinear,0.25484800338745117
2892,11,model.layers.29.self_attn.k_proj,self_attn.k_proj,decode,1,QwenManualHybridLinear,0.2462719976902008
2893,11,model.layers.29.self_attn.v_proj,self_attn.v_proj,decode,1,QwenManualHybridLinear,0.24374400079250336
2894,11,model.layers.29.self_attn.o_proj,self_attn.o_proj,decode,1,QwenManualHybridLinear,0.10028800368309021
2895,11,model.layers.29.mlp.gate_proj,mlp.gate_proj,decode,1,QwenManualHybridLinear,0.2704960107803345
2896,11,model.layers.29.mlp.up_proj,mlp.up_proj,decode,1,QwenManualHybridLinear,0.24662399291992188
2897,11,model.layers.29.mlp.down_proj,mlp.down_proj,decode,1,QwenManualHybridLinear,0.24745599925518036
2898,11,model.layers.30.self_attn.q_proj,self_attn.q_proj,decode,1,QwenManualHybridLinear,0.25065600872039795
2899,11,model.layers.30.self_attn.k_proj,self_attn.k_proj,decode,1,QwenManualHybridLinear,0.24719999730587006
2900,11,model.layers.30.self_attn.v_proj,self_attn.v_proj,decode,1,QwenManualHybridLinear,0.24063999950885773
2901,11,model.layers.30.self_attn.o_proj,self_attn.o_proj,decode,1,QwenManualHybridLinear,0.10214400291442871
2902,11,model.layers.30.mlp.gate_proj,mlp.gate_proj,decode,1,QwenManualHybridLinear,0.26175999641418457
2903,11,model.layers.30.mlp.up_proj,mlp.up_proj,decode,1,QwenManualHybridLinear,0.2443840056657791
2904,11,model.layers.30.mlp.down_proj,mlp.down_proj,decode,1,QwenManualHybridLinear,0.24288000166416168
2905,11,model.layers.31.self_attn.q_proj,self_attn.q_proj,decode,1,QwenManualHybridLinear,0.2762880027294159
2906,11,model.layers.31.self_attn.k_proj,self_attn.k_proj,decode,1,QwenManualHybridLinear,0.24953599274158478
2907,11,model.layers.31.self_attn.v_proj,self_attn.v_proj,decode,1,QwenManualHybridLinear,0.24729600548744202
2908,11,model.layers.31.self_attn.o_proj,self_attn.o_proj,decode,1,QwenManualHybridLinear,0.10150399804115295
2909,11,model.layers.31.mlp.gate_proj,mlp.gate_proj,decode,1,QwenManualHybridLinear,0.25443199276924133
2910,11,model.layers.31.mlp.up_proj,mlp.up_proj,decode,1,QwenManualHybridLinear,0.2512960135936737
2911,11,model.layers.31.mlp.down_proj,mlp.down_proj,decode,1,QwenManualHybridLinear,0.2560639977455139
2912,12,model.layers.0.self_attn.q_proj,self_attn.q_proj,decode,1,QwenManualHybridLinear,0.5034559965133667
2913,12,model.layers.0.self_attn.k_proj,self_attn.k_proj,decode,1,QwenManualHybridLinear,0.2982720136642456
2914,12,model.layers.0.self_attn.v_proj,self_attn.v_proj,decode,1,QwenManualHybridLinear,0.25603199005126953
2915,12,model.layers.0.self_attn.o_proj,self_attn.o_proj,decode,1,QwenManualHybridLinear,0.11526399850845337
2916,12,model.layers.0.mlp.gate_proj,mlp.gate_proj,decode,1,QwenManualHybridLinear,0.2645440101623535
2917,12,model.layers.0.mlp.up_proj,mlp.up_proj,decode,1,QwenManualHybridLinear,0.2467840015888214
2918,12,model.layers.0.mlp.down_proj,mlp.down_proj,decode,1,QwenManualHybridLinear,0.24873599410057068
2919,12,model.layers.1.self_attn.q_proj,self_attn.q_proj,decode,1,QwenManualHybridLinear,0.258432000875473
2920,12,model.layers.1.self_attn.k_proj,self_attn.k_proj,decode,1,QwenManualHybridLinear,0.2473279982805252
2921,12,model.layers.1.self_attn.v_proj,self_attn.v_proj,decode,1,QwenManualHybridLinear,0.24505600333213806
2922,12,model.layers.1.self_attn.o_proj,self_attn.o_proj,decode,1,QwenManualHybridLinear,0.10108800232410431
2923,12,model.layers.1.mlp.gate_proj,mlp.gate_proj,decode,1,QwenManualHybridLinear,0.2552320063114166
2924,12,model.layers.1.mlp.up_proj,mlp.up_proj,decode,1,QwenManualHybridLinear,0.24544000625610352
2925,12,model.layers.1.mlp.down_proj,mlp.down_proj,decode,1,QwenManualHybridLinear,0.2542720139026642
2926,12,model.layers.2.self_attn.q_proj,self_attn.q_proj,decode,1,QwenManualHybridLinear,0.2529279887676239
2927,12,model.layers.2.self_attn.k_proj,self_attn.k_proj,decode,1,QwenManualHybridLinear,0.25248000025749207
2928,12,model.layers.2.self_attn.v_proj,self_attn.v_proj,decode,1,QwenManualHybridLinear,0.24057599902153015
2929,12,model.layers.2.self_attn.o_proj,self_attn.o_proj,decode,1,QwenManualHybridLinear,0.11036799848079681
2930,12,model.layers.2.mlp.gate_proj,mlp.gate_proj,decode,1,QwenManualHybridLinear,0.25702399015426636
2931,12,model.layers.2.mlp.up_proj,mlp.up_proj,decode,1,QwenManualHybridLinear,0.2600640058517456
2932,12,model.layers.2.mlp.down_proj,mlp.down_proj,decode,1,QwenManualHybridLinear,0.2513599991798401
2933,12,model.layers.3.self_attn.q_proj,self_attn.q_proj,decode,1,QwenManualHybridLinear,0.25782400369644165
2934,12,model.layers.3.self_attn.k_proj,self_attn.k_proj,decode,1,QwenManualHybridLinear,0.24672000110149384
2935,12,model.layers.3.self_attn.v_proj,self_attn.v_proj,decode,1,QwenManualHybridLinear,0.24102400243282318
2936,12,model.layers.3.self_attn.o_proj,self_attn.o_proj,decode,1,QwenManualHybridLinear,0.11539199948310852
2937,12,model.layers.3.mlp.gate_proj,mlp.gate_proj,decode,1,QwenManualHybridLinear,0.2707520127296448
2938,12,model.layers.3.mlp.up_proj,mlp.up_proj,decode,1,QwenManualHybridLinear,0.25062400102615356
2939,12,model.layers.3.mlp.down_proj,mlp.down_proj,decode,1,QwenManualHybridLinear,0.2439039945602417
2940,12,model.layers.4.self_attn.q_proj,self_attn.q_proj,decode,1,QwenManualHybridLinear,0.2579840123653412
2941,12,model.layers.4.self_attn.k_proj,self_attn.k_proj,decode,1,QwenManualHybridLinear,0.25887998938560486
2942,12,model.layers.4.self_attn.v_proj,self_attn.v_proj,decode,1,QwenManualHybridLinear,0.2449280023574829
2943,12,model.layers.4.self_attn.o_proj,self_attn.o_proj,decode,1,QwenManualHybridLinear,0.10131199657917023
2944,12,model.layers.4.mlp.gate_proj,mlp.gate_proj,decode,1,QwenManualHybridLinear,0.26175999641418457
2945,12,model.layers.4.mlp.up_proj,mlp.up_proj,decode,1,QwenManualHybridLinear,0.24531200528144836
2946,12,model.layers.4.mlp.down_proj,mlp.down_proj,decode,1,QwenManualHybridLinear,0.24662399291992188
2947,12,model.layers.5.self_attn.q_proj,self_attn.q_proj,decode,1,QwenManualHybridLinear,0.2742080092430115
2948,12,model.layers.5.self_attn.k_proj,self_attn.k_proj,decode,1,QwenManualHybridLinear,0.254720002412796
2949,12,model.layers.5.self_attn.v_proj,self_attn.v_proj,decode,1,QwenManualHybridLinear,0.24822400510311127
2950,12,model.layers.5.self_attn.o_proj,self_attn.o_proj,decode,1,QwenManualHybridLinear,0.11033599823713303
2951,12,model.layers.5.mlp.gate_proj,mlp.gate_proj,decode,1,QwenManualHybridLinear,0.26211199164390564
2952,12,model.layers.5.mlp.up_proj,mlp.up_proj,decode,1,QwenManualHybridLinear,0.2470400035381317
2953,12,model.layers.5.mlp.down_proj,mlp.down_proj,decode,1,QwenManualHybridLinear,0.251008003950119
2954,12,model.layers.6.self_attn.q_proj,self_attn.q_proj,decode,1,QwenManualHybridLinear,0.25654399394989014
2955,12,model.layers.6.self_attn.k_proj,self_attn.k_proj,decode,1,QwenManualHybridLinear,0.25360000133514404
2956,12,model.layers.6.self_attn.v_proj,self_attn.v_proj,decode,1,QwenManualHybridLinear,0.24585600197315216
2957,12,model.layers.6.self_attn.o_proj,self_attn.o_proj,decode,1,QwenManualHybridLinear,0.11203200370073318
2958,12,model.layers.6.mlp.gate_proj,mlp.gate_proj,decode,1,QwenManualHybridLinear,0.26096001267433167
2959,12,model.layers.6.mlp.up_proj,mlp.up_proj,decode,1,QwenManualHybridLinear,0.24512000381946564
2960,12,model.layers.6.mlp.down_proj,mlp.down_proj,decode,1,QwenManualHybridLinear,0.24396799504756927
2961,12,model.layers.7.self_attn.q_proj,self_attn.q_proj,decode,1,QwenManualHybridLinear,0.25939199328422546
2962,12,model.layers.7.self_attn.k_proj,self_attn.k_proj,decode,1,QwenManualHybridLinear,0.24748800694942474
2963,12,model.layers.7.self_attn.v_proj,self_attn.v_proj,decode,1,QwenManualHybridLinear,0.24505600333213806
2964,12,model.layers.7.self_attn.o_proj,self_attn.o_proj,decode,1,QwenManualHybridLinear,0.1029760017991066
2965,12,model.layers.7.mlp.gate_proj,mlp.gate_proj,decode,1,QwenManualHybridLinear,0.2604160010814667
2966,12,model.layers.7.mlp.up_proj,mlp.up_proj,decode,1,QwenManualHybridLinear,0.2534399926662445
2967,12,model.layers.7.mlp.down_proj,mlp.down_proj,decode,1,QwenManualHybridLinear,0.24697600305080414
2968,12,model.layers.8.self_attn.q_proj,self_attn.q_proj,decode,1,QwenManualHybridLinear,0.2730239927768707
2969,12,model.layers.8.self_attn.k_proj,self_attn.k_proj,decode,1,QwenManualHybridLinear,0.24672000110149384
2970,12,model.layers.8.self_attn.v_proj,self_attn.v_proj,decode,1,QwenManualHybridLinear,0.24486400187015533
2971,12,model.layers.8.self_attn.o_proj,self_attn.o_proj,decode,1,QwenManualHybridLinear,0.10630399733781815
2972,12,model.layers.8.mlp.gate_proj,mlp.gate_proj,decode,1,QwenManualHybridLinear,0.27292799949645996
2973,12,model.layers.8.mlp.up_proj,mlp.up_proj,decode,1,QwenManualHybridLinear,0.24691200256347656
2974,12,model.layers.8.mlp.down_proj,mlp.down_proj,decode,1,QwenManualHybridLinear,0.24991999566555023
2975,12,model.layers.9.self_attn.q_proj,self_attn.q_proj,decode,1,QwenManualHybridLinear,0.27823999524116516
2976,12,model.layers.9.self_attn.k_proj,self_attn.k_proj,decode,1,QwenManualHybridLinear,0.25388801097869873
2977,12,model.layers.9.self_attn.v_proj,self_attn.v_proj,decode,1,QwenManualHybridLinear,0.24905599653720856
2978,12,model.layers.9.self_attn.o_proj,self_attn.o_proj,decode,1,QwenManualHybridLinear,0.10963200032711029
2979,12,model.layers.9.mlp.gate_proj,mlp.gate_proj,decode,1,QwenManualHybridLinear,0.2586880028247833
2980,12,model.layers.9.mlp.up_proj,mlp.up_proj,decode,1,QwenManualHybridLinear,0.2650879919528961
2981,12,model.layers.9.mlp.down_proj,mlp.down_proj,decode,1,QwenManualHybridLinear,0.24729600548744202
2982,12,model.layers.10.self_attn.q_proj,self_attn.q_proj,decode,1,QwenManualHybridLinear,0.2605440020561218
2983,12,model.layers.10.self_attn.k_proj,self_attn.k_proj,decode,1,QwenManualHybridLinear,0.24873599410057068
2984,12,model.layers.10.self_attn.v_proj,self_attn.v_proj,decode,1,QwenManualHybridLinear,0.24879999458789825
2985,12,model.layers.10.self_attn.o_proj,self_attn.o_proj,decode,1,QwenManualHybridLinear,0.10262399911880493
2986,12,model.layers.10.mlp.gate_proj,mlp.gate_proj,decode,1,QwenManualHybridLinear,0.2587200105190277
2987,12,model.layers.10.mlp.up_proj,mlp.up_proj,decode,1,QwenManualHybridLinear,0.24582399427890778
2988,12,model.layers.10.mlp.down_proj,mlp.down_proj,decode,1,QwenManualHybridLinear,0.2451840043067932
2989,12,model.layers.11.self_attn.q_proj,self_attn.q_proj,decode,1,QwenManualHybridLinear,0.26015999913215637
2990,12,model.layers.11.self_attn.k_proj,self_attn.k_proj,decode,1,QwenManualHybridLinear,0.2654719948768616
2991,12,model.layers.11.self_attn.v_proj,self_attn.v_proj,decode,1,QwenManualHybridLinear,0.24409599602222443
2992,12,model.layers.11.self_attn.o_proj,self_attn.o_proj,decode,1,QwenManualHybridLinear,0.10047999769449234
2993,12,model.layers.11.mlp.gate_proj,mlp.gate_proj,decode,1,QwenManualHybridLinear,0.2571200132369995
2994,12,model.layers.11.mlp.up_proj,mlp.up_proj,decode,1,QwenManualHybridLinear,0.24531200528144836
2995,12,model.layers.11.mlp.down_proj,mlp.down_proj,decode,1,QwenManualHybridLinear,0.2449280023574829
2996,12,model.layers.12.self_attn.q_proj,self_attn.q_proj,decode,1,QwenManualHybridLinear,0.2560960054397583
2997,12,model.layers.12.self_attn.k_proj,self_attn.k_proj,decode,1,QwenManualHybridLinear,0.24476799368858337
2998,12,model.layers.12.self_attn.v_proj,self_attn.v_proj,decode,1,QwenManualHybridLinear,0.24182400107383728
2999,12,model.layers.12.self_attn.o_proj,self_attn.o_proj,decode,1,QwenManualHybridLinear,0.12716799974441528
3000,12,model.layers.12.mlp.gate_proj,mlp.gate_proj,decode,1,QwenManualHybridLinear,0.2715199887752533
3001,12,model.layers.12.mlp.up_proj,mlp.up_proj,decode,1,QwenManualHybridLinear,0.2529279887676239
3002,12,model.layers.12.mlp.down_proj,mlp.down_proj,decode,1,QwenManualHybridLinear,0.2489279955625534
3003,12,model.layers.13.self_attn.q_proj,self_attn.q_proj,decode,1,QwenManualHybridLinear,0.26153600215911865
3004,12,model.layers.13.self_attn.k_proj,self_attn.k_proj,decode,1,QwenManualHybridLinear,0.25011199712753296
3005,12,model.layers.13.self_attn.v_proj,self_attn.v_proj,decode,1,QwenManualHybridLinear,0.24592000246047974
3006,12,model.layers.13.self_attn.o_proj,self_attn.o_proj,decode,1,QwenManualHybridLinear,0.11260800063610077
3007,12,model.layers.13.mlp.gate_proj,mlp.gate_proj,decode,1,QwenManualHybridLinear,0.2571839988231659
3008,12,model.layers.13.mlp.up_proj,mlp.up_proj,decode,1,QwenManualHybridLinear,0.24585600197315216
3009,12,model.layers.13.mlp.down_proj,mlp.down_proj,decode,1,QwenManualHybridLinear,0.2420479953289032
3010,12,model.layers.14.self_attn.q_proj,self_attn.q_proj,decode,1,QwenManualHybridLinear,0.28172799944877625
3011,12,model.layers.14.self_attn.k_proj,self_attn.k_proj,decode,1,QwenManualHybridLinear,0.2540160119533539
3012,12,model.layers.14.self_attn.v_proj,self_attn.v_proj,decode,1,QwenManualHybridLinear,0.2460159957408905
3013,12,model.layers.14.self_attn.o_proj,self_attn.o_proj,decode,1,QwenManualHybridLinear,0.10582400113344193
3014,12,model.layers.14.mlp.gate_proj,mlp.gate_proj,decode,1,QwenManualHybridLinear,0.26287999749183655
3015,12,model.layers.14.mlp.up_proj,mlp.up_proj,decode,1,QwenManualHybridLinear,0.245728000998497
3016,12,model.layers.14.mlp.down_proj,mlp.down_proj,decode,1,QwenManualHybridLinear,0.24566400051116943
3017,12,model.layers.15.self_attn.q_proj,self_attn.q_proj,decode,1,QwenManualHybridLinear,0.2590720057487488
3018,12,model.layers.15.self_attn.k_proj,self_attn.k_proj,decode,1,QwenManualHybridLinear,0.2478400021791458
3019,12,model.layers.15.self_attn.v_proj,self_attn.v_proj,decode,1,QwenManualHybridLinear,0.2454719990491867
3020,12,model.layers.15.self_attn.o_proj,self_attn.o_proj,decode,1,QwenManualHybridLinear,0.1058880016207695
3021,12,model.layers.15.mlp.gate_proj,mlp.gate_proj,decode,1,QwenManualHybridLinear,0.2656320035457611
3022,12,model.layers.15.mlp.up_proj,mlp.up_proj,decode,1,QwenManualHybridLinear,0.24697600305080414
3023,12,model.layers.15.mlp.down_proj,mlp.down_proj,decode,1,QwenManualHybridLinear,0.2478400021791458
3024,12,model.layers.16.self_attn.q_proj,self_attn.q_proj,decode,1,QwenManualHybridLinear,0.2584640085697174
3025,12,model.layers.16.self_attn.k_proj,self_attn.k_proj,decode,1,QwenManualHybridLinear,0.24527999758720398
3026,12,model.layers.16.self_attn.v_proj,self_attn.v_proj,decode,1,QwenManualHybridLinear,0.24240000545978546
3027,12,model.layers.16.self_attn.o_proj,self_attn.o_proj,decode,1,QwenManualHybridLinear,0.10742399841547012
3028,12,model.layers.16.mlp.gate_proj,mlp.gate_proj,decode,1,QwenManualHybridLinear,0.271807998418808
3029,12,model.layers.16.mlp.up_proj,mlp.up_proj,decode,1,QwenManualHybridLinear,0.25040000677108765
3030,12,model.layers.16.mlp.down_proj,mlp.down_proj,decode,1,QwenManualHybridLinear,0.24902400374412537
3031,12,model.layers.17.self_attn.q_proj,self_attn.q_proj,decode,1,QwenManualHybridLinear,0.26844799518585205
3032,12,model.layers.17.self_attn.k_proj,self_attn.k_proj,decode,1,QwenManualHybridLinear,0.24985599517822266
3033,12,model.layers.17.self_attn.v_proj,self_attn.v_proj,decode,1,QwenManualHybridLinear,0.25014400482177734
3034,12,model.layers.17.self_attn.o_proj,self_attn.o_proj,decode,1,QwenManualHybridLinear,0.10262399911880493
3035,12,model.layers.17.mlp.gate_proj,mlp.gate_proj,decode,1,QwenManualHybridLinear,0.26767998933792114
3036,12,model.layers.17.mlp.up_proj,mlp.up_proj,decode,1,QwenManualHybridLinear,0.24595199525356293
3037,12,model.layers.17.mlp.down_proj,mlp.down_proj,decode,1,QwenManualHybridLinear,0.24886399507522583
3038,12,model.layers.18.self_attn.q_proj,self_attn.q_proj,decode,1,QwenManualHybridLinear,0.26441600918769836
3039,12,model.layers.18.self_attn.k_proj,self_attn.k_proj,decode,1,QwenManualHybridLinear,0.2683199942111969
3040,12,model.layers.18.self_attn.v_proj,self_attn.v_proj,decode,1,QwenManualHybridLinear,0.24755200743675232
3041,12,model.layers.18.self_attn.o_proj,self_attn.o_proj,decode,1,QwenManualHybridLinear,0.10739199817180634
3042,12,model.layers.18.mlp.gate_proj,mlp.gate_proj,decode,1,QwenManualHybridLinear,0.2736000120639801
3043,12,model.layers.18.mlp.up_proj,mlp.up_proj,decode,1,QwenManualHybridLinear,0.25145599246025085
3044,12,model.layers.18.mlp.down_proj,mlp.down_proj,decode,1,QwenManualHybridLinear,0.24697600305080414
3045,12,model.layers.19.self_attn.q_proj,self_attn.q_proj,decode,1,QwenManualHybridLinear,0.2639999985694885
3046,12,model.layers.19.self_attn.k_proj,self_attn.k_proj,decode,1,QwenManualHybridLinear,0.2481279969215393
3047,12,model.layers.19.self_attn.v_proj,self_attn.v_proj,decode,1,QwenManualHybridLinear,0.24345600605010986
3048,12,model.layers.19.self_attn.o_proj,self_attn.o_proj,decode,1,QwenManualHybridLinear,0.12272000312805176
3049,12,model.layers.19.mlp.gate_proj,mlp.gate_proj,decode,1,QwenManualHybridLinear,0.27107200026512146
3050,12,model.layers.19.mlp.up_proj,mlp.up_proj,decode,1,QwenManualHybridLinear,0.2489279955625534
3051,12,model.layers.19.mlp.down_proj,mlp.down_proj,decode,1,QwenManualHybridLinear,0.24659200012683868
3052,12,model.layers.20.self_attn.q_proj,self_attn.q_proj,decode,1,QwenManualHybridLinear,0.266400009393692
3053,12,model.layers.20.self_attn.k_proj,self_attn.k_proj,decode,1,QwenManualHybridLinear,0.2516799867153168
3054,12,model.layers.20.self_attn.v_proj,self_attn.v_proj,decode,1,QwenManualHybridLinear,0.24432000517845154
3055,12,model.layers.20.self_attn.o_proj,self_attn.o_proj,decode,1,QwenManualHybridLinear,0.10339199751615524
3056,12,model.layers.20.mlp.gate_proj,mlp.gate_proj,decode,1,QwenManualHybridLinear,0.2698880136013031
3057,12,model.layers.20.mlp.up_proj,mlp.up_proj,decode,1,QwenManualHybridLinear,0.2511039972305298
3058,12,model.layers.20.mlp.down_proj,mlp.down_proj,decode,1,QwenManualHybridLinear,0.29555198550224304
3059,12,model.layers.21.self_attn.q_proj,self_attn.q_proj,decode,1,QwenManualHybridLinear,0.26214399933815
3060,12,model.layers.21.self_attn.k_proj,self_attn.k_proj,decode,1,QwenManualHybridLinear,0.2497279942035675
3061,12,model.layers.21.self_attn.v_proj,self_attn.v_proj,decode,1,QwenManualHybridLinear,0.24262399971485138
3062,12,model.layers.21.self_attn.o_proj,self_attn.o_proj,decode,1,QwenManualHybridLinear,0.10950399935245514
3063,12,model.layers.21.mlp.gate_proj,mlp.gate_proj,decode,1,QwenManualHybridLinear,0.2616640031337738
3064,12,model.layers.21.mlp.up_proj,mlp.up_proj,decode,1,QwenManualHybridLinear,0.2481279969215393
3065,12,model.layers.21.mlp.down_proj,mlp.down_proj,decode,1,QwenManualHybridLinear,0.2549760043621063
3066,12,model.layers.22.self_attn.q_proj,self_attn.q_proj,decode,1,QwenManualHybridLinear,0.2574400007724762
3067,12,model.layers.22.self_attn.k_proj,self_attn.k_proj,decode,1,QwenManualHybridLinear,0.24537600576877594
3068,12,model.layers.22.self_attn.v_proj,self_attn.v_proj,decode,1,QwenManualHybridLinear,0.28467199206352234
3069,12,model.layers.22.self_attn.o_proj,self_attn.o_proj,decode,1,QwenManualHybridLinear,0.10751999914646149
3070,12,model.layers.22.mlp.gate_proj,mlp.gate_proj,decode,1,QwenManualHybridLinear,0.26310399174690247
3071,12,model.layers.22.mlp.up_proj,mlp.up_proj,decode,1,QwenManualHybridLinear,0.25065600872039795
3072,12,model.layers.22.mlp.down_proj,mlp.down_proj,decode,1,QwenManualHybridLinear,0.25043201446533203
3073,12,model.layers.23.self_attn.q_proj,self_attn.q_proj,decode,1,QwenManualHybridLinear,0.25484800338745117
3074,12,model.layers.23.self_attn.k_proj,self_attn.k_proj,decode,1,QwenManualHybridLinear,0.24515199661254883
3075,12,model.layers.23.self_attn.v_proj,self_attn.v_proj,decode,1,QwenManualHybridLinear,0.24928000569343567
3076,12,model.layers.23.self_attn.o_proj,self_attn.o_proj,decode,1,QwenManualHybridLinear,0.10447999835014343
3077,12,model.layers.23.mlp.gate_proj,mlp.gate_proj,decode,1,QwenManualHybridLinear,0.25894400477409363
3078,12,model.layers.23.mlp.up_proj,mlp.up_proj,decode,1,QwenManualHybridLinear,0.24592000246047974
3079,12,model.layers.23.mlp.down_proj,mlp.down_proj,decode,1,QwenManualHybridLinear,0.24924799799919128
3080,12,model.layers.24.self_attn.q_proj,self_attn.q_proj,decode,1,QwenManualHybridLinear,0.27532801032066345
3081,12,model.layers.24.self_attn.k_proj,self_attn.k_proj,decode,1,QwenManualHybridLinear,0.25062400102615356
3082,12,model.layers.24.self_attn.v_proj,self_attn.v_proj,decode,1,QwenManualHybridLinear,0.2516799867153168
3083,12,model.layers.24.self_attn.o_proj,self_attn.o_proj,decode,1,QwenManualHybridLinear,0.10918399691581726
3084,12,model.layers.24.mlp.gate_proj,mlp.gate_proj,decode,1,QwenManualHybridLinear,0.2600319981575012
3085,12,model.layers.24.mlp.up_proj,mlp.up_proj,decode,1,QwenManualHybridLinear,0.24668799340724945
3086,12,model.layers.24.mlp.down_proj,mlp.down_proj,decode,1,QwenManualHybridLinear,0.24915200471878052
3087,12,model.layers.25.self_attn.q_proj,self_attn.q_proj,decode,1,QwenManualHybridLinear,0.2752000093460083
3088,12,model.layers.25.self_attn.k_proj,self_attn.k_proj,decode,1,QwenManualHybridLinear,0.25097599625587463
3089,12,model.layers.25.self_attn.v_proj,self_attn.v_proj,decode,1,QwenManualHybridLinear,0.24368000030517578
3090,12,model.layers.25.self_attn.o_proj,self_attn.o_proj,decode,1,QwenManualHybridLinear,0.1085439994931221
3091,12,model.layers.25.mlp.gate_proj,mlp.gate_proj,decode,1,QwenManualHybridLinear,0.2617279887199402
3092,12,model.layers.25.mlp.up_proj,mlp.up_proj,decode,1,QwenManualHybridLinear,0.24672000110149384
3093,12,model.layers.25.mlp.down_proj,mlp.down_proj,decode,1,QwenManualHybridLinear,0.25222399830818176
3094,12,model.layers.26.self_attn.q_proj,self_attn.q_proj,decode,1,QwenManualHybridLinear,0.2575039863586426
3095,12,model.layers.26.self_attn.k_proj,self_attn.k_proj,decode,1,QwenManualHybridLinear,0.24665600061416626
3096,12,model.layers.26.self_attn.v_proj,self_attn.v_proj,decode,1,QwenManualHybridLinear,0.24435199797153473
3097,12,model.layers.26.self_attn.o_proj,self_attn.o_proj,decode,1,QwenManualHybridLinear,0.11945600062608719
3098,12,model.layers.26.mlp.gate_proj,mlp.gate_proj,decode,1,QwenManualHybridLinear,0.26368001103401184
3099,12,model.layers.26.mlp.up_proj,mlp.up_proj,decode,1,QwenManualHybridLinear,0.2581759989261627
3100,12,model.layers.26.mlp.down_proj,mlp.down_proj,decode,1,QwenManualHybridLinear,0.25225600600242615
3101,12,model.layers.27.self_attn.q_proj,self_attn.q_proj,decode,1,QwenManualHybridLinear,0.2529279887676239
3102,12,model.layers.27.self_attn.k_proj,self_attn.k_proj,decode,1,QwenManualHybridLinear,0.2470400035381317
3103,12,model.layers.27.self_attn.v_proj,self_attn.v_proj,decode,1,QwenManualHybridLinear,0.24620799720287323
3104,12,model.layers.27.self_attn.o_proj,self_attn.o_proj,decode,1,QwenManualHybridLinear,0.10080000013113022
3105,12,model.layers.27.mlp.gate_proj,mlp.gate_proj,decode,1,QwenManualHybridLinear,0.2556479871273041
3106,12,model.layers.27.mlp.up_proj,mlp.up_proj,decode,1,QwenManualHybridLinear,0.2736639976501465
3107,12,model.layers.27.mlp.down_proj,mlp.down_proj,decode,1,QwenManualHybridLinear,0.2659200131893158
3108,12,model.layers.28.self_attn.q_proj,self_attn.q_proj,decode,1,QwenManualHybridLinear,0.2536639869213104
3109,12,model.layers.28.self_attn.k_proj,self_attn.k_proj,decode,1,QwenManualHybridLinear,0.24537600576877594
3110,12,model.layers.28.self_attn.v_proj,self_attn.v_proj,decode,1,QwenManualHybridLinear,0.24985599517822266
3111,12,model.layers.28.self_attn.o_proj,self_attn.o_proj,decode,1,QwenManualHybridLinear,0.1013759970664978
3112,12,model.layers.28.mlp.gate_proj,mlp.gate_proj,decode,1,QwenManualHybridLinear,0.26892799139022827
3113,12,model.layers.28.mlp.up_proj,mlp.up_proj,decode,1,QwenManualHybridLinear,0.24799999594688416
3114,12,model.layers.28.mlp.down_proj,mlp.down_proj,decode,1,QwenManualHybridLinear,0.24563199281692505
3115,12,model.layers.29.self_attn.q_proj,self_attn.q_proj,decode,1,QwenManualHybridLinear,0.2680320143699646
3116,12,model.layers.29.self_attn.k_proj,self_attn.k_proj,decode,1,QwenManualHybridLinear,0.270112007856369
3117,12,model.layers.29.self_attn.v_proj,self_attn.v_proj,decode,1,QwenManualHybridLinear,0.25065600872039795
3118,12,model.layers.29.self_attn.o_proj,self_attn.o_proj,decode,1,QwenManualHybridLinear,0.1013759970664978
3119,12,model.layers.29.mlp.gate_proj,mlp.gate_proj,decode,1,QwenManualHybridLinear,0.2597759962081909
3120,12,model.layers.29.mlp.up_proj,mlp.up_proj,decode,1,QwenManualHybridLinear,0.25276800990104675
3121,12,model.layers.29.mlp.down_proj,mlp.down_proj,decode,1,QwenManualHybridLinear,0.24486400187015533
3122,12,model.layers.30.self_attn.q_proj,self_attn.q_proj,decode,1,QwenManualHybridLinear,0.255264014005661
3123,12,model.layers.30.self_attn.k_proj,self_attn.k_proj,decode,1,QwenManualHybridLinear,0.256415992975235
3124,12,model.layers.30.self_attn.v_proj,self_attn.v_proj,decode,1,QwenManualHybridLinear,0.24480000138282776
3125,12,model.layers.30.self_attn.o_proj,self_attn.o_proj,decode,1,QwenManualHybridLinear,0.10691200196743011
3126,12,model.layers.30.mlp.gate_proj,mlp.gate_proj,decode,1,QwenManualHybridLinear,0.25702399015426636
3127,12,model.layers.30.mlp.up_proj,mlp.up_proj,decode,1,QwenManualHybridLinear,0.25119999051094055
3128,12,model.layers.30.mlp.down_proj,mlp.down_proj,decode,1,QwenManualHybridLinear,0.2473279982805252
3129,12,model.layers.31.self_attn.q_proj,self_attn.q_proj,decode,1,QwenManualHybridLinear,0.2683199942111969
3130,12,model.layers.31.self_attn.k_proj,self_attn.k_proj,decode,1,QwenManualHybridLinear,0.2518079876899719
3131,12,model.layers.31.self_attn.v_proj,self_attn.v_proj,decode,1,QwenManualHybridLinear,0.33900800347328186
3132,12,model.layers.31.self_attn.o_proj,self_attn.o_proj,decode,1,QwenManualHybridLinear,0.10380800068378448
3133,12,model.layers.31.mlp.gate_proj,mlp.gate_proj,decode,1,QwenManualHybridLinear,0.25808000564575195
3134,12,model.layers.31.mlp.up_proj,mlp.up_proj,decode,1,QwenManualHybridLinear,0.24764800071716309
3135,12,model.layers.31.mlp.down_proj,mlp.down_proj,decode,1,QwenManualHybridLinear,0.2523840069770813
3136,13,model.layers.0.self_attn.q_proj,self_attn.q_proj,decode,1,QwenManualHybridLinear,0.4225279986858368
3137,13,model.layers.0.self_attn.k_proj,self_attn.k_proj,decode,1,QwenManualHybridLinear,0.3031359910964966
3138,13,model.layers.0.self_attn.v_proj,self_attn.v_proj,decode,1,QwenManualHybridLinear,0.270112007856369
3139,13,model.layers.0.self_attn.o_proj,self_attn.o_proj,decode,1,QwenManualHybridLinear,0.10780800133943558
3140,13,model.layers.0.mlp.gate_proj,mlp.gate_proj,decode,1,QwenManualHybridLinear,0.2678399980068207
3141,13,model.layers.0.mlp.up_proj,mlp.up_proj,decode,1,QwenManualHybridLinear,0.25094398856163025
3142,13,model.layers.0.mlp.down_proj,mlp.down_proj,decode,1,QwenManualHybridLinear,0.28863999247550964
3143,13,model.layers.1.self_attn.q_proj,self_attn.q_proj,decode,1,QwenManualHybridLinear,0.26345598697662354
3144,13,model.layers.1.self_attn.k_proj,self_attn.k_proj,decode,1,QwenManualHybridLinear,0.2560639977455139
3145,13,model.layers.1.self_attn.v_proj,self_attn.v_proj,decode,1,QwenManualHybridLinear,0.2447039932012558
3146,13,model.layers.1.self_attn.o_proj,self_attn.o_proj,decode,1,QwenManualHybridLinear,0.09868799895048141
3147,13,model.layers.1.mlp.gate_proj,mlp.gate_proj,decode,1,QwenManualHybridLinear,0.2574400007724762
3148,13,model.layers.1.mlp.up_proj,mlp.up_proj,decode,1,QwenManualHybridLinear,0.25225600600242615
3149,13,model.layers.1.mlp.down_proj,mlp.down_proj,decode,1,QwenManualHybridLinear,0.24473600089550018
3150,13,model.layers.2.self_attn.q_proj,self_attn.q_proj,decode,1,QwenManualHybridLinear,0.2568640112876892
3151,13,model.layers.2.self_attn.k_proj,self_attn.k_proj,decode,1,QwenManualHybridLinear,0.25385600328445435
3152,13,model.layers.2.self_attn.v_proj,self_attn.v_proj,decode,1,QwenManualHybridLinear,0.2743360102176666
3153,13,model.layers.2.self_attn.o_proj,self_attn.o_proj,decode,1,QwenManualHybridLinear,0.11427199840545654
3154,13,model.layers.2.mlp.gate_proj,mlp.gate_proj,decode,1,QwenManualHybridLinear,0.2650560140609741
3155,13,model.layers.2.mlp.up_proj,mlp.up_proj,decode,1,QwenManualHybridLinear,0.24988800287246704
3156,13,model.layers.2.mlp.down_proj,mlp.down_proj,decode,1,QwenManualHybridLinear,0.24899199604988098
3157,13,model.layers.3.self_attn.q_proj,self_attn.q_proj,decode,1,QwenManualHybridLinear,0.2648639976978302
3158,13,model.layers.3.self_attn.k_proj,self_attn.k_proj,decode,1,QwenManualHybridLinear,0.2479040026664734
3159,13,model.layers.3.self_attn.v_proj,self_attn.v_proj,decode,1,QwenManualHybridLinear,0.2470719963312149
3160,13,model.layers.3.self_attn.o_proj,self_attn.o_proj,decode,1,QwenManualHybridLinear,0.10761599987745285
3161,13,model.layers.3.mlp.gate_proj,mlp.gate_proj,decode,1,QwenManualHybridLinear,0.27395200729370117
3162,13,model.layers.3.mlp.up_proj,mlp.up_proj,decode,1,QwenManualHybridLinear,0.2515519857406616
3163,13,model.layers.3.mlp.down_proj,mlp.down_proj,decode,1,QwenManualHybridLinear,0.2565760016441345
3164,13,model.layers.4.self_attn.q_proj,self_attn.q_proj,decode,1,QwenManualHybridLinear,0.26044800877571106
3165,13,model.layers.4.self_attn.k_proj,self_attn.k_proj,decode,1,QwenManualHybridLinear,0.2518079876899719
3166,13,model.layers.4.self_attn.v_proj,self_attn.v_proj,decode,1,QwenManualHybridLinear,0.24400000274181366
3167,13,model.layers.4.self_attn.o_proj,self_attn.o_proj,decode,1,QwenManualHybridLinear,0.10099200159311295
3168,13,model.layers.4.mlp.gate_proj,mlp.gate_proj,decode,1,QwenManualHybridLinear,0.2725119888782501
3169,13,model.layers.4.mlp.up_proj,mlp.up_proj,decode,1,QwenManualHybridLinear,0.2573759853839874
3170,13,model.layers.4.mlp.down_proj,mlp.down_proj,decode,1,QwenManualHybridLinear,0.24745599925518036
3171,13,model.layers.5.self_attn.q_proj,self_attn.q_proj,decode,1,QwenManualHybridLinear,0.260127991437912
3172,13,model.layers.5.self_attn.k_proj,self_attn.k_proj,decode,1,QwenManualHybridLinear,0.24860799312591553
3173,13,model.layers.5.self_attn.v_proj,self_attn.v_proj,decode,1,QwenManualHybridLinear,0.25196799635887146
3174,13,model.layers.5.self_attn.o_proj,self_attn.o_proj,decode,1,QwenManualHybridLinear,0.10857599973678589
3175,13,model.layers.5.mlp.gate_proj,mlp.gate_proj,decode,1,QwenManualHybridLinear,0.2565760016441345
3176,13,model.layers.5.mlp.up_proj,mlp.up_proj,decode,1,QwenManualHybridLinear,0.24902400374412537
3177,13,model.layers.5.mlp.down_proj,mlp.down_proj,decode,1,QwenManualHybridLinear,0.2475840002298355
3178,13,model.layers.6.self_attn.q_proj,self_attn.q_proj,decode,1,QwenManualHybridLinear,0.25644800066947937
3179,13,model.layers.6.self_attn.k_proj,self_attn.k_proj,decode,1,QwenManualHybridLinear,0.24563199281692505
3180,13,model.layers.6.self_attn.v_proj,self_attn.v_proj,decode,1,QwenManualHybridLinear,0.26025599241256714
3181,13,model.layers.6.self_attn.o_proj,self_attn.o_proj,decode,1,QwenManualHybridLinear,0.10831999778747559
3182,13,model.layers.6.mlp.gate_proj,mlp.gate_proj,decode,1,QwenManualHybridLinear,0.2585600018501282
3183,13,model.layers.6.mlp.up_proj,mlp.up_proj,decode,1,QwenManualHybridLinear,0.2467840015888214
3184,13,model.layers.6.mlp.down_proj,mlp.down_proj,decode,1,QwenManualHybridLinear,0.25113600492477417
3185,13,model.layers.7.self_attn.q_proj,self_attn.q_proj,decode,1,QwenManualHybridLinear,0.25884801149368286
3186,13,model.layers.7.self_attn.k_proj,self_attn.k_proj,decode,1,QwenManualHybridLinear,0.2459840029478073
3187,13,model.layers.7.self_attn.v_proj,self_attn.v_proj,decode,1,QwenManualHybridLinear,0.23977600038051605
3188,13,model.layers.7.self_attn.o_proj,self_attn.o_proj,decode,1,QwenManualHybridLinear,0.10892800241708755
3189,13,model.layers.7.mlp.gate_proj,mlp.gate_proj,decode,1,QwenManualHybridLinear,0.25859200954437256
3190,13,model.layers.7.mlp.up_proj,mlp.up_proj,decode,1,QwenManualHybridLinear,0.26051199436187744
3191,13,model.layers.7.mlp.down_proj,mlp.down_proj,decode,1,QwenManualHybridLinear,0.25465598702430725
3192,13,model.layers.8.self_attn.q_proj,self_attn.q_proj,decode,1,QwenManualHybridLinear,0.2638719975948334
3193,13,model.layers.8.self_attn.k_proj,self_attn.k_proj,decode,1,QwenManualHybridLinear,0.2536320090293884
3194,13,model.layers.8.self_attn.v_proj,self_attn.v_proj,decode,1,QwenManualHybridLinear,0.2444159984588623
3195,13,model.layers.8.self_attn.o_proj,self_attn.o_proj,decode,1,QwenManualHybridLinear,0.1021760031580925
3196,13,model.layers.8.mlp.gate_proj,mlp.gate_proj,decode,1,QwenManualHybridLinear,0.25913599133491516
3197,13,model.layers.8.mlp.up_proj,mlp.up_proj,decode,1,QwenManualHybridLinear,0.2515519857406616
3198,13,model.layers.8.mlp.down_proj,mlp.down_proj,decode,1,QwenManualHybridLinear,0.2463040053844452
3199,13,model.layers.9.self_attn.q_proj,self_attn.q_proj,decode,1,QwenManualHybridLinear,0.25468799471855164
3200,13,model.layers.9.self_attn.k_proj,self_attn.k_proj,decode,1,QwenManualHybridLinear,0.26444798707962036
3201,13,model.layers.9.self_attn.v_proj,self_attn.v_proj,decode,1,QwenManualHybridLinear,0.25542399287223816
3202,13,model.layers.9.self_attn.o_proj,self_attn.o_proj,decode,1,QwenManualHybridLinear,0.10768000036478043
3203,13,model.layers.9.mlp.gate_proj,mlp.gate_proj,decode,1,QwenManualHybridLinear,0.25971201062202454
3204,13,model.layers.9.mlp.up_proj,mlp.up_proj,decode,1,QwenManualHybridLinear,0.24742400646209717
3205,13,model.layers.9.mlp.down_proj,mlp.down_proj,decode,1,QwenManualHybridLinear,0.25097599625587463
3206,13,model.layers.10.self_attn.q_proj,self_attn.q_proj,decode,1,QwenManualHybridLinear,0.25436800718307495
3207,13,model.layers.10.self_attn.k_proj,self_attn.k_proj,decode,1,QwenManualHybridLinear,0.24636800587177277
3208,13,model.layers.10.self_attn.v_proj,self_attn.v_proj,decode,1,QwenManualHybridLinear,0.2531520128250122
3209,13,model.layers.10.self_attn.o_proj,self_attn.o_proj,decode,1,QwenManualHybridLinear,0.10009600222110748
3210,13,model.layers.10.mlp.gate_proj,mlp.gate_proj,decode,1,QwenManualHybridLinear,0.2587839961051941
3211,13,model.layers.10.mlp.up_proj,mlp.up_proj,decode,1,QwenManualHybridLinear,0.24473600089550018
3212,13,model.layers.10.mlp.down_proj,mlp.down_proj,decode,1,QwenManualHybridLinear,0.24905599653720856
3213,13,model.layers.11.self_attn.q_proj,self_attn.q_proj,decode,1,QwenManualHybridLinear,0.25702399015426636
3214,13,model.layers.11.self_attn.k_proj,self_attn.k_proj,decode,1,QwenManualHybridLinear,0.2503040134906769
3215,13,model.layers.11.self_attn.v_proj,self_attn.v_proj,decode,1,QwenManualHybridLinear,0.24374400079250336
3216,13,model.layers.11.self_attn.o_proj,self_attn.o_proj,decode,1,QwenManualHybridLinear,0.10870400071144104
3217,13,model.layers.11.mlp.gate_proj,mlp.gate_proj,decode,1,QwenManualHybridLinear,0.2595840096473694
3218,13,model.layers.11.mlp.up_proj,mlp.up_proj,decode,1,QwenManualHybridLinear,0.25065600872039795
3219,13,model.layers.11.mlp.down_proj,mlp.down_proj,decode,1,QwenManualHybridLinear,0.24460799992084503
3220,13,model.layers.12.self_attn.q_proj,self_attn.q_proj,decode,1,QwenManualHybridLinear,0.26159998774528503
3221,13,model.layers.12.self_attn.k_proj,self_attn.k_proj,decode,1,QwenManualHybridLinear,0.24476799368858337
3222,13,model.layers.12.self_attn.v_proj,self_attn.v_proj,decode,1,QwenManualHybridLinear,0.24553599953651428
3223,13,model.layers.12.self_attn.o_proj,self_attn.o_proj,decode,1,QwenManualHybridLinear,0.10073599964380264
3224,13,model.layers.12.mlp.gate_proj,mlp.gate_proj,decode,1,QwenManualHybridLinear,0.2614080011844635
3225,13,model.layers.12.mlp.up_proj,mlp.up_proj,decode,1,QwenManualHybridLinear,0.25273600220680237
3226,13,model.layers.12.mlp.down_proj,mlp.down_proj,decode,1,QwenManualHybridLinear,0.24668799340724945
3227,13,model.layers.13.self_attn.q_proj,self_attn.q_proj,decode,1,QwenManualHybridLinear,0.25491198897361755
3228,13,model.layers.13.self_attn.k_proj,self_attn.k_proj,decode,1,QwenManualHybridLinear,0.24595199525356293
3229,13,model.layers.13.self_attn.v_proj,self_attn.v_proj,decode,1,QwenManualHybridLinear,0.24451200664043427
3230,13,model.layers.13.self_attn.o_proj,self_attn.o_proj,decode,1,QwenManualHybridLinear,0.10873600095510483
3231,13,model.layers.13.mlp.gate_proj,mlp.gate_proj,decode,1,QwenManualHybridLinear,0.2551040053367615
3232,13,model.layers.13.mlp.up_proj,mlp.up_proj,decode,1,QwenManualHybridLinear,0.2433280050754547
3233,13,model.layers.13.mlp.down_proj,mlp.down_proj,decode,1,QwenManualHybridLinear,0.24883200228214264
3234,13,model.layers.14.self_attn.q_proj,self_attn.q_proj,decode,1,QwenManualHybridLinear,0.27456000447273254
3235,13,model.layers.14.self_attn.k_proj,self_attn.k_proj,decode,1,QwenManualHybridLinear,0.2517760097980499
3236,13,model.layers.14.self_attn.v_proj,self_attn.v_proj,decode,1,QwenManualHybridLinear,0.24979199469089508
3237,13,model.layers.14.self_attn.o_proj,self_attn.o_proj,decode,1,QwenManualHybridLinear,0.1005759984254837
3238,13,model.layers.14.mlp.gate_proj,mlp.gate_proj,decode,1,QwenManualHybridLinear,0.260672003030777
3239,13,model.layers.14.mlp.up_proj,mlp.up_proj,decode,1,QwenManualHybridLinear,0.2765119969844818
3240,13,model.layers.14.mlp.down_proj,mlp.down_proj,decode,1,QwenManualHybridLinear,0.24556800723075867
3241,13,model.layers.15.self_attn.q_proj,self_attn.q_proj,decode,1,QwenManualHybridLinear,0.25385600328445435
3242,13,model.layers.15.self_attn.k_proj,self_attn.k_proj,decode,1,QwenManualHybridLinear,0.24726399779319763
3243,13,model.layers.15.self_attn.v_proj,self_attn.v_proj,decode,1,QwenManualHybridLinear,0.24102400243282318
3244,13,model.layers.15.self_attn.o_proj,self_attn.o_proj,decode,1,QwenManualHybridLinear,0.11321599781513214
3245,13,model.layers.15.mlp.gate_proj,mlp.gate_proj,decode,1,QwenManualHybridLinear,0.26284798979759216
3246,13,model.layers.15.mlp.up_proj,mlp.up_proj,decode,1,QwenManualHybridLinear,0.2539840042591095
3247,13,model.layers.15.mlp.down_proj,mlp.down_proj,decode,1,QwenManualHybridLinear,0.24342399835586548
3248,13,model.layers.16.self_attn.q_proj,self_attn.q_proj,decode,1,QwenManualHybridLinear,0.251583993434906
3249,13,model.layers.16.self_attn.k_proj,self_attn.k_proj,decode,1,QwenManualHybridLinear,0.26707199215888977
3250,13,model.layers.16.self_attn.v_proj,self_attn.v_proj,decode,1,QwenManualHybridLinear,0.2455040067434311
3251,13,model.layers.16.self_attn.o_proj,self_attn.o_proj,decode,1,QwenManualHybridLinear,0.10751999914646149
3252,13,model.layers.16.mlp.gate_proj,mlp.gate_proj,decode,1,QwenManualHybridLinear,0.26716798543930054
3253,13,model.layers.16.mlp.up_proj,mlp.up_proj,decode,1,QwenManualHybridLinear,0.24851199984550476
3254,13,model.layers.16.mlp.down_proj,mlp.down_proj,decode,1,QwenManualHybridLinear,0.24985599517822266
3255,13,model.layers.17.self_attn.q_proj,self_attn.q_proj,decode,1,QwenManualHybridLinear,0.2568640112876892
3256,13,model.layers.17.self_attn.k_proj,self_attn.k_proj,decode,1,QwenManualHybridLinear,0.24803200364112854
3257,13,model.layers.17.self_attn.v_proj,self_attn.v_proj,decode,1,QwenManualHybridLinear,0.24508799612522125
3258,13,model.layers.17.self_attn.o_proj,self_attn.o_proj,decode,1,QwenManualHybridLinear,0.12300799787044525
3259,13,model.layers.17.mlp.gate_proj,mlp.gate_proj,decode,1,QwenManualHybridLinear,0.2560960054397583
3260,13,model.layers.17.mlp.up_proj,mlp.up_proj,decode,1,QwenManualHybridLinear,0.24617600440979004
3261,13,model.layers.17.mlp.down_proj,mlp.down_proj,decode,1,QwenManualHybridLinear,0.2500480115413666
3262,13,model.layers.18.self_attn.q_proj,self_attn.q_proj,decode,1,QwenManualHybridLinear,0.2664639949798584
3263,13,model.layers.18.self_attn.k_proj,self_attn.k_proj,decode,1,QwenManualHybridLinear,0.2513279914855957
3264,13,model.layers.18.self_attn.v_proj,self_attn.v_proj,decode,1,QwenManualHybridLinear,0.2513599991798401
3265,13,model.layers.18.self_attn.o_proj,self_attn.o_proj,decode,1,QwenManualHybridLinear,0.10745599865913391
3266,13,model.layers.18.mlp.gate_proj,mlp.gate_proj,decode,1,QwenManualHybridLinear,0.2553279995918274
3267,13,model.layers.18.mlp.up_proj,mlp.up_proj,decode,1,QwenManualHybridLinear,0.2460480034351349
3268,13,model.layers.18.mlp.down_proj,mlp.down_proj,decode,1,QwenManualHybridLinear,0.24432000517845154
3269,13,model.layers.19.self_attn.q_proj,self_attn.q_proj,decode,1,QwenManualHybridLinear,0.25654399394989014
3270,13,model.layers.19.self_attn.k_proj,self_attn.k_proj,decode,1,QwenManualHybridLinear,0.2521919906139374
3271,13,model.layers.19.self_attn.v_proj,self_attn.v_proj,decode,1,QwenManualHybridLinear,0.2422720044851303
3272,13,model.layers.19.self_attn.o_proj,self_attn.o_proj,decode,1,QwenManualHybridLinear,0.11059200018644333
3273,13,model.layers.19.mlp.gate_proj,mlp.gate_proj,decode,1,QwenManualHybridLinear,0.27878400683403015
3274,13,model.layers.19.mlp.up_proj,mlp.up_proj,decode,1,QwenManualHybridLinear,0.25196799635887146
3275,13,model.layers.19.mlp.down_proj,mlp.down_proj,decode,1,QwenManualHybridLinear,0.24592000246047974
3276,13,model.layers.20.self_attn.q_proj,self_attn.q_proj,decode,1,QwenManualHybridLinear,0.2542400062084198
3277,13,model.layers.20.self_attn.k_proj,self_attn.k_proj,decode,1,QwenManualHybridLinear,0.24537600576877594
3278,13,model.layers.20.self_attn.v_proj,self_attn.v_proj,decode,1,QwenManualHybridLinear,0.25043201446533203
3279,13,model.layers.20.self_attn.o_proj,self_attn.o_proj,decode,1,QwenManualHybridLinear,0.10467199981212616
3280,13,model.layers.20.mlp.gate_proj,mlp.gate_proj,decode,1,QwenManualHybridLinear,0.25839999318122864
3281,13,model.layers.20.mlp.up_proj,mlp.up_proj,decode,1,QwenManualHybridLinear,0.24463999271392822
3282,13,model.layers.20.mlp.down_proj,mlp.down_proj,decode,1,QwenManualHybridLinear,0.258976012468338
3283,13,model.layers.21.self_attn.q_proj,self_attn.q_proj,decode,1,QwenManualHybridLinear,0.26022401452064514
3284,13,model.layers.21.self_attn.k_proj,self_attn.k_proj,decode,1,QwenManualHybridLinear,0.24636800587177277
3285,13,model.layers.21.self_attn.v_proj,self_attn.v_proj,decode,1,QwenManualHybridLinear,0.24512000381946564
3286,13,model.layers.21.self_attn.o_proj,self_attn.o_proj,decode,1,QwenManualHybridLinear,0.10867200046777725
3287,13,model.layers.21.mlp.gate_proj,mlp.gate_proj,decode,1,QwenManualHybridLinear,0.2561599910259247
3288,13,model.layers.21.mlp.up_proj,mlp.up_proj,decode,1,QwenManualHybridLinear,0.26848000288009644
3289,13,model.layers.21.mlp.down_proj,mlp.down_proj,decode,1,QwenManualHybridLinear,0.24585600197315216
3290,13,model.layers.22.self_attn.q_proj,self_attn.q_proj,decode,1,QwenManualHybridLinear,0.26819199323654175
3291,13,model.layers.22.self_attn.k_proj,self_attn.k_proj,decode,1,QwenManualHybridLinear,0.24553599953651428
3292,13,model.layers.22.self_attn.v_proj,self_attn.v_proj,decode,1,QwenManualHybridLinear,0.2470400035381317
3293,13,model.layers.22.self_attn.o_proj,self_attn.o_proj,decode,1,QwenManualHybridLinear,0.11590400338172913
3294,13,model.layers.22.mlp.gate_proj,mlp.gate_proj,decode,1,QwenManualHybridLinear,0.2598400115966797
3295,13,model.layers.22.mlp.up_proj,mlp.up_proj,decode,1,QwenManualHybridLinear,0.2479040026664734
3296,13,model.layers.22.mlp.down_proj,mlp.down_proj,decode,1,QwenManualHybridLinear,0.24777600169181824
3297,13,model.layers.23.self_attn.q_proj,self_attn.q_proj,decode,1,QwenManualHybridLinear,0.2605440020561218
3298,13,model.layers.23.self_attn.k_proj,self_attn.k_proj,decode,1,QwenManualHybridLinear,0.26307201385498047
3299,13,model.layers.23.self_attn.v_proj,self_attn.v_proj,decode,1,QwenManualHybridLinear,0.24425600469112396
3300,13,model.layers.23.self_attn.o_proj,self_attn.o_proj,decode,1,QwenManualHybridLinear,0.10134399682283401
3301,13,model.layers.23.mlp.gate_proj,mlp.gate_proj,decode,1,QwenManualHybridLinear,0.2637760043144226
3302,13,model.layers.23.mlp.up_proj,mlp.up_proj,decode,1,QwenManualHybridLinear,0.25011199712753296
3303,13,model.layers.23.mlp.down_proj,mlp.down_proj,decode,1,QwenManualHybridLinear,0.2503040134906769
3304,13,model.layers.24.self_attn.q_proj,self_attn.q_proj,decode,1,QwenManualHybridLinear,0.25574401021003723
3305,13,model.layers.24.self_attn.k_proj,self_attn.k_proj,decode,1,QwenManualHybridLinear,0.24719999730587006
3306,13,model.layers.24.self_attn.v_proj,self_attn.v_proj,decode,1,QwenManualHybridLinear,0.24108800292015076
3307,13,model.layers.24.self_attn.o_proj,self_attn.o_proj,decode,1,QwenManualHybridLinear,0.12863999605178833
3308,13,model.layers.24.mlp.gate_proj,mlp.gate_proj,decode,1,QwenManualHybridLinear,0.26393601298332214
3309,13,model.layers.24.mlp.up_proj,mlp.up_proj,decode,1,QwenManualHybridLinear,0.2462719976902008
3310,13,model.layers.24.mlp.down_proj,mlp.down_proj,decode,1,QwenManualHybridLinear,0.24662399291992188
3311,13,model.layers.25.self_attn.q_proj,self_attn.q_proj,decode,1,QwenManualHybridLinear,0.2609280049800873
3312,13,model.layers.25.self_attn.k_proj,self_attn.k_proj,decode,1,QwenManualHybridLinear,0.24819199740886688
3313,13,model.layers.25.self_attn.v_proj,self_attn.v_proj,decode,1,QwenManualHybridLinear,0.24486400187015533
3314,13,model.layers.25.self_attn.o_proj,self_attn.o_proj,decode,1,QwenManualHybridLinear,0.1090560033917427
3315,13,model.layers.25.mlp.gate_proj,mlp.gate_proj,decode,1,QwenManualHybridLinear,0.2571200132369995
3316,13,model.layers.25.mlp.up_proj,mlp.up_proj,decode,1,QwenManualHybridLinear,0.24271999299526215
3317,13,model.layers.25.mlp.down_proj,mlp.down_proj,decode,1,QwenManualHybridLinear,0.24553599953651428
3318,13,model.layers.26.self_attn.q_proj,self_attn.q_proj,decode,1,QwenManualHybridLinear,0.2632960081100464
3319,13,model.layers.26.self_attn.k_proj,self_attn.k_proj,decode,1,QwenManualHybridLinear,0.2507520020008087
3320,13,model.layers.26.self_attn.v_proj,self_attn.v_proj,decode,1,QwenManualHybridLinear,0.24879999458789825
3321,13,model.layers.26.self_attn.o_proj,self_attn.o_proj,decode,1,QwenManualHybridLinear,0.10054399818181992
3322,13,model.layers.26.mlp.gate_proj,mlp.gate_proj,decode,1,QwenManualHybridLinear,0.25862398743629456
3323,13,model.layers.26.mlp.up_proj,mlp.up_proj,decode,1,QwenManualHybridLinear,0.25091201066970825
3324,13,model.layers.26.mlp.down_proj,mlp.down_proj,decode,1,QwenManualHybridLinear,0.25068798661231995
3325,13,model.layers.27.self_attn.q_proj,self_attn.q_proj,decode,1,QwenManualHybridLinear,0.25648000836372375
3326,13,model.layers.27.self_attn.k_proj,self_attn.k_proj,decode,1,QwenManualHybridLinear,0.2457599937915802
3327,13,model.layers.27.self_attn.v_proj,self_attn.v_proj,decode,1,QwenManualHybridLinear,0.24160000681877136
3328,13,model.layers.27.self_attn.o_proj,self_attn.o_proj,decode,1,QwenManualHybridLinear,0.11177600175142288
3329,13,model.layers.27.mlp.gate_proj,mlp.gate_proj,decode,1,QwenManualHybridLinear,0.2568640112876892
3330,13,model.layers.27.mlp.up_proj,mlp.up_proj,decode,1,QwenManualHybridLinear,0.2521600127220154
3331,13,model.layers.27.mlp.down_proj,mlp.down_proj,decode,1,QwenManualHybridLinear,0.24694399535655975
3332,13,model.layers.28.self_attn.q_proj,self_attn.q_proj,decode,1,QwenManualHybridLinear,0.26422399282455444
3333,13,model.layers.28.self_attn.k_proj,self_attn.k_proj,decode,1,QwenManualHybridLinear,0.2526400089263916
3334,13,model.layers.28.self_attn.v_proj,self_attn.v_proj,decode,1,QwenManualHybridLinear,0.24294400215148926
3335,13,model.layers.28.self_attn.o_proj,self_attn.o_proj,decode,1,QwenManualHybridLinear,0.0976639986038208
3336,13,model.layers.28.mlp.gate_proj,mlp.gate_proj,decode,1,QwenManualHybridLinear,0.26044800877571106
3337,13,model.layers.28.mlp.up_proj,mlp.up_proj,decode,1,QwenManualHybridLinear,0.25171199440956116
3338,13,model.layers.28.mlp.down_proj,mlp.down_proj,decode,1,QwenManualHybridLinear,0.2499839961528778
3339,13,model.layers.29.self_attn.q_proj,self_attn.q_proj,decode,1,QwenManualHybridLinear,0.25942400097846985
3340,13,model.layers.29.self_attn.k_proj,self_attn.k_proj,decode,1,QwenManualHybridLinear,0.35600000619888306
3341,13,model.layers.29.self_attn.v_proj,self_attn.v_proj,decode,1,QwenManualHybridLinear,0.28521600365638733
3342,13,model.layers.29.self_attn.o_proj,self_attn.o_proj,decode,1,QwenManualHybridLinear,0.10899200290441513
3343,13,model.layers.29.mlp.gate_proj,mlp.gate_proj,decode,1,QwenManualHybridLinear,0.2671999931335449
3344,13,model.layers.29.mlp.up_proj,mlp.up_proj,decode,1,QwenManualHybridLinear,0.24928000569343567
3345,13,model.layers.29.mlp.down_proj,mlp.down_proj,decode,1,QwenManualHybridLinear,0.2572160065174103
3346,13,model.layers.30.self_attn.q_proj,self_attn.q_proj,decode,1,QwenManualHybridLinear,0.2723200023174286
3347,13,model.layers.30.self_attn.k_proj,self_attn.k_proj,decode,1,QwenManualHybridLinear,0.24729600548744202
3348,13,model.layers.30.self_attn.v_proj,self_attn.v_proj,decode,1,QwenManualHybridLinear,0.24182400107383728
3349,13,model.layers.30.self_attn.o_proj,self_attn.o_proj,decode,1,QwenManualHybridLinear,0.10704000294208527
3350,13,model.layers.30.mlp.gate_proj,mlp.gate_proj,decode,1,QwenManualHybridLinear,0.25459200143814087
3351,13,model.layers.30.mlp.up_proj,mlp.up_proj,decode,1,QwenManualHybridLinear,0.25043201446533203
3352,13,model.layers.30.mlp.down_proj,mlp.down_proj,decode,1,QwenManualHybridLinear,0.251583993434906
3353,13,model.layers.31.self_attn.q_proj,self_attn.q_proj,decode,1,QwenManualHybridLinear,0.25382399559020996
3354,13,model.layers.31.self_attn.k_proj,self_attn.k_proj,decode,1,QwenManualHybridLinear,0.24672000110149384
3355,13,model.layers.31.self_attn.v_proj,self_attn.v_proj,decode,1,QwenManualHybridLinear,0.24934400618076324
3356,13,model.layers.31.self_attn.o_proj,self_attn.o_proj,decode,1,QwenManualHybridLinear,0.10771200060844421
3357,13,model.layers.31.mlp.gate_proj,mlp.gate_proj,decode,1,QwenManualHybridLinear,0.2579199969768524
3358,13,model.layers.31.mlp.up_proj,mlp.up_proj,decode,1,QwenManualHybridLinear,0.24262399971485138
3359,13,model.layers.31.mlp.down_proj,mlp.down_proj,decode,1,QwenManualHybridLinear,0.24777600169181824
3360,14,model.layers.0.self_attn.q_proj,self_attn.q_proj,decode,1,QwenManualHybridLinear,0.400191992521286
3361,14,model.layers.0.self_attn.k_proj,self_attn.k_proj,decode,1,QwenManualHybridLinear,0.2828800082206726
3362,14,model.layers.0.self_attn.v_proj,self_attn.v_proj,decode,1,QwenManualHybridLinear,0.2581759989261627
3363,14,model.layers.0.self_attn.o_proj,self_attn.o_proj,decode,1,QwenManualHybridLinear,0.11727999895811081
3364,14,model.layers.0.mlp.gate_proj,mlp.gate_proj,decode,1,QwenManualHybridLinear,0.2727999985218048
3365,14,model.layers.0.mlp.up_proj,mlp.up_proj,decode,1,QwenManualHybridLinear,0.2556479871273041
3366,14,model.layers.0.mlp.down_proj,mlp.down_proj,decode,1,QwenManualHybridLinear,0.2574720084667206
3367,14,model.layers.1.self_attn.q_proj,self_attn.q_proj,decode,1,QwenManualHybridLinear,0.2648319900035858
3368,14,model.layers.1.self_attn.k_proj,self_attn.k_proj,decode,1,QwenManualHybridLinear,0.24905599653720856
3369,14,model.layers.1.self_attn.v_proj,self_attn.v_proj,decode,1,QwenManualHybridLinear,0.24422399699687958
3370,14,model.layers.1.self_attn.o_proj,self_attn.o_proj,decode,1,QwenManualHybridLinear,0.10889600217342377
3371,14,model.layers.1.mlp.gate_proj,mlp.gate_proj,decode,1,QwenManualHybridLinear,0.260672003030777
3372,14,model.layers.1.mlp.up_proj,mlp.up_proj,decode,1,QwenManualHybridLinear,0.2793920040130615
3373,14,model.layers.1.mlp.down_proj,mlp.down_proj,decode,1,QwenManualHybridLinear,0.24931199848651886
3374,14,model.layers.2.self_attn.q_proj,self_attn.q_proj,decode,1,QwenManualHybridLinear,0.2669439911842346
3375,14,model.layers.2.self_attn.k_proj,self_attn.k_proj,decode,1,QwenManualHybridLinear,0.24854399263858795
3376,14,model.layers.2.self_attn.v_proj,self_attn.v_proj,decode,1,QwenManualHybridLinear,0.24320000410079956
3377,14,model.layers.2.self_attn.o_proj,self_attn.o_proj,decode,1,QwenManualHybridLinear,0.1170239970088005
3378,14,model.layers.2.mlp.gate_proj,mlp.gate_proj,decode,1,QwenManualHybridLinear,0.27427199482917786
3379,14,model.layers.2.mlp.up_proj,mlp.up_proj,decode,1,QwenManualHybridLinear,0.25257599353790283
3380,14,model.layers.2.mlp.down_proj,mlp.down_proj,decode,1,QwenManualHybridLinear,0.24803200364112854
3381,14,model.layers.3.self_attn.q_proj,self_attn.q_proj,decode,1,QwenManualHybridLinear,0.26310399174690247
3382,14,model.layers.3.self_attn.k_proj,self_attn.k_proj,decode,1,QwenManualHybridLinear,0.26339200139045715
3383,14,model.layers.3.self_attn.v_proj,self_attn.v_proj,decode,1,QwenManualHybridLinear,0.2646079957485199
3384,14,model.layers.3.self_attn.o_proj,self_attn.o_proj,decode,1,QwenManualHybridLinear,0.10726399719715118
3385,14,model.layers.3.mlp.gate_proj,mlp.gate_proj,decode,1,QwenManualHybridLinear,0.2598400115966797
3386,14,model.layers.3.mlp.up_proj,mlp.up_proj,decode,1,QwenManualHybridLinear,0.24729600548744202
3387,14,model.layers.3.mlp.down_proj,mlp.down_proj,decode,1,QwenManualHybridLinear,0.2536320090293884
3388,14,model.layers.4.self_attn.q_proj,self_attn.q_proj,decode,1,QwenManualHybridLinear,0.2550399899482727
3389,14,model.layers.4.self_attn.k_proj,self_attn.k_proj,decode,1,QwenManualHybridLinear,0.2495039999485016
3390,14,model.layers.4.self_attn.v_proj,self_attn.v_proj,decode,1,QwenManualHybridLinear,0.2547839879989624
3391,14,model.layers.4.self_attn.o_proj,self_attn.o_proj,decode,1,QwenManualHybridLinear,0.1592639982700348
3392,14,model.layers.4.mlp.gate_proj,mlp.gate_proj,decode,1,QwenManualHybridLinear,0.27423998713493347
3393,14,model.layers.4.mlp.up_proj,mlp.up_proj,decode,1,QwenManualHybridLinear,0.2513279914855957
3394,14,model.layers.4.mlp.down_proj,mlp.down_proj,decode,1,QwenManualHybridLinear,0.246848002076149
3395,14,model.layers.5.self_attn.q_proj,self_attn.q_proj,decode,1,QwenManualHybridLinear,0.2606399953365326
3396,14,model.layers.5.self_attn.k_proj,self_attn.k_proj,decode,1,QwenManualHybridLinear,0.2537919878959656
3397,14,model.layers.5.self_attn.v_proj,self_attn.v_proj,decode,1,QwenManualHybridLinear,0.24569599330425262
3398,14,model.layers.5.self_attn.o_proj,self_attn.o_proj,decode,1,QwenManualHybridLinear,0.1167680025100708
3399,14,model.layers.5.mlp.gate_proj,mlp.gate_proj,decode,1,QwenManualHybridLinear,0.2617279887199402
3400,14,model.layers.5.mlp.up_proj,mlp.up_proj,decode,1,QwenManualHybridLinear,0.24556800723075867
3401,14,model.layers.5.mlp.down_proj,mlp.down_proj,decode,1,QwenManualHybridLinear,0.26096001267433167
3402,14,model.layers.6.self_attn.q_proj,self_attn.q_proj,decode,1,QwenManualHybridLinear,0.2629759907722473
3403,14,model.layers.6.self_attn.k_proj,self_attn.k_proj,decode,1,QwenManualHybridLinear,0.24646399915218353
3404,14,model.layers.6.self_attn.v_proj,self_attn.v_proj,decode,1,QwenManualHybridLinear,0.24617600440979004
3405,14,model.layers.6.self_attn.o_proj,self_attn.o_proj,decode,1,QwenManualHybridLinear,0.10355199873447418
3406,14,model.layers.6.mlp.gate_proj,mlp.gate_proj,decode,1,QwenManualHybridLinear,0.2579840123653412
3407,14,model.layers.6.mlp.up_proj,mlp.up_proj,decode,1,QwenManualHybridLinear,0.24355199933052063
3408,14,model.layers.6.mlp.down_proj,mlp.down_proj,decode,1,QwenManualHybridLinear,0.2614719867706299
3409,14,model.layers.7.self_attn.q_proj,self_attn.q_proj,decode,1,QwenManualHybridLinear,0.2551040053367615
3410,14,model.layers.7.self_attn.k_proj,self_attn.k_proj,decode,1,QwenManualHybridLinear,0.24928000569343567
3411,14,model.layers.7.self_attn.v_proj,self_attn.v_proj,decode,1,QwenManualHybridLinear,0.24719999730587006
3412,14,model.layers.7.self_attn.o_proj,self_attn.o_proj,decode,1,QwenManualHybridLinear,0.11036799848079681
3413,14,model.layers.7.mlp.gate_proj,mlp.gate_proj,decode,1,QwenManualHybridLinear,0.25756800174713135
3414,14,model.layers.7.mlp.up_proj,mlp.up_proj,decode,1,QwenManualHybridLinear,0.24611200392246246
3415,14,model.layers.7.mlp.down_proj,mlp.down_proj,decode,1,QwenManualHybridLinear,0.24352000653743744
3416,14,model.layers.8.self_attn.q_proj,self_attn.q_proj,decode,1,QwenManualHybridLinear,0.2624959945678711
3417,14,model.layers.8.self_attn.k_proj,self_attn.k_proj,decode,1,QwenManualHybridLinear,0.2489600032567978
3418,14,model.layers.8.self_attn.v_proj,self_attn.v_proj,decode,1,QwenManualHybridLinear,0.2443840056657791
3419,14,model.layers.8.self_attn.o_proj,self_attn.o_proj,decode,1,QwenManualHybridLinear,0.12492799758911133
3420,14,model.layers.8.mlp.gate_proj,mlp.gate_proj,decode,1,QwenManualHybridLinear,0.27164798974990845
3421,14,model.layers.8.mlp.up_proj,mlp.up_proj,decode,1,QwenManualHybridLinear,0.2558720111846924
3422,14,model.layers.8.mlp.down_proj,mlp.down_proj,decode,1,QwenManualHybridLinear,0.25097599625587463
3423,14,model.layers.9.self_attn.q_proj,self_attn.q_proj,decode,1,QwenManualHybridLinear,0.27456000447273254
3424,14,model.layers.9.self_attn.k_proj,self_attn.k_proj,decode,1,QwenManualHybridLinear,0.24659200012683868
3425,14,model.layers.9.self_attn.v_proj,self_attn.v_proj,decode,1,QwenManualHybridLinear,0.24883200228214264
3426,14,model.layers.9.self_attn.o_proj,self_attn.o_proj,decode,1,QwenManualHybridLinear,0.09945599734783173
3427,14,model.layers.9.mlp.gate_proj,mlp.gate_proj,decode,1,QwenManualHybridLinear,0.25974398851394653
3428,14,model.layers.9.mlp.up_proj,mlp.up_proj,decode,1,QwenManualHybridLinear,0.24374400079250336
3429,14,model.layers.9.mlp.down_proj,mlp.down_proj,decode,1,QwenManualHybridLinear,0.24991999566555023
3430,14,model.layers.10.self_attn.q_proj,self_attn.q_proj,decode,1,QwenManualHybridLinear,0.2688960134983063
3431,14,model.layers.10.self_attn.k_proj,self_attn.k_proj,decode,1,QwenManualHybridLinear,0.2574400007724762
3432,14,model.layers.10.self_attn.v_proj,self_attn.v_proj,decode,1,QwenManualHybridLinear,0.24799999594688416
3433,14,model.layers.10.self_attn.o_proj,self_attn.o_proj,decode,1,QwenManualHybridLinear,0.10963200032711029
3434,14,model.layers.10.mlp.gate_proj,mlp.gate_proj,decode,1,QwenManualHybridLinear,0.2609280049800873
3435,14,model.layers.10.mlp.up_proj,mlp.up_proj,decode,1,QwenManualHybridLinear,0.2467840015888214
3436,14,model.layers.10.mlp.down_proj,mlp.down_proj,decode,1,QwenManualHybridLinear,0.2452159970998764
3437,14,model.layers.11.self_attn.q_proj,self_attn.q_proj,decode,1,QwenManualHybridLinear,0.2584959864616394
3438,14,model.layers.11.self_attn.k_proj,self_attn.k_proj,decode,1,QwenManualHybridLinear,0.24691200256347656
3439,14,model.layers.11.self_attn.v_proj,self_attn.v_proj,decode,1,QwenManualHybridLinear,0.24329599738121033
3440,14,model.layers.11.self_attn.o_proj,self_attn.o_proj,decode,1,QwenManualHybridLinear,0.11708799749612808
3441,14,model.layers.11.mlp.gate_proj,mlp.gate_proj,decode,1,QwenManualHybridLinear,0.2683199942111969
3442,14,model.layers.11.mlp.up_proj,mlp.up_proj,decode,1,QwenManualHybridLinear,0.25411200523376465
3443,14,model.layers.11.mlp.down_proj,mlp.down_proj,decode,1,QwenManualHybridLinear,0.25014400482177734
3444,14,model.layers.12.self_attn.q_proj,self_attn.q_proj,decode,1,QwenManualHybridLinear,0.25334399938583374
3445,14,model.layers.12.self_attn.k_proj,self_attn.k_proj,decode,1,QwenManualHybridLinear,0.24774399399757385
3446,14,model.layers.12.self_attn.v_proj,self_attn.v_proj,decode,1,QwenManualHybridLinear,0.2459840029478073
3447,14,model.layers.12.self_attn.o_proj,self_attn.o_proj,decode,1,QwenManualHybridLinear,0.10771200060844421
3448,14,model.layers.12.mlp.gate_proj,mlp.gate_proj,decode,1,QwenManualHybridLinear,0.27030399441719055
3449,14,model.layers.12.mlp.up_proj,mlp.up_proj,decode,1,QwenManualHybridLinear,0.2553279995918274
3450,14,model.layers.12.mlp.down_proj,mlp.down_proj,decode,1,QwenManualHybridLinear,0.2726399898529053
3451,14,model.layers.13.self_attn.q_proj,self_attn.q_proj,decode,1,QwenManualHybridLinear,0.2604160010814667
3452,14,model.layers.13.self_attn.k_proj,self_attn.k_proj,decode,1,QwenManualHybridLinear,0.2495039999485016
3453,14,model.layers.13.self_attn.v_proj,self_attn.v_proj,decode,1,QwenManualHybridLinear,0.24607999622821808
3454,14,model.layers.13.self_attn.o_proj,self_attn.o_proj,decode,1,QwenManualHybridLinear,0.10972800105810165
3455,14,model.layers.13.mlp.gate_proj,mlp.gate_proj,decode,1,QwenManualHybridLinear,0.25382399559020996
3456,14,model.layers.13.mlp.up_proj,mlp.up_proj,decode,1,QwenManualHybridLinear,0.24617600440979004
3457,14,model.layers.13.mlp.down_proj,mlp.down_proj,decode,1,QwenManualHybridLinear,0.24988800287246704
3458,14,model.layers.14.self_attn.q_proj,self_attn.q_proj,decode,1,QwenManualHybridLinear,0.2608320116996765
3459,14,model.layers.14.self_attn.k_proj,self_attn.k_proj,decode,1,QwenManualHybridLinear,0.24643200635910034
3460,14,model.layers.14.self_attn.v_proj,self_attn.v_proj,decode,1,QwenManualHybridLinear,0.2596159875392914
3461,14,model.layers.14.self_attn.o_proj,self_attn.o_proj,decode,1,QwenManualHybridLinear,0.10416000336408615
3462,14,model.layers.14.mlp.gate_proj,mlp.gate_proj,decode,1,QwenManualHybridLinear,0.25724801421165466
3463,14,model.layers.14.mlp.up_proj,mlp.up_proj,decode,1,QwenManualHybridLinear,0.2503359913825989
3464,14,model.layers.14.mlp.down_proj,mlp.down_proj,decode,1,QwenManualHybridLinear,0.24905599653720856
3465,14,model.layers.15.self_attn.q_proj,self_attn.q_proj,decode,1,QwenManualHybridLinear,0.2515519857406616
3466,14,model.layers.15.self_attn.k_proj,self_attn.k_proj,decode,1,QwenManualHybridLinear,0.24624000489711761
3467,14,model.layers.15.self_attn.v_proj,self_attn.v_proj,decode,1,QwenManualHybridLinear,0.24851199984550476
3468,14,model.layers.15.self_attn.o_proj,self_attn.o_proj,decode,1,QwenManualHybridLinear,0.10931199789047241
3469,14,model.layers.15.mlp.gate_proj,mlp.gate_proj,decode,1,QwenManualHybridLinear,0.2786239981651306
3470,14,model.layers.15.mlp.up_proj,mlp.up_proj,decode,1,QwenManualHybridLinear,0.24799999594688416
3471,14,model.layers.15.mlp.down_proj,mlp.down_proj,decode,1,QwenManualHybridLinear,0.2502079904079437
3472,14,model.layers.16.self_attn.q_proj,self_attn.q_proj,decode,1,QwenManualHybridLinear,0.2586880028247833
3473,14,model.layers.16.self_attn.k_proj,self_attn.k_proj,decode,1,QwenManualHybridLinear,0.24803200364112854
3474,14,model.layers.16.self_attn.v_proj,self_attn.v_proj,decode,1,QwenManualHybridLinear,0.2433920055627823
3475,14,model.layers.16.self_attn.o_proj,self_attn.o_proj,decode,1,QwenManualHybridLinear,0.11081600189208984
3476,14,model.layers.16.mlp.gate_proj,mlp.gate_proj,decode,1,QwenManualHybridLinear,0.25804799795150757
3477,14,model.layers.16.mlp.up_proj,mlp.up_proj,decode,1,QwenManualHybridLinear,0.2470719963312149
3478,14,model.layers.16.mlp.down_proj,mlp.down_proj,decode,1,QwenManualHybridLinear,0.24236799776554108
3479,14,model.layers.17.self_attn.q_proj,self_attn.q_proj,decode,1,QwenManualHybridLinear,0.27724799513816833
3480,14,model.layers.17.self_attn.k_proj,self_attn.k_proj,decode,1,QwenManualHybridLinear,0.2478400021791458
3481,14,model.layers.17.self_attn.v_proj,self_attn.v_proj,decode,1,QwenManualHybridLinear,0.24249599874019623
3482,14,model.layers.17.self_attn.o_proj,self_attn.o_proj,decode,1,QwenManualHybridLinear,0.10441599786281586
3483,14,model.layers.17.mlp.gate_proj,mlp.gate_proj,decode,1,QwenManualHybridLinear,0.258976012468338
3484,14,model.layers.17.mlp.up_proj,mlp.up_proj,decode,1,QwenManualHybridLinear,0.24822400510311127
3485,14,model.layers.17.mlp.down_proj,mlp.down_proj,decode,1,QwenManualHybridLinear,0.2451840043067932
3486,14,model.layers.18.self_attn.q_proj,self_attn.q_proj,decode,1,QwenManualHybridLinear,0.25673601031303406
3487,14,model.layers.18.self_attn.k_proj,self_attn.k_proj,decode,1,QwenManualHybridLinear,0.2414720058441162
3488,14,model.layers.18.self_attn.v_proj,self_attn.v_proj,decode,1,QwenManualHybridLinear,0.24803200364112854
3489,14,model.layers.18.self_attn.o_proj,self_attn.o_proj,decode,1,QwenManualHybridLinear,0.10451199859380722
3490,14,model.layers.18.mlp.gate_proj,mlp.gate_proj,decode,1,QwenManualHybridLinear,0.26953598856925964
3491,14,model.layers.18.mlp.up_proj,mlp.up_proj,decode,1,QwenManualHybridLinear,0.24739199876785278
3492,14,model.layers.18.mlp.down_proj,mlp.down_proj,decode,1,QwenManualHybridLinear,0.25065600872039795
3493,14,model.layers.19.self_attn.q_proj,self_attn.q_proj,decode,1,QwenManualHybridLinear,0.2575039863586426
3494,14,model.layers.19.self_attn.k_proj,self_attn.k_proj,decode,1,QwenManualHybridLinear,0.25091201066970825
3495,14,model.layers.19.self_attn.v_proj,self_attn.v_proj,decode,1,QwenManualHybridLinear,0.24499200284481049
3496,14,model.layers.19.self_attn.o_proj,self_attn.o_proj,decode,1,QwenManualHybridLinear,0.11369600147008896
3497,14,model.layers.19.mlp.gate_proj,mlp.gate_proj,decode,1,QwenManualHybridLinear,0.2547839879989624
3498,14,model.layers.19.mlp.up_proj,mlp.up_proj,decode,1,QwenManualHybridLinear,0.2433920055627823
3499,14,model.layers.19.mlp.down_proj,mlp.down_proj,decode,1,QwenManualHybridLinear,0.27689599990844727
3500,14,model.layers.20.self_attn.q_proj,self_attn.q_proj,decode,1,QwenManualHybridLinear,0.26796799898147583
3501,14,model.layers.20.self_attn.k_proj,self_attn.k_proj,decode,1,QwenManualHybridLinear,0.24963200092315674
3502,14,model.layers.20.self_attn.v_proj,self_attn.v_proj,decode,1,QwenManualHybridLinear,0.24377599358558655
3503,14,model.layers.20.self_attn.o_proj,self_attn.o_proj,decode,1,QwenManualHybridLinear,0.10784000158309937
3504,14,model.layers.20.mlp.gate_proj,mlp.gate_proj,decode,1,QwenManualHybridLinear,0.25830399990081787
3505,14,model.layers.20.mlp.up_proj,mlp.up_proj,decode,1,QwenManualHybridLinear,0.24582399427890778
3506,14,model.layers.20.mlp.down_proj,mlp.down_proj,decode,1,QwenManualHybridLinear,0.253248006105423
3507,14,model.layers.21.self_attn.q_proj,self_attn.q_proj,decode,1,QwenManualHybridLinear,0.2765119969844818
3508,14,model.layers.21.self_attn.k_proj,self_attn.k_proj,decode,1,QwenManualHybridLinear,0.253248006105423
3509,14,model.layers.21.self_attn.v_proj,self_attn.v_proj,decode,1,QwenManualHybridLinear,0.2794559895992279
3510,14,model.layers.21.self_attn.o_proj,self_attn.o_proj,decode,1,QwenManualHybridLinear,0.10758399963378906
3511,14,model.layers.21.mlp.gate_proj,mlp.gate_proj,decode,1,QwenManualHybridLinear,0.26019200682640076
3512,14,model.layers.21.mlp.up_proj,mlp.up_proj,decode,1,QwenManualHybridLinear,0.2467840015888214
3513,14,model.layers.21.mlp.down_proj,mlp.down_proj,decode,1,QwenManualHybridLinear,0.2520639896392822
3514,14,model.layers.22.self_attn.q_proj,self_attn.q_proj,decode,1,QwenManualHybridLinear,0.2575039863586426
3515,14,model.layers.22.self_attn.k_proj,self_attn.k_proj,decode,1,QwenManualHybridLinear,0.24527999758720398
3516,14,model.layers.22.self_attn.v_proj,self_attn.v_proj,decode,1,QwenManualHybridLinear,0.24400000274181366
3517,14,model.layers.22.self_attn.o_proj,self_attn.o_proj,decode,1,QwenManualHybridLinear,0.10553599894046783
3518,14,model.layers.22.mlp.gate_proj,mlp.gate_proj,decode,1,QwenManualHybridLinear,0.26182401180267334
3519,14,model.layers.22.mlp.up_proj,mlp.up_proj,decode,1,QwenManualHybridLinear,0.2483839988708496
3520,14,model.layers.22.mlp.down_proj,mlp.down_proj,decode,1,QwenManualHybridLinear,0.24723200500011444
3521,14,model.layers.23.self_attn.q_proj,self_attn.q_proj,decode,1,QwenManualHybridLinear,0.26335999369621277
3522,14,model.layers.23.self_attn.k_proj,self_attn.k_proj,decode,1,QwenManualHybridLinear,0.2481279969215393
3523,14,model.layers.23.self_attn.v_proj,self_attn.v_proj,decode,1,QwenManualHybridLinear,0.24393600225448608
3524,14,model.layers.23.self_attn.o_proj,self_attn.o_proj,decode,1,QwenManualHybridLinear,0.11984000355005264
3525,14,model.layers.23.mlp.gate_proj,mlp.gate_proj,decode,1,QwenManualHybridLinear,0.25308799743652344
3526,14,model.layers.23.mlp.up_proj,mlp.up_proj,decode,1,QwenManualHybridLinear,0.24796800315380096
3527,14,model.layers.23.mlp.down_proj,mlp.down_proj,decode,1,QwenManualHybridLinear,0.24348799884319305
3528,14,model.layers.24.self_attn.q_proj,self_attn.q_proj,decode,1,QwenManualHybridLinear,0.2686080038547516
3529,14,model.layers.24.self_attn.k_proj,self_attn.k_proj,decode,1,QwenManualHybridLinear,0.24320000410079956
3530,14,model.layers.24.self_attn.v_proj,self_attn.v_proj,decode,1,QwenManualHybridLinear,0.2508159875869751
3531,14,model.layers.24.self_attn.o_proj,self_attn.o_proj,decode,1,QwenManualHybridLinear,0.1005759984254837
3532,14,model.layers.24.mlp.gate_proj,mlp.gate_proj,decode,1,QwenManualHybridLinear,0.25577598810195923
3533,14,model.layers.24.mlp.up_proj,mlp.up_proj,decode,1,QwenManualHybridLinear,0.24700799584388733
3534,14,model.layers.24.mlp.down_proj,mlp.down_proj,decode,1,QwenManualHybridLinear,0.25036799907684326
3535,14,model.layers.25.self_attn.q_proj,self_attn.q_proj,decode,1,QwenManualHybridLinear,0.25648000836372375
3536,14,model.layers.25.self_attn.k_proj,self_attn.k_proj,decode,1,QwenManualHybridLinear,0.247871994972229
3537,14,model.layers.25.self_attn.v_proj,self_attn.v_proj,decode,1,QwenManualHybridLinear,0.24371199309825897
3538,14,model.layers.25.self_attn.o_proj,self_attn.o_proj,decode,1,QwenManualHybridLinear,0.1048320010304451
3539,14,model.layers.25.mlp.gate_proj,mlp.gate_proj,decode,1,QwenManualHybridLinear,0.2553919851779938
3540,14,model.layers.25.mlp.up_proj,mlp.up_proj,decode,1,QwenManualHybridLinear,0.24729600548744202
3541,14,model.layers.25.mlp.down_proj,mlp.down_proj,decode,1,QwenManualHybridLinear,0.24915200471878052
3542,14,model.layers.26.self_attn.q_proj,self_attn.q_proj,decode,1,QwenManualHybridLinear,0.25999999046325684
3543,14,model.layers.26.self_attn.k_proj,self_attn.k_proj,decode,1,QwenManualHybridLinear,0.24806399643421173
3544,14,model.layers.26.self_attn.v_proj,self_attn.v_proj,decode,1,QwenManualHybridLinear,0.24208000302314758
3545,14,model.layers.26.self_attn.o_proj,self_attn.o_proj,decode,1,QwenManualHybridLinear,0.11148799955844879
3546,14,model.layers.26.mlp.gate_proj,mlp.gate_proj,decode,1,QwenManualHybridLinear,0.2633279860019684
3547,14,model.layers.26.mlp.up_proj,mlp.up_proj,decode,1,QwenManualHybridLinear,0.25119999051094055
3548,14,model.layers.26.mlp.down_proj,mlp.down_proj,decode,1,QwenManualHybridLinear,0.2481279969215393
3549,14,model.layers.27.self_attn.q_proj,self_attn.q_proj,decode,1,QwenManualHybridLinear,0.25417599081993103
3550,14,model.layers.27.self_attn.k_proj,self_attn.k_proj,decode,1,QwenManualHybridLinear,0.24588799476623535
3551,14,model.layers.27.self_attn.v_proj,self_attn.v_proj,decode,1,QwenManualHybridLinear,0.24697600305080414
3552,14,model.layers.27.self_attn.o_proj,self_attn.o_proj,decode,1,QwenManualHybridLinear,0.09849599748849869
3553,14,model.layers.27.mlp.gate_proj,mlp.gate_proj,decode,1,QwenManualHybridLinear,0.25567999482154846
3554,14,model.layers.27.mlp.up_proj,mlp.up_proj,decode,1,QwenManualHybridLinear,0.24531200528144836
3555,14,model.layers.27.mlp.down_proj,mlp.down_proj,decode,1,QwenManualHybridLinear,0.36076799035072327
3556,14,model.layers.28.self_attn.q_proj,self_attn.q_proj,decode,1,QwenManualHybridLinear,0.29657599329948425
3557,14,model.layers.28.self_attn.k_proj,self_attn.k_proj,decode,1,QwenManualHybridLinear,0.2803199887275696
3558,14,model.layers.28.self_attn.v_proj,self_attn.v_proj,decode,1,QwenManualHybridLinear,0.251008003950119
3559,14,model.layers.28.self_attn.o_proj,self_attn.o_proj,decode,1,QwenManualHybridLinear,0.12992000579833984
3560,14,model.layers.28.mlp.gate_proj,mlp.gate_proj,decode,1,QwenManualHybridLinear,0.26102399826049805
3561,14,model.layers.28.mlp.up_proj,mlp.up_proj,decode,1,QwenManualHybridLinear,0.2455040067434311
3562,14,model.layers.28.mlp.down_proj,mlp.down_proj,decode,1,QwenManualHybridLinear,0.2447039932012558
3563,14,model.layers.29.self_attn.q_proj,self_attn.q_proj,decode,1,QwenManualHybridLinear,0.2609280049800873
3564,14,model.layers.29.self_attn.k_proj,self_attn.k_proj,decode,1,QwenManualHybridLinear,0.24592000246047974
3565,14,model.layers.29.self_attn.v_proj,self_attn.v_proj,decode,1,QwenManualHybridLinear,0.24220800399780273
3566,14,model.layers.29.self_attn.o_proj,self_attn.o_proj,decode,1,QwenManualHybridLinear,0.12995199859142303
3567,14,model.layers.29.mlp.gate_proj,mlp.gate_proj,decode,1,QwenManualHybridLinear,0.263808012008667
3568,14,model.layers.29.mlp.up_proj,mlp.up_proj,decode,1,QwenManualHybridLinear,0.2513279914855957
3569,14,model.layers.29.mlp.down_proj,mlp.down_proj,decode,1,QwenManualHybridLinear,0.24991999566555023
3570,14,model.layers.30.self_attn.q_proj,self_attn.q_proj,decode,1,QwenManualHybridLinear,0.2542079985141754
3571,14,model.layers.30.self_attn.k_proj,self_attn.k_proj,decode,1,QwenManualHybridLinear,0.24566400051116943
3572,14,model.layers.30.self_attn.v_proj,self_attn.v_proj,decode,1,QwenManualHybridLinear,0.2455040067434311
3573,14,model.layers.30.self_attn.o_proj,self_attn.o_proj,decode,1,QwenManualHybridLinear,0.10374400019645691
3574,14,model.layers.30.mlp.gate_proj,mlp.gate_proj,decode,1,QwenManualHybridLinear,0.27190399169921875
3575,14,model.layers.30.mlp.up_proj,mlp.up_proj,decode,1,QwenManualHybridLinear,0.2794240117073059
3576,14,model.layers.30.mlp.down_proj,mlp.down_proj,decode,1,QwenManualHybridLinear,0.24985599517822266
3577,14,model.layers.31.self_attn.q_proj,self_attn.q_proj,decode,1,QwenManualHybridLinear,0.25968000292778015
3578,14,model.layers.31.self_attn.k_proj,self_attn.k_proj,decode,1,QwenManualHybridLinear,0.2460159957408905
3579,14,model.layers.31.self_attn.v_proj,self_attn.v_proj,decode,1,QwenManualHybridLinear,0.2521919906139374
3580,14,model.layers.31.self_attn.o_proj,self_attn.o_proj,decode,1,QwenManualHybridLinear,0.10883200168609619
3581,14,model.layers.31.mlp.gate_proj,mlp.gate_proj,decode,1,QwenManualHybridLinear,0.2549760043621063
3582,14,model.layers.31.mlp.up_proj,mlp.up_proj,decode,1,QwenManualHybridLinear,0.24560000002384186
3583,14,model.layers.31.mlp.down_proj,mlp.down_proj,decode,1,QwenManualHybridLinear,0.2531839907169342
3584,15,model.layers.0.self_attn.q_proj,self_attn.q_proj,decode,1,QwenManualHybridLinear,0.40880000591278076
3585,15,model.layers.0.self_attn.k_proj,self_attn.k_proj,decode,1,QwenManualHybridLinear,0.2839680016040802
3586,15,model.layers.0.self_attn.v_proj,self_attn.v_proj,decode,1,QwenManualHybridLinear,0.2561599910259247
3587,15,model.layers.0.self_attn.o_proj,self_attn.o_proj,decode,1,QwenManualHybridLinear,0.12531200051307678
3588,15,model.layers.0.mlp.gate_proj,mlp.gate_proj,decode,1,QwenManualHybridLinear,0.270143985748291
3589,15,model.layers.0.mlp.up_proj,mlp.up_proj,decode,1,QwenManualHybridLinear,0.2476159930229187
3590,15,model.layers.0.mlp.down_proj,mlp.down_proj,decode,1,QwenManualHybridLinear,0.2520959973335266
3591,15,model.layers.1.self_attn.q_proj,self_attn.q_proj,decode,1,QwenManualHybridLinear,0.2666879892349243
3592,15,model.layers.1.self_attn.k_proj,self_attn.k_proj,decode,1,QwenManualHybridLinear,0.24777600169181824
3593,15,model.layers.1.self_attn.v_proj,self_attn.v_proj,decode,1,QwenManualHybridLinear,0.263808012008667
3594,15,model.layers.1.self_attn.o_proj,self_attn.o_proj,decode,1,QwenManualHybridLinear,0.10515200346708298
3595,15,model.layers.1.mlp.gate_proj,mlp.gate_proj,decode,1,QwenManualHybridLinear,0.2542720139026642
3596,15,model.layers.1.mlp.up_proj,mlp.up_proj,decode,1,QwenManualHybridLinear,0.24329599738121033
3597,15,model.layers.1.mlp.down_proj,mlp.down_proj,decode,1,QwenManualHybridLinear,0.2503040134906769
3598,15,model.layers.2.self_attn.q_proj,self_attn.q_proj,decode,1,QwenManualHybridLinear,0.2561599910259247
3599,15,model.layers.2.self_attn.k_proj,self_attn.k_proj,decode,1,QwenManualHybridLinear,0.24848000705242157
3600,15,model.layers.2.self_attn.v_proj,self_attn.v_proj,decode,1,QwenManualHybridLinear,0.23843200504779816
3601,15,model.layers.2.self_attn.o_proj,self_attn.o_proj,decode,1,QwenManualHybridLinear,0.12191999703645706
3602,15,model.layers.2.mlp.gate_proj,mlp.gate_proj,decode,1,QwenManualHybridLinear,0.2885439991950989
3603,15,model.layers.2.mlp.up_proj,mlp.up_proj,decode,1,QwenManualHybridLinear,0.24940800666809082
3604,15,model.layers.2.mlp.down_proj,mlp.down_proj,decode,1,QwenManualHybridLinear,0.248416006565094
3605,15,model.layers.3.self_attn.q_proj,self_attn.q_proj,decode,1,QwenManualHybridLinear,0.25654399394989014
3606,15,model.layers.3.self_attn.k_proj,self_attn.k_proj,decode,1,QwenManualHybridLinear,0.24614399671554565
3607,15,model.layers.3.self_attn.v_proj,self_attn.v_proj,decode,1,QwenManualHybridLinear,0.24111999571323395
3608,15,model.layers.3.self_attn.o_proj,self_attn.o_proj,decode,1,QwenManualHybridLinear,0.1074879989027977
3609,15,model.layers.3.mlp.gate_proj,mlp.gate_proj,decode,1,QwenManualHybridLinear,0.25356799364089966
3610,15,model.layers.3.mlp.up_proj,mlp.up_proj,decode,1,QwenManualHybridLinear,0.24700799584388733
3611,15,model.layers.3.mlp.down_proj,mlp.down_proj,decode,1,QwenManualHybridLinear,0.245728000998497
3612,15,model.layers.4.self_attn.q_proj,self_attn.q_proj,decode,1,QwenManualHybridLinear,0.275519996881485
3613,15,model.layers.4.self_attn.k_proj,self_attn.k_proj,decode,1,QwenManualHybridLinear,0.2459840029478073
3614,15,model.layers.4.self_attn.v_proj,self_attn.v_proj,decode,1,QwenManualHybridLinear,0.23785600066184998
3615,15,model.layers.4.self_attn.o_proj,self_attn.o_proj,decode,1,QwenManualHybridLinear,0.11139199882745743
3616,15,model.layers.4.mlp.gate_proj,mlp.gate_proj,decode,1,QwenManualHybridLinear,0.25811201333999634
3617,15,model.layers.4.mlp.up_proj,mlp.up_proj,decode,1,QwenManualHybridLinear,0.25251200795173645
3618,15,model.layers.4.mlp.down_proj,mlp.down_proj,decode,1,QwenManualHybridLinear,0.2433599978685379
3619,15,model.layers.5.self_attn.q_proj,self_attn.q_proj,decode,1,QwenManualHybridLinear,0.26070401072502136
3620,15,model.layers.5.self_attn.k_proj,self_attn.k_proj,decode,1,QwenManualHybridLinear,0.24140800535678864
3621,15,model.layers.5.self_attn.v_proj,self_attn.v_proj,decode,1,QwenManualHybridLinear,0.24633599817752838
3622,15,model.layers.5.self_attn.o_proj,self_attn.o_proj,decode,1,QwenManualHybridLinear,0.11055999994277954
3623,15,model.layers.5.mlp.gate_proj,mlp.gate_proj,decode,1,QwenManualHybridLinear,0.2690240144729614
3624,15,model.layers.5.mlp.up_proj,mlp.up_proj,decode,1,QwenManualHybridLinear,0.24687999486923218
3625,15,model.layers.5.mlp.down_proj,mlp.down_proj,decode,1,QwenManualHybridLinear,0.26787200570106506
3626,15,model.layers.6.self_attn.q_proj,self_attn.q_proj,decode,1,QwenManualHybridLinear,0.2551040053367615
3627,15,model.layers.6.self_attn.k_proj,self_attn.k_proj,decode,1,QwenManualHybridLinear,0.25273600220680237
3628,15,model.layers.6.self_attn.v_proj,self_attn.v_proj,decode,1,QwenManualHybridLinear,0.2454719990491867
3629,15,model.layers.6.self_attn.o_proj,self_attn.o_proj,decode,1,QwenManualHybridLinear,0.10732799768447876
3630,15,model.layers.6.mlp.gate_proj,mlp.gate_proj,decode,1,QwenManualHybridLinear,0.2523519992828369
3631,15,model.layers.6.mlp.up_proj,mlp.up_proj,decode,1,QwenManualHybridLinear,0.24537600576877594
3632,15,model.layers.6.mlp.down_proj,mlp.down_proj,decode,1,QwenManualHybridLinear,0.2595199942588806
3633,15,model.layers.7.self_attn.q_proj,self_attn.q_proj,decode,1,QwenManualHybridLinear,0.2553919851779938
3634,15,model.layers.7.self_attn.k_proj,self_attn.k_proj,decode,1,QwenManualHybridLinear,0.24569599330425262
3635,15,model.layers.7.self_attn.v_proj,self_attn.v_proj,decode,1,QwenManualHybridLinear,0.24191999435424805
3636,15,model.layers.7.self_attn.o_proj,self_attn.o_proj,decode,1,QwenManualHybridLinear,0.10665600001811981
3637,15,model.layers.7.mlp.gate_proj,mlp.gate_proj,decode,1,QwenManualHybridLinear,0.2551040053367615
3638,15,model.layers.7.mlp.up_proj,mlp.up_proj,decode,1,QwenManualHybridLinear,0.24639999866485596
3639,15,model.layers.7.mlp.down_proj,mlp.down_proj,decode,1,QwenManualHybridLinear,0.24003200232982635
3640,15,model.layers.8.self_attn.q_proj,self_attn.q_proj,decode,1,QwenManualHybridLinear,0.2677760124206543
3641,15,model.layers.8.self_attn.k_proj,self_attn.k_proj,decode,1,QwenManualHybridLinear,0.24480000138282776
3642,15,model.layers.8.self_attn.v_proj,self_attn.v_proj,decode,1,QwenManualHybridLinear,0.25360000133514404
3643,15,model.layers.8.self_attn.o_proj,self_attn.o_proj,decode,1,QwenManualHybridLinear,0.11449600011110306
3644,15,model.layers.8.mlp.gate_proj,mlp.gate_proj,decode,1,QwenManualHybridLinear,0.2620159983634949
3645,15,model.layers.8.mlp.up_proj,mlp.up_proj,decode,1,QwenManualHybridLinear,0.2529279887676239
3646,15,model.layers.8.mlp.down_proj,mlp.down_proj,decode,1,QwenManualHybridLinear,0.2431039959192276
3647,15,model.layers.9.self_attn.q_proj,self_attn.q_proj,decode,1,QwenManualHybridLinear,0.2561280131340027
3648,15,model.layers.9.self_attn.k_proj,self_attn.k_proj,decode,1,QwenManualHybridLinear,0.24928000569343567
3649,15,model.layers.9.self_attn.v_proj,self_attn.v_proj,decode,1,QwenManualHybridLinear,0.24428799748420715
3650,15,model.layers.9.self_attn.o_proj,self_attn.o_proj,decode,1,QwenManualHybridLinear,0.10601600259542465
3651,15,model.layers.9.mlp.gate_proj,mlp.gate_proj,decode,1,QwenManualHybridLinear,0.2736000120639801
3652,15,model.layers.9.mlp.up_proj,mlp.up_proj,decode,1,QwenManualHybridLinear,0.24563199281692505
3653,15,model.layers.9.mlp.down_proj,mlp.down_proj,decode,1,QwenManualHybridLinear,0.25014400482177734
3654,15,model.layers.10.self_attn.q_proj,self_attn.q_proj,decode,1,QwenManualHybridLinear,0.25276800990104675
3655,15,model.layers.10.self_attn.k_proj,self_attn.k_proj,decode,1,QwenManualHybridLinear,0.24505600333213806
3656,15,model.layers.10.self_attn.v_proj,self_attn.v_proj,decode,1,QwenManualHybridLinear,0.24553599953651428
3657,15,model.layers.10.self_attn.o_proj,self_attn.o_proj,decode,1,QwenManualHybridLinear,0.11187200248241425
3658,15,model.layers.10.mlp.gate_proj,mlp.gate_proj,decode,1,QwenManualHybridLinear,0.2571519911289215
3659,15,model.layers.10.mlp.up_proj,mlp.up_proj,decode,1,QwenManualHybridLinear,0.26015999913215637
3660,15,model.layers.10.mlp.down_proj,mlp.down_proj,decode,1,QwenManualHybridLinear,0.24188800156116486
3661,15,model.layers.11.self_attn.q_proj,self_attn.q_proj,decode,1,QwenManualHybridLinear,0.27507200837135315
3662,15,model.layers.11.self_attn.k_proj,self_attn.k_proj,decode,1,QwenManualHybridLinear,0.2486719936132431
3663,15,model.layers.11.self_attn.v_proj,self_attn.v_proj,decode,1,QwenManualHybridLinear,0.24777600169181824
3664,15,model.layers.11.self_attn.o_proj,self_attn.o_proj,decode,1,QwenManualHybridLinear,0.09775999933481216
3665,15,model.layers.11.mlp.gate_proj,mlp.gate_proj,decode,1,QwenManualHybridLinear,0.2633279860019684
3666,15,model.layers.11.mlp.up_proj,mlp.up_proj,decode,1,QwenManualHybridLinear,0.24480000138282776
3667,15,model.layers.11.mlp.down_proj,mlp.down_proj,decode,1,QwenManualHybridLinear,0.24220800399780273
3668,15,model.layers.12.self_attn.q_proj,self_attn.q_proj,decode,1,QwenManualHybridLinear,0.2556479871273041
3669,15,model.layers.12.self_attn.k_proj,self_attn.k_proj,decode,1,QwenManualHybridLinear,0.24396799504756927
3670,15,model.layers.12.self_attn.v_proj,self_attn.v_proj,decode,1,QwenManualHybridLinear,0.23951999843120575
3671,15,model.layers.12.self_attn.o_proj,self_attn.o_proj,decode,1,QwenManualHybridLinear,0.09644799679517746
3672,15,model.layers.12.mlp.gate_proj,mlp.gate_proj,decode,1,QwenManualHybridLinear,0.25548800826072693
3673,15,model.layers.12.mlp.up_proj,mlp.up_proj,decode,1,QwenManualHybridLinear,0.24294400215148926
3674,15,model.layers.12.mlp.down_proj,mlp.down_proj,decode,1,QwenManualHybridLinear,0.24614399671554565
3675,15,model.layers.13.self_attn.q_proj,self_attn.q_proj,decode,1,QwenManualHybridLinear,0.2513279914855957
3676,15,model.layers.13.self_attn.k_proj,self_attn.k_proj,decode,1,QwenManualHybridLinear,0.2634879946708679
3677,15,model.layers.13.self_attn.v_proj,self_attn.v_proj,decode,1,QwenManualHybridLinear,0.2425920069217682
3678,15,model.layers.13.self_attn.o_proj,self_attn.o_proj,decode,1,QwenManualHybridLinear,0.1043199971318245
3679,15,model.layers.13.mlp.gate_proj,mlp.gate_proj,decode,1,QwenManualHybridLinear,0.30694401264190674
3680,15,model.layers.13.mlp.up_proj,mlp.up_proj,decode,1,QwenManualHybridLinear,0.263808012008667
3681,15,model.layers.13.mlp.down_proj,mlp.down_proj,decode,1,QwenManualHybridLinear,0.24396799504756927
3682,15,model.layers.14.self_attn.q_proj,self_attn.q_proj,decode,1,QwenManualHybridLinear,0.25900799036026
3683,15,model.layers.14.self_attn.k_proj,self_attn.k_proj,decode,1,QwenManualHybridLinear,0.2446720004081726
3684,15,model.layers.14.self_attn.v_proj,self_attn.v_proj,decode,1,QwenManualHybridLinear,0.24089600145816803
3685,15,model.layers.14.self_attn.o_proj,self_attn.o_proj,decode,1,QwenManualHybridLinear,0.09839999675750732
3686,15,model.layers.14.mlp.gate_proj,mlp.gate_proj,decode,1,QwenManualHybridLinear,0.25574401021003723
3687,15,model.layers.14.mlp.up_proj,mlp.up_proj,decode,1,QwenManualHybridLinear,0.24924799799919128
3688,15,model.layers.14.mlp.down_proj,mlp.down_proj,decode,1,QwenManualHybridLinear,0.24767999351024628
3689,15,model.layers.15.self_attn.q_proj,self_attn.q_proj,decode,1,QwenManualHybridLinear,0.2544960081577301
3690,15,model.layers.15.self_attn.k_proj,self_attn.k_proj,decode,1,QwenManualHybridLinear,0.24457600712776184
3691,15,model.layers.15.self_attn.v_proj,self_attn.v_proj,decode,1,QwenManualHybridLinear,0.2519359886646271
3692,15,model.layers.15.self_attn.o_proj,self_attn.o_proj,decode,1,QwenManualHybridLinear,0.13331200182437897
3693,15,model.layers.15.mlp.gate_proj,mlp.gate_proj,decode,1,QwenManualHybridLinear,0.25628799200057983
3694,15,model.layers.15.mlp.up_proj,mlp.up_proj,decode,1,QwenManualHybridLinear,0.24508799612522125
3695,15,model.layers.15.mlp.down_proj,mlp.down_proj,decode,1,QwenManualHybridLinear,0.2505280077457428
3696,15,model.layers.16.self_attn.q_proj,self_attn.q_proj,decode,1,QwenManualHybridLinear,0.2531839907169342
3697,15,model.layers.16.self_attn.k_proj,self_attn.k_proj,decode,1,QwenManualHybridLinear,0.2415039986371994
3698,15,model.layers.16.self_attn.v_proj,self_attn.v_proj,decode,1,QwenManualHybridLinear,0.23590399324893951
3699,15,model.layers.16.self_attn.o_proj,self_attn.o_proj,decode,1,QwenManualHybridLinear,0.09843199700117111
3700,15,model.layers.16.mlp.gate_proj,mlp.gate_proj,decode,1,QwenManualHybridLinear,0.2566399872303009
3701,15,model.layers.16.mlp.up_proj,mlp.up_proj,decode,1,QwenManualHybridLinear,0.24355199933052063
3702,15,model.layers.16.mlp.down_proj,mlp.down_proj,decode,1,QwenManualHybridLinear,0.2460159957408905
3703,15,model.layers.17.self_attn.q_proj,self_attn.q_proj,decode,1,QwenManualHybridLinear,0.2534720003604889
3704,15,model.layers.17.self_attn.k_proj,self_attn.k_proj,decode,1,QwenManualHybridLinear,0.2511039972305298
3705,15,model.layers.17.self_attn.v_proj,self_attn.v_proj,decode,1,QwenManualHybridLinear,0.2795200049877167
3706,15,model.layers.17.self_attn.o_proj,self_attn.o_proj,decode,1,QwenManualHybridLinear,0.1035199984908104
3707,15,model.layers.17.mlp.gate_proj,mlp.gate_proj,decode,1,QwenManualHybridLinear,0.25577598810195923
3708,15,model.layers.17.mlp.up_proj,mlp.up_proj,decode,1,QwenManualHybridLinear,0.2508479952812195
3709,15,model.layers.17.mlp.down_proj,mlp.down_proj,decode,1,QwenManualHybridLinear,0.24822400510311127
3710,15,model.layers.18.self_attn.q_proj,self_attn.q_proj,decode,1,QwenManualHybridLinear,0.27164798974990845
3711,15,model.layers.18.self_attn.k_proj,self_attn.k_proj,decode,1,QwenManualHybridLinear,0.24156799912452698
3712,15,model.layers.18.self_attn.v_proj,self_attn.v_proj,decode,1,QwenManualHybridLinear,0.2717120051383972
3713,15,model.layers.18.self_attn.o_proj,self_attn.o_proj,decode,1,QwenManualHybridLinear,0.104032002389431
3714,15,model.layers.18.mlp.gate_proj,mlp.gate_proj,decode,1,QwenManualHybridLinear,0.26921600103378296
3715,15,model.layers.18.mlp.up_proj,mlp.up_proj,decode,1,QwenManualHybridLinear,0.24675199389457703
3716,15,model.layers.18.mlp.down_proj,mlp.down_proj,decode,1,QwenManualHybridLinear,0.2495039999485016
3717,15,model.layers.19.self_attn.q_proj,self_attn.q_proj,decode,1,QwenManualHybridLinear,0.2566080093383789
3718,15,model.layers.19.self_attn.k_proj,self_attn.k_proj,decode,1,QwenManualHybridLinear,0.2837119996547699
3719,15,model.layers.19.self_attn.v_proj,self_attn.v_proj,decode,1,QwenManualHybridLinear,0.24188800156116486
3720,15,model.layers.19.self_attn.o_proj,self_attn.o_proj,decode,1,QwenManualHybridLinear,0.10927999764680862
3721,15,model.layers.19.mlp.gate_proj,mlp.gate_proj,decode,1,QwenManualHybridLinear,0.2558720111846924
3722,15,model.layers.19.mlp.up_proj,mlp.up_proj,decode,1,QwenManualHybridLinear,0.2486400008201599
3723,15,model.layers.19.mlp.down_proj,mlp.down_proj,decode,1,QwenManualHybridLinear,0.24579200148582458
3724,15,model.layers.20.self_attn.q_proj,self_attn.q_proj,decode,1,QwenManualHybridLinear,0.2677119970321655
3725,15,model.layers.20.self_attn.k_proj,self_attn.k_proj,decode,1,QwenManualHybridLinear,0.2529279887676239
3726,15,model.layers.20.self_attn.v_proj,self_attn.v_proj,decode,1,QwenManualHybridLinear,0.24614399671554565
3727,15,model.layers.20.self_attn.o_proj,self_attn.o_proj,decode,1,QwenManualHybridLinear,0.10054399818181992
3728,15,model.layers.20.mlp.gate_proj,mlp.gate_proj,decode,1,QwenManualHybridLinear,0.26716798543930054
3729,15,model.layers.20.mlp.up_proj,mlp.up_proj,decode,1,QwenManualHybridLinear,0.26864001154899597
3730,15,model.layers.20.mlp.down_proj,mlp.down_proj,decode,1,QwenManualHybridLinear,0.2412479966878891
3731,15,model.layers.21.self_attn.q_proj,self_attn.q_proj,decode,1,QwenManualHybridLinear,0.25200000405311584
3732,15,model.layers.21.self_attn.k_proj,self_attn.k_proj,decode,1,QwenManualHybridLinear,0.2460159957408905
3733,15,model.layers.21.self_attn.v_proj,self_attn.v_proj,decode,1,QwenManualHybridLinear,0.24729600548744202
3734,15,model.layers.21.self_attn.o_proj,self_attn.o_proj,decode,1,QwenManualHybridLinear,0.10252799838781357
3735,15,model.layers.21.mlp.gate_proj,mlp.gate_proj,decode,1,QwenManualHybridLinear,0.2632319927215576
3736,15,model.layers.21.mlp.up_proj,mlp.up_proj,decode,1,QwenManualHybridLinear,0.24825599789619446
3737,15,model.layers.21.mlp.down_proj,mlp.down_proj,decode,1,QwenManualHybridLinear,0.2513920068740845
3738,15,model.layers.22.self_attn.q_proj,self_attn.q_proj,decode,1,QwenManualHybridLinear,0.25011199712753296
3739,15,model.layers.22.self_attn.k_proj,self_attn.k_proj,decode,1,QwenManualHybridLinear,0.2630079984664917
3740,15,model.layers.22.self_attn.v_proj,self_attn.v_proj,decode,1,QwenManualHybridLinear,0.24508799612522125
3741,15,model.layers.22.self_attn.o_proj,self_attn.o_proj,decode,1,QwenManualHybridLinear,0.11142399907112122
3742,15,model.layers.22.mlp.gate_proj,mlp.gate_proj,decode,1,QwenManualHybridLinear,0.26204800605773926
3743,15,model.layers.22.mlp.up_proj,mlp.up_proj,decode,1,QwenManualHybridLinear,0.24982400238513947
3744,15,model.layers.22.mlp.down_proj,mlp.down_proj,decode,1,QwenManualHybridLinear,0.266431987285614
3745,15,model.layers.23.self_attn.q_proj,self_attn.q_proj,decode,1,QwenManualHybridLinear,0.26175999641418457
3746,15,model.layers.23.self_attn.k_proj,self_attn.k_proj,decode,1,QwenManualHybridLinear,0.2470719963312149
3747,15,model.layers.23.self_attn.v_proj,self_attn.v_proj,decode,1,QwenManualHybridLinear,0.24131199717521667
3748,15,model.layers.23.self_attn.o_proj,self_attn.o_proj,decode,1,QwenManualHybridLinear,0.1101439967751503
3749,15,model.layers.23.mlp.gate_proj,mlp.gate_proj,decode,1,QwenManualHybridLinear,0.2568640112876892
3750,15,model.layers.23.mlp.up_proj,mlp.up_proj,decode,1,QwenManualHybridLinear,0.2463040053844452
3751,15,model.layers.23.mlp.down_proj,mlp.down_proj,decode,1,QwenManualHybridLinear,0.2574079930782318
3752,15,model.layers.24.self_attn.q_proj,self_attn.q_proj,decode,1,QwenManualHybridLinear,0.25548800826072693
3753,15,model.layers.24.self_attn.k_proj,self_attn.k_proj,decode,1,QwenManualHybridLinear,0.2544960081577301
3754,15,model.layers.24.self_attn.v_proj,self_attn.v_proj,decode,1,QwenManualHybridLinear,0.2481279969215393
3755,15,model.layers.24.self_attn.o_proj,self_attn.o_proj,decode,1,QwenManualHybridLinear,0.09923200309276581
3756,15,model.layers.24.mlp.gate_proj,mlp.gate_proj,decode,1,QwenManualHybridLinear,0.25788798928260803
3757,15,model.layers.24.mlp.up_proj,mlp.up_proj,decode,1,QwenManualHybridLinear,0.25574401021003723
3758,15,model.layers.24.mlp.down_proj,mlp.down_proj,decode,1,QwenManualHybridLinear,0.26096001267433167
3759,15,model.layers.25.self_attn.q_proj,self_attn.q_proj,decode,1,QwenManualHybridLinear,0.25679999589920044
3760,15,model.layers.25.self_attn.k_proj,self_attn.k_proj,decode,1,QwenManualHybridLinear,0.24556800723075867
3761,15,model.layers.25.self_attn.v_proj,self_attn.v_proj,decode,1,QwenManualHybridLinear,0.24537600576877594
3762,15,model.layers.25.self_attn.o_proj,self_attn.o_proj,decode,1,QwenManualHybridLinear,0.11231999844312668
3763,15,model.layers.25.mlp.gate_proj,mlp.gate_proj,decode,1,QwenManualHybridLinear,0.264384001493454
3764,15,model.layers.25.mlp.up_proj,mlp.up_proj,decode,1,QwenManualHybridLinear,0.24911999702453613
3765,15,model.layers.25.mlp.down_proj,mlp.down_proj,decode,1,QwenManualHybridLinear,0.35631999373435974
3766,15,model.layers.26.self_attn.q_proj,self_attn.q_proj,decode,1,QwenManualHybridLinear,0.27750399708747864
3767,15,model.layers.26.self_attn.k_proj,self_attn.k_proj,decode,1,QwenManualHybridLinear,0.24924799799919128
3768,15,model.layers.26.self_attn.v_proj,self_attn.v_proj,decode,1,QwenManualHybridLinear,0.2568640112876892
3769,15,model.layers.26.self_attn.o_proj,self_attn.o_proj,decode,1,QwenManualHybridLinear,0.11161600053310394
3770,15,model.layers.26.mlp.gate_proj,mlp.gate_proj,decode,1,QwenManualHybridLinear,0.25519999861717224
3771,15,model.layers.26.mlp.up_proj,mlp.up_proj,decode,1,QwenManualHybridLinear,0.2417919933795929
3772,15,model.layers.26.mlp.down_proj,mlp.down_proj,decode,1,QwenManualHybridLinear,0.24959999322891235
3773,15,model.layers.27.self_attn.q_proj,self_attn.q_proj,decode,1,QwenManualHybridLinear,0.2694399952888489
3774,15,model.layers.27.self_attn.k_proj,self_attn.k_proj,decode,1,QwenManualHybridLinear,0.2492160052061081
3775,15,model.layers.27.self_attn.v_proj,self_attn.v_proj,decode,1,QwenManualHybridLinear,0.2412160038948059
3776,15,model.layers.27.self_attn.o_proj,self_attn.o_proj,decode,1,QwenManualHybridLinear,0.10726399719715118
3777,15,model.layers.27.mlp.gate_proj,mlp.gate_proj,decode,1,QwenManualHybridLinear,0.2796800136566162
3778,15,model.layers.27.mlp.up_proj,mlp.up_proj,decode,1,QwenManualHybridLinear,0.255295991897583
3779,15,model.layers.27.mlp.down_proj,mlp.down_proj,decode,1,QwenManualHybridLinear,0.2452159970998764
3780,15,model.layers.28.self_attn.q_proj,self_attn.q_proj,decode,1,QwenManualHybridLinear,0.25068798661231995
3781,15,model.layers.28.self_attn.k_proj,self_attn.k_proj,decode,1,QwenManualHybridLinear,0.2452480047941208
3782,15,model.layers.28.self_attn.v_proj,self_attn.v_proj,decode,1,QwenManualHybridLinear,0.24726399779319763
3783,15,model.layers.28.self_attn.o_proj,self_attn.o_proj,decode,1,QwenManualHybridLinear,0.10355199873447418
3784,15,model.layers.28.mlp.gate_proj,mlp.gate_proj,decode,1,QwenManualHybridLinear,0.26284798979759216
3785,15,model.layers.28.mlp.up_proj,mlp.up_proj,decode,1,QwenManualHybridLinear,0.2502399981021881
3786,15,model.layers.28.mlp.down_proj,mlp.down_proj,decode,1,QwenManualHybridLinear,0.254720002412796
3787,15,model.layers.29.self_attn.q_proj,self_attn.q_proj,decode,1,QwenManualHybridLinear,0.27955201268196106
3788,15,model.layers.29.self_attn.k_proj,self_attn.k_proj,decode,1,QwenManualHybridLinear,0.24822400510311127
3789,15,model.layers.29.self_attn.v_proj,self_attn.v_proj,decode,1,QwenManualHybridLinear,0.24233600497245789
3790,15,model.layers.29.self_attn.o_proj,self_attn.o_proj,decode,1,QwenManualHybridLinear,0.10371199995279312
3791,15,model.layers.29.mlp.gate_proj,mlp.gate_proj,decode,1,QwenManualHybridLinear,0.2551040053367615
3792,15,model.layers.29.mlp.up_proj,mlp.up_proj,decode,1,QwenManualHybridLinear,0.2463040053844452
3793,15,model.layers.29.mlp.down_proj,mlp.down_proj,decode,1,QwenManualHybridLinear,0.2507520020008087
3794,15,model.layers.30.self_attn.q_proj,self_attn.q_proj,decode,1,QwenManualHybridLinear,0.26419198513031006
3795,15,model.layers.30.self_attn.k_proj,self_attn.k_proj,decode,1,QwenManualHybridLinear,0.24940800666809082
3796,15,model.layers.30.self_attn.v_proj,self_attn.v_proj,decode,1,QwenManualHybridLinear,0.2396479994058609
3797,15,model.layers.30.self_attn.o_proj,self_attn.o_proj,decode,1,QwenManualHybridLinear,0.10179200023412704
3798,15,model.layers.30.mlp.gate_proj,mlp.gate_proj,decode,1,QwenManualHybridLinear,0.2563199996948242
3799,15,model.layers.30.mlp.up_proj,mlp.up_proj,decode,1,QwenManualHybridLinear,0.24035200476646423
3800,15,model.layers.30.mlp.down_proj,mlp.down_proj,decode,1,QwenManualHybridLinear,0.2516480088233948
3801,15,model.layers.31.self_attn.q_proj,self_attn.q_proj,decode,1,QwenManualHybridLinear,0.255264014005661
3802,15,model.layers.31.self_attn.k_proj,self_attn.k_proj,decode,1,QwenManualHybridLinear,0.24592000246047974
3803,15,model.layers.31.self_attn.v_proj,self_attn.v_proj,decode,1,QwenManualHybridLinear,0.2441920042037964
3804,15,model.layers.31.self_attn.o_proj,self_attn.o_proj,decode,1,QwenManualHybridLinear,0.09600000083446503
3805,15,model.layers.31.mlp.gate_proj,mlp.gate_proj,decode,1,QwenManualHybridLinear,0.25785601139068604
3806,15,model.layers.31.mlp.up_proj,mlp.up_proj,decode,1,QwenManualHybridLinear,0.24463999271392822
3807,15,model.layers.31.mlp.down_proj,mlp.down_proj,decode,1,QwenManualHybridLinear,0.26316800713539124
3808,16,model.layers.0.self_attn.q_proj,self_attn.q_proj,decode,1,QwenManualHybridLinear,0.41260799765586853
3809,16,model.layers.0.self_attn.k_proj,self_attn.k_proj,decode,1,QwenManualHybridLinear,0.28969600796699524
3810,16,model.layers.0.self_attn.v_proj,self_attn.v_proj,decode,1,QwenManualHybridLinear,0.26047998666763306
3811,16,model.layers.0.self_attn.o_proj,self_attn.o_proj,decode,1,QwenManualHybridLinear,0.10809600353240967
3812,16,model.layers.0.mlp.gate_proj,mlp.gate_proj,decode,1,QwenManualHybridLinear,0.26307201385498047
3813,16,model.layers.0.mlp.up_proj,mlp.up_proj,decode,1,QwenManualHybridLinear,0.27558401226997375
3814,16,model.layers.0.mlp.down_proj,mlp.down_proj,decode,1,QwenManualHybridLinear,0.25859200954437256
3815,16,model.layers.1.self_attn.q_proj,self_attn.q_proj,decode,1,QwenManualHybridLinear,0.2563520073890686
3816,16,model.layers.1.self_attn.k_proj,self_attn.k_proj,decode,1,QwenManualHybridLinear,0.24633599817752838
3817,16,model.layers.1.self_attn.v_proj,self_attn.v_proj,decode,1,QwenManualHybridLinear,0.2460480034351349
3818,16,model.layers.1.self_attn.o_proj,self_attn.o_proj,decode,1,QwenManualHybridLinear,0.09996800124645233
3819,16,model.layers.1.mlp.gate_proj,mlp.gate_proj,decode,1,QwenManualHybridLinear,0.2561280131340027
3820,16,model.layers.1.mlp.up_proj,mlp.up_proj,decode,1,QwenManualHybridLinear,0.24614399671554565
3821,16,model.layers.1.mlp.down_proj,mlp.down_proj,decode,1,QwenManualHybridLinear,0.25468799471855164
3822,16,model.layers.2.self_attn.q_proj,self_attn.q_proj,decode,1,QwenManualHybridLinear,0.25644800066947937
3823,16,model.layers.2.self_attn.k_proj,self_attn.k_proj,decode,1,QwenManualHybridLinear,0.24649600684642792
3824,16,model.layers.2.self_attn.v_proj,self_attn.v_proj,decode,1,QwenManualHybridLinear,0.25814399123191833
3825,16,model.layers.2.self_attn.o_proj,self_attn.o_proj,decode,1,QwenManualHybridLinear,0.11270400136709213
3826,16,model.layers.2.mlp.gate_proj,mlp.gate_proj,decode,1,QwenManualHybridLinear,0.2722240090370178
3827,16,model.layers.2.mlp.up_proj,mlp.up_proj,decode,1,QwenManualHybridLinear,0.24924799799919128
3828,16,model.layers.2.mlp.down_proj,mlp.down_proj,decode,1,QwenManualHybridLinear,0.25062400102615356
3829,16,model.layers.3.self_attn.q_proj,self_attn.q_proj,decode,1,QwenManualHybridLinear,0.255840003490448
3830,16,model.layers.3.self_attn.k_proj,self_attn.k_proj,decode,1,QwenManualHybridLinear,0.25756800174713135
3831,16,model.layers.3.self_attn.v_proj,self_attn.v_proj,decode,1,QwenManualHybridLinear,0.2849920094013214
3832,16,model.layers.3.self_attn.o_proj,self_attn.o_proj,decode,1,QwenManualHybridLinear,0.09948799759149551
3833,16,model.layers.3.mlp.gate_proj,mlp.gate_proj,decode,1,QwenManualHybridLinear,0.2696639895439148
3834,16,model.layers.3.mlp.up_proj,mlp.up_proj,decode,1,QwenManualHybridLinear,0.2556479871273041
3835,16,model.layers.3.mlp.down_proj,mlp.down_proj,decode,1,QwenManualHybridLinear,0.24742400646209717
3836,16,model.layers.4.self_attn.q_proj,self_attn.q_proj,decode,1,QwenManualHybridLinear,0.2569279968738556
3837,16,model.layers.4.self_attn.k_proj,self_attn.k_proj,decode,1,QwenManualHybridLinear,0.24278399348258972
3838,16,model.layers.4.self_attn.v_proj,self_attn.v_proj,decode,1,QwenManualHybridLinear,0.2470719963312149
3839,16,model.layers.4.self_attn.o_proj,self_attn.o_proj,decode,1,QwenManualHybridLinear,0.10384000092744827
3840,16,model.layers.4.mlp.gate_proj,mlp.gate_proj,decode,1,QwenManualHybridLinear,0.2740800082683563
3841,16,model.layers.4.mlp.up_proj,mlp.up_proj,decode,1,QwenManualHybridLinear,0.24342399835586548
3842,16,model.layers.4.mlp.down_proj,mlp.down_proj,decode,1,QwenManualHybridLinear,0.2547520101070404
3843,16,model.layers.5.self_attn.q_proj,self_attn.q_proj,decode,1,QwenManualHybridLinear,0.25702399015426636
3844,16,model.layers.5.self_attn.k_proj,self_attn.k_proj,decode,1,QwenManualHybridLinear,0.24700799584388733
3845,16,model.layers.5.self_attn.v_proj,self_attn.v_proj,decode,1,QwenManualHybridLinear,0.24303999543190002
3846,16,model.layers.5.self_attn.o_proj,self_attn.o_proj,decode,1,QwenManualHybridLinear,0.10262399911880493
3847,16,model.layers.5.mlp.gate_proj,mlp.gate_proj,decode,1,QwenManualHybridLinear,0.2560960054397583
3848,16,model.layers.5.mlp.up_proj,mlp.up_proj,decode,1,QwenManualHybridLinear,0.2431039959192276
3849,16,model.layers.5.mlp.down_proj,mlp.down_proj,decode,1,QwenManualHybridLinear,0.4259519875049591
3850,16,model.layers.6.self_attn.q_proj,self_attn.q_proj,decode,1,QwenManualHybridLinear,0.2568320035934448
3851,16,model.layers.6.self_attn.k_proj,self_attn.k_proj,decode,1,QwenManualHybridLinear,0.24719999730587006
3852,16,model.layers.6.self_attn.v_proj,self_attn.v_proj,decode,1,QwenManualHybridLinear,0.24377599358558655
3853,16,model.layers.6.self_attn.o_proj,self_attn.o_proj,decode,1,QwenManualHybridLinear,0.1061440035700798
3854,16,model.layers.6.mlp.gate_proj,mlp.gate_proj,decode,1,QwenManualHybridLinear,0.19395199418067932
3855,16,model.layers.6.mlp.up_proj,mlp.up_proj,decode,1,QwenManualHybridLinear,0.25046399235725403
3856,16,model.layers.6.mlp.down_proj,mlp.down_proj,decode,1,QwenManualHybridLinear,0.34198400378227234
3857,16,model.layers.7.self_attn.q_proj,self_attn.q_proj,decode,1,QwenManualHybridLinear,0.26655998826026917
3858,16,model.layers.7.self_attn.k_proj,self_attn.k_proj,decode,1,QwenManualHybridLinear,0.25305598974227905
3859,16,model.layers.7.self_attn.v_proj,self_attn.v_proj,decode,1,QwenManualHybridLinear,0.2609280049800873
3860,16,model.layers.7.self_attn.o_proj,self_attn.o_proj,decode,1,QwenManualHybridLinear,0.18678399920463562
3861,16,model.layers.7.mlp.gate_proj,mlp.gate_proj,decode,1,QwenManualHybridLinear,0.2533760070800781
3862,16,model.layers.7.mlp.up_proj,mlp.up_proj,decode,1,QwenManualHybridLinear,0.2436479926109314
3863,16,model.layers.7.mlp.down_proj,mlp.down_proj,decode,1,QwenManualHybridLinear,0.24211199581623077
3864,16,model.layers.8.self_attn.q_proj,self_attn.q_proj,decode,1,QwenManualHybridLinear,0.27299201488494873
3865,16,model.layers.8.self_attn.k_proj,self_attn.k_proj,decode,1,QwenManualHybridLinear,0.25299200415611267
3866,16,model.layers.8.self_attn.v_proj,self_attn.v_proj,decode,1,QwenManualHybridLinear,0.24748800694942474
3867,16,model.layers.8.self_attn.o_proj,self_attn.o_proj,decode,1,QwenManualHybridLinear,0.1879040002822876
3868,16,model.layers.8.mlp.gate_proj,mlp.gate_proj,decode,1,QwenManualHybridLinear,0.28092798590660095
3869,16,model.layers.8.mlp.up_proj,mlp.up_proj,decode,1,QwenManualHybridLinear,0.2494720071554184
3870,16,model.layers.8.mlp.down_proj,mlp.down_proj,decode,1,QwenManualHybridLinear,0.24940800666809082
3871,16,model.layers.9.self_attn.q_proj,self_attn.q_proj,decode,1,QwenManualHybridLinear,0.25360000133514404
3872,16,model.layers.9.self_attn.k_proj,self_attn.k_proj,decode,1,QwenManualHybridLinear,0.24636800587177277
3873,16,model.layers.9.self_attn.v_proj,self_attn.v_proj,decode,1,QwenManualHybridLinear,0.24447999894618988
3874,16,model.layers.9.self_attn.o_proj,self_attn.o_proj,decode,1,QwenManualHybridLinear,0.18582400679588318
3875,16,model.layers.9.mlp.gate_proj,mlp.gate_proj,decode,1,QwenManualHybridLinear,0.26447999477386475
3876,16,model.layers.9.mlp.up_proj,mlp.up_proj,decode,1,QwenManualHybridLinear,0.35628798604011536
3877,16,model.layers.9.mlp.down_proj,mlp.down_proj,decode,1,QwenManualHybridLinear,0.19088000059127808
3878,16,model.layers.10.self_attn.q_proj,self_attn.q_proj,decode,1,QwenManualHybridLinear,0.25862398743629456
3879,16,model.layers.10.self_attn.k_proj,self_attn.k_proj,decode,1,QwenManualHybridLinear,0.24662399291992188
3880,16,model.layers.10.self_attn.v_proj,self_attn.v_proj,decode,1,QwenManualHybridLinear,0.2470400035381317
3881,16,model.layers.10.self_attn.o_proj,self_attn.o_proj,decode,1,QwenManualHybridLinear,0.10576000064611435
3882,16,model.layers.10.mlp.gate_proj,mlp.gate_proj,decode,1,QwenManualHybridLinear,0.2781440019607544
3883,16,model.layers.10.mlp.up_proj,mlp.up_proj,decode,1,QwenManualHybridLinear,0.2459840029478073
3884,16,model.layers.10.mlp.down_proj,mlp.down_proj,decode,1,QwenManualHybridLinear,0.25228801369667053
3885,16,model.layers.11.self_attn.q_proj,self_attn.q_proj,decode,1,QwenManualHybridLinear,0.1343040019273758
3886,16,model.layers.11.self_attn.k_proj,self_attn.k_proj,decode,1,QwenManualHybridLinear,0.2455040067434311
3887,16,model.layers.11.self_attn.v_proj,self_attn.v_proj,decode,1,QwenManualHybridLinear,0.2425280064344406
3888,16,model.layers.11.self_attn.o_proj,self_attn.o_proj,decode,1,QwenManualHybridLinear,0.12390399724245071
3889,16,model.layers.11.mlp.gate_proj,mlp.gate_proj,decode,1,QwenManualHybridLinear,0.25830399990081787
3890,16,model.layers.11.mlp.up_proj,mlp.up_proj,decode,1,QwenManualHybridLinear,0.2457599937915802
3891,16,model.layers.11.mlp.down_proj,mlp.down_proj,decode,1,QwenManualHybridLinear,0.24406400322914124
3892,16,model.layers.12.self_attn.q_proj,self_attn.q_proj,decode,1,QwenManualHybridLinear,0.2499839961528778
3893,16,model.layers.12.self_attn.k_proj,self_attn.k_proj,decode,1,QwenManualHybridLinear,0.24828800559043884
3894,16,model.layers.12.self_attn.v_proj,self_attn.v_proj,decode,1,QwenManualHybridLinear,0.23900799453258514
3895,16,model.layers.12.self_attn.o_proj,self_attn.o_proj,decode,1,QwenManualHybridLinear,0.10918399691581726
3896,16,model.layers.12.mlp.gate_proj,mlp.gate_proj,decode,1,QwenManualHybridLinear,0.2618879973888397
3897,16,model.layers.12.mlp.up_proj,mlp.up_proj,decode,1,QwenManualHybridLinear,0.2515519857406616
3898,16,model.layers.12.mlp.down_proj,mlp.down_proj,decode,1,QwenManualHybridLinear,0.26096001267433167
3899,16,model.layers.13.self_attn.q_proj,self_attn.q_proj,decode,1,QwenManualHybridLinear,0.2585279941558838
3900,16,model.layers.13.self_attn.k_proj,self_attn.k_proj,decode,1,QwenManualHybridLinear,0.24265600740909576
3901,16,model.layers.13.self_attn.v_proj,self_attn.v_proj,decode,1,QwenManualHybridLinear,0.2417600005865097
3902,16,model.layers.13.self_attn.o_proj,self_attn.o_proj,decode,1,QwenManualHybridLinear,0.22988800704479218
3903,16,model.layers.13.mlp.gate_proj,mlp.gate_proj,decode,1,QwenManualHybridLinear,0.2531200051307678
3904,16,model.layers.13.mlp.up_proj,mlp.up_proj,decode,1,QwenManualHybridLinear,0.24243199825286865
3905,16,model.layers.13.mlp.down_proj,mlp.down_proj,decode,1,QwenManualHybridLinear,0.2553279995918274
3906,16,model.layers.14.self_attn.q_proj,self_attn.q_proj,decode,1,QwenManualHybridLinear,0.3251520097255707
3907,16,model.layers.14.self_attn.k_proj,self_attn.k_proj,decode,1,QwenManualHybridLinear,0.2075520008802414
3908,16,model.layers.14.self_attn.v_proj,self_attn.v_proj,decode,1,QwenManualHybridLinear,0.256415992975235
3909,16,model.layers.14.self_attn.o_proj,self_attn.o_proj,decode,1,QwenManualHybridLinear,0.22195200622081757
3910,16,model.layers.14.mlp.gate_proj,mlp.gate_proj,decode,1,QwenManualHybridLinear,0.30003198981285095
3911,16,model.layers.14.mlp.up_proj,mlp.up_proj,decode,1,QwenManualHybridLinear,0.2266560047864914
3912,16,model.layers.14.mlp.down_proj,mlp.down_proj,decode,1,QwenManualHybridLinear,0.24751999974250793
3913,16,model.layers.15.self_attn.q_proj,self_attn.q_proj,decode,1,QwenManualHybridLinear,0.2550399899482727
3914,16,model.layers.15.self_attn.k_proj,self_attn.k_proj,decode,1,QwenManualHybridLinear,0.24463999271392822
3915,16,model.layers.15.self_attn.v_proj,self_attn.v_proj,decode,1,QwenManualHybridLinear,0.24383999407291412
3916,16,model.layers.15.self_attn.o_proj,self_attn.o_proj,decode,1,QwenManualHybridLinear,0.10806400328874588
3917,16,model.layers.15.mlp.gate_proj,mlp.gate_proj,decode,1,QwenManualHybridLinear,0.27321600914001465
3918,16,model.layers.15.mlp.up_proj,mlp.up_proj,decode,1,QwenManualHybridLinear,0.2471040040254593
3919,16,model.layers.15.mlp.down_proj,mlp.down_proj,decode,1,QwenManualHybridLinear,0.2483839988708496
3920,16,model.layers.16.self_attn.q_proj,self_attn.q_proj,decode,1,QwenManualHybridLinear,0.2526080012321472
3921,16,model.layers.16.self_attn.k_proj,self_attn.k_proj,decode,1,QwenManualHybridLinear,0.24329599738121033
3922,16,model.layers.16.self_attn.v_proj,self_attn.v_proj,decode,1,QwenManualHybridLinear,0.27539199590682983
3923,16,model.layers.16.self_attn.o_proj,self_attn.o_proj,decode,1,QwenManualHybridLinear,0.11737599968910217
3924,16,model.layers.16.mlp.gate_proj,mlp.gate_proj,decode,1,QwenManualHybridLinear,0.2627840042114258
3925,16,model.layers.16.mlp.up_proj,mlp.up_proj,decode,1,QwenManualHybridLinear,0.2521919906139374
3926,16,model.layers.16.mlp.down_proj,mlp.down_proj,decode,1,QwenManualHybridLinear,0.2495039999485016
3927,16,model.layers.17.self_attn.q_proj,self_attn.q_proj,decode,1,QwenManualHybridLinear,0.26022401452064514
3928,16,model.layers.17.self_attn.k_proj,self_attn.k_proj,decode,1,QwenManualHybridLinear,0.24956800043582916
3929,16,model.layers.17.self_attn.v_proj,self_attn.v_proj,decode,1,QwenManualHybridLinear,0.26604801416397095
3930,16,model.layers.17.self_attn.o_proj,self_attn.o_proj,decode,1,QwenManualHybridLinear,0.10105600208044052
3931,16,model.layers.17.mlp.gate_proj,mlp.gate_proj,decode,1,QwenManualHybridLinear,0.2516480088233948
3932,16,model.layers.17.mlp.up_proj,mlp.up_proj,decode,1,QwenManualHybridLinear,0.3739520013332367
3933,16,model.layers.17.mlp.down_proj,mlp.down_proj,decode,1,QwenManualHybridLinear,0.15913599729537964
3934,16,model.layers.18.self_attn.q_proj,self_attn.q_proj,decode,1,QwenManualHybridLinear,0.3719039857387543
3935,16,model.layers.18.self_attn.k_proj,self_attn.k_proj,decode,1,QwenManualHybridLinear,0.27740800380706787
3936,16,model.layers.18.self_attn.v_proj,self_attn.v_proj,decode,1,QwenManualHybridLinear,0.24454399943351746
3937,16,model.layers.18.self_attn.o_proj,self_attn.o_proj,decode,1,QwenManualHybridLinear,0.1871040016412735
3938,16,model.layers.18.mlp.gate_proj,mlp.gate_proj,decode,1,QwenManualHybridLinear,0.13289600610733032
3939,16,model.layers.18.mlp.up_proj,mlp.up_proj,decode,1,QwenManualHybridLinear,0.24844799935817719
3940,16,model.layers.18.mlp.down_proj,mlp.down_proj,decode,1,QwenManualHybridLinear,0.15638400614261627
3941,16,model.layers.19.self_attn.q_proj,self_attn.q_proj,decode,1,QwenManualHybridLinear,0.25385600328445435
3942,16,model.layers.19.self_attn.k_proj,self_attn.k_proj,decode,1,QwenManualHybridLinear,0.2579199969768524
3943,16,model.layers.19.self_attn.v_proj,self_attn.v_proj,decode,1,QwenManualHybridLinear,0.23951999843120575
3944,16,model.layers.19.self_attn.o_proj,self_attn.o_proj,decode,1,QwenManualHybridLinear,0.10995200276374817
3945,16,model.layers.19.mlp.gate_proj,mlp.gate_proj,decode,1,QwenManualHybridLinear,0.26313599944114685
3946,16,model.layers.19.mlp.up_proj,mlp.up_proj,decode,1,QwenManualHybridLinear,0.2635839879512787
3947,16,model.layers.19.mlp.down_proj,mlp.down_proj,decode,1,QwenManualHybridLinear,0.25011199712753296
3948,16,model.layers.20.self_attn.q_proj,self_attn.q_proj,decode,1,QwenManualHybridLinear,0.2531520128250122
3949,16,model.layers.20.self_attn.k_proj,self_attn.k_proj,decode,1,QwenManualHybridLinear,0.2481279969215393
3950,16,model.layers.20.self_attn.v_proj,self_attn.v_proj,decode,1,QwenManualHybridLinear,0.24393600225448608
3951,16,model.layers.20.self_attn.o_proj,self_attn.o_proj,decode,1,QwenManualHybridLinear,0.10572800040245056
3952,16,model.layers.20.mlp.gate_proj,mlp.gate_proj,decode,1,QwenManualHybridLinear,0.25142401456832886
3953,16,model.layers.20.mlp.up_proj,mlp.up_proj,decode,1,QwenManualHybridLinear,0.25900799036026
3954,16,model.layers.20.mlp.down_proj,mlp.down_proj,decode,1,QwenManualHybridLinear,0.24563199281692505
3955,16,model.layers.21.self_attn.q_proj,self_attn.q_proj,decode,1,QwenManualHybridLinear,0.2609280049800873
3956,16,model.layers.21.self_attn.k_proj,self_attn.k_proj,decode,1,QwenManualHybridLinear,0.25788798928260803
3957,16,model.layers.21.self_attn.v_proj,self_attn.v_proj,decode,1,QwenManualHybridLinear,0.2524160146713257
3958,16,model.layers.21.self_attn.o_proj,self_attn.o_proj,decode,1,QwenManualHybridLinear,0.10003200173377991
3959,16,model.layers.21.mlp.gate_proj,mlp.gate_proj,decode,1,QwenManualHybridLinear,0.26073598861694336
3960,16,model.layers.21.mlp.up_proj,mlp.up_proj,decode,1,QwenManualHybridLinear,0.246848002076149
3961,16,model.layers.21.mlp.down_proj,mlp.down_proj,decode,1,QwenManualHybridLinear,0.2502720057964325
3962,16,model.layers.22.self_attn.q_proj,self_attn.q_proj,decode,1,QwenManualHybridLinear,0.2567040026187897
3963,16,model.layers.22.self_attn.k_proj,self_attn.k_proj,decode,1,QwenManualHybridLinear,0.24675199389457703
3964,16,model.layers.22.self_attn.v_proj,self_attn.v_proj,decode,1,QwenManualHybridLinear,0.2393600046634674
3965,16,model.layers.22.self_attn.o_proj,self_attn.o_proj,decode,1,QwenManualHybridLinear,0.11913599818944931
3966,16,model.layers.22.mlp.gate_proj,mlp.gate_proj,decode,1,QwenManualHybridLinear,0.2563520073890686
3967,16,model.layers.22.mlp.up_proj,mlp.up_proj,decode,1,QwenManualHybridLinear,0.24566400051116943
3968,16,model.layers.22.mlp.down_proj,mlp.down_proj,decode,1,QwenManualHybridLinear,0.24617600440979004
3969,16,model.layers.23.self_attn.q_proj,self_attn.q_proj,decode,1,QwenManualHybridLinear,0.2693760097026825
3970,16,model.layers.23.self_attn.k_proj,self_attn.k_proj,decode,1,QwenManualHybridLinear,0.255295991897583
3971,16,model.layers.23.self_attn.v_proj,self_attn.v_proj,decode,1,QwenManualHybridLinear,0.24447999894618988
3972,16,model.layers.23.self_attn.o_proj,self_attn.o_proj,decode,1,QwenManualHybridLinear,0.10918399691581726
3973,16,model.layers.23.mlp.gate_proj,mlp.gate_proj,decode,1,QwenManualHybridLinear,0.2624959945678711
3974,16,model.layers.23.mlp.up_proj,mlp.up_proj,decode,1,QwenManualHybridLinear,0.2531839907169342
3975,16,model.layers.23.mlp.down_proj,mlp.down_proj,decode,1,QwenManualHybridLinear,0.3702720105648041
3976,16,model.layers.24.self_attn.q_proj,self_attn.q_proj,decode,1,QwenManualHybridLinear,0.28060799837112427
3977,16,model.layers.24.self_attn.k_proj,self_attn.k_proj,decode,1,QwenManualHybridLinear,0.24803200364112854
3978,16,model.layers.24.self_attn.v_proj,self_attn.v_proj,decode,1,QwenManualHybridLinear,0.2473600059747696
3979,16,model.layers.24.self_attn.o_proj,self_attn.o_proj,decode,1,QwenManualHybridLinear,0.11347199976444244
3980,16,model.layers.24.mlp.gate_proj,mlp.gate_proj,decode,1,QwenManualHybridLinear,0.2666560113430023
3981,16,model.layers.24.mlp.up_proj,mlp.up_proj,decode,1,QwenManualHybridLinear,0.2513599991798401
3982,16,model.layers.24.mlp.down_proj,mlp.down_proj,decode,1,QwenManualHybridLinear,0.2638719975948334
3983,16,model.layers.25.self_attn.q_proj,self_attn.q_proj,decode,1,QwenManualHybridLinear,0.25884801149368286
3984,16,model.layers.25.self_attn.k_proj,self_attn.k_proj,decode,1,QwenManualHybridLinear,0.24473600089550018
3985,16,model.layers.25.self_attn.v_proj,self_attn.v_proj,decode,1,QwenManualHybridLinear,0.2629440128803253
3986,16,model.layers.25.self_attn.o_proj,self_attn.o_proj,decode,1,QwenManualHybridLinear,0.09705600142478943
3987,16,model.layers.25.mlp.gate_proj,mlp.gate_proj,decode,1,QwenManualHybridLinear,0.25328001379966736
3988,16,model.layers.25.mlp.up_proj,mlp.up_proj,decode,1,QwenManualHybridLinear,0.24275200068950653
3989,16,model.layers.25.mlp.down_proj,mlp.down_proj,decode,1,QwenManualHybridLinear,0.2547839879989624
3990,16,model.layers.26.self_attn.q_proj,self_attn.q_proj,decode,1,QwenManualHybridLinear,0.25839999318122864
3991,16,model.layers.26.self_attn.k_proj,self_attn.k_proj,decode,1,QwenManualHybridLinear,0.2475840002298355
3992,16,model.layers.26.self_attn.v_proj,self_attn.v_proj,decode,1,QwenManualHybridLinear,0.24544000625610352
3993,16,model.layers.26.self_attn.o_proj,self_attn.o_proj,decode,1,QwenManualHybridLinear,0.0974079966545105
3994,16,model.layers.26.mlp.gate_proj,mlp.gate_proj,decode,1,QwenManualHybridLinear,0.2605440020561218
3995,16,model.layers.26.mlp.up_proj,mlp.up_proj,decode,1,QwenManualHybridLinear,0.24969600141048431
3996,16,model.layers.26.mlp.down_proj,mlp.down_proj,decode,1,QwenManualHybridLinear,0.24275200068950653
3997,16,model.layers.27.self_attn.q_proj,self_attn.q_proj,decode,1,QwenManualHybridLinear,0.2495039999485016
3998,16,model.layers.27.self_attn.k_proj,self_attn.k_proj,decode,1,QwenManualHybridLinear,0.2409919947385788
3999,16,model.layers.27.self_attn.v_proj,self_attn.v_proj,decode,1,QwenManualHybridLinear,0.24579200148582458
4000,16,model.layers.27.self_attn.o_proj,self_attn.o_proj,decode,1,QwenManualHybridLinear,0.10073599964380264
4001,16,model.layers.27.mlp.gate_proj,mlp.gate_proj,decode,1,QwenManualHybridLinear,0.2540160119533539
4002,16,model.layers.27.mlp.up_proj,mlp.up_proj,decode,1,QwenManualHybridLinear,0.24614399671554565
4003,16,model.layers.27.mlp.down_proj,mlp.down_proj,decode,1,QwenManualHybridLinear,0.24755200743675232
4004,16,model.layers.28.self_attn.q_proj,self_attn.q_proj,decode,1,QwenManualHybridLinear,0.263264000415802
4005,16,model.layers.28.self_attn.k_proj,self_attn.k_proj,decode,1,QwenManualHybridLinear,0.2463040053844452
4006,16,model.layers.28.self_attn.v_proj,self_attn.v_proj,decode,1,QwenManualHybridLinear,0.24243199825286865
4007,16,model.layers.28.self_attn.o_proj,self_attn.o_proj,decode,1,QwenManualHybridLinear,0.10009600222110748
4008,16,model.layers.28.mlp.gate_proj,mlp.gate_proj,decode,1,QwenManualHybridLinear,0.25577598810195923
4009,16,model.layers.28.mlp.up_proj,mlp.up_proj,decode,1,QwenManualHybridLinear,0.25385600328445435
4010,16,model.layers.28.mlp.down_proj,mlp.down_proj,decode,1,QwenManualHybridLinear,0.24646399915218353
4011,16,model.layers.29.self_attn.q_proj,self_attn.q_proj,decode,1,QwenManualHybridLinear,0.26371198892593384
4012,16,model.layers.29.self_attn.k_proj,self_attn.k_proj,decode,1,QwenManualHybridLinear,0.24966399371623993
4013,16,model.layers.29.self_attn.v_proj,self_attn.v_proj,decode,1,QwenManualHybridLinear,0.24111999571323395
4014,16,model.layers.29.self_attn.o_proj,self_attn.o_proj,decode,1,QwenManualHybridLinear,0.10646399855613708
4015,16,model.layers.29.mlp.gate_proj,mlp.gate_proj,decode,1,QwenManualHybridLinear,0.256415992975235
4016,16,model.layers.29.mlp.up_proj,mlp.up_proj,decode,1,QwenManualHybridLinear,0.24742400646209717
4017,16,model.layers.29.mlp.down_proj,mlp.down_proj,decode,1,QwenManualHybridLinear,0.2425599992275238
4018,16,model.layers.30.self_attn.q_proj,self_attn.q_proj,decode,1,QwenManualHybridLinear,0.2563839852809906
4019,16,model.layers.30.self_attn.k_proj,self_attn.k_proj,decode,1,QwenManualHybridLinear,0.24607999622821808
4020,16,model.layers.30.self_attn.v_proj,self_attn.v_proj,decode,1,QwenManualHybridLinear,0.2476159930229187
4021,16,model.layers.30.self_attn.o_proj,self_attn.o_proj,decode,1,QwenManualHybridLinear,0.1029760017991066
4022,16,model.layers.30.mlp.gate_proj,mlp.gate_proj,decode,1,QwenManualHybridLinear,0.25433599948883057
4023,16,model.layers.30.mlp.up_proj,mlp.up_proj,decode,1,QwenManualHybridLinear,0.2561280131340027
4024,16,model.layers.30.mlp.down_proj,mlp.down_proj,decode,1,QwenManualHybridLinear,0.249439999461174
4025,16,model.layers.31.self_attn.q_proj,self_attn.q_proj,decode,1,QwenManualHybridLinear,0.2593599855899811
4026,16,model.layers.31.self_attn.k_proj,self_attn.k_proj,decode,1,QwenManualHybridLinear,0.24473600089550018
4027,16,model.layers.31.self_attn.v_proj,self_attn.v_proj,decode,1,QwenManualHybridLinear,0.2526400089263916
4028,16,model.layers.31.self_attn.o_proj,self_attn.o_proj,decode,1,QwenManualHybridLinear,0.10460799932479858
4029,16,model.layers.31.mlp.gate_proj,mlp.gate_proj,decode,1,QwenManualHybridLinear,0.2502399981021881
4030,16,model.layers.31.mlp.up_proj,mlp.up_proj,decode,1,QwenManualHybridLinear,0.2415360063314438
4031,16,model.layers.31.mlp.down_proj,mlp.down_proj,decode,1,QwenManualHybridLinear,0.24915200471878052
4032,17,model.layers.0.self_attn.q_proj,self_attn.q_proj,decode,1,QwenManualHybridLinear,0.40729600191116333
4033,17,model.layers.0.self_attn.k_proj,self_attn.k_proj,decode,1,QwenManualHybridLinear,0.29679998755455017
4034,17,model.layers.0.self_attn.v_proj,self_attn.v_proj,decode,1,QwenManualHybridLinear,0.2602880001068115
4035,17,model.layers.0.self_attn.o_proj,self_attn.o_proj,decode,1,QwenManualHybridLinear,0.1050880029797554
4036,17,model.layers.0.mlp.gate_proj,mlp.gate_proj,decode,1,QwenManualHybridLinear,0.2763200104236603
4037,17,model.layers.0.mlp.up_proj,mlp.up_proj,decode,1,QwenManualHybridLinear,0.2610880136489868
4038,17,model.layers.0.mlp.down_proj,mlp.down_proj,decode,1,QwenManualHybridLinear,0.24889600276947021
4039,17,model.layers.1.self_attn.q_proj,self_attn.q_proj,decode,1,QwenManualHybridLinear,0.2542400062084198
4040,17,model.layers.1.self_attn.k_proj,self_attn.k_proj,decode,1,QwenManualHybridLinear,0.2654719948768616
4041,17,model.layers.1.self_attn.v_proj,self_attn.v_proj,decode,1,QwenManualHybridLinear,0.2696000039577484
4042,17,model.layers.1.self_attn.o_proj,self_attn.o_proj,decode,1,QwenManualHybridLinear,0.10902400314807892
4043,17,model.layers.1.mlp.gate_proj,mlp.gate_proj,decode,1,QwenManualHybridLinear,0.2739199995994568
4044,17,model.layers.1.mlp.up_proj,mlp.up_proj,decode,1,QwenManualHybridLinear,0.24905599653720856
4045,17,model.layers.1.mlp.down_proj,mlp.down_proj,decode,1,QwenManualHybridLinear,0.2502399981021881
4046,17,model.layers.2.self_attn.q_proj,self_attn.q_proj,decode,1,QwenManualHybridLinear,0.25702399015426636
4047,17,model.layers.2.self_attn.k_proj,self_attn.k_proj,decode,1,QwenManualHybridLinear,0.24515199661254883
4048,17,model.layers.2.self_attn.v_proj,self_attn.v_proj,decode,1,QwenManualHybridLinear,0.24038399755954742
4049,17,model.layers.2.self_attn.o_proj,self_attn.o_proj,decode,1,QwenManualHybridLinear,0.12601600587368011
4050,17,model.layers.2.mlp.gate_proj,mlp.gate_proj,decode,1,QwenManualHybridLinear,0.2611519992351532
4051,17,model.layers.2.mlp.up_proj,mlp.up_proj,decode,1,QwenManualHybridLinear,0.2452480047941208
4052,17,model.layers.2.mlp.down_proj,mlp.down_proj,decode,1,QwenManualHybridLinear,0.24659200012683868
4053,17,model.layers.3.self_attn.q_proj,self_attn.q_proj,decode,1,QwenManualHybridLinear,0.26819199323654175
4054,17,model.layers.3.self_attn.k_proj,self_attn.k_proj,decode,1,QwenManualHybridLinear,0.2536320090293884
4055,17,model.layers.3.self_attn.v_proj,self_attn.v_proj,decode,1,QwenManualHybridLinear,0.24243199825286865
4056,17,model.layers.3.self_attn.o_proj,self_attn.o_proj,decode,1,QwenManualHybridLinear,0.10793600231409073
4057,17,model.layers.3.mlp.gate_proj,mlp.gate_proj,decode,1,QwenManualHybridLinear,0.26761600375175476
4058,17,model.layers.3.mlp.up_proj,mlp.up_proj,decode,1,QwenManualHybridLinear,0.2516160011291504
4059,17,model.layers.3.mlp.down_proj,mlp.down_proj,decode,1,QwenManualHybridLinear,0.2619200050830841
4060,17,model.layers.4.self_attn.q_proj,self_attn.q_proj,decode,1,QwenManualHybridLinear,0.25231999158859253
4061,17,model.layers.4.self_attn.k_proj,self_attn.k_proj,decode,1,QwenManualHybridLinear,0.24160000681877136
4062,17,model.layers.4.self_attn.v_proj,self_attn.v_proj,decode,1,QwenManualHybridLinear,0.24691200256347656
4063,17,model.layers.4.self_attn.o_proj,self_attn.o_proj,decode,1,QwenManualHybridLinear,0.10559999942779541
4064,17,model.layers.4.mlp.gate_proj,mlp.gate_proj,decode,1,QwenManualHybridLinear,0.2630079984664917
4065,17,model.layers.4.mlp.up_proj,mlp.up_proj,decode,1,QwenManualHybridLinear,0.24595199525356293
4066,17,model.layers.4.mlp.down_proj,mlp.down_proj,decode,1,QwenManualHybridLinear,0.2515200078487396
4067,17,model.layers.5.self_attn.q_proj,self_attn.q_proj,decode,1,QwenManualHybridLinear,0.2560960054397583
4068,17,model.layers.5.self_attn.k_proj,self_attn.k_proj,decode,1,QwenManualHybridLinear,0.24368000030517578
4069,17,model.layers.5.self_attn.v_proj,self_attn.v_proj,decode,1,QwenManualHybridLinear,0.2407359927892685
4070,17,model.layers.5.self_attn.o_proj,self_attn.o_proj,decode,1,QwenManualHybridLinear,0.10864000022411346
4071,17,model.layers.5.mlp.gate_proj,mlp.gate_proj,decode,1,QwenManualHybridLinear,0.25948798656463623
4072,17,model.layers.5.mlp.up_proj,mlp.up_proj,decode,1,QwenManualHybridLinear,0.24592000246047974
4073,17,model.layers.5.mlp.down_proj,mlp.down_proj,decode,1,QwenManualHybridLinear,0.25046399235725403
4074,17,model.layers.6.self_attn.q_proj,self_attn.q_proj,decode,1,QwenManualHybridLinear,0.2576639950275421
4075,17,model.layers.6.self_attn.k_proj,self_attn.k_proj,decode,1,QwenManualHybridLinear,0.26310399174690247
4076,17,model.layers.6.self_attn.v_proj,self_attn.v_proj,decode,1,QwenManualHybridLinear,0.2420479953289032
4077,17,model.layers.6.self_attn.o_proj,self_attn.o_proj,decode,1,QwenManualHybridLinear,0.09836799651384354
4078,17,model.layers.6.mlp.gate_proj,mlp.gate_proj,decode,1,QwenManualHybridLinear,0.2691519856452942
4079,17,model.layers.6.mlp.up_proj,mlp.up_proj,decode,1,QwenManualHybridLinear,0.24297599494457245
4080,17,model.layers.6.mlp.down_proj,mlp.down_proj,decode,1,QwenManualHybridLinear,0.24473600089550018
4081,17,model.layers.7.self_attn.q_proj,self_attn.q_proj,decode,1,QwenManualHybridLinear,0.2531839907169342
4082,17,model.layers.7.self_attn.k_proj,self_attn.k_proj,decode,1,QwenManualHybridLinear,0.2412160038948059
4083,17,model.layers.7.self_attn.v_proj,self_attn.v_proj,decode,1,QwenManualHybridLinear,0.24214400351047516
4084,17,model.layers.7.self_attn.o_proj,self_attn.o_proj,decode,1,QwenManualHybridLinear,0.10342399775981903
4085,17,model.layers.7.mlp.gate_proj,mlp.gate_proj,decode,1,QwenManualHybridLinear,0.27350398898124695
4086,17,model.layers.7.mlp.up_proj,mlp.up_proj,decode,1,QwenManualHybridLinear,0.24934400618076324
4087,17,model.layers.7.mlp.down_proj,mlp.down_proj,decode,1,QwenManualHybridLinear,0.24908800423145294
4088,17,model.layers.8.self_attn.q_proj,self_attn.q_proj,decode,1,QwenManualHybridLinear,0.2576960027217865
4089,17,model.layers.8.self_attn.k_proj,self_attn.k_proj,decode,1,QwenManualHybridLinear,0.2608959972858429
4090,17,model.layers.8.self_attn.v_proj,self_attn.v_proj,decode,1,QwenManualHybridLinear,0.24108800292015076
4091,17,model.layers.8.self_attn.o_proj,self_attn.o_proj,decode,1,QwenManualHybridLinear,0.1090880036354065
4092,17,model.layers.8.mlp.gate_proj,mlp.gate_proj,decode,1,QwenManualHybridLinear,0.2531200051307678
4093,17,model.layers.8.mlp.up_proj,mlp.up_proj,decode,1,QwenManualHybridLinear,0.2447039932012558
4094,17,model.layers.8.mlp.down_proj,mlp.down_proj,decode,1,QwenManualHybridLinear,0.2555199861526489
4095,17,model.layers.9.self_attn.q_proj,self_attn.q_proj,decode,1,QwenManualHybridLinear,0.25519999861717224
4096,17,model.layers.9.self_attn.k_proj,self_attn.k_proj,decode,1,QwenManualHybridLinear,0.2581759989261627
4097,17,model.layers.9.self_attn.v_proj,self_attn.v_proj,decode,1,QwenManualHybridLinear,0.24031999707221985
4098,17,model.layers.9.self_attn.o_proj,self_attn.o_proj,decode,1,QwenManualHybridLinear,0.1016639992594719
4099,17,model.layers.9.mlp.gate_proj,mlp.gate_proj,decode,1,QwenManualHybridLinear,0.25865599513053894
4100,17,model.layers.9.mlp.up_proj,mlp.up_proj,decode,1,QwenManualHybridLinear,0.24956800043582916
4101,17,model.layers.9.mlp.down_proj,mlp.down_proj,decode,1,QwenManualHybridLinear,0.24191999435424805
4102,17,model.layers.10.self_attn.q_proj,self_attn.q_proj,decode,1,QwenManualHybridLinear,0.24857600033283234
4103,17,model.layers.10.self_attn.k_proj,self_attn.k_proj,decode,1,QwenManualHybridLinear,0.2436479926109314
4104,17,model.layers.10.self_attn.v_proj,self_attn.v_proj,decode,1,QwenManualHybridLinear,0.24400000274181366
4105,17,model.layers.10.self_attn.o_proj,self_attn.o_proj,decode,1,QwenManualHybridLinear,0.10233599692583084
4106,17,model.layers.10.mlp.gate_proj,mlp.gate_proj,decode,1,QwenManualHybridLinear,0.2610880136489868
4107,17,model.layers.10.mlp.up_proj,mlp.up_proj,decode,1,QwenManualHybridLinear,0.24940800666809082
4108,17,model.layers.10.mlp.down_proj,mlp.down_proj,decode,1,QwenManualHybridLinear,0.2465279996395111
4109,17,model.layers.11.self_attn.q_proj,self_attn.q_proj,decode,1,QwenManualHybridLinear,0.26636800169944763
4110,17,model.layers.11.self_attn.k_proj,self_attn.k_proj,decode,1,QwenManualHybridLinear,0.24553599953651428
4111,17,model.layers.11.self_attn.v_proj,self_attn.v_proj,decode,1,QwenManualHybridLinear,0.24025599658489227
4112,17,model.layers.11.self_attn.o_proj,self_attn.o_proj,decode,1,QwenManualHybridLinear,0.10505600273609161
4113,17,model.layers.11.mlp.gate_proj,mlp.gate_proj,decode,1,QwenManualHybridLinear,0.2550399899482727
4114,17,model.layers.11.mlp.up_proj,mlp.up_proj,decode,1,QwenManualHybridLinear,0.24358400702476501
4115,17,model.layers.11.mlp.down_proj,mlp.down_proj,decode,1,QwenManualHybridLinear,0.24512000381946564
4116,17,model.layers.12.self_attn.q_proj,self_attn.q_proj,decode,1,QwenManualHybridLinear,0.25894400477409363
4117,17,model.layers.12.self_attn.k_proj,self_attn.k_proj,decode,1,QwenManualHybridLinear,0.2489600032567978
4118,17,model.layers.12.self_attn.v_proj,self_attn.v_proj,decode,1,QwenManualHybridLinear,0.24531200528144836
4119,17,model.layers.12.self_attn.o_proj,self_attn.o_proj,decode,1,QwenManualHybridLinear,0.10288000106811523
4120,17,model.layers.12.mlp.gate_proj,mlp.gate_proj,decode,1,QwenManualHybridLinear,0.2539519965648651
4121,17,model.layers.12.mlp.up_proj,mlp.up_proj,decode,1,QwenManualHybridLinear,0.2523519992828369
4122,17,model.layers.12.mlp.down_proj,mlp.down_proj,decode,1,QwenManualHybridLinear,0.24588799476623535
4123,17,model.layers.13.self_attn.q_proj,self_attn.q_proj,decode,1,QwenManualHybridLinear,0.2691200077533722
4124,17,model.layers.13.self_attn.k_proj,self_attn.k_proj,decode,1,QwenManualHybridLinear,0.24556800723075867
4125,17,model.layers.13.self_attn.v_proj,self_attn.v_proj,decode,1,QwenManualHybridLinear,0.24463999271392822
4126,17,model.layers.13.self_attn.o_proj,self_attn.o_proj,decode,1,QwenManualHybridLinear,0.09763199836015701
4127,17,model.layers.13.mlp.gate_proj,mlp.gate_proj,decode,1,QwenManualHybridLinear,0.25619199872016907
4128,17,model.layers.13.mlp.up_proj,mlp.up_proj,decode,1,QwenManualHybridLinear,0.24928000569343567
4129,17,model.layers.13.mlp.down_proj,mlp.down_proj,decode,1,QwenManualHybridLinear,0.24713599681854248
4130,17,model.layers.14.self_attn.q_proj,self_attn.q_proj,decode,1,QwenManualHybridLinear,0.2539519965648651
4131,17,model.layers.14.self_attn.k_proj,self_attn.k_proj,decode,1,QwenManualHybridLinear,0.23996800184249878
4132,17,model.layers.14.self_attn.v_proj,self_attn.v_proj,decode,1,QwenManualHybridLinear,0.24035200476646423
4133,17,model.layers.14.self_attn.o_proj,self_attn.o_proj,decode,1,QwenManualHybridLinear,0.10729599744081497
4134,17,model.layers.14.mlp.gate_proj,mlp.gate_proj,decode,1,QwenManualHybridLinear,0.2600640058517456
4135,17,model.layers.14.mlp.up_proj,mlp.up_proj,decode,1,QwenManualHybridLinear,0.24425600469112396
4136,17,model.layers.14.mlp.down_proj,mlp.down_proj,decode,1,QwenManualHybridLinear,0.24313600361347198
4137,17,model.layers.15.self_attn.q_proj,self_attn.q_proj,decode,1,QwenManualHybridLinear,0.25334399938583374
4138,17,model.layers.15.self_attn.k_proj,self_attn.k_proj,decode,1,QwenManualHybridLinear,0.25577598810195923
4139,17,model.layers.15.self_attn.v_proj,self_attn.v_proj,decode,1,QwenManualHybridLinear,0.24051199853420258
4140,17,model.layers.15.self_attn.o_proj,self_attn.o_proj,decode,1,QwenManualHybridLinear,0.10316800326108932
4141,17,model.layers.15.mlp.gate_proj,mlp.gate_proj,decode,1,QwenManualHybridLinear,0.2515519857406616
4142,17,model.layers.15.mlp.up_proj,mlp.up_proj,decode,1,QwenManualHybridLinear,0.24291199445724487
4143,17,model.layers.15.mlp.down_proj,mlp.down_proj,decode,1,QwenManualHybridLinear,0.24236799776554108
4144,17,model.layers.16.self_attn.q_proj,self_attn.q_proj,decode,1,QwenManualHybridLinear,0.27612799406051636
4145,17,model.layers.16.self_attn.k_proj,self_attn.k_proj,decode,1,QwenManualHybridLinear,0.25200000405311584
4146,17,model.layers.16.self_attn.v_proj,self_attn.v_proj,decode,1,QwenManualHybridLinear,0.24137599766254425
4147,17,model.layers.16.self_attn.o_proj,self_attn.o_proj,decode,1,QwenManualHybridLinear,0.11462400108575821
4148,17,model.layers.16.mlp.gate_proj,mlp.gate_proj,decode,1,QwenManualHybridLinear,0.25443199276924133
4149,17,model.layers.16.mlp.up_proj,mlp.up_proj,decode,1,QwenManualHybridLinear,0.24140800535678864
4150,17,model.layers.16.mlp.down_proj,mlp.down_proj,decode,1,QwenManualHybridLinear,0.24134400486946106
4151,17,model.layers.17.self_attn.q_proj,self_attn.q_proj,decode,1,QwenManualHybridLinear,0.2609280049800873
4152,17,model.layers.17.self_attn.k_proj,self_attn.k_proj,decode,1,QwenManualHybridLinear,0.2454719990491867
4153,17,model.layers.17.self_attn.v_proj,self_attn.v_proj,decode,1,QwenManualHybridLinear,0.2385600060224533
4154,17,model.layers.17.self_attn.o_proj,self_attn.o_proj,decode,1,QwenManualHybridLinear,0.1016639992594719
4155,17,model.layers.17.mlp.gate_proj,mlp.gate_proj,decode,1,QwenManualHybridLinear,0.2682560086250305
4156,17,model.layers.17.mlp.up_proj,mlp.up_proj,decode,1,QwenManualHybridLinear,0.24825599789619446
4157,17,model.layers.17.mlp.down_proj,mlp.down_proj,decode,1,QwenManualHybridLinear,0.24777600169181824
4158,17,model.layers.18.self_attn.q_proj,self_attn.q_proj,decode,1,QwenManualHybridLinear,0.25782400369644165
4159,17,model.layers.18.self_attn.k_proj,self_attn.k_proj,decode,1,QwenManualHybridLinear,0.24969600141048431
4160,17,model.layers.18.self_attn.v_proj,self_attn.v_proj,decode,1,QwenManualHybridLinear,0.24169600009918213
4161,17,model.layers.18.self_attn.o_proj,self_attn.o_proj,decode,1,QwenManualHybridLinear,0.10076799988746643
4162,17,model.layers.18.mlp.gate_proj,mlp.gate_proj,decode,1,QwenManualHybridLinear,0.25171199440956116
4163,17,model.layers.18.mlp.up_proj,mlp.up_proj,decode,1,QwenManualHybridLinear,0.24739199876785278
4164,17,model.layers.18.mlp.down_proj,mlp.down_proj,decode,1,QwenManualHybridLinear,0.24313600361347198
4165,17,model.layers.19.self_attn.q_proj,self_attn.q_proj,decode,1,QwenManualHybridLinear,0.24991999566555023
4166,17,model.layers.19.self_attn.k_proj,self_attn.k_proj,decode,1,QwenManualHybridLinear,0.24172799289226532
4167,17,model.layers.19.self_attn.v_proj,self_attn.v_proj,decode,1,QwenManualHybridLinear,0.2407039999961853
4168,17,model.layers.19.self_attn.o_proj,self_attn.o_proj,decode,1,QwenManualHybridLinear,0.10454399883747101
4169,17,model.layers.19.mlp.gate_proj,mlp.gate_proj,decode,1,QwenManualHybridLinear,0.26736000180244446
4170,17,model.layers.19.mlp.up_proj,mlp.up_proj,decode,1,QwenManualHybridLinear,0.2534080147743225
4171,17,model.layers.19.mlp.down_proj,mlp.down_proj,decode,1,QwenManualHybridLinear,0.24540799856185913
4172,17,model.layers.20.self_attn.q_proj,self_attn.q_proj,decode,1,QwenManualHybridLinear,0.2566399872303009
4173,17,model.layers.20.self_attn.k_proj,self_attn.k_proj,decode,1,QwenManualHybridLinear,0.24675199389457703
4174,17,model.layers.20.self_attn.v_proj,self_attn.v_proj,decode,1,QwenManualHybridLinear,0.2459840029478073
4175,17,model.layers.20.self_attn.o_proj,self_attn.o_proj,decode,1,QwenManualHybridLinear,0.11023999750614166
4176,17,model.layers.20.mlp.gate_proj,mlp.gate_proj,decode,1,QwenManualHybridLinear,0.2624320089817047
4177,17,model.layers.20.mlp.up_proj,mlp.up_proj,decode,1,QwenManualHybridLinear,0.2656959891319275
4178,17,model.layers.20.mlp.down_proj,mlp.down_proj,decode,1,QwenManualHybridLinear,0.24991999566555023
4179,17,model.layers.21.self_attn.q_proj,self_attn.q_proj,decode,1,QwenManualHybridLinear,0.2549760043621063
4180,17,model.layers.21.self_attn.k_proj,self_attn.k_proj,decode,1,QwenManualHybridLinear,0.24383999407291412
4181,17,model.layers.21.self_attn.v_proj,self_attn.v_proj,decode,1,QwenManualHybridLinear,0.24163199961185455
4182,17,model.layers.21.self_attn.o_proj,self_attn.o_proj,decode,1,QwenManualHybridLinear,0.11945600062608719
4183,17,model.layers.21.mlp.gate_proj,mlp.gate_proj,decode,1,QwenManualHybridLinear,0.2642880082130432
4184,17,model.layers.21.mlp.up_proj,mlp.up_proj,decode,1,QwenManualHybridLinear,0.2452480047941208
4185,17,model.layers.21.mlp.down_proj,mlp.down_proj,decode,1,QwenManualHybridLinear,0.3572799861431122
4186,17,model.layers.22.self_attn.q_proj,self_attn.q_proj,decode,1,QwenManualHybridLinear,0.2730239927768707
4187,17,model.layers.22.self_attn.k_proj,self_attn.k_proj,decode,1,QwenManualHybridLinear,0.26867198944091797
4188,17,model.layers.22.self_attn.v_proj,self_attn.v_proj,decode,1,QwenManualHybridLinear,0.2415360063314438
4189,17,model.layers.22.self_attn.o_proj,self_attn.o_proj,decode,1,QwenManualHybridLinear,0.10121600329875946
4190,17,model.layers.22.mlp.gate_proj,mlp.gate_proj,decode,1,QwenManualHybridLinear,0.25724801421165466
4191,17,model.layers.22.mlp.up_proj,mlp.up_proj,decode,1,QwenManualHybridLinear,0.24723200500011444
4192,17,model.layers.22.mlp.down_proj,mlp.down_proj,decode,1,QwenManualHybridLinear,0.24563199281692505
4193,17,model.layers.23.self_attn.q_proj,self_attn.q_proj,decode,1,QwenManualHybridLinear,0.26175999641418457
4194,17,model.layers.23.self_attn.k_proj,self_attn.k_proj,decode,1,QwenManualHybridLinear,0.2497279942035675
4195,17,model.layers.23.self_attn.v_proj,self_attn.v_proj,decode,1,QwenManualHybridLinear,0.24320000410079956
4196,17,model.layers.23.self_attn.o_proj,self_attn.o_proj,decode,1,QwenManualHybridLinear,0.10361599922180176
4197,17,model.layers.23.mlp.gate_proj,mlp.gate_proj,decode,1,QwenManualHybridLinear,0.2598400115966797
4198,17,model.layers.23.mlp.up_proj,mlp.up_proj,decode,1,QwenManualHybridLinear,0.24288000166416168
4199,17,model.layers.23.mlp.down_proj,mlp.down_proj,decode,1,QwenManualHybridLinear,0.27721598744392395
4200,17,model.layers.24.self_attn.q_proj,self_attn.q_proj,decode,1,QwenManualHybridLinear,0.2523519992828369
4201,17,model.layers.24.self_attn.k_proj,self_attn.k_proj,decode,1,QwenManualHybridLinear,0.2417919933795929
4202,17,model.layers.24.self_attn.v_proj,self_attn.v_proj,decode,1,QwenManualHybridLinear,0.2367040067911148
4203,17,model.layers.24.self_attn.o_proj,self_attn.o_proj,decode,1,QwenManualHybridLinear,0.10611200332641602
4204,17,model.layers.24.mlp.gate_proj,mlp.gate_proj,decode,1,QwenManualHybridLinear,0.2606079876422882
4205,17,model.layers.24.mlp.up_proj,mlp.up_proj,decode,1,QwenManualHybridLinear,0.24902400374412537
4206,17,model.layers.24.mlp.down_proj,mlp.down_proj,decode,1,QwenManualHybridLinear,0.2439039945602417
4207,17,model.layers.25.self_attn.q_proj,self_attn.q_proj,decode,1,QwenManualHybridLinear,0.2556160092353821
4208,17,model.layers.25.self_attn.k_proj,self_attn.k_proj,decode,1,QwenManualHybridLinear,0.2460159957408905
4209,17,model.layers.25.self_attn.v_proj,self_attn.v_proj,decode,1,QwenManualHybridLinear,0.25571200251579285
4210,17,model.layers.25.self_attn.o_proj,self_attn.o_proj,decode,1,QwenManualHybridLinear,0.11123199760913849
4211,17,model.layers.25.mlp.gate_proj,mlp.gate_proj,decode,1,QwenManualHybridLinear,0.26556798815727234
4212,17,model.layers.25.mlp.up_proj,mlp.up_proj,decode,1,QwenManualHybridLinear,0.25920000672340393
4213,17,model.layers.25.mlp.down_proj,mlp.down_proj,decode,1,QwenManualHybridLinear,0.2611199915409088
4214,17,model.layers.26.self_attn.q_proj,self_attn.q_proj,decode,1,QwenManualHybridLinear,0.2563199996948242
4215,17,model.layers.26.self_attn.k_proj,self_attn.k_proj,decode,1,QwenManualHybridLinear,0.24636800587177277
4216,17,model.layers.26.self_attn.v_proj,self_attn.v_proj,decode,1,QwenManualHybridLinear,0.24143999814987183
4217,17,model.layers.26.self_attn.o_proj,self_attn.o_proj,decode,1,QwenManualHybridLinear,0.11599999666213989
4218,17,model.layers.26.mlp.gate_proj,mlp.gate_proj,decode,1,QwenManualHybridLinear,0.2619200050830841
4219,17,model.layers.26.mlp.up_proj,mlp.up_proj,decode,1,QwenManualHybridLinear,0.24396799504756927
4220,17,model.layers.26.mlp.down_proj,mlp.down_proj,decode,1,QwenManualHybridLinear,0.2486719936132431
4221,17,model.layers.27.self_attn.q_proj,self_attn.q_proj,decode,1,QwenManualHybridLinear,0.25248000025749207
4222,17,model.layers.27.self_attn.k_proj,self_attn.k_proj,decode,1,QwenManualHybridLinear,0.2542720139026642
4223,17,model.layers.27.self_attn.v_proj,self_attn.v_proj,decode,1,QwenManualHybridLinear,0.24214400351047516
4224,17,model.layers.27.self_attn.o_proj,self_attn.o_proj,decode,1,QwenManualHybridLinear,0.10860799998044968
4225,17,model.layers.27.mlp.gate_proj,mlp.gate_proj,decode,1,QwenManualHybridLinear,0.2659839987754822
4226,17,model.layers.27.mlp.up_proj,mlp.up_proj,decode,1,QwenManualHybridLinear,0.2536639869213104
4227,17,model.layers.27.mlp.down_proj,mlp.down_proj,decode,1,QwenManualHybridLinear,0.24534399807453156
4228,17,model.layers.28.self_attn.q_proj,self_attn.q_proj,decode,1,QwenManualHybridLinear,0.25465598702430725
4229,17,model.layers.28.self_attn.k_proj,self_attn.k_proj,decode,1,QwenManualHybridLinear,0.2447039932012558
4230,17,model.layers.28.self_attn.v_proj,self_attn.v_proj,decode,1,QwenManualHybridLinear,0.26159998774528503
4231,17,model.layers.28.self_attn.o_proj,self_attn.o_proj,decode,1,QwenManualHybridLinear,0.1000640019774437
4232,17,model.layers.28.mlp.gate_proj,mlp.gate_proj,decode,1,QwenManualHybridLinear,0.25283199548721313
4233,17,model.layers.28.mlp.up_proj,mlp.up_proj,decode,1,QwenManualHybridLinear,0.2415360063314438
4234,17,model.layers.28.mlp.down_proj,mlp.down_proj,decode,1,QwenManualHybridLinear,0.24611200392246246
4235,17,model.layers.29.self_attn.q_proj,self_attn.q_proj,decode,1,QwenManualHybridLinear,0.2577599883079529
4236,17,model.layers.29.self_attn.k_proj,self_attn.k_proj,decode,1,QwenManualHybridLinear,0.2622720003128052
4237,17,model.layers.29.self_attn.v_proj,self_attn.v_proj,decode,1,QwenManualHybridLinear,0.2425920069217682
4238,17,model.layers.29.self_attn.o_proj,self_attn.o_proj,decode,1,QwenManualHybridLinear,0.10627199709415436
4239,17,model.layers.29.mlp.gate_proj,mlp.gate_proj,decode,1,QwenManualHybridLinear,0.25382399559020996
4240,17,model.layers.29.mlp.up_proj,mlp.up_proj,decode,1,QwenManualHybridLinear,0.24240000545978546
4241,17,model.layers.29.mlp.down_proj,mlp.down_proj,decode,1,QwenManualHybridLinear,0.24908800423145294
4242,17,model.layers.30.self_attn.q_proj,self_attn.q_proj,decode,1,QwenManualHybridLinear,0.2528960108757019
4243,17,model.layers.30.self_attn.k_proj,self_attn.k_proj,decode,1,QwenManualHybridLinear,0.24883200228214264
4244,17,model.layers.30.self_attn.v_proj,self_attn.v_proj,decode,1,QwenManualHybridLinear,0.2401600033044815
4245,17,model.layers.30.self_attn.o_proj,self_attn.o_proj,decode,1,QwenManualHybridLinear,0.11715199798345566
4246,17,model.layers.30.mlp.gate_proj,mlp.gate_proj,decode,1,QwenManualHybridLinear,0.2685759961605072
4247,17,model.layers.30.mlp.up_proj,mlp.up_proj,decode,1,QwenManualHybridLinear,0.2568320035934448
4248,17,model.layers.30.mlp.down_proj,mlp.down_proj,decode,1,QwenManualHybridLinear,0.24774399399757385
4249,17,model.layers.31.self_attn.q_proj,self_attn.q_proj,decode,1,QwenManualHybridLinear,0.25519999861717224
4250,17,model.layers.31.self_attn.k_proj,self_attn.k_proj,decode,1,QwenManualHybridLinear,0.2441920042037964
4251,17,model.layers.31.self_attn.v_proj,self_attn.v_proj,decode,1,QwenManualHybridLinear,0.24672000110149384
4252,17,model.layers.31.self_attn.o_proj,self_attn.o_proj,decode,1,QwenManualHybridLinear,0.09923200309276581
4253,17,model.layers.31.mlp.gate_proj,mlp.gate_proj,decode,1,QwenManualHybridLinear,0.25231999158859253
4254,17,model.layers.31.mlp.up_proj,mlp.up_proj,decode,1,QwenManualHybridLinear,0.24764800071716309
4255,17,model.layers.31.mlp.down_proj,mlp.down_proj,decode,1,QwenManualHybridLinear,0.2504960000514984
4256,18,model.layers.0.self_attn.q_proj,self_attn.q_proj,decode,1,QwenManualHybridLinear,0.3736000061035156
4257,18,model.layers.0.self_attn.k_proj,self_attn.k_proj,decode,1,QwenManualHybridLinear,0.26236799359321594
4258,18,model.layers.0.self_attn.v_proj,self_attn.v_proj,decode,1,QwenManualHybridLinear,0.2531839907169342
4259,18,model.layers.0.self_attn.o_proj,self_attn.o_proj,decode,1,QwenManualHybridLinear,0.10953599959611893
4260,18,model.layers.0.mlp.gate_proj,mlp.gate_proj,decode,1,QwenManualHybridLinear,0.2730880081653595
4261,18,model.layers.0.mlp.up_proj,mlp.up_proj,decode,1,QwenManualHybridLinear,0.2593280076980591
4262,18,model.layers.0.mlp.down_proj,mlp.down_proj,decode,1,QwenManualHybridLinear,0.26867198944091797
4263,18,model.layers.1.self_attn.q_proj,self_attn.q_proj,decode,1,QwenManualHybridLinear,0.2588160037994385
4264,18,model.layers.1.self_attn.k_proj,self_attn.k_proj,decode,1,QwenManualHybridLinear,0.24425600469112396
4265,18,model.layers.1.self_attn.v_proj,self_attn.v_proj,decode,1,QwenManualHybridLinear,0.24451200664043427
4266,18,model.layers.1.self_attn.o_proj,self_attn.o_proj,decode,1,QwenManualHybridLinear,0.10841599851846695
4267,18,model.layers.1.mlp.gate_proj,mlp.gate_proj,decode,1,QwenManualHybridLinear,0.2566399872303009
4268,18,model.layers.1.mlp.up_proj,mlp.up_proj,decode,1,QwenManualHybridLinear,0.24512000381946564
4269,18,model.layers.1.mlp.down_proj,mlp.down_proj,decode,1,QwenManualHybridLinear,0.25299200415611267
4270,18,model.layers.2.self_attn.q_proj,self_attn.q_proj,decode,1,QwenManualHybridLinear,0.2505280077457428
4271,18,model.layers.2.self_attn.k_proj,self_attn.k_proj,decode,1,QwenManualHybridLinear,0.2569279968738556
4272,18,model.layers.2.self_attn.v_proj,self_attn.v_proj,decode,1,QwenManualHybridLinear,0.24451200664043427
4273,18,model.layers.2.self_attn.o_proj,self_attn.o_proj,decode,1,QwenManualHybridLinear,0.10304000228643417
4274,18,model.layers.2.mlp.gate_proj,mlp.gate_proj,decode,1,QwenManualHybridLinear,0.260127991437912
4275,18,model.layers.2.mlp.up_proj,mlp.up_proj,decode,1,QwenManualHybridLinear,0.25017601251602173
4276,18,model.layers.2.mlp.down_proj,mlp.down_proj,decode,1,QwenManualHybridLinear,0.24246400594711304
4277,18,model.layers.3.self_attn.q_proj,self_attn.q_proj,decode,1,QwenManualHybridLinear,0.252128005027771
4278,18,model.layers.3.self_attn.k_proj,self_attn.k_proj,decode,1,QwenManualHybridLinear,0.24233600497245789
4279,18,model.layers.3.self_attn.v_proj,self_attn.v_proj,decode,1,QwenManualHybridLinear,0.24374400079250336
4280,18,model.layers.3.self_attn.o_proj,self_attn.o_proj,decode,1,QwenManualHybridLinear,0.10633599758148193
4281,18,model.layers.3.mlp.gate_proj,mlp.gate_proj,decode,1,QwenManualHybridLinear,0.28675198554992676
4282,18,model.layers.3.mlp.up_proj,mlp.up_proj,decode,1,QwenManualHybridLinear,0.25542399287223816
4283,18,model.layers.3.mlp.down_proj,mlp.down_proj,decode,1,QwenManualHybridLinear,0.24844799935817719
4284,18,model.layers.4.self_attn.q_proj,self_attn.q_proj,decode,1,QwenManualHybridLinear,0.2556160092353821
4285,18,model.layers.4.self_attn.k_proj,self_attn.k_proj,decode,1,QwenManualHybridLinear,0.24329599738121033
4286,18,model.layers.4.self_attn.v_proj,self_attn.v_proj,decode,1,QwenManualHybridLinear,0.2489600032567978
4287,18,model.layers.4.self_attn.o_proj,self_attn.o_proj,decode,1,QwenManualHybridLinear,0.1072319969534874
4288,18,model.layers.4.mlp.gate_proj,mlp.gate_proj,decode,1,QwenManualHybridLinear,0.27059200406074524
4289,18,model.layers.4.mlp.up_proj,mlp.up_proj,decode,1,QwenManualHybridLinear,0.24854399263858795
4290,18,model.layers.4.mlp.down_proj,mlp.down_proj,decode,1,QwenManualHybridLinear,0.2500480115413666
4291,18,model.layers.5.self_attn.q_proj,self_attn.q_proj,decode,1,QwenManualHybridLinear,0.2719680070877075
4292,18,model.layers.5.self_attn.k_proj,self_attn.k_proj,decode,1,QwenManualHybridLinear,0.25142401456832886
4293,18,model.layers.5.self_attn.v_proj,self_attn.v_proj,decode,1,QwenManualHybridLinear,0.24300800263881683
4294,18,model.layers.5.self_attn.o_proj,self_attn.o_proj,decode,1,QwenManualHybridLinear,0.10729599744081497
4295,18,model.layers.5.mlp.gate_proj,mlp.gate_proj,decode,1,QwenManualHybridLinear,0.2662400007247925
4296,18,model.layers.5.mlp.up_proj,mlp.up_proj,decode,1,QwenManualHybridLinear,0.2548159956932068
4297,18,model.layers.5.mlp.down_proj,mlp.down_proj,decode,1,QwenManualHybridLinear,0.24767999351024628
4298,18,model.layers.6.self_attn.q_proj,self_attn.q_proj,decode,1,QwenManualHybridLinear,0.2566719949245453
4299,18,model.layers.6.self_attn.k_proj,self_attn.k_proj,decode,1,QwenManualHybridLinear,0.24371199309825897
4300,18,model.layers.6.self_attn.v_proj,self_attn.v_proj,decode,1,QwenManualHybridLinear,0.2465600073337555
4301,18,model.layers.6.self_attn.o_proj,self_attn.o_proj,decode,1,QwenManualHybridLinear,0.1072319969534874
4302,18,model.layers.6.mlp.gate_proj,mlp.gate_proj,decode,1,QwenManualHybridLinear,0.27187201380729675
4303,18,model.layers.6.mlp.up_proj,mlp.up_proj,decode,1,QwenManualHybridLinear,0.24675199389457703
4304,18,model.layers.6.mlp.down_proj,mlp.down_proj,decode,1,QwenManualHybridLinear,0.24879999458789825
4305,18,model.layers.7.self_attn.q_proj,self_attn.q_proj,decode,1,QwenManualHybridLinear,0.2499839961528778
4306,18,model.layers.7.self_attn.k_proj,self_attn.k_proj,decode,1,QwenManualHybridLinear,0.24780799448490143
4307,18,model.layers.7.self_attn.v_proj,self_attn.v_proj,decode,1,QwenManualHybridLinear,0.2504960000514984
4308,18,model.layers.7.self_attn.o_proj,self_attn.o_proj,decode,1,QwenManualHybridLinear,0.09929600358009338
4309,18,model.layers.7.mlp.gate_proj,mlp.gate_proj,decode,1,QwenManualHybridLinear,0.25724801421165466
4310,18,model.layers.7.mlp.up_proj,mlp.up_proj,decode,1,QwenManualHybridLinear,0.26473599672317505
4311,18,model.layers.7.mlp.down_proj,mlp.down_proj,decode,1,QwenManualHybridLinear,0.2455040067434311
4312,18,model.layers.8.self_attn.q_proj,self_attn.q_proj,decode,1,QwenManualHybridLinear,0.2733440101146698
4313,18,model.layers.8.self_attn.k_proj,self_attn.k_proj,decode,1,QwenManualHybridLinear,0.24854399263858795
4314,18,model.layers.8.self_attn.v_proj,self_attn.v_proj,decode,1,QwenManualHybridLinear,0.24220800399780273
4315,18,model.layers.8.self_attn.o_proj,self_attn.o_proj,decode,1,QwenManualHybridLinear,0.10000000149011612
4316,18,model.layers.8.mlp.gate_proj,mlp.gate_proj,decode,1,QwenManualHybridLinear,0.2566080093383789
4317,18,model.layers.8.mlp.up_proj,mlp.up_proj,decode,1,QwenManualHybridLinear,0.2553919851779938
4318,18,model.layers.8.mlp.down_proj,mlp.down_proj,decode,1,QwenManualHybridLinear,0.2465279996395111
4319,18,model.layers.9.self_attn.q_proj,self_attn.q_proj,decode,1,QwenManualHybridLinear,0.254720002412796
4320,18,model.layers.9.self_attn.k_proj,self_attn.k_proj,decode,1,QwenManualHybridLinear,0.24764800071716309
4321,18,model.layers.9.self_attn.v_proj,self_attn.v_proj,decode,1,QwenManualHybridLinear,0.2609280049800873
4322,18,model.layers.9.self_attn.o_proj,self_attn.o_proj,decode,1,QwenManualHybridLinear,0.1027199998497963
4323,18,model.layers.9.mlp.gate_proj,mlp.gate_proj,decode,1,QwenManualHybridLinear,0.2536959946155548
4324,18,model.layers.9.mlp.up_proj,mlp.up_proj,decode,1,QwenManualHybridLinear,0.2616640031337738
4325,18,model.layers.9.mlp.down_proj,mlp.down_proj,decode,1,QwenManualHybridLinear,0.24313600361347198
4326,18,model.layers.10.self_attn.q_proj,self_attn.q_proj,decode,1,QwenManualHybridLinear,0.25119999051094055
4327,18,model.layers.10.self_attn.k_proj,self_attn.k_proj,decode,1,QwenManualHybridLinear,0.2439039945602417
4328,18,model.layers.10.self_attn.v_proj,self_attn.v_proj,decode,1,QwenManualHybridLinear,0.24425600469112396
4329,18,model.layers.10.self_attn.o_proj,self_attn.o_proj,decode,1,QwenManualHybridLinear,0.10304000228643417
4330,18,model.layers.10.mlp.gate_proj,mlp.gate_proj,decode,1,QwenManualHybridLinear,0.26688000559806824
4331,18,model.layers.10.mlp.up_proj,mlp.up_proj,decode,1,QwenManualHybridLinear,0.2441920042037964
4332,18,model.layers.10.mlp.down_proj,mlp.down_proj,decode,1,QwenManualHybridLinear,0.2510719895362854
4333,18,model.layers.11.self_attn.q_proj,self_attn.q_proj,decode,1,QwenManualHybridLinear,0.2566719949245453
4334,18,model.layers.11.self_attn.k_proj,self_attn.k_proj,decode,1,QwenManualHybridLinear,0.24806399643421173
4335,18,model.layers.11.self_attn.v_proj,self_attn.v_proj,decode,1,QwenManualHybridLinear,0.2415360063314438
4336,18,model.layers.11.self_attn.o_proj,self_attn.o_proj,decode,1,QwenManualHybridLinear,0.10255999863147736
4337,18,model.layers.11.mlp.gate_proj,mlp.gate_proj,decode,1,QwenManualHybridLinear,0.2520959973335266
4338,18,model.layers.11.mlp.up_proj,mlp.up_proj,decode,1,QwenManualHybridLinear,0.24915200471878052
4339,18,model.layers.11.mlp.down_proj,mlp.down_proj,decode,1,QwenManualHybridLinear,0.2444480061531067
4340,18,model.layers.12.self_attn.q_proj,self_attn.q_proj,decode,1,QwenManualHybridLinear,0.2707839906215668
4341,18,model.layers.12.self_attn.k_proj,self_attn.k_proj,decode,1,QwenManualHybridLinear,0.26080000400543213
4342,18,model.layers.12.self_attn.v_proj,self_attn.v_proj,decode,1,QwenManualHybridLinear,0.2510400116443634
4343,18,model.layers.12.self_attn.o_proj,self_attn.o_proj,decode,1,QwenManualHybridLinear,0.10512000322341919
4344,18,model.layers.12.mlp.gate_proj,mlp.gate_proj,decode,1,QwenManualHybridLinear,0.25763198733329773
4345,18,model.layers.12.mlp.up_proj,mlp.up_proj,decode,1,QwenManualHybridLinear,0.24729600548744202
4346,18,model.layers.12.mlp.down_proj,mlp.down_proj,decode,1,QwenManualHybridLinear,0.2495039999485016
4347,18,model.layers.13.self_attn.q_proj,self_attn.q_proj,decode,1,QwenManualHybridLinear,0.2707200050354004
4348,18,model.layers.13.self_attn.k_proj,self_attn.k_proj,decode,1,QwenManualHybridLinear,0.2534399926662445
4349,18,model.layers.13.self_attn.v_proj,self_attn.v_proj,decode,1,QwenManualHybridLinear,0.25119999051094055
4350,18,model.layers.13.self_attn.o_proj,self_attn.o_proj,decode,1,QwenManualHybridLinear,0.10249599814414978
4351,18,model.layers.13.mlp.gate_proj,mlp.gate_proj,decode,1,QwenManualHybridLinear,0.26419198513031006
4352,18,model.layers.13.mlp.up_proj,mlp.up_proj,decode,1,QwenManualHybridLinear,0.24879999458789825
4353,18,model.layers.13.mlp.down_proj,mlp.down_proj,decode,1,QwenManualHybridLinear,0.2473279982805252
4354,18,model.layers.14.self_attn.q_proj,self_attn.q_proj,decode,1,QwenManualHybridLinear,0.24982400238513947
4355,18,model.layers.14.self_attn.k_proj,self_attn.k_proj,decode,1,QwenManualHybridLinear,0.25065600872039795
4356,18,model.layers.14.self_attn.v_proj,self_attn.v_proj,decode,1,QwenManualHybridLinear,0.24208000302314758
4357,18,model.layers.14.self_attn.o_proj,self_attn.o_proj,decode,1,QwenManualHybridLinear,0.10768000036478043
4358,18,model.layers.14.mlp.gate_proj,mlp.gate_proj,decode,1,QwenManualHybridLinear,0.25788798928260803
4359,18,model.layers.14.mlp.up_proj,mlp.up_proj,decode,1,QwenManualHybridLinear,0.26947200298309326
4360,18,model.layers.14.mlp.down_proj,mlp.down_proj,decode,1,QwenManualHybridLinear,0.24780799448490143
4361,18,model.layers.15.self_attn.q_proj,self_attn.q_proj,decode,1,QwenManualHybridLinear,0.25171199440956116
4362,18,model.layers.15.self_attn.k_proj,self_attn.k_proj,decode,1,QwenManualHybridLinear,0.24988800287246704
4363,18,model.layers.15.self_attn.v_proj,self_attn.v_proj,decode,1,QwenManualHybridLinear,0.24624000489711761
4364,18,model.layers.15.self_attn.o_proj,self_attn.o_proj,decode,1,QwenManualHybridLinear,0.10688000172376633
4365,18,model.layers.15.mlp.gate_proj,mlp.gate_proj,decode,1,QwenManualHybridLinear,0.25651198625564575
4366,18,model.layers.15.mlp.up_proj,mlp.up_proj,decode,1,QwenManualHybridLinear,0.24499200284481049
4367,18,model.layers.15.mlp.down_proj,mlp.down_proj,decode,1,QwenManualHybridLinear,0.25148800015449524
4368,18,model.layers.16.self_attn.q_proj,self_attn.q_proj,decode,1,QwenManualHybridLinear,0.2637760043144226
4369,18,model.layers.16.self_attn.k_proj,self_attn.k_proj,decode,1,QwenManualHybridLinear,0.24940800666809082
4370,18,model.layers.16.self_attn.v_proj,self_attn.v_proj,decode,1,QwenManualHybridLinear,0.2620159983634949
4371,18,model.layers.16.self_attn.o_proj,self_attn.o_proj,decode,1,QwenManualHybridLinear,0.10688000172376633
4372,18,model.layers.16.mlp.gate_proj,mlp.gate_proj,decode,1,QwenManualHybridLinear,0.2606079876422882
4373,18,model.layers.16.mlp.up_proj,mlp.up_proj,decode,1,QwenManualHybridLinear,0.24480000138282776
4374,18,model.layers.16.mlp.down_proj,mlp.down_proj,decode,1,QwenManualHybridLinear,0.24435199797153473
4375,18,model.layers.17.self_attn.q_proj,self_attn.q_proj,decode,1,QwenManualHybridLinear,0.252128005027771
4376,18,model.layers.17.self_attn.k_proj,self_attn.k_proj,decode,1,QwenManualHybridLinear,0.25040000677108765
4377,18,model.layers.17.self_attn.v_proj,self_attn.v_proj,decode,1,QwenManualHybridLinear,0.24156799912452698
4378,18,model.layers.17.self_attn.o_proj,self_attn.o_proj,decode,1,QwenManualHybridLinear,0.10659199953079224
4379,18,model.layers.17.mlp.gate_proj,mlp.gate_proj,decode,1,QwenManualHybridLinear,0.2836480140686035
4380,18,model.layers.17.mlp.up_proj,mlp.up_proj,decode,1,QwenManualHybridLinear,0.26822400093078613
4381,18,model.layers.17.mlp.down_proj,mlp.down_proj,decode,1,QwenManualHybridLinear,0.24713599681854248
4382,18,model.layers.18.self_attn.q_proj,self_attn.q_proj,decode,1,QwenManualHybridLinear,0.25302401185035706
4383,18,model.layers.18.self_attn.k_proj,self_attn.k_proj,decode,1,QwenManualHybridLinear,0.2428479939699173
4384,18,model.layers.18.self_attn.v_proj,self_attn.v_proj,decode,1,QwenManualHybridLinear,0.24751999974250793
4385,18,model.layers.18.self_attn.o_proj,self_attn.o_proj,decode,1,QwenManualHybridLinear,0.10208000242710114
4386,18,model.layers.18.mlp.gate_proj,mlp.gate_proj,decode,1,QwenManualHybridLinear,0.25491198897361755
4387,18,model.layers.18.mlp.up_proj,mlp.up_proj,decode,1,QwenManualHybridLinear,0.24432000517845154
4388,18,model.layers.18.mlp.down_proj,mlp.down_proj,decode,1,QwenManualHybridLinear,0.2449280023574829
4389,18,model.layers.19.self_attn.q_proj,self_attn.q_proj,decode,1,QwenManualHybridLinear,0.29414400458335876
4390,18,model.layers.19.self_attn.k_proj,self_attn.k_proj,decode,1,QwenManualHybridLinear,0.2547839879989624
4391,18,model.layers.19.self_attn.v_proj,self_attn.v_proj,decode,1,QwenManualHybridLinear,0.25097599625587463
4392,18,model.layers.19.self_attn.o_proj,self_attn.o_proj,decode,1,QwenManualHybridLinear,0.1016639992594719
4393,18,model.layers.19.mlp.gate_proj,mlp.gate_proj,decode,1,QwenManualHybridLinear,0.2553919851779938
4394,18,model.layers.19.mlp.up_proj,mlp.up_proj,decode,1,QwenManualHybridLinear,0.24374400079250336
4395,18,model.layers.19.mlp.down_proj,mlp.down_proj,decode,1,QwenManualHybridLinear,0.9256640076637268
4396,18,model.layers.20.self_attn.q_proj,self_attn.q_proj,decode,1,QwenManualHybridLinear,0.34940800070762634
4397,18,model.layers.20.self_attn.k_proj,self_attn.k_proj,decode,1,QwenManualHybridLinear,0.2703680098056793
4398,18,model.layers.20.self_attn.v_proj,self_attn.v_proj,decode,1,QwenManualHybridLinear,0.24607999622821808
4399,18,model.layers.20.self_attn.o_proj,self_attn.o_proj,decode,1,QwenManualHybridLinear,0.10943999886512756
4400,18,model.layers.20.mlp.gate_proj,mlp.gate_proj,decode,1,QwenManualHybridLinear,0.26009601354599
4401,18,model.layers.20.mlp.up_proj,mlp.up_proj,decode,1,QwenManualHybridLinear,0.25302401185035706
4402,18,model.layers.20.mlp.down_proj,mlp.down_proj,decode,1,QwenManualHybridLinear,0.24534399807453156
4403,18,model.layers.21.self_attn.q_proj,self_attn.q_proj,decode,1,QwenManualHybridLinear,0.2513599991798401
4404,18,model.layers.21.self_attn.k_proj,self_attn.k_proj,decode,1,QwenManualHybridLinear,0.24585600197315216
4405,18,model.layers.21.self_attn.v_proj,self_attn.v_proj,decode,1,QwenManualHybridLinear,0.2502399981021881
4406,18,model.layers.21.self_attn.o_proj,self_attn.o_proj,decode,1,QwenManualHybridLinear,0.10384000092744827
4407,18,model.layers.21.mlp.gate_proj,mlp.gate_proj,decode,1,QwenManualHybridLinear,0.26633599400520325
4408,18,model.layers.21.mlp.up_proj,mlp.up_proj,decode,1,QwenManualHybridLinear,0.2449280023574829
4409,18,model.layers.21.mlp.down_proj,mlp.down_proj,decode,1,QwenManualHybridLinear,0.24911999702453613
4410,18,model.layers.22.self_attn.q_proj,self_attn.q_proj,decode,1,QwenManualHybridLinear,0.2595199942588806
4411,18,model.layers.22.self_attn.k_proj,self_attn.k_proj,decode,1,QwenManualHybridLinear,0.24303999543190002
4412,18,model.layers.22.self_attn.v_proj,self_attn.v_proj,decode,1,QwenManualHybridLinear,0.2449280023574829
4413,18,model.layers.22.self_attn.o_proj,self_attn.o_proj,decode,1,QwenManualHybridLinear,0.10870400071144104
4414,18,model.layers.22.mlp.gate_proj,mlp.gate_proj,decode,1,QwenManualHybridLinear,0.2596159875392914
4415,18,model.layers.22.mlp.up_proj,mlp.up_proj,decode,1,QwenManualHybridLinear,0.24137599766254425
4416,18,model.layers.22.mlp.down_proj,mlp.down_proj,decode,1,QwenManualHybridLinear,0.2579840123653412
4417,18,model.layers.23.self_attn.q_proj,self_attn.q_proj,decode,1,QwenManualHybridLinear,0.24908800423145294
4418,18,model.layers.23.self_attn.k_proj,self_attn.k_proj,decode,1,QwenManualHybridLinear,0.2513920068740845
4419,18,model.layers.23.self_attn.v_proj,self_attn.v_proj,decode,1,QwenManualHybridLinear,0.24246400594711304
4420,18,model.layers.23.self_attn.o_proj,self_attn.o_proj,decode,1,QwenManualHybridLinear,0.10412800312042236
4421,18,model.layers.23.mlp.gate_proj,mlp.gate_proj,decode,1,QwenManualHybridLinear,0.25673601031303406
4422,18,model.layers.23.mlp.up_proj,mlp.up_proj,decode,1,QwenManualHybridLinear,0.248416006565094
4423,18,model.layers.23.mlp.down_proj,mlp.down_proj,decode,1,QwenManualHybridLinear,0.24624000489711761
4424,18,model.layers.24.self_attn.q_proj,self_attn.q_proj,decode,1,QwenManualHybridLinear,0.25119999051094055
4425,18,model.layers.24.self_attn.k_proj,self_attn.k_proj,decode,1,QwenManualHybridLinear,0.2420479953289032
4426,18,model.layers.24.self_attn.v_proj,self_attn.v_proj,decode,1,QwenManualHybridLinear,0.24275200068950653
4427,18,model.layers.24.self_attn.o_proj,self_attn.o_proj,decode,1,QwenManualHybridLinear,0.10143999755382538
4428,18,model.layers.24.mlp.gate_proj,mlp.gate_proj,decode,1,QwenManualHybridLinear,0.2526400089263916
4429,18,model.layers.24.mlp.up_proj,mlp.up_proj,decode,1,QwenManualHybridLinear,0.2499839961528778
4430,18,model.layers.24.mlp.down_proj,mlp.down_proj,decode,1,QwenManualHybridLinear,0.2577280104160309
4431,18,model.layers.25.self_attn.q_proj,self_attn.q_proj,decode,1,QwenManualHybridLinear,0.2531520128250122
4432,18,model.layers.25.self_attn.k_proj,self_attn.k_proj,decode,1,QwenManualHybridLinear,0.24476799368858337
4433,18,model.layers.25.self_attn.v_proj,self_attn.v_proj,decode,1,QwenManualHybridLinear,0.24665600061416626
4434,18,model.layers.25.self_attn.o_proj,self_attn.o_proj,decode,1,QwenManualHybridLinear,0.10819199681282043
4435,18,model.layers.25.mlp.gate_proj,mlp.gate_proj,decode,1,QwenManualHybridLinear,0.27008000016212463
4436,18,model.layers.25.mlp.up_proj,mlp.up_proj,decode,1,QwenManualHybridLinear,0.24636800587177277
4437,18,model.layers.25.mlp.down_proj,mlp.down_proj,decode,1,QwenManualHybridLinear,0.2516160011291504
4438,18,model.layers.26.self_attn.q_proj,self_attn.q_proj,decode,1,QwenManualHybridLinear,0.2534080147743225
4439,18,model.layers.26.self_attn.k_proj,self_attn.k_proj,decode,1,QwenManualHybridLinear,0.2396160066127777
4440,18,model.layers.26.self_attn.v_proj,self_attn.v_proj,decode,1,QwenManualHybridLinear,0.2553279995918274
4441,18,model.layers.26.self_attn.o_proj,self_attn.o_proj,decode,1,QwenManualHybridLinear,0.10108800232410431
4442,18,model.layers.26.mlp.gate_proj,mlp.gate_proj,decode,1,QwenManualHybridLinear,0.26185598969459534
4443,18,model.layers.26.mlp.up_proj,mlp.up_proj,decode,1,QwenManualHybridLinear,0.24982400238513947
4444,18,model.layers.26.mlp.down_proj,mlp.down_proj,decode,1,QwenManualHybridLinear,0.24428799748420715
4445,18,model.layers.27.self_attn.q_proj,self_attn.q_proj,decode,1,QwenManualHybridLinear,0.25676798820495605
4446,18,model.layers.27.self_attn.k_proj,self_attn.k_proj,decode,1,QwenManualHybridLinear,0.2619839906692505
4447,18,model.layers.27.self_attn.v_proj,self_attn.v_proj,decode,1,QwenManualHybridLinear,0.24403199553489685
4448,18,model.layers.27.self_attn.o_proj,self_attn.o_proj,decode,1,QwenManualHybridLinear,0.10732799768447876
4449,18,model.layers.27.mlp.gate_proj,mlp.gate_proj,decode,1,QwenManualHybridLinear,0.26444798707962036
4450,18,model.layers.27.mlp.up_proj,mlp.up_proj,decode,1,QwenManualHybridLinear,0.25360000133514404
4451,18,model.layers.27.mlp.down_proj,mlp.down_proj,decode,1,QwenManualHybridLinear,0.24751999974250793
4452,18,model.layers.28.self_attn.q_proj,self_attn.q_proj,decode,1,QwenManualHybridLinear,0.2537919878959656
4453,18,model.layers.28.self_attn.k_proj,self_attn.k_proj,decode,1,QwenManualHybridLinear,0.2428479939699173
4454,18,model.layers.28.self_attn.v_proj,self_attn.v_proj,decode,1,QwenManualHybridLinear,0.24646399915218353
4455,18,model.layers.28.self_attn.o_proj,self_attn.o_proj,decode,1,QwenManualHybridLinear,0.10755199939012527
4456,18,model.layers.28.mlp.gate_proj,mlp.gate_proj,decode,1,QwenManualHybridLinear,0.2659200131893158
4457,18,model.layers.28.mlp.up_proj,mlp.up_proj,decode,1,QwenManualHybridLinear,0.25116801261901855
4458,18,model.layers.28.mlp.down_proj,mlp.down_proj,decode,1,QwenManualHybridLinear,0.255264014005661
4459,18,model.layers.29.self_attn.q_proj,self_attn.q_proj,decode,1,QwenManualHybridLinear,0.2574079930782318
4460,18,model.layers.29.self_attn.k_proj,self_attn.k_proj,decode,1,QwenManualHybridLinear,0.24835200607776642
4461,18,model.layers.29.self_attn.v_proj,self_attn.v_proj,decode,1,QwenManualHybridLinear,0.24563199281692505
4462,18,model.layers.29.self_attn.o_proj,self_attn.o_proj,decode,1,QwenManualHybridLinear,0.1048320010304451
4463,18,model.layers.29.mlp.gate_proj,mlp.gate_proj,decode,1,QwenManualHybridLinear,0.2600319981575012
4464,18,model.layers.29.mlp.up_proj,mlp.up_proj,decode,1,QwenManualHybridLinear,0.2648960053920746
4465,18,model.layers.29.mlp.down_proj,mlp.down_proj,decode,1,QwenManualHybridLinear,0.25734400749206543
4466,18,model.layers.30.self_attn.q_proj,self_attn.q_proj,decode,1,QwenManualHybridLinear,0.25356799364089966
4467,18,model.layers.30.self_attn.k_proj,self_attn.k_proj,decode,1,QwenManualHybridLinear,0.2544960081577301
4468,18,model.layers.30.self_attn.v_proj,self_attn.v_proj,decode,1,QwenManualHybridLinear,0.24700799584388733
4469,18,model.layers.30.self_attn.o_proj,self_attn.o_proj,decode,1,QwenManualHybridLinear,0.10601600259542465
4470,18,model.layers.30.mlp.gate_proj,mlp.gate_proj,decode,1,QwenManualHybridLinear,0.25542399287223816
4471,18,model.layers.30.mlp.up_proj,mlp.up_proj,decode,1,QwenManualHybridLinear,0.252703994512558
4472,18,model.layers.30.mlp.down_proj,mlp.down_proj,decode,1,QwenManualHybridLinear,0.2412160038948059
4473,18,model.layers.31.self_attn.q_proj,self_attn.q_proj,decode,1,QwenManualHybridLinear,0.2534399926662445
4474,18,model.layers.31.self_attn.k_proj,self_attn.k_proj,decode,1,QwenManualHybridLinear,0.24348799884319305
4475,18,model.layers.31.self_attn.v_proj,self_attn.v_proj,decode,1,QwenManualHybridLinear,0.24432000517845154
4476,18,model.layers.31.self_attn.o_proj,self_attn.o_proj,decode,1,QwenManualHybridLinear,0.10515200346708298
4477,18,model.layers.31.mlp.gate_proj,mlp.gate_proj,decode,1,QwenManualHybridLinear,0.2632000148296356
4478,18,model.layers.31.mlp.up_proj,mlp.up_proj,decode,1,QwenManualHybridLinear,0.2499839961528778
4479,18,model.layers.31.mlp.down_proj,mlp.down_proj,decode,1,QwenManualHybridLinear,0.24851199984550476
4480,19,model.layers.0.self_attn.q_proj,self_attn.q_proj,decode,1,QwenManualHybridLinear,0.40854400396347046
4481,19,model.layers.0.self_attn.k_proj,self_attn.k_proj,decode,1,QwenManualHybridLinear,0.28963199257850647
4482,19,model.layers.0.self_attn.v_proj,self_attn.v_proj,decode,1,QwenManualHybridLinear,0.2771199941635132
4483,19,model.layers.0.self_attn.o_proj,self_attn.o_proj,decode,1,QwenManualHybridLinear,0.10288000106811523
4484,19,model.layers.0.mlp.gate_proj,mlp.gate_proj,decode,1,QwenManualHybridLinear,0.2645759880542755
4485,19,model.layers.0.mlp.up_proj,mlp.up_proj,decode,1,QwenManualHybridLinear,0.2555840015411377
4486,19,model.layers.0.mlp.down_proj,mlp.down_proj,decode,1,QwenManualHybridLinear,0.25360000133514404
4487,19,model.layers.1.self_attn.q_proj,self_attn.q_proj,decode,1,QwenManualHybridLinear,0.26422399282455444
4488,19,model.layers.1.self_attn.k_proj,self_attn.k_proj,decode,1,QwenManualHybridLinear,0.25756800174713135
4489,19,model.layers.1.self_attn.v_proj,self_attn.v_proj,decode,1,QwenManualHybridLinear,0.24697600305080414
4490,19,model.layers.1.self_attn.o_proj,self_attn.o_proj,decode,1,QwenManualHybridLinear,0.10902400314807892
4491,19,model.layers.1.mlp.gate_proj,mlp.gate_proj,decode,1,QwenManualHybridLinear,0.26345598697662354
4492,19,model.layers.1.mlp.up_proj,mlp.up_proj,decode,1,QwenManualHybridLinear,0.2516160011291504
4493,19,model.layers.1.mlp.down_proj,mlp.down_proj,decode,1,QwenManualHybridLinear,0.24940800666809082
4494,19,model.layers.2.self_attn.q_proj,self_attn.q_proj,decode,1,QwenManualHybridLinear,0.25699201226234436
4495,19,model.layers.2.self_attn.k_proj,self_attn.k_proj,decode,1,QwenManualHybridLinear,0.26371198892593384
4496,19,model.layers.2.self_attn.v_proj,self_attn.v_proj,decode,1,QwenManualHybridLinear,0.24614399671554565
4497,19,model.layers.2.self_attn.o_proj,self_attn.o_proj,decode,1,QwenManualHybridLinear,0.11568000167608261
4498,19,model.layers.2.mlp.gate_proj,mlp.gate_proj,decode,1,QwenManualHybridLinear,0.2744320034980774
4499,19,model.layers.2.mlp.up_proj,mlp.up_proj,decode,1,QwenManualHybridLinear,0.2518720030784607
4500,19,model.layers.2.mlp.down_proj,mlp.down_proj,decode,1,QwenManualHybridLinear,0.24447999894618988
4501,19,model.layers.3.self_attn.q_proj,self_attn.q_proj,decode,1,QwenManualHybridLinear,0.2632960081100464
4502,19,model.layers.3.self_attn.k_proj,self_attn.k_proj,decode,1,QwenManualHybridLinear,0.253248006105423
4503,19,model.layers.3.self_attn.v_proj,self_attn.v_proj,decode,1,QwenManualHybridLinear,0.2409919947385788
4504,19,model.layers.3.self_attn.o_proj,self_attn.o_proj,decode,1,QwenManualHybridLinear,0.10124800354242325
4505,19,model.layers.3.mlp.gate_proj,mlp.gate_proj,decode,1,QwenManualHybridLinear,0.25833600759506226
4506,19,model.layers.3.mlp.up_proj,mlp.up_proj,decode,1,QwenManualHybridLinear,0.255295991897583
4507,19,model.layers.3.mlp.down_proj,mlp.down_proj,decode,1,QwenManualHybridLinear,0.24345600605010986
4508,19,model.layers.4.self_attn.q_proj,self_attn.q_proj,decode,1,QwenManualHybridLinear,0.25628799200057983
4509,19,model.layers.4.self_attn.k_proj,self_attn.k_proj,decode,1,QwenManualHybridLinear,0.24969600141048431
4510,19,model.layers.4.self_attn.v_proj,self_attn.v_proj,decode,1,QwenManualHybridLinear,0.24857600033283234
4511,19,model.layers.4.self_attn.o_proj,self_attn.o_proj,decode,1,QwenManualHybridLinear,0.10143999755382538
4512,19,model.layers.4.mlp.gate_proj,mlp.gate_proj,decode,1,QwenManualHybridLinear,0.2550719976425171
4513,19,model.layers.4.mlp.up_proj,mlp.up_proj,decode,1,QwenManualHybridLinear,0.2648319900035858
4514,19,model.layers.4.mlp.down_proj,mlp.down_proj,decode,1,QwenManualHybridLinear,0.24300800263881683
4515,19,model.layers.5.self_attn.q_proj,self_attn.q_proj,decode,1,QwenManualHybridLinear,0.2677119970321655
4516,19,model.layers.5.self_attn.k_proj,self_attn.k_proj,decode,1,QwenManualHybridLinear,0.25065600872039795
4517,19,model.layers.5.self_attn.v_proj,self_attn.v_proj,decode,1,QwenManualHybridLinear,0.24083200097084045
4518,19,model.layers.5.self_attn.o_proj,self_attn.o_proj,decode,1,QwenManualHybridLinear,0.10700800269842148
4519,19,model.layers.5.mlp.gate_proj,mlp.gate_proj,decode,1,QwenManualHybridLinear,0.2620159983634949
4520,19,model.layers.5.mlp.up_proj,mlp.up_proj,decode,1,QwenManualHybridLinear,0.26230400800704956
4521,19,model.layers.5.mlp.down_proj,mlp.down_proj,decode,1,QwenManualHybridLinear,0.24499200284481049
4522,19,model.layers.6.self_attn.q_proj,self_attn.q_proj,decode,1,QwenManualHybridLinear,0.2508159875869751
4523,19,model.layers.6.self_attn.k_proj,self_attn.k_proj,decode,1,QwenManualHybridLinear,0.25305598974227905
4524,19,model.layers.6.self_attn.v_proj,self_attn.v_proj,decode,1,QwenManualHybridLinear,0.24182400107383728
4525,19,model.layers.6.self_attn.o_proj,self_attn.o_proj,decode,1,QwenManualHybridLinear,0.10022400319576263
4526,19,model.layers.6.mlp.gate_proj,mlp.gate_proj,decode,1,QwenManualHybridLinear,0.25414401292800903
4527,19,model.layers.6.mlp.up_proj,mlp.up_proj,decode,1,QwenManualHybridLinear,0.25011199712753296
4528,19,model.layers.6.mlp.down_proj,mlp.down_proj,decode,1,QwenManualHybridLinear,0.24409599602222443
4529,19,model.layers.7.self_attn.q_proj,self_attn.q_proj,decode,1,QwenManualHybridLinear,0.2698560059070587
4530,19,model.layers.7.self_attn.k_proj,self_attn.k_proj,decode,1,QwenManualHybridLinear,0.24544000625610352
4531,19,model.layers.7.self_attn.v_proj,self_attn.v_proj,decode,1,QwenManualHybridLinear,0.2423039972782135
4532,19,model.layers.7.self_attn.o_proj,self_attn.o_proj,decode,1,QwenManualHybridLinear,0.11475200206041336
4533,19,model.layers.7.mlp.gate_proj,mlp.gate_proj,decode,1,QwenManualHybridLinear,0.26630398631095886
4534,19,model.layers.7.mlp.up_proj,mlp.up_proj,decode,1,QwenManualHybridLinear,0.24796800315380096
4535,19,model.layers.7.mlp.down_proj,mlp.down_proj,decode,1,QwenManualHybridLinear,0.2441280037164688
4536,19,model.layers.8.self_attn.q_proj,self_attn.q_proj,decode,1,QwenManualHybridLinear,0.2585600018501282
4537,19,model.layers.8.self_attn.k_proj,self_attn.k_proj,decode,1,QwenManualHybridLinear,0.24460799992084503
4538,19,model.layers.8.self_attn.v_proj,self_attn.v_proj,decode,1,QwenManualHybridLinear,0.2404160052537918
4539,19,model.layers.8.self_attn.o_proj,self_attn.o_proj,decode,1,QwenManualHybridLinear,0.10691200196743011
4540,19,model.layers.8.mlp.gate_proj,mlp.gate_proj,decode,1,QwenManualHybridLinear,0.25894400477409363
4541,19,model.layers.8.mlp.up_proj,mlp.up_proj,decode,1,QwenManualHybridLinear,0.2451840043067932
4542,19,model.layers.8.mlp.down_proj,mlp.down_proj,decode,1,QwenManualHybridLinear,0.24297599494457245
4543,19,model.layers.9.self_attn.q_proj,self_attn.q_proj,decode,1,QwenManualHybridLinear,0.26921600103378296
4544,19,model.layers.9.self_attn.k_proj,self_attn.k_proj,decode,1,QwenManualHybridLinear,0.2542720139026642
4545,19,model.layers.9.self_attn.v_proj,self_attn.v_proj,decode,1,QwenManualHybridLinear,0.245728000998497
4546,19,model.layers.9.self_attn.o_proj,self_attn.o_proj,decode,1,QwenManualHybridLinear,0.10159999877214432
4547,19,model.layers.9.mlp.gate_proj,mlp.gate_proj,decode,1,QwenManualHybridLinear,0.2651199996471405
4548,19,model.layers.9.mlp.up_proj,mlp.up_proj,decode,1,QwenManualHybridLinear,0.24499200284481049
4549,19,model.layers.9.mlp.down_proj,mlp.down_proj,decode,1,QwenManualHybridLinear,0.2439039945602417
4550,19,model.layers.10.self_attn.q_proj,self_attn.q_proj,decode,1,QwenManualHybridLinear,0.28067201375961304
4551,19,model.layers.10.self_attn.k_proj,self_attn.k_proj,decode,1,QwenManualHybridLinear,0.2526400089263916
4552,19,model.layers.10.self_attn.v_proj,self_attn.v_proj,decode,1,QwenManualHybridLinear,0.2436159998178482
4553,19,model.layers.10.self_attn.o_proj,self_attn.o_proj,decode,1,QwenManualHybridLinear,0.10320000350475311
4554,19,model.layers.10.mlp.gate_proj,mlp.gate_proj,decode,1,QwenManualHybridLinear,0.2535040080547333
4555,19,model.layers.10.mlp.up_proj,mlp.up_proj,decode,1,QwenManualHybridLinear,0.26291200518608093
4556,19,model.layers.10.mlp.down_proj,mlp.down_proj,decode,1,QwenManualHybridLinear,0.24476799368858337
4557,19,model.layers.11.self_attn.q_proj,self_attn.q_proj,decode,1,QwenManualHybridLinear,0.25248000025749207
4558,19,model.layers.11.self_attn.k_proj,self_attn.k_proj,decode,1,QwenManualHybridLinear,0.2422720044851303
4559,19,model.layers.11.self_attn.v_proj,self_attn.v_proj,decode,1,QwenManualHybridLinear,0.24374400079250336
4560,19,model.layers.11.self_attn.o_proj,self_attn.o_proj,decode,1,QwenManualHybridLinear,0.09948799759149551
4561,19,model.layers.11.mlp.gate_proj,mlp.gate_proj,decode,1,QwenManualHybridLinear,0.27292799949645996
4562,19,model.layers.11.mlp.up_proj,mlp.up_proj,decode,1,QwenManualHybridLinear,0.255840003490448
4563,19,model.layers.11.mlp.down_proj,mlp.down_proj,decode,1,QwenManualHybridLinear,0.24905599653720856
4564,19,model.layers.12.self_attn.q_proj,self_attn.q_proj,decode,1,QwenManualHybridLinear,0.2621760070323944
4565,19,model.layers.12.self_attn.k_proj,self_attn.k_proj,decode,1,QwenManualHybridLinear,0.245728000998497
4566,19,model.layers.12.self_attn.v_proj,self_attn.v_proj,decode,1,QwenManualHybridLinear,0.24118399620056152
4567,19,model.layers.12.self_attn.o_proj,self_attn.o_proj,decode,1,QwenManualHybridLinear,0.10940799862146378
4568,19,model.layers.12.mlp.gate_proj,mlp.gate_proj,decode,1,QwenManualHybridLinear,0.2596159875392914
4569,19,model.layers.12.mlp.up_proj,mlp.up_proj,decode,1,QwenManualHybridLinear,0.25945600867271423
4570,19,model.layers.12.mlp.down_proj,mlp.down_proj,decode,1,QwenManualHybridLinear,0.24371199309825897
4571,19,model.layers.13.self_attn.q_proj,self_attn.q_proj,decode,1,QwenManualHybridLinear,0.25088000297546387
4572,19,model.layers.13.self_attn.k_proj,self_attn.k_proj,decode,1,QwenManualHybridLinear,0.24745599925518036
4573,19,model.layers.13.self_attn.v_proj,self_attn.v_proj,decode,1,QwenManualHybridLinear,0.2412479966878891
4574,19,model.layers.13.self_attn.o_proj,self_attn.o_proj,decode,1,QwenManualHybridLinear,0.10569600015878677
4575,19,model.layers.13.mlp.gate_proj,mlp.gate_proj,decode,1,QwenManualHybridLinear,0.27321600914001465
4576,19,model.layers.13.mlp.up_proj,mlp.up_proj,decode,1,QwenManualHybridLinear,0.247871994972229
4577,19,model.layers.13.mlp.down_proj,mlp.down_proj,decode,1,QwenManualHybridLinear,0.24639999866485596
4578,19,model.layers.14.self_attn.q_proj,self_attn.q_proj,decode,1,QwenManualHybridLinear,0.25699201226234436
4579,19,model.layers.14.self_attn.k_proj,self_attn.k_proj,decode,1,QwenManualHybridLinear,0.24553599953651428
4580,19,model.layers.14.self_attn.v_proj,self_attn.v_proj,decode,1,QwenManualHybridLinear,0.24857600033283234
4581,19,model.layers.14.self_attn.o_proj,self_attn.o_proj,decode,1,QwenManualHybridLinear,0.10019200295209885
4582,19,model.layers.14.mlp.gate_proj,mlp.gate_proj,decode,1,QwenManualHybridLinear,0.255295991897583
4583,19,model.layers.14.mlp.up_proj,mlp.up_proj,decode,1,QwenManualHybridLinear,0.24979199469089508
4584,19,model.layers.14.mlp.down_proj,mlp.down_proj,decode,1,QwenManualHybridLinear,0.24745599925518036
4585,19,model.layers.15.self_attn.q_proj,self_attn.q_proj,decode,1,QwenManualHybridLinear,0.25993600487709045
4586,19,model.layers.15.self_attn.k_proj,self_attn.k_proj,decode,1,QwenManualHybridLinear,0.24646399915218353
4587,19,model.layers.15.self_attn.v_proj,self_attn.v_proj,decode,1,QwenManualHybridLinear,0.2407039999961853
4588,19,model.layers.15.self_attn.o_proj,self_attn.o_proj,decode,1,QwenManualHybridLinear,0.10409600287675858
4589,19,model.layers.15.mlp.gate_proj,mlp.gate_proj,decode,1,QwenManualHybridLinear,0.262719988822937
4590,19,model.layers.15.mlp.up_proj,mlp.up_proj,decode,1,QwenManualHybridLinear,0.24377599358558655
4591,19,model.layers.15.mlp.down_proj,mlp.down_proj,decode,1,QwenManualHybridLinear,0.24480000138282776
4592,19,model.layers.16.self_attn.q_proj,self_attn.q_proj,decode,1,QwenManualHybridLinear,0.2500799894332886
4593,19,model.layers.16.self_attn.k_proj,self_attn.k_proj,decode,1,QwenManualHybridLinear,0.2465279996395111
4594,19,model.layers.16.self_attn.v_proj,self_attn.v_proj,decode,1,QwenManualHybridLinear,0.24105599522590637
4595,19,model.layers.16.self_attn.o_proj,self_attn.o_proj,decode,1,QwenManualHybridLinear,0.11510399729013443
4596,19,model.layers.16.mlp.gate_proj,mlp.gate_proj,decode,1,QwenManualHybridLinear,0.2696320116519928
4597,19,model.layers.16.mlp.up_proj,mlp.up_proj,decode,1,QwenManualHybridLinear,0.24835200607776642
4598,19,model.layers.16.mlp.down_proj,mlp.down_proj,decode,1,QwenManualHybridLinear,0.25625601410865784
4599,19,model.layers.17.self_attn.q_proj,self_attn.q_proj,decode,1,QwenManualHybridLinear,0.27055999636650085
4600,19,model.layers.17.self_attn.k_proj,self_attn.k_proj,decode,1,QwenManualHybridLinear,0.25065600872039795
4601,19,model.layers.17.self_attn.v_proj,self_attn.v_proj,decode,1,QwenManualHybridLinear,0.2428160011768341
4602,19,model.layers.17.self_attn.o_proj,self_attn.o_proj,decode,1,QwenManualHybridLinear,0.09616000205278397
4603,19,model.layers.17.mlp.gate_proj,mlp.gate_proj,decode,1,QwenManualHybridLinear,0.2539840042591095
4604,19,model.layers.17.mlp.up_proj,mlp.up_proj,decode,1,QwenManualHybridLinear,0.24979199469089508
4605,19,model.layers.17.mlp.down_proj,mlp.down_proj,decode,1,QwenManualHybridLinear,0.3529599905014038
4606,19,model.layers.18.self_attn.q_proj,self_attn.q_proj,decode,1,QwenManualHybridLinear,0.2996799945831299
4607,19,model.layers.18.self_attn.k_proj,self_attn.k_proj,decode,1,QwenManualHybridLinear,0.2595840096473694
4608,19,model.layers.18.self_attn.v_proj,self_attn.v_proj,decode,1,QwenManualHybridLinear,0.24454399943351746
4609,19,model.layers.18.self_attn.o_proj,self_attn.o_proj,decode,1,QwenManualHybridLinear,0.10211200267076492
4610,19,model.layers.18.mlp.gate_proj,mlp.gate_proj,decode,1,QwenManualHybridLinear,0.26553601026535034
4611,19,model.layers.18.mlp.up_proj,mlp.up_proj,decode,1,QwenManualHybridLinear,0.24636800587177277
4612,19,model.layers.18.mlp.down_proj,mlp.down_proj,decode,1,QwenManualHybridLinear,0.244159996509552
4613,19,model.layers.19.self_attn.q_proj,self_attn.q_proj,decode,1,QwenManualHybridLinear,0.2571839988231659
4614,19,model.layers.19.self_attn.k_proj,self_attn.k_proj,decode,1,QwenManualHybridLinear,0.2555840015411377
4615,19,model.layers.19.self_attn.v_proj,self_attn.v_proj,decode,1,QwenManualHybridLinear,0.24585600197315216
4616,19,model.layers.19.self_attn.o_proj,self_attn.o_proj,decode,1,QwenManualHybridLinear,0.10012800246477127
4617,19,model.layers.19.mlp.gate_proj,mlp.gate_proj,decode,1,QwenManualHybridLinear,0.2536639869213104
4618,19,model.layers.19.mlp.up_proj,mlp.up_proj,decode,1,QwenManualHybridLinear,0.26688000559806824
4619,19,model.layers.19.mlp.down_proj,mlp.down_proj,decode,1,QwenManualHybridLinear,0.24745599925518036
4620,19,model.layers.20.self_attn.q_proj,self_attn.q_proj,decode,1,QwenManualHybridLinear,0.2526719868183136
4621,19,model.layers.20.self_attn.k_proj,self_attn.k_proj,decode,1,QwenManualHybridLinear,0.2478400021791458
4622,19,model.layers.20.self_attn.v_proj,self_attn.v_proj,decode,1,QwenManualHybridLinear,0.2399359941482544
4623,19,model.layers.20.self_attn.o_proj,self_attn.o_proj,decode,1,QwenManualHybridLinear,0.10470400005578995
4624,19,model.layers.20.mlp.gate_proj,mlp.gate_proj,decode,1,QwenManualHybridLinear,0.2627840042114258
4625,19,model.layers.20.mlp.up_proj,mlp.up_proj,decode,1,QwenManualHybridLinear,0.24473600089550018
4626,19,model.layers.20.mlp.down_proj,mlp.down_proj,decode,1,QwenManualHybridLinear,0.2462719976902008
4627,19,model.layers.21.self_attn.q_proj,self_attn.q_proj,decode,1,QwenManualHybridLinear,0.25859200954437256
4628,19,model.layers.21.self_attn.k_proj,self_attn.k_proj,decode,1,QwenManualHybridLinear,0.2632319927215576
4629,19,model.layers.21.self_attn.v_proj,self_attn.v_proj,decode,1,QwenManualHybridLinear,0.24137599766254425
4630,19,model.layers.21.self_attn.o_proj,self_attn.o_proj,decode,1,QwenManualHybridLinear,0.10409600287675858
4631,19,model.layers.21.mlp.gate_proj,mlp.gate_proj,decode,1,QwenManualHybridLinear,0.2571200132369995
4632,19,model.layers.21.mlp.up_proj,mlp.up_proj,decode,1,QwenManualHybridLinear,0.2566719949245453
4633,19,model.layers.21.mlp.down_proj,mlp.down_proj,decode,1,QwenManualHybridLinear,0.24265600740909576
4634,19,model.layers.22.self_attn.q_proj,self_attn.q_proj,decode,1,QwenManualHybridLinear,0.27033600211143494
4635,19,model.layers.22.self_attn.k_proj,self_attn.k_proj,decode,1,QwenManualHybridLinear,0.25567999482154846
4636,19,model.layers.22.self_attn.v_proj,self_attn.v_proj,decode,1,QwenManualHybridLinear,0.2431039959192276
4637,19,model.layers.22.self_attn.o_proj,self_attn.o_proj,decode,1,QwenManualHybridLinear,0.1212799996137619
4638,19,model.layers.22.mlp.gate_proj,mlp.gate_proj,decode,1,QwenManualHybridLinear,0.26099199056625366
4639,19,model.layers.22.mlp.up_proj,mlp.up_proj,decode,1,QwenManualHybridLinear,0.2447039932012558
4640,19,model.layers.22.mlp.down_proj,mlp.down_proj,decode,1,QwenManualHybridLinear,0.24063999950885773
4641,19,model.layers.23.self_attn.q_proj,self_attn.q_proj,decode,1,QwenManualHybridLinear,0.26451200246810913
4642,19,model.layers.23.self_attn.k_proj,self_attn.k_proj,decode,1,QwenManualHybridLinear,0.2569600045681
4643,19,model.layers.23.self_attn.v_proj,self_attn.v_proj,decode,1,QwenManualHybridLinear,0.2441280037164688
4644,19,model.layers.23.self_attn.o_proj,self_attn.o_proj,decode,1,QwenManualHybridLinear,0.10809600353240967
4645,19,model.layers.23.mlp.gate_proj,mlp.gate_proj,decode,1,QwenManualHybridLinear,0.2666560113430023
4646,19,model.layers.23.mlp.up_proj,mlp.up_proj,decode,1,QwenManualHybridLinear,0.2441920042037964
4647,19,model.layers.23.mlp.down_proj,mlp.down_proj,decode,1,QwenManualHybridLinear,0.2581759989261627
4648,19,model.layers.24.self_attn.q_proj,self_attn.q_proj,decode,1,QwenManualHybridLinear,0.25596800446510315
4649,19,model.layers.24.self_attn.k_proj,self_attn.k_proj,decode,1,QwenManualHybridLinear,0.25231999158859253
4650,19,model.layers.24.self_attn.v_proj,self_attn.v_proj,decode,1,QwenManualHybridLinear,0.24012799561023712
4651,19,model.layers.24.self_attn.o_proj,self_attn.o_proj,decode,1,QwenManualHybridLinear,0.09839999675750732
4652,19,model.layers.24.mlp.gate_proj,mlp.gate_proj,decode,1,QwenManualHybridLinear,0.2536959946155548
4653,19,model.layers.24.mlp.up_proj,mlp.up_proj,decode,1,QwenManualHybridLinear,0.240447998046875
4654,19,model.layers.24.mlp.down_proj,mlp.down_proj,decode,1,QwenManualHybridLinear,0.23999999463558197
4655,19,model.layers.25.self_attn.q_proj,self_attn.q_proj,decode,1,QwenManualHybridLinear,0.251583993434906
4656,19,model.layers.25.self_attn.k_proj,self_attn.k_proj,decode,1,QwenManualHybridLinear,0.24051199853420258
4657,19,model.layers.25.self_attn.v_proj,self_attn.v_proj,decode,1,QwenManualHybridLinear,0.24003200232982635
4658,19,model.layers.25.self_attn.o_proj,self_attn.o_proj,decode,1,QwenManualHybridLinear,0.11267200112342834
4659,19,model.layers.25.mlp.gate_proj,mlp.gate_proj,decode,1,QwenManualHybridLinear,0.2624000012874603
4660,19,model.layers.25.mlp.up_proj,mlp.up_proj,decode,1,QwenManualHybridLinear,0.24588799476623535
4661,19,model.layers.25.mlp.down_proj,mlp.down_proj,decode,1,QwenManualHybridLinear,0.2441280037164688
4662,19,model.layers.26.self_attn.q_proj,self_attn.q_proj,decode,1,QwenManualHybridLinear,0.253248006105423
4663,19,model.layers.26.self_attn.k_proj,self_attn.k_proj,decode,1,QwenManualHybridLinear,0.2465279996395111
4664,19,model.layers.26.self_attn.v_proj,self_attn.v_proj,decode,1,QwenManualHybridLinear,0.23907199501991272
4665,19,model.layers.26.self_attn.o_proj,self_attn.o_proj,decode,1,QwenManualHybridLinear,0.10335999727249146
4666,19,model.layers.26.mlp.gate_proj,mlp.gate_proj,decode,1,QwenManualHybridLinear,0.2805120050907135
4667,19,model.layers.26.mlp.up_proj,mlp.up_proj,decode,1,QwenManualHybridLinear,0.26678401231765747
4668,19,model.layers.26.mlp.down_proj,mlp.down_proj,decode,1,QwenManualHybridLinear,0.2470719963312149
4669,19,model.layers.27.self_attn.q_proj,self_attn.q_proj,decode,1,QwenManualHybridLinear,0.25257599353790283
4670,19,model.layers.27.self_attn.k_proj,self_attn.k_proj,decode,1,QwenManualHybridLinear,0.24240000545978546
4671,19,model.layers.27.self_attn.v_proj,self_attn.v_proj,decode,1,QwenManualHybridLinear,0.23759999871253967
4672,19,model.layers.27.self_attn.o_proj,self_attn.o_proj,decode,1,QwenManualHybridLinear,0.1074879989027977
4673,19,model.layers.27.mlp.gate_proj,mlp.gate_proj,decode,1,QwenManualHybridLinear,0.2667199969291687
4674,19,model.layers.27.mlp.up_proj,mlp.up_proj,decode,1,QwenManualHybridLinear,0.25036799907684326
4675,19,model.layers.27.mlp.down_proj,mlp.down_proj,decode,1,QwenManualHybridLinear,0.24320000410079956
4676,19,model.layers.28.self_attn.q_proj,self_attn.q_proj,decode,1,QwenManualHybridLinear,0.2552320063114166
4677,19,model.layers.28.self_attn.k_proj,self_attn.k_proj,decode,1,QwenManualHybridLinear,0.27212798595428467
4678,19,model.layers.28.self_attn.v_proj,self_attn.v_proj,decode,1,QwenManualHybridLinear,0.24531200528144836
4679,19,model.layers.28.self_attn.o_proj,self_attn.o_proj,decode,1,QwenManualHybridLinear,0.09939199686050415
4680,19,model.layers.28.mlp.gate_proj,mlp.gate_proj,decode,1,QwenManualHybridLinear,0.2619520127773285
4681,19,model.layers.28.mlp.up_proj,mlp.up_proj,decode,1,QwenManualHybridLinear,0.2460159957408905
4682,19,model.layers.28.mlp.down_proj,mlp.down_proj,decode,1,QwenManualHybridLinear,0.24825599789619446
4683,19,model.layers.29.self_attn.q_proj,self_attn.q_proj,decode,1,QwenManualHybridLinear,0.2550080120563507
4684,19,model.layers.29.self_attn.k_proj,self_attn.k_proj,decode,1,QwenManualHybridLinear,0.24639999866485596
4685,19,model.layers.29.self_attn.v_proj,self_attn.v_proj,decode,1,QwenManualHybridLinear,0.2412479966878891
4686,19,model.layers.29.self_attn.o_proj,self_attn.o_proj,decode,1,QwenManualHybridLinear,0.1228799968957901
4687,19,model.layers.29.mlp.gate_proj,mlp.gate_proj,decode,1,QwenManualHybridLinear,0.25382399559020996
4688,19,model.layers.29.mlp.up_proj,mlp.up_proj,decode,1,QwenManualHybridLinear,0.2431039959192276
4689,19,model.layers.29.mlp.down_proj,mlp.down_proj,decode,1,QwenManualHybridLinear,0.24358400702476501
4690,19,model.layers.30.self_attn.q_proj,self_attn.q_proj,decode,1,QwenManualHybridLinear,0.25727999210357666
4691,19,model.layers.30.self_attn.k_proj,self_attn.k_proj,decode,1,QwenManualHybridLinear,0.24636800587177277
4692,19,model.layers.30.self_attn.v_proj,self_attn.v_proj,decode,1,QwenManualHybridLinear,0.23977600038051605
4693,19,model.layers.30.self_attn.o_proj,self_attn.o_proj,decode,1,QwenManualHybridLinear,0.10735999792814255
4694,19,model.layers.30.mlp.gate_proj,mlp.gate_proj,decode,1,QwenManualHybridLinear,0.2690559923648834
4695,19,model.layers.30.mlp.up_proj,mlp.up_proj,decode,1,QwenManualHybridLinear,0.24934400618076324
4696,19,model.layers.30.mlp.down_proj,mlp.down_proj,decode,1,QwenManualHybridLinear,0.24512000381946564
4697,19,model.layers.31.self_attn.q_proj,self_attn.q_proj,decode,1,QwenManualHybridLinear,0.2629440128803253
4698,19,model.layers.31.self_attn.k_proj,self_attn.k_proj,decode,1,QwenManualHybridLinear,0.24723200500011444
4699,19,model.layers.31.self_attn.v_proj,self_attn.v_proj,decode,1,QwenManualHybridLinear,0.24428799748420715
4700,19,model.layers.31.self_attn.o_proj,self_attn.o_proj,decode,1,QwenManualHybridLinear,0.10463999956846237
4701,19,model.layers.31.mlp.gate_proj,mlp.gate_proj,decode,1,QwenManualHybridLinear,0.26102399826049805
4702,19,model.layers.31.mlp.up_proj,mlp.up_proj,decode,1,QwenManualHybridLinear,0.2519359886646271
4703,19,model.layers.31.mlp.down_proj,mlp.down_proj,decode,1,QwenManualHybridLinear,0.24633599817752838
4704,20,model.layers.0.self_attn.q_proj,self_attn.q_proj,decode,1,QwenManualHybridLinear,0.3746879994869232
4705,20,model.layers.0.self_attn.k_proj,self_attn.k_proj,decode,1,QwenManualHybridLinear,0.2698880136013031
4706,20,model.layers.0.self_attn.v_proj,self_attn.v_proj,decode,1,QwenManualHybridLinear,0.25065600872039795
4707,20,model.layers.0.self_attn.o_proj,self_attn.o_proj,decode,1,QwenManualHybridLinear,0.10316800326108932
4708,20,model.layers.0.mlp.gate_proj,mlp.gate_proj,decode,1,QwenManualHybridLinear,0.26396799087524414
4709,20,model.layers.0.mlp.up_proj,mlp.up_proj,decode,1,QwenManualHybridLinear,0.2536639869213104
4710,20,model.layers.0.mlp.down_proj,mlp.down_proj,decode,1,QwenManualHybridLinear,0.2516799867153168
4711,20,model.layers.1.self_attn.q_proj,self_attn.q_proj,decode,1,QwenManualHybridLinear,0.2550080120563507
4712,20,model.layers.1.self_attn.k_proj,self_attn.k_proj,decode,1,QwenManualHybridLinear,0.26096001267433167
4713,20,model.layers.1.self_attn.v_proj,self_attn.v_proj,decode,1,QwenManualHybridLinear,0.24566400051116943
4714,20,model.layers.1.self_attn.o_proj,self_attn.o_proj,decode,1,QwenManualHybridLinear,0.11212799698114395
4715,20,model.layers.1.mlp.gate_proj,mlp.gate_proj,decode,1,QwenManualHybridLinear,0.26076799631118774
4716,20,model.layers.1.mlp.up_proj,mlp.up_proj,decode,1,QwenManualHybridLinear,0.2444480061531067
4717,20,model.layers.1.mlp.down_proj,mlp.down_proj,decode,1,QwenManualHybridLinear,0.24764800071716309
4718,20,model.layers.2.self_attn.q_proj,self_attn.q_proj,decode,1,QwenManualHybridLinear,0.2611840069293976
4719,20,model.layers.2.self_attn.k_proj,self_attn.k_proj,decode,1,QwenManualHybridLinear,0.2454719990491867
4720,20,model.layers.2.self_attn.v_proj,self_attn.v_proj,decode,1,QwenManualHybridLinear,0.24195200204849243
4721,20,model.layers.2.self_attn.o_proj,self_attn.o_proj,decode,1,QwenManualHybridLinear,0.10713600367307663
4722,20,model.layers.2.mlp.gate_proj,mlp.gate_proj,decode,1,QwenManualHybridLinear,0.27481600642204285
4723,20,model.layers.2.mlp.up_proj,mlp.up_proj,decode,1,QwenManualHybridLinear,0.25648000836372375
4724,20,model.layers.2.mlp.down_proj,mlp.down_proj,decode,1,QwenManualHybridLinear,0.2492160052061081
4725,20,model.layers.3.self_attn.q_proj,self_attn.q_proj,decode,1,QwenManualHybridLinear,0.25654399394989014
4726,20,model.layers.3.self_attn.k_proj,self_attn.k_proj,decode,1,QwenManualHybridLinear,0.2491839975118637
4727,20,model.layers.3.self_attn.v_proj,self_attn.v_proj,decode,1,QwenManualHybridLinear,0.2415039986371994
4728,20,model.layers.3.self_attn.o_proj,self_attn.o_proj,decode,1,QwenManualHybridLinear,0.10419200360774994
4729,20,model.layers.3.mlp.gate_proj,mlp.gate_proj,decode,1,QwenManualHybridLinear,0.2654719948768616
4730,20,model.layers.3.mlp.up_proj,mlp.up_proj,decode,1,QwenManualHybridLinear,0.24748800694942474
4731,20,model.layers.3.mlp.down_proj,mlp.down_proj,decode,1,QwenManualHybridLinear,0.24483199417591095
4732,20,model.layers.4.self_attn.q_proj,self_attn.q_proj,decode,1,QwenManualHybridLinear,0.2722240090370178
4733,20,model.layers.4.self_attn.k_proj,self_attn.k_proj,decode,1,QwenManualHybridLinear,0.25068798661231995
4734,20,model.layers.4.self_attn.v_proj,self_attn.v_proj,decode,1,QwenManualHybridLinear,0.24588799476623535
4735,20,model.layers.4.self_attn.o_proj,self_attn.o_proj,decode,1,QwenManualHybridLinear,0.1021760031580925
4736,20,model.layers.4.mlp.gate_proj,mlp.gate_proj,decode,1,QwenManualHybridLinear,0.2582719922065735
4737,20,model.layers.4.mlp.up_proj,mlp.up_proj,decode,1,QwenManualHybridLinear,0.24243199825286865
4738,20,model.layers.4.mlp.down_proj,mlp.down_proj,decode,1,QwenManualHybridLinear,0.24105599522590637
4739,20,model.layers.5.self_attn.q_proj,self_attn.q_proj,decode,1,QwenManualHybridLinear,0.2699519991874695
4740,20,model.layers.5.self_attn.k_proj,self_attn.k_proj,decode,1,QwenManualHybridLinear,0.25920000672340393
4741,20,model.layers.5.self_attn.v_proj,self_attn.v_proj,decode,1,QwenManualHybridLinear,0.24527999758720398
4742,20,model.layers.5.self_attn.o_proj,self_attn.o_proj,decode,1,QwenManualHybridLinear,0.10246399790048599
4743,20,model.layers.5.mlp.gate_proj,mlp.gate_proj,decode,1,QwenManualHybridLinear,0.258432000875473
4744,20,model.layers.5.mlp.up_proj,mlp.up_proj,decode,1,QwenManualHybridLinear,0.2500160038471222
4745,20,model.layers.5.mlp.down_proj,mlp.down_proj,decode,1,QwenManualHybridLinear,0.24454399943351746
4746,20,model.layers.6.self_attn.q_proj,self_attn.q_proj,decode,1,QwenManualHybridLinear,0.25302401185035706
4747,20,model.layers.6.self_attn.k_proj,self_attn.k_proj,decode,1,QwenManualHybridLinear,0.2539840042591095
4748,20,model.layers.6.self_attn.v_proj,self_attn.v_proj,decode,1,QwenManualHybridLinear,0.2441920042037964
4749,20,model.layers.6.self_attn.o_proj,self_attn.o_proj,decode,1,QwenManualHybridLinear,0.10751999914646149
4750,20,model.layers.6.mlp.gate_proj,mlp.gate_proj,decode,1,QwenManualHybridLinear,0.2570880055427551
4751,20,model.layers.6.mlp.up_proj,mlp.up_proj,decode,1,QwenManualHybridLinear,0.24831999838352203
4752,20,model.layers.6.mlp.down_proj,mlp.down_proj,decode,1,QwenManualHybridLinear,0.25939199328422546
4753,20,model.layers.7.self_attn.q_proj,self_attn.q_proj,decode,1,QwenManualHybridLinear,0.26051199436187744
4754,20,model.layers.7.self_attn.k_proj,self_attn.k_proj,decode,1,QwenManualHybridLinear,0.24246400594711304
4755,20,model.layers.7.self_attn.v_proj,self_attn.v_proj,decode,1,QwenManualHybridLinear,0.23999999463558197
4756,20,model.layers.7.self_attn.o_proj,self_attn.o_proj,decode,1,QwenManualHybridLinear,0.10051199793815613
4757,20,model.layers.7.mlp.gate_proj,mlp.gate_proj,decode,1,QwenManualHybridLinear,0.27347201108932495
4758,20,model.layers.7.mlp.up_proj,mlp.up_proj,decode,1,QwenManualHybridLinear,0.24956800043582916
4759,20,model.layers.7.mlp.down_proj,mlp.down_proj,decode,1,QwenManualHybridLinear,0.24220800399780273
4760,20,model.layers.8.self_attn.q_proj,self_attn.q_proj,decode,1,QwenManualHybridLinear,0.2560639977455139
4761,20,model.layers.8.self_attn.k_proj,self_attn.k_proj,decode,1,QwenManualHybridLinear,0.2505919933319092
4762,20,model.layers.8.self_attn.v_proj,self_attn.v_proj,decode,1,QwenManualHybridLinear,0.24393600225448608
4763,20,model.layers.8.self_attn.o_proj,self_attn.o_proj,decode,1,QwenManualHybridLinear,0.10239999741315842
4764,20,model.layers.8.mlp.gate_proj,mlp.gate_proj,decode,1,QwenManualHybridLinear,0.27395200729370117
4765,20,model.layers.8.mlp.up_proj,mlp.up_proj,decode,1,QwenManualHybridLinear,0.25094398856163025
4766,20,model.layers.8.mlp.down_proj,mlp.down_proj,decode,1,QwenManualHybridLinear,0.2528960108757019
4767,20,model.layers.9.self_attn.q_proj,self_attn.q_proj,decode,1,QwenManualHybridLinear,0.25142401456832886
4768,20,model.layers.9.self_attn.k_proj,self_attn.k_proj,decode,1,QwenManualHybridLinear,0.249439999461174
4769,20,model.layers.9.self_attn.v_proj,self_attn.v_proj,decode,1,QwenManualHybridLinear,0.24473600089550018
4770,20,model.layers.9.self_attn.o_proj,self_attn.o_proj,decode,1,QwenManualHybridLinear,0.10812799632549286
4771,20,model.layers.9.mlp.gate_proj,mlp.gate_proj,decode,1,QwenManualHybridLinear,0.2696639895439148
4772,20,model.layers.9.mlp.up_proj,mlp.up_proj,decode,1,QwenManualHybridLinear,0.248416006565094
4773,20,model.layers.9.mlp.down_proj,mlp.down_proj,decode,1,QwenManualHybridLinear,0.24160000681877136
4774,20,model.layers.10.self_attn.q_proj,self_attn.q_proj,decode,1,QwenManualHybridLinear,0.25734400749206543
4775,20,model.layers.10.self_attn.k_proj,self_attn.k_proj,decode,1,QwenManualHybridLinear,0.24409599602222443
4776,20,model.layers.10.self_attn.v_proj,self_attn.v_proj,decode,1,QwenManualHybridLinear,0.23891200125217438
4777,20,model.layers.10.self_attn.o_proj,self_attn.o_proj,decode,1,QwenManualHybridLinear,0.11340799927711487
4778,20,model.layers.10.mlp.gate_proj,mlp.gate_proj,decode,1,QwenManualHybridLinear,0.2714880108833313
4779,20,model.layers.10.mlp.up_proj,mlp.up_proj,decode,1,QwenManualHybridLinear,0.24979199469089508
4780,20,model.layers.10.mlp.down_proj,mlp.down_proj,decode,1,QwenManualHybridLinear,0.24371199309825897
4781,20,model.layers.11.self_attn.q_proj,self_attn.q_proj,decode,1,QwenManualHybridLinear,0.25894400477409363
4782,20,model.layers.11.self_attn.k_proj,self_attn.k_proj,decode,1,QwenManualHybridLinear,0.24988800287246704
4783,20,model.layers.11.self_attn.v_proj,self_attn.v_proj,decode,1,QwenManualHybridLinear,0.24265600740909576
4784,20,model.layers.11.self_attn.o_proj,self_attn.o_proj,decode,1,QwenManualHybridLinear,0.10531199723482132
4785,20,model.layers.11.mlp.gate_proj,mlp.gate_proj,decode,1,QwenManualHybridLinear,0.26153600215911865
4786,20,model.layers.11.mlp.up_proj,mlp.up_proj,decode,1,QwenManualHybridLinear,0.24940800666809082
4787,20,model.layers.11.mlp.down_proj,mlp.down_proj,decode,1,QwenManualHybridLinear,0.24588799476623535
4788,20,model.layers.12.self_attn.q_proj,self_attn.q_proj,decode,1,QwenManualHybridLinear,0.2548159956932068
4789,20,model.layers.12.self_attn.k_proj,self_attn.k_proj,decode,1,QwenManualHybridLinear,0.2590720057487488
4790,20,model.layers.12.self_attn.v_proj,self_attn.v_proj,decode,1,QwenManualHybridLinear,0.24236799776554108
4791,20,model.layers.12.self_attn.o_proj,self_attn.o_proj,decode,1,QwenManualHybridLinear,0.10652799904346466
4792,20,model.layers.12.mlp.gate_proj,mlp.gate_proj,decode,1,QwenManualHybridLinear,0.25673601031303406
4793,20,model.layers.12.mlp.up_proj,mlp.up_proj,decode,1,QwenManualHybridLinear,0.24422399699687958
4794,20,model.layers.12.mlp.down_proj,mlp.down_proj,decode,1,QwenManualHybridLinear,0.24201600253582
4795,20,model.layers.13.self_attn.q_proj,self_attn.q_proj,decode,1,QwenManualHybridLinear,0.2625280022621155
4796,20,model.layers.13.self_attn.k_proj,self_attn.k_proj,decode,1,QwenManualHybridLinear,0.25273600220680237
4797,20,model.layers.13.self_attn.v_proj,self_attn.v_proj,decode,1,QwenManualHybridLinear,0.24220800399780273
4798,20,model.layers.13.self_attn.o_proj,self_attn.o_proj,decode,1,QwenManualHybridLinear,0.10492800176143646
4799,20,model.layers.13.mlp.gate_proj,mlp.gate_proj,decode,1,QwenManualHybridLinear,0.2575039863586426
4800,20,model.layers.13.mlp.up_proj,mlp.up_proj,decode,1,QwenManualHybridLinear,0.24185599386692047
4801,20,model.layers.13.mlp.down_proj,mlp.down_proj,decode,1,QwenManualHybridLinear,0.2581759989261627
4802,20,model.layers.14.self_attn.q_proj,self_attn.q_proj,decode,1,QwenManualHybridLinear,0.2574400007724762
4803,20,model.layers.14.self_attn.k_proj,self_attn.k_proj,decode,1,QwenManualHybridLinear,0.24271999299526215
4804,20,model.layers.14.self_attn.v_proj,self_attn.v_proj,decode,1,QwenManualHybridLinear,0.2396479994058609
4805,20,model.layers.14.self_attn.o_proj,self_attn.o_proj,decode,1,QwenManualHybridLinear,0.1029760017991066
4806,20,model.layers.14.mlp.gate_proj,mlp.gate_proj,decode,1,QwenManualHybridLinear,0.27113598585128784
4807,20,model.layers.14.mlp.up_proj,mlp.up_proj,decode,1,QwenManualHybridLinear,0.24799999594688416
4808,20,model.layers.14.mlp.down_proj,mlp.down_proj,decode,1,QwenManualHybridLinear,0.24505600333213806
4809,20,model.layers.15.self_attn.q_proj,self_attn.q_proj,decode,1,QwenManualHybridLinear,0.2568640112876892
4810,20,model.layers.15.self_attn.k_proj,self_attn.k_proj,decode,1,QwenManualHybridLinear,0.24499200284481049
4811,20,model.layers.15.self_attn.v_proj,self_attn.v_proj,decode,1,QwenManualHybridLinear,0.24057599902153015
4812,20,model.layers.15.self_attn.o_proj,self_attn.o_proj,decode,1,QwenManualHybridLinear,0.10793600231409073
4813,20,model.layers.15.mlp.gate_proj,mlp.gate_proj,decode,1,QwenManualHybridLinear,0.2584959864616394
4814,20,model.layers.15.mlp.up_proj,mlp.up_proj,decode,1,QwenManualHybridLinear,0.24428799748420715
4815,20,model.layers.15.mlp.down_proj,mlp.down_proj,decode,1,QwenManualHybridLinear,0.3572160005569458
4816,20,model.layers.16.self_attn.q_proj,self_attn.q_proj,decode,1,QwenManualHybridLinear,0.2926720082759857
4817,20,model.layers.16.self_attn.k_proj,self_attn.k_proj,decode,1,QwenManualHybridLinear,0.2627519965171814
4818,20,model.layers.16.self_attn.v_proj,self_attn.v_proj,decode,1,QwenManualHybridLinear,0.26185598969459534
4819,20,model.layers.16.self_attn.o_proj,self_attn.o_proj,decode,1,QwenManualHybridLinear,0.10233599692583084
4820,20,model.layers.16.mlp.gate_proj,mlp.gate_proj,decode,1,QwenManualHybridLinear,0.27881601452827454
4821,20,model.layers.16.mlp.up_proj,mlp.up_proj,decode,1,QwenManualHybridLinear,0.25443199276924133
4822,20,model.layers.16.mlp.down_proj,mlp.down_proj,decode,1,QwenManualHybridLinear,0.24569599330425262
4823,20,model.layers.17.self_attn.q_proj,self_attn.q_proj,decode,1,QwenManualHybridLinear,0.25225600600242615
4824,20,model.layers.17.self_attn.k_proj,self_attn.k_proj,decode,1,QwenManualHybridLinear,0.26422399282455444
4825,20,model.layers.17.self_attn.v_proj,self_attn.v_proj,decode,1,QwenManualHybridLinear,0.24265600740909576
4826,20,model.layers.17.self_attn.o_proj,self_attn.o_proj,decode,1,QwenManualHybridLinear,0.10899200290441513
4827,20,model.layers.17.mlp.gate_proj,mlp.gate_proj,decode,1,QwenManualHybridLinear,0.26601600646972656
4828,20,model.layers.17.mlp.up_proj,mlp.up_proj,decode,1,QwenManualHybridLinear,0.24924799799919128
4829,20,model.layers.17.mlp.down_proj,mlp.down_proj,decode,1,QwenManualHybridLinear,0.24563199281692505
4830,20,model.layers.18.self_attn.q_proj,self_attn.q_proj,decode,1,QwenManualHybridLinear,0.2760320007801056
4831,20,model.layers.18.self_attn.k_proj,self_attn.k_proj,decode,1,QwenManualHybridLinear,0.24713599681854248
4832,20,model.layers.18.self_attn.v_proj,self_attn.v_proj,decode,1,QwenManualHybridLinear,0.23827199637889862
4833,20,model.layers.18.self_attn.o_proj,self_attn.o_proj,decode,1,QwenManualHybridLinear,0.10646399855613708
4834,20,model.layers.18.mlp.gate_proj,mlp.gate_proj,decode,1,QwenManualHybridLinear,0.2773759961128235
4835,20,model.layers.18.mlp.up_proj,mlp.up_proj,decode,1,QwenManualHybridLinear,0.2439039945602417
4836,20,model.layers.18.mlp.down_proj,mlp.down_proj,decode,1,QwenManualHybridLinear,0.24726399779319763
4837,20,model.layers.19.self_attn.q_proj,self_attn.q_proj,decode,1,QwenManualHybridLinear,0.2602880001068115
4838,20,model.layers.19.self_attn.k_proj,self_attn.k_proj,decode,1,QwenManualHybridLinear,0.2473600059747696
4839,20,model.layers.19.self_attn.v_proj,self_attn.v_proj,decode,1,QwenManualHybridLinear,0.2396479994058609
4840,20,model.layers.19.self_attn.o_proj,self_attn.o_proj,decode,1,QwenManualHybridLinear,0.10972800105810165
4841,20,model.layers.19.mlp.gate_proj,mlp.gate_proj,decode,1,QwenManualHybridLinear,0.2586880028247833
4842,20,model.layers.19.mlp.up_proj,mlp.up_proj,decode,1,QwenManualHybridLinear,0.2425280064344406
4843,20,model.layers.19.mlp.down_proj,mlp.down_proj,decode,1,QwenManualHybridLinear,0.25200000405311584
4844,20,model.layers.20.self_attn.q_proj,self_attn.q_proj,decode,1,QwenManualHybridLinear,0.25407999753952026
4845,20,model.layers.20.self_attn.k_proj,self_attn.k_proj,decode,1,QwenManualHybridLinear,0.24313600361347198
4846,20,model.layers.20.self_attn.v_proj,self_attn.v_proj,decode,1,QwenManualHybridLinear,0.24076800048351288
4847,20,model.layers.20.self_attn.o_proj,self_attn.o_proj,decode,1,QwenManualHybridLinear,0.1061440035700798
4848,20,model.layers.20.mlp.gate_proj,mlp.gate_proj,decode,1,QwenManualHybridLinear,0.2552320063114166
4849,20,model.layers.20.mlp.up_proj,mlp.up_proj,decode,1,QwenManualHybridLinear,0.24403199553489685
4850,20,model.layers.20.mlp.down_proj,mlp.down_proj,decode,1,QwenManualHybridLinear,0.2582719922065735
4851,20,model.layers.21.self_attn.q_proj,self_attn.q_proj,decode,1,QwenManualHybridLinear,0.2643199861049652
4852,20,model.layers.21.self_attn.k_proj,self_attn.k_proj,decode,1,QwenManualHybridLinear,0.25388801097869873
4853,20,model.layers.21.self_attn.v_proj,self_attn.v_proj,decode,1,QwenManualHybridLinear,0.24217599630355835
4854,20,model.layers.21.self_attn.o_proj,self_attn.o_proj,decode,1,QwenManualHybridLinear,0.1117440015077591
4855,20,model.layers.21.mlp.gate_proj,mlp.gate_proj,decode,1,QwenManualHybridLinear,0.27487999200820923
4856,20,model.layers.21.mlp.up_proj,mlp.up_proj,decode,1,QwenManualHybridLinear,0.24956800043582916
4857,20,model.layers.21.mlp.down_proj,mlp.down_proj,decode,1,QwenManualHybridLinear,0.248416006565094
4858,20,model.layers.22.self_attn.q_proj,self_attn.q_proj,decode,1,QwenManualHybridLinear,0.2597759962081909
4859,20,model.layers.22.self_attn.k_proj,self_attn.k_proj,decode,1,QwenManualHybridLinear,0.24764800071716309
4860,20,model.layers.22.self_attn.v_proj,self_attn.v_proj,decode,1,QwenManualHybridLinear,0.2545599937438965
4861,20,model.layers.22.self_attn.o_proj,self_attn.o_proj,decode,1,QwenManualHybridLinear,0.115167997777462
4862,20,model.layers.22.mlp.gate_proj,mlp.gate_proj,decode,1,QwenManualHybridLinear,0.2674880027770996
4863,20,model.layers.22.mlp.up_proj,mlp.up_proj,decode,1,QwenManualHybridLinear,0.24764800071716309
4864,20,model.layers.22.mlp.down_proj,mlp.down_proj,decode,1,QwenManualHybridLinear,0.24902400374412537
4865,20,model.layers.23.self_attn.q_proj,self_attn.q_proj,decode,1,QwenManualHybridLinear,0.25407999753952026
4866,20,model.layers.23.self_attn.k_proj,self_attn.k_proj,decode,1,QwenManualHybridLinear,0.25062400102615356
4867,20,model.layers.23.self_attn.v_proj,self_attn.v_proj,decode,1,QwenManualHybridLinear,0.24031999707221985
4868,20,model.layers.23.self_attn.o_proj,self_attn.o_proj,decode,1,QwenManualHybridLinear,0.10268799960613251
4869,20,model.layers.23.mlp.gate_proj,mlp.gate_proj,decode,1,QwenManualHybridLinear,0.26979199051856995
4870,20,model.layers.23.mlp.up_proj,mlp.up_proj,decode,1,QwenManualHybridLinear,0.2542720139026642
4871,20,model.layers.23.mlp.down_proj,mlp.down_proj,decode,1,QwenManualHybridLinear,0.24588799476623535
4872,20,model.layers.24.self_attn.q_proj,self_attn.q_proj,decode,1,QwenManualHybridLinear,0.255840003490448
4873,20,model.layers.24.self_attn.k_proj,self_attn.k_proj,decode,1,QwenManualHybridLinear,0.24905599653720856
4874,20,model.layers.24.self_attn.v_proj,self_attn.v_proj,decode,1,QwenManualHybridLinear,0.2417600005865097
4875,20,model.layers.24.self_attn.o_proj,self_attn.o_proj,decode,1,QwenManualHybridLinear,0.1117120012640953
4876,20,model.layers.24.mlp.gate_proj,mlp.gate_proj,decode,1,QwenManualHybridLinear,0.2539519965648651
4877,20,model.layers.24.mlp.up_proj,mlp.up_proj,decode,1,QwenManualHybridLinear,0.24560000002384186
4878,20,model.layers.24.mlp.down_proj,mlp.down_proj,decode,1,QwenManualHybridLinear,0.24128000438213348
4879,20,model.layers.25.self_attn.q_proj,self_attn.q_proj,decode,1,QwenManualHybridLinear,0.28307199478149414
4880,20,model.layers.25.self_attn.k_proj,self_attn.k_proj,decode,1,QwenManualHybridLinear,0.2487040013074875
4881,20,model.layers.25.self_attn.v_proj,self_attn.v_proj,decode,1,QwenManualHybridLinear,0.2380799949169159
4882,20,model.layers.25.self_attn.o_proj,self_attn.o_proj,decode,1,QwenManualHybridLinear,0.10678400099277496
4883,20,model.layers.25.mlp.gate_proj,mlp.gate_proj,decode,1,QwenManualHybridLinear,0.2587200105190277
4884,20,model.layers.25.mlp.up_proj,mlp.up_proj,decode,1,QwenManualHybridLinear,0.24460799992084503
4885,20,model.layers.25.mlp.down_proj,mlp.down_proj,decode,1,QwenManualHybridLinear,0.24288000166416168
4886,20,model.layers.26.self_attn.q_proj,self_attn.q_proj,decode,1,QwenManualHybridLinear,0.2579199969768524
4887,20,model.layers.26.self_attn.k_proj,self_attn.k_proj,decode,1,QwenManualHybridLinear,0.24246400594711304
4888,20,model.layers.26.self_attn.v_proj,self_attn.v_proj,decode,1,QwenManualHybridLinear,0.23772799968719482
4889,20,model.layers.26.self_attn.o_proj,self_attn.o_proj,decode,1,QwenManualHybridLinear,0.10118400305509567
4890,20,model.layers.26.mlp.gate_proj,mlp.gate_proj,decode,1,QwenManualHybridLinear,0.2581759989261627
4891,20,model.layers.26.mlp.up_proj,mlp.up_proj,decode,1,QwenManualHybridLinear,0.24409599602222443
4892,20,model.layers.26.mlp.down_proj,mlp.down_proj,decode,1,QwenManualHybridLinear,0.24160000681877136
4893,20,model.layers.27.self_attn.q_proj,self_attn.q_proj,decode,1,QwenManualHybridLinear,0.24828800559043884
4894,20,model.layers.27.self_attn.k_proj,self_attn.k_proj,decode,1,QwenManualHybridLinear,0.25231999158859253
4895,20,model.layers.27.self_attn.v_proj,self_attn.v_proj,decode,1,QwenManualHybridLinear,0.24588799476623535
4896,20,model.layers.27.self_attn.o_proj,self_attn.o_proj,decode,1,QwenManualHybridLinear,0.10422399640083313
4897,20,model.layers.27.mlp.gate_proj,mlp.gate_proj,decode,1,QwenManualHybridLinear,0.25753599405288696
4898,20,model.layers.27.mlp.up_proj,mlp.up_proj,decode,1,QwenManualHybridLinear,0.2433599978685379
4899,20,model.layers.27.mlp.down_proj,mlp.down_proj,decode,1,QwenManualHybridLinear,0.25859200954437256
4900,20,model.layers.28.self_attn.q_proj,self_attn.q_proj,decode,1,QwenManualHybridLinear,0.2565760016441345
4901,20,model.layers.28.self_attn.k_proj,self_attn.k_proj,decode,1,QwenManualHybridLinear,0.24422399699687958
4902,20,model.layers.28.self_attn.v_proj,self_attn.v_proj,decode,1,QwenManualHybridLinear,0.24060800671577454
4903,20,model.layers.28.self_attn.o_proj,self_attn.o_proj,decode,1,QwenManualHybridLinear,0.12217599898576736
4904,20,model.layers.28.mlp.gate_proj,mlp.gate_proj,decode,1,QwenManualHybridLinear,0.27244800329208374
4905,20,model.layers.28.mlp.up_proj,mlp.up_proj,decode,1,QwenManualHybridLinear,0.25648000836372375
4906,20,model.layers.28.mlp.down_proj,mlp.down_proj,decode,1,QwenManualHybridLinear,0.24534399807453156
4907,20,model.layers.29.self_attn.q_proj,self_attn.q_proj,decode,1,QwenManualHybridLinear,0.25519999861717224
4908,20,model.layers.29.self_attn.k_proj,self_attn.k_proj,decode,1,QwenManualHybridLinear,0.25171199440956116
4909,20,model.layers.29.self_attn.v_proj,self_attn.v_proj,decode,1,QwenManualHybridLinear,0.255264014005661
4910,20,model.layers.29.self_attn.o_proj,self_attn.o_proj,decode,1,QwenManualHybridLinear,0.1064319983124733
4911,20,model.layers.29.mlp.gate_proj,mlp.gate_proj,decode,1,QwenManualHybridLinear,0.2598080039024353
4912,20,model.layers.29.mlp.up_proj,mlp.up_proj,decode,1,QwenManualHybridLinear,0.24620799720287323
4913,20,model.layers.29.mlp.down_proj,mlp.down_proj,decode,1,QwenManualHybridLinear,0.24012799561023712
4914,20,model.layers.30.self_attn.q_proj,self_attn.q_proj,decode,1,QwenManualHybridLinear,0.2519359886646271
4915,20,model.layers.30.self_attn.k_proj,self_attn.k_proj,decode,1,QwenManualHybridLinear,0.24822400510311127
4916,20,model.layers.30.self_attn.v_proj,self_attn.v_proj,decode,1,QwenManualHybridLinear,0.24300800263881683
4917,20,model.layers.30.self_attn.o_proj,self_attn.o_proj,decode,1,QwenManualHybridLinear,0.12403199821710587
4918,20,model.layers.30.mlp.gate_proj,mlp.gate_proj,decode,1,QwenManualHybridLinear,0.28271999955177307
4919,20,model.layers.30.mlp.up_proj,mlp.up_proj,decode,1,QwenManualHybridLinear,0.248416006565094
4920,20,model.layers.30.mlp.down_proj,mlp.down_proj,decode,1,QwenManualHybridLinear,0.24476799368858337
4921,20,model.layers.31.self_attn.q_proj,self_attn.q_proj,decode,1,QwenManualHybridLinear,0.25859200954437256
4922,20,model.layers.31.self_attn.k_proj,self_attn.k_proj,decode,1,QwenManualHybridLinear,0.24924799799919128
4923,20,model.layers.31.self_attn.v_proj,self_attn.v_proj,decode,1,QwenManualHybridLinear,0.24275200068950653
4924,20,model.layers.31.self_attn.o_proj,self_attn.o_proj,decode,1,QwenManualHybridLinear,0.10281600058078766
4925,20,model.layers.31.mlp.gate_proj,mlp.gate_proj,decode,1,QwenManualHybridLinear,0.2776640057563782
4926,20,model.layers.31.mlp.up_proj,mlp.up_proj,decode,1,QwenManualHybridLinear,0.2505919933319092
4927,20,model.layers.31.mlp.down_proj,mlp.down_proj,decode,1,QwenManualHybridLinear,0.24352000653743744
4928,21,model.layers.0.self_attn.q_proj,self_attn.q_proj,decode,1,QwenManualHybridLinear,0.3858560025691986
4929,21,model.layers.0.self_attn.k_proj,self_attn.k_proj,decode,1,QwenManualHybridLinear,0.26630398631095886
4930,21,model.layers.0.self_attn.v_proj,self_attn.v_proj,decode,1,QwenManualHybridLinear,0.24979199469089508
4931,21,model.layers.0.self_attn.o_proj,self_attn.o_proj,decode,1,QwenManualHybridLinear,0.10979200154542923
4932,21,model.layers.0.mlp.gate_proj,mlp.gate_proj,decode,1,QwenManualHybridLinear,0.2807359993457794
4933,21,model.layers.0.mlp.up_proj,mlp.up_proj,decode,1,QwenManualHybridLinear,0.2518079876899719
4934,21,model.layers.0.mlp.down_proj,mlp.down_proj,decode,1,QwenManualHybridLinear,0.24848000705242157
4935,21,model.layers.1.self_attn.q_proj,self_attn.q_proj,decode,1,QwenManualHybridLinear,0.28041601181030273
4936,21,model.layers.1.self_attn.k_proj,self_attn.k_proj,decode,1,QwenManualHybridLinear,0.25228801369667053
4937,21,model.layers.1.self_attn.v_proj,self_attn.v_proj,decode,1,QwenManualHybridLinear,0.24355199933052063
4938,21,model.layers.1.self_attn.o_proj,self_attn.o_proj,decode,1,QwenManualHybridLinear,0.10592000186443329
4939,21,model.layers.1.mlp.gate_proj,mlp.gate_proj,decode,1,QwenManualHybridLinear,0.2556479871273041
4940,21,model.layers.1.mlp.up_proj,mlp.up_proj,decode,1,QwenManualHybridLinear,0.24355199933052063
4941,21,model.layers.1.mlp.down_proj,mlp.down_proj,decode,1,QwenManualHybridLinear,0.2465279996395111
4942,21,model.layers.2.self_attn.q_proj,self_attn.q_proj,decode,1,QwenManualHybridLinear,0.26182401180267334
4943,21,model.layers.2.self_attn.k_proj,self_attn.k_proj,decode,1,QwenManualHybridLinear,0.24806399643421173
4944,21,model.layers.2.self_attn.v_proj,self_attn.v_proj,decode,1,QwenManualHybridLinear,0.24329599738121033
4945,21,model.layers.2.self_attn.o_proj,self_attn.o_proj,decode,1,QwenManualHybridLinear,0.1016319990158081
4946,21,model.layers.2.mlp.gate_proj,mlp.gate_proj,decode,1,QwenManualHybridLinear,0.2622720003128052
4947,21,model.layers.2.mlp.up_proj,mlp.up_proj,decode,1,QwenManualHybridLinear,0.2433280050754547
4948,21,model.layers.2.mlp.down_proj,mlp.down_proj,decode,1,QwenManualHybridLinear,0.2423039972782135
4949,21,model.layers.3.self_attn.q_proj,self_attn.q_proj,decode,1,QwenManualHybridLinear,0.25833600759506226
4950,21,model.layers.3.self_attn.k_proj,self_attn.k_proj,decode,1,QwenManualHybridLinear,0.24592000246047974
4951,21,model.layers.3.self_attn.v_proj,self_attn.v_proj,decode,1,QwenManualHybridLinear,0.24201600253582
4952,21,model.layers.3.self_attn.o_proj,self_attn.o_proj,decode,1,QwenManualHybridLinear,0.10579200088977814
4953,21,model.layers.3.mlp.gate_proj,mlp.gate_proj,decode,1,QwenManualHybridLinear,0.272352010011673
4954,21,model.layers.3.mlp.up_proj,mlp.up_proj,decode,1,QwenManualHybridLinear,0.24799999594688416
4955,21,model.layers.3.mlp.down_proj,mlp.down_proj,decode,1,QwenManualHybridLinear,0.24668799340724945
4956,21,model.layers.4.self_attn.q_proj,self_attn.q_proj,decode,1,QwenManualHybridLinear,0.26105600595474243
4957,21,model.layers.4.self_attn.k_proj,self_attn.k_proj,decode,1,QwenManualHybridLinear,0.2560639977455139
4958,21,model.layers.4.self_attn.v_proj,self_attn.v_proj,decode,1,QwenManualHybridLinear,0.24540799856185913
4959,21,model.layers.4.self_attn.o_proj,self_attn.o_proj,decode,1,QwenManualHybridLinear,0.11318399757146835
4960,21,model.layers.4.mlp.gate_proj,mlp.gate_proj,decode,1,QwenManualHybridLinear,0.2563839852809906
4961,21,model.layers.4.mlp.up_proj,mlp.up_proj,decode,1,QwenManualHybridLinear,0.2531200051307678
4962,21,model.layers.4.mlp.down_proj,mlp.down_proj,decode,1,QwenManualHybridLinear,0.24639999866485596
4963,21,model.layers.5.self_attn.q_proj,self_attn.q_proj,decode,1,QwenManualHybridLinear,0.25910401344299316
4964,21,model.layers.5.self_attn.k_proj,self_attn.k_proj,decode,1,QwenManualHybridLinear,0.2459840029478073
4965,21,model.layers.5.self_attn.v_proj,self_attn.v_proj,decode,1,QwenManualHybridLinear,0.2539199888706207
4966,21,model.layers.5.self_attn.o_proj,self_attn.o_proj,decode,1,QwenManualHybridLinear,0.10489600151777267
4967,21,model.layers.5.mlp.gate_proj,mlp.gate_proj,decode,1,QwenManualHybridLinear,0.26099199056625366
4968,21,model.layers.5.mlp.up_proj,mlp.up_proj,decode,1,QwenManualHybridLinear,0.24726399779319763
4969,21,model.layers.5.mlp.down_proj,mlp.down_proj,decode,1,QwenManualHybridLinear,0.2610880136489868
4970,21,model.layers.6.self_attn.q_proj,self_attn.q_proj,decode,1,QwenManualHybridLinear,0.26633599400520325
4971,21,model.layers.6.self_attn.k_proj,self_attn.k_proj,decode,1,QwenManualHybridLinear,0.2473600059747696
4972,21,model.layers.6.self_attn.v_proj,self_attn.v_proj,decode,1,QwenManualHybridLinear,0.23968000710010529
4973,21,model.layers.6.self_attn.o_proj,self_attn.o_proj,decode,1,QwenManualHybridLinear,0.10121600329875946
4974,21,model.layers.6.mlp.gate_proj,mlp.gate_proj,decode,1,QwenManualHybridLinear,0.27900800108909607
4975,21,model.layers.6.mlp.up_proj,mlp.up_proj,decode,1,QwenManualHybridLinear,0.24563199281692505
4976,21,model.layers.6.mlp.down_proj,mlp.down_proj,decode,1,QwenManualHybridLinear,0.24057599902153015
4977,21,model.layers.7.self_attn.q_proj,self_attn.q_proj,decode,1,QwenManualHybridLinear,0.28627198934555054
4978,21,model.layers.7.self_attn.k_proj,self_attn.k_proj,decode,1,QwenManualHybridLinear,0.25913599133491516
4979,21,model.layers.7.self_attn.v_proj,self_attn.v_proj,decode,1,QwenManualHybridLinear,0.24480000138282776
4980,21,model.layers.7.self_attn.o_proj,self_attn.o_proj,decode,1,QwenManualHybridLinear,0.12652799487113953
4981,21,model.layers.7.mlp.gate_proj,mlp.gate_proj,decode,1,QwenManualHybridLinear,0.2603200078010559
4982,21,model.layers.7.mlp.up_proj,mlp.up_proj,decode,1,QwenManualHybridLinear,0.24476799368858337
4983,21,model.layers.7.mlp.down_proj,mlp.down_proj,decode,1,QwenManualHybridLinear,0.24195200204849243
4984,21,model.layers.8.self_attn.q_proj,self_attn.q_proj,decode,1,QwenManualHybridLinear,0.2710399925708771
4985,21,model.layers.8.self_attn.k_proj,self_attn.k_proj,decode,1,QwenManualHybridLinear,0.24988800287246704
4986,21,model.layers.8.self_attn.v_proj,self_attn.v_proj,decode,1,QwenManualHybridLinear,0.24697600305080414
4987,21,model.layers.8.self_attn.o_proj,self_attn.o_proj,decode,1,QwenManualHybridLinear,0.10047999769449234
4988,21,model.layers.8.mlp.gate_proj,mlp.gate_proj,decode,1,QwenManualHybridLinear,0.260672003030777
4989,21,model.layers.8.mlp.up_proj,mlp.up_proj,decode,1,QwenManualHybridLinear,0.2492160052061081
4990,21,model.layers.8.mlp.down_proj,mlp.down_proj,decode,1,QwenManualHybridLinear,0.2443840056657791
4991,21,model.layers.9.self_attn.q_proj,self_attn.q_proj,decode,1,QwenManualHybridLinear,0.2558079957962036
4992,21,model.layers.9.self_attn.k_proj,self_attn.k_proj,decode,1,QwenManualHybridLinear,0.24691200256347656
4993,21,model.layers.9.self_attn.v_proj,self_attn.v_proj,decode,1,QwenManualHybridLinear,0.24617600440979004
4994,21,model.layers.9.self_attn.o_proj,self_attn.o_proj,decode,1,QwenManualHybridLinear,0.10684800148010254
4995,21,model.layers.9.mlp.gate_proj,mlp.gate_proj,decode,1,QwenManualHybridLinear,0.27212798595428467
4996,21,model.layers.9.mlp.up_proj,mlp.up_proj,decode,1,QwenManualHybridLinear,0.25248000025749207
4997,21,model.layers.9.mlp.down_proj,mlp.down_proj,decode,1,QwenManualHybridLinear,0.24745599925518036
4998,21,model.layers.10.self_attn.q_proj,self_attn.q_proj,decode,1,QwenManualHybridLinear,0.2568320035934448
4999,21,model.layers.10.self_attn.k_proj,self_attn.k_proj,decode,1,QwenManualHybridLinear,0.25062400102615356
5000,21,model.layers.10.self_attn.v_proj,self_attn.v_proj,decode,1,QwenManualHybridLinear,0.24371199309825897
5001,21,model.layers.10.self_attn.o_proj,self_attn.o_proj,decode,1,QwenManualHybridLinear,0.10784000158309937
5002,21,model.layers.10.mlp.gate_proj,mlp.gate_proj,decode,1,QwenManualHybridLinear,0.2545599937438965
5003,21,model.layers.10.mlp.up_proj,mlp.up_proj,decode,1,QwenManualHybridLinear,0.2797439992427826
5004,21,model.layers.10.mlp.down_proj,mlp.down_proj,decode,1,QwenManualHybridLinear,0.2436159998178482
5005,21,model.layers.11.self_attn.q_proj,self_attn.q_proj,decode,1,QwenManualHybridLinear,0.26982399821281433
5006,21,model.layers.11.self_attn.k_proj,self_attn.k_proj,decode,1,QwenManualHybridLinear,0.2471040040254593
5007,21,model.layers.11.self_attn.v_proj,self_attn.v_proj,decode,1,QwenManualHybridLinear,0.2423039972782135
5008,21,model.layers.11.self_attn.o_proj,self_attn.o_proj,decode,1,QwenManualHybridLinear,0.09779199957847595
5009,21,model.layers.11.mlp.gate_proj,mlp.gate_proj,decode,1,QwenManualHybridLinear,0.25884801149368286
5010,21,model.layers.11.mlp.up_proj,mlp.up_proj,decode,1,QwenManualHybridLinear,0.2468159943819046
5011,21,model.layers.11.mlp.down_proj,mlp.down_proj,decode,1,QwenManualHybridLinear,0.24527999758720398
5012,21,model.layers.12.self_attn.q_proj,self_attn.q_proj,decode,1,QwenManualHybridLinear,0.2585279941558838
5013,21,model.layers.12.self_attn.k_proj,self_attn.k_proj,decode,1,QwenManualHybridLinear,0.2659839987754822
5014,21,model.layers.12.self_attn.v_proj,self_attn.v_proj,decode,1,QwenManualHybridLinear,0.24195200204849243
5015,21,model.layers.12.self_attn.o_proj,self_attn.o_proj,decode,1,QwenManualHybridLinear,0.09772799909114838
5016,21,model.layers.12.mlp.gate_proj,mlp.gate_proj,decode,1,QwenManualHybridLinear,0.256415992975235
5017,21,model.layers.12.mlp.up_proj,mlp.up_proj,decode,1,QwenManualHybridLinear,0.24185599386692047
5018,21,model.layers.12.mlp.down_proj,mlp.down_proj,decode,1,QwenManualHybridLinear,0.2428479939699173
5019,21,model.layers.13.self_attn.q_proj,self_attn.q_proj,decode,1,QwenManualHybridLinear,0.2640640139579773
5020,21,model.layers.13.self_attn.k_proj,self_attn.k_proj,decode,1,QwenManualHybridLinear,0.2651520073413849
5021,21,model.layers.13.self_attn.v_proj,self_attn.v_proj,decode,1,QwenManualHybridLinear,0.2624639868736267
5022,21,model.layers.13.self_attn.o_proj,self_attn.o_proj,decode,1,QwenManualHybridLinear,0.10870400071144104
5023,21,model.layers.13.mlp.gate_proj,mlp.gate_proj,decode,1,QwenManualHybridLinear,0.2604160010814667
5024,21,model.layers.13.mlp.up_proj,mlp.up_proj,decode,1,QwenManualHybridLinear,0.2513279914855957
5025,21,model.layers.13.mlp.down_proj,mlp.down_proj,decode,1,QwenManualHybridLinear,0.365664005279541
5026,21,model.layers.14.self_attn.q_proj,self_attn.q_proj,decode,1,QwenManualHybridLinear,0.2752319872379303
5027,21,model.layers.14.self_attn.k_proj,self_attn.k_proj,decode,1,QwenManualHybridLinear,0.2581759989261627
5028,21,model.layers.14.self_attn.v_proj,self_attn.v_proj,decode,1,QwenManualHybridLinear,0.24083200097084045
5029,21,model.layers.14.self_attn.o_proj,self_attn.o_proj,decode,1,QwenManualHybridLinear,0.10553599894046783
5030,21,model.layers.14.mlp.gate_proj,mlp.gate_proj,decode,1,QwenManualHybridLinear,0.25571200251579285
5031,21,model.layers.14.mlp.up_proj,mlp.up_proj,decode,1,QwenManualHybridLinear,0.24447999894618988
5032,21,model.layers.14.mlp.down_proj,mlp.down_proj,decode,1,QwenManualHybridLinear,0.25804799795150757
5033,21,model.layers.15.self_attn.q_proj,self_attn.q_proj,decode,1,QwenManualHybridLinear,0.25999999046325684
5034,21,model.layers.15.self_attn.k_proj,self_attn.k_proj,decode,1,QwenManualHybridLinear,0.24672000110149384
5035,21,model.layers.15.self_attn.v_proj,self_attn.v_proj,decode,1,QwenManualHybridLinear,0.24262399971485138
5036,21,model.layers.15.self_attn.o_proj,self_attn.o_proj,decode,1,QwenManualHybridLinear,0.11027199774980545
5037,21,model.layers.15.mlp.gate_proj,mlp.gate_proj,decode,1,QwenManualHybridLinear,0.27670401334762573
5038,21,model.layers.15.mlp.up_proj,mlp.up_proj,decode,1,QwenManualHybridLinear,0.25088000297546387
5039,21,model.layers.15.mlp.down_proj,mlp.down_proj,decode,1,QwenManualHybridLinear,0.24537600576877594
5040,21,model.layers.16.self_attn.q_proj,self_attn.q_proj,decode,1,QwenManualHybridLinear,0.2624320089817047
5041,21,model.layers.16.self_attn.k_proj,self_attn.k_proj,decode,1,QwenManualHybridLinear,0.24739199876785278
5042,21,model.layers.16.self_attn.v_proj,self_attn.v_proj,decode,1,QwenManualHybridLinear,0.24211199581623077
5043,21,model.layers.16.self_attn.o_proj,self_attn.o_proj,decode,1,QwenManualHybridLinear,0.11270400136709213
5044,21,model.layers.16.mlp.gate_proj,mlp.gate_proj,decode,1,QwenManualHybridLinear,0.28332799673080444
5045,21,model.layers.16.mlp.up_proj,mlp.up_proj,decode,1,QwenManualHybridLinear,0.2500480115413666
5046,21,model.layers.16.mlp.down_proj,mlp.down_proj,decode,1,QwenManualHybridLinear,0.25065600872039795
5047,21,model.layers.17.self_attn.q_proj,self_attn.q_proj,decode,1,QwenManualHybridLinear,0.2571839988231659
5048,21,model.layers.17.self_attn.k_proj,self_attn.k_proj,decode,1,QwenManualHybridLinear,0.24860799312591553
5049,21,model.layers.17.self_attn.v_proj,self_attn.v_proj,decode,1,QwenManualHybridLinear,0.24515199661254883
5050,21,model.layers.17.self_attn.o_proj,self_attn.o_proj,decode,1,QwenManualHybridLinear,0.10940799862146378
5051,21,model.layers.17.mlp.gate_proj,mlp.gate_proj,decode,1,QwenManualHybridLinear,0.2706240117549896
5052,21,model.layers.17.mlp.up_proj,mlp.up_proj,decode,1,QwenManualHybridLinear,0.27427199482917786
5053,21,model.layers.17.mlp.down_proj,mlp.down_proj,decode,1,QwenManualHybridLinear,0.2454719990491867
5054,21,model.layers.18.self_attn.q_proj,self_attn.q_proj,decode,1,QwenManualHybridLinear,0.2603200078010559
5055,21,model.layers.18.self_attn.k_proj,self_attn.k_proj,decode,1,QwenManualHybridLinear,0.24848000705242157
5056,21,model.layers.18.self_attn.v_proj,self_attn.v_proj,decode,1,QwenManualHybridLinear,0.24006399512290955
5057,21,model.layers.18.self_attn.o_proj,self_attn.o_proj,decode,1,QwenManualHybridLinear,0.11020799726247787
5058,21,model.layers.18.mlp.gate_proj,mlp.gate_proj,decode,1,QwenManualHybridLinear,0.2726080119609833
5059,21,model.layers.18.mlp.up_proj,mlp.up_proj,decode,1,QwenManualHybridLinear,0.2500480115413666
5060,21,model.layers.18.mlp.down_proj,mlp.down_proj,decode,1,QwenManualHybridLinear,0.26345598697662354
5061,21,model.layers.19.self_attn.q_proj,self_attn.q_proj,decode,1,QwenManualHybridLinear,0.2624000012874603
5062,21,model.layers.19.self_attn.k_proj,self_attn.k_proj,decode,1,QwenManualHybridLinear,0.24527999758720398
5063,21,model.layers.19.self_attn.v_proj,self_attn.v_proj,decode,1,QwenManualHybridLinear,0.2399359941482544
5064,21,model.layers.19.self_attn.o_proj,self_attn.o_proj,decode,1,QwenManualHybridLinear,0.1093439981341362
5065,21,model.layers.19.mlp.gate_proj,mlp.gate_proj,decode,1,QwenManualHybridLinear,0.26473599672317505
5066,21,model.layers.19.mlp.up_proj,mlp.up_proj,decode,1,QwenManualHybridLinear,0.25225600600242615
5067,21,model.layers.19.mlp.down_proj,mlp.down_proj,decode,1,QwenManualHybridLinear,0.2473279982805252
5068,21,model.layers.20.self_attn.q_proj,self_attn.q_proj,decode,1,QwenManualHybridLinear,0.2492160052061081
5069,21,model.layers.20.self_attn.k_proj,self_attn.k_proj,decode,1,QwenManualHybridLinear,0.24889600276947021
5070,21,model.layers.20.self_attn.v_proj,self_attn.v_proj,decode,1,QwenManualHybridLinear,0.2879039943218231
5071,21,model.layers.20.self_attn.o_proj,self_attn.o_proj,decode,1,QwenManualHybridLinear,0.11619199812412262
5072,21,model.layers.20.mlp.gate_proj,mlp.gate_proj,decode,1,QwenManualHybridLinear,0.2619520127773285
5073,21,model.layers.20.mlp.up_proj,mlp.up_proj,decode,1,QwenManualHybridLinear,0.2451840043067932
5074,21,model.layers.20.mlp.down_proj,mlp.down_proj,decode,1,QwenManualHybridLinear,0.24240000545978546
5075,21,model.layers.21.self_attn.q_proj,self_attn.q_proj,decode,1,QwenManualHybridLinear,0.25916799902915955
5076,21,model.layers.21.self_attn.k_proj,self_attn.k_proj,decode,1,QwenManualHybridLinear,0.24607999622821808
5077,21,model.layers.21.self_attn.v_proj,self_attn.v_proj,decode,1,QwenManualHybridLinear,0.24172799289226532
5078,21,model.layers.21.self_attn.o_proj,self_attn.o_proj,decode,1,QwenManualHybridLinear,0.10943999886512756
5079,21,model.layers.21.mlp.gate_proj,mlp.gate_proj,decode,1,QwenManualHybridLinear,0.2943359911441803
5080,21,model.layers.21.mlp.up_proj,mlp.up_proj,decode,1,QwenManualHybridLinear,0.2513279914855957
5081,21,model.layers.21.mlp.down_proj,mlp.down_proj,decode,1,QwenManualHybridLinear,0.2515519857406616
5082,21,model.layers.22.self_attn.q_proj,self_attn.q_proj,decode,1,QwenManualHybridLinear,0.26214399933815
5083,21,model.layers.22.self_attn.k_proj,self_attn.k_proj,decode,1,QwenManualHybridLinear,0.24799999594688416
5084,21,model.layers.22.self_attn.v_proj,self_attn.v_proj,decode,1,QwenManualHybridLinear,0.24502399563789368
5085,21,model.layers.22.self_attn.o_proj,self_attn.o_proj,decode,1,QwenManualHybridLinear,0.10367999970912933
5086,21,model.layers.22.mlp.gate_proj,mlp.gate_proj,decode,1,QwenManualHybridLinear,0.2773439884185791
5087,21,model.layers.22.mlp.up_proj,mlp.up_proj,decode,1,QwenManualHybridLinear,0.24422399699687958
5088,21,model.layers.22.mlp.down_proj,mlp.down_proj,decode,1,QwenManualHybridLinear,0.2438720017671585
5089,21,model.layers.23.self_attn.q_proj,self_attn.q_proj,decode,1,QwenManualHybridLinear,0.27270400524139404
5090,21,model.layers.23.self_attn.k_proj,self_attn.k_proj,decode,1,QwenManualHybridLinear,0.2516799867153168
5091,21,model.layers.23.self_attn.v_proj,self_attn.v_proj,decode,1,QwenManualHybridLinear,0.24480000138282776
5092,21,model.layers.23.self_attn.o_proj,self_attn.o_proj,decode,1,QwenManualHybridLinear,0.10902400314807892
5093,21,model.layers.23.mlp.gate_proj,mlp.gate_proj,decode,1,QwenManualHybridLinear,0.2566399872303009
5094,21,model.layers.23.mlp.up_proj,mlp.up_proj,decode,1,QwenManualHybridLinear,0.24303999543190002
5095,21,model.layers.23.mlp.down_proj,mlp.down_proj,decode,1,QwenManualHybridLinear,0.24803200364112854
5096,21,model.layers.24.self_attn.q_proj,self_attn.q_proj,decode,1,QwenManualHybridLinear,0.2563839852809906
5097,21,model.layers.24.self_attn.k_proj,self_attn.k_proj,decode,1,QwenManualHybridLinear,0.24460799992084503
5098,21,model.layers.24.self_attn.v_proj,self_attn.v_proj,decode,1,QwenManualHybridLinear,0.24480000138282776
5099,21,model.layers.24.self_attn.o_proj,self_attn.o_proj,decode,1,QwenManualHybridLinear,0.09756799787282944
5100,21,model.layers.24.mlp.gate_proj,mlp.gate_proj,decode,1,QwenManualHybridLinear,0.2608959972858429
5101,21,model.layers.24.mlp.up_proj,mlp.up_proj,decode,1,QwenManualHybridLinear,0.2524160146713257
5102,21,model.layers.24.mlp.down_proj,mlp.down_proj,decode,1,QwenManualHybridLinear,0.24659200012683868
5103,21,model.layers.25.self_attn.q_proj,self_attn.q_proj,decode,1,QwenManualHybridLinear,0.2598400115966797
5104,21,model.layers.25.self_attn.k_proj,self_attn.k_proj,decode,1,QwenManualHybridLinear,0.26102399826049805
5105,21,model.layers.25.self_attn.v_proj,self_attn.v_proj,decode,1,QwenManualHybridLinear,0.2465600073337555
5106,21,model.layers.25.self_attn.o_proj,self_attn.o_proj,decode,1,QwenManualHybridLinear,0.1136000007390976
5107,21,model.layers.25.mlp.gate_proj,mlp.gate_proj,decode,1,QwenManualHybridLinear,0.27910399436950684
5108,21,model.layers.25.mlp.up_proj,mlp.up_proj,decode,1,QwenManualHybridLinear,0.24937599897384644
5109,21,model.layers.25.mlp.down_proj,mlp.down_proj,decode,1,QwenManualHybridLinear,0.24819199740886688
5110,21,model.layers.26.self_attn.q_proj,self_attn.q_proj,decode,1,QwenManualHybridLinear,0.26528000831604004
5111,21,model.layers.26.self_attn.k_proj,self_attn.k_proj,decode,1,QwenManualHybridLinear,0.2555199861526489
5112,21,model.layers.26.self_attn.v_proj,self_attn.v_proj,decode,1,QwenManualHybridLinear,0.24329599738121033
5113,21,model.layers.26.self_attn.o_proj,self_attn.o_proj,decode,1,QwenManualHybridLinear,0.1098560020327568
5114,21,model.layers.26.mlp.gate_proj,mlp.gate_proj,decode,1,QwenManualHybridLinear,0.2574400007724762
5115,21,model.layers.26.mlp.up_proj,mlp.up_proj,decode,1,QwenManualHybridLinear,0.24848000705242157
5116,21,model.layers.26.mlp.down_proj,mlp.down_proj,decode,1,QwenManualHybridLinear,0.2614719867706299
5117,21,model.layers.27.self_attn.q_proj,self_attn.q_proj,decode,1,QwenManualHybridLinear,0.26335999369621277
5118,21,model.layers.27.self_attn.k_proj,self_attn.k_proj,decode,1,QwenManualHybridLinear,0.2680000066757202
5119,21,model.layers.27.self_attn.v_proj,self_attn.v_proj,decode,1,QwenManualHybridLinear,0.24624000489711761
5120,21,model.layers.27.self_attn.o_proj,self_attn.o_proj,decode,1,QwenManualHybridLinear,0.1268800050020218
5121,21,model.layers.27.mlp.gate_proj,mlp.gate_proj,decode,1,QwenManualHybridLinear,0.25734400749206543
5122,21,model.layers.27.mlp.up_proj,mlp.up_proj,decode,1,QwenManualHybridLinear,0.25203201174736023
5123,21,model.layers.27.mlp.down_proj,mlp.down_proj,decode,1,QwenManualHybridLinear,0.2468159943819046
5124,21,model.layers.28.self_attn.q_proj,self_attn.q_proj,decode,1,QwenManualHybridLinear,0.25308799743652344
5125,21,model.layers.28.self_attn.k_proj,self_attn.k_proj,decode,1,QwenManualHybridLinear,0.24700799584388733
5126,21,model.layers.28.self_attn.v_proj,self_attn.v_proj,decode,1,QwenManualHybridLinear,0.24988800287246704
5127,21,model.layers.28.self_attn.o_proj,self_attn.o_proj,decode,1,QwenManualHybridLinear,0.11449600011110306
5128,21,model.layers.28.mlp.gate_proj,mlp.gate_proj,decode,1,QwenManualHybridLinear,0.26633599400520325
5129,21,model.layers.28.mlp.up_proj,mlp.up_proj,decode,1,QwenManualHybridLinear,0.24713599681854248
5130,21,model.layers.28.mlp.down_proj,mlp.down_proj,decode,1,QwenManualHybridLinear,0.25443199276924133
5131,21,model.layers.29.self_attn.q_proj,self_attn.q_proj,decode,1,QwenManualHybridLinear,0.25779199600219727
5132,21,model.layers.29.self_attn.k_proj,self_attn.k_proj,decode,1,QwenManualHybridLinear,0.246848002076149
5133,21,model.layers.29.self_attn.v_proj,self_attn.v_proj,decode,1,QwenManualHybridLinear,0.2451840043067932
5134,21,model.layers.29.self_attn.o_proj,self_attn.o_proj,decode,1,QwenManualHybridLinear,0.11184000223875046
5135,21,model.layers.29.mlp.gate_proj,mlp.gate_proj,decode,1,QwenManualHybridLinear,0.255840003490448
5136,21,model.layers.29.mlp.up_proj,mlp.up_proj,decode,1,QwenManualHybridLinear,0.24639999866485596
5137,21,model.layers.29.mlp.down_proj,mlp.down_proj,decode,1,QwenManualHybridLinear,0.24486400187015533
5138,21,model.layers.30.self_attn.q_proj,self_attn.q_proj,decode,1,QwenManualHybridLinear,0.2749119997024536
5139,21,model.layers.30.self_attn.k_proj,self_attn.k_proj,decode,1,QwenManualHybridLinear,0.25097599625587463
5140,21,model.layers.30.self_attn.v_proj,self_attn.v_proj,decode,1,QwenManualHybridLinear,0.2425280064344406
5141,21,model.layers.30.self_attn.o_proj,self_attn.o_proj,decode,1,QwenManualHybridLinear,0.106175996363163
5142,21,model.layers.30.mlp.gate_proj,mlp.gate_proj,decode,1,QwenManualHybridLinear,0.2566719949245453
5143,21,model.layers.30.mlp.up_proj,mlp.up_proj,decode,1,QwenManualHybridLinear,0.24569599330425262
5144,21,model.layers.30.mlp.down_proj,mlp.down_proj,decode,1,QwenManualHybridLinear,0.2459840029478073
5145,21,model.layers.31.self_attn.q_proj,self_attn.q_proj,decode,1,QwenManualHybridLinear,0.2582400143146515
5146,21,model.layers.31.self_attn.k_proj,self_attn.k_proj,decode,1,QwenManualHybridLinear,0.24620799720287323
5147,21,model.layers.31.self_attn.v_proj,self_attn.v_proj,decode,1,QwenManualHybridLinear,0.24454399943351746
5148,21,model.layers.31.self_attn.o_proj,self_attn.o_proj,decode,1,QwenManualHybridLinear,0.10739199817180634
5149,21,model.layers.31.mlp.gate_proj,mlp.gate_proj,decode,1,QwenManualHybridLinear,0.2706240117549896
5150,21,model.layers.31.mlp.up_proj,mlp.up_proj,decode,1,QwenManualHybridLinear,0.24822400510311127
5151,21,model.layers.31.mlp.down_proj,mlp.down_proj,decode,1,QwenManualHybridLinear,0.2503040134906769
5152,22,model.layers.0.self_attn.q_proj,self_attn.q_proj,decode,1,QwenManualHybridLinear,0.4091840088367462
5153,22,model.layers.0.self_attn.k_proj,self_attn.k_proj,decode,1,QwenManualHybridLinear,0.2824000120162964
5154,22,model.layers.0.self_attn.v_proj,self_attn.v_proj,decode,1,QwenManualHybridLinear,0.2746239900588989
5155,22,model.layers.0.self_attn.o_proj,self_attn.o_proj,decode,1,QwenManualHybridLinear,0.1181119978427887
5156,22,model.layers.0.mlp.gate_proj,mlp.gate_proj,decode,1,QwenManualHybridLinear,0.263808012008667
5157,22,model.layers.0.mlp.up_proj,mlp.up_proj,decode,1,QwenManualHybridLinear,0.2468159943819046
5158,22,model.layers.0.mlp.down_proj,mlp.down_proj,decode,1,QwenManualHybridLinear,0.24687999486923218
5159,22,model.layers.1.self_attn.q_proj,self_attn.q_proj,decode,1,QwenManualHybridLinear,0.28067201375961304
5160,22,model.layers.1.self_attn.k_proj,self_attn.k_proj,decode,1,QwenManualHybridLinear,0.25302401185035706
5161,22,model.layers.1.self_attn.v_proj,self_attn.v_proj,decode,1,QwenManualHybridLinear,0.2536959946155548
5162,22,model.layers.1.self_attn.o_proj,self_attn.o_proj,decode,1,QwenManualHybridLinear,0.1003199964761734
5163,22,model.layers.1.mlp.gate_proj,mlp.gate_proj,decode,1,QwenManualHybridLinear,0.28575998544692993
5164,22,model.layers.1.mlp.up_proj,mlp.up_proj,decode,1,QwenManualHybridLinear,0.2491839975118637
5165,22,model.layers.1.mlp.down_proj,mlp.down_proj,decode,1,QwenManualHybridLinear,0.25148800015449524
5166,22,model.layers.2.self_attn.q_proj,self_attn.q_proj,decode,1,QwenManualHybridLinear,0.2751680016517639
5167,22,model.layers.2.self_attn.k_proj,self_attn.k_proj,decode,1,QwenManualHybridLinear,0.2553600072860718
5168,22,model.layers.2.self_attn.v_proj,self_attn.v_proj,decode,1,QwenManualHybridLinear,0.24534399807453156
5169,22,model.layers.2.self_attn.o_proj,self_attn.o_proj,decode,1,QwenManualHybridLinear,0.10486400127410889
5170,22,model.layers.2.mlp.gate_proj,mlp.gate_proj,decode,1,QwenManualHybridLinear,0.2598080039024353
5171,22,model.layers.2.mlp.up_proj,mlp.up_proj,decode,1,QwenManualHybridLinear,0.24899199604988098
5172,22,model.layers.2.mlp.down_proj,mlp.down_proj,decode,1,QwenManualHybridLinear,0.25068798661231995
5173,22,model.layers.3.self_attn.q_proj,self_attn.q_proj,decode,1,QwenManualHybridLinear,0.27404800057411194
5174,22,model.layers.3.self_attn.k_proj,self_attn.k_proj,decode,1,QwenManualHybridLinear,0.24588799476623535
5175,22,model.layers.3.self_attn.v_proj,self_attn.v_proj,decode,1,QwenManualHybridLinear,0.2500799894332886
5176,22,model.layers.3.self_attn.o_proj,self_attn.o_proj,decode,1,QwenManualHybridLinear,0.1024319976568222
5177,22,model.layers.3.mlp.gate_proj,mlp.gate_proj,decode,1,QwenManualHybridLinear,0.2616640031337738
5178,22,model.layers.3.mlp.up_proj,mlp.up_proj,decode,1,QwenManualHybridLinear,0.24716800451278687
5179,22,model.layers.3.mlp.down_proj,mlp.down_proj,decode,1,QwenManualHybridLinear,0.25142401456832886
5180,22,model.layers.4.self_attn.q_proj,self_attn.q_proj,decode,1,QwenManualHybridLinear,0.25407999753952026
5181,22,model.layers.4.self_attn.k_proj,self_attn.k_proj,decode,1,QwenManualHybridLinear,0.24447999894618988
5182,22,model.layers.4.self_attn.v_proj,self_attn.v_proj,decode,1,QwenManualHybridLinear,0.24499200284481049
5183,22,model.layers.4.self_attn.o_proj,self_attn.o_proj,decode,1,QwenManualHybridLinear,0.10819199681282043
5184,22,model.layers.4.mlp.gate_proj,mlp.gate_proj,decode,1,QwenManualHybridLinear,0.2579520046710968
5185,22,model.layers.4.mlp.up_proj,mlp.up_proj,decode,1,QwenManualHybridLinear,0.27107200026512146
5186,22,model.layers.4.mlp.down_proj,mlp.down_proj,decode,1,QwenManualHybridLinear,0.2518399953842163
5187,22,model.layers.5.self_attn.q_proj,self_attn.q_proj,decode,1,QwenManualHybridLinear,0.258976012468338
5188,22,model.layers.5.self_attn.k_proj,self_attn.k_proj,decode,1,QwenManualHybridLinear,0.24931199848651886
5189,22,model.layers.5.self_attn.v_proj,self_attn.v_proj,decode,1,QwenManualHybridLinear,0.24566400051116943
5190,22,model.layers.5.self_attn.o_proj,self_attn.o_proj,decode,1,QwenManualHybridLinear,0.10675200074911118
5191,22,model.layers.5.mlp.gate_proj,mlp.gate_proj,decode,1,QwenManualHybridLinear,0.2568959891796112
5192,22,model.layers.5.mlp.up_proj,mlp.up_proj,decode,1,QwenManualHybridLinear,0.2598080039024353
5193,22,model.layers.5.mlp.down_proj,mlp.down_proj,decode,1,QwenManualHybridLinear,0.24991999566555023
5194,22,model.layers.6.self_attn.q_proj,self_attn.q_proj,decode,1,QwenManualHybridLinear,0.2553600072860718
5195,22,model.layers.6.self_attn.k_proj,self_attn.k_proj,decode,1,QwenManualHybridLinear,0.2433920055627823
5196,22,model.layers.6.self_attn.v_proj,self_attn.v_proj,decode,1,QwenManualHybridLinear,0.24185599386692047
5197,22,model.layers.6.self_attn.o_proj,self_attn.o_proj,decode,1,QwenManualHybridLinear,0.11148799955844879
5198,22,model.layers.6.mlp.gate_proj,mlp.gate_proj,decode,1,QwenManualHybridLinear,0.2662400007247925
5199,22,model.layers.6.mlp.up_proj,mlp.up_proj,decode,1,QwenManualHybridLinear,0.26131200790405273
5200,22,model.layers.6.mlp.down_proj,mlp.down_proj,decode,1,QwenManualHybridLinear,0.24969600141048431
5201,22,model.layers.7.self_attn.q_proj,self_attn.q_proj,decode,1,QwenManualHybridLinear,0.2534399926662445
5202,22,model.layers.7.self_attn.k_proj,self_attn.k_proj,decode,1,QwenManualHybridLinear,0.24515199661254883
5203,22,model.layers.7.self_attn.v_proj,self_attn.v_proj,decode,1,QwenManualHybridLinear,0.2656959891319275
5204,22,model.layers.7.self_attn.o_proj,self_attn.o_proj,decode,1,QwenManualHybridLinear,0.10182400047779083
5205,22,model.layers.7.mlp.gate_proj,mlp.gate_proj,decode,1,QwenManualHybridLinear,0.255840003490448
5206,22,model.layers.7.mlp.up_proj,mlp.up_proj,decode,1,QwenManualHybridLinear,0.24569599330425262
5207,22,model.layers.7.mlp.down_proj,mlp.down_proj,decode,1,QwenManualHybridLinear,0.2574720084667206
5208,22,model.layers.8.self_attn.q_proj,self_attn.q_proj,decode,1,QwenManualHybridLinear,0.26131200790405273
5209,22,model.layers.8.self_attn.k_proj,self_attn.k_proj,decode,1,QwenManualHybridLinear,0.25071999430656433
5210,22,model.layers.8.self_attn.v_proj,self_attn.v_proj,decode,1,QwenManualHybridLinear,0.24233600497245789
5211,22,model.layers.8.self_attn.o_proj,self_attn.o_proj,decode,1,QwenManualHybridLinear,0.10649599879980087
5212,22,model.layers.8.mlp.gate_proj,mlp.gate_proj,decode,1,QwenManualHybridLinear,0.26214399933815
5213,22,model.layers.8.mlp.up_proj,mlp.up_proj,decode,1,QwenManualHybridLinear,0.24639999866485596
5214,22,model.layers.8.mlp.down_proj,mlp.down_proj,decode,1,QwenManualHybridLinear,0.2544960081577301
5215,22,model.layers.9.self_attn.q_proj,self_attn.q_proj,decode,1,QwenManualHybridLinear,0.258432000875473
5216,22,model.layers.9.self_attn.k_proj,self_attn.k_proj,decode,1,QwenManualHybridLinear,0.24886399507522583
5217,22,model.layers.9.self_attn.v_proj,self_attn.v_proj,decode,1,QwenManualHybridLinear,0.2414720058441162
5218,22,model.layers.9.self_attn.o_proj,self_attn.o_proj,decode,1,QwenManualHybridLinear,0.11404799669981003
5219,22,model.layers.9.mlp.gate_proj,mlp.gate_proj,decode,1,QwenManualHybridLinear,0.2758080065250397
5220,22,model.layers.9.mlp.up_proj,mlp.up_proj,decode,1,QwenManualHybridLinear,0.2526080012321472
5221,22,model.layers.9.mlp.down_proj,mlp.down_proj,decode,1,QwenManualHybridLinear,0.24636800587177277
5222,22,model.layers.10.self_attn.q_proj,self_attn.q_proj,decode,1,QwenManualHybridLinear,0.26156800985336304
5223,22,model.layers.10.self_attn.k_proj,self_attn.k_proj,decode,1,QwenManualHybridLinear,0.24646399915218353
5224,22,model.layers.10.self_attn.v_proj,self_attn.v_proj,decode,1,QwenManualHybridLinear,0.2467840015888214
5225,22,model.layers.10.self_attn.o_proj,self_attn.o_proj,decode,1,QwenManualHybridLinear,0.10601600259542465
5226,22,model.layers.10.mlp.gate_proj,mlp.gate_proj,decode,1,QwenManualHybridLinear,0.255264014005661
5227,22,model.layers.10.mlp.up_proj,mlp.up_proj,decode,1,QwenManualHybridLinear,0.24428799748420715
5228,22,model.layers.10.mlp.down_proj,mlp.down_proj,decode,1,QwenManualHybridLinear,0.26281601190567017
5229,22,model.layers.11.self_attn.q_proj,self_attn.q_proj,decode,1,QwenManualHybridLinear,0.27884799242019653
5230,22,model.layers.11.self_attn.k_proj,self_attn.k_proj,decode,1,QwenManualHybridLinear,0.25407999753952026
5231,22,model.layers.11.self_attn.v_proj,self_attn.v_proj,decode,1,QwenManualHybridLinear,0.2444480061531067
5232,22,model.layers.11.self_attn.o_proj,self_attn.o_proj,decode,1,QwenManualHybridLinear,0.10819199681282043
5233,22,model.layers.11.mlp.gate_proj,mlp.gate_proj,decode,1,QwenManualHybridLinear,0.26582399010658264
5234,22,model.layers.11.mlp.up_proj,mlp.up_proj,decode,1,QwenManualHybridLinear,0.24956800043582916
5235,22,model.layers.11.mlp.down_proj,mlp.down_proj,decode,1,QwenManualHybridLinear,0.3598720133304596
5236,22,model.layers.12.self_attn.q_proj,self_attn.q_proj,decode,1,QwenManualHybridLinear,0.3038719892501831
5237,22,model.layers.12.self_attn.k_proj,self_attn.k_proj,decode,1,QwenManualHybridLinear,0.2641279995441437
5238,22,model.layers.12.self_attn.v_proj,self_attn.v_proj,decode,1,QwenManualHybridLinear,0.2508159875869751
5239,22,model.layers.12.self_attn.o_proj,self_attn.o_proj,decode,1,QwenManualHybridLinear,0.11075200140476227
5240,22,model.layers.12.mlp.gate_proj,mlp.gate_proj,decode,1,QwenManualHybridLinear,0.2991040050983429
5241,22,model.layers.12.mlp.up_proj,mlp.up_proj,decode,1,QwenManualHybridLinear,0.253248006105423
5242,22,model.layers.12.mlp.down_proj,mlp.down_proj,decode,1,QwenManualHybridLinear,0.2479040026664734
5243,22,model.layers.13.self_attn.q_proj,self_attn.q_proj,decode,1,QwenManualHybridLinear,0.25785601139068604
5244,22,model.layers.13.self_attn.k_proj,self_attn.k_proj,decode,1,QwenManualHybridLinear,0.2510400116443634
5245,22,model.layers.13.self_attn.v_proj,self_attn.v_proj,decode,1,QwenManualHybridLinear,0.24454399943351746
5246,22,model.layers.13.self_attn.o_proj,self_attn.o_proj,decode,1,QwenManualHybridLinear,0.09830400347709656
5247,22,model.layers.13.mlp.gate_proj,mlp.gate_proj,decode,1,QwenManualHybridLinear,0.2552320063114166
5248,22,model.layers.13.mlp.up_proj,mlp.up_proj,decode,1,QwenManualHybridLinear,0.24383999407291412
5249,22,model.layers.13.mlp.down_proj,mlp.down_proj,decode,1,QwenManualHybridLinear,0.24774399399757385
5250,22,model.layers.14.self_attn.q_proj,self_attn.q_proj,decode,1,QwenManualHybridLinear,0.27612799406051636
5251,22,model.layers.14.self_attn.k_proj,self_attn.k_proj,decode,1,QwenManualHybridLinear,0.2481600046157837
5252,22,model.layers.14.self_attn.v_proj,self_attn.v_proj,decode,1,QwenManualHybridLinear,0.24233600497245789
5253,22,model.layers.14.self_attn.o_proj,self_attn.o_proj,decode,1,QwenManualHybridLinear,0.10726399719715118
5254,22,model.layers.14.mlp.gate_proj,mlp.gate_proj,decode,1,QwenManualHybridLinear,0.2587839961051941
5255,22,model.layers.14.mlp.up_proj,mlp.up_proj,decode,1,QwenManualHybridLinear,0.2447039932012558
5256,22,model.layers.14.mlp.down_proj,mlp.down_proj,decode,1,QwenManualHybridLinear,0.24393600225448608
5257,22,model.layers.15.self_attn.q_proj,self_attn.q_proj,decode,1,QwenManualHybridLinear,0.25251200795173645
5258,22,model.layers.15.self_attn.k_proj,self_attn.k_proj,decode,1,QwenManualHybridLinear,0.24803200364112854
5259,22,model.layers.15.self_attn.v_proj,self_attn.v_proj,decode,1,QwenManualHybridLinear,0.24403199553489685
5260,22,model.layers.15.self_attn.o_proj,self_attn.o_proj,decode,1,QwenManualHybridLinear,0.11462400108575821
5261,22,model.layers.15.mlp.gate_proj,mlp.gate_proj,decode,1,QwenManualHybridLinear,0.2688960134983063
5262,22,model.layers.15.mlp.up_proj,mlp.up_proj,decode,1,QwenManualHybridLinear,0.24959999322891235
5263,22,model.layers.15.mlp.down_proj,mlp.down_proj,decode,1,QwenManualHybridLinear,0.24406400322914124
5264,22,model.layers.16.self_attn.q_proj,self_attn.q_proj,decode,1,QwenManualHybridLinear,0.2654399871826172
5265,22,model.layers.16.self_attn.k_proj,self_attn.k_proj,decode,1,QwenManualHybridLinear,0.251583993434906
5266,22,model.layers.16.self_attn.v_proj,self_attn.v_proj,decode,1,QwenManualHybridLinear,0.24406400322914124
5267,22,model.layers.16.self_attn.o_proj,self_attn.o_proj,decode,1,QwenManualHybridLinear,0.10761599987745285
5268,22,model.layers.16.mlp.gate_proj,mlp.gate_proj,decode,1,QwenManualHybridLinear,0.2657279968261719
5269,22,model.layers.16.mlp.up_proj,mlp.up_proj,decode,1,QwenManualHybridLinear,0.2516480088233948
5270,22,model.layers.16.mlp.down_proj,mlp.down_proj,decode,1,QwenManualHybridLinear,0.2776319980621338
5271,22,model.layers.17.self_attn.q_proj,self_attn.q_proj,decode,1,QwenManualHybridLinear,0.25279998779296875
5272,22,model.layers.17.self_attn.k_proj,self_attn.k_proj,decode,1,QwenManualHybridLinear,0.2735680043697357
5273,22,model.layers.17.self_attn.v_proj,self_attn.v_proj,decode,1,QwenManualHybridLinear,0.24940800666809082
5274,22,model.layers.17.self_attn.o_proj,self_attn.o_proj,decode,1,QwenManualHybridLinear,0.0990080013871193
5275,22,model.layers.17.mlp.gate_proj,mlp.gate_proj,decode,1,QwenManualHybridLinear,0.2621760070323944
5276,22,model.layers.17.mlp.up_proj,mlp.up_proj,decode,1,QwenManualHybridLinear,0.24809600412845612
5277,22,model.layers.17.mlp.down_proj,mlp.down_proj,decode,1,QwenManualHybridLinear,0.24793599545955658
5278,22,model.layers.18.self_attn.q_proj,self_attn.q_proj,decode,1,QwenManualHybridLinear,0.255840003490448
5279,22,model.layers.18.self_attn.k_proj,self_attn.k_proj,decode,1,QwenManualHybridLinear,0.24278399348258972
5280,22,model.layers.18.self_attn.v_proj,self_attn.v_proj,decode,1,QwenManualHybridLinear,0.2637760043144226
5281,22,model.layers.18.self_attn.o_proj,self_attn.o_proj,decode,1,QwenManualHybridLinear,0.10751999914646149
5282,22,model.layers.18.mlp.gate_proj,mlp.gate_proj,decode,1,QwenManualHybridLinear,0.2621760070323944
5283,22,model.layers.18.mlp.up_proj,mlp.up_proj,decode,1,QwenManualHybridLinear,0.2568320035934448
5284,22,model.layers.18.mlp.down_proj,mlp.down_proj,decode,1,QwenManualHybridLinear,0.24672000110149384
5285,22,model.layers.19.self_attn.q_proj,self_attn.q_proj,decode,1,QwenManualHybridLinear,0.2617279887199402
5286,22,model.layers.19.self_attn.k_proj,self_attn.k_proj,decode,1,QwenManualHybridLinear,0.2495039999485016
5287,22,model.layers.19.self_attn.v_proj,self_attn.v_proj,decode,1,QwenManualHybridLinear,0.24323199689388275
5288,22,model.layers.19.self_attn.o_proj,self_attn.o_proj,decode,1,QwenManualHybridLinear,0.10329599678516388
5289,22,model.layers.19.mlp.gate_proj,mlp.gate_proj,decode,1,QwenManualHybridLinear,0.266975998878479
5290,22,model.layers.19.mlp.up_proj,mlp.up_proj,decode,1,QwenManualHybridLinear,0.24505600333213806
5291,22,model.layers.19.mlp.down_proj,mlp.down_proj,decode,1,QwenManualHybridLinear,0.24236799776554108
5292,22,model.layers.20.self_attn.q_proj,self_attn.q_proj,decode,1,QwenManualHybridLinear,0.2534399926662445
5293,22,model.layers.20.self_attn.k_proj,self_attn.k_proj,decode,1,QwenManualHybridLinear,0.2507520020008087
5294,22,model.layers.20.self_attn.v_proj,self_attn.v_proj,decode,1,QwenManualHybridLinear,0.2454719990491867
5295,22,model.layers.20.self_attn.o_proj,self_attn.o_proj,decode,1,QwenManualHybridLinear,0.10998400300741196
5296,22,model.layers.20.mlp.gate_proj,mlp.gate_proj,decode,1,QwenManualHybridLinear,0.25948798656463623
5297,22,model.layers.20.mlp.up_proj,mlp.up_proj,decode,1,QwenManualHybridLinear,0.25017601251602173
5298,22,model.layers.20.mlp.down_proj,mlp.down_proj,decode,1,QwenManualHybridLinear,0.24848000705242157
5299,22,model.layers.21.self_attn.q_proj,self_attn.q_proj,decode,1,QwenManualHybridLinear,0.26844799518585205
5300,22,model.layers.21.self_attn.k_proj,self_attn.k_proj,decode,1,QwenManualHybridLinear,0.25203201174736023
5301,22,model.layers.21.self_attn.v_proj,self_attn.v_proj,decode,1,QwenManualHybridLinear,0.2444159984588623
5302,22,model.layers.21.self_attn.o_proj,self_attn.o_proj,decode,1,QwenManualHybridLinear,0.10025600343942642
5303,22,model.layers.21.mlp.gate_proj,mlp.gate_proj,decode,1,QwenManualHybridLinear,0.25676798820495605
5304,22,model.layers.21.mlp.up_proj,mlp.up_proj,decode,1,QwenManualHybridLinear,0.2678079903125763
5305,22,model.layers.21.mlp.down_proj,mlp.down_proj,decode,1,QwenManualHybridLinear,0.24499200284481049
5306,22,model.layers.22.self_attn.q_proj,self_attn.q_proj,decode,1,QwenManualHybridLinear,0.25488001108169556
5307,22,model.layers.22.self_attn.k_proj,self_attn.k_proj,decode,1,QwenManualHybridLinear,0.24566400051116943
5308,22,model.layers.22.self_attn.v_proj,self_attn.v_proj,decode,1,QwenManualHybridLinear,0.25600001215934753
5309,22,model.layers.22.self_attn.o_proj,self_attn.o_proj,decode,1,QwenManualHybridLinear,0.10662399977445602
5310,22,model.layers.22.mlp.gate_proj,mlp.gate_proj,decode,1,QwenManualHybridLinear,0.26819199323654175
5311,22,model.layers.22.mlp.up_proj,mlp.up_proj,decode,1,QwenManualHybridLinear,0.244159996509552
5312,22,model.layers.22.mlp.down_proj,mlp.down_proj,decode,1,QwenManualHybridLinear,0.24512000381946564
5313,22,model.layers.23.self_attn.q_proj,self_attn.q_proj,decode,1,QwenManualHybridLinear,0.2547520101070404
5314,22,model.layers.23.self_attn.k_proj,self_attn.k_proj,decode,1,QwenManualHybridLinear,0.2439039945602417
5315,22,model.layers.23.self_attn.v_proj,self_attn.v_proj,decode,1,QwenManualHybridLinear,0.24697600305080414
5316,22,model.layers.23.self_attn.o_proj,self_attn.o_proj,decode,1,QwenManualHybridLinear,0.10147199779748917
5317,22,model.layers.23.mlp.gate_proj,mlp.gate_proj,decode,1,QwenManualHybridLinear,0.26233598589897156
5318,22,model.layers.23.mlp.up_proj,mlp.up_proj,decode,1,QwenManualHybridLinear,0.24848000705242157
5319,22,model.layers.23.mlp.down_proj,mlp.down_proj,decode,1,QwenManualHybridLinear,0.2537919878959656
5320,22,model.layers.24.self_attn.q_proj,self_attn.q_proj,decode,1,QwenManualHybridLinear,0.25600001215934753
5321,22,model.layers.24.self_attn.k_proj,self_attn.k_proj,decode,1,QwenManualHybridLinear,0.2492160052061081
5322,22,model.layers.24.self_attn.v_proj,self_attn.v_proj,decode,1,QwenManualHybridLinear,0.2672640085220337
5323,22,model.layers.24.self_attn.o_proj,self_attn.o_proj,decode,1,QwenManualHybridLinear,0.10236799716949463
5324,22,model.layers.24.mlp.gate_proj,mlp.gate_proj,decode,1,QwenManualHybridLinear,0.2614080011844635
5325,22,model.layers.24.mlp.up_proj,mlp.up_proj,decode,1,QwenManualHybridLinear,0.2475840002298355
5326,22,model.layers.24.mlp.down_proj,mlp.down_proj,decode,1,QwenManualHybridLinear,0.24368000030517578
5327,22,model.layers.25.self_attn.q_proj,self_attn.q_proj,decode,1,QwenManualHybridLinear,0.27193599939346313
5328,22,model.layers.25.self_attn.k_proj,self_attn.k_proj,decode,1,QwenManualHybridLinear,0.25542399287223816
5329,22,model.layers.25.self_attn.v_proj,self_attn.v_proj,decode,1,QwenManualHybridLinear,0.2592320144176483
5330,22,model.layers.25.self_attn.o_proj,self_attn.o_proj,decode,1,QwenManualHybridLinear,0.1013759970664978
5331,22,model.layers.25.mlp.gate_proj,mlp.gate_proj,decode,1,QwenManualHybridLinear,0.25600001215934753
5332,22,model.layers.25.mlp.up_proj,mlp.up_proj,decode,1,QwenManualHybridLinear,0.24928000569343567
5333,22,model.layers.25.mlp.down_proj,mlp.down_proj,decode,1,QwenManualHybridLinear,0.24956800043582916
5334,22,model.layers.26.self_attn.q_proj,self_attn.q_proj,decode,1,QwenManualHybridLinear,0.2632319927215576
5335,22,model.layers.26.self_attn.k_proj,self_attn.k_proj,decode,1,QwenManualHybridLinear,0.24848000705242157
5336,22,model.layers.26.self_attn.v_proj,self_attn.v_proj,decode,1,QwenManualHybridLinear,0.24879999458789825
5337,22,model.layers.26.self_attn.o_proj,self_attn.o_proj,decode,1,QwenManualHybridLinear,0.11231999844312668
5338,22,model.layers.26.mlp.gate_proj,mlp.gate_proj,decode,1,QwenManualHybridLinear,0.27212798595428467
5339,22,model.layers.26.mlp.up_proj,mlp.up_proj,decode,1,QwenManualHybridLinear,0.24739199876785278
5340,22,model.layers.26.mlp.down_proj,mlp.down_proj,decode,1,QwenManualHybridLinear,0.2629759907722473
5341,22,model.layers.27.self_attn.q_proj,self_attn.q_proj,decode,1,QwenManualHybridLinear,0.2608320116996765
5342,22,model.layers.27.self_attn.k_proj,self_attn.k_proj,decode,1,QwenManualHybridLinear,0.24966399371623993
5343,22,model.layers.27.self_attn.v_proj,self_attn.v_proj,decode,1,QwenManualHybridLinear,0.2471040040254593
5344,22,model.layers.27.self_attn.o_proj,self_attn.o_proj,decode,1,QwenManualHybridLinear,0.09980800002813339
5345,22,model.layers.27.mlp.gate_proj,mlp.gate_proj,decode,1,QwenManualHybridLinear,0.2616640031337738
5346,22,model.layers.27.mlp.up_proj,mlp.up_proj,decode,1,QwenManualHybridLinear,0.24806399643421173
5347,22,model.layers.27.mlp.down_proj,mlp.down_proj,decode,1,QwenManualHybridLinear,0.246848002076149
5348,22,model.layers.28.self_attn.q_proj,self_attn.q_proj,decode,1,QwenManualHybridLinear,0.28390398621559143
5349,22,model.layers.28.self_attn.k_proj,self_attn.k_proj,decode,1,QwenManualHybridLinear,0.25356799364089966
5350,22,model.layers.28.self_attn.v_proj,self_attn.v_proj,decode,1,QwenManualHybridLinear,0.24447999894618988
5351,22,model.layers.28.self_attn.o_proj,self_attn.o_proj,decode,1,QwenManualHybridLinear,0.10547199845314026
5352,22,model.layers.28.mlp.gate_proj,mlp.gate_proj,decode,1,QwenManualHybridLinear,0.25625601410865784
5353,22,model.layers.28.mlp.up_proj,mlp.up_proj,decode,1,QwenManualHybridLinear,0.2520959973335266
5354,22,model.layers.28.mlp.down_proj,mlp.down_proj,decode,1,QwenManualHybridLinear,0.24563199281692505
5355,22,model.layers.29.self_attn.q_proj,self_attn.q_proj,decode,1,QwenManualHybridLinear,0.25388801097869873
5356,22,model.layers.29.self_attn.k_proj,self_attn.k_proj,decode,1,QwenManualHybridLinear,0.25017601251602173
5357,22,model.layers.29.self_attn.v_proj,self_attn.v_proj,decode,1,QwenManualHybridLinear,0.24268800020217896
5358,22,model.layers.29.self_attn.o_proj,self_attn.o_proj,decode,1,QwenManualHybridLinear,0.10531199723482132
5359,22,model.layers.29.mlp.gate_proj,mlp.gate_proj,decode,1,QwenManualHybridLinear,0.2650560140609741
5360,22,model.layers.29.mlp.up_proj,mlp.up_proj,decode,1,QwenManualHybridLinear,0.2539199888706207
5361,22,model.layers.29.mlp.down_proj,mlp.down_proj,decode,1,QwenManualHybridLinear,0.24886399507522583
5362,22,model.layers.30.self_attn.q_proj,self_attn.q_proj,decode,1,QwenManualHybridLinear,0.2656320035457611
5363,22,model.layers.30.self_attn.k_proj,self_attn.k_proj,decode,1,QwenManualHybridLinear,0.24835200607776642
5364,22,model.layers.30.self_attn.v_proj,self_attn.v_proj,decode,1,QwenManualHybridLinear,0.2492160052061081
5365,22,model.layers.30.self_attn.o_proj,self_attn.o_proj,decode,1,QwenManualHybridLinear,0.10611200332641602
5366,22,model.layers.30.mlp.gate_proj,mlp.gate_proj,decode,1,QwenManualHybridLinear,0.25545600056648254
5367,22,model.layers.30.mlp.up_proj,mlp.up_proj,decode,1,QwenManualHybridLinear,0.2592639923095703
5368,22,model.layers.30.mlp.down_proj,mlp.down_proj,decode,1,QwenManualHybridLinear,0.2516480088233948
5369,22,model.layers.31.self_attn.q_proj,self_attn.q_proj,decode,1,QwenManualHybridLinear,0.2734079957008362
5370,22,model.layers.31.self_attn.k_proj,self_attn.k_proj,decode,1,QwenManualHybridLinear,0.2556479871273041
5371,22,model.layers.31.self_attn.v_proj,self_attn.v_proj,decode,1,QwenManualHybridLinear,0.24828800559043884
5372,22,model.layers.31.self_attn.o_proj,self_attn.o_proj,decode,1,QwenManualHybridLinear,0.10028800368309021
5373,22,model.layers.31.mlp.gate_proj,mlp.gate_proj,decode,1,QwenManualHybridLinear,0.26710399985313416
5374,22,model.layers.31.mlp.up_proj,mlp.up_proj,decode,1,QwenManualHybridLinear,0.24691200256347656
5375,22,model.layers.31.mlp.down_proj,mlp.down_proj,decode,1,QwenManualHybridLinear,0.24409599602222443
5376,23,model.layers.0.self_attn.q_proj,self_attn.q_proj,decode,1,QwenManualHybridLinear,0.49990400671958923
5377,23,model.layers.0.self_attn.k_proj,self_attn.k_proj,decode,1,QwenManualHybridLinear,0.3099519908428192
5378,23,model.layers.0.self_attn.v_proj,self_attn.v_proj,decode,1,QwenManualHybridLinear,0.26815998554229736
5379,23,model.layers.0.self_attn.o_proj,self_attn.o_proj,decode,1,QwenManualHybridLinear,0.10438399761915207
5380,23,model.layers.0.mlp.gate_proj,mlp.gate_proj,decode,1,QwenManualHybridLinear,0.2783359885215759
5381,23,model.layers.0.mlp.up_proj,mlp.up_proj,decode,1,QwenManualHybridLinear,0.26287999749183655
5382,23,model.layers.0.mlp.down_proj,mlp.down_proj,decode,1,QwenManualHybridLinear,0.2576639950275421
5383,23,model.layers.1.self_attn.q_proj,self_attn.q_proj,decode,1,QwenManualHybridLinear,0.2592639923095703
5384,23,model.layers.1.self_attn.k_proj,self_attn.k_proj,decode,1,QwenManualHybridLinear,0.25171199440956116
5385,23,model.layers.1.self_attn.v_proj,self_attn.v_proj,decode,1,QwenManualHybridLinear,0.25254398584365845
5386,23,model.layers.1.self_attn.o_proj,self_attn.o_proj,decode,1,QwenManualHybridLinear,0.10630399733781815
5387,23,model.layers.1.mlp.gate_proj,mlp.gate_proj,decode,1,QwenManualHybridLinear,0.25830399990081787
5388,23,model.layers.1.mlp.up_proj,mlp.up_proj,decode,1,QwenManualHybridLinear,0.2457599937915802
5389,23,model.layers.1.mlp.down_proj,mlp.down_proj,decode,1,QwenManualHybridLinear,0.25062400102615356
5390,23,model.layers.2.self_attn.q_proj,self_attn.q_proj,decode,1,QwenManualHybridLinear,0.2559039890766144
5391,23,model.layers.2.self_attn.k_proj,self_attn.k_proj,decode,1,QwenManualHybridLinear,0.2446720004081726
5392,23,model.layers.2.self_attn.v_proj,self_attn.v_proj,decode,1,QwenManualHybridLinear,0.2500160038471222
5393,23,model.layers.2.self_attn.o_proj,self_attn.o_proj,decode,1,QwenManualHybridLinear,0.10355199873447418
5394,23,model.layers.2.mlp.gate_proj,mlp.gate_proj,decode,1,QwenManualHybridLinear,0.26096001267433167
5395,23,model.layers.2.mlp.up_proj,mlp.up_proj,decode,1,QwenManualHybridLinear,0.24534399807453156
5396,23,model.layers.2.mlp.down_proj,mlp.down_proj,decode,1,QwenManualHybridLinear,0.24988800287246704
5397,23,model.layers.3.self_attn.q_proj,self_attn.q_proj,decode,1,QwenManualHybridLinear,0.2553919851779938
5398,23,model.layers.3.self_attn.k_proj,self_attn.k_proj,decode,1,QwenManualHybridLinear,0.25043201446533203
5399,23,model.layers.3.self_attn.v_proj,self_attn.v_proj,decode,1,QwenManualHybridLinear,0.26976001262664795
5400,23,model.layers.3.self_attn.o_proj,self_attn.o_proj,decode,1,QwenManualHybridLinear,0.0997759997844696
5401,23,model.layers.3.mlp.gate_proj,mlp.gate_proj,decode,1,QwenManualHybridLinear,0.25097599625587463
5402,23,model.layers.3.mlp.up_proj,mlp.up_proj,decode,1,QwenManualHybridLinear,0.24831999838352203
5403,23,model.layers.3.mlp.down_proj,mlp.down_proj,decode,1,QwenManualHybridLinear,0.25299200415611267
5404,23,model.layers.4.self_attn.q_proj,self_attn.q_proj,decode,1,QwenManualHybridLinear,0.25808000564575195
5405,23,model.layers.4.self_attn.k_proj,self_attn.k_proj,decode,1,QwenManualHybridLinear,0.24672000110149384
5406,23,model.layers.4.self_attn.v_proj,self_attn.v_proj,decode,1,QwenManualHybridLinear,0.2447039932012558
5407,23,model.layers.4.self_attn.o_proj,self_attn.o_proj,decode,1,QwenManualHybridLinear,0.11030399799346924
5408,23,model.layers.4.mlp.gate_proj,mlp.gate_proj,decode,1,QwenManualHybridLinear,0.27401599287986755
5409,23,model.layers.4.mlp.up_proj,mlp.up_proj,decode,1,QwenManualHybridLinear,0.2452159970998764
5410,23,model.layers.4.mlp.down_proj,mlp.down_proj,decode,1,QwenManualHybridLinear,0.25174400210380554
5411,23,model.layers.5.self_attn.q_proj,self_attn.q_proj,decode,1,QwenManualHybridLinear,0.2556479871273041
5412,23,model.layers.5.self_attn.k_proj,self_attn.k_proj,decode,1,QwenManualHybridLinear,0.2475840002298355
5413,23,model.layers.5.self_attn.v_proj,self_attn.v_proj,decode,1,QwenManualHybridLinear,0.24672000110149384
5414,23,model.layers.5.self_attn.o_proj,self_attn.o_proj,decode,1,QwenManualHybridLinear,0.10611200332641602
5415,23,model.layers.5.mlp.gate_proj,mlp.gate_proj,decode,1,QwenManualHybridLinear,0.2736319899559021
5416,23,model.layers.5.mlp.up_proj,mlp.up_proj,decode,1,QwenManualHybridLinear,0.2566080093383789
5417,23,model.layers.5.mlp.down_proj,mlp.down_proj,decode,1,QwenManualHybridLinear,0.24828800559043884
5418,23,model.layers.6.self_attn.q_proj,self_attn.q_proj,decode,1,QwenManualHybridLinear,0.27318400144577026
5419,23,model.layers.6.self_attn.k_proj,self_attn.k_proj,decode,1,QwenManualHybridLinear,0.2556160092353821
5420,23,model.layers.6.self_attn.v_proj,self_attn.v_proj,decode,1,QwenManualHybridLinear,0.24639999866485596
5421,23,model.layers.6.self_attn.o_proj,self_attn.o_proj,decode,1,QwenManualHybridLinear,0.10063999891281128
5422,23,model.layers.6.mlp.gate_proj,mlp.gate_proj,decode,1,QwenManualHybridLinear,0.2568320035934448
5423,23,model.layers.6.mlp.up_proj,mlp.up_proj,decode,1,QwenManualHybridLinear,0.24803200364112854
5424,23,model.layers.6.mlp.down_proj,mlp.down_proj,decode,1,QwenManualHybridLinear,0.2433920055627823
5425,23,model.layers.7.self_attn.q_proj,self_attn.q_proj,decode,1,QwenManualHybridLinear,0.2742080092430115
5426,23,model.layers.7.self_attn.k_proj,self_attn.k_proj,decode,1,QwenManualHybridLinear,0.25171199440956116
5427,23,model.layers.7.self_attn.v_proj,self_attn.v_proj,decode,1,QwenManualHybridLinear,0.24873599410057068
5428,23,model.layers.7.self_attn.o_proj,self_attn.o_proj,decode,1,QwenManualHybridLinear,0.10230399668216705
5429,23,model.layers.7.mlp.gate_proj,mlp.gate_proj,decode,1,QwenManualHybridLinear,0.26022401452064514
5430,23,model.layers.7.mlp.up_proj,mlp.up_proj,decode,1,QwenManualHybridLinear,0.24617600440979004
5431,23,model.layers.7.mlp.down_proj,mlp.down_proj,decode,1,QwenManualHybridLinear,0.2677440047264099
5432,23,model.layers.8.self_attn.q_proj,self_attn.q_proj,decode,1,QwenManualHybridLinear,0.263839989900589
5433,23,model.layers.8.self_attn.k_proj,self_attn.k_proj,decode,1,QwenManualHybridLinear,0.2510400116443634
5434,23,model.layers.8.self_attn.v_proj,self_attn.v_proj,decode,1,QwenManualHybridLinear,0.24924799799919128
5435,23,model.layers.8.self_attn.o_proj,self_attn.o_proj,decode,1,QwenManualHybridLinear,0.10646399855613708
5436,23,model.layers.8.mlp.gate_proj,mlp.gate_proj,decode,1,QwenManualHybridLinear,0.25702399015426636
5437,23,model.layers.8.mlp.up_proj,mlp.up_proj,decode,1,QwenManualHybridLinear,0.2648000121116638
5438,23,model.layers.8.mlp.down_proj,mlp.down_proj,decode,1,QwenManualHybridLinear,0.2483839988708496
5439,23,model.layers.9.self_attn.q_proj,self_attn.q_proj,decode,1,QwenManualHybridLinear,0.25433599948883057
5440,23,model.layers.9.self_attn.k_proj,self_attn.k_proj,decode,1,QwenManualHybridLinear,0.24726399779319763
5441,23,model.layers.9.self_attn.v_proj,self_attn.v_proj,decode,1,QwenManualHybridLinear,0.2511039972305298
5442,23,model.layers.9.self_attn.o_proj,self_attn.o_proj,decode,1,QwenManualHybridLinear,0.11142399907112122
5443,23,model.layers.9.mlp.gate_proj,mlp.gate_proj,decode,1,QwenManualHybridLinear,0.2627519965171814
5444,23,model.layers.9.mlp.up_proj,mlp.up_proj,decode,1,QwenManualHybridLinear,0.2519359886646271
5445,23,model.layers.9.mlp.down_proj,mlp.down_proj,decode,1,QwenManualHybridLinear,0.37251201272010803
5446,23,model.layers.10.self_attn.q_proj,self_attn.q_proj,decode,1,QwenManualHybridLinear,0.27744001150131226
5447,23,model.layers.10.self_attn.k_proj,self_attn.k_proj,decode,1,QwenManualHybridLinear,0.2653439939022064
5448,23,model.layers.10.self_attn.v_proj,self_attn.v_proj,decode,1,QwenManualHybridLinear,0.25071999430656433
5449,23,model.layers.10.self_attn.o_proj,self_attn.o_proj,decode,1,QwenManualHybridLinear,0.12348800152540207
5450,23,model.layers.10.mlp.gate_proj,mlp.gate_proj,decode,1,QwenManualHybridLinear,0.2536639869213104
5451,23,model.layers.10.mlp.up_proj,mlp.up_proj,decode,1,QwenManualHybridLinear,0.24556800723075867
5452,23,model.layers.10.mlp.down_proj,mlp.down_proj,decode,1,QwenManualHybridLinear,0.2515519857406616
5453,23,model.layers.11.self_attn.q_proj,self_attn.q_proj,decode,1,QwenManualHybridLinear,0.2690880000591278
5454,23,model.layers.11.self_attn.k_proj,self_attn.k_proj,decode,1,QwenManualHybridLinear,0.25145599246025085
5455,23,model.layers.11.self_attn.v_proj,self_attn.v_proj,decode,1,QwenManualHybridLinear,0.2678399980068207
5456,23,model.layers.11.self_attn.o_proj,self_attn.o_proj,decode,1,QwenManualHybridLinear,0.10304000228643417
5457,23,model.layers.11.mlp.gate_proj,mlp.gate_proj,decode,1,QwenManualHybridLinear,0.26655998826026917
5458,23,model.layers.11.mlp.up_proj,mlp.up_proj,decode,1,QwenManualHybridLinear,0.24607999622821808
5459,23,model.layers.11.mlp.down_proj,mlp.down_proj,decode,1,QwenManualHybridLinear,0.25705599784851074
5460,23,model.layers.12.self_attn.q_proj,self_attn.q_proj,decode,1,QwenManualHybridLinear,0.25651198625564575
5461,23,model.layers.12.self_attn.k_proj,self_attn.k_proj,decode,1,QwenManualHybridLinear,0.24905599653720856
5462,23,model.layers.12.self_attn.v_proj,self_attn.v_proj,decode,1,QwenManualHybridLinear,0.24188800156116486
5463,23,model.layers.12.self_attn.o_proj,self_attn.o_proj,decode,1,QwenManualHybridLinear,0.10476800054311752
5464,23,model.layers.12.mlp.gate_proj,mlp.gate_proj,decode,1,QwenManualHybridLinear,0.25833600759506226
5465,23,model.layers.12.mlp.up_proj,mlp.up_proj,decode,1,QwenManualHybridLinear,0.2491839975118637
5466,23,model.layers.12.mlp.down_proj,mlp.down_proj,decode,1,QwenManualHybridLinear,0.249439999461174
5467,23,model.layers.13.self_attn.q_proj,self_attn.q_proj,decode,1,QwenManualHybridLinear,0.27535998821258545
5468,23,model.layers.13.self_attn.k_proj,self_attn.k_proj,decode,1,QwenManualHybridLinear,0.2536320090293884
5469,23,model.layers.13.self_attn.v_proj,self_attn.v_proj,decode,1,QwenManualHybridLinear,0.2507840096950531
5470,23,model.layers.13.self_attn.o_proj,self_attn.o_proj,decode,1,QwenManualHybridLinear,0.10118400305509567
5471,23,model.layers.13.mlp.gate_proj,mlp.gate_proj,decode,1,QwenManualHybridLinear,0.258976012468338
5472,23,model.layers.13.mlp.up_proj,mlp.up_proj,decode,1,QwenManualHybridLinear,0.25279998779296875
5473,23,model.layers.13.mlp.down_proj,mlp.down_proj,decode,1,QwenManualHybridLinear,0.24854399263858795
5474,23,model.layers.14.self_attn.q_proj,self_attn.q_proj,decode,1,QwenManualHybridLinear,0.2571200132369995
5475,23,model.layers.14.self_attn.k_proj,self_attn.k_proj,decode,1,QwenManualHybridLinear,0.24553599953651428
5476,23,model.layers.14.self_attn.v_proj,self_attn.v_proj,decode,1,QwenManualHybridLinear,0.24396799504756927
5477,23,model.layers.14.self_attn.o_proj,self_attn.o_proj,decode,1,QwenManualHybridLinear,0.10550399869680405
5478,23,model.layers.14.mlp.gate_proj,mlp.gate_proj,decode,1,QwenManualHybridLinear,0.26121601462364197
5479,23,model.layers.14.mlp.up_proj,mlp.up_proj,decode,1,QwenManualHybridLinear,0.24582399427890778
5480,23,model.layers.14.mlp.down_proj,mlp.down_proj,decode,1,QwenManualHybridLinear,0.25385600328445435
5481,23,model.layers.15.self_attn.q_proj,self_attn.q_proj,decode,1,QwenManualHybridLinear,0.2598080039024353
5482,23,model.layers.15.self_attn.k_proj,self_attn.k_proj,decode,1,QwenManualHybridLinear,0.24825599789619446
5483,23,model.layers.15.self_attn.v_proj,self_attn.v_proj,decode,1,QwenManualHybridLinear,0.24876800179481506
5484,23,model.layers.15.self_attn.o_proj,self_attn.o_proj,decode,1,QwenManualHybridLinear,0.1027199998497963
5485,23,model.layers.15.mlp.gate_proj,mlp.gate_proj,decode,1,QwenManualHybridLinear,0.27004799246788025
5486,23,model.layers.15.mlp.up_proj,mlp.up_proj,decode,1,QwenManualHybridLinear,0.24636800587177277
5487,23,model.layers.15.mlp.down_proj,mlp.down_proj,decode,1,QwenManualHybridLinear,0.2600319981575012
5488,23,model.layers.16.self_attn.q_proj,self_attn.q_proj,decode,1,QwenManualHybridLinear,0.2714880108833313
5489,23,model.layers.16.self_attn.k_proj,self_attn.k_proj,decode,1,QwenManualHybridLinear,0.25436800718307495
5490,23,model.layers.16.self_attn.v_proj,self_attn.v_proj,decode,1,QwenManualHybridLinear,0.24607999622821808
5491,23,model.layers.16.self_attn.o_proj,self_attn.o_proj,decode,1,QwenManualHybridLinear,0.09958399832248688
5492,23,model.layers.16.mlp.gate_proj,mlp.gate_proj,decode,1,QwenManualHybridLinear,0.2667520046234131
5493,23,model.layers.16.mlp.up_proj,mlp.up_proj,decode,1,QwenManualHybridLinear,0.25974398851394653
5494,23,model.layers.16.mlp.down_proj,mlp.down_proj,decode,1,QwenManualHybridLinear,0.2519040107727051
5495,23,model.layers.17.self_attn.q_proj,self_attn.q_proj,decode,1,QwenManualHybridLinear,0.2598400115966797
5496,23,model.layers.17.self_attn.k_proj,self_attn.k_proj,decode,1,QwenManualHybridLinear,0.2550719976425171
5497,23,model.layers.17.self_attn.v_proj,self_attn.v_proj,decode,1,QwenManualHybridLinear,0.2503359913825989
5498,23,model.layers.17.self_attn.o_proj,self_attn.o_proj,decode,1,QwenManualHybridLinear,0.10143999755382538
5499,23,model.layers.17.mlp.gate_proj,mlp.gate_proj,decode,1,QwenManualHybridLinear,0.2691200077533722
5500,23,model.layers.17.mlp.up_proj,mlp.up_proj,decode,1,QwenManualHybridLinear,0.25545600056648254
5501,23,model.layers.17.mlp.down_proj,mlp.down_proj,decode,1,QwenManualHybridLinear,0.2492160052061081
5502,23,model.layers.18.self_attn.q_proj,self_attn.q_proj,decode,1,QwenManualHybridLinear,0.25839999318122864
5503,23,model.layers.18.self_attn.k_proj,self_attn.k_proj,decode,1,QwenManualHybridLinear,0.24534399807453156
5504,23,model.layers.18.self_attn.v_proj,self_attn.v_proj,decode,1,QwenManualHybridLinear,0.2459840029478073
5505,23,model.layers.18.self_attn.o_proj,self_attn.o_proj,decode,1,QwenManualHybridLinear,0.10732799768447876
5506,23,model.layers.18.mlp.gate_proj,mlp.gate_proj,decode,1,QwenManualHybridLinear,0.2611199915409088
5507,23,model.layers.18.mlp.up_proj,mlp.up_proj,decode,1,QwenManualHybridLinear,0.24585600197315216
5508,23,model.layers.18.mlp.down_proj,mlp.down_proj,decode,1,QwenManualHybridLinear,0.24979199469089508
5509,23,model.layers.19.self_attn.q_proj,self_attn.q_proj,decode,1,QwenManualHybridLinear,0.25305598974227905
5510,23,model.layers.19.self_attn.k_proj,self_attn.k_proj,decode,1,QwenManualHybridLinear,0.25788798928260803
5511,23,model.layers.19.self_attn.v_proj,self_attn.v_proj,decode,1,QwenManualHybridLinear,0.25017601251602173
5512,23,model.layers.19.self_attn.o_proj,self_attn.o_proj,decode,1,QwenManualHybridLinear,0.10028800368309021
5513,23,model.layers.19.mlp.gate_proj,mlp.gate_proj,decode,1,QwenManualHybridLinear,0.26739200949668884
5514,23,model.layers.19.mlp.up_proj,mlp.up_proj,decode,1,QwenManualHybridLinear,0.24502399563789368
5515,23,model.layers.19.mlp.down_proj,mlp.down_proj,decode,1,QwenManualHybridLinear,0.26444798707962036
5516,23,model.layers.20.self_attn.q_proj,self_attn.q_proj,decode,1,QwenManualHybridLinear,0.2574079930782318
5517,23,model.layers.20.self_attn.k_proj,self_attn.k_proj,decode,1,QwenManualHybridLinear,0.2500799894332886
5518,23,model.layers.20.self_attn.v_proj,self_attn.v_proj,decode,1,QwenManualHybridLinear,0.24636800587177277
5519,23,model.layers.20.self_attn.o_proj,self_attn.o_proj,decode,1,QwenManualHybridLinear,0.10492800176143646
5520,23,model.layers.20.mlp.gate_proj,mlp.gate_proj,decode,1,QwenManualHybridLinear,0.25782400369644165
5521,23,model.layers.20.mlp.up_proj,mlp.up_proj,decode,1,QwenManualHybridLinear,0.251008003950119
5522,23,model.layers.20.mlp.down_proj,mlp.down_proj,decode,1,QwenManualHybridLinear,0.25088000297546387
5523,23,model.layers.21.self_attn.q_proj,self_attn.q_proj,decode,1,QwenManualHybridLinear,0.25808000564575195
5524,23,model.layers.21.self_attn.k_proj,self_attn.k_proj,decode,1,QwenManualHybridLinear,0.24566400051116943
5525,23,model.layers.21.self_attn.v_proj,self_attn.v_proj,decode,1,QwenManualHybridLinear,0.260672003030777
5526,23,model.layers.21.self_attn.o_proj,self_attn.o_proj,decode,1,QwenManualHybridLinear,0.1037760004401207
5527,23,model.layers.21.mlp.gate_proj,mlp.gate_proj,decode,1,QwenManualHybridLinear,0.2555199861526489
5528,23,model.layers.21.mlp.up_proj,mlp.up_proj,decode,1,QwenManualHybridLinear,0.24371199309825897
5529,23,model.layers.21.mlp.down_proj,mlp.down_proj,decode,1,QwenManualHybridLinear,0.2513279914855957
5530,23,model.layers.22.self_attn.q_proj,self_attn.q_proj,decode,1,QwenManualHybridLinear,0.25276800990104675
5531,23,model.layers.22.self_attn.k_proj,self_attn.k_proj,decode,1,QwenManualHybridLinear,0.2451840043067932
5532,23,model.layers.22.self_attn.v_proj,self_attn.v_proj,decode,1,QwenManualHybridLinear,0.24911999702453613
5533,23,model.layers.22.self_attn.o_proj,self_attn.o_proj,decode,1,QwenManualHybridLinear,0.1045759990811348
5534,23,model.layers.22.mlp.gate_proj,mlp.gate_proj,decode,1,QwenManualHybridLinear,0.2768320143222809
5535,23,model.layers.22.mlp.up_proj,mlp.up_proj,decode,1,QwenManualHybridLinear,0.2654399871826172
5536,23,model.layers.22.mlp.down_proj,mlp.down_proj,decode,1,QwenManualHybridLinear,0.2449599951505661
5537,23,model.layers.23.self_attn.q_proj,self_attn.q_proj,decode,1,QwenManualHybridLinear,0.2553919851779938
5538,23,model.layers.23.self_attn.k_proj,self_attn.k_proj,decode,1,QwenManualHybridLinear,0.2534080147743225
5539,23,model.layers.23.self_attn.v_proj,self_attn.v_proj,decode,1,QwenManualHybridLinear,0.24342399835586548
5540,23,model.layers.23.self_attn.o_proj,self_attn.o_proj,decode,1,QwenManualHybridLinear,0.10518400371074677
5541,23,model.layers.23.mlp.gate_proj,mlp.gate_proj,decode,1,QwenManualHybridLinear,0.2550399899482727
5542,23,model.layers.23.mlp.up_proj,mlp.up_proj,decode,1,QwenManualHybridLinear,0.24995200335979462
5543,23,model.layers.23.mlp.down_proj,mlp.down_proj,decode,1,QwenManualHybridLinear,0.24508799612522125
5544,23,model.layers.24.self_attn.q_proj,self_attn.q_proj,decode,1,QwenManualHybridLinear,0.25411200523376465
5545,23,model.layers.24.self_attn.k_proj,self_attn.k_proj,decode,1,QwenManualHybridLinear,0.24694399535655975
5546,23,model.layers.24.self_attn.v_proj,self_attn.v_proj,decode,1,QwenManualHybridLinear,0.24726399779319763
5547,23,model.layers.24.self_attn.o_proj,self_attn.o_proj,decode,1,QwenManualHybridLinear,0.10876800119876862
5548,23,model.layers.24.mlp.gate_proj,mlp.gate_proj,decode,1,QwenManualHybridLinear,0.254720002412796
5549,23,model.layers.24.mlp.up_proj,mlp.up_proj,decode,1,QwenManualHybridLinear,0.2510400116443634
5550,23,model.layers.24.mlp.down_proj,mlp.down_proj,decode,1,QwenManualHybridLinear,0.24582399427890778
5551,23,model.layers.25.self_attn.q_proj,self_attn.q_proj,decode,1,QwenManualHybridLinear,0.25228801369667053
5552,23,model.layers.25.self_attn.k_proj,self_attn.k_proj,decode,1,QwenManualHybridLinear,0.2505919933319092
5553,23,model.layers.25.self_attn.v_proj,self_attn.v_proj,decode,1,QwenManualHybridLinear,0.26262399554252625
5554,23,model.layers.25.self_attn.o_proj,self_attn.o_proj,decode,1,QwenManualHybridLinear,0.11059200018644333
5555,23,model.layers.25.mlp.gate_proj,mlp.gate_proj,decode,1,QwenManualHybridLinear,0.26499199867248535
5556,23,model.layers.25.mlp.up_proj,mlp.up_proj,decode,1,QwenManualHybridLinear,0.24780799448490143
5557,23,model.layers.25.mlp.down_proj,mlp.down_proj,decode,1,QwenManualHybridLinear,0.24675199389457703
5558,23,model.layers.26.self_attn.q_proj,self_attn.q_proj,decode,1,QwenManualHybridLinear,0.2542400062084198
5559,23,model.layers.26.self_attn.k_proj,self_attn.k_proj,decode,1,QwenManualHybridLinear,0.24614399671554565
5560,23,model.layers.26.self_attn.v_proj,self_attn.v_proj,decode,1,QwenManualHybridLinear,0.24198399484157562
5561,23,model.layers.26.self_attn.o_proj,self_attn.o_proj,decode,1,QwenManualHybridLinear,0.10704000294208527
5562,23,model.layers.26.mlp.gate_proj,mlp.gate_proj,decode,1,QwenManualHybridLinear,0.25862398743629456
5563,23,model.layers.26.mlp.up_proj,mlp.up_proj,decode,1,QwenManualHybridLinear,0.25094398856163025
5564,23,model.layers.26.mlp.down_proj,mlp.down_proj,decode,1,QwenManualHybridLinear,0.26150399446487427
5565,23,model.layers.27.self_attn.q_proj,self_attn.q_proj,decode,1,QwenManualHybridLinear,0.2544960081577301
5566,23,model.layers.27.self_attn.k_proj,self_attn.k_proj,decode,1,QwenManualHybridLinear,0.25088000297546387
5567,23,model.layers.27.self_attn.v_proj,self_attn.v_proj,decode,1,QwenManualHybridLinear,0.244159996509552
5568,23,model.layers.27.self_attn.o_proj,self_attn.o_proj,decode,1,QwenManualHybridLinear,0.09875199943780899
5569,23,model.layers.27.mlp.gate_proj,mlp.gate_proj,decode,1,QwenManualHybridLinear,0.27375999093055725
5570,23,model.layers.27.mlp.up_proj,mlp.up_proj,decode,1,QwenManualHybridLinear,0.24163199961185455
5571,23,model.layers.27.mlp.down_proj,mlp.down_proj,decode,1,QwenManualHybridLinear,0.2669120132923126
5572,23,model.layers.28.self_attn.q_proj,self_attn.q_proj,decode,1,QwenManualHybridLinear,0.27190399169921875
5573,23,model.layers.28.self_attn.k_proj,self_attn.k_proj,decode,1,QwenManualHybridLinear,0.25548800826072693
5574,23,model.layers.28.self_attn.v_proj,self_attn.v_proj,decode,1,QwenManualHybridLinear,0.2643519937992096
5575,23,model.layers.28.self_attn.o_proj,self_attn.o_proj,decode,1,QwenManualHybridLinear,0.09971199929714203
5576,23,model.layers.28.mlp.gate_proj,mlp.gate_proj,decode,1,QwenManualHybridLinear,0.2611519992351532
5577,23,model.layers.28.mlp.up_proj,mlp.up_proj,decode,1,QwenManualHybridLinear,0.24806399643421173
5578,23,model.layers.28.mlp.down_proj,mlp.down_proj,decode,1,QwenManualHybridLinear,0.24540799856185913
5579,23,model.layers.29.self_attn.q_proj,self_attn.q_proj,decode,1,QwenManualHybridLinear,0.2537919878959656
5580,23,model.layers.29.self_attn.k_proj,self_attn.k_proj,decode,1,QwenManualHybridLinear,0.24726399779319763
5581,23,model.layers.29.self_attn.v_proj,self_attn.v_proj,decode,1,QwenManualHybridLinear,0.24294400215148926
5582,23,model.layers.29.self_attn.o_proj,self_attn.o_proj,decode,1,QwenManualHybridLinear,0.10678400099277496
5583,23,model.layers.29.mlp.gate_proj,mlp.gate_proj,decode,1,QwenManualHybridLinear,0.27561599016189575
5584,23,model.layers.29.mlp.up_proj,mlp.up_proj,decode,1,QwenManualHybridLinear,0.25574401021003723
5585,23,model.layers.29.mlp.down_proj,mlp.down_proj,decode,1,QwenManualHybridLinear,0.2513920068740845
5586,23,model.layers.30.self_attn.q_proj,self_attn.q_proj,decode,1,QwenManualHybridLinear,0.2585279941558838
5587,23,model.layers.30.self_attn.k_proj,self_attn.k_proj,decode,1,QwenManualHybridLinear,0.24595199525356293
5588,23,model.layers.30.self_attn.v_proj,self_attn.v_proj,decode,1,QwenManualHybridLinear,0.26531198620796204
5589,23,model.layers.30.self_attn.o_proj,self_attn.o_proj,decode,1,QwenManualHybridLinear,0.10406400263309479
5590,23,model.layers.30.mlp.gate_proj,mlp.gate_proj,decode,1,QwenManualHybridLinear,0.2693440020084381
5591,23,model.layers.30.mlp.up_proj,mlp.up_proj,decode,1,QwenManualHybridLinear,0.25651198625564575
5592,23,model.layers.30.mlp.down_proj,mlp.down_proj,decode,1,QwenManualHybridLinear,0.24691200256347656
5593,23,model.layers.31.self_attn.q_proj,self_attn.q_proj,decode,1,QwenManualHybridLinear,0.27747198939323425
5594,23,model.layers.31.self_attn.k_proj,self_attn.k_proj,decode,1,QwenManualHybridLinear,0.24969600141048431
5595,23,model.layers.31.self_attn.v_proj,self_attn.v_proj,decode,1,QwenManualHybridLinear,0.24544000625610352
5596,23,model.layers.31.self_attn.o_proj,self_attn.o_proj,decode,1,QwenManualHybridLinear,0.1066880002617836
5597,23,model.layers.31.mlp.gate_proj,mlp.gate_proj,decode,1,QwenManualHybridLinear,0.2592639923095703
5598,23,model.layers.31.mlp.up_proj,mlp.up_proj,decode,1,QwenManualHybridLinear,0.2465279996395111
5599,23,model.layers.31.mlp.down_proj,mlp.down_proj,decode,1,QwenManualHybridLinear,0.24294400215148926
5600,24,model.layers.0.self_attn.q_proj,self_attn.q_proj,decode,1,QwenManualHybridLinear,0.43958398699760437
5601,24,model.layers.0.self_attn.k_proj,self_attn.k_proj,decode,1,QwenManualHybridLinear,0.3039360046386719
5602,24,model.layers.0.self_attn.v_proj,self_attn.v_proj,decode,1,QwenManualHybridLinear,0.2655999958515167
5603,24,model.layers.0.self_attn.o_proj,self_attn.o_proj,decode,1,QwenManualHybridLinear,0.10604800283908844
5604,24,model.layers.0.mlp.gate_proj,mlp.gate_proj,decode,1,QwenManualHybridLinear,0.2738879919052124
5605,24,model.layers.0.mlp.up_proj,mlp.up_proj,decode,1,QwenManualHybridLinear,0.26019200682640076
5606,24,model.layers.0.mlp.down_proj,mlp.down_proj,decode,1,QwenManualHybridLinear,0.25411200523376465
5607,24,model.layers.1.self_attn.q_proj,self_attn.q_proj,decode,1,QwenManualHybridLinear,0.25920000672340393
5608,24,model.layers.1.self_attn.k_proj,self_attn.k_proj,decode,1,QwenManualHybridLinear,0.24694399535655975
5609,24,model.layers.1.self_attn.v_proj,self_attn.v_proj,decode,1,QwenManualHybridLinear,0.2542400062084198
5610,24,model.layers.1.self_attn.o_proj,self_attn.o_proj,decode,1,QwenManualHybridLinear,0.10019200295209885
5611,24,model.layers.1.mlp.gate_proj,mlp.gate_proj,decode,1,QwenManualHybridLinear,0.25676798820495605
5612,24,model.layers.1.mlp.up_proj,mlp.up_proj,decode,1,QwenManualHybridLinear,0.25356799364089966
5613,24,model.layers.1.mlp.down_proj,mlp.down_proj,decode,1,QwenManualHybridLinear,0.25279998779296875
5614,24,model.layers.2.self_attn.q_proj,self_attn.q_proj,decode,1,QwenManualHybridLinear,0.2586880028247833
5615,24,model.layers.2.self_attn.k_proj,self_attn.k_proj,decode,1,QwenManualHybridLinear,0.2566080093383789
5616,24,model.layers.2.self_attn.v_proj,self_attn.v_proj,decode,1,QwenManualHybridLinear,0.2576960027217865
5617,24,model.layers.2.self_attn.o_proj,self_attn.o_proj,decode,1,QwenManualHybridLinear,0.11401599645614624
5618,24,model.layers.2.mlp.gate_proj,mlp.gate_proj,decode,1,QwenManualHybridLinear,0.2659839987754822
5619,24,model.layers.2.mlp.up_proj,mlp.up_proj,decode,1,QwenManualHybridLinear,0.2529599964618683
5620,24,model.layers.2.mlp.down_proj,mlp.down_proj,decode,1,QwenManualHybridLinear,0.24899199604988098
5621,24,model.layers.3.self_attn.q_proj,self_attn.q_proj,decode,1,QwenManualHybridLinear,0.26156800985336304
5622,24,model.layers.3.self_attn.k_proj,self_attn.k_proj,decode,1,QwenManualHybridLinear,0.2555199861526489
5623,24,model.layers.3.self_attn.v_proj,self_attn.v_proj,decode,1,QwenManualHybridLinear,0.24403199553489685
5624,24,model.layers.3.self_attn.o_proj,self_attn.o_proj,decode,1,QwenManualHybridLinear,0.10710400342941284
5625,24,model.layers.3.mlp.gate_proj,mlp.gate_proj,decode,1,QwenManualHybridLinear,0.254720002412796
5626,24,model.layers.3.mlp.up_proj,mlp.up_proj,decode,1,QwenManualHybridLinear,0.25763198733329773
5627,24,model.layers.3.mlp.down_proj,mlp.down_proj,decode,1,QwenManualHybridLinear,0.24777600169181824
5628,24,model.layers.4.self_attn.q_proj,self_attn.q_proj,decode,1,QwenManualHybridLinear,0.2556160092353821
5629,24,model.layers.4.self_attn.k_proj,self_attn.k_proj,decode,1,QwenManualHybridLinear,0.2719680070877075
5630,24,model.layers.4.self_attn.v_proj,self_attn.v_proj,decode,1,QwenManualHybridLinear,0.24755200743675232
5631,24,model.layers.4.self_attn.o_proj,self_attn.o_proj,decode,1,QwenManualHybridLinear,0.10204800218343735
5632,24,model.layers.4.mlp.gate_proj,mlp.gate_proj,decode,1,QwenManualHybridLinear,0.2579199969768524
5633,24,model.layers.4.mlp.up_proj,mlp.up_proj,decode,1,QwenManualHybridLinear,0.25148800015449524
5634,24,model.layers.4.mlp.down_proj,mlp.down_proj,decode,1,QwenManualHybridLinear,0.2659839987754822
5635,24,model.layers.5.self_attn.q_proj,self_attn.q_proj,decode,1,QwenManualHybridLinear,0.2536959946155548
5636,24,model.layers.5.self_attn.k_proj,self_attn.k_proj,decode,1,QwenManualHybridLinear,0.25273600220680237
5637,24,model.layers.5.self_attn.v_proj,self_attn.v_proj,decode,1,QwenManualHybridLinear,0.2500160038471222
5638,24,model.layers.5.self_attn.o_proj,self_attn.o_proj,decode,1,QwenManualHybridLinear,0.10208000242710114
5639,24,model.layers.5.mlp.gate_proj,mlp.gate_proj,decode,1,QwenManualHybridLinear,0.26576000452041626
5640,24,model.layers.5.mlp.up_proj,mlp.up_proj,decode,1,QwenManualHybridLinear,0.2447039932012558
5641,24,model.layers.5.mlp.down_proj,mlp.down_proj,decode,1,QwenManualHybridLinear,0.24463999271392822
5642,24,model.layers.6.self_attn.q_proj,self_attn.q_proj,decode,1,QwenManualHybridLinear,0.25702399015426636
5643,24,model.layers.6.self_attn.k_proj,self_attn.k_proj,decode,1,QwenManualHybridLinear,0.255295991897583
5644,24,model.layers.6.self_attn.v_proj,self_attn.v_proj,decode,1,QwenManualHybridLinear,0.24675199389457703
5645,24,model.layers.6.self_attn.o_proj,self_attn.o_proj,decode,1,QwenManualHybridLinear,0.10108800232410431
5646,24,model.layers.6.mlp.gate_proj,mlp.gate_proj,decode,1,QwenManualHybridLinear,0.26636800169944763
5647,24,model.layers.6.mlp.up_proj,mlp.up_proj,decode,1,QwenManualHybridLinear,0.25196799635887146
5648,24,model.layers.6.mlp.down_proj,mlp.down_proj,decode,1,QwenManualHybridLinear,0.26256000995635986
5649,24,model.layers.7.self_attn.q_proj,self_attn.q_proj,decode,1,QwenManualHybridLinear,0.25920000672340393
5650,24,model.layers.7.self_attn.k_proj,self_attn.k_proj,decode,1,QwenManualHybridLinear,0.2528960108757019
5651,24,model.layers.7.self_attn.v_proj,self_attn.v_proj,decode,1,QwenManualHybridLinear,0.24592000246047974
5652,24,model.layers.7.self_attn.o_proj,self_attn.o_proj,decode,1,QwenManualHybridLinear,0.10067199915647507
5653,24,model.layers.7.mlp.gate_proj,mlp.gate_proj,decode,1,QwenManualHybridLinear,0.2575039863586426
5654,24,model.layers.7.mlp.up_proj,mlp.up_proj,decode,1,QwenManualHybridLinear,0.2611519992351532
5655,24,model.layers.7.mlp.down_proj,mlp.down_proj,decode,1,QwenManualHybridLinear,0.3540799915790558
5656,24,model.layers.8.self_attn.q_proj,self_attn.q_proj,decode,1,QwenManualHybridLinear,0.27904000878334045
5657,24,model.layers.8.self_attn.k_proj,self_attn.k_proj,decode,1,QwenManualHybridLinear,0.2553600072860718
5658,24,model.layers.8.self_attn.v_proj,self_attn.v_proj,decode,1,QwenManualHybridLinear,0.26495999097824097
5659,24,model.layers.8.self_attn.o_proj,self_attn.o_proj,decode,1,QwenManualHybridLinear,0.10918399691581726
5660,24,model.layers.8.mlp.gate_proj,mlp.gate_proj,decode,1,QwenManualHybridLinear,0.28246399760246277
5661,24,model.layers.8.mlp.up_proj,mlp.up_proj,decode,1,QwenManualHybridLinear,0.25625601410865784
5662,24,model.layers.8.mlp.down_proj,mlp.down_proj,decode,1,QwenManualHybridLinear,0.2476159930229187
5663,24,model.layers.9.self_attn.q_proj,self_attn.q_proj,decode,1,QwenManualHybridLinear,0.2608320116996765
5664,24,model.layers.9.self_attn.k_proj,self_attn.k_proj,decode,1,QwenManualHybridLinear,0.25094398856163025
5665,24,model.layers.9.self_attn.v_proj,self_attn.v_proj,decode,1,QwenManualHybridLinear,0.24505600333213806
5666,24,model.layers.9.self_attn.o_proj,self_attn.o_proj,decode,1,QwenManualHybridLinear,0.10198400169610977
5667,24,model.layers.9.mlp.gate_proj,mlp.gate_proj,decode,1,QwenManualHybridLinear,0.28166401386260986
5668,24,model.layers.9.mlp.up_proj,mlp.up_proj,decode,1,QwenManualHybridLinear,0.25388801097869873
5669,24,model.layers.9.mlp.down_proj,mlp.down_proj,decode,1,QwenManualHybridLinear,0.2452159970998764
5670,24,model.layers.10.self_attn.q_proj,self_attn.q_proj,decode,1,QwenManualHybridLinear,0.2539519965648651
5671,24,model.layers.10.self_attn.k_proj,self_attn.k_proj,decode,1,QwenManualHybridLinear,0.25040000677108765
5672,24,model.layers.10.self_attn.v_proj,self_attn.v_proj,decode,1,QwenManualHybridLinear,0.246848002076149
5673,24,model.layers.10.self_attn.o_proj,self_attn.o_proj,decode,1,QwenManualHybridLinear,0.10412800312042236
5674,24,model.layers.10.mlp.gate_proj,mlp.gate_proj,decode,1,QwenManualHybridLinear,0.26182401180267334
5675,24,model.layers.10.mlp.up_proj,mlp.up_proj,decode,1,QwenManualHybridLinear,0.25417599081993103
5676,24,model.layers.10.mlp.down_proj,mlp.down_proj,decode,1,QwenManualHybridLinear,0.24742400646209717
5677,24,model.layers.11.self_attn.q_proj,self_attn.q_proj,decode,1,QwenManualHybridLinear,0.26659199595451355
5678,24,model.layers.11.self_attn.k_proj,self_attn.k_proj,decode,1,QwenManualHybridLinear,0.24905599653720856
5679,24,model.layers.11.self_attn.v_proj,self_attn.v_proj,decode,1,QwenManualHybridLinear,0.24329599738121033
5680,24,model.layers.11.self_attn.o_proj,self_attn.o_proj,decode,1,QwenManualHybridLinear,0.11011199653148651
5681,24,model.layers.11.mlp.gate_proj,mlp.gate_proj,decode,1,QwenManualHybridLinear,0.2764799892902374
5682,24,model.layers.11.mlp.up_proj,mlp.up_proj,decode,1,QwenManualHybridLinear,0.2470719963312149
5683,24,model.layers.11.mlp.down_proj,mlp.down_proj,decode,1,QwenManualHybridLinear,0.245728000998497
5684,24,model.layers.12.self_attn.q_proj,self_attn.q_proj,decode,1,QwenManualHybridLinear,0.2534080147743225
5685,24,model.layers.12.self_attn.k_proj,self_attn.k_proj,decode,1,QwenManualHybridLinear,0.2775999903678894
5686,24,model.layers.12.self_attn.v_proj,self_attn.v_proj,decode,1,QwenManualHybridLinear,0.24409599602222443
5687,24,model.layers.12.self_attn.o_proj,self_attn.o_proj,decode,1,QwenManualHybridLinear,0.10143999755382538
5688,24,model.layers.12.mlp.gate_proj,mlp.gate_proj,decode,1,QwenManualHybridLinear,0.25782400369644165
5689,24,model.layers.12.mlp.up_proj,mlp.up_proj,decode,1,QwenManualHybridLinear,0.25097599625587463
5690,24,model.layers.12.mlp.down_proj,mlp.down_proj,decode,1,QwenManualHybridLinear,0.24764800071716309
5691,24,model.layers.13.self_attn.q_proj,self_attn.q_proj,decode,1,QwenManualHybridLinear,0.25299200415611267
5692,24,model.layers.13.self_attn.k_proj,self_attn.k_proj,decode,1,QwenManualHybridLinear,0.24934400618076324
5693,24,model.layers.13.self_attn.v_proj,self_attn.v_proj,decode,1,QwenManualHybridLinear,0.2457599937915802
5694,24,model.layers.13.self_attn.o_proj,self_attn.o_proj,decode,1,QwenManualHybridLinear,0.1035199984908104
5695,24,model.layers.13.mlp.gate_proj,mlp.gate_proj,decode,1,QwenManualHybridLinear,0.25964799523353577
5696,24,model.layers.13.mlp.up_proj,mlp.up_proj,decode,1,QwenManualHybridLinear,0.26476800441741943
5697,24,model.layers.13.mlp.down_proj,mlp.down_proj,decode,1,QwenManualHybridLinear,0.24825599789619446
5698,24,model.layers.14.self_attn.q_proj,self_attn.q_proj,decode,1,QwenManualHybridLinear,0.263839989900589
5699,24,model.layers.14.self_attn.k_proj,self_attn.k_proj,decode,1,QwenManualHybridLinear,0.24924799799919128
5700,24,model.layers.14.self_attn.v_proj,self_attn.v_proj,decode,1,QwenManualHybridLinear,0.244159996509552
5701,24,model.layers.14.self_attn.o_proj,self_attn.o_proj,decode,1,QwenManualHybridLinear,0.10268799960613251
5702,24,model.layers.14.mlp.gate_proj,mlp.gate_proj,decode,1,QwenManualHybridLinear,0.2671999931335449
5703,24,model.layers.14.mlp.up_proj,mlp.up_proj,decode,1,QwenManualHybridLinear,0.24966399371623993
5704,24,model.layers.14.mlp.down_proj,mlp.down_proj,decode,1,QwenManualHybridLinear,0.24729600548744202
5705,24,model.layers.15.self_attn.q_proj,self_attn.q_proj,decode,1,QwenManualHybridLinear,0.2592639923095703
5706,24,model.layers.15.self_attn.k_proj,self_attn.k_proj,decode,1,QwenManualHybridLinear,0.26979199051856995
5707,24,model.layers.15.self_attn.v_proj,self_attn.v_proj,decode,1,QwenManualHybridLinear,0.24835200607776642
5708,24,model.layers.15.self_attn.o_proj,self_attn.o_proj,decode,1,QwenManualHybridLinear,0.09865599870681763
5709,24,model.layers.15.mlp.gate_proj,mlp.gate_proj,decode,1,QwenManualHybridLinear,0.26233598589897156
5710,24,model.layers.15.mlp.up_proj,mlp.up_proj,decode,1,QwenManualHybridLinear,0.24406400322914124
5711,24,model.layers.15.mlp.down_proj,mlp.down_proj,decode,1,QwenManualHybridLinear,0.24371199309825897
5712,24,model.layers.16.self_attn.q_proj,self_attn.q_proj,decode,1,QwenManualHybridLinear,0.25734400749206543
5713,24,model.layers.16.self_attn.k_proj,self_attn.k_proj,decode,1,QwenManualHybridLinear,0.2526400089263916
5714,24,model.layers.16.self_attn.v_proj,self_attn.v_proj,decode,1,QwenManualHybridLinear,0.24169600009918213
5715,24,model.layers.16.self_attn.o_proj,self_attn.o_proj,decode,1,QwenManualHybridLinear,0.10719999670982361
5716,24,model.layers.16.mlp.gate_proj,mlp.gate_proj,decode,1,QwenManualHybridLinear,0.2616640031337738
5717,24,model.layers.16.mlp.up_proj,mlp.up_proj,decode,1,QwenManualHybridLinear,0.24592000246047974
5718,24,model.layers.16.mlp.down_proj,mlp.down_proj,decode,1,QwenManualHybridLinear,0.24531200528144836
5719,24,model.layers.17.self_attn.q_proj,self_attn.q_proj,decode,1,QwenManualHybridLinear,0.27859199047088623
5720,24,model.layers.17.self_attn.k_proj,self_attn.k_proj,decode,1,QwenManualHybridLinear,0.24662399291992188
5721,24,model.layers.17.self_attn.v_proj,self_attn.v_proj,decode,1,QwenManualHybridLinear,0.24111999571323395
5722,24,model.layers.17.self_attn.o_proj,self_attn.o_proj,decode,1,QwenManualHybridLinear,0.10623999685049057
5723,24,model.layers.17.mlp.gate_proj,mlp.gate_proj,decode,1,QwenManualHybridLinear,0.27004799246788025
5724,24,model.layers.17.mlp.up_proj,mlp.up_proj,decode,1,QwenManualHybridLinear,0.2520959973335266
5725,24,model.layers.17.mlp.down_proj,mlp.down_proj,decode,1,QwenManualHybridLinear,0.24614399671554565
5726,24,model.layers.18.self_attn.q_proj,self_attn.q_proj,decode,1,QwenManualHybridLinear,0.2585279941558838
5727,24,model.layers.18.self_attn.k_proj,self_attn.k_proj,decode,1,QwenManualHybridLinear,0.25251200795173645
5728,24,model.layers.18.self_attn.v_proj,self_attn.v_proj,decode,1,QwenManualHybridLinear,0.24463999271392822
5729,24,model.layers.18.self_attn.o_proj,self_attn.o_proj,decode,1,QwenManualHybridLinear,0.11859200149774551
5730,24,model.layers.18.mlp.gate_proj,mlp.gate_proj,decode,1,QwenManualHybridLinear,0.26892799139022827
5731,24,model.layers.18.mlp.up_proj,mlp.up_proj,decode,1,QwenManualHybridLinear,0.2519359886646271
5732,24,model.layers.18.mlp.down_proj,mlp.down_proj,decode,1,QwenManualHybridLinear,0.24873599410057068
5733,24,model.layers.19.self_attn.q_proj,self_attn.q_proj,decode,1,QwenManualHybridLinear,0.2579199969768524
5734,24,model.layers.19.self_attn.k_proj,self_attn.k_proj,decode,1,QwenManualHybridLinear,0.2524479925632477
5735,24,model.layers.19.self_attn.v_proj,self_attn.v_proj,decode,1,QwenManualHybridLinear,0.24352000653743744
5736,24,model.layers.19.self_attn.o_proj,self_attn.o_proj,decode,1,QwenManualHybridLinear,0.10847999900579453
5737,24,model.layers.19.mlp.gate_proj,mlp.gate_proj,decode,1,QwenManualHybridLinear,0.256415992975235
5738,24,model.layers.19.mlp.up_proj,mlp.up_proj,decode,1,QwenManualHybridLinear,0.2529599964618683
5739,24,model.layers.19.mlp.down_proj,mlp.down_proj,decode,1,QwenManualHybridLinear,0.24633599817752838
5740,24,model.layers.20.self_attn.q_proj,self_attn.q_proj,decode,1,QwenManualHybridLinear,0.2800000011920929
5741,24,model.layers.20.self_attn.k_proj,self_attn.k_proj,decode,1,QwenManualHybridLinear,0.25596800446510315
5742,24,model.layers.20.self_attn.v_proj,self_attn.v_proj,decode,1,QwenManualHybridLinear,0.24979199469089508
5743,24,model.layers.20.self_attn.o_proj,self_attn.o_proj,decode,1,QwenManualHybridLinear,0.10268799960613251
5744,24,model.layers.20.mlp.gate_proj,mlp.gate_proj,decode,1,QwenManualHybridLinear,0.2900480031967163
5745,24,model.layers.20.mlp.up_proj,mlp.up_proj,decode,1,QwenManualHybridLinear,0.2473279982805252
5746,24,model.layers.20.mlp.down_proj,mlp.down_proj,decode,1,QwenManualHybridLinear,0.24723200500011444
5747,24,model.layers.21.self_attn.q_proj,self_attn.q_proj,decode,1,QwenManualHybridLinear,0.2575039863586426
5748,24,model.layers.21.self_attn.k_proj,self_attn.k_proj,decode,1,QwenManualHybridLinear,0.2505919933319092
5749,24,model.layers.21.self_attn.v_proj,self_attn.v_proj,decode,1,QwenManualHybridLinear,0.2457599937915802
5750,24,model.layers.21.self_attn.o_proj,self_attn.o_proj,decode,1,QwenManualHybridLinear,0.1096000000834465
5751,24,model.layers.21.mlp.gate_proj,mlp.gate_proj,decode,1,QwenManualHybridLinear,0.273824006319046
5752,24,model.layers.21.mlp.up_proj,mlp.up_proj,decode,1,QwenManualHybridLinear,0.26096001267433167
5753,24,model.layers.21.mlp.down_proj,mlp.down_proj,decode,1,QwenManualHybridLinear,0.270112007856369
5754,24,model.layers.22.self_attn.q_proj,self_attn.q_proj,decode,1,QwenManualHybridLinear,0.2633279860019684
5755,24,model.layers.22.self_attn.k_proj,self_attn.k_proj,decode,1,QwenManualHybridLinear,0.26812800765037537
5756,24,model.layers.22.self_attn.v_proj,self_attn.v_proj,decode,1,QwenManualHybridLinear,0.25062400102615356
5757,24,model.layers.22.self_attn.o_proj,self_attn.o_proj,decode,1,QwenManualHybridLinear,0.11001600325107574
5758,24,model.layers.22.mlp.gate_proj,mlp.gate_proj,decode,1,QwenManualHybridLinear,0.2563520073890686
5759,24,model.layers.22.mlp.up_proj,mlp.up_proj,decode,1,QwenManualHybridLinear,0.25459200143814087
5760,24,model.layers.22.mlp.down_proj,mlp.down_proj,decode,1,QwenManualHybridLinear,0.24620799720287323
5761,24,model.layers.23.self_attn.q_proj,self_attn.q_proj,decode,1,QwenManualHybridLinear,0.26131200790405273
5762,24,model.layers.23.self_attn.k_proj,self_attn.k_proj,decode,1,QwenManualHybridLinear,0.24662399291992188
5763,24,model.layers.23.self_attn.v_proj,self_attn.v_proj,decode,1,QwenManualHybridLinear,0.24313600361347198
5764,24,model.layers.23.self_attn.o_proj,self_attn.o_proj,decode,1,QwenManualHybridLinear,2.7399680614471436
5765,24,model.layers.23.mlp.gate_proj,mlp.gate_proj,decode,1,QwenManualHybridLinear,0.5914239883422852
5766,24,model.layers.23.mlp.up_proj,mlp.up_proj,decode,1,QwenManualHybridLinear,0.2768000066280365
5767,24,model.layers.23.mlp.down_proj,mlp.down_proj,decode,1,QwenManualHybridLinear,0.2735680043697357
5768,24,model.layers.24.self_attn.q_proj,self_attn.q_proj,decode,1,QwenManualHybridLinear,0.26684799790382385
5769,24,model.layers.24.self_attn.k_proj,self_attn.k_proj,decode,1,QwenManualHybridLinear,0.26047998666763306
5770,24,model.layers.24.self_attn.v_proj,self_attn.v_proj,decode,1,QwenManualHybridLinear,0.24899199604988098
5771,24,model.layers.24.self_attn.o_proj,self_attn.o_proj,decode,1,QwenManualHybridLinear,0.10521599650382996
5772,24,model.layers.24.mlp.gate_proj,mlp.gate_proj,decode,1,QwenManualHybridLinear,0.27267199754714966
5773,24,model.layers.24.mlp.up_proj,mlp.up_proj,decode,1,QwenManualHybridLinear,0.2608320116996765
5774,24,model.layers.24.mlp.down_proj,mlp.down_proj,decode,1,QwenManualHybridLinear,0.2489600032567978
5775,24,model.layers.25.self_attn.q_proj,self_attn.q_proj,decode,1,QwenManualHybridLinear,0.2780799865722656
5776,24,model.layers.25.self_attn.k_proj,self_attn.k_proj,decode,1,QwenManualHybridLinear,0.2553279995918274
5777,24,model.layers.25.self_attn.v_proj,self_attn.v_proj,decode,1,QwenManualHybridLinear,0.2524479925632477
5778,24,model.layers.25.self_attn.o_proj,self_attn.o_proj,decode,1,QwenManualHybridLinear,0.10496000200510025
5779,24,model.layers.25.mlp.gate_proj,mlp.gate_proj,decode,1,QwenManualHybridLinear,0.26422399282455444
5780,24,model.layers.25.mlp.up_proj,mlp.up_proj,decode,1,QwenManualHybridLinear,0.24991999566555023
5781,24,model.layers.25.mlp.down_proj,mlp.down_proj,decode,1,QwenManualHybridLinear,0.24953599274158478
5782,24,model.layers.26.self_attn.q_proj,self_attn.q_proj,decode,1,QwenManualHybridLinear,0.26947200298309326
5783,24,model.layers.26.self_attn.k_proj,self_attn.k_proj,decode,1,QwenManualHybridLinear,0.25779199600219727
5784,24,model.layers.26.self_attn.v_proj,self_attn.v_proj,decode,1,QwenManualHybridLinear,0.24966399371623993
5785,24,model.layers.26.self_attn.o_proj,self_attn.o_proj,decode,1,QwenManualHybridLinear,0.10409600287675858
5786,24,model.layers.26.mlp.gate_proj,mlp.gate_proj,decode,1,QwenManualHybridLinear,0.27215999364852905
5787,24,model.layers.26.mlp.up_proj,mlp.up_proj,decode,1,QwenManualHybridLinear,0.2500160038471222
5788,24,model.layers.26.mlp.down_proj,mlp.down_proj,decode,1,QwenManualHybridLinear,0.2520959973335266
5789,24,model.layers.27.self_attn.q_proj,self_attn.q_proj,decode,1,QwenManualHybridLinear,0.25865599513053894
5790,24,model.layers.27.self_attn.k_proj,self_attn.k_proj,decode,1,QwenManualHybridLinear,0.25017601251602173
5791,24,model.layers.27.self_attn.v_proj,self_attn.v_proj,decode,1,QwenManualHybridLinear,0.24803200364112854
5792,24,model.layers.27.self_attn.o_proj,self_attn.o_proj,decode,1,QwenManualHybridLinear,0.10796800255775452
5793,24,model.layers.27.mlp.gate_proj,mlp.gate_proj,decode,1,QwenManualHybridLinear,0.2743360102176666
5794,24,model.layers.27.mlp.up_proj,mlp.up_proj,decode,1,QwenManualHybridLinear,0.27395200729370117
5795,24,model.layers.27.mlp.down_proj,mlp.down_proj,decode,1,QwenManualHybridLinear,0.2709119915962219
5796,24,model.layers.28.self_attn.q_proj,self_attn.q_proj,decode,1,QwenManualHybridLinear,0.26707199215888977
5797,24,model.layers.28.self_attn.k_proj,self_attn.k_proj,decode,1,QwenManualHybridLinear,0.25116801261901855
5798,24,model.layers.28.self_attn.v_proj,self_attn.v_proj,decode,1,QwenManualHybridLinear,0.24755200743675232
5799,24,model.layers.28.self_attn.o_proj,self_attn.o_proj,decode,1,QwenManualHybridLinear,0.10345599800348282
5800,24,model.layers.28.mlp.gate_proj,mlp.gate_proj,decode,1,QwenManualHybridLinear,0.2651199996471405
5801,24,model.layers.28.mlp.up_proj,mlp.up_proj,decode,1,QwenManualHybridLinear,0.271807998418808
5802,24,model.layers.28.mlp.down_proj,mlp.down_proj,decode,1,QwenManualHybridLinear,0.2500160038471222
5803,24,model.layers.29.self_attn.q_proj,self_attn.q_proj,decode,1,QwenManualHybridLinear,0.26313599944114685
5804,24,model.layers.29.self_attn.k_proj,self_attn.k_proj,decode,1,QwenManualHybridLinear,0.2672320008277893
5805,24,model.layers.29.self_attn.v_proj,self_attn.v_proj,decode,1,QwenManualHybridLinear,0.24899199604988098
5806,24,model.layers.29.self_attn.o_proj,self_attn.o_proj,decode,1,QwenManualHybridLinear,0.10230399668216705
5807,24,model.layers.29.mlp.gate_proj,mlp.gate_proj,decode,1,QwenManualHybridLinear,0.2638719975948334
5808,24,model.layers.29.mlp.up_proj,mlp.up_proj,decode,1,QwenManualHybridLinear,0.2520639896392822
5809,24,model.layers.29.mlp.down_proj,mlp.down_proj,decode,1,QwenManualHybridLinear,0.251008003950119
5810,24,model.layers.30.self_attn.q_proj,self_attn.q_proj,decode,1,QwenManualHybridLinear,0.2593280076980591
5811,24,model.layers.30.self_attn.k_proj,self_attn.k_proj,decode,1,QwenManualHybridLinear,0.25484800338745117
5812,24,model.layers.30.self_attn.v_proj,self_attn.v_proj,decode,1,QwenManualHybridLinear,0.24780799448490143
5813,24,model.layers.30.self_attn.o_proj,self_attn.o_proj,decode,1,QwenManualHybridLinear,0.12147200107574463
5814,24,model.layers.30.mlp.gate_proj,mlp.gate_proj,decode,1,QwenManualHybridLinear,0.2678399980068207
5815,24,model.layers.30.mlp.up_proj,mlp.up_proj,decode,1,QwenManualHybridLinear,0.25062400102615356
5816,24,model.layers.30.mlp.down_proj,mlp.down_proj,decode,1,QwenManualHybridLinear,0.24633599817752838
5817,24,model.layers.31.self_attn.q_proj,self_attn.q_proj,decode,1,QwenManualHybridLinear,0.25593599677085876
5818,24,model.layers.31.self_attn.k_proj,self_attn.k_proj,decode,1,QwenManualHybridLinear,0.2492160052061081
5819,24,model.layers.31.self_attn.v_proj,self_attn.v_proj,decode,1,QwenManualHybridLinear,0.2460159957408905
5820,24,model.layers.31.self_attn.o_proj,self_attn.o_proj,decode,1,QwenManualHybridLinear,0.11369600147008896
5821,24,model.layers.31.mlp.gate_proj,mlp.gate_proj,decode,1,QwenManualHybridLinear,0.2683520019054413
5822,24,model.layers.31.mlp.up_proj,mlp.up_proj,decode,1,QwenManualHybridLinear,0.25011199712753296
5823,24,model.layers.31.mlp.down_proj,mlp.down_proj,decode,1,QwenManualHybridLinear,0.24691200256347656
5824,25,model.layers.0.self_attn.q_proj,self_attn.q_proj,decode,1,QwenManualHybridLinear,0.4225279986858368
5825,25,model.layers.0.self_attn.k_proj,self_attn.k_proj,decode,1,QwenManualHybridLinear,0.2919679880142212
5826,25,model.layers.0.self_attn.v_proj,self_attn.v_proj,decode,1,QwenManualHybridLinear,0.27644801139831543
5827,25,model.layers.0.self_attn.o_proj,self_attn.o_proj,decode,1,QwenManualHybridLinear,0.10291200131177902
5828,25,model.layers.0.mlp.gate_proj,mlp.gate_proj,decode,1,QwenManualHybridLinear,0.27401599287986755
5829,25,model.layers.0.mlp.up_proj,mlp.up_proj,decode,1,QwenManualHybridLinear,0.28060799837112427
5830,25,model.layers.0.mlp.down_proj,mlp.down_proj,decode,1,QwenManualHybridLinear,0.256415992975235
5831,25,model.layers.1.self_attn.q_proj,self_attn.q_proj,decode,1,QwenManualHybridLinear,0.2608320116996765
5832,25,model.layers.1.self_attn.k_proj,self_attn.k_proj,decode,1,QwenManualHybridLinear,0.26233598589897156
5833,25,model.layers.1.self_attn.v_proj,self_attn.v_proj,decode,1,QwenManualHybridLinear,0.24780799448490143
5834,25,model.layers.1.self_attn.o_proj,self_attn.o_proj,decode,1,QwenManualHybridLinear,0.10268799960613251
5835,25,model.layers.1.mlp.gate_proj,mlp.gate_proj,decode,1,QwenManualHybridLinear,0.2672959864139557
5836,25,model.layers.1.mlp.up_proj,mlp.up_proj,decode,1,QwenManualHybridLinear,0.25734400749206543
5837,25,model.layers.1.mlp.down_proj,mlp.down_proj,decode,1,QwenManualHybridLinear,0.25148800015449524
5838,25,model.layers.2.self_attn.q_proj,self_attn.q_proj,decode,1,QwenManualHybridLinear,0.26102399826049805
5839,25,model.layers.2.self_attn.k_proj,self_attn.k_proj,decode,1,QwenManualHybridLinear,0.27132800221443176
5840,25,model.layers.2.self_attn.v_proj,self_attn.v_proj,decode,1,QwenManualHybridLinear,0.2521600127220154
5841,25,model.layers.2.self_attn.o_proj,self_attn.o_proj,decode,1,QwenManualHybridLinear,0.10630399733781815
5842,25,model.layers.2.mlp.gate_proj,mlp.gate_proj,decode,1,QwenManualHybridLinear,0.2598719894886017
5843,25,model.layers.2.mlp.up_proj,mlp.up_proj,decode,1,QwenManualHybridLinear,0.25203201174736023
5844,25,model.layers.2.mlp.down_proj,mlp.down_proj,decode,1,QwenManualHybridLinear,0.2457599937915802
5845,25,model.layers.3.self_attn.q_proj,self_attn.q_proj,decode,1,QwenManualHybridLinear,0.26208001375198364
5846,25,model.layers.3.self_attn.k_proj,self_attn.k_proj,decode,1,QwenManualHybridLinear,0.2504960000514984
5847,25,model.layers.3.self_attn.v_proj,self_attn.v_proj,decode,1,QwenManualHybridLinear,0.25062400102615356
5848,25,model.layers.3.self_attn.o_proj,self_attn.o_proj,decode,1,QwenManualHybridLinear,0.1053759977221489
5849,25,model.layers.3.mlp.gate_proj,mlp.gate_proj,decode,1,QwenManualHybridLinear,0.2724800109863281
5850,25,model.layers.3.mlp.up_proj,mlp.up_proj,decode,1,QwenManualHybridLinear,0.25254398584365845
5851,25,model.layers.3.mlp.down_proj,mlp.down_proj,decode,1,QwenManualHybridLinear,0.25228801369667053
5852,25,model.layers.4.self_attn.q_proj,self_attn.q_proj,decode,1,QwenManualHybridLinear,0.2584640085697174
5853,25,model.layers.4.self_attn.k_proj,self_attn.k_proj,decode,1,QwenManualHybridLinear,0.2556479871273041
5854,25,model.layers.4.self_attn.v_proj,self_attn.v_proj,decode,1,QwenManualHybridLinear,0.2433599978685379
5855,25,model.layers.4.self_attn.o_proj,self_attn.o_proj,decode,1,QwenManualHybridLinear,0.10883200168609619
5856,25,model.layers.4.mlp.gate_proj,mlp.gate_proj,decode,1,QwenManualHybridLinear,0.2707839906215668
5857,25,model.layers.4.mlp.up_proj,mlp.up_proj,decode,1,QwenManualHybridLinear,0.25516799092292786
5858,25,model.layers.4.mlp.down_proj,mlp.down_proj,decode,1,QwenManualHybridLinear,0.262719988822937
5859,25,model.layers.5.self_attn.q_proj,self_attn.q_proj,decode,1,QwenManualHybridLinear,0.2805759906768799
5860,25,model.layers.5.self_attn.k_proj,self_attn.k_proj,decode,1,QwenManualHybridLinear,0.2611840069293976
5861,25,model.layers.5.self_attn.v_proj,self_attn.v_proj,decode,1,QwenManualHybridLinear,0.25097599625587463
5862,25,model.layers.5.self_attn.o_proj,self_attn.o_proj,decode,1,QwenManualHybridLinear,0.10704000294208527
5863,25,model.layers.5.mlp.gate_proj,mlp.gate_proj,decode,1,QwenManualHybridLinear,0.26211199164390564
5864,25,model.layers.5.mlp.up_proj,mlp.up_proj,decode,1,QwenManualHybridLinear,0.2515519857406616
5865,25,model.layers.5.mlp.down_proj,mlp.down_proj,decode,1,QwenManualHybridLinear,0.3659200072288513
5866,25,model.layers.6.self_attn.q_proj,self_attn.q_proj,decode,1,QwenManualHybridLinear,0.305759996175766
5867,25,model.layers.6.self_attn.k_proj,self_attn.k_proj,decode,1,QwenManualHybridLinear,0.26998400688171387
5868,25,model.layers.6.self_attn.v_proj,self_attn.v_proj,decode,1,QwenManualHybridLinear,0.27740800380706787
5869,25,model.layers.6.self_attn.o_proj,self_attn.o_proj,decode,1,QwenManualHybridLinear,0.11599999666213989
5870,25,model.layers.6.mlp.gate_proj,mlp.gate_proj,decode,1,QwenManualHybridLinear,0.26611199975013733
5871,25,model.layers.6.mlp.up_proj,mlp.up_proj,decode,1,QwenManualHybridLinear,0.25993600487709045
5872,25,model.layers.6.mlp.down_proj,mlp.down_proj,decode,1,QwenManualHybridLinear,0.26550400257110596
5873,25,model.layers.7.self_attn.q_proj,self_attn.q_proj,decode,1,QwenManualHybridLinear,0.26441600918769836
5874,25,model.layers.7.self_attn.k_proj,self_attn.k_proj,decode,1,QwenManualHybridLinear,0.2588160037994385
5875,25,model.layers.7.self_attn.v_proj,self_attn.v_proj,decode,1,QwenManualHybridLinear,0.2518079876899719
5876,25,model.layers.7.self_attn.o_proj,self_attn.o_proj,decode,1,QwenManualHybridLinear,0.10534399747848511
5877,25,model.layers.7.mlp.gate_proj,mlp.gate_proj,decode,1,QwenManualHybridLinear,0.33158400654792786
5878,25,model.layers.7.mlp.up_proj,mlp.up_proj,decode,1,QwenManualHybridLinear,0.26582399010658264
5879,25,model.layers.7.mlp.down_proj,mlp.down_proj,decode,1,QwenManualHybridLinear,0.25331199169158936
5880,25,model.layers.8.self_attn.q_proj,self_attn.q_proj,decode,1,QwenManualHybridLinear,0.26444798707962036
5881,25,model.layers.8.self_attn.k_proj,self_attn.k_proj,decode,1,QwenManualHybridLinear,0.2561280131340027
5882,25,model.layers.8.self_attn.v_proj,self_attn.v_proj,decode,1,QwenManualHybridLinear,0.245728000998497
5883,25,model.layers.8.self_attn.o_proj,self_attn.o_proj,decode,1,QwenManualHybridLinear,0.10041599720716476
5884,25,model.layers.8.mlp.gate_proj,mlp.gate_proj,decode,1,QwenManualHybridLinear,0.26131200790405273
5885,25,model.layers.8.mlp.up_proj,mlp.up_proj,decode,1,QwenManualHybridLinear,0.25200000405311584
5886,25,model.layers.8.mlp.down_proj,mlp.down_proj,decode,1,QwenManualHybridLinear,0.2603839933872223
5887,25,model.layers.9.self_attn.q_proj,self_attn.q_proj,decode,1,QwenManualHybridLinear,0.25990399718284607
5888,25,model.layers.9.self_attn.k_proj,self_attn.k_proj,decode,1,QwenManualHybridLinear,0.26051199436187744
5889,25,model.layers.9.self_attn.v_proj,self_attn.v_proj,decode,1,QwenManualHybridLinear,0.25228801369667053
5890,25,model.layers.9.self_attn.o_proj,self_attn.o_proj,decode,1,QwenManualHybridLinear,0.1011200025677681
5891,25,model.layers.9.mlp.gate_proj,mlp.gate_proj,decode,1,QwenManualHybridLinear,0.27555200457572937
5892,25,model.layers.9.mlp.up_proj,mlp.up_proj,decode,1,QwenManualHybridLinear,0.2511039972305298
5893,25,model.layers.9.mlp.down_proj,mlp.down_proj,decode,1,QwenManualHybridLinear,0.24979199469089508
5894,25,model.layers.10.self_attn.q_proj,self_attn.q_proj,decode,1,QwenManualHybridLinear,0.25811201333999634
5895,25,model.layers.10.self_attn.k_proj,self_attn.k_proj,decode,1,QwenManualHybridLinear,0.24924799799919128
5896,25,model.layers.10.self_attn.v_proj,self_attn.v_proj,decode,1,QwenManualHybridLinear,0.2720000147819519
5897,25,model.layers.10.self_attn.o_proj,self_attn.o_proj,decode,1,QwenManualHybridLinear,0.09974399954080582
5898,25,model.layers.10.mlp.gate_proj,mlp.gate_proj,decode,1,QwenManualHybridLinear,0.2590399980545044
5899,25,model.layers.10.mlp.up_proj,mlp.up_proj,decode,1,QwenManualHybridLinear,0.25254398584365845
5900,25,model.layers.10.mlp.down_proj,mlp.down_proj,decode,1,QwenManualHybridLinear,0.26864001154899597
5901,25,model.layers.11.self_attn.q_proj,self_attn.q_proj,decode,1,QwenManualHybridLinear,0.262719988822937
5902,25,model.layers.11.self_attn.k_proj,self_attn.k_proj,decode,1,QwenManualHybridLinear,0.24672000110149384
5903,25,model.layers.11.self_attn.v_proj,self_attn.v_proj,decode,1,QwenManualHybridLinear,0.24719999730587006
5904,25,model.layers.11.self_attn.o_proj,self_attn.o_proj,decode,1,QwenManualHybridLinear,0.1072319969534874
5905,25,model.layers.11.mlp.gate_proj,mlp.gate_proj,decode,1,QwenManualHybridLinear,0.25600001215934753
5906,25,model.layers.11.mlp.up_proj,mlp.up_proj,decode,1,QwenManualHybridLinear,0.2524479925632477
5907,25,model.layers.11.mlp.down_proj,mlp.down_proj,decode,1,QwenManualHybridLinear,0.24771200120449066
5908,25,model.layers.12.self_attn.q_proj,self_attn.q_proj,decode,1,QwenManualHybridLinear,0.2662079930305481
5909,25,model.layers.12.self_attn.k_proj,self_attn.k_proj,decode,1,QwenManualHybridLinear,0.2512960135936737
5910,25,model.layers.12.self_attn.v_proj,self_attn.v_proj,decode,1,QwenManualHybridLinear,0.24540799856185913
5911,25,model.layers.12.self_attn.o_proj,self_attn.o_proj,decode,1,QwenManualHybridLinear,0.10275200009346008
5912,25,model.layers.12.mlp.gate_proj,mlp.gate_proj,decode,1,QwenManualHybridLinear,0.26416000723838806
5913,25,model.layers.12.mlp.up_proj,mlp.up_proj,decode,1,QwenManualHybridLinear,0.2565760016441345
5914,25,model.layers.12.mlp.down_proj,mlp.down_proj,decode,1,QwenManualHybridLinear,0.24835200607776642
5915,25,model.layers.13.self_attn.q_proj,self_attn.q_proj,decode,1,QwenManualHybridLinear,0.2620159983634949
5916,25,model.layers.13.self_attn.k_proj,self_attn.k_proj,decode,1,QwenManualHybridLinear,0.251583993434906
5917,25,model.layers.13.self_attn.v_proj,self_attn.v_proj,decode,1,QwenManualHybridLinear,0.24611200392246246
5918,25,model.layers.13.self_attn.o_proj,self_attn.o_proj,decode,1,QwenManualHybridLinear,0.10592000186443329
5919,25,model.layers.13.mlp.gate_proj,mlp.gate_proj,decode,1,QwenManualHybridLinear,0.2571519911289215
5920,25,model.layers.13.mlp.up_proj,mlp.up_proj,decode,1,QwenManualHybridLinear,0.25046399235725403
5921,25,model.layers.13.mlp.down_proj,mlp.down_proj,decode,1,QwenManualHybridLinear,0.2517760097980499
5922,25,model.layers.14.self_attn.q_proj,self_attn.q_proj,decode,1,QwenManualHybridLinear,0.2595199942588806
5923,25,model.layers.14.self_attn.k_proj,self_attn.k_proj,decode,1,QwenManualHybridLinear,0.24806399643421173
5924,25,model.layers.14.self_attn.v_proj,self_attn.v_proj,decode,1,QwenManualHybridLinear,0.24031999707221985
5925,25,model.layers.14.self_attn.o_proj,self_attn.o_proj,decode,1,QwenManualHybridLinear,0.12006399780511856
5926,25,model.layers.14.mlp.gate_proj,mlp.gate_proj,decode,1,QwenManualHybridLinear,0.2720319926738739
5927,25,model.layers.14.mlp.up_proj,mlp.up_proj,decode,1,QwenManualHybridLinear,0.2577280104160309
5928,25,model.layers.14.mlp.down_proj,mlp.down_proj,decode,1,QwenManualHybridLinear,0.25334399938583374
5929,25,model.layers.15.self_attn.q_proj,self_attn.q_proj,decode,1,QwenManualHybridLinear,0.26009601354599
5930,25,model.layers.15.self_attn.k_proj,self_attn.k_proj,decode,1,QwenManualHybridLinear,0.2542079985141754
5931,25,model.layers.15.self_attn.v_proj,self_attn.v_proj,decode,1,QwenManualHybridLinear,0.25062400102615356
5932,25,model.layers.15.self_attn.o_proj,self_attn.o_proj,decode,1,QwenManualHybridLinear,0.10038399696350098
5933,25,model.layers.15.mlp.gate_proj,mlp.gate_proj,decode,1,QwenManualHybridLinear,0.25900799036026
5934,25,model.layers.15.mlp.up_proj,mlp.up_proj,decode,1,QwenManualHybridLinear,0.2699199914932251
5935,25,model.layers.15.mlp.down_proj,mlp.down_proj,decode,1,QwenManualHybridLinear,0.25644800066947937
5936,25,model.layers.16.self_attn.q_proj,self_attn.q_proj,decode,1,QwenManualHybridLinear,0.25788798928260803
5937,25,model.layers.16.self_attn.k_proj,self_attn.k_proj,decode,1,QwenManualHybridLinear,0.25036799907684326
5938,25,model.layers.16.self_attn.v_proj,self_attn.v_proj,decode,1,QwenManualHybridLinear,0.24454399943351746
5939,25,model.layers.16.self_attn.o_proj,self_attn.o_proj,decode,1,QwenManualHybridLinear,0.10953599959611893
5940,25,model.layers.16.mlp.gate_proj,mlp.gate_proj,decode,1,QwenManualHybridLinear,0.25891199707984924
5941,25,model.layers.16.mlp.up_proj,mlp.up_proj,decode,1,QwenManualHybridLinear,0.24649600684642792
5942,25,model.layers.16.mlp.down_proj,mlp.down_proj,decode,1,QwenManualHybridLinear,0.2568959891796112
5943,25,model.layers.17.self_attn.q_proj,self_attn.q_proj,decode,1,QwenManualHybridLinear,0.2611519992351532
5944,25,model.layers.17.self_attn.k_proj,self_attn.k_proj,decode,1,QwenManualHybridLinear,0.27164798974990845
5945,25,model.layers.17.self_attn.v_proj,self_attn.v_proj,decode,1,QwenManualHybridLinear,0.25145599246025085
5946,25,model.layers.17.self_attn.o_proj,self_attn.o_proj,decode,1,QwenManualHybridLinear,0.10815999656915665
5947,25,model.layers.17.mlp.gate_proj,mlp.gate_proj,decode,1,QwenManualHybridLinear,0.26924800872802734
5948,25,model.layers.17.mlp.up_proj,mlp.up_proj,decode,1,QwenManualHybridLinear,0.2486400008201599
5949,25,model.layers.17.mlp.down_proj,mlp.down_proj,decode,1,QwenManualHybridLinear,0.2512960135936737
5950,25,model.layers.18.self_attn.q_proj,self_attn.q_proj,decode,1,QwenManualHybridLinear,0.26182401180267334
5951,25,model.layers.18.self_attn.k_proj,self_attn.k_proj,decode,1,QwenManualHybridLinear,0.24982400238513947
5952,25,model.layers.18.self_attn.v_proj,self_attn.v_proj,decode,1,QwenManualHybridLinear,0.24451200664043427
5953,25,model.layers.18.self_attn.o_proj,self_attn.o_proj,decode,1,QwenManualHybridLinear,0.10246399790048599
5954,25,model.layers.18.mlp.gate_proj,mlp.gate_proj,decode,1,QwenManualHybridLinear,0.266975998878479
5955,25,model.layers.18.mlp.up_proj,mlp.up_proj,decode,1,QwenManualHybridLinear,0.25839999318122864
5956,25,model.layers.18.mlp.down_proj,mlp.down_proj,decode,1,QwenManualHybridLinear,0.2505919933319092
5957,25,model.layers.19.self_attn.q_proj,self_attn.q_proj,decode,1,QwenManualHybridLinear,0.2570880055427551
5958,25,model.layers.19.self_attn.k_proj,self_attn.k_proj,decode,1,QwenManualHybridLinear,0.25225600600242615
5959,25,model.layers.19.self_attn.v_proj,self_attn.v_proj,decode,1,QwenManualHybridLinear,0.24489599466323853
5960,25,model.layers.19.self_attn.o_proj,self_attn.o_proj,decode,1,QwenManualHybridLinear,0.11155200004577637
5961,25,model.layers.19.mlp.gate_proj,mlp.gate_proj,decode,1,QwenManualHybridLinear,0.2783359885215759
5962,25,model.layers.19.mlp.up_proj,mlp.up_proj,decode,1,QwenManualHybridLinear,0.2579199969768524
5963,25,model.layers.19.mlp.down_proj,mlp.down_proj,decode,1,QwenManualHybridLinear,0.2731199860572815
5964,25,model.layers.20.self_attn.q_proj,self_attn.q_proj,decode,1,QwenManualHybridLinear,0.26284798979759216
5965,25,model.layers.20.self_attn.k_proj,self_attn.k_proj,decode,1,QwenManualHybridLinear,0.25228801369667053
5966,25,model.layers.20.self_attn.v_proj,self_attn.v_proj,decode,1,QwenManualHybridLinear,0.24371199309825897
5967,25,model.layers.20.self_attn.o_proj,self_attn.o_proj,decode,1,QwenManualHybridLinear,0.10688000172376633
5968,25,model.layers.20.mlp.gate_proj,mlp.gate_proj,decode,1,QwenManualHybridLinear,0.25999999046325684
5969,25,model.layers.20.mlp.up_proj,mlp.up_proj,decode,1,QwenManualHybridLinear,0.24249599874019623
5970,25,model.layers.20.mlp.down_proj,mlp.down_proj,decode,1,QwenManualHybridLinear,0.24355199933052063
5971,25,model.layers.21.self_attn.q_proj,self_attn.q_proj,decode,1,QwenManualHybridLinear,0.28035199642181396
5972,25,model.layers.21.self_attn.k_proj,self_attn.k_proj,decode,1,QwenManualHybridLinear,0.2563199996948242
5973,25,model.layers.21.self_attn.v_proj,self_attn.v_proj,decode,1,QwenManualHybridLinear,0.2460159957408905
5974,25,model.layers.21.self_attn.o_proj,self_attn.o_proj,decode,1,QwenManualHybridLinear,0.10345599800348282
5975,25,model.layers.21.mlp.gate_proj,mlp.gate_proj,decode,1,QwenManualHybridLinear,0.26470398902893066
5976,25,model.layers.21.mlp.up_proj,mlp.up_proj,decode,1,QwenManualHybridLinear,0.25808000564575195
5977,25,model.layers.21.mlp.down_proj,mlp.down_proj,decode,1,QwenManualHybridLinear,0.2492160052061081
5978,25,model.layers.22.self_attn.q_proj,self_attn.q_proj,decode,1,QwenManualHybridLinear,0.26015999913215637
5979,25,model.layers.22.self_attn.k_proj,self_attn.k_proj,decode,1,QwenManualHybridLinear,0.2517760097980499
5980,25,model.layers.22.self_attn.v_proj,self_attn.v_proj,decode,1,QwenManualHybridLinear,0.24377599358558655
5981,25,model.layers.22.self_attn.o_proj,self_attn.o_proj,decode,1,QwenManualHybridLinear,0.09839999675750732
5982,25,model.layers.22.mlp.gate_proj,mlp.gate_proj,decode,1,QwenManualHybridLinear,0.2847360074520111
5983,25,model.layers.22.mlp.up_proj,mlp.up_proj,decode,1,QwenManualHybridLinear,0.2520959973335266
5984,25,model.layers.22.mlp.down_proj,mlp.down_proj,decode,1,QwenManualHybridLinear,0.25488001108169556
5985,25,model.layers.23.self_attn.q_proj,self_attn.q_proj,decode,1,QwenManualHybridLinear,0.2571839988231659
5986,25,model.layers.23.self_attn.k_proj,self_attn.k_proj,decode,1,QwenManualHybridLinear,0.25622400641441345
5987,25,model.layers.23.self_attn.v_proj,self_attn.v_proj,decode,1,QwenManualHybridLinear,0.2462719976902008
5988,25,model.layers.23.self_attn.o_proj,self_attn.o_proj,decode,1,QwenManualHybridLinear,0.10627199709415436
5989,25,model.layers.23.mlp.gate_proj,mlp.gate_proj,decode,1,QwenManualHybridLinear,0.2701759934425354
5990,25,model.layers.23.mlp.up_proj,mlp.up_proj,decode,1,QwenManualHybridLinear,0.2545279860496521
5991,25,model.layers.23.mlp.down_proj,mlp.down_proj,decode,1,QwenManualHybridLinear,0.24723200500011444
5992,25,model.layers.24.self_attn.q_proj,self_attn.q_proj,decode,1,QwenManualHybridLinear,0.27961599826812744
5993,25,model.layers.24.self_attn.k_proj,self_attn.k_proj,decode,1,QwenManualHybridLinear,0.25091201066970825
5994,25,model.layers.24.self_attn.v_proj,self_attn.v_proj,decode,1,QwenManualHybridLinear,0.2627519965171814
5995,25,model.layers.24.self_attn.o_proj,self_attn.o_proj,decode,1,QwenManualHybridLinear,0.1098560020327568
5996,25,model.layers.24.mlp.gate_proj,mlp.gate_proj,decode,1,QwenManualHybridLinear,0.2688640058040619
5997,25,model.layers.24.mlp.up_proj,mlp.up_proj,decode,1,QwenManualHybridLinear,0.2563199996948242
5998,25,model.layers.24.mlp.down_proj,mlp.down_proj,decode,1,QwenManualHybridLinear,0.24515199661254883
5999,25,model.layers.25.self_attn.q_proj,self_attn.q_proj,decode,1,QwenManualHybridLinear,0.26447999477386475
6000,25,model.layers.25.self_attn.k_proj,self_attn.k_proj,decode,1,QwenManualHybridLinear,0.253248006105423
6001,25,model.layers.25.self_attn.v_proj,self_attn.v_proj,decode,1,QwenManualHybridLinear,0.24480000138282776
6002,25,model.layers.25.self_attn.o_proj,self_attn.o_proj,decode,1,QwenManualHybridLinear,0.1008640006184578
6003,25,model.layers.25.mlp.gate_proj,mlp.gate_proj,decode,1,QwenManualHybridLinear,0.2611519992351532
6004,25,model.layers.25.mlp.up_proj,mlp.up_proj,decode,1,QwenManualHybridLinear,0.24672000110149384
6005,25,model.layers.25.mlp.down_proj,mlp.down_proj,decode,1,QwenManualHybridLinear,0.24566400051116943
6006,25,model.layers.26.self_attn.q_proj,self_attn.q_proj,decode,1,QwenManualHybridLinear,0.25443199276924133
6007,25,model.layers.26.self_attn.k_proj,self_attn.k_proj,decode,1,QwenManualHybridLinear,0.25113600492477417
6008,25,model.layers.26.self_attn.v_proj,self_attn.v_proj,decode,1,QwenManualHybridLinear,0.24563199281692505
6009,25,model.layers.26.self_attn.o_proj,self_attn.o_proj,decode,1,QwenManualHybridLinear,0.10665600001811981
6010,25,model.layers.26.mlp.gate_proj,mlp.gate_proj,decode,1,QwenManualHybridLinear,0.2754240036010742
6011,25,model.layers.26.mlp.up_proj,mlp.up_proj,decode,1,QwenManualHybridLinear,0.245728000998497
6012,25,model.layers.26.mlp.down_proj,mlp.down_proj,decode,1,QwenManualHybridLinear,0.26422399282455444
6013,25,model.layers.27.self_attn.q_proj,self_attn.q_proj,decode,1,QwenManualHybridLinear,0.2600319981575012
6014,25,model.layers.27.self_attn.k_proj,self_attn.k_proj,decode,1,QwenManualHybridLinear,0.24825599789619446
6015,25,model.layers.27.self_attn.v_proj,self_attn.v_proj,decode,1,QwenManualHybridLinear,0.24211199581623077
6016,25,model.layers.27.self_attn.o_proj,self_attn.o_proj,decode,1,QwenManualHybridLinear,0.107744000852108
6017,25,model.layers.27.mlp.gate_proj,mlp.gate_proj,decode,1,QwenManualHybridLinear,0.27907198667526245
6018,25,model.layers.27.mlp.up_proj,mlp.up_proj,decode,1,QwenManualHybridLinear,0.2495039999485016
6019,25,model.layers.27.mlp.down_proj,mlp.down_proj,decode,1,QwenManualHybridLinear,0.24691200256347656
6020,25,model.layers.28.self_attn.q_proj,self_attn.q_proj,decode,1,QwenManualHybridLinear,0.26230400800704956
6021,25,model.layers.28.self_attn.k_proj,self_attn.k_proj,decode,1,QwenManualHybridLinear,0.24780799448490143
6022,25,model.layers.28.self_attn.v_proj,self_attn.v_proj,decode,1,QwenManualHybridLinear,0.25808000564575195
6023,25,model.layers.28.self_attn.o_proj,self_attn.o_proj,decode,1,QwenManualHybridLinear,0.10691200196743011
6024,25,model.layers.28.mlp.gate_proj,mlp.gate_proj,decode,1,QwenManualHybridLinear,0.26182401180267334
6025,25,model.layers.28.mlp.up_proj,mlp.up_proj,decode,1,QwenManualHybridLinear,0.24454399943351746
6026,25,model.layers.28.mlp.down_proj,mlp.down_proj,decode,1,QwenManualHybridLinear,0.2460480034351349
6027,25,model.layers.29.self_attn.q_proj,self_attn.q_proj,decode,1,QwenManualHybridLinear,0.25433599948883057
6028,25,model.layers.29.self_attn.k_proj,self_attn.k_proj,decode,1,QwenManualHybridLinear,0.2585279941558838
6029,25,model.layers.29.self_attn.v_proj,self_attn.v_proj,decode,1,QwenManualHybridLinear,0.2457599937915802
6030,25,model.layers.29.self_attn.o_proj,self_attn.o_proj,decode,1,QwenManualHybridLinear,0.10313600301742554
6031,25,model.layers.29.mlp.gate_proj,mlp.gate_proj,decode,1,QwenManualHybridLinear,0.2712959945201874
6032,25,model.layers.29.mlp.up_proj,mlp.up_proj,decode,1,QwenManualHybridLinear,0.24700799584388733
6033,25,model.layers.29.mlp.down_proj,mlp.down_proj,decode,1,QwenManualHybridLinear,0.2452480047941208
6034,25,model.layers.30.self_attn.q_proj,self_attn.q_proj,decode,1,QwenManualHybridLinear,0.25887998938560486
6035,25,model.layers.30.self_attn.k_proj,self_attn.k_proj,decode,1,QwenManualHybridLinear,0.24476799368858337
6036,25,model.layers.30.self_attn.v_proj,self_attn.v_proj,decode,1,QwenManualHybridLinear,0.24428799748420715
6037,25,model.layers.30.self_attn.o_proj,self_attn.o_proj,decode,1,QwenManualHybridLinear,0.11113599687814713
6038,25,model.layers.30.mlp.gate_proj,mlp.gate_proj,decode,1,QwenManualHybridLinear,0.2609280049800873
6039,25,model.layers.30.mlp.up_proj,mlp.up_proj,decode,1,QwenManualHybridLinear,0.24508799612522125
6040,25,model.layers.30.mlp.down_proj,mlp.down_proj,decode,1,QwenManualHybridLinear,0.2449599951505661
6041,25,model.layers.31.self_attn.q_proj,self_attn.q_proj,decode,1,QwenManualHybridLinear,0.28307199478149414
6042,25,model.layers.31.self_attn.k_proj,self_attn.k_proj,decode,1,QwenManualHybridLinear,0.2463040053844452
6043,25,model.layers.31.self_attn.v_proj,self_attn.v_proj,decode,1,QwenManualHybridLinear,0.24160000681877136
6044,25,model.layers.31.self_attn.o_proj,self_attn.o_proj,decode,1,QwenManualHybridLinear,0.09683199971914291
6045,25,model.layers.31.mlp.gate_proj,mlp.gate_proj,decode,1,QwenManualHybridLinear,0.26236799359321594
6046,25,model.layers.31.mlp.up_proj,mlp.up_proj,decode,1,QwenManualHybridLinear,0.2449280023574829
6047,25,model.layers.31.mlp.down_proj,mlp.down_proj,decode,1,QwenManualHybridLinear,0.24822400510311127
6048,26,model.layers.0.self_attn.q_proj,self_attn.q_proj,decode,1,QwenManualHybridLinear,0.3983039855957031
6049,26,model.layers.0.self_attn.k_proj,self_attn.k_proj,decode,1,QwenManualHybridLinear,0.2775999903678894
6050,26,model.layers.0.self_attn.v_proj,self_attn.v_proj,decode,1,QwenManualHybridLinear,0.2513279914855957
6051,26,model.layers.0.self_attn.o_proj,self_attn.o_proj,decode,1,QwenManualHybridLinear,0.107744000852108
6052,26,model.layers.0.mlp.gate_proj,mlp.gate_proj,decode,1,QwenManualHybridLinear,0.2840319871902466
6053,26,model.layers.0.mlp.up_proj,mlp.up_proj,decode,1,QwenManualHybridLinear,0.2550399899482727
6054,26,model.layers.0.mlp.down_proj,mlp.down_proj,decode,1,QwenManualHybridLinear,0.25302401185035706
6055,26,model.layers.1.self_attn.q_proj,self_attn.q_proj,decode,1,QwenManualHybridLinear,0.26204800605773926
6056,26,model.layers.1.self_attn.k_proj,self_attn.k_proj,decode,1,QwenManualHybridLinear,0.27001601457595825
6057,26,model.layers.1.self_attn.v_proj,self_attn.v_proj,decode,1,QwenManualHybridLinear,0.24316799640655518
6058,26,model.layers.1.self_attn.o_proj,self_attn.o_proj,decode,1,QwenManualHybridLinear,0.11692799627780914
6059,26,model.layers.1.mlp.gate_proj,mlp.gate_proj,decode,1,QwenManualHybridLinear,0.27504000067710876
6060,26,model.layers.1.mlp.up_proj,mlp.up_proj,decode,1,QwenManualHybridLinear,0.2505599856376648
6061,26,model.layers.1.mlp.down_proj,mlp.down_proj,decode,1,QwenManualHybridLinear,0.24793599545955658
6062,26,model.layers.2.self_attn.q_proj,self_attn.q_proj,decode,1,QwenManualHybridLinear,0.26495999097824097
6063,26,model.layers.2.self_attn.k_proj,self_attn.k_proj,decode,1,QwenManualHybridLinear,0.2489600032567978
6064,26,model.layers.2.self_attn.v_proj,self_attn.v_proj,decode,1,QwenManualHybridLinear,0.24358400702476501
6065,26,model.layers.2.self_attn.o_proj,self_attn.o_proj,decode,1,QwenManualHybridLinear,0.11548800021409988
6066,26,model.layers.2.mlp.gate_proj,mlp.gate_proj,decode,1,QwenManualHybridLinear,0.2743360102176666
6067,26,model.layers.2.mlp.up_proj,mlp.up_proj,decode,1,QwenManualHybridLinear,0.2555199861526489
6068,26,model.layers.2.mlp.down_proj,mlp.down_proj,decode,1,QwenManualHybridLinear,0.24876800179481506
6069,26,model.layers.3.self_attn.q_proj,self_attn.q_proj,decode,1,QwenManualHybridLinear,0.26633599400520325
6070,26,model.layers.3.self_attn.k_proj,self_attn.k_proj,decode,1,QwenManualHybridLinear,0.25097599625587463
6071,26,model.layers.3.self_attn.v_proj,self_attn.v_proj,decode,1,QwenManualHybridLinear,0.24185599386692047
6072,26,model.layers.3.self_attn.o_proj,self_attn.o_proj,decode,1,QwenManualHybridLinear,0.10547199845314026
6073,26,model.layers.3.mlp.gate_proj,mlp.gate_proj,decode,1,QwenManualHybridLinear,0.2625280022621155
6074,26,model.layers.3.mlp.up_proj,mlp.up_proj,decode,1,QwenManualHybridLinear,0.2517760097980499
6075,26,model.layers.3.mlp.down_proj,mlp.down_proj,decode,1,QwenManualHybridLinear,0.35836800932884216
6076,26,model.layers.4.self_attn.q_proj,self_attn.q_proj,decode,1,QwenManualHybridLinear,0.2876479923725128
6077,26,model.layers.4.self_attn.k_proj,self_attn.k_proj,decode,1,QwenManualHybridLinear,0.2565760016441345
6078,26,model.layers.4.self_attn.v_proj,self_attn.v_proj,decode,1,QwenManualHybridLinear,0.24748800694942474
6079,26,model.layers.4.self_attn.o_proj,self_attn.o_proj,decode,1,QwenManualHybridLinear,0.10076799988746643
6080,26,model.layers.4.mlp.gate_proj,mlp.gate_proj,decode,1,QwenManualHybridLinear,0.26345598697662354
6081,26,model.layers.4.mlp.up_proj,mlp.up_proj,decode,1,QwenManualHybridLinear,0.2467840015888214
6082,26,model.layers.4.mlp.down_proj,mlp.down_proj,decode,1,QwenManualHybridLinear,0.24687999486923218
6083,26,model.layers.5.self_attn.q_proj,self_attn.q_proj,decode,1,QwenManualHybridLinear,0.2567040026187897
6084,26,model.layers.5.self_attn.k_proj,self_attn.k_proj,decode,1,QwenManualHybridLinear,0.2567040026187897
6085,26,model.layers.5.self_attn.v_proj,self_attn.v_proj,decode,1,QwenManualHybridLinear,0.24316799640655518
6086,26,model.layers.5.self_attn.o_proj,self_attn.o_proj,decode,1,QwenManualHybridLinear,0.11388800293207169
6087,26,model.layers.5.mlp.gate_proj,mlp.gate_proj,decode,1,QwenManualHybridLinear,0.2595840096473694
6088,26,model.layers.5.mlp.up_proj,mlp.up_proj,decode,1,QwenManualHybridLinear,0.24796800315380096
6089,26,model.layers.5.mlp.down_proj,mlp.down_proj,decode,1,QwenManualHybridLinear,0.24607999622821808
6090,26,model.layers.6.self_attn.q_proj,self_attn.q_proj,decode,1,QwenManualHybridLinear,0.2604160010814667
6091,26,model.layers.6.self_attn.k_proj,self_attn.k_proj,decode,1,QwenManualHybridLinear,0.2473600059747696
6092,26,model.layers.6.self_attn.v_proj,self_attn.v_proj,decode,1,QwenManualHybridLinear,0.24764800071716309
6093,26,model.layers.6.self_attn.o_proj,self_attn.o_proj,decode,1,QwenManualHybridLinear,0.10889600217342377
6094,26,model.layers.6.mlp.gate_proj,mlp.gate_proj,decode,1,QwenManualHybridLinear,0.2669439911842346
6095,26,model.layers.6.mlp.up_proj,mlp.up_proj,decode,1,QwenManualHybridLinear,0.2532159984111786
6096,26,model.layers.6.mlp.down_proj,mlp.down_proj,decode,1,QwenManualHybridLinear,0.26499199867248535
6097,26,model.layers.7.self_attn.q_proj,self_attn.q_proj,decode,1,QwenManualHybridLinear,0.2632319927215576
6098,26,model.layers.7.self_attn.k_proj,self_attn.k_proj,decode,1,QwenManualHybridLinear,0.2495039999485016
6099,26,model.layers.7.self_attn.v_proj,self_attn.v_proj,decode,1,QwenManualHybridLinear,0.24348799884319305
6100,26,model.layers.7.self_attn.o_proj,self_attn.o_proj,decode,1,QwenManualHybridLinear,0.10796800255775452
6101,26,model.layers.7.mlp.gate_proj,mlp.gate_proj,decode,1,QwenManualHybridLinear,0.26310399174690247
6102,26,model.layers.7.mlp.up_proj,mlp.up_proj,decode,1,QwenManualHybridLinear,0.24556800723075867
6103,26,model.layers.7.mlp.down_proj,mlp.down_proj,decode,1,QwenManualHybridLinear,0.2415360063314438
6104,26,model.layers.8.self_attn.q_proj,self_attn.q_proj,decode,1,QwenManualHybridLinear,0.2569600045681
6105,26,model.layers.8.self_attn.k_proj,self_attn.k_proj,decode,1,QwenManualHybridLinear,0.25628799200057983
6106,26,model.layers.8.self_attn.v_proj,self_attn.v_proj,decode,1,QwenManualHybridLinear,0.2604160010814667
6107,26,model.layers.8.self_attn.o_proj,self_attn.o_proj,decode,1,QwenManualHybridLinear,0.10623999685049057
6108,26,model.layers.8.mlp.gate_proj,mlp.gate_proj,decode,1,QwenManualHybridLinear,0.2604160010814667
6109,26,model.layers.8.mlp.up_proj,mlp.up_proj,decode,1,QwenManualHybridLinear,0.2561280131340027
6110,26,model.layers.8.mlp.down_proj,mlp.down_proj,decode,1,QwenManualHybridLinear,0.2471040040254593
6111,26,model.layers.9.self_attn.q_proj,self_attn.q_proj,decode,1,QwenManualHybridLinear,0.2706240117549896
6112,26,model.layers.9.self_attn.k_proj,self_attn.k_proj,decode,1,QwenManualHybridLinear,0.246848002076149
6113,26,model.layers.9.self_attn.v_proj,self_attn.v_proj,decode,1,QwenManualHybridLinear,0.2412479966878891
6114,26,model.layers.9.self_attn.o_proj,self_attn.o_proj,decode,1,QwenManualHybridLinear,0.10486400127410889
6115,26,model.layers.9.mlp.gate_proj,mlp.gate_proj,decode,1,QwenManualHybridLinear,0.27772799134254456
6116,26,model.layers.9.mlp.up_proj,mlp.up_proj,decode,1,QwenManualHybridLinear,0.2531520128250122
6117,26,model.layers.9.mlp.down_proj,mlp.down_proj,decode,1,QwenManualHybridLinear,0.24729600548744202
6118,26,model.layers.10.self_attn.q_proj,self_attn.q_proj,decode,1,QwenManualHybridLinear,0.2675839960575104
6119,26,model.layers.10.self_attn.k_proj,self_attn.k_proj,decode,1,QwenManualHybridLinear,0.2489600032567978
6120,26,model.layers.10.self_attn.v_proj,self_attn.v_proj,decode,1,QwenManualHybridLinear,0.24323199689388275
6121,26,model.layers.10.self_attn.o_proj,self_attn.o_proj,decode,1,QwenManualHybridLinear,0.10313600301742554
6122,26,model.layers.10.mlp.gate_proj,mlp.gate_proj,decode,1,QwenManualHybridLinear,0.2622080147266388
6123,26,model.layers.10.mlp.up_proj,mlp.up_proj,decode,1,QwenManualHybridLinear,0.24636800587177277
6124,26,model.layers.10.mlp.down_proj,mlp.down_proj,decode,1,QwenManualHybridLinear,0.24460799992084503
6125,26,model.layers.11.self_attn.q_proj,self_attn.q_proj,decode,1,QwenManualHybridLinear,0.2879039943218231
6126,26,model.layers.11.self_attn.k_proj,self_attn.k_proj,decode,1,QwenManualHybridLinear,0.25836798548698425
6127,26,model.layers.11.self_attn.v_proj,self_attn.v_proj,decode,1,QwenManualHybridLinear,0.26099199056625366
6128,26,model.layers.11.self_attn.o_proj,self_attn.o_proj,decode,1,QwenManualHybridLinear,0.10611200332641602
6129,26,model.layers.11.mlp.gate_proj,mlp.gate_proj,decode,1,QwenManualHybridLinear,0.2605440020561218
6130,26,model.layers.11.mlp.up_proj,mlp.up_proj,decode,1,QwenManualHybridLinear,0.24953599274158478
6131,26,model.layers.11.mlp.down_proj,mlp.down_proj,decode,1,QwenManualHybridLinear,0.24425600469112396
6132,26,model.layers.12.self_attn.q_proj,self_attn.q_proj,decode,1,QwenManualHybridLinear,0.25884801149368286
6133,26,model.layers.12.self_attn.k_proj,self_attn.k_proj,decode,1,QwenManualHybridLinear,0.25116801261901855
6134,26,model.layers.12.self_attn.v_proj,self_attn.v_proj,decode,1,QwenManualHybridLinear,0.24111999571323395
6135,26,model.layers.12.self_attn.o_proj,self_attn.o_proj,decode,1,QwenManualHybridLinear,0.11187200248241425
6136,26,model.layers.12.mlp.gate_proj,mlp.gate_proj,decode,1,QwenManualHybridLinear,0.26822400093078613
6137,26,model.layers.12.mlp.up_proj,mlp.up_proj,decode,1,QwenManualHybridLinear,0.24963200092315674
6138,26,model.layers.12.mlp.down_proj,mlp.down_proj,decode,1,QwenManualHybridLinear,0.2451840043067932
6139,26,model.layers.13.self_attn.q_proj,self_attn.q_proj,decode,1,QwenManualHybridLinear,0.26073598861694336
6140,26,model.layers.13.self_attn.k_proj,self_attn.k_proj,decode,1,QwenManualHybridLinear,0.24774399399757385
6141,26,model.layers.13.self_attn.v_proj,self_attn.v_proj,decode,1,QwenManualHybridLinear,0.2431039959192276
6142,26,model.layers.13.self_attn.o_proj,self_attn.o_proj,decode,1,QwenManualHybridLinear,0.10012800246477127
6143,26,model.layers.13.mlp.gate_proj,mlp.gate_proj,decode,1,QwenManualHybridLinear,0.28019198775291443
6144,26,model.layers.13.mlp.up_proj,mlp.up_proj,decode,1,QwenManualHybridLinear,3.1500160694122314
6145,26,model.layers.13.mlp.down_proj,mlp.down_proj,decode,1,QwenManualHybridLinear,0.5023999810218811
6146,26,model.layers.14.self_attn.q_proj,self_attn.q_proj,decode,1,QwenManualHybridLinear,0.301472008228302
6147,26,model.layers.14.self_attn.k_proj,self_attn.k_proj,decode,1,QwenManualHybridLinear,0.26422399282455444
6148,26,model.layers.14.self_attn.v_proj,self_attn.v_proj,decode,1,QwenManualHybridLinear,0.2508479952812195
6149,26,model.layers.14.self_attn.o_proj,self_attn.o_proj,decode,1,QwenManualHybridLinear,0.10620799660682678
6150,26,model.layers.14.mlp.gate_proj,mlp.gate_proj,decode,1,QwenManualHybridLinear,0.26204800605773926
6151,26,model.layers.14.mlp.up_proj,mlp.up_proj,decode,1,QwenManualHybridLinear,0.24700799584388733
6152,26,model.layers.14.mlp.down_proj,mlp.down_proj,decode,1,QwenManualHybridLinear,0.2467840015888214
6153,26,model.layers.15.self_attn.q_proj,self_attn.q_proj,decode,1,QwenManualHybridLinear,0.2624000012874603
6154,26,model.layers.15.self_attn.k_proj,self_attn.k_proj,decode,1,QwenManualHybridLinear,0.2550399899482727
6155,26,model.layers.15.self_attn.v_proj,self_attn.v_proj,decode,1,QwenManualHybridLinear,0.24697600305080414
6156,26,model.layers.15.self_attn.o_proj,self_attn.o_proj,decode,1,QwenManualHybridLinear,0.11977600306272507
6157,26,model.layers.15.mlp.gate_proj,mlp.gate_proj,decode,1,QwenManualHybridLinear,0.2630079984664917
6158,26,model.layers.15.mlp.up_proj,mlp.up_proj,decode,1,QwenManualHybridLinear,0.25574401021003723
6159,26,model.layers.15.mlp.down_proj,mlp.down_proj,decode,1,QwenManualHybridLinear,0.24848000705242157
6160,26,model.layers.16.self_attn.q_proj,self_attn.q_proj,decode,1,QwenManualHybridLinear,0.26185598969459534
6161,26,model.layers.16.self_attn.k_proj,self_attn.k_proj,decode,1,QwenManualHybridLinear,0.25228801369667053
6162,26,model.layers.16.self_attn.v_proj,self_attn.v_proj,decode,1,QwenManualHybridLinear,0.24742400646209717
6163,26,model.layers.16.self_attn.o_proj,self_attn.o_proj,decode,1,QwenManualHybridLinear,0.10745599865913391
6164,26,model.layers.16.mlp.gate_proj,mlp.gate_proj,decode,1,QwenManualHybridLinear,0.2613759934902191
6165,26,model.layers.16.mlp.up_proj,mlp.up_proj,decode,1,QwenManualHybridLinear,0.26867198944091797
6166,26,model.layers.16.mlp.down_proj,mlp.down_proj,decode,1,QwenManualHybridLinear,0.24959999322891235
6167,26,model.layers.17.self_attn.q_proj,self_attn.q_proj,decode,1,QwenManualHybridLinear,0.25699201226234436
6168,26,model.layers.17.self_attn.k_proj,self_attn.k_proj,decode,1,QwenManualHybridLinear,0.25119999051094055
6169,26,model.layers.17.self_attn.v_proj,self_attn.v_proj,decode,1,QwenManualHybridLinear,0.24527999758720398
6170,26,model.layers.17.self_attn.o_proj,self_attn.o_proj,decode,1,QwenManualHybridLinear,0.10768000036478043
6171,26,model.layers.17.mlp.gate_proj,mlp.gate_proj,decode,1,QwenManualHybridLinear,0.2640640139579773
6172,26,model.layers.17.mlp.up_proj,mlp.up_proj,decode,1,QwenManualHybridLinear,0.24639999866485596
6173,26,model.layers.17.mlp.down_proj,mlp.down_proj,decode,1,QwenManualHybridLinear,0.25308799743652344
6174,26,model.layers.18.self_attn.q_proj,self_attn.q_proj,decode,1,QwenManualHybridLinear,0.26159998774528503
6175,26,model.layers.18.self_attn.k_proj,self_attn.k_proj,decode,1,QwenManualHybridLinear,0.26153600215911865
6176,26,model.layers.18.self_attn.v_proj,self_attn.v_proj,decode,1,QwenManualHybridLinear,0.252128005027771
6177,26,model.layers.18.self_attn.o_proj,self_attn.o_proj,decode,1,QwenManualHybridLinear,0.12332800030708313
6178,26,model.layers.18.mlp.gate_proj,mlp.gate_proj,decode,1,QwenManualHybridLinear,0.2725439965724945
6179,26,model.layers.18.mlp.up_proj,mlp.up_proj,decode,1,QwenManualHybridLinear,0.25459200143814087
6180,26,model.layers.18.mlp.down_proj,mlp.down_proj,decode,1,QwenManualHybridLinear,0.2513599991798401
6181,26,model.layers.19.self_attn.q_proj,self_attn.q_proj,decode,1,QwenManualHybridLinear,0.26204800605773926
6182,26,model.layers.19.self_attn.k_proj,self_attn.k_proj,decode,1,QwenManualHybridLinear,0.2510719895362854
6183,26,model.layers.19.self_attn.v_proj,self_attn.v_proj,decode,1,QwenManualHybridLinear,0.2479040026664734
6184,26,model.layers.19.self_attn.o_proj,self_attn.o_proj,decode,1,QwenManualHybridLinear,0.11481600254774094
6185,26,model.layers.19.mlp.gate_proj,mlp.gate_proj,decode,1,QwenManualHybridLinear,0.26662400364875793
6186,26,model.layers.19.mlp.up_proj,mlp.up_proj,decode,1,QwenManualHybridLinear,0.26467201113700867
6187,26,model.layers.19.mlp.down_proj,mlp.down_proj,decode,1,QwenManualHybridLinear,0.24489599466323853
6188,26,model.layers.20.self_attn.q_proj,self_attn.q_proj,decode,1,QwenManualHybridLinear,0.27673599123954773
6189,26,model.layers.20.self_attn.k_proj,self_attn.k_proj,decode,1,QwenManualHybridLinear,0.25600001215934753
6190,26,model.layers.20.self_attn.v_proj,self_attn.v_proj,decode,1,QwenManualHybridLinear,0.2495039999485016
6191,26,model.layers.20.self_attn.o_proj,self_attn.o_proj,decode,1,QwenManualHybridLinear,0.11462400108575821
6192,26,model.layers.20.mlp.gate_proj,mlp.gate_proj,decode,1,QwenManualHybridLinear,0.25836798548698425
6193,26,model.layers.20.mlp.up_proj,mlp.up_proj,decode,1,QwenManualHybridLinear,0.24649600684642792
6194,26,model.layers.20.mlp.down_proj,mlp.down_proj,decode,1,QwenManualHybridLinear,0.2455040067434311
6195,26,model.layers.21.self_attn.q_proj,self_attn.q_proj,decode,1,QwenManualHybridLinear,0.2620159983634949
6196,26,model.layers.21.self_attn.k_proj,self_attn.k_proj,decode,1,QwenManualHybridLinear,0.2481279969215393
6197,26,model.layers.21.self_attn.v_proj,self_attn.v_proj,decode,1,QwenManualHybridLinear,0.24691200256347656
6198,26,model.layers.21.self_attn.o_proj,self_attn.o_proj,decode,1,QwenManualHybridLinear,0.10918399691581726
6199,26,model.layers.21.mlp.gate_proj,mlp.gate_proj,decode,1,QwenManualHybridLinear,0.2761920094490051
6200,26,model.layers.21.mlp.up_proj,mlp.up_proj,decode,1,QwenManualHybridLinear,0.25414401292800903
6201,26,model.layers.21.mlp.down_proj,mlp.down_proj,decode,1,QwenManualHybridLinear,0.24803200364112854
6202,26,model.layers.22.self_attn.q_proj,self_attn.q_proj,decode,1,QwenManualHybridLinear,0.2586880028247833
6203,26,model.layers.22.self_attn.k_proj,self_attn.k_proj,decode,1,QwenManualHybridLinear,0.24979199469089508
6204,26,model.layers.22.self_attn.v_proj,self_attn.v_proj,decode,1,QwenManualHybridLinear,0.24406400322914124
6205,26,model.layers.22.self_attn.o_proj,self_attn.o_proj,decode,1,QwenManualHybridLinear,0.10953599959611893
6206,26,model.layers.22.mlp.gate_proj,mlp.gate_proj,decode,1,QwenManualHybridLinear,0.2614080011844635
6207,26,model.layers.22.mlp.up_proj,mlp.up_proj,decode,1,QwenManualHybridLinear,0.24902400374412537
6208,26,model.layers.22.mlp.down_proj,mlp.down_proj,decode,1,QwenManualHybridLinear,0.24582399427890778
6209,26,model.layers.23.self_attn.q_proj,self_attn.q_proj,decode,1,QwenManualHybridLinear,0.26310399174690247
6210,26,model.layers.23.self_attn.k_proj,self_attn.k_proj,decode,1,QwenManualHybridLinear,0.2598080039024353
6211,26,model.layers.23.self_attn.v_proj,self_attn.v_proj,decode,1,QwenManualHybridLinear,0.24646399915218353
6212,26,model.layers.23.self_attn.o_proj,self_attn.o_proj,decode,1,QwenManualHybridLinear,0.10515200346708298
6213,26,model.layers.23.mlp.gate_proj,mlp.gate_proj,decode,1,QwenManualHybridLinear,0.2610880136489868
6214,26,model.layers.23.mlp.up_proj,mlp.up_proj,decode,1,QwenManualHybridLinear,0.2537919878959656
6215,26,model.layers.23.mlp.down_proj,mlp.down_proj,decode,1,QwenManualHybridLinear,0.24454399943351746
6216,26,model.layers.24.self_attn.q_proj,self_attn.q_proj,decode,1,QwenManualHybridLinear,0.2884800136089325
6217,26,model.layers.24.self_attn.k_proj,self_attn.k_proj,decode,1,QwenManualHybridLinear,0.24668799340724945
6218,26,model.layers.24.self_attn.v_proj,self_attn.v_proj,decode,1,QwenManualHybridLinear,0.24639999866485596
6219,26,model.layers.24.self_attn.o_proj,self_attn.o_proj,decode,1,QwenManualHybridLinear,0.10911999642848969
6220,26,model.layers.24.mlp.gate_proj,mlp.gate_proj,decode,1,QwenManualHybridLinear,0.28035199642181396
6221,26,model.layers.24.mlp.up_proj,mlp.up_proj,decode,1,QwenManualHybridLinear,0.24835200607776642
6222,26,model.layers.24.mlp.down_proj,mlp.down_proj,decode,1,QwenManualHybridLinear,0.25148800015449524
6223,26,model.layers.25.self_attn.q_proj,self_attn.q_proj,decode,1,QwenManualHybridLinear,0.2634879946708679
6224,26,model.layers.25.self_attn.k_proj,self_attn.k_proj,decode,1,QwenManualHybridLinear,0.270143985748291
6225,26,model.layers.25.self_attn.v_proj,self_attn.v_proj,decode,1,QwenManualHybridLinear,0.25065600872039795
6226,26,model.layers.25.self_attn.o_proj,self_attn.o_proj,decode,1,QwenManualHybridLinear,0.11036799848079681
6227,26,model.layers.25.mlp.gate_proj,mlp.gate_proj,decode,1,QwenManualHybridLinear,0.2624959945678711
6228,26,model.layers.25.mlp.up_proj,mlp.up_proj,decode,1,QwenManualHybridLinear,0.2449599951505661
6229,26,model.layers.25.mlp.down_proj,mlp.down_proj,decode,1,QwenManualHybridLinear,0.2524479925632477
6230,26,model.layers.26.self_attn.q_proj,self_attn.q_proj,decode,1,QwenManualHybridLinear,0.2603519856929779
6231,26,model.layers.26.self_attn.k_proj,self_attn.k_proj,decode,1,QwenManualHybridLinear,0.2521919906139374
6232,26,model.layers.26.self_attn.v_proj,self_attn.v_proj,decode,1,QwenManualHybridLinear,0.24595199525356293
6233,26,model.layers.26.self_attn.o_proj,self_attn.o_proj,decode,1,QwenManualHybridLinear,0.10156799852848053
6234,26,model.layers.26.mlp.gate_proj,mlp.gate_proj,decode,1,QwenManualHybridLinear,0.26761600375175476
6235,26,model.layers.26.mlp.up_proj,mlp.up_proj,decode,1,QwenManualHybridLinear,0.24726399779319763
6236,26,model.layers.26.mlp.down_proj,mlp.down_proj,decode,1,QwenManualHybridLinear,0.2523519992828369
6237,26,model.layers.27.self_attn.q_proj,self_attn.q_proj,decode,1,QwenManualHybridLinear,0.26924800872802734
6238,26,model.layers.27.self_attn.k_proj,self_attn.k_proj,decode,1,QwenManualHybridLinear,0.2489600032567978
6239,26,model.layers.27.self_attn.v_proj,self_attn.v_proj,decode,1,QwenManualHybridLinear,0.24806399643421173
6240,26,model.layers.27.self_attn.o_proj,self_attn.o_proj,decode,1,QwenManualHybridLinear,0.118367999792099
6241,26,model.layers.27.mlp.gate_proj,mlp.gate_proj,decode,1,QwenManualHybridLinear,0.2720000147819519
6242,26,model.layers.27.mlp.up_proj,mlp.up_proj,decode,1,QwenManualHybridLinear,0.2504960000514984
6243,26,model.layers.27.mlp.down_proj,mlp.down_proj,decode,1,QwenManualHybridLinear,0.26678401231765747
6244,26,model.layers.28.self_attn.q_proj,self_attn.q_proj,decode,1,QwenManualHybridLinear,0.26342400908470154
6245,26,model.layers.28.self_attn.k_proj,self_attn.k_proj,decode,1,QwenManualHybridLinear,0.2510400116443634
6246,26,model.layers.28.self_attn.v_proj,self_attn.v_proj,decode,1,QwenManualHybridLinear,0.24278399348258972
6247,26,model.layers.28.self_attn.o_proj,self_attn.o_proj,decode,1,QwenManualHybridLinear,0.10672000050544739
6248,26,model.layers.28.mlp.gate_proj,mlp.gate_proj,decode,1,QwenManualHybridLinear,0.25782400369644165
6249,26,model.layers.28.mlp.up_proj,mlp.up_proj,decode,1,QwenManualHybridLinear,0.24508799612522125
6250,26,model.layers.28.mlp.down_proj,mlp.down_proj,decode,1,QwenManualHybridLinear,0.25043201446533203
6251,26,model.layers.29.self_attn.q_proj,self_attn.q_proj,decode,1,QwenManualHybridLinear,0.26265600323677063
6252,26,model.layers.29.self_attn.k_proj,self_attn.k_proj,decode,1,QwenManualHybridLinear,0.25225600600242615
6253,26,model.layers.29.self_attn.v_proj,self_attn.v_proj,decode,1,QwenManualHybridLinear,0.27164798974990845
6254,26,model.layers.29.self_attn.o_proj,self_attn.o_proj,decode,1,QwenManualHybridLinear,0.09984000027179718
6255,26,model.layers.29.mlp.gate_proj,mlp.gate_proj,decode,1,QwenManualHybridLinear,0.26179200410842896
6256,26,model.layers.29.mlp.up_proj,mlp.up_proj,decode,1,QwenManualHybridLinear,0.2475840002298355
6257,26,model.layers.29.mlp.down_proj,mlp.down_proj,decode,1,QwenManualHybridLinear,0.24614399671554565
6258,26,model.layers.30.self_attn.q_proj,self_attn.q_proj,decode,1,QwenManualHybridLinear,0.25753599405288696
6259,26,model.layers.30.self_attn.k_proj,self_attn.k_proj,decode,1,QwenManualHybridLinear,0.2510719895362854
6260,26,model.layers.30.self_attn.v_proj,self_attn.v_proj,decode,1,QwenManualHybridLinear,0.24201600253582
6261,26,model.layers.30.self_attn.o_proj,self_attn.o_proj,decode,1,QwenManualHybridLinear,0.11084800213575363
6262,26,model.layers.30.mlp.gate_proj,mlp.gate_proj,decode,1,QwenManualHybridLinear,0.2865920066833496
6263,26,model.layers.30.mlp.up_proj,mlp.up_proj,decode,1,QwenManualHybridLinear,0.25254398584365845
6264,26,model.layers.30.mlp.down_proj,mlp.down_proj,decode,1,QwenManualHybridLinear,0.2492160052061081
6265,26,model.layers.31.self_attn.q_proj,self_attn.q_proj,decode,1,QwenManualHybridLinear,0.25673601031303406
6266,26,model.layers.31.self_attn.k_proj,self_attn.k_proj,decode,1,QwenManualHybridLinear,0.25123199820518494
6267,26,model.layers.31.self_attn.v_proj,self_attn.v_proj,decode,1,QwenManualHybridLinear,0.24649600684642792
6268,26,model.layers.31.self_attn.o_proj,self_attn.o_proj,decode,1,QwenManualHybridLinear,0.11558400094509125
6269,26,model.layers.31.mlp.gate_proj,mlp.gate_proj,decode,1,QwenManualHybridLinear,0.2633279860019684
6270,26,model.layers.31.mlp.up_proj,mlp.up_proj,decode,1,QwenManualHybridLinear,0.24748800694942474
6271,26,model.layers.31.mlp.down_proj,mlp.down_proj,decode,1,QwenManualHybridLinear,0.2596159875392914
6272,27,model.layers.0.self_attn.q_proj,self_attn.q_proj,decode,1,QwenManualHybridLinear,0.43987199664115906
6273,27,model.layers.0.self_attn.k_proj,self_attn.k_proj,decode,1,QwenManualHybridLinear,0.294624000787735
6274,27,model.layers.0.self_attn.v_proj,self_attn.v_proj,decode,1,QwenManualHybridLinear,0.26134398579597473
6275,27,model.layers.0.self_attn.o_proj,self_attn.o_proj,decode,1,QwenManualHybridLinear,0.10185600072145462
6276,27,model.layers.0.mlp.gate_proj,mlp.gate_proj,decode,1,QwenManualHybridLinear,0.2805759906768799
6277,27,model.layers.0.mlp.up_proj,mlp.up_proj,decode,1,QwenManualHybridLinear,0.2605760097503662
6278,27,model.layers.0.mlp.down_proj,mlp.down_proj,decode,1,QwenManualHybridLinear,0.2519040107727051
6279,27,model.layers.1.self_attn.q_proj,self_attn.q_proj,decode,1,QwenManualHybridLinear,0.26524800062179565
6280,27,model.layers.1.self_attn.k_proj,self_attn.k_proj,decode,1,QwenManualHybridLinear,0.25145599246025085
6281,27,model.layers.1.self_attn.v_proj,self_attn.v_proj,decode,1,QwenManualHybridLinear,0.24796800315380096
6282,27,model.layers.1.self_attn.o_proj,self_attn.o_proj,decode,1,QwenManualHybridLinear,0.10288000106811523
6283,27,model.layers.1.mlp.gate_proj,mlp.gate_proj,decode,1,QwenManualHybridLinear,0.27612799406051636
6284,27,model.layers.1.mlp.up_proj,mlp.up_proj,decode,1,QwenManualHybridLinear,0.2543039917945862
6285,27,model.layers.1.mlp.down_proj,mlp.down_proj,decode,1,QwenManualHybridLinear,0.3698880076408386
6286,27,model.layers.2.self_attn.q_proj,self_attn.q_proj,decode,1,QwenManualHybridLinear,0.27769601345062256
6287,27,model.layers.2.self_attn.k_proj,self_attn.k_proj,decode,1,QwenManualHybridLinear,0.25574401021003723
6288,27,model.layers.2.self_attn.v_proj,self_attn.v_proj,decode,1,QwenManualHybridLinear,0.2624959945678711
6289,27,model.layers.2.self_attn.o_proj,self_attn.o_proj,decode,1,QwenManualHybridLinear,0.1170239970088005
6290,27,model.layers.2.mlp.gate_proj,mlp.gate_proj,decode,1,QwenManualHybridLinear,0.2670080065727234
6291,27,model.layers.2.mlp.up_proj,mlp.up_proj,decode,1,QwenManualHybridLinear,0.24988800287246704
6292,27,model.layers.2.mlp.down_proj,mlp.down_proj,decode,1,QwenManualHybridLinear,0.2481279969215393
6293,27,model.layers.3.self_attn.q_proj,self_attn.q_proj,decode,1,QwenManualHybridLinear,0.2611199915409088
6294,27,model.layers.3.self_attn.k_proj,self_attn.k_proj,decode,1,QwenManualHybridLinear,0.24889600276947021
6295,27,model.layers.3.self_attn.v_proj,self_attn.v_proj,decode,1,QwenManualHybridLinear,0.24639999866485596
6296,27,model.layers.3.self_attn.o_proj,self_attn.o_proj,decode,1,QwenManualHybridLinear,0.10220800340175629
6297,27,model.layers.3.mlp.gate_proj,mlp.gate_proj,decode,1,QwenManualHybridLinear,0.2831360101699829
6298,27,model.layers.3.mlp.up_proj,mlp.up_proj,decode,1,QwenManualHybridLinear,0.24751999974250793
6299,27,model.layers.3.mlp.down_proj,mlp.down_proj,decode,1,QwenManualHybridLinear,0.2470719963312149
6300,27,model.layers.4.self_attn.q_proj,self_attn.q_proj,decode,1,QwenManualHybridLinear,0.27142399549484253
6301,27,model.layers.4.self_attn.k_proj,self_attn.k_proj,decode,1,QwenManualHybridLinear,0.25465598702430725
6302,27,model.layers.4.self_attn.v_proj,self_attn.v_proj,decode,1,QwenManualHybridLinear,0.24489599466323853
6303,27,model.layers.4.self_attn.o_proj,self_attn.o_proj,decode,1,QwenManualHybridLinear,0.10288000106811523
6304,27,model.layers.4.mlp.gate_proj,mlp.gate_proj,decode,1,QwenManualHybridLinear,0.2620159983634949
6305,27,model.layers.4.mlp.up_proj,mlp.up_proj,decode,1,QwenManualHybridLinear,0.24691200256347656
6306,27,model.layers.4.mlp.down_proj,mlp.down_proj,decode,1,QwenManualHybridLinear,0.24774399399757385
6307,27,model.layers.5.self_attn.q_proj,self_attn.q_proj,decode,1,QwenManualHybridLinear,0.2706240117549896
6308,27,model.layers.5.self_attn.k_proj,self_attn.k_proj,decode,1,QwenManualHybridLinear,0.2640959918498993
6309,27,model.layers.5.self_attn.v_proj,self_attn.v_proj,decode,1,QwenManualHybridLinear,0.24953599274158478
6310,27,model.layers.5.self_attn.o_proj,self_attn.o_proj,decode,1,QwenManualHybridLinear,0.10473600029945374
6311,27,model.layers.5.mlp.gate_proj,mlp.gate_proj,decode,1,QwenManualHybridLinear,0.26451200246810913
6312,27,model.layers.5.mlp.up_proj,mlp.up_proj,decode,1,QwenManualHybridLinear,0.2425599992275238
6313,27,model.layers.5.mlp.down_proj,mlp.down_proj,decode,1,QwenManualHybridLinear,0.24377599358558655
6314,27,model.layers.6.self_attn.q_proj,self_attn.q_proj,decode,1,QwenManualHybridLinear,0.26531198620796204
6315,27,model.layers.6.self_attn.k_proj,self_attn.k_proj,decode,1,QwenManualHybridLinear,0.24534399807453156
6316,27,model.layers.6.self_attn.v_proj,self_attn.v_proj,decode,1,QwenManualHybridLinear,0.24585600197315216
6317,27,model.layers.6.self_attn.o_proj,self_attn.o_proj,decode,1,QwenManualHybridLinear,0.10665600001811981
6318,27,model.layers.6.mlp.gate_proj,mlp.gate_proj,decode,1,QwenManualHybridLinear,0.29446399211883545
6319,27,model.layers.6.mlp.up_proj,mlp.up_proj,decode,1,QwenManualHybridLinear,0.2521919906139374
6320,27,model.layers.6.mlp.down_proj,mlp.down_proj,decode,1,QwenManualHybridLinear,0.24633599817752838
6321,27,model.layers.7.self_attn.q_proj,self_attn.q_proj,decode,1,QwenManualHybridLinear,0.2629759907722473
6322,27,model.layers.7.self_attn.k_proj,self_attn.k_proj,decode,1,QwenManualHybridLinear,0.24860799312591553
6323,27,model.layers.7.self_attn.v_proj,self_attn.v_proj,decode,1,QwenManualHybridLinear,0.2460480034351349
6324,27,model.layers.7.self_attn.o_proj,self_attn.o_proj,decode,1,QwenManualHybridLinear,0.11043199896812439
6325,27,model.layers.7.mlp.gate_proj,mlp.gate_proj,decode,1,QwenManualHybridLinear,0.26153600215911865
6326,27,model.layers.7.mlp.up_proj,mlp.up_proj,decode,1,QwenManualHybridLinear,0.2640320062637329
6327,27,model.layers.7.mlp.down_proj,mlp.down_proj,decode,1,QwenManualHybridLinear,0.2505919933319092
6328,27,model.layers.8.self_attn.q_proj,self_attn.q_proj,decode,1,QwenManualHybridLinear,0.27529600262641907
6329,27,model.layers.8.self_attn.k_proj,self_attn.k_proj,decode,1,QwenManualHybridLinear,0.26316800713539124
6330,27,model.layers.8.self_attn.v_proj,self_attn.v_proj,decode,1,QwenManualHybridLinear,0.25113600492477417
6331,27,model.layers.8.self_attn.o_proj,self_attn.o_proj,decode,1,QwenManualHybridLinear,0.10876800119876862
6332,27,model.layers.8.mlp.gate_proj,mlp.gate_proj,decode,1,QwenManualHybridLinear,0.2582080066204071
6333,27,model.layers.8.mlp.up_proj,mlp.up_proj,decode,1,QwenManualHybridLinear,0.24979199469089508
6334,27,model.layers.8.mlp.down_proj,mlp.down_proj,decode,1,QwenManualHybridLinear,0.24755200743675232
6335,27,model.layers.9.self_attn.q_proj,self_attn.q_proj,decode,1,QwenManualHybridLinear,0.2743360102176666
6336,27,model.layers.9.self_attn.k_proj,self_attn.k_proj,decode,1,QwenManualHybridLinear,0.24726399779319763
6337,27,model.layers.9.self_attn.v_proj,self_attn.v_proj,decode,1,QwenManualHybridLinear,0.24751999974250793
6338,27,model.layers.9.self_attn.o_proj,self_attn.o_proj,decode,1,QwenManualHybridLinear,0.10937599837779999
6339,27,model.layers.9.mlp.gate_proj,mlp.gate_proj,decode,1,QwenManualHybridLinear,0.2645759880542755
6340,27,model.layers.9.mlp.up_proj,mlp.up_proj,decode,1,QwenManualHybridLinear,0.25302401185035706
6341,27,model.layers.9.mlp.down_proj,mlp.down_proj,decode,1,QwenManualHybridLinear,0.2521919906139374
6342,27,model.layers.10.self_attn.q_proj,self_attn.q_proj,decode,1,QwenManualHybridLinear,0.2630079984664917
6343,27,model.layers.10.self_attn.k_proj,self_attn.k_proj,decode,1,QwenManualHybridLinear,0.24726399779319763
6344,27,model.layers.10.self_attn.v_proj,self_attn.v_proj,decode,1,QwenManualHybridLinear,0.2476159930229187
6345,27,model.layers.10.self_attn.o_proj,self_attn.o_proj,decode,1,QwenManualHybridLinear,0.10150399804115295
6346,27,model.layers.10.mlp.gate_proj,mlp.gate_proj,decode,1,QwenManualHybridLinear,0.26371198892593384
6347,27,model.layers.10.mlp.up_proj,mlp.up_proj,decode,1,QwenManualHybridLinear,0.24764800071716309
6348,27,model.layers.10.mlp.down_proj,mlp.down_proj,decode,1,QwenManualHybridLinear,0.24607999622821808
6349,27,model.layers.11.self_attn.q_proj,self_attn.q_proj,decode,1,QwenManualHybridLinear,0.26047998666763306
6350,27,model.layers.11.self_attn.k_proj,self_attn.k_proj,decode,1,QwenManualHybridLinear,0.2549760043621063
6351,27,model.layers.11.self_attn.v_proj,self_attn.v_proj,decode,1,QwenManualHybridLinear,0.24303999543190002
6352,27,model.layers.11.self_attn.o_proj,self_attn.o_proj,decode,1,QwenManualHybridLinear,0.09888000041246414
6353,27,model.layers.11.mlp.gate_proj,mlp.gate_proj,decode,1,QwenManualHybridLinear,0.2637760043144226
6354,27,model.layers.11.mlp.up_proj,mlp.up_proj,decode,1,QwenManualHybridLinear,0.2478400021791458
6355,27,model.layers.11.mlp.down_proj,mlp.down_proj,decode,1,QwenManualHybridLinear,0.2553279995918274
6356,27,model.layers.12.self_attn.q_proj,self_attn.q_proj,decode,1,QwenManualHybridLinear,0.26156800985336304
6357,27,model.layers.12.self_attn.k_proj,self_attn.k_proj,decode,1,QwenManualHybridLinear,0.2513599991798401
6358,27,model.layers.12.self_attn.v_proj,self_attn.v_proj,decode,1,QwenManualHybridLinear,0.24911999702453613
6359,27,model.layers.12.self_attn.o_proj,self_attn.o_proj,decode,1,QwenManualHybridLinear,0.11033599823713303
6360,27,model.layers.12.mlp.gate_proj,mlp.gate_proj,decode,1,QwenManualHybridLinear,0.26976001262664795
6361,27,model.layers.12.mlp.up_proj,mlp.up_proj,decode,1,QwenManualHybridLinear,0.25734400749206543
6362,27,model.layers.12.mlp.down_proj,mlp.down_proj,decode,1,QwenManualHybridLinear,0.2495039999485016
6363,27,model.layers.13.self_attn.q_proj,self_attn.q_proj,decode,1,QwenManualHybridLinear,0.26976001262664795
6364,27,model.layers.13.self_attn.k_proj,self_attn.k_proj,decode,1,QwenManualHybridLinear,0.2518399953842163
6365,27,model.layers.13.self_attn.v_proj,self_attn.v_proj,decode,1,QwenManualHybridLinear,0.24675199389457703
6366,27,model.layers.13.self_attn.o_proj,self_attn.o_proj,decode,1,QwenManualHybridLinear,0.11097600311040878
6367,27,model.layers.13.mlp.gate_proj,mlp.gate_proj,decode,1,QwenManualHybridLinear,0.2635520100593567
6368,27,model.layers.13.mlp.up_proj,mlp.up_proj,decode,1,QwenManualHybridLinear,0.25196799635887146
6369,27,model.layers.13.mlp.down_proj,mlp.down_proj,decode,1,QwenManualHybridLinear,0.25196799635887146
6370,27,model.layers.14.self_attn.q_proj,self_attn.q_proj,decode,1,QwenManualHybridLinear,0.2757759988307953
6371,27,model.layers.14.self_attn.k_proj,self_attn.k_proj,decode,1,QwenManualHybridLinear,0.2500799894332886
6372,27,model.layers.14.self_attn.v_proj,self_attn.v_proj,decode,1,QwenManualHybridLinear,0.2454719990491867
6373,27,model.layers.14.self_attn.o_proj,self_attn.o_proj,decode,1,QwenManualHybridLinear,0.10553599894046783
6374,27,model.layers.14.mlp.gate_proj,mlp.gate_proj,decode,1,QwenManualHybridLinear,0.25884801149368286
6375,27,model.layers.14.mlp.up_proj,mlp.up_proj,decode,1,QwenManualHybridLinear,0.2590720057487488
6376,27,model.layers.14.mlp.down_proj,mlp.down_proj,decode,1,QwenManualHybridLinear,0.25334399938583374
6377,27,model.layers.15.self_attn.q_proj,self_attn.q_proj,decode,1,QwenManualHybridLinear,0.25411200523376465
6378,27,model.layers.15.self_attn.k_proj,self_attn.k_proj,decode,1,QwenManualHybridLinear,0.24825599789619446
6379,27,model.layers.15.self_attn.v_proj,self_attn.v_proj,decode,1,QwenManualHybridLinear,0.24371199309825897
6380,27,model.layers.15.self_attn.o_proj,self_attn.o_proj,decode,1,QwenManualHybridLinear,0.1189119964838028
6381,27,model.layers.15.mlp.gate_proj,mlp.gate_proj,decode,1,QwenManualHybridLinear,0.27497598528862
6382,27,model.layers.15.mlp.up_proj,mlp.up_proj,decode,1,QwenManualHybridLinear,0.25756800174713135
6383,27,model.layers.15.mlp.down_proj,mlp.down_proj,decode,1,QwenManualHybridLinear,0.247871994972229
6384,27,model.layers.16.self_attn.q_proj,self_attn.q_proj,decode,1,QwenManualHybridLinear,0.26044800877571106
6385,27,model.layers.16.self_attn.k_proj,self_attn.k_proj,decode,1,QwenManualHybridLinear,0.2673279941082001
6386,27,model.layers.16.self_attn.v_proj,self_attn.v_proj,decode,1,QwenManualHybridLinear,0.24563199281692505
6387,27,model.layers.16.self_attn.o_proj,self_attn.o_proj,decode,1,QwenManualHybridLinear,0.1207680031657219
6388,27,model.layers.16.mlp.gate_proj,mlp.gate_proj,decode,1,QwenManualHybridLinear,0.25571200251579285
6389,27,model.layers.16.mlp.up_proj,mlp.up_proj,decode,1,QwenManualHybridLinear,0.24719999730587006
6390,27,model.layers.16.mlp.down_proj,mlp.down_proj,decode,1,QwenManualHybridLinear,0.24425600469112396
6391,27,model.layers.17.self_attn.q_proj,self_attn.q_proj,decode,1,QwenManualHybridLinear,0.26982399821281433
6392,27,model.layers.17.self_attn.k_proj,self_attn.k_proj,decode,1,QwenManualHybridLinear,0.25014400482177734
6393,27,model.layers.17.self_attn.v_proj,self_attn.v_proj,decode,1,QwenManualHybridLinear,0.24278399348258972
6394,27,model.layers.17.self_attn.o_proj,self_attn.o_proj,decode,1,QwenManualHybridLinear,0.10864000022411346
6395,27,model.layers.17.mlp.gate_proj,mlp.gate_proj,decode,1,QwenManualHybridLinear,0.267520010471344
6396,27,model.layers.17.mlp.up_proj,mlp.up_proj,decode,1,QwenManualHybridLinear,0.24764800071716309
6397,27,model.layers.17.mlp.down_proj,mlp.down_proj,decode,1,QwenManualHybridLinear,0.2499839961528778
6398,27,model.layers.18.self_attn.q_proj,self_attn.q_proj,decode,1,QwenManualHybridLinear,0.25948798656463623
6399,27,model.layers.18.self_attn.k_proj,self_attn.k_proj,decode,1,QwenManualHybridLinear,0.24505600333213806
6400,27,model.layers.18.self_attn.v_proj,self_attn.v_proj,decode,1,QwenManualHybridLinear,0.24502399563789368
6401,27,model.layers.18.self_attn.o_proj,self_attn.o_proj,decode,1,QwenManualHybridLinear,0.10847999900579453
6402,27,model.layers.18.mlp.gate_proj,mlp.gate_proj,decode,1,QwenManualHybridLinear,0.256415992975235
6403,27,model.layers.18.mlp.up_proj,mlp.up_proj,decode,1,QwenManualHybridLinear,0.2622080147266388
6404,27,model.layers.18.mlp.down_proj,mlp.down_proj,decode,1,QwenManualHybridLinear,0.2598719894886017
6405,27,model.layers.19.self_attn.q_proj,self_attn.q_proj,decode,1,QwenManualHybridLinear,0.2619520127773285
6406,27,model.layers.19.self_attn.k_proj,self_attn.k_proj,decode,1,QwenManualHybridLinear,0.24675199389457703
6407,27,model.layers.19.self_attn.v_proj,self_attn.v_proj,decode,1,QwenManualHybridLinear,0.2430720031261444
6408,27,model.layers.19.self_attn.o_proj,self_attn.o_proj,decode,1,QwenManualHybridLinear,0.1074879989027977
6409,27,model.layers.19.mlp.gate_proj,mlp.gate_proj,decode,1,QwenManualHybridLinear,0.25887998938560486
6410,27,model.layers.19.mlp.up_proj,mlp.up_proj,decode,1,QwenManualHybridLinear,0.24607999622821808
6411,27,model.layers.19.mlp.down_proj,mlp.down_proj,decode,1,QwenManualHybridLinear,0.24668799340724945
6412,27,model.layers.20.self_attn.q_proj,self_attn.q_proj,decode,1,QwenManualHybridLinear,0.27692800760269165
6413,27,model.layers.20.self_attn.k_proj,self_attn.k_proj,decode,1,QwenManualHybridLinear,0.25356799364089966
6414,27,model.layers.20.self_attn.v_proj,self_attn.v_proj,decode,1,QwenManualHybridLinear,0.24553599953651428
6415,27,model.layers.20.self_attn.o_proj,self_attn.o_proj,decode,1,QwenManualHybridLinear,0.10931199789047241
6416,27,model.layers.20.mlp.gate_proj,mlp.gate_proj,decode,1,QwenManualHybridLinear,0.2630400061607361
6417,27,model.layers.20.mlp.up_proj,mlp.up_proj,decode,1,QwenManualHybridLinear,0.24777600169181824
6418,27,model.layers.20.mlp.down_proj,mlp.down_proj,decode,1,QwenManualHybridLinear,0.24662399291992188
6419,27,model.layers.21.self_attn.q_proj,self_attn.q_proj,decode,1,QwenManualHybridLinear,0.25196799635887146
6420,27,model.layers.21.self_attn.k_proj,self_attn.k_proj,decode,1,QwenManualHybridLinear,0.24624000489711761
6421,27,model.layers.21.self_attn.v_proj,self_attn.v_proj,decode,1,QwenManualHybridLinear,0.25811201333999634
6422,27,model.layers.21.self_attn.o_proj,self_attn.o_proj,decode,1,QwenManualHybridLinear,0.10358399897813797
6423,27,model.layers.21.mlp.gate_proj,mlp.gate_proj,decode,1,QwenManualHybridLinear,0.28249600529670715
6424,27,model.layers.21.mlp.up_proj,mlp.up_proj,decode,1,QwenManualHybridLinear,0.24835200607776642
6425,27,model.layers.21.mlp.down_proj,mlp.down_proj,decode,1,QwenManualHybridLinear,0.25331199169158936
6426,27,model.layers.22.self_attn.q_proj,self_attn.q_proj,decode,1,QwenManualHybridLinear,0.2547839879989624
6427,27,model.layers.22.self_attn.k_proj,self_attn.k_proj,decode,1,QwenManualHybridLinear,0.24352000653743744
6428,27,model.layers.22.self_attn.v_proj,self_attn.v_proj,decode,1,QwenManualHybridLinear,0.23887999355793
6429,27,model.layers.22.self_attn.o_proj,self_attn.o_proj,decode,1,QwenManualHybridLinear,0.11644800007343292
6430,27,model.layers.22.mlp.gate_proj,mlp.gate_proj,decode,1,QwenManualHybridLinear,0.2568959891796112
6431,27,model.layers.22.mlp.up_proj,mlp.up_proj,decode,1,QwenManualHybridLinear,0.24243199825286865
6432,27,model.layers.22.mlp.down_proj,mlp.down_proj,decode,1,QwenManualHybridLinear,0.24182400107383728
6433,27,model.layers.23.self_attn.q_proj,self_attn.q_proj,decode,1,QwenManualHybridLinear,0.2674559950828552
6434,27,model.layers.23.self_attn.k_proj,self_attn.k_proj,decode,1,QwenManualHybridLinear,0.26556798815727234
6435,27,model.layers.23.self_attn.v_proj,self_attn.v_proj,decode,1,QwenManualHybridLinear,0.24371199309825897
6436,27,model.layers.23.self_attn.o_proj,self_attn.o_proj,decode,1,QwenManualHybridLinear,0.09763199836015701
6437,27,model.layers.23.mlp.gate_proj,mlp.gate_proj,decode,1,QwenManualHybridLinear,0.2595840096473694
6438,27,model.layers.23.mlp.up_proj,mlp.up_proj,decode,1,QwenManualHybridLinear,0.24617600440979004
6439,27,model.layers.23.mlp.down_proj,mlp.down_proj,decode,1,QwenManualHybridLinear,0.24499200284481049
6440,27,model.layers.24.self_attn.q_proj,self_attn.q_proj,decode,1,QwenManualHybridLinear,0.2598719894886017
6441,27,model.layers.24.self_attn.k_proj,self_attn.k_proj,decode,1,QwenManualHybridLinear,0.24902400374412537
6442,27,model.layers.24.self_attn.v_proj,self_attn.v_proj,decode,1,QwenManualHybridLinear,0.24160000681877136
6443,27,model.layers.24.self_attn.o_proj,self_attn.o_proj,decode,1,QwenManualHybridLinear,0.10550399869680405
6444,27,model.layers.24.mlp.gate_proj,mlp.gate_proj,decode,1,QwenManualHybridLinear,0.2635839879512787
6445,27,model.layers.24.mlp.up_proj,mlp.up_proj,decode,1,QwenManualHybridLinear,0.24716800451278687
6446,27,model.layers.24.mlp.down_proj,mlp.down_proj,decode,1,QwenManualHybridLinear,0.24700799584388733
6447,27,model.layers.25.self_attn.q_proj,self_attn.q_proj,decode,1,QwenManualHybridLinear,0.2568959891796112
6448,27,model.layers.25.self_attn.k_proj,self_attn.k_proj,decode,1,QwenManualHybridLinear,0.24544000625610352
6449,27,model.layers.25.self_attn.v_proj,self_attn.v_proj,decode,1,QwenManualHybridLinear,0.240447998046875
6450,27,model.layers.25.self_attn.o_proj,self_attn.o_proj,decode,1,QwenManualHybridLinear,0.10396800190210342
6451,27,model.layers.25.mlp.gate_proj,mlp.gate_proj,decode,1,QwenManualHybridLinear,0.2677760124206543
6452,27,model.layers.25.mlp.up_proj,mlp.up_proj,decode,1,QwenManualHybridLinear,0.24899199604988098
6453,27,model.layers.25.mlp.down_proj,mlp.down_proj,decode,1,QwenManualHybridLinear,0.2625280022621155
6454,27,model.layers.26.self_attn.q_proj,self_attn.q_proj,decode,1,QwenManualHybridLinear,0.26175999641418457
6455,27,model.layers.26.self_attn.k_proj,self_attn.k_proj,decode,1,QwenManualHybridLinear,0.24860799312591553
6456,27,model.layers.26.self_attn.v_proj,self_attn.v_proj,decode,1,QwenManualHybridLinear,0.2436479926109314
6457,27,model.layers.26.self_attn.o_proj,self_attn.o_proj,decode,1,QwenManualHybridLinear,0.10288000106811523
6458,27,model.layers.26.mlp.gate_proj,mlp.gate_proj,decode,1,QwenManualHybridLinear,0.26009601354599
6459,27,model.layers.26.mlp.up_proj,mlp.up_proj,decode,1,QwenManualHybridLinear,0.24217599630355835
6460,27,model.layers.26.mlp.down_proj,mlp.down_proj,decode,1,QwenManualHybridLinear,0.24249599874019623
6461,27,model.layers.27.self_attn.q_proj,self_attn.q_proj,decode,1,QwenManualHybridLinear,0.2551040053367615
6462,27,model.layers.27.self_attn.k_proj,self_attn.k_proj,decode,1,QwenManualHybridLinear,0.2444159984588623
6463,27,model.layers.27.self_attn.v_proj,self_attn.v_proj,decode,1,QwenManualHybridLinear,0.23811200261116028
6464,27,model.layers.27.self_attn.o_proj,self_attn.o_proj,decode,1,QwenManualHybridLinear,0.10982400178909302
6465,27,model.layers.27.mlp.gate_proj,mlp.gate_proj,decode,1,QwenManualHybridLinear,0.27184000611305237
6466,27,model.layers.27.mlp.up_proj,mlp.up_proj,decode,1,QwenManualHybridLinear,0.251008003950119
6467,27,model.layers.27.mlp.down_proj,mlp.down_proj,decode,1,QwenManualHybridLinear,0.2476159930229187
6468,27,model.layers.28.self_attn.q_proj,self_attn.q_proj,decode,1,QwenManualHybridLinear,0.2577280104160309
6469,27,model.layers.28.self_attn.k_proj,self_attn.k_proj,decode,1,QwenManualHybridLinear,0.2471040040254593
6470,27,model.layers.28.self_attn.v_proj,self_attn.v_proj,decode,1,QwenManualHybridLinear,0.24185599386692047
6471,27,model.layers.28.self_attn.o_proj,self_attn.o_proj,decode,1,QwenManualHybridLinear,0.10592000186443329
6472,27,model.layers.28.mlp.gate_proj,mlp.gate_proj,decode,1,QwenManualHybridLinear,0.26950401067733765
6473,27,model.layers.28.mlp.up_proj,mlp.up_proj,decode,1,QwenManualHybridLinear,0.24719999730587006
6474,27,model.layers.28.mlp.down_proj,mlp.down_proj,decode,1,QwenManualHybridLinear,0.24694399535655975
6475,27,model.layers.29.self_attn.q_proj,self_attn.q_proj,decode,1,QwenManualHybridLinear,0.2650560140609741
6476,27,model.layers.29.self_attn.k_proj,self_attn.k_proj,decode,1,QwenManualHybridLinear,0.25142401456832886
6477,27,model.layers.29.self_attn.v_proj,self_attn.v_proj,decode,1,QwenManualHybridLinear,0.24329599738121033
6478,27,model.layers.29.self_attn.o_proj,self_attn.o_proj,decode,1,QwenManualHybridLinear,0.10710400342941284
6479,27,model.layers.29.mlp.gate_proj,mlp.gate_proj,decode,1,QwenManualHybridLinear,0.26342400908470154
6480,27,model.layers.29.mlp.up_proj,mlp.up_proj,decode,1,QwenManualHybridLinear,0.24544000625610352
6481,27,model.layers.29.mlp.down_proj,mlp.down_proj,decode,1,QwenManualHybridLinear,0.2483839988708496
6482,27,model.layers.30.self_attn.q_proj,self_attn.q_proj,decode,1,QwenManualHybridLinear,0.25257599353790283
6483,27,model.layers.30.self_attn.k_proj,self_attn.k_proj,decode,1,QwenManualHybridLinear,0.26291200518608093
6484,27,model.layers.30.self_attn.v_proj,self_attn.v_proj,decode,1,QwenManualHybridLinear,0.24969600141048431
6485,27,model.layers.30.self_attn.o_proj,self_attn.o_proj,decode,1,QwenManualHybridLinear,0.11327999830245972
6486,27,model.layers.30.mlp.gate_proj,mlp.gate_proj,decode,1,QwenManualHybridLinear,0.25440001487731934
6487,27,model.layers.30.mlp.up_proj,mlp.up_proj,decode,1,QwenManualHybridLinear,0.25440001487731934
6488,27,model.layers.30.mlp.down_proj,mlp.down_proj,decode,1,QwenManualHybridLinear,0.24844799935817719
6489,27,model.layers.31.self_attn.q_proj,self_attn.q_proj,decode,1,QwenManualHybridLinear,0.2645759880542755
6490,27,model.layers.31.self_attn.k_proj,self_attn.k_proj,decode,1,QwenManualHybridLinear,0.24963200092315674
6491,27,model.layers.31.self_attn.v_proj,self_attn.v_proj,decode,1,QwenManualHybridLinear,0.2443840056657791
6492,27,model.layers.31.self_attn.o_proj,self_attn.o_proj,decode,1,QwenManualHybridLinear,0.11484800279140472
6493,27,model.layers.31.mlp.gate_proj,mlp.gate_proj,decode,1,QwenManualHybridLinear,0.2588160037994385
6494,27,model.layers.31.mlp.up_proj,mlp.up_proj,decode,1,QwenManualHybridLinear,0.2449280023574829
6495,27,model.layers.31.mlp.down_proj,mlp.down_proj,decode,1,QwenManualHybridLinear,0.24236799776554108
6496,28,model.layers.0.self_attn.q_proj,self_attn.q_proj,decode,1,QwenManualHybridLinear,0.5275840163230896
6497,28,model.layers.0.self_attn.k_proj,self_attn.k_proj,decode,1,QwenManualHybridLinear,0.3047040104866028
6498,28,model.layers.0.self_attn.v_proj,self_attn.v_proj,decode,1,QwenManualHybridLinear,0.2624959945678711
6499,28,model.layers.0.self_attn.o_proj,self_attn.o_proj,decode,1,QwenManualHybridLinear,0.11427199840545654
6500,28,model.layers.0.mlp.gate_proj,mlp.gate_proj,decode,1,QwenManualHybridLinear,0.2874239981174469
6501,28,model.layers.0.mlp.up_proj,mlp.up_proj,decode,1,QwenManualHybridLinear,0.25603199005126953
6502,28,model.layers.0.mlp.down_proj,mlp.down_proj,decode,1,QwenManualHybridLinear,0.2513279914855957
6503,28,model.layers.1.self_attn.q_proj,self_attn.q_proj,decode,1,QwenManualHybridLinear,0.28326401114463806
6504,28,model.layers.1.self_attn.k_proj,self_attn.k_proj,decode,1,QwenManualHybridLinear,0.24614399671554565
6505,28,model.layers.1.self_attn.v_proj,self_attn.v_proj,decode,1,QwenManualHybridLinear,0.24185599386692047
6506,28,model.layers.1.self_attn.o_proj,self_attn.o_proj,decode,1,QwenManualHybridLinear,0.10764800012111664
6507,28,model.layers.1.mlp.gate_proj,mlp.gate_proj,decode,1,QwenManualHybridLinear,0.28464001417160034
6508,28,model.layers.1.mlp.up_proj,mlp.up_proj,decode,1,QwenManualHybridLinear,0.27212798595428467
6509,28,model.layers.1.mlp.down_proj,mlp.down_proj,decode,1,QwenManualHybridLinear,0.25603199005126953
6510,28,model.layers.2.self_attn.q_proj,self_attn.q_proj,decode,1,QwenManualHybridLinear,0.2592639923095703
6511,28,model.layers.2.self_attn.k_proj,self_attn.k_proj,decode,1,QwenManualHybridLinear,0.2486719936132431
6512,28,model.layers.2.self_attn.v_proj,self_attn.v_proj,decode,1,QwenManualHybridLinear,0.24358400702476501
6513,28,model.layers.2.self_attn.o_proj,self_attn.o_proj,decode,1,QwenManualHybridLinear,0.11423999816179276
6514,28,model.layers.2.mlp.gate_proj,mlp.gate_proj,decode,1,QwenManualHybridLinear,0.2574079930782318
6515,28,model.layers.2.mlp.up_proj,mlp.up_proj,decode,1,QwenManualHybridLinear,0.2468159943819046
6516,28,model.layers.2.mlp.down_proj,mlp.down_proj,decode,1,QwenManualHybridLinear,0.24368000030517578
6517,28,model.layers.3.self_attn.q_proj,self_attn.q_proj,decode,1,QwenManualHybridLinear,0.25939199328422546
6518,28,model.layers.3.self_attn.k_proj,self_attn.k_proj,decode,1,QwenManualHybridLinear,0.27142399549484253
6519,28,model.layers.3.self_attn.v_proj,self_attn.v_proj,decode,1,QwenManualHybridLinear,0.25123199820518494
6520,28,model.layers.3.self_attn.o_proj,self_attn.o_proj,decode,1,QwenManualHybridLinear,0.10230399668216705
6521,28,model.layers.3.mlp.gate_proj,mlp.gate_proj,decode,1,QwenManualHybridLinear,0.27055999636650085
6522,28,model.layers.3.mlp.up_proj,mlp.up_proj,decode,1,QwenManualHybridLinear,0.254720002412796
6523,28,model.layers.3.mlp.down_proj,mlp.down_proj,decode,1,QwenManualHybridLinear,0.24726399779319763
6524,28,model.layers.4.self_attn.q_proj,self_attn.q_proj,decode,1,QwenManualHybridLinear,0.2618879973888397
6525,28,model.layers.4.self_attn.k_proj,self_attn.k_proj,decode,1,QwenManualHybridLinear,0.24659200012683868
6526,28,model.layers.4.self_attn.v_proj,self_attn.v_proj,decode,1,QwenManualHybridLinear,0.2768000066280365
6527,28,model.layers.4.self_attn.o_proj,self_attn.o_proj,decode,1,QwenManualHybridLinear,3.9909439086914062
6528,28,model.layers.4.mlp.gate_proj,mlp.gate_proj,decode,1,QwenManualHybridLinear,0.39952000975608826
6529,28,model.layers.4.mlp.up_proj,mlp.up_proj,decode,1,QwenManualHybridLinear,0.26281601190567017
6530,28,model.layers.4.mlp.down_proj,mlp.down_proj,decode,1,QwenManualHybridLinear,0.26867198944091797
6531,28,model.layers.5.self_attn.q_proj,self_attn.q_proj,decode,1,QwenManualHybridLinear,0.26556798815727234
6532,28,model.layers.5.self_attn.k_proj,self_attn.k_proj,decode,1,QwenManualHybridLinear,0.24966399371623993
6533,28,model.layers.5.self_attn.v_proj,self_attn.v_proj,decode,1,QwenManualHybridLinear,0.25071999430656433
6534,28,model.layers.5.self_attn.o_proj,self_attn.o_proj,decode,1,QwenManualHybridLinear,0.10182400047779083
6535,28,model.layers.5.mlp.gate_proj,mlp.gate_proj,decode,1,QwenManualHybridLinear,0.25900799036026
6536,28,model.layers.5.mlp.up_proj,mlp.up_proj,decode,1,QwenManualHybridLinear,0.24592000246047974
6537,28,model.layers.5.mlp.down_proj,mlp.down_proj,decode,1,QwenManualHybridLinear,0.2550719976425171
6538,28,model.layers.6.self_attn.q_proj,self_attn.q_proj,decode,1,QwenManualHybridLinear,0.28617599606513977
6539,28,model.layers.6.self_attn.k_proj,self_attn.k_proj,decode,1,QwenManualHybridLinear,0.2535040080547333
6540,28,model.layers.6.self_attn.v_proj,self_attn.v_proj,decode,1,QwenManualHybridLinear,0.24406400322914124
6541,28,model.layers.6.self_attn.o_proj,self_attn.o_proj,decode,1,QwenManualHybridLinear,0.10447999835014343
6542,28,model.layers.6.mlp.gate_proj,mlp.gate_proj,decode,1,QwenManualHybridLinear,0.2632319927215576
6543,28,model.layers.6.mlp.up_proj,mlp.up_proj,decode,1,QwenManualHybridLinear,0.26451200246810913
6544,28,model.layers.6.mlp.down_proj,mlp.down_proj,decode,1,QwenManualHybridLinear,0.2463040053844452
6545,28,model.layers.7.self_attn.q_proj,self_attn.q_proj,decode,1,QwenManualHybridLinear,0.2596159875392914
6546,28,model.layers.7.self_attn.k_proj,self_attn.k_proj,decode,1,QwenManualHybridLinear,0.24620799720287323
6547,28,model.layers.7.self_attn.v_proj,self_attn.v_proj,decode,1,QwenManualHybridLinear,0.2486400008201599
6548,28,model.layers.7.self_attn.o_proj,self_attn.o_proj,decode,1,QwenManualHybridLinear,0.10815999656915665
6549,28,model.layers.7.mlp.gate_proj,mlp.gate_proj,decode,1,QwenManualHybridLinear,0.2706559896469116
6550,28,model.layers.7.mlp.up_proj,mlp.up_proj,decode,1,QwenManualHybridLinear,0.25014400482177734
6551,28,model.layers.7.mlp.down_proj,mlp.down_proj,decode,1,QwenManualHybridLinear,0.2568640112876892
6552,28,model.layers.8.self_attn.q_proj,self_attn.q_proj,decode,1,QwenManualHybridLinear,0.25833600759506226
6553,28,model.layers.8.self_attn.k_proj,self_attn.k_proj,decode,1,QwenManualHybridLinear,0.248416006565094
6554,28,model.layers.8.self_attn.v_proj,self_attn.v_proj,decode,1,QwenManualHybridLinear,0.24620799720287323
6555,28,model.layers.8.self_attn.o_proj,self_attn.o_proj,decode,1,QwenManualHybridLinear,0.10572800040245056
6556,28,model.layers.8.mlp.gate_proj,mlp.gate_proj,decode,1,QwenManualHybridLinear,0.2606399953365326
6557,28,model.layers.8.mlp.up_proj,mlp.up_proj,decode,1,QwenManualHybridLinear,0.24908800423145294
6558,28,model.layers.8.mlp.down_proj,mlp.down_proj,decode,1,QwenManualHybridLinear,0.24822400510311127
6559,28,model.layers.9.self_attn.q_proj,self_attn.q_proj,decode,1,QwenManualHybridLinear,0.2688319981098175
6560,28,model.layers.9.self_attn.k_proj,self_attn.k_proj,decode,1,QwenManualHybridLinear,0.2531200051307678
6561,28,model.layers.9.self_attn.v_proj,self_attn.v_proj,decode,1,QwenManualHybridLinear,0.26396799087524414
6562,28,model.layers.9.self_attn.o_proj,self_attn.o_proj,decode,1,QwenManualHybridLinear,0.0997759997844696
6563,28,model.layers.9.mlp.gate_proj,mlp.gate_proj,decode,1,QwenManualHybridLinear,0.2651520073413849
6564,28,model.layers.9.mlp.up_proj,mlp.up_proj,decode,1,QwenManualHybridLinear,0.24831999838352203
6565,28,model.layers.9.mlp.down_proj,mlp.down_proj,decode,1,QwenManualHybridLinear,0.24659200012683868
6566,28,model.layers.10.self_attn.q_proj,self_attn.q_proj,decode,1,QwenManualHybridLinear,0.26368001103401184
6567,28,model.layers.10.self_attn.k_proj,self_attn.k_proj,decode,1,QwenManualHybridLinear,0.2489279955625534
6568,28,model.layers.10.self_attn.v_proj,self_attn.v_proj,decode,1,QwenManualHybridLinear,0.24563199281692505
6569,28,model.layers.10.self_attn.o_proj,self_attn.o_proj,decode,1,QwenManualHybridLinear,0.1037760004401207
6570,28,model.layers.10.mlp.gate_proj,mlp.gate_proj,decode,1,QwenManualHybridLinear,0.26444798707962036
6571,28,model.layers.10.mlp.up_proj,mlp.up_proj,decode,1,QwenManualHybridLinear,0.24803200364112854
6572,28,model.layers.10.mlp.down_proj,mlp.down_proj,decode,1,QwenManualHybridLinear,0.2534080147743225
6573,28,model.layers.11.self_attn.q_proj,self_attn.q_proj,decode,1,QwenManualHybridLinear,0.25891199707984924
6574,28,model.layers.11.self_attn.k_proj,self_attn.k_proj,decode,1,QwenManualHybridLinear,0.2495039999485016
6575,28,model.layers.11.self_attn.v_proj,self_attn.v_proj,decode,1,QwenManualHybridLinear,0.24489599466323853
6576,28,model.layers.11.self_attn.o_proj,self_attn.o_proj,decode,1,QwenManualHybridLinear,0.12329600006341934
6577,28,model.layers.11.mlp.gate_proj,mlp.gate_proj,decode,1,QwenManualHybridLinear,0.2719680070877075
6578,28,model.layers.11.mlp.up_proj,mlp.up_proj,decode,1,QwenManualHybridLinear,0.24828800559043884
6579,28,model.layers.11.mlp.down_proj,mlp.down_proj,decode,1,QwenManualHybridLinear,0.2467840015888214
6580,28,model.layers.12.self_attn.q_proj,self_attn.q_proj,decode,1,QwenManualHybridLinear,0.26521599292755127
6581,28,model.layers.12.self_attn.k_proj,self_attn.k_proj,decode,1,QwenManualHybridLinear,0.24777600169181824
6582,28,model.layers.12.self_attn.v_proj,self_attn.v_proj,decode,1,QwenManualHybridLinear,0.24223999679088593
6583,28,model.layers.12.self_attn.o_proj,self_attn.o_proj,decode,1,QwenManualHybridLinear,0.09987200051546097
6584,28,model.layers.12.mlp.gate_proj,mlp.gate_proj,decode,1,QwenManualHybridLinear,0.26015999913215637
6585,28,model.layers.12.mlp.up_proj,mlp.up_proj,decode,1,QwenManualHybridLinear,0.2553600072860718
6586,28,model.layers.12.mlp.down_proj,mlp.down_proj,decode,1,QwenManualHybridLinear,0.24931199848651886
6587,28,model.layers.13.self_attn.q_proj,self_attn.q_proj,decode,1,QwenManualHybridLinear,0.2610880136489868
6588,28,model.layers.13.self_attn.k_proj,self_attn.k_proj,decode,1,QwenManualHybridLinear,0.2526080012321472
6589,28,model.layers.13.self_attn.v_proj,self_attn.v_proj,decode,1,QwenManualHybridLinear,0.2513599991798401
6590,28,model.layers.13.self_attn.o_proj,self_attn.o_proj,decode,1,QwenManualHybridLinear,0.10492800176143646
6591,28,model.layers.13.mlp.gate_proj,mlp.gate_proj,decode,1,QwenManualHybridLinear,0.2604160010814667
6592,28,model.layers.13.mlp.up_proj,mlp.up_proj,decode,1,QwenManualHybridLinear,0.24454399943351746
6593,28,model.layers.13.mlp.down_proj,mlp.down_proj,decode,1,QwenManualHybridLinear,0.24956800043582916
6594,28,model.layers.14.self_attn.q_proj,self_attn.q_proj,decode,1,QwenManualHybridLinear,0.2726399898529053
6595,28,model.layers.14.self_attn.k_proj,self_attn.k_proj,decode,1,QwenManualHybridLinear,0.2641279995441437
6596,28,model.layers.14.self_attn.v_proj,self_attn.v_proj,decode,1,QwenManualHybridLinear,0.24991999566555023
6597,28,model.layers.14.self_attn.o_proj,self_attn.o_proj,decode,1,QwenManualHybridLinear,0.11030399799346924
6598,28,model.layers.14.mlp.gate_proj,mlp.gate_proj,decode,1,QwenManualHybridLinear,0.2621760070323944
6599,28,model.layers.14.mlp.up_proj,mlp.up_proj,decode,1,QwenManualHybridLinear,0.2486719936132431
6600,28,model.layers.14.mlp.down_proj,mlp.down_proj,decode,1,QwenManualHybridLinear,0.24585600197315216
6601,28,model.layers.15.self_attn.q_proj,self_attn.q_proj,decode,1,QwenManualHybridLinear,0.2593599855899811
6602,28,model.layers.15.self_attn.k_proj,self_attn.k_proj,decode,1,QwenManualHybridLinear,0.2489600032567978
6603,28,model.layers.15.self_attn.v_proj,self_attn.v_proj,decode,1,QwenManualHybridLinear,0.2441280037164688
6604,28,model.layers.15.self_attn.o_proj,self_attn.o_proj,decode,1,QwenManualHybridLinear,0.11503999680280685
6605,28,model.layers.15.mlp.gate_proj,mlp.gate_proj,decode,1,QwenManualHybridLinear,0.2764799892902374
6606,28,model.layers.15.mlp.up_proj,mlp.up_proj,decode,1,QwenManualHybridLinear,0.2518399953842163
6607,28,model.layers.15.mlp.down_proj,mlp.down_proj,decode,1,QwenManualHybridLinear,0.2467840015888214
6608,28,model.layers.16.self_attn.q_proj,self_attn.q_proj,decode,1,QwenManualHybridLinear,0.26233598589897156
6609,28,model.layers.16.self_attn.k_proj,self_attn.k_proj,decode,1,QwenManualHybridLinear,0.24995200335979462
6610,28,model.layers.16.self_attn.v_proj,self_attn.v_proj,decode,1,QwenManualHybridLinear,0.2532159984111786
6611,28,model.layers.16.self_attn.o_proj,self_attn.o_proj,decode,1,QwenManualHybridLinear,0.10070399940013885
6612,28,model.layers.16.mlp.gate_proj,mlp.gate_proj,decode,1,QwenManualHybridLinear,0.25519999861717224
6613,28,model.layers.16.mlp.up_proj,mlp.up_proj,decode,1,QwenManualHybridLinear,0.24780799448490143
6614,28,model.layers.16.mlp.down_proj,mlp.down_proj,decode,1,QwenManualHybridLinear,0.2693440020084381
6615,28,model.layers.17.self_attn.q_proj,self_attn.q_proj,decode,1,QwenManualHybridLinear,0.28038400411605835
6616,28,model.layers.17.self_attn.k_proj,self_attn.k_proj,decode,1,QwenManualHybridLinear,0.2544640004634857
6617,28,model.layers.17.self_attn.v_proj,self_attn.v_proj,decode,1,QwenManualHybridLinear,0.2486719936132431
6618,28,model.layers.17.self_attn.o_proj,self_attn.o_proj,decode,1,QwenManualHybridLinear,0.11795199662446976
6619,28,model.layers.17.mlp.gate_proj,mlp.gate_proj,decode,1,QwenManualHybridLinear,0.25993600487709045
6620,28,model.layers.17.mlp.up_proj,mlp.up_proj,decode,1,QwenManualHybridLinear,0.24828800559043884
6621,28,model.layers.17.mlp.down_proj,mlp.down_proj,decode,1,QwenManualHybridLinear,0.25593599677085876
6622,28,model.layers.18.self_attn.q_proj,self_attn.q_proj,decode,1,QwenManualHybridLinear,0.2706240117549896
6623,28,model.layers.18.self_attn.k_proj,self_attn.k_proj,decode,1,QwenManualHybridLinear,0.2489279955625534
6624,28,model.layers.18.self_attn.v_proj,self_attn.v_proj,decode,1,QwenManualHybridLinear,0.26134398579597473
6625,28,model.layers.18.self_attn.o_proj,self_attn.o_proj,decode,1,QwenManualHybridLinear,0.11302399635314941
6626,28,model.layers.18.mlp.gate_proj,mlp.gate_proj,decode,1,QwenManualHybridLinear,0.2610880136489868
6627,28,model.layers.18.mlp.up_proj,mlp.up_proj,decode,1,QwenManualHybridLinear,0.2467840015888214
6628,28,model.layers.18.mlp.down_proj,mlp.down_proj,decode,1,QwenManualHybridLinear,0.2635520100593567
6629,28,model.layers.19.self_attn.q_proj,self_attn.q_proj,decode,1,QwenManualHybridLinear,0.26150399446487427
6630,28,model.layers.19.self_attn.k_proj,self_attn.k_proj,decode,1,QwenManualHybridLinear,0.2511039972305298
6631,28,model.layers.19.self_attn.v_proj,self_attn.v_proj,decode,1,QwenManualHybridLinear,0.24697600305080414
6632,28,model.layers.19.self_attn.o_proj,self_attn.o_proj,decode,1,QwenManualHybridLinear,0.10825599730014801
6633,28,model.layers.19.mlp.gate_proj,mlp.gate_proj,decode,1,QwenManualHybridLinear,0.26182401180267334
6634,28,model.layers.19.mlp.up_proj,mlp.up_proj,decode,1,QwenManualHybridLinear,0.24486400187015533
6635,28,model.layers.19.mlp.down_proj,mlp.down_proj,decode,1,QwenManualHybridLinear,0.25091201066970825
6636,28,model.layers.20.self_attn.q_proj,self_attn.q_proj,decode,1,QwenManualHybridLinear,0.2555519938468933
6637,28,model.layers.20.self_attn.k_proj,self_attn.k_proj,decode,1,QwenManualHybridLinear,0.24460799992084503
6638,28,model.layers.20.self_attn.v_proj,self_attn.v_proj,decode,1,QwenManualHybridLinear,0.2409919947385788
6639,28,model.layers.20.self_attn.o_proj,self_attn.o_proj,decode,1,QwenManualHybridLinear,0.10627199709415436
6640,28,model.layers.20.mlp.gate_proj,mlp.gate_proj,decode,1,QwenManualHybridLinear,0.2682879865169525
6641,28,model.layers.20.mlp.up_proj,mlp.up_proj,decode,1,QwenManualHybridLinear,0.2512960135936737
6642,28,model.layers.20.mlp.down_proj,mlp.down_proj,decode,1,QwenManualHybridLinear,0.24687999486923218
6643,28,model.layers.21.self_attn.q_proj,self_attn.q_proj,decode,1,QwenManualHybridLinear,0.26521599292755127
6644,28,model.layers.21.self_attn.k_proj,self_attn.k_proj,decode,1,QwenManualHybridLinear,0.25196799635887146
6645,28,model.layers.21.self_attn.v_proj,self_attn.v_proj,decode,1,QwenManualHybridLinear,0.2656640112400055
6646,28,model.layers.21.self_attn.o_proj,self_attn.o_proj,decode,1,QwenManualHybridLinear,0.09948799759149551
6647,28,model.layers.21.mlp.gate_proj,mlp.gate_proj,decode,1,QwenManualHybridLinear,0.26979199051856995
6648,28,model.layers.21.mlp.up_proj,mlp.up_proj,decode,1,QwenManualHybridLinear,0.24633599817752838
6649,28,model.layers.21.mlp.down_proj,mlp.down_proj,decode,1,QwenManualHybridLinear,0.24624000489711761
6650,28,model.layers.22.self_attn.q_proj,self_attn.q_proj,decode,1,QwenManualHybridLinear,0.25996801257133484
6651,28,model.layers.22.self_attn.k_proj,self_attn.k_proj,decode,1,QwenManualHybridLinear,0.24806399643421173
6652,28,model.layers.22.self_attn.v_proj,self_attn.v_proj,decode,1,QwenManualHybridLinear,0.24303999543190002
6653,28,model.layers.22.self_attn.o_proj,self_attn.o_proj,decode,1,QwenManualHybridLinear,0.10412800312042236
6654,28,model.layers.22.mlp.gate_proj,mlp.gate_proj,decode,1,QwenManualHybridLinear,0.25891199707984924
6655,28,model.layers.22.mlp.up_proj,mlp.up_proj,decode,1,QwenManualHybridLinear,0.24579200148582458
6656,28,model.layers.22.mlp.down_proj,mlp.down_proj,decode,1,QwenManualHybridLinear,0.24380800127983093
6657,28,model.layers.23.self_attn.q_proj,self_attn.q_proj,decode,1,QwenManualHybridLinear,0.2568320035934448
6658,28,model.layers.23.self_attn.k_proj,self_attn.k_proj,decode,1,QwenManualHybridLinear,0.2473279982805252
6659,28,model.layers.23.self_attn.v_proj,self_attn.v_proj,decode,1,QwenManualHybridLinear,0.2414720058441162
6660,28,model.layers.23.self_attn.o_proj,self_attn.o_proj,decode,1,QwenManualHybridLinear,0.11407999694347382
6661,28,model.layers.23.mlp.gate_proj,mlp.gate_proj,decode,1,QwenManualHybridLinear,0.2725119888782501
6662,28,model.layers.23.mlp.up_proj,mlp.up_proj,decode,1,QwenManualHybridLinear,0.2616319954395294
6663,28,model.layers.23.mlp.down_proj,mlp.down_proj,decode,1,QwenManualHybridLinear,0.24876800179481506
6664,28,model.layers.24.self_attn.q_proj,self_attn.q_proj,decode,1,QwenManualHybridLinear,0.25891199707984924
6665,28,model.layers.24.self_attn.k_proj,self_attn.k_proj,decode,1,QwenManualHybridLinear,0.24697600305080414
6666,28,model.layers.24.self_attn.v_proj,self_attn.v_proj,decode,1,QwenManualHybridLinear,0.2433280050754547
6667,28,model.layers.24.self_attn.o_proj,self_attn.o_proj,decode,1,QwenManualHybridLinear,0.10246399790048599
6668,28,model.layers.24.mlp.gate_proj,mlp.gate_proj,decode,1,QwenManualHybridLinear,0.25673601031303406
6669,28,model.layers.24.mlp.up_proj,mlp.up_proj,decode,1,QwenManualHybridLinear,0.2457599937915802
6670,28,model.layers.24.mlp.down_proj,mlp.down_proj,decode,1,QwenManualHybridLinear,0.2494720071554184
6671,28,model.layers.25.self_attn.q_proj,self_attn.q_proj,decode,1,QwenManualHybridLinear,0.2604160010814667
6672,28,model.layers.25.self_attn.k_proj,self_attn.k_proj,decode,1,QwenManualHybridLinear,0.27027198672294617
6673,28,model.layers.25.self_attn.v_proj,self_attn.v_proj,decode,1,QwenManualHybridLinear,0.24646399915218353
6674,28,model.layers.25.self_attn.o_proj,self_attn.o_proj,decode,1,QwenManualHybridLinear,0.11033599823713303
6675,28,model.layers.25.mlp.gate_proj,mlp.gate_proj,decode,1,QwenManualHybridLinear,0.2600319981575012
6676,28,model.layers.25.mlp.up_proj,mlp.up_proj,decode,1,QwenManualHybridLinear,0.2467840015888214
6677,28,model.layers.25.mlp.down_proj,mlp.down_proj,decode,1,QwenManualHybridLinear,0.24569599330425262
6678,28,model.layers.26.self_attn.q_proj,self_attn.q_proj,decode,1,QwenManualHybridLinear,0.2593599855899811
6679,28,model.layers.26.self_attn.k_proj,self_attn.k_proj,decode,1,QwenManualHybridLinear,0.2648000121116638
6680,28,model.layers.26.self_attn.v_proj,self_attn.v_proj,decode,1,QwenManualHybridLinear,0.2444159984588623
6681,28,model.layers.26.self_attn.o_proj,self_attn.o_proj,decode,1,QwenManualHybridLinear,0.10966400057077408
6682,28,model.layers.26.mlp.gate_proj,mlp.gate_proj,decode,1,QwenManualHybridLinear,0.28275200724601746
6683,28,model.layers.26.mlp.up_proj,mlp.up_proj,decode,1,QwenManualHybridLinear,0.24857600033283234
6684,28,model.layers.26.mlp.down_proj,mlp.down_proj,decode,1,QwenManualHybridLinear,0.24844799935817719
6685,28,model.layers.27.self_attn.q_proj,self_attn.q_proj,decode,1,QwenManualHybridLinear,0.25625601410865784
6686,28,model.layers.27.self_attn.k_proj,self_attn.k_proj,decode,1,QwenManualHybridLinear,0.24512000381946564
6687,28,model.layers.27.self_attn.v_proj,self_attn.v_proj,decode,1,QwenManualHybridLinear,0.24140800535678864
6688,28,model.layers.27.self_attn.o_proj,self_attn.o_proj,decode,1,QwenManualHybridLinear,0.10847999900579453
6689,28,model.layers.27.mlp.gate_proj,mlp.gate_proj,decode,1,QwenManualHybridLinear,0.26873600482940674
6690,28,model.layers.27.mlp.up_proj,mlp.up_proj,decode,1,QwenManualHybridLinear,0.2516799867153168
6691,28,model.layers.27.mlp.down_proj,mlp.down_proj,decode,1,QwenManualHybridLinear,0.26310399174690247
6692,28,model.layers.28.self_attn.q_proj,self_attn.q_proj,decode,1,QwenManualHybridLinear,0.2680000066757202
6693,28,model.layers.28.self_attn.k_proj,self_attn.k_proj,decode,1,QwenManualHybridLinear,0.25203201174736023
6694,28,model.layers.28.self_attn.v_proj,self_attn.v_proj,decode,1,QwenManualHybridLinear,0.24447999894618988
6695,28,model.layers.28.self_attn.o_proj,self_attn.o_proj,decode,1,QwenManualHybridLinear,0.10143999755382538
6696,28,model.layers.28.mlp.gate_proj,mlp.gate_proj,decode,1,QwenManualHybridLinear,0.2616640031337738
6697,28,model.layers.28.mlp.up_proj,mlp.up_proj,decode,1,QwenManualHybridLinear,0.2471040040254593
6698,28,model.layers.28.mlp.down_proj,mlp.down_proj,decode,1,QwenManualHybridLinear,0.24588799476623535
6699,28,model.layers.29.self_attn.q_proj,self_attn.q_proj,decode,1,QwenManualHybridLinear,0.2592960000038147
6700,28,model.layers.29.self_attn.k_proj,self_attn.k_proj,decode,1,QwenManualHybridLinear,0.24803200364112854
6701,28,model.layers.29.self_attn.v_proj,self_attn.v_proj,decode,1,QwenManualHybridLinear,0.24326400458812714
6702,28,model.layers.29.self_attn.o_proj,self_attn.o_proj,decode,1,QwenManualHybridLinear,0.10886400192975998
6703,28,model.layers.29.mlp.gate_proj,mlp.gate_proj,decode,1,QwenManualHybridLinear,0.2672640085220337
6704,28,model.layers.29.mlp.up_proj,mlp.up_proj,decode,1,QwenManualHybridLinear,0.24860799312591553
6705,28,model.layers.29.mlp.down_proj,mlp.down_proj,decode,1,QwenManualHybridLinear,0.24592000246047974
6706,28,model.layers.30.self_attn.q_proj,self_attn.q_proj,decode,1,QwenManualHybridLinear,0.2582080066204071
6707,28,model.layers.30.self_attn.k_proj,self_attn.k_proj,decode,1,QwenManualHybridLinear,0.24928000569343567
6708,28,model.layers.30.self_attn.v_proj,self_attn.v_proj,decode,1,QwenManualHybridLinear,0.24662399291992188
6709,28,model.layers.30.self_attn.o_proj,self_attn.o_proj,decode,1,QwenManualHybridLinear,0.10672000050544739
6710,28,model.layers.30.mlp.gate_proj,mlp.gate_proj,decode,1,QwenManualHybridLinear,0.2805440127849579
6711,28,model.layers.30.mlp.up_proj,mlp.up_proj,decode,1,QwenManualHybridLinear,0.25891199707984924
6712,28,model.layers.30.mlp.down_proj,mlp.down_proj,decode,1,QwenManualHybridLinear,0.24803200364112854
6713,28,model.layers.31.self_attn.q_proj,self_attn.q_proj,decode,1,QwenManualHybridLinear,0.2752639949321747
6714,28,model.layers.31.self_attn.k_proj,self_attn.k_proj,decode,1,QwenManualHybridLinear,0.2543039917945862
6715,28,model.layers.31.self_attn.v_proj,self_attn.v_proj,decode,1,QwenManualHybridLinear,0.34329599142074585
6716,28,model.layers.31.self_attn.o_proj,self_attn.o_proj,decode,1,QwenManualHybridLinear,0.11327999830245972
6717,28,model.layers.31.mlp.gate_proj,mlp.gate_proj,decode,1,QwenManualHybridLinear,0.2731199860572815
6718,28,model.layers.31.mlp.up_proj,mlp.up_proj,decode,1,QwenManualHybridLinear,0.25513601303100586
6719,28,model.layers.31.mlp.down_proj,mlp.down_proj,decode,1,QwenManualHybridLinear,0.24876800179481506
6720,29,model.layers.0.self_attn.q_proj,self_attn.q_proj,decode,1,QwenManualHybridLinear,0.4169920086860657
6721,29,model.layers.0.self_attn.k_proj,self_attn.k_proj,decode,1,QwenManualHybridLinear,0.28649601340293884
6722,29,model.layers.0.self_attn.v_proj,self_attn.v_proj,decode,1,QwenManualHybridLinear,0.25964799523353577
6723,29,model.layers.0.self_attn.o_proj,self_attn.o_proj,decode,1,QwenManualHybridLinear,0.10524799674749374
6724,29,model.layers.0.mlp.gate_proj,mlp.gate_proj,decode,1,QwenManualHybridLinear,0.28172799944877625
6725,29,model.layers.0.mlp.up_proj,mlp.up_proj,decode,1,QwenManualHybridLinear,0.26182401180267334
6726,29,model.layers.0.mlp.down_proj,mlp.down_proj,decode,1,QwenManualHybridLinear,0.28406399488449097
6727,29,model.layers.1.self_attn.q_proj,self_attn.q_proj,decode,1,QwenManualHybridLinear,0.2773120105266571
6728,29,model.layers.1.self_attn.k_proj,self_attn.k_proj,decode,1,QwenManualHybridLinear,0.27241599559783936
6729,29,model.layers.1.self_attn.v_proj,self_attn.v_proj,decode,1,QwenManualHybridLinear,0.24879999458789825
6730,29,model.layers.1.self_attn.o_proj,self_attn.o_proj,decode,1,QwenManualHybridLinear,0.10198400169610977
6731,29,model.layers.1.mlp.gate_proj,mlp.gate_proj,decode,1,QwenManualHybridLinear,0.26073598861694336
6732,29,model.layers.1.mlp.up_proj,mlp.up_proj,decode,1,QwenManualHybridLinear,0.2536959946155548
6733,29,model.layers.1.mlp.down_proj,mlp.down_proj,decode,1,QwenManualHybridLinear,0.2478400021791458
6734,29,model.layers.2.self_attn.q_proj,self_attn.q_proj,decode,1,QwenManualHybridLinear,0.2529279887676239
6735,29,model.layers.2.self_attn.k_proj,self_attn.k_proj,decode,1,QwenManualHybridLinear,0.24694399535655975
6736,29,model.layers.2.self_attn.v_proj,self_attn.v_proj,decode,1,QwenManualHybridLinear,0.26767998933792114
6737,29,model.layers.2.self_attn.o_proj,self_attn.o_proj,decode,1,QwenManualHybridLinear,0.10835199803113937
6738,29,model.layers.2.mlp.gate_proj,mlp.gate_proj,decode,1,QwenManualHybridLinear,0.2712959945201874
6739,29,model.layers.2.mlp.up_proj,mlp.up_proj,decode,1,QwenManualHybridLinear,0.256415992975235
6740,29,model.layers.2.mlp.down_proj,mlp.down_proj,decode,1,QwenManualHybridLinear,0.24911999702453613
6741,29,model.layers.3.self_attn.q_proj,self_attn.q_proj,decode,1,QwenManualHybridLinear,0.2640640139579773
6742,29,model.layers.3.self_attn.k_proj,self_attn.k_proj,decode,1,QwenManualHybridLinear,0.2513599991798401
6743,29,model.layers.3.self_attn.v_proj,self_attn.v_proj,decode,1,QwenManualHybridLinear,0.24566400051116943
6744,29,model.layers.3.self_attn.o_proj,self_attn.o_proj,decode,1,QwenManualHybridLinear,0.10559999942779541
6745,29,model.layers.3.mlp.gate_proj,mlp.gate_proj,decode,1,QwenManualHybridLinear,0.2824319899082184
6746,29,model.layers.3.mlp.up_proj,mlp.up_proj,decode,1,QwenManualHybridLinear,0.25043201446533203
6747,29,model.layers.3.mlp.down_proj,mlp.down_proj,decode,1,QwenManualHybridLinear,0.2545279860496521
6748,29,model.layers.4.self_attn.q_proj,self_attn.q_proj,decode,1,QwenManualHybridLinear,0.25727999210357666
6749,29,model.layers.4.self_attn.k_proj,self_attn.k_proj,decode,1,QwenManualHybridLinear,0.2500480115413666
6750,29,model.layers.4.self_attn.v_proj,self_attn.v_proj,decode,1,QwenManualHybridLinear,0.24931199848651886
6751,29,model.layers.4.self_attn.o_proj,self_attn.o_proj,decode,1,QwenManualHybridLinear,0.10809600353240967
6752,29,model.layers.4.mlp.gate_proj,mlp.gate_proj,decode,1,QwenManualHybridLinear,0.2577280104160309
6753,29,model.layers.4.mlp.up_proj,mlp.up_proj,decode,1,QwenManualHybridLinear,0.24934400618076324
6754,29,model.layers.4.mlp.down_proj,mlp.down_proj,decode,1,QwenManualHybridLinear,0.2460159957408905
6755,29,model.layers.5.self_attn.q_proj,self_attn.q_proj,decode,1,QwenManualHybridLinear,0.2743360102176666
6756,29,model.layers.5.self_attn.k_proj,self_attn.k_proj,decode,1,QwenManualHybridLinear,0.25011199712753296
6757,29,model.layers.5.self_attn.v_proj,self_attn.v_proj,decode,1,QwenManualHybridLinear,0.24473600089550018
6758,29,model.layers.5.self_attn.o_proj,self_attn.o_proj,decode,1,QwenManualHybridLinear,0.10943999886512756
6759,29,model.layers.5.mlp.gate_proj,mlp.gate_proj,decode,1,QwenManualHybridLinear,0.26156800985336304
6760,29,model.layers.5.mlp.up_proj,mlp.up_proj,decode,1,QwenManualHybridLinear,0.2544640004634857
6761,29,model.layers.5.mlp.down_proj,mlp.down_proj,decode,1,QwenManualHybridLinear,0.2481279969215393
6762,29,model.layers.6.self_attn.q_proj,self_attn.q_proj,decode,1,QwenManualHybridLinear,0.2587519884109497
6763,29,model.layers.6.self_attn.k_proj,self_attn.k_proj,decode,1,QwenManualHybridLinear,0.25148800015449524
6764,29,model.layers.6.self_attn.v_proj,self_attn.v_proj,decode,1,QwenManualHybridLinear,0.24672000110149384
6765,29,model.layers.6.self_attn.o_proj,self_attn.o_proj,decode,1,QwenManualHybridLinear,0.10070399940013885
6766,29,model.layers.6.mlp.gate_proj,mlp.gate_proj,decode,1,QwenManualHybridLinear,0.2629440128803253
6767,29,model.layers.6.mlp.up_proj,mlp.up_proj,decode,1,QwenManualHybridLinear,0.24691200256347656
6768,29,model.layers.6.mlp.down_proj,mlp.down_proj,decode,1,QwenManualHybridLinear,0.2494720071554184
6769,29,model.layers.7.self_attn.q_proj,self_attn.q_proj,decode,1,QwenManualHybridLinear,0.25990399718284607
6770,29,model.layers.7.self_attn.k_proj,self_attn.k_proj,decode,1,QwenManualHybridLinear,0.2508159875869751
6771,29,model.layers.7.self_attn.v_proj,self_attn.v_proj,decode,1,QwenManualHybridLinear,0.24140800535678864
6772,29,model.layers.7.self_attn.o_proj,self_attn.o_proj,decode,1,QwenManualHybridLinear,0.10857599973678589
6773,29,model.layers.7.mlp.gate_proj,mlp.gate_proj,decode,1,QwenManualHybridLinear,0.25273600220680237
6774,29,model.layers.7.mlp.up_proj,mlp.up_proj,decode,1,QwenManualHybridLinear,0.25094398856163025
6775,29,model.layers.7.mlp.down_proj,mlp.down_proj,decode,1,QwenManualHybridLinear,0.3270080089569092
6776,29,model.layers.8.self_attn.q_proj,self_attn.q_proj,decode,1,QwenManualHybridLinear,0.25734400749206543
6777,29,model.layers.8.self_attn.k_proj,self_attn.k_proj,decode,1,QwenManualHybridLinear,0.2659200131893158
6778,29,model.layers.8.self_attn.v_proj,self_attn.v_proj,decode,1,QwenManualHybridLinear,0.24963200092315674
6779,29,model.layers.8.self_attn.o_proj,self_attn.o_proj,decode,1,QwenManualHybridLinear,0.09990400075912476
6780,29,model.layers.8.mlp.gate_proj,mlp.gate_proj,decode,1,QwenManualHybridLinear,0.2579199969768524
6781,29,model.layers.8.mlp.up_proj,mlp.up_proj,decode,1,QwenManualHybridLinear,0.25433599948883057
6782,29,model.layers.8.mlp.down_proj,mlp.down_proj,decode,1,QwenManualHybridLinear,0.25334399938583374
6783,29,model.layers.9.self_attn.q_proj,self_attn.q_proj,decode,1,QwenManualHybridLinear,0.25651198625564575
6784,29,model.layers.9.self_attn.k_proj,self_attn.k_proj,decode,1,QwenManualHybridLinear,0.24633599817752838
6785,29,model.layers.9.self_attn.v_proj,self_attn.v_proj,decode,1,QwenManualHybridLinear,0.26185598969459534
6786,29,model.layers.9.self_attn.o_proj,self_attn.o_proj,decode,1,QwenManualHybridLinear,0.09942399710416794
6787,29,model.layers.9.mlp.gate_proj,mlp.gate_proj,decode,1,QwenManualHybridLinear,0.26339200139045715
6788,29,model.layers.9.mlp.up_proj,mlp.up_proj,decode,1,QwenManualHybridLinear,0.24633599817752838
6789,29,model.layers.9.mlp.down_proj,mlp.down_proj,decode,1,QwenManualHybridLinear,0.24143999814987183
6790,29,model.layers.10.self_attn.q_proj,self_attn.q_proj,decode,1,QwenManualHybridLinear,0.2536959946155548
6791,29,model.layers.10.self_attn.k_proj,self_attn.k_proj,decode,1,QwenManualHybridLinear,0.2473279982805252
6792,29,model.layers.10.self_attn.v_proj,self_attn.v_proj,decode,1,QwenManualHybridLinear,0.2436159998178482
6793,29,model.layers.10.self_attn.o_proj,self_attn.o_proj,decode,1,QwenManualHybridLinear,0.10812799632549286
6794,29,model.layers.10.mlp.gate_proj,mlp.gate_proj,decode,1,QwenManualHybridLinear,0.2861439883708954
6795,29,model.layers.10.mlp.up_proj,mlp.up_proj,decode,1,QwenManualHybridLinear,0.25600001215934753
6796,29,model.layers.10.mlp.down_proj,mlp.down_proj,decode,1,QwenManualHybridLinear,0.2507840096950531
6797,29,model.layers.11.self_attn.q_proj,self_attn.q_proj,decode,1,QwenManualHybridLinear,0.26739200949668884
6798,29,model.layers.11.self_attn.k_proj,self_attn.k_proj,decode,1,QwenManualHybridLinear,0.24995200335979462
6799,29,model.layers.11.self_attn.v_proj,self_attn.v_proj,decode,1,QwenManualHybridLinear,0.24873599410057068
6800,29,model.layers.11.self_attn.o_proj,self_attn.o_proj,decode,1,QwenManualHybridLinear,0.10076799988746643
6801,29,model.layers.11.mlp.gate_proj,mlp.gate_proj,decode,1,QwenManualHybridLinear,0.2678399980068207
6802,29,model.layers.11.mlp.up_proj,mlp.up_proj,decode,1,QwenManualHybridLinear,0.24956800043582916
6803,29,model.layers.11.mlp.down_proj,mlp.down_proj,decode,1,QwenManualHybridLinear,0.25196799635887146
6804,29,model.layers.12.self_attn.q_proj,self_attn.q_proj,decode,1,QwenManualHybridLinear,0.2789759933948517
6805,29,model.layers.12.self_attn.k_proj,self_attn.k_proj,decode,1,QwenManualHybridLinear,0.25116801261901855
6806,29,model.layers.12.self_attn.v_proj,self_attn.v_proj,decode,1,QwenManualHybridLinear,0.24745599925518036
6807,29,model.layers.12.self_attn.o_proj,self_attn.o_proj,decode,1,QwenManualHybridLinear,0.10819199681282043
6808,29,model.layers.12.mlp.gate_proj,mlp.gate_proj,decode,1,QwenManualHybridLinear,0.25990399718284607
6809,29,model.layers.12.mlp.up_proj,mlp.up_proj,decode,1,QwenManualHybridLinear,0.2459840029478073
6810,29,model.layers.12.mlp.down_proj,mlp.down_proj,decode,1,QwenManualHybridLinear,0.24540799856185913
6811,29,model.layers.13.self_attn.q_proj,self_attn.q_proj,decode,1,QwenManualHybridLinear,0.267551988363266
6812,29,model.layers.13.self_attn.k_proj,self_attn.k_proj,decode,1,QwenManualHybridLinear,0.25097599625587463
6813,29,model.layers.13.self_attn.v_proj,self_attn.v_proj,decode,1,QwenManualHybridLinear,0.24371199309825897
6814,29,model.layers.13.self_attn.o_proj,self_attn.o_proj,decode,1,QwenManualHybridLinear,0.10396800190210342
6815,29,model.layers.13.mlp.gate_proj,mlp.gate_proj,decode,1,QwenManualHybridLinear,0.2600640058517456
6816,29,model.layers.13.mlp.up_proj,mlp.up_proj,decode,1,QwenManualHybridLinear,0.2526080012321472
6817,29,model.layers.13.mlp.down_proj,mlp.down_proj,decode,1,QwenManualHybridLinear,0.24799999594688416
6818,29,model.layers.14.self_attn.q_proj,self_attn.q_proj,decode,1,QwenManualHybridLinear,0.2566399872303009
6819,29,model.layers.14.self_attn.k_proj,self_attn.k_proj,decode,1,QwenManualHybridLinear,0.24607999622821808
6820,29,model.layers.14.self_attn.v_proj,self_attn.v_proj,decode,1,QwenManualHybridLinear,0.24166400730609894
6821,29,model.layers.14.self_attn.o_proj,self_attn.o_proj,decode,1,QwenManualHybridLinear,0.10630399733781815
6822,29,model.layers.14.mlp.gate_proj,mlp.gate_proj,decode,1,QwenManualHybridLinear,0.25731199979782104
6823,29,model.layers.14.mlp.up_proj,mlp.up_proj,decode,1,QwenManualHybridLinear,0.2654719948768616
6824,29,model.layers.14.mlp.down_proj,mlp.down_proj,decode,1,QwenManualHybridLinear,0.2500480115413666
6825,29,model.layers.15.self_attn.q_proj,self_attn.q_proj,decode,1,QwenManualHybridLinear,0.2524479925632477
6826,29,model.layers.15.self_attn.k_proj,self_attn.k_proj,decode,1,QwenManualHybridLinear,0.25036799907684326
6827,29,model.layers.15.self_attn.v_proj,self_attn.v_proj,decode,1,QwenManualHybridLinear,0.24665600061416626
6828,29,model.layers.15.self_attn.o_proj,self_attn.o_proj,decode,1,QwenManualHybridLinear,0.09843199700117111
6829,29,model.layers.15.mlp.gate_proj,mlp.gate_proj,decode,1,QwenManualHybridLinear,0.266975998878479
6830,29,model.layers.15.mlp.up_proj,mlp.up_proj,decode,1,QwenManualHybridLinear,0.24831999838352203
6831,29,model.layers.15.mlp.down_proj,mlp.down_proj,decode,1,QwenManualHybridLinear,0.2473600059747696
6832,29,model.layers.16.self_attn.q_proj,self_attn.q_proj,decode,1,QwenManualHybridLinear,0.25257599353790283
6833,29,model.layers.16.self_attn.k_proj,self_attn.k_proj,decode,1,QwenManualHybridLinear,0.2512640058994293
6834,29,model.layers.16.self_attn.v_proj,self_attn.v_proj,decode,1,QwenManualHybridLinear,0.25785601139068604
6835,29,model.layers.16.self_attn.o_proj,self_attn.o_proj,decode,1,QwenManualHybridLinear,0.1098560020327568
6836,29,model.layers.16.mlp.gate_proj,mlp.gate_proj,decode,1,QwenManualHybridLinear,0.2677760124206543
6837,29,model.layers.16.mlp.up_proj,mlp.up_proj,decode,1,QwenManualHybridLinear,0.28566399216651917
6838,29,model.layers.16.mlp.down_proj,mlp.down_proj,decode,1,QwenManualHybridLinear,0.2521600127220154
6839,29,model.layers.17.self_attn.q_proj,self_attn.q_proj,decode,1,QwenManualHybridLinear,0.2566080093383789
6840,29,model.layers.17.self_attn.k_proj,self_attn.k_proj,decode,1,QwenManualHybridLinear,0.2545279860496521
6841,29,model.layers.17.self_attn.v_proj,self_attn.v_proj,decode,1,QwenManualHybridLinear,0.24617600440979004
6842,29,model.layers.17.self_attn.o_proj,self_attn.o_proj,decode,1,QwenManualHybridLinear,0.10892800241708755
6843,29,model.layers.17.mlp.gate_proj,mlp.gate_proj,decode,1,QwenManualHybridLinear,0.27059200406074524
6844,29,model.layers.17.mlp.up_proj,mlp.up_proj,decode,1,QwenManualHybridLinear,0.26976001262664795
6845,29,model.layers.17.mlp.down_proj,mlp.down_proj,decode,1,QwenManualHybridLinear,0.2606079876422882
6846,29,model.layers.18.self_attn.q_proj,self_attn.q_proj,decode,1,QwenManualHybridLinear,0.26175999641418457
6847,29,model.layers.18.self_attn.k_proj,self_attn.k_proj,decode,1,QwenManualHybridLinear,0.2489279955625534
6848,29,model.layers.18.self_attn.v_proj,self_attn.v_proj,decode,1,QwenManualHybridLinear,0.24502399563789368
6849,29,model.layers.18.self_attn.o_proj,self_attn.o_proj,decode,1,QwenManualHybridLinear,0.10761599987745285
6850,29,model.layers.18.mlp.gate_proj,mlp.gate_proj,decode,1,QwenManualHybridLinear,0.2624000012874603
6851,29,model.layers.18.mlp.up_proj,mlp.up_proj,decode,1,QwenManualHybridLinear,0.24592000246047974
6852,29,model.layers.18.mlp.down_proj,mlp.down_proj,decode,1,QwenManualHybridLinear,0.2430720031261444
6853,29,model.layers.19.self_attn.q_proj,self_attn.q_proj,decode,1,QwenManualHybridLinear,0.25727999210357666
6854,29,model.layers.19.self_attn.k_proj,self_attn.k_proj,decode,1,QwenManualHybridLinear,0.2519040107727051
6855,29,model.layers.19.self_attn.v_proj,self_attn.v_proj,decode,1,QwenManualHybridLinear,0.24188800156116486
6856,29,model.layers.19.self_attn.o_proj,self_attn.o_proj,decode,1,QwenManualHybridLinear,0.10512000322341919
6857,29,model.layers.19.mlp.gate_proj,mlp.gate_proj,decode,1,QwenManualHybridLinear,0.2667520046234131
6858,29,model.layers.19.mlp.up_proj,mlp.up_proj,decode,1,QwenManualHybridLinear,0.25382399559020996
6859,29,model.layers.19.mlp.down_proj,mlp.down_proj,decode,1,QwenManualHybridLinear,0.24697600305080414
6860,29,model.layers.20.self_attn.q_proj,self_attn.q_proj,decode,1,QwenManualHybridLinear,0.2574400007724762
6861,29,model.layers.20.self_attn.k_proj,self_attn.k_proj,decode,1,QwenManualHybridLinear,0.2510719895362854
6862,29,model.layers.20.self_attn.v_proj,self_attn.v_proj,decode,1,QwenManualHybridLinear,0.2454719990491867
6863,29,model.layers.20.self_attn.o_proj,self_attn.o_proj,decode,1,QwenManualHybridLinear,0.09827200323343277
6864,29,model.layers.20.mlp.gate_proj,mlp.gate_proj,decode,1,QwenManualHybridLinear,0.2577280104160309
6865,29,model.layers.20.mlp.up_proj,mlp.up_proj,decode,1,QwenManualHybridLinear,0.2511039972305298
6866,29,model.layers.20.mlp.down_proj,mlp.down_proj,decode,1,QwenManualHybridLinear,0.24505600333213806
6867,29,model.layers.21.self_attn.q_proj,self_attn.q_proj,decode,1,QwenManualHybridLinear,0.27267199754714966
6868,29,model.layers.21.self_attn.k_proj,self_attn.k_proj,decode,1,QwenManualHybridLinear,0.249439999461174
6869,29,model.layers.21.self_attn.v_proj,self_attn.v_proj,decode,1,QwenManualHybridLinear,0.24940800666809082
6870,29,model.layers.21.self_attn.o_proj,self_attn.o_proj,decode,1,QwenManualHybridLinear,0.10815999656915665
6871,29,model.layers.21.mlp.gate_proj,mlp.gate_proj,decode,1,QwenManualHybridLinear,0.25788798928260803
6872,29,model.layers.21.mlp.up_proj,mlp.up_proj,decode,1,QwenManualHybridLinear,0.26681599020957947
6873,29,model.layers.21.mlp.down_proj,mlp.down_proj,decode,1,QwenManualHybridLinear,0.25913599133491516
6874,29,model.layers.22.self_attn.q_proj,self_attn.q_proj,decode,1,QwenManualHybridLinear,0.25513601303100586
6875,29,model.layers.22.self_attn.k_proj,self_attn.k_proj,decode,1,QwenManualHybridLinear,0.2465600073337555
6876,29,model.layers.22.self_attn.v_proj,self_attn.v_proj,decode,1,QwenManualHybridLinear,0.24675199389457703
6877,29,model.layers.22.self_attn.o_proj,self_attn.o_proj,decode,1,QwenManualHybridLinear,0.1143999993801117
6878,29,model.layers.22.mlp.gate_proj,mlp.gate_proj,decode,1,QwenManualHybridLinear,0.27513599395751953
6879,29,model.layers.22.mlp.up_proj,mlp.up_proj,decode,1,QwenManualHybridLinear,0.26185598969459534
6880,29,model.layers.22.mlp.down_proj,mlp.down_proj,decode,1,QwenManualHybridLinear,0.24345600605010986
6881,29,model.layers.23.self_attn.q_proj,self_attn.q_proj,decode,1,QwenManualHybridLinear,0.2556160092353821
6882,29,model.layers.23.self_attn.k_proj,self_attn.k_proj,decode,1,QwenManualHybridLinear,0.2640640139579773
6883,29,model.layers.23.self_attn.v_proj,self_attn.v_proj,decode,1,QwenManualHybridLinear,0.24326400458812714
6884,29,model.layers.23.self_attn.o_proj,self_attn.o_proj,decode,1,QwenManualHybridLinear,0.10527999699115753
6885,29,model.layers.23.mlp.gate_proj,mlp.gate_proj,decode,1,QwenManualHybridLinear,0.2550080120563507
6886,29,model.layers.23.mlp.up_proj,mlp.up_proj,decode,1,QwenManualHybridLinear,0.25328001379966736
6887,29,model.layers.23.mlp.down_proj,mlp.down_proj,decode,1,QwenManualHybridLinear,0.248416006565094
6888,29,model.layers.24.self_attn.q_proj,self_attn.q_proj,decode,1,QwenManualHybridLinear,0.26156800985336304
6889,29,model.layers.24.self_attn.k_proj,self_attn.k_proj,decode,1,QwenManualHybridLinear,0.25248000025749207
6890,29,model.layers.24.self_attn.v_proj,self_attn.v_proj,decode,1,QwenManualHybridLinear,0.2425280064344406
6891,29,model.layers.24.self_attn.o_proj,self_attn.o_proj,decode,1,QwenManualHybridLinear,0.12358400225639343
6892,29,model.layers.24.mlp.gate_proj,mlp.gate_proj,decode,1,QwenManualHybridLinear,0.2624000012874603
6893,29,model.layers.24.mlp.up_proj,mlp.up_proj,decode,1,QwenManualHybridLinear,0.25222399830818176
6894,29,model.layers.24.mlp.down_proj,mlp.down_proj,decode,1,QwenManualHybridLinear,0.24780799448490143
6895,29,model.layers.25.self_attn.q_proj,self_attn.q_proj,decode,1,QwenManualHybridLinear,0.2571519911289215
6896,29,model.layers.25.self_attn.k_proj,self_attn.k_proj,decode,1,QwenManualHybridLinear,0.2452480047941208
6897,29,model.layers.25.self_attn.v_proj,self_attn.v_proj,decode,1,QwenManualHybridLinear,0.25622400641441345
6898,29,model.layers.25.self_attn.o_proj,self_attn.o_proj,decode,1,QwenManualHybridLinear,0.09948799759149551
6899,29,model.layers.25.mlp.gate_proj,mlp.gate_proj,decode,1,QwenManualHybridLinear,0.26652801036834717
6900,29,model.layers.25.mlp.up_proj,mlp.up_proj,decode,1,QwenManualHybridLinear,0.24889600276947021
6901,29,model.layers.25.mlp.down_proj,mlp.down_proj,decode,1,QwenManualHybridLinear,0.2507840096950531
6902,29,model.layers.26.self_attn.q_proj,self_attn.q_proj,decode,1,QwenManualHybridLinear,0.25891199707984924
6903,29,model.layers.26.self_attn.k_proj,self_attn.k_proj,decode,1,QwenManualHybridLinear,0.2523840069770813
6904,29,model.layers.26.self_attn.v_proj,self_attn.v_proj,decode,1,QwenManualHybridLinear,0.24006399512290955
6905,29,model.layers.26.self_attn.o_proj,self_attn.o_proj,decode,1,QwenManualHybridLinear,0.10025600343942642
6906,29,model.layers.26.mlp.gate_proj,mlp.gate_proj,decode,1,QwenManualHybridLinear,0.25494399666786194
6907,29,model.layers.26.mlp.up_proj,mlp.up_proj,decode,1,QwenManualHybridLinear,0.25334399938583374
6908,29,model.layers.26.mlp.down_proj,mlp.down_proj,decode,1,QwenManualHybridLinear,0.24569599330425262
6909,29,model.layers.27.self_attn.q_proj,self_attn.q_proj,decode,1,QwenManualHybridLinear,0.2637760043144226
6910,29,model.layers.27.self_attn.k_proj,self_attn.k_proj,decode,1,QwenManualHybridLinear,0.2539840042591095
6911,29,model.layers.27.self_attn.v_proj,self_attn.v_proj,decode,1,QwenManualHybridLinear,0.24463999271392822
6912,29,model.layers.27.self_attn.o_proj,self_attn.o_proj,decode,1,QwenManualHybridLinear,0.2759999930858612
6913,29,model.layers.27.mlp.gate_proj,mlp.gate_proj,decode,1,QwenManualHybridLinear,0.2783679962158203
6914,29,model.layers.27.mlp.up_proj,mlp.up_proj,decode,1,QwenManualHybridLinear,0.2890560030937195
6915,29,model.layers.27.mlp.down_proj,mlp.down_proj,decode,1,QwenManualHybridLinear,0.2582719922065735
6916,29,model.layers.28.self_attn.q_proj,self_attn.q_proj,decode,1,QwenManualHybridLinear,0.2715519964694977
6917,29,model.layers.28.self_attn.k_proj,self_attn.k_proj,decode,1,QwenManualHybridLinear,0.25782400369644165
6918,29,model.layers.28.self_attn.v_proj,self_attn.v_proj,decode,1,QwenManualHybridLinear,0.25513601303100586
6919,29,model.layers.28.self_attn.o_proj,self_attn.o_proj,decode,1,QwenManualHybridLinear,0.0990080013871193
6920,29,model.layers.28.mlp.gate_proj,mlp.gate_proj,decode,1,QwenManualHybridLinear,0.27004799246788025
6921,29,model.layers.28.mlp.up_proj,mlp.up_proj,decode,1,QwenManualHybridLinear,0.2655999958515167
6922,29,model.layers.28.mlp.down_proj,mlp.down_proj,decode,1,QwenManualHybridLinear,0.24687999486923218
6923,29,model.layers.29.self_attn.q_proj,self_attn.q_proj,decode,1,QwenManualHybridLinear,0.26787200570106506
6924,29,model.layers.29.self_attn.k_proj,self_attn.k_proj,decode,1,QwenManualHybridLinear,1.0582400560379028
6925,29,model.layers.29.self_attn.v_proj,self_attn.v_proj,decode,1,QwenManualHybridLinear,0.36748799681663513
6926,29,model.layers.29.self_attn.o_proj,self_attn.o_proj,decode,1,QwenManualHybridLinear,0.10572800040245056
6927,29,model.layers.29.mlp.gate_proj,mlp.gate_proj,decode,1,QwenManualHybridLinear,0.2666879892349243
6928,29,model.layers.29.mlp.up_proj,mlp.up_proj,decode,1,QwenManualHybridLinear,0.2571200132369995
6929,29,model.layers.29.mlp.down_proj,mlp.down_proj,decode,1,QwenManualHybridLinear,0.2446720004081726
6930,29,model.layers.30.self_attn.q_proj,self_attn.q_proj,decode,1,QwenManualHybridLinear,0.260127991437912
6931,29,model.layers.30.self_attn.k_proj,self_attn.k_proj,decode,1,QwenManualHybridLinear,0.2622080147266388
6932,29,model.layers.30.self_attn.v_proj,self_attn.v_proj,decode,1,QwenManualHybridLinear,0.258432000875473
6933,29,model.layers.30.self_attn.o_proj,self_attn.o_proj,decode,1,QwenManualHybridLinear,0.10976000130176544
6934,29,model.layers.30.mlp.gate_proj,mlp.gate_proj,decode,1,QwenManualHybridLinear,0.28227201104164124
6935,29,model.layers.30.mlp.up_proj,mlp.up_proj,decode,1,QwenManualHybridLinear,0.25203201174736023
6936,29,model.layers.30.mlp.down_proj,mlp.down_proj,decode,1,QwenManualHybridLinear,0.24937599897384644
6937,29,model.layers.31.self_attn.q_proj,self_attn.q_proj,decode,1,QwenManualHybridLinear,0.26015999913215637
6938,29,model.layers.31.self_attn.k_proj,self_attn.k_proj,decode,1,QwenManualHybridLinear,0.26150399446487427
6939,29,model.layers.31.self_attn.v_proj,self_attn.v_proj,decode,1,QwenManualHybridLinear,0.2441920042037964
6940,29,model.layers.31.self_attn.o_proj,self_attn.o_proj,decode,1,QwenManualHybridLinear,0.11257600039243698
6941,29,model.layers.31.mlp.gate_proj,mlp.gate_proj,decode,1,QwenManualHybridLinear,0.2609280049800873
6942,29,model.layers.31.mlp.up_proj,mlp.up_proj,decode,1,QwenManualHybridLinear,0.2518079876899719
6943,29,model.layers.31.mlp.down_proj,mlp.down_proj,decode,1,QwenManualHybridLinear,0.2518399953842163
6944,30,model.layers.0.self_attn.q_proj,self_attn.q_proj,decode,1,QwenManualHybridLinear,0.3978239893913269
6945,30,model.layers.0.self_attn.k_proj,self_attn.k_proj,decode,1,QwenManualHybridLinear,0.2847999930381775
6946,30,model.layers.0.self_attn.v_proj,self_attn.v_proj,decode,1,QwenManualHybridLinear,0.2593599855899811
6947,30,model.layers.0.self_attn.o_proj,self_attn.o_proj,decode,1,QwenManualHybridLinear,0.10921599715948105
6948,30,model.layers.0.mlp.gate_proj,mlp.gate_proj,decode,1,QwenManualHybridLinear,0.281823992729187
6949,30,model.layers.0.mlp.up_proj,mlp.up_proj,decode,1,QwenManualHybridLinear,0.26175999641418457
6950,30,model.layers.0.mlp.down_proj,mlp.down_proj,decode,1,QwenManualHybridLinear,0.25753599405288696
6951,30,model.layers.1.self_attn.q_proj,self_attn.q_proj,decode,1,QwenManualHybridLinear,0.26364800333976746
6952,30,model.layers.1.self_attn.k_proj,self_attn.k_proj,decode,1,QwenManualHybridLinear,0.2757120132446289
6953,30,model.layers.1.self_attn.v_proj,self_attn.v_proj,decode,1,QwenManualHybridLinear,0.25593599677085876
6954,30,model.layers.1.self_attn.o_proj,self_attn.o_proj,decode,1,QwenManualHybridLinear,0.10022400319576263
6955,30,model.layers.1.mlp.gate_proj,mlp.gate_proj,decode,1,QwenManualHybridLinear,0.29017600417137146
6956,30,model.layers.1.mlp.up_proj,mlp.up_proj,decode,1,QwenManualHybridLinear,0.2707839906215668
6957,30,model.layers.1.mlp.down_proj,mlp.down_proj,decode,1,QwenManualHybridLinear,0.2539519965648651
6958,30,model.layers.2.self_attn.q_proj,self_attn.q_proj,decode,1,QwenManualHybridLinear,0.2678079903125763
6959,30,model.layers.2.self_attn.k_proj,self_attn.k_proj,decode,1,QwenManualHybridLinear,0.25999999046325684
6960,30,model.layers.2.self_attn.v_proj,self_attn.v_proj,decode,1,QwenManualHybridLinear,0.24723200500011444
6961,30,model.layers.2.self_attn.o_proj,self_attn.o_proj,decode,1,QwenManualHybridLinear,0.10115200281143188
6962,30,model.layers.2.mlp.gate_proj,mlp.gate_proj,decode,1,QwenManualHybridLinear,0.26291200518608093
6963,30,model.layers.2.mlp.up_proj,mlp.up_proj,decode,1,QwenManualHybridLinear,0.24886399507522583
6964,30,model.layers.2.mlp.down_proj,mlp.down_proj,decode,1,QwenManualHybridLinear,0.24953599274158478
6965,30,model.layers.3.self_attn.q_proj,self_attn.q_proj,decode,1,QwenManualHybridLinear,0.275519996881485
6966,30,model.layers.3.self_attn.k_proj,self_attn.k_proj,decode,1,QwenManualHybridLinear,0.2799679934978485
6967,30,model.layers.3.self_attn.v_proj,self_attn.v_proj,decode,1,QwenManualHybridLinear,0.2473600059747696
6968,30,model.layers.3.self_attn.o_proj,self_attn.o_proj,decode,1,QwenManualHybridLinear,0.10172799974679947
6969,30,model.layers.3.mlp.gate_proj,mlp.gate_proj,decode,1,QwenManualHybridLinear,0.26044800877571106
6970,30,model.layers.3.mlp.up_proj,mlp.up_proj,decode,1,QwenManualHybridLinear,0.2487040013074875
6971,30,model.layers.3.mlp.down_proj,mlp.down_proj,decode,1,QwenManualHybridLinear,0.24755200743675232
6972,30,model.layers.4.self_attn.q_proj,self_attn.q_proj,decode,1,QwenManualHybridLinear,0.2508479952812195
6973,30,model.layers.4.self_attn.k_proj,self_attn.k_proj,decode,1,QwenManualHybridLinear,0.24569599330425262
6974,30,model.layers.4.self_attn.v_proj,self_attn.v_proj,decode,1,QwenManualHybridLinear,0.25334399938583374
6975,30,model.layers.4.self_attn.o_proj,self_attn.o_proj,decode,1,QwenManualHybridLinear,0.12460800260305405
6976,30,model.layers.4.mlp.gate_proj,mlp.gate_proj,decode,1,QwenManualHybridLinear,0.2746239900588989
6977,30,model.layers.4.mlp.up_proj,mlp.up_proj,decode,1,QwenManualHybridLinear,0.2685120105743408
6978,30,model.layers.4.mlp.down_proj,mlp.down_proj,decode,1,QwenManualHybridLinear,0.24876800179481506
6979,30,model.layers.5.self_attn.q_proj,self_attn.q_proj,decode,1,QwenManualHybridLinear,0.26134398579597473
6980,30,model.layers.5.self_attn.k_proj,self_attn.k_proj,decode,1,QwenManualHybridLinear,0.2563199996948242
6981,30,model.layers.5.self_attn.v_proj,self_attn.v_proj,decode,1,QwenManualHybridLinear,0.24489599466323853
6982,30,model.layers.5.self_attn.o_proj,self_attn.o_proj,decode,1,QwenManualHybridLinear,0.1056319996714592
6983,30,model.layers.5.mlp.gate_proj,mlp.gate_proj,decode,1,QwenManualHybridLinear,0.2754560112953186
6984,30,model.layers.5.mlp.up_proj,mlp.up_proj,decode,1,QwenManualHybridLinear,0.2494720071554184
6985,30,model.layers.5.mlp.down_proj,mlp.down_proj,decode,1,QwenManualHybridLinear,0.2653760015964508
6986,30,model.layers.6.self_attn.q_proj,self_attn.q_proj,decode,1,QwenManualHybridLinear,0.26371198892593384
6987,30,model.layers.6.self_attn.k_proj,self_attn.k_proj,decode,1,QwenManualHybridLinear,0.2544960081577301
6988,30,model.layers.6.self_attn.v_proj,self_attn.v_proj,decode,1,QwenManualHybridLinear,0.24899199604988098
6989,30,model.layers.6.self_attn.o_proj,self_attn.o_proj,decode,1,QwenManualHybridLinear,0.09910400211811066
6990,30,model.layers.6.mlp.gate_proj,mlp.gate_proj,decode,1,QwenManualHybridLinear,0.25577598810195923
6991,30,model.layers.6.mlp.up_proj,mlp.up_proj,decode,1,QwenManualHybridLinear,0.25142401456832886
6992,30,model.layers.6.mlp.down_proj,mlp.down_proj,decode,1,QwenManualHybridLinear,0.2531200051307678
6993,30,model.layers.7.self_attn.q_proj,self_attn.q_proj,decode,1,QwenManualHybridLinear,0.2781440019607544
6994,30,model.layers.7.self_attn.k_proj,self_attn.k_proj,decode,1,QwenManualHybridLinear,0.25785601139068604
6995,30,model.layers.7.self_attn.v_proj,self_attn.v_proj,decode,1,QwenManualHybridLinear,0.26371198892593384
6996,30,model.layers.7.self_attn.o_proj,self_attn.o_proj,decode,1,QwenManualHybridLinear,0.12518399953842163
6997,30,model.layers.7.mlp.gate_proj,mlp.gate_proj,decode,1,QwenManualHybridLinear,0.33350399136543274
6998,30,model.layers.7.mlp.up_proj,mlp.up_proj,decode,1,QwenManualHybridLinear,0.33423998951911926
6999,30,model.layers.7.mlp.down_proj,mlp.down_proj,decode,1,QwenManualHybridLinear,0.32121598720550537
7000,30,model.layers.8.self_attn.q_proj,self_attn.q_proj,decode,1,QwenManualHybridLinear,0.3314560055732727
7001,30,model.layers.8.self_attn.k_proj,self_attn.k_proj,decode,1,QwenManualHybridLinear,0.3266879916191101
7002,30,model.layers.8.self_attn.v_proj,self_attn.v_proj,decode,1,QwenManualHybridLinear,0.3235520124435425
7003,30,model.layers.8.self_attn.o_proj,self_attn.o_proj,decode,1,QwenManualHybridLinear,0.12588800489902496
7004,30,model.layers.8.mlp.gate_proj,mlp.gate_proj,decode,1,QwenManualHybridLinear,0.35811200737953186
7005,30,model.layers.8.mlp.up_proj,mlp.up_proj,decode,1,QwenManualHybridLinear,0.33504000306129456
7006,30,model.layers.8.mlp.down_proj,mlp.down_proj,decode,1,QwenManualHybridLinear,0.3222079873085022
7007,30,model.layers.9.self_attn.q_proj,self_attn.q_proj,decode,1,QwenManualHybridLinear,0.3370879888534546
7008,30,model.layers.9.self_attn.k_proj,self_attn.k_proj,decode,1,QwenManualHybridLinear,0.3272320032119751
7009,30,model.layers.9.self_attn.v_proj,self_attn.v_proj,decode,1,QwenManualHybridLinear,0.3187200129032135
7010,30,model.layers.9.self_attn.o_proj,self_attn.o_proj,decode,1,QwenManualHybridLinear,0.12284799665212631
7011,30,model.layers.9.mlp.gate_proj,mlp.gate_proj,decode,1,QwenManualHybridLinear,0.3344320058822632
7012,30,model.layers.9.mlp.up_proj,mlp.up_proj,decode,1,QwenManualHybridLinear,0.33798399567604065
7013,30,model.layers.9.mlp.down_proj,mlp.down_proj,decode,1,QwenManualHybridLinear,0.3187200129032135
7014,30,model.layers.10.self_attn.q_proj,self_attn.q_proj,decode,1,QwenManualHybridLinear,0.337119996547699
7015,30,model.layers.10.self_attn.k_proj,self_attn.k_proj,decode,1,QwenManualHybridLinear,0.3270080089569092
7016,30,model.layers.10.self_attn.v_proj,self_attn.v_proj,decode,1,QwenManualHybridLinear,0.3256959915161133
7017,30,model.layers.10.self_attn.o_proj,self_attn.o_proj,decode,1,QwenManualHybridLinear,0.12572799623012543
7018,30,model.layers.10.mlp.gate_proj,mlp.gate_proj,decode,1,QwenManualHybridLinear,0.35471999645233154
7019,30,model.layers.10.mlp.up_proj,mlp.up_proj,decode,1,QwenManualHybridLinear,0.3300800025463104
7020,30,model.layers.10.mlp.down_proj,mlp.down_proj,decode,1,QwenManualHybridLinear,0.3150399923324585
7021,30,model.layers.11.self_attn.q_proj,self_attn.q_proj,decode,1,QwenManualHybridLinear,0.34755200147628784
7022,30,model.layers.11.self_attn.k_proj,self_attn.k_proj,decode,1,QwenManualHybridLinear,0.33132800459861755
7023,30,model.layers.11.self_attn.v_proj,self_attn.v_proj,decode,1,QwenManualHybridLinear,0.3250559866428375
7024,30,model.layers.11.self_attn.o_proj,self_attn.o_proj,decode,1,QwenManualHybridLinear,0.11708799749612808
7025,30,model.layers.11.mlp.gate_proj,mlp.gate_proj,decode,1,QwenManualHybridLinear,0.3375999927520752
7026,30,model.layers.11.mlp.up_proj,mlp.up_proj,decode,1,QwenManualHybridLinear,0.33907198905944824
7027,30,model.layers.11.mlp.down_proj,mlp.down_proj,decode,1,QwenManualHybridLinear,0.32550400495529175
7028,30,model.layers.12.self_attn.q_proj,self_attn.q_proj,decode,1,QwenManualHybridLinear,0.3500480055809021
7029,30,model.layers.12.self_attn.k_proj,self_attn.k_proj,decode,1,QwenManualHybridLinear,0.32067200541496277
7030,30,model.layers.12.self_attn.v_proj,self_attn.v_proj,decode,1,QwenManualHybridLinear,0.3235200047492981
7031,30,model.layers.12.self_attn.o_proj,self_attn.o_proj,decode,1,QwenManualHybridLinear,0.12956799566745758
7032,30,model.layers.12.mlp.gate_proj,mlp.gate_proj,decode,1,QwenManualHybridLinear,0.35846400260925293
7033,30,model.layers.12.mlp.up_proj,mlp.up_proj,decode,1,QwenManualHybridLinear,0.32915198802948
7034,30,model.layers.12.mlp.down_proj,mlp.down_proj,decode,1,QwenManualHybridLinear,0.34435200691223145
7035,30,model.layers.13.self_attn.q_proj,self_attn.q_proj,decode,1,QwenManualHybridLinear,0.3391999900341034
7036,30,model.layers.13.self_attn.k_proj,self_attn.k_proj,decode,1,QwenManualHybridLinear,0.3232640027999878
7037,30,model.layers.13.self_attn.v_proj,self_attn.v_proj,decode,1,QwenManualHybridLinear,0.30876800417900085
7038,30,model.layers.13.self_attn.o_proj,self_attn.o_proj,decode,1,QwenManualHybridLinear,0.12089599668979645
7039,30,model.layers.13.mlp.gate_proj,mlp.gate_proj,decode,1,QwenManualHybridLinear,0.3198719918727875
7040,30,model.layers.13.mlp.up_proj,mlp.up_proj,decode,1,QwenManualHybridLinear,0.31193599104881287
7041,30,model.layers.13.mlp.down_proj,mlp.down_proj,decode,1,QwenManualHybridLinear,0.2988159954547882
7042,30,model.layers.14.self_attn.q_proj,self_attn.q_proj,decode,1,QwenManualHybridLinear,0.36051198840141296
7043,30,model.layers.14.self_attn.k_proj,self_attn.k_proj,decode,1,QwenManualHybridLinear,0.31007999181747437
7044,30,model.layers.14.self_attn.v_proj,self_attn.v_proj,decode,1,QwenManualHybridLinear,0.3113600015640259
7045,30,model.layers.14.self_attn.o_proj,self_attn.o_proj,decode,1,QwenManualHybridLinear,0.11315199732780457
7046,30,model.layers.14.mlp.gate_proj,mlp.gate_proj,decode,1,QwenManualHybridLinear,0.3200640082359314
7047,30,model.layers.14.mlp.up_proj,mlp.up_proj,decode,1,QwenManualHybridLinear,0.3035520017147064
7048,30,model.layers.14.mlp.down_proj,mlp.down_proj,decode,1,QwenManualHybridLinear,0.305184006690979
7049,30,model.layers.15.self_attn.q_proj,self_attn.q_proj,decode,1,QwenManualHybridLinear,0.31167998909950256
7050,30,model.layers.15.self_attn.k_proj,self_attn.k_proj,decode,1,QwenManualHybridLinear,0.3170880079269409
7051,30,model.layers.15.self_attn.v_proj,self_attn.v_proj,decode,1,QwenManualHybridLinear,0.3115519881248474
7052,30,model.layers.15.self_attn.o_proj,self_attn.o_proj,decode,1,QwenManualHybridLinear,0.1175680011510849
7053,30,model.layers.15.mlp.gate_proj,mlp.gate_proj,decode,1,QwenManualHybridLinear,0.32528001070022583
7054,30,model.layers.15.mlp.up_proj,mlp.up_proj,decode,1,QwenManualHybridLinear,0.30854400992393494
7055,30,model.layers.15.mlp.down_proj,mlp.down_proj,decode,1,QwenManualHybridLinear,0.3036800026893616
7056,30,model.layers.16.self_attn.q_proj,self_attn.q_proj,decode,1,QwenManualHybridLinear,0.3256320059299469
7057,30,model.layers.16.self_attn.k_proj,self_attn.k_proj,decode,1,QwenManualHybridLinear,0.3107840120792389
7058,30,model.layers.16.self_attn.v_proj,self_attn.v_proj,decode,1,QwenManualHybridLinear,0.29097598791122437
7059,30,model.layers.16.self_attn.o_proj,self_attn.o_proj,decode,1,QwenManualHybridLinear,0.1106560006737709
7060,30,model.layers.16.mlp.gate_proj,mlp.gate_proj,decode,1,QwenManualHybridLinear,0.3028799891471863
7061,30,model.layers.16.mlp.up_proj,mlp.up_proj,decode,1,QwenManualHybridLinear,0.3049919903278351
7062,30,model.layers.16.mlp.down_proj,mlp.down_proj,decode,1,QwenManualHybridLinear,0.29392001032829285
7063,30,model.layers.17.self_attn.q_proj,self_attn.q_proj,decode,1,QwenManualHybridLinear,0.3044480085372925
7064,30,model.layers.17.self_attn.k_proj,self_attn.k_proj,decode,1,QwenManualHybridLinear,0.29708799719810486
7065,30,model.layers.17.self_attn.v_proj,self_attn.v_proj,decode,1,QwenManualHybridLinear,0.2926720082759857
7066,30,model.layers.17.self_attn.o_proj,self_attn.o_proj,decode,1,QwenManualHybridLinear,0.12227199971675873
7067,30,model.layers.17.mlp.gate_proj,mlp.gate_proj,decode,1,QwenManualHybridLinear,0.30508801341056824
7068,30,model.layers.17.mlp.up_proj,mlp.up_proj,decode,1,QwenManualHybridLinear,0.29468798637390137
7069,30,model.layers.17.mlp.down_proj,mlp.down_proj,decode,1,QwenManualHybridLinear,0.28547200560569763
7070,30,model.layers.18.self_attn.q_proj,self_attn.q_proj,decode,1,QwenManualHybridLinear,0.3035840094089508
7071,30,model.layers.18.self_attn.k_proj,self_attn.k_proj,decode,1,QwenManualHybridLinear,0.30796799063682556
7072,30,model.layers.18.self_attn.v_proj,self_attn.v_proj,decode,1,QwenManualHybridLinear,0.29308798909187317
7073,30,model.layers.18.self_attn.o_proj,self_attn.o_proj,decode,1,QwenManualHybridLinear,0.11507199704647064
7074,30,model.layers.18.mlp.gate_proj,mlp.gate_proj,decode,1,QwenManualHybridLinear,0.33024001121520996
7075,30,model.layers.18.mlp.up_proj,mlp.up_proj,decode,1,QwenManualHybridLinear,0.316895991563797
7076,30,model.layers.18.mlp.down_proj,mlp.down_proj,decode,1,QwenManualHybridLinear,0.2906239926815033
7077,30,model.layers.19.self_attn.q_proj,self_attn.q_proj,decode,1,QwenManualHybridLinear,0.3009920120239258
7078,30,model.layers.19.self_attn.k_proj,self_attn.k_proj,decode,1,QwenManualHybridLinear,0.29872000217437744
7079,30,model.layers.19.self_attn.v_proj,self_attn.v_proj,decode,1,QwenManualHybridLinear,0.294048011302948
7080,30,model.layers.19.self_attn.o_proj,self_attn.o_proj,decode,1,QwenManualHybridLinear,0.10419200360774994
7081,30,model.layers.19.mlp.gate_proj,mlp.gate_proj,decode,1,QwenManualHybridLinear,0.28835201263427734
7082,30,model.layers.19.mlp.up_proj,mlp.up_proj,decode,1,QwenManualHybridLinear,0.28092798590660095
7083,30,model.layers.19.mlp.down_proj,mlp.down_proj,decode,1,QwenManualHybridLinear,0.2828480005264282
7084,30,model.layers.20.self_attn.q_proj,self_attn.q_proj,decode,1,QwenManualHybridLinear,0.29769599437713623
7085,30,model.layers.20.self_attn.k_proj,self_attn.k_proj,decode,1,QwenManualHybridLinear,0.27932798862457275
7086,30,model.layers.20.self_attn.v_proj,self_attn.v_proj,decode,1,QwenManualHybridLinear,0.28176000714302063
7087,30,model.layers.20.self_attn.o_proj,self_attn.o_proj,decode,1,QwenManualHybridLinear,0.10707200318574905
7088,30,model.layers.20.mlp.gate_proj,mlp.gate_proj,decode,1,QwenManualHybridLinear,0.2881920039653778
7089,30,model.layers.20.mlp.up_proj,mlp.up_proj,decode,1,QwenManualHybridLinear,0.283488005399704
7090,30,model.layers.20.mlp.down_proj,mlp.down_proj,decode,1,QwenManualHybridLinear,0.2776640057563782
7091,30,model.layers.21.self_attn.q_proj,self_attn.q_proj,decode,1,QwenManualHybridLinear,0.2844479978084564
7092,30,model.layers.21.self_attn.k_proj,self_attn.k_proj,decode,1,QwenManualHybridLinear,0.2764799892902374
7093,30,model.layers.21.self_attn.v_proj,self_attn.v_proj,decode,1,QwenManualHybridLinear,0.29654398560523987
7094,30,model.layers.21.self_attn.o_proj,self_attn.o_proj,decode,1,QwenManualHybridLinear,0.11715199798345566
7095,30,model.layers.21.mlp.gate_proj,mlp.gate_proj,decode,1,QwenManualHybridLinear,0.3070400059223175
7096,30,model.layers.21.mlp.up_proj,mlp.up_proj,decode,1,QwenManualHybridLinear,0.2824319899082184
7097,30,model.layers.21.mlp.down_proj,mlp.down_proj,decode,1,QwenManualHybridLinear,0.2791680097579956
7098,30,model.layers.22.self_attn.q_proj,self_attn.q_proj,decode,1,QwenManualHybridLinear,0.2916800081729889
7099,30,model.layers.22.self_attn.k_proj,self_attn.k_proj,decode,1,QwenManualHybridLinear,0.2889600098133087
7100,30,model.layers.22.self_attn.v_proj,self_attn.v_proj,decode,1,QwenManualHybridLinear,0.2826879918575287
7101,30,model.layers.22.self_attn.o_proj,self_attn.o_proj,decode,1,QwenManualHybridLinear,0.11311999708414078
7102,30,model.layers.22.mlp.gate_proj,mlp.gate_proj,decode,1,QwenManualHybridLinear,0.2879360020160675
7103,30,model.layers.22.mlp.up_proj,mlp.up_proj,decode,1,QwenManualHybridLinear,0.26998400688171387
7104,30,model.layers.22.mlp.down_proj,mlp.down_proj,decode,1,QwenManualHybridLinear,0.2728640139102936
7105,30,model.layers.23.self_attn.q_proj,self_attn.q_proj,decode,1,QwenManualHybridLinear,0.28195199370384216
7106,30,model.layers.23.self_attn.k_proj,self_attn.k_proj,decode,1,QwenManualHybridLinear,0.2744320034980774
7107,30,model.layers.23.self_attn.v_proj,self_attn.v_proj,decode,1,QwenManualHybridLinear,0.2712000012397766
7108,30,model.layers.23.self_attn.o_proj,self_attn.o_proj,decode,1,QwenManualHybridLinear,0.106175996363163
7109,30,model.layers.23.mlp.gate_proj,mlp.gate_proj,decode,1,QwenManualHybridLinear,0.2818560004234314
7110,30,model.layers.23.mlp.up_proj,mlp.up_proj,decode,1,QwenManualHybridLinear,0.2877439856529236
7111,30,model.layers.23.mlp.down_proj,mlp.down_proj,decode,1,QwenManualHybridLinear,0.26947200298309326
7112,30,model.layers.24.self_attn.q_proj,self_attn.q_proj,decode,1,QwenManualHybridLinear,0.2759360074996948
7113,30,model.layers.24.self_attn.k_proj,self_attn.k_proj,decode,1,QwenManualHybridLinear,0.26684799790382385
7114,30,model.layers.24.self_attn.v_proj,self_attn.v_proj,decode,1,QwenManualHybridLinear,0.26150399446487427
7115,30,model.layers.24.self_attn.o_proj,self_attn.o_proj,decode,1,QwenManualHybridLinear,0.11110399663448334
7116,30,model.layers.24.mlp.gate_proj,mlp.gate_proj,decode,1,QwenManualHybridLinear,0.28886398673057556
7117,30,model.layers.24.mlp.up_proj,mlp.up_proj,decode,1,QwenManualHybridLinear,0.28387200832366943
7118,30,model.layers.24.mlp.down_proj,mlp.down_proj,decode,1,QwenManualHybridLinear,0.2690240144729614
7119,30,model.layers.25.self_attn.q_proj,self_attn.q_proj,decode,1,QwenManualHybridLinear,0.2974399924278259
7120,30,model.layers.25.self_attn.k_proj,self_attn.k_proj,decode,1,QwenManualHybridLinear,0.27561599016189575
7121,30,model.layers.25.self_attn.v_proj,self_attn.v_proj,decode,1,QwenManualHybridLinear,0.26371198892593384
7122,30,model.layers.25.self_attn.o_proj,self_attn.o_proj,decode,1,QwenManualHybridLinear,0.11084800213575363
7123,30,model.layers.25.mlp.gate_proj,mlp.gate_proj,decode,1,QwenManualHybridLinear,0.2754560112953186
7124,30,model.layers.25.mlp.up_proj,mlp.up_proj,decode,1,QwenManualHybridLinear,0.2773759961128235
7125,30,model.layers.25.mlp.down_proj,mlp.down_proj,decode,1,QwenManualHybridLinear,0.2839359939098358
7126,30,model.layers.26.self_attn.q_proj,self_attn.q_proj,decode,1,QwenManualHybridLinear,0.27484801411628723
7127,30,model.layers.26.self_attn.k_proj,self_attn.k_proj,decode,1,QwenManualHybridLinear,0.2625280022621155
7128,30,model.layers.26.self_attn.v_proj,self_attn.v_proj,decode,1,QwenManualHybridLinear,0.2558079957962036
7129,30,model.layers.26.self_attn.o_proj,self_attn.o_proj,decode,1,QwenManualHybridLinear,0.11129599809646606
7130,30,model.layers.26.mlp.gate_proj,mlp.gate_proj,decode,1,QwenManualHybridLinear,0.26627200841903687
7131,30,model.layers.26.mlp.up_proj,mlp.up_proj,decode,1,QwenManualHybridLinear,0.26576000452041626
7132,30,model.layers.26.mlp.down_proj,mlp.down_proj,decode,1,QwenManualHybridLinear,0.2572160065174103
7133,30,model.layers.27.self_attn.q_proj,self_attn.q_proj,decode,1,QwenManualHybridLinear,0.2678399980068207
7134,30,model.layers.27.self_attn.k_proj,self_attn.k_proj,decode,1,QwenManualHybridLinear,0.2654080092906952
7135,30,model.layers.27.self_attn.v_proj,self_attn.v_proj,decode,1,QwenManualHybridLinear,0.2600640058517456
7136,30,model.layers.27.self_attn.o_proj,self_attn.o_proj,decode,1,QwenManualHybridLinear,0.1096000000834465
7137,30,model.layers.27.mlp.gate_proj,mlp.gate_proj,decode,1,QwenManualHybridLinear,0.2777920067310333
7138,30,model.layers.27.mlp.up_proj,mlp.up_proj,decode,1,QwenManualHybridLinear,0.2587839961051941
7139,30,model.layers.27.mlp.down_proj,mlp.down_proj,decode,1,QwenManualHybridLinear,0.36531201004981995
7140,30,model.layers.28.self_attn.q_proj,self_attn.q_proj,decode,1,QwenManualHybridLinear,0.28172799944877625
7141,30,model.layers.28.self_attn.k_proj,self_attn.k_proj,decode,1,QwenManualHybridLinear,0.263839989900589
7142,30,model.layers.28.self_attn.v_proj,self_attn.v_proj,decode,1,QwenManualHybridLinear,0.252128005027771
7143,30,model.layers.28.self_attn.o_proj,self_attn.o_proj,decode,1,QwenManualHybridLinear,0.10582400113344193
7144,30,model.layers.28.mlp.gate_proj,mlp.gate_proj,decode,1,QwenManualHybridLinear,0.27107200026512146
7145,30,model.layers.28.mlp.up_proj,mlp.up_proj,decode,1,QwenManualHybridLinear,0.26182401180267334
7146,30,model.layers.28.mlp.down_proj,mlp.down_proj,decode,1,QwenManualHybridLinear,0.2571839988231659
7147,30,model.layers.29.self_attn.q_proj,self_attn.q_proj,decode,1,QwenManualHybridLinear,0.2783359885215759
7148,30,model.layers.29.self_attn.k_proj,self_attn.k_proj,decode,1,QwenManualHybridLinear,0.2585279941558838
7149,30,model.layers.29.self_attn.v_proj,self_attn.v_proj,decode,1,QwenManualHybridLinear,0.2500799894332886
7150,30,model.layers.29.self_attn.o_proj,self_attn.o_proj,decode,1,QwenManualHybridLinear,0.10067199915647507
7151,30,model.layers.29.mlp.gate_proj,mlp.gate_proj,decode,1,QwenManualHybridLinear,0.2555199861526489
7152,30,model.layers.29.mlp.up_proj,mlp.up_proj,decode,1,QwenManualHybridLinear,0.24537600576877594
7153,30,model.layers.29.mlp.down_proj,mlp.down_proj,decode,1,QwenManualHybridLinear,0.2669120132923126
7154,30,model.layers.30.self_attn.q_proj,self_attn.q_proj,decode,1,QwenManualHybridLinear,0.2521600127220154
7155,30,model.layers.30.self_attn.k_proj,self_attn.k_proj,decode,1,QwenManualHybridLinear,0.2449280023574829
7156,30,model.layers.30.self_attn.v_proj,self_attn.v_proj,decode,1,QwenManualHybridLinear,0.25148800015449524
7157,30,model.layers.30.self_attn.o_proj,self_attn.o_proj,decode,1,QwenManualHybridLinear,0.09971199929714203
7158,30,model.layers.30.mlp.gate_proj,mlp.gate_proj,decode,1,QwenManualHybridLinear,0.26073598861694336
7159,30,model.layers.30.mlp.up_proj,mlp.up_proj,decode,1,QwenManualHybridLinear,0.2470719963312149
7160,30,model.layers.30.mlp.down_proj,mlp.down_proj,decode,1,QwenManualHybridLinear,0.24799999594688416
7161,30,model.layers.31.self_attn.q_proj,self_attn.q_proj,decode,1,QwenManualHybridLinear,0.2552320063114166
7162,30,model.layers.31.self_attn.k_proj,self_attn.k_proj,decode,1,QwenManualHybridLinear,0.24860799312591553
7163,30,model.layers.31.self_attn.v_proj,self_attn.v_proj,decode,1,QwenManualHybridLinear,0.24403199553489685
7164,30,model.layers.31.self_attn.o_proj,self_attn.o_proj,decode,1,QwenManualHybridLinear,0.14441600441932678
7165,30,model.layers.31.mlp.gate_proj,mlp.gate_proj,decode,1,QwenManualHybridLinear,0.2667520046234131
7166,30,model.layers.31.mlp.up_proj,mlp.up_proj,decode,1,QwenManualHybridLinear,0.26528000831604004
7167,30,model.layers.31.mlp.down_proj,mlp.down_proj,decode,1,QwenManualHybridLinear,0.25760000944137573
7168,31,model.layers.0.self_attn.q_proj,self_attn.q_proj,decode,1,QwenManualHybridLinear,0.373088002204895
7169,31,model.layers.0.self_attn.k_proj,self_attn.k_proj,decode,1,QwenManualHybridLinear,0.2791999876499176
7170,31,model.layers.0.self_attn.v_proj,self_attn.v_proj,decode,1,QwenManualHybridLinear,0.2500799894332886
7171,31,model.layers.0.self_attn.o_proj,self_attn.o_proj,decode,1,QwenManualHybridLinear,0.10688000172376633
7172,31,model.layers.0.mlp.gate_proj,mlp.gate_proj,decode,1,QwenManualHybridLinear,0.2611840069293976
7173,31,model.layers.0.mlp.up_proj,mlp.up_proj,decode,1,QwenManualHybridLinear,0.27673599123954773
7174,31,model.layers.0.mlp.down_proj,mlp.down_proj,decode,1,QwenManualHybridLinear,0.2492160052061081
7175,31,model.layers.1.self_attn.q_proj,self_attn.q_proj,decode,1,QwenManualHybridLinear,0.2536639869213104
7176,31,model.layers.1.self_attn.k_proj,self_attn.k_proj,decode,1,QwenManualHybridLinear,0.2504960000514984
7177,31,model.layers.1.self_attn.v_proj,self_attn.v_proj,decode,1,QwenManualHybridLinear,0.24694399535655975
7178,31,model.layers.1.self_attn.o_proj,self_attn.o_proj,decode,1,QwenManualHybridLinear,0.10684800148010254
7179,31,model.layers.1.mlp.gate_proj,mlp.gate_proj,decode,1,QwenManualHybridLinear,0.25760000944137573
7180,31,model.layers.1.mlp.up_proj,mlp.up_proj,decode,1,QwenManualHybridLinear,0.24505600333213806
7181,31,model.layers.1.mlp.down_proj,mlp.down_proj,decode,1,QwenManualHybridLinear,0.2674559950828552
7182,31,model.layers.2.self_attn.q_proj,self_attn.q_proj,decode,1,QwenManualHybridLinear,0.2603839933872223
7183,31,model.layers.2.self_attn.k_proj,self_attn.k_proj,decode,1,QwenManualHybridLinear,0.2642880082130432
7184,31,model.layers.2.self_attn.v_proj,self_attn.v_proj,decode,1,QwenManualHybridLinear,0.25459200143814087
7185,31,model.layers.2.self_attn.o_proj,self_attn.o_proj,decode,1,QwenManualHybridLinear,0.10092800110578537
7186,31,model.layers.2.mlp.gate_proj,mlp.gate_proj,decode,1,QwenManualHybridLinear,0.263839989900589
7187,31,model.layers.2.mlp.up_proj,mlp.up_proj,decode,1,QwenManualHybridLinear,0.24751999974250793
7188,31,model.layers.2.mlp.down_proj,mlp.down_proj,decode,1,QwenManualHybridLinear,0.24527999758720398
7189,31,model.layers.3.self_attn.q_proj,self_attn.q_proj,decode,1,QwenManualHybridLinear,0.25043201446533203
7190,31,model.layers.3.self_attn.k_proj,self_attn.k_proj,decode,1,QwenManualHybridLinear,0.2471040040254593
7191,31,model.layers.3.self_attn.v_proj,self_attn.v_proj,decode,1,QwenManualHybridLinear,0.2409600019454956
7192,31,model.layers.3.self_attn.o_proj,self_attn.o_proj,decode,1,QwenManualHybridLinear,0.1013759970664978
7193,31,model.layers.3.mlp.gate_proj,mlp.gate_proj,decode,1,QwenManualHybridLinear,0.26972800493240356
7194,31,model.layers.3.mlp.up_proj,mlp.up_proj,decode,1,QwenManualHybridLinear,0.2471040040254593
7195,31,model.layers.3.mlp.down_proj,mlp.down_proj,decode,1,QwenManualHybridLinear,0.24803200364112854
7196,31,model.layers.4.self_attn.q_proj,self_attn.q_proj,decode,1,QwenManualHybridLinear,0.25283199548721313
7197,31,model.layers.4.self_attn.k_proj,self_attn.k_proj,decode,1,QwenManualHybridLinear,0.2486400008201599
7198,31,model.layers.4.self_attn.v_proj,self_attn.v_proj,decode,1,QwenManualHybridLinear,0.2420479953289032
7199,31,model.layers.4.self_attn.o_proj,self_attn.o_proj,decode,1,QwenManualHybridLinear,0.11091200262308121
7200,31,model.layers.4.mlp.gate_proj,mlp.gate_proj,decode,1,QwenManualHybridLinear,0.2588160037994385
7201,31,model.layers.4.mlp.up_proj,mlp.up_proj,decode,1,QwenManualHybridLinear,0.24643200635910034
7202,31,model.layers.4.mlp.down_proj,mlp.down_proj,decode,1,QwenManualHybridLinear,0.2414720058441162
7203,31,model.layers.5.self_attn.q_proj,self_attn.q_proj,decode,1,QwenManualHybridLinear,0.26636800169944763
7204,31,model.layers.5.self_attn.k_proj,self_attn.k_proj,decode,1,QwenManualHybridLinear,0.24806399643421173
7205,31,model.layers.5.self_attn.v_proj,self_attn.v_proj,decode,1,QwenManualHybridLinear,0.2439039945602417
7206,31,model.layers.5.self_attn.o_proj,self_attn.o_proj,decode,1,QwenManualHybridLinear,0.1072319969534874
7207,31,model.layers.5.mlp.gate_proj,mlp.gate_proj,decode,1,QwenManualHybridLinear,0.26361599564552307
7208,31,model.layers.5.mlp.up_proj,mlp.up_proj,decode,1,QwenManualHybridLinear,0.24697600305080414
7209,31,model.layers.5.mlp.down_proj,mlp.down_proj,decode,1,QwenManualHybridLinear,0.24569599330425262
7210,31,model.layers.6.self_attn.q_proj,self_attn.q_proj,decode,1,QwenManualHybridLinear,0.2605440020561218
7211,31,model.layers.6.self_attn.k_proj,self_attn.k_proj,decode,1,QwenManualHybridLinear,0.24639999866485596
7212,31,model.layers.6.self_attn.v_proj,self_attn.v_proj,decode,1,QwenManualHybridLinear,0.2399040013551712
7213,31,model.layers.6.self_attn.o_proj,self_attn.o_proj,decode,1,QwenManualHybridLinear,0.10896000266075134
7214,31,model.layers.6.mlp.gate_proj,mlp.gate_proj,decode,1,QwenManualHybridLinear,0.2616319954395294
7215,31,model.layers.6.mlp.up_proj,mlp.up_proj,decode,1,QwenManualHybridLinear,0.2565760016441345
7216,31,model.layers.6.mlp.down_proj,mlp.down_proj,decode,1,QwenManualHybridLinear,0.24713599681854248
7217,31,model.layers.7.self_attn.q_proj,self_attn.q_proj,decode,1,QwenManualHybridLinear,0.2563520073890686
7218,31,model.layers.7.self_attn.k_proj,self_attn.k_proj,decode,1,QwenManualHybridLinear,0.24886399507522583
7219,31,model.layers.7.self_attn.v_proj,self_attn.v_proj,decode,1,QwenManualHybridLinear,0.24358400702476501
7220,31,model.layers.7.self_attn.o_proj,self_attn.o_proj,decode,1,QwenManualHybridLinear,0.11209599673748016
7221,31,model.layers.7.mlp.gate_proj,mlp.gate_proj,decode,1,QwenManualHybridLinear,0.2539840042591095
7222,31,model.layers.7.mlp.up_proj,mlp.up_proj,decode,1,QwenManualHybridLinear,0.26659199595451355
7223,31,model.layers.7.mlp.down_proj,mlp.down_proj,decode,1,QwenManualHybridLinear,0.2444159984588623
7224,31,model.layers.8.self_attn.q_proj,self_attn.q_proj,decode,1,QwenManualHybridLinear,0.2576639950275421
7225,31,model.layers.8.self_attn.k_proj,self_attn.k_proj,decode,1,QwenManualHybridLinear,0.24393600225448608
7226,31,model.layers.8.self_attn.v_proj,self_attn.v_proj,decode,1,QwenManualHybridLinear,0.2423039972782135
7227,31,model.layers.8.self_attn.o_proj,self_attn.o_proj,decode,1,QwenManualHybridLinear,0.11404799669981003
7228,31,model.layers.8.mlp.gate_proj,mlp.gate_proj,decode,1,QwenManualHybridLinear,0.26950401067733765
7229,31,model.layers.8.mlp.up_proj,mlp.up_proj,decode,1,QwenManualHybridLinear,0.2487040013074875
7230,31,model.layers.8.mlp.down_proj,mlp.down_proj,decode,1,QwenManualHybridLinear,0.2444480061531067
7231,31,model.layers.9.self_attn.q_proj,self_attn.q_proj,decode,1,QwenManualHybridLinear,0.25974398851394653
7232,31,model.layers.9.self_attn.k_proj,self_attn.k_proj,decode,1,QwenManualHybridLinear,0.267551988363266
7233,31,model.layers.9.self_attn.v_proj,self_attn.v_proj,decode,1,QwenManualHybridLinear,0.2643519937992096
7234,31,model.layers.9.self_attn.o_proj,self_attn.o_proj,decode,1,QwenManualHybridLinear,0.11168000102043152
7235,31,model.layers.9.mlp.gate_proj,mlp.gate_proj,decode,1,QwenManualHybridLinear,0.25574401021003723
7236,31,model.layers.9.mlp.up_proj,mlp.up_proj,decode,1,QwenManualHybridLinear,0.24742400646209717
7237,31,model.layers.9.mlp.down_proj,mlp.down_proj,decode,1,QwenManualHybridLinear,0.2401919960975647
7238,31,model.layers.10.self_attn.q_proj,self_attn.q_proj,decode,1,QwenManualHybridLinear,0.27024000883102417
7239,31,model.layers.10.self_attn.k_proj,self_attn.k_proj,decode,1,QwenManualHybridLinear,0.2539519965648651
7240,31,model.layers.10.self_attn.v_proj,self_attn.v_proj,decode,1,QwenManualHybridLinear,0.24979199469089508
7241,31,model.layers.10.self_attn.o_proj,self_attn.o_proj,decode,1,QwenManualHybridLinear,0.1096000000834465
7242,31,model.layers.10.mlp.gate_proj,mlp.gate_proj,decode,1,QwenManualHybridLinear,0.2624959945678711
7243,31,model.layers.10.mlp.up_proj,mlp.up_proj,decode,1,QwenManualHybridLinear,0.24639999866485596
7244,31,model.layers.10.mlp.down_proj,mlp.down_proj,decode,1,QwenManualHybridLinear,0.24822400510311127
7245,31,model.layers.11.self_attn.q_proj,self_attn.q_proj,decode,1,QwenManualHybridLinear,0.2629759907722473
7246,31,model.layers.11.self_attn.k_proj,self_attn.k_proj,decode,1,QwenManualHybridLinear,0.2452159970998764
7247,31,model.layers.11.self_attn.v_proj,self_attn.v_proj,decode,1,QwenManualHybridLinear,0.24105599522590637
7248,31,model.layers.11.self_attn.o_proj,self_attn.o_proj,decode,1,QwenManualHybridLinear,0.10159999877214432
7249,31,model.layers.11.mlp.gate_proj,mlp.gate_proj,decode,1,QwenManualHybridLinear,0.27513599395751953
7250,31,model.layers.11.mlp.up_proj,mlp.up_proj,decode,1,QwenManualHybridLinear,0.24585600197315216
7251,31,model.layers.11.mlp.down_proj,mlp.down_proj,decode,1,QwenManualHybridLinear,0.24844799935817719
7252,31,model.layers.12.self_attn.q_proj,self_attn.q_proj,decode,1,QwenManualHybridLinear,0.2638719975948334
7253,31,model.layers.12.self_attn.k_proj,self_attn.k_proj,decode,1,QwenManualHybridLinear,0.24457600712776184
7254,31,model.layers.12.self_attn.v_proj,self_attn.v_proj,decode,1,QwenManualHybridLinear,0.2449599951505661
7255,31,model.layers.12.self_attn.o_proj,self_attn.o_proj,decode,1,QwenManualHybridLinear,0.10143999755382538
7256,31,model.layers.12.mlp.gate_proj,mlp.gate_proj,decode,1,QwenManualHybridLinear,0.2608959972858429
7257,31,model.layers.12.mlp.up_proj,mlp.up_proj,decode,1,QwenManualHybridLinear,0.24451200664043427
7258,31,model.layers.12.mlp.down_proj,mlp.down_proj,decode,1,QwenManualHybridLinear,0.24588799476623535
7259,31,model.layers.13.self_attn.q_proj,self_attn.q_proj,decode,1,QwenManualHybridLinear,0.25299200415611267
7260,31,model.layers.13.self_attn.k_proj,self_attn.k_proj,decode,1,QwenManualHybridLinear,0.24879999458789825
7261,31,model.layers.13.self_attn.v_proj,self_attn.v_proj,decode,1,QwenManualHybridLinear,0.25171199440956116
7262,31,model.layers.13.self_attn.o_proj,self_attn.o_proj,decode,1,QwenManualHybridLinear,0.10688000172376633
7263,31,model.layers.13.mlp.gate_proj,mlp.gate_proj,decode,1,QwenManualHybridLinear,0.2552320063114166
7264,31,model.layers.13.mlp.up_proj,mlp.up_proj,decode,1,QwenManualHybridLinear,0.25331199169158936
7265,31,model.layers.13.mlp.down_proj,mlp.down_proj,decode,1,QwenManualHybridLinear,0.24911999702453613
7266,31,model.layers.14.self_attn.q_proj,self_attn.q_proj,decode,1,QwenManualHybridLinear,0.2650879919528961
7267,31,model.layers.14.self_attn.k_proj,self_attn.k_proj,decode,1,QwenManualHybridLinear,0.26716798543930054
7268,31,model.layers.14.self_attn.v_proj,self_attn.v_proj,decode,1,QwenManualHybridLinear,0.24665600061416626
7269,31,model.layers.14.self_attn.o_proj,self_attn.o_proj,decode,1,QwenManualHybridLinear,0.09958399832248688
7270,31,model.layers.14.mlp.gate_proj,mlp.gate_proj,decode,1,QwenManualHybridLinear,0.2616640031337738
7271,31,model.layers.14.mlp.up_proj,mlp.up_proj,decode,1,QwenManualHybridLinear,0.3391999900341034
7272,31,model.layers.14.mlp.down_proj,mlp.down_proj,decode,1,QwenManualHybridLinear,0.251583993434906
7273,31,model.layers.15.self_attn.q_proj,self_attn.q_proj,decode,1,QwenManualHybridLinear,0.28758400678634644
7274,31,model.layers.15.self_attn.k_proj,self_attn.k_proj,decode,1,QwenManualHybridLinear,0.25385600328445435
7275,31,model.layers.15.self_attn.v_proj,self_attn.v_proj,decode,1,QwenManualHybridLinear,0.2473600059747696
7276,31,model.layers.15.self_attn.o_proj,self_attn.o_proj,decode,1,QwenManualHybridLinear,0.10655999928712845
7277,31,model.layers.15.mlp.gate_proj,mlp.gate_proj,decode,1,QwenManualHybridLinear,0.2759360074996948
7278,31,model.layers.15.mlp.up_proj,mlp.up_proj,decode,1,QwenManualHybridLinear,0.24851199984550476
7279,31,model.layers.15.mlp.down_proj,mlp.down_proj,decode,1,QwenManualHybridLinear,0.2473279982805252
7280,31,model.layers.16.self_attn.q_proj,self_attn.q_proj,decode,1,QwenManualHybridLinear,0.25334399938583374
7281,31,model.layers.16.self_attn.k_proj,self_attn.k_proj,decode,1,QwenManualHybridLinear,0.2722879946231842
7282,31,model.layers.16.self_attn.v_proj,self_attn.v_proj,decode,1,QwenManualHybridLinear,0.24675199389457703
7283,31,model.layers.16.self_attn.o_proj,self_attn.o_proj,decode,1,QwenManualHybridLinear,0.12031999975442886
7284,31,model.layers.16.mlp.gate_proj,mlp.gate_proj,decode,1,QwenManualHybridLinear,0.2598400115966797
7285,31,model.layers.16.mlp.up_proj,mlp.up_proj,decode,1,QwenManualHybridLinear,0.2479040026664734
7286,31,model.layers.16.mlp.down_proj,mlp.down_proj,decode,1,QwenManualHybridLinear,0.24643200635910034
7287,31,model.layers.17.self_attn.q_proj,self_attn.q_proj,decode,1,QwenManualHybridLinear,0.26150399446487427
7288,31,model.layers.17.self_attn.k_proj,self_attn.k_proj,decode,1,QwenManualHybridLinear,0.24953599274158478
7289,31,model.layers.17.self_attn.v_proj,self_attn.v_proj,decode,1,QwenManualHybridLinear,0.24403199553489685
7290,31,model.layers.17.self_attn.o_proj,self_attn.o_proj,decode,1,QwenManualHybridLinear,0.10883200168609619
7291,31,model.layers.17.mlp.gate_proj,mlp.gate_proj,decode,1,QwenManualHybridLinear,0.27456000447273254
7292,31,model.layers.17.mlp.up_proj,mlp.up_proj,decode,1,QwenManualHybridLinear,0.2512640058994293
7293,31,model.layers.17.mlp.down_proj,mlp.down_proj,decode,1,QwenManualHybridLinear,0.24643200635910034
7294,31,model.layers.18.self_attn.q_proj,self_attn.q_proj,decode,1,QwenManualHybridLinear,0.2624639868736267
7295,31,model.layers.18.self_attn.k_proj,self_attn.k_proj,decode,1,QwenManualHybridLinear,0.2515200078487396
7296,31,model.layers.18.self_attn.v_proj,self_attn.v_proj,decode,1,QwenManualHybridLinear,0.246848002076149
7297,31,model.layers.18.self_attn.o_proj,self_attn.o_proj,decode,1,QwenManualHybridLinear,0.10672000050544739
7298,31,model.layers.18.mlp.gate_proj,mlp.gate_proj,decode,1,QwenManualHybridLinear,0.25833600759506226
7299,31,model.layers.18.mlp.up_proj,mlp.up_proj,decode,1,QwenManualHybridLinear,0.2444480061531067
7300,31,model.layers.18.mlp.down_proj,mlp.down_proj,decode,1,QwenManualHybridLinear,0.2608320116996765
7301,31,model.layers.19.self_attn.q_proj,self_attn.q_proj,decode,1,QwenManualHybridLinear,0.2521919906139374
7302,31,model.layers.19.self_attn.k_proj,self_attn.k_proj,decode,1,QwenManualHybridLinear,0.253248006105423
7303,31,model.layers.19.self_attn.v_proj,self_attn.v_proj,decode,1,QwenManualHybridLinear,0.24563199281692505
7304,31,model.layers.19.self_attn.o_proj,self_attn.o_proj,decode,1,QwenManualHybridLinear,0.11187200248241425
7305,31,model.layers.19.mlp.gate_proj,mlp.gate_proj,decode,1,QwenManualHybridLinear,0.25753599405288696
7306,31,model.layers.19.mlp.up_proj,mlp.up_proj,decode,1,QwenManualHybridLinear,0.2494720071554184
7307,31,model.layers.19.mlp.down_proj,mlp.down_proj,decode,1,QwenManualHybridLinear,0.246848002076149
7308,31,model.layers.20.self_attn.q_proj,self_attn.q_proj,decode,1,QwenManualHybridLinear,0.25839999318122864
7309,31,model.layers.20.self_attn.k_proj,self_attn.k_proj,decode,1,QwenManualHybridLinear,0.2476159930229187
7310,31,model.layers.20.self_attn.v_proj,self_attn.v_proj,decode,1,QwenManualHybridLinear,0.24271999299526215
7311,31,model.layers.20.self_attn.o_proj,self_attn.o_proj,decode,1,QwenManualHybridLinear,0.1061440035700798
7312,31,model.layers.20.mlp.gate_proj,mlp.gate_proj,decode,1,QwenManualHybridLinear,0.2724800109863281
7313,31,model.layers.20.mlp.up_proj,mlp.up_proj,decode,1,QwenManualHybridLinear,0.25254398584365845
7314,31,model.layers.20.mlp.down_proj,mlp.down_proj,decode,1,QwenManualHybridLinear,0.24460799992084503
7315,31,model.layers.21.self_attn.q_proj,self_attn.q_proj,decode,1,QwenManualHybridLinear,0.2575039863586426
7316,31,model.layers.21.self_attn.k_proj,self_attn.k_proj,decode,1,QwenManualHybridLinear,0.25046399235725403
7317,31,model.layers.21.self_attn.v_proj,self_attn.v_proj,decode,1,QwenManualHybridLinear,0.24515199661254883
7318,31,model.layers.21.self_attn.o_proj,self_attn.o_proj,decode,1,QwenManualHybridLinear,0.09948799759149551
7319,31,model.layers.21.mlp.gate_proj,mlp.gate_proj,decode,1,QwenManualHybridLinear,0.2717440128326416
7320,31,model.layers.21.mlp.up_proj,mlp.up_proj,decode,1,QwenManualHybridLinear,0.25228801369667053
7321,31,model.layers.21.mlp.down_proj,mlp.down_proj,decode,1,QwenManualHybridLinear,0.24748800694942474
7322,31,model.layers.22.self_attn.q_proj,self_attn.q_proj,decode,1,QwenManualHybridLinear,0.2543039917945862
7323,31,model.layers.22.self_attn.k_proj,self_attn.k_proj,decode,1,QwenManualHybridLinear,0.24835200607776642
7324,31,model.layers.22.self_attn.v_proj,self_attn.v_proj,decode,1,QwenManualHybridLinear,0.24767999351024628
7325,31,model.layers.22.self_attn.o_proj,self_attn.o_proj,decode,1,QwenManualHybridLinear,0.10649599879980087
7326,31,model.layers.22.mlp.gate_proj,mlp.gate_proj,decode,1,QwenManualHybridLinear,0.25894400477409363
7327,31,model.layers.22.mlp.up_proj,mlp.up_proj,decode,1,QwenManualHybridLinear,0.2460159957408905
7328,31,model.layers.22.mlp.down_proj,mlp.down_proj,decode,1,QwenManualHybridLinear,0.24556800723075867
7329,31,model.layers.23.self_attn.q_proj,self_attn.q_proj,decode,1,QwenManualHybridLinear,0.25596800446510315
7330,31,model.layers.23.self_attn.k_proj,self_attn.k_proj,decode,1,QwenManualHybridLinear,0.26015999913215637
7331,31,model.layers.23.self_attn.v_proj,self_attn.v_proj,decode,1,QwenManualHybridLinear,0.24649600684642792
7332,31,model.layers.23.self_attn.o_proj,self_attn.o_proj,decode,1,QwenManualHybridLinear,0.10675200074911118
7333,31,model.layers.23.mlp.gate_proj,mlp.gate_proj,decode,1,QwenManualHybridLinear,0.2646400034427643
7334,31,model.layers.23.mlp.up_proj,mlp.up_proj,decode,1,QwenManualHybridLinear,0.24796800315380096
7335,31,model.layers.23.mlp.down_proj,mlp.down_proj,decode,1,QwenManualHybridLinear,0.25753599405288696
7336,31,model.layers.24.self_attn.q_proj,self_attn.q_proj,decode,1,QwenManualHybridLinear,0.2611840069293976
7337,31,model.layers.24.self_attn.k_proj,self_attn.k_proj,decode,1,QwenManualHybridLinear,0.24534399807453156
7338,31,model.layers.24.self_attn.v_proj,self_attn.v_proj,decode,1,QwenManualHybridLinear,0.24278399348258972
7339,31,model.layers.24.self_attn.o_proj,self_attn.o_proj,decode,1,QwenManualHybridLinear,0.10540799796581268
7340,31,model.layers.24.mlp.gate_proj,mlp.gate_proj,decode,1,QwenManualHybridLinear,0.2696320116519928
7341,31,model.layers.24.mlp.up_proj,mlp.up_proj,decode,1,QwenManualHybridLinear,0.24723200500011444
7342,31,model.layers.24.mlp.down_proj,mlp.down_proj,decode,1,QwenManualHybridLinear,0.24848000705242157
7343,31,model.layers.25.self_attn.q_proj,self_attn.q_proj,decode,1,QwenManualHybridLinear,0.25283199548721313
7344,31,model.layers.25.self_attn.k_proj,self_attn.k_proj,decode,1,QwenManualHybridLinear,0.2500160038471222
7345,31,model.layers.25.self_attn.v_proj,self_attn.v_proj,decode,1,QwenManualHybridLinear,0.2433920055627823
7346,31,model.layers.25.self_attn.o_proj,self_attn.o_proj,decode,1,QwenManualHybridLinear,0.10630399733781815
7347,31,model.layers.25.mlp.gate_proj,mlp.gate_proj,decode,1,QwenManualHybridLinear,0.2548159956932068
7348,31,model.layers.25.mlp.up_proj,mlp.up_proj,decode,1,QwenManualHybridLinear,0.24358400702476501
7349,31,model.layers.25.mlp.down_proj,mlp.down_proj,decode,1,QwenManualHybridLinear,0.36614400148391724
7350,31,model.layers.26.self_attn.q_proj,self_attn.q_proj,decode,1,QwenManualHybridLinear,0.3022719919681549
7351,31,model.layers.26.self_attn.k_proj,self_attn.k_proj,decode,1,QwenManualHybridLinear,0.25993600487709045
7352,31,model.layers.26.self_attn.v_proj,self_attn.v_proj,decode,1,QwenManualHybridLinear,0.2460159957408905
7353,31,model.layers.26.self_attn.o_proj,self_attn.o_proj,decode,1,QwenManualHybridLinear,0.106175996363163
7354,31,model.layers.26.mlp.gate_proj,mlp.gate_proj,decode,1,QwenManualHybridLinear,0.2625280022621155
7355,31,model.layers.26.mlp.up_proj,mlp.up_proj,decode,1,QwenManualHybridLinear,0.24659200012683868
7356,31,model.layers.26.mlp.down_proj,mlp.down_proj,decode,1,QwenManualHybridLinear,0.24380800127983093
7357,31,model.layers.27.self_attn.q_proj,self_attn.q_proj,decode,1,QwenManualHybridLinear,0.25833600759506226
7358,31,model.layers.27.self_attn.k_proj,self_attn.k_proj,decode,1,QwenManualHybridLinear,0.24726399779319763
7359,31,model.layers.27.self_attn.v_proj,self_attn.v_proj,decode,1,QwenManualHybridLinear,0.32073599100112915
7360,31,model.layers.27.self_attn.o_proj,self_attn.o_proj,decode,1,QwenManualHybridLinear,0.10339199751615524
7361,31,model.layers.27.mlp.gate_proj,mlp.gate_proj,decode,1,QwenManualHybridLinear,0.2747200131416321
7362,31,model.layers.27.mlp.up_proj,mlp.up_proj,decode,1,QwenManualHybridLinear,0.2489279955625534
7363,31,model.layers.27.mlp.down_proj,mlp.down_proj,decode,1,QwenManualHybridLinear,0.2462719976902008
7364,31,model.layers.28.self_attn.q_proj,self_attn.q_proj,decode,1,QwenManualHybridLinear,0.2645440101623535
7365,31,model.layers.28.self_attn.k_proj,self_attn.k_proj,decode,1,QwenManualHybridLinear,0.2512640058994293
7366,31,model.layers.28.self_attn.v_proj,self_attn.v_proj,decode,1,QwenManualHybridLinear,0.24582399427890778
7367,31,model.layers.28.self_attn.o_proj,self_attn.o_proj,decode,1,QwenManualHybridLinear,0.1058880016207695
7368,31,model.layers.28.mlp.gate_proj,mlp.gate_proj,decode,1,QwenManualHybridLinear,0.27804800868034363
7369,31,model.layers.28.mlp.up_proj,mlp.up_proj,decode,1,QwenManualHybridLinear,0.2487040013074875
7370,31,model.layers.28.mlp.down_proj,mlp.down_proj,decode,1,QwenManualHybridLinear,0.24883200228214264
7371,31,model.layers.29.self_attn.q_proj,self_attn.q_proj,decode,1,QwenManualHybridLinear,0.25920000672340393
7372,31,model.layers.29.self_attn.k_proj,self_attn.k_proj,decode,1,QwenManualHybridLinear,0.2452159970998764
7373,31,model.layers.29.self_attn.v_proj,self_attn.v_proj,decode,1,QwenManualHybridLinear,0.2446720004081726
7374,31,model.layers.29.self_attn.o_proj,self_attn.o_proj,decode,1,QwenManualHybridLinear,0.10515200346708298
7375,31,model.layers.29.mlp.gate_proj,mlp.gate_proj,decode,1,QwenManualHybridLinear,0.262688010931015
7376,31,model.layers.29.mlp.up_proj,mlp.up_proj,decode,1,QwenManualHybridLinear,0.248416006565094
7377,31,model.layers.29.mlp.down_proj,mlp.down_proj,decode,1,QwenManualHybridLinear,0.24508799612522125
7378,31,model.layers.30.self_attn.q_proj,self_attn.q_proj,decode,1,QwenManualHybridLinear,0.2765119969844818
7379,31,model.layers.30.self_attn.k_proj,self_attn.k_proj,decode,1,QwenManualHybridLinear,0.2508159875869751
7380,31,model.layers.30.self_attn.v_proj,self_attn.v_proj,decode,1,QwenManualHybridLinear,0.24633599817752838
7381,31,model.layers.30.self_attn.o_proj,self_attn.o_proj,decode,1,QwenManualHybridLinear,0.10633599758148193
7382,31,model.layers.30.mlp.gate_proj,mlp.gate_proj,decode,1,QwenManualHybridLinear,0.2619839906692505
7383,31,model.layers.30.mlp.up_proj,mlp.up_proj,decode,1,QwenManualHybridLinear,0.24700799584388733
7384,31,model.layers.30.mlp.down_proj,mlp.down_proj,decode,1,QwenManualHybridLinear,0.2430720031261444
7385,31,model.layers.31.self_attn.q_proj,self_attn.q_proj,decode,1,QwenManualHybridLinear,0.2539840042591095
7386,31,model.layers.31.self_attn.k_proj,self_attn.k_proj,decode,1,QwenManualHybridLinear,0.26742398738861084
7387,31,model.layers.31.self_attn.v_proj,self_attn.v_proj,decode,1,QwenManualHybridLinear,0.24048000574111938
7388,31,model.layers.31.self_attn.o_proj,self_attn.o_proj,decode,1,QwenManualHybridLinear,0.10143999755382538
7389,31,model.layers.31.mlp.gate_proj,mlp.gate_proj,decode,1,QwenManualHybridLinear,0.26659199595451355
7390,31,model.layers.31.mlp.up_proj,mlp.up_proj,decode,1,QwenManualHybridLinear,0.25567999482154846
7391,31,model.layers.31.mlp.down_proj,mlp.down_proj,decode,1,QwenManualHybridLinear,0.24454399943351746
