batch_size,seq_len,m,prediction_m,name,suffix,n,k,kernel,supported,latency_ms,reason,source,prediction_status,selected
32,261,8352,8352,backbone.layer.0.attention.k_proj,attention.k_proj,4096,4096,dense_bf16,False,,[Errno 2] No such file or directory: 'fake/kernels/cutlass/cutlass_wrapper/artifacts/modeling/dense_bf16/dense_bf16_model.json',,model_missing,True
32,261,8352,8352,backbone.layer.0.attention.k_proj,attention.k_proj,4096,4096,dense_nvfp4,False,,[Errno 2] No such file or directory: 'fake/kernels/cutlass/cutlass_wrapper/artifacts/modeling/dense_nvfp4/dense_nvfp4_model.json',,model_missing,False
32,261,8352,8352,backbone.layer.0.attention.k_proj,attention.k_proj,4096,4096,sparse_bf16,False,,[Errno 2] No such file or directory: 'fake/kernels/cutlass/cutlass_wrapper/artifacts/modeling/sparse_bf16/sparse_bf16_model.json',,model_missing,False
32,261,8352,8352,backbone.layer.0.attention.k_proj,attention.k_proj,4096,4096,sparse_nvfp4,False,,[Errno 2] No such file or directory: 'fake/kernels/cutlass/cutlass_wrapper/artifacts/modeling/sparse_nvfp4/sparse_nvfp4_model.json',,model_missing,False
32,261,8352,8352,backbone.layer.0.attention.v_proj,attention.v_proj,4096,4096,dense_bf16,False,,[Errno 2] No such file or directory: 'fake/kernels/cutlass/cutlass_wrapper/artifacts/modeling/dense_bf16/dense_bf16_model.json',,model_missing,True
32,261,8352,8352,backbone.layer.0.attention.v_proj,attention.v_proj,4096,4096,dense_nvfp4,False,,[Errno 2] No such file or directory: 'fake/kernels/cutlass/cutlass_wrapper/artifacts/modeling/dense_nvfp4/dense_nvfp4_model.json',,model_missing,False
32,261,8352,8352,backbone.layer.0.attention.v_proj,attention.v_proj,4096,4096,sparse_bf16,False,,[Errno 2] No such file or directory: 'fake/kernels/cutlass/cutlass_wrapper/artifacts/modeling/sparse_bf16/sparse_bf16_model.json',,model_missing,False
32,261,8352,8352,backbone.layer.0.attention.v_proj,attention.v_proj,4096,4096,sparse_nvfp4,False,,[Errno 2] No such file or directory: 'fake/kernels/cutlass/cutlass_wrapper/artifacts/modeling/sparse_nvfp4/sparse_nvfp4_model.json',,model_missing,False
32,261,8352,8352,backbone.layer.0.attention.q_proj,attention.q_proj,4096,4096,dense_bf16,False,,[Errno 2] No such file or directory: 'fake/kernels/cutlass/cutlass_wrapper/artifacts/modeling/dense_bf16/dense_bf16_model.json',,model_missing,True
32,261,8352,8352,backbone.layer.0.attention.q_proj,attention.q_proj,4096,4096,dense_nvfp4,False,,[Errno 2] No such file or directory: 'fake/kernels/cutlass/cutlass_wrapper/artifacts/modeling/dense_nvfp4/dense_nvfp4_model.json',,model_missing,False
32,261,8352,8352,backbone.layer.0.attention.q_proj,attention.q_proj,4096,4096,sparse_bf16,False,,[Errno 2] No such file or directory: 'fake/kernels/cutlass/cutlass_wrapper/artifacts/modeling/sparse_bf16/sparse_bf16_model.json',,model_missing,False
32,261,8352,8352,backbone.layer.0.attention.q_proj,attention.q_proj,4096,4096,sparse_nvfp4,False,,[Errno 2] No such file or directory: 'fake/kernels/cutlass/cutlass_wrapper/artifacts/modeling/sparse_nvfp4/sparse_nvfp4_model.json',,model_missing,False
32,261,8352,8352,backbone.layer.0.attention.o_proj,attention.o_proj,4096,4096,dense_bf16,False,,[Errno 2] No such file or directory: 'fake/kernels/cutlass/cutlass_wrapper/artifacts/modeling/dense_bf16/dense_bf16_model.json',,model_missing,True
32,261,8352,8352,backbone.layer.0.attention.o_proj,attention.o_proj,4096,4096,dense_nvfp4,False,,[Errno 2] No such file or directory: 'fake/kernels/cutlass/cutlass_wrapper/artifacts/modeling/dense_nvfp4/dense_nvfp4_model.json',,model_missing,False
32,261,8352,8352,backbone.layer.0.attention.o_proj,attention.o_proj,4096,4096,sparse_bf16,False,,[Errno 2] No such file or directory: 'fake/kernels/cutlass/cutlass_wrapper/artifacts/modeling/sparse_bf16/sparse_bf16_model.json',,model_missing,False
32,261,8352,8352,backbone.layer.0.attention.o_proj,attention.o_proj,4096,4096,sparse_nvfp4,False,,[Errno 2] No such file or directory: 'fake/kernels/cutlass/cutlass_wrapper/artifacts/modeling/sparse_nvfp4/sparse_nvfp4_model.json',,model_missing,False
32,261,8352,8352,backbone.layer.0.mlp.gate_proj,mlp.gate_proj,8192,4096,dense_bf16,False,,[Errno 2] No such file or directory: 'fake/kernels/cutlass/cutlass_wrapper/artifacts/modeling/dense_bf16/dense_bf16_model.json',,model_missing,True
32,261,8352,8352,backbone.layer.0.mlp.gate_proj,mlp.gate_proj,8192,4096,dense_nvfp4,False,,[Errno 2] No such file or directory: 'fake/kernels/cutlass/cutlass_wrapper/artifacts/modeling/dense_nvfp4/dense_nvfp4_model.json',,model_missing,False
32,261,8352,8352,backbone.layer.0.mlp.gate_proj,mlp.gate_proj,8192,4096,sparse_bf16,False,,[Errno 2] No such file or directory: 'fake/kernels/cutlass/cutlass_wrapper/artifacts/modeling/sparse_bf16/sparse_bf16_model.json',,model_missing,False
32,261,8352,8352,backbone.layer.0.mlp.gate_proj,mlp.gate_proj,8192,4096,sparse_nvfp4,False,,[Errno 2] No such file or directory: 'fake/kernels/cutlass/cutlass_wrapper/artifacts/modeling/sparse_nvfp4/sparse_nvfp4_model.json',,model_missing,False
32,261,8352,8352,backbone.layer.0.mlp.up_proj,mlp.up_proj,8192,4096,dense_bf16,False,,[Errno 2] No such file or directory: 'fake/kernels/cutlass/cutlass_wrapper/artifacts/modeling/dense_bf16/dense_bf16_model.json',,model_missing,True
32,261,8352,8352,backbone.layer.0.mlp.up_proj,mlp.up_proj,8192,4096,dense_nvfp4,False,,[Errno 2] No such file or directory: 'fake/kernels/cutlass/cutlass_wrapper/artifacts/modeling/dense_nvfp4/dense_nvfp4_model.json',,model_missing,False
32,261,8352,8352,backbone.layer.0.mlp.up_proj,mlp.up_proj,8192,4096,sparse_bf16,False,,[Errno 2] No such file or directory: 'fake/kernels/cutlass/cutlass_wrapper/artifacts/modeling/sparse_bf16/sparse_bf16_model.json',,model_missing,False
32,261,8352,8352,backbone.layer.0.mlp.up_proj,mlp.up_proj,8192,4096,sparse_nvfp4,False,,[Errno 2] No such file or directory: 'fake/kernels/cutlass/cutlass_wrapper/artifacts/modeling/sparse_nvfp4/sparse_nvfp4_model.json',,model_missing,False
32,261,8352,8352,backbone.layer.0.mlp.down_proj,mlp.down_proj,4096,8192,dense_bf16,False,,[Errno 2] No such file or directory: 'fake/kernels/cutlass/cutlass_wrapper/artifacts/modeling/dense_bf16/dense_bf16_model.json',,model_missing,True
32,261,8352,8352,backbone.layer.0.mlp.down_proj,mlp.down_proj,4096,8192,dense_nvfp4,False,,[Errno 2] No such file or directory: 'fake/kernels/cutlass/cutlass_wrapper/artifacts/modeling/dense_nvfp4/dense_nvfp4_model.json',,model_missing,False
32,261,8352,8352,backbone.layer.0.mlp.down_proj,mlp.down_proj,4096,8192,sparse_bf16,False,,[Errno 2] No such file or directory: 'fake/kernels/cutlass/cutlass_wrapper/artifacts/modeling/sparse_bf16/sparse_bf16_model.json',,model_missing,False
32,261,8352,8352,backbone.layer.0.mlp.down_proj,mlp.down_proj,4096,8192,sparse_nvfp4,False,,[Errno 2] No such file or directory: 'fake/kernels/cutlass/cutlass_wrapper/artifacts/modeling/sparse_nvfp4/sparse_nvfp4_model.json',,model_missing,False
32,261,8352,8352,backbone.layer.1.attention.k_proj,attention.k_proj,4096,4096,dense_bf16,False,,[Errno 2] No such file or directory: 'fake/kernels/cutlass/cutlass_wrapper/artifacts/modeling/dense_bf16/dense_bf16_model.json',,model_missing,True
32,261,8352,8352,backbone.layer.1.attention.k_proj,attention.k_proj,4096,4096,dense_nvfp4,False,,[Errno 2] No such file or directory: 'fake/kernels/cutlass/cutlass_wrapper/artifacts/modeling/dense_nvfp4/dense_nvfp4_model.json',,model_missing,False
32,261,8352,8352,backbone.layer.1.attention.k_proj,attention.k_proj,4096,4096,sparse_bf16,False,,[Errno 2] No such file or directory: 'fake/kernels/cutlass/cutlass_wrapper/artifacts/modeling/sparse_bf16/sparse_bf16_model.json',,model_missing,False
32,261,8352,8352,backbone.layer.1.attention.k_proj,attention.k_proj,4096,4096,sparse_nvfp4,False,,[Errno 2] No such file or directory: 'fake/kernels/cutlass/cutlass_wrapper/artifacts/modeling/sparse_nvfp4/sparse_nvfp4_model.json',,model_missing,False
32,261,8352,8352,backbone.layer.1.attention.v_proj,attention.v_proj,4096,4096,dense_bf16,False,,[Errno 2] No such file or directory: 'fake/kernels/cutlass/cutlass_wrapper/artifacts/modeling/dense_bf16/dense_bf16_model.json',,model_missing,True
32,261,8352,8352,backbone.layer.1.attention.v_proj,attention.v_proj,4096,4096,dense_nvfp4,False,,[Errno 2] No such file or directory: 'fake/kernels/cutlass/cutlass_wrapper/artifacts/modeling/dense_nvfp4/dense_nvfp4_model.json',,model_missing,False
32,261,8352,8352,backbone.layer.1.attention.v_proj,attention.v_proj,4096,4096,sparse_bf16,False,,[Errno 2] No such file or directory: 'fake/kernels/cutlass/cutlass_wrapper/artifacts/modeling/sparse_bf16/sparse_bf16_model.json',,model_missing,False
32,261,8352,8352,backbone.layer.1.attention.v_proj,attention.v_proj,4096,4096,sparse_nvfp4,False,,[Errno 2] No such file or directory: 'fake/kernels/cutlass/cutlass_wrapper/artifacts/modeling/sparse_nvfp4/sparse_nvfp4_model.json',,model_missing,False
32,261,8352,8352,backbone.layer.1.attention.q_proj,attention.q_proj,4096,4096,dense_bf16,False,,[Errno 2] No such file or directory: 'fake/kernels/cutlass/cutlass_wrapper/artifacts/modeling/dense_bf16/dense_bf16_model.json',,model_missing,True
32,261,8352,8352,backbone.layer.1.attention.q_proj,attention.q_proj,4096,4096,dense_nvfp4,False,,[Errno 2] No such file or directory: 'fake/kernels/cutlass/cutlass_wrapper/artifacts/modeling/dense_nvfp4/dense_nvfp4_model.json',,model_missing,False
32,261,8352,8352,backbone.layer.1.attention.q_proj,attention.q_proj,4096,4096,sparse_bf16,False,,[Errno 2] No such file or directory: 'fake/kernels/cutlass/cutlass_wrapper/artifacts/modeling/sparse_bf16/sparse_bf16_model.json',,model_missing,False
32,261,8352,8352,backbone.layer.1.attention.q_proj,attention.q_proj,4096,4096,sparse_nvfp4,False,,[Errno 2] No such file or directory: 'fake/kernels/cutlass/cutlass_wrapper/artifacts/modeling/sparse_nvfp4/sparse_nvfp4_model.json',,model_missing,False
32,261,8352,8352,backbone.layer.1.attention.o_proj,attention.o_proj,4096,4096,dense_bf16,False,,[Errno 2] No such file or directory: 'fake/kernels/cutlass/cutlass_wrapper/artifacts/modeling/dense_bf16/dense_bf16_model.json',,model_missing,True
32,261,8352,8352,backbone.layer.1.attention.o_proj,attention.o_proj,4096,4096,dense_nvfp4,False,,[Errno 2] No such file or directory: 'fake/kernels/cutlass/cutlass_wrapper/artifacts/modeling/dense_nvfp4/dense_nvfp4_model.json',,model_missing,False
32,261,8352,8352,backbone.layer.1.attention.o_proj,attention.o_proj,4096,4096,sparse_bf16,False,,[Errno 2] No such file or directory: 'fake/kernels/cutlass/cutlass_wrapper/artifacts/modeling/sparse_bf16/sparse_bf16_model.json',,model_missing,False
32,261,8352,8352,backbone.layer.1.attention.o_proj,attention.o_proj,4096,4096,sparse_nvfp4,False,,[Errno 2] No such file or directory: 'fake/kernels/cutlass/cutlass_wrapper/artifacts/modeling/sparse_nvfp4/sparse_nvfp4_model.json',,model_missing,False
32,261,8352,8352,backbone.layer.1.mlp.gate_proj,mlp.gate_proj,8192,4096,dense_bf16,False,,[Errno 2] No such file or directory: 'fake/kernels/cutlass/cutlass_wrapper/artifacts/modeling/dense_bf16/dense_bf16_model.json',,model_missing,True
32,261,8352,8352,backbone.layer.1.mlp.gate_proj,mlp.gate_proj,8192,4096,dense_nvfp4,False,,[Errno 2] No such file or directory: 'fake/kernels/cutlass/cutlass_wrapper/artifacts/modeling/dense_nvfp4/dense_nvfp4_model.json',,model_missing,False
32,261,8352,8352,backbone.layer.1.mlp.gate_proj,mlp.gate_proj,8192,4096,sparse_bf16,False,,[Errno 2] No such file or directory: 'fake/kernels/cutlass/cutlass_wrapper/artifacts/modeling/sparse_bf16/sparse_bf16_model.json',,model_missing,False
32,261,8352,8352,backbone.layer.1.mlp.gate_proj,mlp.gate_proj,8192,4096,sparse_nvfp4,False,,[Errno 2] No such file or directory: 'fake/kernels/cutlass/cutlass_wrapper/artifacts/modeling/sparse_nvfp4/sparse_nvfp4_model.json',,model_missing,False
32,261,8352,8352,backbone.layer.1.mlp.up_proj,mlp.up_proj,8192,4096,dense_bf16,False,,[Errno 2] No such file or directory: 'fake/kernels/cutlass/cutlass_wrapper/artifacts/modeling/dense_bf16/dense_bf16_model.json',,model_missing,True
32,261,8352,8352,backbone.layer.1.mlp.up_proj,mlp.up_proj,8192,4096,dense_nvfp4,False,,[Errno 2] No such file or directory: 'fake/kernels/cutlass/cutlass_wrapper/artifacts/modeling/dense_nvfp4/dense_nvfp4_model.json',,model_missing,False
32,261,8352,8352,backbone.layer.1.mlp.up_proj,mlp.up_proj,8192,4096,sparse_bf16,False,,[Errno 2] No such file or directory: 'fake/kernels/cutlass/cutlass_wrapper/artifacts/modeling/sparse_bf16/sparse_bf16_model.json',,model_missing,False
32,261,8352,8352,backbone.layer.1.mlp.up_proj,mlp.up_proj,8192,4096,sparse_nvfp4,False,,[Errno 2] No such file or directory: 'fake/kernels/cutlass/cutlass_wrapper/artifacts/modeling/sparse_nvfp4/sparse_nvfp4_model.json',,model_missing,False
32,261,8352,8352,backbone.layer.1.mlp.down_proj,mlp.down_proj,4096,8192,dense_bf16,False,,[Errno 2] No such file or directory: 'fake/kernels/cutlass/cutlass_wrapper/artifacts/modeling/dense_bf16/dense_bf16_model.json',,model_missing,True
32,261,8352,8352,backbone.layer.1.mlp.down_proj,mlp.down_proj,4096,8192,dense_nvfp4,False,,[Errno 2] No such file or directory: 'fake/kernels/cutlass/cutlass_wrapper/artifacts/modeling/dense_nvfp4/dense_nvfp4_model.json',,model_missing,False
32,261,8352,8352,backbone.layer.1.mlp.down_proj,mlp.down_proj,4096,8192,sparse_bf16,False,,[Errno 2] No such file or directory: 'fake/kernels/cutlass/cutlass_wrapper/artifacts/modeling/sparse_bf16/sparse_bf16_model.json',,model_missing,False
32,261,8352,8352,backbone.layer.1.mlp.down_proj,mlp.down_proj,4096,8192,sparse_nvfp4,False,,[Errno 2] No such file or directory: 'fake/kernels/cutlass/cutlass_wrapper/artifacts/modeling/sparse_nvfp4/sparse_nvfp4_model.json',,model_missing,False
32,261,8352,8352,backbone.layer.2.attention.k_proj,attention.k_proj,4096,4096,dense_bf16,False,,[Errno 2] No such file or directory: 'fake/kernels/cutlass/cutlass_wrapper/artifacts/modeling/dense_bf16/dense_bf16_model.json',,model_missing,True
32,261,8352,8352,backbone.layer.2.attention.k_proj,attention.k_proj,4096,4096,dense_nvfp4,False,,[Errno 2] No such file or directory: 'fake/kernels/cutlass/cutlass_wrapper/artifacts/modeling/dense_nvfp4/dense_nvfp4_model.json',,model_missing,False
32,261,8352,8352,backbone.layer.2.attention.k_proj,attention.k_proj,4096,4096,sparse_bf16,False,,[Errno 2] No such file or directory: 'fake/kernels/cutlass/cutlass_wrapper/artifacts/modeling/sparse_bf16/sparse_bf16_model.json',,model_missing,False
32,261,8352,8352,backbone.layer.2.attention.k_proj,attention.k_proj,4096,4096,sparse_nvfp4,False,,[Errno 2] No such file or directory: 'fake/kernels/cutlass/cutlass_wrapper/artifacts/modeling/sparse_nvfp4/sparse_nvfp4_model.json',,model_missing,False
32,261,8352,8352,backbone.layer.2.attention.v_proj,attention.v_proj,4096,4096,dense_bf16,False,,[Errno 2] No such file or directory: 'fake/kernels/cutlass/cutlass_wrapper/artifacts/modeling/dense_bf16/dense_bf16_model.json',,model_missing,True
32,261,8352,8352,backbone.layer.2.attention.v_proj,attention.v_proj,4096,4096,dense_nvfp4,False,,[Errno 2] No such file or directory: 'fake/kernels/cutlass/cutlass_wrapper/artifacts/modeling/dense_nvfp4/dense_nvfp4_model.json',,model_missing,False
32,261,8352,8352,backbone.layer.2.attention.v_proj,attention.v_proj,4096,4096,sparse_bf16,False,,[Errno 2] No such file or directory: 'fake/kernels/cutlass/cutlass_wrapper/artifacts/modeling/sparse_bf16/sparse_bf16_model.json',,model_missing,False
32,261,8352,8352,backbone.layer.2.attention.v_proj,attention.v_proj,4096,4096,sparse_nvfp4,False,,[Errno 2] No such file or directory: 'fake/kernels/cutlass/cutlass_wrapper/artifacts/modeling/sparse_nvfp4/sparse_nvfp4_model.json',,model_missing,False
32,261,8352,8352,backbone.layer.2.attention.q_proj,attention.q_proj,4096,4096,dense_bf16,False,,[Errno 2] No such file or directory: 'fake/kernels/cutlass/cutlass_wrapper/artifacts/modeling/dense_bf16/dense_bf16_model.json',,model_missing,True
32,261,8352,8352,backbone.layer.2.attention.q_proj,attention.q_proj,4096,4096,dense_nvfp4,False,,[Errno 2] No such file or directory: 'fake/kernels/cutlass/cutlass_wrapper/artifacts/modeling/dense_nvfp4/dense_nvfp4_model.json',,model_missing,False
32,261,8352,8352,backbone.layer.2.attention.q_proj,attention.q_proj,4096,4096,sparse_bf16,False,,[Errno 2] No such file or directory: 'fake/kernels/cutlass/cutlass_wrapper/artifacts/modeling/sparse_bf16/sparse_bf16_model.json',,model_missing,False
32,261,8352,8352,backbone.layer.2.attention.q_proj,attention.q_proj,4096,4096,sparse_nvfp4,False,,[Errno 2] No such file or directory: 'fake/kernels/cutlass/cutlass_wrapper/artifacts/modeling/sparse_nvfp4/sparse_nvfp4_model.json',,model_missing,False
32,261,8352,8352,backbone.layer.2.attention.o_proj,attention.o_proj,4096,4096,dense_bf16,False,,[Errno 2] No such file or directory: 'fake/kernels/cutlass/cutlass_wrapper/artifacts/modeling/dense_bf16/dense_bf16_model.json',,model_missing,True
32,261,8352,8352,backbone.layer.2.attention.o_proj,attention.o_proj,4096,4096,dense_nvfp4,False,,[Errno 2] No such file or directory: 'fake/kernels/cutlass/cutlass_wrapper/artifacts/modeling/dense_nvfp4/dense_nvfp4_model.json',,model_missing,False
32,261,8352,8352,backbone.layer.2.attention.o_proj,attention.o_proj,4096,4096,sparse_bf16,False,,[Errno 2] No such file or directory: 'fake/kernels/cutlass/cutlass_wrapper/artifacts/modeling/sparse_bf16/sparse_bf16_model.json',,model_missing,False
32,261,8352,8352,backbone.layer.2.attention.o_proj,attention.o_proj,4096,4096,sparse_nvfp4,False,,[Errno 2] No such file or directory: 'fake/kernels/cutlass/cutlass_wrapper/artifacts/modeling/sparse_nvfp4/sparse_nvfp4_model.json',,model_missing,False
32,261,8352,8352,backbone.layer.2.mlp.gate_proj,mlp.gate_proj,8192,4096,dense_bf16,False,,[Errno 2] No such file or directory: 'fake/kernels/cutlass/cutlass_wrapper/artifacts/modeling/dense_bf16/dense_bf16_model.json',,model_missing,True
32,261,8352,8352,backbone.layer.2.mlp.gate_proj,mlp.gate_proj,8192,4096,dense_nvfp4,False,,[Errno 2] No such file or directory: 'fake/kernels/cutlass/cutlass_wrapper/artifacts/modeling/dense_nvfp4/dense_nvfp4_model.json',,model_missing,False
32,261,8352,8352,backbone.layer.2.mlp.gate_proj,mlp.gate_proj,8192,4096,sparse_bf16,False,,[Errno 2] No such file or directory: 'fake/kernels/cutlass/cutlass_wrapper/artifacts/modeling/sparse_bf16/sparse_bf16_model.json',,model_missing,False
32,261,8352,8352,backbone.layer.2.mlp.gate_proj,mlp.gate_proj,8192,4096,sparse_nvfp4,False,,[Errno 2] No such file or directory: 'fake/kernels/cutlass/cutlass_wrapper/artifacts/modeling/sparse_nvfp4/sparse_nvfp4_model.json',,model_missing,False
32,261,8352,8352,backbone.layer.2.mlp.up_proj,mlp.up_proj,8192,4096,dense_bf16,False,,[Errno 2] No such file or directory: 'fake/kernels/cutlass/cutlass_wrapper/artifacts/modeling/dense_bf16/dense_bf16_model.json',,model_missing,True
32,261,8352,8352,backbone.layer.2.mlp.up_proj,mlp.up_proj,8192,4096,dense_nvfp4,False,,[Errno 2] No such file or directory: 'fake/kernels/cutlass/cutlass_wrapper/artifacts/modeling/dense_nvfp4/dense_nvfp4_model.json',,model_missing,False
32,261,8352,8352,backbone.layer.2.mlp.up_proj,mlp.up_proj,8192,4096,sparse_bf16,False,,[Errno 2] No such file or directory: 'fake/kernels/cutlass/cutlass_wrapper/artifacts/modeling/sparse_bf16/sparse_bf16_model.json',,model_missing,False
32,261,8352,8352,backbone.layer.2.mlp.up_proj,mlp.up_proj,8192,4096,sparse_nvfp4,False,,[Errno 2] No such file or directory: 'fake/kernels/cutlass/cutlass_wrapper/artifacts/modeling/sparse_nvfp4/sparse_nvfp4_model.json',,model_missing,False
32,261,8352,8352,backbone.layer.2.mlp.down_proj,mlp.down_proj,4096,8192,dense_bf16,False,,[Errno 2] No such file or directory: 'fake/kernels/cutlass/cutlass_wrapper/artifacts/modeling/dense_bf16/dense_bf16_model.json',,model_missing,True
32,261,8352,8352,backbone.layer.2.mlp.down_proj,mlp.down_proj,4096,8192,dense_nvfp4,False,,[Errno 2] No such file or directory: 'fake/kernels/cutlass/cutlass_wrapper/artifacts/modeling/dense_nvfp4/dense_nvfp4_model.json',,model_missing,False
32,261,8352,8352,backbone.layer.2.mlp.down_proj,mlp.down_proj,4096,8192,sparse_bf16,False,,[Errno 2] No such file or directory: 'fake/kernels/cutlass/cutlass_wrapper/artifacts/modeling/sparse_bf16/sparse_bf16_model.json',,model_missing,False
32,261,8352,8352,backbone.layer.2.mlp.down_proj,mlp.down_proj,4096,8192,sparse_nvfp4,False,,[Errno 2] No such file or directory: 'fake/kernels/cutlass/cutlass_wrapper/artifacts/modeling/sparse_nvfp4/sparse_nvfp4_model.json',,model_missing,False
32,261,8352,8352,backbone.layer.3.attention.k_proj,attention.k_proj,4096,4096,dense_bf16,False,,[Errno 2] No such file or directory: 'fake/kernels/cutlass/cutlass_wrapper/artifacts/modeling/dense_bf16/dense_bf16_model.json',,model_missing,True
32,261,8352,8352,backbone.layer.3.attention.k_proj,attention.k_proj,4096,4096,dense_nvfp4,False,,[Errno 2] No such file or directory: 'fake/kernels/cutlass/cutlass_wrapper/artifacts/modeling/dense_nvfp4/dense_nvfp4_model.json',,model_missing,False
32,261,8352,8352,backbone.layer.3.attention.k_proj,attention.k_proj,4096,4096,sparse_bf16,False,,[Errno 2] No such file or directory: 'fake/kernels/cutlass/cutlass_wrapper/artifacts/modeling/sparse_bf16/sparse_bf16_model.json',,model_missing,False
32,261,8352,8352,backbone.layer.3.attention.k_proj,attention.k_proj,4096,4096,sparse_nvfp4,False,,[Errno 2] No such file or directory: 'fake/kernels/cutlass/cutlass_wrapper/artifacts/modeling/sparse_nvfp4/sparse_nvfp4_model.json',,model_missing,False
32,261,8352,8352,backbone.layer.3.attention.v_proj,attention.v_proj,4096,4096,dense_bf16,False,,[Errno 2] No such file or directory: 'fake/kernels/cutlass/cutlass_wrapper/artifacts/modeling/dense_bf16/dense_bf16_model.json',,model_missing,True
32,261,8352,8352,backbone.layer.3.attention.v_proj,attention.v_proj,4096,4096,dense_nvfp4,False,,[Errno 2] No such file or directory: 'fake/kernels/cutlass/cutlass_wrapper/artifacts/modeling/dense_nvfp4/dense_nvfp4_model.json',,model_missing,False
32,261,8352,8352,backbone.layer.3.attention.v_proj,attention.v_proj,4096,4096,sparse_bf16,False,,[Errno 2] No such file or directory: 'fake/kernels/cutlass/cutlass_wrapper/artifacts/modeling/sparse_bf16/sparse_bf16_model.json',,model_missing,False
32,261,8352,8352,backbone.layer.3.attention.v_proj,attention.v_proj,4096,4096,sparse_nvfp4,False,,[Errno 2] No such file or directory: 'fake/kernels/cutlass/cutlass_wrapper/artifacts/modeling/sparse_nvfp4/sparse_nvfp4_model.json',,model_missing,False
32,261,8352,8352,backbone.layer.3.attention.q_proj,attention.q_proj,4096,4096,dense_bf16,False,,[Errno 2] No such file or directory: 'fake/kernels/cutlass/cutlass_wrapper/artifacts/modeling/dense_bf16/dense_bf16_model.json',,model_missing,True
32,261,8352,8352,backbone.layer.3.attention.q_proj,attention.q_proj,4096,4096,dense_nvfp4,False,,[Errno 2] No such file or directory: 'fake/kernels/cutlass/cutlass_wrapper/artifacts/modeling/dense_nvfp4/dense_nvfp4_model.json',,model_missing,False
32,261,8352,8352,backbone.layer.3.attention.q_proj,attention.q_proj,4096,4096,sparse_bf16,False,,[Errno 2] No such file or directory: 'fake/kernels/cutlass/cutlass_wrapper/artifacts/modeling/sparse_bf16/sparse_bf16_model.json',,model_missing,False
32,261,8352,8352,backbone.layer.3.attention.q_proj,attention.q_proj,4096,4096,sparse_nvfp4,False,,[Errno 2] No such file or directory: 'fake/kernels/cutlass/cutlass_wrapper/artifacts/modeling/sparse_nvfp4/sparse_nvfp4_model.json',,model_missing,False
32,261,8352,8352,backbone.layer.3.attention.o_proj,attention.o_proj,4096,4096,dense_bf16,False,,[Errno 2] No such file or directory: 'fake/kernels/cutlass/cutlass_wrapper/artifacts/modeling/dense_bf16/dense_bf16_model.json',,model_missing,True
32,261,8352,8352,backbone.layer.3.attention.o_proj,attention.o_proj,4096,4096,dense_nvfp4,False,,[Errno 2] No such file or directory: 'fake/kernels/cutlass/cutlass_wrapper/artifacts/modeling/dense_nvfp4/dense_nvfp4_model.json',,model_missing,False
32,261,8352,8352,backbone.layer.3.attention.o_proj,attention.o_proj,4096,4096,sparse_bf16,False,,[Errno 2] No such file or directory: 'fake/kernels/cutlass/cutlass_wrapper/artifacts/modeling/sparse_bf16/sparse_bf16_model.json',,model_missing,False
32,261,8352,8352,backbone.layer.3.attention.o_proj,attention.o_proj,4096,4096,sparse_nvfp4,False,,[Errno 2] No such file or directory: 'fake/kernels/cutlass/cutlass_wrapper/artifacts/modeling/sparse_nvfp4/sparse_nvfp4_model.json',,model_missing,False
32,261,8352,8352,backbone.layer.3.mlp.gate_proj,mlp.gate_proj,8192,4096,dense_bf16,False,,[Errno 2] No such file or directory: 'fake/kernels/cutlass/cutlass_wrapper/artifacts/modeling/dense_bf16/dense_bf16_model.json',,model_missing,True
32,261,8352,8352,backbone.layer.3.mlp.gate_proj,mlp.gate_proj,8192,4096,dense_nvfp4,False,,[Errno 2] No such file or directory: 'fake/kernels/cutlass/cutlass_wrapper/artifacts/modeling/dense_nvfp4/dense_nvfp4_model.json',,model_missing,False
32,261,8352,8352,backbone.layer.3.mlp.gate_proj,mlp.gate_proj,8192,4096,sparse_bf16,False,,[Errno 2] No such file or directory: 'fake/kernels/cutlass/cutlass_wrapper/artifacts/modeling/sparse_bf16/sparse_bf16_model.json',,model_missing,False
32,261,8352,8352,backbone.layer.3.mlp.gate_proj,mlp.gate_proj,8192,4096,sparse_nvfp4,False,,[Errno 2] No such file or directory: 'fake/kernels/cutlass/cutlass_wrapper/artifacts/modeling/sparse_nvfp4/sparse_nvfp4_model.json',,model_missing,False
32,261,8352,8352,backbone.layer.3.mlp.up_proj,mlp.up_proj,8192,4096,dense_bf16,False,,[Errno 2] No such file or directory: 'fake/kernels/cutlass/cutlass_wrapper/artifacts/modeling/dense_bf16/dense_bf16_model.json',,model_missing,True
32,261,8352,8352,backbone.layer.3.mlp.up_proj,mlp.up_proj,8192,4096,dense_nvfp4,False,,[Errno 2] No such file or directory: 'fake/kernels/cutlass/cutlass_wrapper/artifacts/modeling/dense_nvfp4/dense_nvfp4_model.json',,model_missing,False
32,261,8352,8352,backbone.layer.3.mlp.up_proj,mlp.up_proj,8192,4096,sparse_bf16,False,,[Errno 2] No such file or directory: 'fake/kernels/cutlass/cutlass_wrapper/artifacts/modeling/sparse_bf16/sparse_bf16_model.json',,model_missing,False
32,261,8352,8352,backbone.layer.3.mlp.up_proj,mlp.up_proj,8192,4096,sparse_nvfp4,False,,[Errno 2] No such file or directory: 'fake/kernels/cutlass/cutlass_wrapper/artifacts/modeling/sparse_nvfp4/sparse_nvfp4_model.json',,model_missing,False
32,261,8352,8352,backbone.layer.3.mlp.down_proj,mlp.down_proj,4096,8192,dense_bf16,False,,[Errno 2] No such file or directory: 'fake/kernels/cutlass/cutlass_wrapper/artifacts/modeling/dense_bf16/dense_bf16_model.json',,model_missing,True
32,261,8352,8352,backbone.layer.3.mlp.down_proj,mlp.down_proj,4096,8192,dense_nvfp4,False,,[Errno 2] No such file or directory: 'fake/kernels/cutlass/cutlass_wrapper/artifacts/modeling/dense_nvfp4/dense_nvfp4_model.json',,model_missing,False
32,261,8352,8352,backbone.layer.3.mlp.down_proj,mlp.down_proj,4096,8192,sparse_bf16,False,,[Errno 2] No such file or directory: 'fake/kernels/cutlass/cutlass_wrapper/artifacts/modeling/sparse_bf16/sparse_bf16_model.json',,model_missing,False
32,261,8352,8352,backbone.layer.3.mlp.down_proj,mlp.down_proj,4096,8192,sparse_nvfp4,False,,[Errno 2] No such file or directory: 'fake/kernels/cutlass/cutlass_wrapper/artifacts/modeling/sparse_nvfp4/sparse_nvfp4_model.json',,model_missing,False
32,261,8352,8352,backbone.layer.4.attention.k_proj,attention.k_proj,4096,4096,dense_bf16,False,,[Errno 2] No such file or directory: 'fake/kernels/cutlass/cutlass_wrapper/artifacts/modeling/dense_bf16/dense_bf16_model.json',,model_missing,True
32,261,8352,8352,backbone.layer.4.attention.k_proj,attention.k_proj,4096,4096,dense_nvfp4,False,,[Errno 2] No such file or directory: 'fake/kernels/cutlass/cutlass_wrapper/artifacts/modeling/dense_nvfp4/dense_nvfp4_model.json',,model_missing,False
32,261,8352,8352,backbone.layer.4.attention.k_proj,attention.k_proj,4096,4096,sparse_bf16,False,,[Errno 2] No such file or directory: 'fake/kernels/cutlass/cutlass_wrapper/artifacts/modeling/sparse_bf16/sparse_bf16_model.json',,model_missing,False
32,261,8352,8352,backbone.layer.4.attention.k_proj,attention.k_proj,4096,4096,sparse_nvfp4,False,,[Errno 2] No such file or directory: 'fake/kernels/cutlass/cutlass_wrapper/artifacts/modeling/sparse_nvfp4/sparse_nvfp4_model.json',,model_missing,False
32,261,8352,8352,backbone.layer.4.attention.v_proj,attention.v_proj,4096,4096,dense_bf16,False,,[Errno 2] No such file or directory: 'fake/kernels/cutlass/cutlass_wrapper/artifacts/modeling/dense_bf16/dense_bf16_model.json',,model_missing,True
32,261,8352,8352,backbone.layer.4.attention.v_proj,attention.v_proj,4096,4096,dense_nvfp4,False,,[Errno 2] No such file or directory: 'fake/kernels/cutlass/cutlass_wrapper/artifacts/modeling/dense_nvfp4/dense_nvfp4_model.json',,model_missing,False
32,261,8352,8352,backbone.layer.4.attention.v_proj,attention.v_proj,4096,4096,sparse_bf16,False,,[Errno 2] No such file or directory: 'fake/kernels/cutlass/cutlass_wrapper/artifacts/modeling/sparse_bf16/sparse_bf16_model.json',,model_missing,False
32,261,8352,8352,backbone.layer.4.attention.v_proj,attention.v_proj,4096,4096,sparse_nvfp4,False,,[Errno 2] No such file or directory: 'fake/kernels/cutlass/cutlass_wrapper/artifacts/modeling/sparse_nvfp4/sparse_nvfp4_model.json',,model_missing,False
32,261,8352,8352,backbone.layer.4.attention.q_proj,attention.q_proj,4096,4096,dense_bf16,False,,[Errno 2] No such file or directory: 'fake/kernels/cutlass/cutlass_wrapper/artifacts/modeling/dense_bf16/dense_bf16_model.json',,model_missing,True
32,261,8352,8352,backbone.layer.4.attention.q_proj,attention.q_proj,4096,4096,dense_nvfp4,False,,[Errno 2] No such file or directory: 'fake/kernels/cutlass/cutlass_wrapper/artifacts/modeling/dense_nvfp4/dense_nvfp4_model.json',,model_missing,False
32,261,8352,8352,backbone.layer.4.attention.q_proj,attention.q_proj,4096,4096,sparse_bf16,False,,[Errno 2] No such file or directory: 'fake/kernels/cutlass/cutlass_wrapper/artifacts/modeling/sparse_bf16/sparse_bf16_model.json',,model_missing,False
32,261,8352,8352,backbone.layer.4.attention.q_proj,attention.q_proj,4096,4096,sparse_nvfp4,False,,[Errno 2] No such file or directory: 'fake/kernels/cutlass/cutlass_wrapper/artifacts/modeling/sparse_nvfp4/sparse_nvfp4_model.json',,model_missing,False
32,261,8352,8352,backbone.layer.4.attention.o_proj,attention.o_proj,4096,4096,dense_bf16,False,,[Errno 2] No such file or directory: 'fake/kernels/cutlass/cutlass_wrapper/artifacts/modeling/dense_bf16/dense_bf16_model.json',,model_missing,True
32,261,8352,8352,backbone.layer.4.attention.o_proj,attention.o_proj,4096,4096,dense_nvfp4,False,,[Errno 2] No such file or directory: 'fake/kernels/cutlass/cutlass_wrapper/artifacts/modeling/dense_nvfp4/dense_nvfp4_model.json',,model_missing,False
32,261,8352,8352,backbone.layer.4.attention.o_proj,attention.o_proj,4096,4096,sparse_bf16,False,,[Errno 2] No such file or directory: 'fake/kernels/cutlass/cutlass_wrapper/artifacts/modeling/sparse_bf16/sparse_bf16_model.json',,model_missing,False
32,261,8352,8352,backbone.layer.4.attention.o_proj,attention.o_proj,4096,4096,sparse_nvfp4,False,,[Errno 2] No such file or directory: 'fake/kernels/cutlass/cutlass_wrapper/artifacts/modeling/sparse_nvfp4/sparse_nvfp4_model.json',,model_missing,False
32,261,8352,8352,backbone.layer.4.mlp.gate_proj,mlp.gate_proj,8192,4096,dense_bf16,False,,[Errno 2] No such file or directory: 'fake/kernels/cutlass/cutlass_wrapper/artifacts/modeling/dense_bf16/dense_bf16_model.json',,model_missing,True
32,261,8352,8352,backbone.layer.4.mlp.gate_proj,mlp.gate_proj,8192,4096,dense_nvfp4,False,,[Errno 2] No such file or directory: 'fake/kernels/cutlass/cutlass_wrapper/artifacts/modeling/dense_nvfp4/dense_nvfp4_model.json',,model_missing,False
32,261,8352,8352,backbone.layer.4.mlp.gate_proj,mlp.gate_proj,8192,4096,sparse_bf16,False,,[Errno 2] No such file or directory: 'fake/kernels/cutlass/cutlass_wrapper/artifacts/modeling/sparse_bf16/sparse_bf16_model.json',,model_missing,False
32,261,8352,8352,backbone.layer.4.mlp.gate_proj,mlp.gate_proj,8192,4096,sparse_nvfp4,False,,[Errno 2] No such file or directory: 'fake/kernels/cutlass/cutlass_wrapper/artifacts/modeling/sparse_nvfp4/sparse_nvfp4_model.json',,model_missing,False
32,261,8352,8352,backbone.layer.4.mlp.up_proj,mlp.up_proj,8192,4096,dense_bf16,False,,[Errno 2] No such file or directory: 'fake/kernels/cutlass/cutlass_wrapper/artifacts/modeling/dense_bf16/dense_bf16_model.json',,model_missing,True
32,261,8352,8352,backbone.layer.4.mlp.up_proj,mlp.up_proj,8192,4096,dense_nvfp4,False,,[Errno 2] No such file or directory: 'fake/kernels/cutlass/cutlass_wrapper/artifacts/modeling/dense_nvfp4/dense_nvfp4_model.json',,model_missing,False
32,261,8352,8352,backbone.layer.4.mlp.up_proj,mlp.up_proj,8192,4096,sparse_bf16,False,,[Errno 2] No such file or directory: 'fake/kernels/cutlass/cutlass_wrapper/artifacts/modeling/sparse_bf16/sparse_bf16_model.json',,model_missing,False
32,261,8352,8352,backbone.layer.4.mlp.up_proj,mlp.up_proj,8192,4096,sparse_nvfp4,False,,[Errno 2] No such file or directory: 'fake/kernels/cutlass/cutlass_wrapper/artifacts/modeling/sparse_nvfp4/sparse_nvfp4_model.json',,model_missing,False
32,261,8352,8352,backbone.layer.4.mlp.down_proj,mlp.down_proj,4096,8192,dense_bf16,False,,[Errno 2] No such file or directory: 'fake/kernels/cutlass/cutlass_wrapper/artifacts/modeling/dense_bf16/dense_bf16_model.json',,model_missing,True
32,261,8352,8352,backbone.layer.4.mlp.down_proj,mlp.down_proj,4096,8192,dense_nvfp4,False,,[Errno 2] No such file or directory: 'fake/kernels/cutlass/cutlass_wrapper/artifacts/modeling/dense_nvfp4/dense_nvfp4_model.json',,model_missing,False
32,261,8352,8352,backbone.layer.4.mlp.down_proj,mlp.down_proj,4096,8192,sparse_bf16,False,,[Errno 2] No such file or directory: 'fake/kernels/cutlass/cutlass_wrapper/artifacts/modeling/sparse_bf16/sparse_bf16_model.json',,model_missing,False
32,261,8352,8352,backbone.layer.4.mlp.down_proj,mlp.down_proj,4096,8192,sparse_nvfp4,False,,[Errno 2] No such file or directory: 'fake/kernels/cutlass/cutlass_wrapper/artifacts/modeling/sparse_nvfp4/sparse_nvfp4_model.json',,model_missing,False
32,261,8352,8352,backbone.layer.5.attention.k_proj,attention.k_proj,4096,4096,dense_bf16,False,,[Errno 2] No such file or directory: 'fake/kernels/cutlass/cutlass_wrapper/artifacts/modeling/dense_bf16/dense_bf16_model.json',,model_missing,True
32,261,8352,8352,backbone.layer.5.attention.k_proj,attention.k_proj,4096,4096,dense_nvfp4,False,,[Errno 2] No such file or directory: 'fake/kernels/cutlass/cutlass_wrapper/artifacts/modeling/dense_nvfp4/dense_nvfp4_model.json',,model_missing,False
32,261,8352,8352,backbone.layer.5.attention.k_proj,attention.k_proj,4096,4096,sparse_bf16,False,,[Errno 2] No such file or directory: 'fake/kernels/cutlass/cutlass_wrapper/artifacts/modeling/sparse_bf16/sparse_bf16_model.json',,model_missing,False
32,261,8352,8352,backbone.layer.5.attention.k_proj,attention.k_proj,4096,4096,sparse_nvfp4,False,,[Errno 2] No such file or directory: 'fake/kernels/cutlass/cutlass_wrapper/artifacts/modeling/sparse_nvfp4/sparse_nvfp4_model.json',,model_missing,False
32,261,8352,8352,backbone.layer.5.attention.v_proj,attention.v_proj,4096,4096,dense_bf16,False,,[Errno 2] No such file or directory: 'fake/kernels/cutlass/cutlass_wrapper/artifacts/modeling/dense_bf16/dense_bf16_model.json',,model_missing,True
32,261,8352,8352,backbone.layer.5.attention.v_proj,attention.v_proj,4096,4096,dense_nvfp4,False,,[Errno 2] No such file or directory: 'fake/kernels/cutlass/cutlass_wrapper/artifacts/modeling/dense_nvfp4/dense_nvfp4_model.json',,model_missing,False
32,261,8352,8352,backbone.layer.5.attention.v_proj,attention.v_proj,4096,4096,sparse_bf16,False,,[Errno 2] No such file or directory: 'fake/kernels/cutlass/cutlass_wrapper/artifacts/modeling/sparse_bf16/sparse_bf16_model.json',,model_missing,False
32,261,8352,8352,backbone.layer.5.attention.v_proj,attention.v_proj,4096,4096,sparse_nvfp4,False,,[Errno 2] No such file or directory: 'fake/kernels/cutlass/cutlass_wrapper/artifacts/modeling/sparse_nvfp4/sparse_nvfp4_model.json',,model_missing,False
32,261,8352,8352,backbone.layer.5.attention.q_proj,attention.q_proj,4096,4096,dense_bf16,False,,[Errno 2] No such file or directory: 'fake/kernels/cutlass/cutlass_wrapper/artifacts/modeling/dense_bf16/dense_bf16_model.json',,model_missing,True
32,261,8352,8352,backbone.layer.5.attention.q_proj,attention.q_proj,4096,4096,dense_nvfp4,False,,[Errno 2] No such file or directory: 'fake/kernels/cutlass/cutlass_wrapper/artifacts/modeling/dense_nvfp4/dense_nvfp4_model.json',,model_missing,False
32,261,8352,8352,backbone.layer.5.attention.q_proj,attention.q_proj,4096,4096,sparse_bf16,False,,[Errno 2] No such file or directory: 'fake/kernels/cutlass/cutlass_wrapper/artifacts/modeling/sparse_bf16/sparse_bf16_model.json',,model_missing,False
32,261,8352,8352,backbone.layer.5.attention.q_proj,attention.q_proj,4096,4096,sparse_nvfp4,False,,[Errno 2] No such file or directory: 'fake/kernels/cutlass/cutlass_wrapper/artifacts/modeling/sparse_nvfp4/sparse_nvfp4_model.json',,model_missing,False
32,261,8352,8352,backbone.layer.5.attention.o_proj,attention.o_proj,4096,4096,dense_bf16,False,,[Errno 2] No such file or directory: 'fake/kernels/cutlass/cutlass_wrapper/artifacts/modeling/dense_bf16/dense_bf16_model.json',,model_missing,True
32,261,8352,8352,backbone.layer.5.attention.o_proj,attention.o_proj,4096,4096,dense_nvfp4,False,,[Errno 2] No such file or directory: 'fake/kernels/cutlass/cutlass_wrapper/artifacts/modeling/dense_nvfp4/dense_nvfp4_model.json',,model_missing,False
32,261,8352,8352,backbone.layer.5.attention.o_proj,attention.o_proj,4096,4096,sparse_bf16,False,,[Errno 2] No such file or directory: 'fake/kernels/cutlass/cutlass_wrapper/artifacts/modeling/sparse_bf16/sparse_bf16_model.json',,model_missing,False
32,261,8352,8352,backbone.layer.5.attention.o_proj,attention.o_proj,4096,4096,sparse_nvfp4,False,,[Errno 2] No such file or directory: 'fake/kernels/cutlass/cutlass_wrapper/artifacts/modeling/sparse_nvfp4/sparse_nvfp4_model.json',,model_missing,False
32,261,8352,8352,backbone.layer.5.mlp.gate_proj,mlp.gate_proj,8192,4096,dense_bf16,False,,[Errno 2] No such file or directory: 'fake/kernels/cutlass/cutlass_wrapper/artifacts/modeling/dense_bf16/dense_bf16_model.json',,model_missing,True
32,261,8352,8352,backbone.layer.5.mlp.gate_proj,mlp.gate_proj,8192,4096,dense_nvfp4,False,,[Errno 2] No such file or directory: 'fake/kernels/cutlass/cutlass_wrapper/artifacts/modeling/dense_nvfp4/dense_nvfp4_model.json',,model_missing,False
32,261,8352,8352,backbone.layer.5.mlp.gate_proj,mlp.gate_proj,8192,4096,sparse_bf16,False,,[Errno 2] No such file or directory: 'fake/kernels/cutlass/cutlass_wrapper/artifacts/modeling/sparse_bf16/sparse_bf16_model.json',,model_missing,False
32,261,8352,8352,backbone.layer.5.mlp.gate_proj,mlp.gate_proj,8192,4096,sparse_nvfp4,False,,[Errno 2] No such file or directory: 'fake/kernels/cutlass/cutlass_wrapper/artifacts/modeling/sparse_nvfp4/sparse_nvfp4_model.json',,model_missing,False
32,261,8352,8352,backbone.layer.5.mlp.up_proj,mlp.up_proj,8192,4096,dense_bf16,False,,[Errno 2] No such file or directory: 'fake/kernels/cutlass/cutlass_wrapper/artifacts/modeling/dense_bf16/dense_bf16_model.json',,model_missing,True
32,261,8352,8352,backbone.layer.5.mlp.up_proj,mlp.up_proj,8192,4096,dense_nvfp4,False,,[Errno 2] No such file or directory: 'fake/kernels/cutlass/cutlass_wrapper/artifacts/modeling/dense_nvfp4/dense_nvfp4_model.json',,model_missing,False
32,261,8352,8352,backbone.layer.5.mlp.up_proj,mlp.up_proj,8192,4096,sparse_bf16,False,,[Errno 2] No such file or directory: 'fake/kernels/cutlass/cutlass_wrapper/artifacts/modeling/sparse_bf16/sparse_bf16_model.json',,model_missing,False
32,261,8352,8352,backbone.layer.5.mlp.up_proj,mlp.up_proj,8192,4096,sparse_nvfp4,False,,[Errno 2] No such file or directory: 'fake/kernels/cutlass/cutlass_wrapper/artifacts/modeling/sparse_nvfp4/sparse_nvfp4_model.json',,model_missing,False
32,261,8352,8352,backbone.layer.5.mlp.down_proj,mlp.down_proj,4096,8192,dense_bf16,False,,[Errno 2] No such file or directory: 'fake/kernels/cutlass/cutlass_wrapper/artifacts/modeling/dense_bf16/dense_bf16_model.json',,model_missing,True
32,261,8352,8352,backbone.layer.5.mlp.down_proj,mlp.down_proj,4096,8192,dense_nvfp4,False,,[Errno 2] No such file or directory: 'fake/kernels/cutlass/cutlass_wrapper/artifacts/modeling/dense_nvfp4/dense_nvfp4_model.json',,model_missing,False
32,261,8352,8352,backbone.layer.5.mlp.down_proj,mlp.down_proj,4096,8192,sparse_bf16,False,,[Errno 2] No such file or directory: 'fake/kernels/cutlass/cutlass_wrapper/artifacts/modeling/sparse_bf16/sparse_bf16_model.json',,model_missing,False
32,261,8352,8352,backbone.layer.5.mlp.down_proj,mlp.down_proj,4096,8192,sparse_nvfp4,False,,[Errno 2] No such file or directory: 'fake/kernels/cutlass/cutlass_wrapper/artifacts/modeling/sparse_nvfp4/sparse_nvfp4_model.json',,model_missing,False
32,261,8352,8352,backbone.layer.6.attention.k_proj,attention.k_proj,4096,4096,dense_bf16,False,,[Errno 2] No such file or directory: 'fake/kernels/cutlass/cutlass_wrapper/artifacts/modeling/dense_bf16/dense_bf16_model.json',,model_missing,True
32,261,8352,8352,backbone.layer.6.attention.k_proj,attention.k_proj,4096,4096,dense_nvfp4,False,,[Errno 2] No such file or directory: 'fake/kernels/cutlass/cutlass_wrapper/artifacts/modeling/dense_nvfp4/dense_nvfp4_model.json',,model_missing,False
32,261,8352,8352,backbone.layer.6.attention.k_proj,attention.k_proj,4096,4096,sparse_bf16,False,,[Errno 2] No such file or directory: 'fake/kernels/cutlass/cutlass_wrapper/artifacts/modeling/sparse_bf16/sparse_bf16_model.json',,model_missing,False
32,261,8352,8352,backbone.layer.6.attention.k_proj,attention.k_proj,4096,4096,sparse_nvfp4,False,,[Errno 2] No such file or directory: 'fake/kernels/cutlass/cutlass_wrapper/artifacts/modeling/sparse_nvfp4/sparse_nvfp4_model.json',,model_missing,False
32,261,8352,8352,backbone.layer.6.attention.v_proj,attention.v_proj,4096,4096,dense_bf16,False,,[Errno 2] No such file or directory: 'fake/kernels/cutlass/cutlass_wrapper/artifacts/modeling/dense_bf16/dense_bf16_model.json',,model_missing,True
32,261,8352,8352,backbone.layer.6.attention.v_proj,attention.v_proj,4096,4096,dense_nvfp4,False,,[Errno 2] No such file or directory: 'fake/kernels/cutlass/cutlass_wrapper/artifacts/modeling/dense_nvfp4/dense_nvfp4_model.json',,model_missing,False
32,261,8352,8352,backbone.layer.6.attention.v_proj,attention.v_proj,4096,4096,sparse_bf16,False,,[Errno 2] No such file or directory: 'fake/kernels/cutlass/cutlass_wrapper/artifacts/modeling/sparse_bf16/sparse_bf16_model.json',,model_missing,False
32,261,8352,8352,backbone.layer.6.attention.v_proj,attention.v_proj,4096,4096,sparse_nvfp4,False,,[Errno 2] No such file or directory: 'fake/kernels/cutlass/cutlass_wrapper/artifacts/modeling/sparse_nvfp4/sparse_nvfp4_model.json',,model_missing,False
32,261,8352,8352,backbone.layer.6.attention.q_proj,attention.q_proj,4096,4096,dense_bf16,False,,[Errno 2] No such file or directory: 'fake/kernels/cutlass/cutlass_wrapper/artifacts/modeling/dense_bf16/dense_bf16_model.json',,model_missing,True
32,261,8352,8352,backbone.layer.6.attention.q_proj,attention.q_proj,4096,4096,dense_nvfp4,False,,[Errno 2] No such file or directory: 'fake/kernels/cutlass/cutlass_wrapper/artifacts/modeling/dense_nvfp4/dense_nvfp4_model.json',,model_missing,False
32,261,8352,8352,backbone.layer.6.attention.q_proj,attention.q_proj,4096,4096,sparse_bf16,False,,[Errno 2] No such file or directory: 'fake/kernels/cutlass/cutlass_wrapper/artifacts/modeling/sparse_bf16/sparse_bf16_model.json',,model_missing,False
32,261,8352,8352,backbone.layer.6.attention.q_proj,attention.q_proj,4096,4096,sparse_nvfp4,False,,[Errno 2] No such file or directory: 'fake/kernels/cutlass/cutlass_wrapper/artifacts/modeling/sparse_nvfp4/sparse_nvfp4_model.json',,model_missing,False
32,261,8352,8352,backbone.layer.6.attention.o_proj,attention.o_proj,4096,4096,dense_bf16,False,,[Errno 2] No such file or directory: 'fake/kernels/cutlass/cutlass_wrapper/artifacts/modeling/dense_bf16/dense_bf16_model.json',,model_missing,True
32,261,8352,8352,backbone.layer.6.attention.o_proj,attention.o_proj,4096,4096,dense_nvfp4,False,,[Errno 2] No such file or directory: 'fake/kernels/cutlass/cutlass_wrapper/artifacts/modeling/dense_nvfp4/dense_nvfp4_model.json',,model_missing,False
32,261,8352,8352,backbone.layer.6.attention.o_proj,attention.o_proj,4096,4096,sparse_bf16,False,,[Errno 2] No such file or directory: 'fake/kernels/cutlass/cutlass_wrapper/artifacts/modeling/sparse_bf16/sparse_bf16_model.json',,model_missing,False
32,261,8352,8352,backbone.layer.6.attention.o_proj,attention.o_proj,4096,4096,sparse_nvfp4,False,,[Errno 2] No such file or directory: 'fake/kernels/cutlass/cutlass_wrapper/artifacts/modeling/sparse_nvfp4/sparse_nvfp4_model.json',,model_missing,False
32,261,8352,8352,backbone.layer.6.mlp.gate_proj,mlp.gate_proj,8192,4096,dense_bf16,False,,[Errno 2] No such file or directory: 'fake/kernels/cutlass/cutlass_wrapper/artifacts/modeling/dense_bf16/dense_bf16_model.json',,model_missing,True
32,261,8352,8352,backbone.layer.6.mlp.gate_proj,mlp.gate_proj,8192,4096,dense_nvfp4,False,,[Errno 2] No such file or directory: 'fake/kernels/cutlass/cutlass_wrapper/artifacts/modeling/dense_nvfp4/dense_nvfp4_model.json',,model_missing,False
32,261,8352,8352,backbone.layer.6.mlp.gate_proj,mlp.gate_proj,8192,4096,sparse_bf16,False,,[Errno 2] No such file or directory: 'fake/kernels/cutlass/cutlass_wrapper/artifacts/modeling/sparse_bf16/sparse_bf16_model.json',,model_missing,False
32,261,8352,8352,backbone.layer.6.mlp.gate_proj,mlp.gate_proj,8192,4096,sparse_nvfp4,False,,[Errno 2] No such file or directory: 'fake/kernels/cutlass/cutlass_wrapper/artifacts/modeling/sparse_nvfp4/sparse_nvfp4_model.json',,model_missing,False
32,261,8352,8352,backbone.layer.6.mlp.up_proj,mlp.up_proj,8192,4096,dense_bf16,False,,[Errno 2] No such file or directory: 'fake/kernels/cutlass/cutlass_wrapper/artifacts/modeling/dense_bf16/dense_bf16_model.json',,model_missing,True
32,261,8352,8352,backbone.layer.6.mlp.up_proj,mlp.up_proj,8192,4096,dense_nvfp4,False,,[Errno 2] No such file or directory: 'fake/kernels/cutlass/cutlass_wrapper/artifacts/modeling/dense_nvfp4/dense_nvfp4_model.json',,model_missing,False
32,261,8352,8352,backbone.layer.6.mlp.up_proj,mlp.up_proj,8192,4096,sparse_bf16,False,,[Errno 2] No such file or directory: 'fake/kernels/cutlass/cutlass_wrapper/artifacts/modeling/sparse_bf16/sparse_bf16_model.json',,model_missing,False
32,261,8352,8352,backbone.layer.6.mlp.up_proj,mlp.up_proj,8192,4096,sparse_nvfp4,False,,[Errno 2] No such file or directory: 'fake/kernels/cutlass/cutlass_wrapper/artifacts/modeling/sparse_nvfp4/sparse_nvfp4_model.json',,model_missing,False
32,261,8352,8352,backbone.layer.6.mlp.down_proj,mlp.down_proj,4096,8192,dense_bf16,False,,[Errno 2] No such file or directory: 'fake/kernels/cutlass/cutlass_wrapper/artifacts/modeling/dense_bf16/dense_bf16_model.json',,model_missing,True
32,261,8352,8352,backbone.layer.6.mlp.down_proj,mlp.down_proj,4096,8192,dense_nvfp4,False,,[Errno 2] No such file or directory: 'fake/kernels/cutlass/cutlass_wrapper/artifacts/modeling/dense_nvfp4/dense_nvfp4_model.json',,model_missing,False
32,261,8352,8352,backbone.layer.6.mlp.down_proj,mlp.down_proj,4096,8192,sparse_bf16,False,,[Errno 2] No such file or directory: 'fake/kernels/cutlass/cutlass_wrapper/artifacts/modeling/sparse_bf16/sparse_bf16_model.json',,model_missing,False
32,261,8352,8352,backbone.layer.6.mlp.down_proj,mlp.down_proj,4096,8192,sparse_nvfp4,False,,[Errno 2] No such file or directory: 'fake/kernels/cutlass/cutlass_wrapper/artifacts/modeling/sparse_nvfp4/sparse_nvfp4_model.json',,model_missing,False
32,261,8352,8352,backbone.layer.7.attention.k_proj,attention.k_proj,4096,4096,dense_bf16,False,,[Errno 2] No such file or directory: 'fake/kernels/cutlass/cutlass_wrapper/artifacts/modeling/dense_bf16/dense_bf16_model.json',,model_missing,True
32,261,8352,8352,backbone.layer.7.attention.k_proj,attention.k_proj,4096,4096,dense_nvfp4,False,,[Errno 2] No such file or directory: 'fake/kernels/cutlass/cutlass_wrapper/artifacts/modeling/dense_nvfp4/dense_nvfp4_model.json',,model_missing,False
32,261,8352,8352,backbone.layer.7.attention.k_proj,attention.k_proj,4096,4096,sparse_bf16,False,,[Errno 2] No such file or directory: 'fake/kernels/cutlass/cutlass_wrapper/artifacts/modeling/sparse_bf16/sparse_bf16_model.json',,model_missing,False
32,261,8352,8352,backbone.layer.7.attention.k_proj,attention.k_proj,4096,4096,sparse_nvfp4,False,,[Errno 2] No such file or directory: 'fake/kernels/cutlass/cutlass_wrapper/artifacts/modeling/sparse_nvfp4/sparse_nvfp4_model.json',,model_missing,False
32,261,8352,8352,backbone.layer.7.attention.v_proj,attention.v_proj,4096,4096,dense_bf16,False,,[Errno 2] No such file or directory: 'fake/kernels/cutlass/cutlass_wrapper/artifacts/modeling/dense_bf16/dense_bf16_model.json',,model_missing,True
32,261,8352,8352,backbone.layer.7.attention.v_proj,attention.v_proj,4096,4096,dense_nvfp4,False,,[Errno 2] No such file or directory: 'fake/kernels/cutlass/cutlass_wrapper/artifacts/modeling/dense_nvfp4/dense_nvfp4_model.json',,model_missing,False
32,261,8352,8352,backbone.layer.7.attention.v_proj,attention.v_proj,4096,4096,sparse_bf16,False,,[Errno 2] No such file or directory: 'fake/kernels/cutlass/cutlass_wrapper/artifacts/modeling/sparse_bf16/sparse_bf16_model.json',,model_missing,False
32,261,8352,8352,backbone.layer.7.attention.v_proj,attention.v_proj,4096,4096,sparse_nvfp4,False,,[Errno 2] No such file or directory: 'fake/kernels/cutlass/cutlass_wrapper/artifacts/modeling/sparse_nvfp4/sparse_nvfp4_model.json',,model_missing,False
32,261,8352,8352,backbone.layer.7.attention.q_proj,attention.q_proj,4096,4096,dense_bf16,False,,[Errno 2] No such file or directory: 'fake/kernels/cutlass/cutlass_wrapper/artifacts/modeling/dense_bf16/dense_bf16_model.json',,model_missing,True
32,261,8352,8352,backbone.layer.7.attention.q_proj,attention.q_proj,4096,4096,dense_nvfp4,False,,[Errno 2] No such file or directory: 'fake/kernels/cutlass/cutlass_wrapper/artifacts/modeling/dense_nvfp4/dense_nvfp4_model.json',,model_missing,False
32,261,8352,8352,backbone.layer.7.attention.q_proj,attention.q_proj,4096,4096,sparse_bf16,False,,[Errno 2] No such file or directory: 'fake/kernels/cutlass/cutlass_wrapper/artifacts/modeling/sparse_bf16/sparse_bf16_model.json',,model_missing,False
32,261,8352,8352,backbone.layer.7.attention.q_proj,attention.q_proj,4096,4096,sparse_nvfp4,False,,[Errno 2] No such file or directory: 'fake/kernels/cutlass/cutlass_wrapper/artifacts/modeling/sparse_nvfp4/sparse_nvfp4_model.json',,model_missing,False
32,261,8352,8352,backbone.layer.7.attention.o_proj,attention.o_proj,4096,4096,dense_bf16,False,,[Errno 2] No such file or directory: 'fake/kernels/cutlass/cutlass_wrapper/artifacts/modeling/dense_bf16/dense_bf16_model.json',,model_missing,True
32,261,8352,8352,backbone.layer.7.attention.o_proj,attention.o_proj,4096,4096,dense_nvfp4,False,,[Errno 2] No such file or directory: 'fake/kernels/cutlass/cutlass_wrapper/artifacts/modeling/dense_nvfp4/dense_nvfp4_model.json',,model_missing,False
32,261,8352,8352,backbone.layer.7.attention.o_proj,attention.o_proj,4096,4096,sparse_bf16,False,,[Errno 2] No such file or directory: 'fake/kernels/cutlass/cutlass_wrapper/artifacts/modeling/sparse_bf16/sparse_bf16_model.json',,model_missing,False
32,261,8352,8352,backbone.layer.7.attention.o_proj,attention.o_proj,4096,4096,sparse_nvfp4,False,,[Errno 2] No such file or directory: 'fake/kernels/cutlass/cutlass_wrapper/artifacts/modeling/sparse_nvfp4/sparse_nvfp4_model.json',,model_missing,False
32,261,8352,8352,backbone.layer.7.mlp.gate_proj,mlp.gate_proj,8192,4096,dense_bf16,False,,[Errno 2] No such file or directory: 'fake/kernels/cutlass/cutlass_wrapper/artifacts/modeling/dense_bf16/dense_bf16_model.json',,model_missing,True
32,261,8352,8352,backbone.layer.7.mlp.gate_proj,mlp.gate_proj,8192,4096,dense_nvfp4,False,,[Errno 2] No such file or directory: 'fake/kernels/cutlass/cutlass_wrapper/artifacts/modeling/dense_nvfp4/dense_nvfp4_model.json',,model_missing,False
32,261,8352,8352,backbone.layer.7.mlp.gate_proj,mlp.gate_proj,8192,4096,sparse_bf16,False,,[Errno 2] No such file or directory: 'fake/kernels/cutlass/cutlass_wrapper/artifacts/modeling/sparse_bf16/sparse_bf16_model.json',,model_missing,False
32,261,8352,8352,backbone.layer.7.mlp.gate_proj,mlp.gate_proj,8192,4096,sparse_nvfp4,False,,[Errno 2] No such file or directory: 'fake/kernels/cutlass/cutlass_wrapper/artifacts/modeling/sparse_nvfp4/sparse_nvfp4_model.json',,model_missing,False
32,261,8352,8352,backbone.layer.7.mlp.up_proj,mlp.up_proj,8192,4096,dense_bf16,False,,[Errno 2] No such file or directory: 'fake/kernels/cutlass/cutlass_wrapper/artifacts/modeling/dense_bf16/dense_bf16_model.json',,model_missing,True
32,261,8352,8352,backbone.layer.7.mlp.up_proj,mlp.up_proj,8192,4096,dense_nvfp4,False,,[Errno 2] No such file or directory: 'fake/kernels/cutlass/cutlass_wrapper/artifacts/modeling/dense_nvfp4/dense_nvfp4_model.json',,model_missing,False
32,261,8352,8352,backbone.layer.7.mlp.up_proj,mlp.up_proj,8192,4096,sparse_bf16,False,,[Errno 2] No such file or directory: 'fake/kernels/cutlass/cutlass_wrapper/artifacts/modeling/sparse_bf16/sparse_bf16_model.json',,model_missing,False
32,261,8352,8352,backbone.layer.7.mlp.up_proj,mlp.up_proj,8192,4096,sparse_nvfp4,False,,[Errno 2] No such file or directory: 'fake/kernels/cutlass/cutlass_wrapper/artifacts/modeling/sparse_nvfp4/sparse_nvfp4_model.json',,model_missing,False
32,261,8352,8352,backbone.layer.7.mlp.down_proj,mlp.down_proj,4096,8192,dense_bf16,False,,[Errno 2] No such file or directory: 'fake/kernels/cutlass/cutlass_wrapper/artifacts/modeling/dense_bf16/dense_bf16_model.json',,model_missing,True
32,261,8352,8352,backbone.layer.7.mlp.down_proj,mlp.down_proj,4096,8192,dense_nvfp4,False,,[Errno 2] No such file or directory: 'fake/kernels/cutlass/cutlass_wrapper/artifacts/modeling/dense_nvfp4/dense_nvfp4_model.json',,model_missing,False
32,261,8352,8352,backbone.layer.7.mlp.down_proj,mlp.down_proj,4096,8192,sparse_bf16,False,,[Errno 2] No such file or directory: 'fake/kernels/cutlass/cutlass_wrapper/artifacts/modeling/sparse_bf16/sparse_bf16_model.json',,model_missing,False
32,261,8352,8352,backbone.layer.7.mlp.down_proj,mlp.down_proj,4096,8192,sparse_nvfp4,False,,[Errno 2] No such file or directory: 'fake/kernels/cutlass/cutlass_wrapper/artifacts/modeling/sparse_nvfp4/sparse_nvfp4_model.json',,model_missing,False
32,261,8352,8352,backbone.layer.8.attention.k_proj,attention.k_proj,4096,4096,dense_bf16,False,,[Errno 2] No such file or directory: 'fake/kernels/cutlass/cutlass_wrapper/artifacts/modeling/dense_bf16/dense_bf16_model.json',,model_missing,True
32,261,8352,8352,backbone.layer.8.attention.k_proj,attention.k_proj,4096,4096,dense_nvfp4,False,,[Errno 2] No such file or directory: 'fake/kernels/cutlass/cutlass_wrapper/artifacts/modeling/dense_nvfp4/dense_nvfp4_model.json',,model_missing,False
32,261,8352,8352,backbone.layer.8.attention.k_proj,attention.k_proj,4096,4096,sparse_bf16,False,,[Errno 2] No such file or directory: 'fake/kernels/cutlass/cutlass_wrapper/artifacts/modeling/sparse_bf16/sparse_bf16_model.json',,model_missing,False
32,261,8352,8352,backbone.layer.8.attention.k_proj,attention.k_proj,4096,4096,sparse_nvfp4,False,,[Errno 2] No such file or directory: 'fake/kernels/cutlass/cutlass_wrapper/artifacts/modeling/sparse_nvfp4/sparse_nvfp4_model.json',,model_missing,False
32,261,8352,8352,backbone.layer.8.attention.v_proj,attention.v_proj,4096,4096,dense_bf16,False,,[Errno 2] No such file or directory: 'fake/kernels/cutlass/cutlass_wrapper/artifacts/modeling/dense_bf16/dense_bf16_model.json',,model_missing,True
32,261,8352,8352,backbone.layer.8.attention.v_proj,attention.v_proj,4096,4096,dense_nvfp4,False,,[Errno 2] No such file or directory: 'fake/kernels/cutlass/cutlass_wrapper/artifacts/modeling/dense_nvfp4/dense_nvfp4_model.json',,model_missing,False
32,261,8352,8352,backbone.layer.8.attention.v_proj,attention.v_proj,4096,4096,sparse_bf16,False,,[Errno 2] No such file or directory: 'fake/kernels/cutlass/cutlass_wrapper/artifacts/modeling/sparse_bf16/sparse_bf16_model.json',,model_missing,False
32,261,8352,8352,backbone.layer.8.attention.v_proj,attention.v_proj,4096,4096,sparse_nvfp4,False,,[Errno 2] No such file or directory: 'fake/kernels/cutlass/cutlass_wrapper/artifacts/modeling/sparse_nvfp4/sparse_nvfp4_model.json',,model_missing,False
32,261,8352,8352,backbone.layer.8.attention.q_proj,attention.q_proj,4096,4096,dense_bf16,False,,[Errno 2] No such file or directory: 'fake/kernels/cutlass/cutlass_wrapper/artifacts/modeling/dense_bf16/dense_bf16_model.json',,model_missing,True
32,261,8352,8352,backbone.layer.8.attention.q_proj,attention.q_proj,4096,4096,dense_nvfp4,False,,[Errno 2] No such file or directory: 'fake/kernels/cutlass/cutlass_wrapper/artifacts/modeling/dense_nvfp4/dense_nvfp4_model.json',,model_missing,False
32,261,8352,8352,backbone.layer.8.attention.q_proj,attention.q_proj,4096,4096,sparse_bf16,False,,[Errno 2] No such file or directory: 'fake/kernels/cutlass/cutlass_wrapper/artifacts/modeling/sparse_bf16/sparse_bf16_model.json',,model_missing,False
32,261,8352,8352,backbone.layer.8.attention.q_proj,attention.q_proj,4096,4096,sparse_nvfp4,False,,[Errno 2] No such file or directory: 'fake/kernels/cutlass/cutlass_wrapper/artifacts/modeling/sparse_nvfp4/sparse_nvfp4_model.json',,model_missing,False
32,261,8352,8352,backbone.layer.8.attention.o_proj,attention.o_proj,4096,4096,dense_bf16,False,,[Errno 2] No such file or directory: 'fake/kernels/cutlass/cutlass_wrapper/artifacts/modeling/dense_bf16/dense_bf16_model.json',,model_missing,True
32,261,8352,8352,backbone.layer.8.attention.o_proj,attention.o_proj,4096,4096,dense_nvfp4,False,,[Errno 2] No such file or directory: 'fake/kernels/cutlass/cutlass_wrapper/artifacts/modeling/dense_nvfp4/dense_nvfp4_model.json',,model_missing,False
32,261,8352,8352,backbone.layer.8.attention.o_proj,attention.o_proj,4096,4096,sparse_bf16,False,,[Errno 2] No such file or directory: 'fake/kernels/cutlass/cutlass_wrapper/artifacts/modeling/sparse_bf16/sparse_bf16_model.json',,model_missing,False
32,261,8352,8352,backbone.layer.8.attention.o_proj,attention.o_proj,4096,4096,sparse_nvfp4,False,,[Errno 2] No such file or directory: 'fake/kernels/cutlass/cutlass_wrapper/artifacts/modeling/sparse_nvfp4/sparse_nvfp4_model.json',,model_missing,False
32,261,8352,8352,backbone.layer.8.mlp.gate_proj,mlp.gate_proj,8192,4096,dense_bf16,False,,[Errno 2] No such file or directory: 'fake/kernels/cutlass/cutlass_wrapper/artifacts/modeling/dense_bf16/dense_bf16_model.json',,model_missing,True
32,261,8352,8352,backbone.layer.8.mlp.gate_proj,mlp.gate_proj,8192,4096,dense_nvfp4,False,,[Errno 2] No such file or directory: 'fake/kernels/cutlass/cutlass_wrapper/artifacts/modeling/dense_nvfp4/dense_nvfp4_model.json',,model_missing,False
32,261,8352,8352,backbone.layer.8.mlp.gate_proj,mlp.gate_proj,8192,4096,sparse_bf16,False,,[Errno 2] No such file or directory: 'fake/kernels/cutlass/cutlass_wrapper/artifacts/modeling/sparse_bf16/sparse_bf16_model.json',,model_missing,False
32,261,8352,8352,backbone.layer.8.mlp.gate_proj,mlp.gate_proj,8192,4096,sparse_nvfp4,False,,[Errno 2] No such file or directory: 'fake/kernels/cutlass/cutlass_wrapper/artifacts/modeling/sparse_nvfp4/sparse_nvfp4_model.json',,model_missing,False
32,261,8352,8352,backbone.layer.8.mlp.up_proj,mlp.up_proj,8192,4096,dense_bf16,False,,[Errno 2] No such file or directory: 'fake/kernels/cutlass/cutlass_wrapper/artifacts/modeling/dense_bf16/dense_bf16_model.json',,model_missing,True
32,261,8352,8352,backbone.layer.8.mlp.up_proj,mlp.up_proj,8192,4096,dense_nvfp4,False,,[Errno 2] No such file or directory: 'fake/kernels/cutlass/cutlass_wrapper/artifacts/modeling/dense_nvfp4/dense_nvfp4_model.json',,model_missing,False
32,261,8352,8352,backbone.layer.8.mlp.up_proj,mlp.up_proj,8192,4096,sparse_bf16,False,,[Errno 2] No such file or directory: 'fake/kernels/cutlass/cutlass_wrapper/artifacts/modeling/sparse_bf16/sparse_bf16_model.json',,model_missing,False
32,261,8352,8352,backbone.layer.8.mlp.up_proj,mlp.up_proj,8192,4096,sparse_nvfp4,False,,[Errno 2] No such file or directory: 'fake/kernels/cutlass/cutlass_wrapper/artifacts/modeling/sparse_nvfp4/sparse_nvfp4_model.json',,model_missing,False
32,261,8352,8352,backbone.layer.8.mlp.down_proj,mlp.down_proj,4096,8192,dense_bf16,False,,[Errno 2] No such file or directory: 'fake/kernels/cutlass/cutlass_wrapper/artifacts/modeling/dense_bf16/dense_bf16_model.json',,model_missing,True
32,261,8352,8352,backbone.layer.8.mlp.down_proj,mlp.down_proj,4096,8192,dense_nvfp4,False,,[Errno 2] No such file or directory: 'fake/kernels/cutlass/cutlass_wrapper/artifacts/modeling/dense_nvfp4/dense_nvfp4_model.json',,model_missing,False
32,261,8352,8352,backbone.layer.8.mlp.down_proj,mlp.down_proj,4096,8192,sparse_bf16,False,,[Errno 2] No such file or directory: 'fake/kernels/cutlass/cutlass_wrapper/artifacts/modeling/sparse_bf16/sparse_bf16_model.json',,model_missing,False
32,261,8352,8352,backbone.layer.8.mlp.down_proj,mlp.down_proj,4096,8192,sparse_nvfp4,False,,[Errno 2] No such file or directory: 'fake/kernels/cutlass/cutlass_wrapper/artifacts/modeling/sparse_nvfp4/sparse_nvfp4_model.json',,model_missing,False
32,261,8352,8352,backbone.layer.9.attention.k_proj,attention.k_proj,4096,4096,dense_bf16,False,,[Errno 2] No such file or directory: 'fake/kernels/cutlass/cutlass_wrapper/artifacts/modeling/dense_bf16/dense_bf16_model.json',,model_missing,True
32,261,8352,8352,backbone.layer.9.attention.k_proj,attention.k_proj,4096,4096,dense_nvfp4,False,,[Errno 2] No such file or directory: 'fake/kernels/cutlass/cutlass_wrapper/artifacts/modeling/dense_nvfp4/dense_nvfp4_model.json',,model_missing,False
32,261,8352,8352,backbone.layer.9.attention.k_proj,attention.k_proj,4096,4096,sparse_bf16,False,,[Errno 2] No such file or directory: 'fake/kernels/cutlass/cutlass_wrapper/artifacts/modeling/sparse_bf16/sparse_bf16_model.json',,model_missing,False
32,261,8352,8352,backbone.layer.9.attention.k_proj,attention.k_proj,4096,4096,sparse_nvfp4,False,,[Errno 2] No such file or directory: 'fake/kernels/cutlass/cutlass_wrapper/artifacts/modeling/sparse_nvfp4/sparse_nvfp4_model.json',,model_missing,False
32,261,8352,8352,backbone.layer.9.attention.v_proj,attention.v_proj,4096,4096,dense_bf16,False,,[Errno 2] No such file or directory: 'fake/kernels/cutlass/cutlass_wrapper/artifacts/modeling/dense_bf16/dense_bf16_model.json',,model_missing,True
32,261,8352,8352,backbone.layer.9.attention.v_proj,attention.v_proj,4096,4096,dense_nvfp4,False,,[Errno 2] No such file or directory: 'fake/kernels/cutlass/cutlass_wrapper/artifacts/modeling/dense_nvfp4/dense_nvfp4_model.json',,model_missing,False
32,261,8352,8352,backbone.layer.9.attention.v_proj,attention.v_proj,4096,4096,sparse_bf16,False,,[Errno 2] No such file or directory: 'fake/kernels/cutlass/cutlass_wrapper/artifacts/modeling/sparse_bf16/sparse_bf16_model.json',,model_missing,False
32,261,8352,8352,backbone.layer.9.attention.v_proj,attention.v_proj,4096,4096,sparse_nvfp4,False,,[Errno 2] No such file or directory: 'fake/kernels/cutlass/cutlass_wrapper/artifacts/modeling/sparse_nvfp4/sparse_nvfp4_model.json',,model_missing,False
32,261,8352,8352,backbone.layer.9.attention.q_proj,attention.q_proj,4096,4096,dense_bf16,False,,[Errno 2] No such file or directory: 'fake/kernels/cutlass/cutlass_wrapper/artifacts/modeling/dense_bf16/dense_bf16_model.json',,model_missing,True
32,261,8352,8352,backbone.layer.9.attention.q_proj,attention.q_proj,4096,4096,dense_nvfp4,False,,[Errno 2] No such file or directory: 'fake/kernels/cutlass/cutlass_wrapper/artifacts/modeling/dense_nvfp4/dense_nvfp4_model.json',,model_missing,False
32,261,8352,8352,backbone.layer.9.attention.q_proj,attention.q_proj,4096,4096,sparse_bf16,False,,[Errno 2] No such file or directory: 'fake/kernels/cutlass/cutlass_wrapper/artifacts/modeling/sparse_bf16/sparse_bf16_model.json',,model_missing,False
32,261,8352,8352,backbone.layer.9.attention.q_proj,attention.q_proj,4096,4096,sparse_nvfp4,False,,[Errno 2] No such file or directory: 'fake/kernels/cutlass/cutlass_wrapper/artifacts/modeling/sparse_nvfp4/sparse_nvfp4_model.json',,model_missing,False
32,261,8352,8352,backbone.layer.9.attention.o_proj,attention.o_proj,4096,4096,dense_bf16,False,,[Errno 2] No such file or directory: 'fake/kernels/cutlass/cutlass_wrapper/artifacts/modeling/dense_bf16/dense_bf16_model.json',,model_missing,True
32,261,8352,8352,backbone.layer.9.attention.o_proj,attention.o_proj,4096,4096,dense_nvfp4,False,,[Errno 2] No such file or directory: 'fake/kernels/cutlass/cutlass_wrapper/artifacts/modeling/dense_nvfp4/dense_nvfp4_model.json',,model_missing,False
32,261,8352,8352,backbone.layer.9.attention.o_proj,attention.o_proj,4096,4096,sparse_bf16,False,,[Errno 2] No such file or directory: 'fake/kernels/cutlass/cutlass_wrapper/artifacts/modeling/sparse_bf16/sparse_bf16_model.json',,model_missing,False
32,261,8352,8352,backbone.layer.9.attention.o_proj,attention.o_proj,4096,4096,sparse_nvfp4,False,,[Errno 2] No such file or directory: 'fake/kernels/cutlass/cutlass_wrapper/artifacts/modeling/sparse_nvfp4/sparse_nvfp4_model.json',,model_missing,False
32,261,8352,8352,backbone.layer.9.mlp.gate_proj,mlp.gate_proj,8192,4096,dense_bf16,False,,[Errno 2] No such file or directory: 'fake/kernels/cutlass/cutlass_wrapper/artifacts/modeling/dense_bf16/dense_bf16_model.json',,model_missing,True
32,261,8352,8352,backbone.layer.9.mlp.gate_proj,mlp.gate_proj,8192,4096,dense_nvfp4,False,,[Errno 2] No such file or directory: 'fake/kernels/cutlass/cutlass_wrapper/artifacts/modeling/dense_nvfp4/dense_nvfp4_model.json',,model_missing,False
32,261,8352,8352,backbone.layer.9.mlp.gate_proj,mlp.gate_proj,8192,4096,sparse_bf16,False,,[Errno 2] No such file or directory: 'fake/kernels/cutlass/cutlass_wrapper/artifacts/modeling/sparse_bf16/sparse_bf16_model.json',,model_missing,False
32,261,8352,8352,backbone.layer.9.mlp.gate_proj,mlp.gate_proj,8192,4096,sparse_nvfp4,False,,[Errno 2] No such file or directory: 'fake/kernels/cutlass/cutlass_wrapper/artifacts/modeling/sparse_nvfp4/sparse_nvfp4_model.json',,model_missing,False
32,261,8352,8352,backbone.layer.9.mlp.up_proj,mlp.up_proj,8192,4096,dense_bf16,False,,[Errno 2] No such file or directory: 'fake/kernels/cutlass/cutlass_wrapper/artifacts/modeling/dense_bf16/dense_bf16_model.json',,model_missing,True
32,261,8352,8352,backbone.layer.9.mlp.up_proj,mlp.up_proj,8192,4096,dense_nvfp4,False,,[Errno 2] No such file or directory: 'fake/kernels/cutlass/cutlass_wrapper/artifacts/modeling/dense_nvfp4/dense_nvfp4_model.json',,model_missing,False
32,261,8352,8352,backbone.layer.9.mlp.up_proj,mlp.up_proj,8192,4096,sparse_bf16,False,,[Errno 2] No such file or directory: 'fake/kernels/cutlass/cutlass_wrapper/artifacts/modeling/sparse_bf16/sparse_bf16_model.json',,model_missing,False
32,261,8352,8352,backbone.layer.9.mlp.up_proj,mlp.up_proj,8192,4096,sparse_nvfp4,False,,[Errno 2] No such file or directory: 'fake/kernels/cutlass/cutlass_wrapper/artifacts/modeling/sparse_nvfp4/sparse_nvfp4_model.json',,model_missing,False
32,261,8352,8352,backbone.layer.9.mlp.down_proj,mlp.down_proj,4096,8192,dense_bf16,False,,[Errno 2] No such file or directory: 'fake/kernels/cutlass/cutlass_wrapper/artifacts/modeling/dense_bf16/dense_bf16_model.json',,model_missing,True
32,261,8352,8352,backbone.layer.9.mlp.down_proj,mlp.down_proj,4096,8192,dense_nvfp4,False,,[Errno 2] No such file or directory: 'fake/kernels/cutlass/cutlass_wrapper/artifacts/modeling/dense_nvfp4/dense_nvfp4_model.json',,model_missing,False
32,261,8352,8352,backbone.layer.9.mlp.down_proj,mlp.down_proj,4096,8192,sparse_bf16,False,,[Errno 2] No such file or directory: 'fake/kernels/cutlass/cutlass_wrapper/artifacts/modeling/sparse_bf16/sparse_bf16_model.json',,model_missing,False
32,261,8352,8352,backbone.layer.9.mlp.down_proj,mlp.down_proj,4096,8192,sparse_nvfp4,False,,[Errno 2] No such file or directory: 'fake/kernels/cutlass/cutlass_wrapper/artifacts/modeling/sparse_nvfp4/sparse_nvfp4_model.json',,model_missing,False
32,261,8352,8352,backbone.layer.10.attention.k_proj,attention.k_proj,4096,4096,dense_bf16,False,,[Errno 2] No such file or directory: 'fake/kernels/cutlass/cutlass_wrapper/artifacts/modeling/dense_bf16/dense_bf16_model.json',,model_missing,True
32,261,8352,8352,backbone.layer.10.attention.k_proj,attention.k_proj,4096,4096,dense_nvfp4,False,,[Errno 2] No such file or directory: 'fake/kernels/cutlass/cutlass_wrapper/artifacts/modeling/dense_nvfp4/dense_nvfp4_model.json',,model_missing,False
32,261,8352,8352,backbone.layer.10.attention.k_proj,attention.k_proj,4096,4096,sparse_bf16,False,,[Errno 2] No such file or directory: 'fake/kernels/cutlass/cutlass_wrapper/artifacts/modeling/sparse_bf16/sparse_bf16_model.json',,model_missing,False
32,261,8352,8352,backbone.layer.10.attention.k_proj,attention.k_proj,4096,4096,sparse_nvfp4,False,,[Errno 2] No such file or directory: 'fake/kernels/cutlass/cutlass_wrapper/artifacts/modeling/sparse_nvfp4/sparse_nvfp4_model.json',,model_missing,False
32,261,8352,8352,backbone.layer.10.attention.v_proj,attention.v_proj,4096,4096,dense_bf16,False,,[Errno 2] No such file or directory: 'fake/kernels/cutlass/cutlass_wrapper/artifacts/modeling/dense_bf16/dense_bf16_model.json',,model_missing,True
32,261,8352,8352,backbone.layer.10.attention.v_proj,attention.v_proj,4096,4096,dense_nvfp4,False,,[Errno 2] No such file or directory: 'fake/kernels/cutlass/cutlass_wrapper/artifacts/modeling/dense_nvfp4/dense_nvfp4_model.json',,model_missing,False
32,261,8352,8352,backbone.layer.10.attention.v_proj,attention.v_proj,4096,4096,sparse_bf16,False,,[Errno 2] No such file or directory: 'fake/kernels/cutlass/cutlass_wrapper/artifacts/modeling/sparse_bf16/sparse_bf16_model.json',,model_missing,False
32,261,8352,8352,backbone.layer.10.attention.v_proj,attention.v_proj,4096,4096,sparse_nvfp4,False,,[Errno 2] No such file or directory: 'fake/kernels/cutlass/cutlass_wrapper/artifacts/modeling/sparse_nvfp4/sparse_nvfp4_model.json',,model_missing,False
32,261,8352,8352,backbone.layer.10.attention.q_proj,attention.q_proj,4096,4096,dense_bf16,False,,[Errno 2] No such file or directory: 'fake/kernels/cutlass/cutlass_wrapper/artifacts/modeling/dense_bf16/dense_bf16_model.json',,model_missing,True
32,261,8352,8352,backbone.layer.10.attention.q_proj,attention.q_proj,4096,4096,dense_nvfp4,False,,[Errno 2] No such file or directory: 'fake/kernels/cutlass/cutlass_wrapper/artifacts/modeling/dense_nvfp4/dense_nvfp4_model.json',,model_missing,False
32,261,8352,8352,backbone.layer.10.attention.q_proj,attention.q_proj,4096,4096,sparse_bf16,False,,[Errno 2] No such file or directory: 'fake/kernels/cutlass/cutlass_wrapper/artifacts/modeling/sparse_bf16/sparse_bf16_model.json',,model_missing,False
32,261,8352,8352,backbone.layer.10.attention.q_proj,attention.q_proj,4096,4096,sparse_nvfp4,False,,[Errno 2] No such file or directory: 'fake/kernels/cutlass/cutlass_wrapper/artifacts/modeling/sparse_nvfp4/sparse_nvfp4_model.json',,model_missing,False
32,261,8352,8352,backbone.layer.10.attention.o_proj,attention.o_proj,4096,4096,dense_bf16,False,,[Errno 2] No such file or directory: 'fake/kernels/cutlass/cutlass_wrapper/artifacts/modeling/dense_bf16/dense_bf16_model.json',,model_missing,True
32,261,8352,8352,backbone.layer.10.attention.o_proj,attention.o_proj,4096,4096,dense_nvfp4,False,,[Errno 2] No such file or directory: 'fake/kernels/cutlass/cutlass_wrapper/artifacts/modeling/dense_nvfp4/dense_nvfp4_model.json',,model_missing,False
32,261,8352,8352,backbone.layer.10.attention.o_proj,attention.o_proj,4096,4096,sparse_bf16,False,,[Errno 2] No such file or directory: 'fake/kernels/cutlass/cutlass_wrapper/artifacts/modeling/sparse_bf16/sparse_bf16_model.json',,model_missing,False
32,261,8352,8352,backbone.layer.10.attention.o_proj,attention.o_proj,4096,4096,sparse_nvfp4,False,,[Errno 2] No such file or directory: 'fake/kernels/cutlass/cutlass_wrapper/artifacts/modeling/sparse_nvfp4/sparse_nvfp4_model.json',,model_missing,False
32,261,8352,8352,backbone.layer.10.mlp.gate_proj,mlp.gate_proj,8192,4096,dense_bf16,False,,[Errno 2] No such file or directory: 'fake/kernels/cutlass/cutlass_wrapper/artifacts/modeling/dense_bf16/dense_bf16_model.json',,model_missing,True
32,261,8352,8352,backbone.layer.10.mlp.gate_proj,mlp.gate_proj,8192,4096,dense_nvfp4,False,,[Errno 2] No such file or directory: 'fake/kernels/cutlass/cutlass_wrapper/artifacts/modeling/dense_nvfp4/dense_nvfp4_model.json',,model_missing,False
32,261,8352,8352,backbone.layer.10.mlp.gate_proj,mlp.gate_proj,8192,4096,sparse_bf16,False,,[Errno 2] No such file or directory: 'fake/kernels/cutlass/cutlass_wrapper/artifacts/modeling/sparse_bf16/sparse_bf16_model.json',,model_missing,False
32,261,8352,8352,backbone.layer.10.mlp.gate_proj,mlp.gate_proj,8192,4096,sparse_nvfp4,False,,[Errno 2] No such file or directory: 'fake/kernels/cutlass/cutlass_wrapper/artifacts/modeling/sparse_nvfp4/sparse_nvfp4_model.json',,model_missing,False
32,261,8352,8352,backbone.layer.10.mlp.up_proj,mlp.up_proj,8192,4096,dense_bf16,False,,[Errno 2] No such file or directory: 'fake/kernels/cutlass/cutlass_wrapper/artifacts/modeling/dense_bf16/dense_bf16_model.json',,model_missing,True
32,261,8352,8352,backbone.layer.10.mlp.up_proj,mlp.up_proj,8192,4096,dense_nvfp4,False,,[Errno 2] No such file or directory: 'fake/kernels/cutlass/cutlass_wrapper/artifacts/modeling/dense_nvfp4/dense_nvfp4_model.json',,model_missing,False
32,261,8352,8352,backbone.layer.10.mlp.up_proj,mlp.up_proj,8192,4096,sparse_bf16,False,,[Errno 2] No such file or directory: 'fake/kernels/cutlass/cutlass_wrapper/artifacts/modeling/sparse_bf16/sparse_bf16_model.json',,model_missing,False
32,261,8352,8352,backbone.layer.10.mlp.up_proj,mlp.up_proj,8192,4096,sparse_nvfp4,False,,[Errno 2] No such file or directory: 'fake/kernels/cutlass/cutlass_wrapper/artifacts/modeling/sparse_nvfp4/sparse_nvfp4_model.json',,model_missing,False
32,261,8352,8352,backbone.layer.10.mlp.down_proj,mlp.down_proj,4096,8192,dense_bf16,False,,[Errno 2] No such file or directory: 'fake/kernels/cutlass/cutlass_wrapper/artifacts/modeling/dense_bf16/dense_bf16_model.json',,model_missing,True
32,261,8352,8352,backbone.layer.10.mlp.down_proj,mlp.down_proj,4096,8192,dense_nvfp4,False,,[Errno 2] No such file or directory: 'fake/kernels/cutlass/cutlass_wrapper/artifacts/modeling/dense_nvfp4/dense_nvfp4_model.json',,model_missing,False
32,261,8352,8352,backbone.layer.10.mlp.down_proj,mlp.down_proj,4096,8192,sparse_bf16,False,,[Errno 2] No such file or directory: 'fake/kernels/cutlass/cutlass_wrapper/artifacts/modeling/sparse_bf16/sparse_bf16_model.json',,model_missing,False
32,261,8352,8352,backbone.layer.10.mlp.down_proj,mlp.down_proj,4096,8192,sparse_nvfp4,False,,[Errno 2] No such file or directory: 'fake/kernels/cutlass/cutlass_wrapper/artifacts/modeling/sparse_nvfp4/sparse_nvfp4_model.json',,model_missing,False
32,261,8352,8352,backbone.layer.11.attention.k_proj,attention.k_proj,4096,4096,dense_bf16,False,,[Errno 2] No such file or directory: 'fake/kernels/cutlass/cutlass_wrapper/artifacts/modeling/dense_bf16/dense_bf16_model.json',,model_missing,True
32,261,8352,8352,backbone.layer.11.attention.k_proj,attention.k_proj,4096,4096,dense_nvfp4,False,,[Errno 2] No such file or directory: 'fake/kernels/cutlass/cutlass_wrapper/artifacts/modeling/dense_nvfp4/dense_nvfp4_model.json',,model_missing,False
32,261,8352,8352,backbone.layer.11.attention.k_proj,attention.k_proj,4096,4096,sparse_bf16,False,,[Errno 2] No such file or directory: 'fake/kernels/cutlass/cutlass_wrapper/artifacts/modeling/sparse_bf16/sparse_bf16_model.json',,model_missing,False
32,261,8352,8352,backbone.layer.11.attention.k_proj,attention.k_proj,4096,4096,sparse_nvfp4,False,,[Errno 2] No such file or directory: 'fake/kernels/cutlass/cutlass_wrapper/artifacts/modeling/sparse_nvfp4/sparse_nvfp4_model.json',,model_missing,False
32,261,8352,8352,backbone.layer.11.attention.v_proj,attention.v_proj,4096,4096,dense_bf16,False,,[Errno 2] No such file or directory: 'fake/kernels/cutlass/cutlass_wrapper/artifacts/modeling/dense_bf16/dense_bf16_model.json',,model_missing,True
32,261,8352,8352,backbone.layer.11.attention.v_proj,attention.v_proj,4096,4096,dense_nvfp4,False,,[Errno 2] No such file or directory: 'fake/kernels/cutlass/cutlass_wrapper/artifacts/modeling/dense_nvfp4/dense_nvfp4_model.json',,model_missing,False
32,261,8352,8352,backbone.layer.11.attention.v_proj,attention.v_proj,4096,4096,sparse_bf16,False,,[Errno 2] No such file or directory: 'fake/kernels/cutlass/cutlass_wrapper/artifacts/modeling/sparse_bf16/sparse_bf16_model.json',,model_missing,False
32,261,8352,8352,backbone.layer.11.attention.v_proj,attention.v_proj,4096,4096,sparse_nvfp4,False,,[Errno 2] No such file or directory: 'fake/kernels/cutlass/cutlass_wrapper/artifacts/modeling/sparse_nvfp4/sparse_nvfp4_model.json',,model_missing,False
32,261,8352,8352,backbone.layer.11.attention.q_proj,attention.q_proj,4096,4096,dense_bf16,False,,[Errno 2] No such file or directory: 'fake/kernels/cutlass/cutlass_wrapper/artifacts/modeling/dense_bf16/dense_bf16_model.json',,model_missing,True
32,261,8352,8352,backbone.layer.11.attention.q_proj,attention.q_proj,4096,4096,dense_nvfp4,False,,[Errno 2] No such file or directory: 'fake/kernels/cutlass/cutlass_wrapper/artifacts/modeling/dense_nvfp4/dense_nvfp4_model.json',,model_missing,False
32,261,8352,8352,backbone.layer.11.attention.q_proj,attention.q_proj,4096,4096,sparse_bf16,False,,[Errno 2] No such file or directory: 'fake/kernels/cutlass/cutlass_wrapper/artifacts/modeling/sparse_bf16/sparse_bf16_model.json',,model_missing,False
32,261,8352,8352,backbone.layer.11.attention.q_proj,attention.q_proj,4096,4096,sparse_nvfp4,False,,[Errno 2] No such file or directory: 'fake/kernels/cutlass/cutlass_wrapper/artifacts/modeling/sparse_nvfp4/sparse_nvfp4_model.json',,model_missing,False
32,261,8352,8352,backbone.layer.11.attention.o_proj,attention.o_proj,4096,4096,dense_bf16,False,,[Errno 2] No such file or directory: 'fake/kernels/cutlass/cutlass_wrapper/artifacts/modeling/dense_bf16/dense_bf16_model.json',,model_missing,True
32,261,8352,8352,backbone.layer.11.attention.o_proj,attention.o_proj,4096,4096,dense_nvfp4,False,,[Errno 2] No such file or directory: 'fake/kernels/cutlass/cutlass_wrapper/artifacts/modeling/dense_nvfp4/dense_nvfp4_model.json',,model_missing,False
32,261,8352,8352,backbone.layer.11.attention.o_proj,attention.o_proj,4096,4096,sparse_bf16,False,,[Errno 2] No such file or directory: 'fake/kernels/cutlass/cutlass_wrapper/artifacts/modeling/sparse_bf16/sparse_bf16_model.json',,model_missing,False
32,261,8352,8352,backbone.layer.11.attention.o_proj,attention.o_proj,4096,4096,sparse_nvfp4,False,,[Errno 2] No such file or directory: 'fake/kernels/cutlass/cutlass_wrapper/artifacts/modeling/sparse_nvfp4/sparse_nvfp4_model.json',,model_missing,False
32,261,8352,8352,backbone.layer.11.mlp.gate_proj,mlp.gate_proj,8192,4096,dense_bf16,False,,[Errno 2] No such file or directory: 'fake/kernels/cutlass/cutlass_wrapper/artifacts/modeling/dense_bf16/dense_bf16_model.json',,model_missing,True
32,261,8352,8352,backbone.layer.11.mlp.gate_proj,mlp.gate_proj,8192,4096,dense_nvfp4,False,,[Errno 2] No such file or directory: 'fake/kernels/cutlass/cutlass_wrapper/artifacts/modeling/dense_nvfp4/dense_nvfp4_model.json',,model_missing,False
32,261,8352,8352,backbone.layer.11.mlp.gate_proj,mlp.gate_proj,8192,4096,sparse_bf16,False,,[Errno 2] No such file or directory: 'fake/kernels/cutlass/cutlass_wrapper/artifacts/modeling/sparse_bf16/sparse_bf16_model.json',,model_missing,False
32,261,8352,8352,backbone.layer.11.mlp.gate_proj,mlp.gate_proj,8192,4096,sparse_nvfp4,False,,[Errno 2] No such file or directory: 'fake/kernels/cutlass/cutlass_wrapper/artifacts/modeling/sparse_nvfp4/sparse_nvfp4_model.json',,model_missing,False
32,261,8352,8352,backbone.layer.11.mlp.up_proj,mlp.up_proj,8192,4096,dense_bf16,False,,[Errno 2] No such file or directory: 'fake/kernels/cutlass/cutlass_wrapper/artifacts/modeling/dense_bf16/dense_bf16_model.json',,model_missing,True
32,261,8352,8352,backbone.layer.11.mlp.up_proj,mlp.up_proj,8192,4096,dense_nvfp4,False,,[Errno 2] No such file or directory: 'fake/kernels/cutlass/cutlass_wrapper/artifacts/modeling/dense_nvfp4/dense_nvfp4_model.json',,model_missing,False
32,261,8352,8352,backbone.layer.11.mlp.up_proj,mlp.up_proj,8192,4096,sparse_bf16,False,,[Errno 2] No such file or directory: 'fake/kernels/cutlass/cutlass_wrapper/artifacts/modeling/sparse_bf16/sparse_bf16_model.json',,model_missing,False
32,261,8352,8352,backbone.layer.11.mlp.up_proj,mlp.up_proj,8192,4096,sparse_nvfp4,False,,[Errno 2] No such file or directory: 'fake/kernels/cutlass/cutlass_wrapper/artifacts/modeling/sparse_nvfp4/sparse_nvfp4_model.json',,model_missing,False
32,261,8352,8352,backbone.layer.11.mlp.down_proj,mlp.down_proj,4096,8192,dense_bf16,False,,[Errno 2] No such file or directory: 'fake/kernels/cutlass/cutlass_wrapper/artifacts/modeling/dense_bf16/dense_bf16_model.json',,model_missing,True
32,261,8352,8352,backbone.layer.11.mlp.down_proj,mlp.down_proj,4096,8192,dense_nvfp4,False,,[Errno 2] No such file or directory: 'fake/kernels/cutlass/cutlass_wrapper/artifacts/modeling/dense_nvfp4/dense_nvfp4_model.json',,model_missing,False
32,261,8352,8352,backbone.layer.11.mlp.down_proj,mlp.down_proj,4096,8192,sparse_bf16,False,,[Errno 2] No such file or directory: 'fake/kernels/cutlass/cutlass_wrapper/artifacts/modeling/sparse_bf16/sparse_bf16_model.json',,model_missing,False
32,261,8352,8352,backbone.layer.11.mlp.down_proj,mlp.down_proj,4096,8192,sparse_nvfp4,False,,[Errno 2] No such file or directory: 'fake/kernels/cutlass/cutlass_wrapper/artifacts/modeling/sparse_nvfp4/sparse_nvfp4_model.json',,model_missing,False
32,261,8352,8352,backbone.layer.12.attention.k_proj,attention.k_proj,4096,4096,dense_bf16,False,,[Errno 2] No such file or directory: 'fake/kernels/cutlass/cutlass_wrapper/artifacts/modeling/dense_bf16/dense_bf16_model.json',,model_missing,True
32,261,8352,8352,backbone.layer.12.attention.k_proj,attention.k_proj,4096,4096,dense_nvfp4,False,,[Errno 2] No such file or directory: 'fake/kernels/cutlass/cutlass_wrapper/artifacts/modeling/dense_nvfp4/dense_nvfp4_model.json',,model_missing,False
32,261,8352,8352,backbone.layer.12.attention.k_proj,attention.k_proj,4096,4096,sparse_bf16,False,,[Errno 2] No such file or directory: 'fake/kernels/cutlass/cutlass_wrapper/artifacts/modeling/sparse_bf16/sparse_bf16_model.json',,model_missing,False
32,261,8352,8352,backbone.layer.12.attention.k_proj,attention.k_proj,4096,4096,sparse_nvfp4,False,,[Errno 2] No such file or directory: 'fake/kernels/cutlass/cutlass_wrapper/artifacts/modeling/sparse_nvfp4/sparse_nvfp4_model.json',,model_missing,False
32,261,8352,8352,backbone.layer.12.attention.v_proj,attention.v_proj,4096,4096,dense_bf16,False,,[Errno 2] No such file or directory: 'fake/kernels/cutlass/cutlass_wrapper/artifacts/modeling/dense_bf16/dense_bf16_model.json',,model_missing,True
32,261,8352,8352,backbone.layer.12.attention.v_proj,attention.v_proj,4096,4096,dense_nvfp4,False,,[Errno 2] No such file or directory: 'fake/kernels/cutlass/cutlass_wrapper/artifacts/modeling/dense_nvfp4/dense_nvfp4_model.json',,model_missing,False
32,261,8352,8352,backbone.layer.12.attention.v_proj,attention.v_proj,4096,4096,sparse_bf16,False,,[Errno 2] No such file or directory: 'fake/kernels/cutlass/cutlass_wrapper/artifacts/modeling/sparse_bf16/sparse_bf16_model.json',,model_missing,False
32,261,8352,8352,backbone.layer.12.attention.v_proj,attention.v_proj,4096,4096,sparse_nvfp4,False,,[Errno 2] No such file or directory: 'fake/kernels/cutlass/cutlass_wrapper/artifacts/modeling/sparse_nvfp4/sparse_nvfp4_model.json',,model_missing,False
32,261,8352,8352,backbone.layer.12.attention.q_proj,attention.q_proj,4096,4096,dense_bf16,False,,[Errno 2] No such file or directory: 'fake/kernels/cutlass/cutlass_wrapper/artifacts/modeling/dense_bf16/dense_bf16_model.json',,model_missing,True
32,261,8352,8352,backbone.layer.12.attention.q_proj,attention.q_proj,4096,4096,dense_nvfp4,False,,[Errno 2] No such file or directory: 'fake/kernels/cutlass/cutlass_wrapper/artifacts/modeling/dense_nvfp4/dense_nvfp4_model.json',,model_missing,False
32,261,8352,8352,backbone.layer.12.attention.q_proj,attention.q_proj,4096,4096,sparse_bf16,False,,[Errno 2] No such file or directory: 'fake/kernels/cutlass/cutlass_wrapper/artifacts/modeling/sparse_bf16/sparse_bf16_model.json',,model_missing,False
32,261,8352,8352,backbone.layer.12.attention.q_proj,attention.q_proj,4096,4096,sparse_nvfp4,False,,[Errno 2] No such file or directory: 'fake/kernels/cutlass/cutlass_wrapper/artifacts/modeling/sparse_nvfp4/sparse_nvfp4_model.json',,model_missing,False
32,261,8352,8352,backbone.layer.12.attention.o_proj,attention.o_proj,4096,4096,dense_bf16,False,,[Errno 2] No such file or directory: 'fake/kernels/cutlass/cutlass_wrapper/artifacts/modeling/dense_bf16/dense_bf16_model.json',,model_missing,True
32,261,8352,8352,backbone.layer.12.attention.o_proj,attention.o_proj,4096,4096,dense_nvfp4,False,,[Errno 2] No such file or directory: 'fake/kernels/cutlass/cutlass_wrapper/artifacts/modeling/dense_nvfp4/dense_nvfp4_model.json',,model_missing,False
32,261,8352,8352,backbone.layer.12.attention.o_proj,attention.o_proj,4096,4096,sparse_bf16,False,,[Errno 2] No such file or directory: 'fake/kernels/cutlass/cutlass_wrapper/artifacts/modeling/sparse_bf16/sparse_bf16_model.json',,model_missing,False
32,261,8352,8352,backbone.layer.12.attention.o_proj,attention.o_proj,4096,4096,sparse_nvfp4,False,,[Errno 2] No such file or directory: 'fake/kernels/cutlass/cutlass_wrapper/artifacts/modeling/sparse_nvfp4/sparse_nvfp4_model.json',,model_missing,False
32,261,8352,8352,backbone.layer.12.mlp.gate_proj,mlp.gate_proj,8192,4096,dense_bf16,False,,[Errno 2] No such file or directory: 'fake/kernels/cutlass/cutlass_wrapper/artifacts/modeling/dense_bf16/dense_bf16_model.json',,model_missing,True
32,261,8352,8352,backbone.layer.12.mlp.gate_proj,mlp.gate_proj,8192,4096,dense_nvfp4,False,,[Errno 2] No such file or directory: 'fake/kernels/cutlass/cutlass_wrapper/artifacts/modeling/dense_nvfp4/dense_nvfp4_model.json',,model_missing,False
32,261,8352,8352,backbone.layer.12.mlp.gate_proj,mlp.gate_proj,8192,4096,sparse_bf16,False,,[Errno 2] No such file or directory: 'fake/kernels/cutlass/cutlass_wrapper/artifacts/modeling/sparse_bf16/sparse_bf16_model.json',,model_missing,False
32,261,8352,8352,backbone.layer.12.mlp.gate_proj,mlp.gate_proj,8192,4096,sparse_nvfp4,False,,[Errno 2] No such file or directory: 'fake/kernels/cutlass/cutlass_wrapper/artifacts/modeling/sparse_nvfp4/sparse_nvfp4_model.json',,model_missing,False
32,261,8352,8352,backbone.layer.12.mlp.up_proj,mlp.up_proj,8192,4096,dense_bf16,False,,[Errno 2] No such file or directory: 'fake/kernels/cutlass/cutlass_wrapper/artifacts/modeling/dense_bf16/dense_bf16_model.json',,model_missing,True
32,261,8352,8352,backbone.layer.12.mlp.up_proj,mlp.up_proj,8192,4096,dense_nvfp4,False,,[Errno 2] No such file or directory: 'fake/kernels/cutlass/cutlass_wrapper/artifacts/modeling/dense_nvfp4/dense_nvfp4_model.json',,model_missing,False
32,261,8352,8352,backbone.layer.12.mlp.up_proj,mlp.up_proj,8192,4096,sparse_bf16,False,,[Errno 2] No such file or directory: 'fake/kernels/cutlass/cutlass_wrapper/artifacts/modeling/sparse_bf16/sparse_bf16_model.json',,model_missing,False
32,261,8352,8352,backbone.layer.12.mlp.up_proj,mlp.up_proj,8192,4096,sparse_nvfp4,False,,[Errno 2] No such file or directory: 'fake/kernels/cutlass/cutlass_wrapper/artifacts/modeling/sparse_nvfp4/sparse_nvfp4_model.json',,model_missing,False
32,261,8352,8352,backbone.layer.12.mlp.down_proj,mlp.down_proj,4096,8192,dense_bf16,False,,[Errno 2] No such file or directory: 'fake/kernels/cutlass/cutlass_wrapper/artifacts/modeling/dense_bf16/dense_bf16_model.json',,model_missing,True
32,261,8352,8352,backbone.layer.12.mlp.down_proj,mlp.down_proj,4096,8192,dense_nvfp4,False,,[Errno 2] No such file or directory: 'fake/kernels/cutlass/cutlass_wrapper/artifacts/modeling/dense_nvfp4/dense_nvfp4_model.json',,model_missing,False
32,261,8352,8352,backbone.layer.12.mlp.down_proj,mlp.down_proj,4096,8192,sparse_bf16,False,,[Errno 2] No such file or directory: 'fake/kernels/cutlass/cutlass_wrapper/artifacts/modeling/sparse_bf16/sparse_bf16_model.json',,model_missing,False
32,261,8352,8352,backbone.layer.12.mlp.down_proj,mlp.down_proj,4096,8192,sparse_nvfp4,False,,[Errno 2] No such file or directory: 'fake/kernels/cutlass/cutlass_wrapper/artifacts/modeling/sparse_nvfp4/sparse_nvfp4_model.json',,model_missing,False
32,261,8352,8352,backbone.layer.13.attention.k_proj,attention.k_proj,4096,4096,dense_bf16,False,,[Errno 2] No such file or directory: 'fake/kernels/cutlass/cutlass_wrapper/artifacts/modeling/dense_bf16/dense_bf16_model.json',,model_missing,True
32,261,8352,8352,backbone.layer.13.attention.k_proj,attention.k_proj,4096,4096,dense_nvfp4,False,,[Errno 2] No such file or directory: 'fake/kernels/cutlass/cutlass_wrapper/artifacts/modeling/dense_nvfp4/dense_nvfp4_model.json',,model_missing,False
32,261,8352,8352,backbone.layer.13.attention.k_proj,attention.k_proj,4096,4096,sparse_bf16,False,,[Errno 2] No such file or directory: 'fake/kernels/cutlass/cutlass_wrapper/artifacts/modeling/sparse_bf16/sparse_bf16_model.json',,model_missing,False
32,261,8352,8352,backbone.layer.13.attention.k_proj,attention.k_proj,4096,4096,sparse_nvfp4,False,,[Errno 2] No such file or directory: 'fake/kernels/cutlass/cutlass_wrapper/artifacts/modeling/sparse_nvfp4/sparse_nvfp4_model.json',,model_missing,False
32,261,8352,8352,backbone.layer.13.attention.v_proj,attention.v_proj,4096,4096,dense_bf16,False,,[Errno 2] No such file or directory: 'fake/kernels/cutlass/cutlass_wrapper/artifacts/modeling/dense_bf16/dense_bf16_model.json',,model_missing,True
32,261,8352,8352,backbone.layer.13.attention.v_proj,attention.v_proj,4096,4096,dense_nvfp4,False,,[Errno 2] No such file or directory: 'fake/kernels/cutlass/cutlass_wrapper/artifacts/modeling/dense_nvfp4/dense_nvfp4_model.json',,model_missing,False
32,261,8352,8352,backbone.layer.13.attention.v_proj,attention.v_proj,4096,4096,sparse_bf16,False,,[Errno 2] No such file or directory: 'fake/kernels/cutlass/cutlass_wrapper/artifacts/modeling/sparse_bf16/sparse_bf16_model.json',,model_missing,False
32,261,8352,8352,backbone.layer.13.attention.v_proj,attention.v_proj,4096,4096,sparse_nvfp4,False,,[Errno 2] No such file or directory: 'fake/kernels/cutlass/cutlass_wrapper/artifacts/modeling/sparse_nvfp4/sparse_nvfp4_model.json',,model_missing,False
32,261,8352,8352,backbone.layer.13.attention.q_proj,attention.q_proj,4096,4096,dense_bf16,False,,[Errno 2] No such file or directory: 'fake/kernels/cutlass/cutlass_wrapper/artifacts/modeling/dense_bf16/dense_bf16_model.json',,model_missing,True
32,261,8352,8352,backbone.layer.13.attention.q_proj,attention.q_proj,4096,4096,dense_nvfp4,False,,[Errno 2] No such file or directory: 'fake/kernels/cutlass/cutlass_wrapper/artifacts/modeling/dense_nvfp4/dense_nvfp4_model.json',,model_missing,False
32,261,8352,8352,backbone.layer.13.attention.q_proj,attention.q_proj,4096,4096,sparse_bf16,False,,[Errno 2] No such file or directory: 'fake/kernels/cutlass/cutlass_wrapper/artifacts/modeling/sparse_bf16/sparse_bf16_model.json',,model_missing,False
32,261,8352,8352,backbone.layer.13.attention.q_proj,attention.q_proj,4096,4096,sparse_nvfp4,False,,[Errno 2] No such file or directory: 'fake/kernels/cutlass/cutlass_wrapper/artifacts/modeling/sparse_nvfp4/sparse_nvfp4_model.json',,model_missing,False
32,261,8352,8352,backbone.layer.13.attention.o_proj,attention.o_proj,4096,4096,dense_bf16,False,,[Errno 2] No such file or directory: 'fake/kernels/cutlass/cutlass_wrapper/artifacts/modeling/dense_bf16/dense_bf16_model.json',,model_missing,True
32,261,8352,8352,backbone.layer.13.attention.o_proj,attention.o_proj,4096,4096,dense_nvfp4,False,,[Errno 2] No such file or directory: 'fake/kernels/cutlass/cutlass_wrapper/artifacts/modeling/dense_nvfp4/dense_nvfp4_model.json',,model_missing,False
32,261,8352,8352,backbone.layer.13.attention.o_proj,attention.o_proj,4096,4096,sparse_bf16,False,,[Errno 2] No such file or directory: 'fake/kernels/cutlass/cutlass_wrapper/artifacts/modeling/sparse_bf16/sparse_bf16_model.json',,model_missing,False
32,261,8352,8352,backbone.layer.13.attention.o_proj,attention.o_proj,4096,4096,sparse_nvfp4,False,,[Errno 2] No such file or directory: 'fake/kernels/cutlass/cutlass_wrapper/artifacts/modeling/sparse_nvfp4/sparse_nvfp4_model.json',,model_missing,False
32,261,8352,8352,backbone.layer.13.mlp.gate_proj,mlp.gate_proj,8192,4096,dense_bf16,False,,[Errno 2] No such file or directory: 'fake/kernels/cutlass/cutlass_wrapper/artifacts/modeling/dense_bf16/dense_bf16_model.json',,model_missing,True
32,261,8352,8352,backbone.layer.13.mlp.gate_proj,mlp.gate_proj,8192,4096,dense_nvfp4,False,,[Errno 2] No such file or directory: 'fake/kernels/cutlass/cutlass_wrapper/artifacts/modeling/dense_nvfp4/dense_nvfp4_model.json',,model_missing,False
32,261,8352,8352,backbone.layer.13.mlp.gate_proj,mlp.gate_proj,8192,4096,sparse_bf16,False,,[Errno 2] No such file or directory: 'fake/kernels/cutlass/cutlass_wrapper/artifacts/modeling/sparse_bf16/sparse_bf16_model.json',,model_missing,False
32,261,8352,8352,backbone.layer.13.mlp.gate_proj,mlp.gate_proj,8192,4096,sparse_nvfp4,False,,[Errno 2] No such file or directory: 'fake/kernels/cutlass/cutlass_wrapper/artifacts/modeling/sparse_nvfp4/sparse_nvfp4_model.json',,model_missing,False
32,261,8352,8352,backbone.layer.13.mlp.up_proj,mlp.up_proj,8192,4096,dense_bf16,False,,[Errno 2] No such file or directory: 'fake/kernels/cutlass/cutlass_wrapper/artifacts/modeling/dense_bf16/dense_bf16_model.json',,model_missing,True
32,261,8352,8352,backbone.layer.13.mlp.up_proj,mlp.up_proj,8192,4096,dense_nvfp4,False,,[Errno 2] No such file or directory: 'fake/kernels/cutlass/cutlass_wrapper/artifacts/modeling/dense_nvfp4/dense_nvfp4_model.json',,model_missing,False
32,261,8352,8352,backbone.layer.13.mlp.up_proj,mlp.up_proj,8192,4096,sparse_bf16,False,,[Errno 2] No such file or directory: 'fake/kernels/cutlass/cutlass_wrapper/artifacts/modeling/sparse_bf16/sparse_bf16_model.json',,model_missing,False
32,261,8352,8352,backbone.layer.13.mlp.up_proj,mlp.up_proj,8192,4096,sparse_nvfp4,False,,[Errno 2] No such file or directory: 'fake/kernels/cutlass/cutlass_wrapper/artifacts/modeling/sparse_nvfp4/sparse_nvfp4_model.json',,model_missing,False
32,261,8352,8352,backbone.layer.13.mlp.down_proj,mlp.down_proj,4096,8192,dense_bf16,False,,[Errno 2] No such file or directory: 'fake/kernels/cutlass/cutlass_wrapper/artifacts/modeling/dense_bf16/dense_bf16_model.json',,model_missing,True
32,261,8352,8352,backbone.layer.13.mlp.down_proj,mlp.down_proj,4096,8192,dense_nvfp4,False,,[Errno 2] No such file or directory: 'fake/kernels/cutlass/cutlass_wrapper/artifacts/modeling/dense_nvfp4/dense_nvfp4_model.json',,model_missing,False
32,261,8352,8352,backbone.layer.13.mlp.down_proj,mlp.down_proj,4096,8192,sparse_bf16,False,,[Errno 2] No such file or directory: 'fake/kernels/cutlass/cutlass_wrapper/artifacts/modeling/sparse_bf16/sparse_bf16_model.json',,model_missing,False
32,261,8352,8352,backbone.layer.13.mlp.down_proj,mlp.down_proj,4096,8192,sparse_nvfp4,False,,[Errno 2] No such file or directory: 'fake/kernels/cutlass/cutlass_wrapper/artifacts/modeling/sparse_nvfp4/sparse_nvfp4_model.json',,model_missing,False
32,261,8352,8352,backbone.layer.14.attention.k_proj,attention.k_proj,4096,4096,dense_bf16,False,,[Errno 2] No such file or directory: 'fake/kernels/cutlass/cutlass_wrapper/artifacts/modeling/dense_bf16/dense_bf16_model.json',,model_missing,True
32,261,8352,8352,backbone.layer.14.attention.k_proj,attention.k_proj,4096,4096,dense_nvfp4,False,,[Errno 2] No such file or directory: 'fake/kernels/cutlass/cutlass_wrapper/artifacts/modeling/dense_nvfp4/dense_nvfp4_model.json',,model_missing,False
32,261,8352,8352,backbone.layer.14.attention.k_proj,attention.k_proj,4096,4096,sparse_bf16,False,,[Errno 2] No such file or directory: 'fake/kernels/cutlass/cutlass_wrapper/artifacts/modeling/sparse_bf16/sparse_bf16_model.json',,model_missing,False
32,261,8352,8352,backbone.layer.14.attention.k_proj,attention.k_proj,4096,4096,sparse_nvfp4,False,,[Errno 2] No such file or directory: 'fake/kernels/cutlass/cutlass_wrapper/artifacts/modeling/sparse_nvfp4/sparse_nvfp4_model.json',,model_missing,False
32,261,8352,8352,backbone.layer.14.attention.v_proj,attention.v_proj,4096,4096,dense_bf16,False,,[Errno 2] No such file or directory: 'fake/kernels/cutlass/cutlass_wrapper/artifacts/modeling/dense_bf16/dense_bf16_model.json',,model_missing,True
32,261,8352,8352,backbone.layer.14.attention.v_proj,attention.v_proj,4096,4096,dense_nvfp4,False,,[Errno 2] No such file or directory: 'fake/kernels/cutlass/cutlass_wrapper/artifacts/modeling/dense_nvfp4/dense_nvfp4_model.json',,model_missing,False
32,261,8352,8352,backbone.layer.14.attention.v_proj,attention.v_proj,4096,4096,sparse_bf16,False,,[Errno 2] No such file or directory: 'fake/kernels/cutlass/cutlass_wrapper/artifacts/modeling/sparse_bf16/sparse_bf16_model.json',,model_missing,False
32,261,8352,8352,backbone.layer.14.attention.v_proj,attention.v_proj,4096,4096,sparse_nvfp4,False,,[Errno 2] No such file or directory: 'fake/kernels/cutlass/cutlass_wrapper/artifacts/modeling/sparse_nvfp4/sparse_nvfp4_model.json',,model_missing,False
32,261,8352,8352,backbone.layer.14.attention.q_proj,attention.q_proj,4096,4096,dense_bf16,False,,[Errno 2] No such file or directory: 'fake/kernels/cutlass/cutlass_wrapper/artifacts/modeling/dense_bf16/dense_bf16_model.json',,model_missing,True
32,261,8352,8352,backbone.layer.14.attention.q_proj,attention.q_proj,4096,4096,dense_nvfp4,False,,[Errno 2] No such file or directory: 'fake/kernels/cutlass/cutlass_wrapper/artifacts/modeling/dense_nvfp4/dense_nvfp4_model.json',,model_missing,False
32,261,8352,8352,backbone.layer.14.attention.q_proj,attention.q_proj,4096,4096,sparse_bf16,False,,[Errno 2] No such file or directory: 'fake/kernels/cutlass/cutlass_wrapper/artifacts/modeling/sparse_bf16/sparse_bf16_model.json',,model_missing,False
32,261,8352,8352,backbone.layer.14.attention.q_proj,attention.q_proj,4096,4096,sparse_nvfp4,False,,[Errno 2] No such file or directory: 'fake/kernels/cutlass/cutlass_wrapper/artifacts/modeling/sparse_nvfp4/sparse_nvfp4_model.json',,model_missing,False
32,261,8352,8352,backbone.layer.14.attention.o_proj,attention.o_proj,4096,4096,dense_bf16,False,,[Errno 2] No such file or directory: 'fake/kernels/cutlass/cutlass_wrapper/artifacts/modeling/dense_bf16/dense_bf16_model.json',,model_missing,True
32,261,8352,8352,backbone.layer.14.attention.o_proj,attention.o_proj,4096,4096,dense_nvfp4,False,,[Errno 2] No such file or directory: 'fake/kernels/cutlass/cutlass_wrapper/artifacts/modeling/dense_nvfp4/dense_nvfp4_model.json',,model_missing,False
32,261,8352,8352,backbone.layer.14.attention.o_proj,attention.o_proj,4096,4096,sparse_bf16,False,,[Errno 2] No such file or directory: 'fake/kernels/cutlass/cutlass_wrapper/artifacts/modeling/sparse_bf16/sparse_bf16_model.json',,model_missing,False
32,261,8352,8352,backbone.layer.14.attention.o_proj,attention.o_proj,4096,4096,sparse_nvfp4,False,,[Errno 2] No such file or directory: 'fake/kernels/cutlass/cutlass_wrapper/artifacts/modeling/sparse_nvfp4/sparse_nvfp4_model.json',,model_missing,False
32,261,8352,8352,backbone.layer.14.mlp.gate_proj,mlp.gate_proj,8192,4096,dense_bf16,False,,[Errno 2] No such file or directory: 'fake/kernels/cutlass/cutlass_wrapper/artifacts/modeling/dense_bf16/dense_bf16_model.json',,model_missing,True
32,261,8352,8352,backbone.layer.14.mlp.gate_proj,mlp.gate_proj,8192,4096,dense_nvfp4,False,,[Errno 2] No such file or directory: 'fake/kernels/cutlass/cutlass_wrapper/artifacts/modeling/dense_nvfp4/dense_nvfp4_model.json',,model_missing,False
32,261,8352,8352,backbone.layer.14.mlp.gate_proj,mlp.gate_proj,8192,4096,sparse_bf16,False,,[Errno 2] No such file or directory: 'fake/kernels/cutlass/cutlass_wrapper/artifacts/modeling/sparse_bf16/sparse_bf16_model.json',,model_missing,False
32,261,8352,8352,backbone.layer.14.mlp.gate_proj,mlp.gate_proj,8192,4096,sparse_nvfp4,False,,[Errno 2] No such file or directory: 'fake/kernels/cutlass/cutlass_wrapper/artifacts/modeling/sparse_nvfp4/sparse_nvfp4_model.json',,model_missing,False
32,261,8352,8352,backbone.layer.14.mlp.up_proj,mlp.up_proj,8192,4096,dense_bf16,False,,[Errno 2] No such file or directory: 'fake/kernels/cutlass/cutlass_wrapper/artifacts/modeling/dense_bf16/dense_bf16_model.json',,model_missing,True
32,261,8352,8352,backbone.layer.14.mlp.up_proj,mlp.up_proj,8192,4096,dense_nvfp4,False,,[Errno 2] No such file or directory: 'fake/kernels/cutlass/cutlass_wrapper/artifacts/modeling/dense_nvfp4/dense_nvfp4_model.json',,model_missing,False
32,261,8352,8352,backbone.layer.14.mlp.up_proj,mlp.up_proj,8192,4096,sparse_bf16,False,,[Errno 2] No such file or directory: 'fake/kernels/cutlass/cutlass_wrapper/artifacts/modeling/sparse_bf16/sparse_bf16_model.json',,model_missing,False
32,261,8352,8352,backbone.layer.14.mlp.up_proj,mlp.up_proj,8192,4096,sparse_nvfp4,False,,[Errno 2] No such file or directory: 'fake/kernels/cutlass/cutlass_wrapper/artifacts/modeling/sparse_nvfp4/sparse_nvfp4_model.json',,model_missing,False
32,261,8352,8352,backbone.layer.14.mlp.down_proj,mlp.down_proj,4096,8192,dense_bf16,False,,[Errno 2] No such file or directory: 'fake/kernels/cutlass/cutlass_wrapper/artifacts/modeling/dense_bf16/dense_bf16_model.json',,model_missing,True
32,261,8352,8352,backbone.layer.14.mlp.down_proj,mlp.down_proj,4096,8192,dense_nvfp4,False,,[Errno 2] No such file or directory: 'fake/kernels/cutlass/cutlass_wrapper/artifacts/modeling/dense_nvfp4/dense_nvfp4_model.json',,model_missing,False
32,261,8352,8352,backbone.layer.14.mlp.down_proj,mlp.down_proj,4096,8192,sparse_bf16,False,,[Errno 2] No such file or directory: 'fake/kernels/cutlass/cutlass_wrapper/artifacts/modeling/sparse_bf16/sparse_bf16_model.json',,model_missing,False
32,261,8352,8352,backbone.layer.14.mlp.down_proj,mlp.down_proj,4096,8192,sparse_nvfp4,False,,[Errno 2] No such file or directory: 'fake/kernels/cutlass/cutlass_wrapper/artifacts/modeling/sparse_nvfp4/sparse_nvfp4_model.json',,model_missing,False
32,261,8352,8352,backbone.layer.15.attention.k_proj,attention.k_proj,4096,4096,dense_bf16,False,,[Errno 2] No such file or directory: 'fake/kernels/cutlass/cutlass_wrapper/artifacts/modeling/dense_bf16/dense_bf16_model.json',,model_missing,True
32,261,8352,8352,backbone.layer.15.attention.k_proj,attention.k_proj,4096,4096,dense_nvfp4,False,,[Errno 2] No such file or directory: 'fake/kernels/cutlass/cutlass_wrapper/artifacts/modeling/dense_nvfp4/dense_nvfp4_model.json',,model_missing,False
32,261,8352,8352,backbone.layer.15.attention.k_proj,attention.k_proj,4096,4096,sparse_bf16,False,,[Errno 2] No such file or directory: 'fake/kernels/cutlass/cutlass_wrapper/artifacts/modeling/sparse_bf16/sparse_bf16_model.json',,model_missing,False
32,261,8352,8352,backbone.layer.15.attention.k_proj,attention.k_proj,4096,4096,sparse_nvfp4,False,,[Errno 2] No such file or directory: 'fake/kernels/cutlass/cutlass_wrapper/artifacts/modeling/sparse_nvfp4/sparse_nvfp4_model.json',,model_missing,False
32,261,8352,8352,backbone.layer.15.attention.v_proj,attention.v_proj,4096,4096,dense_bf16,False,,[Errno 2] No such file or directory: 'fake/kernels/cutlass/cutlass_wrapper/artifacts/modeling/dense_bf16/dense_bf16_model.json',,model_missing,True
32,261,8352,8352,backbone.layer.15.attention.v_proj,attention.v_proj,4096,4096,dense_nvfp4,False,,[Errno 2] No such file or directory: 'fake/kernels/cutlass/cutlass_wrapper/artifacts/modeling/dense_nvfp4/dense_nvfp4_model.json',,model_missing,False
32,261,8352,8352,backbone.layer.15.attention.v_proj,attention.v_proj,4096,4096,sparse_bf16,False,,[Errno 2] No such file or directory: 'fake/kernels/cutlass/cutlass_wrapper/artifacts/modeling/sparse_bf16/sparse_bf16_model.json',,model_missing,False
32,261,8352,8352,backbone.layer.15.attention.v_proj,attention.v_proj,4096,4096,sparse_nvfp4,False,,[Errno 2] No such file or directory: 'fake/kernels/cutlass/cutlass_wrapper/artifacts/modeling/sparse_nvfp4/sparse_nvfp4_model.json',,model_missing,False
32,261,8352,8352,backbone.layer.15.attention.q_proj,attention.q_proj,4096,4096,dense_bf16,False,,[Errno 2] No such file or directory: 'fake/kernels/cutlass/cutlass_wrapper/artifacts/modeling/dense_bf16/dense_bf16_model.json',,model_missing,True
32,261,8352,8352,backbone.layer.15.attention.q_proj,attention.q_proj,4096,4096,dense_nvfp4,False,,[Errno 2] No such file or directory: 'fake/kernels/cutlass/cutlass_wrapper/artifacts/modeling/dense_nvfp4/dense_nvfp4_model.json',,model_missing,False
32,261,8352,8352,backbone.layer.15.attention.q_proj,attention.q_proj,4096,4096,sparse_bf16,False,,[Errno 2] No such file or directory: 'fake/kernels/cutlass/cutlass_wrapper/artifacts/modeling/sparse_bf16/sparse_bf16_model.json',,model_missing,False
32,261,8352,8352,backbone.layer.15.attention.q_proj,attention.q_proj,4096,4096,sparse_nvfp4,False,,[Errno 2] No such file or directory: 'fake/kernels/cutlass/cutlass_wrapper/artifacts/modeling/sparse_nvfp4/sparse_nvfp4_model.json',,model_missing,False
32,261,8352,8352,backbone.layer.15.attention.o_proj,attention.o_proj,4096,4096,dense_bf16,False,,[Errno 2] No such file or directory: 'fake/kernels/cutlass/cutlass_wrapper/artifacts/modeling/dense_bf16/dense_bf16_model.json',,model_missing,True
32,261,8352,8352,backbone.layer.15.attention.o_proj,attention.o_proj,4096,4096,dense_nvfp4,False,,[Errno 2] No such file or directory: 'fake/kernels/cutlass/cutlass_wrapper/artifacts/modeling/dense_nvfp4/dense_nvfp4_model.json',,model_missing,False
32,261,8352,8352,backbone.layer.15.attention.o_proj,attention.o_proj,4096,4096,sparse_bf16,False,,[Errno 2] No such file or directory: 'fake/kernels/cutlass/cutlass_wrapper/artifacts/modeling/sparse_bf16/sparse_bf16_model.json',,model_missing,False
32,261,8352,8352,backbone.layer.15.attention.o_proj,attention.o_proj,4096,4096,sparse_nvfp4,False,,[Errno 2] No such file or directory: 'fake/kernels/cutlass/cutlass_wrapper/artifacts/modeling/sparse_nvfp4/sparse_nvfp4_model.json',,model_missing,False
32,261,8352,8352,backbone.layer.15.mlp.gate_proj,mlp.gate_proj,8192,4096,dense_bf16,False,,[Errno 2] No such file or directory: 'fake/kernels/cutlass/cutlass_wrapper/artifacts/modeling/dense_bf16/dense_bf16_model.json',,model_missing,True
32,261,8352,8352,backbone.layer.15.mlp.gate_proj,mlp.gate_proj,8192,4096,dense_nvfp4,False,,[Errno 2] No such file or directory: 'fake/kernels/cutlass/cutlass_wrapper/artifacts/modeling/dense_nvfp4/dense_nvfp4_model.json',,model_missing,False
32,261,8352,8352,backbone.layer.15.mlp.gate_proj,mlp.gate_proj,8192,4096,sparse_bf16,False,,[Errno 2] No such file or directory: 'fake/kernels/cutlass/cutlass_wrapper/artifacts/modeling/sparse_bf16/sparse_bf16_model.json',,model_missing,False
32,261,8352,8352,backbone.layer.15.mlp.gate_proj,mlp.gate_proj,8192,4096,sparse_nvfp4,False,,[Errno 2] No such file or directory: 'fake/kernels/cutlass/cutlass_wrapper/artifacts/modeling/sparse_nvfp4/sparse_nvfp4_model.json',,model_missing,False
32,261,8352,8352,backbone.layer.15.mlp.up_proj,mlp.up_proj,8192,4096,dense_bf16,False,,[Errno 2] No such file or directory: 'fake/kernels/cutlass/cutlass_wrapper/artifacts/modeling/dense_bf16/dense_bf16_model.json',,model_missing,True
32,261,8352,8352,backbone.layer.15.mlp.up_proj,mlp.up_proj,8192,4096,dense_nvfp4,False,,[Errno 2] No such file or directory: 'fake/kernels/cutlass/cutlass_wrapper/artifacts/modeling/dense_nvfp4/dense_nvfp4_model.json',,model_missing,False
32,261,8352,8352,backbone.layer.15.mlp.up_proj,mlp.up_proj,8192,4096,sparse_bf16,False,,[Errno 2] No such file or directory: 'fake/kernels/cutlass/cutlass_wrapper/artifacts/modeling/sparse_bf16/sparse_bf16_model.json',,model_missing,False
32,261,8352,8352,backbone.layer.15.mlp.up_proj,mlp.up_proj,8192,4096,sparse_nvfp4,False,,[Errno 2] No such file or directory: 'fake/kernels/cutlass/cutlass_wrapper/artifacts/modeling/sparse_nvfp4/sparse_nvfp4_model.json',,model_missing,False
32,261,8352,8352,backbone.layer.15.mlp.down_proj,mlp.down_proj,4096,8192,dense_bf16,False,,[Errno 2] No such file or directory: 'fake/kernels/cutlass/cutlass_wrapper/artifacts/modeling/dense_bf16/dense_bf16_model.json',,model_missing,True
32,261,8352,8352,backbone.layer.15.mlp.down_proj,mlp.down_proj,4096,8192,dense_nvfp4,False,,[Errno 2] No such file or directory: 'fake/kernels/cutlass/cutlass_wrapper/artifacts/modeling/dense_nvfp4/dense_nvfp4_model.json',,model_missing,False
32,261,8352,8352,backbone.layer.15.mlp.down_proj,mlp.down_proj,4096,8192,sparse_bf16,False,,[Errno 2] No such file or directory: 'fake/kernels/cutlass/cutlass_wrapper/artifacts/modeling/sparse_bf16/sparse_bf16_model.json',,model_missing,False
32,261,8352,8352,backbone.layer.15.mlp.down_proj,mlp.down_proj,4096,8192,sparse_nvfp4,False,,[Errno 2] No such file or directory: 'fake/kernels/cutlass/cutlass_wrapper/artifacts/modeling/sparse_nvfp4/sparse_nvfp4_model.json',,model_missing,False
32,261,8352,8352,backbone.layer.16.attention.k_proj,attention.k_proj,4096,4096,dense_bf16,False,,[Errno 2] No such file or directory: 'fake/kernels/cutlass/cutlass_wrapper/artifacts/modeling/dense_bf16/dense_bf16_model.json',,model_missing,True
32,261,8352,8352,backbone.layer.16.attention.k_proj,attention.k_proj,4096,4096,dense_nvfp4,False,,[Errno 2] No such file or directory: 'fake/kernels/cutlass/cutlass_wrapper/artifacts/modeling/dense_nvfp4/dense_nvfp4_model.json',,model_missing,False
32,261,8352,8352,backbone.layer.16.attention.k_proj,attention.k_proj,4096,4096,sparse_bf16,False,,[Errno 2] No such file or directory: 'fake/kernels/cutlass/cutlass_wrapper/artifacts/modeling/sparse_bf16/sparse_bf16_model.json',,model_missing,False
32,261,8352,8352,backbone.layer.16.attention.k_proj,attention.k_proj,4096,4096,sparse_nvfp4,False,,[Errno 2] No such file or directory: 'fake/kernels/cutlass/cutlass_wrapper/artifacts/modeling/sparse_nvfp4/sparse_nvfp4_model.json',,model_missing,False
32,261,8352,8352,backbone.layer.16.attention.v_proj,attention.v_proj,4096,4096,dense_bf16,False,,[Errno 2] No such file or directory: 'fake/kernels/cutlass/cutlass_wrapper/artifacts/modeling/dense_bf16/dense_bf16_model.json',,model_missing,True
32,261,8352,8352,backbone.layer.16.attention.v_proj,attention.v_proj,4096,4096,dense_nvfp4,False,,[Errno 2] No such file or directory: 'fake/kernels/cutlass/cutlass_wrapper/artifacts/modeling/dense_nvfp4/dense_nvfp4_model.json',,model_missing,False
32,261,8352,8352,backbone.layer.16.attention.v_proj,attention.v_proj,4096,4096,sparse_bf16,False,,[Errno 2] No such file or directory: 'fake/kernels/cutlass/cutlass_wrapper/artifacts/modeling/sparse_bf16/sparse_bf16_model.json',,model_missing,False
32,261,8352,8352,backbone.layer.16.attention.v_proj,attention.v_proj,4096,4096,sparse_nvfp4,False,,[Errno 2] No such file or directory: 'fake/kernels/cutlass/cutlass_wrapper/artifacts/modeling/sparse_nvfp4/sparse_nvfp4_model.json',,model_missing,False
32,261,8352,8352,backbone.layer.16.attention.q_proj,attention.q_proj,4096,4096,dense_bf16,False,,[Errno 2] No such file or directory: 'fake/kernels/cutlass/cutlass_wrapper/artifacts/modeling/dense_bf16/dense_bf16_model.json',,model_missing,True
32,261,8352,8352,backbone.layer.16.attention.q_proj,attention.q_proj,4096,4096,dense_nvfp4,False,,[Errno 2] No such file or directory: 'fake/kernels/cutlass/cutlass_wrapper/artifacts/modeling/dense_nvfp4/dense_nvfp4_model.json',,model_missing,False
32,261,8352,8352,backbone.layer.16.attention.q_proj,attention.q_proj,4096,4096,sparse_bf16,False,,[Errno 2] No such file or directory: 'fake/kernels/cutlass/cutlass_wrapper/artifacts/modeling/sparse_bf16/sparse_bf16_model.json',,model_missing,False
32,261,8352,8352,backbone.layer.16.attention.q_proj,attention.q_proj,4096,4096,sparse_nvfp4,False,,[Errno 2] No such file or directory: 'fake/kernels/cutlass/cutlass_wrapper/artifacts/modeling/sparse_nvfp4/sparse_nvfp4_model.json',,model_missing,False
32,261,8352,8352,backbone.layer.16.attention.o_proj,attention.o_proj,4096,4096,dense_bf16,False,,[Errno 2] No such file or directory: 'fake/kernels/cutlass/cutlass_wrapper/artifacts/modeling/dense_bf16/dense_bf16_model.json',,model_missing,True
32,261,8352,8352,backbone.layer.16.attention.o_proj,attention.o_proj,4096,4096,dense_nvfp4,False,,[Errno 2] No such file or directory: 'fake/kernels/cutlass/cutlass_wrapper/artifacts/modeling/dense_nvfp4/dense_nvfp4_model.json',,model_missing,False
32,261,8352,8352,backbone.layer.16.attention.o_proj,attention.o_proj,4096,4096,sparse_bf16,False,,[Errno 2] No such file or directory: 'fake/kernels/cutlass/cutlass_wrapper/artifacts/modeling/sparse_bf16/sparse_bf16_model.json',,model_missing,False
32,261,8352,8352,backbone.layer.16.attention.o_proj,attention.o_proj,4096,4096,sparse_nvfp4,False,,[Errno 2] No such file or directory: 'fake/kernels/cutlass/cutlass_wrapper/artifacts/modeling/sparse_nvfp4/sparse_nvfp4_model.json',,model_missing,False
32,261,8352,8352,backbone.layer.16.mlp.gate_proj,mlp.gate_proj,8192,4096,dense_bf16,False,,[Errno 2] No such file or directory: 'fake/kernels/cutlass/cutlass_wrapper/artifacts/modeling/dense_bf16/dense_bf16_model.json',,model_missing,True
32,261,8352,8352,backbone.layer.16.mlp.gate_proj,mlp.gate_proj,8192,4096,dense_nvfp4,False,,[Errno 2] No such file or directory: 'fake/kernels/cutlass/cutlass_wrapper/artifacts/modeling/dense_nvfp4/dense_nvfp4_model.json',,model_missing,False
32,261,8352,8352,backbone.layer.16.mlp.gate_proj,mlp.gate_proj,8192,4096,sparse_bf16,False,,[Errno 2] No such file or directory: 'fake/kernels/cutlass/cutlass_wrapper/artifacts/modeling/sparse_bf16/sparse_bf16_model.json',,model_missing,False
32,261,8352,8352,backbone.layer.16.mlp.gate_proj,mlp.gate_proj,8192,4096,sparse_nvfp4,False,,[Errno 2] No such file or directory: 'fake/kernels/cutlass/cutlass_wrapper/artifacts/modeling/sparse_nvfp4/sparse_nvfp4_model.json',,model_missing,False
32,261,8352,8352,backbone.layer.16.mlp.up_proj,mlp.up_proj,8192,4096,dense_bf16,False,,[Errno 2] No such file or directory: 'fake/kernels/cutlass/cutlass_wrapper/artifacts/modeling/dense_bf16/dense_bf16_model.json',,model_missing,True
32,261,8352,8352,backbone.layer.16.mlp.up_proj,mlp.up_proj,8192,4096,dense_nvfp4,False,,[Errno 2] No such file or directory: 'fake/kernels/cutlass/cutlass_wrapper/artifacts/modeling/dense_nvfp4/dense_nvfp4_model.json',,model_missing,False
32,261,8352,8352,backbone.layer.16.mlp.up_proj,mlp.up_proj,8192,4096,sparse_bf16,False,,[Errno 2] No such file or directory: 'fake/kernels/cutlass/cutlass_wrapper/artifacts/modeling/sparse_bf16/sparse_bf16_model.json',,model_missing,False
32,261,8352,8352,backbone.layer.16.mlp.up_proj,mlp.up_proj,8192,4096,sparse_nvfp4,False,,[Errno 2] No such file or directory: 'fake/kernels/cutlass/cutlass_wrapper/artifacts/modeling/sparse_nvfp4/sparse_nvfp4_model.json',,model_missing,False
32,261,8352,8352,backbone.layer.16.mlp.down_proj,mlp.down_proj,4096,8192,dense_bf16,False,,[Errno 2] No such file or directory: 'fake/kernels/cutlass/cutlass_wrapper/artifacts/modeling/dense_bf16/dense_bf16_model.json',,model_missing,True
32,261,8352,8352,backbone.layer.16.mlp.down_proj,mlp.down_proj,4096,8192,dense_nvfp4,False,,[Errno 2] No such file or directory: 'fake/kernels/cutlass/cutlass_wrapper/artifacts/modeling/dense_nvfp4/dense_nvfp4_model.json',,model_missing,False
32,261,8352,8352,backbone.layer.16.mlp.down_proj,mlp.down_proj,4096,8192,sparse_bf16,False,,[Errno 2] No such file or directory: 'fake/kernels/cutlass/cutlass_wrapper/artifacts/modeling/sparse_bf16/sparse_bf16_model.json',,model_missing,False
32,261,8352,8352,backbone.layer.16.mlp.down_proj,mlp.down_proj,4096,8192,sparse_nvfp4,False,,[Errno 2] No such file or directory: 'fake/kernels/cutlass/cutlass_wrapper/artifacts/modeling/sparse_nvfp4/sparse_nvfp4_model.json',,model_missing,False
32,261,8352,8352,backbone.layer.17.attention.k_proj,attention.k_proj,4096,4096,dense_bf16,False,,[Errno 2] No such file or directory: 'fake/kernels/cutlass/cutlass_wrapper/artifacts/modeling/dense_bf16/dense_bf16_model.json',,model_missing,True
32,261,8352,8352,backbone.layer.17.attention.k_proj,attention.k_proj,4096,4096,dense_nvfp4,False,,[Errno 2] No such file or directory: 'fake/kernels/cutlass/cutlass_wrapper/artifacts/modeling/dense_nvfp4/dense_nvfp4_model.json',,model_missing,False
32,261,8352,8352,backbone.layer.17.attention.k_proj,attention.k_proj,4096,4096,sparse_bf16,False,,[Errno 2] No such file or directory: 'fake/kernels/cutlass/cutlass_wrapper/artifacts/modeling/sparse_bf16/sparse_bf16_model.json',,model_missing,False
32,261,8352,8352,backbone.layer.17.attention.k_proj,attention.k_proj,4096,4096,sparse_nvfp4,False,,[Errno 2] No such file or directory: 'fake/kernels/cutlass/cutlass_wrapper/artifacts/modeling/sparse_nvfp4/sparse_nvfp4_model.json',,model_missing,False
32,261,8352,8352,backbone.layer.17.attention.v_proj,attention.v_proj,4096,4096,dense_bf16,False,,[Errno 2] No such file or directory: 'fake/kernels/cutlass/cutlass_wrapper/artifacts/modeling/dense_bf16/dense_bf16_model.json',,model_missing,True
32,261,8352,8352,backbone.layer.17.attention.v_proj,attention.v_proj,4096,4096,dense_nvfp4,False,,[Errno 2] No such file or directory: 'fake/kernels/cutlass/cutlass_wrapper/artifacts/modeling/dense_nvfp4/dense_nvfp4_model.json',,model_missing,False
32,261,8352,8352,backbone.layer.17.attention.v_proj,attention.v_proj,4096,4096,sparse_bf16,False,,[Errno 2] No such file or directory: 'fake/kernels/cutlass/cutlass_wrapper/artifacts/modeling/sparse_bf16/sparse_bf16_model.json',,model_missing,False
32,261,8352,8352,backbone.layer.17.attention.v_proj,attention.v_proj,4096,4096,sparse_nvfp4,False,,[Errno 2] No such file or directory: 'fake/kernels/cutlass/cutlass_wrapper/artifacts/modeling/sparse_nvfp4/sparse_nvfp4_model.json',,model_missing,False
32,261,8352,8352,backbone.layer.17.attention.q_proj,attention.q_proj,4096,4096,dense_bf16,False,,[Errno 2] No such file or directory: 'fake/kernels/cutlass/cutlass_wrapper/artifacts/modeling/dense_bf16/dense_bf16_model.json',,model_missing,True
32,261,8352,8352,backbone.layer.17.attention.q_proj,attention.q_proj,4096,4096,dense_nvfp4,False,,[Errno 2] No such file or directory: 'fake/kernels/cutlass/cutlass_wrapper/artifacts/modeling/dense_nvfp4/dense_nvfp4_model.json',,model_missing,False
32,261,8352,8352,backbone.layer.17.attention.q_proj,attention.q_proj,4096,4096,sparse_bf16,False,,[Errno 2] No such file or directory: 'fake/kernels/cutlass/cutlass_wrapper/artifacts/modeling/sparse_bf16/sparse_bf16_model.json',,model_missing,False
32,261,8352,8352,backbone.layer.17.attention.q_proj,attention.q_proj,4096,4096,sparse_nvfp4,False,,[Errno 2] No such file or directory: 'fake/kernels/cutlass/cutlass_wrapper/artifacts/modeling/sparse_nvfp4/sparse_nvfp4_model.json',,model_missing,False
32,261,8352,8352,backbone.layer.17.attention.o_proj,attention.o_proj,4096,4096,dense_bf16,False,,[Errno 2] No such file or directory: 'fake/kernels/cutlass/cutlass_wrapper/artifacts/modeling/dense_bf16/dense_bf16_model.json',,model_missing,True
32,261,8352,8352,backbone.layer.17.attention.o_proj,attention.o_proj,4096,4096,dense_nvfp4,False,,[Errno 2] No such file or directory: 'fake/kernels/cutlass/cutlass_wrapper/artifacts/modeling/dense_nvfp4/dense_nvfp4_model.json',,model_missing,False
32,261,8352,8352,backbone.layer.17.attention.o_proj,attention.o_proj,4096,4096,sparse_bf16,False,,[Errno 2] No such file or directory: 'fake/kernels/cutlass/cutlass_wrapper/artifacts/modeling/sparse_bf16/sparse_bf16_model.json',,model_missing,False
32,261,8352,8352,backbone.layer.17.attention.o_proj,attention.o_proj,4096,4096,sparse_nvfp4,False,,[Errno 2] No such file or directory: 'fake/kernels/cutlass/cutlass_wrapper/artifacts/modeling/sparse_nvfp4/sparse_nvfp4_model.json',,model_missing,False
32,261,8352,8352,backbone.layer.17.mlp.gate_proj,mlp.gate_proj,8192,4096,dense_bf16,False,,[Errno 2] No such file or directory: 'fake/kernels/cutlass/cutlass_wrapper/artifacts/modeling/dense_bf16/dense_bf16_model.json',,model_missing,True
32,261,8352,8352,backbone.layer.17.mlp.gate_proj,mlp.gate_proj,8192,4096,dense_nvfp4,False,,[Errno 2] No such file or directory: 'fake/kernels/cutlass/cutlass_wrapper/artifacts/modeling/dense_nvfp4/dense_nvfp4_model.json',,model_missing,False
32,261,8352,8352,backbone.layer.17.mlp.gate_proj,mlp.gate_proj,8192,4096,sparse_bf16,False,,[Errno 2] No such file or directory: 'fake/kernels/cutlass/cutlass_wrapper/artifacts/modeling/sparse_bf16/sparse_bf16_model.json',,model_missing,False
32,261,8352,8352,backbone.layer.17.mlp.gate_proj,mlp.gate_proj,8192,4096,sparse_nvfp4,False,,[Errno 2] No such file or directory: 'fake/kernels/cutlass/cutlass_wrapper/artifacts/modeling/sparse_nvfp4/sparse_nvfp4_model.json',,model_missing,False
32,261,8352,8352,backbone.layer.17.mlp.up_proj,mlp.up_proj,8192,4096,dense_bf16,False,,[Errno 2] No such file or directory: 'fake/kernels/cutlass/cutlass_wrapper/artifacts/modeling/dense_bf16/dense_bf16_model.json',,model_missing,True
32,261,8352,8352,backbone.layer.17.mlp.up_proj,mlp.up_proj,8192,4096,dense_nvfp4,False,,[Errno 2] No such file or directory: 'fake/kernels/cutlass/cutlass_wrapper/artifacts/modeling/dense_nvfp4/dense_nvfp4_model.json',,model_missing,False
32,261,8352,8352,backbone.layer.17.mlp.up_proj,mlp.up_proj,8192,4096,sparse_bf16,False,,[Errno 2] No such file or directory: 'fake/kernels/cutlass/cutlass_wrapper/artifacts/modeling/sparse_bf16/sparse_bf16_model.json',,model_missing,False
32,261,8352,8352,backbone.layer.17.mlp.up_proj,mlp.up_proj,8192,4096,sparse_nvfp4,False,,[Errno 2] No such file or directory: 'fake/kernels/cutlass/cutlass_wrapper/artifacts/modeling/sparse_nvfp4/sparse_nvfp4_model.json',,model_missing,False
32,261,8352,8352,backbone.layer.17.mlp.down_proj,mlp.down_proj,4096,8192,dense_bf16,False,,[Errno 2] No such file or directory: 'fake/kernels/cutlass/cutlass_wrapper/artifacts/modeling/dense_bf16/dense_bf16_model.json',,model_missing,True
32,261,8352,8352,backbone.layer.17.mlp.down_proj,mlp.down_proj,4096,8192,dense_nvfp4,False,,[Errno 2] No such file or directory: 'fake/kernels/cutlass/cutlass_wrapper/artifacts/modeling/dense_nvfp4/dense_nvfp4_model.json',,model_missing,False
32,261,8352,8352,backbone.layer.17.mlp.down_proj,mlp.down_proj,4096,8192,sparse_bf16,False,,[Errno 2] No such file or directory: 'fake/kernels/cutlass/cutlass_wrapper/artifacts/modeling/sparse_bf16/sparse_bf16_model.json',,model_missing,False
32,261,8352,8352,backbone.layer.17.mlp.down_proj,mlp.down_proj,4096,8192,sparse_nvfp4,False,,[Errno 2] No such file or directory: 'fake/kernels/cutlass/cutlass_wrapper/artifacts/modeling/sparse_nvfp4/sparse_nvfp4_model.json',,model_missing,False
32,261,8352,8352,backbone.layer.18.attention.k_proj,attention.k_proj,4096,4096,dense_bf16,False,,[Errno 2] No such file or directory: 'fake/kernels/cutlass/cutlass_wrapper/artifacts/modeling/dense_bf16/dense_bf16_model.json',,model_missing,True
32,261,8352,8352,backbone.layer.18.attention.k_proj,attention.k_proj,4096,4096,dense_nvfp4,False,,[Errno 2] No such file or directory: 'fake/kernels/cutlass/cutlass_wrapper/artifacts/modeling/dense_nvfp4/dense_nvfp4_model.json',,model_missing,False
32,261,8352,8352,backbone.layer.18.attention.k_proj,attention.k_proj,4096,4096,sparse_bf16,False,,[Errno 2] No such file or directory: 'fake/kernels/cutlass/cutlass_wrapper/artifacts/modeling/sparse_bf16/sparse_bf16_model.json',,model_missing,False
32,261,8352,8352,backbone.layer.18.attention.k_proj,attention.k_proj,4096,4096,sparse_nvfp4,False,,[Errno 2] No such file or directory: 'fake/kernels/cutlass/cutlass_wrapper/artifacts/modeling/sparse_nvfp4/sparse_nvfp4_model.json',,model_missing,False
32,261,8352,8352,backbone.layer.18.attention.v_proj,attention.v_proj,4096,4096,dense_bf16,False,,[Errno 2] No such file or directory: 'fake/kernels/cutlass/cutlass_wrapper/artifacts/modeling/dense_bf16/dense_bf16_model.json',,model_missing,True
32,261,8352,8352,backbone.layer.18.attention.v_proj,attention.v_proj,4096,4096,dense_nvfp4,False,,[Errno 2] No such file or directory: 'fake/kernels/cutlass/cutlass_wrapper/artifacts/modeling/dense_nvfp4/dense_nvfp4_model.json',,model_missing,False
32,261,8352,8352,backbone.layer.18.attention.v_proj,attention.v_proj,4096,4096,sparse_bf16,False,,[Errno 2] No such file or directory: 'fake/kernels/cutlass/cutlass_wrapper/artifacts/modeling/sparse_bf16/sparse_bf16_model.json',,model_missing,False
32,261,8352,8352,backbone.layer.18.attention.v_proj,attention.v_proj,4096,4096,sparse_nvfp4,False,,[Errno 2] No such file or directory: 'fake/kernels/cutlass/cutlass_wrapper/artifacts/modeling/sparse_nvfp4/sparse_nvfp4_model.json',,model_missing,False
32,261,8352,8352,backbone.layer.18.attention.q_proj,attention.q_proj,4096,4096,dense_bf16,False,,[Errno 2] No such file or directory: 'fake/kernels/cutlass/cutlass_wrapper/artifacts/modeling/dense_bf16/dense_bf16_model.json',,model_missing,True
32,261,8352,8352,backbone.layer.18.attention.q_proj,attention.q_proj,4096,4096,dense_nvfp4,False,,[Errno 2] No such file or directory: 'fake/kernels/cutlass/cutlass_wrapper/artifacts/modeling/dense_nvfp4/dense_nvfp4_model.json',,model_missing,False
32,261,8352,8352,backbone.layer.18.attention.q_proj,attention.q_proj,4096,4096,sparse_bf16,False,,[Errno 2] No such file or directory: 'fake/kernels/cutlass/cutlass_wrapper/artifacts/modeling/sparse_bf16/sparse_bf16_model.json',,model_missing,False
32,261,8352,8352,backbone.layer.18.attention.q_proj,attention.q_proj,4096,4096,sparse_nvfp4,False,,[Errno 2] No such file or directory: 'fake/kernels/cutlass/cutlass_wrapper/artifacts/modeling/sparse_nvfp4/sparse_nvfp4_model.json',,model_missing,False
32,261,8352,8352,backbone.layer.18.attention.o_proj,attention.o_proj,4096,4096,dense_bf16,False,,[Errno 2] No such file or directory: 'fake/kernels/cutlass/cutlass_wrapper/artifacts/modeling/dense_bf16/dense_bf16_model.json',,model_missing,True
32,261,8352,8352,backbone.layer.18.attention.o_proj,attention.o_proj,4096,4096,dense_nvfp4,False,,[Errno 2] No such file or directory: 'fake/kernels/cutlass/cutlass_wrapper/artifacts/modeling/dense_nvfp4/dense_nvfp4_model.json',,model_missing,False
32,261,8352,8352,backbone.layer.18.attention.o_proj,attention.o_proj,4096,4096,sparse_bf16,False,,[Errno 2] No such file or directory: 'fake/kernels/cutlass/cutlass_wrapper/artifacts/modeling/sparse_bf16/sparse_bf16_model.json',,model_missing,False
32,261,8352,8352,backbone.layer.18.attention.o_proj,attention.o_proj,4096,4096,sparse_nvfp4,False,,[Errno 2] No such file or directory: 'fake/kernels/cutlass/cutlass_wrapper/artifacts/modeling/sparse_nvfp4/sparse_nvfp4_model.json',,model_missing,False
32,261,8352,8352,backbone.layer.18.mlp.gate_proj,mlp.gate_proj,8192,4096,dense_bf16,False,,[Errno 2] No such file or directory: 'fake/kernels/cutlass/cutlass_wrapper/artifacts/modeling/dense_bf16/dense_bf16_model.json',,model_missing,True
32,261,8352,8352,backbone.layer.18.mlp.gate_proj,mlp.gate_proj,8192,4096,dense_nvfp4,False,,[Errno 2] No such file or directory: 'fake/kernels/cutlass/cutlass_wrapper/artifacts/modeling/dense_nvfp4/dense_nvfp4_model.json',,model_missing,False
32,261,8352,8352,backbone.layer.18.mlp.gate_proj,mlp.gate_proj,8192,4096,sparse_bf16,False,,[Errno 2] No such file or directory: 'fake/kernels/cutlass/cutlass_wrapper/artifacts/modeling/sparse_bf16/sparse_bf16_model.json',,model_missing,False
32,261,8352,8352,backbone.layer.18.mlp.gate_proj,mlp.gate_proj,8192,4096,sparse_nvfp4,False,,[Errno 2] No such file or directory: 'fake/kernels/cutlass/cutlass_wrapper/artifacts/modeling/sparse_nvfp4/sparse_nvfp4_model.json',,model_missing,False
32,261,8352,8352,backbone.layer.18.mlp.up_proj,mlp.up_proj,8192,4096,dense_bf16,False,,[Errno 2] No such file or directory: 'fake/kernels/cutlass/cutlass_wrapper/artifacts/modeling/dense_bf16/dense_bf16_model.json',,model_missing,True
32,261,8352,8352,backbone.layer.18.mlp.up_proj,mlp.up_proj,8192,4096,dense_nvfp4,False,,[Errno 2] No such file or directory: 'fake/kernels/cutlass/cutlass_wrapper/artifacts/modeling/dense_nvfp4/dense_nvfp4_model.json',,model_missing,False
32,261,8352,8352,backbone.layer.18.mlp.up_proj,mlp.up_proj,8192,4096,sparse_bf16,False,,[Errno 2] No such file or directory: 'fake/kernels/cutlass/cutlass_wrapper/artifacts/modeling/sparse_bf16/sparse_bf16_model.json',,model_missing,False
32,261,8352,8352,backbone.layer.18.mlp.up_proj,mlp.up_proj,8192,4096,sparse_nvfp4,False,,[Errno 2] No such file or directory: 'fake/kernels/cutlass/cutlass_wrapper/artifacts/modeling/sparse_nvfp4/sparse_nvfp4_model.json',,model_missing,False
32,261,8352,8352,backbone.layer.18.mlp.down_proj,mlp.down_proj,4096,8192,dense_bf16,False,,[Errno 2] No such file or directory: 'fake/kernels/cutlass/cutlass_wrapper/artifacts/modeling/dense_bf16/dense_bf16_model.json',,model_missing,True
32,261,8352,8352,backbone.layer.18.mlp.down_proj,mlp.down_proj,4096,8192,dense_nvfp4,False,,[Errno 2] No such file or directory: 'fake/kernels/cutlass/cutlass_wrapper/artifacts/modeling/dense_nvfp4/dense_nvfp4_model.json',,model_missing,False
32,261,8352,8352,backbone.layer.18.mlp.down_proj,mlp.down_proj,4096,8192,sparse_bf16,False,,[Errno 2] No such file or directory: 'fake/kernels/cutlass/cutlass_wrapper/artifacts/modeling/sparse_bf16/sparse_bf16_model.json',,model_missing,False
32,261,8352,8352,backbone.layer.18.mlp.down_proj,mlp.down_proj,4096,8192,sparse_nvfp4,False,,[Errno 2] No such file or directory: 'fake/kernels/cutlass/cutlass_wrapper/artifacts/modeling/sparse_nvfp4/sparse_nvfp4_model.json',,model_missing,False
32,261,8352,8352,backbone.layer.19.attention.k_proj,attention.k_proj,4096,4096,dense_bf16,False,,[Errno 2] No such file or directory: 'fake/kernels/cutlass/cutlass_wrapper/artifacts/modeling/dense_bf16/dense_bf16_model.json',,model_missing,True
32,261,8352,8352,backbone.layer.19.attention.k_proj,attention.k_proj,4096,4096,dense_nvfp4,False,,[Errno 2] No such file or directory: 'fake/kernels/cutlass/cutlass_wrapper/artifacts/modeling/dense_nvfp4/dense_nvfp4_model.json',,model_missing,False
32,261,8352,8352,backbone.layer.19.attention.k_proj,attention.k_proj,4096,4096,sparse_bf16,False,,[Errno 2] No such file or directory: 'fake/kernels/cutlass/cutlass_wrapper/artifacts/modeling/sparse_bf16/sparse_bf16_model.json',,model_missing,False
32,261,8352,8352,backbone.layer.19.attention.k_proj,attention.k_proj,4096,4096,sparse_nvfp4,False,,[Errno 2] No such file or directory: 'fake/kernels/cutlass/cutlass_wrapper/artifacts/modeling/sparse_nvfp4/sparse_nvfp4_model.json',,model_missing,False
32,261,8352,8352,backbone.layer.19.attention.v_proj,attention.v_proj,4096,4096,dense_bf16,False,,[Errno 2] No such file or directory: 'fake/kernels/cutlass/cutlass_wrapper/artifacts/modeling/dense_bf16/dense_bf16_model.json',,model_missing,True
32,261,8352,8352,backbone.layer.19.attention.v_proj,attention.v_proj,4096,4096,dense_nvfp4,False,,[Errno 2] No such file or directory: 'fake/kernels/cutlass/cutlass_wrapper/artifacts/modeling/dense_nvfp4/dense_nvfp4_model.json',,model_missing,False
32,261,8352,8352,backbone.layer.19.attention.v_proj,attention.v_proj,4096,4096,sparse_bf16,False,,[Errno 2] No such file or directory: 'fake/kernels/cutlass/cutlass_wrapper/artifacts/modeling/sparse_bf16/sparse_bf16_model.json',,model_missing,False
32,261,8352,8352,backbone.layer.19.attention.v_proj,attention.v_proj,4096,4096,sparse_nvfp4,False,,[Errno 2] No such file or directory: 'fake/kernels/cutlass/cutlass_wrapper/artifacts/modeling/sparse_nvfp4/sparse_nvfp4_model.json',,model_missing,False
32,261,8352,8352,backbone.layer.19.attention.q_proj,attention.q_proj,4096,4096,dense_bf16,False,,[Errno 2] No such file or directory: 'fake/kernels/cutlass/cutlass_wrapper/artifacts/modeling/dense_bf16/dense_bf16_model.json',,model_missing,True
32,261,8352,8352,backbone.layer.19.attention.q_proj,attention.q_proj,4096,4096,dense_nvfp4,False,,[Errno 2] No such file or directory: 'fake/kernels/cutlass/cutlass_wrapper/artifacts/modeling/dense_nvfp4/dense_nvfp4_model.json',,model_missing,False
32,261,8352,8352,backbone.layer.19.attention.q_proj,attention.q_proj,4096,4096,sparse_bf16,False,,[Errno 2] No such file or directory: 'fake/kernels/cutlass/cutlass_wrapper/artifacts/modeling/sparse_bf16/sparse_bf16_model.json',,model_missing,False
32,261,8352,8352,backbone.layer.19.attention.q_proj,attention.q_proj,4096,4096,sparse_nvfp4,False,,[Errno 2] No such file or directory: 'fake/kernels/cutlass/cutlass_wrapper/artifacts/modeling/sparse_nvfp4/sparse_nvfp4_model.json',,model_missing,False
32,261,8352,8352,backbone.layer.19.attention.o_proj,attention.o_proj,4096,4096,dense_bf16,False,,[Errno 2] No such file or directory: 'fake/kernels/cutlass/cutlass_wrapper/artifacts/modeling/dense_bf16/dense_bf16_model.json',,model_missing,True
32,261,8352,8352,backbone.layer.19.attention.o_proj,attention.o_proj,4096,4096,dense_nvfp4,False,,[Errno 2] No such file or directory: 'fake/kernels/cutlass/cutlass_wrapper/artifacts/modeling/dense_nvfp4/dense_nvfp4_model.json',,model_missing,False
32,261,8352,8352,backbone.layer.19.attention.o_proj,attention.o_proj,4096,4096,sparse_bf16,False,,[Errno 2] No such file or directory: 'fake/kernels/cutlass/cutlass_wrapper/artifacts/modeling/sparse_bf16/sparse_bf16_model.json',,model_missing,False
32,261,8352,8352,backbone.layer.19.attention.o_proj,attention.o_proj,4096,4096,sparse_nvfp4,False,,[Errno 2] No such file or directory: 'fake/kernels/cutlass/cutlass_wrapper/artifacts/modeling/sparse_nvfp4/sparse_nvfp4_model.json',,model_missing,False
32,261,8352,8352,backbone.layer.19.mlp.gate_proj,mlp.gate_proj,8192,4096,dense_bf16,False,,[Errno 2] No such file or directory: 'fake/kernels/cutlass/cutlass_wrapper/artifacts/modeling/dense_bf16/dense_bf16_model.json',,model_missing,True
32,261,8352,8352,backbone.layer.19.mlp.gate_proj,mlp.gate_proj,8192,4096,dense_nvfp4,False,,[Errno 2] No such file or directory: 'fake/kernels/cutlass/cutlass_wrapper/artifacts/modeling/dense_nvfp4/dense_nvfp4_model.json',,model_missing,False
32,261,8352,8352,backbone.layer.19.mlp.gate_proj,mlp.gate_proj,8192,4096,sparse_bf16,False,,[Errno 2] No such file or directory: 'fake/kernels/cutlass/cutlass_wrapper/artifacts/modeling/sparse_bf16/sparse_bf16_model.json',,model_missing,False
32,261,8352,8352,backbone.layer.19.mlp.gate_proj,mlp.gate_proj,8192,4096,sparse_nvfp4,False,,[Errno 2] No such file or directory: 'fake/kernels/cutlass/cutlass_wrapper/artifacts/modeling/sparse_nvfp4/sparse_nvfp4_model.json',,model_missing,False
32,261,8352,8352,backbone.layer.19.mlp.up_proj,mlp.up_proj,8192,4096,dense_bf16,False,,[Errno 2] No such file or directory: 'fake/kernels/cutlass/cutlass_wrapper/artifacts/modeling/dense_bf16/dense_bf16_model.json',,model_missing,True
32,261,8352,8352,backbone.layer.19.mlp.up_proj,mlp.up_proj,8192,4096,dense_nvfp4,False,,[Errno 2] No such file or directory: 'fake/kernels/cutlass/cutlass_wrapper/artifacts/modeling/dense_nvfp4/dense_nvfp4_model.json',,model_missing,False
32,261,8352,8352,backbone.layer.19.mlp.up_proj,mlp.up_proj,8192,4096,sparse_bf16,False,,[Errno 2] No such file or directory: 'fake/kernels/cutlass/cutlass_wrapper/artifacts/modeling/sparse_bf16/sparse_bf16_model.json',,model_missing,False
32,261,8352,8352,backbone.layer.19.mlp.up_proj,mlp.up_proj,8192,4096,sparse_nvfp4,False,,[Errno 2] No such file or directory: 'fake/kernels/cutlass/cutlass_wrapper/artifacts/modeling/sparse_nvfp4/sparse_nvfp4_model.json',,model_missing,False
32,261,8352,8352,backbone.layer.19.mlp.down_proj,mlp.down_proj,4096,8192,dense_bf16,False,,[Errno 2] No such file or directory: 'fake/kernels/cutlass/cutlass_wrapper/artifacts/modeling/dense_bf16/dense_bf16_model.json',,model_missing,True
32,261,8352,8352,backbone.layer.19.mlp.down_proj,mlp.down_proj,4096,8192,dense_nvfp4,False,,[Errno 2] No such file or directory: 'fake/kernels/cutlass/cutlass_wrapper/artifacts/modeling/dense_nvfp4/dense_nvfp4_model.json',,model_missing,False
32,261,8352,8352,backbone.layer.19.mlp.down_proj,mlp.down_proj,4096,8192,sparse_bf16,False,,[Errno 2] No such file or directory: 'fake/kernels/cutlass/cutlass_wrapper/artifacts/modeling/sparse_bf16/sparse_bf16_model.json',,model_missing,False
32,261,8352,8352,backbone.layer.19.mlp.down_proj,mlp.down_proj,4096,8192,sparse_nvfp4,False,,[Errno 2] No such file or directory: 'fake/kernels/cutlass/cutlass_wrapper/artifacts/modeling/sparse_nvfp4/sparse_nvfp4_model.json',,model_missing,False
32,261,8352,8352,backbone.layer.20.attention.k_proj,attention.k_proj,4096,4096,dense_bf16,False,,[Errno 2] No such file or directory: 'fake/kernels/cutlass/cutlass_wrapper/artifacts/modeling/dense_bf16/dense_bf16_model.json',,model_missing,True
32,261,8352,8352,backbone.layer.20.attention.k_proj,attention.k_proj,4096,4096,dense_nvfp4,False,,[Errno 2] No such file or directory: 'fake/kernels/cutlass/cutlass_wrapper/artifacts/modeling/dense_nvfp4/dense_nvfp4_model.json',,model_missing,False
32,261,8352,8352,backbone.layer.20.attention.k_proj,attention.k_proj,4096,4096,sparse_bf16,False,,[Errno 2] No such file or directory: 'fake/kernels/cutlass/cutlass_wrapper/artifacts/modeling/sparse_bf16/sparse_bf16_model.json',,model_missing,False
32,261,8352,8352,backbone.layer.20.attention.k_proj,attention.k_proj,4096,4096,sparse_nvfp4,False,,[Errno 2] No such file or directory: 'fake/kernels/cutlass/cutlass_wrapper/artifacts/modeling/sparse_nvfp4/sparse_nvfp4_model.json',,model_missing,False
32,261,8352,8352,backbone.layer.20.attention.v_proj,attention.v_proj,4096,4096,dense_bf16,False,,[Errno 2] No such file or directory: 'fake/kernels/cutlass/cutlass_wrapper/artifacts/modeling/dense_bf16/dense_bf16_model.json',,model_missing,True
32,261,8352,8352,backbone.layer.20.attention.v_proj,attention.v_proj,4096,4096,dense_nvfp4,False,,[Errno 2] No such file or directory: 'fake/kernels/cutlass/cutlass_wrapper/artifacts/modeling/dense_nvfp4/dense_nvfp4_model.json',,model_missing,False
32,261,8352,8352,backbone.layer.20.attention.v_proj,attention.v_proj,4096,4096,sparse_bf16,False,,[Errno 2] No such file or directory: 'fake/kernels/cutlass/cutlass_wrapper/artifacts/modeling/sparse_bf16/sparse_bf16_model.json',,model_missing,False
32,261,8352,8352,backbone.layer.20.attention.v_proj,attention.v_proj,4096,4096,sparse_nvfp4,False,,[Errno 2] No such file or directory: 'fake/kernels/cutlass/cutlass_wrapper/artifacts/modeling/sparse_nvfp4/sparse_nvfp4_model.json',,model_missing,False
32,261,8352,8352,backbone.layer.20.attention.q_proj,attention.q_proj,4096,4096,dense_bf16,False,,[Errno 2] No such file or directory: 'fake/kernels/cutlass/cutlass_wrapper/artifacts/modeling/dense_bf16/dense_bf16_model.json',,model_missing,True
32,261,8352,8352,backbone.layer.20.attention.q_proj,attention.q_proj,4096,4096,dense_nvfp4,False,,[Errno 2] No such file or directory: 'fake/kernels/cutlass/cutlass_wrapper/artifacts/modeling/dense_nvfp4/dense_nvfp4_model.json',,model_missing,False
32,261,8352,8352,backbone.layer.20.attention.q_proj,attention.q_proj,4096,4096,sparse_bf16,False,,[Errno 2] No such file or directory: 'fake/kernels/cutlass/cutlass_wrapper/artifacts/modeling/sparse_bf16/sparse_bf16_model.json',,model_missing,False
32,261,8352,8352,backbone.layer.20.attention.q_proj,attention.q_proj,4096,4096,sparse_nvfp4,False,,[Errno 2] No such file or directory: 'fake/kernels/cutlass/cutlass_wrapper/artifacts/modeling/sparse_nvfp4/sparse_nvfp4_model.json',,model_missing,False
32,261,8352,8352,backbone.layer.20.attention.o_proj,attention.o_proj,4096,4096,dense_bf16,False,,[Errno 2] No such file or directory: 'fake/kernels/cutlass/cutlass_wrapper/artifacts/modeling/dense_bf16/dense_bf16_model.json',,model_missing,True
32,261,8352,8352,backbone.layer.20.attention.o_proj,attention.o_proj,4096,4096,dense_nvfp4,False,,[Errno 2] No such file or directory: 'fake/kernels/cutlass/cutlass_wrapper/artifacts/modeling/dense_nvfp4/dense_nvfp4_model.json',,model_missing,False
32,261,8352,8352,backbone.layer.20.attention.o_proj,attention.o_proj,4096,4096,sparse_bf16,False,,[Errno 2] No such file or directory: 'fake/kernels/cutlass/cutlass_wrapper/artifacts/modeling/sparse_bf16/sparse_bf16_model.json',,model_missing,False
32,261,8352,8352,backbone.layer.20.attention.o_proj,attention.o_proj,4096,4096,sparse_nvfp4,False,,[Errno 2] No such file or directory: 'fake/kernels/cutlass/cutlass_wrapper/artifacts/modeling/sparse_nvfp4/sparse_nvfp4_model.json',,model_missing,False
32,261,8352,8352,backbone.layer.20.mlp.gate_proj,mlp.gate_proj,8192,4096,dense_bf16,False,,[Errno 2] No such file or directory: 'fake/kernels/cutlass/cutlass_wrapper/artifacts/modeling/dense_bf16/dense_bf16_model.json',,model_missing,True
32,261,8352,8352,backbone.layer.20.mlp.gate_proj,mlp.gate_proj,8192,4096,dense_nvfp4,False,,[Errno 2] No such file or directory: 'fake/kernels/cutlass/cutlass_wrapper/artifacts/modeling/dense_nvfp4/dense_nvfp4_model.json',,model_missing,False
32,261,8352,8352,backbone.layer.20.mlp.gate_proj,mlp.gate_proj,8192,4096,sparse_bf16,False,,[Errno 2] No such file or directory: 'fake/kernels/cutlass/cutlass_wrapper/artifacts/modeling/sparse_bf16/sparse_bf16_model.json',,model_missing,False
32,261,8352,8352,backbone.layer.20.mlp.gate_proj,mlp.gate_proj,8192,4096,sparse_nvfp4,False,,[Errno 2] No such file or directory: 'fake/kernels/cutlass/cutlass_wrapper/artifacts/modeling/sparse_nvfp4/sparse_nvfp4_model.json',,model_missing,False
32,261,8352,8352,backbone.layer.20.mlp.up_proj,mlp.up_proj,8192,4096,dense_bf16,False,,[Errno 2] No such file or directory: 'fake/kernels/cutlass/cutlass_wrapper/artifacts/modeling/dense_bf16/dense_bf16_model.json',,model_missing,True
32,261,8352,8352,backbone.layer.20.mlp.up_proj,mlp.up_proj,8192,4096,dense_nvfp4,False,,[Errno 2] No such file or directory: 'fake/kernels/cutlass/cutlass_wrapper/artifacts/modeling/dense_nvfp4/dense_nvfp4_model.json',,model_missing,False
32,261,8352,8352,backbone.layer.20.mlp.up_proj,mlp.up_proj,8192,4096,sparse_bf16,False,,[Errno 2] No such file or directory: 'fake/kernels/cutlass/cutlass_wrapper/artifacts/modeling/sparse_bf16/sparse_bf16_model.json',,model_missing,False
32,261,8352,8352,backbone.layer.20.mlp.up_proj,mlp.up_proj,8192,4096,sparse_nvfp4,False,,[Errno 2] No such file or directory: 'fake/kernels/cutlass/cutlass_wrapper/artifacts/modeling/sparse_nvfp4/sparse_nvfp4_model.json',,model_missing,False
32,261,8352,8352,backbone.layer.20.mlp.down_proj,mlp.down_proj,4096,8192,dense_bf16,False,,[Errno 2] No such file or directory: 'fake/kernels/cutlass/cutlass_wrapper/artifacts/modeling/dense_bf16/dense_bf16_model.json',,model_missing,True
32,261,8352,8352,backbone.layer.20.mlp.down_proj,mlp.down_proj,4096,8192,dense_nvfp4,False,,[Errno 2] No such file or directory: 'fake/kernels/cutlass/cutlass_wrapper/artifacts/modeling/dense_nvfp4/dense_nvfp4_model.json',,model_missing,False
32,261,8352,8352,backbone.layer.20.mlp.down_proj,mlp.down_proj,4096,8192,sparse_bf16,False,,[Errno 2] No such file or directory: 'fake/kernels/cutlass/cutlass_wrapper/artifacts/modeling/sparse_bf16/sparse_bf16_model.json',,model_missing,False
32,261,8352,8352,backbone.layer.20.mlp.down_proj,mlp.down_proj,4096,8192,sparse_nvfp4,False,,[Errno 2] No such file or directory: 'fake/kernels/cutlass/cutlass_wrapper/artifacts/modeling/sparse_nvfp4/sparse_nvfp4_model.json',,model_missing,False
32,261,8352,8352,backbone.layer.21.attention.k_proj,attention.k_proj,4096,4096,dense_bf16,False,,[Errno 2] No such file or directory: 'fake/kernels/cutlass/cutlass_wrapper/artifacts/modeling/dense_bf16/dense_bf16_model.json',,model_missing,True
32,261,8352,8352,backbone.layer.21.attention.k_proj,attention.k_proj,4096,4096,dense_nvfp4,False,,[Errno 2] No such file or directory: 'fake/kernels/cutlass/cutlass_wrapper/artifacts/modeling/dense_nvfp4/dense_nvfp4_model.json',,model_missing,False
32,261,8352,8352,backbone.layer.21.attention.k_proj,attention.k_proj,4096,4096,sparse_bf16,False,,[Errno 2] No such file or directory: 'fake/kernels/cutlass/cutlass_wrapper/artifacts/modeling/sparse_bf16/sparse_bf16_model.json',,model_missing,False
32,261,8352,8352,backbone.layer.21.attention.k_proj,attention.k_proj,4096,4096,sparse_nvfp4,False,,[Errno 2] No such file or directory: 'fake/kernels/cutlass/cutlass_wrapper/artifacts/modeling/sparse_nvfp4/sparse_nvfp4_model.json',,model_missing,False
32,261,8352,8352,backbone.layer.21.attention.v_proj,attention.v_proj,4096,4096,dense_bf16,False,,[Errno 2] No such file or directory: 'fake/kernels/cutlass/cutlass_wrapper/artifacts/modeling/dense_bf16/dense_bf16_model.json',,model_missing,True
32,261,8352,8352,backbone.layer.21.attention.v_proj,attention.v_proj,4096,4096,dense_nvfp4,False,,[Errno 2] No such file or directory: 'fake/kernels/cutlass/cutlass_wrapper/artifacts/modeling/dense_nvfp4/dense_nvfp4_model.json',,model_missing,False
32,261,8352,8352,backbone.layer.21.attention.v_proj,attention.v_proj,4096,4096,sparse_bf16,False,,[Errno 2] No such file or directory: 'fake/kernels/cutlass/cutlass_wrapper/artifacts/modeling/sparse_bf16/sparse_bf16_model.json',,model_missing,False
32,261,8352,8352,backbone.layer.21.attention.v_proj,attention.v_proj,4096,4096,sparse_nvfp4,False,,[Errno 2] No such file or directory: 'fake/kernels/cutlass/cutlass_wrapper/artifacts/modeling/sparse_nvfp4/sparse_nvfp4_model.json',,model_missing,False
32,261,8352,8352,backbone.layer.21.attention.q_proj,attention.q_proj,4096,4096,dense_bf16,False,,[Errno 2] No such file or directory: 'fake/kernels/cutlass/cutlass_wrapper/artifacts/modeling/dense_bf16/dense_bf16_model.json',,model_missing,True
32,261,8352,8352,backbone.layer.21.attention.q_proj,attention.q_proj,4096,4096,dense_nvfp4,False,,[Errno 2] No such file or directory: 'fake/kernels/cutlass/cutlass_wrapper/artifacts/modeling/dense_nvfp4/dense_nvfp4_model.json',,model_missing,False
32,261,8352,8352,backbone.layer.21.attention.q_proj,attention.q_proj,4096,4096,sparse_bf16,False,,[Errno 2] No such file or directory: 'fake/kernels/cutlass/cutlass_wrapper/artifacts/modeling/sparse_bf16/sparse_bf16_model.json',,model_missing,False
32,261,8352,8352,backbone.layer.21.attention.q_proj,attention.q_proj,4096,4096,sparse_nvfp4,False,,[Errno 2] No such file or directory: 'fake/kernels/cutlass/cutlass_wrapper/artifacts/modeling/sparse_nvfp4/sparse_nvfp4_model.json',,model_missing,False
32,261,8352,8352,backbone.layer.21.attention.o_proj,attention.o_proj,4096,4096,dense_bf16,False,,[Errno 2] No such file or directory: 'fake/kernels/cutlass/cutlass_wrapper/artifacts/modeling/dense_bf16/dense_bf16_model.json',,model_missing,True
32,261,8352,8352,backbone.layer.21.attention.o_proj,attention.o_proj,4096,4096,dense_nvfp4,False,,[Errno 2] No such file or directory: 'fake/kernels/cutlass/cutlass_wrapper/artifacts/modeling/dense_nvfp4/dense_nvfp4_model.json',,model_missing,False
32,261,8352,8352,backbone.layer.21.attention.o_proj,attention.o_proj,4096,4096,sparse_bf16,False,,[Errno 2] No such file or directory: 'fake/kernels/cutlass/cutlass_wrapper/artifacts/modeling/sparse_bf16/sparse_bf16_model.json',,model_missing,False
32,261,8352,8352,backbone.layer.21.attention.o_proj,attention.o_proj,4096,4096,sparse_nvfp4,False,,[Errno 2] No such file or directory: 'fake/kernels/cutlass/cutlass_wrapper/artifacts/modeling/sparse_nvfp4/sparse_nvfp4_model.json',,model_missing,False
32,261,8352,8352,backbone.layer.21.mlp.gate_proj,mlp.gate_proj,8192,4096,dense_bf16,False,,[Errno 2] No such file or directory: 'fake/kernels/cutlass/cutlass_wrapper/artifacts/modeling/dense_bf16/dense_bf16_model.json',,model_missing,True
32,261,8352,8352,backbone.layer.21.mlp.gate_proj,mlp.gate_proj,8192,4096,dense_nvfp4,False,,[Errno 2] No such file or directory: 'fake/kernels/cutlass/cutlass_wrapper/artifacts/modeling/dense_nvfp4/dense_nvfp4_model.json',,model_missing,False
32,261,8352,8352,backbone.layer.21.mlp.gate_proj,mlp.gate_proj,8192,4096,sparse_bf16,False,,[Errno 2] No such file or directory: 'fake/kernels/cutlass/cutlass_wrapper/artifacts/modeling/sparse_bf16/sparse_bf16_model.json',,model_missing,False
32,261,8352,8352,backbone.layer.21.mlp.gate_proj,mlp.gate_proj,8192,4096,sparse_nvfp4,False,,[Errno 2] No such file or directory: 'fake/kernels/cutlass/cutlass_wrapper/artifacts/modeling/sparse_nvfp4/sparse_nvfp4_model.json',,model_missing,False
32,261,8352,8352,backbone.layer.21.mlp.up_proj,mlp.up_proj,8192,4096,dense_bf16,False,,[Errno 2] No such file or directory: 'fake/kernels/cutlass/cutlass_wrapper/artifacts/modeling/dense_bf16/dense_bf16_model.json',,model_missing,True
32,261,8352,8352,backbone.layer.21.mlp.up_proj,mlp.up_proj,8192,4096,dense_nvfp4,False,,[Errno 2] No such file or directory: 'fake/kernels/cutlass/cutlass_wrapper/artifacts/modeling/dense_nvfp4/dense_nvfp4_model.json',,model_missing,False
32,261,8352,8352,backbone.layer.21.mlp.up_proj,mlp.up_proj,8192,4096,sparse_bf16,False,,[Errno 2] No such file or directory: 'fake/kernels/cutlass/cutlass_wrapper/artifacts/modeling/sparse_bf16/sparse_bf16_model.json',,model_missing,False
32,261,8352,8352,backbone.layer.21.mlp.up_proj,mlp.up_proj,8192,4096,sparse_nvfp4,False,,[Errno 2] No such file or directory: 'fake/kernels/cutlass/cutlass_wrapper/artifacts/modeling/sparse_nvfp4/sparse_nvfp4_model.json',,model_missing,False
32,261,8352,8352,backbone.layer.21.mlp.down_proj,mlp.down_proj,4096,8192,dense_bf16,False,,[Errno 2] No such file or directory: 'fake/kernels/cutlass/cutlass_wrapper/artifacts/modeling/dense_bf16/dense_bf16_model.json',,model_missing,True
32,261,8352,8352,backbone.layer.21.mlp.down_proj,mlp.down_proj,4096,8192,dense_nvfp4,False,,[Errno 2] No such file or directory: 'fake/kernels/cutlass/cutlass_wrapper/artifacts/modeling/dense_nvfp4/dense_nvfp4_model.json',,model_missing,False
32,261,8352,8352,backbone.layer.21.mlp.down_proj,mlp.down_proj,4096,8192,sparse_bf16,False,,[Errno 2] No such file or directory: 'fake/kernels/cutlass/cutlass_wrapper/artifacts/modeling/sparse_bf16/sparse_bf16_model.json',,model_missing,False
32,261,8352,8352,backbone.layer.21.mlp.down_proj,mlp.down_proj,4096,8192,sparse_nvfp4,False,,[Errno 2] No such file or directory: 'fake/kernels/cutlass/cutlass_wrapper/artifacts/modeling/sparse_nvfp4/sparse_nvfp4_model.json',,model_missing,False
32,261,8352,8352,backbone.layer.22.attention.k_proj,attention.k_proj,4096,4096,dense_bf16,False,,[Errno 2] No such file or directory: 'fake/kernels/cutlass/cutlass_wrapper/artifacts/modeling/dense_bf16/dense_bf16_model.json',,model_missing,True
32,261,8352,8352,backbone.layer.22.attention.k_proj,attention.k_proj,4096,4096,dense_nvfp4,False,,[Errno 2] No such file or directory: 'fake/kernels/cutlass/cutlass_wrapper/artifacts/modeling/dense_nvfp4/dense_nvfp4_model.json',,model_missing,False
32,261,8352,8352,backbone.layer.22.attention.k_proj,attention.k_proj,4096,4096,sparse_bf16,False,,[Errno 2] No such file or directory: 'fake/kernels/cutlass/cutlass_wrapper/artifacts/modeling/sparse_bf16/sparse_bf16_model.json',,model_missing,False
32,261,8352,8352,backbone.layer.22.attention.k_proj,attention.k_proj,4096,4096,sparse_nvfp4,False,,[Errno 2] No such file or directory: 'fake/kernels/cutlass/cutlass_wrapper/artifacts/modeling/sparse_nvfp4/sparse_nvfp4_model.json',,model_missing,False
32,261,8352,8352,backbone.layer.22.attention.v_proj,attention.v_proj,4096,4096,dense_bf16,False,,[Errno 2] No such file or directory: 'fake/kernels/cutlass/cutlass_wrapper/artifacts/modeling/dense_bf16/dense_bf16_model.json',,model_missing,True
32,261,8352,8352,backbone.layer.22.attention.v_proj,attention.v_proj,4096,4096,dense_nvfp4,False,,[Errno 2] No such file or directory: 'fake/kernels/cutlass/cutlass_wrapper/artifacts/modeling/dense_nvfp4/dense_nvfp4_model.json',,model_missing,False
32,261,8352,8352,backbone.layer.22.attention.v_proj,attention.v_proj,4096,4096,sparse_bf16,False,,[Errno 2] No such file or directory: 'fake/kernels/cutlass/cutlass_wrapper/artifacts/modeling/sparse_bf16/sparse_bf16_model.json',,model_missing,False
32,261,8352,8352,backbone.layer.22.attention.v_proj,attention.v_proj,4096,4096,sparse_nvfp4,False,,[Errno 2] No such file or directory: 'fake/kernels/cutlass/cutlass_wrapper/artifacts/modeling/sparse_nvfp4/sparse_nvfp4_model.json',,model_missing,False
32,261,8352,8352,backbone.layer.22.attention.q_proj,attention.q_proj,4096,4096,dense_bf16,False,,[Errno 2] No such file or directory: 'fake/kernels/cutlass/cutlass_wrapper/artifacts/modeling/dense_bf16/dense_bf16_model.json',,model_missing,True
32,261,8352,8352,backbone.layer.22.attention.q_proj,attention.q_proj,4096,4096,dense_nvfp4,False,,[Errno 2] No such file or directory: 'fake/kernels/cutlass/cutlass_wrapper/artifacts/modeling/dense_nvfp4/dense_nvfp4_model.json',,model_missing,False
32,261,8352,8352,backbone.layer.22.attention.q_proj,attention.q_proj,4096,4096,sparse_bf16,False,,[Errno 2] No such file or directory: 'fake/kernels/cutlass/cutlass_wrapper/artifacts/modeling/sparse_bf16/sparse_bf16_model.json',,model_missing,False
32,261,8352,8352,backbone.layer.22.attention.q_proj,attention.q_proj,4096,4096,sparse_nvfp4,False,,[Errno 2] No such file or directory: 'fake/kernels/cutlass/cutlass_wrapper/artifacts/modeling/sparse_nvfp4/sparse_nvfp4_model.json',,model_missing,False
32,261,8352,8352,backbone.layer.22.attention.o_proj,attention.o_proj,4096,4096,dense_bf16,False,,[Errno 2] No such file or directory: 'fake/kernels/cutlass/cutlass_wrapper/artifacts/modeling/dense_bf16/dense_bf16_model.json',,model_missing,True
32,261,8352,8352,backbone.layer.22.attention.o_proj,attention.o_proj,4096,4096,dense_nvfp4,False,,[Errno 2] No such file or directory: 'fake/kernels/cutlass/cutlass_wrapper/artifacts/modeling/dense_nvfp4/dense_nvfp4_model.json',,model_missing,False
32,261,8352,8352,backbone.layer.22.attention.o_proj,attention.o_proj,4096,4096,sparse_bf16,False,,[Errno 2] No such file or directory: 'fake/kernels/cutlass/cutlass_wrapper/artifacts/modeling/sparse_bf16/sparse_bf16_model.json',,model_missing,False
32,261,8352,8352,backbone.layer.22.attention.o_proj,attention.o_proj,4096,4096,sparse_nvfp4,False,,[Errno 2] No such file or directory: 'fake/kernels/cutlass/cutlass_wrapper/artifacts/modeling/sparse_nvfp4/sparse_nvfp4_model.json',,model_missing,False
32,261,8352,8352,backbone.layer.22.mlp.gate_proj,mlp.gate_proj,8192,4096,dense_bf16,False,,[Errno 2] No such file or directory: 'fake/kernels/cutlass/cutlass_wrapper/artifacts/modeling/dense_bf16/dense_bf16_model.json',,model_missing,True
32,261,8352,8352,backbone.layer.22.mlp.gate_proj,mlp.gate_proj,8192,4096,dense_nvfp4,False,,[Errno 2] No such file or directory: 'fake/kernels/cutlass/cutlass_wrapper/artifacts/modeling/dense_nvfp4/dense_nvfp4_model.json',,model_missing,False
32,261,8352,8352,backbone.layer.22.mlp.gate_proj,mlp.gate_proj,8192,4096,sparse_bf16,False,,[Errno 2] No such file or directory: 'fake/kernels/cutlass/cutlass_wrapper/artifacts/modeling/sparse_bf16/sparse_bf16_model.json',,model_missing,False
32,261,8352,8352,backbone.layer.22.mlp.gate_proj,mlp.gate_proj,8192,4096,sparse_nvfp4,False,,[Errno 2] No such file or directory: 'fake/kernels/cutlass/cutlass_wrapper/artifacts/modeling/sparse_nvfp4/sparse_nvfp4_model.json',,model_missing,False
32,261,8352,8352,backbone.layer.22.mlp.up_proj,mlp.up_proj,8192,4096,dense_bf16,False,,[Errno 2] No such file or directory: 'fake/kernels/cutlass/cutlass_wrapper/artifacts/modeling/dense_bf16/dense_bf16_model.json',,model_missing,True
32,261,8352,8352,backbone.layer.22.mlp.up_proj,mlp.up_proj,8192,4096,dense_nvfp4,False,,[Errno 2] No such file or directory: 'fake/kernels/cutlass/cutlass_wrapper/artifacts/modeling/dense_nvfp4/dense_nvfp4_model.json',,model_missing,False
32,261,8352,8352,backbone.layer.22.mlp.up_proj,mlp.up_proj,8192,4096,sparse_bf16,False,,[Errno 2] No such file or directory: 'fake/kernels/cutlass/cutlass_wrapper/artifacts/modeling/sparse_bf16/sparse_bf16_model.json',,model_missing,False
32,261,8352,8352,backbone.layer.22.mlp.up_proj,mlp.up_proj,8192,4096,sparse_nvfp4,False,,[Errno 2] No such file or directory: 'fake/kernels/cutlass/cutlass_wrapper/artifacts/modeling/sparse_nvfp4/sparse_nvfp4_model.json',,model_missing,False
32,261,8352,8352,backbone.layer.22.mlp.down_proj,mlp.down_proj,4096,8192,dense_bf16,False,,[Errno 2] No such file or directory: 'fake/kernels/cutlass/cutlass_wrapper/artifacts/modeling/dense_bf16/dense_bf16_model.json',,model_missing,True
32,261,8352,8352,backbone.layer.22.mlp.down_proj,mlp.down_proj,4096,8192,dense_nvfp4,False,,[Errno 2] No such file or directory: 'fake/kernels/cutlass/cutlass_wrapper/artifacts/modeling/dense_nvfp4/dense_nvfp4_model.json',,model_missing,False
32,261,8352,8352,backbone.layer.22.mlp.down_proj,mlp.down_proj,4096,8192,sparse_bf16,False,,[Errno 2] No such file or directory: 'fake/kernels/cutlass/cutlass_wrapper/artifacts/modeling/sparse_bf16/sparse_bf16_model.json',,model_missing,False
32,261,8352,8352,backbone.layer.22.mlp.down_proj,mlp.down_proj,4096,8192,sparse_nvfp4,False,,[Errno 2] No such file or directory: 'fake/kernels/cutlass/cutlass_wrapper/artifacts/modeling/sparse_nvfp4/sparse_nvfp4_model.json',,model_missing,False
32,261,8352,8352,backbone.layer.23.attention.k_proj,attention.k_proj,4096,4096,dense_bf16,False,,[Errno 2] No such file or directory: 'fake/kernels/cutlass/cutlass_wrapper/artifacts/modeling/dense_bf16/dense_bf16_model.json',,model_missing,True
32,261,8352,8352,backbone.layer.23.attention.k_proj,attention.k_proj,4096,4096,dense_nvfp4,False,,[Errno 2] No such file or directory: 'fake/kernels/cutlass/cutlass_wrapper/artifacts/modeling/dense_nvfp4/dense_nvfp4_model.json',,model_missing,False
32,261,8352,8352,backbone.layer.23.attention.k_proj,attention.k_proj,4096,4096,sparse_bf16,False,,[Errno 2] No such file or directory: 'fake/kernels/cutlass/cutlass_wrapper/artifacts/modeling/sparse_bf16/sparse_bf16_model.json',,model_missing,False
32,261,8352,8352,backbone.layer.23.attention.k_proj,attention.k_proj,4096,4096,sparse_nvfp4,False,,[Errno 2] No such file or directory: 'fake/kernels/cutlass/cutlass_wrapper/artifacts/modeling/sparse_nvfp4/sparse_nvfp4_model.json',,model_missing,False
32,261,8352,8352,backbone.layer.23.attention.v_proj,attention.v_proj,4096,4096,dense_bf16,False,,[Errno 2] No such file or directory: 'fake/kernels/cutlass/cutlass_wrapper/artifacts/modeling/dense_bf16/dense_bf16_model.json',,model_missing,True
32,261,8352,8352,backbone.layer.23.attention.v_proj,attention.v_proj,4096,4096,dense_nvfp4,False,,[Errno 2] No such file or directory: 'fake/kernels/cutlass/cutlass_wrapper/artifacts/modeling/dense_nvfp4/dense_nvfp4_model.json',,model_missing,False
32,261,8352,8352,backbone.layer.23.attention.v_proj,attention.v_proj,4096,4096,sparse_bf16,False,,[Errno 2] No such file or directory: 'fake/kernels/cutlass/cutlass_wrapper/artifacts/modeling/sparse_bf16/sparse_bf16_model.json',,model_missing,False
32,261,8352,8352,backbone.layer.23.attention.v_proj,attention.v_proj,4096,4096,sparse_nvfp4,False,,[Errno 2] No such file or directory: 'fake/kernels/cutlass/cutlass_wrapper/artifacts/modeling/sparse_nvfp4/sparse_nvfp4_model.json',,model_missing,False
32,261,8352,8352,backbone.layer.23.attention.q_proj,attention.q_proj,4096,4096,dense_bf16,False,,[Errno 2] No such file or directory: 'fake/kernels/cutlass/cutlass_wrapper/artifacts/modeling/dense_bf16/dense_bf16_model.json',,model_missing,True
32,261,8352,8352,backbone.layer.23.attention.q_proj,attention.q_proj,4096,4096,dense_nvfp4,False,,[Errno 2] No such file or directory: 'fake/kernels/cutlass/cutlass_wrapper/artifacts/modeling/dense_nvfp4/dense_nvfp4_model.json',,model_missing,False
32,261,8352,8352,backbone.layer.23.attention.q_proj,attention.q_proj,4096,4096,sparse_bf16,False,,[Errno 2] No such file or directory: 'fake/kernels/cutlass/cutlass_wrapper/artifacts/modeling/sparse_bf16/sparse_bf16_model.json',,model_missing,False
32,261,8352,8352,backbone.layer.23.attention.q_proj,attention.q_proj,4096,4096,sparse_nvfp4,False,,[Errno 2] No such file or directory: 'fake/kernels/cutlass/cutlass_wrapper/artifacts/modeling/sparse_nvfp4/sparse_nvfp4_model.json',,model_missing,False
32,261,8352,8352,backbone.layer.23.attention.o_proj,attention.o_proj,4096,4096,dense_bf16,False,,[Errno 2] No such file or directory: 'fake/kernels/cutlass/cutlass_wrapper/artifacts/modeling/dense_bf16/dense_bf16_model.json',,model_missing,True
32,261,8352,8352,backbone.layer.23.attention.o_proj,attention.o_proj,4096,4096,dense_nvfp4,False,,[Errno 2] No such file or directory: 'fake/kernels/cutlass/cutlass_wrapper/artifacts/modeling/dense_nvfp4/dense_nvfp4_model.json',,model_missing,False
32,261,8352,8352,backbone.layer.23.attention.o_proj,attention.o_proj,4096,4096,sparse_bf16,False,,[Errno 2] No such file or directory: 'fake/kernels/cutlass/cutlass_wrapper/artifacts/modeling/sparse_bf16/sparse_bf16_model.json',,model_missing,False
32,261,8352,8352,backbone.layer.23.attention.o_proj,attention.o_proj,4096,4096,sparse_nvfp4,False,,[Errno 2] No such file or directory: 'fake/kernels/cutlass/cutlass_wrapper/artifacts/modeling/sparse_nvfp4/sparse_nvfp4_model.json',,model_missing,False
32,261,8352,8352,backbone.layer.23.mlp.gate_proj,mlp.gate_proj,8192,4096,dense_bf16,False,,[Errno 2] No such file or directory: 'fake/kernels/cutlass/cutlass_wrapper/artifacts/modeling/dense_bf16/dense_bf16_model.json',,model_missing,True
32,261,8352,8352,backbone.layer.23.mlp.gate_proj,mlp.gate_proj,8192,4096,dense_nvfp4,False,,[Errno 2] No such file or directory: 'fake/kernels/cutlass/cutlass_wrapper/artifacts/modeling/dense_nvfp4/dense_nvfp4_model.json',,model_missing,False
32,261,8352,8352,backbone.layer.23.mlp.gate_proj,mlp.gate_proj,8192,4096,sparse_bf16,False,,[Errno 2] No such file or directory: 'fake/kernels/cutlass/cutlass_wrapper/artifacts/modeling/sparse_bf16/sparse_bf16_model.json',,model_missing,False
32,261,8352,8352,backbone.layer.23.mlp.gate_proj,mlp.gate_proj,8192,4096,sparse_nvfp4,False,,[Errno 2] No such file or directory: 'fake/kernels/cutlass/cutlass_wrapper/artifacts/modeling/sparse_nvfp4/sparse_nvfp4_model.json',,model_missing,False
32,261,8352,8352,backbone.layer.23.mlp.up_proj,mlp.up_proj,8192,4096,dense_bf16,False,,[Errno 2] No such file or directory: 'fake/kernels/cutlass/cutlass_wrapper/artifacts/modeling/dense_bf16/dense_bf16_model.json',,model_missing,True
32,261,8352,8352,backbone.layer.23.mlp.up_proj,mlp.up_proj,8192,4096,dense_nvfp4,False,,[Errno 2] No such file or directory: 'fake/kernels/cutlass/cutlass_wrapper/artifacts/modeling/dense_nvfp4/dense_nvfp4_model.json',,model_missing,False
32,261,8352,8352,backbone.layer.23.mlp.up_proj,mlp.up_proj,8192,4096,sparse_bf16,False,,[Errno 2] No such file or directory: 'fake/kernels/cutlass/cutlass_wrapper/artifacts/modeling/sparse_bf16/sparse_bf16_model.json',,model_missing,False
32,261,8352,8352,backbone.layer.23.mlp.up_proj,mlp.up_proj,8192,4096,sparse_nvfp4,False,,[Errno 2] No such file or directory: 'fake/kernels/cutlass/cutlass_wrapper/artifacts/modeling/sparse_nvfp4/sparse_nvfp4_model.json',,model_missing,False
32,261,8352,8352,backbone.layer.23.mlp.down_proj,mlp.down_proj,4096,8192,dense_bf16,False,,[Errno 2] No such file or directory: 'fake/kernels/cutlass/cutlass_wrapper/artifacts/modeling/dense_bf16/dense_bf16_model.json',,model_missing,True
32,261,8352,8352,backbone.layer.23.mlp.down_proj,mlp.down_proj,4096,8192,dense_nvfp4,False,,[Errno 2] No such file or directory: 'fake/kernels/cutlass/cutlass_wrapper/artifacts/modeling/dense_nvfp4/dense_nvfp4_model.json',,model_missing,False
32,261,8352,8352,backbone.layer.23.mlp.down_proj,mlp.down_proj,4096,8192,sparse_bf16,False,,[Errno 2] No such file or directory: 'fake/kernels/cutlass/cutlass_wrapper/artifacts/modeling/sparse_bf16/sparse_bf16_model.json',,model_missing,False
32,261,8352,8352,backbone.layer.23.mlp.down_proj,mlp.down_proj,4096,8192,sparse_nvfp4,False,,[Errno 2] No such file or directory: 'fake/kernels/cutlass/cutlass_wrapper/artifacts/modeling/sparse_nvfp4/sparse_nvfp4_model.json',,model_missing,False
32,261,8352,8352,backbone.layer.24.attention.k_proj,attention.k_proj,4096,4096,dense_bf16,False,,[Errno 2] No such file or directory: 'fake/kernels/cutlass/cutlass_wrapper/artifacts/modeling/dense_bf16/dense_bf16_model.json',,model_missing,True
32,261,8352,8352,backbone.layer.24.attention.k_proj,attention.k_proj,4096,4096,dense_nvfp4,False,,[Errno 2] No such file or directory: 'fake/kernels/cutlass/cutlass_wrapper/artifacts/modeling/dense_nvfp4/dense_nvfp4_model.json',,model_missing,False
32,261,8352,8352,backbone.layer.24.attention.k_proj,attention.k_proj,4096,4096,sparse_bf16,False,,[Errno 2] No such file or directory: 'fake/kernels/cutlass/cutlass_wrapper/artifacts/modeling/sparse_bf16/sparse_bf16_model.json',,model_missing,False
32,261,8352,8352,backbone.layer.24.attention.k_proj,attention.k_proj,4096,4096,sparse_nvfp4,False,,[Errno 2] No such file or directory: 'fake/kernels/cutlass/cutlass_wrapper/artifacts/modeling/sparse_nvfp4/sparse_nvfp4_model.json',,model_missing,False
32,261,8352,8352,backbone.layer.24.attention.v_proj,attention.v_proj,4096,4096,dense_bf16,False,,[Errno 2] No such file or directory: 'fake/kernels/cutlass/cutlass_wrapper/artifacts/modeling/dense_bf16/dense_bf16_model.json',,model_missing,True
32,261,8352,8352,backbone.layer.24.attention.v_proj,attention.v_proj,4096,4096,dense_nvfp4,False,,[Errno 2] No such file or directory: 'fake/kernels/cutlass/cutlass_wrapper/artifacts/modeling/dense_nvfp4/dense_nvfp4_model.json',,model_missing,False
32,261,8352,8352,backbone.layer.24.attention.v_proj,attention.v_proj,4096,4096,sparse_bf16,False,,[Errno 2] No such file or directory: 'fake/kernels/cutlass/cutlass_wrapper/artifacts/modeling/sparse_bf16/sparse_bf16_model.json',,model_missing,False
32,261,8352,8352,backbone.layer.24.attention.v_proj,attention.v_proj,4096,4096,sparse_nvfp4,False,,[Errno 2] No such file or directory: 'fake/kernels/cutlass/cutlass_wrapper/artifacts/modeling/sparse_nvfp4/sparse_nvfp4_model.json',,model_missing,False
32,261,8352,8352,backbone.layer.24.attention.q_proj,attention.q_proj,4096,4096,dense_bf16,False,,[Errno 2] No such file or directory: 'fake/kernels/cutlass/cutlass_wrapper/artifacts/modeling/dense_bf16/dense_bf16_model.json',,model_missing,True
32,261,8352,8352,backbone.layer.24.attention.q_proj,attention.q_proj,4096,4096,dense_nvfp4,False,,[Errno 2] No such file or directory: 'fake/kernels/cutlass/cutlass_wrapper/artifacts/modeling/dense_nvfp4/dense_nvfp4_model.json',,model_missing,False
32,261,8352,8352,backbone.layer.24.attention.q_proj,attention.q_proj,4096,4096,sparse_bf16,False,,[Errno 2] No such file or directory: 'fake/kernels/cutlass/cutlass_wrapper/artifacts/modeling/sparse_bf16/sparse_bf16_model.json',,model_missing,False
32,261,8352,8352,backbone.layer.24.attention.q_proj,attention.q_proj,4096,4096,sparse_nvfp4,False,,[Errno 2] No such file or directory: 'fake/kernels/cutlass/cutlass_wrapper/artifacts/modeling/sparse_nvfp4/sparse_nvfp4_model.json',,model_missing,False
32,261,8352,8352,backbone.layer.24.attention.o_proj,attention.o_proj,4096,4096,dense_bf16,False,,[Errno 2] No such file or directory: 'fake/kernels/cutlass/cutlass_wrapper/artifacts/modeling/dense_bf16/dense_bf16_model.json',,model_missing,True
32,261,8352,8352,backbone.layer.24.attention.o_proj,attention.o_proj,4096,4096,dense_nvfp4,False,,[Errno 2] No such file or directory: 'fake/kernels/cutlass/cutlass_wrapper/artifacts/modeling/dense_nvfp4/dense_nvfp4_model.json',,model_missing,False
32,261,8352,8352,backbone.layer.24.attention.o_proj,attention.o_proj,4096,4096,sparse_bf16,False,,[Errno 2] No such file or directory: 'fake/kernels/cutlass/cutlass_wrapper/artifacts/modeling/sparse_bf16/sparse_bf16_model.json',,model_missing,False
32,261,8352,8352,backbone.layer.24.attention.o_proj,attention.o_proj,4096,4096,sparse_nvfp4,False,,[Errno 2] No such file or directory: 'fake/kernels/cutlass/cutlass_wrapper/artifacts/modeling/sparse_nvfp4/sparse_nvfp4_model.json',,model_missing,False
32,261,8352,8352,backbone.layer.24.mlp.gate_proj,mlp.gate_proj,8192,4096,dense_bf16,False,,[Errno 2] No such file or directory: 'fake/kernels/cutlass/cutlass_wrapper/artifacts/modeling/dense_bf16/dense_bf16_model.json',,model_missing,True
32,261,8352,8352,backbone.layer.24.mlp.gate_proj,mlp.gate_proj,8192,4096,dense_nvfp4,False,,[Errno 2] No such file or directory: 'fake/kernels/cutlass/cutlass_wrapper/artifacts/modeling/dense_nvfp4/dense_nvfp4_model.json',,model_missing,False
32,261,8352,8352,backbone.layer.24.mlp.gate_proj,mlp.gate_proj,8192,4096,sparse_bf16,False,,[Errno 2] No such file or directory: 'fake/kernels/cutlass/cutlass_wrapper/artifacts/modeling/sparse_bf16/sparse_bf16_model.json',,model_missing,False
32,261,8352,8352,backbone.layer.24.mlp.gate_proj,mlp.gate_proj,8192,4096,sparse_nvfp4,False,,[Errno 2] No such file or directory: 'fake/kernels/cutlass/cutlass_wrapper/artifacts/modeling/sparse_nvfp4/sparse_nvfp4_model.json',,model_missing,False
32,261,8352,8352,backbone.layer.24.mlp.up_proj,mlp.up_proj,8192,4096,dense_bf16,False,,[Errno 2] No such file or directory: 'fake/kernels/cutlass/cutlass_wrapper/artifacts/modeling/dense_bf16/dense_bf16_model.json',,model_missing,True
32,261,8352,8352,backbone.layer.24.mlp.up_proj,mlp.up_proj,8192,4096,dense_nvfp4,False,,[Errno 2] No such file or directory: 'fake/kernels/cutlass/cutlass_wrapper/artifacts/modeling/dense_nvfp4/dense_nvfp4_model.json',,model_missing,False
32,261,8352,8352,backbone.layer.24.mlp.up_proj,mlp.up_proj,8192,4096,sparse_bf16,False,,[Errno 2] No such file or directory: 'fake/kernels/cutlass/cutlass_wrapper/artifacts/modeling/sparse_bf16/sparse_bf16_model.json',,model_missing,False
32,261,8352,8352,backbone.layer.24.mlp.up_proj,mlp.up_proj,8192,4096,sparse_nvfp4,False,,[Errno 2] No such file or directory: 'fake/kernels/cutlass/cutlass_wrapper/artifacts/modeling/sparse_nvfp4/sparse_nvfp4_model.json',,model_missing,False
32,261,8352,8352,backbone.layer.24.mlp.down_proj,mlp.down_proj,4096,8192,dense_bf16,False,,[Errno 2] No such file or directory: 'fake/kernels/cutlass/cutlass_wrapper/artifacts/modeling/dense_bf16/dense_bf16_model.json',,model_missing,True
32,261,8352,8352,backbone.layer.24.mlp.down_proj,mlp.down_proj,4096,8192,dense_nvfp4,False,,[Errno 2] No such file or directory: 'fake/kernels/cutlass/cutlass_wrapper/artifacts/modeling/dense_nvfp4/dense_nvfp4_model.json',,model_missing,False
32,261,8352,8352,backbone.layer.24.mlp.down_proj,mlp.down_proj,4096,8192,sparse_bf16,False,,[Errno 2] No such file or directory: 'fake/kernels/cutlass/cutlass_wrapper/artifacts/modeling/sparse_bf16/sparse_bf16_model.json',,model_missing,False
32,261,8352,8352,backbone.layer.24.mlp.down_proj,mlp.down_proj,4096,8192,sparse_nvfp4,False,,[Errno 2] No such file or directory: 'fake/kernels/cutlass/cutlass_wrapper/artifacts/modeling/sparse_nvfp4/sparse_nvfp4_model.json',,model_missing,False
32,261,8352,8352,backbone.layer.25.attention.k_proj,attention.k_proj,4096,4096,dense_bf16,False,,[Errno 2] No such file or directory: 'fake/kernels/cutlass/cutlass_wrapper/artifacts/modeling/dense_bf16/dense_bf16_model.json',,model_missing,True
32,261,8352,8352,backbone.layer.25.attention.k_proj,attention.k_proj,4096,4096,dense_nvfp4,False,,[Errno 2] No such file or directory: 'fake/kernels/cutlass/cutlass_wrapper/artifacts/modeling/dense_nvfp4/dense_nvfp4_model.json',,model_missing,False
32,261,8352,8352,backbone.layer.25.attention.k_proj,attention.k_proj,4096,4096,sparse_bf16,False,,[Errno 2] No such file or directory: 'fake/kernels/cutlass/cutlass_wrapper/artifacts/modeling/sparse_bf16/sparse_bf16_model.json',,model_missing,False
32,261,8352,8352,backbone.layer.25.attention.k_proj,attention.k_proj,4096,4096,sparse_nvfp4,False,,[Errno 2] No such file or directory: 'fake/kernels/cutlass/cutlass_wrapper/artifacts/modeling/sparse_nvfp4/sparse_nvfp4_model.json',,model_missing,False
32,261,8352,8352,backbone.layer.25.attention.v_proj,attention.v_proj,4096,4096,dense_bf16,False,,[Errno 2] No such file or directory: 'fake/kernels/cutlass/cutlass_wrapper/artifacts/modeling/dense_bf16/dense_bf16_model.json',,model_missing,True
32,261,8352,8352,backbone.layer.25.attention.v_proj,attention.v_proj,4096,4096,dense_nvfp4,False,,[Errno 2] No such file or directory: 'fake/kernels/cutlass/cutlass_wrapper/artifacts/modeling/dense_nvfp4/dense_nvfp4_model.json',,model_missing,False
32,261,8352,8352,backbone.layer.25.attention.v_proj,attention.v_proj,4096,4096,sparse_bf16,False,,[Errno 2] No such file or directory: 'fake/kernels/cutlass/cutlass_wrapper/artifacts/modeling/sparse_bf16/sparse_bf16_model.json',,model_missing,False
32,261,8352,8352,backbone.layer.25.attention.v_proj,attention.v_proj,4096,4096,sparse_nvfp4,False,,[Errno 2] No such file or directory: 'fake/kernels/cutlass/cutlass_wrapper/artifacts/modeling/sparse_nvfp4/sparse_nvfp4_model.json',,model_missing,False
32,261,8352,8352,backbone.layer.25.attention.q_proj,attention.q_proj,4096,4096,dense_bf16,False,,[Errno 2] No such file or directory: 'fake/kernels/cutlass/cutlass_wrapper/artifacts/modeling/dense_bf16/dense_bf16_model.json',,model_missing,True
32,261,8352,8352,backbone.layer.25.attention.q_proj,attention.q_proj,4096,4096,dense_nvfp4,False,,[Errno 2] No such file or directory: 'fake/kernels/cutlass/cutlass_wrapper/artifacts/modeling/dense_nvfp4/dense_nvfp4_model.json',,model_missing,False
32,261,8352,8352,backbone.layer.25.attention.q_proj,attention.q_proj,4096,4096,sparse_bf16,False,,[Errno 2] No such file or directory: 'fake/kernels/cutlass/cutlass_wrapper/artifacts/modeling/sparse_bf16/sparse_bf16_model.json',,model_missing,False
32,261,8352,8352,backbone.layer.25.attention.q_proj,attention.q_proj,4096,4096,sparse_nvfp4,False,,[Errno 2] No such file or directory: 'fake/kernels/cutlass/cutlass_wrapper/artifacts/modeling/sparse_nvfp4/sparse_nvfp4_model.json',,model_missing,False
32,261,8352,8352,backbone.layer.25.attention.o_proj,attention.o_proj,4096,4096,dense_bf16,False,,[Errno 2] No such file or directory: 'fake/kernels/cutlass/cutlass_wrapper/artifacts/modeling/dense_bf16/dense_bf16_model.json',,model_missing,True
32,261,8352,8352,backbone.layer.25.attention.o_proj,attention.o_proj,4096,4096,dense_nvfp4,False,,[Errno 2] No such file or directory: 'fake/kernels/cutlass/cutlass_wrapper/artifacts/modeling/dense_nvfp4/dense_nvfp4_model.json',,model_missing,False
32,261,8352,8352,backbone.layer.25.attention.o_proj,attention.o_proj,4096,4096,sparse_bf16,False,,[Errno 2] No such file or directory: 'fake/kernels/cutlass/cutlass_wrapper/artifacts/modeling/sparse_bf16/sparse_bf16_model.json',,model_missing,False
32,261,8352,8352,backbone.layer.25.attention.o_proj,attention.o_proj,4096,4096,sparse_nvfp4,False,,[Errno 2] No such file or directory: 'fake/kernels/cutlass/cutlass_wrapper/artifacts/modeling/sparse_nvfp4/sparse_nvfp4_model.json',,model_missing,False
32,261,8352,8352,backbone.layer.25.mlp.gate_proj,mlp.gate_proj,8192,4096,dense_bf16,False,,[Errno 2] No such file or directory: 'fake/kernels/cutlass/cutlass_wrapper/artifacts/modeling/dense_bf16/dense_bf16_model.json',,model_missing,True
32,261,8352,8352,backbone.layer.25.mlp.gate_proj,mlp.gate_proj,8192,4096,dense_nvfp4,False,,[Errno 2] No such file or directory: 'fake/kernels/cutlass/cutlass_wrapper/artifacts/modeling/dense_nvfp4/dense_nvfp4_model.json',,model_missing,False
32,261,8352,8352,backbone.layer.25.mlp.gate_proj,mlp.gate_proj,8192,4096,sparse_bf16,False,,[Errno 2] No such file or directory: 'fake/kernels/cutlass/cutlass_wrapper/artifacts/modeling/sparse_bf16/sparse_bf16_model.json',,model_missing,False
32,261,8352,8352,backbone.layer.25.mlp.gate_proj,mlp.gate_proj,8192,4096,sparse_nvfp4,False,,[Errno 2] No such file or directory: 'fake/kernels/cutlass/cutlass_wrapper/artifacts/modeling/sparse_nvfp4/sparse_nvfp4_model.json',,model_missing,False
32,261,8352,8352,backbone.layer.25.mlp.up_proj,mlp.up_proj,8192,4096,dense_bf16,False,,[Errno 2] No such file or directory: 'fake/kernels/cutlass/cutlass_wrapper/artifacts/modeling/dense_bf16/dense_bf16_model.json',,model_missing,True
32,261,8352,8352,backbone.layer.25.mlp.up_proj,mlp.up_proj,8192,4096,dense_nvfp4,False,,[Errno 2] No such file or directory: 'fake/kernels/cutlass/cutlass_wrapper/artifacts/modeling/dense_nvfp4/dense_nvfp4_model.json',,model_missing,False
32,261,8352,8352,backbone.layer.25.mlp.up_proj,mlp.up_proj,8192,4096,sparse_bf16,False,,[Errno 2] No such file or directory: 'fake/kernels/cutlass/cutlass_wrapper/artifacts/modeling/sparse_bf16/sparse_bf16_model.json',,model_missing,False
32,261,8352,8352,backbone.layer.25.mlp.up_proj,mlp.up_proj,8192,4096,sparse_nvfp4,False,,[Errno 2] No such file or directory: 'fake/kernels/cutlass/cutlass_wrapper/artifacts/modeling/sparse_nvfp4/sparse_nvfp4_model.json',,model_missing,False
32,261,8352,8352,backbone.layer.25.mlp.down_proj,mlp.down_proj,4096,8192,dense_bf16,False,,[Errno 2] No such file or directory: 'fake/kernels/cutlass/cutlass_wrapper/artifacts/modeling/dense_bf16/dense_bf16_model.json',,model_missing,True
32,261,8352,8352,backbone.layer.25.mlp.down_proj,mlp.down_proj,4096,8192,dense_nvfp4,False,,[Errno 2] No such file or directory: 'fake/kernels/cutlass/cutlass_wrapper/artifacts/modeling/dense_nvfp4/dense_nvfp4_model.json',,model_missing,False
32,261,8352,8352,backbone.layer.25.mlp.down_proj,mlp.down_proj,4096,8192,sparse_bf16,False,,[Errno 2] No such file or directory: 'fake/kernels/cutlass/cutlass_wrapper/artifacts/modeling/sparse_bf16/sparse_bf16_model.json',,model_missing,False
32,261,8352,8352,backbone.layer.25.mlp.down_proj,mlp.down_proj,4096,8192,sparse_nvfp4,False,,[Errno 2] No such file or directory: 'fake/kernels/cutlass/cutlass_wrapper/artifacts/modeling/sparse_nvfp4/sparse_nvfp4_model.json',,model_missing,False
32,261,8352,8352,backbone.layer.26.attention.k_proj,attention.k_proj,4096,4096,dense_bf16,False,,[Errno 2] No such file or directory: 'fake/kernels/cutlass/cutlass_wrapper/artifacts/modeling/dense_bf16/dense_bf16_model.json',,model_missing,True
32,261,8352,8352,backbone.layer.26.attention.k_proj,attention.k_proj,4096,4096,dense_nvfp4,False,,[Errno 2] No such file or directory: 'fake/kernels/cutlass/cutlass_wrapper/artifacts/modeling/dense_nvfp4/dense_nvfp4_model.json',,model_missing,False
32,261,8352,8352,backbone.layer.26.attention.k_proj,attention.k_proj,4096,4096,sparse_bf16,False,,[Errno 2] No such file or directory: 'fake/kernels/cutlass/cutlass_wrapper/artifacts/modeling/sparse_bf16/sparse_bf16_model.json',,model_missing,False
32,261,8352,8352,backbone.layer.26.attention.k_proj,attention.k_proj,4096,4096,sparse_nvfp4,False,,[Errno 2] No such file or directory: 'fake/kernels/cutlass/cutlass_wrapper/artifacts/modeling/sparse_nvfp4/sparse_nvfp4_model.json',,model_missing,False
32,261,8352,8352,backbone.layer.26.attention.v_proj,attention.v_proj,4096,4096,dense_bf16,False,,[Errno 2] No such file or directory: 'fake/kernels/cutlass/cutlass_wrapper/artifacts/modeling/dense_bf16/dense_bf16_model.json',,model_missing,True
32,261,8352,8352,backbone.layer.26.attention.v_proj,attention.v_proj,4096,4096,dense_nvfp4,False,,[Errno 2] No such file or directory: 'fake/kernels/cutlass/cutlass_wrapper/artifacts/modeling/dense_nvfp4/dense_nvfp4_model.json',,model_missing,False
32,261,8352,8352,backbone.layer.26.attention.v_proj,attention.v_proj,4096,4096,sparse_bf16,False,,[Errno 2] No such file or directory: 'fake/kernels/cutlass/cutlass_wrapper/artifacts/modeling/sparse_bf16/sparse_bf16_model.json',,model_missing,False
32,261,8352,8352,backbone.layer.26.attention.v_proj,attention.v_proj,4096,4096,sparse_nvfp4,False,,[Errno 2] No such file or directory: 'fake/kernels/cutlass/cutlass_wrapper/artifacts/modeling/sparse_nvfp4/sparse_nvfp4_model.json',,model_missing,False
32,261,8352,8352,backbone.layer.26.attention.q_proj,attention.q_proj,4096,4096,dense_bf16,False,,[Errno 2] No such file or directory: 'fake/kernels/cutlass/cutlass_wrapper/artifacts/modeling/dense_bf16/dense_bf16_model.json',,model_missing,True
32,261,8352,8352,backbone.layer.26.attention.q_proj,attention.q_proj,4096,4096,dense_nvfp4,False,,[Errno 2] No such file or directory: 'fake/kernels/cutlass/cutlass_wrapper/artifacts/modeling/dense_nvfp4/dense_nvfp4_model.json',,model_missing,False
32,261,8352,8352,backbone.layer.26.attention.q_proj,attention.q_proj,4096,4096,sparse_bf16,False,,[Errno 2] No such file or directory: 'fake/kernels/cutlass/cutlass_wrapper/artifacts/modeling/sparse_bf16/sparse_bf16_model.json',,model_missing,False
32,261,8352,8352,backbone.layer.26.attention.q_proj,attention.q_proj,4096,4096,sparse_nvfp4,False,,[Errno 2] No such file or directory: 'fake/kernels/cutlass/cutlass_wrapper/artifacts/modeling/sparse_nvfp4/sparse_nvfp4_model.json',,model_missing,False
32,261,8352,8352,backbone.layer.26.attention.o_proj,attention.o_proj,4096,4096,dense_bf16,False,,[Errno 2] No such file or directory: 'fake/kernels/cutlass/cutlass_wrapper/artifacts/modeling/dense_bf16/dense_bf16_model.json',,model_missing,True
32,261,8352,8352,backbone.layer.26.attention.o_proj,attention.o_proj,4096,4096,dense_nvfp4,False,,[Errno 2] No such file or directory: 'fake/kernels/cutlass/cutlass_wrapper/artifacts/modeling/dense_nvfp4/dense_nvfp4_model.json',,model_missing,False
32,261,8352,8352,backbone.layer.26.attention.o_proj,attention.o_proj,4096,4096,sparse_bf16,False,,[Errno 2] No such file or directory: 'fake/kernels/cutlass/cutlass_wrapper/artifacts/modeling/sparse_bf16/sparse_bf16_model.json',,model_missing,False
32,261,8352,8352,backbone.layer.26.attention.o_proj,attention.o_proj,4096,4096,sparse_nvfp4,False,,[Errno 2] No such file or directory: 'fake/kernels/cutlass/cutlass_wrapper/artifacts/modeling/sparse_nvfp4/sparse_nvfp4_model.json',,model_missing,False
32,261,8352,8352,backbone.layer.26.mlp.gate_proj,mlp.gate_proj,8192,4096,dense_bf16,False,,[Errno 2] No such file or directory: 'fake/kernels/cutlass/cutlass_wrapper/artifacts/modeling/dense_bf16/dense_bf16_model.json',,model_missing,True
32,261,8352,8352,backbone.layer.26.mlp.gate_proj,mlp.gate_proj,8192,4096,dense_nvfp4,False,,[Errno 2] No such file or directory: 'fake/kernels/cutlass/cutlass_wrapper/artifacts/modeling/dense_nvfp4/dense_nvfp4_model.json',,model_missing,False
32,261,8352,8352,backbone.layer.26.mlp.gate_proj,mlp.gate_proj,8192,4096,sparse_bf16,False,,[Errno 2] No such file or directory: 'fake/kernels/cutlass/cutlass_wrapper/artifacts/modeling/sparse_bf16/sparse_bf16_model.json',,model_missing,False
32,261,8352,8352,backbone.layer.26.mlp.gate_proj,mlp.gate_proj,8192,4096,sparse_nvfp4,False,,[Errno 2] No such file or directory: 'fake/kernels/cutlass/cutlass_wrapper/artifacts/modeling/sparse_nvfp4/sparse_nvfp4_model.json',,model_missing,False
32,261,8352,8352,backbone.layer.26.mlp.up_proj,mlp.up_proj,8192,4096,dense_bf16,False,,[Errno 2] No such file or directory: 'fake/kernels/cutlass/cutlass_wrapper/artifacts/modeling/dense_bf16/dense_bf16_model.json',,model_missing,True
32,261,8352,8352,backbone.layer.26.mlp.up_proj,mlp.up_proj,8192,4096,dense_nvfp4,False,,[Errno 2] No such file or directory: 'fake/kernels/cutlass/cutlass_wrapper/artifacts/modeling/dense_nvfp4/dense_nvfp4_model.json',,model_missing,False
32,261,8352,8352,backbone.layer.26.mlp.up_proj,mlp.up_proj,8192,4096,sparse_bf16,False,,[Errno 2] No such file or directory: 'fake/kernels/cutlass/cutlass_wrapper/artifacts/modeling/sparse_bf16/sparse_bf16_model.json',,model_missing,False
32,261,8352,8352,backbone.layer.26.mlp.up_proj,mlp.up_proj,8192,4096,sparse_nvfp4,False,,[Errno 2] No such file or directory: 'fake/kernels/cutlass/cutlass_wrapper/artifacts/modeling/sparse_nvfp4/sparse_nvfp4_model.json',,model_missing,False
32,261,8352,8352,backbone.layer.26.mlp.down_proj,mlp.down_proj,4096,8192,dense_bf16,False,,[Errno 2] No such file or directory: 'fake/kernels/cutlass/cutlass_wrapper/artifacts/modeling/dense_bf16/dense_bf16_model.json',,model_missing,True
32,261,8352,8352,backbone.layer.26.mlp.down_proj,mlp.down_proj,4096,8192,dense_nvfp4,False,,[Errno 2] No such file or directory: 'fake/kernels/cutlass/cutlass_wrapper/artifacts/modeling/dense_nvfp4/dense_nvfp4_model.json',,model_missing,False
32,261,8352,8352,backbone.layer.26.mlp.down_proj,mlp.down_proj,4096,8192,sparse_bf16,False,,[Errno 2] No such file or directory: 'fake/kernels/cutlass/cutlass_wrapper/artifacts/modeling/sparse_bf16/sparse_bf16_model.json',,model_missing,False
32,261,8352,8352,backbone.layer.26.mlp.down_proj,mlp.down_proj,4096,8192,sparse_nvfp4,False,,[Errno 2] No such file or directory: 'fake/kernels/cutlass/cutlass_wrapper/artifacts/modeling/sparse_nvfp4/sparse_nvfp4_model.json',,model_missing,False
32,261,8352,8352,backbone.layer.27.attention.k_proj,attention.k_proj,4096,4096,dense_bf16,False,,[Errno 2] No such file or directory: 'fake/kernels/cutlass/cutlass_wrapper/artifacts/modeling/dense_bf16/dense_bf16_model.json',,model_missing,True
32,261,8352,8352,backbone.layer.27.attention.k_proj,attention.k_proj,4096,4096,dense_nvfp4,False,,[Errno 2] No such file or directory: 'fake/kernels/cutlass/cutlass_wrapper/artifacts/modeling/dense_nvfp4/dense_nvfp4_model.json',,model_missing,False
32,261,8352,8352,backbone.layer.27.attention.k_proj,attention.k_proj,4096,4096,sparse_bf16,False,,[Errno 2] No such file or directory: 'fake/kernels/cutlass/cutlass_wrapper/artifacts/modeling/sparse_bf16/sparse_bf16_model.json',,model_missing,False
32,261,8352,8352,backbone.layer.27.attention.k_proj,attention.k_proj,4096,4096,sparse_nvfp4,False,,[Errno 2] No such file or directory: 'fake/kernels/cutlass/cutlass_wrapper/artifacts/modeling/sparse_nvfp4/sparse_nvfp4_model.json',,model_missing,False
32,261,8352,8352,backbone.layer.27.attention.v_proj,attention.v_proj,4096,4096,dense_bf16,False,,[Errno 2] No such file or directory: 'fake/kernels/cutlass/cutlass_wrapper/artifacts/modeling/dense_bf16/dense_bf16_model.json',,model_missing,True
32,261,8352,8352,backbone.layer.27.attention.v_proj,attention.v_proj,4096,4096,dense_nvfp4,False,,[Errno 2] No such file or directory: 'fake/kernels/cutlass/cutlass_wrapper/artifacts/modeling/dense_nvfp4/dense_nvfp4_model.json',,model_missing,False
32,261,8352,8352,backbone.layer.27.attention.v_proj,attention.v_proj,4096,4096,sparse_bf16,False,,[Errno 2] No such file or directory: 'fake/kernels/cutlass/cutlass_wrapper/artifacts/modeling/sparse_bf16/sparse_bf16_model.json',,model_missing,False
32,261,8352,8352,backbone.layer.27.attention.v_proj,attention.v_proj,4096,4096,sparse_nvfp4,False,,[Errno 2] No such file or directory: 'fake/kernels/cutlass/cutlass_wrapper/artifacts/modeling/sparse_nvfp4/sparse_nvfp4_model.json',,model_missing,False
32,261,8352,8352,backbone.layer.27.attention.q_proj,attention.q_proj,4096,4096,dense_bf16,False,,[Errno 2] No such file or directory: 'fake/kernels/cutlass/cutlass_wrapper/artifacts/modeling/dense_bf16/dense_bf16_model.json',,model_missing,True
32,261,8352,8352,backbone.layer.27.attention.q_proj,attention.q_proj,4096,4096,dense_nvfp4,False,,[Errno 2] No such file or directory: 'fake/kernels/cutlass/cutlass_wrapper/artifacts/modeling/dense_nvfp4/dense_nvfp4_model.json',,model_missing,False
32,261,8352,8352,backbone.layer.27.attention.q_proj,attention.q_proj,4096,4096,sparse_bf16,False,,[Errno 2] No such file or directory: 'fake/kernels/cutlass/cutlass_wrapper/artifacts/modeling/sparse_bf16/sparse_bf16_model.json',,model_missing,False
32,261,8352,8352,backbone.layer.27.attention.q_proj,attention.q_proj,4096,4096,sparse_nvfp4,False,,[Errno 2] No such file or directory: 'fake/kernels/cutlass/cutlass_wrapper/artifacts/modeling/sparse_nvfp4/sparse_nvfp4_model.json',,model_missing,False
32,261,8352,8352,backbone.layer.27.attention.o_proj,attention.o_proj,4096,4096,dense_bf16,False,,[Errno 2] No such file or directory: 'fake/kernels/cutlass/cutlass_wrapper/artifacts/modeling/dense_bf16/dense_bf16_model.json',,model_missing,True
32,261,8352,8352,backbone.layer.27.attention.o_proj,attention.o_proj,4096,4096,dense_nvfp4,False,,[Errno 2] No such file or directory: 'fake/kernels/cutlass/cutlass_wrapper/artifacts/modeling/dense_nvfp4/dense_nvfp4_model.json',,model_missing,False
32,261,8352,8352,backbone.layer.27.attention.o_proj,attention.o_proj,4096,4096,sparse_bf16,False,,[Errno 2] No such file or directory: 'fake/kernels/cutlass/cutlass_wrapper/artifacts/modeling/sparse_bf16/sparse_bf16_model.json',,model_missing,False
32,261,8352,8352,backbone.layer.27.attention.o_proj,attention.o_proj,4096,4096,sparse_nvfp4,False,,[Errno 2] No such file or directory: 'fake/kernels/cutlass/cutlass_wrapper/artifacts/modeling/sparse_nvfp4/sparse_nvfp4_model.json',,model_missing,False
32,261,8352,8352,backbone.layer.27.mlp.gate_proj,mlp.gate_proj,8192,4096,dense_bf16,False,,[Errno 2] No such file or directory: 'fake/kernels/cutlass/cutlass_wrapper/artifacts/modeling/dense_bf16/dense_bf16_model.json',,model_missing,True
32,261,8352,8352,backbone.layer.27.mlp.gate_proj,mlp.gate_proj,8192,4096,dense_nvfp4,False,,[Errno 2] No such file or directory: 'fake/kernels/cutlass/cutlass_wrapper/artifacts/modeling/dense_nvfp4/dense_nvfp4_model.json',,model_missing,False
32,261,8352,8352,backbone.layer.27.mlp.gate_proj,mlp.gate_proj,8192,4096,sparse_bf16,False,,[Errno 2] No such file or directory: 'fake/kernels/cutlass/cutlass_wrapper/artifacts/modeling/sparse_bf16/sparse_bf16_model.json',,model_missing,False
32,261,8352,8352,backbone.layer.27.mlp.gate_proj,mlp.gate_proj,8192,4096,sparse_nvfp4,False,,[Errno 2] No such file or directory: 'fake/kernels/cutlass/cutlass_wrapper/artifacts/modeling/sparse_nvfp4/sparse_nvfp4_model.json',,model_missing,False
32,261,8352,8352,backbone.layer.27.mlp.up_proj,mlp.up_proj,8192,4096,dense_bf16,False,,[Errno 2] No such file or directory: 'fake/kernels/cutlass/cutlass_wrapper/artifacts/modeling/dense_bf16/dense_bf16_model.json',,model_missing,True
32,261,8352,8352,backbone.layer.27.mlp.up_proj,mlp.up_proj,8192,4096,dense_nvfp4,False,,[Errno 2] No such file or directory: 'fake/kernels/cutlass/cutlass_wrapper/artifacts/modeling/dense_nvfp4/dense_nvfp4_model.json',,model_missing,False
32,261,8352,8352,backbone.layer.27.mlp.up_proj,mlp.up_proj,8192,4096,sparse_bf16,False,,[Errno 2] No such file or directory: 'fake/kernels/cutlass/cutlass_wrapper/artifacts/modeling/sparse_bf16/sparse_bf16_model.json',,model_missing,False
32,261,8352,8352,backbone.layer.27.mlp.up_proj,mlp.up_proj,8192,4096,sparse_nvfp4,False,,[Errno 2] No such file or directory: 'fake/kernels/cutlass/cutlass_wrapper/artifacts/modeling/sparse_nvfp4/sparse_nvfp4_model.json',,model_missing,False
32,261,8352,8352,backbone.layer.27.mlp.down_proj,mlp.down_proj,4096,8192,dense_bf16,False,,[Errno 2] No such file or directory: 'fake/kernels/cutlass/cutlass_wrapper/artifacts/modeling/dense_bf16/dense_bf16_model.json',,model_missing,True
32,261,8352,8352,backbone.layer.27.mlp.down_proj,mlp.down_proj,4096,8192,dense_nvfp4,False,,[Errno 2] No such file or directory: 'fake/kernels/cutlass/cutlass_wrapper/artifacts/modeling/dense_nvfp4/dense_nvfp4_model.json',,model_missing,False
32,261,8352,8352,backbone.layer.27.mlp.down_proj,mlp.down_proj,4096,8192,sparse_bf16,False,,[Errno 2] No such file or directory: 'fake/kernels/cutlass/cutlass_wrapper/artifacts/modeling/sparse_bf16/sparse_bf16_model.json',,model_missing,False
32,261,8352,8352,backbone.layer.27.mlp.down_proj,mlp.down_proj,4096,8192,sparse_nvfp4,False,,[Errno 2] No such file or directory: 'fake/kernels/cutlass/cutlass_wrapper/artifacts/modeling/sparse_nvfp4/sparse_nvfp4_model.json',,model_missing,False
32,261,8352,8352,backbone.layer.28.attention.k_proj,attention.k_proj,4096,4096,dense_bf16,False,,[Errno 2] No such file or directory: 'fake/kernels/cutlass/cutlass_wrapper/artifacts/modeling/dense_bf16/dense_bf16_model.json',,model_missing,True
32,261,8352,8352,backbone.layer.28.attention.k_proj,attention.k_proj,4096,4096,dense_nvfp4,False,,[Errno 2] No such file or directory: 'fake/kernels/cutlass/cutlass_wrapper/artifacts/modeling/dense_nvfp4/dense_nvfp4_model.json',,model_missing,False
32,261,8352,8352,backbone.layer.28.attention.k_proj,attention.k_proj,4096,4096,sparse_bf16,False,,[Errno 2] No such file or directory: 'fake/kernels/cutlass/cutlass_wrapper/artifacts/modeling/sparse_bf16/sparse_bf16_model.json',,model_missing,False
32,261,8352,8352,backbone.layer.28.attention.k_proj,attention.k_proj,4096,4096,sparse_nvfp4,False,,[Errno 2] No such file or directory: 'fake/kernels/cutlass/cutlass_wrapper/artifacts/modeling/sparse_nvfp4/sparse_nvfp4_model.json',,model_missing,False
32,261,8352,8352,backbone.layer.28.attention.v_proj,attention.v_proj,4096,4096,dense_bf16,False,,[Errno 2] No such file or directory: 'fake/kernels/cutlass/cutlass_wrapper/artifacts/modeling/dense_bf16/dense_bf16_model.json',,model_missing,True
32,261,8352,8352,backbone.layer.28.attention.v_proj,attention.v_proj,4096,4096,dense_nvfp4,False,,[Errno 2] No such file or directory: 'fake/kernels/cutlass/cutlass_wrapper/artifacts/modeling/dense_nvfp4/dense_nvfp4_model.json',,model_missing,False
32,261,8352,8352,backbone.layer.28.attention.v_proj,attention.v_proj,4096,4096,sparse_bf16,False,,[Errno 2] No such file or directory: 'fake/kernels/cutlass/cutlass_wrapper/artifacts/modeling/sparse_bf16/sparse_bf16_model.json',,model_missing,False
32,261,8352,8352,backbone.layer.28.attention.v_proj,attention.v_proj,4096,4096,sparse_nvfp4,False,,[Errno 2] No such file or directory: 'fake/kernels/cutlass/cutlass_wrapper/artifacts/modeling/sparse_nvfp4/sparse_nvfp4_model.json',,model_missing,False
32,261,8352,8352,backbone.layer.28.attention.q_proj,attention.q_proj,4096,4096,dense_bf16,False,,[Errno 2] No such file or directory: 'fake/kernels/cutlass/cutlass_wrapper/artifacts/modeling/dense_bf16/dense_bf16_model.json',,model_missing,True
32,261,8352,8352,backbone.layer.28.attention.q_proj,attention.q_proj,4096,4096,dense_nvfp4,False,,[Errno 2] No such file or directory: 'fake/kernels/cutlass/cutlass_wrapper/artifacts/modeling/dense_nvfp4/dense_nvfp4_model.json',,model_missing,False
32,261,8352,8352,backbone.layer.28.attention.q_proj,attention.q_proj,4096,4096,sparse_bf16,False,,[Errno 2] No such file or directory: 'fake/kernels/cutlass/cutlass_wrapper/artifacts/modeling/sparse_bf16/sparse_bf16_model.json',,model_missing,False
32,261,8352,8352,backbone.layer.28.attention.q_proj,attention.q_proj,4096,4096,sparse_nvfp4,False,,[Errno 2] No such file or directory: 'fake/kernels/cutlass/cutlass_wrapper/artifacts/modeling/sparse_nvfp4/sparse_nvfp4_model.json',,model_missing,False
32,261,8352,8352,backbone.layer.28.attention.o_proj,attention.o_proj,4096,4096,dense_bf16,False,,[Errno 2] No such file or directory: 'fake/kernels/cutlass/cutlass_wrapper/artifacts/modeling/dense_bf16/dense_bf16_model.json',,model_missing,True
32,261,8352,8352,backbone.layer.28.attention.o_proj,attention.o_proj,4096,4096,dense_nvfp4,False,,[Errno 2] No such file or directory: 'fake/kernels/cutlass/cutlass_wrapper/artifacts/modeling/dense_nvfp4/dense_nvfp4_model.json',,model_missing,False
32,261,8352,8352,backbone.layer.28.attention.o_proj,attention.o_proj,4096,4096,sparse_bf16,False,,[Errno 2] No such file or directory: 'fake/kernels/cutlass/cutlass_wrapper/artifacts/modeling/sparse_bf16/sparse_bf16_model.json',,model_missing,False
32,261,8352,8352,backbone.layer.28.attention.o_proj,attention.o_proj,4096,4096,sparse_nvfp4,False,,[Errno 2] No such file or directory: 'fake/kernels/cutlass/cutlass_wrapper/artifacts/modeling/sparse_nvfp4/sparse_nvfp4_model.json',,model_missing,False
32,261,8352,8352,backbone.layer.28.mlp.gate_proj,mlp.gate_proj,8192,4096,dense_bf16,False,,[Errno 2] No such file or directory: 'fake/kernels/cutlass/cutlass_wrapper/artifacts/modeling/dense_bf16/dense_bf16_model.json',,model_missing,True
32,261,8352,8352,backbone.layer.28.mlp.gate_proj,mlp.gate_proj,8192,4096,dense_nvfp4,False,,[Errno 2] No such file or directory: 'fake/kernels/cutlass/cutlass_wrapper/artifacts/modeling/dense_nvfp4/dense_nvfp4_model.json',,model_missing,False
32,261,8352,8352,backbone.layer.28.mlp.gate_proj,mlp.gate_proj,8192,4096,sparse_bf16,False,,[Errno 2] No such file or directory: 'fake/kernels/cutlass/cutlass_wrapper/artifacts/modeling/sparse_bf16/sparse_bf16_model.json',,model_missing,False
32,261,8352,8352,backbone.layer.28.mlp.gate_proj,mlp.gate_proj,8192,4096,sparse_nvfp4,False,,[Errno 2] No such file or directory: 'fake/kernels/cutlass/cutlass_wrapper/artifacts/modeling/sparse_nvfp4/sparse_nvfp4_model.json',,model_missing,False
32,261,8352,8352,backbone.layer.28.mlp.up_proj,mlp.up_proj,8192,4096,dense_bf16,False,,[Errno 2] No such file or directory: 'fake/kernels/cutlass/cutlass_wrapper/artifacts/modeling/dense_bf16/dense_bf16_model.json',,model_missing,True
32,261,8352,8352,backbone.layer.28.mlp.up_proj,mlp.up_proj,8192,4096,dense_nvfp4,False,,[Errno 2] No such file or directory: 'fake/kernels/cutlass/cutlass_wrapper/artifacts/modeling/dense_nvfp4/dense_nvfp4_model.json',,model_missing,False
32,261,8352,8352,backbone.layer.28.mlp.up_proj,mlp.up_proj,8192,4096,sparse_bf16,False,,[Errno 2] No such file or directory: 'fake/kernels/cutlass/cutlass_wrapper/artifacts/modeling/sparse_bf16/sparse_bf16_model.json',,model_missing,False
32,261,8352,8352,backbone.layer.28.mlp.up_proj,mlp.up_proj,8192,4096,sparse_nvfp4,False,,[Errno 2] No such file or directory: 'fake/kernels/cutlass/cutlass_wrapper/artifacts/modeling/sparse_nvfp4/sparse_nvfp4_model.json',,model_missing,False
32,261,8352,8352,backbone.layer.28.mlp.down_proj,mlp.down_proj,4096,8192,dense_bf16,False,,[Errno 2] No such file or directory: 'fake/kernels/cutlass/cutlass_wrapper/artifacts/modeling/dense_bf16/dense_bf16_model.json',,model_missing,True
32,261,8352,8352,backbone.layer.28.mlp.down_proj,mlp.down_proj,4096,8192,dense_nvfp4,False,,[Errno 2] No such file or directory: 'fake/kernels/cutlass/cutlass_wrapper/artifacts/modeling/dense_nvfp4/dense_nvfp4_model.json',,model_missing,False
32,261,8352,8352,backbone.layer.28.mlp.down_proj,mlp.down_proj,4096,8192,sparse_bf16,False,,[Errno 2] No such file or directory: 'fake/kernels/cutlass/cutlass_wrapper/artifacts/modeling/sparse_bf16/sparse_bf16_model.json',,model_missing,False
32,261,8352,8352,backbone.layer.28.mlp.down_proj,mlp.down_proj,4096,8192,sparse_nvfp4,False,,[Errno 2] No such file or directory: 'fake/kernels/cutlass/cutlass_wrapper/artifacts/modeling/sparse_nvfp4/sparse_nvfp4_model.json',,model_missing,False
32,261,8352,8352,backbone.layer.29.attention.k_proj,attention.k_proj,4096,4096,dense_bf16,False,,[Errno 2] No such file or directory: 'fake/kernels/cutlass/cutlass_wrapper/artifacts/modeling/dense_bf16/dense_bf16_model.json',,model_missing,True
32,261,8352,8352,backbone.layer.29.attention.k_proj,attention.k_proj,4096,4096,dense_nvfp4,False,,[Errno 2] No such file or directory: 'fake/kernels/cutlass/cutlass_wrapper/artifacts/modeling/dense_nvfp4/dense_nvfp4_model.json',,model_missing,False
32,261,8352,8352,backbone.layer.29.attention.k_proj,attention.k_proj,4096,4096,sparse_bf16,False,,[Errno 2] No such file or directory: 'fake/kernels/cutlass/cutlass_wrapper/artifacts/modeling/sparse_bf16/sparse_bf16_model.json',,model_missing,False
32,261,8352,8352,backbone.layer.29.attention.k_proj,attention.k_proj,4096,4096,sparse_nvfp4,False,,[Errno 2] No such file or directory: 'fake/kernels/cutlass/cutlass_wrapper/artifacts/modeling/sparse_nvfp4/sparse_nvfp4_model.json',,model_missing,False
32,261,8352,8352,backbone.layer.29.attention.v_proj,attention.v_proj,4096,4096,dense_bf16,False,,[Errno 2] No such file or directory: 'fake/kernels/cutlass/cutlass_wrapper/artifacts/modeling/dense_bf16/dense_bf16_model.json',,model_missing,True
32,261,8352,8352,backbone.layer.29.attention.v_proj,attention.v_proj,4096,4096,dense_nvfp4,False,,[Errno 2] No such file or directory: 'fake/kernels/cutlass/cutlass_wrapper/artifacts/modeling/dense_nvfp4/dense_nvfp4_model.json',,model_missing,False
32,261,8352,8352,backbone.layer.29.attention.v_proj,attention.v_proj,4096,4096,sparse_bf16,False,,[Errno 2] No such file or directory: 'fake/kernels/cutlass/cutlass_wrapper/artifacts/modeling/sparse_bf16/sparse_bf16_model.json',,model_missing,False
32,261,8352,8352,backbone.layer.29.attention.v_proj,attention.v_proj,4096,4096,sparse_nvfp4,False,,[Errno 2] No such file or directory: 'fake/kernels/cutlass/cutlass_wrapper/artifacts/modeling/sparse_nvfp4/sparse_nvfp4_model.json',,model_missing,False
32,261,8352,8352,backbone.layer.29.attention.q_proj,attention.q_proj,4096,4096,dense_bf16,False,,[Errno 2] No such file or directory: 'fake/kernels/cutlass/cutlass_wrapper/artifacts/modeling/dense_bf16/dense_bf16_model.json',,model_missing,True
32,261,8352,8352,backbone.layer.29.attention.q_proj,attention.q_proj,4096,4096,dense_nvfp4,False,,[Errno 2] No such file or directory: 'fake/kernels/cutlass/cutlass_wrapper/artifacts/modeling/dense_nvfp4/dense_nvfp4_model.json',,model_missing,False
32,261,8352,8352,backbone.layer.29.attention.q_proj,attention.q_proj,4096,4096,sparse_bf16,False,,[Errno 2] No such file or directory: 'fake/kernels/cutlass/cutlass_wrapper/artifacts/modeling/sparse_bf16/sparse_bf16_model.json',,model_missing,False
32,261,8352,8352,backbone.layer.29.attention.q_proj,attention.q_proj,4096,4096,sparse_nvfp4,False,,[Errno 2] No such file or directory: 'fake/kernels/cutlass/cutlass_wrapper/artifacts/modeling/sparse_nvfp4/sparse_nvfp4_model.json',,model_missing,False
32,261,8352,8352,backbone.layer.29.attention.o_proj,attention.o_proj,4096,4096,dense_bf16,False,,[Errno 2] No such file or directory: 'fake/kernels/cutlass/cutlass_wrapper/artifacts/modeling/dense_bf16/dense_bf16_model.json',,model_missing,True
32,261,8352,8352,backbone.layer.29.attention.o_proj,attention.o_proj,4096,4096,dense_nvfp4,False,,[Errno 2] No such file or directory: 'fake/kernels/cutlass/cutlass_wrapper/artifacts/modeling/dense_nvfp4/dense_nvfp4_model.json',,model_missing,False
32,261,8352,8352,backbone.layer.29.attention.o_proj,attention.o_proj,4096,4096,sparse_bf16,False,,[Errno 2] No such file or directory: 'fake/kernels/cutlass/cutlass_wrapper/artifacts/modeling/sparse_bf16/sparse_bf16_model.json',,model_missing,False
32,261,8352,8352,backbone.layer.29.attention.o_proj,attention.o_proj,4096,4096,sparse_nvfp4,False,,[Errno 2] No such file or directory: 'fake/kernels/cutlass/cutlass_wrapper/artifacts/modeling/sparse_nvfp4/sparse_nvfp4_model.json',,model_missing,False
32,261,8352,8352,backbone.layer.29.mlp.gate_proj,mlp.gate_proj,8192,4096,dense_bf16,False,,[Errno 2] No such file or directory: 'fake/kernels/cutlass/cutlass_wrapper/artifacts/modeling/dense_bf16/dense_bf16_model.json',,model_missing,True
32,261,8352,8352,backbone.layer.29.mlp.gate_proj,mlp.gate_proj,8192,4096,dense_nvfp4,False,,[Errno 2] No such file or directory: 'fake/kernels/cutlass/cutlass_wrapper/artifacts/modeling/dense_nvfp4/dense_nvfp4_model.json',,model_missing,False
32,261,8352,8352,backbone.layer.29.mlp.gate_proj,mlp.gate_proj,8192,4096,sparse_bf16,False,,[Errno 2] No such file or directory: 'fake/kernels/cutlass/cutlass_wrapper/artifacts/modeling/sparse_bf16/sparse_bf16_model.json',,model_missing,False
32,261,8352,8352,backbone.layer.29.mlp.gate_proj,mlp.gate_proj,8192,4096,sparse_nvfp4,False,,[Errno 2] No such file or directory: 'fake/kernels/cutlass/cutlass_wrapper/artifacts/modeling/sparse_nvfp4/sparse_nvfp4_model.json',,model_missing,False
32,261,8352,8352,backbone.layer.29.mlp.up_proj,mlp.up_proj,8192,4096,dense_bf16,False,,[Errno 2] No such file or directory: 'fake/kernels/cutlass/cutlass_wrapper/artifacts/modeling/dense_bf16/dense_bf16_model.json',,model_missing,True
32,261,8352,8352,backbone.layer.29.mlp.up_proj,mlp.up_proj,8192,4096,dense_nvfp4,False,,[Errno 2] No such file or directory: 'fake/kernels/cutlass/cutlass_wrapper/artifacts/modeling/dense_nvfp4/dense_nvfp4_model.json',,model_missing,False
32,261,8352,8352,backbone.layer.29.mlp.up_proj,mlp.up_proj,8192,4096,sparse_bf16,False,,[Errno 2] No such file or directory: 'fake/kernels/cutlass/cutlass_wrapper/artifacts/modeling/sparse_bf16/sparse_bf16_model.json',,model_missing,False
32,261,8352,8352,backbone.layer.29.mlp.up_proj,mlp.up_proj,8192,4096,sparse_nvfp4,False,,[Errno 2] No such file or directory: 'fake/kernels/cutlass/cutlass_wrapper/artifacts/modeling/sparse_nvfp4/sparse_nvfp4_model.json',,model_missing,False
32,261,8352,8352,backbone.layer.29.mlp.down_proj,mlp.down_proj,4096,8192,dense_bf16,False,,[Errno 2] No such file or directory: 'fake/kernels/cutlass/cutlass_wrapper/artifacts/modeling/dense_bf16/dense_bf16_model.json',,model_missing,True
32,261,8352,8352,backbone.layer.29.mlp.down_proj,mlp.down_proj,4096,8192,dense_nvfp4,False,,[Errno 2] No such file or directory: 'fake/kernels/cutlass/cutlass_wrapper/artifacts/modeling/dense_nvfp4/dense_nvfp4_model.json',,model_missing,False
32,261,8352,8352,backbone.layer.29.mlp.down_proj,mlp.down_proj,4096,8192,sparse_bf16,False,,[Errno 2] No such file or directory: 'fake/kernels/cutlass/cutlass_wrapper/artifacts/modeling/sparse_bf16/sparse_bf16_model.json',,model_missing,False
32,261,8352,8352,backbone.layer.29.mlp.down_proj,mlp.down_proj,4096,8192,sparse_nvfp4,False,,[Errno 2] No such file or directory: 'fake/kernels/cutlass/cutlass_wrapper/artifacts/modeling/sparse_nvfp4/sparse_nvfp4_model.json',,model_missing,False
32,261,8352,8352,backbone.layer.30.attention.k_proj,attention.k_proj,4096,4096,dense_bf16,False,,[Errno 2] No such file or directory: 'fake/kernels/cutlass/cutlass_wrapper/artifacts/modeling/dense_bf16/dense_bf16_model.json',,model_missing,True
32,261,8352,8352,backbone.layer.30.attention.k_proj,attention.k_proj,4096,4096,dense_nvfp4,False,,[Errno 2] No such file or directory: 'fake/kernels/cutlass/cutlass_wrapper/artifacts/modeling/dense_nvfp4/dense_nvfp4_model.json',,model_missing,False
32,261,8352,8352,backbone.layer.30.attention.k_proj,attention.k_proj,4096,4096,sparse_bf16,False,,[Errno 2] No such file or directory: 'fake/kernels/cutlass/cutlass_wrapper/artifacts/modeling/sparse_bf16/sparse_bf16_model.json',,model_missing,False
32,261,8352,8352,backbone.layer.30.attention.k_proj,attention.k_proj,4096,4096,sparse_nvfp4,False,,[Errno 2] No such file or directory: 'fake/kernels/cutlass/cutlass_wrapper/artifacts/modeling/sparse_nvfp4/sparse_nvfp4_model.json',,model_missing,False
32,261,8352,8352,backbone.layer.30.attention.v_proj,attention.v_proj,4096,4096,dense_bf16,False,,[Errno 2] No such file or directory: 'fake/kernels/cutlass/cutlass_wrapper/artifacts/modeling/dense_bf16/dense_bf16_model.json',,model_missing,True
32,261,8352,8352,backbone.layer.30.attention.v_proj,attention.v_proj,4096,4096,dense_nvfp4,False,,[Errno 2] No such file or directory: 'fake/kernels/cutlass/cutlass_wrapper/artifacts/modeling/dense_nvfp4/dense_nvfp4_model.json',,model_missing,False
32,261,8352,8352,backbone.layer.30.attention.v_proj,attention.v_proj,4096,4096,sparse_bf16,False,,[Errno 2] No such file or directory: 'fake/kernels/cutlass/cutlass_wrapper/artifacts/modeling/sparse_bf16/sparse_bf16_model.json',,model_missing,False
32,261,8352,8352,backbone.layer.30.attention.v_proj,attention.v_proj,4096,4096,sparse_nvfp4,False,,[Errno 2] No such file or directory: 'fake/kernels/cutlass/cutlass_wrapper/artifacts/modeling/sparse_nvfp4/sparse_nvfp4_model.json',,model_missing,False
32,261,8352,8352,backbone.layer.30.attention.q_proj,attention.q_proj,4096,4096,dense_bf16,False,,[Errno 2] No such file or directory: 'fake/kernels/cutlass/cutlass_wrapper/artifacts/modeling/dense_bf16/dense_bf16_model.json',,model_missing,True
32,261,8352,8352,backbone.layer.30.attention.q_proj,attention.q_proj,4096,4096,dense_nvfp4,False,,[Errno 2] No such file or directory: 'fake/kernels/cutlass/cutlass_wrapper/artifacts/modeling/dense_nvfp4/dense_nvfp4_model.json',,model_missing,False
32,261,8352,8352,backbone.layer.30.attention.q_proj,attention.q_proj,4096,4096,sparse_bf16,False,,[Errno 2] No such file or directory: 'fake/kernels/cutlass/cutlass_wrapper/artifacts/modeling/sparse_bf16/sparse_bf16_model.json',,model_missing,False
32,261,8352,8352,backbone.layer.30.attention.q_proj,attention.q_proj,4096,4096,sparse_nvfp4,False,,[Errno 2] No such file or directory: 'fake/kernels/cutlass/cutlass_wrapper/artifacts/modeling/sparse_nvfp4/sparse_nvfp4_model.json',,model_missing,False
32,261,8352,8352,backbone.layer.30.attention.o_proj,attention.o_proj,4096,4096,dense_bf16,False,,[Errno 2] No such file or directory: 'fake/kernels/cutlass/cutlass_wrapper/artifacts/modeling/dense_bf16/dense_bf16_model.json',,model_missing,True
32,261,8352,8352,backbone.layer.30.attention.o_proj,attention.o_proj,4096,4096,dense_nvfp4,False,,[Errno 2] No such file or directory: 'fake/kernels/cutlass/cutlass_wrapper/artifacts/modeling/dense_nvfp4/dense_nvfp4_model.json',,model_missing,False
32,261,8352,8352,backbone.layer.30.attention.o_proj,attention.o_proj,4096,4096,sparse_bf16,False,,[Errno 2] No such file or directory: 'fake/kernels/cutlass/cutlass_wrapper/artifacts/modeling/sparse_bf16/sparse_bf16_model.json',,model_missing,False
32,261,8352,8352,backbone.layer.30.attention.o_proj,attention.o_proj,4096,4096,sparse_nvfp4,False,,[Errno 2] No such file or directory: 'fake/kernels/cutlass/cutlass_wrapper/artifacts/modeling/sparse_nvfp4/sparse_nvfp4_model.json',,model_missing,False
32,261,8352,8352,backbone.layer.30.mlp.gate_proj,mlp.gate_proj,8192,4096,dense_bf16,False,,[Errno 2] No such file or directory: 'fake/kernels/cutlass/cutlass_wrapper/artifacts/modeling/dense_bf16/dense_bf16_model.json',,model_missing,True
32,261,8352,8352,backbone.layer.30.mlp.gate_proj,mlp.gate_proj,8192,4096,dense_nvfp4,False,,[Errno 2] No such file or directory: 'fake/kernels/cutlass/cutlass_wrapper/artifacts/modeling/dense_nvfp4/dense_nvfp4_model.json',,model_missing,False
32,261,8352,8352,backbone.layer.30.mlp.gate_proj,mlp.gate_proj,8192,4096,sparse_bf16,False,,[Errno 2] No such file or directory: 'fake/kernels/cutlass/cutlass_wrapper/artifacts/modeling/sparse_bf16/sparse_bf16_model.json',,model_missing,False
32,261,8352,8352,backbone.layer.30.mlp.gate_proj,mlp.gate_proj,8192,4096,sparse_nvfp4,False,,[Errno 2] No such file or directory: 'fake/kernels/cutlass/cutlass_wrapper/artifacts/modeling/sparse_nvfp4/sparse_nvfp4_model.json',,model_missing,False
32,261,8352,8352,backbone.layer.30.mlp.up_proj,mlp.up_proj,8192,4096,dense_bf16,False,,[Errno 2] No such file or directory: 'fake/kernels/cutlass/cutlass_wrapper/artifacts/modeling/dense_bf16/dense_bf16_model.json',,model_missing,True
32,261,8352,8352,backbone.layer.30.mlp.up_proj,mlp.up_proj,8192,4096,dense_nvfp4,False,,[Errno 2] No such file or directory: 'fake/kernels/cutlass/cutlass_wrapper/artifacts/modeling/dense_nvfp4/dense_nvfp4_model.json',,model_missing,False
32,261,8352,8352,backbone.layer.30.mlp.up_proj,mlp.up_proj,8192,4096,sparse_bf16,False,,[Errno 2] No such file or directory: 'fake/kernels/cutlass/cutlass_wrapper/artifacts/modeling/sparse_bf16/sparse_bf16_model.json',,model_missing,False
32,261,8352,8352,backbone.layer.30.mlp.up_proj,mlp.up_proj,8192,4096,sparse_nvfp4,False,,[Errno 2] No such file or directory: 'fake/kernels/cutlass/cutlass_wrapper/artifacts/modeling/sparse_nvfp4/sparse_nvfp4_model.json',,model_missing,False
32,261,8352,8352,backbone.layer.30.mlp.down_proj,mlp.down_proj,4096,8192,dense_bf16,False,,[Errno 2] No such file or directory: 'fake/kernels/cutlass/cutlass_wrapper/artifacts/modeling/dense_bf16/dense_bf16_model.json',,model_missing,True
32,261,8352,8352,backbone.layer.30.mlp.down_proj,mlp.down_proj,4096,8192,dense_nvfp4,False,,[Errno 2] No such file or directory: 'fake/kernels/cutlass/cutlass_wrapper/artifacts/modeling/dense_nvfp4/dense_nvfp4_model.json',,model_missing,False
32,261,8352,8352,backbone.layer.30.mlp.down_proj,mlp.down_proj,4096,8192,sparse_bf16,False,,[Errno 2] No such file or directory: 'fake/kernels/cutlass/cutlass_wrapper/artifacts/modeling/sparse_bf16/sparse_bf16_model.json',,model_missing,False
32,261,8352,8352,backbone.layer.30.mlp.down_proj,mlp.down_proj,4096,8192,sparse_nvfp4,False,,[Errno 2] No such file or directory: 'fake/kernels/cutlass/cutlass_wrapper/artifacts/modeling/sparse_nvfp4/sparse_nvfp4_model.json',,model_missing,False
32,261,8352,8352,backbone.layer.31.attention.k_proj,attention.k_proj,4096,4096,dense_bf16,False,,[Errno 2] No such file or directory: 'fake/kernels/cutlass/cutlass_wrapper/artifacts/modeling/dense_bf16/dense_bf16_model.json',,model_missing,True
32,261,8352,8352,backbone.layer.31.attention.k_proj,attention.k_proj,4096,4096,dense_nvfp4,False,,[Errno 2] No such file or directory: 'fake/kernels/cutlass/cutlass_wrapper/artifacts/modeling/dense_nvfp4/dense_nvfp4_model.json',,model_missing,False
32,261,8352,8352,backbone.layer.31.attention.k_proj,attention.k_proj,4096,4096,sparse_bf16,False,,[Errno 2] No such file or directory: 'fake/kernels/cutlass/cutlass_wrapper/artifacts/modeling/sparse_bf16/sparse_bf16_model.json',,model_missing,False
32,261,8352,8352,backbone.layer.31.attention.k_proj,attention.k_proj,4096,4096,sparse_nvfp4,False,,[Errno 2] No such file or directory: 'fake/kernels/cutlass/cutlass_wrapper/artifacts/modeling/sparse_nvfp4/sparse_nvfp4_model.json',,model_missing,False
32,261,8352,8352,backbone.layer.31.attention.v_proj,attention.v_proj,4096,4096,dense_bf16,False,,[Errno 2] No such file or directory: 'fake/kernels/cutlass/cutlass_wrapper/artifacts/modeling/dense_bf16/dense_bf16_model.json',,model_missing,True
32,261,8352,8352,backbone.layer.31.attention.v_proj,attention.v_proj,4096,4096,dense_nvfp4,False,,[Errno 2] No such file or directory: 'fake/kernels/cutlass/cutlass_wrapper/artifacts/modeling/dense_nvfp4/dense_nvfp4_model.json',,model_missing,False
32,261,8352,8352,backbone.layer.31.attention.v_proj,attention.v_proj,4096,4096,sparse_bf16,False,,[Errno 2] No such file or directory: 'fake/kernels/cutlass/cutlass_wrapper/artifacts/modeling/sparse_bf16/sparse_bf16_model.json',,model_missing,False
32,261,8352,8352,backbone.layer.31.attention.v_proj,attention.v_proj,4096,4096,sparse_nvfp4,False,,[Errno 2] No such file or directory: 'fake/kernels/cutlass/cutlass_wrapper/artifacts/modeling/sparse_nvfp4/sparse_nvfp4_model.json',,model_missing,False
32,261,8352,8352,backbone.layer.31.attention.q_proj,attention.q_proj,4096,4096,dense_bf16,False,,[Errno 2] No such file or directory: 'fake/kernels/cutlass/cutlass_wrapper/artifacts/modeling/dense_bf16/dense_bf16_model.json',,model_missing,True
32,261,8352,8352,backbone.layer.31.attention.q_proj,attention.q_proj,4096,4096,dense_nvfp4,False,,[Errno 2] No such file or directory: 'fake/kernels/cutlass/cutlass_wrapper/artifacts/modeling/dense_nvfp4/dense_nvfp4_model.json',,model_missing,False
32,261,8352,8352,backbone.layer.31.attention.q_proj,attention.q_proj,4096,4096,sparse_bf16,False,,[Errno 2] No such file or directory: 'fake/kernels/cutlass/cutlass_wrapper/artifacts/modeling/sparse_bf16/sparse_bf16_model.json',,model_missing,False
32,261,8352,8352,backbone.layer.31.attention.q_proj,attention.q_proj,4096,4096,sparse_nvfp4,False,,[Errno 2] No such file or directory: 'fake/kernels/cutlass/cutlass_wrapper/artifacts/modeling/sparse_nvfp4/sparse_nvfp4_model.json',,model_missing,False
32,261,8352,8352,backbone.layer.31.attention.o_proj,attention.o_proj,4096,4096,dense_bf16,False,,[Errno 2] No such file or directory: 'fake/kernels/cutlass/cutlass_wrapper/artifacts/modeling/dense_bf16/dense_bf16_model.json',,model_missing,True
32,261,8352,8352,backbone.layer.31.attention.o_proj,attention.o_proj,4096,4096,dense_nvfp4,False,,[Errno 2] No such file or directory: 'fake/kernels/cutlass/cutlass_wrapper/artifacts/modeling/dense_nvfp4/dense_nvfp4_model.json',,model_missing,False
32,261,8352,8352,backbone.layer.31.attention.o_proj,attention.o_proj,4096,4096,sparse_bf16,False,,[Errno 2] No such file or directory: 'fake/kernels/cutlass/cutlass_wrapper/artifacts/modeling/sparse_bf16/sparse_bf16_model.json',,model_missing,False
32,261,8352,8352,backbone.layer.31.attention.o_proj,attention.o_proj,4096,4096,sparse_nvfp4,False,,[Errno 2] No such file or directory: 'fake/kernels/cutlass/cutlass_wrapper/artifacts/modeling/sparse_nvfp4/sparse_nvfp4_model.json',,model_missing,False
32,261,8352,8352,backbone.layer.31.mlp.gate_proj,mlp.gate_proj,8192,4096,dense_bf16,False,,[Errno 2] No such file or directory: 'fake/kernels/cutlass/cutlass_wrapper/artifacts/modeling/dense_bf16/dense_bf16_model.json',,model_missing,True
32,261,8352,8352,backbone.layer.31.mlp.gate_proj,mlp.gate_proj,8192,4096,dense_nvfp4,False,,[Errno 2] No such file or directory: 'fake/kernels/cutlass/cutlass_wrapper/artifacts/modeling/dense_nvfp4/dense_nvfp4_model.json',,model_missing,False
32,261,8352,8352,backbone.layer.31.mlp.gate_proj,mlp.gate_proj,8192,4096,sparse_bf16,False,,[Errno 2] No such file or directory: 'fake/kernels/cutlass/cutlass_wrapper/artifacts/modeling/sparse_bf16/sparse_bf16_model.json',,model_missing,False
32,261,8352,8352,backbone.layer.31.mlp.gate_proj,mlp.gate_proj,8192,4096,sparse_nvfp4,False,,[Errno 2] No such file or directory: 'fake/kernels/cutlass/cutlass_wrapper/artifacts/modeling/sparse_nvfp4/sparse_nvfp4_model.json',,model_missing,False
32,261,8352,8352,backbone.layer.31.mlp.up_proj,mlp.up_proj,8192,4096,dense_bf16,False,,[Errno 2] No such file or directory: 'fake/kernels/cutlass/cutlass_wrapper/artifacts/modeling/dense_bf16/dense_bf16_model.json',,model_missing,True
32,261,8352,8352,backbone.layer.31.mlp.up_proj,mlp.up_proj,8192,4096,dense_nvfp4,False,,[Errno 2] No such file or directory: 'fake/kernels/cutlass/cutlass_wrapper/artifacts/modeling/dense_nvfp4/dense_nvfp4_model.json',,model_missing,False
32,261,8352,8352,backbone.layer.31.mlp.up_proj,mlp.up_proj,8192,4096,sparse_bf16,False,,[Errno 2] No such file or directory: 'fake/kernels/cutlass/cutlass_wrapper/artifacts/modeling/sparse_bf16/sparse_bf16_model.json',,model_missing,False
32,261,8352,8352,backbone.layer.31.mlp.up_proj,mlp.up_proj,8192,4096,sparse_nvfp4,False,,[Errno 2] No such file or directory: 'fake/kernels/cutlass/cutlass_wrapper/artifacts/modeling/sparse_nvfp4/sparse_nvfp4_model.json',,model_missing,False
32,261,8352,8352,backbone.layer.31.mlp.down_proj,mlp.down_proj,4096,8192,dense_bf16,False,,[Errno 2] No such file or directory: 'fake/kernels/cutlass/cutlass_wrapper/artifacts/modeling/dense_bf16/dense_bf16_model.json',,model_missing,True
32,261,8352,8352,backbone.layer.31.mlp.down_proj,mlp.down_proj,4096,8192,dense_nvfp4,False,,[Errno 2] No such file or directory: 'fake/kernels/cutlass/cutlass_wrapper/artifacts/modeling/dense_nvfp4/dense_nvfp4_model.json',,model_missing,False
32,261,8352,8352,backbone.layer.31.mlp.down_proj,mlp.down_proj,4096,8192,sparse_bf16,False,,[Errno 2] No such file or directory: 'fake/kernels/cutlass/cutlass_wrapper/artifacts/modeling/sparse_bf16/sparse_bf16_model.json',,model_missing,False
32,261,8352,8352,backbone.layer.31.mlp.down_proj,mlp.down_proj,4096,8192,sparse_nvfp4,False,,[Errno 2] No such file or directory: 'fake/kernels/cutlass/cutlass_wrapper/artifacts/modeling/sparse_nvfp4/sparse_nvfp4_model.json',,model_missing,False
32,261,8352,8352,backbone.layer.32.attention.k_proj,attention.k_proj,4096,4096,dense_bf16,False,,[Errno 2] No such file or directory: 'fake/kernels/cutlass/cutlass_wrapper/artifacts/modeling/dense_bf16/dense_bf16_model.json',,model_missing,True
32,261,8352,8352,backbone.layer.32.attention.k_proj,attention.k_proj,4096,4096,dense_nvfp4,False,,[Errno 2] No such file or directory: 'fake/kernels/cutlass/cutlass_wrapper/artifacts/modeling/dense_nvfp4/dense_nvfp4_model.json',,model_missing,False
32,261,8352,8352,backbone.layer.32.attention.k_proj,attention.k_proj,4096,4096,sparse_bf16,False,,[Errno 2] No such file or directory: 'fake/kernels/cutlass/cutlass_wrapper/artifacts/modeling/sparse_bf16/sparse_bf16_model.json',,model_missing,False
32,261,8352,8352,backbone.layer.32.attention.k_proj,attention.k_proj,4096,4096,sparse_nvfp4,False,,[Errno 2] No such file or directory: 'fake/kernels/cutlass/cutlass_wrapper/artifacts/modeling/sparse_nvfp4/sparse_nvfp4_model.json',,model_missing,False
32,261,8352,8352,backbone.layer.32.attention.v_proj,attention.v_proj,4096,4096,dense_bf16,False,,[Errno 2] No such file or directory: 'fake/kernels/cutlass/cutlass_wrapper/artifacts/modeling/dense_bf16/dense_bf16_model.json',,model_missing,True
32,261,8352,8352,backbone.layer.32.attention.v_proj,attention.v_proj,4096,4096,dense_nvfp4,False,,[Errno 2] No such file or directory: 'fake/kernels/cutlass/cutlass_wrapper/artifacts/modeling/dense_nvfp4/dense_nvfp4_model.json',,model_missing,False
32,261,8352,8352,backbone.layer.32.attention.v_proj,attention.v_proj,4096,4096,sparse_bf16,False,,[Errno 2] No such file or directory: 'fake/kernels/cutlass/cutlass_wrapper/artifacts/modeling/sparse_bf16/sparse_bf16_model.json',,model_missing,False
32,261,8352,8352,backbone.layer.32.attention.v_proj,attention.v_proj,4096,4096,sparse_nvfp4,False,,[Errno 2] No such file or directory: 'fake/kernels/cutlass/cutlass_wrapper/artifacts/modeling/sparse_nvfp4/sparse_nvfp4_model.json',,model_missing,False
32,261,8352,8352,backbone.layer.32.attention.q_proj,attention.q_proj,4096,4096,dense_bf16,False,,[Errno 2] No such file or directory: 'fake/kernels/cutlass/cutlass_wrapper/artifacts/modeling/dense_bf16/dense_bf16_model.json',,model_missing,True
32,261,8352,8352,backbone.layer.32.attention.q_proj,attention.q_proj,4096,4096,dense_nvfp4,False,,[Errno 2] No such file or directory: 'fake/kernels/cutlass/cutlass_wrapper/artifacts/modeling/dense_nvfp4/dense_nvfp4_model.json',,model_missing,False
32,261,8352,8352,backbone.layer.32.attention.q_proj,attention.q_proj,4096,4096,sparse_bf16,False,,[Errno 2] No such file or directory: 'fake/kernels/cutlass/cutlass_wrapper/artifacts/modeling/sparse_bf16/sparse_bf16_model.json',,model_missing,False
32,261,8352,8352,backbone.layer.32.attention.q_proj,attention.q_proj,4096,4096,sparse_nvfp4,False,,[Errno 2] No such file or directory: 'fake/kernels/cutlass/cutlass_wrapper/artifacts/modeling/sparse_nvfp4/sparse_nvfp4_model.json',,model_missing,False
32,261,8352,8352,backbone.layer.32.attention.o_proj,attention.o_proj,4096,4096,dense_bf16,False,,[Errno 2] No such file or directory: 'fake/kernels/cutlass/cutlass_wrapper/artifacts/modeling/dense_bf16/dense_bf16_model.json',,model_missing,True
32,261,8352,8352,backbone.layer.32.attention.o_proj,attention.o_proj,4096,4096,dense_nvfp4,False,,[Errno 2] No such file or directory: 'fake/kernels/cutlass/cutlass_wrapper/artifacts/modeling/dense_nvfp4/dense_nvfp4_model.json',,model_missing,False
32,261,8352,8352,backbone.layer.32.attention.o_proj,attention.o_proj,4096,4096,sparse_bf16,False,,[Errno 2] No such file or directory: 'fake/kernels/cutlass/cutlass_wrapper/artifacts/modeling/sparse_bf16/sparse_bf16_model.json',,model_missing,False
32,261,8352,8352,backbone.layer.32.attention.o_proj,attention.o_proj,4096,4096,sparse_nvfp4,False,,[Errno 2] No such file or directory: 'fake/kernels/cutlass/cutlass_wrapper/artifacts/modeling/sparse_nvfp4/sparse_nvfp4_model.json',,model_missing,False
32,261,8352,8352,backbone.layer.32.mlp.gate_proj,mlp.gate_proj,8192,4096,dense_bf16,False,,[Errno 2] No such file or directory: 'fake/kernels/cutlass/cutlass_wrapper/artifacts/modeling/dense_bf16/dense_bf16_model.json',,model_missing,True
32,261,8352,8352,backbone.layer.32.mlp.gate_proj,mlp.gate_proj,8192,4096,dense_nvfp4,False,,[Errno 2] No such file or directory: 'fake/kernels/cutlass/cutlass_wrapper/artifacts/modeling/dense_nvfp4/dense_nvfp4_model.json',,model_missing,False
32,261,8352,8352,backbone.layer.32.mlp.gate_proj,mlp.gate_proj,8192,4096,sparse_bf16,False,,[Errno 2] No such file or directory: 'fake/kernels/cutlass/cutlass_wrapper/artifacts/modeling/sparse_bf16/sparse_bf16_model.json',,model_missing,False
32,261,8352,8352,backbone.layer.32.mlp.gate_proj,mlp.gate_proj,8192,4096,sparse_nvfp4,False,,[Errno 2] No such file or directory: 'fake/kernels/cutlass/cutlass_wrapper/artifacts/modeling/sparse_nvfp4/sparse_nvfp4_model.json',,model_missing,False
32,261,8352,8352,backbone.layer.32.mlp.up_proj,mlp.up_proj,8192,4096,dense_bf16,False,,[Errno 2] No such file or directory: 'fake/kernels/cutlass/cutlass_wrapper/artifacts/modeling/dense_bf16/dense_bf16_model.json',,model_missing,True
32,261,8352,8352,backbone.layer.32.mlp.up_proj,mlp.up_proj,8192,4096,dense_nvfp4,False,,[Errno 2] No such file or directory: 'fake/kernels/cutlass/cutlass_wrapper/artifacts/modeling/dense_nvfp4/dense_nvfp4_model.json',,model_missing,False
32,261,8352,8352,backbone.layer.32.mlp.up_proj,mlp.up_proj,8192,4096,sparse_bf16,False,,[Errno 2] No such file or directory: 'fake/kernels/cutlass/cutlass_wrapper/artifacts/modeling/sparse_bf16/sparse_bf16_model.json',,model_missing,False
32,261,8352,8352,backbone.layer.32.mlp.up_proj,mlp.up_proj,8192,4096,sparse_nvfp4,False,,[Errno 2] No such file or directory: 'fake/kernels/cutlass/cutlass_wrapper/artifacts/modeling/sparse_nvfp4/sparse_nvfp4_model.json',,model_missing,False
32,261,8352,8352,backbone.layer.32.mlp.down_proj,mlp.down_proj,4096,8192,dense_bf16,False,,[Errno 2] No such file or directory: 'fake/kernels/cutlass/cutlass_wrapper/artifacts/modeling/dense_bf16/dense_bf16_model.json',,model_missing,True
32,261,8352,8352,backbone.layer.32.mlp.down_proj,mlp.down_proj,4096,8192,dense_nvfp4,False,,[Errno 2] No such file or directory: 'fake/kernels/cutlass/cutlass_wrapper/artifacts/modeling/dense_nvfp4/dense_nvfp4_model.json',,model_missing,False
32,261,8352,8352,backbone.layer.32.mlp.down_proj,mlp.down_proj,4096,8192,sparse_bf16,False,,[Errno 2] No such file or directory: 'fake/kernels/cutlass/cutlass_wrapper/artifacts/modeling/sparse_bf16/sparse_bf16_model.json',,model_missing,False
32,261,8352,8352,backbone.layer.32.mlp.down_proj,mlp.down_proj,4096,8192,sparse_nvfp4,False,,[Errno 2] No such file or directory: 'fake/kernels/cutlass/cutlass_wrapper/artifacts/modeling/sparse_nvfp4/sparse_nvfp4_model.json',,model_missing,False
32,261,8352,8352,backbone.layer.33.attention.k_proj,attention.k_proj,4096,4096,dense_bf16,False,,[Errno 2] No such file or directory: 'fake/kernels/cutlass/cutlass_wrapper/artifacts/modeling/dense_bf16/dense_bf16_model.json',,model_missing,True
32,261,8352,8352,backbone.layer.33.attention.k_proj,attention.k_proj,4096,4096,dense_nvfp4,False,,[Errno 2] No such file or directory: 'fake/kernels/cutlass/cutlass_wrapper/artifacts/modeling/dense_nvfp4/dense_nvfp4_model.json',,model_missing,False
32,261,8352,8352,backbone.layer.33.attention.k_proj,attention.k_proj,4096,4096,sparse_bf16,False,,[Errno 2] No such file or directory: 'fake/kernels/cutlass/cutlass_wrapper/artifacts/modeling/sparse_bf16/sparse_bf16_model.json',,model_missing,False
32,261,8352,8352,backbone.layer.33.attention.k_proj,attention.k_proj,4096,4096,sparse_nvfp4,False,,[Errno 2] No such file or directory: 'fake/kernels/cutlass/cutlass_wrapper/artifacts/modeling/sparse_nvfp4/sparse_nvfp4_model.json',,model_missing,False
32,261,8352,8352,backbone.layer.33.attention.v_proj,attention.v_proj,4096,4096,dense_bf16,False,,[Errno 2] No such file or directory: 'fake/kernels/cutlass/cutlass_wrapper/artifacts/modeling/dense_bf16/dense_bf16_model.json',,model_missing,True
32,261,8352,8352,backbone.layer.33.attention.v_proj,attention.v_proj,4096,4096,dense_nvfp4,False,,[Errno 2] No such file or directory: 'fake/kernels/cutlass/cutlass_wrapper/artifacts/modeling/dense_nvfp4/dense_nvfp4_model.json',,model_missing,False
32,261,8352,8352,backbone.layer.33.attention.v_proj,attention.v_proj,4096,4096,sparse_bf16,False,,[Errno 2] No such file or directory: 'fake/kernels/cutlass/cutlass_wrapper/artifacts/modeling/sparse_bf16/sparse_bf16_model.json',,model_missing,False
32,261,8352,8352,backbone.layer.33.attention.v_proj,attention.v_proj,4096,4096,sparse_nvfp4,False,,[Errno 2] No such file or directory: 'fake/kernels/cutlass/cutlass_wrapper/artifacts/modeling/sparse_nvfp4/sparse_nvfp4_model.json',,model_missing,False
32,261,8352,8352,backbone.layer.33.attention.q_proj,attention.q_proj,4096,4096,dense_bf16,False,,[Errno 2] No such file or directory: 'fake/kernels/cutlass/cutlass_wrapper/artifacts/modeling/dense_bf16/dense_bf16_model.json',,model_missing,True
32,261,8352,8352,backbone.layer.33.attention.q_proj,attention.q_proj,4096,4096,dense_nvfp4,False,,[Errno 2] No such file or directory: 'fake/kernels/cutlass/cutlass_wrapper/artifacts/modeling/dense_nvfp4/dense_nvfp4_model.json',,model_missing,False
32,261,8352,8352,backbone.layer.33.attention.q_proj,attention.q_proj,4096,4096,sparse_bf16,False,,[Errno 2] No such file or directory: 'fake/kernels/cutlass/cutlass_wrapper/artifacts/modeling/sparse_bf16/sparse_bf16_model.json',,model_missing,False
32,261,8352,8352,backbone.layer.33.attention.q_proj,attention.q_proj,4096,4096,sparse_nvfp4,False,,[Errno 2] No such file or directory: 'fake/kernels/cutlass/cutlass_wrapper/artifacts/modeling/sparse_nvfp4/sparse_nvfp4_model.json',,model_missing,False
32,261,8352,8352,backbone.layer.33.attention.o_proj,attention.o_proj,4096,4096,dense_bf16,False,,[Errno 2] No such file or directory: 'fake/kernels/cutlass/cutlass_wrapper/artifacts/modeling/dense_bf16/dense_bf16_model.json',,model_missing,True
32,261,8352,8352,backbone.layer.33.attention.o_proj,attention.o_proj,4096,4096,dense_nvfp4,False,,[Errno 2] No such file or directory: 'fake/kernels/cutlass/cutlass_wrapper/artifacts/modeling/dense_nvfp4/dense_nvfp4_model.json',,model_missing,False
32,261,8352,8352,backbone.layer.33.attention.o_proj,attention.o_proj,4096,4096,sparse_bf16,False,,[Errno 2] No such file or directory: 'fake/kernels/cutlass/cutlass_wrapper/artifacts/modeling/sparse_bf16/sparse_bf16_model.json',,model_missing,False
32,261,8352,8352,backbone.layer.33.attention.o_proj,attention.o_proj,4096,4096,sparse_nvfp4,False,,[Errno 2] No such file or directory: 'fake/kernels/cutlass/cutlass_wrapper/artifacts/modeling/sparse_nvfp4/sparse_nvfp4_model.json',,model_missing,False
32,261,8352,8352,backbone.layer.33.mlp.gate_proj,mlp.gate_proj,8192,4096,dense_bf16,False,,[Errno 2] No such file or directory: 'fake/kernels/cutlass/cutlass_wrapper/artifacts/modeling/dense_bf16/dense_bf16_model.json',,model_missing,True
32,261,8352,8352,backbone.layer.33.mlp.gate_proj,mlp.gate_proj,8192,4096,dense_nvfp4,False,,[Errno 2] No such file or directory: 'fake/kernels/cutlass/cutlass_wrapper/artifacts/modeling/dense_nvfp4/dense_nvfp4_model.json',,model_missing,False
32,261,8352,8352,backbone.layer.33.mlp.gate_proj,mlp.gate_proj,8192,4096,sparse_bf16,False,,[Errno 2] No such file or directory: 'fake/kernels/cutlass/cutlass_wrapper/artifacts/modeling/sparse_bf16/sparse_bf16_model.json',,model_missing,False
32,261,8352,8352,backbone.layer.33.mlp.gate_proj,mlp.gate_proj,8192,4096,sparse_nvfp4,False,,[Errno 2] No such file or directory: 'fake/kernels/cutlass/cutlass_wrapper/artifacts/modeling/sparse_nvfp4/sparse_nvfp4_model.json',,model_missing,False
32,261,8352,8352,backbone.layer.33.mlp.up_proj,mlp.up_proj,8192,4096,dense_bf16,False,,[Errno 2] No such file or directory: 'fake/kernels/cutlass/cutlass_wrapper/artifacts/modeling/dense_bf16/dense_bf16_model.json',,model_missing,True
32,261,8352,8352,backbone.layer.33.mlp.up_proj,mlp.up_proj,8192,4096,dense_nvfp4,False,,[Errno 2] No such file or directory: 'fake/kernels/cutlass/cutlass_wrapper/artifacts/modeling/dense_nvfp4/dense_nvfp4_model.json',,model_missing,False
32,261,8352,8352,backbone.layer.33.mlp.up_proj,mlp.up_proj,8192,4096,sparse_bf16,False,,[Errno 2] No such file or directory: 'fake/kernels/cutlass/cutlass_wrapper/artifacts/modeling/sparse_bf16/sparse_bf16_model.json',,model_missing,False
32,261,8352,8352,backbone.layer.33.mlp.up_proj,mlp.up_proj,8192,4096,sparse_nvfp4,False,,[Errno 2] No such file or directory: 'fake/kernels/cutlass/cutlass_wrapper/artifacts/modeling/sparse_nvfp4/sparse_nvfp4_model.json',,model_missing,False
32,261,8352,8352,backbone.layer.33.mlp.down_proj,mlp.down_proj,4096,8192,dense_bf16,False,,[Errno 2] No such file or directory: 'fake/kernels/cutlass/cutlass_wrapper/artifacts/modeling/dense_bf16/dense_bf16_model.json',,model_missing,True
32,261,8352,8352,backbone.layer.33.mlp.down_proj,mlp.down_proj,4096,8192,dense_nvfp4,False,,[Errno 2] No such file or directory: 'fake/kernels/cutlass/cutlass_wrapper/artifacts/modeling/dense_nvfp4/dense_nvfp4_model.json',,model_missing,False
32,261,8352,8352,backbone.layer.33.mlp.down_proj,mlp.down_proj,4096,8192,sparse_bf16,False,,[Errno 2] No such file or directory: 'fake/kernels/cutlass/cutlass_wrapper/artifacts/modeling/sparse_bf16/sparse_bf16_model.json',,model_missing,False
32,261,8352,8352,backbone.layer.33.mlp.down_proj,mlp.down_proj,4096,8192,sparse_nvfp4,False,,[Errno 2] No such file or directory: 'fake/kernels/cutlass/cutlass_wrapper/artifacts/modeling/sparse_nvfp4/sparse_nvfp4_model.json',,model_missing,False
32,261,8352,8352,backbone.layer.34.attention.k_proj,attention.k_proj,4096,4096,dense_bf16,False,,[Errno 2] No such file or directory: 'fake/kernels/cutlass/cutlass_wrapper/artifacts/modeling/dense_bf16/dense_bf16_model.json',,model_missing,True
32,261,8352,8352,backbone.layer.34.attention.k_proj,attention.k_proj,4096,4096,dense_nvfp4,False,,[Errno 2] No such file or directory: 'fake/kernels/cutlass/cutlass_wrapper/artifacts/modeling/dense_nvfp4/dense_nvfp4_model.json',,model_missing,False
32,261,8352,8352,backbone.layer.34.attention.k_proj,attention.k_proj,4096,4096,sparse_bf16,False,,[Errno 2] No such file or directory: 'fake/kernels/cutlass/cutlass_wrapper/artifacts/modeling/sparse_bf16/sparse_bf16_model.json',,model_missing,False
32,261,8352,8352,backbone.layer.34.attention.k_proj,attention.k_proj,4096,4096,sparse_nvfp4,False,,[Errno 2] No such file or directory: 'fake/kernels/cutlass/cutlass_wrapper/artifacts/modeling/sparse_nvfp4/sparse_nvfp4_model.json',,model_missing,False
32,261,8352,8352,backbone.layer.34.attention.v_proj,attention.v_proj,4096,4096,dense_bf16,False,,[Errno 2] No such file or directory: 'fake/kernels/cutlass/cutlass_wrapper/artifacts/modeling/dense_bf16/dense_bf16_model.json',,model_missing,True
32,261,8352,8352,backbone.layer.34.attention.v_proj,attention.v_proj,4096,4096,dense_nvfp4,False,,[Errno 2] No such file or directory: 'fake/kernels/cutlass/cutlass_wrapper/artifacts/modeling/dense_nvfp4/dense_nvfp4_model.json',,model_missing,False
32,261,8352,8352,backbone.layer.34.attention.v_proj,attention.v_proj,4096,4096,sparse_bf16,False,,[Errno 2] No such file or directory: 'fake/kernels/cutlass/cutlass_wrapper/artifacts/modeling/sparse_bf16/sparse_bf16_model.json',,model_missing,False
32,261,8352,8352,backbone.layer.34.attention.v_proj,attention.v_proj,4096,4096,sparse_nvfp4,False,,[Errno 2] No such file or directory: 'fake/kernels/cutlass/cutlass_wrapper/artifacts/modeling/sparse_nvfp4/sparse_nvfp4_model.json',,model_missing,False
32,261,8352,8352,backbone.layer.34.attention.q_proj,attention.q_proj,4096,4096,dense_bf16,False,,[Errno 2] No such file or directory: 'fake/kernels/cutlass/cutlass_wrapper/artifacts/modeling/dense_bf16/dense_bf16_model.json',,model_missing,True
32,261,8352,8352,backbone.layer.34.attention.q_proj,attention.q_proj,4096,4096,dense_nvfp4,False,,[Errno 2] No such file or directory: 'fake/kernels/cutlass/cutlass_wrapper/artifacts/modeling/dense_nvfp4/dense_nvfp4_model.json',,model_missing,False
32,261,8352,8352,backbone.layer.34.attention.q_proj,attention.q_proj,4096,4096,sparse_bf16,False,,[Errno 2] No such file or directory: 'fake/kernels/cutlass/cutlass_wrapper/artifacts/modeling/sparse_bf16/sparse_bf16_model.json',,model_missing,False
32,261,8352,8352,backbone.layer.34.attention.q_proj,attention.q_proj,4096,4096,sparse_nvfp4,False,,[Errno 2] No such file or directory: 'fake/kernels/cutlass/cutlass_wrapper/artifacts/modeling/sparse_nvfp4/sparse_nvfp4_model.json',,model_missing,False
32,261,8352,8352,backbone.layer.34.attention.o_proj,attention.o_proj,4096,4096,dense_bf16,False,,[Errno 2] No such file or directory: 'fake/kernels/cutlass/cutlass_wrapper/artifacts/modeling/dense_bf16/dense_bf16_model.json',,model_missing,True
32,261,8352,8352,backbone.layer.34.attention.o_proj,attention.o_proj,4096,4096,dense_nvfp4,False,,[Errno 2] No such file or directory: 'fake/kernels/cutlass/cutlass_wrapper/artifacts/modeling/dense_nvfp4/dense_nvfp4_model.json',,model_missing,False
32,261,8352,8352,backbone.layer.34.attention.o_proj,attention.o_proj,4096,4096,sparse_bf16,False,,[Errno 2] No such file or directory: 'fake/kernels/cutlass/cutlass_wrapper/artifacts/modeling/sparse_bf16/sparse_bf16_model.json',,model_missing,False
32,261,8352,8352,backbone.layer.34.attention.o_proj,attention.o_proj,4096,4096,sparse_nvfp4,False,,[Errno 2] No such file or directory: 'fake/kernels/cutlass/cutlass_wrapper/artifacts/modeling/sparse_nvfp4/sparse_nvfp4_model.json',,model_missing,False
32,261,8352,8352,backbone.layer.34.mlp.gate_proj,mlp.gate_proj,8192,4096,dense_bf16,False,,[Errno 2] No such file or directory: 'fake/kernels/cutlass/cutlass_wrapper/artifacts/modeling/dense_bf16/dense_bf16_model.json',,model_missing,True
32,261,8352,8352,backbone.layer.34.mlp.gate_proj,mlp.gate_proj,8192,4096,dense_nvfp4,False,,[Errno 2] No such file or directory: 'fake/kernels/cutlass/cutlass_wrapper/artifacts/modeling/dense_nvfp4/dense_nvfp4_model.json',,model_missing,False
32,261,8352,8352,backbone.layer.34.mlp.gate_proj,mlp.gate_proj,8192,4096,sparse_bf16,False,,[Errno 2] No such file or directory: 'fake/kernels/cutlass/cutlass_wrapper/artifacts/modeling/sparse_bf16/sparse_bf16_model.json',,model_missing,False
32,261,8352,8352,backbone.layer.34.mlp.gate_proj,mlp.gate_proj,8192,4096,sparse_nvfp4,False,,[Errno 2] No such file or directory: 'fake/kernels/cutlass/cutlass_wrapper/artifacts/modeling/sparse_nvfp4/sparse_nvfp4_model.json',,model_missing,False
32,261,8352,8352,backbone.layer.34.mlp.up_proj,mlp.up_proj,8192,4096,dense_bf16,False,,[Errno 2] No such file or directory: 'fake/kernels/cutlass/cutlass_wrapper/artifacts/modeling/dense_bf16/dense_bf16_model.json',,model_missing,True
32,261,8352,8352,backbone.layer.34.mlp.up_proj,mlp.up_proj,8192,4096,dense_nvfp4,False,,[Errno 2] No such file or directory: 'fake/kernels/cutlass/cutlass_wrapper/artifacts/modeling/dense_nvfp4/dense_nvfp4_model.json',,model_missing,False
32,261,8352,8352,backbone.layer.34.mlp.up_proj,mlp.up_proj,8192,4096,sparse_bf16,False,,[Errno 2] No such file or directory: 'fake/kernels/cutlass/cutlass_wrapper/artifacts/modeling/sparse_bf16/sparse_bf16_model.json',,model_missing,False
32,261,8352,8352,backbone.layer.34.mlp.up_proj,mlp.up_proj,8192,4096,sparse_nvfp4,False,,[Errno 2] No such file or directory: 'fake/kernels/cutlass/cutlass_wrapper/artifacts/modeling/sparse_nvfp4/sparse_nvfp4_model.json',,model_missing,False
32,261,8352,8352,backbone.layer.34.mlp.down_proj,mlp.down_proj,4096,8192,dense_bf16,False,,[Errno 2] No such file or directory: 'fake/kernels/cutlass/cutlass_wrapper/artifacts/modeling/dense_bf16/dense_bf16_model.json',,model_missing,True
32,261,8352,8352,backbone.layer.34.mlp.down_proj,mlp.down_proj,4096,8192,dense_nvfp4,False,,[Errno 2] No such file or directory: 'fake/kernels/cutlass/cutlass_wrapper/artifacts/modeling/dense_nvfp4/dense_nvfp4_model.json',,model_missing,False
32,261,8352,8352,backbone.layer.34.mlp.down_proj,mlp.down_proj,4096,8192,sparse_bf16,False,,[Errno 2] No such file or directory: 'fake/kernels/cutlass/cutlass_wrapper/artifacts/modeling/sparse_bf16/sparse_bf16_model.json',,model_missing,False
32,261,8352,8352,backbone.layer.34.mlp.down_proj,mlp.down_proj,4096,8192,sparse_nvfp4,False,,[Errno 2] No such file or directory: 'fake/kernels/cutlass/cutlass_wrapper/artifacts/modeling/sparse_nvfp4/sparse_nvfp4_model.json',,model_missing,False
32,261,8352,8352,backbone.layer.35.attention.k_proj,attention.k_proj,4096,4096,dense_bf16,False,,[Errno 2] No such file or directory: 'fake/kernels/cutlass/cutlass_wrapper/artifacts/modeling/dense_bf16/dense_bf16_model.json',,model_missing,True
32,261,8352,8352,backbone.layer.35.attention.k_proj,attention.k_proj,4096,4096,dense_nvfp4,False,,[Errno 2] No such file or directory: 'fake/kernels/cutlass/cutlass_wrapper/artifacts/modeling/dense_nvfp4/dense_nvfp4_model.json',,model_missing,False
32,261,8352,8352,backbone.layer.35.attention.k_proj,attention.k_proj,4096,4096,sparse_bf16,False,,[Errno 2] No such file or directory: 'fake/kernels/cutlass/cutlass_wrapper/artifacts/modeling/sparse_bf16/sparse_bf16_model.json',,model_missing,False
32,261,8352,8352,backbone.layer.35.attention.k_proj,attention.k_proj,4096,4096,sparse_nvfp4,False,,[Errno 2] No such file or directory: 'fake/kernels/cutlass/cutlass_wrapper/artifacts/modeling/sparse_nvfp4/sparse_nvfp4_model.json',,model_missing,False
32,261,8352,8352,backbone.layer.35.attention.v_proj,attention.v_proj,4096,4096,dense_bf16,False,,[Errno 2] No such file or directory: 'fake/kernels/cutlass/cutlass_wrapper/artifacts/modeling/dense_bf16/dense_bf16_model.json',,model_missing,True
32,261,8352,8352,backbone.layer.35.attention.v_proj,attention.v_proj,4096,4096,dense_nvfp4,False,,[Errno 2] No such file or directory: 'fake/kernels/cutlass/cutlass_wrapper/artifacts/modeling/dense_nvfp4/dense_nvfp4_model.json',,model_missing,False
32,261,8352,8352,backbone.layer.35.attention.v_proj,attention.v_proj,4096,4096,sparse_bf16,False,,[Errno 2] No such file or directory: 'fake/kernels/cutlass/cutlass_wrapper/artifacts/modeling/sparse_bf16/sparse_bf16_model.json',,model_missing,False
32,261,8352,8352,backbone.layer.35.attention.v_proj,attention.v_proj,4096,4096,sparse_nvfp4,False,,[Errno 2] No such file or directory: 'fake/kernels/cutlass/cutlass_wrapper/artifacts/modeling/sparse_nvfp4/sparse_nvfp4_model.json',,model_missing,False
32,261,8352,8352,backbone.layer.35.attention.q_proj,attention.q_proj,4096,4096,dense_bf16,False,,[Errno 2] No such file or directory: 'fake/kernels/cutlass/cutlass_wrapper/artifacts/modeling/dense_bf16/dense_bf16_model.json',,model_missing,True
32,261,8352,8352,backbone.layer.35.attention.q_proj,attention.q_proj,4096,4096,dense_nvfp4,False,,[Errno 2] No such file or directory: 'fake/kernels/cutlass/cutlass_wrapper/artifacts/modeling/dense_nvfp4/dense_nvfp4_model.json',,model_missing,False
32,261,8352,8352,backbone.layer.35.attention.q_proj,attention.q_proj,4096,4096,sparse_bf16,False,,[Errno 2] No such file or directory: 'fake/kernels/cutlass/cutlass_wrapper/artifacts/modeling/sparse_bf16/sparse_bf16_model.json',,model_missing,False
32,261,8352,8352,backbone.layer.35.attention.q_proj,attention.q_proj,4096,4096,sparse_nvfp4,False,,[Errno 2] No such file or directory: 'fake/kernels/cutlass/cutlass_wrapper/artifacts/modeling/sparse_nvfp4/sparse_nvfp4_model.json',,model_missing,False
32,261,8352,8352,backbone.layer.35.attention.o_proj,attention.o_proj,4096,4096,dense_bf16,False,,[Errno 2] No such file or directory: 'fake/kernels/cutlass/cutlass_wrapper/artifacts/modeling/dense_bf16/dense_bf16_model.json',,model_missing,True
32,261,8352,8352,backbone.layer.35.attention.o_proj,attention.o_proj,4096,4096,dense_nvfp4,False,,[Errno 2] No such file or directory: 'fake/kernels/cutlass/cutlass_wrapper/artifacts/modeling/dense_nvfp4/dense_nvfp4_model.json',,model_missing,False
32,261,8352,8352,backbone.layer.35.attention.o_proj,attention.o_proj,4096,4096,sparse_bf16,False,,[Errno 2] No such file or directory: 'fake/kernels/cutlass/cutlass_wrapper/artifacts/modeling/sparse_bf16/sparse_bf16_model.json',,model_missing,False
32,261,8352,8352,backbone.layer.35.attention.o_proj,attention.o_proj,4096,4096,sparse_nvfp4,False,,[Errno 2] No such file or directory: 'fake/kernels/cutlass/cutlass_wrapper/artifacts/modeling/sparse_nvfp4/sparse_nvfp4_model.json',,model_missing,False
32,261,8352,8352,backbone.layer.35.mlp.gate_proj,mlp.gate_proj,8192,4096,dense_bf16,False,,[Errno 2] No such file or directory: 'fake/kernels/cutlass/cutlass_wrapper/artifacts/modeling/dense_bf16/dense_bf16_model.json',,model_missing,True
32,261,8352,8352,backbone.layer.35.mlp.gate_proj,mlp.gate_proj,8192,4096,dense_nvfp4,False,,[Errno 2] No such file or directory: 'fake/kernels/cutlass/cutlass_wrapper/artifacts/modeling/dense_nvfp4/dense_nvfp4_model.json',,model_missing,False
32,261,8352,8352,backbone.layer.35.mlp.gate_proj,mlp.gate_proj,8192,4096,sparse_bf16,False,,[Errno 2] No such file or directory: 'fake/kernels/cutlass/cutlass_wrapper/artifacts/modeling/sparse_bf16/sparse_bf16_model.json',,model_missing,False
32,261,8352,8352,backbone.layer.35.mlp.gate_proj,mlp.gate_proj,8192,4096,sparse_nvfp4,False,,[Errno 2] No such file or directory: 'fake/kernels/cutlass/cutlass_wrapper/artifacts/modeling/sparse_nvfp4/sparse_nvfp4_model.json',,model_missing,False
32,261,8352,8352,backbone.layer.35.mlp.up_proj,mlp.up_proj,8192,4096,dense_bf16,False,,[Errno 2] No such file or directory: 'fake/kernels/cutlass/cutlass_wrapper/artifacts/modeling/dense_bf16/dense_bf16_model.json',,model_missing,True
32,261,8352,8352,backbone.layer.35.mlp.up_proj,mlp.up_proj,8192,4096,dense_nvfp4,False,,[Errno 2] No such file or directory: 'fake/kernels/cutlass/cutlass_wrapper/artifacts/modeling/dense_nvfp4/dense_nvfp4_model.json',,model_missing,False
32,261,8352,8352,backbone.layer.35.mlp.up_proj,mlp.up_proj,8192,4096,sparse_bf16,False,,[Errno 2] No such file or directory: 'fake/kernels/cutlass/cutlass_wrapper/artifacts/modeling/sparse_bf16/sparse_bf16_model.json',,model_missing,False
32,261,8352,8352,backbone.layer.35.mlp.up_proj,mlp.up_proj,8192,4096,sparse_nvfp4,False,,[Errno 2] No such file or directory: 'fake/kernels/cutlass/cutlass_wrapper/artifacts/modeling/sparse_nvfp4/sparse_nvfp4_model.json',,model_missing,False
32,261,8352,8352,backbone.layer.35.mlp.down_proj,mlp.down_proj,4096,8192,dense_bf16,False,,[Errno 2] No such file or directory: 'fake/kernels/cutlass/cutlass_wrapper/artifacts/modeling/dense_bf16/dense_bf16_model.json',,model_missing,True
32,261,8352,8352,backbone.layer.35.mlp.down_proj,mlp.down_proj,4096,8192,dense_nvfp4,False,,[Errno 2] No such file or directory: 'fake/kernels/cutlass/cutlass_wrapper/artifacts/modeling/dense_nvfp4/dense_nvfp4_model.json',,model_missing,False
32,261,8352,8352,backbone.layer.35.mlp.down_proj,mlp.down_proj,4096,8192,sparse_bf16,False,,[Errno 2] No such file or directory: 'fake/kernels/cutlass/cutlass_wrapper/artifacts/modeling/sparse_bf16/sparse_bf16_model.json',,model_missing,False
32,261,8352,8352,backbone.layer.35.mlp.down_proj,mlp.down_proj,4096,8192,sparse_nvfp4,False,,[Errno 2] No such file or directory: 'fake/kernels/cutlass/cutlass_wrapper/artifacts/modeling/sparse_nvfp4/sparse_nvfp4_model.json',,model_missing,False
32,261,8352,8352,backbone.layer.36.attention.k_proj,attention.k_proj,4096,4096,dense_bf16,False,,[Errno 2] No such file or directory: 'fake/kernels/cutlass/cutlass_wrapper/artifacts/modeling/dense_bf16/dense_bf16_model.json',,model_missing,True
32,261,8352,8352,backbone.layer.36.attention.k_proj,attention.k_proj,4096,4096,dense_nvfp4,False,,[Errno 2] No such file or directory: 'fake/kernels/cutlass/cutlass_wrapper/artifacts/modeling/dense_nvfp4/dense_nvfp4_model.json',,model_missing,False
32,261,8352,8352,backbone.layer.36.attention.k_proj,attention.k_proj,4096,4096,sparse_bf16,False,,[Errno 2] No such file or directory: 'fake/kernels/cutlass/cutlass_wrapper/artifacts/modeling/sparse_bf16/sparse_bf16_model.json',,model_missing,False
32,261,8352,8352,backbone.layer.36.attention.k_proj,attention.k_proj,4096,4096,sparse_nvfp4,False,,[Errno 2] No such file or directory: 'fake/kernels/cutlass/cutlass_wrapper/artifacts/modeling/sparse_nvfp4/sparse_nvfp4_model.json',,model_missing,False
32,261,8352,8352,backbone.layer.36.attention.v_proj,attention.v_proj,4096,4096,dense_bf16,False,,[Errno 2] No such file or directory: 'fake/kernels/cutlass/cutlass_wrapper/artifacts/modeling/dense_bf16/dense_bf16_model.json',,model_missing,True
32,261,8352,8352,backbone.layer.36.attention.v_proj,attention.v_proj,4096,4096,dense_nvfp4,False,,[Errno 2] No such file or directory: 'fake/kernels/cutlass/cutlass_wrapper/artifacts/modeling/dense_nvfp4/dense_nvfp4_model.json',,model_missing,False
32,261,8352,8352,backbone.layer.36.attention.v_proj,attention.v_proj,4096,4096,sparse_bf16,False,,[Errno 2] No such file or directory: 'fake/kernels/cutlass/cutlass_wrapper/artifacts/modeling/sparse_bf16/sparse_bf16_model.json',,model_missing,False
32,261,8352,8352,backbone.layer.36.attention.v_proj,attention.v_proj,4096,4096,sparse_nvfp4,False,,[Errno 2] No such file or directory: 'fake/kernels/cutlass/cutlass_wrapper/artifacts/modeling/sparse_nvfp4/sparse_nvfp4_model.json',,model_missing,False
32,261,8352,8352,backbone.layer.36.attention.q_proj,attention.q_proj,4096,4096,dense_bf16,False,,[Errno 2] No such file or directory: 'fake/kernels/cutlass/cutlass_wrapper/artifacts/modeling/dense_bf16/dense_bf16_model.json',,model_missing,True
32,261,8352,8352,backbone.layer.36.attention.q_proj,attention.q_proj,4096,4096,dense_nvfp4,False,,[Errno 2] No such file or directory: 'fake/kernels/cutlass/cutlass_wrapper/artifacts/modeling/dense_nvfp4/dense_nvfp4_model.json',,model_missing,False
32,261,8352,8352,backbone.layer.36.attention.q_proj,attention.q_proj,4096,4096,sparse_bf16,False,,[Errno 2] No such file or directory: 'fake/kernels/cutlass/cutlass_wrapper/artifacts/modeling/sparse_bf16/sparse_bf16_model.json',,model_missing,False
32,261,8352,8352,backbone.layer.36.attention.q_proj,attention.q_proj,4096,4096,sparse_nvfp4,False,,[Errno 2] No such file or directory: 'fake/kernels/cutlass/cutlass_wrapper/artifacts/modeling/sparse_nvfp4/sparse_nvfp4_model.json',,model_missing,False
32,261,8352,8352,backbone.layer.36.attention.o_proj,attention.o_proj,4096,4096,dense_bf16,False,,[Errno 2] No such file or directory: 'fake/kernels/cutlass/cutlass_wrapper/artifacts/modeling/dense_bf16/dense_bf16_model.json',,model_missing,True
32,261,8352,8352,backbone.layer.36.attention.o_proj,attention.o_proj,4096,4096,dense_nvfp4,False,,[Errno 2] No such file or directory: 'fake/kernels/cutlass/cutlass_wrapper/artifacts/modeling/dense_nvfp4/dense_nvfp4_model.json',,model_missing,False
32,261,8352,8352,backbone.layer.36.attention.o_proj,attention.o_proj,4096,4096,sparse_bf16,False,,[Errno 2] No such file or directory: 'fake/kernels/cutlass/cutlass_wrapper/artifacts/modeling/sparse_bf16/sparse_bf16_model.json',,model_missing,False
32,261,8352,8352,backbone.layer.36.attention.o_proj,attention.o_proj,4096,4096,sparse_nvfp4,False,,[Errno 2] No such file or directory: 'fake/kernels/cutlass/cutlass_wrapper/artifacts/modeling/sparse_nvfp4/sparse_nvfp4_model.json',,model_missing,False
32,261,8352,8352,backbone.layer.36.mlp.gate_proj,mlp.gate_proj,8192,4096,dense_bf16,False,,[Errno 2] No such file or directory: 'fake/kernels/cutlass/cutlass_wrapper/artifacts/modeling/dense_bf16/dense_bf16_model.json',,model_missing,True
32,261,8352,8352,backbone.layer.36.mlp.gate_proj,mlp.gate_proj,8192,4096,dense_nvfp4,False,,[Errno 2] No such file or directory: 'fake/kernels/cutlass/cutlass_wrapper/artifacts/modeling/dense_nvfp4/dense_nvfp4_model.json',,model_missing,False
32,261,8352,8352,backbone.layer.36.mlp.gate_proj,mlp.gate_proj,8192,4096,sparse_bf16,False,,[Errno 2] No such file or directory: 'fake/kernels/cutlass/cutlass_wrapper/artifacts/modeling/sparse_bf16/sparse_bf16_model.json',,model_missing,False
32,261,8352,8352,backbone.layer.36.mlp.gate_proj,mlp.gate_proj,8192,4096,sparse_nvfp4,False,,[Errno 2] No such file or directory: 'fake/kernels/cutlass/cutlass_wrapper/artifacts/modeling/sparse_nvfp4/sparse_nvfp4_model.json',,model_missing,False
32,261,8352,8352,backbone.layer.36.mlp.up_proj,mlp.up_proj,8192,4096,dense_bf16,False,,[Errno 2] No such file or directory: 'fake/kernels/cutlass/cutlass_wrapper/artifacts/modeling/dense_bf16/dense_bf16_model.json',,model_missing,True
32,261,8352,8352,backbone.layer.36.mlp.up_proj,mlp.up_proj,8192,4096,dense_nvfp4,False,,[Errno 2] No such file or directory: 'fake/kernels/cutlass/cutlass_wrapper/artifacts/modeling/dense_nvfp4/dense_nvfp4_model.json',,model_missing,False
32,261,8352,8352,backbone.layer.36.mlp.up_proj,mlp.up_proj,8192,4096,sparse_bf16,False,,[Errno 2] No such file or directory: 'fake/kernels/cutlass/cutlass_wrapper/artifacts/modeling/sparse_bf16/sparse_bf16_model.json',,model_missing,False
32,261,8352,8352,backbone.layer.36.mlp.up_proj,mlp.up_proj,8192,4096,sparse_nvfp4,False,,[Errno 2] No such file or directory: 'fake/kernels/cutlass/cutlass_wrapper/artifacts/modeling/sparse_nvfp4/sparse_nvfp4_model.json',,model_missing,False
32,261,8352,8352,backbone.layer.36.mlp.down_proj,mlp.down_proj,4096,8192,dense_bf16,False,,[Errno 2] No such file or directory: 'fake/kernels/cutlass/cutlass_wrapper/artifacts/modeling/dense_bf16/dense_bf16_model.json',,model_missing,True
32,261,8352,8352,backbone.layer.36.mlp.down_proj,mlp.down_proj,4096,8192,dense_nvfp4,False,,[Errno 2] No such file or directory: 'fake/kernels/cutlass/cutlass_wrapper/artifacts/modeling/dense_nvfp4/dense_nvfp4_model.json',,model_missing,False
32,261,8352,8352,backbone.layer.36.mlp.down_proj,mlp.down_proj,4096,8192,sparse_bf16,False,,[Errno 2] No such file or directory: 'fake/kernels/cutlass/cutlass_wrapper/artifacts/modeling/sparse_bf16/sparse_bf16_model.json',,model_missing,False
32,261,8352,8352,backbone.layer.36.mlp.down_proj,mlp.down_proj,4096,8192,sparse_nvfp4,False,,[Errno 2] No such file or directory: 'fake/kernels/cutlass/cutlass_wrapper/artifacts/modeling/sparse_nvfp4/sparse_nvfp4_model.json',,model_missing,False
32,261,8352,8352,backbone.layer.37.attention.k_proj,attention.k_proj,4096,4096,dense_bf16,False,,[Errno 2] No such file or directory: 'fake/kernels/cutlass/cutlass_wrapper/artifacts/modeling/dense_bf16/dense_bf16_model.json',,model_missing,True
32,261,8352,8352,backbone.layer.37.attention.k_proj,attention.k_proj,4096,4096,dense_nvfp4,False,,[Errno 2] No such file or directory: 'fake/kernels/cutlass/cutlass_wrapper/artifacts/modeling/dense_nvfp4/dense_nvfp4_model.json',,model_missing,False
32,261,8352,8352,backbone.layer.37.attention.k_proj,attention.k_proj,4096,4096,sparse_bf16,False,,[Errno 2] No such file or directory: 'fake/kernels/cutlass/cutlass_wrapper/artifacts/modeling/sparse_bf16/sparse_bf16_model.json',,model_missing,False
32,261,8352,8352,backbone.layer.37.attention.k_proj,attention.k_proj,4096,4096,sparse_nvfp4,False,,[Errno 2] No such file or directory: 'fake/kernels/cutlass/cutlass_wrapper/artifacts/modeling/sparse_nvfp4/sparse_nvfp4_model.json',,model_missing,False
32,261,8352,8352,backbone.layer.37.attention.v_proj,attention.v_proj,4096,4096,dense_bf16,False,,[Errno 2] No such file or directory: 'fake/kernels/cutlass/cutlass_wrapper/artifacts/modeling/dense_bf16/dense_bf16_model.json',,model_missing,True
32,261,8352,8352,backbone.layer.37.attention.v_proj,attention.v_proj,4096,4096,dense_nvfp4,False,,[Errno 2] No such file or directory: 'fake/kernels/cutlass/cutlass_wrapper/artifacts/modeling/dense_nvfp4/dense_nvfp4_model.json',,model_missing,False
32,261,8352,8352,backbone.layer.37.attention.v_proj,attention.v_proj,4096,4096,sparse_bf16,False,,[Errno 2] No such file or directory: 'fake/kernels/cutlass/cutlass_wrapper/artifacts/modeling/sparse_bf16/sparse_bf16_model.json',,model_missing,False
32,261,8352,8352,backbone.layer.37.attention.v_proj,attention.v_proj,4096,4096,sparse_nvfp4,False,,[Errno 2] No such file or directory: 'fake/kernels/cutlass/cutlass_wrapper/artifacts/modeling/sparse_nvfp4/sparse_nvfp4_model.json',,model_missing,False
32,261,8352,8352,backbone.layer.37.attention.q_proj,attention.q_proj,4096,4096,dense_bf16,False,,[Errno 2] No such file or directory: 'fake/kernels/cutlass/cutlass_wrapper/artifacts/modeling/dense_bf16/dense_bf16_model.json',,model_missing,True
32,261,8352,8352,backbone.layer.37.attention.q_proj,attention.q_proj,4096,4096,dense_nvfp4,False,,[Errno 2] No such file or directory: 'fake/kernels/cutlass/cutlass_wrapper/artifacts/modeling/dense_nvfp4/dense_nvfp4_model.json',,model_missing,False
32,261,8352,8352,backbone.layer.37.attention.q_proj,attention.q_proj,4096,4096,sparse_bf16,False,,[Errno 2] No such file or directory: 'fake/kernels/cutlass/cutlass_wrapper/artifacts/modeling/sparse_bf16/sparse_bf16_model.json',,model_missing,False
32,261,8352,8352,backbone.layer.37.attention.q_proj,attention.q_proj,4096,4096,sparse_nvfp4,False,,[Errno 2] No such file or directory: 'fake/kernels/cutlass/cutlass_wrapper/artifacts/modeling/sparse_nvfp4/sparse_nvfp4_model.json',,model_missing,False
32,261,8352,8352,backbone.layer.37.attention.o_proj,attention.o_proj,4096,4096,dense_bf16,False,,[Errno 2] No such file or directory: 'fake/kernels/cutlass/cutlass_wrapper/artifacts/modeling/dense_bf16/dense_bf16_model.json',,model_missing,True
32,261,8352,8352,backbone.layer.37.attention.o_proj,attention.o_proj,4096,4096,dense_nvfp4,False,,[Errno 2] No such file or directory: 'fake/kernels/cutlass/cutlass_wrapper/artifacts/modeling/dense_nvfp4/dense_nvfp4_model.json',,model_missing,False
32,261,8352,8352,backbone.layer.37.attention.o_proj,attention.o_proj,4096,4096,sparse_bf16,False,,[Errno 2] No such file or directory: 'fake/kernels/cutlass/cutlass_wrapper/artifacts/modeling/sparse_bf16/sparse_bf16_model.json',,model_missing,False
32,261,8352,8352,backbone.layer.37.attention.o_proj,attention.o_proj,4096,4096,sparse_nvfp4,False,,[Errno 2] No such file or directory: 'fake/kernels/cutlass/cutlass_wrapper/artifacts/modeling/sparse_nvfp4/sparse_nvfp4_model.json',,model_missing,False
32,261,8352,8352,backbone.layer.37.mlp.gate_proj,mlp.gate_proj,8192,4096,dense_bf16,False,,[Errno 2] No such file or directory: 'fake/kernels/cutlass/cutlass_wrapper/artifacts/modeling/dense_bf16/dense_bf16_model.json',,model_missing,True
32,261,8352,8352,backbone.layer.37.mlp.gate_proj,mlp.gate_proj,8192,4096,dense_nvfp4,False,,[Errno 2] No such file or directory: 'fake/kernels/cutlass/cutlass_wrapper/artifacts/modeling/dense_nvfp4/dense_nvfp4_model.json',,model_missing,False
32,261,8352,8352,backbone.layer.37.mlp.gate_proj,mlp.gate_proj,8192,4096,sparse_bf16,False,,[Errno 2] No such file or directory: 'fake/kernels/cutlass/cutlass_wrapper/artifacts/modeling/sparse_bf16/sparse_bf16_model.json',,model_missing,False
32,261,8352,8352,backbone.layer.37.mlp.gate_proj,mlp.gate_proj,8192,4096,sparse_nvfp4,False,,[Errno 2] No such file or directory: 'fake/kernels/cutlass/cutlass_wrapper/artifacts/modeling/sparse_nvfp4/sparse_nvfp4_model.json',,model_missing,False
32,261,8352,8352,backbone.layer.37.mlp.up_proj,mlp.up_proj,8192,4096,dense_bf16,False,,[Errno 2] No such file or directory: 'fake/kernels/cutlass/cutlass_wrapper/artifacts/modeling/dense_bf16/dense_bf16_model.json',,model_missing,True
32,261,8352,8352,backbone.layer.37.mlp.up_proj,mlp.up_proj,8192,4096,dense_nvfp4,False,,[Errno 2] No such file or directory: 'fake/kernels/cutlass/cutlass_wrapper/artifacts/modeling/dense_nvfp4/dense_nvfp4_model.json',,model_missing,False
32,261,8352,8352,backbone.layer.37.mlp.up_proj,mlp.up_proj,8192,4096,sparse_bf16,False,,[Errno 2] No such file or directory: 'fake/kernels/cutlass/cutlass_wrapper/artifacts/modeling/sparse_bf16/sparse_bf16_model.json',,model_missing,False
32,261,8352,8352,backbone.layer.37.mlp.up_proj,mlp.up_proj,8192,4096,sparse_nvfp4,False,,[Errno 2] No such file or directory: 'fake/kernels/cutlass/cutlass_wrapper/artifacts/modeling/sparse_nvfp4/sparse_nvfp4_model.json',,model_missing,False
32,261,8352,8352,backbone.layer.37.mlp.down_proj,mlp.down_proj,4096,8192,dense_bf16,False,,[Errno 2] No such file or directory: 'fake/kernels/cutlass/cutlass_wrapper/artifacts/modeling/dense_bf16/dense_bf16_model.json',,model_missing,True
32,261,8352,8352,backbone.layer.37.mlp.down_proj,mlp.down_proj,4096,8192,dense_nvfp4,False,,[Errno 2] No such file or directory: 'fake/kernels/cutlass/cutlass_wrapper/artifacts/modeling/dense_nvfp4/dense_nvfp4_model.json',,model_missing,False
32,261,8352,8352,backbone.layer.37.mlp.down_proj,mlp.down_proj,4096,8192,sparse_bf16,False,,[Errno 2] No such file or directory: 'fake/kernels/cutlass/cutlass_wrapper/artifacts/modeling/sparse_bf16/sparse_bf16_model.json',,model_missing,False
32,261,8352,8352,backbone.layer.37.mlp.down_proj,mlp.down_proj,4096,8192,sparse_nvfp4,False,,[Errno 2] No such file or directory: 'fake/kernels/cutlass/cutlass_wrapper/artifacts/modeling/sparse_nvfp4/sparse_nvfp4_model.json',,model_missing,False
32,261,8352,8352,backbone.layer.38.attention.k_proj,attention.k_proj,4096,4096,dense_bf16,False,,[Errno 2] No such file or directory: 'fake/kernels/cutlass/cutlass_wrapper/artifacts/modeling/dense_bf16/dense_bf16_model.json',,model_missing,True
32,261,8352,8352,backbone.layer.38.attention.k_proj,attention.k_proj,4096,4096,dense_nvfp4,False,,[Errno 2] No such file or directory: 'fake/kernels/cutlass/cutlass_wrapper/artifacts/modeling/dense_nvfp4/dense_nvfp4_model.json',,model_missing,False
32,261,8352,8352,backbone.layer.38.attention.k_proj,attention.k_proj,4096,4096,sparse_bf16,False,,[Errno 2] No such file or directory: 'fake/kernels/cutlass/cutlass_wrapper/artifacts/modeling/sparse_bf16/sparse_bf16_model.json',,model_missing,False
32,261,8352,8352,backbone.layer.38.attention.k_proj,attention.k_proj,4096,4096,sparse_nvfp4,False,,[Errno 2] No such file or directory: 'fake/kernels/cutlass/cutlass_wrapper/artifacts/modeling/sparse_nvfp4/sparse_nvfp4_model.json',,model_missing,False
32,261,8352,8352,backbone.layer.38.attention.v_proj,attention.v_proj,4096,4096,dense_bf16,False,,[Errno 2] No such file or directory: 'fake/kernels/cutlass/cutlass_wrapper/artifacts/modeling/dense_bf16/dense_bf16_model.json',,model_missing,True
32,261,8352,8352,backbone.layer.38.attention.v_proj,attention.v_proj,4096,4096,dense_nvfp4,False,,[Errno 2] No such file or directory: 'fake/kernels/cutlass/cutlass_wrapper/artifacts/modeling/dense_nvfp4/dense_nvfp4_model.json',,model_missing,False
32,261,8352,8352,backbone.layer.38.attention.v_proj,attention.v_proj,4096,4096,sparse_bf16,False,,[Errno 2] No such file or directory: 'fake/kernels/cutlass/cutlass_wrapper/artifacts/modeling/sparse_bf16/sparse_bf16_model.json',,model_missing,False
32,261,8352,8352,backbone.layer.38.attention.v_proj,attention.v_proj,4096,4096,sparse_nvfp4,False,,[Errno 2] No such file or directory: 'fake/kernels/cutlass/cutlass_wrapper/artifacts/modeling/sparse_nvfp4/sparse_nvfp4_model.json',,model_missing,False
32,261,8352,8352,backbone.layer.38.attention.q_proj,attention.q_proj,4096,4096,dense_bf16,False,,[Errno 2] No such file or directory: 'fake/kernels/cutlass/cutlass_wrapper/artifacts/modeling/dense_bf16/dense_bf16_model.json',,model_missing,True
32,261,8352,8352,backbone.layer.38.attention.q_proj,attention.q_proj,4096,4096,dense_nvfp4,False,,[Errno 2] No such file or directory: 'fake/kernels/cutlass/cutlass_wrapper/artifacts/modeling/dense_nvfp4/dense_nvfp4_model.json',,model_missing,False
32,261,8352,8352,backbone.layer.38.attention.q_proj,attention.q_proj,4096,4096,sparse_bf16,False,,[Errno 2] No such file or directory: 'fake/kernels/cutlass/cutlass_wrapper/artifacts/modeling/sparse_bf16/sparse_bf16_model.json',,model_missing,False
32,261,8352,8352,backbone.layer.38.attention.q_proj,attention.q_proj,4096,4096,sparse_nvfp4,False,,[Errno 2] No such file or directory: 'fake/kernels/cutlass/cutlass_wrapper/artifacts/modeling/sparse_nvfp4/sparse_nvfp4_model.json',,model_missing,False
32,261,8352,8352,backbone.layer.38.attention.o_proj,attention.o_proj,4096,4096,dense_bf16,False,,[Errno 2] No such file or directory: 'fake/kernels/cutlass/cutlass_wrapper/artifacts/modeling/dense_bf16/dense_bf16_model.json',,model_missing,True
32,261,8352,8352,backbone.layer.38.attention.o_proj,attention.o_proj,4096,4096,dense_nvfp4,False,,[Errno 2] No such file or directory: 'fake/kernels/cutlass/cutlass_wrapper/artifacts/modeling/dense_nvfp4/dense_nvfp4_model.json',,model_missing,False
32,261,8352,8352,backbone.layer.38.attention.o_proj,attention.o_proj,4096,4096,sparse_bf16,False,,[Errno 2] No such file or directory: 'fake/kernels/cutlass/cutlass_wrapper/artifacts/modeling/sparse_bf16/sparse_bf16_model.json',,model_missing,False
32,261,8352,8352,backbone.layer.38.attention.o_proj,attention.o_proj,4096,4096,sparse_nvfp4,False,,[Errno 2] No such file or directory: 'fake/kernels/cutlass/cutlass_wrapper/artifacts/modeling/sparse_nvfp4/sparse_nvfp4_model.json',,model_missing,False
32,261,8352,8352,backbone.layer.38.mlp.gate_proj,mlp.gate_proj,8192,4096,dense_bf16,False,,[Errno 2] No such file or directory: 'fake/kernels/cutlass/cutlass_wrapper/artifacts/modeling/dense_bf16/dense_bf16_model.json',,model_missing,True
32,261,8352,8352,backbone.layer.38.mlp.gate_proj,mlp.gate_proj,8192,4096,dense_nvfp4,False,,[Errno 2] No such file or directory: 'fake/kernels/cutlass/cutlass_wrapper/artifacts/modeling/dense_nvfp4/dense_nvfp4_model.json',,model_missing,False
32,261,8352,8352,backbone.layer.38.mlp.gate_proj,mlp.gate_proj,8192,4096,sparse_bf16,False,,[Errno 2] No such file or directory: 'fake/kernels/cutlass/cutlass_wrapper/artifacts/modeling/sparse_bf16/sparse_bf16_model.json',,model_missing,False
32,261,8352,8352,backbone.layer.38.mlp.gate_proj,mlp.gate_proj,8192,4096,sparse_nvfp4,False,,[Errno 2] No such file or directory: 'fake/kernels/cutlass/cutlass_wrapper/artifacts/modeling/sparse_nvfp4/sparse_nvfp4_model.json',,model_missing,False
32,261,8352,8352,backbone.layer.38.mlp.up_proj,mlp.up_proj,8192,4096,dense_bf16,False,,[Errno 2] No such file or directory: 'fake/kernels/cutlass/cutlass_wrapper/artifacts/modeling/dense_bf16/dense_bf16_model.json',,model_missing,True
32,261,8352,8352,backbone.layer.38.mlp.up_proj,mlp.up_proj,8192,4096,dense_nvfp4,False,,[Errno 2] No such file or directory: 'fake/kernels/cutlass/cutlass_wrapper/artifacts/modeling/dense_nvfp4/dense_nvfp4_model.json',,model_missing,False
32,261,8352,8352,backbone.layer.38.mlp.up_proj,mlp.up_proj,8192,4096,sparse_bf16,False,,[Errno 2] No such file or directory: 'fake/kernels/cutlass/cutlass_wrapper/artifacts/modeling/sparse_bf16/sparse_bf16_model.json',,model_missing,False
32,261,8352,8352,backbone.layer.38.mlp.up_proj,mlp.up_proj,8192,4096,sparse_nvfp4,False,,[Errno 2] No such file or directory: 'fake/kernels/cutlass/cutlass_wrapper/artifacts/modeling/sparse_nvfp4/sparse_nvfp4_model.json',,model_missing,False
32,261,8352,8352,backbone.layer.38.mlp.down_proj,mlp.down_proj,4096,8192,dense_bf16,False,,[Errno 2] No such file or directory: 'fake/kernels/cutlass/cutlass_wrapper/artifacts/modeling/dense_bf16/dense_bf16_model.json',,model_missing,True
32,261,8352,8352,backbone.layer.38.mlp.down_proj,mlp.down_proj,4096,8192,dense_nvfp4,False,,[Errno 2] No such file or directory: 'fake/kernels/cutlass/cutlass_wrapper/artifacts/modeling/dense_nvfp4/dense_nvfp4_model.json',,model_missing,False
32,261,8352,8352,backbone.layer.38.mlp.down_proj,mlp.down_proj,4096,8192,sparse_bf16,False,,[Errno 2] No such file or directory: 'fake/kernels/cutlass/cutlass_wrapper/artifacts/modeling/sparse_bf16/sparse_bf16_model.json',,model_missing,False
32,261,8352,8352,backbone.layer.38.mlp.down_proj,mlp.down_proj,4096,8192,sparse_nvfp4,False,,[Errno 2] No such file or directory: 'fake/kernels/cutlass/cutlass_wrapper/artifacts/modeling/sparse_nvfp4/sparse_nvfp4_model.json',,model_missing,False
32,261,8352,8352,backbone.layer.39.attention.k_proj,attention.k_proj,4096,4096,dense_bf16,False,,[Errno 2] No such file or directory: 'fake/kernels/cutlass/cutlass_wrapper/artifacts/modeling/dense_bf16/dense_bf16_model.json',,model_missing,True
32,261,8352,8352,backbone.layer.39.attention.k_proj,attention.k_proj,4096,4096,dense_nvfp4,False,,[Errno 2] No such file or directory: 'fake/kernels/cutlass/cutlass_wrapper/artifacts/modeling/dense_nvfp4/dense_nvfp4_model.json',,model_missing,False
32,261,8352,8352,backbone.layer.39.attention.k_proj,attention.k_proj,4096,4096,sparse_bf16,False,,[Errno 2] No such file or directory: 'fake/kernels/cutlass/cutlass_wrapper/artifacts/modeling/sparse_bf16/sparse_bf16_model.json',,model_missing,False
32,261,8352,8352,backbone.layer.39.attention.k_proj,attention.k_proj,4096,4096,sparse_nvfp4,False,,[Errno 2] No such file or directory: 'fake/kernels/cutlass/cutlass_wrapper/artifacts/modeling/sparse_nvfp4/sparse_nvfp4_model.json',,model_missing,False
32,261,8352,8352,backbone.layer.39.attention.v_proj,attention.v_proj,4096,4096,dense_bf16,False,,[Errno 2] No such file or directory: 'fake/kernels/cutlass/cutlass_wrapper/artifacts/modeling/dense_bf16/dense_bf16_model.json',,model_missing,True
32,261,8352,8352,backbone.layer.39.attention.v_proj,attention.v_proj,4096,4096,dense_nvfp4,False,,[Errno 2] No such file or directory: 'fake/kernels/cutlass/cutlass_wrapper/artifacts/modeling/dense_nvfp4/dense_nvfp4_model.json',,model_missing,False
32,261,8352,8352,backbone.layer.39.attention.v_proj,attention.v_proj,4096,4096,sparse_bf16,False,,[Errno 2] No such file or directory: 'fake/kernels/cutlass/cutlass_wrapper/artifacts/modeling/sparse_bf16/sparse_bf16_model.json',,model_missing,False
32,261,8352,8352,backbone.layer.39.attention.v_proj,attention.v_proj,4096,4096,sparse_nvfp4,False,,[Errno 2] No such file or directory: 'fake/kernels/cutlass/cutlass_wrapper/artifacts/modeling/sparse_nvfp4/sparse_nvfp4_model.json',,model_missing,False
32,261,8352,8352,backbone.layer.39.attention.q_proj,attention.q_proj,4096,4096,dense_bf16,False,,[Errno 2] No such file or directory: 'fake/kernels/cutlass/cutlass_wrapper/artifacts/modeling/dense_bf16/dense_bf16_model.json',,model_missing,True
32,261,8352,8352,backbone.layer.39.attention.q_proj,attention.q_proj,4096,4096,dense_nvfp4,False,,[Errno 2] No such file or directory: 'fake/kernels/cutlass/cutlass_wrapper/artifacts/modeling/dense_nvfp4/dense_nvfp4_model.json',,model_missing,False
32,261,8352,8352,backbone.layer.39.attention.q_proj,attention.q_proj,4096,4096,sparse_bf16,False,,[Errno 2] No such file or directory: 'fake/kernels/cutlass/cutlass_wrapper/artifacts/modeling/sparse_bf16/sparse_bf16_model.json',,model_missing,False
32,261,8352,8352,backbone.layer.39.attention.q_proj,attention.q_proj,4096,4096,sparse_nvfp4,False,,[Errno 2] No such file or directory: 'fake/kernels/cutlass/cutlass_wrapper/artifacts/modeling/sparse_nvfp4/sparse_nvfp4_model.json',,model_missing,False
32,261,8352,8352,backbone.layer.39.attention.o_proj,attention.o_proj,4096,4096,dense_bf16,False,,[Errno 2] No such file or directory: 'fake/kernels/cutlass/cutlass_wrapper/artifacts/modeling/dense_bf16/dense_bf16_model.json',,model_missing,True
32,261,8352,8352,backbone.layer.39.attention.o_proj,attention.o_proj,4096,4096,dense_nvfp4,False,,[Errno 2] No such file or directory: 'fake/kernels/cutlass/cutlass_wrapper/artifacts/modeling/dense_nvfp4/dense_nvfp4_model.json',,model_missing,False
32,261,8352,8352,backbone.layer.39.attention.o_proj,attention.o_proj,4096,4096,sparse_bf16,False,,[Errno 2] No such file or directory: 'fake/kernels/cutlass/cutlass_wrapper/artifacts/modeling/sparse_bf16/sparse_bf16_model.json',,model_missing,False
32,261,8352,8352,backbone.layer.39.attention.o_proj,attention.o_proj,4096,4096,sparse_nvfp4,False,,[Errno 2] No such file or directory: 'fake/kernels/cutlass/cutlass_wrapper/artifacts/modeling/sparse_nvfp4/sparse_nvfp4_model.json',,model_missing,False
32,261,8352,8352,backbone.layer.39.mlp.gate_proj,mlp.gate_proj,8192,4096,dense_bf16,False,,[Errno 2] No such file or directory: 'fake/kernels/cutlass/cutlass_wrapper/artifacts/modeling/dense_bf16/dense_bf16_model.json',,model_missing,True
32,261,8352,8352,backbone.layer.39.mlp.gate_proj,mlp.gate_proj,8192,4096,dense_nvfp4,False,,[Errno 2] No such file or directory: 'fake/kernels/cutlass/cutlass_wrapper/artifacts/modeling/dense_nvfp4/dense_nvfp4_model.json',,model_missing,False
32,261,8352,8352,backbone.layer.39.mlp.gate_proj,mlp.gate_proj,8192,4096,sparse_bf16,False,,[Errno 2] No such file or directory: 'fake/kernels/cutlass/cutlass_wrapper/artifacts/modeling/sparse_bf16/sparse_bf16_model.json',,model_missing,False
32,261,8352,8352,backbone.layer.39.mlp.gate_proj,mlp.gate_proj,8192,4096,sparse_nvfp4,False,,[Errno 2] No such file or directory: 'fake/kernels/cutlass/cutlass_wrapper/artifacts/modeling/sparse_nvfp4/sparse_nvfp4_model.json',,model_missing,False
32,261,8352,8352,backbone.layer.39.mlp.up_proj,mlp.up_proj,8192,4096,dense_bf16,False,,[Errno 2] No such file or directory: 'fake/kernels/cutlass/cutlass_wrapper/artifacts/modeling/dense_bf16/dense_bf16_model.json',,model_missing,True
32,261,8352,8352,backbone.layer.39.mlp.up_proj,mlp.up_proj,8192,4096,dense_nvfp4,False,,[Errno 2] No such file or directory: 'fake/kernels/cutlass/cutlass_wrapper/artifacts/modeling/dense_nvfp4/dense_nvfp4_model.json',,model_missing,False
32,261,8352,8352,backbone.layer.39.mlp.up_proj,mlp.up_proj,8192,4096,sparse_bf16,False,,[Errno 2] No such file or directory: 'fake/kernels/cutlass/cutlass_wrapper/artifacts/modeling/sparse_bf16/sparse_bf16_model.json',,model_missing,False
32,261,8352,8352,backbone.layer.39.mlp.up_proj,mlp.up_proj,8192,4096,sparse_nvfp4,False,,[Errno 2] No such file or directory: 'fake/kernels/cutlass/cutlass_wrapper/artifacts/modeling/sparse_nvfp4/sparse_nvfp4_model.json',,model_missing,False
32,261,8352,8352,backbone.layer.39.mlp.down_proj,mlp.down_proj,4096,8192,dense_bf16,False,,[Errno 2] No such file or directory: 'fake/kernels/cutlass/cutlass_wrapper/artifacts/modeling/dense_bf16/dense_bf16_model.json',,model_missing,True
32,261,8352,8352,backbone.layer.39.mlp.down_proj,mlp.down_proj,4096,8192,dense_nvfp4,False,,[Errno 2] No such file or directory: 'fake/kernels/cutlass/cutlass_wrapper/artifacts/modeling/dense_nvfp4/dense_nvfp4_model.json',,model_missing,False
32,261,8352,8352,backbone.layer.39.mlp.down_proj,mlp.down_proj,4096,8192,sparse_bf16,False,,[Errno 2] No such file or directory: 'fake/kernels/cutlass/cutlass_wrapper/artifacts/modeling/sparse_bf16/sparse_bf16_model.json',,model_missing,False
32,261,8352,8352,backbone.layer.39.mlp.down_proj,mlp.down_proj,4096,8192,sparse_nvfp4,False,,[Errno 2] No such file or directory: 'fake/kernels/cutlass/cutlass_wrapper/artifacts/modeling/sparse_nvfp4/sparse_nvfp4_model.json',,model_missing,False
