benchmark_level,fixed_dim,fixed_value,m,n,k,gpu,warmup,iters,bias,torch_version,cuda_version,kernel,status,latency_ms,tflops,error_msg
module_forward,m,1,1,1,1,0,5,20,False,2.9.0+cu128,12.8,dense_bf16,pass,0.032454,0.000000,
module_forward,m,1,1,1,1,0,5,20,False,2.9.0+cu128,12.8,dense_nvfp4,skip,,,"K%32!=0,N%32!=0"
module_forward,m,1,1,1,1,0,5,20,False,2.9.0+cu128,12.8,sparse_bf16,skip,,,"M%8!=0,N%8!=0,K%64!=0"
module_forward,m,1,1,1,1,0,5,20,False,2.9.0+cu128,12.8,sparse_nvfp4,skip,,,"M%32!=0,K%64!=0"
module_forward,m,1,1,1,1,0,5,20,False,2.9.0+cu128,12.8,marlin_nvfp4,skip,,,"K%128!=0,N%64!=0"
module_forward,m,1,1,1,2,0,5,20,False,2.9.0+cu128,12.8,dense_bf16,pass,0.030950,0.000000,
module_forward,m,1,1,1,2,0,5,20,False,2.9.0+cu128,12.8,dense_nvfp4,skip,,,"K%32!=0,N%32!=0"
module_forward,m,1,1,1,2,0,5,20,False,2.9.0+cu128,12.8,sparse_bf16,skip,,,"M%8!=0,N%8!=0,K%64!=0"
module_forward,m,1,1,1,2,0,5,20,False,2.9.0+cu128,12.8,sparse_nvfp4,skip,,,"M%32!=0,K%64!=0"
module_forward,m,1,1,1,2,0,5,20,False,2.9.0+cu128,12.8,marlin_nvfp4,skip,,,"K%128!=0,N%64!=0"
module_forward,m,1,1,1,4,0,5,20,False,2.9.0+cu128,12.8,dense_bf16,pass,0.030398,0.000000,
module_forward,m,1,1,1,4,0,5,20,False,2.9.0+cu128,12.8,dense_nvfp4,skip,,,"K%32!=0,N%32!=0"
module_forward,m,1,1,1,4,0,5,20,False,2.9.0+cu128,12.8,sparse_bf16,skip,,,"M%8!=0,N%8!=0,K%64!=0"
module_forward,m,1,1,1,4,0,5,20,False,2.9.0+cu128,12.8,sparse_nvfp4,skip,,,"M%32!=0,K%64!=0"
module_forward,m,1,1,1,4,0,5,20,False,2.9.0+cu128,12.8,marlin_nvfp4,skip,,,"K%128!=0,N%64!=0"
module_forward,m,1,1,1,8,0,5,20,False,2.9.0+cu128,12.8,dense_bf16,pass,0.031085,0.000001,
module_forward,m,1,1,1,8,0,5,20,False,2.9.0+cu128,12.8,dense_nvfp4,skip,,,"K%32!=0,N%32!=0"
module_forward,m,1,1,1,8,0,5,20,False,2.9.0+cu128,12.8,sparse_bf16,skip,,,"M%8!=0,N%8!=0,K%64!=0"
module_forward,m,1,1,1,8,0,5,20,False,2.9.0+cu128,12.8,sparse_nvfp4,skip,,,"M%32!=0,K%64!=0"
module_forward,m,1,1,1,8,0,5,20,False,2.9.0+cu128,12.8,marlin_nvfp4,skip,,,"K%128!=0,N%64!=0"
module_forward,m,1,1,1,16,0,5,20,False,2.9.0+cu128,12.8,dense_bf16,pass,0.031368,0.000001,
module_forward,m,1,1,1,16,0,5,20,False,2.9.0+cu128,12.8,dense_nvfp4,skip,,,"K%32!=0,N%32!=0"
module_forward,m,1,1,1,16,0,5,20,False,2.9.0+cu128,12.8,sparse_bf16,skip,,,"M%8!=0,N%8!=0,K%64!=0"
module_forward,m,1,1,1,16,0,5,20,False,2.9.0+cu128,12.8,sparse_nvfp4,skip,,,"M%32!=0,K%64!=0"
module_forward,m,1,1,1,16,0,5,20,False,2.9.0+cu128,12.8,marlin_nvfp4,skip,,,"K%128!=0,N%64!=0"
module_forward,m,1,1,1,32,0,5,20,False,2.9.0+cu128,12.8,dense_bf16,pass,0.030787,0.000002,
module_forward,m,1,1,1,32,0,5,20,False,2.9.0+cu128,12.8,dense_nvfp4,skip,,,N%32!=0
module_forward,m,1,1,1,32,0,5,20,False,2.9.0+cu128,12.8,sparse_bf16,skip,,,"M%8!=0,N%8!=0,K%64!=0"
module_forward,m,1,1,1,32,0,5,20,False,2.9.0+cu128,12.8,sparse_nvfp4,skip,,,"M%32!=0,K%64!=0"
module_forward,m,1,1,1,32,0,5,20,False,2.9.0+cu128,12.8,marlin_nvfp4,skip,,,"K%128!=0,N%64!=0"
module_forward,m,1,1,1,64,0,5,20,False,2.9.0+cu128,12.8,dense_bf16,pass,0.030610,0.000004,
module_forward,m,1,1,1,64,0,5,20,False,2.9.0+cu128,12.8,dense_nvfp4,skip,,,N%32!=0
module_forward,m,1,1,1,64,0,5,20,False,2.9.0+cu128,12.8,sparse_bf16,skip,,,"M%8!=0,N%8!=0"
module_forward,m,1,1,1,64,0,5,20,False,2.9.0+cu128,12.8,sparse_nvfp4,skip,,,M%32!=0
module_forward,m,1,1,1,64,0,5,20,False,2.9.0+cu128,12.8,marlin_nvfp4,skip,,,"K%128!=0,N%64!=0"
module_forward,m,1,1,1,128,0,5,20,False,2.9.0+cu128,12.8,dense_bf16,pass,0.030398,0.000008,
module_forward,m,1,1,1,128,0,5,20,False,2.9.0+cu128,12.8,dense_nvfp4,skip,,,N%32!=0
module_forward,m,1,1,1,128,0,5,20,False,2.9.0+cu128,12.8,sparse_bf16,skip,,,"M%8!=0,N%8!=0"
module_forward,m,1,1,1,128,0,5,20,False,2.9.0+cu128,12.8,sparse_nvfp4,skip,,,M%32!=0
module_forward,m,1,1,1,128,0,5,20,False,2.9.0+cu128,12.8,marlin_nvfp4,skip,,,N%64!=0
module_forward,m,1,1,1,256,0,5,20,False,2.9.0+cu128,12.8,dense_bf16,pass,0.030074,0.000017,
module_forward,m,1,1,1,256,0,5,20,False,2.9.0+cu128,12.8,dense_nvfp4,skip,,,N%32!=0
module_forward,m,1,1,1,256,0,5,20,False,2.9.0+cu128,12.8,sparse_bf16,skip,,,"M%8!=0,N%8!=0"
module_forward,m,1,1,1,256,0,5,20,False,2.9.0+cu128,12.8,sparse_nvfp4,skip,,,M%32!=0
module_forward,m,1,1,1,256,0,5,20,False,2.9.0+cu128,12.8,marlin_nvfp4,skip,,,N%64!=0
module_forward,m,1,1,1,512,0,5,20,False,2.9.0+cu128,12.8,dense_bf16,pass,0.030552,0.000034,
module_forward,m,1,1,1,512,0,5,20,False,2.9.0+cu128,12.8,dense_nvfp4,skip,,,N%32!=0
module_forward,m,1,1,1,512,0,5,20,False,2.9.0+cu128,12.8,sparse_bf16,skip,,,"M%8!=0,N%8!=0"
module_forward,m,1,1,1,512,0,5,20,False,2.9.0+cu128,12.8,sparse_nvfp4,skip,,,M%32!=0
module_forward,m,1,1,1,512,0,5,20,False,2.9.0+cu128,12.8,marlin_nvfp4,skip,,,N%64!=0
module_forward,m,1,1,1,1024,0,5,20,False,2.9.0+cu128,12.8,dense_bf16,pass,0.030318,0.000068,
module_forward,m,1,1,1,1024,0,5,20,False,2.9.0+cu128,12.8,dense_nvfp4,skip,,,N%32!=0
module_forward,m,1,1,1,1024,0,5,20,False,2.9.0+cu128,12.8,sparse_bf16,skip,,,"M%8!=0,N%8!=0"
module_forward,m,1,1,1,1024,0,5,20,False,2.9.0+cu128,12.8,sparse_nvfp4,skip,,,M%32!=0
module_forward,m,1,1,1,1024,0,5,20,False,2.9.0+cu128,12.8,marlin_nvfp4,skip,,,N%64!=0
module_forward,m,1,1,1,2048,0,5,20,False,2.9.0+cu128,12.8,dense_bf16,pass,0.030594,0.000134,
module_forward,m,1,1,1,2048,0,5,20,False,2.9.0+cu128,12.8,dense_nvfp4,skip,,,N%32!=0
module_forward,m,1,1,1,2048,0,5,20,False,2.9.0+cu128,12.8,sparse_bf16,skip,,,"M%8!=0,N%8!=0"
module_forward,m,1,1,1,2048,0,5,20,False,2.9.0+cu128,12.8,sparse_nvfp4,skip,,,M%32!=0
module_forward,m,1,1,1,2048,0,5,20,False,2.9.0+cu128,12.8,marlin_nvfp4,skip,,,N%64!=0
module_forward,m,1,1,1,4096,0,5,20,False,2.9.0+cu128,12.8,dense_bf16,pass,0.030000,0.000273,
module_forward,m,1,1,1,4096,0,5,20,False,2.9.0+cu128,12.8,dense_nvfp4,skip,,,N%32!=0
module_forward,m,1,1,1,4096,0,5,20,False,2.9.0+cu128,12.8,sparse_bf16,skip,,,"M%8!=0,N%8!=0"
module_forward,m,1,1,1,4096,0,5,20,False,2.9.0+cu128,12.8,sparse_nvfp4,skip,,,M%32!=0
module_forward,m,1,1,1,4096,0,5,20,False,2.9.0+cu128,12.8,marlin_nvfp4,skip,,,N%64!=0
module_forward,m,1,1,1,8192,0,5,20,False,2.9.0+cu128,12.8,dense_bf16,pass,0.030752,0.000533,
module_forward,m,1,1,1,8192,0,5,20,False,2.9.0+cu128,12.8,dense_nvfp4,skip,,,N%32!=0
module_forward,m,1,1,1,8192,0,5,20,False,2.9.0+cu128,12.8,sparse_bf16,skip,,,"M%8!=0,N%8!=0"
module_forward,m,1,1,1,8192,0,5,20,False,2.9.0+cu128,12.8,sparse_nvfp4,skip,,,M%32!=0
module_forward,m,1,1,1,8192,0,5,20,False,2.9.0+cu128,12.8,marlin_nvfp4,skip,,,N%64!=0
module_forward,m,1,1,1,16384,0,5,20,False,2.9.0+cu128,12.8,dense_bf16,pass,0.030101,0.001089,
module_forward,m,1,1,1,16384,0,5,20,False,2.9.0+cu128,12.8,dense_nvfp4,skip,,,N%32!=0
module_forward,m,1,1,1,16384,0,5,20,False,2.9.0+cu128,12.8,sparse_bf16,skip,,,"M%8!=0,N%8!=0"
module_forward,m,1,1,1,16384,0,5,20,False,2.9.0+cu128,12.8,sparse_nvfp4,skip,,,M%32!=0
module_forward,m,1,1,1,16384,0,5,20,False,2.9.0+cu128,12.8,marlin_nvfp4,skip,,,N%64!=0
module_forward,m,1,1,2,1,0,5,20,False,2.9.0+cu128,12.8,dense_bf16,pass,0.026944,0.000000,
module_forward,m,1,1,2,1,0,5,20,False,2.9.0+cu128,12.8,dense_nvfp4,skip,,,"K%32!=0,N%32!=0"
module_forward,m,1,1,2,1,0,5,20,False,2.9.0+cu128,12.8,sparse_bf16,skip,,,"M%8!=0,N%8!=0,K%64!=0"
module_forward,m,1,1,2,1,0,5,20,False,2.9.0+cu128,12.8,sparse_nvfp4,skip,,,"M%32!=0,K%64!=0"
module_forward,m,1,1,2,1,0,5,20,False,2.9.0+cu128,12.8,marlin_nvfp4,skip,,,"K%128!=0,N%64!=0"
module_forward,m,1,1,2,2,0,5,20,False,2.9.0+cu128,12.8,dense_bf16,pass,0.028069,0.000000,
module_forward,m,1,1,2,2,0,5,20,False,2.9.0+cu128,12.8,dense_nvfp4,skip,,,"K%32!=0,N%32!=0"
module_forward,m,1,1,2,2,0,5,20,False,2.9.0+cu128,12.8,sparse_bf16,skip,,,"M%8!=0,N%8!=0,K%64!=0"
module_forward,m,1,1,2,2,0,5,20,False,2.9.0+cu128,12.8,sparse_nvfp4,skip,,,"M%32!=0,K%64!=0"
module_forward,m,1,1,2,2,0,5,20,False,2.9.0+cu128,12.8,marlin_nvfp4,skip,,,"K%128!=0,N%64!=0"
module_forward,m,1,1,2,4,0,5,20,False,2.9.0+cu128,12.8,dense_bf16,pass,0.027437,0.000001,
module_forward,m,1,1,2,4,0,5,20,False,2.9.0+cu128,12.8,dense_nvfp4,skip,,,"K%32!=0,N%32!=0"
module_forward,m,1,1,2,4,0,5,20,False,2.9.0+cu128,12.8,sparse_bf16,skip,,,"M%8!=0,N%8!=0,K%64!=0"
module_forward,m,1,1,2,4,0,5,20,False,2.9.0+cu128,12.8,sparse_nvfp4,skip,,,"M%32!=0,K%64!=0"
module_forward,m,1,1,2,4,0,5,20,False,2.9.0+cu128,12.8,marlin_nvfp4,skip,,,"K%128!=0,N%64!=0"
module_forward,m,1,1,2,8,0,5,20,False,2.9.0+cu128,12.8,dense_bf16,pass,0.027682,0.000001,
module_forward,m,1,1,2,8,0,5,20,False,2.9.0+cu128,12.8,dense_nvfp4,skip,,,"K%32!=0,N%32!=0"
module_forward,m,1,1,2,8,0,5,20,False,2.9.0+cu128,12.8,sparse_bf16,skip,,,"M%8!=0,N%8!=0,K%64!=0"
module_forward,m,1,1,2,8,0,5,20,False,2.9.0+cu128,12.8,sparse_nvfp4,skip,,,"M%32!=0,K%64!=0"
module_forward,m,1,1,2,8,0,5,20,False,2.9.0+cu128,12.8,marlin_nvfp4,skip,,,"K%128!=0,N%64!=0"
module_forward,m,1,1,2,16,0,5,20,False,2.9.0+cu128,12.8,dense_bf16,pass,0.027669,0.000002,
module_forward,m,1,1,2,16,0,5,20,False,2.9.0+cu128,12.8,dense_nvfp4,skip,,,"K%32!=0,N%32!=0"
module_forward,m,1,1,2,16,0,5,20,False,2.9.0+cu128,12.8,sparse_bf16,skip,,,"M%8!=0,N%8!=0,K%64!=0"
module_forward,m,1,1,2,16,0,5,20,False,2.9.0+cu128,12.8,sparse_nvfp4,skip,,,"M%32!=0,K%64!=0"
module_forward,m,1,1,2,16,0,5,20,False,2.9.0+cu128,12.8,marlin_nvfp4,skip,,,"K%128!=0,N%64!=0"
module_forward,m,1,1,2,32,0,5,20,False,2.9.0+cu128,12.8,dense_bf16,pass,0.027507,0.000005,
module_forward,m,1,1,2,32,0,5,20,False,2.9.0+cu128,12.8,dense_nvfp4,skip,,,N%32!=0
module_forward,m,1,1,2,32,0,5,20,False,2.9.0+cu128,12.8,sparse_bf16,skip,,,"M%8!=0,N%8!=0,K%64!=0"
module_forward,m,1,1,2,32,0,5,20,False,2.9.0+cu128,12.8,sparse_nvfp4,skip,,,"M%32!=0,K%64!=0"
module_forward,m,1,1,2,32,0,5,20,False,2.9.0+cu128,12.8,marlin_nvfp4,skip,,,"K%128!=0,N%64!=0"
module_forward,m,1,1,2,64,0,5,20,False,2.9.0+cu128,12.8,dense_bf16,pass,0.027646,0.000009,
module_forward,m,1,1,2,64,0,5,20,False,2.9.0+cu128,12.8,dense_nvfp4,skip,,,N%32!=0
module_forward,m,1,1,2,64,0,5,20,False,2.9.0+cu128,12.8,sparse_bf16,skip,,,"M%8!=0,N%8!=0"
module_forward,m,1,1,2,64,0,5,20,False,2.9.0+cu128,12.8,sparse_nvfp4,skip,,,M%32!=0
module_forward,m,1,1,2,64,0,5,20,False,2.9.0+cu128,12.8,marlin_nvfp4,skip,,,"K%128!=0,N%64!=0"
module_forward,m,1,1,2,128,0,5,20,False,2.9.0+cu128,12.8,dense_bf16,pass,0.027566,0.000019,
module_forward,m,1,1,2,128,0,5,20,False,2.9.0+cu128,12.8,dense_nvfp4,skip,,,N%32!=0
module_forward,m,1,1,2,128,0,5,20,False,2.9.0+cu128,12.8,sparse_bf16,skip,,,"M%8!=0,N%8!=0"
module_forward,m,1,1,2,128,0,5,20,False,2.9.0+cu128,12.8,sparse_nvfp4,skip,,,M%32!=0
module_forward,m,1,1,2,128,0,5,20,False,2.9.0+cu128,12.8,marlin_nvfp4,skip,,,N%64!=0
module_forward,m,1,1,2,256,0,5,20,False,2.9.0+cu128,12.8,dense_bf16,pass,0.027771,0.000037,
module_forward,m,1,1,2,256,0,5,20,False,2.9.0+cu128,12.8,dense_nvfp4,skip,,,N%32!=0
module_forward,m,1,1,2,256,0,5,20,False,2.9.0+cu128,12.8,sparse_bf16,skip,,,"M%8!=0,N%8!=0"
module_forward,m,1,1,2,256,0,5,20,False,2.9.0+cu128,12.8,sparse_nvfp4,skip,,,M%32!=0
module_forward,m,1,1,2,256,0,5,20,False,2.9.0+cu128,12.8,marlin_nvfp4,skip,,,N%64!=0
module_forward,m,1,1,2,512,0,5,20,False,2.9.0+cu128,12.8,dense_bf16,pass,0.027474,0.000075,
module_forward,m,1,1,2,512,0,5,20,False,2.9.0+cu128,12.8,dense_nvfp4,skip,,,N%32!=0
module_forward,m,1,1,2,512,0,5,20,False,2.9.0+cu128,12.8,sparse_bf16,skip,,,"M%8!=0,N%8!=0"
module_forward,m,1,1,2,512,0,5,20,False,2.9.0+cu128,12.8,sparse_nvfp4,skip,,,M%32!=0
module_forward,m,1,1,2,512,0,5,20,False,2.9.0+cu128,12.8,marlin_nvfp4,skip,,,N%64!=0
module_forward,m,1,1,2,1024,0,5,20,False,2.9.0+cu128,12.8,dense_bf16,pass,0.028019,0.000146,
module_forward,m,1,1,2,1024,0,5,20,False,2.9.0+cu128,12.8,dense_nvfp4,skip,,,N%32!=0
module_forward,m,1,1,2,1024,0,5,20,False,2.9.0+cu128,12.8,sparse_bf16,skip,,,"M%8!=0,N%8!=0"
module_forward,m,1,1,2,1024,0,5,20,False,2.9.0+cu128,12.8,sparse_nvfp4,skip,,,M%32!=0
module_forward,m,1,1,2,1024,0,5,20,False,2.9.0+cu128,12.8,marlin_nvfp4,skip,,,N%64!=0
module_forward,m,1,1,2,2048,0,5,20,False,2.9.0+cu128,12.8,dense_bf16,pass,0.027336,0.000300,
module_forward,m,1,1,2,2048,0,5,20,False,2.9.0+cu128,12.8,dense_nvfp4,skip,,,N%32!=0
module_forward,m,1,1,2,2048,0,5,20,False,2.9.0+cu128,12.8,sparse_bf16,skip,,,"M%8!=0,N%8!=0"
module_forward,m,1,1,2,2048,0,5,20,False,2.9.0+cu128,12.8,sparse_nvfp4,skip,,,M%32!=0
module_forward,m,1,1,2,2048,0,5,20,False,2.9.0+cu128,12.8,marlin_nvfp4,skip,,,N%64!=0
module_forward,m,1,1,2,4096,0,5,20,False,2.9.0+cu128,12.8,dense_bf16,pass,0.028069,0.000584,
module_forward,m,1,1,2,4096,0,5,20,False,2.9.0+cu128,12.8,dense_nvfp4,skip,,,N%32!=0
module_forward,m,1,1,2,4096,0,5,20,False,2.9.0+cu128,12.8,sparse_bf16,skip,,,"M%8!=0,N%8!=0"
module_forward,m,1,1,2,4096,0,5,20,False,2.9.0+cu128,12.8,sparse_nvfp4,skip,,,M%32!=0
module_forward,m,1,1,2,4096,0,5,20,False,2.9.0+cu128,12.8,marlin_nvfp4,skip,,,N%64!=0
module_forward,m,1,1,2,8192,0,5,20,False,2.9.0+cu128,12.8,dense_bf16,pass,0.029850,0.001098,
module_forward,m,1,1,2,8192,0,5,20,False,2.9.0+cu128,12.8,dense_nvfp4,skip,,,N%32!=0
module_forward,m,1,1,2,8192,0,5,20,False,2.9.0+cu128,12.8,sparse_bf16,skip,,,"M%8!=0,N%8!=0"
module_forward,m,1,1,2,8192,0,5,20,False,2.9.0+cu128,12.8,sparse_nvfp4,skip,,,M%32!=0
module_forward,m,1,1,2,8192,0,5,20,False,2.9.0+cu128,12.8,marlin_nvfp4,skip,,,N%64!=0
module_forward,m,1,1,2,16384,0,5,20,False,2.9.0+cu128,12.8,dense_bf16,pass,0.030027,0.002183,
module_forward,m,1,1,2,16384,0,5,20,False,2.9.0+cu128,12.8,dense_nvfp4,skip,,,N%32!=0
module_forward,m,1,1,2,16384,0,5,20,False,2.9.0+cu128,12.8,sparse_bf16,skip,,,"M%8!=0,N%8!=0"
module_forward,m,1,1,2,16384,0,5,20,False,2.9.0+cu128,12.8,sparse_nvfp4,skip,,,M%32!=0
module_forward,m,1,1,2,16384,0,5,20,False,2.9.0+cu128,12.8,marlin_nvfp4,skip,,,N%64!=0
module_forward,m,1,1,4,1,0,5,20,False,2.9.0+cu128,12.8,dense_bf16,pass,0.026998,0.000000,
module_forward,m,1,1,4,1,0,5,20,False,2.9.0+cu128,12.8,dense_nvfp4,skip,,,"K%32!=0,N%32!=0"
module_forward,m,1,1,4,1,0,5,20,False,2.9.0+cu128,12.8,sparse_bf16,skip,,,"M%8!=0,N%8!=0,K%64!=0"
module_forward,m,1,1,4,1,0,5,20,False,2.9.0+cu128,12.8,sparse_nvfp4,skip,,,"M%32!=0,K%64!=0"
module_forward,m,1,1,4,1,0,5,20,False,2.9.0+cu128,12.8,marlin_nvfp4,skip,,,"K%128!=0,N%64!=0"
module_forward,m,1,1,4,2,0,5,20,False,2.9.0+cu128,12.8,dense_bf16,pass,0.027386,0.000001,
module_forward,m,1,1,4,2,0,5,20,False,2.9.0+cu128,12.8,dense_nvfp4,skip,,,"K%32!=0,N%32!=0"
module_forward,m,1,1,4,2,0,5,20,False,2.9.0+cu128,12.8,sparse_bf16,skip,,,"M%8!=0,N%8!=0,K%64!=0"
module_forward,m,1,1,4,2,0,5,20,False,2.9.0+cu128,12.8,sparse_nvfp4,skip,,,"M%32!=0,K%64!=0"
module_forward,m,1,1,4,2,0,5,20,False,2.9.0+cu128,12.8,marlin_nvfp4,skip,,,"K%128!=0,N%64!=0"
module_forward,m,1,1,4,4,0,5,20,False,2.9.0+cu128,12.8,dense_bf16,pass,0.027510,0.000001,
module_forward,m,1,1,4,4,0,5,20,False,2.9.0+cu128,12.8,dense_nvfp4,skip,,,"K%32!=0,N%32!=0"
module_forward,m,1,1,4,4,0,5,20,False,2.9.0+cu128,12.8,sparse_bf16,skip,,,"M%8!=0,N%8!=0,K%64!=0"
module_forward,m,1,1,4,4,0,5,20,False,2.9.0+cu128,12.8,sparse_nvfp4,skip,,,"M%32!=0,K%64!=0"
module_forward,m,1,1,4,4,0,5,20,False,2.9.0+cu128,12.8,marlin_nvfp4,skip,,,"K%128!=0,N%64!=0"
module_forward,m,1,1,4,8,0,5,20,False,2.9.0+cu128,12.8,dense_bf16,pass,0.027283,0.000002,
module_forward,m,1,1,4,8,0,5,20,False,2.9.0+cu128,12.8,dense_nvfp4,skip,,,"K%32!=0,N%32!=0"
module_forward,m,1,1,4,8,0,5,20,False,2.9.0+cu128,12.8,sparse_bf16,skip,,,"M%8!=0,N%8!=0,K%64!=0"
module_forward,m,1,1,4,8,0,5,20,False,2.9.0+cu128,12.8,sparse_nvfp4,skip,,,"M%32!=0,K%64!=0"
module_forward,m,1,1,4,8,0,5,20,False,2.9.0+cu128,12.8,marlin_nvfp4,skip,,,"K%128!=0,N%64!=0"
module_forward,m,1,1,4,16,0,5,20,False,2.9.0+cu128,12.8,dense_bf16,pass,0.027613,0.000005,
module_forward,m,1,1,4,16,0,5,20,False,2.9.0+cu128,12.8,dense_nvfp4,skip,,,"K%32!=0,N%32!=0"
module_forward,m,1,1,4,16,0,5,20,False,2.9.0+cu128,12.8,sparse_bf16,skip,,,"M%8!=0,N%8!=0,K%64!=0"
module_forward,m,1,1,4,16,0,5,20,False,2.9.0+cu128,12.8,sparse_nvfp4,skip,,,"M%32!=0,K%64!=0"
module_forward,m,1,1,4,16,0,5,20,False,2.9.0+cu128,12.8,marlin_nvfp4,skip,,,"K%128!=0,N%64!=0"
module_forward,m,1,1,4,32,0,5,20,False,2.9.0+cu128,12.8,dense_bf16,pass,0.027525,0.000009,
module_forward,m,1,1,4,32,0,5,20,False,2.9.0+cu128,12.8,dense_nvfp4,skip,,,N%32!=0
module_forward,m,1,1,4,32,0,5,20,False,2.9.0+cu128,12.8,sparse_bf16,skip,,,"M%8!=0,N%8!=0,K%64!=0"
module_forward,m,1,1,4,32,0,5,20,False,2.9.0+cu128,12.8,sparse_nvfp4,skip,,,"M%32!=0,K%64!=0"
module_forward,m,1,1,4,32,0,5,20,False,2.9.0+cu128,12.8,marlin_nvfp4,skip,,,"K%128!=0,N%64!=0"
module_forward,m,1,1,4,64,0,5,20,False,2.9.0+cu128,12.8,dense_bf16,pass,0.027482,0.000019,
module_forward,m,1,1,4,64,0,5,20,False,2.9.0+cu128,12.8,dense_nvfp4,skip,,,N%32!=0
module_forward,m,1,1,4,64,0,5,20,False,2.9.0+cu128,12.8,sparse_bf16,skip,,,"M%8!=0,N%8!=0"
module_forward,m,1,1,4,64,0,5,20,False,2.9.0+cu128,12.8,sparse_nvfp4,skip,,,M%32!=0
module_forward,m,1,1,4,64,0,5,20,False,2.9.0+cu128,12.8,marlin_nvfp4,skip,,,"K%128!=0,N%64!=0"
module_forward,m,1,1,4,128,0,5,20,False,2.9.0+cu128,12.8,dense_bf16,pass,0.027590,0.000037,
module_forward,m,1,1,4,128,0,5,20,False,2.9.0+cu128,12.8,dense_nvfp4,skip,,,N%32!=0
module_forward,m,1,1,4,128,0,5,20,False,2.9.0+cu128,12.8,sparse_bf16,skip,,,"M%8!=0,N%8!=0"
module_forward,m,1,1,4,128,0,5,20,False,2.9.0+cu128,12.8,sparse_nvfp4,skip,,,M%32!=0
module_forward,m,1,1,4,128,0,5,20,False,2.9.0+cu128,12.8,marlin_nvfp4,skip,,,N%64!=0
module_forward,m,1,1,4,256,0,5,20,False,2.9.0+cu128,12.8,dense_bf16,pass,0.027410,0.000075,
module_forward,m,1,1,4,256,0,5,20,False,2.9.0+cu128,12.8,dense_nvfp4,skip,,,N%32!=0
module_forward,m,1,1,4,256,0,5,20,False,2.9.0+cu128,12.8,sparse_bf16,skip,,,"M%8!=0,N%8!=0"
module_forward,m,1,1,4,256,0,5,20,False,2.9.0+cu128,12.8,sparse_nvfp4,skip,,,M%32!=0
module_forward,m,1,1,4,256,0,5,20,False,2.9.0+cu128,12.8,marlin_nvfp4,skip,,,N%64!=0
module_forward,m,1,1,4,512,0,5,20,False,2.9.0+cu128,12.8,dense_bf16,pass,0.027466,0.000149,
module_forward,m,1,1,4,512,0,5,20,False,2.9.0+cu128,12.8,dense_nvfp4,skip,,,N%32!=0
module_forward,m,1,1,4,512,0,5,20,False,2.9.0+cu128,12.8,sparse_bf16,skip,,,"M%8!=0,N%8!=0"
module_forward,m,1,1,4,512,0,5,20,False,2.9.0+cu128,12.8,sparse_nvfp4,skip,,,M%32!=0
module_forward,m,1,1,4,512,0,5,20,False,2.9.0+cu128,12.8,marlin_nvfp4,skip,,,N%64!=0
module_forward,m,1,1,4,1024,0,5,20,False,2.9.0+cu128,12.8,dense_bf16,pass,0.027606,0.000297,
module_forward,m,1,1,4,1024,0,5,20,False,2.9.0+cu128,12.8,dense_nvfp4,skip,,,N%32!=0
module_forward,m,1,1,4,1024,0,5,20,False,2.9.0+cu128,12.8,sparse_bf16,skip,,,"M%8!=0,N%8!=0"
module_forward,m,1,1,4,1024,0,5,20,False,2.9.0+cu128,12.8,sparse_nvfp4,skip,,,M%32!=0
module_forward,m,1,1,4,1024,0,5,20,False,2.9.0+cu128,12.8,marlin_nvfp4,skip,,,N%64!=0
module_forward,m,1,1,4,2048,0,5,20,False,2.9.0+cu128,12.8,dense_bf16,pass,0.027400,0.000598,
module_forward,m,1,1,4,2048,0,5,20,False,2.9.0+cu128,12.8,dense_nvfp4,skip,,,N%32!=0
module_forward,m,1,1,4,2048,0,5,20,False,2.9.0+cu128,12.8,sparse_bf16,skip,,,"M%8!=0,N%8!=0"
module_forward,m,1,1,4,2048,0,5,20,False,2.9.0+cu128,12.8,sparse_nvfp4,skip,,,M%32!=0
module_forward,m,1,1,4,2048,0,5,20,False,2.9.0+cu128,12.8,marlin_nvfp4,skip,,,N%64!=0
module_forward,m,1,1,4,4096,0,5,20,False,2.9.0+cu128,12.8,dense_bf16,pass,0.028045,0.001168,
module_forward,m,1,1,4,4096,0,5,20,False,2.9.0+cu128,12.8,dense_nvfp4,skip,,,N%32!=0
module_forward,m,1,1,4,4096,0,5,20,False,2.9.0+cu128,12.8,sparse_bf16,skip,,,"M%8!=0,N%8!=0"
module_forward,m,1,1,4,4096,0,5,20,False,2.9.0+cu128,12.8,sparse_nvfp4,skip,,,M%32!=0
module_forward,m,1,1,4,4096,0,5,20,False,2.9.0+cu128,12.8,marlin_nvfp4,skip,,,N%64!=0
module_forward,m,1,1,4,8192,0,5,20,False,2.9.0+cu128,12.8,dense_bf16,pass,0.029848,0.002196,
module_forward,m,1,1,4,8192,0,5,20,False,2.9.0+cu128,12.8,dense_nvfp4,skip,,,N%32!=0
module_forward,m,1,1,4,8192,0,5,20,False,2.9.0+cu128,12.8,sparse_bf16,skip,,,"M%8!=0,N%8!=0"
module_forward,m,1,1,4,8192,0,5,20,False,2.9.0+cu128,12.8,sparse_nvfp4,skip,,,M%32!=0
module_forward,m,1,1,4,8192,0,5,20,False,2.9.0+cu128,12.8,marlin_nvfp4,skip,,,N%64!=0
module_forward,m,1,1,4,16384,0,5,20,False,2.9.0+cu128,12.8,dense_bf16,pass,0.029846,0.004392,
module_forward,m,1,1,4,16384,0,5,20,False,2.9.0+cu128,12.8,dense_nvfp4,skip,,,N%32!=0
module_forward,m,1,1,4,16384,0,5,20,False,2.9.0+cu128,12.8,sparse_bf16,skip,,,"M%8!=0,N%8!=0"
module_forward,m,1,1,4,16384,0,5,20,False,2.9.0+cu128,12.8,sparse_nvfp4,skip,,,M%32!=0
module_forward,m,1,1,4,16384,0,5,20,False,2.9.0+cu128,12.8,marlin_nvfp4,skip,,,N%64!=0
module_forward,m,1,1,8,1,0,5,20,False,2.9.0+cu128,12.8,dense_bf16,pass,0.027149,0.000001,
module_forward,m,1,1,8,1,0,5,20,False,2.9.0+cu128,12.8,dense_nvfp4,skip,,,"K%32!=0,N%32!=0"
module_forward,m,1,1,8,1,0,5,20,False,2.9.0+cu128,12.8,sparse_bf16,skip,,,"M%8!=0,K%64!=0"
module_forward,m,1,1,8,1,0,5,20,False,2.9.0+cu128,12.8,sparse_nvfp4,skip,,,"M%32!=0,K%64!=0"
module_forward,m,1,1,8,1,0,5,20,False,2.9.0+cu128,12.8,marlin_nvfp4,skip,,,"K%128!=0,N%64!=0"
module_forward,m,1,1,8,2,0,5,20,False,2.9.0+cu128,12.8,dense_bf16,pass,0.027051,0.000001,
module_forward,m,1,1,8,2,0,5,20,False,2.9.0+cu128,12.8,dense_nvfp4,skip,,,"K%32!=0,N%32!=0"
module_forward,m,1,1,8,2,0,5,20,False,2.9.0+cu128,12.8,sparse_bf16,skip,,,"M%8!=0,K%64!=0"
module_forward,m,1,1,8,2,0,5,20,False,2.9.0+cu128,12.8,sparse_nvfp4,skip,,,"M%32!=0,K%64!=0"
module_forward,m,1,1,8,2,0,5,20,False,2.9.0+cu128,12.8,marlin_nvfp4,skip,,,"K%128!=0,N%64!=0"
module_forward,m,1,1,8,4,0,5,20,False,2.9.0+cu128,12.8,dense_bf16,pass,0.027379,0.000002,
module_forward,m,1,1,8,4,0,5,20,False,2.9.0+cu128,12.8,dense_nvfp4,skip,,,"K%32!=0,N%32!=0"
module_forward,m,1,1,8,4,0,5,20,False,2.9.0+cu128,12.8,sparse_bf16,skip,,,"M%8!=0,K%64!=0"
module_forward,m,1,1,8,4,0,5,20,False,2.9.0+cu128,12.8,sparse_nvfp4,skip,,,"M%32!=0,K%64!=0"
module_forward,m,1,1,8,4,0,5,20,False,2.9.0+cu128,12.8,marlin_nvfp4,skip,,,"K%128!=0,N%64!=0"
module_forward,m,1,1,8,8,0,5,20,False,2.9.0+cu128,12.8,dense_bf16,pass,0.027115,0.000005,
module_forward,m,1,1,8,8,0,5,20,False,2.9.0+cu128,12.8,dense_nvfp4,skip,,,"K%32!=0,N%32!=0"
module_forward,m,1,1,8,8,0,5,20,False,2.9.0+cu128,12.8,sparse_bf16,skip,,,"M%8!=0,K%64!=0"
module_forward,m,1,1,8,8,0,5,20,False,2.9.0+cu128,12.8,sparse_nvfp4,skip,,,"M%32!=0,K%64!=0"
module_forward,m,1,1,8,8,0,5,20,False,2.9.0+cu128,12.8,marlin_nvfp4,skip,,,"K%128!=0,N%64!=0"
module_forward,m,1,1,8,16,0,5,20,False,2.9.0+cu128,12.8,dense_bf16,pass,0.027534,0.000009,
module_forward,m,1,1,8,16,0,5,20,False,2.9.0+cu128,12.8,dense_nvfp4,skip,,,"K%32!=0,N%32!=0"
module_forward,m,1,1,8,16,0,5,20,False,2.9.0+cu128,12.8,sparse_bf16,skip,,,"M%8!=0,K%64!=0"
module_forward,m,1,1,8,16,0,5,20,False,2.9.0+cu128,12.8,sparse_nvfp4,skip,,,"M%32!=0,K%64!=0"
module_forward,m,1,1,8,16,0,5,20,False,2.9.0+cu128,12.8,marlin_nvfp4,skip,,,"K%128!=0,N%64!=0"
module_forward,m,1,1,8,32,0,5,20,False,2.9.0+cu128,12.8,dense_bf16,pass,0.027722,0.000018,
module_forward,m,1,1,8,32,0,5,20,False,2.9.0+cu128,12.8,dense_nvfp4,skip,,,N%32!=0
module_forward,m,1,1,8,32,0,5,20,False,2.9.0+cu128,12.8,sparse_bf16,skip,,,"M%8!=0,K%64!=0"
module_forward,m,1,1,8,32,0,5,20,False,2.9.0+cu128,12.8,sparse_nvfp4,skip,,,"M%32!=0,K%64!=0"
module_forward,m,1,1,8,32,0,5,20,False,2.9.0+cu128,12.8,marlin_nvfp4,skip,,,"K%128!=0,N%64!=0"
module_forward,m,1,1,8,64,0,5,20,False,2.9.0+cu128,12.8,dense_bf16,pass,0.027744,0.000037,
module_forward,m,1,1,8,64,0,5,20,False,2.9.0+cu128,12.8,dense_nvfp4,skip,,,N%32!=0
module_forward,m,1,1,8,64,0,5,20,False,2.9.0+cu128,12.8,sparse_bf16,skip,,,M%8!=0
module_forward,m,1,1,8,64,0,5,20,False,2.9.0+cu128,12.8,sparse_nvfp4,skip,,,M%32!=0
module_forward,m,1,1,8,64,0,5,20,False,2.9.0+cu128,12.8,marlin_nvfp4,skip,,,"K%128!=0,N%64!=0"
module_forward,m,1,1,8,128,0,5,20,False,2.9.0+cu128,12.8,dense_bf16,pass,0.027605,0.000074,
module_forward,m,1,1,8,128,0,5,20,False,2.9.0+cu128,12.8,dense_nvfp4,skip,,,N%32!=0
module_forward,m,1,1,8,128,0,5,20,False,2.9.0+cu128,12.8,sparse_bf16,skip,,,M%8!=0
module_forward,m,1,1,8,128,0,5,20,False,2.9.0+cu128,12.8,sparse_nvfp4,skip,,,M%32!=0
module_forward,m,1,1,8,128,0,5,20,False,2.9.0+cu128,12.8,marlin_nvfp4,skip,,,N%64!=0
module_forward,m,1,1,8,256,0,5,20,False,2.9.0+cu128,12.8,dense_bf16,pass,0.027611,0.000148,
module_forward,m,1,1,8,256,0,5,20,False,2.9.0+cu128,12.8,dense_nvfp4,skip,,,N%32!=0
module_forward,m,1,1,8,256,0,5,20,False,2.9.0+cu128,12.8,sparse_bf16,skip,,,M%8!=0
module_forward,m,1,1,8,256,0,5,20,False,2.9.0+cu128,12.8,sparse_nvfp4,skip,,,M%32!=0
module_forward,m,1,1,8,256,0,5,20,False,2.9.0+cu128,12.8,marlin_nvfp4,skip,,,N%64!=0
module_forward,m,1,1,8,512,0,5,20,False,2.9.0+cu128,12.8,dense_bf16,pass,0.026989,0.000304,
module_forward,m,1,1,8,512,0,5,20,False,2.9.0+cu128,12.8,dense_nvfp4,skip,,,N%32!=0
module_forward,m,1,1,8,512,0,5,20,False,2.9.0+cu128,12.8,sparse_bf16,skip,,,M%8!=0
module_forward,m,1,1,8,512,0,5,20,False,2.9.0+cu128,12.8,sparse_nvfp4,skip,,,M%32!=0
module_forward,m,1,1,8,512,0,5,20,False,2.9.0+cu128,12.8,marlin_nvfp4,skip,,,N%64!=0
module_forward,m,1,1,8,1024,0,5,20,False,2.9.0+cu128,12.8,dense_bf16,pass,0.027219,0.000602,
module_forward,m,1,1,8,1024,0,5,20,False,2.9.0+cu128,12.8,dense_nvfp4,skip,,,N%32!=0
module_forward,m,1,1,8,1024,0,5,20,False,2.9.0+cu128,12.8,sparse_bf16,skip,,,M%8!=0
module_forward,m,1,1,8,1024,0,5,20,False,2.9.0+cu128,12.8,sparse_nvfp4,skip,,,M%32!=0
module_forward,m,1,1,8,1024,0,5,20,False,2.9.0+cu128,12.8,marlin_nvfp4,skip,,,N%64!=0
module_forward,m,1,1,8,2048,0,5,20,False,2.9.0+cu128,12.8,dense_bf16,pass,0.027262,0.001202,
module_forward,m,1,1,8,2048,0,5,20,False,2.9.0+cu128,12.8,dense_nvfp4,skip,,,N%32!=0
module_forward,m,1,1,8,2048,0,5,20,False,2.9.0+cu128,12.8,sparse_bf16,skip,,,M%8!=0
module_forward,m,1,1,8,2048,0,5,20,False,2.9.0+cu128,12.8,sparse_nvfp4,skip,,,M%32!=0
module_forward,m,1,1,8,2048,0,5,20,False,2.9.0+cu128,12.8,marlin_nvfp4,skip,,,N%64!=0
module_forward,m,1,1,8,4096,0,5,20,False,2.9.0+cu128,12.8,dense_bf16,pass,0.027584,0.002376,
module_forward,m,1,1,8,4096,0,5,20,False,2.9.0+cu128,12.8,dense_nvfp4,skip,,,N%32!=0
module_forward,m,1,1,8,4096,0,5,20,False,2.9.0+cu128,12.8,sparse_bf16,skip,,,M%8!=0
module_forward,m,1,1,8,4096,0,5,20,False,2.9.0+cu128,12.8,sparse_nvfp4,skip,,,M%32!=0
module_forward,m,1,1,8,4096,0,5,20,False,2.9.0+cu128,12.8,marlin_nvfp4,skip,,,N%64!=0
module_forward,m,1,1,8,8192,0,5,20,False,2.9.0+cu128,12.8,dense_bf16,pass,0.030814,0.004254,
module_forward,m,1,1,8,8192,0,5,20,False,2.9.0+cu128,12.8,dense_nvfp4,skip,,,N%32!=0
module_forward,m,1,1,8,8192,0,5,20,False,2.9.0+cu128,12.8,sparse_bf16,skip,,,M%8!=0
module_forward,m,1,1,8,8192,0,5,20,False,2.9.0+cu128,12.8,sparse_nvfp4,skip,,,M%32!=0
module_forward,m,1,1,8,8192,0,5,20,False,2.9.0+cu128,12.8,marlin_nvfp4,skip,,,N%64!=0
module_forward,m,1,1,8,16384,0,5,20,False,2.9.0+cu128,12.8,dense_bf16,pass,0.030034,0.008728,
module_forward,m,1,1,8,16384,0,5,20,False,2.9.0+cu128,12.8,dense_nvfp4,skip,,,N%32!=0
module_forward,m,1,1,8,16384,0,5,20,False,2.9.0+cu128,12.8,sparse_bf16,skip,,,M%8!=0
module_forward,m,1,1,8,16384,0,5,20,False,2.9.0+cu128,12.8,sparse_nvfp4,skip,,,M%32!=0
module_forward,m,1,1,8,16384,0,5,20,False,2.9.0+cu128,12.8,marlin_nvfp4,skip,,,N%64!=0
module_forward,m,1,1,16,1,0,5,20,False,2.9.0+cu128,12.8,dense_bf16,pass,0.027546,0.000001,
module_forward,m,1,1,16,1,0,5,20,False,2.9.0+cu128,12.8,dense_nvfp4,skip,,,"K%32!=0,N%32!=0"
module_forward,m,1,1,16,1,0,5,20,False,2.9.0+cu128,12.8,sparse_bf16,skip,,,"M%8!=0,K%64!=0"
module_forward,m,1,1,16,1,0,5,20,False,2.9.0+cu128,12.8,sparse_nvfp4,skip,,,"M%32!=0,K%64!=0"
module_forward,m,1,1,16,1,0,5,20,False,2.9.0+cu128,12.8,marlin_nvfp4,skip,,,"K%128!=0,N%64!=0"
module_forward,m,1,1,16,2,0,5,20,False,2.9.0+cu128,12.8,dense_bf16,pass,0.027166,0.000002,
module_forward,m,1,1,16,2,0,5,20,False,2.9.0+cu128,12.8,dense_nvfp4,skip,,,"K%32!=0,N%32!=0"
module_forward,m,1,1,16,2,0,5,20,False,2.9.0+cu128,12.8,sparse_bf16,skip,,,"M%8!=0,K%64!=0"
module_forward,m,1,1,16,2,0,5,20,False,2.9.0+cu128,12.8,sparse_nvfp4,skip,,,"M%32!=0,K%64!=0"
module_forward,m,1,1,16,2,0,5,20,False,2.9.0+cu128,12.8,marlin_nvfp4,skip,,,"K%128!=0,N%64!=0"
module_forward,m,1,1,16,4,0,5,20,False,2.9.0+cu128,12.8,dense_bf16,pass,0.027550,0.000005,
module_forward,m,1,1,16,4,0,5,20,False,2.9.0+cu128,12.8,dense_nvfp4,skip,,,"K%32!=0,N%32!=0"
module_forward,m,1,1,16,4,0,5,20,False,2.9.0+cu128,12.8,sparse_bf16,skip,,,"M%8!=0,K%64!=0"
module_forward,m,1,1,16,4,0,5,20,False,2.9.0+cu128,12.8,sparse_nvfp4,skip,,,"M%32!=0,K%64!=0"
module_forward,m,1,1,16,4,0,5,20,False,2.9.0+cu128,12.8,marlin_nvfp4,skip,,,"K%128!=0,N%64!=0"
module_forward,m,1,1,16,8,0,5,20,False,2.9.0+cu128,12.8,dense_bf16,pass,0.027709,0.000009,
module_forward,m,1,1,16,8,0,5,20,False,2.9.0+cu128,12.8,dense_nvfp4,skip,,,"K%32!=0,N%32!=0"
module_forward,m,1,1,16,8,0,5,20,False,2.9.0+cu128,12.8,sparse_bf16,skip,,,"M%8!=0,K%64!=0"
module_forward,m,1,1,16,8,0,5,20,False,2.9.0+cu128,12.8,sparse_nvfp4,skip,,,"M%32!=0,K%64!=0"
module_forward,m,1,1,16,8,0,5,20,False,2.9.0+cu128,12.8,marlin_nvfp4,skip,,,"K%128!=0,N%64!=0"
module_forward,m,1,1,16,16,0,5,20,False,2.9.0+cu128,12.8,dense_bf16,pass,0.028251,0.000018,
module_forward,m,1,1,16,16,0,5,20,False,2.9.0+cu128,12.8,dense_nvfp4,skip,,,"K%32!=0,N%32!=0"
module_forward,m,1,1,16,16,0,5,20,False,2.9.0+cu128,12.8,sparse_bf16,skip,,,"M%8!=0,K%64!=0"
module_forward,m,1,1,16,16,0,5,20,False,2.9.0+cu128,12.8,sparse_nvfp4,skip,,,"M%32!=0,K%64!=0"
module_forward,m,1,1,16,16,0,5,20,False,2.9.0+cu128,12.8,marlin_nvfp4,skip,,,"K%128!=0,N%64!=0"
module_forward,m,1,1,16,32,0,5,20,False,2.9.0+cu128,12.8,dense_bf16,pass,0.027440,0.000037,
module_forward,m,1,1,16,32,0,5,20,False,2.9.0+cu128,12.8,dense_nvfp4,skip,,,N%32!=0
module_forward,m,1,1,16,32,0,5,20,False,2.9.0+cu128,12.8,sparse_bf16,skip,,,"M%8!=0,K%64!=0"
module_forward,m,1,1,16,32,0,5,20,False,2.9.0+cu128,12.8,sparse_nvfp4,skip,,,"M%32!=0,K%64!=0"
module_forward,m,1,1,16,32,0,5,20,False,2.9.0+cu128,12.8,marlin_nvfp4,skip,,,"K%128!=0,N%64!=0"
module_forward,m,1,1,16,64,0,5,20,False,2.9.0+cu128,12.8,dense_bf16,pass,0.027490,0.000075,
module_forward,m,1,1,16,64,0,5,20,False,2.9.0+cu128,12.8,dense_nvfp4,skip,,,N%32!=0
module_forward,m,1,1,16,64,0,5,20,False,2.9.0+cu128,12.8,sparse_bf16,skip,,,M%8!=0
module_forward,m,1,1,16,64,0,5,20,False,2.9.0+cu128,12.8,sparse_nvfp4,skip,,,M%32!=0
module_forward,m,1,1,16,64,0,5,20,False,2.9.0+cu128,12.8,marlin_nvfp4,skip,,,"K%128!=0,N%64!=0"
module_forward,m,1,1,16,128,0,5,20,False,2.9.0+cu128,12.8,dense_bf16,pass,0.027293,0.000150,
module_forward,m,1,1,16,128,0,5,20,False,2.9.0+cu128,12.8,dense_nvfp4,skip,,,N%32!=0
module_forward,m,1,1,16,128,0,5,20,False,2.9.0+cu128,12.8,sparse_bf16,skip,,,M%8!=0
module_forward,m,1,1,16,128,0,5,20,False,2.9.0+cu128,12.8,sparse_nvfp4,skip,,,M%32!=0
module_forward,m,1,1,16,128,0,5,20,False,2.9.0+cu128,12.8,marlin_nvfp4,skip,,,N%64!=0
module_forward,m,1,1,16,256,0,5,20,False,2.9.0+cu128,12.8,dense_bf16,pass,0.027398,0.000299,
module_forward,m,1,1,16,256,0,5,20,False,2.9.0+cu128,12.8,dense_nvfp4,skip,,,N%32!=0
module_forward,m,1,1,16,256,0,5,20,False,2.9.0+cu128,12.8,sparse_bf16,skip,,,M%8!=0
module_forward,m,1,1,16,256,0,5,20,False,2.9.0+cu128,12.8,sparse_nvfp4,skip,,,M%32!=0
module_forward,m,1,1,16,256,0,5,20,False,2.9.0+cu128,12.8,marlin_nvfp4,skip,,,N%64!=0
module_forward,m,1,1,16,512,0,5,20,False,2.9.0+cu128,12.8,dense_bf16,pass,0.027656,0.000592,
module_forward,m,1,1,16,512,0,5,20,False,2.9.0+cu128,12.8,dense_nvfp4,skip,,,N%32!=0
module_forward,m,1,1,16,512,0,5,20,False,2.9.0+cu128,12.8,sparse_bf16,skip,,,M%8!=0
module_forward,m,1,1,16,512,0,5,20,False,2.9.0+cu128,12.8,sparse_nvfp4,skip,,,M%32!=0
module_forward,m,1,1,16,512,0,5,20,False,2.9.0+cu128,12.8,marlin_nvfp4,skip,,,N%64!=0
module_forward,m,1,1,16,1024,0,5,20,False,2.9.0+cu128,12.8,dense_bf16,pass,0.027709,0.001183,
module_forward,m,1,1,16,1024,0,5,20,False,2.9.0+cu128,12.8,dense_nvfp4,skip,,,N%32!=0
module_forward,m,1,1,16,1024,0,5,20,False,2.9.0+cu128,12.8,sparse_bf16,skip,,,M%8!=0
module_forward,m,1,1,16,1024,0,5,20,False,2.9.0+cu128,12.8,sparse_nvfp4,skip,,,M%32!=0
module_forward,m,1,1,16,1024,0,5,20,False,2.9.0+cu128,12.8,marlin_nvfp4,skip,,,N%64!=0
module_forward,m,1,1,16,2048,0,5,20,False,2.9.0+cu128,12.8,dense_bf16,pass,0.027544,0.002379,
module_forward,m,1,1,16,2048,0,5,20,False,2.9.0+cu128,12.8,dense_nvfp4,skip,,,N%32!=0
module_forward,m,1,1,16,2048,0,5,20,False,2.9.0+cu128,12.8,sparse_bf16,skip,,,M%8!=0
module_forward,m,1,1,16,2048,0,5,20,False,2.9.0+cu128,12.8,sparse_nvfp4,skip,,,M%32!=0
module_forward,m,1,1,16,2048,0,5,20,False,2.9.0+cu128,12.8,marlin_nvfp4,skip,,,N%64!=0
module_forward,m,1,1,16,4096,0,5,20,False,2.9.0+cu128,12.8,dense_bf16,pass,0.027346,0.004793,
module_forward,m,1,1,16,4096,0,5,20,False,2.9.0+cu128,12.8,dense_nvfp4,skip,,,N%32!=0
module_forward,m,1,1,16,4096,0,5,20,False,2.9.0+cu128,12.8,sparse_bf16,skip,,,M%8!=0
module_forward,m,1,1,16,4096,0,5,20,False,2.9.0+cu128,12.8,sparse_nvfp4,skip,,,M%32!=0
module_forward,m,1,1,16,4096,0,5,20,False,2.9.0+cu128,12.8,marlin_nvfp4,skip,,,N%64!=0
module_forward,m,1,1,16,8192,0,5,20,False,2.9.0+cu128,12.8,dense_bf16,pass,0.030282,0.008657,
module_forward,m,1,1,16,8192,0,5,20,False,2.9.0+cu128,12.8,dense_nvfp4,skip,,,N%32!=0
module_forward,m,1,1,16,8192,0,5,20,False,2.9.0+cu128,12.8,sparse_bf16,skip,,,M%8!=0
module_forward,m,1,1,16,8192,0,5,20,False,2.9.0+cu128,12.8,sparse_nvfp4,skip,,,M%32!=0
module_forward,m,1,1,16,8192,0,5,20,False,2.9.0+cu128,12.8,marlin_nvfp4,skip,,,N%64!=0
module_forward,m,1,1,16,16384,0,5,20,False,2.9.0+cu128,12.8,dense_bf16,pass,0.030178,0.017373,
module_forward,m,1,1,16,16384,0,5,20,False,2.9.0+cu128,12.8,dense_nvfp4,skip,,,N%32!=0
module_forward,m,1,1,16,16384,0,5,20,False,2.9.0+cu128,12.8,sparse_bf16,skip,,,M%8!=0
module_forward,m,1,1,16,16384,0,5,20,False,2.9.0+cu128,12.8,sparse_nvfp4,skip,,,M%32!=0
module_forward,m,1,1,16,16384,0,5,20,False,2.9.0+cu128,12.8,marlin_nvfp4,skip,,,N%64!=0
module_forward,m,1,1,32,1,0,5,20,False,2.9.0+cu128,12.8,dense_bf16,pass,0.027171,0.000002,
module_forward,m,1,1,32,1,0,5,20,False,2.9.0+cu128,12.8,dense_nvfp4,skip,,,K%32!=0
module_forward,m,1,1,32,1,0,5,20,False,2.9.0+cu128,12.8,sparse_bf16,skip,,,"M%8!=0,K%64!=0"
module_forward,m,1,1,32,1,0,5,20,False,2.9.0+cu128,12.8,sparse_nvfp4,skip,,,"M%32!=0,K%64!=0"
module_forward,m,1,1,32,1,0,5,20,False,2.9.0+cu128,12.8,marlin_nvfp4,skip,,,"K%128!=0,N%64!=0"
module_forward,m,1,1,32,2,0,5,20,False,2.9.0+cu128,12.8,dense_bf16,pass,0.027902,0.000005,
module_forward,m,1,1,32,2,0,5,20,False,2.9.0+cu128,12.8,dense_nvfp4,skip,,,K%32!=0
module_forward,m,1,1,32,2,0,5,20,False,2.9.0+cu128,12.8,sparse_bf16,skip,,,"M%8!=0,K%64!=0"
module_forward,m,1,1,32,2,0,5,20,False,2.9.0+cu128,12.8,sparse_nvfp4,skip,,,"M%32!=0,K%64!=0"
module_forward,m,1,1,32,2,0,5,20,False,2.9.0+cu128,12.8,marlin_nvfp4,skip,,,"K%128!=0,N%64!=0"
module_forward,m,1,1,32,4,0,5,20,False,2.9.0+cu128,12.8,dense_bf16,pass,0.027624,0.000009,
module_forward,m,1,1,32,4,0,5,20,False,2.9.0+cu128,12.8,dense_nvfp4,skip,,,K%32!=0
module_forward,m,1,1,32,4,0,5,20,False,2.9.0+cu128,12.8,sparse_bf16,skip,,,"M%8!=0,K%64!=0"
module_forward,m,1,1,32,4,0,5,20,False,2.9.0+cu128,12.8,sparse_nvfp4,skip,,,"M%32!=0,K%64!=0"
module_forward,m,1,1,32,4,0,5,20,False,2.9.0+cu128,12.8,marlin_nvfp4,skip,,,"K%128!=0,N%64!=0"
module_forward,m,1,1,32,8,0,5,20,False,2.9.0+cu128,12.8,dense_bf16,pass,0.027520,0.000019,
module_forward,m,1,1,32,8,0,5,20,False,2.9.0+cu128,12.8,dense_nvfp4,skip,,,K%32!=0
module_forward,m,1,1,32,8,0,5,20,False,2.9.0+cu128,12.8,sparse_bf16,skip,,,"M%8!=0,K%64!=0"
module_forward,m,1,1,32,8,0,5,20,False,2.9.0+cu128,12.8,sparse_nvfp4,skip,,,"M%32!=0,K%64!=0"
module_forward,m,1,1,32,8,0,5,20,False,2.9.0+cu128,12.8,marlin_nvfp4,skip,,,"K%128!=0,N%64!=0"
module_forward,m,1,1,32,16,0,5,20,False,2.9.0+cu128,12.8,dense_bf16,pass,0.027454,0.000037,
module_forward,m,1,1,32,16,0,5,20,False,2.9.0+cu128,12.8,dense_nvfp4,skip,,,K%32!=0
module_forward,m,1,1,32,16,0,5,20,False,2.9.0+cu128,12.8,sparse_bf16,skip,,,"M%8!=0,K%64!=0"
module_forward,m,1,1,32,16,0,5,20,False,2.9.0+cu128,12.8,sparse_nvfp4,skip,,,"M%32!=0,K%64!=0"
module_forward,m,1,1,32,16,0,5,20,False,2.9.0+cu128,12.8,marlin_nvfp4,skip,,,"K%128!=0,N%64!=0"
module_forward,m,1,1,32,32,0,5,20,False,2.9.0+cu128,12.8,dense_bf16,pass,0.028198,0.000073,
module_forward,m,1,1,32,32,0,5,20,False,2.9.0+cu128,12.8,dense_nvfp4,error,,,module output contains NaN/Inf
module_forward,m,1,1,32,32,0,5,20,False,2.9.0+cu128,12.8,sparse_bf16,skip,,,"M%8!=0,K%64!=0"
module_forward,m,1,1,32,32,0,5,20,False,2.9.0+cu128,12.8,sparse_nvfp4,skip,,,"M%32!=0,K%64!=0"
module_forward,m,1,1,32,32,0,5,20,False,2.9.0+cu128,12.8,marlin_nvfp4,skip,,,"K%128!=0,N%64!=0"
module_forward,m,1,1,32,64,0,5,20,False,2.9.0+cu128,12.8,dense_bf16,pass,0.028797,0.000142,
module_forward,m,1,1,32,64,0,5,20,False,2.9.0+cu128,12.8,dense_nvfp4,pass,0.142848,0.000029,
module_forward,m,1,1,32,64,0,5,20,False,2.9.0+cu128,12.8,sparse_bf16,skip,,,M%8!=0
module_forward,m,1,1,32,64,0,5,20,False,2.9.0+cu128,12.8,sparse_nvfp4,skip,,,M%32!=0
module_forward,m,1,1,32,64,0,5,20,False,2.9.0+cu128,12.8,marlin_nvfp4,skip,,,"K%128!=0,N%64!=0"
module_forward,m,1,1,32,128,0,5,20,False,2.9.0+cu128,12.8,dense_bf16,pass,0.027358,0.000299,
module_forward,m,1,1,32,128,0,5,20,False,2.9.0+cu128,12.8,dense_nvfp4,pass,0.144333,0.000057,
module_forward,m,1,1,32,128,0,5,20,False,2.9.0+cu128,12.8,sparse_bf16,skip,,,M%8!=0
module_forward,m,1,1,32,128,0,5,20,False,2.9.0+cu128,12.8,sparse_nvfp4,skip,,,M%32!=0
module_forward,m,1,1,32,128,0,5,20,False,2.9.0+cu128,12.8,marlin_nvfp4,skip,,,N%64!=0
module_forward,m,1,1,32,256,0,5,20,False,2.9.0+cu128,12.8,dense_bf16,pass,0.028026,0.000585,
module_forward,m,1,1,32,256,0,5,20,False,2.9.0+cu128,12.8,dense_nvfp4,pass,0.144371,0.000113,
module_forward,m,1,1,32,256,0,5,20,False,2.9.0+cu128,12.8,sparse_bf16,skip,,,M%8!=0
module_forward,m,1,1,32,256,0,5,20,False,2.9.0+cu128,12.8,sparse_nvfp4,skip,,,M%32!=0
module_forward,m,1,1,32,256,0,5,20,False,2.9.0+cu128,12.8,marlin_nvfp4,skip,,,N%64!=0
module_forward,m,1,1,32,512,0,5,20,False,2.9.0+cu128,12.8,dense_bf16,pass,0.027621,0.001186,
module_forward,m,1,1,32,512,0,5,20,False,2.9.0+cu128,12.8,dense_nvfp4,pass,0.144626,0.000227,
module_forward,m,1,1,32,512,0,5,20,False,2.9.0+cu128,12.8,sparse_bf16,skip,,,M%8!=0
module_forward,m,1,1,32,512,0,5,20,False,2.9.0+cu128,12.8,sparse_nvfp4,skip,,,M%32!=0
module_forward,m,1,1,32,512,0,5,20,False,2.9.0+cu128,12.8,marlin_nvfp4,skip,,,N%64!=0
module_forward,m,1,1,32,1024,0,5,20,False,2.9.0+cu128,12.8,dense_bf16,pass,0.027253,0.002405,
module_forward,m,1,1,32,1024,0,5,20,False,2.9.0+cu128,12.8,dense_nvfp4,pass,0.146253,0.000448,
module_forward,m,1,1,32,1024,0,5,20,False,2.9.0+cu128,12.8,sparse_bf16,skip,,,M%8!=0
module_forward,m,1,1,32,1024,0,5,20,False,2.9.0+cu128,12.8,sparse_nvfp4,skip,,,M%32!=0
module_forward,m,1,1,32,1024,0,5,20,False,2.9.0+cu128,12.8,marlin_nvfp4,skip,,,N%64!=0
module_forward,m,1,1,32,2048,0,5,20,False,2.9.0+cu128,12.8,dense_bf16,pass,0.027733,0.004726,
module_forward,m,1,1,32,2048,0,5,20,False,2.9.0+cu128,12.8,dense_nvfp4,pass,0.149458,0.000877,
module_forward,m,1,1,32,2048,0,5,20,False,2.9.0+cu128,12.8,sparse_bf16,skip,,,M%8!=0
module_forward,m,1,1,32,2048,0,5,20,False,2.9.0+cu128,12.8,sparse_nvfp4,skip,,,M%32!=0
module_forward,m,1,1,32,2048,0,5,20,False,2.9.0+cu128,12.8,marlin_nvfp4,skip,,,N%64!=0
module_forward,m,1,1,32,4096,0,5,20,False,2.9.0+cu128,12.8,dense_bf16,pass,0.027376,0.009576,
module_forward,m,1,1,32,4096,0,5,20,False,2.9.0+cu128,12.8,dense_nvfp4,pass,0.146598,0.001788,
module_forward,m,1,1,32,4096,0,5,20,False,2.9.0+cu128,12.8,sparse_bf16,skip,,,M%8!=0
module_forward,m,1,1,32,4096,0,5,20,False,2.9.0+cu128,12.8,sparse_nvfp4,skip,,,M%32!=0
module_forward,m,1,1,32,4096,0,5,20,False,2.9.0+cu128,12.8,marlin_nvfp4,skip,,,N%64!=0
module_forward,m,1,1,32,8192,0,5,20,False,2.9.0+cu128,12.8,dense_bf16,pass,0.030338,0.017282,
module_forward,m,1,1,32,8192,0,5,20,False,2.9.0+cu128,12.8,dense_nvfp4,pass,0.154523,0.003393,
module_forward,m,1,1,32,8192,0,5,20,False,2.9.0+cu128,12.8,sparse_bf16,skip,,,M%8!=0
module_forward,m,1,1,32,8192,0,5,20,False,2.9.0+cu128,12.8,sparse_nvfp4,skip,,,M%32!=0
module_forward,m,1,1,32,8192,0,5,20,False,2.9.0+cu128,12.8,marlin_nvfp4,skip,,,N%64!=0
module_forward,m,1,1,32,16384,0,5,20,False,2.9.0+cu128,12.8,dense_bf16,pass,0.030386,0.034509,
module_forward,m,1,1,32,16384,0,5,20,False,2.9.0+cu128,12.8,dense_nvfp4,pass,0.179810,0.005832,
module_forward,m,1,1,32,16384,0,5,20,False,2.9.0+cu128,12.8,sparse_bf16,skip,,,M%8!=0
module_forward,m,1,1,32,16384,0,5,20,False,2.9.0+cu128,12.8,sparse_nvfp4,skip,,,M%32!=0
module_forward,m,1,1,32,16384,0,5,20,False,2.9.0+cu128,12.8,marlin_nvfp4,skip,,,N%64!=0
module_forward,m,1,1,64,1,0,5,20,False,2.9.0+cu128,12.8,dense_bf16,pass,0.027317,0.000005,
module_forward,m,1,1,64,1,0,5,20,False,2.9.0+cu128,12.8,dense_nvfp4,skip,,,K%32!=0
module_forward,m,1,1,64,1,0,5,20,False,2.9.0+cu128,12.8,sparse_bf16,skip,,,"M%8!=0,K%64!=0"
module_forward,m,1,1,64,1,0,5,20,False,2.9.0+cu128,12.8,sparse_nvfp4,skip,,,"M%32!=0,K%64!=0"
module_forward,m,1,1,64,1,0,5,20,False,2.9.0+cu128,12.8,marlin_nvfp4,skip,,,K%128!=0
module_forward,m,1,1,64,2,0,5,20,False,2.9.0+cu128,12.8,dense_bf16,pass,0.027842,0.000009,
module_forward,m,1,1,64,2,0,5,20,False,2.9.0+cu128,12.8,dense_nvfp4,skip,,,K%32!=0
module_forward,m,1,1,64,2,0,5,20,False,2.9.0+cu128,12.8,sparse_bf16,skip,,,"M%8!=0,K%64!=0"
module_forward,m,1,1,64,2,0,5,20,False,2.9.0+cu128,12.8,sparse_nvfp4,skip,,,"M%32!=0,K%64!=0"
module_forward,m,1,1,64,2,0,5,20,False,2.9.0+cu128,12.8,marlin_nvfp4,skip,,,K%128!=0
module_forward,m,1,1,64,4,0,5,20,False,2.9.0+cu128,12.8,dense_bf16,pass,0.027536,0.000019,
module_forward,m,1,1,64,4,0,5,20,False,2.9.0+cu128,12.8,dense_nvfp4,skip,,,K%32!=0
module_forward,m,1,1,64,4,0,5,20,False,2.9.0+cu128,12.8,sparse_bf16,skip,,,"M%8!=0,K%64!=0"
module_forward,m,1,1,64,4,0,5,20,False,2.9.0+cu128,12.8,sparse_nvfp4,skip,,,"M%32!=0,K%64!=0"
module_forward,m,1,1,64,4,0,5,20,False,2.9.0+cu128,12.8,marlin_nvfp4,skip,,,K%128!=0
module_forward,m,1,1,64,8,0,5,20,False,2.9.0+cu128,12.8,dense_bf16,pass,0.027302,0.000038,
module_forward,m,1,1,64,8,0,5,20,False,2.9.0+cu128,12.8,dense_nvfp4,skip,,,K%32!=0
module_forward,m,1,1,64,8,0,5,20,False,2.9.0+cu128,12.8,sparse_bf16,skip,,,"M%8!=0,K%64!=0"
module_forward,m,1,1,64,8,0,5,20,False,2.9.0+cu128,12.8,sparse_nvfp4,skip,,,"M%32!=0,K%64!=0"
module_forward,m,1,1,64,8,0,5,20,False,2.9.0+cu128,12.8,marlin_nvfp4,skip,,,K%128!=0
module_forward,m,1,1,64,16,0,5,20,False,2.9.0+cu128,12.8,dense_bf16,pass,0.027030,0.000076,
module_forward,m,1,1,64,16,0,5,20,False,2.9.0+cu128,12.8,dense_nvfp4,skip,,,K%32!=0
module_forward,m,1,1,64,16,0,5,20,False,2.9.0+cu128,12.8,sparse_bf16,skip,,,"M%8!=0,K%64!=0"
module_forward,m,1,1,64,16,0,5,20,False,2.9.0+cu128,12.8,sparse_nvfp4,skip,,,"M%32!=0,K%64!=0"
module_forward,m,1,1,64,16,0,5,20,False,2.9.0+cu128,12.8,marlin_nvfp4,skip,,,K%128!=0
module_forward,m,1,1,64,32,0,5,20,False,2.9.0+cu128,12.8,dense_bf16,pass,0.027219,0.000150,
module_forward,m,1,1,64,32,0,5,20,False,2.9.0+cu128,12.8,dense_nvfp4,pass,0.143970,0.000028,
module_forward,m,1,1,64,32,0,5,20,False,2.9.0+cu128,12.8,sparse_bf16,skip,,,"M%8!=0,K%64!=0"
module_forward,m,1,1,64,32,0,5,20,False,2.9.0+cu128,12.8,sparse_nvfp4,skip,,,"M%32!=0,K%64!=0"
module_forward,m,1,1,64,32,0,5,20,False,2.9.0+cu128,12.8,marlin_nvfp4,skip,,,K%128!=0
module_forward,m,1,1,64,64,0,5,20,False,2.9.0+cu128,12.8,dense_bf16,pass,0.027538,0.000297,
module_forward,m,1,1,64,64,0,5,20,False,2.9.0+cu128,12.8,dense_nvfp4,pass,0.143872,0.000057,
module_forward,m,1,1,64,64,0,5,20,False,2.9.0+cu128,12.8,sparse_bf16,skip,,,M%8!=0
module_forward,m,1,1,64,64,0,5,20,False,2.9.0+cu128,12.8,sparse_nvfp4,skip,,,M%32!=0
module_forward,m,1,1,64,64,0,5,20,False,2.9.0+cu128,12.8,marlin_nvfp4,skip,,,K%128!=0
module_forward,m,1,1,64,128,0,5,20,False,2.9.0+cu128,12.8,dense_bf16,pass,0.027496,0.000596,
module_forward,m,1,1,64,128,0,5,20,False,2.9.0+cu128,12.8,dense_nvfp4,pass,0.144394,0.000113,
module_forward,m,1,1,64,128,0,5,20,False,2.9.0+cu128,12.8,sparse_bf16,skip,,,M%8!=0
module_forward,m,1,1,64,128,0,5,20,False,2.9.0+cu128,12.8,sparse_nvfp4,skip,,,M%32!=0
module_forward,m,1,1,64,128,0,5,20,False,2.9.0+cu128,12.8,marlin_nvfp4,pass,0.049211,0.000333,
module_forward,m,1,1,64,256,0,5,20,False,2.9.0+cu128,12.8,dense_bf16,pass,0.027381,0.001197,
module_forward,m,1,1,64,256,0,5,20,False,2.9.0+cu128,12.8,dense_nvfp4,pass,0.144538,0.000227,
module_forward,m,1,1,64,256,0,5,20,False,2.9.0+cu128,12.8,sparse_bf16,skip,,,M%8!=0
module_forward,m,1,1,64,256,0,5,20,False,2.9.0+cu128,12.8,sparse_nvfp4,skip,,,M%32!=0
module_forward,m,1,1,64,256,0,5,20,False,2.9.0+cu128,12.8,marlin_nvfp4,pass,0.048402,0.000677,
module_forward,m,1,1,64,512,0,5,20,False,2.9.0+cu128,12.8,dense_bf16,pass,0.027259,0.002404,
module_forward,m,1,1,64,512,0,5,20,False,2.9.0+cu128,12.8,dense_nvfp4,pass,0.145365,0.000451,
module_forward,m,1,1,64,512,0,5,20,False,2.9.0+cu128,12.8,sparse_bf16,skip,,,M%8!=0
module_forward,m,1,1,64,512,0,5,20,False,2.9.0+cu128,12.8,sparse_nvfp4,skip,,,M%32!=0
module_forward,m,1,1,64,512,0,5,20,False,2.9.0+cu128,12.8,marlin_nvfp4,pass,0.049248,0.001331,
module_forward,m,1,1,64,1024,0,5,20,False,2.9.0+cu128,12.8,dense_bf16,pass,0.027611,0.004747,
module_forward,m,1,1,64,1024,0,5,20,False,2.9.0+cu128,12.8,dense_nvfp4,pass,0.145728,0.000899,
module_forward,m,1,1,64,1024,0,5,20,False,2.9.0+cu128,12.8,sparse_bf16,skip,,,M%8!=0
module_forward,m,1,1,64,1024,0,5,20,False,2.9.0+cu128,12.8,sparse_nvfp4,skip,,,M%32!=0
module_forward,m,1,1,64,1024,0,5,20,False,2.9.0+cu128,12.8,marlin_nvfp4,pass,0.048365,0.002710,
module_forward,m,1,1,64,2048,0,5,20,False,2.9.0+cu128,12.8,dense_bf16,pass,0.027181,0.009644,
module_forward,m,1,1,64,2048,0,5,20,False,2.9.0+cu128,12.8,dense_nvfp4,pass,0.144606,0.001813,
module_forward,m,1,1,64,2048,0,5,20,False,2.9.0+cu128,12.8,sparse_bf16,skip,,,M%8!=0
module_forward,m,1,1,64,2048,0,5,20,False,2.9.0+cu128,12.8,sparse_nvfp4,skip,,,M%32!=0
module_forward,m,1,1,64,2048,0,5,20,False,2.9.0+cu128,12.8,marlin_nvfp4,pass,0.049320,0.005315,
module_forward,m,1,1,64,4096,0,5,20,False,2.9.0+cu128,12.8,dense_bf16,pass,0.027974,0.018742,
module_forward,m,1,1,64,4096,0,5,20,False,2.9.0+cu128,12.8,dense_nvfp4,pass,0.146826,0.003571,
module_forward,m,1,1,64,4096,0,5,20,False,2.9.0+cu128,12.8,sparse_bf16,skip,,,M%8!=0
module_forward,m,1,1,64,4096,0,5,20,False,2.9.0+cu128,12.8,sparse_nvfp4,skip,,,M%32!=0
module_forward,m,1,1,64,4096,0,5,20,False,2.9.0+cu128,12.8,marlin_nvfp4,pass,0.056752,0.009238,
module_forward,m,1,1,64,8192,0,5,20,False,2.9.0+cu128,12.8,dense_bf16,pass,0.030645,0.034217,
module_forward,m,1,1,64,8192,0,5,20,False,2.9.0+cu128,12.8,dense_nvfp4,pass,0.154435,0.006790,
module_forward,m,1,1,64,8192,0,5,20,False,2.9.0+cu128,12.8,sparse_bf16,skip,,,M%8!=0
module_forward,m,1,1,64,8192,0,5,20,False,2.9.0+cu128,12.8,sparse_nvfp4,skip,,,M%32!=0
module_forward,m,1,1,64,8192,0,5,20,False,2.9.0+cu128,12.8,marlin_nvfp4,pass,0.078746,0.013316,
module_forward,m,1,1,64,16384,0,5,20,False,2.9.0+cu128,12.8,dense_bf16,pass,0.029963,0.069991,
module_forward,m,1,1,64,16384,0,5,20,False,2.9.0+cu128,12.8,dense_nvfp4,pass,0.179114,0.011709,
module_forward,m,1,1,64,16384,0,5,20,False,2.9.0+cu128,12.8,sparse_bf16,skip,,,M%8!=0
module_forward,m,1,1,64,16384,0,5,20,False,2.9.0+cu128,12.8,sparse_nvfp4,skip,,,M%32!=0
module_forward,m,1,1,64,16384,0,5,20,False,2.9.0+cu128,12.8,marlin_nvfp4,pass,0.122898,0.017064,
module_forward,m,1,1,128,1,0,5,20,False,2.9.0+cu128,12.8,dense_bf16,pass,0.027291,0.000009,
module_forward,m,1,1,128,1,0,5,20,False,2.9.0+cu128,12.8,dense_nvfp4,skip,,,K%32!=0
module_forward,m,1,1,128,1,0,5,20,False,2.9.0+cu128,12.8,sparse_bf16,skip,,,"M%8!=0,K%64!=0"
module_forward,m,1,1,128,1,0,5,20,False,2.9.0+cu128,12.8,sparse_nvfp4,skip,,,"M%32!=0,K%64!=0"
module_forward,m,1,1,128,1,0,5,20,False,2.9.0+cu128,12.8,marlin_nvfp4,skip,,,K%128!=0
module_forward,m,1,1,128,2,0,5,20,False,2.9.0+cu128,12.8,dense_bf16,pass,0.027411,0.000019,
module_forward,m,1,1,128,2,0,5,20,False,2.9.0+cu128,12.8,dense_nvfp4,skip,,,K%32!=0
module_forward,m,1,1,128,2,0,5,20,False,2.9.0+cu128,12.8,sparse_bf16,skip,,,"M%8!=0,K%64!=0"
module_forward,m,1,1,128,2,0,5,20,False,2.9.0+cu128,12.8,sparse_nvfp4,skip,,,"M%32!=0,K%64!=0"
module_forward,m,1,1,128,2,0,5,20,False,2.9.0+cu128,12.8,marlin_nvfp4,skip,,,K%128!=0
module_forward,m,1,1,128,4,0,5,20,False,2.9.0+cu128,12.8,dense_bf16,pass,0.028162,0.000036,
module_forward,m,1,1,128,4,0,5,20,False,2.9.0+cu128,12.8,dense_nvfp4,skip,,,K%32!=0
module_forward,m,1,1,128,4,0,5,20,False,2.9.0+cu128,12.8,sparse_bf16,skip,,,"M%8!=0,K%64!=0"
module_forward,m,1,1,128,4,0,5,20,False,2.9.0+cu128,12.8,sparse_nvfp4,skip,,,"M%32!=0,K%64!=0"
module_forward,m,1,1,128,4,0,5,20,False,2.9.0+cu128,12.8,marlin_nvfp4,skip,,,K%128!=0
module_forward,m,1,1,128,8,0,5,20,False,2.9.0+cu128,12.8,dense_bf16,pass,0.027378,0.000075,
module_forward,m,1,1,128,8,0,5,20,False,2.9.0+cu128,12.8,dense_nvfp4,skip,,,K%32!=0
module_forward,m,1,1,128,8,0,5,20,False,2.9.0+cu128,12.8,sparse_bf16,skip,,,"M%8!=0,K%64!=0"
module_forward,m,1,1,128,8,0,5,20,False,2.9.0+cu128,12.8,sparse_nvfp4,skip,,,"M%32!=0,K%64!=0"
module_forward,m,1,1,128,8,0,5,20,False,2.9.0+cu128,12.8,marlin_nvfp4,skip,,,K%128!=0
module_forward,m,1,1,128,16,0,5,20,False,2.9.0+cu128,12.8,dense_bf16,pass,0.027885,0.000147,
module_forward,m,1,1,128,16,0,5,20,False,2.9.0+cu128,12.8,dense_nvfp4,skip,,,K%32!=0
module_forward,m,1,1,128,16,0,5,20,False,2.9.0+cu128,12.8,sparse_bf16,skip,,,"M%8!=0,K%64!=0"
module_forward,m,1,1,128,16,0,5,20,False,2.9.0+cu128,12.8,sparse_nvfp4,skip,,,"M%32!=0,K%64!=0"
module_forward,m,1,1,128,16,0,5,20,False,2.9.0+cu128,12.8,marlin_nvfp4,skip,,,K%128!=0
module_forward,m,1,1,128,32,0,5,20,False,2.9.0+cu128,12.8,dense_bf16,pass,0.027568,0.000297,
module_forward,m,1,1,128,32,0,5,20,False,2.9.0+cu128,12.8,dense_nvfp4,error,,,module output contains NaN/Inf
module_forward,m,1,1,128,32,0,5,20,False,2.9.0+cu128,12.8,sparse_bf16,skip,,,"M%8!=0,K%64!=0"
module_forward,m,1,1,128,32,0,5,20,False,2.9.0+cu128,12.8,sparse_nvfp4,skip,,,"M%32!=0,K%64!=0"
module_forward,m,1,1,128,32,0,5,20,False,2.9.0+cu128,12.8,marlin_nvfp4,skip,,,K%128!=0
module_forward,m,1,1,128,64,0,5,20,False,2.9.0+cu128,12.8,dense_bf16,pass,0.027619,0.000593,
module_forward,m,1,1,128,64,0,5,20,False,2.9.0+cu128,12.8,dense_nvfp4,pass,0.144758,0.000113,
module_forward,m,1,1,128,64,0,5,20,False,2.9.0+cu128,12.8,sparse_bf16,skip,,,M%8!=0
module_forward,m,1,1,128,64,0,5,20,False,2.9.0+cu128,12.8,sparse_nvfp4,skip,,,M%32!=0
module_forward,m,1,1,128,64,0,5,20,False,2.9.0+cu128,12.8,marlin_nvfp4,skip,,,K%128!=0
module_forward,m,1,1,128,128,0,5,20,False,2.9.0+cu128,12.8,dense_bf16,pass,0.027664,0.001184,
module_forward,m,1,1,128,128,0,5,20,False,2.9.0+cu128,12.8,dense_nvfp4,pass,0.143574,0.000228,
module_forward,m,1,1,128,128,0,5,20,False,2.9.0+cu128,12.8,sparse_bf16,skip,,,M%8!=0
module_forward,m,1,1,128,128,0,5,20,False,2.9.0+cu128,12.8,sparse_nvfp4,skip,,,M%32!=0
module_forward,m,1,1,128,128,0,5,20,False,2.9.0+cu128,12.8,marlin_nvfp4,pass,0.048651,0.000674,
module_forward,m,1,1,128,256,0,5,20,False,2.9.0+cu128,12.8,dense_bf16,pass,0.027678,0.002368,
module_forward,m,1,1,128,256,0,5,20,False,2.9.0+cu128,12.8,dense_nvfp4,pass,0.145067,0.000452,
module_forward,m,1,1,128,256,0,5,20,False,2.9.0+cu128,12.8,sparse_bf16,skip,,,M%8!=0
module_forward,m,1,1,128,256,0,5,20,False,2.9.0+cu128,12.8,sparse_nvfp4,skip,,,M%32!=0
module_forward,m,1,1,128,256,0,5,20,False,2.9.0+cu128,12.8,marlin_nvfp4,pass,0.049405,0.001327,
module_forward,m,1,1,128,512,0,5,20,False,2.9.0+cu128,12.8,dense_bf16,pass,0.027634,0.004743,
module_forward,m,1,1,128,512,0,5,20,False,2.9.0+cu128,12.8,dense_nvfp4,pass,0.144283,0.000908,
module_forward,m,1,1,128,512,0,5,20,False,2.9.0+cu128,12.8,sparse_bf16,skip,,,M%8!=0
module_forward,m,1,1,128,512,0,5,20,False,2.9.0+cu128,12.8,sparse_nvfp4,skip,,,M%32!=0
module_forward,m,1,1,128,512,0,5,20,False,2.9.0+cu128,12.8,marlin_nvfp4,pass,0.048619,0.002696,
module_forward,m,1,1,128,1024,0,5,20,False,2.9.0+cu128,12.8,dense_bf16,pass,0.027370,0.009578,
module_forward,m,1,1,128,1024,0,5,20,False,2.9.0+cu128,12.8,dense_nvfp4,pass,0.145934,0.001796,
module_forward,m,1,1,128,1024,0,5,20,False,2.9.0+cu128,12.8,sparse_bf16,skip,,,M%8!=0
module_forward,m,1,1,128,1024,0,5,20,False,2.9.0+cu128,12.8,sparse_nvfp4,skip,,,M%32!=0
module_forward,m,1,1,128,1024,0,5,20,False,2.9.0+cu128,12.8,marlin_nvfp4,pass,0.049176,0.005331,
module_forward,m,1,1,128,2048,0,5,20,False,2.9.0+cu128,12.8,dense_bf16,pass,0.027042,0.019388,
module_forward,m,1,1,128,2048,0,5,20,False,2.9.0+cu128,12.8,dense_nvfp4,pass,0.145306,0.003608,
module_forward,m,1,1,128,2048,0,5,20,False,2.9.0+cu128,12.8,sparse_bf16,skip,,,M%8!=0
module_forward,m,1,1,128,2048,0,5,20,False,2.9.0+cu128,12.8,sparse_nvfp4,skip,,,M%32!=0
module_forward,m,1,1,128,2048,0,5,20,False,2.9.0+cu128,12.8,marlin_nvfp4,pass,0.048821,0.010739,
module_forward,m,1,1,128,4096,0,5,20,False,2.9.0+cu128,12.8,dense_bf16,pass,0.027522,0.038100,
module_forward,m,1,1,128,4096,0,5,20,False,2.9.0+cu128,12.8,dense_nvfp4,pass,0.145278,0.007218,
module_forward,m,1,1,128,4096,0,5,20,False,2.9.0+cu128,12.8,sparse_bf16,skip,,,M%8!=0
module_forward,m,1,1,128,4096,0,5,20,False,2.9.0+cu128,12.8,sparse_nvfp4,skip,,,M%32!=0
module_forward,m,1,1,128,4096,0,5,20,False,2.9.0+cu128,12.8,marlin_nvfp4,pass,0.057165,0.018343,
module_forward,m,1,1,128,8192,0,5,20,False,2.9.0+cu128,12.8,dense_bf16,pass,0.030451,0.068869,
module_forward,m,1,1,128,8192,0,5,20,False,2.9.0+cu128,12.8,dense_nvfp4,pass,0.153355,0.013675,
module_forward,m,1,1,128,8192,0,5,20,False,2.9.0+cu128,12.8,sparse_bf16,skip,,,M%8!=0
module_forward,m,1,1,128,8192,0,5,20,False,2.9.0+cu128,12.8,sparse_nvfp4,skip,,,M%32!=0
module_forward,m,1,1,128,8192,0,5,20,False,2.9.0+cu128,12.8,marlin_nvfp4,pass,0.079595,0.026348,
module_forward,m,1,1,128,16384,0,5,20,False,2.9.0+cu128,12.8,dense_bf16,pass,0.031101,0.134862,
module_forward,m,1,1,128,16384,0,5,20,False,2.9.0+cu128,12.8,dense_nvfp4,pass,0.178946,0.023439,
module_forward,m,1,1,128,16384,0,5,20,False,2.9.0+cu128,12.8,sparse_bf16,skip,,,M%8!=0
module_forward,m,1,1,128,16384,0,5,20,False,2.9.0+cu128,12.8,sparse_nvfp4,skip,,,M%32!=0
module_forward,m,1,1,128,16384,0,5,20,False,2.9.0+cu128,12.8,marlin_nvfp4,pass,0.079787,0.052569,
module_forward,m,1,1,256,1,0,5,20,False,2.9.0+cu128,12.8,dense_bf16,pass,0.027254,0.000019,
module_forward,m,1,1,256,1,0,5,20,False,2.9.0+cu128,12.8,dense_nvfp4,skip,,,K%32!=0
module_forward,m,1,1,256,1,0,5,20,False,2.9.0+cu128,12.8,sparse_bf16,skip,,,"M%8!=0,K%64!=0"
module_forward,m,1,1,256,1,0,5,20,False,2.9.0+cu128,12.8,sparse_nvfp4,skip,,,"M%32!=0,K%64!=0"
module_forward,m,1,1,256,1,0,5,20,False,2.9.0+cu128,12.8,marlin_nvfp4,skip,,,K%128!=0
module_forward,m,1,1,256,2,0,5,20,False,2.9.0+cu128,12.8,dense_bf16,pass,0.027262,0.000038,
module_forward,m,1,1,256,2,0,5,20,False,2.9.0+cu128,12.8,dense_nvfp4,skip,,,K%32!=0
module_forward,m,1,1,256,2,0,5,20,False,2.9.0+cu128,12.8,sparse_bf16,skip,,,"M%8!=0,K%64!=0"
module_forward,m,1,1,256,2,0,5,20,False,2.9.0+cu128,12.8,sparse_nvfp4,skip,,,"M%32!=0,K%64!=0"
module_forward,m,1,1,256,2,0,5,20,False,2.9.0+cu128,12.8,marlin_nvfp4,skip,,,K%128!=0
module_forward,m,1,1,256,4,0,5,20,False,2.9.0+cu128,12.8,dense_bf16,pass,0.027658,0.000074,
module_forward,m,1,1,256,4,0,5,20,False,2.9.0+cu128,12.8,dense_nvfp4,skip,,,K%32!=0
module_forward,m,1,1,256,4,0,5,20,False,2.9.0+cu128,12.8,sparse_bf16,skip,,,"M%8!=0,K%64!=0"
module_forward,m,1,1,256,4,0,5,20,False,2.9.0+cu128,12.8,sparse_nvfp4,skip,,,"M%32!=0,K%64!=0"
module_forward,m,1,1,256,4,0,5,20,False,2.9.0+cu128,12.8,marlin_nvfp4,skip,,,K%128!=0
module_forward,m,1,1,256,8,0,5,20,False,2.9.0+cu128,12.8,dense_bf16,pass,0.027475,0.000149,
module_forward,m,1,1,256,8,0,5,20,False,2.9.0+cu128,12.8,dense_nvfp4,skip,,,K%32!=0
module_forward,m,1,1,256,8,0,5,20,False,2.9.0+cu128,12.8,sparse_bf16,skip,,,"M%8!=0,K%64!=0"
module_forward,m,1,1,256,8,0,5,20,False,2.9.0+cu128,12.8,sparse_nvfp4,skip,,,"M%32!=0,K%64!=0"
module_forward,m,1,1,256,8,0,5,20,False,2.9.0+cu128,12.8,marlin_nvfp4,skip,,,K%128!=0
module_forward,m,1,1,256,16,0,5,20,False,2.9.0+cu128,12.8,dense_bf16,pass,0.027669,0.000296,
module_forward,m,1,1,256,16,0,5,20,False,2.9.0+cu128,12.8,dense_nvfp4,skip,,,K%32!=0
module_forward,m,1,1,256,16,0,5,20,False,2.9.0+cu128,12.8,sparse_bf16,skip,,,"M%8!=0,K%64!=0"
module_forward,m,1,1,256,16,0,5,20,False,2.9.0+cu128,12.8,sparse_nvfp4,skip,,,"M%32!=0,K%64!=0"
module_forward,m,1,1,256,16,0,5,20,False,2.9.0+cu128,12.8,marlin_nvfp4,skip,,,K%128!=0
module_forward,m,1,1,256,32,0,5,20,False,2.9.0+cu128,12.8,dense_bf16,pass,0.027430,0.000597,
module_forward,m,1,1,256,32,0,5,20,False,2.9.0+cu128,12.8,dense_nvfp4,pass,0.143774,0.000114,
module_forward,m,1,1,256,32,0,5,20,False,2.9.0+cu128,12.8,sparse_bf16,skip,,,"M%8!=0,K%64!=0"
module_forward,m,1,1,256,32,0,5,20,False,2.9.0+cu128,12.8,sparse_nvfp4,skip,,,"M%32!=0,K%64!=0"
module_forward,m,1,1,256,32,0,5,20,False,2.9.0+cu128,12.8,marlin_nvfp4,skip,,,K%128!=0
module_forward,m,1,1,256,64,0,5,20,False,2.9.0+cu128,12.8,dense_bf16,pass,0.027538,0.001190,
module_forward,m,1,1,256,64,0,5,20,False,2.9.0+cu128,12.8,dense_nvfp4,pass,0.144029,0.000228,
module_forward,m,1,1,256,64,0,5,20,False,2.9.0+cu128,12.8,sparse_bf16,skip,,,M%8!=0
module_forward,m,1,1,256,64,0,5,20,False,2.9.0+cu128,12.8,sparse_nvfp4,skip,,,M%32!=0
module_forward,m,1,1,256,64,0,5,20,False,2.9.0+cu128,12.8,marlin_nvfp4,skip,,,K%128!=0
module_forward,m,1,1,256,128,0,5,20,False,2.9.0+cu128,12.8,dense_bf16,pass,0.028029,0.002338,
module_forward,m,1,1,256,128,0,5,20,False,2.9.0+cu128,12.8,dense_nvfp4,pass,0.143387,0.000457,
module_forward,m,1,1,256,128,0,5,20,False,2.9.0+cu128,12.8,sparse_bf16,skip,,,M%8!=0
module_forward,m,1,1,256,128,0,5,20,False,2.9.0+cu128,12.8,sparse_nvfp4,skip,,,M%32!=0
module_forward,m,1,1,256,128,0,5,20,False,2.9.0+cu128,12.8,marlin_nvfp4,pass,0.049440,0.001326,
module_forward,m,1,1,256,256,0,5,20,False,2.9.0+cu128,12.8,dense_bf16,pass,0.027582,0.004752,
module_forward,m,1,1,256,256,0,5,20,False,2.9.0+cu128,12.8,dense_nvfp4,pass,0.144715,0.000906,
module_forward,m,1,1,256,256,0,5,20,False,2.9.0+cu128,12.8,sparse_bf16,skip,,,M%8!=0
module_forward,m,1,1,256,256,0,5,20,False,2.9.0+cu128,12.8,sparse_nvfp4,skip,,,M%32!=0
module_forward,m,1,1,256,256,0,5,20,False,2.9.0+cu128,12.8,marlin_nvfp4,pass,0.048859,0.002683,
module_forward,m,1,1,256,512,0,5,20,False,2.9.0+cu128,12.8,dense_bf16,pass,0.027498,0.009533,
module_forward,m,1,1,256,512,0,5,20,False,2.9.0+cu128,12.8,dense_nvfp4,pass,0.145557,0.001801,
module_forward,m,1,1,256,512,0,5,20,False,2.9.0+cu128,12.8,sparse_bf16,skip,,,M%8!=0
module_forward,m,1,1,256,512,0,5,20,False,2.9.0+cu128,12.8,sparse_nvfp4,skip,,,M%32!=0
module_forward,m,1,1,256,512,0,5,20,False,2.9.0+cu128,12.8,marlin_nvfp4,pass,0.048915,0.005359,
module_forward,m,1,1,256,1024,0,5,20,False,2.9.0+cu128,12.8,dense_bf16,pass,0.027360,0.019163,
module_forward,m,1,1,256,1024,0,5,20,False,2.9.0+cu128,12.8,dense_nvfp4,pass,0.144018,0.003640,
module_forward,m,1,1,256,1024,0,5,20,False,2.9.0+cu128,12.8,sparse_bf16,skip,,,M%8!=0
module_forward,m,1,1,256,1024,0,5,20,False,2.9.0+cu128,12.8,sparse_nvfp4,skip,,,M%32!=0
module_forward,m,1,1,256,1024,0,5,20,False,2.9.0+cu128,12.8,marlin_nvfp4,pass,0.048549,0.010799,
module_forward,m,1,1,256,2048,0,5,20,False,2.9.0+cu128,12.8,dense_bf16,pass,0.027659,0.037911,
module_forward,m,1,1,256,2048,0,5,20,False,2.9.0+cu128,12.8,dense_nvfp4,pass,0.145944,0.007185,
module_forward,m,1,1,256,2048,0,5,20,False,2.9.0+cu128,12.8,sparse_bf16,skip,,,M%8!=0
module_forward,m,1,1,256,2048,0,5,20,False,2.9.0+cu128,12.8,sparse_nvfp4,skip,,,M%32!=0
module_forward,m,1,1,256,2048,0,5,20,False,2.9.0+cu128,12.8,marlin_nvfp4,pass,0.049315,0.021263,
module_forward,m,1,1,256,4096,0,5,20,False,2.9.0+cu128,12.8,dense_bf16,pass,0.027235,0.077002,
module_forward,m,1,1,256,4096,0,5,20,False,2.9.0+cu128,12.8,dense_nvfp4,pass,0.145848,0.014379,
module_forward,m,1,1,256,4096,0,5,20,False,2.9.0+cu128,12.8,sparse_bf16,skip,,,M%8!=0
module_forward,m,1,1,256,4096,0,5,20,False,2.9.0+cu128,12.8,sparse_nvfp4,skip,,,M%32!=0
module_forward,m,1,1,256,4096,0,5,20,False,2.9.0+cu128,12.8,marlin_nvfp4,pass,0.059530,0.035229,
module_forward,m,1,1,256,8192,0,5,20,False,2.9.0+cu128,12.8,dense_bf16,pass,0.031458,0.133332,
module_forward,m,1,1,256,8192,0,5,20,False,2.9.0+cu128,12.8,dense_nvfp4,pass,0.154142,0.027211,
module_forward,m,1,1,256,8192,0,5,20,False,2.9.0+cu128,12.8,sparse_bf16,skip,,,M%8!=0
module_forward,m,1,1,256,8192,0,5,20,False,2.9.0+cu128,12.8,sparse_nvfp4,skip,,,M%32!=0
module_forward,m,1,1,256,8192,0,5,20,False,2.9.0+cu128,12.8,marlin_nvfp4,pass,0.059709,0.070246,
module_forward,m,1,1,256,16384,0,5,20,False,2.9.0+cu128,12.8,dense_bf16,pass,0.031152,0.269280,
module_forward,m,1,1,256,16384,0,5,20,False,2.9.0+cu128,12.8,dense_nvfp4,pass,0.177867,0.047162,
module_forward,m,1,1,256,16384,0,5,20,False,2.9.0+cu128,12.8,sparse_bf16,skip,,,M%8!=0
module_forward,m,1,1,256,16384,0,5,20,False,2.9.0+cu128,12.8,sparse_nvfp4,skip,,,M%32!=0
module_forward,m,1,1,256,16384,0,5,20,False,2.9.0+cu128,12.8,marlin_nvfp4,pass,0.057467,0.145972,
module_forward,m,1,1,512,1,0,5,20,False,2.9.0+cu128,12.8,dense_bf16,pass,0.027595,0.000037,
module_forward,m,1,1,512,1,0,5,20,False,2.9.0+cu128,12.8,dense_nvfp4,skip,,,K%32!=0
module_forward,m,1,1,512,1,0,5,20,False,2.9.0+cu128,12.8,sparse_bf16,skip,,,"M%8!=0,K%64!=0"
module_forward,m,1,1,512,1,0,5,20,False,2.9.0+cu128,12.8,sparse_nvfp4,skip,,,"M%32!=0,K%64!=0"
module_forward,m,1,1,512,1,0,5,20,False,2.9.0+cu128,12.8,marlin_nvfp4,skip,,,K%128!=0
module_forward,m,1,1,512,2,0,5,20,False,2.9.0+cu128,12.8,dense_bf16,pass,0.027661,0.000074,
module_forward,m,1,1,512,2,0,5,20,False,2.9.0+cu128,12.8,dense_nvfp4,skip,,,K%32!=0
module_forward,m,1,1,512,2,0,5,20,False,2.9.0+cu128,12.8,sparse_bf16,skip,,,"M%8!=0,K%64!=0"
module_forward,m,1,1,512,2,0,5,20,False,2.9.0+cu128,12.8,sparse_nvfp4,skip,,,"M%32!=0,K%64!=0"
module_forward,m,1,1,512,2,0,5,20,False,2.9.0+cu128,12.8,marlin_nvfp4,skip,,,K%128!=0
module_forward,m,1,1,512,4,0,5,20,False,2.9.0+cu128,12.8,dense_bf16,pass,0.027786,0.000147,
module_forward,m,1,1,512,4,0,5,20,False,2.9.0+cu128,12.8,dense_nvfp4,skip,,,K%32!=0
module_forward,m,1,1,512,4,0,5,20,False,2.9.0+cu128,12.8,sparse_bf16,skip,,,"M%8!=0,K%64!=0"
module_forward,m,1,1,512,4,0,5,20,False,2.9.0+cu128,12.8,sparse_nvfp4,skip,,,"M%32!=0,K%64!=0"
module_forward,m,1,1,512,4,0,5,20,False,2.9.0+cu128,12.8,marlin_nvfp4,skip,,,K%128!=0
module_forward,m,1,1,512,8,0,5,20,False,2.9.0+cu128,12.8,dense_bf16,pass,0.027493,0.000298,
module_forward,m,1,1,512,8,0,5,20,False,2.9.0+cu128,12.8,dense_nvfp4,skip,,,K%32!=0
module_forward,m,1,1,512,8,0,5,20,False,2.9.0+cu128,12.8,sparse_bf16,skip,,,"M%8!=0,K%64!=0"
module_forward,m,1,1,512,8,0,5,20,False,2.9.0+cu128,12.8,sparse_nvfp4,skip,,,"M%32!=0,K%64!=0"
module_forward,m,1,1,512,8,0,5,20,False,2.9.0+cu128,12.8,marlin_nvfp4,skip,,,K%128!=0
module_forward,m,1,1,512,16,0,5,20,False,2.9.0+cu128,12.8,dense_bf16,pass,0.027682,0.000592,
module_forward,m,1,1,512,16,0,5,20,False,2.9.0+cu128,12.8,dense_nvfp4,skip,,,K%32!=0
module_forward,m,1,1,512,16,0,5,20,False,2.9.0+cu128,12.8,sparse_bf16,skip,,,"M%8!=0,K%64!=0"
module_forward,m,1,1,512,16,0,5,20,False,2.9.0+cu128,12.8,sparse_nvfp4,skip,,,"M%32!=0,K%64!=0"
module_forward,m,1,1,512,16,0,5,20,False,2.9.0+cu128,12.8,marlin_nvfp4,skip,,,K%128!=0
module_forward,m,1,1,512,32,0,5,20,False,2.9.0+cu128,12.8,dense_bf16,pass,0.027422,0.001195,
module_forward,m,1,1,512,32,0,5,20,False,2.9.0+cu128,12.8,dense_nvfp4,pass,0.145410,0.000225,
module_forward,m,1,1,512,32,0,5,20,False,2.9.0+cu128,12.8,sparse_bf16,skip,,,"M%8!=0,K%64!=0"
module_forward,m,1,1,512,32,0,5,20,False,2.9.0+cu128,12.8,sparse_nvfp4,skip,,,"M%32!=0,K%64!=0"
module_forward,m,1,1,512,32,0,5,20,False,2.9.0+cu128,12.8,marlin_nvfp4,skip,,,K%128!=0
module_forward,m,1,1,512,64,0,5,20,False,2.9.0+cu128,12.8,dense_bf16,pass,0.027688,0.002367,
module_forward,m,1,1,512,64,0,5,20,False,2.9.0+cu128,12.8,dense_nvfp4,pass,0.145374,0.000451,
module_forward,m,1,1,512,64,0,5,20,False,2.9.0+cu128,12.8,sparse_bf16,skip,,,M%8!=0
module_forward,m,1,1,512,64,0,5,20,False,2.9.0+cu128,12.8,sparse_nvfp4,skip,,,M%32!=0
module_forward,m,1,1,512,64,0,5,20,False,2.9.0+cu128,12.8,marlin_nvfp4,skip,,,K%128!=0
module_forward,m,1,1,512,128,0,5,20,False,2.9.0+cu128,12.8,dense_bf16,pass,0.027538,0.004760,
module_forward,m,1,1,512,128,0,5,20,False,2.9.0+cu128,12.8,dense_nvfp4,pass,0.144816,0.000905,
module_forward,m,1,1,512,128,0,5,20,False,2.9.0+cu128,12.8,sparse_bf16,skip,,,M%8!=0
module_forward,m,1,1,512,128,0,5,20,False,2.9.0+cu128,12.8,sparse_nvfp4,skip,,,M%32!=0
module_forward,m,1,1,512,128,0,5,20,False,2.9.0+cu128,12.8,marlin_nvfp4,pass,0.049035,0.002673,
module_forward,m,1,1,512,256,0,5,20,False,2.9.0+cu128,12.8,dense_bf16,pass,0.027611,0.009494,
module_forward,m,1,1,512,256,0,5,20,False,2.9.0+cu128,12.8,dense_nvfp4,pass,0.145576,0.001801,
module_forward,m,1,1,512,256,0,5,20,False,2.9.0+cu128,12.8,sparse_bf16,skip,,,M%8!=0
module_forward,m,1,1,512,256,0,5,20,False,2.9.0+cu128,12.8,sparse_nvfp4,skip,,,M%32!=0
module_forward,m,1,1,512,256,0,5,20,False,2.9.0+cu128,12.8,marlin_nvfp4,pass,0.049706,0.005274,
module_forward,m,1,1,512,512,0,5,20,False,2.9.0+cu128,12.8,dense_bf16,pass,0.027314,0.019195,
module_forward,m,1,1,512,512,0,5,20,False,2.9.0+cu128,12.8,dense_nvfp4,pass,0.146702,0.003574,
module_forward,m,1,1,512,512,0,5,20,False,2.9.0+cu128,12.8,sparse_bf16,skip,,,M%8!=0
module_forward,m,1,1,512,512,0,5,20,False,2.9.0+cu128,12.8,sparse_nvfp4,skip,,,M%32!=0
module_forward,m,1,1,512,512,0,5,20,False,2.9.0+cu128,12.8,marlin_nvfp4,pass,0.048848,0.010733,
module_forward,m,1,1,512,1024,0,5,20,False,2.9.0+cu128,12.8,dense_bf16,pass,0.027522,0.038100,
module_forward,m,1,1,512,1024,0,5,20,False,2.9.0+cu128,12.8,dense_nvfp4,pass,0.145490,0.007207,
module_forward,m,1,1,512,1024,0,5,20,False,2.9.0+cu128,12.8,sparse_bf16,skip,,,M%8!=0
module_forward,m,1,1,512,1024,0,5,20,False,2.9.0+cu128,12.8,sparse_nvfp4,skip,,,M%32!=0
module_forward,m,1,1,512,1024,0,5,20,False,2.9.0+cu128,12.8,marlin_nvfp4,pass,0.048410,0.021660,
module_forward,m,1,1,512,2048,0,5,20,False,2.9.0+cu128,12.8,dense_bf16,pass,0.027870,0.075247,
module_forward,m,1,1,512,2048,0,5,20,False,2.9.0+cu128,12.8,dense_nvfp4,pass,0.144795,0.014484,
module_forward,m,1,1,512,2048,0,5,20,False,2.9.0+cu128,12.8,sparse_bf16,skip,,,M%8!=0
module_forward,m,1,1,512,2048,0,5,20,False,2.9.0+cu128,12.8,sparse_nvfp4,skip,,,M%32!=0
module_forward,m,1,1,512,2048,0,5,20,False,2.9.0+cu128,12.8,marlin_nvfp4,pass,0.048794,0.042980,
module_forward,m,1,1,512,4096,0,5,20,False,2.9.0+cu128,12.8,dense_bf16,pass,0.027600,0.151968,
module_forward,m,1,1,512,4096,0,5,20,False,2.9.0+cu128,12.8,dense_nvfp4,pass,0.149910,0.027979,
module_forward,m,1,1,512,4096,0,5,20,False,2.9.0+cu128,12.8,sparse_bf16,skip,,,M%8!=0
module_forward,m,1,1,512,4096,0,5,20,False,2.9.0+cu128,12.8,sparse_nvfp4,skip,,,M%32!=0
module_forward,m,1,1,512,4096,0,5,20,False,2.9.0+cu128,12.8,marlin_nvfp4,pass,0.049334,0.085018,
module_forward,m,1,1,512,8192,0,5,20,False,2.9.0+cu128,12.8,dense_bf16,pass,0.031872,0.263197,
module_forward,m,1,1,512,8192,0,5,20,False,2.9.0+cu128,12.8,dense_nvfp4,pass,0.154875,0.054164,
module_forward,m,1,1,512,8192,0,5,20,False,2.9.0+cu128,12.8,sparse_bf16,skip,,,M%8!=0
module_forward,m,1,1,512,8192,0,5,20,False,2.9.0+cu128,12.8,sparse_nvfp4,skip,,,M%32!=0
module_forward,m,1,1,512,8192,0,5,20,False,2.9.0+cu128,12.8,marlin_nvfp4,pass,0.049224,0.170417,
module_forward,m,1,1,512,16384,0,5,20,False,2.9.0+cu128,12.8,dense_bf16,pass,0.030640,0.547559,
module_forward,m,1,1,512,16384,0,5,20,False,2.9.0+cu128,12.8,dense_nvfp4,pass,0.179597,0.093416,
module_forward,m,1,1,512,16384,0,5,20,False,2.9.0+cu128,12.8,sparse_bf16,skip,,,M%8!=0
module_forward,m,1,1,512,16384,0,5,20,False,2.9.0+cu128,12.8,sparse_nvfp4,skip,,,M%32!=0
module_forward,m,1,1,512,16384,0,5,20,False,2.9.0+cu128,12.8,marlin_nvfp4,pass,0.050051,0.335201,
module_forward,m,1,1,1024,1,0,5,20,False,2.9.0+cu128,12.8,dense_bf16,pass,0.027595,0.000074,
module_forward,m,1,1,1024,1,0,5,20,False,2.9.0+cu128,12.8,dense_nvfp4,skip,,,K%32!=0
module_forward,m,1,1,1024,1,0,5,20,False,2.9.0+cu128,12.8,sparse_bf16,skip,,,"M%8!=0,K%64!=0"
module_forward,m,1,1,1024,1,0,5,20,False,2.9.0+cu128,12.8,sparse_nvfp4,skip,,,"M%32!=0,K%64!=0"
module_forward,m,1,1,1024,1,0,5,20,False,2.9.0+cu128,12.8,marlin_nvfp4,skip,,,K%128!=0
module_forward,m,1,1,1024,2,0,5,20,False,2.9.0+cu128,12.8,dense_bf16,pass,0.027866,0.000147,
module_forward,m,1,1,1024,2,0,5,20,False,2.9.0+cu128,12.8,dense_nvfp4,skip,,,K%32!=0
module_forward,m,1,1,1024,2,0,5,20,False,2.9.0+cu128,12.8,sparse_bf16,skip,,,"M%8!=0,K%64!=0"
module_forward,m,1,1,1024,2,0,5,20,False,2.9.0+cu128,12.8,sparse_nvfp4,skip,,,"M%32!=0,K%64!=0"
module_forward,m,1,1,1024,2,0,5,20,False,2.9.0+cu128,12.8,marlin_nvfp4,skip,,,K%128!=0
module_forward,m,1,1,1024,4,0,5,20,False,2.9.0+cu128,12.8,dense_bf16,pass,0.027906,0.000294,
module_forward,m,1,1,1024,4,0,5,20,False,2.9.0+cu128,12.8,dense_nvfp4,skip,,,K%32!=0
module_forward,m,1,1,1024,4,0,5,20,False,2.9.0+cu128,12.8,sparse_bf16,skip,,,"M%8!=0,K%64!=0"
module_forward,m,1,1,1024,4,0,5,20,False,2.9.0+cu128,12.8,sparse_nvfp4,skip,,,"M%32!=0,K%64!=0"
module_forward,m,1,1,1024,4,0,5,20,False,2.9.0+cu128,12.8,marlin_nvfp4,skip,,,K%128!=0
module_forward,m,1,1,1024,8,0,5,20,False,2.9.0+cu128,12.8,dense_bf16,pass,0.027845,0.000588,
module_forward,m,1,1,1024,8,0,5,20,False,2.9.0+cu128,12.8,dense_nvfp4,skip,,,K%32!=0
module_forward,m,1,1,1024,8,0,5,20,False,2.9.0+cu128,12.8,sparse_bf16,skip,,,"M%8!=0,K%64!=0"
module_forward,m,1,1,1024,8,0,5,20,False,2.9.0+cu128,12.8,sparse_nvfp4,skip,,,"M%32!=0,K%64!=0"
module_forward,m,1,1,1024,8,0,5,20,False,2.9.0+cu128,12.8,marlin_nvfp4,skip,,,K%128!=0
module_forward,m,1,1,1024,16,0,5,20,False,2.9.0+cu128,12.8,dense_bf16,pass,0.027424,0.001195,
module_forward,m,1,1,1024,16,0,5,20,False,2.9.0+cu128,12.8,dense_nvfp4,skip,,,K%32!=0
module_forward,m,1,1,1024,16,0,5,20,False,2.9.0+cu128,12.8,sparse_bf16,skip,,,"M%8!=0,K%64!=0"
module_forward,m,1,1,1024,16,0,5,20,False,2.9.0+cu128,12.8,sparse_nvfp4,skip,,,"M%32!=0,K%64!=0"
module_forward,m,1,1,1024,16,0,5,20,False,2.9.0+cu128,12.8,marlin_nvfp4,skip,,,K%128!=0
module_forward,m,1,1,1024,32,0,5,20,False,2.9.0+cu128,12.8,dense_bf16,pass,0.027443,0.002388,
module_forward,m,1,1,1024,32,0,5,20,False,2.9.0+cu128,12.8,dense_nvfp4,pass,0.143706,0.000456,
module_forward,m,1,1,1024,32,0,5,20,False,2.9.0+cu128,12.8,sparse_bf16,skip,,,"M%8!=0,K%64!=0"
module_forward,m,1,1,1024,32,0,5,20,False,2.9.0+cu128,12.8,sparse_nvfp4,skip,,,"M%32!=0,K%64!=0"
module_forward,m,1,1,1024,32,0,5,20,False,2.9.0+cu128,12.8,marlin_nvfp4,skip,,,K%128!=0
module_forward,m,1,1,1024,64,0,5,20,False,2.9.0+cu128,12.8,dense_bf16,pass,0.027813,0.004713,
module_forward,m,1,1,1024,64,0,5,20,False,2.9.0+cu128,12.8,dense_nvfp4,pass,0.144798,0.000905,
module_forward,m,1,1,1024,64,0,5,20,False,2.9.0+cu128,12.8,sparse_bf16,skip,,,M%8!=0
module_forward,m,1,1,1024,64,0,5,20,False,2.9.0+cu128,12.8,sparse_nvfp4,skip,,,M%32!=0
module_forward,m,1,1,1024,64,0,5,20,False,2.9.0+cu128,12.8,marlin_nvfp4,skip,,,K%128!=0
module_forward,m,1,1,1024,128,0,5,20,False,2.9.0+cu128,12.8,dense_bf16,pass,0.027486,0.009537,
module_forward,m,1,1,1024,128,0,5,20,False,2.9.0+cu128,12.8,dense_nvfp4,pass,0.145323,0.001804,
module_forward,m,1,1,1024,128,0,5,20,False,2.9.0+cu128,12.8,sparse_bf16,skip,,,M%8!=0
module_forward,m,1,1,1024,128,0,5,20,False,2.9.0+cu128,12.8,sparse_nvfp4,skip,,,M%32!=0
module_forward,m,1,1,1024,128,0,5,20,False,2.9.0+cu128,12.8,marlin_nvfp4,pass,0.049074,0.005342,
module_forward,m,1,1,1024,256,0,5,20,False,2.9.0+cu128,12.8,dense_bf16,pass,0.027382,0.019147,
module_forward,m,1,1,1024,256,0,5,20,False,2.9.0+cu128,12.8,dense_nvfp4,pass,0.146323,0.003583,
module_forward,m,1,1,1024,256,0,5,20,False,2.9.0+cu128,12.8,sparse_bf16,skip,,,M%8!=0
module_forward,m,1,1,1024,256,0,5,20,False,2.9.0+cu128,12.8,sparse_nvfp4,skip,,,M%32!=0
module_forward,m,1,1,1024,256,0,5,20,False,2.9.0+cu128,12.8,marlin_nvfp4,pass,0.048318,0.010851,
module_forward,m,1,1,1024,512,0,5,20,False,2.9.0+cu128,12.8,dense_bf16,pass,0.027730,0.037814,
module_forward,m,1,1,1024,512,0,5,20,False,2.9.0+cu128,12.8,dense_nvfp4,pass,0.144958,0.007234,
module_forward,m,1,1,1024,512,0,5,20,False,2.9.0+cu128,12.8,sparse_bf16,skip,,,M%8!=0
module_forward,m,1,1,1024,512,0,5,20,False,2.9.0+cu128,12.8,sparse_nvfp4,skip,,,M%32!=0
module_forward,m,1,1,1024,512,0,5,20,False,2.9.0+cu128,12.8,marlin_nvfp4,pass,0.049859,0.021031,
module_forward,m,1,1,1024,1024,0,5,20,False,2.9.0+cu128,12.8,dense_bf16,pass,0.027450,0.076400,
module_forward,m,1,1,1024,1024,0,5,20,False,2.9.0+cu128,12.8,dense_nvfp4,pass,0.144051,0.014558,
module_forward,m,1,1,1024,1024,0,5,20,False,2.9.0+cu128,12.8,sparse_bf16,skip,,,M%8!=0
module_forward,m,1,1,1024,1024,0,5,20,False,2.9.0+cu128,12.8,sparse_nvfp4,skip,,,M%32!=0
module_forward,m,1,1,1024,1024,0,5,20,False,2.9.0+cu128,12.8,marlin_nvfp4,pass,0.049974,0.041965,
module_forward,m,1,1,1024,2048,0,5,20,False,2.9.0+cu128,12.8,dense_bf16,pass,0.027872,0.150485,
module_forward,m,1,1,1024,2048,0,5,20,False,2.9.0+cu128,12.8,dense_nvfp4,pass,0.145131,0.028900,
module_forward,m,1,1,1024,2048,0,5,20,False,2.9.0+cu128,12.8,sparse_bf16,skip,,,M%8!=0
module_forward,m,1,1,1024,2048,0,5,20,False,2.9.0+cu128,12.8,sparse_nvfp4,skip,,,M%32!=0
module_forward,m,1,1,1024,2048,0,5,20,False,2.9.0+cu128,12.8,marlin_nvfp4,pass,0.049326,0.085032,
module_forward,m,1,1,1024,4096,0,5,20,False,2.9.0+cu128,12.8,dense_bf16,pass,0.027387,0.306297,
module_forward,m,1,1,1024,4096,0,5,20,False,2.9.0+cu128,12.8,dense_nvfp4,pass,0.146157,0.057395,
module_forward,m,1,1,1024,4096,0,5,20,False,2.9.0+cu128,12.8,sparse_bf16,skip,,,M%8!=0
module_forward,m,1,1,1024,4096,0,5,20,False,2.9.0+cu128,12.8,sparse_nvfp4,skip,,,M%32!=0
module_forward,m,1,1,1024,4096,0,5,20,False,2.9.0+cu128,12.8,marlin_nvfp4,pass,0.049629,0.169027,
module_forward,m,1,1,1024,8192,0,5,20,False,2.9.0+cu128,12.8,dense_bf16,pass,0.031542,0.531894,
module_forward,m,1,1,1024,8192,0,5,20,False,2.9.0+cu128,12.8,dense_nvfp4,pass,0.153677,0.109172,
module_forward,m,1,1,1024,8192,0,5,20,False,2.9.0+cu128,12.8,sparse_bf16,skip,,,M%8!=0
module_forward,m,1,1,1024,8192,0,5,20,False,2.9.0+cu128,12.8,sparse_nvfp4,skip,,,M%32!=0
module_forward,m,1,1,1024,8192,0,5,20,False,2.9.0+cu128,12.8,marlin_nvfp4,pass,0.049248,0.340668,
module_forward,m,1,1,1024,16384,0,5,20,False,2.9.0+cu128,12.8,dense_bf16,pass,0.032130,1.044346,
module_forward,m,1,1,1024,16384,0,5,20,False,2.9.0+cu128,12.8,dense_nvfp4,pass,0.178282,0.188210,
module_forward,m,1,1,1024,16384,0,5,20,False,2.9.0+cu128,12.8,sparse_bf16,skip,,,M%8!=0
module_forward,m,1,1,1024,16384,0,5,20,False,2.9.0+cu128,12.8,sparse_nvfp4,skip,,,M%32!=0
module_forward,m,1,1,1024,16384,0,5,20,False,2.9.0+cu128,12.8,marlin_nvfp4,pass,0.048730,0.688584,
module_forward,m,1,1,2048,1,0,5,20,False,2.9.0+cu128,12.8,dense_bf16,pass,0.027131,0.000151,
module_forward,m,1,1,2048,1,0,5,20,False,2.9.0+cu128,12.8,dense_nvfp4,skip,,,K%32!=0
module_forward,m,1,1,2048,1,0,5,20,False,2.9.0+cu128,12.8,sparse_bf16,skip,,,"M%8!=0,K%64!=0"
module_forward,m,1,1,2048,1,0,5,20,False,2.9.0+cu128,12.8,sparse_nvfp4,skip,,,"M%32!=0,K%64!=0"
module_forward,m,1,1,2048,1,0,5,20,False,2.9.0+cu128,12.8,marlin_nvfp4,skip,,,K%128!=0
module_forward,m,1,1,2048,2,0,5,20,False,2.9.0+cu128,12.8,dense_bf16,pass,0.027486,0.000298,
module_forward,m,1,1,2048,2,0,5,20,False,2.9.0+cu128,12.8,dense_nvfp4,skip,,,K%32!=0
module_forward,m,1,1,2048,2,0,5,20,False,2.9.0+cu128,12.8,sparse_bf16,skip,,,"M%8!=0,K%64!=0"
module_forward,m,1,1,2048,2,0,5,20,False,2.9.0+cu128,12.8,sparse_nvfp4,skip,,,"M%32!=0,K%64!=0"
module_forward,m,1,1,2048,2,0,5,20,False,2.9.0+cu128,12.8,marlin_nvfp4,skip,,,K%128!=0
module_forward,m,1,1,2048,4,0,5,20,False,2.9.0+cu128,12.8,dense_bf16,pass,0.027597,0.000594,
module_forward,m,1,1,2048,4,0,5,20,False,2.9.0+cu128,12.8,dense_nvfp4,skip,,,K%32!=0
module_forward,m,1,1,2048,4,0,5,20,False,2.9.0+cu128,12.8,sparse_bf16,skip,,,"M%8!=0,K%64!=0"
module_forward,m,1,1,2048,4,0,5,20,False,2.9.0+cu128,12.8,sparse_nvfp4,skip,,,"M%32!=0,K%64!=0"
module_forward,m,1,1,2048,4,0,5,20,False,2.9.0+cu128,12.8,marlin_nvfp4,skip,,,K%128!=0
module_forward,m,1,1,2048,8,0,5,20,False,2.9.0+cu128,12.8,dense_bf16,pass,0.027685,0.001184,
module_forward,m,1,1,2048,8,0,5,20,False,2.9.0+cu128,12.8,dense_nvfp4,skip,,,K%32!=0
module_forward,m,1,1,2048,8,0,5,20,False,2.9.0+cu128,12.8,sparse_bf16,skip,,,"M%8!=0,K%64!=0"
module_forward,m,1,1,2048,8,0,5,20,False,2.9.0+cu128,12.8,sparse_nvfp4,skip,,,"M%32!=0,K%64!=0"
module_forward,m,1,1,2048,8,0,5,20,False,2.9.0+cu128,12.8,marlin_nvfp4,skip,,,K%128!=0
module_forward,m,1,1,2048,16,0,5,20,False,2.9.0+cu128,12.8,dense_bf16,pass,0.026990,0.002428,
module_forward,m,1,1,2048,16,0,5,20,False,2.9.0+cu128,12.8,dense_nvfp4,skip,,,K%32!=0
module_forward,m,1,1,2048,16,0,5,20,False,2.9.0+cu128,12.8,sparse_bf16,skip,,,"M%8!=0,K%64!=0"
module_forward,m,1,1,2048,16,0,5,20,False,2.9.0+cu128,12.8,sparse_nvfp4,skip,,,"M%32!=0,K%64!=0"
module_forward,m,1,1,2048,16,0,5,20,False,2.9.0+cu128,12.8,marlin_nvfp4,skip,,,K%128!=0
module_forward,m,1,1,2048,32,0,5,20,False,2.9.0+cu128,12.8,dense_bf16,pass,0.027442,0.004776,
module_forward,m,1,1,2048,32,0,5,20,False,2.9.0+cu128,12.8,dense_nvfp4,pass,0.145837,0.000899,
module_forward,m,1,1,2048,32,0,5,20,False,2.9.0+cu128,12.8,sparse_bf16,skip,,,"M%8!=0,K%64!=0"
module_forward,m,1,1,2048,32,0,5,20,False,2.9.0+cu128,12.8,sparse_nvfp4,skip,,,"M%32!=0,K%64!=0"
module_forward,m,1,1,2048,32,0,5,20,False,2.9.0+cu128,12.8,marlin_nvfp4,skip,,,K%128!=0
module_forward,m,1,1,2048,64,0,5,20,False,2.9.0+cu128,12.8,dense_bf16,pass,0.027526,0.009523,
module_forward,m,1,1,2048,64,0,5,20,False,2.9.0+cu128,12.8,dense_nvfp4,pass,0.145298,0.001804,
module_forward,m,1,1,2048,64,0,5,20,False,2.9.0+cu128,12.8,sparse_bf16,skip,,,M%8!=0
module_forward,m,1,1,2048,64,0,5,20,False,2.9.0+cu128,12.8,sparse_nvfp4,skip,,,M%32!=0
module_forward,m,1,1,2048,64,0,5,20,False,2.9.0+cu128,12.8,marlin_nvfp4,skip,,,K%128!=0
module_forward,m,1,1,2048,128,0,5,20,False,2.9.0+cu128,12.8,dense_bf16,pass,0.027493,0.019070,
module_forward,m,1,1,2048,128,0,5,20,False,2.9.0+cu128,12.8,dense_nvfp4,pass,0.145822,0.003595,
module_forward,m,1,1,2048,128,0,5,20,False,2.9.0+cu128,12.8,sparse_bf16,skip,,,M%8!=0
module_forward,m,1,1,2048,128,0,5,20,False,2.9.0+cu128,12.8,sparse_nvfp4,skip,,,M%32!=0
module_forward,m,1,1,2048,128,0,5,20,False,2.9.0+cu128,12.8,marlin_nvfp4,pass,0.048728,0.010759,
module_forward,m,1,1,2048,256,0,5,20,False,2.9.0+cu128,12.8,dense_bf16,pass,0.027710,0.037841,
module_forward,m,1,1,2048,256,0,5,20,False,2.9.0+cu128,12.8,dense_nvfp4,pass,0.145869,0.007188,
module_forward,m,1,1,2048,256,0,5,20,False,2.9.0+cu128,12.8,sparse_bf16,skip,,,M%8!=0
module_forward,m,1,1,2048,256,0,5,20,False,2.9.0+cu128,12.8,sparse_nvfp4,skip,,,M%32!=0
module_forward,m,1,1,2048,256,0,5,20,False,2.9.0+cu128,12.8,marlin_nvfp4,pass,0.048530,0.021607,
module_forward,m,1,1,2048,512,0,5,20,False,2.9.0+cu128,12.8,dense_bf16,pass,0.027398,0.076543,
module_forward,m,1,1,2048,512,0,5,20,False,2.9.0+cu128,12.8,dense_nvfp4,pass,0.146066,0.014358,
module_forward,m,1,1,2048,512,0,5,20,False,2.9.0+cu128,12.8,sparse_bf16,skip,,,M%8!=0
module_forward,m,1,1,2048,512,0,5,20,False,2.9.0+cu128,12.8,sparse_nvfp4,skip,,,M%32!=0
module_forward,m,1,1,2048,512,0,5,20,False,2.9.0+cu128,12.8,marlin_nvfp4,pass,0.048126,0.043576,
module_forward,m,1,1,2048,1024,0,5,20,False,2.9.0+cu128,12.8,dense_bf16,pass,0.027616,0.151879,
module_forward,m,1,1,2048,1024,0,5,20,False,2.9.0+cu128,12.8,dense_nvfp4,pass,0.145379,0.028851,
module_forward,m,1,1,2048,1024,0,5,20,False,2.9.0+cu128,12.8,sparse_bf16,skip,,,M%8!=0
module_forward,m,1,1,2048,1024,0,5,20,False,2.9.0+cu128,12.8,sparse_nvfp4,skip,,,M%32!=0
module_forward,m,1,1,2048,1024,0,5,20,False,2.9.0+cu128,12.8,marlin_nvfp4,pass,0.048952,0.085682,
module_forward,m,1,1,2048,2048,0,5,20,False,2.9.0+cu128,12.8,dense_bf16,pass,0.027363,0.306565,
module_forward,m,1,1,2048,2048,0,5,20,False,2.9.0+cu128,12.8,dense_nvfp4,pass,0.146622,0.057212,
module_forward,m,1,1,2048,2048,0,5,20,False,2.9.0+cu128,12.8,sparse_bf16,skip,,,M%8!=0
module_forward,m,1,1,2048,2048,0,5,20,False,2.9.0+cu128,12.8,sparse_nvfp4,skip,,,M%32!=0
module_forward,m,1,1,2048,2048,0,5,20,False,2.9.0+cu128,12.8,marlin_nvfp4,pass,0.048634,0.172486,
module_forward,m,1,1,2048,4096,0,5,20,False,2.9.0+cu128,12.8,dense_bf16,pass,0.028432,0.590082,
module_forward,m,1,1,2048,4096,0,5,20,False,2.9.0+cu128,12.8,dense_nvfp4,pass,0.144966,0.115732,
module_forward,m,1,1,2048,4096,0,5,20,False,2.9.0+cu128,12.8,sparse_bf16,skip,,,M%8!=0
module_forward,m,1,1,2048,4096,0,5,20,False,2.9.0+cu128,12.8,sparse_nvfp4,skip,,,M%32!=0
module_forward,m,1,1,2048,4096,0,5,20,False,2.9.0+cu128,12.8,marlin_nvfp4,pass,0.048738,0.344236,
module_forward,m,1,1,2048,8192,0,5,20,False,2.9.0+cu128,12.8,dense_bf16,pass,0.031570,1.062872,
module_forward,m,1,1,2048,8192,0,5,20,False,2.9.0+cu128,12.8,dense_nvfp4,pass,0.154270,0.217504,
module_forward,m,1,1,2048,8192,0,5,20,False,2.9.0+cu128,12.8,sparse_bf16,skip,,,M%8!=0
module_forward,m,1,1,2048,8192,0,5,20,False,2.9.0+cu128,12.8,sparse_nvfp4,skip,,,M%32!=0
module_forward,m,1,1,2048,8192,0,5,20,False,2.9.0+cu128,12.8,marlin_nvfp4,pass,0.048595,0.690489,
module_forward,m,1,1,2048,16384,0,5,20,False,2.9.0+cu128,12.8,dense_bf16,pass,0.044579,1.505385,
module_forward,m,1,1,2048,16384,0,5,20,False,2.9.0+cu128,12.8,dense_nvfp4,pass,0.178565,0.375824,
module_forward,m,1,1,2048,16384,0,5,20,False,2.9.0+cu128,12.8,sparse_bf16,skip,,,M%8!=0
module_forward,m,1,1,2048,16384,0,5,20,False,2.9.0+cu128,12.8,sparse_nvfp4,skip,,,M%32!=0
module_forward,m,1,1,2048,16384,0,5,20,False,2.9.0+cu128,12.8,marlin_nvfp4,pass,0.049206,1.363824,
module_forward,m,1,1,4096,1,0,5,20,False,2.9.0+cu128,12.8,dense_bf16,pass,0.027114,0.000302,
module_forward,m,1,1,4096,1,0,5,20,False,2.9.0+cu128,12.8,dense_nvfp4,skip,,,K%32!=0
module_forward,m,1,1,4096,1,0,5,20,False,2.9.0+cu128,12.8,sparse_bf16,skip,,,"M%8!=0,K%64!=0"
module_forward,m,1,1,4096,1,0,5,20,False,2.9.0+cu128,12.8,sparse_nvfp4,skip,,,"M%32!=0,K%64!=0"
module_forward,m,1,1,4096,1,0,5,20,False,2.9.0+cu128,12.8,marlin_nvfp4,skip,,,K%128!=0
module_forward,m,1,1,4096,2,0,5,20,False,2.9.0+cu128,12.8,dense_bf16,pass,0.027362,0.000599,
module_forward,m,1,1,4096,2,0,5,20,False,2.9.0+cu128,12.8,dense_nvfp4,skip,,,K%32!=0
module_forward,m,1,1,4096,2,0,5,20,False,2.9.0+cu128,12.8,sparse_bf16,skip,,,"M%8!=0,K%64!=0"
module_forward,m,1,1,4096,2,0,5,20,False,2.9.0+cu128,12.8,sparse_nvfp4,skip,,,"M%32!=0,K%64!=0"
module_forward,m,1,1,4096,2,0,5,20,False,2.9.0+cu128,12.8,marlin_nvfp4,skip,,,K%128!=0
module_forward,m,1,1,4096,4,0,5,20,False,2.9.0+cu128,12.8,dense_bf16,pass,0.027626,0.001186,
module_forward,m,1,1,4096,4,0,5,20,False,2.9.0+cu128,12.8,dense_nvfp4,skip,,,K%32!=0
module_forward,m,1,1,4096,4,0,5,20,False,2.9.0+cu128,12.8,sparse_bf16,skip,,,"M%8!=0,K%64!=0"
module_forward,m,1,1,4096,4,0,5,20,False,2.9.0+cu128,12.8,sparse_nvfp4,skip,,,"M%32!=0,K%64!=0"
module_forward,m,1,1,4096,4,0,5,20,False,2.9.0+cu128,12.8,marlin_nvfp4,skip,,,K%128!=0
module_forward,m,1,1,4096,8,0,5,20,False,2.9.0+cu128,12.8,dense_bf16,pass,0.027675,0.002368,
module_forward,m,1,1,4096,8,0,5,20,False,2.9.0+cu128,12.8,dense_nvfp4,skip,,,K%32!=0
module_forward,m,1,1,4096,8,0,5,20,False,2.9.0+cu128,12.8,sparse_bf16,skip,,,"M%8!=0,K%64!=0"
module_forward,m,1,1,4096,8,0,5,20,False,2.9.0+cu128,12.8,sparse_nvfp4,skip,,,"M%32!=0,K%64!=0"
module_forward,m,1,1,4096,8,0,5,20,False,2.9.0+cu128,12.8,marlin_nvfp4,skip,,,K%128!=0
module_forward,m,1,1,4096,16,0,5,20,False,2.9.0+cu128,12.8,dense_bf16,pass,0.027320,0.004798,
module_forward,m,1,1,4096,16,0,5,20,False,2.9.0+cu128,12.8,dense_nvfp4,skip,,,K%32!=0
module_forward,m,1,1,4096,16,0,5,20,False,2.9.0+cu128,12.8,sparse_bf16,skip,,,"M%8!=0,K%64!=0"
module_forward,m,1,1,4096,16,0,5,20,False,2.9.0+cu128,12.8,sparse_nvfp4,skip,,,"M%32!=0,K%64!=0"
module_forward,m,1,1,4096,16,0,5,20,False,2.9.0+cu128,12.8,marlin_nvfp4,skip,,,K%128!=0
module_forward,m,1,1,4096,32,0,5,20,False,2.9.0+cu128,12.8,dense_bf16,pass,0.027771,0.009439,
module_forward,m,1,1,4096,32,0,5,20,False,2.9.0+cu128,12.8,dense_nvfp4,pass,0.144318,0.001816,
module_forward,m,1,1,4096,32,0,5,20,False,2.9.0+cu128,12.8,sparse_bf16,skip,,,"M%8!=0,K%64!=0"
module_forward,m,1,1,4096,32,0,5,20,False,2.9.0+cu128,12.8,sparse_nvfp4,skip,,,"M%32!=0,K%64!=0"
module_forward,m,1,1,4096,32,0,5,20,False,2.9.0+cu128,12.8,marlin_nvfp4,skip,,,K%128!=0
module_forward,m,1,1,4096,64,0,5,20,False,2.9.0+cu128,12.8,dense_bf16,pass,0.027510,0.019058,
module_forward,m,1,1,4096,64,0,5,20,False,2.9.0+cu128,12.8,dense_nvfp4,pass,0.145299,0.003608,
module_forward,m,1,1,4096,64,0,5,20,False,2.9.0+cu128,12.8,sparse_bf16,skip,,,M%8!=0
module_forward,m,1,1,4096,64,0,5,20,False,2.9.0+cu128,12.8,sparse_nvfp4,skip,,,M%32!=0
module_forward,m,1,1,4096,64,0,5,20,False,2.9.0+cu128,12.8,marlin_nvfp4,skip,,,K%128!=0
module_forward,m,1,1,4096,128,0,5,20,False,2.9.0+cu128,12.8,dense_bf16,pass,0.027774,0.037753,
module_forward,m,1,1,4096,128,0,5,20,False,2.9.0+cu128,12.8,dense_nvfp4,pass,0.144219,0.007271,
module_forward,m,1,1,4096,128,0,5,20,False,2.9.0+cu128,12.8,sparse_bf16,skip,,,M%8!=0
module_forward,m,1,1,4096,128,0,5,20,False,2.9.0+cu128,12.8,sparse_nvfp4,skip,,,M%32!=0
module_forward,m,1,1,4096,128,0,5,20,False,2.9.0+cu128,12.8,marlin_nvfp4,pass,0.047685,0.021990,
module_forward,m,1,1,4096,256,0,5,20,False,2.9.0+cu128,12.8,dense_bf16,pass,0.027208,0.077079,
module_forward,m,1,1,4096,256,0,5,20,False,2.9.0+cu128,12.8,dense_nvfp4,pass,0.143651,0.014599,
module_forward,m,1,1,4096,256,0,5,20,False,2.9.0+cu128,12.8,sparse_bf16,skip,,,M%8!=0
module_forward,m,1,1,4096,256,0,5,20,False,2.9.0+cu128,12.8,sparse_nvfp4,skip,,,M%32!=0
module_forward,m,1,1,4096,256,0,5,20,False,2.9.0+cu128,12.8,marlin_nvfp4,pass,0.048781,0.042991,
module_forward,m,1,1,4096,512,0,5,20,False,2.9.0+cu128,12.8,dense_bf16,pass,0.028392,0.147728,
module_forward,m,1,1,4096,512,0,5,20,False,2.9.0+cu128,12.8,dense_nvfp4,pass,0.145691,0.028789,
module_forward,m,1,1,4096,512,0,5,20,False,2.9.0+cu128,12.8,sparse_bf16,skip,,,M%8!=0
module_forward,m,1,1,4096,512,0,5,20,False,2.9.0+cu128,12.8,sparse_nvfp4,skip,,,M%32!=0
module_forward,m,1,1,4096,512,0,5,20,False,2.9.0+cu128,12.8,marlin_nvfp4,pass,0.048570,0.086357,
module_forward,m,1,1,4096,1024,0,5,20,False,2.9.0+cu128,12.8,dense_bf16,pass,0.027461,0.305476,
module_forward,m,1,1,4096,1024,0,5,20,False,2.9.0+cu128,12.8,dense_nvfp4,pass,0.146595,0.057223,
module_forward,m,1,1,4096,1024,0,5,20,False,2.9.0+cu128,12.8,sparse_bf16,skip,,,M%8!=0
module_forward,m,1,1,4096,1024,0,5,20,False,2.9.0+cu128,12.8,sparse_nvfp4,skip,,,M%32!=0
module_forward,m,1,1,4096,1024,0,5,20,False,2.9.0+cu128,12.8,marlin_nvfp4,pass,0.048736,0.172123,
module_forward,m,1,1,4096,2048,0,5,20,False,2.9.0+cu128,12.8,dense_bf16,pass,0.027464,0.610880,
module_forward,m,1,1,4096,2048,0,5,20,False,2.9.0+cu128,12.8,dense_nvfp4,pass,0.145917,0.114978,
module_forward,m,1,1,4096,2048,0,5,20,False,2.9.0+cu128,12.8,sparse_bf16,skip,,,M%8!=0
module_forward,m,1,1,4096,2048,0,5,20,False,2.9.0+cu128,12.8,sparse_nvfp4,skip,,,M%32!=0
module_forward,m,1,1,4096,2048,0,5,20,False,2.9.0+cu128,12.8,marlin_nvfp4,pass,0.048438,0.346362,
module_forward,m,1,1,4096,4096,0,5,20,False,2.9.0+cu128,12.8,dense_bf16,pass,0.031195,1.075628,
module_forward,m,1,1,4096,4096,0,5,20,False,2.9.0+cu128,12.8,dense_nvfp4,pass,0.145766,0.230193,
module_forward,m,1,1,4096,4096,0,5,20,False,2.9.0+cu128,12.8,sparse_bf16,skip,,,M%8!=0
module_forward,m,1,1,4096,4096,0,5,20,False,2.9.0+cu128,12.8,sparse_nvfp4,skip,,,M%32!=0
module_forward,m,1,1,4096,4096,0,5,20,False,2.9.0+cu128,12.8,marlin_nvfp4,pass,0.048373,0.693663,
module_forward,m,1,1,4096,8192,0,5,20,False,2.9.0+cu128,12.8,dense_bf16,pass,0.036102,1.858848,
module_forward,m,1,1,4096,8192,0,5,20,False,2.9.0+cu128,12.8,dense_nvfp4,pass,0.167445,0.400782,
module_forward,m,1,1,4096,8192,0,5,20,False,2.9.0+cu128,12.8,sparse_bf16,skip,,,M%8!=0
module_forward,m,1,1,4096,8192,0,5,20,False,2.9.0+cu128,12.8,sparse_nvfp4,skip,,,M%32!=0
module_forward,m,1,1,4096,8192,0,5,20,False,2.9.0+cu128,12.8,marlin_nvfp4,pass,0.049382,1.358963,
module_forward,m,1,1,4096,16384,0,5,20,False,2.9.0+cu128,12.8,dense_bf16,pass,0.103363,1.298506,
module_forward,m,1,1,4096,16384,0,5,20,False,2.9.0+cu128,12.8,dense_nvfp4,pass,0.178768,0.750793,
module_forward,m,1,1,4096,16384,0,5,20,False,2.9.0+cu128,12.8,sparse_bf16,skip,,,M%8!=0
module_forward,m,1,1,4096,16384,0,5,20,False,2.9.0+cu128,12.8,sparse_nvfp4,skip,,,M%32!=0
module_forward,m,1,1,4096,16384,0,5,20,False,2.9.0+cu128,12.8,marlin_nvfp4,pass,0.049891,2.690208,
module_forward,m,1,1,8192,1,0,5,20,False,2.9.0+cu128,12.8,dense_bf16,pass,0.027218,0.000602,
module_forward,m,1,1,8192,1,0,5,20,False,2.9.0+cu128,12.8,dense_nvfp4,skip,,,K%32!=0
module_forward,m,1,1,8192,1,0,5,20,False,2.9.0+cu128,12.8,sparse_bf16,skip,,,"M%8!=0,K%64!=0"
module_forward,m,1,1,8192,1,0,5,20,False,2.9.0+cu128,12.8,sparse_nvfp4,skip,,,"M%32!=0,K%64!=0"
module_forward,m,1,1,8192,1,0,5,20,False,2.9.0+cu128,12.8,marlin_nvfp4,skip,,,K%128!=0
module_forward,m,1,1,8192,2,0,5,20,False,2.9.0+cu128,12.8,dense_bf16,pass,0.027790,0.001179,
module_forward,m,1,1,8192,2,0,5,20,False,2.9.0+cu128,12.8,dense_nvfp4,skip,,,K%32!=0
module_forward,m,1,1,8192,2,0,5,20,False,2.9.0+cu128,12.8,sparse_bf16,skip,,,"M%8!=0,K%64!=0"
module_forward,m,1,1,8192,2,0,5,20,False,2.9.0+cu128,12.8,sparse_nvfp4,skip,,,"M%32!=0,K%64!=0"
module_forward,m,1,1,8192,2,0,5,20,False,2.9.0+cu128,12.8,marlin_nvfp4,skip,,,K%128!=0
module_forward,m,1,1,8192,4,0,5,20,False,2.9.0+cu128,12.8,dense_bf16,pass,0.027520,0.002381,
module_forward,m,1,1,8192,4,0,5,20,False,2.9.0+cu128,12.8,dense_nvfp4,skip,,,K%32!=0
module_forward,m,1,1,8192,4,0,5,20,False,2.9.0+cu128,12.8,sparse_bf16,skip,,,"M%8!=0,K%64!=0"
module_forward,m,1,1,8192,4,0,5,20,False,2.9.0+cu128,12.8,sparse_nvfp4,skip,,,"M%32!=0,K%64!=0"
module_forward,m,1,1,8192,4,0,5,20,False,2.9.0+cu128,12.8,marlin_nvfp4,skip,,,K%128!=0
module_forward,m,1,1,8192,8,0,5,20,False,2.9.0+cu128,12.8,dense_bf16,pass,0.027341,0.004794,
module_forward,m,1,1,8192,8,0,5,20,False,2.9.0+cu128,12.8,dense_nvfp4,skip,,,K%32!=0
module_forward,m,1,1,8192,8,0,5,20,False,2.9.0+cu128,12.8,sparse_bf16,skip,,,"M%8!=0,K%64!=0"
module_forward,m,1,1,8192,8,0,5,20,False,2.9.0+cu128,12.8,sparse_nvfp4,skip,,,"M%32!=0,K%64!=0"
module_forward,m,1,1,8192,8,0,5,20,False,2.9.0+cu128,12.8,marlin_nvfp4,skip,,,K%128!=0
module_forward,m,1,1,8192,16,0,5,20,False,2.9.0+cu128,12.8,dense_bf16,pass,0.027530,0.009522,
module_forward,m,1,1,8192,16,0,5,20,False,2.9.0+cu128,12.8,dense_nvfp4,skip,,,K%32!=0
module_forward,m,1,1,8192,16,0,5,20,False,2.9.0+cu128,12.8,sparse_bf16,skip,,,"M%8!=0,K%64!=0"
module_forward,m,1,1,8192,16,0,5,20,False,2.9.0+cu128,12.8,sparse_nvfp4,skip,,,"M%32!=0,K%64!=0"
module_forward,m,1,1,8192,16,0,5,20,False,2.9.0+cu128,12.8,marlin_nvfp4,skip,,,K%128!=0
module_forward,m,1,1,8192,32,0,5,20,False,2.9.0+cu128,12.8,dense_bf16,pass,0.027389,0.019142,
module_forward,m,1,1,8192,32,0,5,20,False,2.9.0+cu128,12.8,dense_nvfp4,error,,,module output contains NaN/Inf
module_forward,m,1,1,8192,32,0,5,20,False,2.9.0+cu128,12.8,sparse_bf16,skip,,,"M%8!=0,K%64!=0"
module_forward,m,1,1,8192,32,0,5,20,False,2.9.0+cu128,12.8,sparse_nvfp4,skip,,,"M%32!=0,K%64!=0"
module_forward,m,1,1,8192,32,0,5,20,False,2.9.0+cu128,12.8,marlin_nvfp4,skip,,,K%128!=0
module_forward,m,1,1,8192,64,0,5,20,False,2.9.0+cu128,12.8,dense_bf16,pass,0.027870,0.037623,
module_forward,m,1,1,8192,64,0,5,20,False,2.9.0+cu128,12.8,dense_nvfp4,pass,0.146210,0.007172,
module_forward,m,1,1,8192,64,0,5,20,False,2.9.0+cu128,12.8,sparse_bf16,skip,,,M%8!=0
module_forward,m,1,1,8192,64,0,5,20,False,2.9.0+cu128,12.8,sparse_nvfp4,skip,,,M%32!=0
module_forward,m,1,1,8192,64,0,5,20,False,2.9.0+cu128,12.8,marlin_nvfp4,skip,,,K%128!=0
module_forward,m,1,1,8192,128,0,5,20,False,2.9.0+cu128,12.8,dense_bf16,pass,0.027461,0.076369,
module_forward,m,1,1,8192,128,0,5,20,False,2.9.0+cu128,12.8,dense_nvfp4,pass,0.143880,0.014576,
module_forward,m,1,1,8192,128,0,5,20,False,2.9.0+cu128,12.8,sparse_bf16,skip,,,M%8!=0
module_forward,m,1,1,8192,128,0,5,20,False,2.9.0+cu128,12.8,sparse_nvfp4,skip,,,M%32!=0
module_forward,m,1,1,8192,128,0,5,20,False,2.9.0+cu128,12.8,marlin_nvfp4,pass,0.048126,0.043576,
module_forward,m,1,1,8192,256,0,5,20,False,2.9.0+cu128,12.8,dense_bf16,pass,0.027938,0.150131,
module_forward,m,1,1,8192,256,0,5,20,False,2.9.0+cu128,12.8,dense_nvfp4,pass,0.144782,0.028970,
module_forward,m,1,1,8192,256,0,5,20,False,2.9.0+cu128,12.8,sparse_bf16,skip,,,M%8!=0
module_forward,m,1,1,8192,256,0,5,20,False,2.9.0+cu128,12.8,sparse_nvfp4,skip,,,M%32!=0
module_forward,m,1,1,8192,256,0,5,20,False,2.9.0+cu128,12.8,marlin_nvfp4,pass,0.048635,0.086240,
module_forward,m,1,1,8192,512,0,5,20,False,2.9.0+cu128,12.8,dense_bf16,pass,0.028050,0.299063,
module_forward,m,1,1,8192,512,0,5,20,False,2.9.0+cu128,12.8,dense_nvfp4,pass,0.145501,0.057653,
module_forward,m,1,1,8192,512,0,5,20,False,2.9.0+cu128,12.8,sparse_bf16,skip,,,M%8!=0
module_forward,m,1,1,8192,512,0,5,20,False,2.9.0+cu128,12.8,sparse_nvfp4,skip,,,M%32!=0
module_forward,m,1,1,8192,512,0,5,20,False,2.9.0+cu128,12.8,marlin_nvfp4,pass,0.048730,0.172146,
module_forward,m,1,1,8192,1024,0,5,20,False,2.9.0+cu128,12.8,dense_bf16,pass,0.027458,0.611023,
module_forward,m,1,1,8192,1024,0,5,20,False,2.9.0+cu128,12.8,dense_nvfp4,pass,0.144752,0.115903,
module_forward,m,1,1,8192,1024,0,5,20,False,2.9.0+cu128,12.8,sparse_bf16,skip,,,M%8!=0
module_forward,m,1,1,8192,1024,0,5,20,False,2.9.0+cu128,12.8,sparse_nvfp4,skip,,,M%32!=0
module_forward,m,1,1,8192,1024,0,5,20,False,2.9.0+cu128,12.8,marlin_nvfp4,pass,0.053870,0.311437,
module_forward,m,1,1,8192,2048,0,5,20,False,2.9.0+cu128,12.8,dense_bf16,pass,0.029766,1.127259,
module_forward,m,1,1,8192,2048,0,5,20,False,2.9.0+cu128,12.8,dense_nvfp4,pass,0.146163,0.229568,
module_forward,m,1,1,8192,2048,0,5,20,False,2.9.0+cu128,12.8,sparse_bf16,skip,,,M%8!=0
module_forward,m,1,1,8192,2048,0,5,20,False,2.9.0+cu128,12.8,sparse_nvfp4,skip,,,M%32!=0
module_forward,m,1,1,8192,2048,0,5,20,False,2.9.0+cu128,12.8,marlin_nvfp4,pass,0.049166,0.682467,
module_forward,m,1,1,8192,4096,0,5,20,False,2.9.0+cu128,12.8,dense_bf16,pass,0.035829,1.873042,
module_forward,m,1,1,8192,4096,0,5,20,False,2.9.0+cu128,12.8,dense_nvfp4,pass,0.149720,0.448229,
module_forward,m,1,1,8192,4096,0,5,20,False,2.9.0+cu128,12.8,sparse_bf16,skip,,,M%8!=0
module_forward,m,1,1,8192,4096,0,5,20,False,2.9.0+cu128,12.8,sparse_nvfp4,skip,,,M%32!=0
module_forward,m,1,1,8192,4096,0,5,20,False,2.9.0+cu128,12.8,marlin_nvfp4,pass,0.049694,1.350431,
module_forward,m,1,1,8192,8192,0,5,20,False,2.9.0+cu128,12.8,dense_bf16,pass,0.098586,1.361433,
module_forward,m,1,1,8192,8192,0,5,20,False,2.9.0+cu128,12.8,dense_nvfp4,pass,0.166328,0.806946,
module_forward,m,1,1,8192,8192,0,5,20,False,2.9.0+cu128,12.8,sparse_bf16,skip,,,M%8!=0
module_forward,m,1,1,8192,8192,0,5,20,False,2.9.0+cu128,12.8,sparse_nvfp4,skip,,,M%32!=0
module_forward,m,1,1,8192,8192,0,5,20,False,2.9.0+cu128,12.8,marlin_nvfp4,pass,0.049906,2.689432,
module_forward,m,1,1,8192,16384,0,5,20,False,2.9.0+cu128,12.8,dense_bf16,pass,0.180638,1.486038,
module_forward,m,1,1,8192,16384,0,5,20,False,2.9.0+cu128,12.8,dense_nvfp4,pass,0.203210,1.320978,
module_forward,m,1,1,8192,16384,0,5,20,False,2.9.0+cu128,12.8,sparse_bf16,skip,,,M%8!=0
module_forward,m,1,1,8192,16384,0,5,20,False,2.9.0+cu128,12.8,sparse_nvfp4,skip,,,M%32!=0
module_forward,m,1,1,8192,16384,0,5,20,False,2.9.0+cu128,12.8,marlin_nvfp4,pass,0.101043,2.656641,
module_forward,m,1,1,16384,1,0,5,20,False,2.9.0+cu128,12.8,dense_bf16,pass,0.027326,0.001199,
module_forward,m,1,1,16384,1,0,5,20,False,2.9.0+cu128,12.8,dense_nvfp4,skip,,,K%32!=0
module_forward,m,1,1,16384,1,0,5,20,False,2.9.0+cu128,12.8,sparse_bf16,skip,,,"M%8!=0,K%64!=0"
module_forward,m,1,1,16384,1,0,5,20,False,2.9.0+cu128,12.8,sparse_nvfp4,skip,,,"M%32!=0,K%64!=0"
module_forward,m,1,1,16384,1,0,5,20,False,2.9.0+cu128,12.8,marlin_nvfp4,skip,,,K%128!=0
module_forward,m,1,1,16384,2,0,5,20,False,2.9.0+cu128,12.8,dense_bf16,pass,0.027675,0.002368,
module_forward,m,1,1,16384,2,0,5,20,False,2.9.0+cu128,12.8,dense_nvfp4,skip,,,K%32!=0
module_forward,m,1,1,16384,2,0,5,20,False,2.9.0+cu128,12.8,sparse_bf16,skip,,,"M%8!=0,K%64!=0"
module_forward,m,1,1,16384,2,0,5,20,False,2.9.0+cu128,12.8,sparse_nvfp4,skip,,,"M%32!=0,K%64!=0"
module_forward,m,1,1,16384,2,0,5,20,False,2.9.0+cu128,12.8,marlin_nvfp4,skip,,,K%128!=0
module_forward,m,1,1,16384,4,0,5,20,False,2.9.0+cu128,12.8,dense_bf16,pass,0.027166,0.004825,
module_forward,m,1,1,16384,4,0,5,20,False,2.9.0+cu128,12.8,dense_nvfp4,skip,,,K%32!=0
module_forward,m,1,1,16384,4,0,5,20,False,2.9.0+cu128,12.8,sparse_bf16,skip,,,"M%8!=0,K%64!=0"
module_forward,m,1,1,16384,4,0,5,20,False,2.9.0+cu128,12.8,sparse_nvfp4,skip,,,"M%32!=0,K%64!=0"
module_forward,m,1,1,16384,4,0,5,20,False,2.9.0+cu128,12.8,marlin_nvfp4,skip,,,K%128!=0
module_forward,m,1,1,16384,8,0,5,20,False,2.9.0+cu128,12.8,dense_bf16,pass,0.027477,0.009541,
module_forward,m,1,1,16384,8,0,5,20,False,2.9.0+cu128,12.8,dense_nvfp4,skip,,,K%32!=0
module_forward,m,1,1,16384,8,0,5,20,False,2.9.0+cu128,12.8,sparse_bf16,skip,,,"M%8!=0,K%64!=0"
module_forward,m,1,1,16384,8,0,5,20,False,2.9.0+cu128,12.8,sparse_nvfp4,skip,,,"M%32!=0,K%64!=0"
module_forward,m,1,1,16384,8,0,5,20,False,2.9.0+cu128,12.8,marlin_nvfp4,skip,,,K%128!=0
module_forward,m,1,1,16384,16,0,5,20,False,2.9.0+cu128,12.8,dense_bf16,pass,0.027264,0.019230,
module_forward,m,1,1,16384,16,0,5,20,False,2.9.0+cu128,12.8,dense_nvfp4,skip,,,K%32!=0
module_forward,m,1,1,16384,16,0,5,20,False,2.9.0+cu128,12.8,sparse_bf16,skip,,,"M%8!=0,K%64!=0"
module_forward,m,1,1,16384,16,0,5,20,False,2.9.0+cu128,12.8,sparse_nvfp4,skip,,,"M%32!=0,K%64!=0"
module_forward,m,1,1,16384,16,0,5,20,False,2.9.0+cu128,12.8,marlin_nvfp4,skip,,,K%128!=0
module_forward,m,1,1,16384,32,0,5,20,False,2.9.0+cu128,12.8,dense_bf16,pass,0.027334,0.038361,
module_forward,m,1,1,16384,32,0,5,20,False,2.9.0+cu128,12.8,dense_nvfp4,error,,,module output contains NaN/Inf
module_forward,m,1,1,16384,32,0,5,20,False,2.9.0+cu128,12.8,sparse_bf16,skip,,,"M%8!=0,K%64!=0"
module_forward,m,1,1,16384,32,0,5,20,False,2.9.0+cu128,12.8,sparse_nvfp4,skip,,,"M%32!=0,K%64!=0"
module_forward,m,1,1,16384,32,0,5,20,False,2.9.0+cu128,12.8,marlin_nvfp4,skip,,,K%128!=0
module_forward,m,1,1,16384,64,0,5,20,False,2.9.0+cu128,12.8,dense_bf16,pass,0.027872,0.075242,
module_forward,m,1,1,16384,64,0,5,20,False,2.9.0+cu128,12.8,dense_nvfp4,pass,0.144331,0.014530,
module_forward,m,1,1,16384,64,0,5,20,False,2.9.0+cu128,12.8,sparse_bf16,skip,,,M%8!=0
module_forward,m,1,1,16384,64,0,5,20,False,2.9.0+cu128,12.8,sparse_nvfp4,skip,,,M%32!=0
module_forward,m,1,1,16384,64,0,5,20,False,2.9.0+cu128,12.8,marlin_nvfp4,skip,,,K%128!=0
module_forward,m,1,1,16384,128,0,5,20,False,2.9.0+cu128,12.8,dense_bf16,pass,0.028698,0.146155,
module_forward,m,1,1,16384,128,0,5,20,False,2.9.0+cu128,12.8,dense_nvfp4,pass,0.143544,0.029220,
module_forward,m,1,1,16384,128,0,5,20,False,2.9.0+cu128,12.8,sparse_bf16,skip,,,M%8!=0
module_forward,m,1,1,16384,128,0,5,20,False,2.9.0+cu128,12.8,sparse_nvfp4,skip,,,M%32!=0
module_forward,m,1,1,16384,128,0,5,20,False,2.9.0+cu128,12.8,marlin_nvfp4,pass,0.049138,0.085358,
module_forward,m,1,1,16384,256,0,5,20,False,2.9.0+cu128,12.8,dense_bf16,pass,0.027789,0.301870,
module_forward,m,1,1,16384,256,0,5,20,False,2.9.0+cu128,12.8,dense_nvfp4,pass,0.143803,0.058334,
module_forward,m,1,1,16384,256,0,5,20,False,2.9.0+cu128,12.8,sparse_bf16,skip,,,M%8!=0
module_forward,m,1,1,16384,256,0,5,20,False,2.9.0+cu128,12.8,sparse_nvfp4,skip,,,M%32!=0
module_forward,m,1,1,16384,256,0,5,20,False,2.9.0+cu128,12.8,marlin_nvfp4,pass,0.048363,0.173450,
module_forward,m,1,1,16384,512,0,5,20,False,2.9.0+cu128,12.8,dense_bf16,pass,0.027682,0.606078,
module_forward,m,1,1,16384,512,0,5,20,False,2.9.0+cu128,12.8,dense_nvfp4,pass,0.143947,0.116551,
module_forward,m,1,1,16384,512,0,5,20,False,2.9.0+cu128,12.8,sparse_bf16,skip,,,M%8!=0
module_forward,m,1,1,16384,512,0,5,20,False,2.9.0+cu128,12.8,sparse_nvfp4,skip,,,M%32!=0
module_forward,m,1,1,16384,512,0,5,20,False,2.9.0+cu128,12.8,marlin_nvfp4,pass,0.048941,0.342806,
module_forward,m,1,1,16384,1024,0,5,20,False,2.9.0+cu128,12.8,dense_bf16,pass,0.029368,1.142551,
module_forward,m,1,1,16384,1024,0,5,20,False,2.9.0+cu128,12.8,dense_nvfp4,pass,0.146248,0.229435,
module_forward,m,1,1,16384,1024,0,5,20,False,2.9.0+cu128,12.8,sparse_bf16,skip,,,M%8!=0
module_forward,m,1,1,16384,1024,0,5,20,False,2.9.0+cu128,12.8,sparse_nvfp4,skip,,,M%32!=0
module_forward,m,1,1,16384,1024,0,5,20,False,2.9.0+cu128,12.8,marlin_nvfp4,pass,0.048451,0.692541,
module_forward,m,1,1,16384,2048,0,5,20,False,2.9.0+cu128,12.8,dense_bf16,pass,0.039082,1.717147,
module_forward,m,1,1,16384,2048,0,5,20,False,2.9.0+cu128,12.8,dense_nvfp4,pass,0.149811,0.447956,
module_forward,m,1,1,16384,2048,0,5,20,False,2.9.0+cu128,12.8,sparse_bf16,skip,,,M%8!=0
module_forward,m,1,1,16384,2048,0,5,20,False,2.9.0+cu128,12.8,sparse_nvfp4,skip,,,M%32!=0
module_forward,m,1,1,16384,2048,0,5,20,False,2.9.0+cu128,12.8,marlin_nvfp4,pass,0.049205,1.363868,
module_forward,m,1,1,16384,4096,0,5,20,False,2.9.0+cu128,12.8,dense_bf16,pass,0.097346,1.378775,
module_forward,m,1,1,16384,4096,0,5,20,False,2.9.0+cu128,12.8,dense_nvfp4,pass,0.168043,0.798710,
module_forward,m,1,1,16384,4096,0,5,20,False,2.9.0+cu128,12.8,sparse_bf16,skip,,,M%8!=0
module_forward,m,1,1,16384,4096,0,5,20,False,2.9.0+cu128,12.8,sparse_nvfp4,skip,,,M%32!=0
module_forward,m,1,1,16384,4096,0,5,20,False,2.9.0+cu128,12.8,marlin_nvfp4,pass,0.048626,2.760228,
module_forward,m,1,1,16384,8192,0,5,20,False,2.9.0+cu128,12.8,dense_bf16,pass,0.176648,1.519607,
module_forward,m,1,1,16384,8192,0,5,20,False,2.9.0+cu128,12.8,dense_nvfp4,pass,0.206307,1.301144,
module_forward,m,1,1,16384,8192,0,5,20,False,2.9.0+cu128,12.8,sparse_bf16,skip,,,M%8!=0
module_forward,m,1,1,16384,8192,0,5,20,False,2.9.0+cu128,12.8,sparse_nvfp4,skip,,,M%32!=0
module_forward,m,1,1,16384,8192,0,5,20,False,2.9.0+cu128,12.8,marlin_nvfp4,pass,0.053091,5.056120,
module_forward,m,1,1,16384,16384,0,5,20,False,2.9.0+cu128,12.8,dense_bf16,pass,0.336029,1.597693,
module_forward,m,1,1,16384,16384,0,5,20,False,2.9.0+cu128,12.8,dense_nvfp4,pass,0.274472,1.956013,
module_forward,m,1,1,16384,16384,0,5,20,False,2.9.0+cu128,12.8,sparse_bf16,skip,,,M%8!=0
module_forward,m,1,1,16384,16384,0,5,20,False,2.9.0+cu128,12.8,sparse_nvfp4,skip,,,M%32!=0
module_forward,m,1,1,16384,16384,0,5,20,False,2.9.0+cu128,12.8,marlin_nvfp4,pass,0.127139,4.222702,
module_forward,m,16,16,1,1,0,5,20,False,2.9.0+cu128,12.8,dense_bf16,pass,0.027198,0.000001,
module_forward,m,16,16,1,1,0,5,20,False,2.9.0+cu128,12.8,dense_nvfp4,skip,,,"K%32!=0,N%32!=0"
module_forward,m,16,16,1,1,0,5,20,False,2.9.0+cu128,12.8,sparse_bf16,skip,,,"N%8!=0,K%64!=0"
module_forward,m,16,16,1,1,0,5,20,False,2.9.0+cu128,12.8,sparse_nvfp4,skip,,,"M%32!=0,K%64!=0"
module_forward,m,16,16,1,1,0,5,20,False,2.9.0+cu128,12.8,marlin_nvfp4,skip,,,"K%128!=0,N%64!=0"
module_forward,m,16,16,1,2,0,5,20,False,2.9.0+cu128,12.8,dense_bf16,pass,0.027053,0.000002,
module_forward,m,16,16,1,2,0,5,20,False,2.9.0+cu128,12.8,dense_nvfp4,skip,,,"K%32!=0,N%32!=0"
module_forward,m,16,16,1,2,0,5,20,False,2.9.0+cu128,12.8,sparse_bf16,skip,,,"N%8!=0,K%64!=0"
module_forward,m,16,16,1,2,0,5,20,False,2.9.0+cu128,12.8,sparse_nvfp4,skip,,,"M%32!=0,K%64!=0"
module_forward,m,16,16,1,2,0,5,20,False,2.9.0+cu128,12.8,marlin_nvfp4,skip,,,"K%128!=0,N%64!=0"
module_forward,m,16,16,1,4,0,5,20,False,2.9.0+cu128,12.8,dense_bf16,pass,0.027450,0.000005,
module_forward,m,16,16,1,4,0,5,20,False,2.9.0+cu128,12.8,dense_nvfp4,skip,,,"K%32!=0,N%32!=0"
module_forward,m,16,16,1,4,0,5,20,False,2.9.0+cu128,12.8,sparse_bf16,skip,,,"N%8!=0,K%64!=0"
module_forward,m,16,16,1,4,0,5,20,False,2.9.0+cu128,12.8,sparse_nvfp4,skip,,,"M%32!=0,K%64!=0"
module_forward,m,16,16,1,4,0,5,20,False,2.9.0+cu128,12.8,marlin_nvfp4,skip,,,"K%128!=0,N%64!=0"
module_forward,m,16,16,1,8,0,5,20,False,2.9.0+cu128,12.8,dense_bf16,pass,0.027091,0.000009,
module_forward,m,16,16,1,8,0,5,20,False,2.9.0+cu128,12.8,dense_nvfp4,skip,,,"K%32!=0,N%32!=0"
module_forward,m,16,16,1,8,0,5,20,False,2.9.0+cu128,12.8,sparse_bf16,skip,,,"N%8!=0,K%64!=0"
module_forward,m,16,16,1,8,0,5,20,False,2.9.0+cu128,12.8,sparse_nvfp4,skip,,,"M%32!=0,K%64!=0"
module_forward,m,16,16,1,8,0,5,20,False,2.9.0+cu128,12.8,marlin_nvfp4,skip,,,"K%128!=0,N%64!=0"
module_forward,m,16,16,1,16,0,5,20,False,2.9.0+cu128,12.8,dense_bf16,pass,0.024267,0.000021,
module_forward,m,16,16,1,16,0,5,20,False,2.9.0+cu128,12.8,dense_nvfp4,skip,,,"K%32!=0,N%32!=0"
module_forward,m,16,16,1,16,0,5,20,False,2.9.0+cu128,12.8,sparse_bf16,skip,,,"N%8!=0,K%64!=0"
module_forward,m,16,16,1,16,0,5,20,False,2.9.0+cu128,12.8,sparse_nvfp4,skip,,,"M%32!=0,K%64!=0"
module_forward,m,16,16,1,16,0,5,20,False,2.9.0+cu128,12.8,marlin_nvfp4,skip,,,"K%128!=0,N%64!=0"
module_forward,m,16,16,1,32,0,5,20,False,2.9.0+cu128,12.8,dense_bf16,pass,0.021547,0.000048,
module_forward,m,16,16,1,32,0,5,20,False,2.9.0+cu128,12.8,dense_nvfp4,skip,,,N%32!=0
module_forward,m,16,16,1,32,0,5,20,False,2.9.0+cu128,12.8,sparse_bf16,skip,,,"N%8!=0,K%64!=0"
module_forward,m,16,16,1,32,0,5,20,False,2.9.0+cu128,12.8,sparse_nvfp4,skip,,,"M%32!=0,K%64!=0"
module_forward,m,16,16,1,32,0,5,20,False,2.9.0+cu128,12.8,marlin_nvfp4,skip,,,"K%128!=0,N%64!=0"
module_forward,m,16,16,1,64,0,5,20,False,2.9.0+cu128,12.8,dense_bf16,pass,0.021462,0.000095,
module_forward,m,16,16,1,64,0,5,20,False,2.9.0+cu128,12.8,dense_nvfp4,skip,,,N%32!=0
module_forward,m,16,16,1,64,0,5,20,False,2.9.0+cu128,12.8,sparse_bf16,skip,,,N%8!=0
module_forward,m,16,16,1,64,0,5,20,False,2.9.0+cu128,12.8,sparse_nvfp4,skip,,,M%32!=0
module_forward,m,16,16,1,64,0,5,20,False,2.9.0+cu128,12.8,marlin_nvfp4,skip,,,"K%128!=0,N%64!=0"
module_forward,m,16,16,1,128,0,5,20,False,2.9.0+cu128,12.8,dense_bf16,pass,0.021259,0.000193,
module_forward,m,16,16,1,128,0,5,20,False,2.9.0+cu128,12.8,dense_nvfp4,skip,,,N%32!=0
module_forward,m,16,16,1,128,0,5,20,False,2.9.0+cu128,12.8,sparse_bf16,skip,,,N%8!=0
module_forward,m,16,16,1,128,0,5,20,False,2.9.0+cu128,12.8,sparse_nvfp4,skip,,,M%32!=0
module_forward,m,16,16,1,128,0,5,20,False,2.9.0+cu128,12.8,marlin_nvfp4,skip,,,N%64!=0
module_forward,m,16,16,1,256,0,5,20,False,2.9.0+cu128,12.8,dense_bf16,pass,0.021531,0.000380,
module_forward,m,16,16,1,256,0,5,20,False,2.9.0+cu128,12.8,dense_nvfp4,skip,,,N%32!=0
module_forward,m,16,16,1,256,0,5,20,False,2.9.0+cu128,12.8,sparse_bf16,skip,,,N%8!=0
module_forward,m,16,16,1,256,0,5,20,False,2.9.0+cu128,12.8,sparse_nvfp4,skip,,,M%32!=0
module_forward,m,16,16,1,256,0,5,20,False,2.9.0+cu128,12.8,marlin_nvfp4,skip,,,N%64!=0
module_forward,m,16,16,1,512,0,5,20,False,2.9.0+cu128,12.8,dense_bf16,pass,0.021438,0.000764,
module_forward,m,16,16,1,512,0,5,20,False,2.9.0+cu128,12.8,dense_nvfp4,skip,,,N%32!=0
module_forward,m,16,16,1,512,0,5,20,False,2.9.0+cu128,12.8,sparse_bf16,skip,,,N%8!=0
module_forward,m,16,16,1,512,0,5,20,False,2.9.0+cu128,12.8,sparse_nvfp4,skip,,,M%32!=0
module_forward,m,16,16,1,512,0,5,20,False,2.9.0+cu128,12.8,marlin_nvfp4,skip,,,N%64!=0
module_forward,m,16,16,1,1024,0,5,20,False,2.9.0+cu128,12.8,dense_bf16,pass,0.021923,0.001495,
module_forward,m,16,16,1,1024,0,5,20,False,2.9.0+cu128,12.8,dense_nvfp4,skip,,,N%32!=0
module_forward,m,16,16,1,1024,0,5,20,False,2.9.0+cu128,12.8,sparse_bf16,skip,,,N%8!=0
module_forward,m,16,16,1,1024,0,5,20,False,2.9.0+cu128,12.8,sparse_nvfp4,skip,,,M%32!=0
module_forward,m,16,16,1,1024,0,5,20,False,2.9.0+cu128,12.8,marlin_nvfp4,skip,,,N%64!=0
module_forward,m,16,16,1,2048,0,5,20,False,2.9.0+cu128,12.8,dense_bf16,pass,0.021890,0.002994,
module_forward,m,16,16,1,2048,0,5,20,False,2.9.0+cu128,12.8,dense_nvfp4,skip,,,N%32!=0
module_forward,m,16,16,1,2048,0,5,20,False,2.9.0+cu128,12.8,sparse_bf16,skip,,,N%8!=0
module_forward,m,16,16,1,2048,0,5,20,False,2.9.0+cu128,12.8,sparse_nvfp4,skip,,,M%32!=0
module_forward,m,16,16,1,2048,0,5,20,False,2.9.0+cu128,12.8,marlin_nvfp4,skip,,,N%64!=0
module_forward,m,16,16,1,4096,0,5,20,False,2.9.0+cu128,12.8,dense_bf16,pass,0.021459,0.006108,
module_forward,m,16,16,1,4096,0,5,20,False,2.9.0+cu128,12.8,dense_nvfp4,skip,,,N%32!=0
module_forward,m,16,16,1,4096,0,5,20,False,2.9.0+cu128,12.8,sparse_bf16,skip,,,N%8!=0
module_forward,m,16,16,1,4096,0,5,20,False,2.9.0+cu128,12.8,sparse_nvfp4,skip,,,M%32!=0
module_forward,m,16,16,1,4096,0,5,20,False,2.9.0+cu128,12.8,marlin_nvfp4,skip,,,N%64!=0
module_forward,m,16,16,1,8192,0,5,20,False,2.9.0+cu128,12.8,dense_bf16,pass,0.024131,0.010863,
module_forward,m,16,16,1,8192,0,5,20,False,2.9.0+cu128,12.8,dense_nvfp4,skip,,,N%32!=0
module_forward,m,16,16,1,8192,0,5,20,False,2.9.0+cu128,12.8,sparse_bf16,skip,,,N%8!=0
module_forward,m,16,16,1,8192,0,5,20,False,2.9.0+cu128,12.8,sparse_nvfp4,skip,,,M%32!=0
module_forward,m,16,16,1,8192,0,5,20,False,2.9.0+cu128,12.8,marlin_nvfp4,skip,,,N%64!=0
module_forward,m,16,16,1,16384,0,5,20,False,2.9.0+cu128,12.8,dense_bf16,pass,0.023909,0.021929,
module_forward,m,16,16,1,16384,0,5,20,False,2.9.0+cu128,12.8,dense_nvfp4,skip,,,N%32!=0
module_forward,m,16,16,1,16384,0,5,20,False,2.9.0+cu128,12.8,sparse_bf16,skip,,,N%8!=0
module_forward,m,16,16,1,16384,0,5,20,False,2.9.0+cu128,12.8,sparse_nvfp4,skip,,,M%32!=0
module_forward,m,16,16,1,16384,0,5,20,False,2.9.0+cu128,12.8,marlin_nvfp4,skip,,,N%64!=0
module_forward,m,16,16,2,1,0,5,20,False,2.9.0+cu128,12.8,dense_bf16,pass,0.021512,0.000003,
module_forward,m,16,16,2,1,0,5,20,False,2.9.0+cu128,12.8,dense_nvfp4,skip,,,"K%32!=0,N%32!=0"
module_forward,m,16,16,2,1,0,5,20,False,2.9.0+cu128,12.8,sparse_bf16,skip,,,"N%8!=0,K%64!=0"
module_forward,m,16,16,2,1,0,5,20,False,2.9.0+cu128,12.8,sparse_nvfp4,skip,,,"M%32!=0,K%64!=0"
module_forward,m,16,16,2,1,0,5,20,False,2.9.0+cu128,12.8,marlin_nvfp4,skip,,,"K%128!=0,N%64!=0"
module_forward,m,16,16,2,2,0,5,20,False,2.9.0+cu128,12.8,dense_bf16,pass,0.022032,0.000006,
module_forward,m,16,16,2,2,0,5,20,False,2.9.0+cu128,12.8,dense_nvfp4,skip,,,"K%32!=0,N%32!=0"
module_forward,m,16,16,2,2,0,5,20,False,2.9.0+cu128,12.8,sparse_bf16,skip,,,"N%8!=0,K%64!=0"
module_forward,m,16,16,2,2,0,5,20,False,2.9.0+cu128,12.8,sparse_nvfp4,skip,,,"M%32!=0,K%64!=0"
module_forward,m,16,16,2,2,0,5,20,False,2.9.0+cu128,12.8,marlin_nvfp4,skip,,,"K%128!=0,N%64!=0"
module_forward,m,16,16,2,4,0,5,20,False,2.9.0+cu128,12.8,dense_bf16,pass,0.021973,0.000012,
module_forward,m,16,16,2,4,0,5,20,False,2.9.0+cu128,12.8,dense_nvfp4,skip,,,"K%32!=0,N%32!=0"
module_forward,m,16,16,2,4,0,5,20,False,2.9.0+cu128,12.8,sparse_bf16,skip,,,"N%8!=0,K%64!=0"
module_forward,m,16,16,2,4,0,5,20,False,2.9.0+cu128,12.8,sparse_nvfp4,skip,,,"M%32!=0,K%64!=0"
module_forward,m,16,16,2,4,0,5,20,False,2.9.0+cu128,12.8,marlin_nvfp4,skip,,,"K%128!=0,N%64!=0"
module_forward,m,16,16,2,8,0,5,20,False,2.9.0+cu128,12.8,dense_bf16,pass,0.022166,0.000023,
module_forward,m,16,16,2,8,0,5,20,False,2.9.0+cu128,12.8,dense_nvfp4,skip,,,"K%32!=0,N%32!=0"
module_forward,m,16,16,2,8,0,5,20,False,2.9.0+cu128,12.8,sparse_bf16,skip,,,"N%8!=0,K%64!=0"
module_forward,m,16,16,2,8,0,5,20,False,2.9.0+cu128,12.8,sparse_nvfp4,skip,,,"M%32!=0,K%64!=0"
module_forward,m,16,16,2,8,0,5,20,False,2.9.0+cu128,12.8,marlin_nvfp4,skip,,,"K%128!=0,N%64!=0"
module_forward,m,16,16,2,16,0,5,20,False,2.9.0+cu128,12.8,dense_bf16,pass,0.022360,0.000046,
module_forward,m,16,16,2,16,0,5,20,False,2.9.0+cu128,12.8,dense_nvfp4,skip,,,"K%32!=0,N%32!=0"
module_forward,m,16,16,2,16,0,5,20,False,2.9.0+cu128,12.8,sparse_bf16,skip,,,"N%8!=0,K%64!=0"
module_forward,m,16,16,2,16,0,5,20,False,2.9.0+cu128,12.8,sparse_nvfp4,skip,,,"M%32!=0,K%64!=0"
module_forward,m,16,16,2,16,0,5,20,False,2.9.0+cu128,12.8,marlin_nvfp4,skip,,,"K%128!=0,N%64!=0"
module_forward,m,16,16,2,32,0,5,20,False,2.9.0+cu128,12.8,dense_bf16,pass,0.022242,0.000092,
module_forward,m,16,16,2,32,0,5,20,False,2.9.0+cu128,12.8,dense_nvfp4,skip,,,N%32!=0
module_forward,m,16,16,2,32,0,5,20,False,2.9.0+cu128,12.8,sparse_bf16,skip,,,"N%8!=0,K%64!=0"
module_forward,m,16,16,2,32,0,5,20,False,2.9.0+cu128,12.8,sparse_nvfp4,skip,,,"M%32!=0,K%64!=0"
module_forward,m,16,16,2,32,0,5,20,False,2.9.0+cu128,12.8,marlin_nvfp4,skip,,,"K%128!=0,N%64!=0"
module_forward,m,16,16,2,64,0,5,20,False,2.9.0+cu128,12.8,dense_bf16,pass,0.022010,0.000186,
module_forward,m,16,16,2,64,0,5,20,False,2.9.0+cu128,12.8,dense_nvfp4,skip,,,N%32!=0
module_forward,m,16,16,2,64,0,5,20,False,2.9.0+cu128,12.8,sparse_bf16,skip,,,N%8!=0
module_forward,m,16,16,2,64,0,5,20,False,2.9.0+cu128,12.8,sparse_nvfp4,skip,,,M%32!=0
module_forward,m,16,16,2,64,0,5,20,False,2.9.0+cu128,12.8,marlin_nvfp4,skip,,,"K%128!=0,N%64!=0"
module_forward,m,16,16,2,128,0,5,20,False,2.9.0+cu128,12.8,dense_bf16,pass,0.022477,0.000364,
module_forward,m,16,16,2,128,0,5,20,False,2.9.0+cu128,12.8,dense_nvfp4,skip,,,N%32!=0
module_forward,m,16,16,2,128,0,5,20,False,2.9.0+cu128,12.8,sparse_bf16,skip,,,N%8!=0
module_forward,m,16,16,2,128,0,5,20,False,2.9.0+cu128,12.8,sparse_nvfp4,skip,,,M%32!=0
module_forward,m,16,16,2,128,0,5,20,False,2.9.0+cu128,12.8,marlin_nvfp4,skip,,,N%64!=0
module_forward,m,16,16,2,256,0,5,20,False,2.9.0+cu128,12.8,dense_bf16,pass,0.022178,0.000739,
module_forward,m,16,16,2,256,0,5,20,False,2.9.0+cu128,12.8,dense_nvfp4,skip,,,N%32!=0
module_forward,m,16,16,2,256,0,5,20,False,2.9.0+cu128,12.8,sparse_bf16,skip,,,N%8!=0
module_forward,m,16,16,2,256,0,5,20,False,2.9.0+cu128,12.8,sparse_nvfp4,skip,,,M%32!=0
module_forward,m,16,16,2,256,0,5,20,False,2.9.0+cu128,12.8,marlin_nvfp4,skip,,,N%64!=0
module_forward,m,16,16,2,512,0,5,20,False,2.9.0+cu128,12.8,dense_bf16,pass,0.022126,0.001481,
module_forward,m,16,16,2,512,0,5,20,False,2.9.0+cu128,12.8,dense_nvfp4,skip,,,N%32!=0
module_forward,m,16,16,2,512,0,5,20,False,2.9.0+cu128,12.8,sparse_bf16,skip,,,N%8!=0
module_forward,m,16,16,2,512,0,5,20,False,2.9.0+cu128,12.8,sparse_nvfp4,skip,,,M%32!=0
module_forward,m,16,16,2,512,0,5,20,False,2.9.0+cu128,12.8,marlin_nvfp4,skip,,,N%64!=0
module_forward,m,16,16,2,1024,0,5,20,False,2.9.0+cu128,12.8,dense_bf16,pass,0.022502,0.002912,
module_forward,m,16,16,2,1024,0,5,20,False,2.9.0+cu128,12.8,dense_nvfp4,skip,,,N%32!=0
module_forward,m,16,16,2,1024,0,5,20,False,2.9.0+cu128,12.8,sparse_bf16,skip,,,N%8!=0
module_forward,m,16,16,2,1024,0,5,20,False,2.9.0+cu128,12.8,sparse_nvfp4,skip,,,M%32!=0
module_forward,m,16,16,2,1024,0,5,20,False,2.9.0+cu128,12.8,marlin_nvfp4,skip,,,N%64!=0
module_forward,m,16,16,2,2048,0,5,20,False,2.9.0+cu128,12.8,dense_bf16,pass,0.024971,0.005249,
module_forward,m,16,16,2,2048,0,5,20,False,2.9.0+cu128,12.8,dense_nvfp4,skip,,,N%32!=0
module_forward,m,16,16,2,2048,0,5,20,False,2.9.0+cu128,12.8,sparse_bf16,skip,,,N%8!=0
module_forward,m,16,16,2,2048,0,5,20,False,2.9.0+cu128,12.8,sparse_nvfp4,skip,,,M%32!=0
module_forward,m,16,16,2,2048,0,5,20,False,2.9.0+cu128,12.8,marlin_nvfp4,skip,,,N%64!=0
module_forward,m,16,16,2,4096,0,5,20,False,2.9.0+cu128,12.8,dense_bf16,pass,0.025227,0.010391,
module_forward,m,16,16,2,4096,0,5,20,False,2.9.0+cu128,12.8,dense_nvfp4,skip,,,N%32!=0
module_forward,m,16,16,2,4096,0,5,20,False,2.9.0+cu128,12.8,sparse_bf16,skip,,,N%8!=0
module_forward,m,16,16,2,4096,0,5,20,False,2.9.0+cu128,12.8,sparse_nvfp4,skip,,,M%32!=0
module_forward,m,16,16,2,4096,0,5,20,False,2.9.0+cu128,12.8,marlin_nvfp4,skip,,,N%64!=0
module_forward,m,16,16,2,8192,0,5,20,False,2.9.0+cu128,12.8,dense_bf16,pass,0.025240,0.020772,
module_forward,m,16,16,2,8192,0,5,20,False,2.9.0+cu128,12.8,dense_nvfp4,skip,,,N%32!=0
module_forward,m,16,16,2,8192,0,5,20,False,2.9.0+cu128,12.8,sparse_bf16,skip,,,N%8!=0
module_forward,m,16,16,2,8192,0,5,20,False,2.9.0+cu128,12.8,sparse_nvfp4,skip,,,M%32!=0
module_forward,m,16,16,2,8192,0,5,20,False,2.9.0+cu128,12.8,marlin_nvfp4,skip,,,N%64!=0
module_forward,m,16,16,2,16384,0,5,20,False,2.9.0+cu128,12.8,dense_bf16,pass,0.025214,0.041586,
module_forward,m,16,16,2,16384,0,5,20,False,2.9.0+cu128,12.8,dense_nvfp4,skip,,,N%32!=0
module_forward,m,16,16,2,16384,0,5,20,False,2.9.0+cu128,12.8,sparse_bf16,skip,,,N%8!=0
module_forward,m,16,16,2,16384,0,5,20,False,2.9.0+cu128,12.8,sparse_nvfp4,skip,,,M%32!=0
module_forward,m,16,16,2,16384,0,5,20,False,2.9.0+cu128,12.8,marlin_nvfp4,skip,,,N%64!=0
module_forward,m,16,16,4,1,0,5,20,False,2.9.0+cu128,12.8,dense_bf16,pass,0.021357,0.000006,
module_forward,m,16,16,4,1,0,5,20,False,2.9.0+cu128,12.8,dense_nvfp4,skip,,,"K%32!=0,N%32!=0"
module_forward,m,16,16,4,1,0,5,20,False,2.9.0+cu128,12.8,sparse_bf16,skip,,,"N%8!=0,K%64!=0"
module_forward,m,16,16,4,1,0,5,20,False,2.9.0+cu128,12.8,sparse_nvfp4,skip,,,"M%32!=0,K%64!=0"
module_forward,m,16,16,4,1,0,5,20,False,2.9.0+cu128,12.8,marlin_nvfp4,skip,,,"K%128!=0,N%64!=0"
module_forward,m,16,16,4,2,0,5,20,False,2.9.0+cu128,12.8,dense_bf16,pass,0.022339,0.000011,
module_forward,m,16,16,4,2,0,5,20,False,2.9.0+cu128,12.8,dense_nvfp4,skip,,,"K%32!=0,N%32!=0"
module_forward,m,16,16,4,2,0,5,20,False,2.9.0+cu128,12.8,sparse_bf16,skip,,,"N%8!=0,K%64!=0"
module_forward,m,16,16,4,2,0,5,20,False,2.9.0+cu128,12.8,sparse_nvfp4,skip,,,"M%32!=0,K%64!=0"
module_forward,m,16,16,4,2,0,5,20,False,2.9.0+cu128,12.8,marlin_nvfp4,skip,,,"K%128!=0,N%64!=0"
module_forward,m,16,16,4,4,0,5,20,False,2.9.0+cu128,12.8,dense_bf16,pass,0.022222,0.000023,
module_forward,m,16,16,4,4,0,5,20,False,2.9.0+cu128,12.8,dense_nvfp4,skip,,,"K%32!=0,N%32!=0"
module_forward,m,16,16,4,4,0,5,20,False,2.9.0+cu128,12.8,sparse_bf16,skip,,,"N%8!=0,K%64!=0"
module_forward,m,16,16,4,4,0,5,20,False,2.9.0+cu128,12.8,sparse_nvfp4,skip,,,"M%32!=0,K%64!=0"
module_forward,m,16,16,4,4,0,5,20,False,2.9.0+cu128,12.8,marlin_nvfp4,skip,,,"K%128!=0,N%64!=0"
module_forward,m,16,16,4,8,0,5,20,False,2.9.0+cu128,12.8,dense_bf16,pass,0.022466,0.000046,
module_forward,m,16,16,4,8,0,5,20,False,2.9.0+cu128,12.8,dense_nvfp4,skip,,,"K%32!=0,N%32!=0"
module_forward,m,16,16,4,8,0,5,20,False,2.9.0+cu128,12.8,sparse_bf16,skip,,,"N%8!=0,K%64!=0"
module_forward,m,16,16,4,8,0,5,20,False,2.9.0+cu128,12.8,sparse_nvfp4,skip,,,"M%32!=0,K%64!=0"
module_forward,m,16,16,4,8,0,5,20,False,2.9.0+cu128,12.8,marlin_nvfp4,skip,,,"K%128!=0,N%64!=0"
module_forward,m,16,16,4,16,0,5,20,False,2.9.0+cu128,12.8,dense_bf16,pass,0.022381,0.000092,
module_forward,m,16,16,4,16,0,5,20,False,2.9.0+cu128,12.8,dense_nvfp4,skip,,,"K%32!=0,N%32!=0"
module_forward,m,16,16,4,16,0,5,20,False,2.9.0+cu128,12.8,sparse_bf16,skip,,,"N%8!=0,K%64!=0"
module_forward,m,16,16,4,16,0,5,20,False,2.9.0+cu128,12.8,sparse_nvfp4,skip,,,"M%32!=0,K%64!=0"
module_forward,m,16,16,4,16,0,5,20,False,2.9.0+cu128,12.8,marlin_nvfp4,skip,,,"K%128!=0,N%64!=0"
module_forward,m,16,16,4,32,0,5,20,False,2.9.0+cu128,12.8,dense_bf16,pass,0.022298,0.000184,
module_forward,m,16,16,4,32,0,5,20,False,2.9.0+cu128,12.8,dense_nvfp4,skip,,,N%32!=0
module_forward,m,16,16,4,32,0,5,20,False,2.9.0+cu128,12.8,sparse_bf16,skip,,,"N%8!=0,K%64!=0"
module_forward,m,16,16,4,32,0,5,20,False,2.9.0+cu128,12.8,sparse_nvfp4,skip,,,"M%32!=0,K%64!=0"
module_forward,m,16,16,4,32,0,5,20,False,2.9.0+cu128,12.8,marlin_nvfp4,skip,,,"K%128!=0,N%64!=0"
module_forward,m,16,16,4,64,0,5,20,False,2.9.0+cu128,12.8,dense_bf16,pass,0.021856,0.000375,
module_forward,m,16,16,4,64,0,5,20,False,2.9.0+cu128,12.8,dense_nvfp4,skip,,,N%32!=0
module_forward,m,16,16,4,64,0,5,20,False,2.9.0+cu128,12.8,sparse_bf16,skip,,,N%8!=0
module_forward,m,16,16,4,64,0,5,20,False,2.9.0+cu128,12.8,sparse_nvfp4,skip,,,M%32!=0
module_forward,m,16,16,4,64,0,5,20,False,2.9.0+cu128,12.8,marlin_nvfp4,skip,,,"K%128!=0,N%64!=0"
module_forward,m,16,16,4,128,0,5,20,False,2.9.0+cu128,12.8,dense_bf16,pass,0.022488,0.000729,
module_forward,m,16,16,4,128,0,5,20,False,2.9.0+cu128,12.8,dense_nvfp4,skip,,,N%32!=0
module_forward,m,16,16,4,128,0,5,20,False,2.9.0+cu128,12.8,sparse_bf16,skip,,,N%8!=0
module_forward,m,16,16,4,128,0,5,20,False,2.9.0+cu128,12.8,sparse_nvfp4,skip,,,M%32!=0
module_forward,m,16,16,4,128,0,5,20,False,2.9.0+cu128,12.8,marlin_nvfp4,skip,,,N%64!=0
module_forward,m,16,16,4,256,0,5,20,False,2.9.0+cu128,12.8,dense_bf16,pass,0.022088,0.001484,
module_forward,m,16,16,4,256,0,5,20,False,2.9.0+cu128,12.8,dense_nvfp4,skip,,,N%32!=0
module_forward,m,16,16,4,256,0,5,20,False,2.9.0+cu128,12.8,sparse_bf16,skip,,,N%8!=0
module_forward,m,16,16,4,256,0,5,20,False,2.9.0+cu128,12.8,sparse_nvfp4,skip,,,M%32!=0
module_forward,m,16,16,4,256,0,5,20,False,2.9.0+cu128,12.8,marlin_nvfp4,skip,,,N%64!=0
module_forward,m,16,16,4,512,0,5,20,False,2.9.0+cu128,12.8,dense_bf16,pass,0.022378,0.002929,
module_forward,m,16,16,4,512,0,5,20,False,2.9.0+cu128,12.8,dense_nvfp4,skip,,,N%32!=0
module_forward,m,16,16,4,512,0,5,20,False,2.9.0+cu128,12.8,sparse_bf16,skip,,,N%8!=0
module_forward,m,16,16,4,512,0,5,20,False,2.9.0+cu128,12.8,sparse_nvfp4,skip,,,M%32!=0
module_forward,m,16,16,4,512,0,5,20,False,2.9.0+cu128,12.8,marlin_nvfp4,skip,,,N%64!=0
module_forward,m,16,16,4,1024,0,5,20,False,2.9.0+cu128,12.8,dense_bf16,pass,0.022355,0.005863,
module_forward,m,16,16,4,1024,0,5,20,False,2.9.0+cu128,12.8,dense_nvfp4,skip,,,N%32!=0
module_forward,m,16,16,4,1024,0,5,20,False,2.9.0+cu128,12.8,sparse_bf16,skip,,,N%8!=0
module_forward,m,16,16,4,1024,0,5,20,False,2.9.0+cu128,12.8,sparse_nvfp4,skip,,,M%32!=0
module_forward,m,16,16,4,1024,0,5,20,False,2.9.0+cu128,12.8,marlin_nvfp4,skip,,,N%64!=0
module_forward,m,16,16,4,2048,0,5,20,False,2.9.0+cu128,12.8,dense_bf16,pass,0.025366,0.010334,
module_forward,m,16,16,4,2048,0,5,20,False,2.9.0+cu128,12.8,dense_nvfp4,skip,,,N%32!=0
module_forward,m,16,16,4,2048,0,5,20,False,2.9.0+cu128,12.8,sparse_bf16,skip,,,N%8!=0
module_forward,m,16,16,4,2048,0,5,20,False,2.9.0+cu128,12.8,sparse_nvfp4,skip,,,M%32!=0
module_forward,m,16,16,4,2048,0,5,20,False,2.9.0+cu128,12.8,marlin_nvfp4,skip,,,N%64!=0
module_forward,m,16,16,4,4096,0,5,20,False,2.9.0+cu128,12.8,dense_bf16,pass,0.024866,0.021085,
module_forward,m,16,16,4,4096,0,5,20,False,2.9.0+cu128,12.8,dense_nvfp4,skip,,,N%32!=0
module_forward,m,16,16,4,4096,0,5,20,False,2.9.0+cu128,12.8,sparse_bf16,skip,,,N%8!=0
module_forward,m,16,16,4,4096,0,5,20,False,2.9.0+cu128,12.8,sparse_nvfp4,skip,,,M%32!=0
module_forward,m,16,16,4,4096,0,5,20,False,2.9.0+cu128,12.8,marlin_nvfp4,skip,,,N%64!=0
module_forward,m,16,16,4,8192,0,5,20,False,2.9.0+cu128,12.8,dense_bf16,pass,0.025474,0.041163,
module_forward,m,16,16,4,8192,0,5,20,False,2.9.0+cu128,12.8,dense_nvfp4,skip,,,N%32!=0
module_forward,m,16,16,4,8192,0,5,20,False,2.9.0+cu128,12.8,sparse_bf16,skip,,,N%8!=0
module_forward,m,16,16,4,8192,0,5,20,False,2.9.0+cu128,12.8,sparse_nvfp4,skip,,,M%32!=0
module_forward,m,16,16,4,8192,0,5,20,False,2.9.0+cu128,12.8,marlin_nvfp4,skip,,,N%64!=0
module_forward,m,16,16,4,16384,0,5,20,False,2.9.0+cu128,12.8,dense_bf16,pass,0.024979,0.083956,
module_forward,m,16,16,4,16384,0,5,20,False,2.9.0+cu128,12.8,dense_nvfp4,skip,,,N%32!=0
module_forward,m,16,16,4,16384,0,5,20,False,2.9.0+cu128,12.8,sparse_bf16,skip,,,N%8!=0
module_forward,m,16,16,4,16384,0,5,20,False,2.9.0+cu128,12.8,sparse_nvfp4,skip,,,M%32!=0
module_forward,m,16,16,4,16384,0,5,20,False,2.9.0+cu128,12.8,marlin_nvfp4,skip,,,N%64!=0
module_forward,m,16,16,8,1,0,5,20,False,2.9.0+cu128,12.8,dense_bf16,pass,0.021614,0.000012,
module_forward,m,16,16,8,1,0,5,20,False,2.9.0+cu128,12.8,dense_nvfp4,skip,,,"K%32!=0,N%32!=0"
module_forward,m,16,16,8,1,0,5,20,False,2.9.0+cu128,12.8,sparse_bf16,skip,,,K%64!=0
module_forward,m,16,16,8,1,0,5,20,False,2.9.0+cu128,12.8,sparse_nvfp4,skip,,,"M%32!=0,K%64!=0"
module_forward,m,16,16,8,1,0,5,20,False,2.9.0+cu128,12.8,marlin_nvfp4,skip,,,"K%128!=0,N%64!=0"
module_forward,m,16,16,8,2,0,5,20,False,2.9.0+cu128,12.8,dense_bf16,pass,0.022406,0.000023,
module_forward,m,16,16,8,2,0,5,20,False,2.9.0+cu128,12.8,dense_nvfp4,skip,,,"K%32!=0,N%32!=0"
module_forward,m,16,16,8,2,0,5,20,False,2.9.0+cu128,12.8,sparse_bf16,skip,,,K%64!=0
module_forward,m,16,16,8,2,0,5,20,False,2.9.0+cu128,12.8,sparse_nvfp4,skip,,,"M%32!=0,K%64!=0"
module_forward,m,16,16,8,2,0,5,20,False,2.9.0+cu128,12.8,marlin_nvfp4,skip,,,"K%128!=0,N%64!=0"
module_forward,m,16,16,8,4,0,5,20,False,2.9.0+cu128,12.8,dense_bf16,pass,0.022056,0.000046,
module_forward,m,16,16,8,4,0,5,20,False,2.9.0+cu128,12.8,dense_nvfp4,skip,,,"K%32!=0,N%32!=0"
module_forward,m,16,16,8,4,0,5,20,False,2.9.0+cu128,12.8,sparse_bf16,skip,,,K%64!=0
module_forward,m,16,16,8,4,0,5,20,False,2.9.0+cu128,12.8,sparse_nvfp4,skip,,,"M%32!=0,K%64!=0"
module_forward,m,16,16,8,4,0,5,20,False,2.9.0+cu128,12.8,marlin_nvfp4,skip,,,"K%128!=0,N%64!=0"
module_forward,m,16,16,8,8,0,5,20,False,2.9.0+cu128,12.8,dense_bf16,pass,0.022432,0.000091,
module_forward,m,16,16,8,8,0,5,20,False,2.9.0+cu128,12.8,dense_nvfp4,skip,,,"K%32!=0,N%32!=0"
module_forward,m,16,16,8,8,0,5,20,False,2.9.0+cu128,12.8,sparse_bf16,skip,,,K%64!=0
module_forward,m,16,16,8,8,0,5,20,False,2.9.0+cu128,12.8,sparse_nvfp4,skip,,,"M%32!=0,K%64!=0"
module_forward,m,16,16,8,8,0,5,20,False,2.9.0+cu128,12.8,marlin_nvfp4,skip,,,"K%128!=0,N%64!=0"
module_forward,m,16,16,8,16,0,5,20,False,2.9.0+cu128,12.8,dense_bf16,pass,0.022240,0.000184,
module_forward,m,16,16,8,16,0,5,20,False,2.9.0+cu128,12.8,dense_nvfp4,skip,,,"K%32!=0,N%32!=0"
module_forward,m,16,16,8,16,0,5,20,False,2.9.0+cu128,12.8,sparse_bf16,skip,,,K%64!=0
module_forward,m,16,16,8,16,0,5,20,False,2.9.0+cu128,12.8,sparse_nvfp4,skip,,,"M%32!=0,K%64!=0"
module_forward,m,16,16,8,16,0,5,20,False,2.9.0+cu128,12.8,marlin_nvfp4,skip,,,"K%128!=0,N%64!=0"
module_forward,m,16,16,8,32,0,5,20,False,2.9.0+cu128,12.8,dense_bf16,pass,0.022189,0.000369,
module_forward,m,16,16,8,32,0,5,20,False,2.9.0+cu128,12.8,dense_nvfp4,skip,,,N%32!=0
module_forward,m,16,16,8,32,0,5,20,False,2.9.0+cu128,12.8,sparse_bf16,skip,,,K%64!=0
module_forward,m,16,16,8,32,0,5,20,False,2.9.0+cu128,12.8,sparse_nvfp4,skip,,,"M%32!=0,K%64!=0"
module_forward,m,16,16,8,32,0,5,20,False,2.9.0+cu128,12.8,marlin_nvfp4,skip,,,"K%128!=0,N%64!=0"
module_forward,m,16,16,8,64,0,5,20,False,2.9.0+cu128,12.8,dense_bf16,pass,0.022555,0.000726,
module_forward,m,16,16,8,64,0,5,20,False,2.9.0+cu128,12.8,dense_nvfp4,skip,,,N%32!=0
module_forward,m,16,16,8,64,0,5,20,False,2.9.0+cu128,12.8,sparse_bf16,skip,,,cuSPARSELt unsupported shape
module_forward,m,16,16,8,64,0,5,20,False,2.9.0+cu128,12.8,sparse_nvfp4,skip,,,M%32!=0
module_forward,m,16,16,8,64,0,5,20,False,2.9.0+cu128,12.8,marlin_nvfp4,skip,,,"K%128!=0,N%64!=0"
module_forward,m,16,16,8,128,0,5,20,False,2.9.0+cu128,12.8,dense_bf16,pass,0.022032,0.001487,
module_forward,m,16,16,8,128,0,5,20,False,2.9.0+cu128,12.8,dense_nvfp4,skip,,,N%32!=0
module_forward,m,16,16,8,128,0,5,20,False,2.9.0+cu128,12.8,sparse_bf16,skip,,,cuSPARSELt unsupported shape
module_forward,m,16,16,8,128,0,5,20,False,2.9.0+cu128,12.8,sparse_nvfp4,skip,,,M%32!=0
module_forward,m,16,16,8,128,0,5,20,False,2.9.0+cu128,12.8,marlin_nvfp4,skip,,,N%64!=0
module_forward,m,16,16,8,256,0,5,20,False,2.9.0+cu128,12.8,dense_bf16,pass,0.022210,0.002951,
module_forward,m,16,16,8,256,0,5,20,False,2.9.0+cu128,12.8,dense_nvfp4,skip,,,N%32!=0
module_forward,m,16,16,8,256,0,5,20,False,2.9.0+cu128,12.8,sparse_bf16,skip,,,cuSPARSELt unsupported shape
module_forward,m,16,16,8,256,0,5,20,False,2.9.0+cu128,12.8,sparse_nvfp4,skip,,,M%32!=0
module_forward,m,16,16,8,256,0,5,20,False,2.9.0+cu128,12.8,marlin_nvfp4,skip,,,N%64!=0
module_forward,m,16,16,8,512,0,5,20,False,2.9.0+cu128,12.8,dense_bf16,pass,0.022506,0.005824,
module_forward,m,16,16,8,512,0,5,20,False,2.9.0+cu128,12.8,dense_nvfp4,skip,,,N%32!=0
module_forward,m,16,16,8,512,0,5,20,False,2.9.0+cu128,12.8,sparse_bf16,skip,,,cuSPARSELt unsupported shape
module_forward,m,16,16,8,512,0,5,20,False,2.9.0+cu128,12.8,sparse_nvfp4,skip,,,M%32!=0
module_forward,m,16,16,8,512,0,5,20,False,2.9.0+cu128,12.8,marlin_nvfp4,skip,,,N%64!=0
module_forward,m,16,16,8,1024,0,5,20,False,2.9.0+cu128,12.8,dense_bf16,pass,0.022470,0.011666,
module_forward,m,16,16,8,1024,0,5,20,False,2.9.0+cu128,12.8,dense_nvfp4,skip,,,N%32!=0
module_forward,m,16,16,8,1024,0,5,20,False,2.9.0+cu128,12.8,sparse_bf16,skip,,,cuSPARSELt unsupported shape
module_forward,m,16,16,8,1024,0,5,20,False,2.9.0+cu128,12.8,sparse_nvfp4,skip,,,M%32!=0
module_forward,m,16,16,8,1024,0,5,20,False,2.9.0+cu128,12.8,marlin_nvfp4,skip,,,N%64!=0
module_forward,m,16,16,8,2048,0,5,20,False,2.9.0+cu128,12.8,dense_bf16,pass,0.022738,0.023058,
module_forward,m,16,16,8,2048,0,5,20,False,2.9.0+cu128,12.8,dense_nvfp4,skip,,,N%32!=0
module_forward,m,16,16,8,2048,0,5,20,False,2.9.0+cu128,12.8,sparse_bf16,skip,,,cuSPARSELt unsupported shape
module_forward,m,16,16,8,2048,0,5,20,False,2.9.0+cu128,12.8,sparse_nvfp4,skip,,,M%32!=0
module_forward,m,16,16,8,2048,0,5,20,False,2.9.0+cu128,12.8,marlin_nvfp4,skip,,,N%64!=0
module_forward,m,16,16,8,4096,0,5,20,False,2.9.0+cu128,12.8,dense_bf16,pass,0.029936,0.035027,
module_forward,m,16,16,8,4096,0,5,20,False,2.9.0+cu128,12.8,dense_nvfp4,skip,,,N%32!=0
module_forward,m,16,16,8,4096,0,5,20,False,2.9.0+cu128,12.8,sparse_bf16,skip,,,cuSPARSELt unsupported shape
module_forward,m,16,16,8,4096,0,5,20,False,2.9.0+cu128,12.8,sparse_nvfp4,skip,,,M%32!=0
module_forward,m,16,16,8,4096,0,5,20,False,2.9.0+cu128,12.8,marlin_nvfp4,skip,,,N%64!=0
module_forward,m,16,16,8,8192,0,5,20,False,2.9.0+cu128,12.8,dense_bf16,pass,0.044976,0.046628,
module_forward,m,16,16,8,8192,0,5,20,False,2.9.0+cu128,12.8,dense_nvfp4,skip,,,N%32!=0
module_forward,m,16,16,8,8192,0,5,20,False,2.9.0+cu128,12.8,sparse_bf16,skip,,,cuSPARSELt unsupported shape
module_forward,m,16,16,8,8192,0,5,20,False,2.9.0+cu128,12.8,sparse_nvfp4,skip,,,M%32!=0
module_forward,m,16,16,8,8192,0,5,20,False,2.9.0+cu128,12.8,marlin_nvfp4,skip,,,N%64!=0
module_forward,m,16,16,8,16384,0,5,20,False,2.9.0+cu128,12.8,dense_bf16,pass,0.024997,0.167794,
module_forward,m,16,16,8,16384,0,5,20,False,2.9.0+cu128,12.8,dense_nvfp4,skip,,,N%32!=0
module_forward,m,16,16,8,16384,0,5,20,False,2.9.0+cu128,12.8,sparse_bf16,skip,,,cuSPARSELt unsupported shape
module_forward,m,16,16,8,16384,0,5,20,False,2.9.0+cu128,12.8,sparse_nvfp4,skip,,,M%32!=0
module_forward,m,16,16,8,16384,0,5,20,False,2.9.0+cu128,12.8,marlin_nvfp4,skip,,,N%64!=0
module_forward,m,16,16,16,1,0,5,20,False,2.9.0+cu128,12.8,dense_bf16,pass,0.021435,0.000024,
module_forward,m,16,16,16,1,0,5,20,False,2.9.0+cu128,12.8,dense_nvfp4,skip,,,"K%32!=0,N%32!=0"
module_forward,m,16,16,16,1,0,5,20,False,2.9.0+cu128,12.8,sparse_bf16,skip,,,K%64!=0
module_forward,m,16,16,16,1,0,5,20,False,2.9.0+cu128,12.8,sparse_nvfp4,skip,,,"M%32!=0,K%64!=0"
module_forward,m,16,16,16,1,0,5,20,False,2.9.0+cu128,12.8,marlin_nvfp4,skip,,,"K%128!=0,N%64!=0"
module_forward,m,16,16,16,2,0,5,20,False,2.9.0+cu128,12.8,dense_bf16,pass,0.022408,0.000046,
module_forward,m,16,16,16,2,0,5,20,False,2.9.0+cu128,12.8,dense_nvfp4,skip,,,"K%32!=0,N%32!=0"
module_forward,m,16,16,16,2,0,5,20,False,2.9.0+cu128,12.8,sparse_bf16,skip,,,K%64!=0
module_forward,m,16,16,16,2,0,5,20,False,2.9.0+cu128,12.8,sparse_nvfp4,skip,,,"M%32!=0,K%64!=0"
module_forward,m,16,16,16,2,0,5,20,False,2.9.0+cu128,12.8,marlin_nvfp4,skip,,,"K%128!=0,N%64!=0"
module_forward,m,16,16,16,4,0,5,20,False,2.9.0+cu128,12.8,dense_bf16,pass,0.022330,0.000092,
module_forward,m,16,16,16,4,0,5,20,False,2.9.0+cu128,12.8,dense_nvfp4,skip,,,"K%32!=0,N%32!=0"
module_forward,m,16,16,16,4,0,5,20,False,2.9.0+cu128,12.8,sparse_bf16,skip,,,K%64!=0
module_forward,m,16,16,16,4,0,5,20,False,2.9.0+cu128,12.8,sparse_nvfp4,skip,,,"M%32!=0,K%64!=0"
module_forward,m,16,16,16,4,0,5,20,False,2.9.0+cu128,12.8,marlin_nvfp4,skip,,,"K%128!=0,N%64!=0"
module_forward,m,16,16,16,8,0,5,20,False,2.9.0+cu128,12.8,dense_bf16,pass,0.022192,0.000185,
module_forward,m,16,16,16,8,0,5,20,False,2.9.0+cu128,12.8,dense_nvfp4,skip,,,"K%32!=0,N%32!=0"
module_forward,m,16,16,16,8,0,5,20,False,2.9.0+cu128,12.8,sparse_bf16,skip,,,K%64!=0
module_forward,m,16,16,16,8,0,5,20,False,2.9.0+cu128,12.8,sparse_nvfp4,skip,,,"M%32!=0,K%64!=0"
module_forward,m,16,16,16,8,0,5,20,False,2.9.0+cu128,12.8,marlin_nvfp4,skip,,,"K%128!=0,N%64!=0"
module_forward,m,16,16,16,16,0,5,20,False,2.9.0+cu128,12.8,dense_bf16,pass,0.021870,0.000375,
module_forward,m,16,16,16,16,0,5,20,False,2.9.0+cu128,12.8,dense_nvfp4,skip,,,"K%32!=0,N%32!=0"
module_forward,m,16,16,16,16,0,5,20,False,2.9.0+cu128,12.8,sparse_bf16,skip,,,K%64!=0
module_forward,m,16,16,16,16,0,5,20,False,2.9.0+cu128,12.8,sparse_nvfp4,skip,,,"M%32!=0,K%64!=0"
module_forward,m,16,16,16,16,0,5,20,False,2.9.0+cu128,12.8,marlin_nvfp4,skip,,,"K%128!=0,N%64!=0"
module_forward,m,16,16,16,32,0,5,20,False,2.9.0+cu128,12.8,dense_bf16,pass,0.022218,0.000737,
module_forward,m,16,16,16,32,0,5,20,False,2.9.0+cu128,12.8,dense_nvfp4,skip,,,N%32!=0
module_forward,m,16,16,16,32,0,5,20,False,2.9.0+cu128,12.8,sparse_bf16,skip,,,K%64!=0
module_forward,m,16,16,16,32,0,5,20,False,2.9.0+cu128,12.8,sparse_nvfp4,skip,,,"M%32!=0,K%64!=0"
module_forward,m,16,16,16,32,0,5,20,False,2.9.0+cu128,12.8,marlin_nvfp4,skip,,,"K%128!=0,N%64!=0"
module_forward,m,16,16,16,64,0,5,20,False,2.9.0+cu128,12.8,dense_bf16,pass,0.022872,0.001433,
module_forward,m,16,16,16,64,0,5,20,False,2.9.0+cu128,12.8,dense_nvfp4,skip,,,N%32!=0
module_forward,m,16,16,16,64,0,5,20,False,2.9.0+cu128,12.8,sparse_bf16,pass,0.107936,0.000304,
module_forward,m,16,16,16,64,0,5,20,False,2.9.0+cu128,12.8,sparse_nvfp4,skip,,,M%32!=0
module_forward,m,16,16,16,64,0,5,20,False,2.9.0+cu128,12.8,marlin_nvfp4,skip,,,"K%128!=0,N%64!=0"
module_forward,m,16,16,16,128,0,5,20,False,2.9.0+cu128,12.8,dense_bf16,pass,0.032818,0.001997,
module_forward,m,16,16,16,128,0,5,20,False,2.9.0+cu128,12.8,dense_nvfp4,skip,,,N%32!=0
module_forward,m,16,16,16,128,0,5,20,False,2.9.0+cu128,12.8,sparse_bf16,pass,0.033226,0.001972,
module_forward,m,16,16,16,128,0,5,20,False,2.9.0+cu128,12.8,sparse_nvfp4,skip,,,M%32!=0
module_forward,m,16,16,16,128,0,5,20,False,2.9.0+cu128,12.8,marlin_nvfp4,skip,,,N%64!=0
module_forward,m,16,16,16,256,0,5,20,False,2.9.0+cu128,12.8,dense_bf16,pass,0.024274,0.005400,
module_forward,m,16,16,16,256,0,5,20,False,2.9.0+cu128,12.8,dense_nvfp4,skip,,,N%32!=0
module_forward,m,16,16,16,256,0,5,20,False,2.9.0+cu128,12.8,sparse_bf16,pass,0.032757,0.004001,
module_forward,m,16,16,16,256,0,5,20,False,2.9.0+cu128,12.8,sparse_nvfp4,skip,,,M%32!=0
module_forward,m,16,16,16,256,0,5,20,False,2.9.0+cu128,12.8,marlin_nvfp4,skip,,,N%64!=0
module_forward,m,16,16,16,512,0,5,20,False,2.9.0+cu128,12.8,dense_bf16,pass,0.022138,0.011842,
module_forward,m,16,16,16,512,0,5,20,False,2.9.0+cu128,12.8,dense_nvfp4,skip,,,N%32!=0
module_forward,m,16,16,16,512,0,5,20,False,2.9.0+cu128,12.8,sparse_bf16,pass,0.033203,0.007895,
module_forward,m,16,16,16,512,0,5,20,False,2.9.0+cu128,12.8,sparse_nvfp4,skip,,,M%32!=0
module_forward,m,16,16,16,512,0,5,20,False,2.9.0+cu128,12.8,marlin_nvfp4,skip,,,N%64!=0
module_forward,m,16,16,16,1024,0,5,20,False,2.9.0+cu128,12.8,dense_bf16,pass,0.022147,0.023673,
module_forward,m,16,16,16,1024,0,5,20,False,2.9.0+cu128,12.8,dense_nvfp4,skip,,,N%32!=0
module_forward,m,16,16,16,1024,0,5,20,False,2.9.0+cu128,12.8,sparse_bf16,pass,0.036712,0.014281,
module_forward,m,16,16,16,1024,0,5,20,False,2.9.0+cu128,12.8,sparse_nvfp4,skip,,,M%32!=0
module_forward,m,16,16,16,1024,0,5,20,False,2.9.0+cu128,12.8,marlin_nvfp4,skip,,,N%64!=0
module_forward,m,16,16,16,2048,0,5,20,False,2.9.0+cu128,12.8,dense_bf16,pass,0.022566,0.046466,
module_forward,m,16,16,16,2048,0,5,20,False,2.9.0+cu128,12.8,dense_nvfp4,skip,,,N%32!=0
module_forward,m,16,16,16,2048,0,5,20,False,2.9.0+cu128,12.8,sparse_bf16,pass,0.047787,0.021943,
module_forward,m,16,16,16,2048,0,5,20,False,2.9.0+cu128,12.8,sparse_nvfp4,skip,,,M%32!=0
module_forward,m,16,16,16,2048,0,5,20,False,2.9.0+cu128,12.8,marlin_nvfp4,skip,,,N%64!=0
module_forward,m,16,16,16,4096,0,5,20,False,2.9.0+cu128,12.8,dense_bf16,pass,0.030658,0.068406,
module_forward,m,16,16,16,4096,0,5,20,False,2.9.0+cu128,12.8,dense_nvfp4,skip,,,N%32!=0
module_forward,m,16,16,16,4096,0,5,20,False,2.9.0+cu128,12.8,sparse_bf16,pass,0.070698,0.029664,
module_forward,m,16,16,16,4096,0,5,20,False,2.9.0+cu128,12.8,sparse_nvfp4,skip,,,M%32!=0
module_forward,m,16,16,16,4096,0,5,20,False,2.9.0+cu128,12.8,marlin_nvfp4,skip,,,N%64!=0
module_forward,m,16,16,16,8192,0,5,20,False,2.9.0+cu128,12.8,dense_bf16,pass,0.025147,0.166790,
module_forward,m,16,16,16,8192,0,5,20,False,2.9.0+cu128,12.8,dense_nvfp4,skip,,,N%32!=0
module_forward,m,16,16,16,8192,0,5,20,False,2.9.0+cu128,12.8,sparse_bf16,pass,0.116501,0.036002,
module_forward,m,16,16,16,8192,0,5,20,False,2.9.0+cu128,12.8,sparse_nvfp4,skip,,,M%32!=0
module_forward,m,16,16,16,8192,0,5,20,False,2.9.0+cu128,12.8,marlin_nvfp4,skip,,,N%64!=0
module_forward,m,16,16,16,16384,0,5,20,False,2.9.0+cu128,12.8,dense_bf16,pass,0.025650,0.327046,
module_forward,m,16,16,16,16384,0,5,20,False,2.9.0+cu128,12.8,dense_nvfp4,skip,,,N%32!=0
module_forward,m,16,16,16,16384,0,5,20,False,2.9.0+cu128,12.8,sparse_bf16,pass,0.206990,0.040527,
module_forward,m,16,16,16,16384,0,5,20,False,2.9.0+cu128,12.8,sparse_nvfp4,skip,,,M%32!=0
module_forward,m,16,16,16,16384,0,5,20,False,2.9.0+cu128,12.8,marlin_nvfp4,skip,,,N%64!=0
module_forward,m,16,16,32,1,0,5,20,False,2.9.0+cu128,12.8,dense_bf16,pass,0.021438,0.000048,
module_forward,m,16,16,32,1,0,5,20,False,2.9.0+cu128,12.8,dense_nvfp4,skip,,,K%32!=0
module_forward,m,16,16,32,1,0,5,20,False,2.9.0+cu128,12.8,sparse_bf16,skip,,,K%64!=0
module_forward,m,16,16,32,1,0,5,20,False,2.9.0+cu128,12.8,sparse_nvfp4,skip,,,"M%32!=0,K%64!=0"
module_forward,m,16,16,32,1,0,5,20,False,2.9.0+cu128,12.8,marlin_nvfp4,skip,,,"K%128!=0,N%64!=0"
module_forward,m,16,16,32,2,0,5,20,False,2.9.0+cu128,12.8,dense_bf16,pass,0.022528,0.000091,
module_forward,m,16,16,32,2,0,5,20,False,2.9.0+cu128,12.8,dense_nvfp4,skip,,,K%32!=0
module_forward,m,16,16,32,2,0,5,20,False,2.9.0+cu128,12.8,sparse_bf16,skip,,,K%64!=0
module_forward,m,16,16,32,2,0,5,20,False,2.9.0+cu128,12.8,sparse_nvfp4,skip,,,"M%32!=0,K%64!=0"
module_forward,m,16,16,32,2,0,5,20,False,2.9.0+cu128,12.8,marlin_nvfp4,skip,,,"K%128!=0,N%64!=0"
module_forward,m,16,16,32,4,0,5,20,False,2.9.0+cu128,12.8,dense_bf16,pass,0.022432,0.000183,
module_forward,m,16,16,32,4,0,5,20,False,2.9.0+cu128,12.8,dense_nvfp4,skip,,,K%32!=0
module_forward,m,16,16,32,4,0,5,20,False,2.9.0+cu128,12.8,sparse_bf16,skip,,,K%64!=0
module_forward,m,16,16,32,4,0,5,20,False,2.9.0+cu128,12.8,sparse_nvfp4,skip,,,"M%32!=0,K%64!=0"
module_forward,m,16,16,32,4,0,5,20,False,2.9.0+cu128,12.8,marlin_nvfp4,skip,,,"K%128!=0,N%64!=0"
module_forward,m,16,16,32,8,0,5,20,False,2.9.0+cu128,12.8,dense_bf16,pass,0.022405,0.000366,
module_forward,m,16,16,32,8,0,5,20,False,2.9.0+cu128,12.8,dense_nvfp4,skip,,,K%32!=0
module_forward,m,16,16,32,8,0,5,20,False,2.9.0+cu128,12.8,sparse_bf16,skip,,,K%64!=0
module_forward,m,16,16,32,8,0,5,20,False,2.9.0+cu128,12.8,sparse_nvfp4,skip,,,"M%32!=0,K%64!=0"
module_forward,m,16,16,32,8,0,5,20,False,2.9.0+cu128,12.8,marlin_nvfp4,skip,,,"K%128!=0,N%64!=0"
module_forward,m,16,16,32,16,0,5,20,False,2.9.0+cu128,12.8,dense_bf16,pass,0.022256,0.000736,
module_forward,m,16,16,32,16,0,5,20,False,2.9.0+cu128,12.8,dense_nvfp4,skip,,,K%32!=0
module_forward,m,16,16,32,16,0,5,20,False,2.9.0+cu128,12.8,sparse_bf16,skip,,,K%64!=0
module_forward,m,16,16,32,16,0,5,20,False,2.9.0+cu128,12.8,sparse_nvfp4,skip,,,"M%32!=0,K%64!=0"
module_forward,m,16,16,32,16,0,5,20,False,2.9.0+cu128,12.8,marlin_nvfp4,skip,,,"K%128!=0,N%64!=0"
module_forward,m,16,16,32,32,0,5,20,False,2.9.0+cu128,12.8,dense_bf16,pass,0.022352,0.001466,
module_forward,m,16,16,32,32,0,5,20,False,2.9.0+cu128,12.8,dense_nvfp4,pass,0.115562,0.000284,
module_forward,m,16,16,32,32,0,5,20,False,2.9.0+cu128,12.8,sparse_bf16,skip,,,K%64!=0
module_forward,m,16,16,32,32,0,5,20,False,2.9.0+cu128,12.8,sparse_nvfp4,skip,,,"M%32!=0,K%64!=0"
module_forward,m,16,16,32,32,0,5,20,False,2.9.0+cu128,12.8,marlin_nvfp4,skip,,,"K%128!=0,N%64!=0"
module_forward,m,16,16,32,64,0,5,20,False,2.9.0+cu128,12.8,dense_bf16,pass,0.022691,0.002888,
module_forward,m,16,16,32,64,0,5,20,False,2.9.0+cu128,12.8,dense_nvfp4,pass,0.116510,0.000562,
module_forward,m,16,16,32,64,0,5,20,False,2.9.0+cu128,12.8,sparse_bf16,pass,0.033181,0.001975,
module_forward,m,16,16,32,64,0,5,20,False,2.9.0+cu128,12.8,sparse_nvfp4,skip,,,M%32!=0
module_forward,m,16,16,32,64,0,5,20,False,2.9.0+cu128,12.8,marlin_nvfp4,skip,,,"K%128!=0,N%64!=0"
module_forward,m,16,16,32,128,0,5,20,False,2.9.0+cu128,12.8,dense_bf16,pass,0.022518,0.005821,
module_forward,m,16,16,32,128,0,5,20,False,2.9.0+cu128,12.8,dense_nvfp4,pass,0.116472,0.001125,
module_forward,m,16,16,32,128,0,5,20,False,2.9.0+cu128,12.8,sparse_bf16,pass,0.032675,0.004011,
module_forward,m,16,16,32,128,0,5,20,False,2.9.0+cu128,12.8,sparse_nvfp4,skip,,,M%32!=0
module_forward,m,16,16,32,128,0,5,20,False,2.9.0+cu128,12.8,marlin_nvfp4,skip,,,N%64!=0
module_forward,m,16,16,32,256,0,5,20,False,2.9.0+cu128,12.8,dense_bf16,pass,0.022318,0.011746,
module_forward,m,16,16,32,256,0,5,20,False,2.9.0+cu128,12.8,dense_nvfp4,pass,0.115821,0.002263,
module_forward,m,16,16,32,256,0,5,20,False,2.9.0+cu128,12.8,sparse_bf16,pass,0.034224,0.007660,
module_forward,m,16,16,32,256,0,5,20,False,2.9.0+cu128,12.8,sparse_nvfp4,skip,,,M%32!=0
module_forward,m,16,16,32,256,0,5,20,False,2.9.0+cu128,12.8,marlin_nvfp4,skip,,,N%64!=0
module_forward,m,16,16,32,512,0,5,20,False,2.9.0+cu128,12.8,dense_bf16,pass,0.022440,0.023364,
module_forward,m,16,16,32,512,0,5,20,False,2.9.0+cu128,12.8,dense_nvfp4,pass,0.117066,0.004479,
module_forward,m,16,16,32,512,0,5,20,False,2.9.0+cu128,12.8,sparse_bf16,pass,0.032976,0.015899,
module_forward,m,16,16,32,512,0,5,20,False,2.9.0+cu128,12.8,sparse_nvfp4,skip,,,M%32!=0
module_forward,m,16,16,32,512,0,5,20,False,2.9.0+cu128,12.8,marlin_nvfp4,skip,,,N%64!=0
module_forward,m,16,16,32,1024,0,5,20,False,2.9.0+cu128,12.8,dense_bf16,pass,0.022336,0.046946,
module_forward,m,16,16,32,1024,0,5,20,False,2.9.0+cu128,12.8,dense_nvfp4,pass,0.115747,0.009059,
module_forward,m,16,16,32,1024,0,5,20,False,2.9.0+cu128,12.8,sparse_bf16,pass,0.036802,0.028493,
module_forward,m,16,16,32,1024,0,5,20,False,2.9.0+cu128,12.8,sparse_nvfp4,skip,,,M%32!=0
module_forward,m,16,16,32,1024,0,5,20,False,2.9.0+cu128,12.8,marlin_nvfp4,skip,,,N%64!=0
module_forward,m,16,16,32,2048,0,5,20,False,2.9.0+cu128,12.8,dense_bf16,pass,0.022598,0.092801,
module_forward,m,16,16,32,2048,0,5,20,False,2.9.0+cu128,12.8,dense_nvfp4,pass,0.117630,0.017828,
module_forward,m,16,16,32,2048,0,5,20,False,2.9.0+cu128,12.8,sparse_bf16,pass,0.047397,0.044247,
module_forward,m,16,16,32,2048,0,5,20,False,2.9.0+cu128,12.8,sparse_nvfp4,skip,,,M%32!=0
module_forward,m,16,16,32,2048,0,5,20,False,2.9.0+cu128,12.8,marlin_nvfp4,skip,,,N%64!=0
module_forward,m,16,16,32,4096,0,5,20,False,2.9.0+cu128,12.8,dense_bf16,pass,0.024850,0.168788,
module_forward,m,16,16,32,4096,0,5,20,False,2.9.0+cu128,12.8,dense_nvfp4,pass,0.117445,0.035713,
module_forward,m,16,16,32,4096,0,5,20,False,2.9.0+cu128,12.8,sparse_bf16,pass,0.070488,0.059504,
module_forward,m,16,16,32,4096,0,5,20,False,2.9.0+cu128,12.8,sparse_nvfp4,skip,,,M%32!=0
module_forward,m,16,16,32,4096,0,5,20,False,2.9.0+cu128,12.8,marlin_nvfp4,skip,,,N%64!=0
module_forward,m,16,16,32,8192,0,5,20,False,2.9.0+cu128,12.8,dense_bf16,pass,0.024942,0.336319,
module_forward,m,16,16,32,8192,0,5,20,False,2.9.0+cu128,12.8,dense_nvfp4,pass,0.134782,0.062238,
module_forward,m,16,16,32,8192,0,5,20,False,2.9.0+cu128,12.8,sparse_bf16,pass,0.116307,0.072125,
module_forward,m,16,16,32,8192,0,5,20,False,2.9.0+cu128,12.8,sparse_nvfp4,skip,,,M%32!=0
module_forward,m,16,16,32,8192,0,5,20,False,2.9.0+cu128,12.8,marlin_nvfp4,skip,,,N%64!=0
module_forward,m,16,16,32,16384,0,5,20,False,2.9.0+cu128,12.8,dense_bf16,pass,0.025251,0.664413,
module_forward,m,16,16,32,16384,0,5,20,False,2.9.0+cu128,12.8,dense_nvfp4,pass,0.159157,0.105413,
module_forward,m,16,16,32,16384,0,5,20,False,2.9.0+cu128,12.8,sparse_bf16,pass,0.207890,0.080703,
module_forward,m,16,16,32,16384,0,5,20,False,2.9.0+cu128,12.8,sparse_nvfp4,skip,,,M%32!=0
module_forward,m,16,16,32,16384,0,5,20,False,2.9.0+cu128,12.8,marlin_nvfp4,skip,,,N%64!=0
module_forward,m,16,16,64,1,0,5,20,False,2.9.0+cu128,12.8,dense_bf16,pass,0.021643,0.000095,
module_forward,m,16,16,64,1,0,5,20,False,2.9.0+cu128,12.8,dense_nvfp4,skip,,,K%32!=0
module_forward,m,16,16,64,1,0,5,20,False,2.9.0+cu128,12.8,sparse_bf16,skip,,,K%64!=0
module_forward,m,16,16,64,1,0,5,20,False,2.9.0+cu128,12.8,sparse_nvfp4,skip,,,"M%32!=0,K%64!=0"
module_forward,m,16,16,64,1,0,5,20,False,2.9.0+cu128,12.8,marlin_nvfp4,skip,,,K%128!=0
module_forward,m,16,16,64,2,0,5,20,False,2.9.0+cu128,12.8,dense_bf16,pass,0.022106,0.000185,
module_forward,m,16,16,64,2,0,5,20,False,2.9.0+cu128,12.8,dense_nvfp4,skip,,,K%32!=0
module_forward,m,16,16,64,2,0,5,20,False,2.9.0+cu128,12.8,sparse_bf16,skip,,,K%64!=0
module_forward,m,16,16,64,2,0,5,20,False,2.9.0+cu128,12.8,sparse_nvfp4,skip,,,"M%32!=0,K%64!=0"
module_forward,m,16,16,64,2,0,5,20,False,2.9.0+cu128,12.8,marlin_nvfp4,skip,,,K%128!=0
module_forward,m,16,16,64,4,0,5,20,False,2.9.0+cu128,12.8,dense_bf16,pass,0.022200,0.000369,
module_forward,m,16,16,64,4,0,5,20,False,2.9.0+cu128,12.8,dense_nvfp4,skip,,,K%32!=0
module_forward,m,16,16,64,4,0,5,20,False,2.9.0+cu128,12.8,sparse_bf16,skip,,,K%64!=0
module_forward,m,16,16,64,4,0,5,20,False,2.9.0+cu128,12.8,sparse_nvfp4,skip,,,"M%32!=0,K%64!=0"
module_forward,m,16,16,64,4,0,5,20,False,2.9.0+cu128,12.8,marlin_nvfp4,skip,,,K%128!=0
module_forward,m,16,16,64,8,0,5,20,False,2.9.0+cu128,12.8,dense_bf16,pass,0.022645,0.000724,
module_forward,m,16,16,64,8,0,5,20,False,2.9.0+cu128,12.8,dense_nvfp4,skip,,,K%32!=0
module_forward,m,16,16,64,8,0,5,20,False,2.9.0+cu128,12.8,sparse_bf16,skip,,,K%64!=0
module_forward,m,16,16,64,8,0,5,20,False,2.9.0+cu128,12.8,sparse_nvfp4,skip,,,"M%32!=0,K%64!=0"
module_forward,m,16,16,64,8,0,5,20,False,2.9.0+cu128,12.8,marlin_nvfp4,skip,,,K%128!=0
module_forward,m,16,16,64,16,0,5,20,False,2.9.0+cu128,12.8,dense_bf16,pass,0.022259,0.001472,
module_forward,m,16,16,64,16,0,5,20,False,2.9.0+cu128,12.8,dense_nvfp4,skip,,,K%32!=0
module_forward,m,16,16,64,16,0,5,20,False,2.9.0+cu128,12.8,sparse_bf16,skip,,,K%64!=0
module_forward,m,16,16,64,16,0,5,20,False,2.9.0+cu128,12.8,sparse_nvfp4,skip,,,"M%32!=0,K%64!=0"
module_forward,m,16,16,64,16,0,5,20,False,2.9.0+cu128,12.8,marlin_nvfp4,skip,,,K%128!=0
module_forward,m,16,16,64,32,0,5,20,False,2.9.0+cu128,12.8,dense_bf16,pass,0.022731,0.002883,
module_forward,m,16,16,64,32,0,5,20,False,2.9.0+cu128,12.8,dense_nvfp4,pass,0.116075,0.000565,
module_forward,m,16,16,64,32,0,5,20,False,2.9.0+cu128,12.8,sparse_bf16,skip,,,K%64!=0
module_forward,m,16,16,64,32,0,5,20,False,2.9.0+cu128,12.8,sparse_nvfp4,skip,,,"M%32!=0,K%64!=0"
module_forward,m,16,16,64,32,0,5,20,False,2.9.0+cu128,12.8,marlin_nvfp4,skip,,,K%128!=0
module_forward,m,16,16,64,64,0,5,20,False,2.9.0+cu128,12.8,dense_bf16,pass,0.022259,0.005888,
module_forward,m,16,16,64,64,0,5,20,False,2.9.0+cu128,12.8,dense_nvfp4,pass,0.116323,0.001127,
module_forward,m,16,16,64,64,0,5,20,False,2.9.0+cu128,12.8,sparse_bf16,pass,0.033000,0.003972,
module_forward,m,16,16,64,64,0,5,20,False,2.9.0+cu128,12.8,sparse_nvfp4,skip,,,M%32!=0
module_forward,m,16,16,64,64,0,5,20,False,2.9.0+cu128,12.8,marlin_nvfp4,skip,,,K%128!=0
module_forward,m,16,16,64,128,0,5,20,False,2.9.0+cu128,12.8,dense_bf16,pass,0.022542,0.011629,
module_forward,m,16,16,64,128,0,5,20,False,2.9.0+cu128,12.8,dense_nvfp4,pass,0.116746,0.002245,
module_forward,m,16,16,64,128,0,5,20,False,2.9.0+cu128,12.8,sparse_bf16,pass,0.032638,0.008032,
module_forward,m,16,16,64,128,0,5,20,False,2.9.0+cu128,12.8,sparse_nvfp4,skip,,,M%32!=0
module_forward,m,16,16,64,128,0,5,20,False,2.9.0+cu128,12.8,marlin_nvfp4,pass,0.037992,0.006900,
module_forward,m,16,16,64,256,0,5,20,False,2.9.0+cu128,12.8,dense_bf16,pass,0.022435,0.023369,
module_forward,m,16,16,64,256,0,5,20,False,2.9.0+cu128,12.8,dense_nvfp4,pass,0.118264,0.004433,
module_forward,m,16,16,64,256,0,5,20,False,2.9.0+cu128,12.8,sparse_bf16,pass,0.033024,0.015876,
module_forward,m,16,16,64,256,0,5,20,False,2.9.0+cu128,12.8,sparse_nvfp4,skip,,,M%32!=0
module_forward,m,16,16,64,256,0,5,20,False,2.9.0+cu128,12.8,marlin_nvfp4,pass,0.038082,0.013767,
module_forward,m,16,16,64,512,0,5,20,False,2.9.0+cu128,12.8,dense_bf16,pass,0.022270,0.047084,
module_forward,m,16,16,64,512,0,5,20,False,2.9.0+cu128,12.8,dense_nvfp4,pass,0.117426,0.008930,
module_forward,m,16,16,64,512,0,5,20,False,2.9.0+cu128,12.8,sparse_bf16,pass,0.033224,0.031561,
module_forward,m,16,16,64,512,0,5,20,False,2.9.0+cu128,12.8,sparse_nvfp4,skip,,,M%32!=0
module_forward,m,16,16,64,512,0,5,20,False,2.9.0+cu128,12.8,marlin_nvfp4,pass,0.038736,0.027070,
module_forward,m,16,16,64,1024,0,5,20,False,2.9.0+cu128,12.8,dense_bf16,pass,0.022376,0.093723,
module_forward,m,16,16,64,1024,0,5,20,False,2.9.0+cu128,12.8,dense_nvfp4,pass,0.118531,0.017693,
module_forward,m,16,16,64,1024,0,5,20,False,2.9.0+cu128,12.8,sparse_bf16,pass,0.036579,0.057332,
module_forward,m,16,16,64,1024,0,5,20,False,2.9.0+cu128,12.8,sparse_nvfp4,skip,,,M%32!=0
module_forward,m,16,16,64,1024,0,5,20,False,2.9.0+cu128,12.8,marlin_nvfp4,pass,0.038410,0.054600,
module_forward,m,16,16,64,2048,0,5,20,False,2.9.0+cu128,12.8,dense_bf16,pass,0.024861,0.168712,
module_forward,m,16,16,64,2048,0,5,20,False,2.9.0+cu128,12.8,dense_nvfp4,pass,0.117565,0.035677,
module_forward,m,16,16,64,2048,0,5,20,False,2.9.0+cu128,12.8,sparse_bf16,pass,0.047482,0.088335,
module_forward,m,16,16,64,2048,0,5,20,False,2.9.0+cu128,12.8,sparse_nvfp4,skip,,,M%32!=0
module_forward,m,16,16,64,2048,0,5,20,False,2.9.0+cu128,12.8,marlin_nvfp4,pass,0.041763,0.100431,
module_forward,m,16,16,64,4096,0,5,20,False,2.9.0+cu128,12.8,dense_bf16,pass,0.025472,0.329327,
module_forward,m,16,16,64,4096,0,5,20,False,2.9.0+cu128,12.8,dense_nvfp4,pass,0.117998,0.071091,
module_forward,m,16,16,64,4096,0,5,20,False,2.9.0+cu128,12.8,sparse_bf16,pass,0.070227,0.119450,
module_forward,m,16,16,64,4096,0,5,20,False,2.9.0+cu128,12.8,sparse_nvfp4,skip,,,M%32!=0
module_forward,m,16,16,64,4096,0,5,20,False,2.9.0+cu128,12.8,marlin_nvfp4,pass,0.055435,0.151323,
module_forward,m,16,16,64,8192,0,5,20,False,2.9.0+cu128,12.8,dense_bf16,pass,0.024981,0.671604,
module_forward,m,16,16,64,8192,0,5,20,False,2.9.0+cu128,12.8,dense_nvfp4,pass,0.134792,0.124467,
module_forward,m,16,16,64,8192,0,5,20,False,2.9.0+cu128,12.8,sparse_bf16,pass,0.115590,0.145144,
module_forward,m,16,16,64,8192,0,5,20,False,2.9.0+cu128,12.8,sparse_nvfp4,skip,,,M%32!=0
module_forward,m,16,16,64,8192,0,5,20,False,2.9.0+cu128,12.8,marlin_nvfp4,pass,0.081285,0.206400,
module_forward,m,16,16,64,16384,0,5,20,False,2.9.0+cu128,12.8,dense_bf16,pass,0.025398,1.321124,
module_forward,m,16,16,64,16384,0,5,20,False,2.9.0+cu128,12.8,dense_nvfp4,pass,0.158667,0.211477,
module_forward,m,16,16,64,16384,0,5,20,False,2.9.0+cu128,12.8,sparse_bf16,pass,0.206651,0.162372,
module_forward,m,16,16,64,16384,0,5,20,False,2.9.0+cu128,12.8,sparse_nvfp4,skip,,,M%32!=0
module_forward,m,16,16,64,16384,0,5,20,False,2.9.0+cu128,12.8,marlin_nvfp4,pass,0.138120,0.242937,
module_forward,m,16,16,128,1,0,5,20,False,2.9.0+cu128,12.8,dense_bf16,pass,0.021605,0.000190,
module_forward,m,16,16,128,1,0,5,20,False,2.9.0+cu128,12.8,dense_nvfp4,skip,,,K%32!=0
module_forward,m,16,16,128,1,0,5,20,False,2.9.0+cu128,12.8,sparse_bf16,skip,,,K%64!=0
module_forward,m,16,16,128,1,0,5,20,False,2.9.0+cu128,12.8,sparse_nvfp4,skip,,,"M%32!=0,K%64!=0"
module_forward,m,16,16,128,1,0,5,20,False,2.9.0+cu128,12.8,marlin_nvfp4,skip,,,K%128!=0
module_forward,m,16,16,128,2,0,5,20,False,2.9.0+cu128,12.8,dense_bf16,pass,0.022394,0.000366,
module_forward,m,16,16,128,2,0,5,20,False,2.9.0+cu128,12.8,dense_nvfp4,skip,,,K%32!=0
module_forward,m,16,16,128,2,0,5,20,False,2.9.0+cu128,12.8,sparse_bf16,skip,,,K%64!=0
module_forward,m,16,16,128,2,0,5,20,False,2.9.0+cu128,12.8,sparse_nvfp4,skip,,,"M%32!=0,K%64!=0"
module_forward,m,16,16,128,2,0,5,20,False,2.9.0+cu128,12.8,marlin_nvfp4,skip,,,K%128!=0
module_forward,m,16,16,128,4,0,5,20,False,2.9.0+cu128,12.8,dense_bf16,pass,0.022440,0.000730,
module_forward,m,16,16,128,4,0,5,20,False,2.9.0+cu128,12.8,dense_nvfp4,skip,,,K%32!=0
module_forward,m,16,16,128,4,0,5,20,False,2.9.0+cu128,12.8,sparse_bf16,skip,,,K%64!=0
module_forward,m,16,16,128,4,0,5,20,False,2.9.0+cu128,12.8,sparse_nvfp4,skip,,,"M%32!=0,K%64!=0"
module_forward,m,16,16,128,4,0,5,20,False,2.9.0+cu128,12.8,marlin_nvfp4,skip,,,K%128!=0
module_forward,m,16,16,128,8,0,5,20,False,2.9.0+cu128,12.8,dense_bf16,pass,0.022366,0.001465,
module_forward,m,16,16,128,8,0,5,20,False,2.9.0+cu128,12.8,dense_nvfp4,skip,,,K%32!=0
module_forward,m,16,16,128,8,0,5,20,False,2.9.0+cu128,12.8,sparse_bf16,skip,,,K%64!=0
module_forward,m,16,16,128,8,0,5,20,False,2.9.0+cu128,12.8,sparse_nvfp4,skip,,,"M%32!=0,K%64!=0"
module_forward,m,16,16,128,8,0,5,20,False,2.9.0+cu128,12.8,marlin_nvfp4,skip,,,K%128!=0
module_forward,m,16,16,128,16,0,5,20,False,2.9.0+cu128,12.8,dense_bf16,pass,0.022134,0.002961,
module_forward,m,16,16,128,16,0,5,20,False,2.9.0+cu128,12.8,dense_nvfp4,skip,,,K%32!=0
module_forward,m,16,16,128,16,0,5,20,False,2.9.0+cu128,12.8,sparse_bf16,skip,,,K%64!=0
module_forward,m,16,16,128,16,0,5,20,False,2.9.0+cu128,12.8,sparse_nvfp4,skip,,,"M%32!=0,K%64!=0"
module_forward,m,16,16,128,16,0,5,20,False,2.9.0+cu128,12.8,marlin_nvfp4,skip,,,K%128!=0
module_forward,m,16,16,128,32,0,5,20,False,2.9.0+cu128,12.8,dense_bf16,pass,0.022307,0.005876,
module_forward,m,16,16,128,32,0,5,20,False,2.9.0+cu128,12.8,dense_nvfp4,error,,,module output contains NaN/Inf
module_forward,m,16,16,128,32,0,5,20,False,2.9.0+cu128,12.8,sparse_bf16,skip,,,K%64!=0
module_forward,m,16,16,128,32,0,5,20,False,2.9.0+cu128,12.8,sparse_nvfp4,skip,,,"M%32!=0,K%64!=0"
module_forward,m,16,16,128,32,0,5,20,False,2.9.0+cu128,12.8,marlin_nvfp4,skip,,,K%128!=0
module_forward,m,16,16,128,64,0,5,20,False,2.9.0+cu128,12.8,dense_bf16,pass,0.022290,0.011761,
module_forward,m,16,16,128,64,0,5,20,False,2.9.0+cu128,12.8,dense_nvfp4,pass,0.118186,0.002218,
module_forward,m,16,16,128,64,0,5,20,False,2.9.0+cu128,12.8,sparse_bf16,pass,0.032866,0.007976,
module_forward,m,16,16,128,64,0,5,20,False,2.9.0+cu128,12.8,sparse_nvfp4,skip,,,M%32!=0
module_forward,m,16,16,128,64,0,5,20,False,2.9.0+cu128,12.8,marlin_nvfp4,skip,,,K%128!=0
module_forward,m,16,16,128,128,0,5,20,False,2.9.0+cu128,12.8,dense_bf16,pass,0.022227,0.023588,
module_forward,m,16,16,128,128,0,5,20,False,2.9.0+cu128,12.8,dense_nvfp4,pass,0.117589,0.004459,
module_forward,m,16,16,128,128,0,5,20,False,2.9.0+cu128,12.8,sparse_bf16,pass,0.032387,0.016188,
module_forward,m,16,16,128,128,0,5,20,False,2.9.0+cu128,12.8,sparse_nvfp4,skip,,,M%32!=0
module_forward,m,16,16,128,128,0,5,20,False,2.9.0+cu128,12.8,marlin_nvfp4,pass,0.037694,0.013909,
module_forward,m,16,16,128,256,0,5,20,False,2.9.0+cu128,12.8,dense_bf16,pass,0.021635,0.048466,
module_forward,m,16,16,128,256,0,5,20,False,2.9.0+cu128,12.8,dense_nvfp4,pass,0.116016,0.009038,
module_forward,m,16,16,128,256,0,5,20,False,2.9.0+cu128,12.8,sparse_bf16,pass,0.032478,0.032285,
module_forward,m,16,16,128,256,0,5,20,False,2.9.0+cu128,12.8,sparse_nvfp4,skip,,,M%32!=0
module_forward,m,16,16,128,256,0,5,20,False,2.9.0+cu128,12.8,marlin_nvfp4,pass,0.038229,0.027429,
module_forward,m,16,16,128,512,0,5,20,False,2.9.0+cu128,12.8,dense_bf16,pass,0.022189,0.094514,
module_forward,m,16,16,128,512,0,5,20,False,2.9.0+cu128,12.8,dense_nvfp4,pass,0.118309,0.017726,
module_forward,m,16,16,128,512,0,5,20,False,2.9.0+cu128,12.8,sparse_bf16,pass,0.032630,0.064270,
module_forward,m,16,16,128,512,0,5,20,False,2.9.0+cu128,12.8,sparse_nvfp4,skip,,,M%32!=0
module_forward,m,16,16,128,512,0,5,20,False,2.9.0+cu128,12.8,marlin_nvfp4,pass,0.038181,0.054927,
module_forward,m,16,16,128,1024,0,5,20,False,2.9.0+cu128,12.8,dense_bf16,pass,0.024670,0.170014,
module_forward,m,16,16,128,1024,0,5,20,False,2.9.0+cu128,12.8,dense_nvfp4,pass,0.118027,0.035537,
module_forward,m,16,16,128,1024,0,5,20,False,2.9.0+cu128,12.8,sparse_bf16,pass,0.036490,0.114945,
module_forward,m,16,16,128,1024,0,5,20,False,2.9.0+cu128,12.8,sparse_nvfp4,skip,,,M%32!=0
module_forward,m,16,16,128,1024,0,5,20,False,2.9.0+cu128,12.8,marlin_nvfp4,pass,0.038330,0.109427,
module_forward,m,16,16,128,2048,0,5,20,False,2.9.0+cu128,12.8,dense_bf16,pass,0.025326,0.331220,
module_forward,m,16,16,128,2048,0,5,20,False,2.9.0+cu128,12.8,dense_nvfp4,pass,0.118430,0.070832,
module_forward,m,16,16,128,2048,0,5,20,False,2.9.0+cu128,12.8,sparse_bf16,pass,0.047755,0.175659,
module_forward,m,16,16,128,2048,0,5,20,False,2.9.0+cu128,12.8,sparse_nvfp4,skip,,,M%32!=0
module_forward,m,16,16,128,2048,0,5,20,False,2.9.0+cu128,12.8,marlin_nvfp4,pass,0.041813,0.200623,
module_forward,m,16,16,128,4096,0,5,20,False,2.9.0+cu128,12.8,dense_bf16,pass,0.024542,0.683601,
module_forward,m,16,16,128,4096,0,5,20,False,2.9.0+cu128,12.8,dense_nvfp4,pass,0.118963,0.141029,
module_forward,m,16,16,128,4096,0,5,20,False,2.9.0+cu128,12.8,sparse_bf16,pass,0.070782,0.237025,
module_forward,m,16,16,128,4096,0,5,20,False,2.9.0+cu128,12.8,sparse_nvfp4,skip,,,M%32!=0
module_forward,m,16,16,128,4096,0,5,20,False,2.9.0+cu128,12.8,marlin_nvfp4,pass,0.055920,0.300022,
module_forward,m,16,16,128,8192,0,5,20,False,2.9.0+cu128,12.8,dense_bf16,pass,0.025038,1.340119,
module_forward,m,16,16,128,8192,0,5,20,False,2.9.0+cu128,12.8,dense_nvfp4,pass,0.135365,0.247882,
module_forward,m,16,16,128,8192,0,5,20,False,2.9.0+cu128,12.8,sparse_bf16,pass,0.116162,0.288860,
module_forward,m,16,16,128,8192,0,5,20,False,2.9.0+cu128,12.8,sparse_nvfp4,skip,,,M%32!=0
module_forward,m,16,16,128,8192,0,5,20,False,2.9.0+cu128,12.8,marlin_nvfp4,pass,0.082166,0.408372,
module_forward,m,16,16,128,16384,0,5,20,False,2.9.0+cu128,12.8,dense_bf16,pass,0.025310,2.651434,
module_forward,m,16,16,128,16384,0,5,20,False,2.9.0+cu128,12.8,dense_nvfp4,pass,0.159210,0.421513,
module_forward,m,16,16,128,16384,0,5,20,False,2.9.0+cu128,12.8,sparse_bf16,pass,0.206512,0.324964,
module_forward,m,16,16,128,16384,0,5,20,False,2.9.0+cu128,12.8,sparse_nvfp4,skip,,,M%32!=0
module_forward,m,16,16,128,16384,0,5,20,False,2.9.0+cu128,12.8,marlin_nvfp4,pass,0.082710,0.811372,
module_forward,m,16,16,256,1,0,5,20,False,2.9.0+cu128,12.8,dense_bf16,pass,0.021506,0.000381,
module_forward,m,16,16,256,1,0,5,20,False,2.9.0+cu128,12.8,dense_nvfp4,skip,,,K%32!=0
module_forward,m,16,16,256,1,0,5,20,False,2.9.0+cu128,12.8,sparse_bf16,skip,,,K%64!=0
module_forward,m,16,16,256,1,0,5,20,False,2.9.0+cu128,12.8,sparse_nvfp4,skip,,,"M%32!=0,K%64!=0"
module_forward,m,16,16,256,1,0,5,20,False,2.9.0+cu128,12.8,marlin_nvfp4,skip,,,K%128!=0
module_forward,m,16,16,256,2,0,5,20,False,2.9.0+cu128,12.8,dense_bf16,pass,0.022085,0.000742,
module_forward,m,16,16,256,2,0,5,20,False,2.9.0+cu128,12.8,dense_nvfp4,skip,,,K%32!=0
module_forward,m,16,16,256,2,0,5,20,False,2.9.0+cu128,12.8,sparse_bf16,skip,,,K%64!=0
module_forward,m,16,16,256,2,0,5,20,False,2.9.0+cu128,12.8,sparse_nvfp4,skip,,,"M%32!=0,K%64!=0"
module_forward,m,16,16,256,2,0,5,20,False,2.9.0+cu128,12.8,marlin_nvfp4,skip,,,K%128!=0
module_forward,m,16,16,256,4,0,5,20,False,2.9.0+cu128,12.8,dense_bf16,pass,0.022371,0.001465,
module_forward,m,16,16,256,4,0,5,20,False,2.9.0+cu128,12.8,dense_nvfp4,skip,,,K%32!=0
module_forward,m,16,16,256,4,0,5,20,False,2.9.0+cu128,12.8,sparse_bf16,skip,,,K%64!=0
module_forward,m,16,16,256,4,0,5,20,False,2.9.0+cu128,12.8,sparse_nvfp4,skip,,,"M%32!=0,K%64!=0"
module_forward,m,16,16,256,4,0,5,20,False,2.9.0+cu128,12.8,marlin_nvfp4,skip,,,K%128!=0
module_forward,m,16,16,256,8,0,5,20,False,2.9.0+cu128,12.8,dense_bf16,pass,0.022720,0.002885,
module_forward,m,16,16,256,8,0,5,20,False,2.9.0+cu128,12.8,dense_nvfp4,skip,,,K%32!=0
module_forward,m,16,16,256,8,0,5,20,False,2.9.0+cu128,12.8,sparse_bf16,skip,,,K%64!=0
module_forward,m,16,16,256,8,0,5,20,False,2.9.0+cu128,12.8,sparse_nvfp4,skip,,,"M%32!=0,K%64!=0"
module_forward,m,16,16,256,8,0,5,20,False,2.9.0+cu128,12.8,marlin_nvfp4,skip,,,K%128!=0
module_forward,m,16,16,256,16,0,5,20,False,2.9.0+cu128,12.8,dense_bf16,pass,0.022837,0.005740,
module_forward,m,16,16,256,16,0,5,20,False,2.9.0+cu128,12.8,dense_nvfp4,skip,,,K%32!=0
module_forward,m,16,16,256,16,0,5,20,False,2.9.0+cu128,12.8,sparse_bf16,skip,,,K%64!=0
module_forward,m,16,16,256,16,0,5,20,False,2.9.0+cu128,12.8,sparse_nvfp4,skip,,,"M%32!=0,K%64!=0"
module_forward,m,16,16,256,16,0,5,20,False,2.9.0+cu128,12.8,marlin_nvfp4,skip,,,K%128!=0
module_forward,m,16,16,256,32,0,5,20,False,2.9.0+cu128,12.8,dense_bf16,pass,0.022194,0.011812,
module_forward,m,16,16,256,32,0,5,20,False,2.9.0+cu128,12.8,dense_nvfp4,error,,,module output contains NaN/Inf
module_forward,m,16,16,256,32,0,5,20,False,2.9.0+cu128,12.8,sparse_bf16,skip,,,K%64!=0
module_forward,m,16,16,256,32,0,5,20,False,2.9.0+cu128,12.8,sparse_nvfp4,skip,,,"M%32!=0,K%64!=0"
module_forward,m,16,16,256,32,0,5,20,False,2.9.0+cu128,12.8,marlin_nvfp4,skip,,,K%128!=0
module_forward,m,16,16,256,64,0,5,20,False,2.9.0+cu128,12.8,dense_bf16,pass,0.022046,0.023781,
module_forward,m,16,16,256,64,0,5,20,False,2.9.0+cu128,12.8,dense_nvfp4,pass,0.116520,0.004500,
module_forward,m,16,16,256,64,0,5,20,False,2.9.0+cu128,12.8,sparse_bf16,pass,0.033811,0.015506,
module_forward,m,16,16,256,64,0,5,20,False,2.9.0+cu128,12.8,sparse_nvfp4,skip,,,M%32!=0
module_forward,m,16,16,256,64,0,5,20,False,2.9.0+cu128,12.8,marlin_nvfp4,skip,,,K%128!=0
module_forward,m,16,16,256,128,0,5,20,False,2.9.0+cu128,12.8,dense_bf16,pass,0.022206,0.047220,
module_forward,m,16,16,256,128,0,5,20,False,2.9.0+cu128,12.8,dense_nvfp4,pass,0.116541,0.008998,
module_forward,m,16,16,256,128,0,5,20,False,2.9.0+cu128,12.8,sparse_bf16,pass,0.032693,0.032074,
module_forward,m,16,16,256,128,0,5,20,False,2.9.0+cu128,12.8,sparse_nvfp4,skip,,,M%32!=0
module_forward,m,16,16,256,128,0,5,20,False,2.9.0+cu128,12.8,marlin_nvfp4,pass,0.038216,0.027438,
module_forward,m,16,16,256,256,0,5,20,False,2.9.0+cu128,12.8,dense_bf16,pass,0.022141,0.094719,
module_forward,m,16,16,256,256,0,5,20,False,2.9.0+cu128,12.8,dense_nvfp4,pass,0.118432,0.017708,
module_forward,m,16,16,256,256,0,5,20,False,2.9.0+cu128,12.8,sparse_bf16,pass,0.032750,0.064034,
module_forward,m,16,16,256,256,0,5,20,False,2.9.0+cu128,12.8,sparse_nvfp4,skip,,,M%32!=0
module_forward,m,16,16,256,256,0,5,20,False,2.9.0+cu128,12.8,marlin_nvfp4,pass,0.038770,0.054093,
module_forward,m,16,16,256,512,0,5,20,False,2.9.0+cu128,12.8,dense_bf16,pass,0.022531,0.186155,
module_forward,m,16,16,256,512,0,5,20,False,2.9.0+cu128,12.8,dense_nvfp4,pass,0.117301,0.035757,
module_forward,m,16,16,256,512,0,5,20,False,2.9.0+cu128,12.8,sparse_bf16,pass,0.033218,0.126268,
module_forward,m,16,16,256,512,0,5,20,False,2.9.0+cu128,12.8,sparse_nvfp4,skip,,,M%32!=0
module_forward,m,16,16,256,512,0,5,20,False,2.9.0+cu128,12.8,marlin_nvfp4,pass,0.038494,0.108959,
module_forward,m,16,16,256,1024,0,5,20,False,2.9.0+cu128,12.8,dense_bf16,pass,0.024960,0.336082,
module_forward,m,16,16,256,1024,0,5,20,False,2.9.0+cu128,12.8,dense_nvfp4,pass,0.117197,0.071577,
module_forward,m,16,16,256,1024,0,5,20,False,2.9.0+cu128,12.8,sparse_bf16,pass,0.037088,0.226181,
module_forward,m,16,16,256,1024,0,5,20,False,2.9.0+cu128,12.8,sparse_nvfp4,skip,,,M%32!=0
module_forward,m,16,16,256,1024,0,5,20,False,2.9.0+cu128,12.8,marlin_nvfp4,pass,0.038286,0.219102,
module_forward,m,16,16,256,2048,0,5,20,False,2.9.0+cu128,12.8,dense_bf16,pass,0.025259,0.664202,
module_forward,m,16,16,256,2048,0,5,20,False,2.9.0+cu128,12.8,dense_nvfp4,pass,0.116646,0.143830,
module_forward,m,16,16,256,2048,0,5,20,False,2.9.0+cu128,12.8,sparse_bf16,pass,0.048006,0.349479,
module_forward,m,16,16,256,2048,0,5,20,False,2.9.0+cu128,12.8,sparse_nvfp4,skip,,,M%32!=0
module_forward,m,16,16,256,2048,0,5,20,False,2.9.0+cu128,12.8,marlin_nvfp4,pass,0.041888,0.400526,
module_forward,m,16,16,256,4096,0,5,20,False,2.9.0+cu128,12.8,dense_bf16,pass,0.024904,1.347351,
module_forward,m,16,16,256,4096,0,5,20,False,2.9.0+cu128,12.8,dense_nvfp4,pass,0.118403,0.283391,
module_forward,m,16,16,256,4096,0,5,20,False,2.9.0+cu128,12.8,sparse_bf16,pass,0.070563,0.475523,
module_forward,m,16,16,256,4096,0,5,20,False,2.9.0+cu128,12.8,sparse_nvfp4,skip,,,M%32!=0
module_forward,m,16,16,256,4096,0,5,20,False,2.9.0+cu128,12.8,marlin_nvfp4,pass,0.055672,0.602716,
module_forward,m,16,16,256,8192,0,5,20,False,2.9.0+cu128,12.8,dense_bf16,pass,0.024923,2.692626,
module_forward,m,16,16,256,8192,0,5,20,False,2.9.0+cu128,12.8,dense_nvfp4,pass,0.134742,0.498053,
module_forward,m,16,16,256,8192,0,5,20,False,2.9.0+cu128,12.8,sparse_bf16,pass,0.117013,0.573517,
module_forward,m,16,16,256,8192,0,5,20,False,2.9.0+cu128,12.8,sparse_nvfp4,skip,,,M%32!=0
module_forward,m,16,16,256,8192,0,5,20,False,2.9.0+cu128,12.8,marlin_nvfp4,pass,0.056006,1.198236,
module_forward,m,16,16,256,16384,0,5,20,False,2.9.0+cu128,12.8,dense_bf16,pass,0.025392,5.285827,
module_forward,m,16,16,256,16384,0,5,20,False,2.9.0+cu128,12.8,dense_nvfp4,pass,0.159291,0.842593,
module_forward,m,16,16,256,16384,0,5,20,False,2.9.0+cu128,12.8,sparse_bf16,pass,0.206811,0.648987,
module_forward,m,16,16,256,16384,0,5,20,False,2.9.0+cu128,12.8,sparse_nvfp4,skip,,,M%32!=0
module_forward,m,16,16,256,16384,0,5,20,False,2.9.0+cu128,12.8,marlin_nvfp4,pass,0.057261,2.343972,
module_forward,m,16,16,512,1,0,5,20,False,2.9.0+cu128,12.8,dense_bf16,pass,0.021786,0.000752,
module_forward,m,16,16,512,1,0,5,20,False,2.9.0+cu128,12.8,dense_nvfp4,skip,,,K%32!=0
module_forward,m,16,16,512,1,0,5,20,False,2.9.0+cu128,12.8,sparse_bf16,skip,,,K%64!=0
module_forward,m,16,16,512,1,0,5,20,False,2.9.0+cu128,12.8,sparse_nvfp4,skip,,,"M%32!=0,K%64!=0"
module_forward,m,16,16,512,1,0,5,20,False,2.9.0+cu128,12.8,marlin_nvfp4,skip,,,K%128!=0
module_forward,m,16,16,512,2,0,5,20,False,2.9.0+cu128,12.8,dense_bf16,pass,0.022301,0.001469,
module_forward,m,16,16,512,2,0,5,20,False,2.9.0+cu128,12.8,dense_nvfp4,skip,,,K%32!=0
module_forward,m,16,16,512,2,0,5,20,False,2.9.0+cu128,12.8,sparse_bf16,skip,,,K%64!=0
module_forward,m,16,16,512,2,0,5,20,False,2.9.0+cu128,12.8,sparse_nvfp4,skip,,,"M%32!=0,K%64!=0"
module_forward,m,16,16,512,2,0,5,20,False,2.9.0+cu128,12.8,marlin_nvfp4,skip,,,K%128!=0
module_forward,m,16,16,512,4,0,5,20,False,2.9.0+cu128,12.8,dense_bf16,pass,0.022445,0.002920,
module_forward,m,16,16,512,4,0,5,20,False,2.9.0+cu128,12.8,dense_nvfp4,skip,,,K%32!=0
module_forward,m,16,16,512,4,0,5,20,False,2.9.0+cu128,12.8,sparse_bf16,skip,,,K%64!=0
module_forward,m,16,16,512,4,0,5,20,False,2.9.0+cu128,12.8,sparse_nvfp4,skip,,,"M%32!=0,K%64!=0"
module_forward,m,16,16,512,4,0,5,20,False,2.9.0+cu128,12.8,marlin_nvfp4,skip,,,K%128!=0
module_forward,m,16,16,512,8,0,5,20,False,2.9.0+cu128,12.8,dense_bf16,pass,0.022413,0.005848,
module_forward,m,16,16,512,8,0,5,20,False,2.9.0+cu128,12.8,dense_nvfp4,skip,,,K%32!=0
module_forward,m,16,16,512,8,0,5,20,False,2.9.0+cu128,12.8,sparse_bf16,skip,,,K%64!=0
module_forward,m,16,16,512,8,0,5,20,False,2.9.0+cu128,12.8,sparse_nvfp4,skip,,,"M%32!=0,K%64!=0"
module_forward,m,16,16,512,8,0,5,20,False,2.9.0+cu128,12.8,marlin_nvfp4,skip,,,K%128!=0
module_forward,m,16,16,512,16,0,5,20,False,2.9.0+cu128,12.8,dense_bf16,pass,0.022461,0.011671,
module_forward,m,16,16,512,16,0,5,20,False,2.9.0+cu128,12.8,dense_nvfp4,skip,,,K%32!=0
module_forward,m,16,16,512,16,0,5,20,False,2.9.0+cu128,12.8,sparse_bf16,skip,,,K%64!=0
module_forward,m,16,16,512,16,0,5,20,False,2.9.0+cu128,12.8,sparse_nvfp4,skip,,,"M%32!=0,K%64!=0"
module_forward,m,16,16,512,16,0,5,20,False,2.9.0+cu128,12.8,marlin_nvfp4,skip,,,K%128!=0
module_forward,m,16,16,512,32,0,5,20,False,2.9.0+cu128,12.8,dense_bf16,pass,0.022461,0.023342,
module_forward,m,16,16,512,32,0,5,20,False,2.9.0+cu128,12.8,dense_nvfp4,error,,,module output contains NaN/Inf
module_forward,m,16,16,512,32,0,5,20,False,2.9.0+cu128,12.8,sparse_bf16,skip,,,K%64!=0
module_forward,m,16,16,512,32,0,5,20,False,2.9.0+cu128,12.8,sparse_nvfp4,skip,,,"M%32!=0,K%64!=0"
module_forward,m,16,16,512,32,0,5,20,False,2.9.0+cu128,12.8,marlin_nvfp4,skip,,,K%128!=0
module_forward,m,16,16,512,64,0,5,20,False,2.9.0+cu128,12.8,dense_bf16,pass,0.022235,0.047158,
module_forward,m,16,16,512,64,0,5,20,False,2.9.0+cu128,12.8,dense_nvfp4,pass,0.145750,0.007194,
module_forward,m,16,16,512,64,0,5,20,False,2.9.0+cu128,12.8,sparse_bf16,pass,0.033096,0.031683,
module_forward,m,16,16,512,64,0,5,20,False,2.9.0+cu128,12.8,sparse_nvfp4,skip,,,M%32!=0
module_forward,m,16,16,512,64,0,5,20,False,2.9.0+cu128,12.8,marlin_nvfp4,skip,,,K%128!=0
module_forward,m,16,16,512,128,0,5,20,False,2.9.0+cu128,12.8,dense_bf16,pass,0.022394,0.093650,
module_forward,m,16,16,512,128,0,5,20,False,2.9.0+cu128,12.8,dense_nvfp4,pass,0.117728,0.017814,
module_forward,m,16,16,512,128,0,5,20,False,2.9.0+cu128,12.8,sparse_bf16,pass,0.033013,0.063525,
module_forward,m,16,16,512,128,0,5,20,False,2.9.0+cu128,12.8,sparse_nvfp4,skip,,,M%32!=0
module_forward,m,16,16,512,128,0,5,20,False,2.9.0+cu128,12.8,marlin_nvfp4,pass,0.038405,0.054607,
module_forward,m,16,16,512,256,0,5,20,False,2.9.0+cu128,12.8,dense_bf16,pass,0.022070,0.190042,
module_forward,m,16,16,512,256,0,5,20,False,2.9.0+cu128,12.8,dense_nvfp4,pass,0.118472,0.035403,
module_forward,m,16,16,512,256,0,5,20,False,2.9.0+cu128,12.8,sparse_bf16,pass,0.032949,0.127298,
module_forward,m,16,16,512,256,0,5,20,False,2.9.0+cu128,12.8,sparse_nvfp4,skip,,,M%32!=0
module_forward,m,16,16,512,256,0,5,20,False,2.9.0+cu128,12.8,marlin_nvfp4,pass,0.038416,0.109181,
module_forward,m,16,16,512,512,0,5,20,False,2.9.0+cu128,12.8,dense_bf16,pass,0.022090,0.379754,
module_forward,m,16,16,512,512,0,5,20,False,2.9.0+cu128,12.8,dense_nvfp4,pass,0.118050,0.071060,
module_forward,m,16,16,512,512,0,5,20,False,2.9.0+cu128,12.8,sparse_bf16,pass,0.033248,0.252304,
module_forward,m,16,16,512,512,0,5,20,False,2.9.0+cu128,12.8,sparse_nvfp4,skip,,,M%32!=0
module_forward,m,16,16,512,512,0,5,20,False,2.9.0+cu128,12.8,marlin_nvfp4,pass,0.038440,0.218226,
module_forward,m,16,16,512,1024,0,5,20,False,2.9.0+cu128,12.8,dense_bf16,pass,0.022418,0.748395,
module_forward,m,16,16,512,1024,0,5,20,False,2.9.0+cu128,12.8,dense_nvfp4,pass,0.117174,0.143182,
module_forward,m,16,16,512,1024,0,5,20,False,2.9.0+cu128,12.8,sparse_bf16,pass,0.036755,0.456458,
module_forward,m,16,16,512,1024,0,5,20,False,2.9.0+cu128,12.8,sparse_nvfp4,skip,,,M%32!=0
module_forward,m,16,16,512,1024,0,5,20,False,2.9.0+cu128,12.8,marlin_nvfp4,pass,0.038805,0.432349,
module_forward,m,16,16,512,2048,0,5,20,False,2.9.0+cu128,12.8,dense_bf16,pass,0.025246,1.329078,
module_forward,m,16,16,512,2048,0,5,20,False,2.9.0+cu128,12.8,dense_nvfp4,pass,0.118446,0.283288,
module_forward,m,16,16,512,2048,0,5,20,False,2.9.0+cu128,12.8,sparse_bf16,pass,0.047691,0.703577,
module_forward,m,16,16,512,2048,0,5,20,False,2.9.0+cu128,12.8,sparse_nvfp4,skip,,,M%32!=0
module_forward,m,16,16,512,2048,0,5,20,False,2.9.0+cu128,12.8,marlin_nvfp4,pass,0.041814,0.802461,
module_forward,m,16,16,512,4096,0,5,20,False,2.9.0+cu128,12.8,dense_bf16,pass,0.025296,2.652944,
module_forward,m,16,16,512,4096,0,5,20,False,2.9.0+cu128,12.8,dense_nvfp4,pass,0.119099,0.563470,
module_forward,m,16,16,512,4096,0,5,20,False,2.9.0+cu128,12.8,sparse_bf16,pass,0.070514,0.951715,
module_forward,m,16,16,512,4096,0,5,20,False,2.9.0+cu128,12.8,sparse_nvfp4,skip,,,M%32!=0
module_forward,m,16,16,512,4096,0,5,20,False,2.9.0+cu128,12.8,marlin_nvfp4,pass,0.042952,1.562415,
module_forward,m,16,16,512,8192,0,5,20,False,2.9.0+cu128,12.8,dense_bf16,pass,0.025229,5.320020,
module_forward,m,16,16,512,8192,0,5,20,False,2.9.0+cu128,12.8,dense_nvfp4,pass,0.135008,0.994146,
module_forward,m,16,16,512,8192,0,5,20,False,2.9.0+cu128,12.8,sparse_bf16,pass,0.115666,1.160395,
module_forward,m,16,16,512,8192,0,5,20,False,2.9.0+cu128,12.8,sparse_nvfp4,skip,,,M%32!=0
module_forward,m,16,16,512,8192,0,5,20,False,2.9.0+cu128,12.8,marlin_nvfp4,pass,0.043126,3.112194,
module_forward,m,16,16,512,16384,0,5,20,False,2.9.0+cu128,12.8,dense_bf16,pass,0.026243,10.228762,
module_forward,m,16,16,512,16384,0,5,20,False,2.9.0+cu128,12.8,dense_nvfp4,pass,0.159947,1.678275,
module_forward,m,16,16,512,16384,0,5,20,False,2.9.0+cu128,12.8,sparse_bf16,pass,0.206808,1.297994,
module_forward,m,16,16,512,16384,0,5,20,False,2.9.0+cu128,12.8,sparse_nvfp4,skip,,,M%32!=0
module_forward,m,16,16,512,16384,0,5,20,False,2.9.0+cu128,12.8,marlin_nvfp4,pass,0.046381,5.787642,
module_forward,m,16,16,1024,1,0,5,20,False,2.9.0+cu128,12.8,dense_bf16,pass,0.021682,0.001511,
module_forward,m,16,16,1024,1,0,5,20,False,2.9.0+cu128,12.8,dense_nvfp4,skip,,,K%32!=0
module_forward,m,16,16,1024,1,0,5,20,False,2.9.0+cu128,12.8,sparse_bf16,skip,,,K%64!=0
module_forward,m,16,16,1024,1,0,5,20,False,2.9.0+cu128,12.8,sparse_nvfp4,skip,,,"M%32!=0,K%64!=0"
module_forward,m,16,16,1024,1,0,5,20,False,2.9.0+cu128,12.8,marlin_nvfp4,skip,,,K%128!=0
module_forward,m,16,16,1024,2,0,5,20,False,2.9.0+cu128,12.8,dense_bf16,pass,0.022203,0.002952,
module_forward,m,16,16,1024,2,0,5,20,False,2.9.0+cu128,12.8,dense_nvfp4,skip,,,K%32!=0
module_forward,m,16,16,1024,2,0,5,20,False,2.9.0+cu128,12.8,sparse_bf16,skip,,,K%64!=0
module_forward,m,16,16,1024,2,0,5,20,False,2.9.0+cu128,12.8,sparse_nvfp4,skip,,,"M%32!=0,K%64!=0"
module_forward,m,16,16,1024,2,0,5,20,False,2.9.0+cu128,12.8,marlin_nvfp4,skip,,,K%128!=0
module_forward,m,16,16,1024,4,0,5,20,False,2.9.0+cu128,12.8,dense_bf16,pass,0.022403,0.005851,
module_forward,m,16,16,1024,4,0,5,20,False,2.9.0+cu128,12.8,dense_nvfp4,skip,,,K%32!=0
module_forward,m,16,16,1024,4,0,5,20,False,2.9.0+cu128,12.8,sparse_bf16,skip,,,K%64!=0
module_forward,m,16,16,1024,4,0,5,20,False,2.9.0+cu128,12.8,sparse_nvfp4,skip,,,"M%32!=0,K%64!=0"
module_forward,m,16,16,1024,4,0,5,20,False,2.9.0+cu128,12.8,marlin_nvfp4,skip,,,K%128!=0
module_forward,m,16,16,1024,8,0,5,20,False,2.9.0+cu128,12.8,dense_bf16,pass,0.022435,0.011684,
module_forward,m,16,16,1024,8,0,5,20,False,2.9.0+cu128,12.8,dense_nvfp4,skip,,,K%32!=0
module_forward,m,16,16,1024,8,0,5,20,False,2.9.0+cu128,12.8,sparse_bf16,skip,,,K%64!=0
module_forward,m,16,16,1024,8,0,5,20,False,2.9.0+cu128,12.8,sparse_nvfp4,skip,,,"M%32!=0,K%64!=0"
module_forward,m,16,16,1024,8,0,5,20,False,2.9.0+cu128,12.8,marlin_nvfp4,skip,,,K%128!=0
module_forward,m,16,16,1024,16,0,5,20,False,2.9.0+cu128,12.8,dense_bf16,pass,0.022245,0.023569,
module_forward,m,16,16,1024,16,0,5,20,False,2.9.0+cu128,12.8,dense_nvfp4,skip,,,K%32!=0
module_forward,m,16,16,1024,16,0,5,20,False,2.9.0+cu128,12.8,sparse_bf16,skip,,,K%64!=0
module_forward,m,16,16,1024,16,0,5,20,False,2.9.0+cu128,12.8,sparse_nvfp4,skip,,,"M%32!=0,K%64!=0"
module_forward,m,16,16,1024,16,0,5,20,False,2.9.0+cu128,12.8,marlin_nvfp4,skip,,,K%128!=0
module_forward,m,16,16,1024,32,0,5,20,False,2.9.0+cu128,12.8,dense_bf16,pass,0.022283,0.047057,
module_forward,m,16,16,1024,32,0,5,20,False,2.9.0+cu128,12.8,dense_nvfp4,pass,0.116626,0.008991,
module_forward,m,16,16,1024,32,0,5,20,False,2.9.0+cu128,12.8,sparse_bf16,skip,,,K%64!=0
module_forward,m,16,16,1024,32,0,5,20,False,2.9.0+cu128,12.8,sparse_nvfp4,skip,,,"M%32!=0,K%64!=0"
module_forward,m,16,16,1024,32,0,5,20,False,2.9.0+cu128,12.8,marlin_nvfp4,skip,,,K%128!=0
module_forward,m,16,16,1024,64,0,5,20,False,2.9.0+cu128,12.8,dense_bf16,pass,0.022235,0.094317,
module_forward,m,16,16,1024,64,0,5,20,False,2.9.0+cu128,12.8,dense_nvfp4,pass,0.116058,0.018070,
module_forward,m,16,16,1024,64,0,5,20,False,2.9.0+cu128,12.8,sparse_bf16,pass,0.032834,0.063872,
module_forward,m,16,16,1024,64,0,5,20,False,2.9.0+cu128,12.8,sparse_nvfp4,skip,,,M%32!=0
module_forward,m,16,16,1024,64,0,5,20,False,2.9.0+cu128,12.8,marlin_nvfp4,skip,,,K%128!=0
module_forward,m,16,16,1024,128,0,5,20,False,2.9.0+cu128,12.8,dense_bf16,pass,0.022285,0.188214,
module_forward,m,16,16,1024,128,0,5,20,False,2.9.0+cu128,12.8,dense_nvfp4,pass,0.116762,0.035922,
module_forward,m,16,16,1024,128,0,5,20,False,2.9.0+cu128,12.8,sparse_bf16,pass,0.032563,0.128805,
module_forward,m,16,16,1024,128,0,5,20,False,2.9.0+cu128,12.8,sparse_nvfp4,skip,,,M%32!=0
module_forward,m,16,16,1024,128,0,5,20,False,2.9.0+cu128,12.8,marlin_nvfp4,pass,0.038534,0.108846,
module_forward,m,16,16,1024,256,0,5,20,False,2.9.0+cu128,12.8,dense_bf16,pass,0.022344,0.375430,
module_forward,m,16,16,1024,256,0,5,20,False,2.9.0+cu128,12.8,dense_nvfp4,pass,0.118194,0.070973,
module_forward,m,16,16,1024,256,0,5,20,False,2.9.0+cu128,12.8,sparse_bf16,pass,0.032936,0.254694,
module_forward,m,16,16,1024,256,0,5,20,False,2.9.0+cu128,12.8,sparse_nvfp4,skip,,,M%32!=0
module_forward,m,16,16,1024,256,0,5,20,False,2.9.0+cu128,12.8,marlin_nvfp4,pass,0.037986,0.220837,
module_forward,m,16,16,1024,512,0,5,20,False,2.9.0+cu128,12.8,dense_bf16,pass,0.022469,0.746689,
module_forward,m,16,16,1024,512,0,5,20,False,2.9.0+cu128,12.8,dense_nvfp4,pass,0.117925,0.142270,
module_forward,m,16,16,1024,512,0,5,20,False,2.9.0+cu128,12.8,sparse_bf16,pass,0.032586,0.514866,
module_forward,m,16,16,1024,512,0,5,20,False,2.9.0+cu128,12.8,sparse_nvfp4,skip,,,M%32!=0
module_forward,m,16,16,1024,512,0,5,20,False,2.9.0+cu128,12.8,marlin_nvfp4,pass,0.038101,0.440338,
module_forward,m,16,16,1024,1024,0,5,20,False,2.9.0+cu128,12.8,dense_bf16,pass,0.022096,1.518575,
module_forward,m,16,16,1024,1024,0,5,20,False,2.9.0+cu128,12.8,dense_nvfp4,pass,0.116510,0.287995,
module_forward,m,16,16,1024,1024,0,5,20,False,2.9.0+cu128,12.8,sparse_bf16,pass,0.036040,0.931033,
module_forward,m,16,16,1024,1024,0,5,20,False,2.9.0+cu128,12.8,sparse_nvfp4,skip,,,M%32!=0
module_forward,m,16,16,1024,1024,0,5,20,False,2.9.0+cu128,12.8,marlin_nvfp4,pass,0.038141,0.879752,
module_forward,m,16,16,1024,2048,0,5,20,False,2.9.0+cu128,12.8,dense_bf16,pass,0.022666,2.960824,
module_forward,m,16,16,1024,2048,0,5,20,False,2.9.0+cu128,12.8,dense_nvfp4,pass,0.119048,0.563713,
module_forward,m,16,16,1024,2048,0,5,20,False,2.9.0+cu128,12.8,sparse_bf16,pass,0.047630,1.408950,
module_forward,m,16,16,1024,2048,0,5,20,False,2.9.0+cu128,12.8,sparse_nvfp4,skip,,,M%32!=0
module_forward,m,16,16,1024,2048,0,5,20,False,2.9.0+cu128,12.8,marlin_nvfp4,pass,0.039347,1.705556,
module_forward,m,16,16,1024,4096,0,5,20,False,2.9.0+cu128,12.8,dense_bf16,pass,0.025040,5.360133,
module_forward,m,16,16,1024,4096,0,5,20,False,2.9.0+cu128,12.8,dense_nvfp4,pass,0.119443,1.123695,
module_forward,m,16,16,1024,4096,0,5,20,False,2.9.0+cu128,12.8,sparse_bf16,pass,0.071299,1.882458,
module_forward,m,16,16,1024,4096,0,5,20,False,2.9.0+cu128,12.8,sparse_nvfp4,skip,,,M%32!=0
module_forward,m,16,16,1024,4096,0,5,20,False,2.9.0+cu128,12.8,marlin_nvfp4,pass,0.038432,3.492343,
module_forward,m,16,16,1024,8192,0,5,20,False,2.9.0+cu128,12.8,dense_bf16,pass,0.025634,10.472015,
module_forward,m,16,16,1024,8192,0,5,20,False,2.9.0+cu128,12.8,dense_nvfp4,pass,0.134789,1.991526,
module_forward,m,16,16,1024,8192,0,5,20,False,2.9.0+cu128,12.8,sparse_bf16,pass,0.116685,2.300518,
module_forward,m,16,16,1024,8192,0,5,20,False,2.9.0+cu128,12.8,sparse_nvfp4,skip,,,M%32!=0
module_forward,m,16,16,1024,8192,0,5,20,False,2.9.0+cu128,12.8,marlin_nvfp4,pass,0.039162,6.854558,
module_forward,m,16,16,1024,16384,0,5,20,False,2.9.0+cu128,12.8,dense_bf16,pass,0.030042,17.870916,
module_forward,m,16,16,1024,16384,0,5,20,False,2.9.0+cu128,12.8,dense_nvfp4,pass,0.159078,3.374883,
module_forward,m,16,16,1024,16384,0,5,20,False,2.9.0+cu128,12.8,sparse_bf16,pass,0.208843,2.570689,
module_forward,m,16,16,1024,16384,0,5,20,False,2.9.0+cu128,12.8,sparse_nvfp4,skip,,,M%32!=0
module_forward,m,16,16,1024,16384,0,5,20,False,2.9.0+cu128,12.8,marlin_nvfp4,pass,0.041555,12.919464,
module_forward,m,16,16,2048,1,0,5,20,False,2.9.0+cu128,12.8,dense_bf16,pass,0.021690,0.003022,
module_forward,m,16,16,2048,1,0,5,20,False,2.9.0+cu128,12.8,dense_nvfp4,skip,,,K%32!=0
module_forward,m,16,16,2048,1,0,5,20,False,2.9.0+cu128,12.8,sparse_bf16,skip,,,K%64!=0
module_forward,m,16,16,2048,1,0,5,20,False,2.9.0+cu128,12.8,sparse_nvfp4,skip,,,"M%32!=0,K%64!=0"
module_forward,m,16,16,2048,1,0,5,20,False,2.9.0+cu128,12.8,marlin_nvfp4,skip,,,K%128!=0
module_forward,m,16,16,2048,2,0,5,20,False,2.9.0+cu128,12.8,dense_bf16,pass,0.022200,0.005904,
module_forward,m,16,16,2048,2,0,5,20,False,2.9.0+cu128,12.8,dense_nvfp4,skip,,,K%32!=0
module_forward,m,16,16,2048,2,0,5,20,False,2.9.0+cu128,12.8,sparse_bf16,skip,,,K%64!=0
module_forward,m,16,16,2048,2,0,5,20,False,2.9.0+cu128,12.8,sparse_nvfp4,skip,,,"M%32!=0,K%64!=0"
module_forward,m,16,16,2048,2,0,5,20,False,2.9.0+cu128,12.8,marlin_nvfp4,skip,,,K%128!=0
module_forward,m,16,16,2048,4,0,5,20,False,2.9.0+cu128,12.8,dense_bf16,pass,0.022126,0.011848,
module_forward,m,16,16,2048,4,0,5,20,False,2.9.0+cu128,12.8,dense_nvfp4,skip,,,K%32!=0
module_forward,m,16,16,2048,4,0,5,20,False,2.9.0+cu128,12.8,sparse_bf16,skip,,,K%64!=0
module_forward,m,16,16,2048,4,0,5,20,False,2.9.0+cu128,12.8,sparse_nvfp4,skip,,,"M%32!=0,K%64!=0"
module_forward,m,16,16,2048,4,0,5,20,False,2.9.0+cu128,12.8,marlin_nvfp4,skip,,,K%128!=0
module_forward,m,16,16,2048,8,0,5,20,False,2.9.0+cu128,12.8,dense_bf16,pass,0.022214,0.023601,
module_forward,m,16,16,2048,8,0,5,20,False,2.9.0+cu128,12.8,dense_nvfp4,skip,,,K%32!=0
module_forward,m,16,16,2048,8,0,5,20,False,2.9.0+cu128,12.8,sparse_bf16,skip,,,K%64!=0
module_forward,m,16,16,2048,8,0,5,20,False,2.9.0+cu128,12.8,sparse_nvfp4,skip,,,"M%32!=0,K%64!=0"
module_forward,m,16,16,2048,8,0,5,20,False,2.9.0+cu128,12.8,marlin_nvfp4,skip,,,K%128!=0
module_forward,m,16,16,2048,16,0,5,20,False,2.9.0+cu128,12.8,dense_bf16,pass,0.025174,0.041652,
module_forward,m,16,16,2048,16,0,5,20,False,2.9.0+cu128,12.8,dense_nvfp4,skip,,,K%32!=0
module_forward,m,16,16,2048,16,0,5,20,False,2.9.0+cu128,12.8,sparse_bf16,skip,,,K%64!=0
module_forward,m,16,16,2048,16,0,5,20,False,2.9.0+cu128,12.8,sparse_nvfp4,skip,,,"M%32!=0,K%64!=0"
module_forward,m,16,16,2048,16,0,5,20,False,2.9.0+cu128,12.8,marlin_nvfp4,skip,,,K%128!=0
module_forward,m,16,16,2048,32,0,5,20,False,2.9.0+cu128,12.8,dense_bf16,pass,0.022389,0.093670,
module_forward,m,16,16,2048,32,0,5,20,False,2.9.0+cu128,12.8,dense_nvfp4,pass,0.119048,0.017616,
module_forward,m,16,16,2048,32,0,5,20,False,2.9.0+cu128,12.8,sparse_bf16,skip,,,K%64!=0
module_forward,m,16,16,2048,32,0,5,20,False,2.9.0+cu128,12.8,sparse_nvfp4,skip,,,"M%32!=0,K%64!=0"
module_forward,m,16,16,2048,32,0,5,20,False,2.9.0+cu128,12.8,marlin_nvfp4,skip,,,K%128!=0
module_forward,m,16,16,2048,64,0,5,20,False,2.9.0+cu128,12.8,dense_bf16,pass,0.022248,0.188525,
module_forward,m,16,16,2048,64,0,5,20,False,2.9.0+cu128,12.8,dense_nvfp4,pass,0.117174,0.035795,
module_forward,m,16,16,2048,64,0,5,20,False,2.9.0+cu128,12.8,sparse_bf16,pass,0.032805,0.127856,
module_forward,m,16,16,2048,64,0,5,20,False,2.9.0+cu128,12.8,sparse_nvfp4,skip,,,M%32!=0
module_forward,m,16,16,2048,64,0,5,20,False,2.9.0+cu128,12.8,marlin_nvfp4,skip,,,K%128!=0
module_forward,m,16,16,2048,128,0,5,20,False,2.9.0+cu128,12.8,dense_bf16,pass,0.022664,0.370129,
module_forward,m,16,16,2048,128,0,5,20,False,2.9.0+cu128,12.8,dense_nvfp4,pass,0.118197,0.070972,
module_forward,m,16,16,2048,128,0,5,20,False,2.9.0+cu128,12.8,sparse_bf16,pass,0.033317,0.251783,
module_forward,m,16,16,2048,128,0,5,20,False,2.9.0+cu128,12.8,sparse_nvfp4,skip,,,M%32!=0
module_forward,m,16,16,2048,128,0,5,20,False,2.9.0+cu128,12.8,marlin_nvfp4,pass,0.038507,0.217845,
module_forward,m,16,16,2048,256,0,5,20,False,2.9.0+cu128,12.8,dense_bf16,pass,0.022254,0.753883,
module_forward,m,16,16,2048,256,0,5,20,False,2.9.0+cu128,12.8,dense_nvfp4,pass,0.117650,0.142603,
module_forward,m,16,16,2048,256,0,5,20,False,2.9.0+cu128,12.8,sparse_bf16,pass,0.032954,0.509116,
module_forward,m,16,16,2048,256,0,5,20,False,2.9.0+cu128,12.8,sparse_nvfp4,skip,,,M%32!=0
module_forward,m,16,16,2048,256,0,5,20,False,2.9.0+cu128,12.8,marlin_nvfp4,pass,0.039011,0.430062,
module_forward,m,16,16,2048,512,0,5,20,False,2.9.0+cu128,12.8,dense_bf16,pass,0.022206,1.511025,
module_forward,m,16,16,2048,512,0,5,20,False,2.9.0+cu128,12.8,dense_nvfp4,pass,0.116752,0.287399,
module_forward,m,16,16,2048,512,0,5,20,False,2.9.0+cu128,12.8,sparse_bf16,pass,0.034098,0.984070,
module_forward,m,16,16,2048,512,0,5,20,False,2.9.0+cu128,12.8,sparse_nvfp4,skip,,,M%32!=0
module_forward,m,16,16,2048,512,0,5,20,False,2.9.0+cu128,12.8,marlin_nvfp4,pass,0.038298,0.876150,
module_forward,m,16,16,2048,1024,0,5,20,False,2.9.0+cu128,12.8,dense_bf16,pass,0.022374,2.999359,
module_forward,m,16,16,2048,1024,0,5,20,False,2.9.0+cu128,12.8,dense_nvfp4,pass,0.118142,0.568034,
module_forward,m,16,16,2048,1024,0,5,20,False,2.9.0+cu128,12.8,sparse_bf16,pass,0.036174,1.855148,
module_forward,m,16,16,2048,1024,0,5,20,False,2.9.0+cu128,12.8,sparse_nvfp4,skip,,,M%32!=0
module_forward,m,16,16,2048,1024,0,5,20,False,2.9.0+cu128,12.8,marlin_nvfp4,pass,0.037984,1.766767,
module_forward,m,16,16,2048,2048,0,5,20,False,2.9.0+cu128,12.8,dense_bf16,pass,0.022848,5.874375,
module_forward,m,16,16,2048,2048,0,5,20,False,2.9.0+cu128,12.8,dense_nvfp4,pass,0.116419,1.152883,
module_forward,m,16,16,2048,2048,0,5,20,False,2.9.0+cu128,12.8,sparse_bf16,pass,0.048190,2.785155,
module_forward,m,16,16,2048,2048,0,5,20,False,2.9.0+cu128,12.8,sparse_nvfp4,skip,,,M%32!=0
module_forward,m,16,16,2048,2048,0,5,20,False,2.9.0+cu128,12.8,marlin_nvfp4,pass,0.037958,3.535916,
module_forward,m,16,16,2048,4096,0,5,20,False,2.9.0+cu128,12.8,dense_bf16,pass,0.030387,8.833833,
module_forward,m,16,16,2048,4096,0,5,20,False,2.9.0+cu128,12.8,dense_nvfp4,pass,0.118798,2.259588,
module_forward,m,16,16,2048,4096,0,5,20,False,2.9.0+cu128,12.8,sparse_bf16,pass,0.070594,3.802547,
module_forward,m,16,16,2048,4096,0,5,20,False,2.9.0+cu128,12.8,sparse_nvfp4,skip,,,M%32!=0
module_forward,m,16,16,2048,4096,0,5,20,False,2.9.0+cu128,12.8,marlin_nvfp4,pass,0.037960,7.071535,
module_forward,m,16,16,2048,8192,0,5,20,False,2.9.0+cu128,12.8,dense_bf16,pass,0.045629,11.766054,
module_forward,m,16,16,2048,8192,0,5,20,False,2.9.0+cu128,12.8,dense_nvfp4,pass,0.134595,3.988782,
module_forward,m,16,16,2048,8192,0,5,20,False,2.9.0+cu128,12.8,sparse_bf16,pass,0.116400,4.612293,
module_forward,m,16,16,2048,8192,0,5,20,False,2.9.0+cu128,12.8,sparse_nvfp4,skip,,,M%32!=0
module_forward,m,16,16,2048,8192,0,5,20,False,2.9.0+cu128,12.8,marlin_nvfp4,pass,0.038653,13.889574,
module_forward,m,16,16,2048,16384,0,5,20,False,2.9.0+cu128,12.8,dense_bf16,pass,0.044154,24.318330,
module_forward,m,16,16,2048,16384,0,5,20,False,2.9.0+cu128,12.8,dense_nvfp4,pass,0.161045,6.667349,
module_forward,m,16,16,2048,16384,0,5,20,False,2.9.0+cu128,12.8,sparse_bf16,pass,0.208717,5.144492,
module_forward,m,16,16,2048,16384,0,5,20,False,2.9.0+cu128,12.8,sparse_nvfp4,skip,,,M%32!=0
module_forward,m,16,16,2048,16384,0,5,20,False,2.9.0+cu128,12.8,marlin_nvfp4,pass,0.040733,26.360619,
module_forward,m,16,16,4096,1,0,5,20,False,2.9.0+cu128,12.8,dense_bf16,pass,0.021406,0.006123,
module_forward,m,16,16,4096,1,0,5,20,False,2.9.0+cu128,12.8,dense_nvfp4,skip,,,K%32!=0
module_forward,m,16,16,4096,1,0,5,20,False,2.9.0+cu128,12.8,sparse_bf16,skip,,,K%64!=0
module_forward,m,16,16,4096,1,0,5,20,False,2.9.0+cu128,12.8,sparse_nvfp4,skip,,,"M%32!=0,K%64!=0"
module_forward,m,16,16,4096,1,0,5,20,False,2.9.0+cu128,12.8,marlin_nvfp4,skip,,,K%128!=0
module_forward,m,16,16,4096,2,0,5,20,False,2.9.0+cu128,12.8,dense_bf16,pass,0.022419,0.011693,
module_forward,m,16,16,4096,2,0,5,20,False,2.9.0+cu128,12.8,dense_nvfp4,skip,,,K%32!=0
module_forward,m,16,16,4096,2,0,5,20,False,2.9.0+cu128,12.8,sparse_bf16,skip,,,K%64!=0
module_forward,m,16,16,4096,2,0,5,20,False,2.9.0+cu128,12.8,sparse_nvfp4,skip,,,"M%32!=0,K%64!=0"
module_forward,m,16,16,4096,2,0,5,20,False,2.9.0+cu128,12.8,marlin_nvfp4,skip,,,K%128!=0
module_forward,m,16,16,4096,4,0,5,20,False,2.9.0+cu128,12.8,dense_bf16,pass,0.022280,0.023532,
module_forward,m,16,16,4096,4,0,5,20,False,2.9.0+cu128,12.8,dense_nvfp4,skip,,,K%32!=0
module_forward,m,16,16,4096,4,0,5,20,False,2.9.0+cu128,12.8,sparse_bf16,skip,,,K%64!=0
module_forward,m,16,16,4096,4,0,5,20,False,2.9.0+cu128,12.8,sparse_nvfp4,skip,,,"M%32!=0,K%64!=0"
module_forward,m,16,16,4096,4,0,5,20,False,2.9.0+cu128,12.8,marlin_nvfp4,skip,,,K%128!=0
module_forward,m,16,16,4096,8,0,5,20,False,2.9.0+cu128,12.8,dense_bf16,pass,0.022666,0.046263,
module_forward,m,16,16,4096,8,0,5,20,False,2.9.0+cu128,12.8,dense_nvfp4,skip,,,K%32!=0
module_forward,m,16,16,4096,8,0,5,20,False,2.9.0+cu128,12.8,sparse_bf16,skip,,,K%64!=0
module_forward,m,16,16,4096,8,0,5,20,False,2.9.0+cu128,12.8,sparse_nvfp4,skip,,,"M%32!=0,K%64!=0"
module_forward,m,16,16,4096,8,0,5,20,False,2.9.0+cu128,12.8,marlin_nvfp4,skip,,,K%128!=0
module_forward,m,16,16,4096,16,0,5,20,False,2.9.0+cu128,12.8,dense_bf16,pass,0.022179,0.094555,
module_forward,m,16,16,4096,16,0,5,20,False,2.9.0+cu128,12.8,dense_nvfp4,skip,,,K%32!=0
module_forward,m,16,16,4096,16,0,5,20,False,2.9.0+cu128,12.8,sparse_bf16,skip,,,K%64!=0
module_forward,m,16,16,4096,16,0,5,20,False,2.9.0+cu128,12.8,sparse_nvfp4,skip,,,"M%32!=0,K%64!=0"
module_forward,m,16,16,4096,16,0,5,20,False,2.9.0+cu128,12.8,marlin_nvfp4,skip,,,K%128!=0
module_forward,m,16,16,4096,32,0,5,20,False,2.9.0+cu128,12.8,dense_bf16,pass,0.022222,0.188742,
module_forward,m,16,16,4096,32,0,5,20,False,2.9.0+cu128,12.8,dense_nvfp4,pass,0.116848,0.035895,
module_forward,m,16,16,4096,32,0,5,20,False,2.9.0+cu128,12.8,sparse_bf16,skip,,,K%64!=0
module_forward,m,16,16,4096,32,0,5,20,False,2.9.0+cu128,12.8,sparse_nvfp4,skip,,,"M%32!=0,K%64!=0"
module_forward,m,16,16,4096,32,0,5,20,False,2.9.0+cu128,12.8,marlin_nvfp4,skip,,,K%128!=0
module_forward,m,16,16,4096,64,0,5,20,False,2.9.0+cu128,12.8,dense_bf16,pass,0.021843,0.384038,
module_forward,m,16,16,4096,64,0,5,20,False,2.9.0+cu128,12.8,dense_nvfp4,pass,0.117440,0.071429,
module_forward,m,16,16,4096,64,0,5,20,False,2.9.0+cu128,12.8,sparse_bf16,pass,0.032821,0.255588,
module_forward,m,16,16,4096,64,0,5,20,False,2.9.0+cu128,12.8,sparse_nvfp4,skip,,,M%32!=0
module_forward,m,16,16,4096,64,0,5,20,False,2.9.0+cu128,12.8,marlin_nvfp4,skip,,,K%128!=0
module_forward,m,16,16,4096,128,0,5,20,False,2.9.0+cu128,12.8,dense_bf16,pass,0.022493,0.745893,
module_forward,m,16,16,4096,128,0,5,20,False,2.9.0+cu128,12.8,dense_nvfp4,pass,0.116542,0.143958,
module_forward,m,16,16,4096,128,0,5,20,False,2.9.0+cu128,12.8,sparse_bf16,pass,0.032640,0.514008,
module_forward,m,16,16,4096,128,0,5,20,False,2.9.0+cu128,12.8,sparse_nvfp4,skip,,,M%32!=0
module_forward,m,16,16,4096,128,0,5,20,False,2.9.0+cu128,12.8,marlin_nvfp4,pass,0.038234,0.438808,
module_forward,m,16,16,4096,256,0,5,20,False,2.9.0+cu128,12.8,dense_bf16,pass,0.022450,1.494656,
module_forward,m,16,16,4096,256,0,5,20,False,2.9.0+cu128,12.8,dense_nvfp4,pass,0.117395,0.285825,
module_forward,m,16,16,4096,256,0,5,20,False,2.9.0+cu128,12.8,sparse_bf16,pass,0.032832,1.022004,
module_forward,m,16,16,4096,256,0,5,20,False,2.9.0+cu128,12.8,sparse_nvfp4,skip,,,M%32!=0
module_forward,m,16,16,4096,256,0,5,20,False,2.9.0+cu128,12.8,marlin_nvfp4,pass,0.038363,0.874652,
module_forward,m,16,16,4096,512,0,5,20,False,2.9.0+cu128,12.8,dense_bf16,pass,0.022525,2.979332,
module_forward,m,16,16,4096,512,0,5,20,False,2.9.0+cu128,12.8,dense_nvfp4,pass,0.118802,0.564882,
module_forward,m,16,16,4096,512,0,5,20,False,2.9.0+cu128,12.8,sparse_bf16,pass,0.032482,2.066058,
module_forward,m,16,16,4096,512,0,5,20,False,2.9.0+cu128,12.8,sparse_nvfp4,skip,,,M%32!=0
module_forward,m,16,16,4096,512,0,5,20,False,2.9.0+cu128,12.8,marlin_nvfp4,pass,0.039434,1.701819,
module_forward,m,16,16,4096,1024,0,5,20,False,2.9.0+cu128,12.8,dense_bf16,pass,0.022699,5.912884,
module_forward,m,16,16,4096,1024,0,5,20,False,2.9.0+cu128,12.8,dense_nvfp4,pass,0.118738,1.130373,
module_forward,m,16,16,4096,1024,0,5,20,False,2.9.0+cu128,12.8,sparse_bf16,pass,0.037206,3.607383,
module_forward,m,16,16,4096,1024,0,5,20,False,2.9.0+cu128,12.8,sparse_nvfp4,skip,,,M%32!=0
module_forward,m,16,16,4096,1024,0,5,20,False,2.9.0+cu128,12.8,marlin_nvfp4,pass,0.038208,3.512817,
module_forward,m,16,16,4096,2048,0,5,20,False,2.9.0+cu128,12.8,dense_bf16,pass,0.023894,11.234241,
module_forward,m,16,16,4096,2048,0,5,20,False,2.9.0+cu128,12.8,dense_nvfp4,pass,0.115474,2.324648,
module_forward,m,16,16,4096,2048,0,5,20,False,2.9.0+cu128,12.8,sparse_bf16,pass,0.048070,5.584215,
module_forward,m,16,16,4096,2048,0,5,20,False,2.9.0+cu128,12.8,sparse_nvfp4,skip,,,M%32!=0
module_forward,m,16,16,4096,2048,0,5,20,False,2.9.0+cu128,12.8,marlin_nvfp4,pass,0.038949,6.892008,
module_forward,m,16,16,4096,4096,0,5,20,False,2.9.0+cu128,12.8,dense_bf16,pass,0.032114,16.717867,
module_forward,m,16,16,4096,4096,0,5,20,False,2.9.0+cu128,12.8,dense_nvfp4,pass,0.118747,4.521125,
module_forward,m,16,16,4096,4096,0,5,20,False,2.9.0+cu128,12.8,sparse_bf16,pass,0.071085,7.552542,
module_forward,m,16,16,4096,4096,0,5,20,False,2.9.0+cu128,12.8,sparse_nvfp4,skip,,,M%32!=0
module_forward,m,16,16,4096,4096,0,5,20,False,2.9.0+cu128,12.8,marlin_nvfp4,pass,0.038323,14.009031,
module_forward,m,16,16,4096,8192,0,5,20,False,2.9.0+cu128,12.8,dense_bf16,pass,0.048850,21.980565,
module_forward,m,16,16,4096,8192,0,5,20,False,2.9.0+cu128,12.8,dense_nvfp4,pass,0.135304,7.935773,
module_forward,m,16,16,4096,8192,0,5,20,False,2.9.0+cu128,12.8,sparse_bf16,pass,0.116104,9.248104,
module_forward,m,16,16,4096,8192,0,5,20,False,2.9.0+cu128,12.8,sparse_nvfp4,skip,,,M%32!=0
module_forward,m,16,16,4096,8192,0,5,20,False,2.9.0+cu128,12.8,marlin_nvfp4,pass,0.038606,27.812534,
module_forward,m,16,16,4096,16384,0,5,20,False,2.9.0+cu128,12.8,dense_bf16,pass,0.118117,18.181018,
module_forward,m,16,16,4096,16384,0,5,20,False,2.9.0+cu128,12.8,dense_nvfp4,pass,0.160462,13.383096,
module_forward,m,16,16,4096,16384,0,5,20,False,2.9.0+cu128,12.8,sparse_bf16,pass,0.208528,10.298299,
module_forward,m,16,16,4096,16384,0,5,20,False,2.9.0+cu128,12.8,sparse_nvfp4,skip,,,M%32!=0
module_forward,m,16,16,4096,16384,0,5,20,False,2.9.0+cu128,12.8,marlin_nvfp4,pass,0.045371,47.331427,
module_forward,m,16,16,8192,1,0,5,20,False,2.9.0+cu128,12.8,dense_bf16,pass,0.022042,0.011893,
module_forward,m,16,16,8192,1,0,5,20,False,2.9.0+cu128,12.8,dense_nvfp4,skip,,,K%32!=0
module_forward,m,16,16,8192,1,0,5,20,False,2.9.0+cu128,12.8,sparse_bf16,skip,,,K%64!=0
module_forward,m,16,16,8192,1,0,5,20,False,2.9.0+cu128,12.8,sparse_nvfp4,skip,,,"M%32!=0,K%64!=0"
module_forward,m,16,16,8192,1,0,5,20,False,2.9.0+cu128,12.8,marlin_nvfp4,skip,,,K%128!=0
module_forward,m,16,16,8192,2,0,5,20,False,2.9.0+cu128,12.8,dense_bf16,pass,0.022326,0.023483,
module_forward,m,16,16,8192,2,0,5,20,False,2.9.0+cu128,12.8,dense_nvfp4,skip,,,K%32!=0
module_forward,m,16,16,8192,2,0,5,20,False,2.9.0+cu128,12.8,sparse_bf16,skip,,,K%64!=0
module_forward,m,16,16,8192,2,0,5,20,False,2.9.0+cu128,12.8,sparse_nvfp4,skip,,,"M%32!=0,K%64!=0"
module_forward,m,16,16,8192,2,0,5,20,False,2.9.0+cu128,12.8,marlin_nvfp4,skip,,,K%128!=0
module_forward,m,16,16,8192,4,0,5,20,False,2.9.0+cu128,12.8,dense_bf16,pass,0.022422,0.046765,
module_forward,m,16,16,8192,4,0,5,20,False,2.9.0+cu128,12.8,dense_nvfp4,skip,,,K%32!=0
module_forward,m,16,16,8192,4,0,5,20,False,2.9.0+cu128,12.8,sparse_bf16,skip,,,K%64!=0
module_forward,m,16,16,8192,4,0,5,20,False,2.9.0+cu128,12.8,sparse_nvfp4,skip,,,"M%32!=0,K%64!=0"
module_forward,m,16,16,8192,4,0,5,20,False,2.9.0+cu128,12.8,marlin_nvfp4,skip,,,K%128!=0
module_forward,m,16,16,8192,8,0,5,20,False,2.9.0+cu128,12.8,dense_bf16,pass,0.022349,0.093837,
module_forward,m,16,16,8192,8,0,5,20,False,2.9.0+cu128,12.8,dense_nvfp4,skip,,,K%32!=0
module_forward,m,16,16,8192,8,0,5,20,False,2.9.0+cu128,12.8,sparse_bf16,skip,,,K%64!=0
module_forward,m,16,16,8192,8,0,5,20,False,2.9.0+cu128,12.8,sparse_nvfp4,skip,,,"M%32!=0,K%64!=0"
module_forward,m,16,16,8192,8,0,5,20,False,2.9.0+cu128,12.8,marlin_nvfp4,skip,,,K%128!=0
module_forward,m,16,16,8192,16,0,5,20,False,2.9.0+cu128,12.8,dense_bf16,pass,0.022184,0.189069,
module_forward,m,16,16,8192,16,0,5,20,False,2.9.0+cu128,12.8,dense_nvfp4,skip,,,K%32!=0
module_forward,m,16,16,8192,16,0,5,20,False,2.9.0+cu128,12.8,sparse_bf16,skip,,,K%64!=0
module_forward,m,16,16,8192,16,0,5,20,False,2.9.0+cu128,12.8,sparse_nvfp4,skip,,,"M%32!=0,K%64!=0"
module_forward,m,16,16,8192,16,0,5,20,False,2.9.0+cu128,12.8,marlin_nvfp4,skip,,,K%128!=0
module_forward,m,16,16,8192,32,0,5,20,False,2.9.0+cu128,12.8,dense_bf16,pass,0.022091,0.379726,
module_forward,m,16,16,8192,32,0,5,20,False,2.9.0+cu128,12.8,dense_nvfp4,pass,0.116826,0.071805,
module_forward,m,16,16,8192,32,0,5,20,False,2.9.0+cu128,12.8,sparse_bf16,skip,,,K%64!=0
module_forward,m,16,16,8192,32,0,5,20,False,2.9.0+cu128,12.8,sparse_nvfp4,skip,,,"M%32!=0,K%64!=0"
module_forward,m,16,16,8192,32,0,5,20,False,2.9.0+cu128,12.8,marlin_nvfp4,skip,,,K%128!=0
module_forward,m,16,16,8192,64,0,5,20,False,2.9.0+cu128,12.8,dense_bf16,pass,0.022426,0.748128,
module_forward,m,16,16,8192,64,0,5,20,False,2.9.0+cu128,12.8,dense_nvfp4,pass,0.117702,0.142539,
module_forward,m,16,16,8192,64,0,5,20,False,2.9.0+cu128,12.8,sparse_bf16,pass,0.032722,0.512726,
module_forward,m,16,16,8192,64,0,5,20,False,2.9.0+cu128,12.8,sparse_nvfp4,skip,,,M%32!=0
module_forward,m,16,16,8192,64,0,5,20,False,2.9.0+cu128,12.8,marlin_nvfp4,skip,,,K%128!=0
module_forward,m,16,16,8192,128,0,5,20,False,2.9.0+cu128,12.8,dense_bf16,pass,0.022413,1.497110,
module_forward,m,16,16,8192,128,0,5,20,False,2.9.0+cu128,12.8,dense_nvfp4,pass,0.116923,0.286978,
module_forward,m,16,16,8192,128,0,5,20,False,2.9.0+cu128,12.8,sparse_bf16,pass,0.032346,1.037372,
module_forward,m,16,16,8192,128,0,5,20,False,2.9.0+cu128,12.8,sparse_nvfp4,skip,,,M%32!=0
module_forward,m,16,16,8192,128,0,5,20,False,2.9.0+cu128,12.8,marlin_nvfp4,pass,0.038422,0.873304,
module_forward,m,16,16,8192,256,0,5,20,False,2.9.0+cu128,12.8,dense_bf16,pass,0.022499,2.982722,
module_forward,m,16,16,8192,256,0,5,20,False,2.9.0+cu128,12.8,dense_nvfp4,pass,0.118797,0.564905,
module_forward,m,16,16,8192,256,0,5,20,False,2.9.0+cu128,12.8,sparse_bf16,pass,0.033230,2.019502,
module_forward,m,16,16,8192,256,0,5,20,False,2.9.0+cu128,12.8,sparse_nvfp4,skip,,,M%32!=0
module_forward,m,16,16,8192,256,0,5,20,False,2.9.0+cu128,12.8,marlin_nvfp4,pass,0.038189,1.757292,
module_forward,m,16,16,8192,512,0,5,20,False,2.9.0+cu128,12.8,dense_bf16,pass,0.022286,6.022405,
module_forward,m,16,16,8192,512,0,5,20,False,2.9.0+cu128,12.8,dense_nvfp4,pass,0.118472,1.132907,
module_forward,m,16,16,8192,512,0,5,20,False,2.9.0+cu128,12.8,sparse_bf16,pass,0.033334,4.026403,
module_forward,m,16,16,8192,512,0,5,20,False,2.9.0+cu128,12.8,sparse_nvfp4,skip,,,M%32!=0
module_forward,m,16,16,8192,512,0,5,20,False,2.9.0+cu128,12.8,marlin_nvfp4,pass,0.038494,3.486682,
module_forward,m,16,16,8192,1024,0,5,20,False,2.9.0+cu128,12.8,dense_bf16,pass,0.022874,11.735602,
module_forward,m,16,16,8192,1024,0,5,20,False,2.9.0+cu128,12.8,dense_nvfp4,pass,0.117246,2.289498,
module_forward,m,16,16,8192,1024,0,5,20,False,2.9.0+cu128,12.8,sparse_bf16,pass,0.036528,7.348759,
module_forward,m,16,16,8192,1024,0,5,20,False,2.9.0+cu128,12.8,sparse_nvfp4,skip,,,M%32!=0
module_forward,m,16,16,8192,1024,0,5,20,False,2.9.0+cu128,12.8,marlin_nvfp4,pass,0.038250,7.017994,
module_forward,m,16,16,8192,2048,0,5,20,False,2.9.0+cu128,12.8,dense_bf16,pass,0.025781,20.824448,
module_forward,m,16,16,8192,2048,0,5,20,False,2.9.0+cu128,12.8,dense_nvfp4,pass,0.117426,4.572009,
module_forward,m,16,16,8192,2048,0,5,20,False,2.9.0+cu128,12.8,sparse_bf16,pass,0.047965,11.193019,
module_forward,m,16,16,8192,2048,0,5,20,False,2.9.0+cu128,12.8,sparse_nvfp4,skip,,,M%32!=0
module_forward,m,16,16,8192,2048,0,5,20,False,2.9.0+cu128,12.8,marlin_nvfp4,pass,0.038803,13.835738,
module_forward,m,16,16,8192,4096,0,5,20,False,2.9.0+cu128,12.8,dense_bf16,pass,0.034470,31.149677,
module_forward,m,16,16,8192,4096,0,5,20,False,2.9.0+cu128,12.8,dense_nvfp4,pass,0.124765,8.606128,
module_forward,m,16,16,8192,4096,0,5,20,False,2.9.0+cu128,12.8,sparse_bf16,pass,0.071797,14.955288,
module_forward,m,16,16,8192,4096,0,5,20,False,2.9.0+cu128,12.8,sparse_nvfp4,skip,,,M%32!=0
module_forward,m,16,16,8192,4096,0,5,20,False,2.9.0+cu128,12.8,marlin_nvfp4,pass,0.038302,28.033278,
module_forward,m,16,16,8192,8192,0,5,20,False,2.9.0+cu128,12.8,dense_bf16,pass,0.100005,21.473805,
module_forward,m,16,16,8192,8192,0,5,20,False,2.9.0+cu128,12.8,dense_nvfp4,pass,0.144616,14.849558,
module_forward,m,16,16,8192,8192,0,5,20,False,2.9.0+cu128,12.8,sparse_bf16,pass,0.116962,18.360587,
module_forward,m,16,16,8192,8192,0,5,20,False,2.9.0+cu128,12.8,sparse_nvfp4,skip,,,M%32!=0
module_forward,m,16,16,8192,8192,0,5,20,False,2.9.0+cu128,12.8,marlin_nvfp4,pass,0.043774,49.057980,
module_forward,m,16,16,8192,16384,0,5,20,False,2.9.0+cu128,12.8,dense_bf16,pass,0.181242,23.697470,
module_forward,m,16,16,8192,16384,0,5,20,False,2.9.0+cu128,12.8,dense_nvfp4,pass,0.180339,23.816049,
module_forward,m,16,16,8192,16384,0,5,20,False,2.9.0+cu128,12.8,sparse_bf16,pass,0.209296,20.521020,
module_forward,m,16,16,8192,16384,0,5,20,False,2.9.0+cu128,12.8,sparse_nvfp4,skip,,,M%32!=0
module_forward,m,16,16,8192,16384,0,5,20,False,2.9.0+cu128,12.8,marlin_nvfp4,pass,0.054429,78.909829,
module_forward,m,16,16,16384,1,0,5,20,False,2.9.0+cu128,12.8,dense_bf16,pass,0.021408,0.024490,
module_forward,m,16,16,16384,1,0,5,20,False,2.9.0+cu128,12.8,dense_nvfp4,skip,,,K%32!=0
module_forward,m,16,16,16384,1,0,5,20,False,2.9.0+cu128,12.8,sparse_bf16,skip,,,K%64!=0
module_forward,m,16,16,16384,1,0,5,20,False,2.9.0+cu128,12.8,sparse_nvfp4,skip,,,"M%32!=0,K%64!=0"
module_forward,m,16,16,16384,1,0,5,20,False,2.9.0+cu128,12.8,marlin_nvfp4,skip,,,K%128!=0
module_forward,m,16,16,16384,2,0,5,20,False,2.9.0+cu128,12.8,dense_bf16,pass,0.022309,0.047003,
module_forward,m,16,16,16384,2,0,5,20,False,2.9.0+cu128,12.8,dense_nvfp4,skip,,,K%32!=0
module_forward,m,16,16,16384,2,0,5,20,False,2.9.0+cu128,12.8,sparse_bf16,skip,,,K%64!=0
module_forward,m,16,16,16384,2,0,5,20,False,2.9.0+cu128,12.8,sparse_nvfp4,skip,,,"M%32!=0,K%64!=0"
module_forward,m,16,16,16384,2,0,5,20,False,2.9.0+cu128,12.8,marlin_nvfp4,skip,,,K%128!=0
module_forward,m,16,16,16384,4,0,5,20,False,2.9.0+cu128,12.8,dense_bf16,pass,0.022318,0.093965,
module_forward,m,16,16,16384,4,0,5,20,False,2.9.0+cu128,12.8,dense_nvfp4,skip,,,K%32!=0
module_forward,m,16,16,16384,4,0,5,20,False,2.9.0+cu128,12.8,sparse_bf16,skip,,,K%64!=0
module_forward,m,16,16,16384,4,0,5,20,False,2.9.0+cu128,12.8,sparse_nvfp4,skip,,,"M%32!=0,K%64!=0"
module_forward,m,16,16,16384,4,0,5,20,False,2.9.0+cu128,12.8,marlin_nvfp4,skip,,,K%128!=0
module_forward,m,16,16,16384,8,0,5,20,False,2.9.0+cu128,12.8,dense_bf16,pass,0.022176,0.189137,
module_forward,m,16,16,16384,8,0,5,20,False,2.9.0+cu128,12.8,dense_nvfp4,skip,,,K%32!=0
module_forward,m,16,16,16384,8,0,5,20,False,2.9.0+cu128,12.8,sparse_bf16,skip,,,K%64!=0
module_forward,m,16,16,16384,8,0,5,20,False,2.9.0+cu128,12.8,sparse_nvfp4,skip,,,"M%32!=0,K%64!=0"
module_forward,m,16,16,16384,8,0,5,20,False,2.9.0+cu128,12.8,marlin_nvfp4,skip,,,K%128!=0
module_forward,m,16,16,16384,16,0,5,20,False,2.9.0+cu128,12.8,dense_bf16,pass,0.022174,0.378301,
module_forward,m,16,16,16384,16,0,5,20,False,2.9.0+cu128,12.8,dense_nvfp4,skip,,,K%32!=0
module_forward,m,16,16,16384,16,0,5,20,False,2.9.0+cu128,12.8,sparse_bf16,skip,,,K%64!=0
module_forward,m,16,16,16384,16,0,5,20,False,2.9.0+cu128,12.8,sparse_nvfp4,skip,,,"M%32!=0,K%64!=0"
module_forward,m,16,16,16384,16,0,5,20,False,2.9.0+cu128,12.8,marlin_nvfp4,skip,,,K%128!=0
module_forward,m,16,16,16384,32,0,5,20,False,2.9.0+cu128,12.8,dense_bf16,pass,0.022123,0.758354,
module_forward,m,16,16,16384,32,0,5,20,False,2.9.0+cu128,12.8,dense_nvfp4,error,,,module output contains NaN/Inf
module_forward,m,16,16,16384,32,0,5,20,False,2.9.0+cu128,12.8,sparse_bf16,skip,,,K%64!=0
module_forward,m,16,16,16384,32,0,5,20,False,2.9.0+cu128,12.8,sparse_nvfp4,skip,,,"M%32!=0,K%64!=0"
module_forward,m,16,16,16384,32,0,5,20,False,2.9.0+cu128,12.8,marlin_nvfp4,skip,,,K%128!=0
module_forward,m,16,16,16384,64,0,5,20,False,2.9.0+cu128,12.8,dense_bf16,pass,0.022344,1.501720,
module_forward,m,16,16,16384,64,0,5,20,False,2.9.0+cu128,12.8,dense_nvfp4,pass,0.116730,0.287454,
module_forward,m,16,16,16384,64,0,5,20,False,2.9.0+cu128,12.8,sparse_bf16,pass,0.032774,1.023800,
module_forward,m,16,16,16384,64,0,5,20,False,2.9.0+cu128,12.8,sparse_nvfp4,skip,,,M%32!=0
module_forward,m,16,16,16384,64,0,5,20,False,2.9.0+cu128,12.8,marlin_nvfp4,skip,,,K%128!=0
module_forward,m,16,16,16384,128,0,5,20,False,2.9.0+cu128,12.8,dense_bf16,pass,0.022301,3.009258,
module_forward,m,16,16,16384,128,0,5,20,False,2.9.0+cu128,12.8,dense_nvfp4,pass,0.117162,0.572789,
module_forward,m,16,16,16384,128,0,5,20,False,2.9.0+cu128,12.8,sparse_bf16,pass,0.032418,2.070137,
module_forward,m,16,16,16384,128,0,5,20,False,2.9.0+cu128,12.8,sparse_nvfp4,skip,,,M%32!=0
module_forward,m,16,16,16384,128,0,5,20,False,2.9.0+cu128,12.8,marlin_nvfp4,pass,0.038611,1.738067,
module_forward,m,16,16,16384,256,0,5,20,False,2.9.0+cu128,12.8,dense_bf16,pass,0.022315,6.014633,
module_forward,m,16,16,16384,256,0,5,20,False,2.9.0+cu128,12.8,dense_nvfp4,pass,0.116954,1.147615,
module_forward,m,16,16,16384,256,0,5,20,False,2.9.0+cu128,12.8,sparse_bf16,pass,0.032480,4.132319,
module_forward,m,16,16,16384,256,0,5,20,False,2.9.0+cu128,12.8,sparse_nvfp4,skip,,,M%32!=0
module_forward,m,16,16,16384,256,0,5,20,False,2.9.0+cu128,12.8,marlin_nvfp4,pass,0.038557,3.481039,
module_forward,m,16,16,16384,512,0,5,20,False,2.9.0+cu128,12.8,dense_bf16,pass,0.022560,11.898735,
module_forward,m,16,16,16384,512,0,5,20,False,2.9.0+cu128,12.8,dense_nvfp4,pass,0.122157,2.197466,
module_forward,m,16,16,16384,512,0,5,20,False,2.9.0+cu128,12.8,sparse_bf16,pass,0.033178,8.090864,
module_forward,m,16,16,16384,512,0,5,20,False,2.9.0+cu128,12.8,sparse_nvfp4,skip,,,M%32!=0
module_forward,m,16,16,16384,512,0,5,20,False,2.9.0+cu128,12.8,marlin_nvfp4,pass,0.038496,6.973074,
module_forward,m,16,16,16384,1024,0,5,20,False,2.9.0+cu128,12.8,dense_bf16,pass,0.027550,19.486865,
module_forward,m,16,16,16384,1024,0,5,20,False,2.9.0+cu128,12.8,dense_nvfp4,pass,0.120354,4.460780,
module_forward,m,16,16,16384,1024,0,5,20,False,2.9.0+cu128,12.8,sparse_bf16,pass,0.036714,14.623216,
module_forward,m,16,16,16384,1024,0,5,20,False,2.9.0+cu128,12.8,sparse_nvfp4,skip,,,M%32!=0
module_forward,m,16,16,16384,1024,0,5,20,False,2.9.0+cu128,12.8,marlin_nvfp4,pass,0.038870,13.811819,
module_forward,m,16,16,16384,2048,0,5,20,False,2.9.0+cu128,12.8,dense_bf16,pass,0.037813,28.396253,
module_forward,m,16,16,16384,2048,0,5,20,False,2.9.0+cu128,12.8,dense_nvfp4,pass,0.126050,8.518407,
module_forward,m,16,16,16384,2048,0,5,20,False,2.9.0+cu128,12.8,sparse_bf16,pass,0.049064,21.884515,
module_forward,m,16,16,16384,2048,0,5,20,False,2.9.0+cu128,12.8,sparse_nvfp4,skip,,,M%32!=0
module_forward,m,16,16,16384,2048,0,5,20,False,2.9.0+cu128,12.8,marlin_nvfp4,pass,0.038920,27.588433,
module_forward,m,16,16,16384,4096,0,5,20,False,2.9.0+cu128,12.8,dense_bf16,pass,0.106669,20.132257,
module_forward,m,16,16,16384,4096,0,5,20,False,2.9.0+cu128,12.8,dense_nvfp4,pass,0.142274,15.094042,
module_forward,m,16,16,16384,4096,0,5,20,False,2.9.0+cu128,12.8,sparse_bf16,pass,0.070805,30.329633,
module_forward,m,16,16,16384,4096,0,5,20,False,2.9.0+cu128,12.8,sparse_nvfp4,skip,,,M%32!=0
module_forward,m,16,16,16384,4096,0,5,20,False,2.9.0+cu128,12.8,marlin_nvfp4,pass,0.042773,50.206759,
module_forward,m,16,16,16384,8192,0,5,20,False,2.9.0+cu128,12.8,dense_bf16,pass,0.193827,22.158744,
module_forward,m,16,16,16384,8192,0,5,20,False,2.9.0+cu128,12.8,dense_nvfp4,pass,0.180778,23.758294,
module_forward,m,16,16,16384,8192,0,5,20,False,2.9.0+cu128,12.8,sparse_bf16,pass,0.121419,35.373049,
module_forward,m,16,16,16384,8192,0,5,20,False,2.9.0+cu128,12.8,sparse_nvfp4,skip,,,M%32!=0
module_forward,m,16,16,16384,8192,0,5,20,False,2.9.0+cu128,12.8,marlin_nvfp4,pass,0.053952,79.607194,
module_forward,m,16,16,16384,16384,0,5,20,False,2.9.0+cu128,12.8,dense_bf16,pass,0.378818,22.675648,
module_forward,m,16,16,16384,16384,0,5,20,False,2.9.0+cu128,12.8,dense_nvfp4,pass,0.247701,34.678671,
module_forward,m,16,16,16384,16384,0,5,20,False,2.9.0+cu128,12.8,sparse_bf16,pass,0.216472,39.681504,
module_forward,m,16,16,16384,16384,0,5,20,False,2.9.0+cu128,12.8,sparse_nvfp4,skip,,,M%32!=0
module_forward,m,16,16,16384,16384,0,5,20,False,2.9.0+cu128,12.8,marlin_nvfp4,pass,0.122576,70.078437,
module_forward,m,64,64,1,1,0,5,20,False,2.9.0+cu128,12.8,dense_bf16,pass,0.021867,0.000006,
module_forward,m,64,64,1,1,0,5,20,False,2.9.0+cu128,12.8,dense_nvfp4,skip,,,"K%32!=0,N%32!=0"
module_forward,m,64,64,1,1,0,5,20,False,2.9.0+cu128,12.8,sparse_bf16,skip,,,"N%8!=0,K%64!=0"
module_forward,m,64,64,1,1,0,5,20,False,2.9.0+cu128,12.8,sparse_nvfp4,skip,,,K%64!=0
module_forward,m,64,64,1,1,0,5,20,False,2.9.0+cu128,12.8,marlin_nvfp4,skip,,,"K%128!=0,N%64!=0"
module_forward,m,64,64,1,2,0,5,20,False,2.9.0+cu128,12.8,dense_bf16,pass,0.021819,0.000012,
module_forward,m,64,64,1,2,0,5,20,False,2.9.0+cu128,12.8,dense_nvfp4,skip,,,"K%32!=0,N%32!=0"
module_forward,m,64,64,1,2,0,5,20,False,2.9.0+cu128,12.8,sparse_bf16,skip,,,"N%8!=0,K%64!=0"
module_forward,m,64,64,1,2,0,5,20,False,2.9.0+cu128,12.8,sparse_nvfp4,skip,,,K%64!=0
module_forward,m,64,64,1,2,0,5,20,False,2.9.0+cu128,12.8,marlin_nvfp4,skip,,,"K%128!=0,N%64!=0"
module_forward,m,64,64,1,4,0,5,20,False,2.9.0+cu128,12.8,dense_bf16,pass,0.021621,0.000024,
module_forward,m,64,64,1,4,0,5,20,False,2.9.0+cu128,12.8,dense_nvfp4,skip,,,"K%32!=0,N%32!=0"
module_forward,m,64,64,1,4,0,5,20,False,2.9.0+cu128,12.8,sparse_bf16,skip,,,"N%8!=0,K%64!=0"
module_forward,m,64,64,1,4,0,5,20,False,2.9.0+cu128,12.8,sparse_nvfp4,skip,,,K%64!=0
module_forward,m,64,64,1,4,0,5,20,False,2.9.0+cu128,12.8,marlin_nvfp4,skip,,,"K%128!=0,N%64!=0"
module_forward,m,64,64,1,8,0,5,20,False,2.9.0+cu128,12.8,dense_bf16,pass,0.021229,0.000048,
module_forward,m,64,64,1,8,0,5,20,False,2.9.0+cu128,12.8,dense_nvfp4,skip,,,"K%32!=0,N%32!=0"
module_forward,m,64,64,1,8,0,5,20,False,2.9.0+cu128,12.8,sparse_bf16,skip,,,"N%8!=0,K%64!=0"
module_forward,m,64,64,1,8,0,5,20,False,2.9.0+cu128,12.8,sparse_nvfp4,skip,,,K%64!=0
module_forward,m,64,64,1,8,0,5,20,False,2.9.0+cu128,12.8,marlin_nvfp4,skip,,,"K%128!=0,N%64!=0"
module_forward,m,64,64,1,16,0,5,20,False,2.9.0+cu128,12.8,dense_bf16,pass,0.021864,0.000094,
module_forward,m,64,64,1,16,0,5,20,False,2.9.0+cu128,12.8,dense_nvfp4,skip,,,"K%32!=0,N%32!=0"
module_forward,m,64,64,1,16,0,5,20,False,2.9.0+cu128,12.8,sparse_bf16,skip,,,"N%8!=0,K%64!=0"
module_forward,m,64,64,1,16,0,5,20,False,2.9.0+cu128,12.8,sparse_nvfp4,skip,,,K%64!=0
module_forward,m,64,64,1,16,0,5,20,False,2.9.0+cu128,12.8,marlin_nvfp4,skip,,,"K%128!=0,N%64!=0"
module_forward,m,64,64,1,32,0,5,20,False,2.9.0+cu128,12.8,dense_bf16,pass,0.021848,0.000187,
module_forward,m,64,64,1,32,0,5,20,False,2.9.0+cu128,12.8,dense_nvfp4,skip,,,N%32!=0
module_forward,m,64,64,1,32,0,5,20,False,2.9.0+cu128,12.8,sparse_bf16,skip,,,"N%8!=0,K%64!=0"
module_forward,m,64,64,1,32,0,5,20,False,2.9.0+cu128,12.8,sparse_nvfp4,skip,,,K%64!=0
module_forward,m,64,64,1,32,0,5,20,False,2.9.0+cu128,12.8,marlin_nvfp4,skip,,,"K%128!=0,N%64!=0"
module_forward,m,64,64,1,64,0,5,20,False,2.9.0+cu128,12.8,dense_bf16,pass,0.022042,0.000372,
module_forward,m,64,64,1,64,0,5,20,False,2.9.0+cu128,12.8,dense_nvfp4,skip,,,N%32!=0
module_forward,m,64,64,1,64,0,5,20,False,2.9.0+cu128,12.8,sparse_bf16,skip,,,N%8!=0
module_forward,m,64,64,1,64,0,5,20,False,2.9.0+cu128,12.8,sparse_nvfp4,skip,,,sparse_nvfp4 unsupported shape
module_forward,m,64,64,1,64,0,5,20,False,2.9.0+cu128,12.8,marlin_nvfp4,skip,,,"K%128!=0,N%64!=0"
module_forward,m,64,64,1,128,0,5,20,False,2.9.0+cu128,12.8,dense_bf16,pass,0.031222,0.000525,
module_forward,m,64,64,1,128,0,5,20,False,2.9.0+cu128,12.8,dense_nvfp4,skip,,,N%32!=0
module_forward,m,64,64,1,128,0,5,20,False,2.9.0+cu128,12.8,sparse_bf16,skip,,,N%8!=0
module_forward,m,64,64,1,128,0,5,20,False,2.9.0+cu128,12.8,sparse_nvfp4,skip,,,sparse_nvfp4 unsupported shape
module_forward,m,64,64,1,128,0,5,20,False,2.9.0+cu128,12.8,marlin_nvfp4,skip,,,N%64!=0
module_forward,m,64,64,1,256,0,5,20,False,2.9.0+cu128,12.8,dense_bf16,pass,0.021709,0.001509,
module_forward,m,64,64,1,256,0,5,20,False,2.9.0+cu128,12.8,dense_nvfp4,skip,,,N%32!=0
module_forward,m,64,64,1,256,0,5,20,False,2.9.0+cu128,12.8,sparse_bf16,skip,,,N%8!=0
module_forward,m,64,64,1,256,0,5,20,False,2.9.0+cu128,12.8,sparse_nvfp4,skip,,,sparse_nvfp4 unsupported shape
module_forward,m,64,64,1,256,0,5,20,False,2.9.0+cu128,12.8,marlin_nvfp4,skip,,,N%64!=0
module_forward,m,64,64,1,512,0,5,20,False,2.9.0+cu128,12.8,dense_bf16,pass,0.021742,0.003014,
module_forward,m,64,64,1,512,0,5,20,False,2.9.0+cu128,12.8,dense_nvfp4,skip,,,N%32!=0
module_forward,m,64,64,1,512,0,5,20,False,2.9.0+cu128,12.8,sparse_bf16,skip,,,N%8!=0
module_forward,m,64,64,1,512,0,5,20,False,2.9.0+cu128,12.8,sparse_nvfp4,skip,,,sparse_nvfp4 unsupported shape
module_forward,m,64,64,1,512,0,5,20,False,2.9.0+cu128,12.8,marlin_nvfp4,skip,,,N%64!=0
module_forward,m,64,64,1,1024,0,5,20,False,2.9.0+cu128,12.8,dense_bf16,pass,0.021574,0.006075,
module_forward,m,64,64,1,1024,0,5,20,False,2.9.0+cu128,12.8,dense_nvfp4,skip,,,N%32!=0
module_forward,m,64,64,1,1024,0,5,20,False,2.9.0+cu128,12.8,sparse_bf16,skip,,,N%8!=0
module_forward,m,64,64,1,1024,0,5,20,False,2.9.0+cu128,12.8,sparse_nvfp4,skip,,,sparse_nvfp4 unsupported shape
module_forward,m,64,64,1,1024,0,5,20,False,2.9.0+cu128,12.8,marlin_nvfp4,skip,,,N%64!=0
module_forward,m,64,64,1,2048,0,5,20,False,2.9.0+cu128,12.8,dense_bf16,pass,0.022205,0.011806,
module_forward,m,64,64,1,2048,0,5,20,False,2.9.0+cu128,12.8,dense_nvfp4,skip,,,N%32!=0
module_forward,m,64,64,1,2048,0,5,20,False,2.9.0+cu128,12.8,sparse_bf16,skip,,,N%8!=0
module_forward,m,64,64,1,2048,0,5,20,False,2.9.0+cu128,12.8,sparse_nvfp4,skip,,,sparse_nvfp4 unsupported shape
module_forward,m,64,64,1,2048,0,5,20,False,2.9.0+cu128,12.8,marlin_nvfp4,skip,,,N%64!=0
module_forward,m,64,64,1,4096,0,5,20,False,2.9.0+cu128,12.8,dense_bf16,pass,0.021515,0.024368,
module_forward,m,64,64,1,4096,0,5,20,False,2.9.0+cu128,12.8,dense_nvfp4,skip,,,N%32!=0
module_forward,m,64,64,1,4096,0,5,20,False,2.9.0+cu128,12.8,sparse_bf16,skip,,,N%8!=0
module_forward,m,64,64,1,4096,0,5,20,False,2.9.0+cu128,12.8,sparse_nvfp4,skip,,,sparse_nvfp4 unsupported shape
module_forward,m,64,64,1,4096,0,5,20,False,2.9.0+cu128,12.8,marlin_nvfp4,skip,,,N%64!=0
module_forward,m,64,64,1,8192,0,5,20,False,2.9.0+cu128,12.8,dense_bf16,pass,0.024074,0.043557,
module_forward,m,64,64,1,8192,0,5,20,False,2.9.0+cu128,12.8,dense_nvfp4,skip,,,N%32!=0
module_forward,m,64,64,1,8192,0,5,20,False,2.9.0+cu128,12.8,sparse_bf16,skip,,,N%8!=0
module_forward,m,64,64,1,8192,0,5,20,False,2.9.0+cu128,12.8,sparse_nvfp4,skip,,,sparse_nvfp4 unsupported shape
module_forward,m,64,64,1,8192,0,5,20,False,2.9.0+cu128,12.8,marlin_nvfp4,skip,,,N%64!=0
module_forward,m,64,64,1,16384,0,5,20,False,2.9.0+cu128,12.8,dense_bf16,pass,0.023864,0.087879,
module_forward,m,64,64,1,16384,0,5,20,False,2.9.0+cu128,12.8,dense_nvfp4,skip,,,N%32!=0
module_forward,m,64,64,1,16384,0,5,20,False,2.9.0+cu128,12.8,sparse_bf16,skip,,,N%8!=0
module_forward,m,64,64,1,16384,0,5,20,False,2.9.0+cu128,12.8,sparse_nvfp4,skip,,,sparse_nvfp4 unsupported shape
module_forward,m,64,64,1,16384,0,5,20,False,2.9.0+cu128,12.8,marlin_nvfp4,skip,,,N%64!=0
module_forward,m,64,64,2,1,0,5,20,False,2.9.0+cu128,12.8,dense_bf16,pass,0.021678,0.000012,
module_forward,m,64,64,2,1,0,5,20,False,2.9.0+cu128,12.8,dense_nvfp4,skip,,,"K%32!=0,N%32!=0"
module_forward,m,64,64,2,1,0,5,20,False,2.9.0+cu128,12.8,sparse_bf16,skip,,,"N%8!=0,K%64!=0"
module_forward,m,64,64,2,1,0,5,20,False,2.9.0+cu128,12.8,sparse_nvfp4,skip,,,K%64!=0
module_forward,m,64,64,2,1,0,5,20,False,2.9.0+cu128,12.8,marlin_nvfp4,skip,,,"K%128!=0,N%64!=0"
module_forward,m,64,64,2,2,0,5,20,False,2.9.0+cu128,12.8,dense_bf16,pass,0.022320,0.000023,
module_forward,m,64,64,2,2,0,5,20,False,2.9.0+cu128,12.8,dense_nvfp4,skip,,,"K%32!=0,N%32!=0"
module_forward,m,64,64,2,2,0,5,20,False,2.9.0+cu128,12.8,sparse_bf16,skip,,,"N%8!=0,K%64!=0"
module_forward,m,64,64,2,2,0,5,20,False,2.9.0+cu128,12.8,sparse_nvfp4,skip,,,K%64!=0
module_forward,m,64,64,2,2,0,5,20,False,2.9.0+cu128,12.8,marlin_nvfp4,skip,,,"K%128!=0,N%64!=0"
module_forward,m,64,64,2,4,0,5,20,False,2.9.0+cu128,12.8,dense_bf16,pass,0.022466,0.000046,
module_forward,m,64,64,2,4,0,5,20,False,2.9.0+cu128,12.8,dense_nvfp4,skip,,,"K%32!=0,N%32!=0"
module_forward,m,64,64,2,4,0,5,20,False,2.9.0+cu128,12.8,sparse_bf16,skip,,,"N%8!=0,K%64!=0"
module_forward,m,64,64,2,4,0,5,20,False,2.9.0+cu128,12.8,sparse_nvfp4,skip,,,K%64!=0
module_forward,m,64,64,2,4,0,5,20,False,2.9.0+cu128,12.8,marlin_nvfp4,skip,,,"K%128!=0,N%64!=0"
module_forward,m,64,64,2,8,0,5,20,False,2.9.0+cu128,12.8,dense_bf16,pass,0.022218,0.000092,
module_forward,m,64,64,2,8,0,5,20,False,2.9.0+cu128,12.8,dense_nvfp4,skip,,,"K%32!=0,N%32!=0"
module_forward,m,64,64,2,8,0,5,20,False,2.9.0+cu128,12.8,sparse_bf16,skip,,,"N%8!=0,K%64!=0"
module_forward,m,64,64,2,8,0,5,20,False,2.9.0+cu128,12.8,sparse_nvfp4,skip,,,K%64!=0
module_forward,m,64,64,2,8,0,5,20,False,2.9.0+cu128,12.8,marlin_nvfp4,skip,,,"K%128!=0,N%64!=0"
module_forward,m,64,64,2,16,0,5,20,False,2.9.0+cu128,12.8,dense_bf16,pass,0.022170,0.000185,
module_forward,m,64,64,2,16,0,5,20,False,2.9.0+cu128,12.8,dense_nvfp4,skip,,,"K%32!=0,N%32!=0"
module_forward,m,64,64,2,16,0,5,20,False,2.9.0+cu128,12.8,sparse_bf16,skip,,,"N%8!=0,K%64!=0"
module_forward,m,64,64,2,16,0,5,20,False,2.9.0+cu128,12.8,sparse_nvfp4,skip,,,K%64!=0
module_forward,m,64,64,2,16,0,5,20,False,2.9.0+cu128,12.8,marlin_nvfp4,skip,,,"K%128!=0,N%64!=0"
module_forward,m,64,64,2,32,0,5,20,False,2.9.0+cu128,12.8,dense_bf16,pass,0.022354,0.000366,
module_forward,m,64,64,2,32,0,5,20,False,2.9.0+cu128,12.8,dense_nvfp4,skip,,,N%32!=0
module_forward,m,64,64,2,32,0,5,20,False,2.9.0+cu128,12.8,sparse_bf16,skip,,,"N%8!=0,K%64!=0"
module_forward,m,64,64,2,32,0,5,20,False,2.9.0+cu128,12.8,sparse_nvfp4,skip,,,K%64!=0
module_forward,m,64,64,2,32,0,5,20,False,2.9.0+cu128,12.8,marlin_nvfp4,skip,,,"K%128!=0,N%64!=0"
module_forward,m,64,64,2,64,0,5,20,False,2.9.0+cu128,12.8,dense_bf16,pass,0.022315,0.000734,
module_forward,m,64,64,2,64,0,5,20,False,2.9.0+cu128,12.8,dense_nvfp4,skip,,,N%32!=0
module_forward,m,64,64,2,64,0,5,20,False,2.9.0+cu128,12.8,sparse_bf16,skip,,,N%8!=0
module_forward,m,64,64,2,64,0,5,20,False,2.9.0+cu128,12.8,sparse_nvfp4,skip,,,sparse_nvfp4 unsupported shape
module_forward,m,64,64,2,64,0,5,20,False,2.9.0+cu128,12.8,marlin_nvfp4,skip,,,"K%128!=0,N%64!=0"
module_forward,m,64,64,2,128,0,5,20,False,2.9.0+cu128,12.8,dense_bf16,pass,0.022218,0.001475,
module_forward,m,64,64,2,128,0,5,20,False,2.9.0+cu128,12.8,dense_nvfp4,skip,,,N%32!=0
module_forward,m,64,64,2,128,0,5,20,False,2.9.0+cu128,12.8,sparse_bf16,skip,,,N%8!=0
module_forward,m,64,64,2,128,0,5,20,False,2.9.0+cu128,12.8,sparse_nvfp4,skip,,,sparse_nvfp4 unsupported shape
module_forward,m,64,64,2,128,0,5,20,False,2.9.0+cu128,12.8,marlin_nvfp4,skip,,,N%64!=0
module_forward,m,64,64,2,256,0,5,20,False,2.9.0+cu128,12.8,dense_bf16,pass,0.022181,0.002955,
module_forward,m,64,64,2,256,0,5,20,False,2.9.0+cu128,12.8,dense_nvfp4,skip,,,N%32!=0
module_forward,m,64,64,2,256,0,5,20,False,2.9.0+cu128,12.8,sparse_bf16,skip,,,N%8!=0
module_forward,m,64,64,2,256,0,5,20,False,2.9.0+cu128,12.8,sparse_nvfp4,skip,,,sparse_nvfp4 unsupported shape
module_forward,m,64,64,2,256,0,5,20,False,2.9.0+cu128,12.8,marlin_nvfp4,skip,,,N%64!=0
module_forward,m,64,64,2,512,0,5,20,False,2.9.0+cu128,12.8,dense_bf16,pass,0.022250,0.005891,
module_forward,m,64,64,2,512,0,5,20,False,2.9.0+cu128,12.8,dense_nvfp4,skip,,,N%32!=0
module_forward,m,64,64,2,512,0,5,20,False,2.9.0+cu128,12.8,sparse_bf16,skip,,,N%8!=0
module_forward,m,64,64,2,512,0,5,20,False,2.9.0+cu128,12.8,sparse_nvfp4,skip,,,sparse_nvfp4 unsupported shape
module_forward,m,64,64,2,512,0,5,20,False,2.9.0+cu128,12.8,marlin_nvfp4,skip,,,N%64!=0
module_forward,m,64,64,2,1024,0,5,20,False,2.9.0+cu128,12.8,dense_bf16,pass,0.022722,0.011537,
module_forward,m,64,64,2,1024,0,5,20,False,2.9.0+cu128,12.8,dense_nvfp4,skip,,,N%32!=0
module_forward,m,64,64,2,1024,0,5,20,False,2.9.0+cu128,12.8,sparse_bf16,skip,,,N%8!=0
module_forward,m,64,64,2,1024,0,5,20,False,2.9.0+cu128,12.8,sparse_nvfp4,skip,,,sparse_nvfp4 unsupported shape
module_forward,m,64,64,2,1024,0,5,20,False,2.9.0+cu128,12.8,marlin_nvfp4,skip,,,N%64!=0
module_forward,m,64,64,2,2048,0,5,20,False,2.9.0+cu128,12.8,dense_bf16,pass,0.024901,0.021055,
module_forward,m,64,64,2,2048,0,5,20,False,2.9.0+cu128,12.8,dense_nvfp4,skip,,,N%32!=0
module_forward,m,64,64,2,2048,0,5,20,False,2.9.0+cu128,12.8,sparse_bf16,skip,,,N%8!=0
module_forward,m,64,64,2,2048,0,5,20,False,2.9.0+cu128,12.8,sparse_nvfp4,skip,,,sparse_nvfp4 unsupported shape
module_forward,m,64,64,2,2048,0,5,20,False,2.9.0+cu128,12.8,marlin_nvfp4,skip,,,N%64!=0
module_forward,m,64,64,2,4096,0,5,20,False,2.9.0+cu128,12.8,dense_bf16,pass,0.025166,0.041666,
module_forward,m,64,64,2,4096,0,5,20,False,2.9.0+cu128,12.8,dense_nvfp4,skip,,,N%32!=0
module_forward,m,64,64,2,4096,0,5,20,False,2.9.0+cu128,12.8,sparse_bf16,skip,,,N%8!=0
module_forward,m,64,64,2,4096,0,5,20,False,2.9.0+cu128,12.8,sparse_nvfp4,skip,,,sparse_nvfp4 unsupported shape
module_forward,m,64,64,2,4096,0,5,20,False,2.9.0+cu128,12.8,marlin_nvfp4,skip,,,N%64!=0
module_forward,m,64,64,2,8192,0,5,20,False,2.9.0+cu128,12.8,dense_bf16,pass,0.025296,0.082904,
module_forward,m,64,64,2,8192,0,5,20,False,2.9.0+cu128,12.8,dense_nvfp4,skip,,,N%32!=0
module_forward,m,64,64,2,8192,0,5,20,False,2.9.0+cu128,12.8,sparse_bf16,skip,,,N%8!=0
module_forward,m,64,64,2,8192,0,5,20,False,2.9.0+cu128,12.8,sparse_nvfp4,skip,,,sparse_nvfp4 unsupported shape
module_forward,m,64,64,2,8192,0,5,20,False,2.9.0+cu128,12.8,marlin_nvfp4,skip,,,N%64!=0
module_forward,m,64,64,2,16384,0,5,20,False,2.9.0+cu128,12.8,dense_bf16,pass,0.025205,0.166409,
module_forward,m,64,64,2,16384,0,5,20,False,2.9.0+cu128,12.8,dense_nvfp4,skip,,,N%32!=0
module_forward,m,64,64,2,16384,0,5,20,False,2.9.0+cu128,12.8,sparse_bf16,skip,,,N%8!=0
module_forward,m,64,64,2,16384,0,5,20,False,2.9.0+cu128,12.8,sparse_nvfp4,skip,,,sparse_nvfp4 unsupported shape
module_forward,m,64,64,2,16384,0,5,20,False,2.9.0+cu128,12.8,marlin_nvfp4,skip,,,N%64!=0
module_forward,m,64,64,4,1,0,5,20,False,2.9.0+cu128,12.8,dense_bf16,pass,0.021483,0.000024,
module_forward,m,64,64,4,1,0,5,20,False,2.9.0+cu128,12.8,dense_nvfp4,skip,,,"K%32!=0,N%32!=0"
module_forward,m,64,64,4,1,0,5,20,False,2.9.0+cu128,12.8,sparse_bf16,skip,,,"N%8!=0,K%64!=0"
module_forward,m,64,64,4,1,0,5,20,False,2.9.0+cu128,12.8,sparse_nvfp4,skip,,,K%64!=0
module_forward,m,64,64,4,1,0,5,20,False,2.9.0+cu128,12.8,marlin_nvfp4,skip,,,"K%128!=0,N%64!=0"
module_forward,m,64,64,4,2,0,5,20,False,2.9.0+cu128,12.8,dense_bf16,pass,0.022472,0.000046,
module_forward,m,64,64,4,2,0,5,20,False,2.9.0+cu128,12.8,dense_nvfp4,skip,,,"K%32!=0,N%32!=0"
module_forward,m,64,64,4,2,0,5,20,False,2.9.0+cu128,12.8,sparse_bf16,skip,,,"N%8!=0,K%64!=0"
module_forward,m,64,64,4,2,0,5,20,False,2.9.0+cu128,12.8,sparse_nvfp4,skip,,,K%64!=0
module_forward,m,64,64,4,2,0,5,20,False,2.9.0+cu128,12.8,marlin_nvfp4,skip,,,"K%128!=0,N%64!=0"
module_forward,m,64,64,4,4,0,5,20,False,2.9.0+cu128,12.8,dense_bf16,pass,0.022160,0.000092,
module_forward,m,64,64,4,4,0,5,20,False,2.9.0+cu128,12.8,dense_nvfp4,skip,,,"K%32!=0,N%32!=0"
module_forward,m,64,64,4,4,0,5,20,False,2.9.0+cu128,12.8,sparse_bf16,skip,,,"N%8!=0,K%64!=0"
module_forward,m,64,64,4,4,0,5,20,False,2.9.0+cu128,12.8,sparse_nvfp4,skip,,,K%64!=0
module_forward,m,64,64,4,4,0,5,20,False,2.9.0+cu128,12.8,marlin_nvfp4,skip,,,"K%128!=0,N%64!=0"
module_forward,m,64,64,4,8,0,5,20,False,2.9.0+cu128,12.8,dense_bf16,pass,0.022174,0.000185,
module_forward,m,64,64,4,8,0,5,20,False,2.9.0+cu128,12.8,dense_nvfp4,skip,,,"K%32!=0,N%32!=0"
module_forward,m,64,64,4,8,0,5,20,False,2.9.0+cu128,12.8,sparse_bf16,skip,,,"N%8!=0,K%64!=0"
module_forward,m,64,64,4,8,0,5,20,False,2.9.0+cu128,12.8,sparse_nvfp4,skip,,,K%64!=0
module_forward,m,64,64,4,8,0,5,20,False,2.9.0+cu128,12.8,marlin_nvfp4,skip,,,"K%128!=0,N%64!=0"
module_forward,m,64,64,4,16,0,5,20,False,2.9.0+cu128,12.8,dense_bf16,pass,0.022219,0.000369,
module_forward,m,64,64,4,16,0,5,20,False,2.9.0+cu128,12.8,dense_nvfp4,skip,,,"K%32!=0,N%32!=0"
module_forward,m,64,64,4,16,0,5,20,False,2.9.0+cu128,12.8,sparse_bf16,skip,,,"N%8!=0,K%64!=0"
module_forward,m,64,64,4,16,0,5,20,False,2.9.0+cu128,12.8,sparse_nvfp4,skip,,,K%64!=0
module_forward,m,64,64,4,16,0,5,20,False,2.9.0+cu128,12.8,marlin_nvfp4,skip,,,"K%128!=0,N%64!=0"
module_forward,m,64,64,4,32,0,5,20,False,2.9.0+cu128,12.8,dense_bf16,pass,0.022192,0.000738,
module_forward,m,64,64,4,32,0,5,20,False,2.9.0+cu128,12.8,dense_nvfp4,skip,,,N%32!=0
module_forward,m,64,64,4,32,0,5,20,False,2.9.0+cu128,12.8,sparse_bf16,skip,,,"N%8!=0,K%64!=0"
module_forward,m,64,64,4,32,0,5,20,False,2.9.0+cu128,12.8,sparse_nvfp4,skip,,,K%64!=0
module_forward,m,64,64,4,32,0,5,20,False,2.9.0+cu128,12.8,marlin_nvfp4,skip,,,"K%128!=0,N%64!=0"
module_forward,m,64,64,4,64,0,5,20,False,2.9.0+cu128,12.8,dense_bf16,pass,0.022042,0.001487,
module_forward,m,64,64,4,64,0,5,20,False,2.9.0+cu128,12.8,dense_nvfp4,skip,,,N%32!=0
module_forward,m,64,64,4,64,0,5,20,False,2.9.0+cu128,12.8,sparse_bf16,skip,,,N%8!=0
module_forward,m,64,64,4,64,0,5,20,False,2.9.0+cu128,12.8,sparse_nvfp4,skip,,,sparse_nvfp4 unsupported shape
module_forward,m,64,64,4,64,0,5,20,False,2.9.0+cu128,12.8,marlin_nvfp4,skip,,,"K%128!=0,N%64!=0"
module_forward,m,64,64,4,128,0,5,20,False,2.9.0+cu128,12.8,dense_bf16,pass,0.022453,0.002919,
module_forward,m,64,64,4,128,0,5,20,False,2.9.0+cu128,12.8,dense_nvfp4,skip,,,N%32!=0
module_forward,m,64,64,4,128,0,5,20,False,2.9.0+cu128,12.8,sparse_bf16,skip,,,N%8!=0
module_forward,m,64,64,4,128,0,5,20,False,2.9.0+cu128,12.8,sparse_nvfp4,skip,,,sparse_nvfp4 unsupported shape
module_forward,m,64,64,4,128,0,5,20,False,2.9.0+cu128,12.8,marlin_nvfp4,skip,,,N%64!=0
module_forward,m,64,64,4,256,0,5,20,False,2.9.0+cu128,12.8,dense_bf16,pass,0.021782,0.006017,
module_forward,m,64,64,4,256,0,5,20,False,2.9.0+cu128,12.8,dense_nvfp4,skip,,,N%32!=0
module_forward,m,64,64,4,256,0,5,20,False,2.9.0+cu128,12.8,sparse_bf16,skip,,,N%8!=0
module_forward,m,64,64,4,256,0,5,20,False,2.9.0+cu128,12.8,sparse_nvfp4,skip,,,sparse_nvfp4 unsupported shape
module_forward,m,64,64,4,256,0,5,20,False,2.9.0+cu128,12.8,marlin_nvfp4,skip,,,N%64!=0
module_forward,m,64,64,4,512,0,5,20,False,2.9.0+cu128,12.8,dense_bf16,pass,0.022523,0.011639,
module_forward,m,64,64,4,512,0,5,20,False,2.9.0+cu128,12.8,dense_nvfp4,skip,,,N%32!=0
module_forward,m,64,64,4,512,0,5,20,False,2.9.0+cu128,12.8,sparse_bf16,skip,,,N%8!=0
module_forward,m,64,64,4,512,0,5,20,False,2.9.0+cu128,12.8,sparse_nvfp4,skip,,,sparse_nvfp4 unsupported shape
module_forward,m,64,64,4,512,0,5,20,False,2.9.0+cu128,12.8,marlin_nvfp4,skip,,,N%64!=0
module_forward,m,64,64,4,1024,0,5,20,False,2.9.0+cu128,12.8,dense_bf16,pass,0.022592,0.023207,
module_forward,m,64,64,4,1024,0,5,20,False,2.9.0+cu128,12.8,dense_nvfp4,skip,,,N%32!=0
module_forward,m,64,64,4,1024,0,5,20,False,2.9.0+cu128,12.8,sparse_bf16,skip,,,N%8!=0
module_forward,m,64,64,4,1024,0,5,20,False,2.9.0+cu128,12.8,sparse_nvfp4,skip,,,sparse_nvfp4 unsupported shape
module_forward,m,64,64,4,1024,0,5,20,False,2.9.0+cu128,12.8,marlin_nvfp4,skip,,,N%64!=0
module_forward,m,64,64,4,2048,0,5,20,False,2.9.0+cu128,12.8,dense_bf16,pass,0.025051,0.041857,
module_forward,m,64,64,4,2048,0,5,20,False,2.9.0+cu128,12.8,dense_nvfp4,skip,,,N%32!=0
module_forward,m,64,64,4,2048,0,5,20,False,2.9.0+cu128,12.8,sparse_bf16,skip,,,N%8!=0
module_forward,m,64,64,4,2048,0,5,20,False,2.9.0+cu128,12.8,sparse_nvfp4,skip,,,sparse_nvfp4 unsupported shape
module_forward,m,64,64,4,2048,0,5,20,False,2.9.0+cu128,12.8,marlin_nvfp4,skip,,,N%64!=0
module_forward,m,64,64,4,4096,0,5,20,False,2.9.0+cu128,12.8,dense_bf16,pass,0.024982,0.083945,
module_forward,m,64,64,4,4096,0,5,20,False,2.9.0+cu128,12.8,dense_nvfp4,skip,,,N%32!=0
module_forward,m,64,64,4,4096,0,5,20,False,2.9.0+cu128,12.8,sparse_bf16,skip,,,N%8!=0
module_forward,m,64,64,4,4096,0,5,20,False,2.9.0+cu128,12.8,sparse_nvfp4,skip,,,sparse_nvfp4 unsupported shape
module_forward,m,64,64,4,4096,0,5,20,False,2.9.0+cu128,12.8,marlin_nvfp4,skip,,,N%64!=0
module_forward,m,64,64,4,8192,0,5,20,False,2.9.0+cu128,12.8,dense_bf16,pass,0.025254,0.166082,
module_forward,m,64,64,4,8192,0,5,20,False,2.9.0+cu128,12.8,dense_nvfp4,skip,,,N%32!=0
module_forward,m,64,64,4,8192,0,5,20,False,2.9.0+cu128,12.8,sparse_bf16,skip,,,N%8!=0
module_forward,m,64,64,4,8192,0,5,20,False,2.9.0+cu128,12.8,sparse_nvfp4,skip,,,sparse_nvfp4 unsupported shape
module_forward,m,64,64,4,8192,0,5,20,False,2.9.0+cu128,12.8,marlin_nvfp4,skip,,,N%64!=0
module_forward,m,64,64,4,16384,0,5,20,False,2.9.0+cu128,12.8,dense_bf16,pass,0.025194,0.332966,
module_forward,m,64,64,4,16384,0,5,20,False,2.9.0+cu128,12.8,dense_nvfp4,skip,,,N%32!=0
module_forward,m,64,64,4,16384,0,5,20,False,2.9.0+cu128,12.8,sparse_bf16,skip,,,N%8!=0
module_forward,m,64,64,4,16384,0,5,20,False,2.9.0+cu128,12.8,sparse_nvfp4,skip,,,sparse_nvfp4 unsupported shape
module_forward,m,64,64,4,16384,0,5,20,False,2.9.0+cu128,12.8,marlin_nvfp4,skip,,,N%64!=0
module_forward,m,64,64,8,1,0,5,20,False,2.9.0+cu128,12.8,dense_bf16,pass,0.021517,0.000048,
module_forward,m,64,64,8,1,0,5,20,False,2.9.0+cu128,12.8,dense_nvfp4,skip,,,"K%32!=0,N%32!=0"
module_forward,m,64,64,8,1,0,5,20,False,2.9.0+cu128,12.8,sparse_bf16,skip,,,K%64!=0
module_forward,m,64,64,8,1,0,5,20,False,2.9.0+cu128,12.8,sparse_nvfp4,skip,,,K%64!=0
module_forward,m,64,64,8,1,0,5,20,False,2.9.0+cu128,12.8,marlin_nvfp4,skip,,,"K%128!=0,N%64!=0"
module_forward,m,64,64,8,2,0,5,20,False,2.9.0+cu128,12.8,dense_bf16,pass,0.022416,0.000091,
module_forward,m,64,64,8,2,0,5,20,False,2.9.0+cu128,12.8,dense_nvfp4,skip,,,"K%32!=0,N%32!=0"
module_forward,m,64,64,8,2,0,5,20,False,2.9.0+cu128,12.8,sparse_bf16,skip,,,K%64!=0
module_forward,m,64,64,8,2,0,5,20,False,2.9.0+cu128,12.8,sparse_nvfp4,skip,,,K%64!=0
module_forward,m,64,64,8,2,0,5,20,False,2.9.0+cu128,12.8,marlin_nvfp4,skip,,,"K%128!=0,N%64!=0"
module_forward,m,64,64,8,4,0,5,20,False,2.9.0+cu128,12.8,dense_bf16,pass,0.022584,0.000181,
module_forward,m,64,64,8,4,0,5,20,False,2.9.0+cu128,12.8,dense_nvfp4,skip,,,"K%32!=0,N%32!=0"
module_forward,m,64,64,8,4,0,5,20,False,2.9.0+cu128,12.8,sparse_bf16,skip,,,K%64!=0
module_forward,m,64,64,8,4,0,5,20,False,2.9.0+cu128,12.8,sparse_nvfp4,skip,,,K%64!=0
module_forward,m,64,64,8,4,0,5,20,False,2.9.0+cu128,12.8,marlin_nvfp4,skip,,,"K%128!=0,N%64!=0"
module_forward,m,64,64,8,8,0,5,20,False,2.9.0+cu128,12.8,dense_bf16,pass,0.022390,0.000366,
module_forward,m,64,64,8,8,0,5,20,False,2.9.0+cu128,12.8,dense_nvfp4,skip,,,"K%32!=0,N%32!=0"
module_forward,m,64,64,8,8,0,5,20,False,2.9.0+cu128,12.8,sparse_bf16,skip,,,K%64!=0
module_forward,m,64,64,8,8,0,5,20,False,2.9.0+cu128,12.8,sparse_nvfp4,skip,,,K%64!=0
module_forward,m,64,64,8,8,0,5,20,False,2.9.0+cu128,12.8,marlin_nvfp4,skip,,,"K%128!=0,N%64!=0"
module_forward,m,64,64,8,16,0,5,20,False,2.9.0+cu128,12.8,dense_bf16,pass,0.022438,0.000730,
module_forward,m,64,64,8,16,0,5,20,False,2.9.0+cu128,12.8,dense_nvfp4,skip,,,"K%32!=0,N%32!=0"
module_forward,m,64,64,8,16,0,5,20,False,2.9.0+cu128,12.8,sparse_bf16,skip,,,K%64!=0
module_forward,m,64,64,8,16,0,5,20,False,2.9.0+cu128,12.8,sparse_nvfp4,skip,,,K%64!=0
module_forward,m,64,64,8,16,0,5,20,False,2.9.0+cu128,12.8,marlin_nvfp4,skip,,,"K%128!=0,N%64!=0"
module_forward,m,64,64,8,32,0,5,20,False,2.9.0+cu128,12.8,dense_bf16,pass,0.022667,0.001446,
module_forward,m,64,64,8,32,0,5,20,False,2.9.0+cu128,12.8,dense_nvfp4,skip,,,N%32!=0
module_forward,m,64,64,8,32,0,5,20,False,2.9.0+cu128,12.8,sparse_bf16,skip,,,K%64!=0
module_forward,m,64,64,8,32,0,5,20,False,2.9.0+cu128,12.8,sparse_nvfp4,skip,,,K%64!=0
module_forward,m,64,64,8,32,0,5,20,False,2.9.0+cu128,12.8,marlin_nvfp4,skip,,,"K%128!=0,N%64!=0"
module_forward,m,64,64,8,64,0,5,20,False,2.9.0+cu128,12.8,dense_bf16,pass,0.022277,0.002942,
module_forward,m,64,64,8,64,0,5,20,False,2.9.0+cu128,12.8,dense_nvfp4,skip,,,N%32!=0
module_forward,m,64,64,8,64,0,5,20,False,2.9.0+cu128,12.8,sparse_bf16,skip,,,cuSPARSELt unsupported shape
module_forward,m,64,64,8,64,0,5,20,False,2.9.0+cu128,12.8,sparse_nvfp4,pass,0.118978,0.000551,
module_forward,m,64,64,8,64,0,5,20,False,2.9.0+cu128,12.8,marlin_nvfp4,skip,,,"K%128!=0,N%64!=0"
module_forward,m,64,64,8,128,0,5,20,False,2.9.0+cu128,12.8,dense_bf16,pass,0.022286,0.005881,
module_forward,m,64,64,8,128,0,5,20,False,2.9.0+cu128,12.8,dense_nvfp4,skip,,,N%32!=0
module_forward,m,64,64,8,128,0,5,20,False,2.9.0+cu128,12.8,sparse_bf16,skip,,,cuSPARSELt unsupported shape
module_forward,m,64,64,8,128,0,5,20,False,2.9.0+cu128,12.8,sparse_nvfp4,pass,0.119822,0.001094,
module_forward,m,64,64,8,128,0,5,20,False,2.9.0+cu128,12.8,marlin_nvfp4,skip,,,N%64!=0
module_forward,m,64,64,8,256,0,5,20,False,2.9.0+cu128,12.8,dense_bf16,pass,0.021909,0.011965,
module_forward,m,64,64,8,256,0,5,20,False,2.9.0+cu128,12.8,dense_nvfp4,skip,,,N%32!=0
module_forward,m,64,64,8,256,0,5,20,False,2.9.0+cu128,12.8,sparse_bf16,skip,,,cuSPARSELt unsupported shape
module_forward,m,64,64,8,256,0,5,20,False,2.9.0+cu128,12.8,sparse_nvfp4,pass,0.119342,0.002197,
module_forward,m,64,64,8,256,0,5,20,False,2.9.0+cu128,12.8,marlin_nvfp4,skip,,,N%64!=0
module_forward,m,64,64,8,512,0,5,20,False,2.9.0+cu128,12.8,dense_bf16,pass,0.022518,0.023283,
module_forward,m,64,64,8,512,0,5,20,False,2.9.0+cu128,12.8,dense_nvfp4,skip,,,N%32!=0
module_forward,m,64,64,8,512,0,5,20,False,2.9.0+cu128,12.8,sparse_bf16,skip,,,cuSPARSELt unsupported shape
module_forward,m,64,64,8,512,0,5,20,False,2.9.0+cu128,12.8,sparse_nvfp4,pass,0.121038,0.004332,
module_forward,m,64,64,8,512,0,5,20,False,2.9.0+cu128,12.8,marlin_nvfp4,skip,,,N%64!=0
module_forward,m,64,64,8,1024,0,5,20,False,2.9.0+cu128,12.8,dense_bf16,pass,0.022304,0.047013,
module_forward,m,64,64,8,1024,0,5,20,False,2.9.0+cu128,12.8,dense_nvfp4,skip,,,N%32!=0
module_forward,m,64,64,8,1024,0,5,20,False,2.9.0+cu128,12.8,sparse_bf16,skip,,,cuSPARSELt unsupported shape
module_forward,m,64,64,8,1024,0,5,20,False,2.9.0+cu128,12.8,sparse_nvfp4,pass,0.119736,0.008757,
module_forward,m,64,64,8,1024,0,5,20,False,2.9.0+cu128,12.8,marlin_nvfp4,skip,,,N%64!=0
module_forward,m,64,64,8,2048,0,5,20,False,2.9.0+cu128,12.8,dense_bf16,pass,0.025443,0.082425,
module_forward,m,64,64,8,2048,0,5,20,False,2.9.0+cu128,12.8,dense_nvfp4,skip,,,N%32!=0
module_forward,m,64,64,8,2048,0,5,20,False,2.9.0+cu128,12.8,sparse_bf16,skip,,,cuSPARSELt unsupported shape
module_forward,m,64,64,8,2048,0,5,20,False,2.9.0+cu128,12.8,sparse_nvfp4,pass,0.124078,0.016902,
module_forward,m,64,64,8,2048,0,5,20,False,2.9.0+cu128,12.8,marlin_nvfp4,skip,,,N%64!=0
module_forward,m,64,64,8,4096,0,5,20,False,2.9.0+cu128,12.8,dense_bf16,pass,0.024822,0.168973,
module_forward,m,64,64,8,4096,0,5,20,False,2.9.0+cu128,12.8,dense_nvfp4,skip,,,N%32!=0
module_forward,m,64,64,8,4096,0,5,20,False,2.9.0+cu128,12.8,sparse_bf16,skip,,,cuSPARSELt unsupported shape
module_forward,m,64,64,8,4096,0,5,20,False,2.9.0+cu128,12.8,sparse_nvfp4,pass,0.125430,0.033439,
module_forward,m,64,64,8,4096,0,5,20,False,2.9.0+cu128,12.8,marlin_nvfp4,skip,,,N%64!=0
module_forward,m,64,64,8,8192,0,5,20,False,2.9.0+cu128,12.8,dense_bf16,pass,0.025061,0.334730,
module_forward,m,64,64,8,8192,0,5,20,False,2.9.0+cu128,12.8,dense_nvfp4,skip,,,N%32!=0
module_forward,m,64,64,8,8192,0,5,20,False,2.9.0+cu128,12.8,sparse_bf16,skip,,,cuSPARSELt unsupported shape
module_forward,m,64,64,8,8192,0,5,20,False,2.9.0+cu128,12.8,sparse_nvfp4,pass,0.127766,0.065656,
module_forward,m,64,64,8,8192,0,5,20,False,2.9.0+cu128,12.8,marlin_nvfp4,skip,,,N%64!=0
module_forward,m,64,64,8,16384,0,5,20,False,2.9.0+cu128,12.8,dense_bf16,pass,0.024973,0.671820,
module_forward,m,64,64,8,16384,0,5,20,False,2.9.0+cu128,12.8,dense_nvfp4,skip,,,N%32!=0
module_forward,m,64,64,8,16384,0,5,20,False,2.9.0+cu128,12.8,sparse_bf16,skip,,,cuSPARSELt unsupported shape
module_forward,m,64,64,8,16384,0,5,20,False,2.9.0+cu128,12.8,sparse_nvfp4,pass,0.145714,0.115138,
module_forward,m,64,64,8,16384,0,5,20,False,2.9.0+cu128,12.8,marlin_nvfp4,skip,,,N%64!=0
module_forward,m,64,64,16,1,0,5,20,False,2.9.0+cu128,12.8,dense_bf16,pass,0.021619,0.000095,
module_forward,m,64,64,16,1,0,5,20,False,2.9.0+cu128,12.8,dense_nvfp4,skip,,,"K%32!=0,N%32!=0"
module_forward,m,64,64,16,1,0,5,20,False,2.9.0+cu128,12.8,sparse_bf16,skip,,,K%64!=0
module_forward,m,64,64,16,1,0,5,20,False,2.9.0+cu128,12.8,sparse_nvfp4,skip,,,K%64!=0
module_forward,m,64,64,16,1,0,5,20,False,2.9.0+cu128,12.8,marlin_nvfp4,skip,,,"K%128!=0,N%64!=0"
module_forward,m,64,64,16,2,0,5,20,False,2.9.0+cu128,12.8,dense_bf16,pass,0.022622,0.000181,
module_forward,m,64,64,16,2,0,5,20,False,2.9.0+cu128,12.8,dense_nvfp4,skip,,,"K%32!=0,N%32!=0"
module_forward,m,64,64,16,2,0,5,20,False,2.9.0+cu128,12.8,sparse_bf16,skip,,,K%64!=0
module_forward,m,64,64,16,2,0,5,20,False,2.9.0+cu128,12.8,sparse_nvfp4,skip,,,K%64!=0
module_forward,m,64,64,16,2,0,5,20,False,2.9.0+cu128,12.8,marlin_nvfp4,skip,,,"K%128!=0,N%64!=0"
module_forward,m,64,64,16,4,0,5,20,False,2.9.0+cu128,12.8,dense_bf16,pass,0.022469,0.000365,
module_forward,m,64,64,16,4,0,5,20,False,2.9.0+cu128,12.8,dense_nvfp4,skip,,,"K%32!=0,N%32!=0"
module_forward,m,64,64,16,4,0,5,20,False,2.9.0+cu128,12.8,sparse_bf16,skip,,,K%64!=0
module_forward,m,64,64,16,4,0,5,20,False,2.9.0+cu128,12.8,sparse_nvfp4,skip,,,K%64!=0
module_forward,m,64,64,16,4,0,5,20,False,2.9.0+cu128,12.8,marlin_nvfp4,skip,,,"K%128!=0,N%64!=0"
module_forward,m,64,64,16,8,0,5,20,False,2.9.0+cu128,12.8,dense_bf16,pass,0.022480,0.000729,
module_forward,m,64,64,16,8,0,5,20,False,2.9.0+cu128,12.8,dense_nvfp4,skip,,,"K%32!=0,N%32!=0"
module_forward,m,64,64,16,8,0,5,20,False,2.9.0+cu128,12.8,sparse_bf16,skip,,,K%64!=0
module_forward,m,64,64,16,8,0,5,20,False,2.9.0+cu128,12.8,sparse_nvfp4,skip,,,K%64!=0
module_forward,m,64,64,16,8,0,5,20,False,2.9.0+cu128,12.8,marlin_nvfp4,skip,,,"K%128!=0,N%64!=0"
module_forward,m,64,64,16,16,0,5,20,False,2.9.0+cu128,12.8,dense_bf16,pass,0.022360,0.001465,
module_forward,m,64,64,16,16,0,5,20,False,2.9.0+cu128,12.8,dense_nvfp4,skip,,,"K%32!=0,N%32!=0"
module_forward,m,64,64,16,16,0,5,20,False,2.9.0+cu128,12.8,sparse_bf16,skip,,,K%64!=0
module_forward,m,64,64,16,16,0,5,20,False,2.9.0+cu128,12.8,sparse_nvfp4,skip,,,K%64!=0
module_forward,m,64,64,16,16,0,5,20,False,2.9.0+cu128,12.8,marlin_nvfp4,skip,,,"K%128!=0,N%64!=0"
module_forward,m,64,64,16,32,0,5,20,False,2.9.0+cu128,12.8,dense_bf16,pass,0.022296,0.002939,
module_forward,m,64,64,16,32,0,5,20,False,2.9.0+cu128,12.8,dense_nvfp4,skip,,,N%32!=0
module_forward,m,64,64,16,32,0,5,20,False,2.9.0+cu128,12.8,sparse_bf16,skip,,,K%64!=0
module_forward,m,64,64,16,32,0,5,20,False,2.9.0+cu128,12.8,sparse_nvfp4,skip,,,K%64!=0
module_forward,m,64,64,16,32,0,5,20,False,2.9.0+cu128,12.8,marlin_nvfp4,skip,,,"K%128!=0,N%64!=0"
module_forward,m,64,64,16,64,0,5,20,False,2.9.0+cu128,12.8,dense_bf16,pass,0.022501,0.005825,
module_forward,m,64,64,16,64,0,5,20,False,2.9.0+cu128,12.8,dense_nvfp4,skip,,,N%32!=0
module_forward,m,64,64,16,64,0,5,20,False,2.9.0+cu128,12.8,sparse_bf16,pass,0.032941,0.003979,
module_forward,m,64,64,16,64,0,5,20,False,2.9.0+cu128,12.8,sparse_nvfp4,pass,0.119438,0.001097,
module_forward,m,64,64,16,64,0,5,20,False,2.9.0+cu128,12.8,marlin_nvfp4,skip,,,"K%128!=0,N%64!=0"
module_forward,m,64,64,16,128,0,5,20,False,2.9.0+cu128,12.8,dense_bf16,pass,0.023043,0.011376,
module_forward,m,64,64,16,128,0,5,20,False,2.9.0+cu128,12.8,dense_nvfp4,skip,,,N%32!=0
module_forward,m,64,64,16,128,0,5,20,False,2.9.0+cu128,12.8,sparse_bf16,pass,0.032680,0.008022,
module_forward,m,64,64,16,128,0,5,20,False,2.9.0+cu128,12.8,sparse_nvfp4,pass,0.119797,0.002188,
module_forward,m,64,64,16,128,0,5,20,False,2.9.0+cu128,12.8,marlin_nvfp4,skip,,,N%64!=0
module_forward,m,64,64,16,256,0,5,20,False,2.9.0+cu128,12.8,dense_bf16,pass,0.022384,0.023422,
module_forward,m,64,64,16,256,0,5,20,False,2.9.0+cu128,12.8,dense_nvfp4,skip,,,N%32!=0
module_forward,m,64,64,16,256,0,5,20,False,2.9.0+cu128,12.8,sparse_bf16,pass,0.034021,0.015411,
module_forward,m,64,64,16,256,0,5,20,False,2.9.0+cu128,12.8,sparse_nvfp4,pass,0.119264,0.004396,
module_forward,m,64,64,16,256,0,5,20,False,2.9.0+cu128,12.8,marlin_nvfp4,skip,,,N%64!=0
module_forward,m,64,64,16,512,0,5,20,False,2.9.0+cu128,12.8,dense_bf16,pass,0.022251,0.047124,
module_forward,m,64,64,16,512,0,5,20,False,2.9.0+cu128,12.8,dense_nvfp4,skip,,,N%32!=0
module_forward,m,64,64,16,512,0,5,20,False,2.9.0+cu128,12.8,sparse_bf16,pass,0.033602,0.031206,
module_forward,m,64,64,16,512,0,5,20,False,2.9.0+cu128,12.8,sparse_nvfp4,pass,0.118573,0.008843,
module_forward,m,64,64,16,512,0,5,20,False,2.9.0+cu128,12.8,marlin_nvfp4,skip,,,N%64!=0
module_forward,m,64,64,16,1024,0,5,20,False,2.9.0+cu128,12.8,dense_bf16,pass,0.022629,0.092676,
module_forward,m,64,64,16,1024,0,5,20,False,2.9.0+cu128,12.8,dense_nvfp4,skip,,,N%32!=0
module_forward,m,64,64,16,1024,0,5,20,False,2.9.0+cu128,12.8,sparse_bf16,pass,0.036885,0.056857,
module_forward,m,64,64,16,1024,0,5,20,False,2.9.0+cu128,12.8,sparse_nvfp4,pass,0.118776,0.017656,
module_forward,m,64,64,16,1024,0,5,20,False,2.9.0+cu128,12.8,marlin_nvfp4,skip,,,N%64!=0
module_forward,m,64,64,16,2048,0,5,20,False,2.9.0+cu128,12.8,dense_bf16,pass,0.024914,0.168354,
module_forward,m,64,64,16,2048,0,5,20,False,2.9.0+cu128,12.8,dense_nvfp4,skip,,,N%32!=0
module_forward,m,64,64,16,2048,0,5,20,False,2.9.0+cu128,12.8,sparse_bf16,pass,0.048454,0.086562,
module_forward,m,64,64,16,2048,0,5,20,False,2.9.0+cu128,12.8,sparse_nvfp4,pass,0.123480,0.033967,
module_forward,m,64,64,16,2048,0,5,20,False,2.9.0+cu128,12.8,marlin_nvfp4,skip,,,N%64!=0
module_forward,m,64,64,16,4096,0,5,20,False,2.9.0+cu128,12.8,dense_bf16,pass,0.025072,0.334581,
module_forward,m,64,64,16,4096,0,5,20,False,2.9.0+cu128,12.8,dense_nvfp4,skip,,,N%32!=0
module_forward,m,64,64,16,4096,0,5,20,False,2.9.0+cu128,12.8,sparse_bf16,pass,0.070184,0.119523,
module_forward,m,64,64,16,4096,0,5,20,False,2.9.0+cu128,12.8,sparse_nvfp4,pass,0.123909,0.067700,
module_forward,m,64,64,16,4096,0,5,20,False,2.9.0+cu128,12.8,marlin_nvfp4,skip,,,N%64!=0
module_forward,m,64,64,16,8192,0,5,20,False,2.9.0+cu128,12.8,dense_bf16,pass,0.025090,0.668692,
module_forward,m,64,64,16,8192,0,5,20,False,2.9.0+cu128,12.8,dense_nvfp4,skip,,,N%32!=0
module_forward,m,64,64,16,8192,0,5,20,False,2.9.0+cu128,12.8,sparse_bf16,pass,0.115797,0.144885,
module_forward,m,64,64,16,8192,0,5,20,False,2.9.0+cu128,12.8,sparse_nvfp4,pass,0.127754,0.131325,
module_forward,m,64,64,16,8192,0,5,20,False,2.9.0+cu128,12.8,marlin_nvfp4,skip,,,N%64!=0
module_forward,m,64,64,16,16384,0,5,20,False,2.9.0+cu128,12.8,dense_bf16,pass,0.025269,1.327900,
module_forward,m,64,64,16,16384,0,5,20,False,2.9.0+cu128,12.8,dense_nvfp4,skip,,,N%32!=0
module_forward,m,64,64,16,16384,0,5,20,False,2.9.0+cu128,12.8,sparse_bf16,pass,0.206878,0.162194,
module_forward,m,64,64,16,16384,0,5,20,False,2.9.0+cu128,12.8,sparse_nvfp4,pass,0.143840,0.233276,
module_forward,m,64,64,16,16384,0,5,20,False,2.9.0+cu128,12.8,marlin_nvfp4,skip,,,N%64!=0
module_forward,m,64,64,32,1,0,5,20,False,2.9.0+cu128,12.8,dense_bf16,pass,0.021656,0.000189,
module_forward,m,64,64,32,1,0,5,20,False,2.9.0+cu128,12.8,dense_nvfp4,skip,,,K%32!=0
module_forward,m,64,64,32,1,0,5,20,False,2.9.0+cu128,12.8,sparse_bf16,skip,,,K%64!=0
module_forward,m,64,64,32,1,0,5,20,False,2.9.0+cu128,12.8,sparse_nvfp4,skip,,,K%64!=0
module_forward,m,64,64,32,1,0,5,20,False,2.9.0+cu128,12.8,marlin_nvfp4,skip,,,"K%128!=0,N%64!=0"
module_forward,m,64,64,32,2,0,5,20,False,2.9.0+cu128,12.8,dense_bf16,pass,0.022365,0.000366,
module_forward,m,64,64,32,2,0,5,20,False,2.9.0+cu128,12.8,dense_nvfp4,skip,,,K%32!=0
module_forward,m,64,64,32,2,0,5,20,False,2.9.0+cu128,12.8,sparse_bf16,skip,,,K%64!=0
module_forward,m,64,64,32,2,0,5,20,False,2.9.0+cu128,12.8,sparse_nvfp4,skip,,,K%64!=0
module_forward,m,64,64,32,2,0,5,20,False,2.9.0+cu128,12.8,marlin_nvfp4,skip,,,"K%128!=0,N%64!=0"
module_forward,m,64,64,32,4,0,5,20,False,2.9.0+cu128,12.8,dense_bf16,pass,0.022515,0.000728,
module_forward,m,64,64,32,4,0,5,20,False,2.9.0+cu128,12.8,dense_nvfp4,skip,,,K%32!=0
module_forward,m,64,64,32,4,0,5,20,False,2.9.0+cu128,12.8,sparse_bf16,skip,,,K%64!=0
module_forward,m,64,64,32,4,0,5,20,False,2.9.0+cu128,12.8,sparse_nvfp4,skip,,,K%64!=0
module_forward,m,64,64,32,4,0,5,20,False,2.9.0+cu128,12.8,marlin_nvfp4,skip,,,"K%128!=0,N%64!=0"
module_forward,m,64,64,32,8,0,5,20,False,2.9.0+cu128,12.8,dense_bf16,pass,0.022354,0.001466,
module_forward,m,64,64,32,8,0,5,20,False,2.9.0+cu128,12.8,dense_nvfp4,skip,,,K%32!=0
module_forward,m,64,64,32,8,0,5,20,False,2.9.0+cu128,12.8,sparse_bf16,skip,,,K%64!=0
module_forward,m,64,64,32,8,0,5,20,False,2.9.0+cu128,12.8,sparse_nvfp4,skip,,,K%64!=0
module_forward,m,64,64,32,8,0,5,20,False,2.9.0+cu128,12.8,marlin_nvfp4,skip,,,"K%128!=0,N%64!=0"
module_forward,m,64,64,32,16,0,5,20,False,2.9.0+cu128,12.8,dense_bf16,pass,0.022309,0.002938,
module_forward,m,64,64,32,16,0,5,20,False,2.9.0+cu128,12.8,dense_nvfp4,skip,,,K%32!=0
module_forward,m,64,64,32,16,0,5,20,False,2.9.0+cu128,12.8,sparse_bf16,skip,,,K%64!=0
module_forward,m,64,64,32,16,0,5,20,False,2.9.0+cu128,12.8,sparse_nvfp4,skip,,,K%64!=0
module_forward,m,64,64,32,16,0,5,20,False,2.9.0+cu128,12.8,marlin_nvfp4,skip,,,"K%128!=0,N%64!=0"
module_forward,m,64,64,32,32,0,5,20,False,2.9.0+cu128,12.8,dense_bf16,pass,0.022312,0.005875,
module_forward,m,64,64,32,32,0,5,20,False,2.9.0+cu128,12.8,dense_nvfp4,pass,0.116686,0.001123,
module_forward,m,64,64,32,32,0,5,20,False,2.9.0+cu128,12.8,sparse_bf16,skip,,,K%64!=0
module_forward,m,64,64,32,32,0,5,20,False,2.9.0+cu128,12.8,sparse_nvfp4,skip,,,K%64!=0
module_forward,m,64,64,32,32,0,5,20,False,2.9.0+cu128,12.8,marlin_nvfp4,skip,,,"K%128!=0,N%64!=0"
module_forward,m,64,64,32,64,0,5,20,False,2.9.0+cu128,12.8,dense_bf16,pass,0.022238,0.011788,
module_forward,m,64,64,32,64,0,5,20,False,2.9.0+cu128,12.8,dense_nvfp4,pass,0.116744,0.002245,
module_forward,m,64,64,32,64,0,5,20,False,2.9.0+cu128,12.8,sparse_bf16,pass,0.033203,0.007895,
module_forward,m,64,64,32,64,0,5,20,False,2.9.0+cu128,12.8,sparse_nvfp4,pass,0.118971,0.002203,
module_forward,m,64,64,32,64,0,5,20,False,2.9.0+cu128,12.8,marlin_nvfp4,skip,,,"K%128!=0,N%64!=0"
module_forward,m,64,64,32,128,0,5,20,False,2.9.0+cu128,12.8,dense_bf16,pass,0.022474,0.023329,
module_forward,m,64,64,32,128,0,5,20,False,2.9.0+cu128,12.8,dense_nvfp4,pass,0.116517,0.004500,
module_forward,m,64,64,32,128,0,5,20,False,2.9.0+cu128,12.8,sparse_bf16,pass,0.033053,0.015862,
module_forward,m,64,64,32,128,0,5,20,False,2.9.0+cu128,12.8,sparse_nvfp4,pass,0.118115,0.004439,
module_forward,m,64,64,32,128,0,5,20,False,2.9.0+cu128,12.8,marlin_nvfp4,skip,,,N%64!=0
module_forward,m,64,64,32,256,0,5,20,False,2.9.0+cu128,12.8,dense_bf16,pass,0.022643,0.046309,
module_forward,m,64,64,32,256,0,5,20,False,2.9.0+cu128,12.8,dense_nvfp4,pass,0.117146,0.008951,
module_forward,m,64,64,32,256,0,5,20,False,2.9.0+cu128,12.8,sparse_bf16,pass,0.033078,0.031700,
module_forward,m,64,64,32,256,0,5,20,False,2.9.0+cu128,12.8,sparse_nvfp4,pass,0.118686,0.008835,
module_forward,m,64,64,32,256,0,5,20,False,2.9.0+cu128,12.8,marlin_nvfp4,skip,,,N%64!=0
module_forward,m,64,64,32,512,0,5,20,False,2.9.0+cu128,12.8,dense_bf16,pass,0.022749,0.092187,
module_forward,m,64,64,32,512,0,5,20,False,2.9.0+cu128,12.8,dense_nvfp4,pass,0.117558,0.017839,
module_forward,m,64,64,32,512,0,5,20,False,2.9.0+cu128,12.8,sparse_bf16,pass,0.033307,0.062964,
module_forward,m,64,64,32,512,0,5,20,False,2.9.0+cu128,12.8,sparse_nvfp4,pass,0.119126,0.017604,
module_forward,m,64,64,32,512,0,5,20,False,2.9.0+cu128,12.8,marlin_nvfp4,skip,,,N%64!=0
module_forward,m,64,64,32,1024,0,5,20,False,2.9.0+cu128,12.8,dense_bf16,pass,0.024738,0.169552,
module_forward,m,64,64,32,1024,0,5,20,False,2.9.0+cu128,12.8,dense_nvfp4,pass,0.117195,0.035789,
module_forward,m,64,64,32,1024,0,5,20,False,2.9.0+cu128,12.8,sparse_bf16,pass,0.036462,0.115031,
module_forward,m,64,64,32,1024,0,5,20,False,2.9.0+cu128,12.8,sparse_nvfp4,pass,0.119928,0.034974,
module_forward,m,64,64,32,1024,0,5,20,False,2.9.0+cu128,12.8,marlin_nvfp4,skip,,,N%64!=0
module_forward,m,64,64,32,2048,0,5,20,False,2.9.0+cu128,12.8,dense_bf16,pass,0.024765,0.338731,
module_forward,m,64,64,32,2048,0,5,20,False,2.9.0+cu128,12.8,dense_nvfp4,pass,0.121555,0.069011,
module_forward,m,64,64,32,2048,0,5,20,False,2.9.0+cu128,12.8,sparse_bf16,pass,0.047352,0.177154,
module_forward,m,64,64,32,2048,0,5,20,False,2.9.0+cu128,12.8,sparse_nvfp4,pass,0.123590,0.067874,
module_forward,m,64,64,32,2048,0,5,20,False,2.9.0+cu128,12.8,marlin_nvfp4,skip,,,N%64!=0
module_forward,m,64,64,32,4096,0,5,20,False,2.9.0+cu128,12.8,dense_bf16,pass,0.025048,0.669803,
module_forward,m,64,64,32,4096,0,5,20,False,2.9.0+cu128,12.8,dense_nvfp4,pass,0.123245,0.136129,
module_forward,m,64,64,32,4096,0,5,20,False,2.9.0+cu128,12.8,sparse_bf16,pass,0.070592,0.237665,
module_forward,m,64,64,32,4096,0,5,20,False,2.9.0+cu128,12.8,sparse_nvfp4,pass,0.123424,0.135932,
module_forward,m,64,64,32,4096,0,5,20,False,2.9.0+cu128,12.8,marlin_nvfp4,skip,,,N%64!=0
module_forward,m,64,64,32,8192,0,5,20,False,2.9.0+cu128,12.8,dense_bf16,pass,0.025130,1.335255,
module_forward,m,64,64,32,8192,0,5,20,False,2.9.0+cu128,12.8,dense_nvfp4,pass,0.134842,0.248843,
module_forward,m,64,64,32,8192,0,5,20,False,2.9.0+cu128,12.8,sparse_bf16,pass,0.116141,0.288912,
module_forward,m,64,64,32,8192,0,5,20,False,2.9.0+cu128,12.8,sparse_nvfp4,pass,0.126661,0.264916,
module_forward,m,64,64,32,8192,0,5,20,False,2.9.0+cu128,12.8,marlin_nvfp4,skip,,,N%64!=0
module_forward,m,64,64,32,16384,0,5,20,False,2.9.0+cu128,12.8,dense_bf16,pass,0.025149,2.668472,
module_forward,m,64,64,32,16384,0,5,20,False,2.9.0+cu128,12.8,dense_nvfp4,pass,0.158565,0.423227,
module_forward,m,64,64,32,16384,0,5,20,False,2.9.0+cu128,12.8,sparse_bf16,pass,0.206600,0.324825,
module_forward,m,64,64,32,16384,0,5,20,False,2.9.0+cu128,12.8,sparse_nvfp4,pass,0.143798,0.466687,
module_forward,m,64,64,32,16384,0,5,20,False,2.9.0+cu128,12.8,marlin_nvfp4,skip,,,N%64!=0
module_forward,m,64,64,64,1,0,5,20,False,2.9.0+cu128,12.8,dense_bf16,pass,0.021382,0.000383,
module_forward,m,64,64,64,1,0,5,20,False,2.9.0+cu128,12.8,dense_nvfp4,skip,,,K%32!=0
module_forward,m,64,64,64,1,0,5,20,False,2.9.0+cu128,12.8,sparse_bf16,skip,,,K%64!=0
module_forward,m,64,64,64,1,0,5,20,False,2.9.0+cu128,12.8,sparse_nvfp4,skip,,,K%64!=0
module_forward,m,64,64,64,1,0,5,20,False,2.9.0+cu128,12.8,marlin_nvfp4,skip,,,K%128!=0
module_forward,m,64,64,64,2,0,5,20,False,2.9.0+cu128,12.8,dense_bf16,pass,0.022269,0.000736,
module_forward,m,64,64,64,2,0,5,20,False,2.9.0+cu128,12.8,dense_nvfp4,skip,,,K%32!=0
module_forward,m,64,64,64,2,0,5,20,False,2.9.0+cu128,12.8,sparse_bf16,skip,,,K%64!=0
module_forward,m,64,64,64,2,0,5,20,False,2.9.0+cu128,12.8,sparse_nvfp4,skip,,,K%64!=0
module_forward,m,64,64,64,2,0,5,20,False,2.9.0+cu128,12.8,marlin_nvfp4,skip,,,K%128!=0
module_forward,m,64,64,64,4,0,5,20,False,2.9.0+cu128,12.8,dense_bf16,pass,0.022386,0.001464,
module_forward,m,64,64,64,4,0,5,20,False,2.9.0+cu128,12.8,dense_nvfp4,skip,,,K%32!=0
module_forward,m,64,64,64,4,0,5,20,False,2.9.0+cu128,12.8,sparse_bf16,skip,,,K%64!=0
module_forward,m,64,64,64,4,0,5,20,False,2.9.0+cu128,12.8,sparse_nvfp4,skip,,,K%64!=0
module_forward,m,64,64,64,4,0,5,20,False,2.9.0+cu128,12.8,marlin_nvfp4,skip,,,K%128!=0
module_forward,m,64,64,64,8,0,5,20,False,2.9.0+cu128,12.8,dense_bf16,pass,0.022478,0.002916,
module_forward,m,64,64,64,8,0,5,20,False,2.9.0+cu128,12.8,dense_nvfp4,skip,,,K%32!=0
module_forward,m,64,64,64,8,0,5,20,False,2.9.0+cu128,12.8,sparse_bf16,skip,,,K%64!=0
module_forward,m,64,64,64,8,0,5,20,False,2.9.0+cu128,12.8,sparse_nvfp4,skip,,,K%64!=0
module_forward,m,64,64,64,8,0,5,20,False,2.9.0+cu128,12.8,marlin_nvfp4,skip,,,K%128!=0
module_forward,m,64,64,64,16,0,5,20,False,2.9.0+cu128,12.8,dense_bf16,pass,0.022302,0.005877,
module_forward,m,64,64,64,16,0,5,20,False,2.9.0+cu128,12.8,dense_nvfp4,skip,,,K%32!=0
module_forward,m,64,64,64,16,0,5,20,False,2.9.0+cu128,12.8,sparse_bf16,skip,,,K%64!=0
module_forward,m,64,64,64,16,0,5,20,False,2.9.0+cu128,12.8,sparse_nvfp4,skip,,,K%64!=0
module_forward,m,64,64,64,16,0,5,20,False,2.9.0+cu128,12.8,marlin_nvfp4,skip,,,K%128!=0
module_forward,m,64,64,64,32,0,5,20,False,2.9.0+cu128,12.8,dense_bf16,pass,0.022382,0.011712,
module_forward,m,64,64,64,32,0,5,20,False,2.9.0+cu128,12.8,dense_nvfp4,pass,0.116781,0.002245,
module_forward,m,64,64,64,32,0,5,20,False,2.9.0+cu128,12.8,sparse_bf16,skip,,,K%64!=0
module_forward,m,64,64,64,32,0,5,20,False,2.9.0+cu128,12.8,sparse_nvfp4,skip,,,K%64!=0
module_forward,m,64,64,64,32,0,5,20,False,2.9.0+cu128,12.8,marlin_nvfp4,skip,,,K%128!=0
module_forward,m,64,64,64,64,0,5,20,False,2.9.0+cu128,12.8,dense_bf16,pass,0.022192,0.023625,
module_forward,m,64,64,64,64,0,5,20,False,2.9.0+cu128,12.8,dense_nvfp4,pass,0.116757,0.004490,
module_forward,m,64,64,64,64,0,5,20,False,2.9.0+cu128,12.8,sparse_bf16,pass,0.033453,0.015672,
module_forward,m,64,64,64,64,0,5,20,False,2.9.0+cu128,12.8,sparse_nvfp4,pass,0.117805,0.004450,
module_forward,m,64,64,64,64,0,5,20,False,2.9.0+cu128,12.8,marlin_nvfp4,skip,,,K%128!=0
module_forward,m,64,64,64,128,0,5,20,False,2.9.0+cu128,12.8,dense_bf16,pass,0.022288,0.047047,
module_forward,m,64,64,64,128,0,5,20,False,2.9.0+cu128,12.8,dense_nvfp4,pass,0.116219,0.009022,
module_forward,m,64,64,64,128,0,5,20,False,2.9.0+cu128,12.8,sparse_bf16,pass,0.033357,0.031435,
module_forward,m,64,64,64,128,0,5,20,False,2.9.0+cu128,12.8,sparse_nvfp4,pass,0.121094,0.008659,
module_forward,m,64,64,64,128,0,5,20,False,2.9.0+cu128,12.8,marlin_nvfp4,pass,0.038278,0.027393,
module_forward,m,64,64,64,256,0,5,20,False,2.9.0+cu128,12.8,dense_bf16,pass,0.022605,0.092775,
module_forward,m,64,64,64,256,0,5,20,False,2.9.0+cu128,12.8,dense_nvfp4,pass,0.116266,0.018038,
module_forward,m,64,64,64,256,0,5,20,False,2.9.0+cu128,12.8,sparse_bf16,pass,0.032981,0.063587,
module_forward,m,64,64,64,256,0,5,20,False,2.9.0+cu128,12.8,sparse_nvfp4,pass,0.121066,0.017322,
module_forward,m,64,64,64,256,0,5,20,False,2.9.0+cu128,12.8,marlin_nvfp4,pass,0.038778,0.054082,
module_forward,m,64,64,64,512,0,5,20,False,2.9.0+cu128,12.8,dense_bf16,pass,0.022800,0.183961,
module_forward,m,64,64,64,512,0,5,20,False,2.9.0+cu128,12.8,dense_nvfp4,pass,0.116474,0.036011,
module_forward,m,64,64,64,512,0,5,20,False,2.9.0+cu128,12.8,sparse_bf16,pass,0.033654,0.124629,
module_forward,m,64,64,64,512,0,5,20,False,2.9.0+cu128,12.8,sparse_nvfp4,pass,0.119362,0.035139,
module_forward,m,64,64,64,512,0,5,20,False,2.9.0+cu128,12.8,marlin_nvfp4,pass,0.038470,0.109027,
module_forward,m,64,64,64,1024,0,5,20,False,2.9.0+cu128,12.8,dense_bf16,pass,0.024957,0.336125,
module_forward,m,64,64,64,1024,0,5,20,False,2.9.0+cu128,12.8,dense_nvfp4,pass,0.117229,0.071558,
module_forward,m,64,64,64,1024,0,5,20,False,2.9.0+cu128,12.8,sparse_bf16,pass,0.036099,0.232377,
module_forward,m,64,64,64,1024,0,5,20,False,2.9.0+cu128,12.8,sparse_nvfp4,pass,0.120306,0.069727,
module_forward,m,64,64,64,1024,0,5,20,False,2.9.0+cu128,12.8,marlin_nvfp4,pass,0.039418,0.212814,
module_forward,m,64,64,64,2048,0,5,20,False,2.9.0+cu128,12.8,dense_bf16,pass,0.025080,0.668948,
module_forward,m,64,64,64,2048,0,5,20,False,2.9.0+cu128,12.8,dense_nvfp4,pass,0.120376,0.139373,
module_forward,m,64,64,64,2048,0,5,20,False,2.9.0+cu128,12.8,sparse_bf16,pass,0.047474,0.353401,
module_forward,m,64,64,64,2048,0,5,20,False,2.9.0+cu128,12.8,sparse_nvfp4,pass,0.123755,0.135568,
module_forward,m,64,64,64,2048,0,5,20,False,2.9.0+cu128,12.8,marlin_nvfp4,pass,0.048064,0.349060,
module_forward,m,64,64,64,4096,0,5,20,False,2.9.0+cu128,12.8,dense_bf16,pass,0.025034,1.340376,
module_forward,m,64,64,64,4096,0,5,20,False,2.9.0+cu128,12.8,dense_nvfp4,pass,0.123731,0.271188,
module_forward,m,64,64,64,4096,0,5,20,False,2.9.0+cu128,12.8,sparse_bf16,pass,0.070702,0.474587,
module_forward,m,64,64,64,4096,0,5,20,False,2.9.0+cu128,12.8,sparse_nvfp4,pass,0.124290,0.269970,
module_forward,m,64,64,64,4096,0,5,20,False,2.9.0+cu128,12.8,marlin_nvfp4,pass,0.067200,0.499322,
module_forward,m,64,64,64,8192,0,5,20,False,2.9.0+cu128,12.8,dense_bf16,pass,0.025045,2.679553,
module_forward,m,64,64,64,8192,0,5,20,False,2.9.0+cu128,12.8,dense_nvfp4,pass,0.135382,0.495699,
module_forward,m,64,64,64,8192,0,5,20,False,2.9.0+cu128,12.8,sparse_bf16,pass,0.115896,0.579044,
module_forward,m,64,64,64,8192,0,5,20,False,2.9.0+cu128,12.8,sparse_nvfp4,pass,0.128014,0.524229,
module_forward,m,64,64,64,8192,0,5,20,False,2.9.0+cu128,12.8,marlin_nvfp4,pass,0.103616,0.647669,
module_forward,m,64,64,64,16384,0,5,20,False,2.9.0+cu128,12.8,dense_bf16,pass,0.025120,5.343062,
module_forward,m,64,64,64,16384,0,5,20,False,2.9.0+cu128,12.8,dense_nvfp4,pass,0.160998,0.833659,
module_forward,m,64,64,64,16384,0,5,20,False,2.9.0+cu128,12.8,sparse_bf16,pass,0.206491,0.649992,
module_forward,m,64,64,64,16384,0,5,20,False,2.9.0+cu128,12.8,sparse_nvfp4,pass,0.144606,0.928159,
module_forward,m,64,64,64,16384,0,5,20,False,2.9.0+cu128,12.8,marlin_nvfp4,pass,0.177448,0.756378,
module_forward,m,64,64,128,1,0,5,20,False,2.9.0+cu128,12.8,dense_bf16,pass,0.021824,0.000751,
module_forward,m,64,64,128,1,0,5,20,False,2.9.0+cu128,12.8,dense_nvfp4,skip,,,K%32!=0
module_forward,m,64,64,128,1,0,5,20,False,2.9.0+cu128,12.8,sparse_bf16,skip,,,K%64!=0
module_forward,m,64,64,128,1,0,5,20,False,2.9.0+cu128,12.8,sparse_nvfp4,skip,,,K%64!=0
module_forward,m,64,64,128,1,0,5,20,False,2.9.0+cu128,12.8,marlin_nvfp4,skip,,,K%128!=0
module_forward,m,64,64,128,2,0,5,20,False,2.9.0+cu128,12.8,dense_bf16,pass,0.022150,0.001479,
module_forward,m,64,64,128,2,0,5,20,False,2.9.0+cu128,12.8,dense_nvfp4,skip,,,K%32!=0
module_forward,m,64,64,128,2,0,5,20,False,2.9.0+cu128,12.8,sparse_bf16,skip,,,K%64!=0
module_forward,m,64,64,128,2,0,5,20,False,2.9.0+cu128,12.8,sparse_nvfp4,skip,,,K%64!=0
module_forward,m,64,64,128,2,0,5,20,False,2.9.0+cu128,12.8,marlin_nvfp4,skip,,,K%128!=0
module_forward,m,64,64,128,4,0,5,20,False,2.9.0+cu128,12.8,dense_bf16,pass,0.022227,0.002948,
module_forward,m,64,64,128,4,0,5,20,False,2.9.0+cu128,12.8,dense_nvfp4,skip,,,K%32!=0
module_forward,m,64,64,128,4,0,5,20,False,2.9.0+cu128,12.8,sparse_bf16,skip,,,K%64!=0
module_forward,m,64,64,128,4,0,5,20,False,2.9.0+cu128,12.8,sparse_nvfp4,skip,,,K%64!=0
module_forward,m,64,64,128,4,0,5,20,False,2.9.0+cu128,12.8,marlin_nvfp4,skip,,,K%128!=0
module_forward,m,64,64,128,8,0,5,20,False,2.9.0+cu128,12.8,dense_bf16,pass,0.022928,0.005717,
module_forward,m,64,64,128,8,0,5,20,False,2.9.0+cu128,12.8,dense_nvfp4,skip,,,K%32!=0
module_forward,m,64,64,128,8,0,5,20,False,2.9.0+cu128,12.8,sparse_bf16,skip,,,K%64!=0
module_forward,m,64,64,128,8,0,5,20,False,2.9.0+cu128,12.8,sparse_nvfp4,skip,,,K%64!=0
module_forward,m,64,64,128,8,0,5,20,False,2.9.0+cu128,12.8,marlin_nvfp4,skip,,,K%128!=0
module_forward,m,64,64,128,16,0,5,20,False,2.9.0+cu128,12.8,dense_bf16,pass,0.022200,0.011808,
module_forward,m,64,64,128,16,0,5,20,False,2.9.0+cu128,12.8,dense_nvfp4,skip,,,K%32!=0
module_forward,m,64,64,128,16,0,5,20,False,2.9.0+cu128,12.8,sparse_bf16,skip,,,K%64!=0
module_forward,m,64,64,128,16,0,5,20,False,2.9.0+cu128,12.8,sparse_nvfp4,skip,,,K%64!=0
module_forward,m,64,64,128,16,0,5,20,False,2.9.0+cu128,12.8,marlin_nvfp4,skip,,,K%128!=0
module_forward,m,64,64,128,32,0,5,20,False,2.9.0+cu128,12.8,dense_bf16,pass,0.022189,0.023628,
module_forward,m,64,64,128,32,0,5,20,False,2.9.0+cu128,12.8,dense_nvfp4,pass,0.116776,0.004490,
module_forward,m,64,64,128,32,0,5,20,False,2.9.0+cu128,12.8,sparse_bf16,skip,,,K%64!=0
module_forward,m,64,64,128,32,0,5,20,False,2.9.0+cu128,12.8,sparse_nvfp4,skip,,,K%64!=0
module_forward,m,64,64,128,32,0,5,20,False,2.9.0+cu128,12.8,marlin_nvfp4,skip,,,K%128!=0
module_forward,m,64,64,128,64,0,5,20,False,2.9.0+cu128,12.8,dense_bf16,pass,0.022242,0.047145,
module_forward,m,64,64,128,64,0,5,20,False,2.9.0+cu128,12.8,dense_nvfp4,pass,0.117765,0.008904,
module_forward,m,64,64,128,64,0,5,20,False,2.9.0+cu128,12.8,sparse_bf16,pass,0.032494,0.032269,
module_forward,m,64,64,128,64,0,5,20,False,2.9.0+cu128,12.8,sparse_nvfp4,pass,0.118194,0.008872,
module_forward,m,64,64,128,64,0,5,20,False,2.9.0+cu128,12.8,marlin_nvfp4,skip,,,K%128!=0
module_forward,m,64,64,128,128,0,5,20,False,2.9.0+cu128,12.8,dense_bf16,pass,0.022453,0.093403,
module_forward,m,64,64,128,128,0,5,20,False,2.9.0+cu128,12.8,dense_nvfp4,pass,0.118821,0.017650,
module_forward,m,64,64,128,128,0,5,20,False,2.9.0+cu128,12.8,sparse_bf16,pass,0.032738,0.064059,
module_forward,m,64,64,128,128,0,5,20,False,2.9.0+cu128,12.8,sparse_nvfp4,pass,0.117990,0.017774,
module_forward,m,64,64,128,128,0,5,20,False,2.9.0+cu128,12.8,marlin_nvfp4,pass,0.037982,0.055214,
module_forward,m,64,64,128,256,0,5,20,False,2.9.0+cu128,12.8,dense_bf16,pass,0.022382,0.187393,
module_forward,m,64,64,128,256,0,5,20,False,2.9.0+cu128,12.8,dense_nvfp4,pass,0.117630,0.035657,
module_forward,m,64,64,128,256,0,5,20,False,2.9.0+cu128,12.8,sparse_bf16,pass,0.033165,0.126469,
module_forward,m,64,64,128,256,0,5,20,False,2.9.0+cu128,12.8,sparse_nvfp4,pass,0.120234,0.034885,
module_forward,m,64,64,128,256,0,5,20,False,2.9.0+cu128,12.8,marlin_nvfp4,pass,0.038554,0.108792,
module_forward,m,64,64,128,512,0,5,20,False,2.9.0+cu128,12.8,dense_bf16,pass,0.022310,0.375995,
module_forward,m,64,64,128,512,0,5,20,False,2.9.0+cu128,12.8,dense_nvfp4,pass,0.119061,0.070457,
module_forward,m,64,64,128,512,0,5,20,False,2.9.0+cu128,12.8,sparse_bf16,pass,0.033755,0.248513,
module_forward,m,64,64,128,512,0,5,20,False,2.9.0+cu128,12.8,sparse_nvfp4,pass,0.120760,0.069465,
module_forward,m,64,64,128,512,0,5,20,False,2.9.0+cu128,12.8,marlin_nvfp4,pass,0.038426,0.218308,
module_forward,m,64,64,128,1024,0,5,20,False,2.9.0+cu128,12.8,dense_bf16,pass,0.025211,0.665467,
module_forward,m,64,64,128,1024,0,5,20,False,2.9.0+cu128,12.8,dense_nvfp4,pass,0.116816,0.143621,
module_forward,m,64,64,128,1024,0,5,20,False,2.9.0+cu128,12.8,sparse_bf16,pass,0.036661,0.457634,
module_forward,m,64,64,128,1024,0,5,20,False,2.9.0+cu128,12.8,sparse_nvfp4,pass,0.118907,0.141095,
module_forward,m,64,64,128,1024,0,5,20,False,2.9.0+cu128,12.8,marlin_nvfp4,pass,0.038835,0.432011,
module_forward,m,64,64,128,2048,0,5,20,False,2.9.0+cu128,12.8,dense_bf16,pass,0.024990,1.342693,
module_forward,m,64,64,128,2048,0,5,20,False,2.9.0+cu128,12.8,dense_nvfp4,pass,0.121477,0.276221,
module_forward,m,64,64,128,2048,0,5,20,False,2.9.0+cu128,12.8,sparse_bf16,pass,0.048270,0.695135,
module_forward,m,64,64,128,2048,0,5,20,False,2.9.0+cu128,12.8,sparse_nvfp4,pass,0.123774,0.271093,
module_forward,m,64,64,128,2048,0,5,20,False,2.9.0+cu128,12.8,marlin_nvfp4,pass,0.048312,0.694536,
module_forward,m,64,64,128,4096,0,5,20,False,2.9.0+cu128,12.8,dense_bf16,pass,0.025381,2.644080,
module_forward,m,64,64,128,4096,0,5,20,False,2.9.0+cu128,12.8,dense_nvfp4,pass,0.121840,0.550795,
module_forward,m,64,64,128,4096,0,5,20,False,2.9.0+cu128,12.8,sparse_bf16,pass,0.070341,0.954053,
module_forward,m,64,64,128,4096,0,5,20,False,2.9.0+cu128,12.8,sparse_nvfp4,pass,0.122288,0.548777,
module_forward,m,64,64,128,4096,0,5,20,False,2.9.0+cu128,12.8,marlin_nvfp4,pass,0.066667,1.006625,
module_forward,m,64,64,128,8192,0,5,20,False,2.9.0+cu128,12.8,dense_bf16,pass,0.024998,5.369053,
module_forward,m,64,64,128,8192,0,5,20,False,2.9.0+cu128,12.8,dense_nvfp4,pass,0.135221,0.992582,
module_forward,m,64,64,128,8192,0,5,20,False,2.9.0+cu128,12.8,sparse_bf16,pass,0.116261,1.154454,
module_forward,m,64,64,128,8192,0,5,20,False,2.9.0+cu128,12.8,sparse_nvfp4,pass,0.127038,1.056513,
module_forward,m,64,64,128,8192,0,5,20,False,2.9.0+cu128,12.8,marlin_nvfp4,pass,0.105734,1.269386,
module_forward,m,64,64,128,16384,0,5,20,False,2.9.0+cu128,12.8,dense_bf16,pass,0.025070,10.707267,
module_forward,m,64,64,128,16384,0,5,20,False,2.9.0+cu128,12.8,dense_nvfp4,pass,0.160003,1.677688,
module_forward,m,64,64,128,16384,0,5,20,False,2.9.0+cu128,12.8,sparse_bf16,pass,0.206010,1.303024,
module_forward,m,64,64,128,16384,0,5,20,False,2.9.0+cu128,12.8,sparse_nvfp4,pass,0.146200,1.836084,
module_forward,m,64,64,128,16384,0,5,20,False,2.9.0+cu128,12.8,marlin_nvfp4,pass,0.105797,2.537274,
module_forward,m,64,64,256,1,0,5,20,False,2.9.0+cu128,12.8,dense_bf16,pass,0.021378,0.001533,
module_forward,m,64,64,256,1,0,5,20,False,2.9.0+cu128,12.8,dense_nvfp4,skip,,,K%32!=0
module_forward,m,64,64,256,1,0,5,20,False,2.9.0+cu128,12.8,sparse_bf16,skip,,,K%64!=0
module_forward,m,64,64,256,1,0,5,20,False,2.9.0+cu128,12.8,sparse_nvfp4,skip,,,K%64!=0
module_forward,m,64,64,256,1,0,5,20,False,2.9.0+cu128,12.8,marlin_nvfp4,skip,,,K%128!=0
module_forward,m,64,64,256,2,0,5,20,False,2.9.0+cu128,12.8,dense_bf16,pass,0.022512,0.002911,
module_forward,m,64,64,256,2,0,5,20,False,2.9.0+cu128,12.8,dense_nvfp4,skip,,,K%32!=0
module_forward,m,64,64,256,2,0,5,20,False,2.9.0+cu128,12.8,sparse_bf16,skip,,,K%64!=0
module_forward,m,64,64,256,2,0,5,20,False,2.9.0+cu128,12.8,sparse_nvfp4,skip,,,K%64!=0
module_forward,m,64,64,256,2,0,5,20,False,2.9.0+cu128,12.8,marlin_nvfp4,skip,,,K%128!=0
module_forward,m,64,64,256,4,0,5,20,False,2.9.0+cu128,12.8,dense_bf16,pass,0.022198,0.005905,
module_forward,m,64,64,256,4,0,5,20,False,2.9.0+cu128,12.8,dense_nvfp4,skip,,,K%32!=0
module_forward,m,64,64,256,4,0,5,20,False,2.9.0+cu128,12.8,sparse_bf16,skip,,,K%64!=0
module_forward,m,64,64,256,4,0,5,20,False,2.9.0+cu128,12.8,sparse_nvfp4,skip,,,K%64!=0
module_forward,m,64,64,256,4,0,5,20,False,2.9.0+cu128,12.8,marlin_nvfp4,skip,,,K%128!=0
module_forward,m,64,64,256,8,0,5,20,False,2.9.0+cu128,12.8,dense_bf16,pass,0.022184,0.011817,
module_forward,m,64,64,256,8,0,5,20,False,2.9.0+cu128,12.8,dense_nvfp4,skip,,,K%32!=0
module_forward,m,64,64,256,8,0,5,20,False,2.9.0+cu128,12.8,sparse_bf16,skip,,,K%64!=0
module_forward,m,64,64,256,8,0,5,20,False,2.9.0+cu128,12.8,sparse_nvfp4,skip,,,K%64!=0
module_forward,m,64,64,256,8,0,5,20,False,2.9.0+cu128,12.8,marlin_nvfp4,skip,,,K%128!=0
module_forward,m,64,64,256,16,0,5,20,False,2.9.0+cu128,12.8,dense_bf16,pass,0.022742,0.023053,
module_forward,m,64,64,256,16,0,5,20,False,2.9.0+cu128,12.8,dense_nvfp4,skip,,,K%32!=0
module_forward,m,64,64,256,16,0,5,20,False,2.9.0+cu128,12.8,sparse_bf16,skip,,,K%64!=0
module_forward,m,64,64,256,16,0,5,20,False,2.9.0+cu128,12.8,sparse_nvfp4,skip,,,K%64!=0
module_forward,m,64,64,256,16,0,5,20,False,2.9.0+cu128,12.8,marlin_nvfp4,skip,,,K%128!=0
module_forward,m,64,64,256,32,0,5,20,False,2.9.0+cu128,12.8,dense_bf16,pass,0.022376,0.046862,
module_forward,m,64,64,256,32,0,5,20,False,2.9.0+cu128,12.8,dense_nvfp4,error,,,module output contains NaN/Inf
module_forward,m,64,64,256,32,0,5,20,False,2.9.0+cu128,12.8,sparse_bf16,skip,,,K%64!=0
module_forward,m,64,64,256,32,0,5,20,False,2.9.0+cu128,12.8,sparse_nvfp4,skip,,,K%64!=0
module_forward,m,64,64,256,32,0,5,20,False,2.9.0+cu128,12.8,marlin_nvfp4,skip,,,K%128!=0
module_forward,m,64,64,256,64,0,5,20,False,2.9.0+cu128,12.8,dense_bf16,pass,0.022006,0.095297,
module_forward,m,64,64,256,64,0,5,20,False,2.9.0+cu128,12.8,dense_nvfp4,pass,0.116824,0.017951,
module_forward,m,64,64,256,64,0,5,20,False,2.9.0+cu128,12.8,sparse_bf16,pass,0.033011,0.063528,
module_forward,m,64,64,256,64,0,5,20,False,2.9.0+cu128,12.8,sparse_nvfp4,pass,0.118110,0.017756,
module_forward,m,64,64,256,64,0,5,20,False,2.9.0+cu128,12.8,marlin_nvfp4,skip,,,K%128!=0
module_forward,m,64,64,256,128,0,5,20,False,2.9.0+cu128,12.8,dense_bf16,pass,0.022230,0.188674,
module_forward,m,64,64,256,128,0,5,20,False,2.9.0+cu128,12.8,dense_nvfp4,pass,0.116605,0.035970,
module_forward,m,64,64,256,128,0,5,20,False,2.9.0+cu128,12.8,sparse_bf16,pass,0.032354,0.129639,
module_forward,m,64,64,256,128,0,5,20,False,2.9.0+cu128,12.8,sparse_nvfp4,pass,0.119114,0.035213,
module_forward,m,64,64,256,128,0,5,20,False,2.9.0+cu128,12.8,marlin_nvfp4,pass,0.038766,0.108194,
module_forward,m,64,64,256,256,0,5,20,False,2.9.0+cu128,12.8,dense_bf16,pass,0.022083,0.379864,
module_forward,m,64,64,256,256,0,5,20,False,2.9.0+cu128,12.8,dense_nvfp4,pass,0.116667,0.071902,
module_forward,m,64,64,256,256,0,5,20,False,2.9.0+cu128,12.8,sparse_bf16,pass,0.033099,0.253438,
module_forward,m,64,64,256,256,0,5,20,False,2.9.0+cu128,12.8,sparse_nvfp4,pass,0.120168,0.069807,
module_forward,m,64,64,256,256,0,5,20,False,2.9.0+cu128,12.8,marlin_nvfp4,pass,0.038499,0.217890,
module_forward,m,64,64,256,512,0,5,20,False,2.9.0+cu128,12.8,dense_bf16,pass,0.022229,0.754751,
module_forward,m,64,64,256,512,0,5,20,False,2.9.0+cu128,12.8,dense_nvfp4,pass,0.118570,0.141497,
module_forward,m,64,64,256,512,0,5,20,False,2.9.0+cu128,12.8,sparse_bf16,pass,0.033363,0.502866,
module_forward,m,64,64,256,512,0,5,20,False,2.9.0+cu128,12.8,sparse_nvfp4,pass,0.119715,0.140143,
module_forward,m,64,64,256,512,0,5,20,False,2.9.0+cu128,12.8,marlin_nvfp4,pass,0.038120,0.440116,
module_forward,m,64,64,256,1024,0,5,20,False,2.9.0+cu128,12.8,dense_bf16,pass,0.022258,1.507549,
module_forward,m,64,64,256,1024,0,5,20,False,2.9.0+cu128,12.8,dense_nvfp4,pass,0.117312,0.286027,
module_forward,m,64,64,256,1024,0,5,20,False,2.9.0+cu128,12.8,sparse_bf16,pass,0.036301,0.924344,
module_forward,m,64,64,256,1024,0,5,20,False,2.9.0+cu128,12.8,sparse_nvfp4,pass,0.120477,0.278514,
module_forward,m,64,64,256,1024,0,5,20,False,2.9.0+cu128,12.8,marlin_nvfp4,pass,0.039838,0.842264,
module_forward,m,64,64,256,2048,0,5,20,False,2.9.0+cu128,12.8,dense_bf16,pass,0.024986,2.685902,
module_forward,m,64,64,256,2048,0,5,20,False,2.9.0+cu128,12.8,dense_nvfp4,pass,0.122451,0.548046,
module_forward,m,64,64,256,2048,0,5,20,False,2.9.0+cu128,12.8,sparse_bf16,pass,0.047765,1.404986,
module_forward,m,64,64,256,2048,0,5,20,False,2.9.0+cu128,12.8,sparse_nvfp4,pass,0.122699,0.546938,
module_forward,m,64,64,256,2048,0,5,20,False,2.9.0+cu128,12.8,marlin_nvfp4,pass,0.048298,1.389487,
module_forward,m,64,64,256,4096,0,5,20,False,2.9.0+cu128,12.8,dense_bf16,pass,0.025086,5.350219,
module_forward,m,64,64,256,4096,0,5,20,False,2.9.0+cu128,12.8,dense_nvfp4,pass,0.122568,1.095047,
module_forward,m,64,64,256,4096,0,5,20,False,2.9.0+cu128,12.8,sparse_bf16,pass,0.070539,1.902740,
module_forward,m,64,64,256,4096,0,5,20,False,2.9.0+cu128,12.8,sparse_nvfp4,pass,0.122858,1.092466,
module_forward,m,64,64,256,4096,0,5,20,False,2.9.0+cu128,12.8,marlin_nvfp4,pass,0.067806,1.979426,
module_forward,m,64,64,256,8192,0,5,20,False,2.9.0+cu128,12.8,dense_bf16,pass,0.025202,10.651524,
module_forward,m,64,64,256,8192,0,5,20,False,2.9.0+cu128,12.8,dense_nvfp4,pass,0.134459,1.996408,
module_forward,m,64,64,256,8192,0,5,20,False,2.9.0+cu128,12.8,sparse_bf16,pass,0.115856,2.316975,
module_forward,m,64,64,256,8192,0,5,20,False,2.9.0+cu128,12.8,sparse_nvfp4,pass,0.128451,2.089785,
module_forward,m,64,64,256,8192,0,5,20,False,2.9.0+cu128,12.8,marlin_nvfp4,pass,0.068430,3.922752,
module_forward,m,64,64,256,16384,0,5,20,False,2.9.0+cu128,12.8,dense_bf16,pass,0.025493,21.059708,
module_forward,m,64,64,256,16384,0,5,20,False,2.9.0+cu128,12.8,dense_nvfp4,pass,0.159509,3.365776,
module_forward,m,64,64,256,16384,0,5,20,False,2.9.0+cu128,12.8,sparse_bf16,pass,0.206901,2.594823,
module_forward,m,64,64,256,16384,0,5,20,False,2.9.0+cu128,12.8,sparse_nvfp4,pass,0.144602,3.712759,
module_forward,m,64,64,256,16384,0,5,20,False,2.9.0+cu128,12.8,marlin_nvfp4,pass,0.071134,7.547276,
module_forward,m,64,64,512,1,0,5,20,False,2.9.0+cu128,12.8,dense_bf16,pass,0.021610,0.003033,
module_forward,m,64,64,512,1,0,5,20,False,2.9.0+cu128,12.8,dense_nvfp4,skip,,,K%32!=0
module_forward,m,64,64,512,1,0,5,20,False,2.9.0+cu128,12.8,sparse_bf16,skip,,,K%64!=0
module_forward,m,64,64,512,1,0,5,20,False,2.9.0+cu128,12.8,sparse_nvfp4,skip,,,K%64!=0
module_forward,m,64,64,512,1,0,5,20,False,2.9.0+cu128,12.8,marlin_nvfp4,skip,,,K%128!=0
module_forward,m,64,64,512,2,0,5,20,False,2.9.0+cu128,12.8,dense_bf16,pass,0.022413,0.005848,
module_forward,m,64,64,512,2,0,5,20,False,2.9.0+cu128,12.8,dense_nvfp4,skip,,,K%32!=0
module_forward,m,64,64,512,2,0,5,20,False,2.9.0+cu128,12.8,sparse_bf16,skip,,,K%64!=0
module_forward,m,64,64,512,2,0,5,20,False,2.9.0+cu128,12.8,sparse_nvfp4,skip,,,K%64!=0
module_forward,m,64,64,512,2,0,5,20,False,2.9.0+cu128,12.8,marlin_nvfp4,skip,,,K%128!=0
module_forward,m,64,64,512,4,0,5,20,False,2.9.0+cu128,12.8,dense_bf16,pass,0.022557,0.011622,
module_forward,m,64,64,512,4,0,5,20,False,2.9.0+cu128,12.8,dense_nvfp4,skip,,,K%32!=0
module_forward,m,64,64,512,4,0,5,20,False,2.9.0+cu128,12.8,sparse_bf16,skip,,,K%64!=0
module_forward,m,64,64,512,4,0,5,20,False,2.9.0+cu128,12.8,sparse_nvfp4,skip,,,K%64!=0
module_forward,m,64,64,512,4,0,5,20,False,2.9.0+cu128,12.8,marlin_nvfp4,skip,,,K%128!=0
module_forward,m,64,64,512,8,0,5,20,False,2.9.0+cu128,12.8,dense_bf16,pass,0.022222,0.023593,
module_forward,m,64,64,512,8,0,5,20,False,2.9.0+cu128,12.8,dense_nvfp4,skip,,,K%32!=0
module_forward,m,64,64,512,8,0,5,20,False,2.9.0+cu128,12.8,sparse_bf16,skip,,,K%64!=0
module_forward,m,64,64,512,8,0,5,20,False,2.9.0+cu128,12.8,sparse_nvfp4,skip,,,K%64!=0
module_forward,m,64,64,512,8,0,5,20,False,2.9.0+cu128,12.8,marlin_nvfp4,skip,,,K%128!=0
module_forward,m,64,64,512,16,0,5,20,False,2.9.0+cu128,12.8,dense_bf16,pass,0.022566,0.046466,
module_forward,m,64,64,512,16,0,5,20,False,2.9.0+cu128,12.8,dense_nvfp4,skip,,,K%32!=0
module_forward,m,64,64,512,16,0,5,20,False,2.9.0+cu128,12.8,sparse_bf16,skip,,,K%64!=0
module_forward,m,64,64,512,16,0,5,20,False,2.9.0+cu128,12.8,sparse_nvfp4,skip,,,K%64!=0
module_forward,m,64,64,512,16,0,5,20,False,2.9.0+cu128,12.8,marlin_nvfp4,skip,,,K%128!=0
module_forward,m,64,64,512,32,0,5,20,False,2.9.0+cu128,12.8,dense_bf16,pass,0.022355,0.093810,
module_forward,m,64,64,512,32,0,5,20,False,2.9.0+cu128,12.8,dense_nvfp4,error,,,module output contains NaN/Inf
module_forward,m,64,64,512,32,0,5,20,False,2.9.0+cu128,12.8,sparse_bf16,skip,,,K%64!=0
module_forward,m,64,64,512,32,0,5,20,False,2.9.0+cu128,12.8,sparse_nvfp4,skip,,,K%64!=0
module_forward,m,64,64,512,32,0,5,20,False,2.9.0+cu128,12.8,marlin_nvfp4,skip,,,K%128!=0
module_forward,m,64,64,512,64,0,5,20,False,2.9.0+cu128,12.8,dense_bf16,pass,0.022051,0.190208,
module_forward,m,64,64,512,64,0,5,20,False,2.9.0+cu128,12.8,dense_nvfp4,pass,0.116845,0.035896,
module_forward,m,64,64,512,64,0,5,20,False,2.9.0+cu128,12.8,sparse_bf16,pass,0.032941,0.127329,
module_forward,m,64,64,512,64,0,5,20,False,2.9.0+cu128,12.8,sparse_nvfp4,pass,0.119850,0.034996,
module_forward,m,64,64,512,64,0,5,20,False,2.9.0+cu128,12.8,marlin_nvfp4,skip,,,K%128!=0
module_forward,m,64,64,512,128,0,5,20,False,2.9.0+cu128,12.8,dense_bf16,pass,0.022344,0.375430,
module_forward,m,64,64,512,128,0,5,20,False,2.9.0+cu128,12.8,dense_nvfp4,pass,0.116944,0.071732,
module_forward,m,64,64,512,128,0,5,20,False,2.9.0+cu128,12.8,sparse_bf16,pass,0.032970,0.254435,
module_forward,m,64,64,512,128,0,5,20,False,2.9.0+cu128,12.8,sparse_nvfp4,pass,0.119616,0.070129,
module_forward,m,64,64,512,128,0,5,20,False,2.9.0+cu128,12.8,marlin_nvfp4,pass,0.038691,0.216809,
module_forward,m,64,64,512,256,0,5,20,False,2.9.0+cu128,12.8,dense_bf16,pass,0.022067,0.760278,
module_forward,m,64,64,512,256,0,5,20,False,2.9.0+cu128,12.8,dense_nvfp4,pass,0.117707,0.142533,
module_forward,m,64,64,512,256,0,5,20,False,2.9.0+cu128,12.8,sparse_bf16,pass,0.033155,0.506021,
module_forward,m,64,64,512,256,0,5,20,False,2.9.0+cu128,12.8,sparse_nvfp4,pass,0.119294,0.140637,
module_forward,m,64,64,512,256,0,5,20,False,2.9.0+cu128,12.8,marlin_nvfp4,pass,0.038840,0.431957,
module_forward,m,64,64,512,512,0,5,20,False,2.9.0+cu128,12.8,dense_bf16,pass,0.022637,1.482296,
module_forward,m,64,64,512,512,0,5,20,False,2.9.0+cu128,12.8,dense_nvfp4,pass,0.118829,0.282376,
module_forward,m,64,64,512,512,0,5,20,False,2.9.0+cu128,12.8,sparse_bf16,pass,0.033730,0.994807,
module_forward,m,64,64,512,512,0,5,20,False,2.9.0+cu128,12.8,sparse_nvfp4,pass,0.120096,0.279397,
module_forward,m,64,64,512,512,0,5,20,False,2.9.0+cu128,12.8,marlin_nvfp4,pass,0.038661,0.867919,
module_forward,m,64,64,512,1024,0,5,20,False,2.9.0+cu128,12.8,dense_bf16,pass,0.022403,2.995504,
module_forward,m,64,64,512,1024,0,5,20,False,2.9.0+cu128,12.8,dense_nvfp4,pass,0.118869,0.564562,
module_forward,m,64,64,512,1024,0,5,20,False,2.9.0+cu128,12.8,sparse_bf16,pass,0.036642,1.831494,
module_forward,m,64,64,512,1024,0,5,20,False,2.9.0+cu128,12.8,sparse_nvfp4,pass,0.119768,0.560324,
module_forward,m,64,64,512,1024,0,5,20,False,2.9.0+cu128,12.8,marlin_nvfp4,pass,0.039502,1.698855,
module_forward,m,64,64,512,2048,0,5,20,False,2.9.0+cu128,12.8,dense_bf16,pass,0.025050,5.358079,
module_forward,m,64,64,512,2048,0,5,20,False,2.9.0+cu128,12.8,dense_nvfp4,pass,0.122733,1.093577,
module_forward,m,64,64,512,2048,0,5,20,False,2.9.0+cu128,12.8,sparse_bf16,pass,0.047746,2.811102,
module_forward,m,64,64,512,2048,0,5,20,False,2.9.0+cu128,12.8,sparse_nvfp4,pass,0.122995,1.091244,
module_forward,m,64,64,512,2048,0,5,20,False,2.9.0+cu128,12.8,marlin_nvfp4,pass,0.048562,2.763865,
module_forward,m,64,64,512,4096,0,5,20,False,2.9.0+cu128,12.8,dense_bf16,pass,0.025130,10.682043,
module_forward,m,64,64,512,4096,0,5,20,False,2.9.0+cu128,12.8,dense_nvfp4,pass,0.126373,2.124155,
module_forward,m,64,64,512,4096,0,5,20,False,2.9.0+cu128,12.8,sparse_bf16,pass,0.070958,3.782998,
module_forward,m,64,64,512,4096,0,5,20,False,2.9.0+cu128,12.8,sparse_nvfp4,pass,0.122587,2.189751,
module_forward,m,64,64,512,4096,0,5,20,False,2.9.0+cu128,12.8,marlin_nvfp4,pass,0.049635,5.408167,
module_forward,m,64,64,512,8192,0,5,20,False,2.9.0+cu128,12.8,dense_bf16,pass,0.025171,21.328777,
module_forward,m,64,64,512,8192,0,5,20,False,2.9.0+cu128,12.8,dense_nvfp4,pass,0.135222,3.970281,
module_forward,m,64,64,512,8192,0,5,20,False,2.9.0+cu128,12.8,sparse_bf16,pass,0.116277,4.617180,
module_forward,m,64,64,512,8192,0,5,20,False,2.9.0+cu128,12.8,sparse_nvfp4,pass,0.128118,4.190428,
module_forward,m,64,64,512,8192,0,5,20,False,2.9.0+cu128,12.8,marlin_nvfp4,pass,0.052246,10.275749,
module_forward,m,64,64,512,16384,0,5,20,False,2.9.0+cu128,12.8,dense_bf16,pass,0.029864,35.954387,
module_forward,m,64,64,512,16384,0,5,20,False,2.9.0+cu128,12.8,dense_nvfp4,pass,0.158854,6.759283,
module_forward,m,64,64,512,16384,0,5,20,False,2.9.0+cu128,12.8,sparse_bf16,pass,0.207862,5.165638,
module_forward,m,64,64,512,16384,0,5,20,False,2.9.0+cu128,12.8,sparse_nvfp4,pass,0.144765,7.417147,
module_forward,m,64,64,512,16384,0,5,20,False,2.9.0+cu128,12.8,marlin_nvfp4,pass,0.058192,18.451709,
module_forward,m,64,64,1024,1,0,5,20,False,2.9.0+cu128,12.8,dense_bf16,pass,0.021549,0.006083,
module_forward,m,64,64,1024,1,0,5,20,False,2.9.0+cu128,12.8,dense_nvfp4,skip,,,K%32!=0
module_forward,m,64,64,1024,1,0,5,20,False,2.9.0+cu128,12.8,sparse_bf16,skip,,,K%64!=0
module_forward,m,64,64,1024,1,0,5,20,False,2.9.0+cu128,12.8,sparse_nvfp4,skip,,,K%64!=0
module_forward,m,64,64,1024,1,0,5,20,False,2.9.0+cu128,12.8,marlin_nvfp4,skip,,,K%128!=0
module_forward,m,64,64,1024,2,0,5,20,False,2.9.0+cu128,12.8,dense_bf16,pass,0.022422,0.011691,
module_forward,m,64,64,1024,2,0,5,20,False,2.9.0+cu128,12.8,dense_nvfp4,skip,,,K%32!=0
module_forward,m,64,64,1024,2,0,5,20,False,2.9.0+cu128,12.8,sparse_bf16,skip,,,K%64!=0
module_forward,m,64,64,1024,2,0,5,20,False,2.9.0+cu128,12.8,sparse_nvfp4,skip,,,K%64!=0
module_forward,m,64,64,1024,2,0,5,20,False,2.9.0+cu128,12.8,marlin_nvfp4,skip,,,K%128!=0
module_forward,m,64,64,1024,4,0,5,20,False,2.9.0+cu128,12.8,dense_bf16,pass,0.022238,0.023576,
module_forward,m,64,64,1024,4,0,5,20,False,2.9.0+cu128,12.8,dense_nvfp4,skip,,,K%32!=0
module_forward,m,64,64,1024,4,0,5,20,False,2.9.0+cu128,12.8,sparse_bf16,skip,,,K%64!=0
module_forward,m,64,64,1024,4,0,5,20,False,2.9.0+cu128,12.8,sparse_nvfp4,skip,,,K%64!=0
module_forward,m,64,64,1024,4,0,5,20,False,2.9.0+cu128,12.8,marlin_nvfp4,skip,,,K%128!=0
module_forward,m,64,64,1024,8,0,5,20,False,2.9.0+cu128,12.8,dense_bf16,pass,0.022499,0.046605,
module_forward,m,64,64,1024,8,0,5,20,False,2.9.0+cu128,12.8,dense_nvfp4,skip,,,K%32!=0
module_forward,m,64,64,1024,8,0,5,20,False,2.9.0+cu128,12.8,sparse_bf16,skip,,,K%64!=0
module_forward,m,64,64,1024,8,0,5,20,False,2.9.0+cu128,12.8,sparse_nvfp4,skip,,,K%64!=0
module_forward,m,64,64,1024,8,0,5,20,False,2.9.0+cu128,12.8,marlin_nvfp4,skip,,,K%128!=0
module_forward,m,64,64,1024,16,0,5,20,False,2.9.0+cu128,12.8,dense_bf16,pass,0.022261,0.094208,
module_forward,m,64,64,1024,16,0,5,20,False,2.9.0+cu128,12.8,dense_nvfp4,skip,,,K%32!=0
module_forward,m,64,64,1024,16,0,5,20,False,2.9.0+cu128,12.8,sparse_bf16,skip,,,K%64!=0
module_forward,m,64,64,1024,16,0,5,20,False,2.9.0+cu128,12.8,sparse_nvfp4,skip,,,K%64!=0
module_forward,m,64,64,1024,16,0,5,20,False,2.9.0+cu128,12.8,marlin_nvfp4,skip,,,K%128!=0
module_forward,m,64,64,1024,32,0,5,20,False,2.9.0+cu128,12.8,dense_bf16,pass,0.022122,0.189602,
module_forward,m,64,64,1024,32,0,5,20,False,2.9.0+cu128,12.8,dense_nvfp4,pass,0.117603,0.035665,
module_forward,m,64,64,1024,32,0,5,20,False,2.9.0+cu128,12.8,sparse_bf16,skip,,,K%64!=0
module_forward,m,64,64,1024,32,0,5,20,False,2.9.0+cu128,12.8,sparse_nvfp4,skip,,,K%64!=0
module_forward,m,64,64,1024,32,0,5,20,False,2.9.0+cu128,12.8,marlin_nvfp4,skip,,,K%128!=0
module_forward,m,64,64,1024,64,0,5,20,False,2.9.0+cu128,12.8,dense_bf16,pass,0.022422,0.374117,
module_forward,m,64,64,1024,64,0,5,20,False,2.9.0+cu128,12.8,dense_nvfp4,pass,0.116803,0.071818,
module_forward,m,64,64,1024,64,0,5,20,False,2.9.0+cu128,12.8,sparse_bf16,pass,0.032925,0.254781,
module_forward,m,64,64,1024,64,0,5,20,False,2.9.0+cu128,12.8,sparse_nvfp4,pass,0.118493,0.070794,
module_forward,m,64,64,1024,64,0,5,20,False,2.9.0+cu128,12.8,marlin_nvfp4,skip,,,K%128!=0
module_forward,m,64,64,1024,128,0,5,20,False,2.9.0+cu128,12.8,dense_bf16,pass,0.022275,0.753179,
module_forward,m,64,64,1024,128,0,5,20,False,2.9.0+cu128,12.8,dense_nvfp4,pass,0.116706,0.143757,
module_forward,m,64,64,1024,128,0,5,20,False,2.9.0+cu128,12.8,sparse_bf16,pass,0.032789,0.511675,
module_forward,m,64,64,1024,128,0,5,20,False,2.9.0+cu128,12.8,sparse_nvfp4,pass,0.118368,0.141738,
module_forward,m,64,64,1024,128,0,5,20,False,2.9.0+cu128,12.8,marlin_nvfp4,pass,0.038806,0.432331,
module_forward,m,64,64,1024,256,0,5,20,False,2.9.0+cu128,12.8,dense_bf16,pass,0.022243,1.508525,
module_forward,m,64,64,1024,256,0,5,20,False,2.9.0+cu128,12.8,dense_nvfp4,pass,0.119256,0.281365,
module_forward,m,64,64,1024,256,0,5,20,False,2.9.0+cu128,12.8,sparse_bf16,pass,0.033915,0.989363,
module_forward,m,64,64,1024,256,0,5,20,False,2.9.0+cu128,12.8,sparse_nvfp4,pass,0.119661,0.280413,
module_forward,m,64,64,1024,256,0,5,20,False,2.9.0+cu128,12.8,marlin_nvfp4,pass,0.038070,0.881378,
module_forward,m,64,64,1024,512,0,5,20,False,2.9.0+cu128,12.8,dense_bf16,pass,0.022435,2.991231,
module_forward,m,64,64,1024,512,0,5,20,False,2.9.0+cu128,12.8,dense_nvfp4,pass,0.117454,0.571361,
module_forward,m,64,64,1024,512,0,5,20,False,2.9.0+cu128,12.8,sparse_bf16,pass,0.032992,2.034095,
module_forward,m,64,64,1024,512,0,5,20,False,2.9.0+cu128,12.8,sparse_nvfp4,pass,0.118706,0.565339,
module_forward,m,64,64,1024,512,0,5,20,False,2.9.0+cu128,12.8,marlin_nvfp4,pass,0.037851,1.772965,
module_forward,m,64,64,1024,1024,0,5,20,False,2.9.0+cu128,12.8,dense_bf16,pass,0.022373,5.999148,
module_forward,m,64,64,1024,1024,0,5,20,False,2.9.0+cu128,12.8,dense_nvfp4,pass,0.118653,1.131180,
module_forward,m,64,64,1024,1024,0,5,20,False,2.9.0+cu128,12.8,sparse_bf16,pass,0.036118,3.716049,
module_forward,m,64,64,1024,1024,0,5,20,False,2.9.0+cu128,12.8,sparse_nvfp4,pass,0.120952,1.109678,
module_forward,m,64,64,1024,1024,0,5,20,False,2.9.0+cu128,12.8,marlin_nvfp4,pass,0.039875,3.365945,
module_forward,m,64,64,1024,2048,0,5,20,False,2.9.0+cu128,12.8,dense_bf16,pass,0.024984,10.744295,
module_forward,m,64,64,1024,2048,0,5,20,False,2.9.0+cu128,12.8,dense_nvfp4,pass,0.120806,2.222030,
module_forward,m,64,64,1024,2048,0,5,20,False,2.9.0+cu128,12.8,sparse_bf16,pass,0.047907,5.603238,
module_forward,m,64,64,1024,2048,0,5,20,False,2.9.0+cu128,12.8,sparse_nvfp4,pass,0.125170,2.144574,
module_forward,m,64,64,1024,2048,0,5,20,False,2.9.0+cu128,12.8,marlin_nvfp4,pass,0.041146,6.524038,
module_forward,m,64,64,1024,4096,0,5,20,False,2.9.0+cu128,12.8,dense_bf16,pass,0.025421,21.119356,
module_forward,m,64,64,1024,4096,0,5,20,False,2.9.0+cu128,12.8,dense_nvfp4,pass,0.123358,4.352123,
module_forward,m,64,64,1024,4096,0,5,20,False,2.9.0+cu128,12.8,sparse_bf16,pass,0.070968,7.564972,
module_forward,m,64,64,1024,4096,0,5,20,False,2.9.0+cu128,12.8,sparse_nvfp4,pass,0.122707,4.375219,
module_forward,m,64,64,1024,4096,0,5,20,False,2.9.0+cu128,12.8,marlin_nvfp4,pass,0.042653,12.587003,
module_forward,m,64,64,1024,8192,0,5,20,False,2.9.0+cu128,12.8,dense_bf16,pass,0.029197,36.776010,
module_forward,m,64,64,1024,8192,0,5,20,False,2.9.0+cu128,12.8,dense_nvfp4,pass,0.134682,7.972446,
module_forward,m,64,64,1024,8192,0,5,20,False,2.9.0+cu128,12.8,sparse_bf16,pass,0.116549,9.212809,
module_forward,m,64,64,1024,8192,0,5,20,False,2.9.0+cu128,12.8,sparse_nvfp4,pass,0.127861,8.397741,
module_forward,m,64,64,1024,8192,0,5,20,False,2.9.0+cu128,12.8,marlin_nvfp4,pass,0.047619,22.548506,
module_forward,m,64,64,1024,16384,0,5,20,False,2.9.0+cu128,12.8,dense_bf16,pass,0.042018,51.109146,
module_forward,m,64,64,1024,16384,0,5,20,False,2.9.0+cu128,12.8,dense_nvfp4,pass,0.158214,13.573250,
module_forward,m,64,64,1024,16384,0,5,20,False,2.9.0+cu128,12.8,sparse_bf16,pass,0.208389,10.305178,
module_forward,m,64,64,1024,16384,0,5,20,False,2.9.0+cu128,12.8,sparse_nvfp4,pass,0.144331,14.878859,
module_forward,m,64,64,1024,16384,0,5,20,False,2.9.0+cu128,12.8,marlin_nvfp4,pass,0.054088,39.703514,
module_forward,m,64,64,2048,1,0,5,20,False,2.9.0+cu128,12.8,dense_bf16,pass,0.021678,0.012092,
module_forward,m,64,64,2048,1,0,5,20,False,2.9.0+cu128,12.8,dense_nvfp4,skip,,,K%32!=0
module_forward,m,64,64,2048,1,0,5,20,False,2.9.0+cu128,12.8,sparse_bf16,skip,,,K%64!=0
module_forward,m,64,64,2048,1,0,5,20,False,2.9.0+cu128,12.8,sparse_nvfp4,skip,,,K%64!=0
module_forward,m,64,64,2048,1,0,5,20,False,2.9.0+cu128,12.8,marlin_nvfp4,skip,,,K%128!=0
module_forward,m,64,64,2048,2,0,5,20,False,2.9.0+cu128,12.8,dense_bf16,pass,0.025419,0.020626,
module_forward,m,64,64,2048,2,0,5,20,False,2.9.0+cu128,12.8,dense_nvfp4,skip,,,K%32!=0
module_forward,m,64,64,2048,2,0,5,20,False,2.9.0+cu128,12.8,sparse_bf16,skip,,,K%64!=0
module_forward,m,64,64,2048,2,0,5,20,False,2.9.0+cu128,12.8,sparse_nvfp4,skip,,,K%64!=0
module_forward,m,64,64,2048,2,0,5,20,False,2.9.0+cu128,12.8,marlin_nvfp4,skip,,,K%128!=0
module_forward,m,64,64,2048,4,0,5,20,False,2.9.0+cu128,12.8,dense_bf16,pass,0.024966,0.041999,
module_forward,m,64,64,2048,4,0,5,20,False,2.9.0+cu128,12.8,dense_nvfp4,skip,,,K%32!=0
module_forward,m,64,64,2048,4,0,5,20,False,2.9.0+cu128,12.8,sparse_bf16,skip,,,K%64!=0
module_forward,m,64,64,2048,4,0,5,20,False,2.9.0+cu128,12.8,sparse_nvfp4,skip,,,K%64!=0
module_forward,m,64,64,2048,4,0,5,20,False,2.9.0+cu128,12.8,marlin_nvfp4,skip,,,K%128!=0
module_forward,m,64,64,2048,8,0,5,20,False,2.9.0+cu128,12.8,dense_bf16,pass,0.022483,0.093276,
module_forward,m,64,64,2048,8,0,5,20,False,2.9.0+cu128,12.8,dense_nvfp4,skip,,,K%32!=0
module_forward,m,64,64,2048,8,0,5,20,False,2.9.0+cu128,12.8,sparse_bf16,skip,,,K%64!=0
module_forward,m,64,64,2048,8,0,5,20,False,2.9.0+cu128,12.8,sparse_nvfp4,skip,,,K%64!=0
module_forward,m,64,64,2048,8,0,5,20,False,2.9.0+cu128,12.8,marlin_nvfp4,skip,,,K%128!=0
module_forward,m,64,64,2048,16,0,5,20,False,2.9.0+cu128,12.8,dense_bf16,pass,0.022357,0.187608,
module_forward,m,64,64,2048,16,0,5,20,False,2.9.0+cu128,12.8,dense_nvfp4,skip,,,K%32!=0
module_forward,m,64,64,2048,16,0,5,20,False,2.9.0+cu128,12.8,sparse_bf16,skip,,,K%64!=0
module_forward,m,64,64,2048,16,0,5,20,False,2.9.0+cu128,12.8,sparse_nvfp4,skip,,,K%64!=0
module_forward,m,64,64,2048,16,0,5,20,False,2.9.0+cu128,12.8,marlin_nvfp4,skip,,,K%128!=0
module_forward,m,64,64,2048,32,0,5,20,False,2.9.0+cu128,12.8,dense_bf16,pass,0.022301,0.376157,
module_forward,m,64,64,2048,32,0,5,20,False,2.9.0+cu128,12.8,dense_nvfp4,error,,,module output contains NaN/Inf
module_forward,m,64,64,2048,32,0,5,20,False,2.9.0+cu128,12.8,sparse_bf16,skip,,,K%64!=0
module_forward,m,64,64,2048,32,0,5,20,False,2.9.0+cu128,12.8,sparse_nvfp4,skip,,,K%64!=0
module_forward,m,64,64,2048,32,0,5,20,False,2.9.0+cu128,12.8,marlin_nvfp4,skip,,,K%128!=0
module_forward,m,64,64,2048,64,0,5,20,False,2.9.0+cu128,12.8,dense_bf16,pass,0.022461,0.746955,
module_forward,m,64,64,2048,64,0,5,20,False,2.9.0+cu128,12.8,dense_nvfp4,pass,0.117562,0.142710,
module_forward,m,64,64,2048,64,0,5,20,False,2.9.0+cu128,12.8,sparse_bf16,pass,0.032896,0.510008,
module_forward,m,64,64,2048,64,0,5,20,False,2.9.0+cu128,12.8,sparse_nvfp4,pass,0.119466,0.140436,
module_forward,m,64,64,2048,64,0,5,20,False,2.9.0+cu128,12.8,marlin_nvfp4,skip,,,K%128!=0
module_forward,m,64,64,2048,128,0,5,20,False,2.9.0+cu128,12.8,dense_bf16,pass,0.022219,1.510155,
module_forward,m,64,64,2048,128,0,5,20,False,2.9.0+cu128,12.8,dense_nvfp4,pass,0.117845,0.284734,
module_forward,m,64,64,2048,128,0,5,20,False,2.9.0+cu128,12.8,sparse_bf16,pass,0.033382,1.005153,
module_forward,m,64,64,2048,128,0,5,20,False,2.9.0+cu128,12.8,sparse_nvfp4,pass,0.117702,0.285079,
module_forward,m,64,64,2048,128,0,5,20,False,2.9.0+cu128,12.8,marlin_nvfp4,pass,0.038234,0.877616,
module_forward,m,64,64,2048,256,0,5,20,False,2.9.0+cu128,12.8,dense_bf16,pass,0.022427,2.992298,
module_forward,m,64,64,2048,256,0,5,20,False,2.9.0+cu128,12.8,dense_nvfp4,pass,0.118672,0.565499,
module_forward,m,64,64,2048,256,0,5,20,False,2.9.0+cu128,12.8,sparse_bf16,pass,0.033187,2.022131,
module_forward,m,64,64,2048,256,0,5,20,False,2.9.0+cu128,12.8,sparse_nvfp4,pass,0.119563,0.561284,
module_forward,m,64,64,2048,256,0,5,20,False,2.9.0+cu128,12.8,marlin_nvfp4,pass,0.038325,1.751056,
module_forward,m,64,64,2048,512,0,5,20,False,2.9.0+cu128,12.8,dense_bf16,pass,0.022392,5.994004,
module_forward,m,64,64,2048,512,0,5,20,False,2.9.0+cu128,12.8,dense_nvfp4,pass,0.119795,1.120393,
module_forward,m,64,64,2048,512,0,5,20,False,2.9.0+cu128,12.8,sparse_bf16,pass,0.032840,4.087020,
module_forward,m,64,64,2048,512,0,5,20,False,2.9.0+cu128,12.8,sparse_nvfp4,pass,0.119061,1.127304,
module_forward,m,64,64,2048,512,0,5,20,False,2.9.0+cu128,12.8,marlin_nvfp4,pass,0.038582,3.478729,
module_forward,m,64,64,2048,1024,0,5,20,False,2.9.0+cu128,12.8,dense_bf16,pass,0.022709,11.820768,
module_forward,m,64,64,2048,1024,0,5,20,False,2.9.0+cu128,12.8,dense_nvfp4,pass,0.118458,2.266089,
module_forward,m,64,64,2048,1024,0,5,20,False,2.9.0+cu128,12.8,sparse_bf16,pass,0.036534,7.347471,
module_forward,m,64,64,2048,1024,0,5,20,False,2.9.0+cu128,12.8,sparse_nvfp4,pass,0.119774,2.241176,
module_forward,m,64,64,2048,1024,0,5,20,False,2.9.0+cu128,12.8,marlin_nvfp4,pass,0.039008,6.881549,
module_forward,m,64,64,2048,2048,0,5,20,False,2.9.0+cu128,12.8,dense_bf16,pass,0.023925,22.439933,
module_forward,m,64,64,2048,2048,0,5,20,False,2.9.0+cu128,12.8,dense_nvfp4,pass,0.122406,4.385971,
module_forward,m,64,64,2048,2048,0,5,20,False,2.9.0+cu128,12.8,sparse_bf16,pass,0.047952,11.196007,
module_forward,m,64,64,2048,2048,0,5,20,False,2.9.0+cu128,12.8,sparse_nvfp4,pass,0.123741,4.338673,
module_forward,m,64,64,2048,2048,0,5,20,False,2.9.0+cu128,12.8,marlin_nvfp4,pass,0.038323,14.009031,
module_forward,m,64,64,2048,4096,0,5,20,False,2.9.0+cu128,12.8,dense_bf16,pass,0.031830,33.733218,
module_forward,m,64,64,2048,4096,0,5,20,False,2.9.0+cu128,12.8,dense_nvfp4,pass,0.122302,8.779401,
module_forward,m,64,64,2048,4096,0,5,20,False,2.9.0+cu128,12.8,sparse_bf16,pass,0.071082,15.105763,
module_forward,m,64,64,2048,4096,0,5,20,False,2.9.0+cu128,12.8,sparse_nvfp4,pass,0.124136,8.649721,
module_forward,m,64,64,2048,4096,0,5,20,False,2.9.0+cu128,12.8,marlin_nvfp4,pass,0.042466,25.284980,
module_forward,m,64,64,2048,8192,0,5,20,False,2.9.0+cu128,12.8,dense_bf16,pass,0.041723,51.469773,
module_forward,m,64,64,2048,8192,0,5,20,False,2.9.0+cu128,12.8,dense_nvfp4,pass,0.135858,15.806872,
module_forward,m,64,64,2048,8192,0,5,20,False,2.9.0+cu128,12.8,sparse_bf16,pass,0.116792,18.387249,
module_forward,m,64,64,2048,8192,0,5,20,False,2.9.0+cu128,12.8,sparse_nvfp4,pass,0.128322,16.735169,
module_forward,m,64,64,2048,8192,0,5,20,False,2.9.0+cu128,12.8,marlin_nvfp4,pass,0.048139,44.609874,
module_forward,m,64,64,2048,16384,0,5,20,False,2.9.0+cu128,12.8,dense_bf16,pass,0.066450,64.634962,
module_forward,m,64,64,2048,16384,0,5,20,False,2.9.0+cu128,12.8,dense_nvfp4,pass,0.159235,26.972474,
module_forward,m,64,64,2048,16384,0,5,20,False,2.9.0+cu128,12.8,sparse_bf16,pass,0.208541,20.595333,
module_forward,m,64,64,2048,16384,0,5,20,False,2.9.0+cu128,12.8,sparse_nvfp4,pass,0.145728,29.472492,
module_forward,m,64,64,2048,16384,0,5,20,False,2.9.0+cu128,12.8,marlin_nvfp4,pass,0.059696,71.947321,
module_forward,m,64,64,4096,1,0,5,20,False,2.9.0+cu128,12.8,dense_bf16,pass,0.021480,0.024408,
module_forward,m,64,64,4096,1,0,5,20,False,2.9.0+cu128,12.8,dense_nvfp4,skip,,,K%32!=0
module_forward,m,64,64,4096,1,0,5,20,False,2.9.0+cu128,12.8,sparse_bf16,skip,,,K%64!=0
module_forward,m,64,64,4096,1,0,5,20,False,2.9.0+cu128,12.8,sparse_nvfp4,skip,,,K%64!=0
module_forward,m,64,64,4096,1,0,5,20,False,2.9.0+cu128,12.8,marlin_nvfp4,skip,,,K%128!=0
module_forward,m,64,64,4096,2,0,5,20,False,2.9.0+cu128,12.8,dense_bf16,pass,0.024829,0.042232,
module_forward,m,64,64,4096,2,0,5,20,False,2.9.0+cu128,12.8,dense_nvfp4,skip,,,K%32!=0
module_forward,m,64,64,4096,2,0,5,20,False,2.9.0+cu128,12.8,sparse_bf16,skip,,,K%64!=0
module_forward,m,64,64,4096,2,0,5,20,False,2.9.0+cu128,12.8,sparse_nvfp4,skip,,,K%64!=0
module_forward,m,64,64,4096,2,0,5,20,False,2.9.0+cu128,12.8,marlin_nvfp4,skip,,,K%128!=0
module_forward,m,64,64,4096,4,0,5,20,False,2.9.0+cu128,12.8,dense_bf16,pass,0.024910,0.084188,
module_forward,m,64,64,4096,4,0,5,20,False,2.9.0+cu128,12.8,dense_nvfp4,skip,,,K%32!=0
module_forward,m,64,64,4096,4,0,5,20,False,2.9.0+cu128,12.8,sparse_bf16,skip,,,K%64!=0
module_forward,m,64,64,4096,4,0,5,20,False,2.9.0+cu128,12.8,sparse_nvfp4,skip,,,K%64!=0
module_forward,m,64,64,4096,4,0,5,20,False,2.9.0+cu128,12.8,marlin_nvfp4,skip,,,K%128!=0
module_forward,m,64,64,4096,8,0,5,20,False,2.9.0+cu128,12.8,dense_bf16,pass,0.022048,0.190235,
module_forward,m,64,64,4096,8,0,5,20,False,2.9.0+cu128,12.8,dense_nvfp4,skip,,,K%32!=0
module_forward,m,64,64,4096,8,0,5,20,False,2.9.0+cu128,12.8,sparse_bf16,skip,,,K%64!=0
module_forward,m,64,64,4096,8,0,5,20,False,2.9.0+cu128,12.8,sparse_nvfp4,skip,,,K%64!=0
module_forward,m,64,64,4096,8,0,5,20,False,2.9.0+cu128,12.8,marlin_nvfp4,skip,,,K%128!=0
module_forward,m,64,64,4096,16,0,5,20,False,2.9.0+cu128,12.8,dense_bf16,pass,0.022494,0.372920,
module_forward,m,64,64,4096,16,0,5,20,False,2.9.0+cu128,12.8,dense_nvfp4,skip,,,K%32!=0
module_forward,m,64,64,4096,16,0,5,20,False,2.9.0+cu128,12.8,sparse_bf16,skip,,,K%64!=0
module_forward,m,64,64,4096,16,0,5,20,False,2.9.0+cu128,12.8,sparse_nvfp4,skip,,,K%64!=0
module_forward,m,64,64,4096,16,0,5,20,False,2.9.0+cu128,12.8,marlin_nvfp4,skip,,,K%128!=0
module_forward,m,64,64,4096,32,0,5,20,False,2.9.0+cu128,12.8,dense_bf16,pass,0.022637,0.741148,
module_forward,m,64,64,4096,32,0,5,20,False,2.9.0+cu128,12.8,dense_nvfp4,pass,0.118645,0.141407,
module_forward,m,64,64,4096,32,0,5,20,False,2.9.0+cu128,12.8,sparse_bf16,skip,,,K%64!=0
module_forward,m,64,64,4096,32,0,5,20,False,2.9.0+cu128,12.8,sparse_nvfp4,skip,,,K%64!=0
module_forward,m,64,64,4096,32,0,5,20,False,2.9.0+cu128,12.8,marlin_nvfp4,skip,,,K%128!=0
module_forward,m,64,64,4096,64,0,5,20,False,2.9.0+cu128,12.8,dense_bf16,pass,0.022437,1.495509,
module_forward,m,64,64,4096,64,0,5,20,False,2.9.0+cu128,12.8,dense_nvfp4,pass,0.117723,0.285028,
module_forward,m,64,64,4096,64,0,5,20,False,2.9.0+cu128,12.8,sparse_bf16,pass,0.033176,1.011407,
module_forward,m,64,64,4096,64,0,5,20,False,2.9.0+cu128,12.8,sparse_nvfp4,pass,0.118848,0.282331,
module_forward,m,64,64,4096,64,0,5,20,False,2.9.0+cu128,12.8,marlin_nvfp4,skip,,,K%128!=0
module_forward,m,64,64,4096,128,0,5,20,False,2.9.0+cu128,12.8,dense_bf16,pass,0.022498,2.982934,
module_forward,m,64,64,4096,128,0,5,20,False,2.9.0+cu128,12.8,dense_nvfp4,pass,0.117525,0.571019,
module_forward,m,64,64,4096,128,0,5,20,False,2.9.0+cu128,12.8,sparse_bf16,pass,0.033126,2.025842,
module_forward,m,64,64,4096,128,0,5,20,False,2.9.0+cu128,12.8,sparse_nvfp4,pass,0.118003,0.568704,
module_forward,m,64,64,4096,128,0,5,20,False,2.9.0+cu128,12.8,marlin_nvfp4,pass,0.038915,1.724490,
module_forward,m,64,64,4096,256,0,5,20,False,2.9.0+cu128,12.8,dense_bf16,pass,0.022462,5.975218,
module_forward,m,64,64,4096,256,0,5,20,False,2.9.0+cu128,12.8,dense_nvfp4,pass,0.117224,1.144968,
module_forward,m,64,64,4096,256,0,5,20,False,2.9.0+cu128,12.8,sparse_bf16,pass,0.032979,4.069769,
module_forward,m,64,64,4096,256,0,5,20,False,2.9.0+cu128,12.8,sparse_nvfp4,pass,0.119133,1.126623,
module_forward,m,64,64,4096,256,0,5,20,False,2.9.0+cu128,12.8,marlin_nvfp4,pass,0.039142,3.428960,
module_forward,m,64,64,4096,512,0,5,20,False,2.9.0+cu128,12.8,dense_bf16,pass,0.022890,11.727398,
module_forward,m,64,64,4096,512,0,5,20,False,2.9.0+cu128,12.8,dense_nvfp4,pass,0.117288,2.288686,
module_forward,m,64,64,4096,512,0,5,20,False,2.9.0+cu128,12.8,sparse_bf16,pass,0.033570,7.996385,
module_forward,m,64,64,4096,512,0,5,20,False,2.9.0+cu128,12.8,sparse_nvfp4,pass,0.120474,2.228168,
module_forward,m,64,64,4096,512,0,5,20,False,2.9.0+cu128,12.8,marlin_nvfp4,pass,0.037781,7.105076,
module_forward,m,64,64,4096,1024,0,5,20,False,2.9.0+cu128,12.8,dense_bf16,pass,0.022344,24.027520,
module_forward,m,64,64,4096,1024,0,5,20,False,2.9.0+cu128,12.8,dense_nvfp4,pass,0.118678,4.523746,
module_forward,m,64,64,4096,1024,0,5,20,False,2.9.0+cu128,12.8,sparse_bf16,pass,0.036867,14.562291,
module_forward,m,64,64,4096,1024,0,5,20,False,2.9.0+cu128,12.8,sparse_nvfp4,pass,0.119293,4.500447,
module_forward,m,64,64,4096,1024,0,5,20,False,2.9.0+cu128,12.8,marlin_nvfp4,pass,0.038318,14.010786,
module_forward,m,64,64,4096,2048,0,5,20,False,2.9.0+cu128,12.8,dense_bf16,pass,0.028458,37.731285,
module_forward,m,64,64,4096,2048,0,5,20,False,2.9.0+cu128,12.8,dense_nvfp4,pass,0.122048,8.797701,
module_forward,m,64,64,4096,2048,0,5,20,False,2.9.0+cu128,12.8,sparse_bf16,pass,0.048237,22.259806,
module_forward,m,64,64,4096,2048,0,5,20,False,2.9.0+cu128,12.8,sparse_nvfp4,pass,0.123528,8.692295,
module_forward,m,64,64,4096,2048,0,5,20,False,2.9.0+cu128,12.8,marlin_nvfp4,pass,0.039874,26.928640,
module_forward,m,64,64,4096,4096,0,5,20,False,2.9.0+cu128,12.8,dense_bf16,pass,0.038768,55.393202,
module_forward,m,64,64,4096,4096,0,5,20,False,2.9.0+cu128,12.8,dense_nvfp4,pass,0.122886,17.475356,
module_forward,m,64,64,4096,4096,0,5,20,False,2.9.0+cu128,12.8,sparse_bf16,pass,0.071179,30.170101,
module_forward,m,64,64,4096,4096,0,5,20,False,2.9.0+cu128,12.8,sparse_nvfp4,pass,0.123806,17.345498,
module_forward,m,64,64,4096,4096,0,5,20,False,2.9.0+cu128,12.8,marlin_nvfp4,pass,0.045533,47.163443,
module_forward,m,64,64,4096,8192,0,5,20,False,2.9.0+cu128,12.8,dense_bf16,pass,0.068880,62.354345,
module_forward,m,64,64,4096,8192,0,5,20,False,2.9.0+cu128,12.8,dense_nvfp4,pass,0.136218,31.530194,
module_forward,m,64,64,4096,8192,0,5,20,False,2.9.0+cu128,12.8,sparse_bf16,pass,0.116642,36.821917,
module_forward,m,64,64,4096,8192,0,5,20,False,2.9.0+cu128,12.8,sparse_nvfp4,pass,0.128666,33.380851,
module_forward,m,64,64,4096,8192,0,5,20,False,2.9.0+cu128,12.8,marlin_nvfp4,pass,0.056021,76.667368,
module_forward,m,64,64,4096,16384,0,5,20,False,2.9.0+cu128,12.8,dense_bf16,pass,0.132096,65.027970,
module_forward,m,64,64,4096,16384,0,5,20,False,2.9.0+cu128,12.8,dense_nvfp4,pass,0.160667,53.464146,
module_forward,m,64,64,4096,16384,0,5,20,False,2.9.0+cu128,12.8,sparse_bf16,pass,0.208402,41.218179,
module_forward,m,64,64,4096,16384,0,5,20,False,2.9.0+cu128,12.8,sparse_nvfp4,pass,0.145861,58.891317,
module_forward,m,64,64,4096,16384,0,5,20,False,2.9.0+cu128,12.8,marlin_nvfp4,pass,0.077208,111.257052,
module_forward,m,64,64,8192,1,0,5,20,False,2.9.0+cu128,12.8,dense_bf16,pass,0.021589,0.048570,
module_forward,m,64,64,8192,1,0,5,20,False,2.9.0+cu128,12.8,dense_nvfp4,skip,,,K%32!=0
module_forward,m,64,64,8192,1,0,5,20,False,2.9.0+cu128,12.8,sparse_bf16,skip,,,K%64!=0
module_forward,m,64,64,8192,1,0,5,20,False,2.9.0+cu128,12.8,sparse_nvfp4,skip,,,K%64!=0
module_forward,m,64,64,8192,1,0,5,20,False,2.9.0+cu128,12.8,marlin_nvfp4,skip,,,K%128!=0
module_forward,m,64,64,8192,2,0,5,20,False,2.9.0+cu128,12.8,dense_bf16,pass,0.024827,0.084470,
module_forward,m,64,64,8192,2,0,5,20,False,2.9.0+cu128,12.8,dense_nvfp4,skip,,,K%32!=0
module_forward,m,64,64,8192,2,0,5,20,False,2.9.0+cu128,12.8,sparse_bf16,skip,,,K%64!=0
module_forward,m,64,64,8192,2,0,5,20,False,2.9.0+cu128,12.8,sparse_nvfp4,skip,,,K%64!=0
module_forward,m,64,64,8192,2,0,5,20,False,2.9.0+cu128,12.8,marlin_nvfp4,skip,,,K%128!=0
module_forward,m,64,64,8192,4,0,5,20,False,2.9.0+cu128,12.8,dense_bf16,pass,0.022510,0.186327,
module_forward,m,64,64,8192,4,0,5,20,False,2.9.0+cu128,12.8,dense_nvfp4,skip,,,K%32!=0
module_forward,m,64,64,8192,4,0,5,20,False,2.9.0+cu128,12.8,sparse_bf16,skip,,,K%64!=0
module_forward,m,64,64,8192,4,0,5,20,False,2.9.0+cu128,12.8,sparse_nvfp4,skip,,,K%64!=0
module_forward,m,64,64,8192,4,0,5,20,False,2.9.0+cu128,12.8,marlin_nvfp4,skip,,,K%128!=0
module_forward,m,64,64,8192,8,0,5,20,False,2.9.0+cu128,12.8,dense_bf16,pass,0.022378,0.374866,
module_forward,m,64,64,8192,8,0,5,20,False,2.9.0+cu128,12.8,dense_nvfp4,skip,,,K%32!=0
module_forward,m,64,64,8192,8,0,5,20,False,2.9.0+cu128,12.8,sparse_bf16,skip,,,K%64!=0
module_forward,m,64,64,8192,8,0,5,20,False,2.9.0+cu128,12.8,sparse_nvfp4,skip,,,K%64!=0
module_forward,m,64,64,8192,8,0,5,20,False,2.9.0+cu128,12.8,marlin_nvfp4,skip,,,K%128!=0
module_forward,m,64,64,8192,16,0,5,20,False,2.9.0+cu128,12.8,dense_bf16,pass,0.022123,0.758354,
module_forward,m,64,64,8192,16,0,5,20,False,2.9.0+cu128,12.8,dense_nvfp4,skip,,,K%32!=0
module_forward,m,64,64,8192,16,0,5,20,False,2.9.0+cu128,12.8,sparse_bf16,skip,,,K%64!=0
module_forward,m,64,64,8192,16,0,5,20,False,2.9.0+cu128,12.8,sparse_nvfp4,skip,,,K%64!=0
module_forward,m,64,64,8192,16,0,5,20,False,2.9.0+cu128,12.8,marlin_nvfp4,skip,,,K%128!=0
module_forward,m,64,64,8192,32,0,5,20,False,2.9.0+cu128,12.8,dense_bf16,pass,0.022514,1.490407,
module_forward,m,64,64,8192,32,0,5,20,False,2.9.0+cu128,12.8,dense_nvfp4,error,,,module output contains NaN/Inf
module_forward,m,64,64,8192,32,0,5,20,False,2.9.0+cu128,12.8,sparse_bf16,skip,,,K%64!=0
module_forward,m,64,64,8192,32,0,5,20,False,2.9.0+cu128,12.8,sparse_nvfp4,skip,,,K%64!=0
module_forward,m,64,64,8192,32,0,5,20,False,2.9.0+cu128,12.8,marlin_nvfp4,skip,,,K%128!=0
module_forward,m,64,64,8192,64,0,5,20,False,2.9.0+cu128,12.8,dense_bf16,pass,0.022378,2.998930,
module_forward,m,64,64,8192,64,0,5,20,False,2.9.0+cu128,12.8,dense_nvfp4,pass,0.117275,0.572234,
module_forward,m,64,64,8192,64,0,5,20,False,2.9.0+cu128,12.8,sparse_bf16,pass,0.033142,2.024864,
module_forward,m,64,64,8192,64,0,5,20,False,2.9.0+cu128,12.8,sparse_nvfp4,pass,0.118632,0.565689,
module_forward,m,64,64,8192,64,0,5,20,False,2.9.0+cu128,12.8,marlin_nvfp4,skip,,,K%128!=0
module_forward,m,64,64,8192,128,0,5,20,False,2.9.0+cu128,12.8,dense_bf16,pass,0.022672,5.919977,
module_forward,m,64,64,8192,128,0,5,20,False,2.9.0+cu128,12.8,dense_nvfp4,pass,0.118198,1.135529,
module_forward,m,64,64,8192,128,0,5,20,False,2.9.0+cu128,12.8,sparse_bf16,pass,0.032357,4.148053,
module_forward,m,64,64,8192,128,0,5,20,False,2.9.0+cu128,12.8,sparse_nvfp4,pass,0.118021,1.137238,
module_forward,m,64,64,8192,128,0,5,20,False,2.9.0+cu128,12.8,marlin_nvfp4,pass,0.038526,3.483786,
module_forward,m,64,64,8192,256,0,5,20,False,2.9.0+cu128,12.8,dense_bf16,pass,0.022670,11.840790,
module_forward,m,64,64,8192,256,0,5,20,False,2.9.0+cu128,12.8,dense_nvfp4,pass,0.119808,2.240547,
module_forward,m,64,64,8192,256,0,5,20,False,2.9.0+cu128,12.8,sparse_bf16,pass,0.032902,8.158537,
module_forward,m,64,64,8192,256,0,5,20,False,2.9.0+cu128,12.8,sparse_nvfp4,pass,0.119077,2.254305,
module_forward,m,64,64,8192,256,0,5,20,False,2.9.0+cu128,12.8,marlin_nvfp4,pass,0.038646,6.945937,
module_forward,m,64,64,8192,512,0,5,20,False,2.9.0+cu128,12.8,dense_bf16,pass,0.022696,23.654869,
module_forward,m,64,64,8192,512,0,5,20,False,2.9.0+cu128,12.8,dense_nvfp4,pass,0.116826,4.595490,
module_forward,m,64,64,8192,512,0,5,20,False,2.9.0+cu128,12.8,sparse_bf16,pass,0.033096,16.221625,
module_forward,m,64,64,8192,512,0,5,20,False,2.9.0+cu128,12.8,sparse_nvfp4,pass,0.118939,4.513827,
module_forward,m,64,64,8192,512,0,5,20,False,2.9.0+cu128,12.8,marlin_nvfp4,pass,0.037806,14.200530,
module_forward,m,64,64,8192,1024,0,5,20,False,2.9.0+cu128,12.8,dense_bf16,pass,0.026781,40.093717,
module_forward,m,64,64,8192,1024,0,5,20,False,2.9.0+cu128,12.8,dense_nvfp4,pass,0.117157,9.164998,
module_forward,m,64,64,8192,1024,0,5,20,False,2.9.0+cu128,12.8,sparse_bf16,pass,0.036475,29.437586,
module_forward,m,64,64,8192,1024,0,5,20,False,2.9.0+cu128,12.8,sparse_nvfp4,pass,0.119920,8.953818,
module_forward,m,64,64,8192,1024,0,5,20,False,2.9.0+cu128,12.8,marlin_nvfp4,pass,0.040346,26.613604,
module_forward,m,64,64,8192,2048,0,5,20,False,2.9.0+cu128,12.8,dense_bf16,pass,0.038661,55.546798,
module_forward,m,64,64,8192,2048,0,5,20,False,2.9.0+cu128,12.8,dense_nvfp4,pass,0.122912,17.471717,
module_forward,m,64,64,8192,2048,0,5,20,False,2.9.0+cu128,12.8,sparse_bf16,pass,0.048414,44.356300,
module_forward,m,64,64,8192,2048,0,5,20,False,2.9.0+cu128,12.8,sparse_nvfp4,pass,0.122725,17.498367,
module_forward,m,64,64,8192,2048,0,5,20,False,2.9.0+cu128,12.8,marlin_nvfp4,pass,0.045418,47.283072,
module_forward,m,64,64,8192,4096,0,5,20,False,2.9.0+cu128,12.8,dense_bf16,pass,0.114570,37.487844,
module_forward,m,64,64,8192,4096,0,5,20,False,2.9.0+cu128,12.8,dense_nvfp4,pass,0.123989,34.639962,
module_forward,m,64,64,8192,4096,0,5,20,False,2.9.0+cu128,12.8,sparse_bf16,pass,0.070576,60.855918,
module_forward,m,64,64,8192,4096,0,5,20,False,2.9.0+cu128,12.8,sparse_nvfp4,pass,0.139000,30.899045,
module_forward,m,64,64,8192,4096,0,5,20,False,2.9.0+cu128,12.8,marlin_nvfp4,pass,0.055942,76.774813,
module_forward,m,64,64,8192,8192,0,5,20,False,2.9.0+cu128,12.8,dense_bf16,pass,0.112363,76.447936,
module_forward,m,64,64,8192,8192,0,5,20,False,2.9.0+cu128,12.8,dense_nvfp4,pass,0.135518,63.385744,
module_forward,m,64,64,8192,8192,0,5,20,False,2.9.0+cu128,12.8,sparse_bf16,pass,0.117341,73.205011,
module_forward,m,64,64,8192,8192,0,5,20,False,2.9.0+cu128,12.8,sparse_nvfp4,pass,0.132744,64.710531,
module_forward,m,64,64,8192,8192,0,5,20,False,2.9.0+cu128,12.8,marlin_nvfp4,pass,0.076502,112.283204,
module_forward,m,64,64,8192,16384,0,5,20,False,2.9.0+cu128,12.8,dense_bf16,pass,0.235285,73.017336,
module_forward,m,64,64,8192,16384,0,5,20,False,2.9.0+cu128,12.8,dense_nvfp4,pass,0.161067,106.662742,
module_forward,m,64,64,8192,16384,0,5,20,False,2.9.0+cu128,12.8,sparse_bf16,pass,0.209426,82.033281,
module_forward,m,64,64,8192,16384,0,5,20,False,2.9.0+cu128,12.8,sparse_nvfp4,pass,0.150990,113.781202,
module_forward,m,64,64,8192,16384,0,5,20,False,2.9.0+cu128,12.8,marlin_nvfp4,pass,0.118642,144.804766,
module_forward,m,64,64,16384,1,0,5,20,False,2.9.0+cu128,12.8,dense_bf16,pass,0.022181,0.094548,
module_forward,m,64,64,16384,1,0,5,20,False,2.9.0+cu128,12.8,dense_nvfp4,skip,,,K%32!=0
module_forward,m,64,64,16384,1,0,5,20,False,2.9.0+cu128,12.8,sparse_bf16,skip,,,K%64!=0
module_forward,m,64,64,16384,1,0,5,20,False,2.9.0+cu128,12.8,sparse_nvfp4,skip,,,K%64!=0
module_forward,m,64,64,16384,1,0,5,20,False,2.9.0+cu128,12.8,marlin_nvfp4,skip,,,K%128!=0
module_forward,m,64,64,16384,2,0,5,20,False,2.9.0+cu128,12.8,dense_bf16,pass,0.022082,0.189946,
module_forward,m,64,64,16384,2,0,5,20,False,2.9.0+cu128,12.8,dense_nvfp4,skip,,,K%32!=0
module_forward,m,64,64,16384,2,0,5,20,False,2.9.0+cu128,12.8,sparse_bf16,skip,,,K%64!=0
module_forward,m,64,64,16384,2,0,5,20,False,2.9.0+cu128,12.8,sparse_nvfp4,skip,,,K%64!=0
module_forward,m,64,64,16384,2,0,5,20,False,2.9.0+cu128,12.8,marlin_nvfp4,skip,,,K%128!=0
module_forward,m,64,64,16384,4,0,5,20,False,2.9.0+cu128,12.8,dense_bf16,pass,0.022466,0.373398,
module_forward,m,64,64,16384,4,0,5,20,False,2.9.0+cu128,12.8,dense_nvfp4,skip,,,K%32!=0
module_forward,m,64,64,16384,4,0,5,20,False,2.9.0+cu128,12.8,sparse_bf16,skip,,,K%64!=0
module_forward,m,64,64,16384,4,0,5,20,False,2.9.0+cu128,12.8,sparse_nvfp4,skip,,,K%64!=0
module_forward,m,64,64,16384,4,0,5,20,False,2.9.0+cu128,12.8,marlin_nvfp4,skip,,,K%128!=0
module_forward,m,64,64,16384,8,0,5,20,False,2.9.0+cu128,12.8,dense_bf16,pass,0.022715,0.738590,
module_forward,m,64,64,16384,8,0,5,20,False,2.9.0+cu128,12.8,dense_nvfp4,skip,,,K%32!=0
module_forward,m,64,64,16384,8,0,5,20,False,2.9.0+cu128,12.8,sparse_bf16,skip,,,K%64!=0
module_forward,m,64,64,16384,8,0,5,20,False,2.9.0+cu128,12.8,sparse_nvfp4,skip,,,K%64!=0
module_forward,m,64,64,16384,8,0,5,20,False,2.9.0+cu128,12.8,marlin_nvfp4,skip,,,K%128!=0
module_forward,m,64,64,16384,16,0,5,20,False,2.9.0+cu128,12.8,dense_bf16,pass,0.022250,1.508091,
module_forward,m,64,64,16384,16,0,5,20,False,2.9.0+cu128,12.8,dense_nvfp4,skip,,,K%32!=0
module_forward,m,64,64,16384,16,0,5,20,False,2.9.0+cu128,12.8,sparse_bf16,skip,,,K%64!=0
module_forward,m,64,64,16384,16,0,5,20,False,2.9.0+cu128,12.8,sparse_nvfp4,skip,,,K%64!=0
module_forward,m,64,64,16384,16,0,5,20,False,2.9.0+cu128,12.8,marlin_nvfp4,skip,,,K%128!=0
module_forward,m,64,64,16384,32,0,5,20,False,2.9.0+cu128,12.8,dense_bf16,pass,0.022406,2.995076,
module_forward,m,64,64,16384,32,0,5,20,False,2.9.0+cu128,12.8,dense_nvfp4,error,,,module output contains NaN/Inf
module_forward,m,64,64,16384,32,0,5,20,False,2.9.0+cu128,12.8,sparse_bf16,skip,,,K%64!=0
module_forward,m,64,64,16384,32,0,5,20,False,2.9.0+cu128,12.8,sparse_nvfp4,skip,,,K%64!=0
module_forward,m,64,64,16384,32,0,5,20,False,2.9.0+cu128,12.8,marlin_nvfp4,skip,,,K%128!=0
module_forward,m,64,64,16384,64,0,5,20,False,2.9.0+cu128,12.8,dense_bf16,pass,0.022358,6.003011,
module_forward,m,64,64,16384,64,0,5,20,False,2.9.0+cu128,12.8,dense_nvfp4,pass,0.117531,1.141975,
module_forward,m,64,64,16384,64,0,5,20,False,2.9.0+cu128,12.8,sparse_bf16,pass,0.032800,4.092004,
module_forward,m,64,64,16384,64,0,5,20,False,2.9.0+cu128,12.8,sparse_nvfp4,pass,0.118339,1.134178,
module_forward,m,64,64,16384,64,0,5,20,False,2.9.0+cu128,12.8,marlin_nvfp4,skip,,,K%128!=0
module_forward,m,64,64,16384,128,0,5,20,False,2.9.0+cu128,12.8,dense_bf16,pass,0.022400,11.983726,
module_forward,m,64,64,16384,128,0,5,20,False,2.9.0+cu128,12.8,dense_nvfp4,pass,0.116880,2.296676,
module_forward,m,64,64,16384,128,0,5,20,False,2.9.0+cu128,12.8,sparse_bf16,pass,0.032946,8.147839,
module_forward,m,64,64,16384,128,0,5,20,False,2.9.0+cu128,12.8,sparse_nvfp4,pass,0.119206,2.251854,
module_forward,m,64,64,16384,128,0,5,20,False,2.9.0+cu128,12.8,marlin_nvfp4,pass,0.038413,6.988177,
module_forward,m,64,64,16384,256,0,5,20,False,2.9.0+cu128,12.8,dense_bf16,pass,0.022438,23.926435,
module_forward,m,64,64,16384,256,0,5,20,False,2.9.0+cu128,12.8,dense_nvfp4,pass,0.118134,4.544577,
module_forward,m,64,64,16384,256,0,5,20,False,2.9.0+cu128,12.8,sparse_bf16,pass,0.032883,16.326602,
module_forward,m,64,64,16384,256,0,5,20,False,2.9.0+cu128,12.8,sparse_nvfp4,pass,0.118067,4.547164,
module_forward,m,64,64,16384,256,0,5,20,False,2.9.0+cu128,12.8,marlin_nvfp4,pass,0.038622,13.900506,
module_forward,m,64,64,16384,512,0,5,20,False,2.9.0+cu128,12.8,dense_bf16,pass,0.028254,38.002641,
module_forward,m,64,64,16384,512,0,5,20,False,2.9.0+cu128,12.8,dense_nvfp4,pass,0.116206,9.239954,
module_forward,m,64,64,16384,512,0,5,20,False,2.9.0+cu128,12.8,sparse_bf16,pass,0.033506,32.046638,
module_forward,m,64,64,16384,512,0,5,20,False,2.9.0+cu128,12.8,sparse_nvfp4,pass,0.125794,8.535743,
module_forward,m,64,64,16384,512,0,5,20,False,2.9.0+cu128,12.8,marlin_nvfp4,pass,0.040029,26.824232,
module_forward,m,64,64,16384,1024,0,5,20,False,2.9.0+cu128,12.8,dense_bf16,pass,0.040005,53.680649,
module_forward,m,64,64,16384,1024,0,5,20,False,2.9.0+cu128,12.8,dense_nvfp4,pass,0.117232,18.318238,
module_forward,m,64,64,16384,1024,0,5,20,False,2.9.0+cu128,12.8,sparse_bf16,pass,0.038856,55.267749,
module_forward,m,64,64,16384,1024,0,5,20,False,2.9.0+cu128,12.8,sparse_nvfp4,pass,0.141842,15.140013,
module_forward,m,64,64,16384,1024,0,5,20,False,2.9.0+cu128,12.8,marlin_nvfp4,pass,0.077350,27.763058,
module_forward,m,64,64,16384,2048,0,5,20,False,2.9.0+cu128,12.8,dense_bf16,pass,0.066064,65.012220,
module_forward,m,64,64,16384,2048,0,5,20,False,2.9.0+cu128,12.8,dense_nvfp4,pass,0.130232,32.979354,
module_forward,m,64,64,16384,2048,0,5,20,False,2.9.0+cu128,12.8,sparse_bf16,pass,0.048082,89.326630,
module_forward,m,64,64,16384,2048,0,5,20,False,2.9.0+cu128,12.8,sparse_nvfp4,pass,0.122842,34.963460,
module_forward,m,64,64,16384,2048,0,5,20,False,2.9.0+cu128,12.8,marlin_nvfp4,pass,0.055957,76.755056,
module_forward,m,64,64,16384,4096,0,5,20,False,2.9.0+cu128,12.8,dense_bf16,pass,0.109971,78.110766,
module_forward,m,64,64,16384,4096,0,5,20,False,2.9.0+cu128,12.8,dense_nvfp4,pass,0.134979,63.638950,
module_forward,m,64,64,16384,4096,0,5,20,False,2.9.0+cu128,12.8,sparse_bf16,pass,0.071445,120.231768,
module_forward,m,64,64,16384,4096,0,5,20,False,2.9.0+cu128,12.8,sparse_nvfp4,pass,0.131370,65.387537,
module_forward,m,64,64,16384,4096,0,5,20,False,2.9.0+cu128,12.8,marlin_nvfp4,pass,0.074083,115.949831,
module_forward,m,64,64,16384,8192,0,5,20,False,2.9.0+cu128,12.8,dense_bf16,pass,0.208123,82.546632,
module_forward,m,64,64,16384,8192,0,5,20,False,2.9.0+cu128,12.8,dense_nvfp4,pass,0.159210,107.907244,
module_forward,m,64,64,16384,8192,0,5,20,False,2.9.0+cu128,12.8,sparse_bf16,pass,0.129987,132.165854,
module_forward,m,64,64,16384,8192,0,5,20,False,2.9.0+cu128,12.8,sparse_nvfp4,pass,0.151026,113.754682,
module_forward,m,64,64,16384,8192,0,5,20,False,2.9.0+cu128,12.8,marlin_nvfp4,pass,0.109531,156.849092,
module_forward,m,64,64,16384,16384,0,5,20,False,2.9.0+cu128,12.8,dense_bf16,pass,0.406557,84.513993,
module_forward,m,64,64,16384,16384,0,5,20,False,2.9.0+cu128,12.8,dense_nvfp4,pass,0.209365,164.114209,
module_forward,m,64,64,16384,16384,0,5,20,False,2.9.0+cu128,12.8,sparse_bf16,pass,0.230299,149.196083,
module_forward,m,64,64,16384,16384,0,5,20,False,2.9.0+cu128,12.8,sparse_nvfp4,pass,0.192421,178.565614,
module_forward,m,64,64,16384,16384,0,5,20,False,2.9.0+cu128,12.8,marlin_nvfp4,pass,0.199400,172.315639,
module_forward,m,256,256,1,1,0,5,20,False,2.9.0+cu128,12.8,dense_bf16,pass,0.022355,0.000023,
module_forward,m,256,256,1,1,0,5,20,False,2.9.0+cu128,12.8,dense_nvfp4,skip,,,"K%32!=0,N%32!=0"
module_forward,m,256,256,1,1,0,5,20,False,2.9.0+cu128,12.8,sparse_bf16,skip,,,"N%8!=0,K%64!=0"
module_forward,m,256,256,1,1,0,5,20,False,2.9.0+cu128,12.8,sparse_nvfp4,skip,,,K%64!=0
module_forward,m,256,256,1,1,0,5,20,False,2.9.0+cu128,12.8,marlin_nvfp4,skip,,,"K%128!=0,N%64!=0"
module_forward,m,256,256,1,2,0,5,20,False,2.9.0+cu128,12.8,dense_bf16,pass,0.021826,0.000047,
module_forward,m,256,256,1,2,0,5,20,False,2.9.0+cu128,12.8,dense_nvfp4,skip,,,"K%32!=0,N%32!=0"
module_forward,m,256,256,1,2,0,5,20,False,2.9.0+cu128,12.8,sparse_bf16,skip,,,"N%8!=0,K%64!=0"
module_forward,m,256,256,1,2,0,5,20,False,2.9.0+cu128,12.8,sparse_nvfp4,skip,,,K%64!=0
module_forward,m,256,256,1,2,0,5,20,False,2.9.0+cu128,12.8,marlin_nvfp4,skip,,,"K%128!=0,N%64!=0"
module_forward,m,256,256,1,4,0,5,20,False,2.9.0+cu128,12.8,dense_bf16,pass,0.021586,0.000095,
module_forward,m,256,256,1,4,0,5,20,False,2.9.0+cu128,12.8,dense_nvfp4,skip,,,"K%32!=0,N%32!=0"
module_forward,m,256,256,1,4,0,5,20,False,2.9.0+cu128,12.8,sparse_bf16,skip,,,"N%8!=0,K%64!=0"
module_forward,m,256,256,1,4,0,5,20,False,2.9.0+cu128,12.8,sparse_nvfp4,skip,,,K%64!=0
module_forward,m,256,256,1,4,0,5,20,False,2.9.0+cu128,12.8,marlin_nvfp4,skip,,,"K%128!=0,N%64!=0"
module_forward,m,256,256,1,8,0,5,20,False,2.9.0+cu128,12.8,dense_bf16,pass,0.021494,0.000191,
module_forward,m,256,256,1,8,0,5,20,False,2.9.0+cu128,12.8,dense_nvfp4,skip,,,"K%32!=0,N%32!=0"
module_forward,m,256,256,1,8,0,5,20,False,2.9.0+cu128,12.8,sparse_bf16,skip,,,"N%8!=0,K%64!=0"
module_forward,m,256,256,1,8,0,5,20,False,2.9.0+cu128,12.8,sparse_nvfp4,skip,,,K%64!=0
module_forward,m,256,256,1,8,0,5,20,False,2.9.0+cu128,12.8,marlin_nvfp4,skip,,,"K%128!=0,N%64!=0"
module_forward,m,256,256,1,16,0,5,20,False,2.9.0+cu128,12.8,dense_bf16,pass,0.022024,0.000372,
module_forward,m,256,256,1,16,0,5,20,False,2.9.0+cu128,12.8,dense_nvfp4,skip,,,"K%32!=0,N%32!=0"
module_forward,m,256,256,1,16,0,5,20,False,2.9.0+cu128,12.8,sparse_bf16,skip,,,"N%8!=0,K%64!=0"
module_forward,m,256,256,1,16,0,5,20,False,2.9.0+cu128,12.8,sparse_nvfp4,skip,,,K%64!=0
module_forward,m,256,256,1,16,0,5,20,False,2.9.0+cu128,12.8,marlin_nvfp4,skip,,,"K%128!=0,N%64!=0"
module_forward,m,256,256,1,32,0,5,20,False,2.9.0+cu128,12.8,dense_bf16,pass,0.021672,0.000756,
module_forward,m,256,256,1,32,0,5,20,False,2.9.0+cu128,12.8,dense_nvfp4,skip,,,N%32!=0
module_forward,m,256,256,1,32,0,5,20,False,2.9.0+cu128,12.8,sparse_bf16,skip,,,"N%8!=0,K%64!=0"
module_forward,m,256,256,1,32,0,5,20,False,2.9.0+cu128,12.8,sparse_nvfp4,skip,,,K%64!=0
module_forward,m,256,256,1,32,0,5,20,False,2.9.0+cu128,12.8,marlin_nvfp4,skip,,,"K%128!=0,N%64!=0"
module_forward,m,256,256,1,64,0,5,20,False,2.9.0+cu128,12.8,dense_bf16,pass,0.021458,0.001527,
module_forward,m,256,256,1,64,0,5,20,False,2.9.0+cu128,12.8,dense_nvfp4,skip,,,N%32!=0
module_forward,m,256,256,1,64,0,5,20,False,2.9.0+cu128,12.8,sparse_bf16,skip,,,N%8!=0
module_forward,m,256,256,1,64,0,5,20,False,2.9.0+cu128,12.8,sparse_nvfp4,skip,,,sparse_nvfp4 unsupported shape
module_forward,m,256,256,1,64,0,5,20,False,2.9.0+cu128,12.8,marlin_nvfp4,skip,,,"K%128!=0,N%64!=0"
module_forward,m,256,256,1,128,0,5,20,False,2.9.0+cu128,12.8,dense_bf16,pass,0.021318,0.003074,
module_forward,m,256,256,1,128,0,5,20,False,2.9.0+cu128,12.8,dense_nvfp4,skip,,,N%32!=0
module_forward,m,256,256,1,128,0,5,20,False,2.9.0+cu128,12.8,sparse_bf16,skip,,,N%8!=0
module_forward,m,256,256,1,128,0,5,20,False,2.9.0+cu128,12.8,sparse_nvfp4,skip,,,sparse_nvfp4 unsupported shape
module_forward,m,256,256,1,128,0,5,20,False,2.9.0+cu128,12.8,marlin_nvfp4,skip,,,N%64!=0
module_forward,m,256,256,1,256,0,5,20,False,2.9.0+cu128,12.8,dense_bf16,pass,0.021502,0.006096,
module_forward,m,256,256,1,256,0,5,20,False,2.9.0+cu128,12.8,dense_nvfp4,skip,,,N%32!=0
module_forward,m,256,256,1,256,0,5,20,False,2.9.0+cu128,12.8,sparse_bf16,skip,,,N%8!=0
module_forward,m,256,256,1,256,0,5,20,False,2.9.0+cu128,12.8,sparse_nvfp4,skip,,,sparse_nvfp4 unsupported shape
module_forward,m,256,256,1,256,0,5,20,False,2.9.0+cu128,12.8,marlin_nvfp4,skip,,,N%64!=0
module_forward,m,256,256,1,512,0,5,20,False,2.9.0+cu128,12.8,dense_bf16,pass,0.021445,0.012224,
module_forward,m,256,256,1,512,0,5,20,False,2.9.0+cu128,12.8,dense_nvfp4,skip,,,N%32!=0
module_forward,m,256,256,1,512,0,5,20,False,2.9.0+cu128,12.8,sparse_bf16,skip,,,N%8!=0
module_forward,m,256,256,1,512,0,5,20,False,2.9.0+cu128,12.8,sparse_nvfp4,skip,,,sparse_nvfp4 unsupported shape
module_forward,m,256,256,1,512,0,5,20,False,2.9.0+cu128,12.8,marlin_nvfp4,skip,,,N%64!=0
module_forward,m,256,256,1,1024,0,5,20,False,2.9.0+cu128,12.8,dense_bf16,pass,0.021557,0.024321,
module_forward,m,256,256,1,1024,0,5,20,False,2.9.0+cu128,12.8,dense_nvfp4,skip,,,N%32!=0
module_forward,m,256,256,1,1024,0,5,20,False,2.9.0+cu128,12.8,sparse_bf16,skip,,,N%8!=0
module_forward,m,256,256,1,1024,0,5,20,False,2.9.0+cu128,12.8,sparse_nvfp4,skip,,,sparse_nvfp4 unsupported shape
module_forward,m,256,256,1,1024,0,5,20,False,2.9.0+cu128,12.8,marlin_nvfp4,skip,,,N%64!=0
module_forward,m,256,256,1,2048,0,5,20,False,2.9.0+cu128,12.8,dense_bf16,pass,0.021493,0.048787,
module_forward,m,256,256,1,2048,0,5,20,False,2.9.0+cu128,12.8,dense_nvfp4,skip,,,N%32!=0
module_forward,m,256,256,1,2048,0,5,20,False,2.9.0+cu128,12.8,sparse_bf16,skip,,,N%8!=0
module_forward,m,256,256,1,2048,0,5,20,False,2.9.0+cu128,12.8,sparse_nvfp4,skip,,,sparse_nvfp4 unsupported shape
module_forward,m,256,256,1,2048,0,5,20,False,2.9.0+cu128,12.8,marlin_nvfp4,skip,,,N%64!=0
module_forward,m,256,256,1,4096,0,5,20,False,2.9.0+cu128,12.8,dense_bf16,pass,0.021550,0.097314,
module_forward,m,256,256,1,4096,0,5,20,False,2.9.0+cu128,12.8,dense_nvfp4,skip,,,N%32!=0
module_forward,m,256,256,1,4096,0,5,20,False,2.9.0+cu128,12.8,sparse_bf16,skip,,,N%8!=0
module_forward,m,256,256,1,4096,0,5,20,False,2.9.0+cu128,12.8,sparse_nvfp4,skip,,,sparse_nvfp4 unsupported shape
module_forward,m,256,256,1,4096,0,5,20,False,2.9.0+cu128,12.8,marlin_nvfp4,skip,,,N%64!=0
module_forward,m,256,256,1,8192,0,5,20,False,2.9.0+cu128,12.8,dense_bf16,pass,0.024896,0.168473,
module_forward,m,256,256,1,8192,0,5,20,False,2.9.0+cu128,12.8,dense_nvfp4,skip,,,N%32!=0
module_forward,m,256,256,1,8192,0,5,20,False,2.9.0+cu128,12.8,sparse_bf16,skip,,,N%8!=0
module_forward,m,256,256,1,8192,0,5,20,False,2.9.0+cu128,12.8,sparse_nvfp4,skip,,,sparse_nvfp4 unsupported shape
module_forward,m,256,256,1,8192,0,5,20,False,2.9.0+cu128,12.8,marlin_nvfp4,skip,,,N%64!=0
module_forward,m,256,256,1,16384,0,5,20,False,2.9.0+cu128,12.8,dense_bf16,pass,0.025574,0.328008,
module_forward,m,256,256,1,16384,0,5,20,False,2.9.0+cu128,12.8,dense_nvfp4,skip,,,N%32!=0
module_forward,m,256,256,1,16384,0,5,20,False,2.9.0+cu128,12.8,sparse_bf16,skip,,,N%8!=0
module_forward,m,256,256,1,16384,0,5,20,False,2.9.0+cu128,12.8,sparse_nvfp4,skip,,,sparse_nvfp4 unsupported shape
module_forward,m,256,256,1,16384,0,5,20,False,2.9.0+cu128,12.8,marlin_nvfp4,skip,,,N%64!=0
module_forward,m,256,256,2,1,0,5,20,False,2.9.0+cu128,12.8,dense_bf16,pass,0.021666,0.000047,
module_forward,m,256,256,2,1,0,5,20,False,2.9.0+cu128,12.8,dense_nvfp4,skip,,,"K%32!=0,N%32!=0"
module_forward,m,256,256,2,1,0,5,20,False,2.9.0+cu128,12.8,sparse_bf16,skip,,,"N%8!=0,K%64!=0"
module_forward,m,256,256,2,1,0,5,20,False,2.9.0+cu128,12.8,sparse_nvfp4,skip,,,K%64!=0
module_forward,m,256,256,2,1,0,5,20,False,2.9.0+cu128,12.8,marlin_nvfp4,skip,,,"K%128!=0,N%64!=0"
module_forward,m,256,256,2,2,0,5,20,False,2.9.0+cu128,12.8,dense_bf16,pass,0.022040,0.000093,
module_forward,m,256,256,2,2,0,5,20,False,2.9.0+cu128,12.8,dense_nvfp4,skip,,,"K%32!=0,N%32!=0"
module_forward,m,256,256,2,2,0,5,20,False,2.9.0+cu128,12.8,sparse_bf16,skip,,,"N%8!=0,K%64!=0"
module_forward,m,256,256,2,2,0,5,20,False,2.9.0+cu128,12.8,sparse_nvfp4,skip,,,K%64!=0
module_forward,m,256,256,2,2,0,5,20,False,2.9.0+cu128,12.8,marlin_nvfp4,skip,,,"K%128!=0,N%64!=0"
module_forward,m,256,256,2,4,0,5,20,False,2.9.0+cu128,12.8,dense_bf16,pass,0.022200,0.000185,
module_forward,m,256,256,2,4,0,5,20,False,2.9.0+cu128,12.8,dense_nvfp4,skip,,,"K%32!=0,N%32!=0"
module_forward,m,256,256,2,4,0,5,20,False,2.9.0+cu128,12.8,sparse_bf16,skip,,,"N%8!=0,K%64!=0"
module_forward,m,256,256,2,4,0,5,20,False,2.9.0+cu128,12.8,sparse_nvfp4,skip,,,K%64!=0
module_forward,m,256,256,2,4,0,5,20,False,2.9.0+cu128,12.8,marlin_nvfp4,skip,,,"K%128!=0,N%64!=0"
module_forward,m,256,256,2,8,0,5,20,False,2.9.0+cu128,12.8,dense_bf16,pass,0.022173,0.000369,
module_forward,m,256,256,2,8,0,5,20,False,2.9.0+cu128,12.8,dense_nvfp4,skip,,,"K%32!=0,N%32!=0"
module_forward,m,256,256,2,8,0,5,20,False,2.9.0+cu128,12.8,sparse_bf16,skip,,,"N%8!=0,K%64!=0"
module_forward,m,256,256,2,8,0,5,20,False,2.9.0+cu128,12.8,sparse_nvfp4,skip,,,K%64!=0
module_forward,m,256,256,2,8,0,5,20,False,2.9.0+cu128,12.8,marlin_nvfp4,skip,,,"K%128!=0,N%64!=0"
module_forward,m,256,256,2,16,0,5,20,False,2.9.0+cu128,12.8,dense_bf16,pass,0.022248,0.000736,
module_forward,m,256,256,2,16,0,5,20,False,2.9.0+cu128,12.8,dense_nvfp4,skip,,,"K%32!=0,N%32!=0"
module_forward,m,256,256,2,16,0,5,20,False,2.9.0+cu128,12.8,sparse_bf16,skip,,,"N%8!=0,K%64!=0"
module_forward,m,256,256,2,16,0,5,20,False,2.9.0+cu128,12.8,sparse_nvfp4,skip,,,K%64!=0
module_forward,m,256,256,2,16,0,5,20,False,2.9.0+cu128,12.8,marlin_nvfp4,skip,,,"K%128!=0,N%64!=0"
module_forward,m,256,256,2,32,0,5,20,False,2.9.0+cu128,12.8,dense_bf16,pass,0.022285,0.001470,
module_forward,m,256,256,2,32,0,5,20,False,2.9.0+cu128,12.8,dense_nvfp4,skip,,,N%32!=0
module_forward,m,256,256,2,32,0,5,20,False,2.9.0+cu128,12.8,sparse_bf16,skip,,,"N%8!=0,K%64!=0"
module_forward,m,256,256,2,32,0,5,20,False,2.9.0+cu128,12.8,sparse_nvfp4,skip,,,K%64!=0
module_forward,m,256,256,2,32,0,5,20,False,2.9.0+cu128,12.8,marlin_nvfp4,skip,,,"K%128!=0,N%64!=0"
module_forward,m,256,256,2,64,0,5,20,False,2.9.0+cu128,12.8,dense_bf16,pass,0.022291,0.002940,
module_forward,m,256,256,2,64,0,5,20,False,2.9.0+cu128,12.8,dense_nvfp4,skip,,,N%32!=0
module_forward,m,256,256,2,64,0,5,20,False,2.9.0+cu128,12.8,sparse_bf16,skip,,,N%8!=0
module_forward,m,256,256,2,64,0,5,20,False,2.9.0+cu128,12.8,sparse_nvfp4,skip,,,sparse_nvfp4 unsupported shape
module_forward,m,256,256,2,64,0,5,20,False,2.9.0+cu128,12.8,marlin_nvfp4,skip,,,"K%128!=0,N%64!=0"
module_forward,m,256,256,2,128,0,5,20,False,2.9.0+cu128,12.8,dense_bf16,pass,0.022405,0.005850,
module_forward,m,256,256,2,128,0,5,20,False,2.9.0+cu128,12.8,dense_nvfp4,skip,,,N%32!=0
module_forward,m,256,256,2,128,0,5,20,False,2.9.0+cu128,12.8,sparse_bf16,skip,,,N%8!=0
module_forward,m,256,256,2,128,0,5,20,False,2.9.0+cu128,12.8,sparse_nvfp4,skip,,,sparse_nvfp4 unsupported shape
module_forward,m,256,256,2,128,0,5,20,False,2.9.0+cu128,12.8,marlin_nvfp4,skip,,,N%64!=0
module_forward,m,256,256,2,256,0,5,20,False,2.9.0+cu128,12.8,dense_bf16,pass,0.022477,0.011663,
module_forward,m,256,256,2,256,0,5,20,False,2.9.0+cu128,12.8,dense_nvfp4,skip,,,N%32!=0
module_forward,m,256,256,2,256,0,5,20,False,2.9.0+cu128,12.8,sparse_bf16,skip,,,N%8!=0
module_forward,m,256,256,2,256,0,5,20,False,2.9.0+cu128,12.8,sparse_nvfp4,skip,,,sparse_nvfp4 unsupported shape
module_forward,m,256,256,2,256,0,5,20,False,2.9.0+cu128,12.8,marlin_nvfp4,skip,,,N%64!=0
module_forward,m,256,256,2,512,0,5,20,False,2.9.0+cu128,12.8,dense_bf16,pass,0.022323,0.023486,
module_forward,m,256,256,2,512,0,5,20,False,2.9.0+cu128,12.8,dense_nvfp4,skip,,,N%32!=0
module_forward,m,256,256,2,512,0,5,20,False,2.9.0+cu128,12.8,sparse_bf16,skip,,,N%8!=0
module_forward,m,256,256,2,512,0,5,20,False,2.9.0+cu128,12.8,sparse_nvfp4,skip,,,sparse_nvfp4 unsupported shape
module_forward,m,256,256,2,512,0,5,20,False,2.9.0+cu128,12.8,marlin_nvfp4,skip,,,N%64!=0
module_forward,m,256,256,2,1024,0,5,20,False,2.9.0+cu128,12.8,dense_bf16,pass,0.022334,0.046949,
module_forward,m,256,256,2,1024,0,5,20,False,2.9.0+cu128,12.8,dense_nvfp4,skip,,,N%32!=0
module_forward,m,256,256,2,1024,0,5,20,False,2.9.0+cu128,12.8,sparse_bf16,skip,,,N%8!=0
module_forward,m,256,256,2,1024,0,5,20,False,2.9.0+cu128,12.8,sparse_nvfp4,skip,,,sparse_nvfp4 unsupported shape
module_forward,m,256,256,2,1024,0,5,20,False,2.9.0+cu128,12.8,marlin_nvfp4,skip,,,N%64!=0
module_forward,m,256,256,2,2048,0,5,20,False,2.9.0+cu128,12.8,dense_bf16,pass,0.025192,0.083247,
module_forward,m,256,256,2,2048,0,5,20,False,2.9.0+cu128,12.8,dense_nvfp4,skip,,,N%32!=0
module_forward,m,256,256,2,2048,0,5,20,False,2.9.0+cu128,12.8,sparse_bf16,skip,,,N%8!=0
module_forward,m,256,256,2,2048,0,5,20,False,2.9.0+cu128,12.8,sparse_nvfp4,skip,,,sparse_nvfp4 unsupported shape
module_forward,m,256,256,2,2048,0,5,20,False,2.9.0+cu128,12.8,marlin_nvfp4,skip,,,N%64!=0
module_forward,m,256,256,2,4096,0,5,20,False,2.9.0+cu128,12.8,dense_bf16,pass,0.024950,0.168106,
module_forward,m,256,256,2,4096,0,5,20,False,2.9.0+cu128,12.8,dense_nvfp4,skip,,,N%32!=0
module_forward,m,256,256,2,4096,0,5,20,False,2.9.0+cu128,12.8,sparse_bf16,skip,,,N%8!=0
module_forward,m,256,256,2,4096,0,5,20,False,2.9.0+cu128,12.8,sparse_nvfp4,skip,,,sparse_nvfp4 unsupported shape
module_forward,m,256,256,2,4096,0,5,20,False,2.9.0+cu128,12.8,marlin_nvfp4,skip,,,N%64!=0
module_forward,m,256,256,2,8192,0,5,20,False,2.9.0+cu128,12.8,dense_bf16,pass,0.024883,0.337119,
module_forward,m,256,256,2,8192,0,5,20,False,2.9.0+cu128,12.8,dense_nvfp4,skip,,,N%32!=0
module_forward,m,256,256,2,8192,0,5,20,False,2.9.0+cu128,12.8,sparse_bf16,skip,,,N%8!=0
module_forward,m,256,256,2,8192,0,5,20,False,2.9.0+cu128,12.8,sparse_nvfp4,skip,,,sparse_nvfp4 unsupported shape
module_forward,m,256,256,2,8192,0,5,20,False,2.9.0+cu128,12.8,marlin_nvfp4,skip,,,N%64!=0
module_forward,m,256,256,2,16384,0,5,20,False,2.9.0+cu128,12.8,dense_bf16,pass,0.025336,0.662189,
module_forward,m,256,256,2,16384,0,5,20,False,2.9.0+cu128,12.8,dense_nvfp4,skip,,,N%32!=0
module_forward,m,256,256,2,16384,0,5,20,False,2.9.0+cu128,12.8,sparse_bf16,skip,,,N%8!=0
module_forward,m,256,256,2,16384,0,5,20,False,2.9.0+cu128,12.8,sparse_nvfp4,skip,,,sparse_nvfp4 unsupported shape
module_forward,m,256,256,2,16384,0,5,20,False,2.9.0+cu128,12.8,marlin_nvfp4,skip,,,N%64!=0
module_forward,m,256,256,4,1,0,5,20,False,2.9.0+cu128,12.8,dense_bf16,pass,0.021371,0.000096,
module_forward,m,256,256,4,1,0,5,20,False,2.9.0+cu128,12.8,dense_nvfp4,skip,,,"K%32!=0,N%32!=0"
module_forward,m,256,256,4,1,0,5,20,False,2.9.0+cu128,12.8,sparse_bf16,skip,,,"N%8!=0,K%64!=0"
module_forward,m,256,256,4,1,0,5,20,False,2.9.0+cu128,12.8,sparse_nvfp4,skip,,,K%64!=0
module_forward,m,256,256,4,1,0,5,20,False,2.9.0+cu128,12.8,marlin_nvfp4,skip,,,"K%128!=0,N%64!=0"
module_forward,m,256,256,4,2,0,5,20,False,2.9.0+cu128,12.8,dense_bf16,pass,0.022312,0.000184,
module_forward,m,256,256,4,2,0,5,20,False,2.9.0+cu128,12.8,dense_nvfp4,skip,,,"K%32!=0,N%32!=0"
module_forward,m,256,256,4,2,0,5,20,False,2.9.0+cu128,12.8,sparse_bf16,skip,,,"N%8!=0,K%64!=0"
module_forward,m,256,256,4,2,0,5,20,False,2.9.0+cu128,12.8,sparse_nvfp4,skip,,,K%64!=0
module_forward,m,256,256,4,2,0,5,20,False,2.9.0+cu128,12.8,marlin_nvfp4,skip,,,"K%128!=0,N%64!=0"
module_forward,m,256,256,4,4,0,5,20,False,2.9.0+cu128,12.8,dense_bf16,pass,0.022264,0.000368,
module_forward,m,256,256,4,4,0,5,20,False,2.9.0+cu128,12.8,dense_nvfp4,skip,,,"K%32!=0,N%32!=0"
module_forward,m,256,256,4,4,0,5,20,False,2.9.0+cu128,12.8,sparse_bf16,skip,,,"N%8!=0,K%64!=0"
module_forward,m,256,256,4,4,0,5,20,False,2.9.0+cu128,12.8,sparse_nvfp4,skip,,,K%64!=0
module_forward,m,256,256,4,4,0,5,20,False,2.9.0+cu128,12.8,marlin_nvfp4,skip,,,"K%128!=0,N%64!=0"
module_forward,m,256,256,4,8,0,5,20,False,2.9.0+cu128,12.8,dense_bf16,pass,0.022395,0.000732,
module_forward,m,256,256,4,8,0,5,20,False,2.9.0+cu128,12.8,dense_nvfp4,skip,,,"K%32!=0,N%32!=0"
module_forward,m,256,256,4,8,0,5,20,False,2.9.0+cu128,12.8,sparse_bf16,skip,,,"N%8!=0,K%64!=0"
module_forward,m,256,256,4,8,0,5,20,False,2.9.0+cu128,12.8,sparse_nvfp4,skip,,,K%64!=0
module_forward,m,256,256,4,8,0,5,20,False,2.9.0+cu128,12.8,marlin_nvfp4,skip,,,"K%128!=0,N%64!=0"
module_forward,m,256,256,4,16,0,5,20,False,2.9.0+cu128,12.8,dense_bf16,pass,0.022698,0.001444,
module_forward,m,256,256,4,16,0,5,20,False,2.9.0+cu128,12.8,dense_nvfp4,skip,,,"K%32!=0,N%32!=0"
module_forward,m,256,256,4,16,0,5,20,False,2.9.0+cu128,12.8,sparse_bf16,skip,,,"N%8!=0,K%64!=0"
module_forward,m,256,256,4,16,0,5,20,False,2.9.0+cu128,12.8,sparse_nvfp4,skip,,,K%64!=0
module_forward,m,256,256,4,16,0,5,20,False,2.9.0+cu128,12.8,marlin_nvfp4,skip,,,"K%128!=0,N%64!=0"
module_forward,m,256,256,4,32,0,5,20,False,2.9.0+cu128,12.8,dense_bf16,pass,0.022410,0.002924,
module_forward,m,256,256,4,32,0,5,20,False,2.9.0+cu128,12.8,dense_nvfp4,skip,,,N%32!=0
module_forward,m,256,256,4,32,0,5,20,False,2.9.0+cu128,12.8,sparse_bf16,skip,,,"N%8!=0,K%64!=0"
module_forward,m,256,256,4,32,0,5,20,False,2.9.0+cu128,12.8,sparse_nvfp4,skip,,,K%64!=0
module_forward,m,256,256,4,32,0,5,20,False,2.9.0+cu128,12.8,marlin_nvfp4,skip,,,"K%128!=0,N%64!=0"
module_forward,m,256,256,4,64,0,5,20,False,2.9.0+cu128,12.8,dense_bf16,pass,0.022334,0.005869,
module_forward,m,256,256,4,64,0,5,20,False,2.9.0+cu128,12.8,dense_nvfp4,skip,,,N%32!=0
module_forward,m,256,256,4,64,0,5,20,False,2.9.0+cu128,12.8,sparse_bf16,skip,,,N%8!=0
module_forward,m,256,256,4,64,0,5,20,False,2.9.0+cu128,12.8,sparse_nvfp4,skip,,,sparse_nvfp4 unsupported shape
module_forward,m,256,256,4,64,0,5,20,False,2.9.0+cu128,12.8,marlin_nvfp4,skip,,,"K%128!=0,N%64!=0"
module_forward,m,256,256,4,128,0,5,20,False,2.9.0+cu128,12.8,dense_bf16,pass,0.022459,0.011672,
module_forward,m,256,256,4,128,0,5,20,False,2.9.0+cu128,12.8,dense_nvfp4,skip,,,N%32!=0
module_forward,m,256,256,4,128,0,5,20,False,2.9.0+cu128,12.8,sparse_bf16,skip,,,N%8!=0
module_forward,m,256,256,4,128,0,5,20,False,2.9.0+cu128,12.8,sparse_nvfp4,skip,,,sparse_nvfp4 unsupported shape
module_forward,m,256,256,4,128,0,5,20,False,2.9.0+cu128,12.8,marlin_nvfp4,skip,,,N%64!=0
module_forward,m,256,256,4,256,0,5,20,False,2.9.0+cu128,12.8,dense_bf16,pass,0.022117,0.023705,
module_forward,m,256,256,4,256,0,5,20,False,2.9.0+cu128,12.8,dense_nvfp4,skip,,,N%32!=0
module_forward,m,256,256,4,256,0,5,20,False,2.9.0+cu128,12.8,sparse_bf16,skip,,,N%8!=0
module_forward,m,256,256,4,256,0,5,20,False,2.9.0+cu128,12.8,sparse_nvfp4,skip,,,sparse_nvfp4 unsupported shape
module_forward,m,256,256,4,256,0,5,20,False,2.9.0+cu128,12.8,marlin_nvfp4,skip,,,N%64!=0
module_forward,m,256,256,4,512,0,5,20,False,2.9.0+cu128,12.8,dense_bf16,pass,0.022466,0.046675,
module_forward,m,256,256,4,512,0,5,20,False,2.9.0+cu128,12.8,dense_nvfp4,skip,,,N%32!=0
module_forward,m,256,256,4,512,0,5,20,False,2.9.0+cu128,12.8,sparse_bf16,skip,,,N%8!=0
module_forward,m,256,256,4,512,0,5,20,False,2.9.0+cu128,12.8,sparse_nvfp4,skip,,,sparse_nvfp4 unsupported shape
module_forward,m,256,256,4,512,0,5,20,False,2.9.0+cu128,12.8,marlin_nvfp4,skip,,,N%64!=0
module_forward,m,256,256,4,1024,0,5,20,False,2.9.0+cu128,12.8,dense_bf16,pass,0.022357,0.093804,
module_forward,m,256,256,4,1024,0,5,20,False,2.9.0+cu128,12.8,dense_nvfp4,skip,,,N%32!=0
module_forward,m,256,256,4,1024,0,5,20,False,2.9.0+cu128,12.8,sparse_bf16,skip,,,N%8!=0
module_forward,m,256,256,4,1024,0,5,20,False,2.9.0+cu128,12.8,sparse_nvfp4,skip,,,sparse_nvfp4 unsupported shape
module_forward,m,256,256,4,1024,0,5,20,False,2.9.0+cu128,12.8,marlin_nvfp4,skip,,,N%64!=0
module_forward,m,256,256,4,2048,0,5,20,False,2.9.0+cu128,12.8,dense_bf16,pass,0.025002,0.167761,
module_forward,m,256,256,4,2048,0,5,20,False,2.9.0+cu128,12.8,dense_nvfp4,skip,,,N%32!=0
module_forward,m,256,256,4,2048,0,5,20,False,2.9.0+cu128,12.8,sparse_bf16,skip,,,N%8!=0
module_forward,m,256,256,4,2048,0,5,20,False,2.9.0+cu128,12.8,sparse_nvfp4,skip,,,sparse_nvfp4 unsupported shape
module_forward,m,256,256,4,2048,0,5,20,False,2.9.0+cu128,12.8,marlin_nvfp4,skip,,,N%64!=0
module_forward,m,256,256,4,4096,0,5,20,False,2.9.0+cu128,12.8,dense_bf16,pass,0.025077,0.334517,
module_forward,m,256,256,4,4096,0,5,20,False,2.9.0+cu128,12.8,dense_nvfp4,skip,,,N%32!=0
module_forward,m,256,256,4,4096,0,5,20,False,2.9.0+cu128,12.8,sparse_bf16,skip,,,N%8!=0
module_forward,m,256,256,4,4096,0,5,20,False,2.9.0+cu128,12.8,sparse_nvfp4,skip,,,sparse_nvfp4 unsupported shape
module_forward,m,256,256,4,4096,0,5,20,False,2.9.0+cu128,12.8,marlin_nvfp4,skip,,,N%64!=0
module_forward,m,256,256,4,8192,0,5,20,False,2.9.0+cu128,12.8,dense_bf16,pass,0.024859,0.674890,
module_forward,m,256,256,4,8192,0,5,20,False,2.9.0+cu128,12.8,dense_nvfp4,skip,,,N%32!=0
module_forward,m,256,256,4,8192,0,5,20,False,2.9.0+cu128,12.8,sparse_bf16,skip,,,N%8!=0
module_forward,m,256,256,4,8192,0,5,20,False,2.9.0+cu128,12.8,sparse_nvfp4,skip,,,sparse_nvfp4 unsupported shape
module_forward,m,256,256,4,8192,0,5,20,False,2.9.0+cu128,12.8,marlin_nvfp4,skip,,,N%64!=0
module_forward,m,256,256,4,16384,0,5,20,False,2.9.0+cu128,12.8,dense_bf16,pass,0.024981,1.343209,
module_forward,m,256,256,4,16384,0,5,20,False,2.9.0+cu128,12.8,dense_nvfp4,skip,,,N%32!=0
module_forward,m,256,256,4,16384,0,5,20,False,2.9.0+cu128,12.8,sparse_bf16,skip,,,N%8!=0
module_forward,m,256,256,4,16384,0,5,20,False,2.9.0+cu128,12.8,sparse_nvfp4,skip,,,sparse_nvfp4 unsupported shape
module_forward,m,256,256,4,16384,0,5,20,False,2.9.0+cu128,12.8,marlin_nvfp4,skip,,,N%64!=0
module_forward,m,256,256,8,1,0,5,20,False,2.9.0+cu128,12.8,dense_bf16,pass,0.021157,0.000194,
module_forward,m,256,256,8,1,0,5,20,False,2.9.0+cu128,12.8,dense_nvfp4,skip,,,"K%32!=0,N%32!=0"
module_forward,m,256,256,8,1,0,5,20,False,2.9.0+cu128,12.8,sparse_bf16,skip,,,K%64!=0
module_forward,m,256,256,8,1,0,5,20,False,2.9.0+cu128,12.8,sparse_nvfp4,skip,,,K%64!=0
module_forward,m,256,256,8,1,0,5,20,False,2.9.0+cu128,12.8,marlin_nvfp4,skip,,,"K%128!=0,N%64!=0"
module_forward,m,256,256,8,2,0,5,20,False,2.9.0+cu128,12.8,dense_bf16,pass,0.022706,0.000361,
module_forward,m,256,256,8,2,0,5,20,False,2.9.0+cu128,12.8,dense_nvfp4,skip,,,"K%32!=0,N%32!=0"
module_forward,m,256,256,8,2,0,5,20,False,2.9.0+cu128,12.8,sparse_bf16,skip,,,K%64!=0
module_forward,m,256,256,8,2,0,5,20,False,2.9.0+cu128,12.8,sparse_nvfp4,skip,,,K%64!=0
module_forward,m,256,256,8,2,0,5,20,False,2.9.0+cu128,12.8,marlin_nvfp4,skip,,,"K%128!=0,N%64!=0"
module_forward,m,256,256,8,4,0,5,20,False,2.9.0+cu128,12.8,dense_bf16,pass,0.022248,0.000736,
module_forward,m,256,256,8,4,0,5,20,False,2.9.0+cu128,12.8,dense_nvfp4,skip,,,"K%32!=0,N%32!=0"
module_forward,m,256,256,8,4,0,5,20,False,2.9.0+cu128,12.8,sparse_bf16,skip,,,K%64!=0
module_forward,m,256,256,8,4,0,5,20,False,2.9.0+cu128,12.8,sparse_nvfp4,skip,,,K%64!=0
module_forward,m,256,256,8,4,0,5,20,False,2.9.0+cu128,12.8,marlin_nvfp4,skip,,,"K%128!=0,N%64!=0"
module_forward,m,256,256,8,8,0,5,20,False,2.9.0+cu128,12.8,dense_bf16,pass,0.022906,0.001431,
module_forward,m,256,256,8,8,0,5,20,False,2.9.0+cu128,12.8,dense_nvfp4,skip,,,"K%32!=0,N%32!=0"
module_forward,m,256,256,8,8,0,5,20,False,2.9.0+cu128,12.8,sparse_bf16,skip,,,K%64!=0
module_forward,m,256,256,8,8,0,5,20,False,2.9.0+cu128,12.8,sparse_nvfp4,skip,,,K%64!=0
module_forward,m,256,256,8,8,0,5,20,False,2.9.0+cu128,12.8,marlin_nvfp4,skip,,,"K%128!=0,N%64!=0"
module_forward,m,256,256,8,16,0,5,20,False,2.9.0+cu128,12.8,dense_bf16,pass,0.022458,0.002918,
module_forward,m,256,256,8,16,0,5,20,False,2.9.0+cu128,12.8,dense_nvfp4,skip,,,"K%32!=0,N%32!=0"
module_forward,m,256,256,8,16,0,5,20,False,2.9.0+cu128,12.8,sparse_bf16,skip,,,K%64!=0
module_forward,m,256,256,8,16,0,5,20,False,2.9.0+cu128,12.8,sparse_nvfp4,skip,,,K%64!=0
module_forward,m,256,256,8,16,0,5,20,False,2.9.0+cu128,12.8,marlin_nvfp4,skip,,,"K%128!=0,N%64!=0"
module_forward,m,256,256,8,32,0,5,20,False,2.9.0+cu128,12.8,dense_bf16,pass,0.022456,0.005837,
module_forward,m,256,256,8,32,0,5,20,False,2.9.0+cu128,12.8,dense_nvfp4,skip,,,N%32!=0
module_forward,m,256,256,8,32,0,5,20,False,2.9.0+cu128,12.8,sparse_bf16,skip,,,K%64!=0
module_forward,m,256,256,8,32,0,5,20,False,2.9.0+cu128,12.8,sparse_nvfp4,skip,,,K%64!=0
module_forward,m,256,256,8,32,0,5,20,False,2.9.0+cu128,12.8,marlin_nvfp4,skip,,,"K%128!=0,N%64!=0"
module_forward,m,256,256,8,64,0,5,20,False,2.9.0+cu128,12.8,dense_bf16,pass,0.022725,0.011536,
module_forward,m,256,256,8,64,0,5,20,False,2.9.0+cu128,12.8,dense_nvfp4,skip,,,N%32!=0
module_forward,m,256,256,8,64,0,5,20,False,2.9.0+cu128,12.8,sparse_bf16,skip,,,cuSPARSELt unsupported shape
module_forward,m,256,256,8,64,0,5,20,False,2.9.0+cu128,12.8,sparse_nvfp4,pass,0.118784,0.002207,
module_forward,m,256,256,8,64,0,5,20,False,2.9.0+cu128,12.8,marlin_nvfp4,skip,,,"K%128!=0,N%64!=0"
module_forward,m,256,256,8,128,0,5,20,False,2.9.0+cu128,12.8,dense_bf16,pass,0.022358,0.023449,
module_forward,m,256,256,8,128,0,5,20,False,2.9.0+cu128,12.8,dense_nvfp4,skip,,,N%32!=0
module_forward,m,256,256,8,128,0,5,20,False,2.9.0+cu128,12.8,sparse_bf16,skip,,,cuSPARSELt unsupported shape
module_forward,m,256,256,8,128,0,5,20,False,2.9.0+cu128,12.8,sparse_nvfp4,pass,0.117976,0.004444,
module_forward,m,256,256,8,128,0,5,20,False,2.9.0+cu128,12.8,marlin_nvfp4,skip,,,N%64!=0
module_forward,m,256,256,8,256,0,5,20,False,2.9.0+cu128,12.8,dense_bf16,pass,0.022419,0.046771,
module_forward,m,256,256,8,256,0,5,20,False,2.9.0+cu128,12.8,dense_nvfp4,skip,,,N%32!=0
module_forward,m,256,256,8,256,0,5,20,False,2.9.0+cu128,12.8,sparse_bf16,skip,,,cuSPARSELt unsupported shape
module_forward,m,256,256,8,256,0,5,20,False,2.9.0+cu128,12.8,sparse_nvfp4,pass,0.118459,0.008852,
module_forward,m,256,256,8,256,0,5,20,False,2.9.0+cu128,12.8,marlin_nvfp4,skip,,,N%64!=0
module_forward,m,256,256,8,512,0,5,20,False,2.9.0+cu128,12.8,dense_bf16,pass,0.022320,0.093958,
module_forward,m,256,256,8,512,0,5,20,False,2.9.0+cu128,12.8,dense_nvfp4,skip,,,N%32!=0
module_forward,m,256,256,8,512,0,5,20,False,2.9.0+cu128,12.8,sparse_bf16,skip,,,cuSPARSELt unsupported shape
module_forward,m,256,256,8,512,0,5,20,False,2.9.0+cu128,12.8,sparse_nvfp4,pass,0.122869,0.017068,
module_forward,m,256,256,8,512,0,5,20,False,2.9.0+cu128,12.8,marlin_nvfp4,skip,,,N%64!=0
module_forward,m,256,256,8,1024,0,5,20,False,2.9.0+cu128,12.8,dense_bf16,pass,0.025459,0.164746,
module_forward,m,256,256,8,1024,0,5,20,False,2.9.0+cu128,12.8,dense_nvfp4,skip,,,N%32!=0
module_forward,m,256,256,8,1024,0,5,20,False,2.9.0+cu128,12.8,sparse_bf16,skip,,,cuSPARSELt unsupported shape
module_forward,m,256,256,8,1024,0,5,20,False,2.9.0+cu128,12.8,sparse_nvfp4,pass,0.122685,0.034188,
module_forward,m,256,256,8,1024,0,5,20,False,2.9.0+cu128,12.8,marlin_nvfp4,skip,,,N%64!=0
module_forward,m,256,256,8,2048,0,5,20,False,2.9.0+cu128,12.8,dense_bf16,pass,0.024837,0.337749,
module_forward,m,256,256,8,2048,0,5,20,False,2.9.0+cu128,12.8,dense_nvfp4,skip,,,N%32!=0
module_forward,m,256,256,8,2048,0,5,20,False,2.9.0+cu128,12.8,sparse_bf16,skip,,,cuSPARSELt unsupported shape
module_forward,m,256,256,8,2048,0,5,20,False,2.9.0+cu128,12.8,sparse_nvfp4,pass,0.123710,0.067808,
module_forward,m,256,256,8,2048,0,5,20,False,2.9.0+cu128,12.8,marlin_nvfp4,skip,,,N%64!=0
module_forward,m,256,256,8,4096,0,5,20,False,2.9.0+cu128,12.8,dense_bf16,pass,0.024682,0.679746,
module_forward,m,256,256,8,4096,0,5,20,False,2.9.0+cu128,12.8,dense_nvfp4,skip,,,N%32!=0
module_forward,m,256,256,8,4096,0,5,20,False,2.9.0+cu128,12.8,sparse_bf16,skip,,,cuSPARSELt unsupported shape
module_forward,m,256,256,8,4096,0,5,20,False,2.9.0+cu128,12.8,sparse_nvfp4,pass,0.121709,0.137847,
module_forward,m,256,256,8,4096,0,5,20,False,2.9.0+cu128,12.8,marlin_nvfp4,skip,,,N%64!=0
module_forward,m,256,256,8,8192,0,5,20,False,2.9.0+cu128,12.8,dense_bf16,pass,0.024792,1.353438,
module_forward,m,256,256,8,8192,0,5,20,False,2.9.0+cu128,12.8,dense_nvfp4,skip,,,N%32!=0
module_forward,m,256,256,8,8192,0,5,20,False,2.9.0+cu128,12.8,sparse_bf16,skip,,,cuSPARSELt unsupported shape
module_forward,m,256,256,8,8192,0,5,20,False,2.9.0+cu128,12.8,sparse_nvfp4,pass,0.126710,0.264812,
module_forward,m,256,256,8,8192,0,5,20,False,2.9.0+cu128,12.8,marlin_nvfp4,skip,,,N%64!=0
module_forward,m,256,256,8,16384,0,5,20,False,2.9.0+cu128,12.8,dense_bf16,pass,0.024688,2.718279,
module_forward,m,256,256,8,16384,0,5,20,False,2.9.0+cu128,12.8,dense_nvfp4,skip,,,N%32!=0
module_forward,m,256,256,8,16384,0,5,20,False,2.9.0+cu128,12.8,sparse_bf16,skip,,,cuSPARSELt unsupported shape
module_forward,m,256,256,8,16384,0,5,20,False,2.9.0+cu128,12.8,sparse_nvfp4,pass,0.142720,0.470213,
module_forward,m,256,256,8,16384,0,5,20,False,2.9.0+cu128,12.8,marlin_nvfp4,skip,,,N%64!=0
module_forward,m,256,256,16,1,0,5,20,False,2.9.0+cu128,12.8,dense_bf16,pass,0.021437,0.000382,
module_forward,m,256,256,16,1,0,5,20,False,2.9.0+cu128,12.8,dense_nvfp4,skip,,,"K%32!=0,N%32!=0"
module_forward,m,256,256,16,1,0,5,20,False,2.9.0+cu128,12.8,sparse_bf16,skip,,,K%64!=0
module_forward,m,256,256,16,1,0,5,20,False,2.9.0+cu128,12.8,sparse_nvfp4,skip,,,K%64!=0
module_forward,m,256,256,16,1,0,5,20,False,2.9.0+cu128,12.8,marlin_nvfp4,skip,,,"K%128!=0,N%64!=0"
module_forward,m,256,256,16,2,0,5,20,False,2.9.0+cu128,12.8,dense_bf16,pass,0.021992,0.000745,
module_forward,m,256,256,16,2,0,5,20,False,2.9.0+cu128,12.8,dense_nvfp4,skip,,,"K%32!=0,N%32!=0"
module_forward,m,256,256,16,2,0,5,20,False,2.9.0+cu128,12.8,sparse_bf16,skip,,,K%64!=0
module_forward,m,256,256,16,2,0,5,20,False,2.9.0+cu128,12.8,sparse_nvfp4,skip,,,K%64!=0
module_forward,m,256,256,16,2,0,5,20,False,2.9.0+cu128,12.8,marlin_nvfp4,skip,,,"K%128!=0,N%64!=0"
module_forward,m,256,256,16,4,0,5,20,False,2.9.0+cu128,12.8,dense_bf16,pass,0.022493,0.001457,
module_forward,m,256,256,16,4,0,5,20,False,2.9.0+cu128,12.8,dense_nvfp4,skip,,,"K%32!=0,N%32!=0"
module_forward,m,256,256,16,4,0,5,20,False,2.9.0+cu128,12.8,sparse_bf16,skip,,,K%64!=0
module_forward,m,256,256,16,4,0,5,20,False,2.9.0+cu128,12.8,sparse_nvfp4,skip,,,K%64!=0
module_forward,m,256,256,16,4,0,5,20,False,2.9.0+cu128,12.8,marlin_nvfp4,skip,,,"K%128!=0,N%64!=0"
module_forward,m,256,256,16,8,0,5,20,False,2.9.0+cu128,12.8,dense_bf16,pass,0.021946,0.002986,
module_forward,m,256,256,16,8,0,5,20,False,2.9.0+cu128,12.8,dense_nvfp4,skip,,,"K%32!=0,N%32!=0"
module_forward,m,256,256,16,8,0,5,20,False,2.9.0+cu128,12.8,sparse_bf16,skip,,,K%64!=0
module_forward,m,256,256,16,8,0,5,20,False,2.9.0+cu128,12.8,sparse_nvfp4,skip,,,K%64!=0
module_forward,m,256,256,16,8,0,5,20,False,2.9.0+cu128,12.8,marlin_nvfp4,skip,,,"K%128!=0,N%64!=0"
module_forward,m,256,256,16,16,0,5,20,False,2.9.0+cu128,12.8,dense_bf16,pass,0.021736,0.006030,
module_forward,m,256,256,16,16,0,5,20,False,2.9.0+cu128,12.8,dense_nvfp4,skip,,,"K%32!=0,N%32!=0"
module_forward,m,256,256,16,16,0,5,20,False,2.9.0+cu128,12.8,sparse_bf16,skip,,,K%64!=0
module_forward,m,256,256,16,16,0,5,20,False,2.9.0+cu128,12.8,sparse_nvfp4,skip,,,K%64!=0
module_forward,m,256,256,16,16,0,5,20,False,2.9.0+cu128,12.8,marlin_nvfp4,skip,,,"K%128!=0,N%64!=0"
module_forward,m,256,256,16,32,0,5,20,False,2.9.0+cu128,12.8,dense_bf16,pass,0.022390,0.011708,
module_forward,m,256,256,16,32,0,5,20,False,2.9.0+cu128,12.8,dense_nvfp4,skip,,,N%32!=0
module_forward,m,256,256,16,32,0,5,20,False,2.9.0+cu128,12.8,sparse_bf16,skip,,,K%64!=0
module_forward,m,256,256,16,32,0,5,20,False,2.9.0+cu128,12.8,sparse_nvfp4,skip,,,K%64!=0
module_forward,m,256,256,16,32,0,5,20,False,2.9.0+cu128,12.8,marlin_nvfp4,skip,,,"K%128!=0,N%64!=0"
module_forward,m,256,256,16,64,0,5,20,False,2.9.0+cu128,12.8,dense_bf16,pass,0.022195,0.023622,
module_forward,m,256,256,16,64,0,5,20,False,2.9.0+cu128,12.8,dense_nvfp4,skip,,,N%32!=0
module_forward,m,256,256,16,64,0,5,20,False,2.9.0+cu128,12.8,sparse_bf16,pass,0.033035,0.015871,
module_forward,m,256,256,16,64,0,5,20,False,2.9.0+cu128,12.8,sparse_nvfp4,pass,0.120283,0.004359,
module_forward,m,256,256,16,64,0,5,20,False,2.9.0+cu128,12.8,marlin_nvfp4,skip,,,"K%128!=0,N%64!=0"
module_forward,m,256,256,16,128,0,5,20,False,2.9.0+cu128,12.8,dense_bf16,pass,0.022237,0.047155,
module_forward,m,256,256,16,128,0,5,20,False,2.9.0+cu128,12.8,dense_nvfp4,skip,,,N%32!=0
module_forward,m,256,256,16,128,0,5,20,False,2.9.0+cu128,12.8,sparse_bf16,pass,0.033418,0.031378,
module_forward,m,256,256,16,128,0,5,20,False,2.9.0+cu128,12.8,sparse_nvfp4,pass,0.119072,0.008806,
module_forward,m,256,256,16,128,0,5,20,False,2.9.0+cu128,12.8,marlin_nvfp4,skip,,,N%64!=0
module_forward,m,256,256,16,256,0,5,20,False,2.9.0+cu128,12.8,dense_bf16,pass,0.022285,0.094107,
module_forward,m,256,256,16,256,0,5,20,False,2.9.0+cu128,12.8,dense_nvfp4,skip,,,N%32!=0
module_forward,m,256,256,16,256,0,5,20,False,2.9.0+cu128,12.8,sparse_bf16,pass,0.032579,0.064371,
module_forward,m,256,256,16,256,0,5,20,False,2.9.0+cu128,12.8,sparse_nvfp4,pass,0.118224,0.017739,
module_forward,m,256,256,16,256,0,5,20,False,2.9.0+cu128,12.8,marlin_nvfp4,skip,,,N%64!=0
module_forward,m,256,256,16,512,0,5,20,False,2.9.0+cu128,12.8,dense_bf16,pass,0.022186,0.189055,
module_forward,m,256,256,16,512,0,5,20,False,2.9.0+cu128,12.8,dense_nvfp4,skip,,,N%32!=0
module_forward,m,256,256,16,512,0,5,20,False,2.9.0+cu128,12.8,sparse_bf16,pass,0.033698,0.124469,
module_forward,m,256,256,16,512,0,5,20,False,2.9.0+cu128,12.8,sparse_nvfp4,pass,0.123021,0.034094,
module_forward,m,256,256,16,512,0,5,20,False,2.9.0+cu128,12.8,marlin_nvfp4,skip,,,N%64!=0
module_forward,m,256,256,16,1024,0,5,20,False,2.9.0+cu128,12.8,dense_bf16,pass,0.024923,0.336578,
module_forward,m,256,256,16,1024,0,5,20,False,2.9.0+cu128,12.8,dense_nvfp4,skip,,,N%32!=0
module_forward,m,256,256,16,1024,0,5,20,False,2.9.0+cu128,12.8,sparse_bf16,pass,0.036728,0.228398,
module_forward,m,256,256,16,1024,0,5,20,False,2.9.0+cu128,12.8,sparse_nvfp4,pass,0.123370,0.067996,
module_forward,m,256,256,16,1024,0,5,20,False,2.9.0+cu128,12.8,marlin_nvfp4,skip,,,N%64!=0
module_forward,m,256,256,16,2048,0,5,20,False,2.9.0+cu128,12.8,dense_bf16,pass,0.024970,0.671906,
module_forward,m,256,256,16,2048,0,5,20,False,2.9.0+cu128,12.8,dense_nvfp4,skip,,,N%32!=0
module_forward,m,256,256,16,2048,0,5,20,False,2.9.0+cu128,12.8,sparse_bf16,pass,0.047882,0.350390,
module_forward,m,256,256,16,2048,0,5,20,False,2.9.0+cu128,12.8,sparse_nvfp4,pass,0.123733,0.135592,
module_forward,m,256,256,16,2048,0,5,20,False,2.9.0+cu128,12.8,marlin_nvfp4,skip,,,N%64!=0
module_forward,m,256,256,16,4096,0,5,20,False,2.9.0+cu128,12.8,dense_bf16,pass,0.025107,1.336447,
module_forward,m,256,256,16,4096,0,5,20,False,2.9.0+cu128,12.8,dense_nvfp4,skip,,,N%32!=0
module_forward,m,256,256,16,4096,0,5,20,False,2.9.0+cu128,12.8,sparse_bf16,pass,0.070616,0.475168,
module_forward,m,256,256,16,4096,0,5,20,False,2.9.0+cu128,12.8,sparse_nvfp4,pass,0.123634,0.271402,
module_forward,m,256,256,16,4096,0,5,20,False,2.9.0+cu128,12.8,marlin_nvfp4,skip,,,N%64!=0
module_forward,m,256,256,16,8192,0,5,20,False,2.9.0+cu128,12.8,dense_bf16,pass,0.025136,2.669831,
module_forward,m,256,256,16,8192,0,5,20,False,2.9.0+cu128,12.8,dense_nvfp4,skip,,,N%32!=0
module_forward,m,256,256,16,8192,0,5,20,False,2.9.0+cu128,12.8,sparse_bf16,pass,0.116595,0.575571,
module_forward,m,256,256,16,8192,0,5,20,False,2.9.0+cu128,12.8,sparse_nvfp4,pass,0.127488,0.526394,
module_forward,m,256,256,16,8192,0,5,20,False,2.9.0+cu128,12.8,marlin_nvfp4,skip,,,N%64!=0
module_forward,m,256,256,16,16384,0,5,20,False,2.9.0+cu128,12.8,dense_bf16,pass,0.025122,5.342722,
module_forward,m,256,256,16,16384,0,5,20,False,2.9.0+cu128,12.8,dense_nvfp4,skip,,,N%32!=0
module_forward,m,256,256,16,16384,0,5,20,False,2.9.0+cu128,12.8,sparse_bf16,pass,0.208171,0.644747,
module_forward,m,256,256,16,16384,0,5,20,False,2.9.0+cu128,12.8,sparse_nvfp4,pass,0.145448,0.922788,
module_forward,m,256,256,16,16384,0,5,20,False,2.9.0+cu128,12.8,marlin_nvfp4,skip,,,N%64!=0
module_forward,m,256,256,32,1,0,5,20,False,2.9.0+cu128,12.8,dense_bf16,pass,0.021475,0.000763,
module_forward,m,256,256,32,1,0,5,20,False,2.9.0+cu128,12.8,dense_nvfp4,skip,,,K%32!=0
module_forward,m,256,256,32,1,0,5,20,False,2.9.0+cu128,12.8,sparse_bf16,skip,,,K%64!=0
module_forward,m,256,256,32,1,0,5,20,False,2.9.0+cu128,12.8,sparse_nvfp4,skip,,,K%64!=0
module_forward,m,256,256,32,1,0,5,20,False,2.9.0+cu128,12.8,marlin_nvfp4,skip,,,"K%128!=0,N%64!=0"
module_forward,m,256,256,32,2,0,5,20,False,2.9.0+cu128,12.8,dense_bf16,pass,0.022280,0.001471,
module_forward,m,256,256,32,2,0,5,20,False,2.9.0+cu128,12.8,dense_nvfp4,skip,,,K%32!=0
module_forward,m,256,256,32,2,0,5,20,False,2.9.0+cu128,12.8,sparse_bf16,skip,,,K%64!=0
module_forward,m,256,256,32,2,0,5,20,False,2.9.0+cu128,12.8,sparse_nvfp4,skip,,,K%64!=0
module_forward,m,256,256,32,2,0,5,20,False,2.9.0+cu128,12.8,marlin_nvfp4,skip,,,"K%128!=0,N%64!=0"
module_forward,m,256,256,32,4,0,5,20,False,2.9.0+cu128,12.8,dense_bf16,pass,0.022299,0.002939,
module_forward,m,256,256,32,4,0,5,20,False,2.9.0+cu128,12.8,dense_nvfp4,skip,,,K%32!=0
module_forward,m,256,256,32,4,0,5,20,False,2.9.0+cu128,12.8,sparse_bf16,skip,,,K%64!=0
module_forward,m,256,256,32,4,0,5,20,False,2.9.0+cu128,12.8,sparse_nvfp4,skip,,,K%64!=0
module_forward,m,256,256,32,4,0,5,20,False,2.9.0+cu128,12.8,marlin_nvfp4,skip,,,"K%128!=0,N%64!=0"
module_forward,m,256,256,32,8,0,5,20,False,2.9.0+cu128,12.8,dense_bf16,pass,0.022320,0.005872,
module_forward,m,256,256,32,8,0,5,20,False,2.9.0+cu128,12.8,dense_nvfp4,skip,,,K%32!=0
module_forward,m,256,256,32,8,0,5,20,False,2.9.0+cu128,12.8,sparse_bf16,skip,,,K%64!=0
module_forward,m,256,256,32,8,0,5,20,False,2.9.0+cu128,12.8,sparse_nvfp4,skip,,,K%64!=0
module_forward,m,256,256,32,8,0,5,20,False,2.9.0+cu128,12.8,marlin_nvfp4,skip,,,"K%128!=0,N%64!=0"
module_forward,m,256,256,32,16,0,5,20,False,2.9.0+cu128,12.8,dense_bf16,pass,0.022254,0.011779,
module_forward,m,256,256,32,16,0,5,20,False,2.9.0+cu128,12.8,dense_nvfp4,skip,,,K%32!=0
module_forward,m,256,256,32,16,0,5,20,False,2.9.0+cu128,12.8,sparse_bf16,skip,,,K%64!=0
module_forward,m,256,256,32,16,0,5,20,False,2.9.0+cu128,12.8,sparse_nvfp4,skip,,,K%64!=0
module_forward,m,256,256,32,16,0,5,20,False,2.9.0+cu128,12.8,marlin_nvfp4,skip,,,"K%128!=0,N%64!=0"
module_forward,m,256,256,32,32,0,5,20,False,2.9.0+cu128,12.8,dense_bf16,pass,0.022278,0.023533,
module_forward,m,256,256,32,32,0,5,20,False,2.9.0+cu128,12.8,dense_nvfp4,pass,0.117258,0.004471,
module_forward,m,256,256,32,32,0,5,20,False,2.9.0+cu128,12.8,sparse_bf16,skip,,,K%64!=0
module_forward,m,256,256,32,32,0,5,20,False,2.9.0+cu128,12.8,sparse_nvfp4,skip,,,K%64!=0
module_forward,m,256,256,32,32,0,5,20,False,2.9.0+cu128,12.8,marlin_nvfp4,skip,,,"K%128!=0,N%64!=0"
module_forward,m,256,256,32,64,0,5,20,False,2.9.0+cu128,12.8,dense_bf16,pass,0.022405,0.046801,
module_forward,m,256,256,32,64,0,5,20,False,2.9.0+cu128,12.8,dense_nvfp4,pass,0.116702,0.008985,
module_forward,m,256,256,32,64,0,5,20,False,2.9.0+cu128,12.8,sparse_bf16,pass,0.032382,0.032381,
module_forward,m,256,256,32,64,0,5,20,False,2.9.0+cu128,12.8,sparse_nvfp4,pass,0.119163,0.008799,
module_forward,m,256,256,32,64,0,5,20,False,2.9.0+cu128,12.8,marlin_nvfp4,skip,,,"K%128!=0,N%64!=0"
module_forward,m,256,256,32,128,0,5,20,False,2.9.0+cu128,12.8,dense_bf16,pass,0.022422,0.093529,
module_forward,m,256,256,32,128,0,5,20,False,2.9.0+cu128,12.8,dense_nvfp4,pass,0.116435,0.018011,
module_forward,m,256,256,32,128,0,5,20,False,2.9.0+cu128,12.8,sparse_bf16,pass,0.032744,0.064047,
module_forward,m,256,256,32,128,0,5,20,False,2.9.0+cu128,12.8,sparse_nvfp4,pass,0.118522,0.017694,
module_forward,m,256,256,32,128,0,5,20,False,2.9.0+cu128,12.8,marlin_nvfp4,skip,,,N%64!=0
module_forward,m,256,256,32,256,0,5,20,False,2.9.0+cu128,12.8,dense_bf16,pass,0.022462,0.186726,
module_forward,m,256,256,32,256,0,5,20,False,2.9.0+cu128,12.8,dense_nvfp4,pass,0.117726,0.035628,
module_forward,m,256,256,32,256,0,5,20,False,2.9.0+cu128,12.8,sparse_bf16,pass,0.032488,0.129103,
module_forward,m,256,256,32,256,0,5,20,False,2.9.0+cu128,12.8,sparse_nvfp4,pass,0.119398,0.035129,
module_forward,m,256,256,32,256,0,5,20,False,2.9.0+cu128,12.8,marlin_nvfp4,skip,,,N%64!=0
module_forward,m,256,256,32,512,0,5,20,False,2.9.0+cu128,12.8,dense_bf16,pass,0.022325,0.375753,
module_forward,m,256,256,32,512,0,5,20,False,2.9.0+cu128,12.8,dense_nvfp4,pass,0.120600,0.069557,
module_forward,m,256,256,32,512,0,5,20,False,2.9.0+cu128,12.8,sparse_bf16,pass,0.033438,0.250868,
module_forward,m,256,256,32,512,0,5,20,False,2.9.0+cu128,12.8,sparse_nvfp4,pass,0.122131,0.068685,
module_forward,m,256,256,32,512,0,5,20,False,2.9.0+cu128,12.8,marlin_nvfp4,skip,,,N%64!=0
module_forward,m,256,256,32,1024,0,5,20,False,2.9.0+cu128,12.8,dense_bf16,pass,0.025098,0.668479,
module_forward,m,256,256,32,1024,0,5,20,False,2.9.0+cu128,12.8,dense_nvfp4,pass,0.120906,0.138763,
module_forward,m,256,256,32,1024,0,5,20,False,2.9.0+cu128,12.8,sparse_bf16,pass,0.036392,0.461014,
module_forward,m,256,256,32,1024,0,5,20,False,2.9.0+cu128,12.8,sparse_nvfp4,pass,0.124064,0.135230,
module_forward,m,256,256,32,1024,0,5,20,False,2.9.0+cu128,12.8,marlin_nvfp4,skip,,,N%64!=0
module_forward,m,256,256,32,2048,0,5,20,False,2.9.0+cu128,12.8,dense_bf16,pass,0.024963,1.344156,
module_forward,m,256,256,32,2048,0,5,20,False,2.9.0+cu128,12.8,dense_nvfp4,pass,0.121054,0.277185,
module_forward,m,256,256,32,2048,0,5,20,False,2.9.0+cu128,12.8,sparse_bf16,pass,0.048064,0.698120,
module_forward,m,256,256,32,2048,0,5,20,False,2.9.0+cu128,12.8,sparse_nvfp4,pass,0.124253,0.270050,
module_forward,m,256,256,32,2048,0,5,20,False,2.9.0+cu128,12.8,marlin_nvfp4,skip,,,N%64!=0
module_forward,m,256,256,32,4096,0,5,20,False,2.9.0+cu128,12.8,dense_bf16,pass,0.024995,2.684870,
module_forward,m,256,256,32,4096,0,5,20,False,2.9.0+cu128,12.8,dense_nvfp4,pass,0.122710,0.546888,
module_forward,m,256,256,32,4096,0,5,20,False,2.9.0+cu128,12.8,sparse_bf16,pass,0.070861,0.947052,
module_forward,m,256,256,32,4096,0,5,20,False,2.9.0+cu128,12.8,sparse_nvfp4,pass,0.123891,0.541676,
module_forward,m,256,256,32,4096,0,5,20,False,2.9.0+cu128,12.8,marlin_nvfp4,skip,,,N%64!=0
module_forward,m,256,256,32,8192,0,5,20,False,2.9.0+cu128,12.8,dense_bf16,pass,0.024955,5.378347,
module_forward,m,256,256,32,8192,0,5,20,False,2.9.0+cu128,12.8,dense_nvfp4,pass,0.134941,0.994642,
module_forward,m,256,256,32,8192,0,5,20,False,2.9.0+cu128,12.8,sparse_bf16,pass,0.116656,1.150543,
module_forward,m,256,256,32,8192,0,5,20,False,2.9.0+cu128,12.8,sparse_nvfp4,pass,0.126904,1.057632,
module_forward,m,256,256,32,8192,0,5,20,False,2.9.0+cu128,12.8,marlin_nvfp4,skip,,,N%64!=0
module_forward,m,256,256,32,16384,0,5,20,False,2.9.0+cu128,12.8,dense_bf16,pass,0.025392,10.571655,
module_forward,m,256,256,32,16384,0,5,20,False,2.9.0+cu128,12.8,dense_nvfp4,pass,0.160181,1.675828,
module_forward,m,256,256,32,16384,0,5,20,False,2.9.0+cu128,12.8,sparse_bf16,pass,0.206573,1.299471,
module_forward,m,256,256,32,16384,0,5,20,False,2.9.0+cu128,12.8,sparse_nvfp4,pass,0.143694,1.868100,
module_forward,m,256,256,32,16384,0,5,20,False,2.9.0+cu128,12.8,marlin_nvfp4,skip,,,N%64!=0
module_forward,m,256,256,64,1,0,5,20,False,2.9.0+cu128,12.8,dense_bf16,pass,0.021368,0.001534,
module_forward,m,256,256,64,1,0,5,20,False,2.9.0+cu128,12.8,dense_nvfp4,skip,,,K%32!=0
module_forward,m,256,256,64,1,0,5,20,False,2.9.0+cu128,12.8,sparse_bf16,skip,,,K%64!=0
module_forward,m,256,256,64,1,0,5,20,False,2.9.0+cu128,12.8,sparse_nvfp4,skip,,,K%64!=0
module_forward,m,256,256,64,1,0,5,20,False,2.9.0+cu128,12.8,marlin_nvfp4,skip,,,K%128!=0
module_forward,m,256,256,64,2,0,5,20,False,2.9.0+cu128,12.8,dense_bf16,pass,0.022378,0.002929,
module_forward,m,256,256,64,2,0,5,20,False,2.9.0+cu128,12.8,dense_nvfp4,skip,,,K%32!=0
module_forward,m,256,256,64,2,0,5,20,False,2.9.0+cu128,12.8,sparse_bf16,skip,,,K%64!=0
module_forward,m,256,256,64,2,0,5,20,False,2.9.0+cu128,12.8,sparse_nvfp4,skip,,,K%64!=0
module_forward,m,256,256,64,2,0,5,20,False,2.9.0+cu128,12.8,marlin_nvfp4,skip,,,K%128!=0
module_forward,m,256,256,64,4,0,5,20,False,2.9.0+cu128,12.8,dense_bf16,pass,0.022230,0.005896,
module_forward,m,256,256,64,4,0,5,20,False,2.9.0+cu128,12.8,dense_nvfp4,skip,,,K%32!=0
module_forward,m,256,256,64,4,0,5,20,False,2.9.0+cu128,12.8,sparse_bf16,skip,,,K%64!=0
module_forward,m,256,256,64,4,0,5,20,False,2.9.0+cu128,12.8,sparse_nvfp4,skip,,,K%64!=0
module_forward,m,256,256,64,4,0,5,20,False,2.9.0+cu128,12.8,marlin_nvfp4,skip,,,K%128!=0
module_forward,m,256,256,64,8,0,5,20,False,2.9.0+cu128,12.8,dense_bf16,pass,0.022146,0.011837,
module_forward,m,256,256,64,8,0,5,20,False,2.9.0+cu128,12.8,dense_nvfp4,skip,,,K%32!=0
module_forward,m,256,256,64,8,0,5,20,False,2.9.0+cu128,12.8,sparse_bf16,skip,,,K%64!=0
module_forward,m,256,256,64,8,0,5,20,False,2.9.0+cu128,12.8,sparse_nvfp4,skip,,,K%64!=0
module_forward,m,256,256,64,8,0,5,20,False,2.9.0+cu128,12.8,marlin_nvfp4,skip,,,K%128!=0
module_forward,m,256,256,64,16,0,5,20,False,2.9.0+cu128,12.8,dense_bf16,pass,0.022694,0.023102,
module_forward,m,256,256,64,16,0,5,20,False,2.9.0+cu128,12.8,dense_nvfp4,skip,,,K%32!=0
module_forward,m,256,256,64,16,0,5,20,False,2.9.0+cu128,12.8,sparse_bf16,skip,,,K%64!=0
module_forward,m,256,256,64,16,0,5,20,False,2.9.0+cu128,12.8,sparse_nvfp4,skip,,,K%64!=0
module_forward,m,256,256,64,16,0,5,20,False,2.9.0+cu128,12.8,marlin_nvfp4,skip,,,K%128!=0
module_forward,m,256,256,64,32,0,5,20,False,2.9.0+cu128,12.8,dense_bf16,pass,0.022498,0.046608,
module_forward,m,256,256,64,32,0,5,20,False,2.9.0+cu128,12.8,dense_nvfp4,pass,0.117626,0.008915,
module_forward,m,256,256,64,32,0,5,20,False,2.9.0+cu128,12.8,sparse_bf16,skip,,,K%64!=0
module_forward,m,256,256,64,32,0,5,20,False,2.9.0+cu128,12.8,sparse_nvfp4,skip,,,K%64!=0
module_forward,m,256,256,64,32,0,5,20,False,2.9.0+cu128,12.8,marlin_nvfp4,skip,,,K%128!=0
module_forward,m,256,256,64,64,0,5,20,False,2.9.0+cu128,12.8,dense_bf16,pass,0.022258,0.094222,
module_forward,m,256,256,64,64,0,5,20,False,2.9.0+cu128,12.8,dense_nvfp4,pass,0.116000,0.018079,
module_forward,m,256,256,64,64,0,5,20,False,2.9.0+cu128,12.8,sparse_bf16,pass,0.032747,0.064041,
module_forward,m,256,256,64,64,0,5,20,False,2.9.0+cu128,12.8,sparse_nvfp4,pass,0.118187,0.017744,
module_forward,m,256,256,64,64,0,5,20,False,2.9.0+cu128,12.8,marlin_nvfp4,skip,,,K%128!=0
module_forward,m,256,256,64,128,0,5,20,False,2.9.0+cu128,12.8,dense_bf16,pass,0.022120,0.189616,
module_forward,m,256,256,64,128,0,5,20,False,2.9.0+cu128,12.8,dense_nvfp4,pass,0.116859,0.035892,
module_forward,m,256,256,64,128,0,5,20,False,2.9.0+cu128,12.8,sparse_bf16,pass,0.032347,0.129665,
module_forward,m,256,256,64,128,0,5,20,False,2.9.0+cu128,12.8,sparse_nvfp4,pass,0.119707,0.035038,
module_forward,m,256,256,64,128,0,5,20,False,2.9.0+cu128,12.8,marlin_nvfp4,pass,0.038538,0.108837,
module_forward,m,256,256,64,256,0,5,20,False,2.9.0+cu128,12.8,dense_bf16,pass,0.022229,0.377376,
module_forward,m,256,256,64,256,0,5,20,False,2.9.0+cu128,12.8,dense_nvfp4,pass,0.117080,0.071649,
module_forward,m,256,256,64,256,0,5,20,False,2.9.0+cu128,12.8,sparse_bf16,pass,0.033098,0.253451,
module_forward,m,256,256,64,256,0,5,20,False,2.9.0+cu128,12.8,sparse_nvfp4,pass,0.118915,0.070543,
module_forward,m,256,256,64,256,0,5,20,False,2.9.0+cu128,12.8,marlin_nvfp4,pass,0.038146,0.219910,
module_forward,m,256,256,64,512,0,5,20,False,2.9.0+cu128,12.8,dense_bf16,pass,0.022197,0.755839,
module_forward,m,256,256,64,512,0,5,20,False,2.9.0+cu128,12.8,dense_nvfp4,pass,0.122630,0.136811,
module_forward,m,256,256,64,512,0,5,20,False,2.9.0+cu128,12.8,sparse_bf16,pass,0.033203,0.505289,
module_forward,m,256,256,64,512,0,5,20,False,2.9.0+cu128,12.8,sparse_nvfp4,pass,0.122435,0.137029,
module_forward,m,256,256,64,512,0,5,20,False,2.9.0+cu128,12.8,marlin_nvfp4,pass,0.038499,0.435781,
module_forward,m,256,256,64,1024,0,5,20,False,2.9.0+cu128,12.8,dense_bf16,pass,0.021960,1.527980,
module_forward,m,256,256,64,1024,0,5,20,False,2.9.0+cu128,12.8,dense_nvfp4,pass,0.121578,0.275992,
module_forward,m,256,256,64,1024,0,5,20,False,2.9.0+cu128,12.8,sparse_bf16,pass,0.036842,0.910776,
module_forward,m,256,256,64,1024,0,5,20,False,2.9.0+cu128,12.8,sparse_nvfp4,pass,0.123837,0.270957,
module_forward,m,256,256,64,1024,0,5,20,False,2.9.0+cu128,12.8,marlin_nvfp4,pass,0.039176,0.856505,
module_forward,m,256,256,64,2048,0,5,20,False,2.9.0+cu128,12.8,dense_bf16,pass,0.024819,2.703909,
module_forward,m,256,256,64,2048,0,5,20,False,2.9.0+cu128,12.8,dense_nvfp4,pass,0.122274,0.548842,
module_forward,m,256,256,64,2048,0,5,20,False,2.9.0+cu128,12.8,sparse_bf16,pass,0.047752,1.405362,
module_forward,m,256,256,64,2048,0,5,20,False,2.9.0+cu128,12.8,sparse_nvfp4,pass,0.125126,0.536329,
module_forward,m,256,256,64,2048,0,5,20,False,2.9.0+cu128,12.8,marlin_nvfp4,pass,0.049069,1.367648,
module_forward,m,256,256,64,4096,0,5,20,False,2.9.0+cu128,12.8,dense_bf16,pass,0.025229,5.320020,
module_forward,m,256,256,64,4096,0,5,20,False,2.9.0+cu128,12.8,dense_nvfp4,pass,0.123645,1.085510,
module_forward,m,256,256,64,4096,0,5,20,False,2.9.0+cu128,12.8,sparse_bf16,pass,0.070923,1.892438,
module_forward,m,256,256,64,4096,0,5,20,False,2.9.0+cu128,12.8,sparse_nvfp4,pass,0.122771,1.093235,
module_forward,m,256,256,64,4096,0,5,20,False,2.9.0+cu128,12.8,marlin_nvfp4,pass,0.068181,1.968556,
module_forward,m,256,256,64,8192,0,5,20,False,2.9.0+cu128,12.8,dense_bf16,pass,0.025323,10.600377,
module_forward,m,256,256,64,8192,0,5,20,False,2.9.0+cu128,12.8,dense_nvfp4,pass,0.134493,1.995910,
module_forward,m,256,256,64,8192,0,5,20,False,2.9.0+cu128,12.8,sparse_bf16,pass,0.116381,2.306527,
module_forward,m,256,256,64,8192,0,5,20,False,2.9.0+cu128,12.8,sparse_nvfp4,pass,0.127058,2.112707,
module_forward,m,256,256,64,8192,0,5,20,False,2.9.0+cu128,12.8,marlin_nvfp4,pass,0.068352,3.927251,
module_forward,m,256,256,64,16384,0,5,20,False,2.9.0+cu128,12.8,dense_bf16,pass,0.025253,21.259857,
module_forward,m,256,256,64,16384,0,5,20,False,2.9.0+cu128,12.8,dense_nvfp4,pass,0.159902,3.357491,
module_forward,m,256,256,64,16384,0,5,20,False,2.9.0+cu128,12.8,sparse_bf16,pass,0.208158,2.579146,
module_forward,m,256,256,64,16384,0,5,20,False,2.9.0+cu128,12.8,sparse_nvfp4,pass,0.143845,3.732293,
module_forward,m,256,256,64,16384,0,5,20,False,2.9.0+cu128,12.8,marlin_nvfp4,pass,0.070557,7.609060,
module_forward,m,256,256,128,1,0,5,20,False,2.9.0+cu128,12.8,dense_bf16,pass,0.021960,0.002984,
module_forward,m,256,256,128,1,0,5,20,False,2.9.0+cu128,12.8,dense_nvfp4,skip,,,K%32!=0
module_forward,m,256,256,128,1,0,5,20,False,2.9.0+cu128,12.8,sparse_bf16,skip,,,K%64!=0
module_forward,m,256,256,128,1,0,5,20,False,2.9.0+cu128,12.8,sparse_nvfp4,skip,,,K%64!=0
module_forward,m,256,256,128,1,0,5,20,False,2.9.0+cu128,12.8,marlin_nvfp4,skip,,,K%128!=0
module_forward,m,256,256,128,2,0,5,20,False,2.9.0+cu128,12.8,dense_bf16,pass,0.022218,0.005899,
module_forward,m,256,256,128,2,0,5,20,False,2.9.0+cu128,12.8,dense_nvfp4,skip,,,K%32!=0
module_forward,m,256,256,128,2,0,5,20,False,2.9.0+cu128,12.8,sparse_bf16,skip,,,K%64!=0
module_forward,m,256,256,128,2,0,5,20,False,2.9.0+cu128,12.8,sparse_nvfp4,skip,,,K%64!=0
module_forward,m,256,256,128,2,0,5,20,False,2.9.0+cu128,12.8,marlin_nvfp4,skip,,,K%128!=0
module_forward,m,256,256,128,4,0,5,20,False,2.9.0+cu128,12.8,dense_bf16,pass,0.022571,0.011614,
module_forward,m,256,256,128,4,0,5,20,False,2.9.0+cu128,12.8,dense_nvfp4,skip,,,K%32!=0
module_forward,m,256,256,128,4,0,5,20,False,2.9.0+cu128,12.8,sparse_bf16,skip,,,K%64!=0
module_forward,m,256,256,128,4,0,5,20,False,2.9.0+cu128,12.8,sparse_nvfp4,skip,,,K%64!=0
module_forward,m,256,256,128,4,0,5,20,False,2.9.0+cu128,12.8,marlin_nvfp4,skip,,,K%128!=0
module_forward,m,256,256,128,8,0,5,20,False,2.9.0+cu128,12.8,dense_bf16,pass,0.022333,0.023476,
module_forward,m,256,256,128,8,0,5,20,False,2.9.0+cu128,12.8,dense_nvfp4,skip,,,K%32!=0
module_forward,m,256,256,128,8,0,5,20,False,2.9.0+cu128,12.8,sparse_bf16,skip,,,K%64!=0
module_forward,m,256,256,128,8,0,5,20,False,2.9.0+cu128,12.8,sparse_nvfp4,skip,,,K%64!=0
module_forward,m,256,256,128,8,0,5,20,False,2.9.0+cu128,12.8,marlin_nvfp4,skip,,,K%128!=0
module_forward,m,256,256,128,16,0,5,20,False,2.9.0+cu128,12.8,dense_bf16,pass,0.022269,0.047087,
module_forward,m,256,256,128,16,0,5,20,False,2.9.0+cu128,12.8,dense_nvfp4,skip,,,K%32!=0
module_forward,m,256,256,128,16,0,5,20,False,2.9.0+cu128,12.8,sparse_bf16,skip,,,K%64!=0
module_forward,m,256,256,128,16,0,5,20,False,2.9.0+cu128,12.8,sparse_nvfp4,skip,,,K%64!=0
module_forward,m,256,256,128,16,0,5,20,False,2.9.0+cu128,12.8,marlin_nvfp4,skip,,,K%128!=0
module_forward,m,256,256,128,32,0,5,20,False,2.9.0+cu128,12.8,dense_bf16,pass,0.022354,0.093817,
module_forward,m,256,256,128,32,0,5,20,False,2.9.0+cu128,12.8,dense_nvfp4,error,,,module output contains NaN/Inf
module_forward,m,256,256,128,32,0,5,20,False,2.9.0+cu128,12.8,sparse_bf16,skip,,,K%64!=0
module_forward,m,256,256,128,32,0,5,20,False,2.9.0+cu128,12.8,sparse_nvfp4,skip,,,K%64!=0
module_forward,m,256,256,128,32,0,5,20,False,2.9.0+cu128,12.8,marlin_nvfp4,skip,,,K%128!=0
module_forward,m,256,256,128,64,0,5,20,False,2.9.0+cu128,12.8,dense_bf16,pass,0.022258,0.188444,
module_forward,m,256,256,128,64,0,5,20,False,2.9.0+cu128,12.8,dense_nvfp4,pass,0.117163,0.035799,
module_forward,m,256,256,128,64,0,5,20,False,2.9.0+cu128,12.8,sparse_bf16,pass,0.032995,0.127119,
module_forward,m,256,256,128,64,0,5,20,False,2.9.0+cu128,12.8,sparse_nvfp4,pass,0.119694,0.035042,
module_forward,m,256,256,128,64,0,5,20,False,2.9.0+cu128,12.8,marlin_nvfp4,skip,,,K%128!=0
module_forward,m,256,256,128,128,0,5,20,False,2.9.0+cu128,12.8,dense_bf16,pass,0.022186,0.378110,
module_forward,m,256,256,128,128,0,5,20,False,2.9.0+cu128,12.8,dense_nvfp4,pass,0.117715,0.071262,
module_forward,m,256,256,128,128,0,5,20,False,2.9.0+cu128,12.8,sparse_bf16,pass,0.032763,0.256038,
module_forward,m,256,256,128,128,0,5,20,False,2.9.0+cu128,12.8,sparse_nvfp4,pass,0.119357,0.070282,
module_forward,m,256,256,128,128,0,5,20,False,2.9.0+cu128,12.8,marlin_nvfp4,pass,0.038187,0.219671,
module_forward,m,256,256,128,256,0,5,20,False,2.9.0+cu128,12.8,dense_bf16,pass,0.022544,0.744199,
module_forward,m,256,256,128,256,0,5,20,False,2.9.0+cu128,12.8,dense_nvfp4,pass,0.117176,0.143180,
module_forward,m,256,256,128,256,0,5,20,False,2.9.0+cu128,12.8,sparse_bf16,pass,0.032898,0.509983,
module_forward,m,256,256,128,256,0,5,20,False,2.9.0+cu128,12.8,sparse_nvfp4,pass,0.118358,0.141749,
module_forward,m,256,256,128,256,0,5,20,False,2.9.0+cu128,12.8,marlin_nvfp4,pass,0.038731,0.433171,
module_forward,m,256,256,128,512,0,5,20,False,2.9.0+cu128,12.8,dense_bf16,pass,0.022648,1.481563,
module_forward,m,256,256,128,512,0,5,20,False,2.9.0+cu128,12.8,dense_nvfp4,pass,0.120421,0.278643,
module_forward,m,256,256,128,512,0,5,20,False,2.9.0+cu128,12.8,sparse_bf16,pass,0.033067,1.014735,
module_forward,m,256,256,128,512,0,5,20,False,2.9.0+cu128,12.8,sparse_nvfp4,pass,0.123979,0.270646,
module_forward,m,256,256,128,512,0,5,20,False,2.9.0+cu128,12.8,marlin_nvfp4,pass,0.038498,0.871598,
module_forward,m,256,256,128,1024,0,5,20,False,2.9.0+cu128,12.8,dense_bf16,pass,0.022278,3.012284,
module_forward,m,256,256,128,1024,0,5,20,False,2.9.0+cu128,12.8,dense_nvfp4,pass,0.121682,0.551512,
module_forward,m,256,256,128,1024,0,5,20,False,2.9.0+cu128,12.8,sparse_bf16,pass,0.036392,1.844055,
module_forward,m,256,256,128,1024,0,5,20,False,2.9.0+cu128,12.8,sparse_nvfp4,pass,0.123984,0.541270,
module_forward,m,256,256,128,1024,0,5,20,False,2.9.0+cu128,12.8,marlin_nvfp4,pass,0.039501,1.698924,
module_forward,m,256,256,128,2048,0,5,20,False,2.9.0+cu128,12.8,dense_bf16,pass,0.025106,5.346127,
module_forward,m,256,256,128,2048,0,5,20,False,2.9.0+cu128,12.8,dense_nvfp4,pass,0.122251,1.097885,
module_forward,m,256,256,128,2048,0,5,20,False,2.9.0+cu128,12.8,sparse_bf16,pass,0.047776,2.809313,
module_forward,m,256,256,128,2048,0,5,20,False,2.9.0+cu128,12.8,sparse_nvfp4,pass,0.124149,1.081104,
module_forward,m,256,256,128,2048,0,5,20,False,2.9.0+cu128,12.8,marlin_nvfp4,pass,0.049661,2.702690,
module_forward,m,256,256,128,4096,0,5,20,False,2.9.0+cu128,12.8,dense_bf16,pass,0.025038,10.720951,
module_forward,m,256,256,128,4096,0,5,20,False,2.9.0+cu128,12.8,dense_nvfp4,pass,0.122547,2.190466,
module_forward,m,256,256,128,4096,0,5,20,False,2.9.0+cu128,12.8,sparse_bf16,pass,0.070573,3.803667,
module_forward,m,256,256,128,4096,0,5,20,False,2.9.0+cu128,12.8,sparse_nvfp4,pass,0.124830,2.150401,
module_forward,m,256,256,128,4096,0,5,20,False,2.9.0+cu128,12.8,marlin_nvfp4,pass,0.049798,5.390443,
module_forward,m,256,256,128,8192,0,5,20,False,2.9.0+cu128,12.8,dense_bf16,pass,0.025635,20.942724,
module_forward,m,256,256,128,8192,0,5,20,False,2.9.0+cu128,12.8,dense_nvfp4,pass,0.135418,3.964558,
module_forward,m,256,256,128,8192,0,5,20,False,2.9.0+cu128,12.8,sparse_bf16,pass,0.116248,4.618324,
module_forward,m,256,256,128,8192,0,5,20,False,2.9.0+cu128,12.8,sparse_nvfp4,pass,0.126829,4.233036,
module_forward,m,256,256,128,8192,0,5,20,False,2.9.0+cu128,12.8,marlin_nvfp4,pass,0.052568,10.212884,
module_forward,m,256,256,128,16384,0,5,20,False,2.9.0+cu128,12.8,dense_bf16,pass,0.029395,36.527794,
module_forward,m,256,256,128,16384,0,5,20,False,2.9.0+cu128,12.8,dense_nvfp4,pass,0.160248,6.700501,
module_forward,m,256,256,128,16384,0,5,20,False,2.9.0+cu128,12.8,sparse_bf16,pass,0.208656,5.145991,
module_forward,m,256,256,128,16384,0,5,20,False,2.9.0+cu128,12.8,sparse_nvfp4,pass,0.143277,7.494178,
module_forward,m,256,256,128,16384,0,5,20,False,2.9.0+cu128,12.8,marlin_nvfp4,pass,0.058600,18.323239,
module_forward,m,256,256,256,1,0,5,20,False,2.9.0+cu128,12.8,dense_bf16,pass,0.021261,0.006165,
module_forward,m,256,256,256,1,0,5,20,False,2.9.0+cu128,12.8,dense_nvfp4,skip,,,K%32!=0
module_forward,m,256,256,256,1,0,5,20,False,2.9.0+cu128,12.8,sparse_bf16,skip,,,K%64!=0
module_forward,m,256,256,256,1,0,5,20,False,2.9.0+cu128,12.8,sparse_nvfp4,skip,,,K%64!=0
module_forward,m,256,256,256,1,0,5,20,False,2.9.0+cu128,12.8,marlin_nvfp4,skip,,,K%128!=0
module_forward,m,256,256,256,2,0,5,20,False,2.9.0+cu128,12.8,dense_bf16,pass,0.022325,0.011742,
module_forward,m,256,256,256,2,0,5,20,False,2.9.0+cu128,12.8,dense_nvfp4,skip,,,K%32!=0
module_forward,m,256,256,256,2,0,5,20,False,2.9.0+cu128,12.8,sparse_bf16,skip,,,K%64!=0
module_forward,m,256,256,256,2,0,5,20,False,2.9.0+cu128,12.8,sparse_nvfp4,skip,,,K%64!=0
module_forward,m,256,256,256,2,0,5,20,False,2.9.0+cu128,12.8,marlin_nvfp4,skip,,,K%128!=0
module_forward,m,256,256,256,4,0,5,20,False,2.9.0+cu128,12.8,dense_bf16,pass,0.022507,0.023294,
module_forward,m,256,256,256,4,0,5,20,False,2.9.0+cu128,12.8,dense_nvfp4,skip,,,K%32!=0
module_forward,m,256,256,256,4,0,5,20,False,2.9.0+cu128,12.8,sparse_bf16,skip,,,K%64!=0
module_forward,m,256,256,256,4,0,5,20,False,2.9.0+cu128,12.8,sparse_nvfp4,skip,,,K%64!=0
module_forward,m,256,256,256,4,0,5,20,False,2.9.0+cu128,12.8,marlin_nvfp4,skip,,,K%128!=0
module_forward,m,256,256,256,8,0,5,20,False,2.9.0+cu128,12.8,dense_bf16,pass,0.021965,0.047739,
module_forward,m,256,256,256,8,0,5,20,False,2.9.0+cu128,12.8,dense_nvfp4,skip,,,K%32!=0
module_forward,m,256,256,256,8,0,5,20,False,2.9.0+cu128,12.8,sparse_bf16,skip,,,K%64!=0
module_forward,m,256,256,256,8,0,5,20,False,2.9.0+cu128,12.8,sparse_nvfp4,skip,,,K%64!=0
module_forward,m,256,256,256,8,0,5,20,False,2.9.0+cu128,12.8,marlin_nvfp4,skip,,,K%128!=0
module_forward,m,256,256,256,16,0,5,20,False,2.9.0+cu128,12.8,dense_bf16,pass,0.022474,0.093316,
module_forward,m,256,256,256,16,0,5,20,False,2.9.0+cu128,12.8,dense_nvfp4,skip,,,K%32!=0
module_forward,m,256,256,256,16,0,5,20,False,2.9.0+cu128,12.8,sparse_bf16,skip,,,K%64!=0
module_forward,m,256,256,256,16,0,5,20,False,2.9.0+cu128,12.8,sparse_nvfp4,skip,,,K%64!=0
module_forward,m,256,256,256,16,0,5,20,False,2.9.0+cu128,12.8,marlin_nvfp4,skip,,,K%128!=0
module_forward,m,256,256,256,32,0,5,20,False,2.9.0+cu128,12.8,dense_bf16,pass,0.022861,0.183471,
module_forward,m,256,256,256,32,0,5,20,False,2.9.0+cu128,12.8,dense_nvfp4,pass,0.119750,0.035025,
module_forward,m,256,256,256,32,0,5,20,False,2.9.0+cu128,12.8,sparse_bf16,skip,,,K%64!=0
module_forward,m,256,256,256,32,0,5,20,False,2.9.0+cu128,12.8,sparse_nvfp4,skip,,,K%64!=0
module_forward,m,256,256,256,32,0,5,20,False,2.9.0+cu128,12.8,marlin_nvfp4,skip,,,K%128!=0
module_forward,m,256,256,256,64,0,5,20,False,2.9.0+cu128,12.8,dense_bf16,pass,0.022542,0.372126,
module_forward,m,256,256,256,64,0,5,20,False,2.9.0+cu128,12.8,dense_nvfp4,pass,0.116354,0.072096,
module_forward,m,256,256,256,64,0,5,20,False,2.9.0+cu128,12.8,sparse_bf16,pass,0.032840,0.255439,
module_forward,m,256,256,256,64,0,5,20,False,2.9.0+cu128,12.8,sparse_nvfp4,pass,0.119360,0.070280,
module_forward,m,256,256,256,64,0,5,20,False,2.9.0+cu128,12.8,marlin_nvfp4,skip,,,K%128!=0
module_forward,m,256,256,256,128,0,5,20,False,2.9.0+cu128,12.8,dense_bf16,pass,0.022342,0.750914,
module_forward,m,256,256,256,128,0,5,20,False,2.9.0+cu128,12.8,dense_nvfp4,pass,0.117526,0.142753,
module_forward,m,256,256,256,128,0,5,20,False,2.9.0+cu128,12.8,sparse_bf16,pass,0.032438,0.517202,
module_forward,m,256,256,256,128,0,5,20,False,2.9.0+cu128,12.8,sparse_nvfp4,pass,0.119066,0.140907,
module_forward,m,256,256,256,128,0,5,20,False,2.9.0+cu128,12.8,marlin_nvfp4,pass,0.038994,0.430256,
module_forward,m,256,256,256,256,0,5,20,False,2.9.0+cu128,12.8,dense_bf16,pass,0.022208,1.510916,
module_forward,m,256,256,256,256,0,5,20,False,2.9.0+cu128,12.8,dense_nvfp4,pass,0.118549,0.283043,
module_forward,m,256,256,256,256,0,5,20,False,2.9.0+cu128,12.8,sparse_bf16,pass,0.032930,1.018975,
module_forward,m,256,256,256,256,0,5,20,False,2.9.0+cu128,12.8,sparse_nvfp4,pass,0.118821,0.282395,
module_forward,m,256,256,256,256,0,5,20,False,2.9.0+cu128,12.8,marlin_nvfp4,pass,0.038309,0.875894,
module_forward,m,256,256,256,512,0,5,20,False,2.9.0+cu128,12.8,dense_bf16,pass,0.022342,3.003655,
module_forward,m,256,256,256,512,0,5,20,False,2.9.0+cu128,12.8,dense_nvfp4,pass,0.122259,0.548906,
module_forward,m,256,256,256,512,0,5,20,False,2.9.0+cu128,12.8,sparse_bf16,pass,0.033598,1.997383,
module_forward,m,256,256,256,512,0,5,20,False,2.9.0+cu128,12.8,sparse_nvfp4,pass,0.123958,0.541382,
module_forward,m,256,256,256,512,0,5,20,False,2.9.0+cu128,12.8,marlin_nvfp4,pass,0.038194,1.757071,
module_forward,m,256,256,256,1024,0,5,20,False,2.9.0+cu128,12.8,dense_bf16,pass,0.022901,5.860831,
module_forward,m,256,256,256,1024,0,5,20,False,2.9.0+cu128,12.8,dense_nvfp4,pass,0.122208,1.098273,
module_forward,m,256,256,256,1024,0,5,20,False,2.9.0+cu128,12.8,sparse_bf16,pass,0.036379,3.689408,
module_forward,m,256,256,256,1024,0,5,20,False,2.9.0+cu128,12.8,sparse_nvfp4,pass,0.123773,1.084388,
module_forward,m,256,256,256,1024,0,5,20,False,2.9.0+cu128,12.8,marlin_nvfp4,pass,0.040014,3.354236,
module_forward,m,256,256,256,2048,0,5,20,False,2.9.0+cu128,12.8,dense_bf16,pass,0.025149,10.673887,
module_forward,m,256,256,256,2048,0,5,20,False,2.9.0+cu128,12.8,dense_nvfp4,pass,0.122622,2.189123,
module_forward,m,256,256,256,2048,0,5,20,False,2.9.0+cu128,12.8,sparse_bf16,pass,0.048048,5.586819,
module_forward,m,256,256,256,2048,0,5,20,False,2.9.0+cu128,12.8,sparse_nvfp4,pass,0.123672,2.170543,
module_forward,m,256,256,256,2048,0,5,20,False,2.9.0+cu128,12.8,marlin_nvfp4,pass,0.041024,6.543376,
module_forward,m,256,256,256,4096,0,5,20,False,2.9.0+cu128,12.8,dense_bf16,pass,0.025157,21.340986,
module_forward,m,256,256,256,4096,0,5,20,False,2.9.0+cu128,12.8,dense_nvfp4,pass,0.123837,4.335310,
module_forward,m,256,256,256,4096,0,5,20,False,2.9.0+cu128,12.8,sparse_bf16,pass,0.070211,7.646514,
module_forward,m,256,256,256,4096,0,5,20,False,2.9.0+cu128,12.8,sparse_nvfp4,pass,0.122109,4.396660,
module_forward,m,256,256,256,4096,0,5,20,False,2.9.0+cu128,12.8,marlin_nvfp4,pass,0.042392,12.664439,
module_forward,m,256,256,256,8192,0,5,20,False,2.9.0+cu128,12.8,dense_bf16,pass,0.025107,42.766291,
module_forward,m,256,256,256,8192,0,5,20,False,2.9.0+cu128,12.8,dense_nvfp4,pass,0.135080,7.948933,
module_forward,m,256,256,256,8192,0,5,20,False,2.9.0+cu128,12.8,sparse_bf16,pass,0.116214,9.239318,
module_forward,m,256,256,256,8192,0,5,20,False,2.9.0+cu128,12.8,sparse_nvfp4,pass,0.126963,8.457111,
module_forward,m,256,256,256,8192,0,5,20,False,2.9.0+cu128,12.8,marlin_nvfp4,pass,0.048002,22.368876,
module_forward,m,256,256,256,16384,0,5,20,False,2.9.0+cu128,12.8,dense_bf16,pass,0.031474,68.231268,
module_forward,m,256,256,256,16384,0,5,20,False,2.9.0+cu128,12.8,dense_nvfp4,pass,0.160146,13.409570,
module_forward,m,256,256,256,16384,0,5,20,False,2.9.0+cu128,12.8,sparse_bf16,pass,0.207035,10.372553,
module_forward,m,256,256,256,16384,0,5,20,False,2.9.0+cu128,12.8,sparse_nvfp4,pass,0.143208,14.995557,
module_forward,m,256,256,256,16384,0,5,20,False,2.9.0+cu128,12.8,marlin_nvfp4,pass,0.054406,39.471158,
module_forward,m,256,256,512,1,0,5,20,False,2.9.0+cu128,12.8,dense_bf16,pass,0.021362,0.012272,
module_forward,m,256,256,512,1,0,5,20,False,2.9.0+cu128,12.8,dense_nvfp4,skip,,,K%32!=0
module_forward,m,256,256,512,1,0,5,20,False,2.9.0+cu128,12.8,sparse_bf16,skip,,,K%64!=0
module_forward,m,256,256,512,1,0,5,20,False,2.9.0+cu128,12.8,sparse_nvfp4,skip,,,K%64!=0
module_forward,m,256,256,512,1,0,5,20,False,2.9.0+cu128,12.8,marlin_nvfp4,skip,,,K%128!=0
module_forward,m,256,256,512,2,0,5,20,False,2.9.0+cu128,12.8,dense_bf16,pass,0.022475,0.023327,
module_forward,m,256,256,512,2,0,5,20,False,2.9.0+cu128,12.8,dense_nvfp4,skip,,,K%32!=0
module_forward,m,256,256,512,2,0,5,20,False,2.9.0+cu128,12.8,sparse_bf16,skip,,,K%64!=0
module_forward,m,256,256,512,2,0,5,20,False,2.9.0+cu128,12.8,sparse_nvfp4,skip,,,K%64!=0
module_forward,m,256,256,512,2,0,5,20,False,2.9.0+cu128,12.8,marlin_nvfp4,skip,,,K%128!=0
module_forward,m,256,256,512,4,0,5,20,False,2.9.0+cu128,12.8,dense_bf16,pass,0.022450,0.046708,
module_forward,m,256,256,512,4,0,5,20,False,2.9.0+cu128,12.8,dense_nvfp4,skip,,,K%32!=0
module_forward,m,256,256,512,4,0,5,20,False,2.9.0+cu128,12.8,sparse_bf16,skip,,,K%64!=0
module_forward,m,256,256,512,4,0,5,20,False,2.9.0+cu128,12.8,sparse_nvfp4,skip,,,K%64!=0
module_forward,m,256,256,512,4,0,5,20,False,2.9.0+cu128,12.8,marlin_nvfp4,skip,,,K%128!=0
module_forward,m,256,256,512,8,0,5,20,False,2.9.0+cu128,12.8,dense_bf16,pass,0.022483,0.093276,
module_forward,m,256,256,512,8,0,5,20,False,2.9.0+cu128,12.8,dense_nvfp4,skip,,,K%32!=0
module_forward,m,256,256,512,8,0,5,20,False,2.9.0+cu128,12.8,sparse_bf16,skip,,,K%64!=0
module_forward,m,256,256,512,8,0,5,20,False,2.9.0+cu128,12.8,sparse_nvfp4,skip,,,K%64!=0
module_forward,m,256,256,512,8,0,5,20,False,2.9.0+cu128,12.8,marlin_nvfp4,skip,,,K%128!=0
module_forward,m,256,256,512,16,0,5,20,False,2.9.0+cu128,12.8,dense_bf16,pass,0.023179,0.180951,
module_forward,m,256,256,512,16,0,5,20,False,2.9.0+cu128,12.8,dense_nvfp4,skip,,,K%32!=0
module_forward,m,256,256,512,16,0,5,20,False,2.9.0+cu128,12.8,sparse_bf16,skip,,,K%64!=0
module_forward,m,256,256,512,16,0,5,20,False,2.9.0+cu128,12.8,sparse_nvfp4,skip,,,K%64!=0
module_forward,m,256,256,512,16,0,5,20,False,2.9.0+cu128,12.8,marlin_nvfp4,skip,,,K%128!=0
module_forward,m,256,256,512,32,0,5,20,False,2.9.0+cu128,12.8,dense_bf16,pass,0.022477,0.373212,
module_forward,m,256,256,512,32,0,5,20,False,2.9.0+cu128,12.8,dense_nvfp4,pass,0.118589,0.070737,
module_forward,m,256,256,512,32,0,5,20,False,2.9.0+cu128,12.8,sparse_bf16,skip,,,K%64!=0
module_forward,m,256,256,512,32,0,5,20,False,2.9.0+cu128,12.8,sparse_nvfp4,skip,,,K%64!=0
module_forward,m,256,256,512,32,0,5,20,False,2.9.0+cu128,12.8,marlin_nvfp4,skip,,,K%128!=0
module_forward,m,256,256,512,64,0,5,20,False,2.9.0+cu128,12.8,dense_bf16,pass,0.022237,0.754480,
module_forward,m,256,256,512,64,0,5,20,False,2.9.0+cu128,12.8,dense_nvfp4,pass,0.118182,0.141960,
module_forward,m,256,256,512,64,0,5,20,False,2.9.0+cu128,12.8,sparse_bf16,pass,0.033250,0.504584,
module_forward,m,256,256,512,64,0,5,20,False,2.9.0+cu128,12.8,sparse_nvfp4,pass,0.119702,0.140158,
module_forward,m,256,256,512,64,0,5,20,False,2.9.0+cu128,12.8,marlin_nvfp4,skip,,,K%128!=0
module_forward,m,256,256,512,128,0,5,20,False,2.9.0+cu128,12.8,dense_bf16,pass,0.022030,1.523097,
module_forward,m,256,256,512,128,0,5,20,False,2.9.0+cu128,12.8,dense_nvfp4,pass,0.117845,0.284734,
module_forward,m,256,256,512,128,0,5,20,False,2.9.0+cu128,12.8,sparse_bf16,pass,0.034056,0.985272,
module_forward,m,256,256,512,128,0,5,20,False,2.9.0+cu128,12.8,sparse_nvfp4,pass,0.118976,0.282027,
module_forward,m,256,256,512,128,0,5,20,False,2.9.0+cu128,12.8,marlin_nvfp4,pass,0.038946,0.861572,
module_forward,m,256,256,512,256,0,5,20,False,2.9.0+cu128,12.8,dense_bf16,pass,0.022595,2.970050,
module_forward,m,256,256,512,256,0,5,20,False,2.9.0+cu128,12.8,dense_nvfp4,pass,0.117922,0.569097,
module_forward,m,256,256,512,256,0,5,20,False,2.9.0+cu128,12.8,sparse_bf16,pass,0.033202,2.021254,
module_forward,m,256,256,512,256,0,5,20,False,2.9.0+cu128,12.8,sparse_nvfp4,pass,0.119530,0.561441,
module_forward,m,256,256,512,256,0,5,20,False,2.9.0+cu128,12.8,marlin_nvfp4,pass,0.039006,1.720458,
module_forward,m,256,256,512,512,0,5,20,False,2.9.0+cu128,12.8,dense_bf16,pass,0.022155,6.058069,
module_forward,m,256,256,512,512,0,5,20,False,2.9.0+cu128,12.8,dense_nvfp4,pass,0.122862,1.092423,
module_forward,m,256,256,512,512,0,5,20,False,2.9.0+cu128,12.8,sparse_bf16,pass,0.033528,4.003153,
module_forward,m,256,256,512,512,0,5,20,False,2.9.0+cu128,12.8,sparse_nvfp4,pass,0.123454,1.087185,
module_forward,m,256,256,512,512,0,5,20,False,2.9.0+cu128,12.8,marlin_nvfp4,pass,0.038605,3.476711,
module_forward,m,256,256,512,1024,0,5,20,False,2.9.0+cu128,12.8,dense_bf16,pass,0.022786,11.780926,
module_forward,m,256,256,512,1024,0,5,20,False,2.9.0+cu128,12.8,dense_nvfp4,pass,0.122670,2.188266,
module_forward,m,256,256,512,1024,0,5,20,False,2.9.0+cu128,12.8,sparse_bf16,pass,0.036810,7.292539,
module_forward,m,256,256,512,1024,0,5,20,False,2.9.0+cu128,12.8,sparse_nvfp4,pass,0.123118,2.180303,
module_forward,m,256,256,512,1024,0,5,20,False,2.9.0+cu128,12.8,marlin_nvfp4,pass,0.038274,7.013593,
module_forward,m,256,256,512,2048,0,5,20,False,2.9.0+cu128,12.8,dense_bf16,pass,0.024165,22.217064,
module_forward,m,256,256,512,2048,0,5,20,False,2.9.0+cu128,12.8,dense_nvfp4,pass,0.121493,4.418953,
module_forward,m,256,256,512,2048,0,5,20,False,2.9.0+cu128,12.8,sparse_bf16,pass,0.048082,11.165829,
module_forward,m,256,256,512,2048,0,5,20,False,2.9.0+cu128,12.8,sparse_nvfp4,pass,0.123669,4.341199,
module_forward,m,256,256,512,2048,0,5,20,False,2.9.0+cu128,12.8,marlin_nvfp4,pass,0.038266,14.030119,
module_forward,m,256,256,512,4096,0,5,20,False,2.9.0+cu128,12.8,dense_bf16,pass,0.025256,42.514326,
module_forward,m,256,256,512,4096,0,5,20,False,2.9.0+cu128,12.8,dense_nvfp4,pass,0.123667,8.682511,
module_forward,m,256,256,512,4096,0,5,20,False,2.9.0+cu128,12.8,sparse_bf16,pass,0.070762,15.174075,
module_forward,m,256,256,512,4096,0,5,20,False,2.9.0+cu128,12.8,sparse_nvfp4,pass,0.124107,8.651729,
module_forward,m,256,256,512,4096,0,5,20,False,2.9.0+cu128,12.8,marlin_nvfp4,pass,0.042747,25.118413,
module_forward,m,256,256,512,8192,0,5,20,False,2.9.0+cu128,12.8,dense_bf16,pass,0.029562,72.644365,
module_forward,m,256,256,512,8192,0,5,20,False,2.9.0+cu128,12.8,dense_nvfp4,pass,0.135298,15.872297,
module_forward,m,256,256,512,8192,0,5,20,False,2.9.0+cu128,12.8,sparse_bf16,pass,0.115866,18.534264,
module_forward,m,256,256,512,8192,0,5,20,False,2.9.0+cu128,12.8,sparse_nvfp4,pass,0.127128,16.892295,
module_forward,m,256,256,512,8192,0,5,20,False,2.9.0+cu128,12.8,marlin_nvfp4,pass,0.048307,44.454733,
module_forward,m,256,256,512,16384,0,5,20,False,2.9.0+cu128,12.8,dense_bf16,pass,0.043416,98.925911,
module_forward,m,256,256,512,16384,0,5,20,False,2.9.0+cu128,12.8,dense_nvfp4,pass,0.161694,26.562251,
module_forward,m,256,256,512,16384,0,5,20,False,2.9.0+cu128,12.8,sparse_bf16,pass,0.207106,20.738055,
module_forward,m,256,256,512,16384,0,5,20,False,2.9.0+cu128,12.8,sparse_nvfp4,pass,0.144899,29.641070,
module_forward,m,256,256,512,16384,0,5,20,False,2.9.0+cu128,12.8,marlin_nvfp4,pass,0.059318,72.405313,
module_forward,m,256,256,1024,1,0,5,20,False,2.9.0+cu128,12.8,dense_bf16,pass,0.021925,0.023913,
module_forward,m,256,256,1024,1,0,5,20,False,2.9.0+cu128,12.8,dense_nvfp4,skip,,,K%32!=0
module_forward,m,256,256,1024,1,0,5,20,False,2.9.0+cu128,12.8,sparse_bf16,skip,,,K%64!=0
module_forward,m,256,256,1024,1,0,5,20,False,2.9.0+cu128,12.8,sparse_nvfp4,skip,,,K%64!=0
module_forward,m,256,256,1024,1,0,5,20,False,2.9.0+cu128,12.8,marlin_nvfp4,skip,,,K%128!=0
module_forward,m,256,256,1024,2,0,5,20,False,2.9.0+cu128,12.8,dense_bf16,pass,0.022474,0.046658,
module_forward,m,256,256,1024,2,0,5,20,False,2.9.0+cu128,12.8,dense_nvfp4,skip,,,K%32!=0
module_forward,m,256,256,1024,2,0,5,20,False,2.9.0+cu128,12.8,sparse_bf16,skip,,,K%64!=0
module_forward,m,256,256,1024,2,0,5,20,False,2.9.0+cu128,12.8,sparse_nvfp4,skip,,,K%64!=0
module_forward,m,256,256,1024,2,0,5,20,False,2.9.0+cu128,12.8,marlin_nvfp4,skip,,,K%128!=0
module_forward,m,256,256,1024,4,0,5,20,False,2.9.0+cu128,12.8,dense_bf16,pass,0.022635,0.092650,
module_forward,m,256,256,1024,4,0,5,20,False,2.9.0+cu128,12.8,dense_nvfp4,skip,,,K%32!=0
module_forward,m,256,256,1024,4,0,5,20,False,2.9.0+cu128,12.8,sparse_bf16,skip,,,K%64!=0
module_forward,m,256,256,1024,4,0,5,20,False,2.9.0+cu128,12.8,sparse_nvfp4,skip,,,K%64!=0
module_forward,m,256,256,1024,4,0,5,20,False,2.9.0+cu128,12.8,marlin_nvfp4,skip,,,K%128!=0
module_forward,m,256,256,1024,8,0,5,20,False,2.9.0+cu128,12.8,dense_bf16,pass,0.022562,0.185905,
module_forward,m,256,256,1024,8,0,5,20,False,2.9.0+cu128,12.8,dense_nvfp4,skip,,,K%32!=0
module_forward,m,256,256,1024,8,0,5,20,False,2.9.0+cu128,12.8,sparse_bf16,skip,,,K%64!=0
module_forward,m,256,256,1024,8,0,5,20,False,2.9.0+cu128,12.8,sparse_nvfp4,skip,,,K%64!=0
module_forward,m,256,256,1024,8,0,5,20,False,2.9.0+cu128,12.8,marlin_nvfp4,skip,,,K%128!=0
module_forward,m,256,256,1024,16,0,5,20,False,2.9.0+cu128,12.8,dense_bf16,pass,0.022286,0.376400,
module_forward,m,256,256,1024,16,0,5,20,False,2.9.0+cu128,12.8,dense_nvfp4,skip,,,K%32!=0
module_forward,m,256,256,1024,16,0,5,20,False,2.9.0+cu128,12.8,sparse_bf16,skip,,,K%64!=0
module_forward,m,256,256,1024,16,0,5,20,False,2.9.0+cu128,12.8,sparse_nvfp4,skip,,,K%64!=0
module_forward,m,256,256,1024,16,0,5,20,False,2.9.0+cu128,12.8,marlin_nvfp4,skip,,,K%128!=0
module_forward,m,256,256,1024,32,0,5,20,False,2.9.0+cu128,12.8,dense_bf16,pass,0.022125,0.758299,
module_forward,m,256,256,1024,32,0,5,20,False,2.9.0+cu128,12.8,dense_nvfp4,error,,,module output contains NaN/Inf
module_forward,m,256,256,1024,32,0,5,20,False,2.9.0+cu128,12.8,sparse_bf16,skip,,,K%64!=0
module_forward,m,256,256,1024,32,0,5,20,False,2.9.0+cu128,12.8,sparse_nvfp4,skip,,,K%64!=0
module_forward,m,256,256,1024,32,0,5,20,False,2.9.0+cu128,12.8,marlin_nvfp4,skip,,,K%128!=0
module_forward,m,256,256,1024,64,0,5,20,False,2.9.0+cu128,12.8,dense_bf16,pass,0.022261,1.507333,
module_forward,m,256,256,1024,64,0,5,20,False,2.9.0+cu128,12.8,dense_nvfp4,pass,0.117499,0.285572,
module_forward,m,256,256,1024,64,0,5,20,False,2.9.0+cu128,12.8,sparse_bf16,pass,0.033174,1.011456,
module_forward,m,256,256,1024,64,0,5,20,False,2.9.0+cu128,12.8,sparse_nvfp4,pass,0.119931,0.279781,
module_forward,m,256,256,1024,64,0,5,20,False,2.9.0+cu128,12.8,marlin_nvfp4,skip,,,K%128!=0
module_forward,m,256,256,1024,128,0,5,20,False,2.9.0+cu128,12.8,dense_bf16,pass,0.022386,2.997859,
module_forward,m,256,256,1024,128,0,5,20,False,2.9.0+cu128,12.8,dense_nvfp4,pass,0.118830,0.564745,
module_forward,m,256,256,1024,128,0,5,20,False,2.9.0+cu128,12.8,sparse_bf16,pass,0.033210,2.020767,
module_forward,m,256,256,1024,128,0,5,20,False,2.9.0+cu128,12.8,sparse_nvfp4,pass,0.119798,0.560182,
module_forward,m,256,256,1024,128,0,5,20,False,2.9.0+cu128,12.8,marlin_nvfp4,pass,0.038290,1.752666,
module_forward,m,256,256,1024,256,0,5,20,False,2.9.0+cu128,12.8,dense_bf16,pass,0.022502,5.964596,
module_forward,m,256,256,1024,256,0,5,20,False,2.9.0+cu128,12.8,dense_nvfp4,pass,0.117259,1.144624,
module_forward,m,256,256,1024,256,0,5,20,False,2.9.0+cu128,12.8,sparse_bf16,pass,0.033317,4.028530,
module_forward,m,256,256,1024,256,0,5,20,False,2.9.0+cu128,12.8,sparse_nvfp4,pass,0.117885,1.138550,
module_forward,m,256,256,1024,256,0,5,20,False,2.9.0+cu128,12.8,marlin_nvfp4,pass,0.038902,3.450114,
module_forward,m,256,256,1024,512,0,5,20,False,2.9.0+cu128,12.8,dense_bf16,pass,0.022192,12.096046,
module_forward,m,256,256,1024,512,0,5,20,False,2.9.0+cu128,12.8,dense_nvfp4,pass,0.121594,2.207645,
module_forward,m,256,256,1024,512,0,5,20,False,2.9.0+cu128,12.8,sparse_bf16,pass,0.033526,8.006689,
module_forward,m,256,256,1024,512,0,5,20,False,2.9.0+cu128,12.8,sparse_nvfp4,pass,0.122811,2.185757,
module_forward,m,256,256,1024,512,0,5,20,False,2.9.0+cu128,12.8,marlin_nvfp4,pass,0.038770,6.923864,
module_forward,m,256,256,1024,1024,0,5,20,False,2.9.0+cu128,12.8,dense_bf16,pass,0.022590,23.765445,
module_forward,m,256,256,1024,1024,0,5,20,False,2.9.0+cu128,12.8,dense_nvfp4,pass,0.122040,4.399139,
module_forward,m,256,256,1024,1024,0,5,20,False,2.9.0+cu128,12.8,sparse_bf16,pass,0.036626,14.658351,
module_forward,m,256,256,1024,1024,0,5,20,False,2.9.0+cu128,12.8,sparse_nvfp4,pass,0.124702,4.305217,
module_forward,m,256,256,1024,1024,0,5,20,False,2.9.0+cu128,12.8,marlin_nvfp4,pass,0.038867,13.812956,
module_forward,m,256,256,1024,2048,0,5,20,False,2.9.0+cu128,12.8,dense_bf16,pass,0.025102,42.774469,
module_forward,m,256,256,1024,2048,0,5,20,False,2.9.0+cu128,12.8,dense_nvfp4,pass,0.122842,8.740865,
module_forward,m,256,256,1024,2048,0,5,20,False,2.9.0+cu128,12.8,sparse_bf16,pass,0.047891,22.420441,
module_forward,m,256,256,1024,2048,0,5,20,False,2.9.0+cu128,12.8,sparse_nvfp4,pass,0.123501,8.694209,
module_forward,m,256,256,1024,2048,0,5,20,False,2.9.0+cu128,12.8,marlin_nvfp4,pass,0.039986,26.853213,
module_forward,m,256,256,1024,4096,0,5,20,False,2.9.0+cu128,12.8,dense_bf16,pass,0.030402,70.637191,
module_forward,m,256,256,1024,4096,0,5,20,False,2.9.0+cu128,12.8,dense_nvfp4,pass,0.124022,17.315289,
module_forward,m,256,256,1024,4096,0,5,20,False,2.9.0+cu128,12.8,sparse_bf16,pass,0.070426,30.492941,
module_forward,m,256,256,1024,4096,0,5,20,False,2.9.0+cu128,12.8,sparse_nvfp4,pass,0.122669,17.506356,
module_forward,m,256,256,1024,4096,0,5,20,False,2.9.0+cu128,12.8,marlin_nvfp4,pass,0.045662,47.029584,
module_forward,m,256,256,1024,8192,0,5,20,False,2.9.0+cu128,12.8,dense_bf16,pass,0.040963,104.849407,
module_forward,m,256,256,1024,8192,0,5,20,False,2.9.0+cu128,12.8,dense_nvfp4,pass,0.134856,31.848544,
module_forward,m,256,256,1024,8192,0,5,20,False,2.9.0+cu128,12.8,sparse_bf16,pass,0.116402,36.897838,
module_forward,m,256,256,1024,8192,0,5,20,False,2.9.0+cu128,12.8,sparse_nvfp4,pass,0.128363,33.459490,
module_forward,m,256,256,1024,8192,0,5,20,False,2.9.0+cu128,12.8,marlin_nvfp4,pass,0.056491,76.028961,
module_forward,m,256,256,1024,16384,0,5,20,False,2.9.0+cu128,12.8,dense_bf16,pass,0.059901,143.402670,
module_forward,m,256,256,1024,16384,0,5,20,False,2.9.0+cu128,12.8,dense_nvfp4,pass,0.160917,53.381217,
module_forward,m,256,256,1024,16384,0,5,20,False,2.9.0+cu128,12.8,sparse_bf16,pass,0.207939,41.309838,
module_forward,m,256,256,1024,16384,0,5,20,False,2.9.0+cu128,12.8,sparse_nvfp4,pass,0.145219,59.151507,
module_forward,m,256,256,1024,16384,0,5,20,False,2.9.0+cu128,12.8,marlin_nvfp4,pass,0.076699,111.995100,
module_forward,m,256,256,2048,1,0,5,20,False,2.9.0+cu128,12.8,dense_bf16,pass,0.021611,0.048520,
module_forward,m,256,256,2048,1,0,5,20,False,2.9.0+cu128,12.8,dense_nvfp4,skip,,,K%32!=0
module_forward,m,256,256,2048,1,0,5,20,False,2.9.0+cu128,12.8,sparse_bf16,skip,,,K%64!=0
module_forward,m,256,256,2048,1,0,5,20,False,2.9.0+cu128,12.8,sparse_nvfp4,skip,,,K%64!=0
module_forward,m,256,256,2048,1,0,5,20,False,2.9.0+cu128,12.8,marlin_nvfp4,skip,,,K%128!=0
module_forward,m,256,256,2048,2,0,5,20,False,2.9.0+cu128,12.8,dense_bf16,pass,0.025262,0.083015,
module_forward,m,256,256,2048,2,0,5,20,False,2.9.0+cu128,12.8,dense_nvfp4,skip,,,K%32!=0
module_forward,m,256,256,2048,2,0,5,20,False,2.9.0+cu128,12.8,sparse_bf16,skip,,,K%64!=0
module_forward,m,256,256,2048,2,0,5,20,False,2.9.0+cu128,12.8,sparse_nvfp4,skip,,,K%64!=0
module_forward,m,256,256,2048,2,0,5,20,False,2.9.0+cu128,12.8,marlin_nvfp4,skip,,,K%128!=0
module_forward,m,256,256,2048,4,0,5,20,False,2.9.0+cu128,12.8,dense_bf16,pass,0.025066,0.167333,
module_forward,m,256,256,2048,4,0,5,20,False,2.9.0+cu128,12.8,dense_nvfp4,skip,,,K%32!=0
module_forward,m,256,256,2048,4,0,5,20,False,2.9.0+cu128,12.8,sparse_bf16,skip,,,K%64!=0
module_forward,m,256,256,2048,4,0,5,20,False,2.9.0+cu128,12.8,sparse_nvfp4,skip,,,K%64!=0
module_forward,m,256,256,2048,4,0,5,20,False,2.9.0+cu128,12.8,marlin_nvfp4,skip,,,K%128!=0
module_forward,m,256,256,2048,8,0,5,20,False,2.9.0+cu128,12.8,dense_bf16,pass,0.022450,0.373664,
module_forward,m,256,256,2048,8,0,5,20,False,2.9.0+cu128,12.8,dense_nvfp4,skip,,,K%32!=0
module_forward,m,256,256,2048,8,0,5,20,False,2.9.0+cu128,12.8,sparse_bf16,skip,,,K%64!=0
module_forward,m,256,256,2048,8,0,5,20,False,2.9.0+cu128,12.8,sparse_nvfp4,skip,,,K%64!=0
module_forward,m,256,256,2048,8,0,5,20,False,2.9.0+cu128,12.8,marlin_nvfp4,skip,,,K%128!=0
module_forward,m,256,256,2048,16,0,5,20,False,2.9.0+cu128,12.8,dense_bf16,pass,0.022154,0.757313,
module_forward,m,256,256,2048,16,0,5,20,False,2.9.0+cu128,12.8,dense_nvfp4,skip,,,K%32!=0
module_forward,m,256,256,2048,16,0,5,20,False,2.9.0+cu128,12.8,sparse_bf16,skip,,,K%64!=0
module_forward,m,256,256,2048,16,0,5,20,False,2.9.0+cu128,12.8,sparse_nvfp4,skip,,,K%64!=0
module_forward,m,256,256,2048,16,0,5,20,False,2.9.0+cu128,12.8,marlin_nvfp4,skip,,,K%128!=0
module_forward,m,256,256,2048,32,0,5,20,False,2.9.0+cu128,12.8,dense_bf16,pass,0.022830,1.469726,
module_forward,m,256,256,2048,32,0,5,20,False,2.9.0+cu128,12.8,dense_nvfp4,pass,0.116914,0.287002,
module_forward,m,256,256,2048,32,0,5,20,False,2.9.0+cu128,12.8,sparse_bf16,skip,,,K%64!=0
module_forward,m,256,256,2048,32,0,5,20,False,2.9.0+cu128,12.8,sparse_nvfp4,skip,,,K%64!=0
module_forward,m,256,256,2048,32,0,5,20,False,2.9.0+cu128,12.8,marlin_nvfp4,skip,,,K%128!=0
module_forward,m,256,256,2048,64,0,5,20,False,2.9.0+cu128,12.8,dense_bf16,pass,0.022613,2.967738,
module_forward,m,256,256,2048,64,0,5,20,False,2.9.0+cu128,12.8,dense_nvfp4,pass,0.117450,0.571384,
module_forward,m,256,256,2048,64,0,5,20,False,2.9.0+cu128,12.8,sparse_bf16,pass,0.033282,2.016395,
module_forward,m,256,256,2048,64,0,5,20,False,2.9.0+cu128,12.8,sparse_nvfp4,pass,0.121669,0.551570,
module_forward,m,256,256,2048,64,0,5,20,False,2.9.0+cu128,12.8,marlin_nvfp4,skip,,,K%128!=0
module_forward,m,256,256,2048,128,0,5,20,False,2.9.0+cu128,12.8,dense_bf16,pass,0.022282,6.023702,
module_forward,m,256,256,2048,128,0,5,20,False,2.9.0+cu128,12.8,dense_nvfp4,pass,0.118558,1.132081,
module_forward,m,256,256,2048,128,0,5,20,False,2.9.0+cu128,12.8,sparse_bf16,pass,0.032877,4.082445,
module_forward,m,256,256,2048,128,0,5,20,False,2.9.0+cu128,12.8,sparse_nvfp4,pass,0.118947,1.128381,
module_forward,m,256,256,2048,128,0,5,20,False,2.9.0+cu128,12.8,marlin_nvfp4,pass,0.039181,3.425599,
module_forward,m,256,256,2048,256,0,5,20,False,2.9.0+cu128,12.8,dense_bf16,pass,0.022512,11.924105,
module_forward,m,256,256,2048,256,0,5,20,False,2.9.0+cu128,12.8,dense_nvfp4,pass,0.116738,2.299477,
module_forward,m,256,256,2048,256,0,5,20,False,2.9.0+cu128,12.8,sparse_bf16,pass,0.032776,8.190000,
module_forward,m,256,256,2048,256,0,5,20,False,2.9.0+cu128,12.8,sparse_nvfp4,pass,0.120154,2.234102,
module_forward,m,256,256,2048,256,0,5,20,False,2.9.0+cu128,12.8,marlin_nvfp4,pass,0.038422,6.986431,
module_forward,m,256,256,2048,512,0,5,20,False,2.9.0+cu128,12.8,dense_bf16,pass,0.022456,23.907682,
module_forward,m,256,256,2048,512,0,5,20,False,2.9.0+cu128,12.8,dense_nvfp4,pass,0.123274,4.355117,
module_forward,m,256,256,2048,512,0,5,20,False,2.9.0+cu128,12.8,sparse_bf16,pass,0.033426,16.061669,
module_forward,m,256,256,2048,512,0,5,20,False,2.9.0+cu128,12.8,sparse_nvfp4,pass,0.122656,4.377046,
module_forward,m,256,256,2048,512,0,5,20,False,2.9.0+cu128,12.8,marlin_nvfp4,pass,0.037914,14.160378,
module_forward,m,256,256,2048,1024,0,5,20,False,2.9.0+cu128,12.8,dense_bf16,pass,0.026560,40.427026,
module_forward,m,256,256,2048,1024,0,5,20,False,2.9.0+cu128,12.8,dense_nvfp4,pass,0.122464,8.767816,
module_forward,m,256,256,2048,1024,0,5,20,False,2.9.0+cu128,12.8,sparse_bf16,pass,0.036834,29.151151,
module_forward,m,256,256,2048,1024,0,5,20,False,2.9.0+cu128,12.8,sparse_nvfp4,pass,0.124051,8.655634,
module_forward,m,256,256,2048,1024,0,5,20,False,2.9.0+cu128,12.8,marlin_nvfp4,pass,0.039858,26.939450,
module_forward,m,256,256,2048,2048,0,5,20,False,2.9.0+cu128,12.8,dense_bf16,pass,0.037490,57.282116,
module_forward,m,256,256,2048,2048,0,5,20,False,2.9.0+cu128,12.8,dense_nvfp4,pass,0.123266,17.421597,
module_forward,m,256,256,2048,2048,0,5,20,False,2.9.0+cu128,12.8,sparse_bf16,pass,0.048454,44.319683,
module_forward,m,256,256,2048,2048,0,5,20,False,2.9.0+cu128,12.8,sparse_nvfp4,pass,0.122922,17.470352,
module_forward,m,256,256,2048,2048,0,5,20,False,2.9.0+cu128,12.8,marlin_nvfp4,pass,0.045234,47.475408,
module_forward,m,256,256,2048,4096,0,5,20,False,2.9.0+cu128,12.8,dense_bf16,pass,0.040446,106.189111,
module_forward,m,256,256,2048,4096,0,5,20,False,2.9.0+cu128,12.8,dense_nvfp4,pass,0.122962,34.929338,
module_forward,m,256,256,2048,4096,0,5,20,False,2.9.0+cu128,12.8,sparse_bf16,pass,0.071118,60.391787,
module_forward,m,256,256,2048,4096,0,5,20,False,2.9.0+cu128,12.8,sparse_nvfp4,pass,0.123312,34.830084,
module_forward,m,256,256,2048,4096,0,5,20,False,2.9.0+cu128,12.8,marlin_nvfp4,pass,0.059018,72.774346,
module_forward,m,256,256,2048,8192,0,5,20,False,2.9.0+cu128,12.8,dense_bf16,pass,0.065896,130.355934,
module_forward,m,256,256,2048,8192,0,5,20,False,2.9.0+cu128,12.8,dense_nvfp4,pass,0.134960,63.648004,
module_forward,m,256,256,2048,8192,0,5,20,False,2.9.0+cu128,12.8,sparse_bf16,pass,0.116651,73.637773,
module_forward,m,256,256,2048,8192,0,5,20,False,2.9.0+cu128,12.8,sparse_nvfp4,pass,0.128523,66.835673,
module_forward,m,256,256,2048,8192,0,5,20,False,2.9.0+cu128,12.8,marlin_nvfp4,pass,0.076546,112.219834,
module_forward,m,256,256,2048,16384,0,5,20,False,2.9.0+cu128,12.8,dense_bf16,pass,0.097483,176.234153,
module_forward,m,256,256,2048,16384,0,5,20,False,2.9.0+cu128,12.8,dense_nvfp4,pass,0.161309,106.502988,
module_forward,m,256,256,2048,16384,0,5,20,False,2.9.0+cu128,12.8,sparse_bf16,pass,0.208898,82.240625,
module_forward,m,256,256,2048,16384,0,5,20,False,2.9.0+cu128,12.8,sparse_nvfp4,pass,0.145475,118.094833,
module_forward,m,256,256,2048,16384,0,5,20,False,2.9.0+cu128,12.8,marlin_nvfp4,pass,0.118869,144.527994,
module_forward,m,256,256,4096,1,0,5,20,False,2.9.0+cu128,12.8,dense_bf16,pass,0.021587,0.097148,
module_forward,m,256,256,4096,1,0,5,20,False,2.9.0+cu128,12.8,dense_nvfp4,skip,,,K%32!=0
module_forward,m,256,256,4096,1,0,5,20,False,2.9.0+cu128,12.8,sparse_bf16,skip,,,K%64!=0
module_forward,m,256,256,4096,1,0,5,20,False,2.9.0+cu128,12.8,sparse_nvfp4,skip,,,K%64!=0
module_forward,m,256,256,4096,1,0,5,20,False,2.9.0+cu128,12.8,marlin_nvfp4,skip,,,K%128!=0
module_forward,m,256,256,4096,2,0,5,20,False,2.9.0+cu128,12.8,dense_bf16,pass,0.022518,0.186261,
module_forward,m,256,256,4096,2,0,5,20,False,2.9.0+cu128,12.8,dense_nvfp4,skip,,,K%32!=0
module_forward,m,256,256,4096,2,0,5,20,False,2.9.0+cu128,12.8,sparse_bf16,skip,,,K%64!=0
module_forward,m,256,256,4096,2,0,5,20,False,2.9.0+cu128,12.8,sparse_nvfp4,skip,,,K%64!=0
module_forward,m,256,256,4096,2,0,5,20,False,2.9.0+cu128,12.8,marlin_nvfp4,skip,,,K%128!=0
module_forward,m,256,256,4096,4,0,5,20,False,2.9.0+cu128,12.8,dense_bf16,pass,0.022706,0.369451,
module_forward,m,256,256,4096,4,0,5,20,False,2.9.0+cu128,12.8,dense_nvfp4,skip,,,K%32!=0
module_forward,m,256,256,4096,4,0,5,20,False,2.9.0+cu128,12.8,sparse_bf16,skip,,,K%64!=0
module_forward,m,256,256,4096,4,0,5,20,False,2.9.0+cu128,12.8,sparse_nvfp4,skip,,,K%64!=0
module_forward,m,256,256,4096,4,0,5,20,False,2.9.0+cu128,12.8,marlin_nvfp4,skip,,,K%128!=0
module_forward,m,256,256,4096,8,0,5,20,False,2.9.0+cu128,12.8,dense_bf16,pass,0.022206,0.755513,
module_forward,m,256,256,4096,8,0,5,20,False,2.9.0+cu128,12.8,dense_nvfp4,skip,,,K%32!=0
module_forward,m,256,256,4096,8,0,5,20,False,2.9.0+cu128,12.8,sparse_bf16,skip,,,K%64!=0
module_forward,m,256,256,4096,8,0,5,20,False,2.9.0+cu128,12.8,sparse_nvfp4,skip,,,K%64!=0
module_forward,m,256,256,4096,8,0,5,20,False,2.9.0+cu128,12.8,marlin_nvfp4,skip,,,K%128!=0
module_forward,m,256,256,4096,16,0,5,20,False,2.9.0+cu128,12.8,dense_bf16,pass,0.022446,1.494869,
module_forward,m,256,256,4096,16,0,5,20,False,2.9.0+cu128,12.8,dense_nvfp4,skip,,,K%32!=0
module_forward,m,256,256,4096,16,0,5,20,False,2.9.0+cu128,12.8,sparse_bf16,skip,,,K%64!=0
module_forward,m,256,256,4096,16,0,5,20,False,2.9.0+cu128,12.8,sparse_nvfp4,skip,,,K%64!=0
module_forward,m,256,256,4096,16,0,5,20,False,2.9.0+cu128,12.8,marlin_nvfp4,skip,,,K%128!=0
module_forward,m,256,256,4096,32,0,5,20,False,2.9.0+cu128,12.8,dense_bf16,pass,0.022248,3.016400,
module_forward,m,256,256,4096,32,0,5,20,False,2.9.0+cu128,12.8,dense_nvfp4,pass,0.117629,0.570514,
module_forward,m,256,256,4096,32,0,5,20,False,2.9.0+cu128,12.8,sparse_bf16,skip,,,K%64!=0
module_forward,m,256,256,4096,32,0,5,20,False,2.9.0+cu128,12.8,sparse_nvfp4,skip,,,K%64!=0
module_forward,m,256,256,4096,32,0,5,20,False,2.9.0+cu128,12.8,marlin_nvfp4,skip,,,K%128!=0
module_forward,m,256,256,4096,64,0,5,20,False,2.9.0+cu128,12.8,dense_bf16,pass,0.022403,5.991007,
module_forward,m,256,256,4096,64,0,5,20,False,2.9.0+cu128,12.8,dense_nvfp4,pass,0.116787,1.149250,
module_forward,m,256,256,4096,64,0,5,20,False,2.9.0+cu128,12.8,sparse_bf16,pass,0.032726,4.101207,
module_forward,m,256,256,4096,64,0,5,20,False,2.9.0+cu128,12.8,sparse_nvfp4,pass,0.120661,1.112356,
module_forward,m,256,256,4096,64,0,5,20,False,2.9.0+cu128,12.8,marlin_nvfp4,skip,,,K%128!=0
module_forward,m,256,256,4096,128,0,5,20,False,2.9.0+cu128,12.8,dense_bf16,pass,0.022450,11.957249,
module_forward,m,256,256,4096,128,0,5,20,False,2.9.0+cu128,12.8,dense_nvfp4,pass,0.116694,2.300329,
module_forward,m,256,256,4096,128,0,5,20,False,2.9.0+cu128,12.8,sparse_bf16,pass,0.033131,8.102195,
module_forward,m,256,256,4096,128,0,5,20,False,2.9.0+cu128,12.8,sparse_nvfp4,pass,0.119078,2.254275,
module_forward,m,256,256,4096,128,0,5,20,False,2.9.0+cu128,12.8,marlin_nvfp4,pass,0.039024,6.878727,
module_forward,m,256,256,4096,256,0,5,20,False,2.9.0+cu128,12.8,dense_bf16,pass,0.022648,23.705003,
module_forward,m,256,256,4096,256,0,5,20,False,2.9.0+cu128,12.8,dense_nvfp4,pass,0.118226,4.541072,
module_forward,m,256,256,4096,256,0,5,20,False,2.9.0+cu128,12.8,sparse_bf16,pass,0.033256,16.143580,
module_forward,m,256,256,4096,256,0,5,20,False,2.9.0+cu128,12.8,sparse_nvfp4,pass,0.119040,4.510004,
module_forward,m,256,256,4096,256,0,5,20,False,2.9.0+cu128,12.8,marlin_nvfp4,pass,0.038331,14.006108,
module_forward,m,256,256,4096,512,0,5,20,False,2.9.0+cu128,12.8,dense_bf16,pass,0.026602,40.363806,
module_forward,m,256,256,4096,512,0,5,20,False,2.9.0+cu128,12.8,dense_nvfp4,pass,0.121896,8.808671,
module_forward,m,256,256,4096,512,0,5,20,False,2.9.0+cu128,12.8,sparse_bf16,pass,0.032821,32.715285,
module_forward,m,256,256,4096,512,0,5,20,False,2.9.0+cu128,12.8,sparse_nvfp4,pass,0.121645,8.826862,
module_forward,m,256,256,4096,512,0,5,20,False,2.9.0+cu128,12.8,marlin_nvfp4,pass,0.040170,26.730209,
module_forward,m,256,256,4096,1024,0,5,20,False,2.9.0+cu128,12.8,dense_bf16,pass,0.034990,61.373509,
module_forward,m,256,256,4096,1024,0,5,20,False,2.9.0+cu128,12.8,dense_nvfp4,pass,0.121726,17.641889,
module_forward,m,256,256,4096,1024,0,5,20,False,2.9.0+cu128,12.8,sparse_bf16,pass,0.037485,57.289452,
module_forward,m,256,256,4096,1024,0,5,20,False,2.9.0+cu128,12.8,sparse_nvfp4,pass,0.122731,17.497455,
module_forward,m,256,256,4096,1024,0,5,20,False,2.9.0+cu128,12.8,marlin_nvfp4,pass,0.047086,45.607301,
module_forward,m,256,256,4096,2048,0,5,20,False,2.9.0+cu128,12.8,dense_bf16,pass,0.046302,92.759065,
module_forward,m,256,256,4096,2048,0,5,20,False,2.9.0+cu128,12.8,dense_nvfp4,pass,0.121021,35.489497,
module_forward,m,256,256,4096,2048,0,5,20,False,2.9.0+cu128,12.8,sparse_bf16,pass,0.048734,88.130094,
module_forward,m,256,256,4096,2048,0,5,20,False,2.9.0+cu128,12.8,sparse_nvfp4,pass,0.123952,34.650246,
module_forward,m,256,256,4096,2048,0,5,20,False,2.9.0+cu128,12.8,marlin_nvfp4,pass,0.056459,76.072054,
module_forward,m,256,256,4096,4096,0,5,20,False,2.9.0+cu128,12.8,dense_bf16,pass,0.069246,124.048825,
module_forward,m,256,256,4096,4096,0,5,20,False,2.9.0+cu128,12.8,dense_nvfp4,pass,0.123979,69.285288,
module_forward,m,256,256,4096,4096,0,5,20,False,2.9.0+cu128,12.8,sparse_bf16,pass,0.071403,120.301816,
module_forward,m,256,256,4096,4096,0,5,20,False,2.9.0+cu128,12.8,sparse_nvfp4,pass,0.123866,69.348831,
module_forward,m,256,256,4096,4096,0,5,20,False,2.9.0+cu128,12.8,marlin_nvfp4,pass,0.074133,115.872253,
module_forward,m,256,256,4096,8192,0,5,20,False,2.9.0+cu128,12.8,dense_bf16,pass,0.107454,159.880556,
module_forward,m,256,256,4096,8192,0,5,20,False,2.9.0+cu128,12.8,dense_nvfp4,pass,0.135717,126.586164,
module_forward,m,256,256,4096,8192,0,5,20,False,2.9.0+cu128,12.8,sparse_bf16,pass,0.117280,146.485923,
module_forward,m,256,256,4096,8192,0,5,20,False,2.9.0+cu128,12.8,sparse_nvfp4,pass,0.128720,133.466976,
module_forward,m,256,256,4096,8192,0,5,20,False,2.9.0+cu128,12.8,marlin_nvfp4,pass,0.109264,157.232660,
module_forward,m,256,256,4096,16384,0,5,20,False,2.9.0+cu128,12.8,dense_bf16,pass,0.182699,188.067264,
module_forward,m,256,256,4096,16384,0,5,20,False,2.9.0+cu128,12.8,dense_nvfp4,pass,0.162730,211.146211,
module_forward,m,256,256,4096,16384,0,5,20,False,2.9.0+cu128,12.8,sparse_bf16,pass,0.209978,163.635256,
module_forward,m,256,256,4096,16384,0,5,20,False,2.9.0+cu128,12.8,sparse_nvfp4,pass,0.146275,234.897909,
module_forward,m,256,256,4096,16384,0,5,20,False,2.9.0+cu128,12.8,marlin_nvfp4,pass,0.181434,189.379136,
module_forward,m,256,256,8192,1,0,5,20,False,2.9.0+cu128,12.8,dense_bf16,pass,0.021738,0.192952,
module_forward,m,256,256,8192,1,0,5,20,False,2.9.0+cu128,12.8,dense_nvfp4,skip,,,K%32!=0
module_forward,m,256,256,8192,1,0,5,20,False,2.9.0+cu128,12.8,sparse_bf16,skip,,,K%64!=0
module_forward,m,256,256,8192,1,0,5,20,False,2.9.0+cu128,12.8,sparse_nvfp4,skip,,,K%64!=0
module_forward,m,256,256,8192,1,0,5,20,False,2.9.0+cu128,12.8,marlin_nvfp4,skip,,,K%128!=0
module_forward,m,256,256,8192,2,0,5,20,False,2.9.0+cu128,12.8,dense_bf16,pass,0.022488,0.373026,
module_forward,m,256,256,8192,2,0,5,20,False,2.9.0+cu128,12.8,dense_nvfp4,skip,,,K%32!=0
module_forward,m,256,256,8192,2,0,5,20,False,2.9.0+cu128,12.8,sparse_bf16,skip,,,K%64!=0
module_forward,m,256,256,8192,2,0,5,20,False,2.9.0+cu128,12.8,sparse_nvfp4,skip,,,K%64!=0
module_forward,m,256,256,8192,2,0,5,20,False,2.9.0+cu128,12.8,marlin_nvfp4,skip,,,K%128!=0
module_forward,m,256,256,8192,4,0,5,20,False,2.9.0+cu128,12.8,dense_bf16,pass,0.022534,0.744516,
module_forward,m,256,256,8192,4,0,5,20,False,2.9.0+cu128,12.8,dense_nvfp4,skip,,,K%32!=0
module_forward,m,256,256,8192,4,0,5,20,False,2.9.0+cu128,12.8,sparse_bf16,skip,,,K%64!=0
module_forward,m,256,256,8192,4,0,5,20,False,2.9.0+cu128,12.8,sparse_nvfp4,skip,,,K%64!=0
module_forward,m,256,256,8192,4,0,5,20,False,2.9.0+cu128,12.8,marlin_nvfp4,skip,,,K%128!=0
module_forward,m,256,256,8192,8,0,5,20,False,2.9.0+cu128,12.8,dense_bf16,pass,0.022579,1.486077,
module_forward,m,256,256,8192,8,0,5,20,False,2.9.0+cu128,12.8,dense_nvfp4,skip,,,K%32!=0
module_forward,m,256,256,8192,8,0,5,20,False,2.9.0+cu128,12.8,sparse_bf16,skip,,,K%64!=0
module_forward,m,256,256,8192,8,0,5,20,False,2.9.0+cu128,12.8,sparse_nvfp4,skip,,,K%64!=0
module_forward,m,256,256,8192,8,0,5,20,False,2.9.0+cu128,12.8,marlin_nvfp4,skip,,,K%128!=0
module_forward,m,256,256,8192,16,0,5,20,False,2.9.0+cu128,12.8,dense_bf16,pass,0.023035,2.913318,
module_forward,m,256,256,8192,16,0,5,20,False,2.9.0+cu128,12.8,dense_nvfp4,skip,,,K%32!=0
module_forward,m,256,256,8192,16,0,5,20,False,2.9.0+cu128,12.8,sparse_bf16,skip,,,K%64!=0
module_forward,m,256,256,8192,16,0,5,20,False,2.9.0+cu128,12.8,sparse_nvfp4,skip,,,K%64!=0
module_forward,m,256,256,8192,16,0,5,20,False,2.9.0+cu128,12.8,marlin_nvfp4,skip,,,K%128!=0
module_forward,m,256,256,8192,32,0,5,20,False,2.9.0+cu128,12.8,dense_bf16,pass,0.022298,6.019380,
module_forward,m,256,256,8192,32,0,5,20,False,2.9.0+cu128,12.8,dense_nvfp4,error,,,module output contains NaN/Inf
module_forward,m,256,256,8192,32,0,5,20,False,2.9.0+cu128,12.8,sparse_bf16,skip,,,K%64!=0
module_forward,m,256,256,8192,32,0,5,20,False,2.9.0+cu128,12.8,sparse_nvfp4,skip,,,K%64!=0
module_forward,m,256,256,8192,32,0,5,20,False,2.9.0+cu128,12.8,marlin_nvfp4,skip,,,K%128!=0
module_forward,m,256,256,8192,64,0,5,20,False,2.9.0+cu128,12.8,dense_bf16,pass,0.022214,12.083849,
module_forward,m,256,256,8192,64,0,5,20,False,2.9.0+cu128,12.8,dense_nvfp4,pass,0.118574,2.263857,
module_forward,m,256,256,8192,64,0,5,20,False,2.9.0+cu128,12.8,sparse_bf16,pass,0.032920,8.154176,
module_forward,m,256,256,8192,64,0,5,20,False,2.9.0+cu128,12.8,sparse_nvfp4,pass,0.118394,2.267314,
module_forward,m,256,256,8192,64,0,5,20,False,2.9.0+cu128,12.8,marlin_nvfp4,skip,,,K%128!=0
module_forward,m,256,256,8192,128,0,5,20,False,2.9.0+cu128,12.8,dense_bf16,pass,0.022354,24.017201,
module_forward,m,256,256,8192,128,0,5,20,False,2.9.0+cu128,12.8,dense_nvfp4,pass,0.119469,4.493817,
module_forward,m,256,256,8192,128,0,5,20,False,2.9.0+cu128,12.8,sparse_bf16,pass,0.033454,16.047841,
module_forward,m,256,256,8192,128,0,5,20,False,2.9.0+cu128,12.8,sparse_nvfp4,pass,0.119018,4.510853,
module_forward,m,256,256,8192,128,0,5,20,False,2.9.0+cu128,12.8,marlin_nvfp4,pass,0.039094,13.732681,
module_forward,m,256,256,8192,256,0,5,20,False,2.9.0+cu128,12.8,dense_bf16,pass,0.024211,44.348972,
module_forward,m,256,256,8192,256,0,5,20,False,2.9.0+cu128,12.8,dense_nvfp4,pass,0.117680,9.124251,
module_forward,m,256,256,8192,256,0,5,20,False,2.9.0+cu128,12.8,sparse_bf16,pass,0.033419,32.129489,
module_forward,m,256,256,8192,256,0,5,20,False,2.9.0+cu128,12.8,sparse_nvfp4,pass,0.118032,9.097040,
module_forward,m,256,256,8192,256,0,5,20,False,2.9.0+cu128,12.8,marlin_nvfp4,pass,0.038370,27.984181,
module_forward,m,256,256,8192,512,0,5,20,False,2.9.0+cu128,12.8,dense_bf16,pass,0.030123,71.290024,
module_forward,m,256,256,8192,512,0,5,20,False,2.9.0+cu128,12.8,dense_nvfp4,pass,0.121907,17.615725,
module_forward,m,256,256,8192,512,0,5,20,False,2.9.0+cu128,12.8,sparse_bf16,pass,0.033480,64.142282,
module_forward,m,256,256,8192,512,0,5,20,False,2.9.0+cu128,12.8,sparse_nvfp4,pass,0.122933,17.468761,
module_forward,m,256,256,8192,512,0,5,20,False,2.9.0+cu128,12.8,marlin_nvfp4,pass,0.045568,47.127011,
module_forward,m,256,256,8192,1024,0,5,20,False,2.9.0+cu128,12.8,dense_bf16,pass,0.040605,105.774866,
module_forward,m,256,256,8192,1024,0,5,20,False,2.9.0+cu128,12.8,dense_nvfp4,pass,0.122242,35.135071,
module_forward,m,256,256,8192,1024,0,5,20,False,2.9.0+cu128,12.8,sparse_bf16,pass,0.038077,112.797485,
module_forward,m,256,256,8192,1024,0,5,20,False,2.9.0+cu128,12.8,sparse_nvfp4,pass,0.123589,34.752075,
module_forward,m,256,256,8192,1024,0,5,20,False,2.9.0+cu128,12.8,marlin_nvfp4,pass,0.054245,79.177494,
module_forward,m,256,256,8192,2048,0,5,20,False,2.9.0+cu128,12.8,dense_bf16,pass,0.063136,136.054462,
module_forward,m,256,256,8192,2048,0,5,20,False,2.9.0+cu128,12.8,dense_nvfp4,pass,0.120952,71.019368,
module_forward,m,256,256,8192,2048,0,5,20,False,2.9.0+cu128,12.8,sparse_bf16,pass,0.049318,174.173020,
module_forward,m,256,256,8192,2048,0,5,20,False,2.9.0+cu128,12.8,sparse_nvfp4,pass,0.121349,70.787141,
module_forward,m,256,256,8192,2048,0,5,20,False,2.9.0+cu128,12.8,marlin_nvfp4,pass,0.072957,117.740014,
module_forward,m,256,256,8192,4096,0,5,20,False,2.9.0+cu128,12.8,dense_bf16,pass,0.109421,157.007344,
module_forward,m,256,256,8192,4096,0,5,20,False,2.9.0+cu128,12.8,dense_nvfp4,pass,0.125538,136.850389,
module_forward,m,256,256,8192,4096,0,5,20,False,2.9.0+cu128,12.8,sparse_bf16,pass,0.072666,236.423687,
module_forward,m,256,256,8192,4096,0,5,20,False,2.9.0+cu128,12.8,sparse_nvfp4,pass,0.124323,138.187152,
module_forward,m,256,256,8192,4096,0,5,20,False,2.9.0+cu128,12.8,marlin_nvfp4,pass,0.107894,159.228554,
module_forward,m,256,256,8192,8192,0,5,20,False,2.9.0+cu128,12.8,dense_bf16,pass,0.210349,163.346492,
module_forward,m,256,256,8192,8192,0,5,20,False,2.9.0+cu128,12.8,dense_nvfp4,pass,0.139106,247.004711,
module_forward,m,256,256,8192,8192,0,5,20,False,2.9.0+cu128,12.8,sparse_bf16,pass,0.118922,288.927649,
module_forward,m,256,256,8192,8192,0,5,20,False,2.9.0+cu128,12.8,sparse_nvfp4,pass,0.132352,259.608756,
module_forward,m,256,256,8192,8192,0,5,20,False,2.9.0+cu128,12.8,marlin_nvfp4,pass,0.179864,191.031770,
module_forward,m,256,256,8192,16384,0,5,20,False,2.9.0+cu128,12.8,dense_bf16,pass,0.331288,207.431229,
module_forward,m,256,256,8192,16384,0,5,20,False,2.9.0+cu128,12.8,dense_nvfp4,pass,0.180789,380.109149,
module_forward,m,256,256,8192,16384,0,5,20,False,2.9.0+cu128,12.8,sparse_bf16,pass,0.213158,322.386902,
module_forward,m,256,256,8192,16384,0,5,20,False,2.9.0+cu128,12.8,sparse_nvfp4,pass,0.152776,449.805448,
module_forward,m,256,256,8192,16384,0,5,20,False,2.9.0+cu128,12.8,marlin_nvfp4,pass,0.323163,212.646356,
module_forward,m,256,256,16384,1,0,5,20,False,2.9.0+cu128,12.8,dense_bf16,pass,0.021891,0.383195,
module_forward,m,256,256,16384,1,0,5,20,False,2.9.0+cu128,12.8,dense_nvfp4,skip,,,K%32!=0
module_forward,m,256,256,16384,1,0,5,20,False,2.9.0+cu128,12.8,sparse_bf16,skip,,,K%64!=0
module_forward,m,256,256,16384,1,0,5,20,False,2.9.0+cu128,12.8,sparse_nvfp4,skip,,,K%64!=0
module_forward,m,256,256,16384,1,0,5,20,False,2.9.0+cu128,12.8,marlin_nvfp4,skip,,,K%128!=0
module_forward,m,256,256,16384,2,0,5,20,False,2.9.0+cu128,12.8,dense_bf16,pass,0.022698,0.739163,
module_forward,m,256,256,16384,2,0,5,20,False,2.9.0+cu128,12.8,dense_nvfp4,skip,,,K%32!=0
module_forward,m,256,256,16384,2,0,5,20,False,2.9.0+cu128,12.8,sparse_bf16,skip,,,K%64!=0
module_forward,m,256,256,16384,2,0,5,20,False,2.9.0+cu128,12.8,sparse_nvfp4,skip,,,K%64!=0
module_forward,m,256,256,16384,2,0,5,20,False,2.9.0+cu128,12.8,marlin_nvfp4,skip,,,K%128!=0
module_forward,m,256,256,16384,4,0,5,20,False,2.9.0+cu128,12.8,dense_bf16,pass,0.022670,1.480099,
module_forward,m,256,256,16384,4,0,5,20,False,2.9.0+cu128,12.8,dense_nvfp4,skip,,,K%32!=0
module_forward,m,256,256,16384,4,0,5,20,False,2.9.0+cu128,12.8,sparse_bf16,skip,,,K%64!=0
module_forward,m,256,256,16384,4,0,5,20,False,2.9.0+cu128,12.8,sparse_nvfp4,skip,,,K%64!=0
module_forward,m,256,256,16384,4,0,5,20,False,2.9.0+cu128,12.8,marlin_nvfp4,skip,,,K%128!=0
module_forward,m,256,256,16384,8,0,5,20,False,2.9.0+cu128,12.8,dense_bf16,pass,0.022328,3.005592,
module_forward,m,256,256,16384,8,0,5,20,False,2.9.0+cu128,12.8,dense_nvfp4,skip,,,K%32!=0
module_forward,m,256,256,16384,8,0,5,20,False,2.9.0+cu128,12.8,sparse_bf16,skip,,,K%64!=0
module_forward,m,256,256,16384,8,0,5,20,False,2.9.0+cu128,12.8,sparse_nvfp4,skip,,,K%64!=0
module_forward,m,256,256,16384,8,0,5,20,False,2.9.0+cu128,12.8,marlin_nvfp4,skip,,,K%128!=0
module_forward,m,256,256,16384,16,0,5,20,False,2.9.0+cu128,12.8,dense_bf16,pass,0.022269,6.027165,
module_forward,m,256,256,16384,16,0,5,20,False,2.9.0+cu128,12.8,dense_nvfp4,skip,,,K%32!=0
module_forward,m,256,256,16384,16,0,5,20,False,2.9.0+cu128,12.8,sparse_bf16,skip,,,K%64!=0
module_forward,m,256,256,16384,16,0,5,20,False,2.9.0+cu128,12.8,sparse_nvfp4,skip,,,K%64!=0
module_forward,m,256,256,16384,16,0,5,20,False,2.9.0+cu128,12.8,marlin_nvfp4,skip,,,K%128!=0
module_forward,m,256,256,16384,32,0,5,20,False,2.9.0+cu128,12.8,dense_bf16,pass,0.023102,11.619375,
module_forward,m,256,256,16384,32,0,5,20,False,2.9.0+cu128,12.8,dense_nvfp4,pass,0.116762,2.299005,
module_forward,m,256,256,16384,32,0,5,20,False,2.9.0+cu128,12.8,sparse_bf16,skip,,,K%64!=0
module_forward,m,256,256,16384,32,0,5,20,False,2.9.0+cu128,12.8,sparse_nvfp4,skip,,,K%64!=0
module_forward,m,256,256,16384,32,0,5,20,False,2.9.0+cu128,12.8,marlin_nvfp4,skip,,,K%128!=0
module_forward,m,256,256,16384,64,0,5,20,False,2.9.0+cu128,12.8,dense_bf16,pass,0.023000,23.342213,
module_forward,m,256,256,16384,64,0,5,20,False,2.9.0+cu128,12.8,dense_nvfp4,pass,0.117366,4.574315,
module_forward,m,256,256,16384,64,0,5,20,False,2.9.0+cu128,12.8,sparse_bf16,pass,0.032942,16.297262,
module_forward,m,256,256,16384,64,0,5,20,False,2.9.0+cu128,12.8,sparse_nvfp4,pass,0.118872,4.516378,
module_forward,m,256,256,16384,64,0,5,20,False,2.9.0+cu128,12.8,marlin_nvfp4,skip,,,K%128!=0
module_forward,m,256,256,16384,128,0,5,20,False,2.9.0+cu128,12.8,dense_bf16,pass,0.026166,41.035138,
module_forward,m,256,256,16384,128,0,5,20,False,2.9.0+cu128,12.8,dense_nvfp4,pass,0.117712,9.121770,
module_forward,m,256,256,16384,128,0,5,20,False,2.9.0+cu128,12.8,sparse_bf16,pass,0.033112,32.427574,
module_forward,m,256,256,16384,128,0,5,20,False,2.9.0+cu128,12.8,sparse_nvfp4,pass,0.118883,9.031905,
module_forward,m,256,256,16384,128,0,5,20,False,2.9.0+cu128,12.8,marlin_nvfp4,pass,0.040562,26.471880,
module_forward,m,256,256,16384,256,0,5,20,False,2.9.0+cu128,12.8,dense_bf16,pass,0.032117,66.864807,
module_forward,m,256,256,16384,256,0,5,20,False,2.9.0+cu128,12.8,dense_nvfp4,pass,0.116782,18.388761,
module_forward,m,256,256,16384,256,0,5,20,False,2.9.0+cu128,12.8,sparse_bf16,pass,0.035171,61.058015,
module_forward,m,256,256,16384,256,0,5,20,False,2.9.0+cu128,12.8,sparse_nvfp4,pass,0.118178,18.171664,
module_forward,m,256,256,16384,256,0,5,20,False,2.9.0+cu128,12.8,marlin_nvfp4,pass,0.047814,44.912906,
module_forward,m,256,256,16384,512,0,5,20,False,2.9.0+cu128,12.8,dense_bf16,pass,0.044248,97.065794,
module_forward,m,256,256,16384,512,0,5,20,False,2.9.0+cu128,12.8,dense_nvfp4,pass,0.120973,35.503578,
module_forward,m,256,256,16384,512,0,5,20,False,2.9.0+cu128,12.8,sparse_bf16,pass,0.041579,103.296054,
module_forward,m,256,256,16384,512,0,5,20,False,2.9.0+cu128,12.8,sparse_nvfp4,pass,0.122982,34.923430,
module_forward,m,256,256,16384,512,0,5,20,False,2.9.0+cu128,12.8,marlin_nvfp4,pass,0.057774,74.340319,
module_forward,m,256,256,16384,1024,0,5,20,False,2.9.0+cu128,12.8,dense_bf16,pass,0.065685,130.775074,
module_forward,m,256,256,16384,1024,0,5,20,False,2.9.0+cu128,12.8,dense_nvfp4,pass,0.123550,69.525752,
module_forward,m,256,256,16384,1024,0,5,20,False,2.9.0+cu128,12.8,sparse_bf16,pass,0.052464,163.730072,
module_forward,m,256,256,16384,1024,0,5,20,False,2.9.0+cu128,12.8,sparse_nvfp4,pass,0.124904,68.772295,
module_forward,m,256,256,16384,1024,0,5,20,False,2.9.0+cu128,12.8,marlin_nvfp4,pass,0.075576,113.659555,
module_forward,m,256,256,16384,2048,0,5,20,False,2.9.0+cu128,12.8,dense_bf16,pass,0.113006,152.025629,
module_forward,m,256,256,16384,2048,0,5,20,False,2.9.0+cu128,12.8,dense_nvfp4,pass,0.127718,134.513657,
module_forward,m,256,256,16384,2048,0,5,20,False,2.9.0+cu128,12.8,sparse_bf16,pass,0.076437,224.759135,
module_forward,m,256,256,16384,2048,0,5,20,False,2.9.0+cu128,12.8,sparse_nvfp4,pass,0.124344,138.164039,
module_forward,m,256,256,16384,2048,0,5,20,False,2.9.0+cu128,12.8,marlin_nvfp4,pass,0.111368,154.262169,
module_forward,m,256,256,16384,4096,0,5,20,False,2.9.0+cu128,12.8,dense_bf16,pass,0.206195,166.636946,
module_forward,m,256,256,16384,4096,0,5,20,False,2.9.0+cu128,12.8,dense_nvfp4,pass,0.143334,239.717321,
module_forward,m,256,256,16384,4096,0,5,20,False,2.9.0+cu128,12.8,sparse_bf16,pass,0.122872,279.638472,
module_forward,m,256,256,16384,4096,0,5,20,False,2.9.0+cu128,12.8,sparse_nvfp4,pass,0.136230,252.217848,
module_forward,m,256,256,16384,4096,0,5,20,False,2.9.0+cu128,12.8,marlin_nvfp4,pass,0.182710,188.055734,
module_forward,m,256,256,16384,8192,0,5,20,False,2.9.0+cu128,12.8,dense_bf16,pass,0.383933,178.988292,
module_forward,m,256,256,16384,8192,0,5,20,False,2.9.0+cu128,12.8,dense_nvfp4,pass,0.174661,393.445336,
module_forward,m,256,256,16384,8192,0,5,20,False,2.9.0+cu128,12.8,sparse_bf16,pass,0.229715,299.150762,
module_forward,m,256,256,16384,8192,0,5,20,False,2.9.0+cu128,12.8,sparse_nvfp4,pass,0.160547,428.032852,
module_forward,m,256,256,16384,8192,0,5,20,False,2.9.0+cu128,12.8,marlin_nvfp4,pass,0.324893,211.514308,
module_forward,m,256,256,16384,16384,0,5,20,False,2.9.0+cu128,12.8,dense_bf16,pass,0.760747,180.663109,
module_forward,m,256,256,16384,16384,0,5,20,False,2.9.0+cu128,12.8,dense_nvfp4,pass,0.253322,542.547313,
module_forward,m,256,256,16384,16384,0,5,20,False,2.9.0+cu128,12.8,sparse_bf16,pass,0.428227,320.948677,
module_forward,m,256,256,16384,16384,0,5,20,False,2.9.0+cu128,12.8,sparse_nvfp4,pass,0.212243,647.554098,
module_forward,m,256,256,16384,16384,0,5,20,False,2.9.0+cu128,12.8,marlin_nvfp4,pass,0.614000,223.841942,
module_forward,m,4096,4096,1,1,0,5,20,False,2.9.0+cu128,12.8,dense_bf16,pass,0.021766,0.000376,
module_forward,m,4096,4096,1,1,0,5,20,False,2.9.0+cu128,12.8,dense_nvfp4,skip,,,"K%32!=0,N%32!=0"
module_forward,m,4096,4096,1,1,0,5,20,False,2.9.0+cu128,12.8,sparse_bf16,skip,,,"N%8!=0,K%64!=0"
module_forward,m,4096,4096,1,1,0,5,20,False,2.9.0+cu128,12.8,sparse_nvfp4,skip,,,K%64!=0
module_forward,m,4096,4096,1,1,0,5,20,False,2.9.0+cu128,12.8,marlin_nvfp4,skip,,,"K%128!=0,N%64!=0"
module_forward,m,4096,4096,1,2,0,5,20,False,2.9.0+cu128,12.8,dense_bf16,pass,0.021760,0.000753,
module_forward,m,4096,4096,1,2,0,5,20,False,2.9.0+cu128,12.8,dense_nvfp4,skip,,,"K%32!=0,N%32!=0"
module_forward,m,4096,4096,1,2,0,5,20,False,2.9.0+cu128,12.8,sparse_bf16,skip,,,"N%8!=0,K%64!=0"
module_forward,m,4096,4096,1,2,0,5,20,False,2.9.0+cu128,12.8,sparse_nvfp4,skip,,,K%64!=0
module_forward,m,4096,4096,1,2,0,5,20,False,2.9.0+cu128,12.8,marlin_nvfp4,skip,,,"K%128!=0,N%64!=0"
module_forward,m,4096,4096,1,4,0,5,20,False,2.9.0+cu128,12.8,dense_bf16,pass,0.021821,0.001502,
module_forward,m,4096,4096,1,4,0,5,20,False,2.9.0+cu128,12.8,dense_nvfp4,skip,,,"K%32!=0,N%32!=0"
module_forward,m,4096,4096,1,4,0,5,20,False,2.9.0+cu128,12.8,sparse_bf16,skip,,,"N%8!=0,K%64!=0"
module_forward,m,4096,4096,1,4,0,5,20,False,2.9.0+cu128,12.8,sparse_nvfp4,skip,,,K%64!=0
module_forward,m,4096,4096,1,4,0,5,20,False,2.9.0+cu128,12.8,marlin_nvfp4,skip,,,"K%128!=0,N%64!=0"
module_forward,m,4096,4096,1,8,0,5,20,False,2.9.0+cu128,12.8,dense_bf16,pass,0.021589,0.003036,
module_forward,m,4096,4096,1,8,0,5,20,False,2.9.0+cu128,12.8,dense_nvfp4,skip,,,"K%32!=0,N%32!=0"
module_forward,m,4096,4096,1,8,0,5,20,False,2.9.0+cu128,12.8,sparse_bf16,skip,,,"N%8!=0,K%64!=0"
module_forward,m,4096,4096,1,8,0,5,20,False,2.9.0+cu128,12.8,sparse_nvfp4,skip,,,K%64!=0
module_forward,m,4096,4096,1,8,0,5,20,False,2.9.0+cu128,12.8,marlin_nvfp4,skip,,,"K%128!=0,N%64!=0"
module_forward,m,4096,4096,1,16,0,5,20,False,2.9.0+cu128,12.8,dense_bf16,pass,0.021677,0.006047,
module_forward,m,4096,4096,1,16,0,5,20,False,2.9.0+cu128,12.8,dense_nvfp4,skip,,,"K%32!=0,N%32!=0"
module_forward,m,4096,4096,1,16,0,5,20,False,2.9.0+cu128,12.8,sparse_bf16,skip,,,"N%8!=0,K%64!=0"
module_forward,m,4096,4096,1,16,0,5,20,False,2.9.0+cu128,12.8,sparse_nvfp4,skip,,,K%64!=0
module_forward,m,4096,4096,1,16,0,5,20,False,2.9.0+cu128,12.8,marlin_nvfp4,skip,,,"K%128!=0,N%64!=0"
module_forward,m,4096,4096,1,32,0,5,20,False,2.9.0+cu128,12.8,dense_bf16,pass,0.021744,0.012056,
module_forward,m,4096,4096,1,32,0,5,20,False,2.9.0+cu128,12.8,dense_nvfp4,skip,,,N%32!=0
module_forward,m,4096,4096,1,32,0,5,20,False,2.9.0+cu128,12.8,sparse_bf16,skip,,,"N%8!=0,K%64!=0"
module_forward,m,4096,4096,1,32,0,5,20,False,2.9.0+cu128,12.8,sparse_nvfp4,skip,,,K%64!=0
module_forward,m,4096,4096,1,32,0,5,20,False,2.9.0+cu128,12.8,marlin_nvfp4,skip,,,"K%128!=0,N%64!=0"
module_forward,m,4096,4096,1,64,0,5,20,False,2.9.0+cu128,12.8,dense_bf16,pass,0.021770,0.024083,
module_forward,m,4096,4096,1,64,0,5,20,False,2.9.0+cu128,12.8,dense_nvfp4,skip,,,N%32!=0
module_forward,m,4096,4096,1,64,0,5,20,False,2.9.0+cu128,12.8,sparse_bf16,skip,,,N%8!=0
module_forward,m,4096,4096,1,64,0,5,20,False,2.9.0+cu128,12.8,sparse_nvfp4,skip,,,sparse_nvfp4 unsupported shape
module_forward,m,4096,4096,1,64,0,5,20,False,2.9.0+cu128,12.8,marlin_nvfp4,skip,,,"K%128!=0,N%64!=0"
module_forward,m,4096,4096,1,128,0,5,20,False,2.9.0+cu128,12.8,dense_bf16,pass,0.021458,0.048867,
module_forward,m,4096,4096,1,128,0,5,20,False,2.9.0+cu128,12.8,dense_nvfp4,skip,,,N%32!=0
module_forward,m,4096,4096,1,128,0,5,20,False,2.9.0+cu128,12.8,sparse_bf16,skip,,,N%8!=0
module_forward,m,4096,4096,1,128,0,5,20,False,2.9.0+cu128,12.8,sparse_nvfp4,skip,,,sparse_nvfp4 unsupported shape
module_forward,m,4096,4096,1,128,0,5,20,False,2.9.0+cu128,12.8,marlin_nvfp4,skip,,,N%64!=0
module_forward,m,4096,4096,1,256,0,5,20,False,2.9.0+cu128,12.8,dense_bf16,pass,0.021563,0.097256,
module_forward,m,4096,4096,1,256,0,5,20,False,2.9.0+cu128,12.8,dense_nvfp4,skip,,,N%32!=0
module_forward,m,4096,4096,1,256,0,5,20,False,2.9.0+cu128,12.8,sparse_bf16,skip,,,N%8!=0
module_forward,m,4096,4096,1,256,0,5,20,False,2.9.0+cu128,12.8,sparse_nvfp4,skip,,,sparse_nvfp4 unsupported shape
module_forward,m,4096,4096,1,256,0,5,20,False,2.9.0+cu128,12.8,marlin_nvfp4,skip,,,N%64!=0
module_forward,m,4096,4096,1,512,0,5,20,False,2.9.0+cu128,12.8,dense_bf16,pass,0.022114,0.189671,
module_forward,m,4096,4096,1,512,0,5,20,False,2.9.0+cu128,12.8,dense_nvfp4,skip,,,N%32!=0
module_forward,m,4096,4096,1,512,0,5,20,False,2.9.0+cu128,12.8,sparse_bf16,skip,,,N%8!=0
module_forward,m,4096,4096,1,512,0,5,20,False,2.9.0+cu128,12.8,sparse_nvfp4,skip,,,sparse_nvfp4 unsupported shape
module_forward,m,4096,4096,1,512,0,5,20,False,2.9.0+cu128,12.8,marlin_nvfp4,skip,,,N%64!=0
module_forward,m,4096,4096,1,1024,0,5,20,False,2.9.0+cu128,12.8,dense_bf16,pass,0.021782,0.385109,
module_forward,m,4096,4096,1,1024,0,5,20,False,2.9.0+cu128,12.8,dense_nvfp4,skip,,,N%32!=0
module_forward,m,4096,4096,1,1024,0,5,20,False,2.9.0+cu128,12.8,sparse_bf16,skip,,,N%8!=0
module_forward,m,4096,4096,1,1024,0,5,20,False,2.9.0+cu128,12.8,sparse_nvfp4,skip,,,sparse_nvfp4 unsupported shape
module_forward,m,4096,4096,1,1024,0,5,20,False,2.9.0+cu128,12.8,marlin_nvfp4,skip,,,N%64!=0
module_forward,m,4096,4096,1,2048,0,5,20,False,2.9.0+cu128,12.8,dense_bf16,pass,0.022355,0.750484,
module_forward,m,4096,4096,1,2048,0,5,20,False,2.9.0+cu128,12.8,dense_nvfp4,skip,,,N%32!=0
module_forward,m,4096,4096,1,2048,0,5,20,False,2.9.0+cu128,12.8,sparse_bf16,skip,,,N%8!=0
module_forward,m,4096,4096,1,2048,0,5,20,False,2.9.0+cu128,12.8,sparse_nvfp4,skip,,,sparse_nvfp4 unsupported shape
module_forward,m,4096,4096,1,2048,0,5,20,False,2.9.0+cu128,12.8,marlin_nvfp4,skip,,,N%64!=0
module_forward,m,4096,4096,1,4096,0,5,20,False,2.9.0+cu128,12.8,dense_bf16,pass,0.028000,1.198373,
module_forward,m,4096,4096,1,4096,0,5,20,False,2.9.0+cu128,12.8,dense_nvfp4,skip,,,N%32!=0
module_forward,m,4096,4096,1,4096,0,5,20,False,2.9.0+cu128,12.8,sparse_bf16,skip,,,N%8!=0
module_forward,m,4096,4096,1,4096,0,5,20,False,2.9.0+cu128,12.8,sparse_nvfp4,skip,,,sparse_nvfp4 unsupported shape
module_forward,m,4096,4096,1,4096,0,5,20,False,2.9.0+cu128,12.8,marlin_nvfp4,skip,,,N%64!=0
module_forward,m,4096,4096,1,8192,0,5,20,False,2.9.0+cu128,12.8,dense_bf16,pass,0.033240,2.018919,
module_forward,m,4096,4096,1,8192,0,5,20,False,2.9.0+cu128,12.8,dense_nvfp4,skip,,,N%32!=0
module_forward,m,4096,4096,1,8192,0,5,20,False,2.9.0+cu128,12.8,sparse_bf16,skip,,,N%8!=0
module_forward,m,4096,4096,1,8192,0,5,20,False,2.9.0+cu128,12.8,sparse_nvfp4,skip,,,sparse_nvfp4 unsupported shape
module_forward,m,4096,4096,1,8192,0,5,20,False,2.9.0+cu128,12.8,marlin_nvfp4,skip,,,N%64!=0
module_forward,m,4096,4096,1,16384,0,5,20,False,2.9.0+cu128,12.8,dense_bf16,pass,0.100349,1.337512,
module_forward,m,4096,4096,1,16384,0,5,20,False,2.9.0+cu128,12.8,dense_nvfp4,skip,,,N%32!=0
module_forward,m,4096,4096,1,16384,0,5,20,False,2.9.0+cu128,12.8,sparse_bf16,skip,,,N%8!=0
module_forward,m,4096,4096,1,16384,0,5,20,False,2.9.0+cu128,12.8,sparse_nvfp4,skip,,,sparse_nvfp4 unsupported shape
module_forward,m,4096,4096,1,16384,0,5,20,False,2.9.0+cu128,12.8,marlin_nvfp4,skip,,,N%64!=0
module_forward,m,4096,4096,2,1,0,5,20,False,2.9.0+cu128,12.8,dense_bf16,pass,0.021411,0.000765,
module_forward,m,4096,4096,2,1,0,5,20,False,2.9.0+cu128,12.8,dense_nvfp4,skip,,,"K%32!=0,N%32!=0"
module_forward,m,4096,4096,2,1,0,5,20,False,2.9.0+cu128,12.8,sparse_bf16,skip,,,"N%8!=0,K%64!=0"
module_forward,m,4096,4096,2,1,0,5,20,False,2.9.0+cu128,12.8,sparse_nvfp4,skip,,,K%64!=0
module_forward,m,4096,4096,2,1,0,5,20,False,2.9.0+cu128,12.8,marlin_nvfp4,skip,,,"K%128!=0,N%64!=0"
module_forward,m,4096,4096,2,2,0,5,20,False,2.9.0+cu128,12.8,dense_bf16,pass,0.022280,0.001471,
module_forward,m,4096,4096,2,2,0,5,20,False,2.9.0+cu128,12.8,dense_nvfp4,skip,,,"K%32!=0,N%32!=0"
module_forward,m,4096,4096,2,2,0,5,20,False,2.9.0+cu128,12.8,sparse_bf16,skip,,,"N%8!=0,K%64!=0"
module_forward,m,4096,4096,2,2,0,5,20,False,2.9.0+cu128,12.8,sparse_nvfp4,skip,,,K%64!=0
module_forward,m,4096,4096,2,2,0,5,20,False,2.9.0+cu128,12.8,marlin_nvfp4,skip,,,"K%128!=0,N%64!=0"
module_forward,m,4096,4096,2,4,0,5,20,False,2.9.0+cu128,12.8,dense_bf16,pass,0.022290,0.002940,
module_forward,m,4096,4096,2,4,0,5,20,False,2.9.0+cu128,12.8,dense_nvfp4,skip,,,"K%32!=0,N%32!=0"
module_forward,m,4096,4096,2,4,0,5,20,False,2.9.0+cu128,12.8,sparse_bf16,skip,,,"N%8!=0,K%64!=0"
module_forward,m,4096,4096,2,4,0,5,20,False,2.9.0+cu128,12.8,sparse_nvfp4,skip,,,K%64!=0
module_forward,m,4096,4096,2,4,0,5,20,False,2.9.0+cu128,12.8,marlin_nvfp4,skip,,,"K%128!=0,N%64!=0"
module_forward,m,4096,4096,2,8,0,5,20,False,2.9.0+cu128,12.8,dense_bf16,pass,0.022379,0.005857,
module_forward,m,4096,4096,2,8,0,5,20,False,2.9.0+cu128,12.8,dense_nvfp4,skip,,,"K%32!=0,N%32!=0"
module_forward,m,4096,4096,2,8,0,5,20,False,2.9.0+cu128,12.8,sparse_bf16,skip,,,"N%8!=0,K%64!=0"
module_forward,m,4096,4096,2,8,0,5,20,False,2.9.0+cu128,12.8,sparse_nvfp4,skip,,,K%64!=0
module_forward,m,4096,4096,2,8,0,5,20,False,2.9.0+cu128,12.8,marlin_nvfp4,skip,,,"K%128!=0,N%64!=0"
module_forward,m,4096,4096,2,16,0,5,20,False,2.9.0+cu128,12.8,dense_bf16,pass,0.022274,0.011769,
module_forward,m,4096,4096,2,16,0,5,20,False,2.9.0+cu128,12.8,dense_nvfp4,skip,,,"K%32!=0,N%32!=0"
module_forward,m,4096,4096,2,16,0,5,20,False,2.9.0+cu128,12.8,sparse_bf16,skip,,,"N%8!=0,K%64!=0"
module_forward,m,4096,4096,2,16,0,5,20,False,2.9.0+cu128,12.8,sparse_nvfp4,skip,,,K%64!=0
module_forward,m,4096,4096,2,16,0,5,20,False,2.9.0+cu128,12.8,marlin_nvfp4,skip,,,"K%128!=0,N%64!=0"
module_forward,m,4096,4096,2,32,0,5,20,False,2.9.0+cu128,12.8,dense_bf16,pass,0.022475,0.023327,
module_forward,m,4096,4096,2,32,0,5,20,False,2.9.0+cu128,12.8,dense_nvfp4,skip,,,N%32!=0
module_forward,m,4096,4096,2,32,0,5,20,False,2.9.0+cu128,12.8,sparse_bf16,skip,,,"N%8!=0,K%64!=0"
module_forward,m,4096,4096,2,32,0,5,20,False,2.9.0+cu128,12.8,sparse_nvfp4,skip,,,K%64!=0
module_forward,m,4096,4096,2,32,0,5,20,False,2.9.0+cu128,12.8,marlin_nvfp4,skip,,,"K%128!=0,N%64!=0"
module_forward,m,4096,4096,2,64,0,5,20,False,2.9.0+cu128,12.8,dense_bf16,pass,0.022291,0.047040,
module_forward,m,4096,4096,2,64,0,5,20,False,2.9.0+cu128,12.8,dense_nvfp4,skip,,,N%32!=0
module_forward,m,4096,4096,2,64,0,5,20,False,2.9.0+cu128,12.8,sparse_bf16,skip,,,N%8!=0
module_forward,m,4096,4096,2,64,0,5,20,False,2.9.0+cu128,12.8,sparse_nvfp4,skip,,,sparse_nvfp4 unsupported shape
module_forward,m,4096,4096,2,64,0,5,20,False,2.9.0+cu128,12.8,marlin_nvfp4,skip,,,"K%128!=0,N%64!=0"
module_forward,m,4096,4096,2,128,0,5,20,False,2.9.0+cu128,12.8,dense_bf16,pass,0.022314,0.093985,
module_forward,m,4096,4096,2,128,0,5,20,False,2.9.0+cu128,12.8,dense_nvfp4,skip,,,N%32!=0
module_forward,m,4096,4096,2,128,0,5,20,False,2.9.0+cu128,12.8,sparse_bf16,skip,,,N%8!=0
module_forward,m,4096,4096,2,128,0,5,20,False,2.9.0+cu128,12.8,sparse_nvfp4,skip,,,sparse_nvfp4 unsupported shape
module_forward,m,4096,4096,2,128,0,5,20,False,2.9.0+cu128,12.8,marlin_nvfp4,skip,,,N%64!=0
module_forward,m,4096,4096,2,256,0,5,20,False,2.9.0+cu128,12.8,dense_bf16,pass,0.022254,0.188471,
module_forward,m,4096,4096,2,256,0,5,20,False,2.9.0+cu128,12.8,dense_nvfp4,skip,,,N%32!=0
module_forward,m,4096,4096,2,256,0,5,20,False,2.9.0+cu128,12.8,sparse_bf16,skip,,,N%8!=0
module_forward,m,4096,4096,2,256,0,5,20,False,2.9.0+cu128,12.8,sparse_nvfp4,skip,,,sparse_nvfp4 unsupported shape
module_forward,m,4096,4096,2,256,0,5,20,False,2.9.0+cu128,12.8,marlin_nvfp4,skip,,,N%64!=0
module_forward,m,4096,4096,2,512,0,5,20,False,2.9.0+cu128,12.8,dense_bf16,pass,0.022688,0.369738,
module_forward,m,4096,4096,2,512,0,5,20,False,2.9.0+cu128,12.8,dense_nvfp4,skip,,,N%32!=0
module_forward,m,4096,4096,2,512,0,5,20,False,2.9.0+cu128,12.8,sparse_bf16,skip,,,N%8!=0
module_forward,m,4096,4096,2,512,0,5,20,False,2.9.0+cu128,12.8,sparse_nvfp4,skip,,,sparse_nvfp4 unsupported shape
module_forward,m,4096,4096,2,512,0,5,20,False,2.9.0+cu128,12.8,marlin_nvfp4,skip,,,N%64!=0
module_forward,m,4096,4096,2,1024,0,5,20,False,2.9.0+cu128,12.8,dense_bf16,pass,0.022280,0.753017,
module_forward,m,4096,4096,2,1024,0,5,20,False,2.9.0+cu128,12.8,dense_nvfp4,skip,,,N%32!=0
module_forward,m,4096,4096,2,1024,0,5,20,False,2.9.0+cu128,12.8,sparse_bf16,skip,,,N%8!=0
module_forward,m,4096,4096,2,1024,0,5,20,False,2.9.0+cu128,12.8,sparse_nvfp4,skip,,,sparse_nvfp4 unsupported shape
module_forward,m,4096,4096,2,1024,0,5,20,False,2.9.0+cu128,12.8,marlin_nvfp4,skip,,,N%64!=0
module_forward,m,4096,4096,2,2048,0,5,20,False,2.9.0+cu128,12.8,dense_bf16,pass,0.023550,1.424792,
module_forward,m,4096,4096,2,2048,0,5,20,False,2.9.0+cu128,12.8,dense_nvfp4,skip,,,N%32!=0
module_forward,m,4096,4096,2,2048,0,5,20,False,2.9.0+cu128,12.8,sparse_bf16,skip,,,N%8!=0
module_forward,m,4096,4096,2,2048,0,5,20,False,2.9.0+cu128,12.8,sparse_nvfp4,skip,,,sparse_nvfp4 unsupported shape
module_forward,m,4096,4096,2,2048,0,5,20,False,2.9.0+cu128,12.8,marlin_nvfp4,skip,,,N%64!=0
module_forward,m,4096,4096,2,4096,0,5,20,False,2.9.0+cu128,12.8,dense_bf16,pass,0.030277,2.216511,
module_forward,m,4096,4096,2,4096,0,5,20,False,2.9.0+cu128,12.8,dense_nvfp4,skip,,,N%32!=0
module_forward,m,4096,4096,2,4096,0,5,20,False,2.9.0+cu128,12.8,sparse_bf16,skip,,,N%8!=0
module_forward,m,4096,4096,2,4096,0,5,20,False,2.9.0+cu128,12.8,sparse_nvfp4,skip,,,sparse_nvfp4 unsupported shape
module_forward,m,4096,4096,2,4096,0,5,20,False,2.9.0+cu128,12.8,marlin_nvfp4,skip,,,N%64!=0
module_forward,m,4096,4096,2,8192,0,5,20,False,2.9.0+cu128,12.8,dense_bf16,pass,0.044173,3.038470,
module_forward,m,4096,4096,2,8192,0,5,20,False,2.9.0+cu128,12.8,dense_nvfp4,skip,,,N%32!=0
module_forward,m,4096,4096,2,8192,0,5,20,False,2.9.0+cu128,12.8,sparse_bf16,skip,,,N%8!=0
module_forward,m,4096,4096,2,8192,0,5,20,False,2.9.0+cu128,12.8,sparse_nvfp4,skip,,,sparse_nvfp4 unsupported shape
module_forward,m,4096,4096,2,8192,0,5,20,False,2.9.0+cu128,12.8,marlin_nvfp4,skip,,,N%64!=0
module_forward,m,4096,4096,2,16384,0,5,20,False,2.9.0+cu128,12.8,dense_bf16,pass,0.099150,2.707356,
module_forward,m,4096,4096,2,16384,0,5,20,False,2.9.0+cu128,12.8,dense_nvfp4,skip,,,N%32!=0
module_forward,m,4096,4096,2,16384,0,5,20,False,2.9.0+cu128,12.8,sparse_bf16,skip,,,N%8!=0
module_forward,m,4096,4096,2,16384,0,5,20,False,2.9.0+cu128,12.8,sparse_nvfp4,skip,,,sparse_nvfp4 unsupported shape
module_forward,m,4096,4096,2,16384,0,5,20,False,2.9.0+cu128,12.8,marlin_nvfp4,skip,,,N%64!=0
module_forward,m,4096,4096,4,1,0,5,20,False,2.9.0+cu128,12.8,dense_bf16,pass,0.021542,0.001521,
module_forward,m,4096,4096,4,1,0,5,20,False,2.9.0+cu128,12.8,dense_nvfp4,skip,,,"K%32!=0,N%32!=0"
module_forward,m,4096,4096,4,1,0,5,20,False,2.9.0+cu128,12.8,sparse_bf16,skip,,,"N%8!=0,K%64!=0"
module_forward,m,4096,4096,4,1,0,5,20,False,2.9.0+cu128,12.8,sparse_nvfp4,skip,,,K%64!=0
module_forward,m,4096,4096,4,1,0,5,20,False,2.9.0+cu128,12.8,marlin_nvfp4,skip,,,"K%128!=0,N%64!=0"
module_forward,m,4096,4096,4,2,0,5,20,False,2.9.0+cu128,12.8,dense_bf16,pass,0.022304,0.002938,
module_forward,m,4096,4096,4,2,0,5,20,False,2.9.0+cu128,12.8,dense_nvfp4,skip,,,"K%32!=0,N%32!=0"
module_forward,m,4096,4096,4,2,0,5,20,False,2.9.0+cu128,12.8,sparse_bf16,skip,,,"N%8!=0,K%64!=0"
module_forward,m,4096,4096,4,2,0,5,20,False,2.9.0+cu128,12.8,sparse_nvfp4,skip,,,K%64!=0
module_forward,m,4096,4096,4,2,0,5,20,False,2.9.0+cu128,12.8,marlin_nvfp4,skip,,,"K%128!=0,N%64!=0"
module_forward,m,4096,4096,4,4,0,5,20,False,2.9.0+cu128,12.8,dense_bf16,pass,0.022454,0.005837,
module_forward,m,4096,4096,4,4,0,5,20,False,2.9.0+cu128,12.8,dense_nvfp4,skip,,,"K%32!=0,N%32!=0"
module_forward,m,4096,4096,4,4,0,5,20,False,2.9.0+cu128,12.8,sparse_bf16,skip,,,"N%8!=0,K%64!=0"
module_forward,m,4096,4096,4,4,0,5,20,False,2.9.0+cu128,12.8,sparse_nvfp4,skip,,,K%64!=0
module_forward,m,4096,4096,4,4,0,5,20,False,2.9.0+cu128,12.8,marlin_nvfp4,skip,,,"K%128!=0,N%64!=0"
module_forward,m,4096,4096,4,8,0,5,20,False,2.9.0+cu128,12.8,dense_bf16,pass,0.022422,0.011691,
module_forward,m,4096,4096,4,8,0,5,20,False,2.9.0+cu128,12.8,dense_nvfp4,skip,,,"K%32!=0,N%32!=0"
module_forward,m,4096,4096,4,8,0,5,20,False,2.9.0+cu128,12.8,sparse_bf16,skip,,,"N%8!=0,K%64!=0"
module_forward,m,4096,4096,4,8,0,5,20,False,2.9.0+cu128,12.8,sparse_nvfp4,skip,,,K%64!=0
module_forward,m,4096,4096,4,8,0,5,20,False,2.9.0+cu128,12.8,marlin_nvfp4,skip,,,"K%128!=0,N%64!=0"
module_forward,m,4096,4096,4,16,0,5,20,False,2.9.0+cu128,12.8,dense_bf16,pass,0.022643,0.023154,
module_forward,m,4096,4096,4,16,0,5,20,False,2.9.0+cu128,12.8,dense_nvfp4,skip,,,"K%32!=0,N%32!=0"
module_forward,m,4096,4096,4,16,0,5,20,False,2.9.0+cu128,12.8,sparse_bf16,skip,,,"N%8!=0,K%64!=0"
module_forward,m,4096,4096,4,16,0,5,20,False,2.9.0+cu128,12.8,sparse_nvfp4,skip,,,K%64!=0
module_forward,m,4096,4096,4,16,0,5,20,False,2.9.0+cu128,12.8,marlin_nvfp4,skip,,,"K%128!=0,N%64!=0"
module_forward,m,4096,4096,4,32,0,5,20,False,2.9.0+cu128,12.8,dense_bf16,pass,0.022427,0.046755,
module_forward,m,4096,4096,4,32,0,5,20,False,2.9.0+cu128,12.8,dense_nvfp4,skip,,,N%32!=0
module_forward,m,4096,4096,4,32,0,5,20,False,2.9.0+cu128,12.8,sparse_bf16,skip,,,"N%8!=0,K%64!=0"
module_forward,m,4096,4096,4,32,0,5,20,False,2.9.0+cu128,12.8,sparse_nvfp4,skip,,,K%64!=0
module_forward,m,4096,4096,4,32,0,5,20,False,2.9.0+cu128,12.8,marlin_nvfp4,skip,,,"K%128!=0,N%64!=0"
module_forward,m,4096,4096,4,64,0,5,20,False,2.9.0+cu128,12.8,dense_bf16,pass,0.022301,0.094039,
module_forward,m,4096,4096,4,64,0,5,20,False,2.9.0+cu128,12.8,dense_nvfp4,skip,,,N%32!=0
module_forward,m,4096,4096,4,64,0,5,20,False,2.9.0+cu128,12.8,sparse_bf16,skip,,,N%8!=0
module_forward,m,4096,4096,4,64,0,5,20,False,2.9.0+cu128,12.8,sparse_nvfp4,skip,,,sparse_nvfp4 unsupported shape
module_forward,m,4096,4096,4,64,0,5,20,False,2.9.0+cu128,12.8,marlin_nvfp4,skip,,,"K%128!=0,N%64!=0"
module_forward,m,4096,4096,4,128,0,5,20,False,2.9.0+cu128,12.8,dense_bf16,pass,0.022690,0.184856,
module_forward,m,4096,4096,4,128,0,5,20,False,2.9.0+cu128,12.8,dense_nvfp4,skip,,,N%32!=0
module_forward,m,4096,4096,4,128,0,5,20,False,2.9.0+cu128,12.8,sparse_bf16,skip,,,N%8!=0
module_forward,m,4096,4096,4,128,0,5,20,False,2.9.0+cu128,12.8,sparse_nvfp4,skip,,,sparse_nvfp4 unsupported shape
module_forward,m,4096,4096,4,128,0,5,20,False,2.9.0+cu128,12.8,marlin_nvfp4,skip,,,N%64!=0
module_forward,m,4096,4096,4,256,0,5,20,False,2.9.0+cu128,12.8,dense_bf16,pass,0.022370,0.375000,
module_forward,m,4096,4096,4,256,0,5,20,False,2.9.0+cu128,12.8,dense_nvfp4,skip,,,N%32!=0
module_forward,m,4096,4096,4,256,0,5,20,False,2.9.0+cu128,12.8,sparse_bf16,skip,,,N%8!=0
module_forward,m,4096,4096,4,256,0,5,20,False,2.9.0+cu128,12.8,sparse_nvfp4,skip,,,sparse_nvfp4 unsupported shape
module_forward,m,4096,4096,4,256,0,5,20,False,2.9.0+cu128,12.8,marlin_nvfp4,skip,,,N%64!=0
module_forward,m,4096,4096,4,512,0,5,20,False,2.9.0+cu128,12.8,dense_bf16,pass,0.022688,0.739475,
module_forward,m,4096,4096,4,512,0,5,20,False,2.9.0+cu128,12.8,dense_nvfp4,skip,,,N%32!=0
module_forward,m,4096,4096,4,512,0,5,20,False,2.9.0+cu128,12.8,sparse_bf16,skip,,,N%8!=0
module_forward,m,4096,4096,4,512,0,5,20,False,2.9.0+cu128,12.8,sparse_nvfp4,skip,,,sparse_nvfp4 unsupported shape
module_forward,m,4096,4096,4,512,0,5,20,False,2.9.0+cu128,12.8,marlin_nvfp4,skip,,,N%64!=0
module_forward,m,4096,4096,4,1024,0,5,20,False,2.9.0+cu128,12.8,dense_bf16,pass,0.022386,1.498929,
module_forward,m,4096,4096,4,1024,0,5,20,False,2.9.0+cu128,12.8,dense_nvfp4,skip,,,N%32!=0
module_forward,m,4096,4096,4,1024,0,5,20,False,2.9.0+cu128,12.8,sparse_bf16,skip,,,N%8!=0
module_forward,m,4096,4096,4,1024,0,5,20,False,2.9.0+cu128,12.8,sparse_nvfp4,skip,,,sparse_nvfp4 unsupported shape
module_forward,m,4096,4096,4,1024,0,5,20,False,2.9.0+cu128,12.8,marlin_nvfp4,skip,,,N%64!=0
module_forward,m,4096,4096,4,2048,0,5,20,False,2.9.0+cu128,12.8,dense_bf16,pass,0.023960,2.800871,
module_forward,m,4096,4096,4,2048,0,5,20,False,2.9.0+cu128,12.8,dense_nvfp4,skip,,,N%32!=0
module_forward,m,4096,4096,4,2048,0,5,20,False,2.9.0+cu128,12.8,sparse_bf16,skip,,,N%8!=0
module_forward,m,4096,4096,4,2048,0,5,20,False,2.9.0+cu128,12.8,sparse_nvfp4,skip,,,sparse_nvfp4 unsupported shape
module_forward,m,4096,4096,4,2048,0,5,20,False,2.9.0+cu128,12.8,marlin_nvfp4,skip,,,N%64!=0
module_forward,m,4096,4096,4,4096,0,5,20,False,2.9.0+cu128,12.8,dense_bf16,pass,0.030456,4.406939,
module_forward,m,4096,4096,4,4096,0,5,20,False,2.9.0+cu128,12.8,dense_nvfp4,skip,,,N%32!=0
module_forward,m,4096,4096,4,4096,0,5,20,False,2.9.0+cu128,12.8,sparse_bf16,skip,,,N%8!=0
module_forward,m,4096,4096,4,4096,0,5,20,False,2.9.0+cu128,12.8,sparse_nvfp4,skip,,,sparse_nvfp4 unsupported shape
module_forward,m,4096,4096,4,4096,0,5,20,False,2.9.0+cu128,12.8,marlin_nvfp4,skip,,,N%64!=0
module_forward,m,4096,4096,4,8192,0,5,20,False,2.9.0+cu128,12.8,dense_bf16,pass,0.044347,6.053042,
module_forward,m,4096,4096,4,8192,0,5,20,False,2.9.0+cu128,12.8,dense_nvfp4,skip,,,N%32!=0
module_forward,m,4096,4096,4,8192,0,5,20,False,2.9.0+cu128,12.8,sparse_bf16,skip,,,N%8!=0
module_forward,m,4096,4096,4,8192,0,5,20,False,2.9.0+cu128,12.8,sparse_nvfp4,skip,,,sparse_nvfp4 unsupported shape
module_forward,m,4096,4096,4,8192,0,5,20,False,2.9.0+cu128,12.8,marlin_nvfp4,skip,,,N%64!=0
module_forward,m,4096,4096,4,16384,0,5,20,False,2.9.0+cu128,12.8,dense_bf16,pass,0.100294,5.352950,
module_forward,m,4096,4096,4,16384,0,5,20,False,2.9.0+cu128,12.8,dense_nvfp4,skip,,,N%32!=0
module_forward,m,4096,4096,4,16384,0,5,20,False,2.9.0+cu128,12.8,sparse_bf16,skip,,,N%8!=0
module_forward,m,4096,4096,4,16384,0,5,20,False,2.9.0+cu128,12.8,sparse_nvfp4,skip,,,sparse_nvfp4 unsupported shape
module_forward,m,4096,4096,4,16384,0,5,20,False,2.9.0+cu128,12.8,marlin_nvfp4,skip,,,N%64!=0
module_forward,m,4096,4096,8,1,0,5,20,False,2.9.0+cu128,12.8,dense_bf16,pass,0.021424,0.003059,
module_forward,m,4096,4096,8,1,0,5,20,False,2.9.0+cu128,12.8,dense_nvfp4,skip,,,"K%32!=0,N%32!=0"
module_forward,m,4096,4096,8,1,0,5,20,False,2.9.0+cu128,12.8,sparse_bf16,skip,,,K%64!=0
module_forward,m,4096,4096,8,1,0,5,20,False,2.9.0+cu128,12.8,sparse_nvfp4,skip,,,K%64!=0
module_forward,m,4096,4096,8,1,0,5,20,False,2.9.0+cu128,12.8,marlin_nvfp4,skip,,,"K%128!=0,N%64!=0"
module_forward,m,4096,4096,8,2,0,5,20,False,2.9.0+cu128,12.8,dense_bf16,pass,0.022602,0.005799,
module_forward,m,4096,4096,8,2,0,5,20,False,2.9.0+cu128,12.8,dense_nvfp4,skip,,,"K%32!=0,N%32!=0"
module_forward,m,4096,4096,8,2,0,5,20,False,2.9.0+cu128,12.8,sparse_bf16,skip,,,K%64!=0
module_forward,m,4096,4096,8,2,0,5,20,False,2.9.0+cu128,12.8,sparse_nvfp4,skip,,,K%64!=0
module_forward,m,4096,4096,8,2,0,5,20,False,2.9.0+cu128,12.8,marlin_nvfp4,skip,,,"K%128!=0,N%64!=0"
module_forward,m,4096,4096,8,4,0,5,20,False,2.9.0+cu128,12.8,dense_bf16,pass,0.022347,0.011731,
module_forward,m,4096,4096,8,4,0,5,20,False,2.9.0+cu128,12.8,dense_nvfp4,skip,,,"K%32!=0,N%32!=0"
module_forward,m,4096,4096,8,4,0,5,20,False,2.9.0+cu128,12.8,sparse_bf16,skip,,,K%64!=0
module_forward,m,4096,4096,8,4,0,5,20,False,2.9.0+cu128,12.8,sparse_nvfp4,skip,,,K%64!=0
module_forward,m,4096,4096,8,4,0,5,20,False,2.9.0+cu128,12.8,marlin_nvfp4,skip,,,"K%128!=0,N%64!=0"
module_forward,m,4096,4096,8,8,0,5,20,False,2.9.0+cu128,12.8,dense_bf16,pass,0.022261,0.023552,
module_forward,m,4096,4096,8,8,0,5,20,False,2.9.0+cu128,12.8,dense_nvfp4,skip,,,"K%32!=0,N%32!=0"
module_forward,m,4096,4096,8,8,0,5,20,False,2.9.0+cu128,12.8,sparse_bf16,skip,,,K%64!=0
module_forward,m,4096,4096,8,8,0,5,20,False,2.9.0+cu128,12.8,sparse_nvfp4,skip,,,K%64!=0
module_forward,m,4096,4096,8,8,0,5,20,False,2.9.0+cu128,12.8,marlin_nvfp4,skip,,,"K%128!=0,N%64!=0"
module_forward,m,4096,4096,8,16,0,5,20,False,2.9.0+cu128,12.8,dense_bf16,pass,0.022549,0.046503,
module_forward,m,4096,4096,8,16,0,5,20,False,2.9.0+cu128,12.8,dense_nvfp4,skip,,,"K%32!=0,N%32!=0"
module_forward,m,4096,4096,8,16,0,5,20,False,2.9.0+cu128,12.8,sparse_bf16,skip,,,K%64!=0
module_forward,m,4096,4096,8,16,0,5,20,False,2.9.0+cu128,12.8,sparse_nvfp4,skip,,,K%64!=0
module_forward,m,4096,4096,8,16,0,5,20,False,2.9.0+cu128,12.8,marlin_nvfp4,skip,,,"K%128!=0,N%64!=0"
module_forward,m,4096,4096,8,32,0,5,20,False,2.9.0+cu128,12.8,dense_bf16,pass,0.022637,0.092643,
module_forward,m,4096,4096,8,32,0,5,20,False,2.9.0+cu128,12.8,dense_nvfp4,skip,,,N%32!=0
module_forward,m,4096,4096,8,32,0,5,20,False,2.9.0+cu128,12.8,sparse_bf16,skip,,,K%64!=0
module_forward,m,4096,4096,8,32,0,5,20,False,2.9.0+cu128,12.8,sparse_nvfp4,skip,,,K%64!=0
module_forward,m,4096,4096,8,32,0,5,20,False,2.9.0+cu128,12.8,marlin_nvfp4,skip,,,"K%128!=0,N%64!=0"
module_forward,m,4096,4096,8,64,0,5,20,False,2.9.0+cu128,12.8,dense_bf16,pass,0.022701,0.184765,
module_forward,m,4096,4096,8,64,0,5,20,False,2.9.0+cu128,12.8,dense_nvfp4,skip,,,N%32!=0
module_forward,m,4096,4096,8,64,0,5,20,False,2.9.0+cu128,12.8,sparse_bf16,skip,,,cuSPARSELt unsupported shape
module_forward,m,4096,4096,8,64,0,5,20,False,2.9.0+cu128,12.8,sparse_nvfp4,pass,0.123142,0.034061,
module_forward,m,4096,4096,8,64,0,5,20,False,2.9.0+cu128,12.8,marlin_nvfp4,skip,,,"K%128!=0,N%64!=0"
module_forward,m,4096,4096,8,128,0,5,20,False,2.9.0+cu128,12.8,dense_bf16,pass,0.022475,0.373238,
module_forward,m,4096,4096,8,128,0,5,20,False,2.9.0+cu128,12.8,dense_nvfp4,skip,,,N%32!=0
module_forward,m,4096,4096,8,128,0,5,20,False,2.9.0+cu128,12.8,sparse_bf16,skip,,,cuSPARSELt unsupported shape
module_forward,m,4096,4096,8,128,0,5,20,False,2.9.0+cu128,12.8,sparse_nvfp4,pass,0.124291,0.067492,
module_forward,m,4096,4096,8,128,0,5,20,False,2.9.0+cu128,12.8,marlin_nvfp4,skip,,,N%64!=0
module_forward,m,4096,4096,8,256,0,5,20,False,2.9.0+cu128,12.8,dense_bf16,pass,0.022386,0.749465,
module_forward,m,4096,4096,8,256,0,5,20,False,2.9.0+cu128,12.8,dense_nvfp4,skip,,,N%32!=0
module_forward,m,4096,4096,8,256,0,5,20,False,2.9.0+cu128,12.8,sparse_bf16,skip,,,cuSPARSELt unsupported shape
module_forward,m,4096,4096,8,256,0,5,20,False,2.9.0+cu128,12.8,sparse_nvfp4,pass,0.122906,0.136505,
module_forward,m,4096,4096,8,256,0,5,20,False,2.9.0+cu128,12.8,marlin_nvfp4,skip,,,N%64!=0
module_forward,m,4096,4096,8,512,0,5,20,False,2.9.0+cu128,12.8,dense_bf16,pass,0.022731,1.476140,
module_forward,m,4096,4096,8,512,0,5,20,False,2.9.0+cu128,12.8,dense_nvfp4,skip,,,N%32!=0
module_forward,m,4096,4096,8,512,0,5,20,False,2.9.0+cu128,12.8,sparse_bf16,skip,,,cuSPARSELt unsupported shape
module_forward,m,4096,4096,8,512,0,5,20,False,2.9.0+cu128,12.8,sparse_nvfp4,pass,0.124680,0.269124,
module_forward,m,4096,4096,8,512,0,5,20,False,2.9.0+cu128,12.8,marlin_nvfp4,skip,,,N%64!=0
module_forward,m,4096,4096,8,1024,0,5,20,False,2.9.0+cu128,12.8,dense_bf16,pass,0.022376,2.999145,
module_forward,m,4096,4096,8,1024,0,5,20,False,2.9.0+cu128,12.8,dense_nvfp4,skip,,,N%32!=0
module_forward,m,4096,4096,8,1024,0,5,20,False,2.9.0+cu128,12.8,sparse_bf16,skip,,,cuSPARSELt unsupported shape
module_forward,m,4096,4096,8,1024,0,5,20,False,2.9.0+cu128,12.8,sparse_nvfp4,pass,0.124483,0.539100,
module_forward,m,4096,4096,8,1024,0,5,20,False,2.9.0+cu128,12.8,marlin_nvfp4,skip,,,N%64!=0
module_forward,m,4096,4096,8,2048,0,5,20,False,2.9.0+cu128,12.8,dense_bf16,pass,0.022677,5.918724,
module_forward,m,4096,4096,8,2048,0,5,20,False,2.9.0+cu128,12.8,dense_nvfp4,skip,,,N%32!=0
module_forward,m,4096,4096,8,2048,0,5,20,False,2.9.0+cu128,12.8,sparse_bf16,skip,,,cuSPARSELt unsupported shape
module_forward,m,4096,4096,8,2048,0,5,20,False,2.9.0+cu128,12.8,sparse_nvfp4,pass,0.171453,0.782826,
module_forward,m,4096,4096,8,2048,0,5,20,False,2.9.0+cu128,12.8,marlin_nvfp4,skip,,,N%64!=0
module_forward,m,4096,4096,8,4096,0,5,20,False,2.9.0+cu128,12.8,dense_bf16,pass,0.030243,8.875895,
module_forward,m,4096,4096,8,4096,0,5,20,False,2.9.0+cu128,12.8,dense_nvfp4,skip,,,N%32!=0
module_forward,m,4096,4096,8,4096,0,5,20,False,2.9.0+cu128,12.8,sparse_bf16,skip,,,cuSPARSELt unsupported shape
module_forward,m,4096,4096,8,4096,0,5,20,False,2.9.0+cu128,12.8,sparse_nvfp4,pass,0.295922,0.907117,
module_forward,m,4096,4096,8,4096,0,5,20,False,2.9.0+cu128,12.8,marlin_nvfp4,skip,,,N%64!=0
module_forward,m,4096,4096,8,8192,0,5,20,False,2.9.0+cu128,12.8,dense_bf16,pass,0.040363,13.301000,
module_forward,m,4096,4096,8,8192,0,5,20,False,2.9.0+cu128,12.8,dense_nvfp4,skip,,,N%32!=0
module_forward,m,4096,4096,8,8192,0,5,20,False,2.9.0+cu128,12.8,sparse_bf16,skip,,,cuSPARSELt unsupported shape
module_forward,m,4096,4096,8,8192,0,5,20,False,2.9.0+cu128,12.8,sparse_nvfp4,pass,0.739414,0.726076,
module_forward,m,4096,4096,8,8192,0,5,20,False,2.9.0+cu128,12.8,marlin_nvfp4,skip,,,N%64!=0
module_forward,m,4096,4096,8,16384,0,5,20,False,2.9.0+cu128,12.8,dense_bf16,pass,0.100904,10.641222,
module_forward,m,4096,4096,8,16384,0,5,20,False,2.9.0+cu128,12.8,dense_nvfp4,skip,,,N%32!=0
module_forward,m,4096,4096,8,16384,0,5,20,False,2.9.0+cu128,12.8,sparse_bf16,skip,,,cuSPARSELt unsupported shape
module_forward,m,4096,4096,8,16384,0,5,20,False,2.9.0+cu128,12.8,sparse_nvfp4,pass,1.513435,0.709473,
module_forward,m,4096,4096,8,16384,0,5,20,False,2.9.0+cu128,12.8,marlin_nvfp4,skip,,,N%64!=0
module_forward,m,4096,4096,16,1,0,5,20,False,2.9.0+cu128,12.8,dense_bf16,pass,0.021456,0.006109,
module_forward,m,4096,4096,16,1,0,5,20,False,2.9.0+cu128,12.8,dense_nvfp4,skip,,,"K%32!=0,N%32!=0"
module_forward,m,4096,4096,16,1,0,5,20,False,2.9.0+cu128,12.8,sparse_bf16,skip,,,K%64!=0
module_forward,m,4096,4096,16,1,0,5,20,False,2.9.0+cu128,12.8,sparse_nvfp4,skip,,,K%64!=0
module_forward,m,4096,4096,16,1,0,5,20,False,2.9.0+cu128,12.8,marlin_nvfp4,skip,,,"K%128!=0,N%64!=0"
module_forward,m,4096,4096,16,2,0,5,20,False,2.9.0+cu128,12.8,dense_bf16,pass,0.022528,0.011636,
module_forward,m,4096,4096,16,2,0,5,20,False,2.9.0+cu128,12.8,dense_nvfp4,skip,,,"K%32!=0,N%32!=0"
module_forward,m,4096,4096,16,2,0,5,20,False,2.9.0+cu128,12.8,sparse_bf16,skip,,,K%64!=0
module_forward,m,4096,4096,16,2,0,5,20,False,2.9.0+cu128,12.8,sparse_nvfp4,skip,,,K%64!=0
module_forward,m,4096,4096,16,2,0,5,20,False,2.9.0+cu128,12.8,marlin_nvfp4,skip,,,"K%128!=0,N%64!=0"
module_forward,m,4096,4096,16,4,0,5,20,False,2.9.0+cu128,12.8,dense_bf16,pass,0.022328,0.023481,
module_forward,m,4096,4096,16,4,0,5,20,False,2.9.0+cu128,12.8,dense_nvfp4,skip,,,"K%32!=0,N%32!=0"
module_forward,m,4096,4096,16,4,0,5,20,False,2.9.0+cu128,12.8,sparse_bf16,skip,,,K%64!=0
module_forward,m,4096,4096,16,4,0,5,20,False,2.9.0+cu128,12.8,sparse_nvfp4,skip,,,K%64!=0
module_forward,m,4096,4096,16,4,0,5,20,False,2.9.0+cu128,12.8,marlin_nvfp4,skip,,,"K%128!=0,N%64!=0"
module_forward,m,4096,4096,16,8,0,5,20,False,2.9.0+cu128,12.8,dense_bf16,pass,0.022507,0.046588,
module_forward,m,4096,4096,16,8,0,5,20,False,2.9.0+cu128,12.8,dense_nvfp4,skip,,,"K%32!=0,N%32!=0"
module_forward,m,4096,4096,16,8,0,5,20,False,2.9.0+cu128,12.8,sparse_bf16,skip,,,K%64!=0
module_forward,m,4096,4096,16,8,0,5,20,False,2.9.0+cu128,12.8,sparse_nvfp4,skip,,,K%64!=0
module_forward,m,4096,4096,16,8,0,5,20,False,2.9.0+cu128,12.8,marlin_nvfp4,skip,,,"K%128!=0,N%64!=0"
module_forward,m,4096,4096,16,16,0,5,20,False,2.9.0+cu128,12.8,dense_bf16,pass,0.022747,0.092194,
module_forward,m,4096,4096,16,16,0,5,20,False,2.9.0+cu128,12.8,dense_nvfp4,skip,,,"K%32!=0,N%32!=0"
module_forward,m,4096,4096,16,16,0,5,20,False,2.9.0+cu128,12.8,sparse_bf16,skip,,,K%64!=0
module_forward,m,4096,4096,16,16,0,5,20,False,2.9.0+cu128,12.8,sparse_nvfp4,skip,,,K%64!=0
module_forward,m,4096,4096,16,16,0,5,20,False,2.9.0+cu128,12.8,marlin_nvfp4,skip,,,"K%128!=0,N%64!=0"
module_forward,m,4096,4096,16,32,0,5,20,False,2.9.0+cu128,12.8,dense_bf16,pass,0.022454,0.186792,
module_forward,m,4096,4096,16,32,0,5,20,False,2.9.0+cu128,12.8,dense_nvfp4,skip,,,N%32!=0
module_forward,m,4096,4096,16,32,0,5,20,False,2.9.0+cu128,12.8,sparse_bf16,skip,,,K%64!=0
module_forward,m,4096,4096,16,32,0,5,20,False,2.9.0+cu128,12.8,sparse_nvfp4,skip,,,K%64!=0
module_forward,m,4096,4096,16,32,0,5,20,False,2.9.0+cu128,12.8,marlin_nvfp4,skip,,,"K%128!=0,N%64!=0"
module_forward,m,4096,4096,16,64,0,5,20,False,2.9.0+cu128,12.8,dense_bf16,pass,0.022376,0.374893,
module_forward,m,4096,4096,16,64,0,5,20,False,2.9.0+cu128,12.8,dense_nvfp4,skip,,,N%32!=0
module_forward,m,4096,4096,16,64,0,5,20,False,2.9.0+cu128,12.8,sparse_bf16,pass,0.033187,0.252766,
module_forward,m,4096,4096,16,64,0,5,20,False,2.9.0+cu128,12.8,sparse_nvfp4,pass,0.125579,0.066799,
module_forward,m,4096,4096,16,64,0,5,20,False,2.9.0+cu128,12.8,marlin_nvfp4,skip,,,"K%128!=0,N%64!=0"
module_forward,m,4096,4096,16,128,0,5,20,False,2.9.0+cu128,12.8,dense_bf16,pass,0.022275,0.753179,
module_forward,m,4096,4096,16,128,0,5,20,False,2.9.0+cu128,12.8,dense_nvfp4,skip,,,N%32!=0
module_forward,m,4096,4096,16,128,0,5,20,False,2.9.0+cu128,12.8,sparse_bf16,pass,0.033186,0.505557,
module_forward,m,4096,4096,16,128,0,5,20,False,2.9.0+cu128,12.8,sparse_nvfp4,pass,0.124235,0.135044,
module_forward,m,4096,4096,16,128,0,5,20,False,2.9.0+cu128,12.8,marlin_nvfp4,skip,,,N%64!=0
module_forward,m,4096,4096,16,256,0,5,20,False,2.9.0+cu128,12.8,dense_bf16,pass,0.022728,1.476348,
module_forward,m,4096,4096,16,256,0,5,20,False,2.9.0+cu128,12.8,dense_nvfp4,skip,,,N%32!=0
module_forward,m,4096,4096,16,256,0,5,20,False,2.9.0+cu128,12.8,sparse_bf16,pass,0.033235,1.009605,
module_forward,m,4096,4096,16,256,0,5,20,False,2.9.0+cu128,12.8,sparse_nvfp4,pass,0.122928,0.272960,
module_forward,m,4096,4096,16,256,0,5,20,False,2.9.0+cu128,12.8,marlin_nvfp4,skip,,,N%64!=0
module_forward,m,4096,4096,16,512,0,5,20,False,2.9.0+cu128,12.8,dense_bf16,pass,0.022186,3.024884,
module_forward,m,4096,4096,16,512,0,5,20,False,2.9.0+cu128,12.8,dense_nvfp4,skip,,,N%32!=0
module_forward,m,4096,4096,16,512,0,5,20,False,2.9.0+cu128,12.8,sparse_bf16,pass,0.033306,2.014942,
module_forward,m,4096,4096,16,512,0,5,20,False,2.9.0+cu128,12.8,sparse_nvfp4,pass,0.124458,0.539211,
module_forward,m,4096,4096,16,512,0,5,20,False,2.9.0+cu128,12.8,marlin_nvfp4,skip,,,N%64!=0
module_forward,m,4096,4096,16,1024,0,5,20,False,2.9.0+cu128,12.8,dense_bf16,pass,0.022280,6.024135,
module_forward,m,4096,4096,16,1024,0,5,20,False,2.9.0+cu128,12.8,dense_nvfp4,skip,,,N%32!=0
module_forward,m,4096,4096,16,1024,0,5,20,False,2.9.0+cu128,12.8,sparse_bf16,pass,0.037339,3.594553,
module_forward,m,4096,4096,16,1024,0,5,20,False,2.9.0+cu128,12.8,sparse_nvfp4,pass,0.123386,1.087791,
module_forward,m,4096,4096,16,1024,0,5,20,False,2.9.0+cu128,12.8,marlin_nvfp4,skip,,,N%64!=0
module_forward,m,4096,4096,16,2048,0,5,20,False,2.9.0+cu128,12.8,dense_bf16,pass,0.022702,11.824100,
module_forward,m,4096,4096,16,2048,0,5,20,False,2.9.0+cu128,12.8,dense_nvfp4,skip,,,N%32!=0
module_forward,m,4096,4096,16,2048,0,5,20,False,2.9.0+cu128,12.8,sparse_bf16,pass,0.048299,5.557762,
module_forward,m,4096,4096,16,2048,0,5,20,False,2.9.0+cu128,12.8,sparse_nvfp4,pass,0.173144,1.550360,
module_forward,m,4096,4096,16,2048,0,5,20,False,2.9.0+cu128,12.8,marlin_nvfp4,skip,,,N%64!=0
module_forward,m,4096,4096,16,4096,0,5,20,False,2.9.0+cu128,12.8,dense_bf16,pass,0.030379,17.672319,
module_forward,m,4096,4096,16,4096,0,5,20,False,2.9.0+cu128,12.8,dense_nvfp4,skip,,,N%32!=0
module_forward,m,4096,4096,16,4096,0,5,20,False,2.9.0+cu128,12.8,sparse_bf16,pass,0.071502,7.508432,
module_forward,m,4096,4096,16,4096,0,5,20,False,2.9.0+cu128,12.8,sparse_nvfp4,pass,0.297614,1.803914,
module_forward,m,4096,4096,16,4096,0,5,20,False,2.9.0+cu128,12.8,marlin_nvfp4,skip,,,N%64!=0
module_forward,m,4096,4096,16,8192,0,5,20,False,2.9.0+cu128,12.8,dense_bf16,pass,0.040638,26.421853,
module_forward,m,4096,4096,16,8192,0,5,20,False,2.9.0+cu128,12.8,dense_nvfp4,skip,,,N%32!=0
module_forward,m,4096,4096,16,8192,0,5,20,False,2.9.0+cu128,12.8,sparse_bf16,pass,0.118325,9.074529,
module_forward,m,4096,4096,16,8192,0,5,20,False,2.9.0+cu128,12.8,sparse_nvfp4,pass,0.737573,1.455777,
module_forward,m,4096,4096,16,8192,0,5,20,False,2.9.0+cu128,12.8,marlin_nvfp4,skip,,,N%64!=0
module_forward,m,4096,4096,16,16384,0,5,20,False,2.9.0+cu128,12.8,dense_bf16,pass,0.101690,21.118026,
module_forward,m,4096,4096,16,16384,0,5,20,False,2.9.0+cu128,12.8,dense_nvfp4,skip,,,N%32!=0
module_forward,m,4096,4096,16,16384,0,5,20,False,2.9.0+cu128,12.8,sparse_bf16,pass,0.209530,10.249071,
module_forward,m,4096,4096,16,16384,0,5,20,False,2.9.0+cu128,12.8,sparse_nvfp4,pass,1.511603,1.420666,
module_forward,m,4096,4096,16,16384,0,5,20,False,2.9.0+cu128,12.8,marlin_nvfp4,skip,,,N%64!=0
module_forward,m,4096,4096,32,1,0,5,20,False,2.9.0+cu128,12.8,dense_bf16,pass,0.021534,0.012173,
module_forward,m,4096,4096,32,1,0,5,20,False,2.9.0+cu128,12.8,dense_nvfp4,skip,,,K%32!=0
module_forward,m,4096,4096,32,1,0,5,20,False,2.9.0+cu128,12.8,sparse_bf16,skip,,,K%64!=0
module_forward,m,4096,4096,32,1,0,5,20,False,2.9.0+cu128,12.8,sparse_nvfp4,skip,,,K%64!=0
module_forward,m,4096,4096,32,1,0,5,20,False,2.9.0+cu128,12.8,marlin_nvfp4,skip,,,"K%128!=0,N%64!=0"
module_forward,m,4096,4096,32,2,0,5,20,False,2.9.0+cu128,12.8,dense_bf16,pass,0.022387,0.023419,
module_forward,m,4096,4096,32,2,0,5,20,False,2.9.0+cu128,12.8,dense_nvfp4,skip,,,K%32!=0
module_forward,m,4096,4096,32,2,0,5,20,False,2.9.0+cu128,12.8,sparse_bf16,skip,,,K%64!=0
module_forward,m,4096,4096,32,2,0,5,20,False,2.9.0+cu128,12.8,sparse_nvfp4,skip,,,K%64!=0
module_forward,m,4096,4096,32,2,0,5,20,False,2.9.0+cu128,12.8,marlin_nvfp4,skip,,,"K%128!=0,N%64!=0"
module_forward,m,4096,4096,32,4,0,5,20,False,2.9.0+cu128,12.8,dense_bf16,pass,0.022331,0.046956,
module_forward,m,4096,4096,32,4,0,5,20,False,2.9.0+cu128,12.8,dense_nvfp4,skip,,,K%32!=0
module_forward,m,4096,4096,32,4,0,5,20,False,2.9.0+cu128,12.8,sparse_bf16,skip,,,K%64!=0
module_forward,m,4096,4096,32,4,0,5,20,False,2.9.0+cu128,12.8,sparse_nvfp4,skip,,,K%64!=0
module_forward,m,4096,4096,32,4,0,5,20,False,2.9.0+cu128,12.8,marlin_nvfp4,skip,,,"K%128!=0,N%64!=0"
module_forward,m,4096,4096,32,8,0,5,20,False,2.9.0+cu128,12.8,dense_bf16,pass,0.022354,0.093817,
module_forward,m,4096,4096,32,8,0,5,20,False,2.9.0+cu128,12.8,dense_nvfp4,skip,,,K%32!=0
module_forward,m,4096,4096,32,8,0,5,20,False,2.9.0+cu128,12.8,sparse_bf16,skip,,,K%64!=0
module_forward,m,4096,4096,32,8,0,5,20,False,2.9.0+cu128,12.8,sparse_nvfp4,skip,,,K%64!=0
module_forward,m,4096,4096,32,8,0,5,20,False,2.9.0+cu128,12.8,marlin_nvfp4,skip,,,"K%128!=0,N%64!=0"
module_forward,m,4096,4096,32,16,0,5,20,False,2.9.0+cu128,12.8,dense_bf16,pass,0.022109,0.189712,
module_forward,m,4096,4096,32,16,0,5,20,False,2.9.0+cu128,12.8,dense_nvfp4,skip,,,K%32!=0
module_forward,m,4096,4096,32,16,0,5,20,False,2.9.0+cu128,12.8,sparse_bf16,skip,,,K%64!=0
module_forward,m,4096,4096,32,16,0,5,20,False,2.9.0+cu128,12.8,sparse_nvfp4,skip,,,K%64!=0
module_forward,m,4096,4096,32,16,0,5,20,False,2.9.0+cu128,12.8,marlin_nvfp4,skip,,,"K%128!=0,N%64!=0"
module_forward,m,4096,4096,32,32,0,5,20,False,2.9.0+cu128,12.8,dense_bf16,pass,0.022515,0.372575,
module_forward,m,4096,4096,32,32,0,5,20,False,2.9.0+cu128,12.8,dense_nvfp4,error,,,module output contains NaN/Inf
module_forward,m,4096,4096,32,32,0,5,20,False,2.9.0+cu128,12.8,sparse_bf16,skip,,,K%64!=0
module_forward,m,4096,4096,32,32,0,5,20,False,2.9.0+cu128,12.8,sparse_nvfp4,skip,,,K%64!=0
module_forward,m,4096,4096,32,32,0,5,20,False,2.9.0+cu128,12.8,marlin_nvfp4,skip,,,"K%128!=0,N%64!=0"
module_forward,m,4096,4096,32,64,0,5,20,False,2.9.0+cu128,12.8,dense_bf16,pass,0.022470,0.746636,
module_forward,m,4096,4096,32,64,0,5,20,False,2.9.0+cu128,12.8,dense_nvfp4,pass,0.121581,0.137992,
module_forward,m,4096,4096,32,64,0,5,20,False,2.9.0+cu128,12.8,sparse_bf16,pass,0.032686,0.513278,
module_forward,m,4096,4096,32,64,0,5,20,False,2.9.0+cu128,12.8,sparse_nvfp4,pass,0.124094,0.135197,
module_forward,m,4096,4096,32,64,0,5,20,False,2.9.0+cu128,12.8,marlin_nvfp4,skip,,,"K%128!=0,N%64!=0"
module_forward,m,4096,4096,32,128,0,5,20,False,2.9.0+cu128,12.8,dense_bf16,pass,0.022256,1.507658,
module_forward,m,4096,4096,32,128,0,5,20,False,2.9.0+cu128,12.8,dense_nvfp4,pass,0.121402,0.276392,
module_forward,m,4096,4096,32,128,0,5,20,False,2.9.0+cu128,12.8,sparse_bf16,pass,0.033013,1.016407,
module_forward,m,4096,4096,32,128,0,5,20,False,2.9.0+cu128,12.8,sparse_nvfp4,pass,0.122629,0.273626,
module_forward,m,4096,4096,32,128,0,5,20,False,2.9.0+cu128,12.8,marlin_nvfp4,skip,,,N%64!=0
module_forward,m,4096,4096,32,256,0,5,20,False,2.9.0+cu128,12.8,dense_bf16,pass,0.022558,2.974895,
module_forward,m,4096,4096,32,256,0,5,20,False,2.9.0+cu128,12.8,dense_nvfp4,pass,0.120549,0.556695,
module_forward,m,4096,4096,32,256,0,5,20,False,2.9.0+cu128,12.8,sparse_bf16,pass,0.032938,2.037455,
module_forward,m,4096,4096,32,256,0,5,20,False,2.9.0+cu128,12.8,sparse_nvfp4,pass,0.123619,0.542868,
module_forward,m,4096,4096,32,256,0,5,20,False,2.9.0+cu128,12.8,marlin_nvfp4,skip,,,N%64!=0
module_forward,m,4096,4096,32,512,0,5,20,False,2.9.0+cu128,12.8,dense_bf16,pass,0.022395,5.993147,
module_forward,m,4096,4096,32,512,0,5,20,False,2.9.0+cu128,12.8,dense_nvfp4,pass,0.122102,1.099223,
module_forward,m,4096,4096,32,512,0,5,20,False,2.9.0+cu128,12.8,sparse_bf16,pass,0.034090,3.937205,
module_forward,m,4096,4096,32,512,0,5,20,False,2.9.0+cu128,12.8,sparse_nvfp4,pass,0.123242,1.089062,
module_forward,m,4096,4096,32,512,0,5,20,False,2.9.0+cu128,12.8,marlin_nvfp4,skip,,,N%64!=0
module_forward,m,4096,4096,32,1024,0,5,20,False,2.9.0+cu128,12.8,dense_bf16,pass,0.022661,11.845807,
module_forward,m,4096,4096,32,1024,0,5,20,False,2.9.0+cu128,12.8,dense_nvfp4,pass,0.121819,2.203556,
module_forward,m,4096,4096,32,1024,0,5,20,False,2.9.0+cu128,12.8,sparse_bf16,pass,0.036504,7.353590,
module_forward,m,4096,4096,32,1024,0,5,20,False,2.9.0+cu128,12.8,sparse_nvfp4,pass,0.122976,2.182828,
module_forward,m,4096,4096,32,1024,0,5,20,False,2.9.0+cu128,12.8,marlin_nvfp4,skip,,,N%64!=0
module_forward,m,4096,4096,32,2048,0,5,20,False,2.9.0+cu128,12.8,dense_bf16,pass,0.023998,22.371113,
module_forward,m,4096,4096,32,2048,0,5,20,False,2.9.0+cu128,12.8,dense_nvfp4,pass,0.172554,3.111328,
module_forward,m,4096,4096,32,2048,0,5,20,False,2.9.0+cu128,12.8,sparse_bf16,pass,0.048112,11.158774,
module_forward,m,4096,4096,32,2048,0,5,20,False,2.9.0+cu128,12.8,sparse_nvfp4,pass,0.171874,3.123638,
module_forward,m,4096,4096,32,2048,0,5,20,False,2.9.0+cu128,12.8,marlin_nvfp4,skip,,,N%64!=0
module_forward,m,4096,4096,32,4096,0,5,20,False,2.9.0+cu128,12.8,dense_bf16,pass,0.032498,33.040650,
module_forward,m,4096,4096,32,4096,0,5,20,False,2.9.0+cu128,12.8,dense_nvfp4,pass,0.308901,3.476009,
module_forward,m,4096,4096,32,4096,0,5,20,False,2.9.0+cu128,12.8,sparse_bf16,pass,0.071338,15.051555,
module_forward,m,4096,4096,32,4096,0,5,20,False,2.9.0+cu128,12.8,sparse_nvfp4,pass,0.297128,3.613735,
module_forward,m,4096,4096,32,4096,0,5,20,False,2.9.0+cu128,12.8,marlin_nvfp4,skip,,,N%64!=0
module_forward,m,4096,4096,32,8192,0,5,20,False,2.9.0+cu128,12.8,dense_bf16,pass,0.041304,51.992148,
module_forward,m,4096,4096,32,8192,0,5,20,False,2.9.0+cu128,12.8,dense_nvfp4,pass,0.752331,2.854439,
module_forward,m,4096,4096,32,8192,0,5,20,False,2.9.0+cu128,12.8,sparse_bf16,pass,0.116915,18.367874,
module_forward,m,4096,4096,32,8192,0,5,20,False,2.9.0+cu128,12.8,sparse_nvfp4,pass,0.739442,2.904196,
module_forward,m,4096,4096,32,8192,0,5,20,False,2.9.0+cu128,12.8,marlin_nvfp4,skip,,,N%64!=0
module_forward,m,4096,4096,32,16384,0,5,20,False,2.9.0+cu128,12.8,dense_bf16,pass,0.102010,42.103560,
module_forward,m,4096,4096,32,16384,0,5,20,False,2.9.0+cu128,12.8,dense_nvfp4,pass,1.536365,2.795539,
module_forward,m,4096,4096,32,16384,0,5,20,False,2.9.0+cu128,12.8,sparse_bf16,pass,0.209158,20.534520,
module_forward,m,4096,4096,32,16384,0,5,20,False,2.9.0+cu128,12.8,sparse_nvfp4,pass,1.512960,2.838784,
module_forward,m,4096,4096,32,16384,0,5,20,False,2.9.0+cu128,12.8,marlin_nvfp4,skip,,,N%64!=0
module_forward,m,4096,4096,64,1,0,5,20,False,2.9.0+cu128,12.8,dense_bf16,pass,0.021704,0.024156,
module_forward,m,4096,4096,64,1,0,5,20,False,2.9.0+cu128,12.8,dense_nvfp4,skip,,,K%32!=0
module_forward,m,4096,4096,64,1,0,5,20,False,2.9.0+cu128,12.8,sparse_bf16,skip,,,K%64!=0
module_forward,m,4096,4096,64,1,0,5,20,False,2.9.0+cu128,12.8,sparse_nvfp4,skip,,,K%64!=0
module_forward,m,4096,4096,64,1,0,5,20,False,2.9.0+cu128,12.8,marlin_nvfp4,skip,,,K%128!=0
module_forward,m,4096,4096,64,2,0,5,20,False,2.9.0+cu128,12.8,dense_bf16,pass,0.022195,0.047243,
module_forward,m,4096,4096,64,2,0,5,20,False,2.9.0+cu128,12.8,dense_nvfp4,skip,,,K%32!=0
module_forward,m,4096,4096,64,2,0,5,20,False,2.9.0+cu128,12.8,sparse_bf16,skip,,,K%64!=0
module_forward,m,4096,4096,64,2,0,5,20,False,2.9.0+cu128,12.8,sparse_nvfp4,skip,,,K%64!=0
module_forward,m,4096,4096,64,2,0,5,20,False,2.9.0+cu128,12.8,marlin_nvfp4,skip,,,K%128!=0
module_forward,m,4096,4096,64,4,0,5,20,False,2.9.0+cu128,12.8,dense_bf16,pass,0.022062,0.095055,
module_forward,m,4096,4096,64,4,0,5,20,False,2.9.0+cu128,12.8,dense_nvfp4,skip,,,K%32!=0
module_forward,m,4096,4096,64,4,0,5,20,False,2.9.0+cu128,12.8,sparse_bf16,skip,,,K%64!=0
module_forward,m,4096,4096,64,4,0,5,20,False,2.9.0+cu128,12.8,sparse_nvfp4,skip,,,K%64!=0
module_forward,m,4096,4096,64,4,0,5,20,False,2.9.0+cu128,12.8,marlin_nvfp4,skip,,,K%128!=0
module_forward,m,4096,4096,64,8,0,5,20,False,2.9.0+cu128,12.8,dense_bf16,pass,0.022077,0.189987,
module_forward,m,4096,4096,64,8,0,5,20,False,2.9.0+cu128,12.8,dense_nvfp4,skip,,,K%32!=0
module_forward,m,4096,4096,64,8,0,5,20,False,2.9.0+cu128,12.8,sparse_bf16,skip,,,K%64!=0
module_forward,m,4096,4096,64,8,0,5,20,False,2.9.0+cu128,12.8,sparse_nvfp4,skip,,,K%64!=0
module_forward,m,4096,4096,64,8,0,5,20,False,2.9.0+cu128,12.8,marlin_nvfp4,skip,,,K%128!=0
module_forward,m,4096,4096,64,16,0,5,20,False,2.9.0+cu128,12.8,dense_bf16,pass,0.022403,0.374438,
module_forward,m,4096,4096,64,16,0,5,20,False,2.9.0+cu128,12.8,dense_nvfp4,skip,,,K%32!=0
module_forward,m,4096,4096,64,16,0,5,20,False,2.9.0+cu128,12.8,sparse_bf16,skip,,,K%64!=0
module_forward,m,4096,4096,64,16,0,5,20,False,2.9.0+cu128,12.8,sparse_nvfp4,skip,,,K%64!=0
module_forward,m,4096,4096,64,16,0,5,20,False,2.9.0+cu128,12.8,marlin_nvfp4,skip,,,K%128!=0
module_forward,m,4096,4096,64,32,0,5,20,False,2.9.0+cu128,12.8,dense_bf16,pass,0.022410,0.748662,
module_forward,m,4096,4096,64,32,0,5,20,False,2.9.0+cu128,12.8,dense_nvfp4,error,,,module output contains NaN/Inf
module_forward,m,4096,4096,64,32,0,5,20,False,2.9.0+cu128,12.8,sparse_bf16,skip,,,K%64!=0
module_forward,m,4096,4096,64,32,0,5,20,False,2.9.0+cu128,12.8,sparse_nvfp4,skip,,,K%64!=0
module_forward,m,4096,4096,64,32,0,5,20,False,2.9.0+cu128,12.8,marlin_nvfp4,skip,,,K%128!=0
module_forward,m,4096,4096,64,64,0,5,20,False,2.9.0+cu128,12.8,dense_bf16,pass,0.022091,1.518905,
module_forward,m,4096,4096,64,64,0,5,20,False,2.9.0+cu128,12.8,dense_nvfp4,pass,0.123610,0.271455,
module_forward,m,4096,4096,64,64,0,5,20,False,2.9.0+cu128,12.8,sparse_bf16,pass,0.033435,1.003566,
module_forward,m,4096,4096,64,64,0,5,20,False,2.9.0+cu128,12.8,sparse_nvfp4,pass,0.123691,0.271276,
module_forward,m,4096,4096,64,64,0,5,20,False,2.9.0+cu128,12.8,marlin_nvfp4,skip,,,K%128!=0
module_forward,m,4096,4096,64,128,0,5,20,False,2.9.0+cu128,12.8,dense_bf16,pass,0.022432,2.991658,
module_forward,m,4096,4096,64,128,0,5,20,False,2.9.0+cu128,12.8,dense_nvfp4,pass,0.121526,0.552216,
module_forward,m,4096,4096,64,128,0,5,20,False,2.9.0+cu128,12.8,sparse_bf16,pass,0.032701,2.052209,
module_forward,m,4096,4096,64,128,0,5,20,False,2.9.0+cu128,12.8,sparse_nvfp4,pass,0.123587,0.543008,
module_forward,m,4096,4096,64,128,0,5,20,False,2.9.0+cu128,12.8,marlin_nvfp4,pass,0.038994,1.721023,
module_forward,m,4096,4096,64,256,0,5,20,False,2.9.0+cu128,12.8,dense_bf16,pass,0.021994,6.102581,
module_forward,m,4096,4096,64,256,0,5,20,False,2.9.0+cu128,12.8,dense_nvfp4,pass,0.122547,1.095233,
module_forward,m,4096,4096,64,256,0,5,20,False,2.9.0+cu128,12.8,sparse_bf16,pass,0.032510,4.128455,
module_forward,m,4096,4096,64,256,0,5,20,False,2.9.0+cu128,12.8,sparse_nvfp4,pass,0.122528,1.095405,
module_forward,m,4096,4096,64,256,0,5,20,False,2.9.0+cu128,12.8,marlin_nvfp4,pass,0.038483,3.487697,
module_forward,m,4096,4096,64,512,0,5,20,False,2.9.0+cu128,12.8,dense_bf16,pass,0.022261,12.058662,
module_forward,m,4096,4096,64,512,0,5,20,False,2.9.0+cu128,12.8,dense_nvfp4,pass,0.122723,2.187324,
module_forward,m,4096,4096,64,512,0,5,20,False,2.9.0+cu128,12.8,sparse_bf16,pass,0.032784,8.188002,
module_forward,m,4096,4096,64,512,0,5,20,False,2.9.0+cu128,12.8,sparse_nvfp4,pass,0.125534,2.138342,
module_forward,m,4096,4096,64,512,0,5,20,False,2.9.0+cu128,12.8,marlin_nvfp4,pass,0.038398,6.990798,
module_forward,m,4096,4096,64,1024,0,5,20,False,2.9.0+cu128,12.8,dense_bf16,pass,0.022494,23.866870,
module_forward,m,4096,4096,64,1024,0,5,20,False,2.9.0+cu128,12.8,dense_nvfp4,pass,0.122795,4.372084,
module_forward,m,4096,4096,64,1024,0,5,20,False,2.9.0+cu128,12.8,sparse_bf16,pass,0.036693,14.631506,
module_forward,m,4096,4096,64,1024,0,5,20,False,2.9.0+cu128,12.8,sparse_nvfp4,pass,0.123542,4.345641,
module_forward,m,4096,4096,64,1024,0,5,20,False,2.9.0+cu128,12.8,marlin_nvfp4,pass,0.038650,13.890724,
module_forward,m,4096,4096,64,2048,0,5,20,False,2.9.0+cu128,12.8,dense_bf16,pass,0.027298,39.334660,
module_forward,m,4096,4096,64,2048,0,5,20,False,2.9.0+cu128,12.8,dense_nvfp4,pass,0.172003,6.242569,
module_forward,m,4096,4096,64,2048,0,5,20,False,2.9.0+cu128,12.8,sparse_bf16,pass,0.048427,22.172288,
module_forward,m,4096,4096,64,2048,0,5,20,False,2.9.0+cu128,12.8,sparse_nvfp4,pass,0.172694,6.217583,
module_forward,m,4096,4096,64,2048,0,5,20,False,2.9.0+cu128,12.8,marlin_nvfp4,pass,0.041253,26.028338,
module_forward,m,4096,4096,64,4096,0,5,20,False,2.9.0+cu128,12.8,dense_bf16,pass,0.038238,56.160396,
module_forward,m,4096,4096,64,4096,0,5,20,False,2.9.0+cu128,12.8,dense_nvfp4,pass,0.297302,7.223230,
module_forward,m,4096,4096,64,4096,0,5,20,False,2.9.0+cu128,12.8,sparse_bf16,pass,0.070843,30.313194,
module_forward,m,4096,4096,64,4096,0,5,20,False,2.9.0+cu128,12.8,sparse_nvfp4,pass,0.295474,7.267938,
module_forward,m,4096,4096,64,4096,0,5,20,False,2.9.0+cu128,12.8,marlin_nvfp4,pass,0.045770,46.919432,
module_forward,m,4096,4096,64,8192,0,5,20,False,2.9.0+cu128,12.8,dense_bf16,pass,0.044750,95.976064,
module_forward,m,4096,4096,64,8192,0,5,20,False,2.9.0+cu128,12.8,dense_nvfp4,pass,0.764414,5.618637,
module_forward,m,4096,4096,64,8192,0,5,20,False,2.9.0+cu128,12.8,sparse_bf16,pass,0.116762,36.784074,
module_forward,m,4096,4096,64,8192,0,5,20,False,2.9.0+cu128,12.8,sparse_nvfp4,pass,0.748882,5.735175,
module_forward,m,4096,4096,64,8192,0,5,20,False,2.9.0+cu128,12.8,marlin_nvfp4,pass,0.056413,76.134624,
module_forward,m,4096,4096,64,16384,0,5,20,False,2.9.0+cu128,12.8,dense_bf16,pass,0.105653,81.303426,
module_forward,m,4096,4096,64,16384,0,5,20,False,2.9.0+cu128,12.8,dense_nvfp4,pass,1.537299,5.587679,
module_forward,m,4096,4096,64,16384,0,5,20,False,2.9.0+cu128,12.8,sparse_bf16,pass,0.208234,41.251434,
module_forward,m,4096,4096,64,16384,0,5,20,False,2.9.0+cu128,12.8,sparse_nvfp4,pass,1.513357,5.676080,
module_forward,m,4096,4096,64,16384,0,5,20,False,2.9.0+cu128,12.8,marlin_nvfp4,pass,0.117642,73.017832,
module_forward,m,4096,4096,128,1,0,5,20,False,2.9.0+cu128,12.8,dense_bf16,pass,0.021547,0.048664,
module_forward,m,4096,4096,128,1,0,5,20,False,2.9.0+cu128,12.8,dense_nvfp4,skip,,,K%32!=0
module_forward,m,4096,4096,128,1,0,5,20,False,2.9.0+cu128,12.8,sparse_bf16,skip,,,K%64!=0
module_forward,m,4096,4096,128,1,0,5,20,False,2.9.0+cu128,12.8,sparse_nvfp4,skip,,,K%64!=0
module_forward,m,4096,4096,128,1,0,5,20,False,2.9.0+cu128,12.8,marlin_nvfp4,skip,,,K%128!=0
module_forward,m,4096,4096,128,2,0,5,20,False,2.9.0+cu128,12.8,dense_bf16,pass,0.022387,0.093676,
module_forward,m,4096,4096,128,2,0,5,20,False,2.9.0+cu128,12.8,dense_nvfp4,skip,,,K%32!=0
module_forward,m,4096,4096,128,2,0,5,20,False,2.9.0+cu128,12.8,sparse_bf16,skip,,,K%64!=0
module_forward,m,4096,4096,128,2,0,5,20,False,2.9.0+cu128,12.8,sparse_nvfp4,skip,,,K%64!=0
module_forward,m,4096,4096,128,2,0,5,20,False,2.9.0+cu128,12.8,marlin_nvfp4,skip,,,K%128!=0
module_forward,m,4096,4096,128,4,0,5,20,False,2.9.0+cu128,12.8,dense_bf16,pass,0.022194,0.188987,
module_forward,m,4096,4096,128,4,0,5,20,False,2.9.0+cu128,12.8,dense_nvfp4,skip,,,K%32!=0
module_forward,m,4096,4096,128,4,0,5,20,False,2.9.0+cu128,12.8,sparse_bf16,skip,,,K%64!=0
module_forward,m,4096,4096,128,4,0,5,20,False,2.9.0+cu128,12.8,sparse_nvfp4,skip,,,K%64!=0
module_forward,m,4096,4096,128,4,0,5,20,False,2.9.0+cu128,12.8,marlin_nvfp4,skip,,,K%128!=0
module_forward,m,4096,4096,128,8,0,5,20,False,2.9.0+cu128,12.8,dense_bf16,pass,0.022126,0.379122,
module_forward,m,4096,4096,128,8,0,5,20,False,2.9.0+cu128,12.8,dense_nvfp4,skip,,,K%32!=0
module_forward,m,4096,4096,128,8,0,5,20,False,2.9.0+cu128,12.8,sparse_bf16,skip,,,K%64!=0
module_forward,m,4096,4096,128,8,0,5,20,False,2.9.0+cu128,12.8,sparse_nvfp4,skip,,,K%64!=0
module_forward,m,4096,4096,128,8,0,5,20,False,2.9.0+cu128,12.8,marlin_nvfp4,skip,,,K%128!=0
module_forward,m,4096,4096,128,16,0,5,20,False,2.9.0+cu128,12.8,dense_bf16,pass,0.022014,0.762102,
module_forward,m,4096,4096,128,16,0,5,20,False,2.9.0+cu128,12.8,dense_nvfp4,skip,,,K%32!=0
module_forward,m,4096,4096,128,16,0,5,20,False,2.9.0+cu128,12.8,sparse_bf16,skip,,,K%64!=0
module_forward,m,4096,4096,128,16,0,5,20,False,2.9.0+cu128,12.8,sparse_nvfp4,skip,,,K%64!=0
module_forward,m,4096,4096,128,16,0,5,20,False,2.9.0+cu128,12.8,marlin_nvfp4,skip,,,K%128!=0
module_forward,m,4096,4096,128,32,0,5,20,False,2.9.0+cu128,12.8,dense_bf16,pass,0.022354,1.501075,
module_forward,m,4096,4096,128,32,0,5,20,False,2.9.0+cu128,12.8,dense_nvfp4,error,,,module output contains NaN/Inf
module_forward,m,4096,4096,128,32,0,5,20,False,2.9.0+cu128,12.8,sparse_bf16,skip,,,K%64!=0
module_forward,m,4096,4096,128,32,0,5,20,False,2.9.0+cu128,12.8,sparse_nvfp4,skip,,,K%64!=0
module_forward,m,4096,4096,128,32,0,5,20,False,2.9.0+cu128,12.8,marlin_nvfp4,skip,,,K%128!=0
module_forward,m,4096,4096,128,64,0,5,20,False,2.9.0+cu128,12.8,dense_bf16,pass,0.022122,3.033635,
module_forward,m,4096,4096,128,64,0,5,20,False,2.9.0+cu128,12.8,dense_nvfp4,pass,0.121768,0.551121,
module_forward,m,4096,4096,128,64,0,5,20,False,2.9.0+cu128,12.8,sparse_bf16,pass,0.032930,2.037950,
module_forward,m,4096,4096,128,64,0,5,20,False,2.9.0+cu128,12.8,sparse_nvfp4,pass,0.123109,0.545118,
module_forward,m,4096,4096,128,64,0,5,20,False,2.9.0+cu128,12.8,marlin_nvfp4,skip,,,K%128!=0
module_forward,m,4096,4096,128,128,0,5,20,False,2.9.0+cu128,12.8,dense_bf16,pass,0.022150,6.059382,
module_forward,m,4096,4096,128,128,0,5,20,False,2.9.0+cu128,12.8,dense_nvfp4,pass,0.121050,1.108783,
module_forward,m,4096,4096,128,128,0,5,20,False,2.9.0+cu128,12.8,sparse_bf16,pass,0.033666,3.986792,
module_forward,m,4096,4096,128,128,0,5,20,False,2.9.0+cu128,12.8,sparse_nvfp4,pass,0.124062,1.081857,
module_forward,m,4096,4096,128,128,0,5,20,False,2.9.0+cu128,12.8,marlin_nvfp4,pass,0.038037,3.528628,
module_forward,m,4096,4096,128,256,0,5,20,False,2.9.0+cu128,12.8,dense_bf16,pass,0.022627,11.863397,
module_forward,m,4096,4096,128,256,0,5,20,False,2.9.0+cu128,12.8,dense_nvfp4,pass,0.122294,2.194994,
module_forward,m,4096,4096,128,256,0,5,20,False,2.9.0+cu128,12.8,sparse_bf16,pass,0.033872,7.924996,
module_forward,m,4096,4096,128,256,0,5,20,False,2.9.0+cu128,12.8,sparse_nvfp4,pass,0.123082,2.180955,
module_forward,m,4096,4096,128,256,0,5,20,False,2.9.0+cu128,12.8,marlin_nvfp4,pass,0.038642,6.946800,
module_forward,m,4096,4096,128,512,0,5,20,False,2.9.0+cu128,12.8,dense_bf16,pass,0.022619,23.735186,
module_forward,m,4096,4096,128,512,0,5,20,False,2.9.0+cu128,12.8,dense_nvfp4,pass,0.122080,4.397697,
module_forward,m,4096,4096,128,512,0,5,20,False,2.9.0+cu128,12.8,sparse_bf16,pass,0.032987,16.275128,
module_forward,m,4096,4096,128,512,0,5,20,False,2.9.0+cu128,12.8,sparse_nvfp4,pass,0.125101,4.291507,
module_forward,m,4096,4096,128,512,0,5,20,False,2.9.0+cu128,12.8,marlin_nvfp4,pass,0.038688,13.876936,
module_forward,m,4096,4096,128,1024,0,5,20,False,2.9.0+cu128,12.8,dense_bf16,pass,0.025702,41.775936,
module_forward,m,4096,4096,128,1024,0,5,20,False,2.9.0+cu128,12.8,dense_nvfp4,pass,0.121118,8.865225,
module_forward,m,4096,4096,128,1024,0,5,20,False,2.9.0+cu128,12.8,sparse_bf16,pass,0.036827,29.156217,
module_forward,m,4096,4096,128,1024,0,5,20,False,2.9.0+cu128,12.8,sparse_nvfp4,pass,0.123238,8.712721,
module_forward,m,4096,4096,128,1024,0,5,20,False,2.9.0+cu128,12.8,marlin_nvfp4,pass,0.040128,26.757920,
module_forward,m,4096,4096,128,2048,0,5,20,False,2.9.0+cu128,12.8,dense_bf16,pass,0.035256,60.911155,
module_forward,m,4096,4096,128,2048,0,5,20,False,2.9.0+cu128,12.8,dense_nvfp4,pass,0.172275,12.465425,
module_forward,m,4096,4096,128,2048,0,5,20,False,2.9.0+cu128,12.8,sparse_bf16,pass,0.048312,44.450315,
module_forward,m,4096,4096,128,2048,0,5,20,False,2.9.0+cu128,12.8,sparse_nvfp4,pass,0.172102,12.477941,
module_forward,m,4096,4096,128,2048,0,5,20,False,2.9.0+cu128,12.8,marlin_nvfp4,pass,0.045662,47.029583,
module_forward,m,4096,4096,128,4096,0,5,20,False,2.9.0+cu128,12.8,dense_bf16,pass,0.066738,64.356035,
module_forward,m,4096,4096,128,4096,0,5,20,False,2.9.0+cu128,12.8,dense_nvfp4,pass,0.298163,14.404753,
module_forward,m,4096,4096,128,4096,0,5,20,False,2.9.0+cu128,12.8,sparse_bf16,pass,0.071694,59.906594,
module_forward,m,4096,4096,128,4096,0,5,20,False,2.9.0+cu128,12.8,sparse_nvfp4,pass,0.296698,14.475909,
module_forward,m,4096,4096,128,4096,0,5,20,False,2.9.0+cu128,12.8,marlin_nvfp4,pass,0.056141,76.503493,
module_forward,m,4096,4096,128,8192,0,5,20,False,2.9.0+cu128,12.8,dense_bf16,pass,0.059651,144.002713,
module_forward,m,4096,4096,128,8192,0,5,20,False,2.9.0+cu128,12.8,dense_nvfp4,pass,0.766274,11.210010,
module_forward,m,4096,4096,128,8192,0,5,20,False,2.9.0+cu128,12.8,sparse_bf16,pass,0.117126,73.339013,
module_forward,m,4096,4096,128,8192,0,5,20,False,2.9.0+cu128,12.8,sparse_nvfp4,pass,0.750042,11.452611,
module_forward,m,4096,4096,128,8192,0,5,20,False,2.9.0+cu128,12.8,marlin_nvfp4,pass,0.077173,111.307799,
module_forward,m,4096,4096,128,16384,0,5,20,False,2.9.0+cu128,12.8,dense_bf16,pass,0.111112,154.617585,
module_forward,m,4096,4096,128,16384,0,5,20,False,2.9.0+cu128,12.8,dense_nvfp4,pass,1.533707,11.201531,
module_forward,m,4096,4096,128,16384,0,5,20,False,2.9.0+cu128,12.8,sparse_bf16,pass,0.208894,82.241885,
module_forward,m,4096,4096,128,16384,0,5,20,False,2.9.0+cu128,12.8,sparse_nvfp4,pass,1.511603,11.365330,
module_forward,m,4096,4096,128,16384,0,5,20,False,2.9.0+cu128,12.8,marlin_nvfp4,pass,0.121651,141.222356,
module_forward,m,4096,4096,256,1,0,5,20,False,2.9.0+cu128,12.8,dense_bf16,pass,0.021427,0.097873,
module_forward,m,4096,4096,256,1,0,5,20,False,2.9.0+cu128,12.8,dense_nvfp4,skip,,,K%32!=0
module_forward,m,4096,4096,256,1,0,5,20,False,2.9.0+cu128,12.8,sparse_bf16,skip,,,K%64!=0
module_forward,m,4096,4096,256,1,0,5,20,False,2.9.0+cu128,12.8,sparse_nvfp4,skip,,,K%64!=0
module_forward,m,4096,4096,256,1,0,5,20,False,2.9.0+cu128,12.8,marlin_nvfp4,skip,,,K%128!=0
module_forward,m,4096,4096,256,2,0,5,20,False,2.9.0+cu128,12.8,dense_bf16,pass,0.022562,0.185905,
module_forward,m,4096,4096,256,2,0,5,20,False,2.9.0+cu128,12.8,dense_nvfp4,skip,,,K%32!=0
module_forward,m,4096,4096,256,2,0,5,20,False,2.9.0+cu128,12.8,sparse_bf16,skip,,,K%64!=0
module_forward,m,4096,4096,256,2,0,5,20,False,2.9.0+cu128,12.8,sparse_nvfp4,skip,,,K%64!=0
module_forward,m,4096,4096,256,2,0,5,20,False,2.9.0+cu128,12.8,marlin_nvfp4,skip,,,K%128!=0
module_forward,m,4096,4096,256,4,0,5,20,False,2.9.0+cu128,12.8,dense_bf16,pass,0.022842,0.367251,
module_forward,m,4096,4096,256,4,0,5,20,False,2.9.0+cu128,12.8,dense_nvfp4,skip,,,K%32!=0
module_forward,m,4096,4096,256,4,0,5,20,False,2.9.0+cu128,12.8,sparse_bf16,skip,,,K%64!=0
module_forward,m,4096,4096,256,4,0,5,20,False,2.9.0+cu128,12.8,sparse_nvfp4,skip,,,K%64!=0
module_forward,m,4096,4096,256,4,0,5,20,False,2.9.0+cu128,12.8,marlin_nvfp4,skip,,,K%128!=0
module_forward,m,4096,4096,256,8,0,5,20,False,2.9.0+cu128,12.8,dense_bf16,pass,0.022539,0.744357,
module_forward,m,4096,4096,256,8,0,5,20,False,2.9.0+cu128,12.8,dense_nvfp4,skip,,,K%32!=0
module_forward,m,4096,4096,256,8,0,5,20,False,2.9.0+cu128,12.8,sparse_bf16,skip,,,K%64!=0
module_forward,m,4096,4096,256,8,0,5,20,False,2.9.0+cu128,12.8,sparse_nvfp4,skip,,,K%64!=0
module_forward,m,4096,4096,256,8,0,5,20,False,2.9.0+cu128,12.8,marlin_nvfp4,skip,,,K%128!=0
module_forward,m,4096,4096,256,16,0,5,20,False,2.9.0+cu128,12.8,dense_bf16,pass,0.022846,1.468697,
module_forward,m,4096,4096,256,16,0,5,20,False,2.9.0+cu128,12.8,dense_nvfp4,skip,,,K%32!=0
module_forward,m,4096,4096,256,16,0,5,20,False,2.9.0+cu128,12.8,sparse_bf16,skip,,,K%64!=0
module_forward,m,4096,4096,256,16,0,5,20,False,2.9.0+cu128,12.8,sparse_nvfp4,skip,,,K%64!=0
module_forward,m,4096,4096,256,16,0,5,20,False,2.9.0+cu128,12.8,marlin_nvfp4,skip,,,K%128!=0
module_forward,m,4096,4096,256,32,0,5,20,False,2.9.0+cu128,12.8,dense_bf16,pass,0.022352,3.002365,
module_forward,m,4096,4096,256,32,0,5,20,False,2.9.0+cu128,12.8,dense_nvfp4,pass,0.121747,0.551215,
module_forward,m,4096,4096,256,32,0,5,20,False,2.9.0+cu128,12.8,sparse_bf16,skip,,,K%64!=0
module_forward,m,4096,4096,256,32,0,5,20,False,2.9.0+cu128,12.8,sparse_nvfp4,skip,,,K%64!=0
module_forward,m,4096,4096,256,32,0,5,20,False,2.9.0+cu128,12.8,marlin_nvfp4,skip,,,K%128!=0
module_forward,m,4096,4096,256,64,0,5,20,False,2.9.0+cu128,12.8,dense_bf16,pass,0.022877,5.866980,
module_forward,m,4096,4096,256,64,0,5,20,False,2.9.0+cu128,12.8,dense_nvfp4,pass,0.121762,1.102299,
module_forward,m,4096,4096,256,64,0,5,20,False,2.9.0+cu128,12.8,sparse_bf16,pass,0.032866,4.083836,
module_forward,m,4096,4096,256,64,0,5,20,False,2.9.0+cu128,12.8,sparse_nvfp4,pass,0.123270,1.088807,
module_forward,m,4096,4096,256,64,0,5,20,False,2.9.0+cu128,12.8,marlin_nvfp4,skip,,,K%128!=0
module_forward,m,4096,4096,256,128,0,5,20,False,2.9.0+cu128,12.8,dense_bf16,pass,0.022418,11.974317,
module_forward,m,4096,4096,256,128,0,5,20,False,2.9.0+cu128,12.8,dense_nvfp4,pass,0.121877,2.202515,
module_forward,m,4096,4096,256,128,0,5,20,False,2.9.0+cu128,12.8,sparse_bf16,pass,0.033070,8.117091,
module_forward,m,4096,4096,256,128,0,5,20,False,2.9.0+cu128,12.8,sparse_nvfp4,pass,0.123779,2.168664,
module_forward,m,4096,4096,256,128,0,5,20,False,2.9.0+cu128,12.8,marlin_nvfp4,pass,0.038946,6.892575,
module_forward,m,4096,4096,256,256,0,5,20,False,2.9.0+cu128,12.8,dense_bf16,pass,0.022822,23.523859,
module_forward,m,4096,4096,256,256,0,5,20,False,2.9.0+cu128,12.8,dense_nvfp4,pass,0.123333,4.353026,
module_forward,m,4096,4096,256,256,0,5,20,False,2.9.0+cu128,12.8,sparse_bf16,pass,0.033485,16.033272,
module_forward,m,4096,4096,256,256,0,5,20,False,2.9.0+cu128,12.8,sparse_nvfp4,pass,0.123976,4.330442,
module_forward,m,4096,4096,256,256,0,5,20,False,2.9.0+cu128,12.8,marlin_nvfp4,pass,0.039088,13.734929,
module_forward,m,4096,4096,256,512,0,5,20,False,2.9.0+cu128,12.8,dense_bf16,pass,0.027373,39.226598,
module_forward,m,4096,4096,256,512,0,5,20,False,2.9.0+cu128,12.8,dense_nvfp4,pass,0.122877,8.738361,
module_forward,m,4096,4096,256,512,0,5,20,False,2.9.0+cu128,12.8,sparse_bf16,pass,0.033627,31.930753,
module_forward,m,4096,4096,256,512,0,5,20,False,2.9.0+cu128,12.8,sparse_nvfp4,pass,0.125021,8.588506,
module_forward,m,4096,4096,256,512,0,5,20,False,2.9.0+cu128,12.8,marlin_nvfp4,pass,0.040331,26.623106,
module_forward,m,4096,4096,256,1024,0,5,20,False,2.9.0+cu128,12.8,dense_bf16,pass,0.035069,61.236303,
module_forward,m,4096,4096,256,1024,0,5,20,False,2.9.0+cu128,12.8,dense_nvfp4,pass,0.122835,17.482640,
module_forward,m,4096,4096,256,1024,0,5,20,False,2.9.0+cu128,12.8,sparse_bf16,pass,0.037034,57.987439,
module_forward,m,4096,4096,256,1024,0,5,20,False,2.9.0+cu128,12.8,sparse_nvfp4,pass,0.123752,17.353123,
module_forward,m,4096,4096,256,1024,0,5,20,False,2.9.0+cu128,12.8,marlin_nvfp4,pass,0.046862,45.825302,
module_forward,m,4096,4096,256,2048,0,5,20,False,2.9.0+cu128,12.8,dense_bf16,pass,0.046314,92.736633,
module_forward,m,4096,4096,256,2048,0,5,20,False,2.9.0+cu128,12.8,dense_nvfp4,pass,0.172608,24.882782,
module_forward,m,4096,4096,256,2048,0,5,20,False,2.9.0+cu128,12.8,sparse_bf16,pass,0.048557,88.452437,
module_forward,m,4096,4096,256,2048,0,5,20,False,2.9.0+cu128,12.8,sparse_nvfp4,pass,0.172101,24.956115,
module_forward,m,4096,4096,256,2048,0,5,20,False,2.9.0+cu128,12.8,marlin_nvfp4,pass,0.056106,76.551491,
module_forward,m,4096,4096,256,4096,0,5,20,False,2.9.0+cu128,12.8,dense_bf16,pass,0.068930,124.618953,
module_forward,m,4096,4096,256,4096,0,5,20,False,2.9.0+cu128,12.8,dense_nvfp4,pass,0.301102,28.528283,
module_forward,m,4096,4096,256,4096,0,5,20,False,2.9.0+cu128,12.8,sparse_bf16,pass,0.071339,120.409741,
module_forward,m,4096,4096,256,4096,0,5,20,False,2.9.0+cu128,12.8,sparse_nvfp4,pass,0.296163,29.004058,
module_forward,m,4096,4096,256,4096,0,5,20,False,2.9.0+cu128,12.8,marlin_nvfp4,pass,0.074856,114.752786,
module_forward,m,4096,4096,256,8192,0,5,20,False,2.9.0+cu128,12.8,dense_bf16,pass,0.107379,159.992523,
module_forward,m,4096,4096,256,8192,0,5,20,False,2.9.0+cu128,12.8,dense_nvfp4,pass,0.766866,22.402712,
module_forward,m,4096,4096,256,8192,0,5,20,False,2.9.0+cu128,12.8,sparse_bf16,pass,0.117210,146.573907,
module_forward,m,4096,4096,256,8192,0,5,20,False,2.9.0+cu128,12.8,sparse_nvfp4,pass,0.754314,22.775500,
module_forward,m,4096,4096,256,8192,0,5,20,False,2.9.0+cu128,12.8,marlin_nvfp4,pass,0.109840,156.408132,
module_forward,m,4096,4096,256,16384,0,5,20,False,2.9.0+cu128,12.8,dense_bf16,pass,0.182891,187.869828,
module_forward,m,4096,4096,256,16384,0,5,20,False,2.9.0+cu128,12.8,dense_nvfp4,pass,1.543478,22.261237,
module_forward,m,4096,4096,256,16384,0,5,20,False,2.9.0+cu128,12.8,sparse_bf16,pass,0.209325,164.145570,
module_forward,m,4096,4096,256,16384,0,5,20,False,2.9.0+cu128,12.8,sparse_nvfp4,pass,1.523835,22.548199,
module_forward,m,4096,4096,256,16384,0,5,20,False,2.9.0+cu128,12.8,marlin_nvfp4,pass,0.184432,186.300307,
module_forward,m,4096,4096,512,1,0,5,20,False,2.9.0+cu128,12.8,dense_bf16,pass,0.021525,0.194859,
module_forward,m,4096,4096,512,1,0,5,20,False,2.9.0+cu128,12.8,dense_nvfp4,skip,,,K%32!=0
module_forward,m,4096,4096,512,1,0,5,20,False,2.9.0+cu128,12.8,sparse_bf16,skip,,,K%64!=0
module_forward,m,4096,4096,512,1,0,5,20,False,2.9.0+cu128,12.8,sparse_nvfp4,skip,,,K%64!=0
module_forward,m,4096,4096,512,1,0,5,20,False,2.9.0+cu128,12.8,marlin_nvfp4,skip,,,K%128!=0
module_forward,m,4096,4096,512,2,0,5,20,False,2.9.0+cu128,12.8,dense_bf16,pass,0.022677,0.369920,
module_forward,m,4096,4096,512,2,0,5,20,False,2.9.0+cu128,12.8,dense_nvfp4,skip,,,K%32!=0
module_forward,m,4096,4096,512,2,0,5,20,False,2.9.0+cu128,12.8,sparse_bf16,skip,,,K%64!=0
module_forward,m,4096,4096,512,2,0,5,20,False,2.9.0+cu128,12.8,sparse_nvfp4,skip,,,K%64!=0
module_forward,m,4096,4096,512,2,0,5,20,False,2.9.0+cu128,12.8,marlin_nvfp4,skip,,,K%128!=0
module_forward,m,4096,4096,512,4,0,5,20,False,2.9.0+cu128,12.8,dense_bf16,pass,0.022554,0.743882,
module_forward,m,4096,4096,512,4,0,5,20,False,2.9.0+cu128,12.8,dense_nvfp4,skip,,,K%32!=0
module_forward,m,4096,4096,512,4,0,5,20,False,2.9.0+cu128,12.8,sparse_bf16,skip,,,K%64!=0
module_forward,m,4096,4096,512,4,0,5,20,False,2.9.0+cu128,12.8,sparse_nvfp4,skip,,,K%64!=0
module_forward,m,4096,4096,512,4,0,5,20,False,2.9.0+cu128,12.8,marlin_nvfp4,skip,,,K%128!=0
module_forward,m,4096,4096,512,8,0,5,20,False,2.9.0+cu128,12.8,dense_bf16,pass,0.022357,1.500860,
module_forward,m,4096,4096,512,8,0,5,20,False,2.9.0+cu128,12.8,dense_nvfp4,skip,,,K%32!=0
module_forward,m,4096,4096,512,8,0,5,20,False,2.9.0+cu128,12.8,sparse_bf16,skip,,,K%64!=0
module_forward,m,4096,4096,512,8,0,5,20,False,2.9.0+cu128,12.8,sparse_nvfp4,skip,,,K%64!=0
module_forward,m,4096,4096,512,8,0,5,20,False,2.9.0+cu128,12.8,marlin_nvfp4,skip,,,K%128!=0
module_forward,m,4096,4096,512,16,0,5,20,False,2.9.0+cu128,12.8,dense_bf16,pass,0.022158,3.028597,
module_forward,m,4096,4096,512,16,0,5,20,False,2.9.0+cu128,12.8,dense_nvfp4,skip,,,K%32!=0
module_forward,m,4096,4096,512,16,0,5,20,False,2.9.0+cu128,12.8,sparse_bf16,skip,,,K%64!=0
module_forward,m,4096,4096,512,16,0,5,20,False,2.9.0+cu128,12.8,sparse_nvfp4,skip,,,K%64!=0
module_forward,m,4096,4096,512,16,0,5,20,False,2.9.0+cu128,12.8,marlin_nvfp4,skip,,,K%128!=0
module_forward,m,4096,4096,512,32,0,5,20,False,2.9.0+cu128,12.8,dense_bf16,pass,0.022536,5.955703,
module_forward,m,4096,4096,512,32,0,5,20,False,2.9.0+cu128,12.8,dense_nvfp4,error,,,module output contains NaN/Inf
module_forward,m,4096,4096,512,32,0,5,20,False,2.9.0+cu128,12.8,sparse_bf16,skip,,,K%64!=0
module_forward,m,4096,4096,512,32,0,5,20,False,2.9.0+cu128,12.8,sparse_nvfp4,skip,,,K%64!=0
module_forward,m,4096,4096,512,32,0,5,20,False,2.9.0+cu128,12.8,marlin_nvfp4,skip,,,K%128!=0
module_forward,m,4096,4096,512,64,0,5,20,False,2.9.0+cu128,12.8,dense_bf16,pass,0.022192,12.096046,
module_forward,m,4096,4096,512,64,0,5,20,False,2.9.0+cu128,12.8,dense_nvfp4,pass,0.121251,2.213879,
module_forward,m,4096,4096,512,64,0,5,20,False,2.9.0+cu128,12.8,sparse_bf16,pass,0.032981,8.139143,
module_forward,m,4096,4096,512,64,0,5,20,False,2.9.0+cu128,12.8,sparse_nvfp4,pass,0.124902,2.149162,
module_forward,m,4096,4096,512,64,0,5,20,False,2.9.0+cu128,12.8,marlin_nvfp4,skip,,,K%128!=0
module_forward,m,4096,4096,512,128,0,5,20,False,2.9.0+cu128,12.8,dense_bf16,pass,0.022347,24.024080,
module_forward,m,4096,4096,512,128,0,5,20,False,2.9.0+cu128,12.8,dense_nvfp4,pass,0.122448,4.384481,
module_forward,m,4096,4096,512,128,0,5,20,False,2.9.0+cu128,12.8,sparse_bf16,pass,0.033685,15.938076,
module_forward,m,4096,4096,512,128,0,5,20,False,2.9.0+cu128,12.8,sparse_nvfp4,pass,0.123872,4.334078,
module_forward,m,4096,4096,512,128,0,5,20,False,2.9.0+cu128,12.8,marlin_nvfp4,pass,0.038597,13.909726,
module_forward,m,4096,4096,512,256,0,5,20,False,2.9.0+cu128,12.8,dense_bf16,pass,0.027902,38.482060,
module_forward,m,4096,4096,512,256,0,5,20,False,2.9.0+cu128,12.8,dense_nvfp4,pass,0.121994,8.801624,
module_forward,m,4096,4096,512,256,0,5,20,False,2.9.0+cu128,12.8,sparse_bf16,pass,0.033584,31.971827,
module_forward,m,4096,4096,512,256,0,5,20,False,2.9.0+cu128,12.8,sparse_nvfp4,pass,0.124526,8.622604,
module_forward,m,4096,4096,512,256,0,5,20,False,2.9.0+cu128,12.8,marlin_nvfp4,pass,0.038997,27.534101,
module_forward,m,4096,4096,512,512,0,5,20,False,2.9.0+cu128,12.8,dense_bf16,pass,0.038446,55.856560,
module_forward,m,4096,4096,512,512,0,5,20,False,2.9.0+cu128,12.8,dense_nvfp4,pass,0.121674,17.649545,
module_forward,m,4096,4096,512,512,0,5,20,False,2.9.0+cu128,12.8,sparse_bf16,pass,0.033827,63.483932,
module_forward,m,4096,4096,512,512,0,5,20,False,2.9.0+cu128,12.8,sparse_nvfp4,pass,0.124187,17.292311,
module_forward,m,4096,4096,512,512,0,5,20,False,2.9.0+cu128,12.8,marlin_nvfp4,pass,0.045171,47.540992,
module_forward,m,4096,4096,512,1024,0,5,20,False,2.9.0+cu128,12.8,dense_bf16,pass,0.040354,106.433312,
module_forward,m,4096,4096,512,1024,0,5,20,False,2.9.0+cu128,12.8,dense_nvfp4,pass,0.122378,35.096025,
module_forward,m,4096,4096,512,1024,0,5,20,False,2.9.0+cu128,12.8,sparse_bf16,pass,0.038178,112.499668,
module_forward,m,4096,4096,512,1024,0,5,20,False,2.9.0+cu128,12.8,sparse_nvfp4,pass,0.123600,34.748927,
module_forward,m,4096,4096,512,1024,0,5,20,False,2.9.0+cu128,12.8,marlin_nvfp4,pass,0.055098,77.951986,
module_forward,m,4096,4096,512,2048,0,5,20,False,2.9.0+cu128,12.8,dense_bf16,pass,0.063181,135.957990,
module_forward,m,4096,4096,512,2048,0,5,20,False,2.9.0+cu128,12.8,dense_nvfp4,pass,0.172944,49.668879,
module_forward,m,4096,4096,512,2048,0,5,20,False,2.9.0+cu128,12.8,sparse_bf16,pass,0.049262,174.371012,
module_forward,m,4096,4096,512,2048,0,5,20,False,2.9.0+cu128,12.8,sparse_nvfp4,pass,0.173123,49.617467,
module_forward,m,4096,4096,512,2048,0,5,20,False,2.9.0+cu128,12.8,marlin_nvfp4,pass,0.073011,117.652285,
module_forward,m,4096,4096,512,4096,0,5,20,False,2.9.0+cu128,12.8,dense_bf16,pass,0.108811,157.886957,
module_forward,m,4096,4096,512,4096,0,5,20,False,2.9.0+cu128,12.8,dense_nvfp4,pass,0.306189,56.108744,
module_forward,m,4096,4096,512,4096,0,5,20,False,2.9.0+cu128,12.8,sparse_bf16,pass,0.072130,238.180570,
module_forward,m,4096,4096,512,4096,0,5,20,False,2.9.0+cu128,12.8,sparse_nvfp4,pass,0.296826,57.878664,
module_forward,m,4096,4096,512,4096,0,5,20,False,2.9.0+cu128,12.8,marlin_nvfp4,pass,0.108864,157.810380,
module_forward,m,4096,4096,512,8192,0,5,20,False,2.9.0+cu128,12.8,dense_bf16,pass,0.179312,191.619849,
module_forward,m,4096,4096,512,8192,0,5,20,False,2.9.0+cu128,12.8,dense_nvfp4,pass,0.767518,44.767316,
module_forward,m,4096,4096,512,8192,0,5,20,False,2.9.0+cu128,12.8,sparse_bf16,pass,0.118464,290.043712,
module_forward,m,4096,4096,512,8192,0,5,20,False,2.9.0+cu128,12.8,sparse_nvfp4,pass,0.753062,45.626681,
module_forward,m,4096,4096,512,8192,0,5,20,False,2.9.0+cu128,12.8,marlin_nvfp4,pass,0.179931,190.960426,
module_forward,m,4096,4096,512,16384,0,5,20,False,2.9.0+cu128,12.8,dense_bf16,pass,0.328362,209.279882,
module_forward,m,4096,4096,512,16384,0,5,20,False,2.9.0+cu128,12.8,dense_nvfp4,pass,1.548346,44.382518,
module_forward,m,4096,4096,512,16384,0,5,20,False,2.9.0+cu128,12.8,sparse_bf16,pass,0.211485,324.938138,
module_forward,m,4096,4096,512,16384,0,5,20,False,2.9.0+cu128,12.8,sparse_nvfp4,pass,1.531200,44.879491,
module_forward,m,4096,4096,512,16384,0,5,20,False,2.9.0+cu128,12.8,marlin_nvfp4,pass,0.326106,210.727680,
module_forward,m,4096,4096,1024,1,0,5,20,False,2.9.0+cu128,12.8,dense_bf16,pass,0.021878,0.383420,
module_forward,m,4096,4096,1024,1,0,5,20,False,2.9.0+cu128,12.8,dense_nvfp4,skip,,,K%32!=0
module_forward,m,4096,4096,1024,1,0,5,20,False,2.9.0+cu128,12.8,sparse_bf16,skip,,,K%64!=0
module_forward,m,4096,4096,1024,1,0,5,20,False,2.9.0+cu128,12.8,sparse_nvfp4,skip,,,K%64!=0
module_forward,m,4096,4096,1024,1,0,5,20,False,2.9.0+cu128,12.8,marlin_nvfp4,skip,,,K%128!=0
module_forward,m,4096,4096,1024,2,0,5,20,False,2.9.0+cu128,12.8,dense_bf16,pass,0.023480,0.714532,
module_forward,m,4096,4096,1024,2,0,5,20,False,2.9.0+cu128,12.8,dense_nvfp4,skip,,,K%32!=0
module_forward,m,4096,4096,1024,2,0,5,20,False,2.9.0+cu128,12.8,sparse_bf16,skip,,,K%64!=0
module_forward,m,4096,4096,1024,2,0,5,20,False,2.9.0+cu128,12.8,sparse_nvfp4,skip,,,K%64!=0
module_forward,m,4096,4096,1024,2,0,5,20,False,2.9.0+cu128,12.8,marlin_nvfp4,skip,,,K%128!=0
module_forward,m,4096,4096,1024,4,0,5,20,False,2.9.0+cu128,12.8,dense_bf16,pass,0.023760,1.412224,
module_forward,m,4096,4096,1024,4,0,5,20,False,2.9.0+cu128,12.8,dense_nvfp4,skip,,,K%32!=0
module_forward,m,4096,4096,1024,4,0,5,20,False,2.9.0+cu128,12.8,sparse_bf16,skip,,,K%64!=0
module_forward,m,4096,4096,1024,4,0,5,20,False,2.9.0+cu128,12.8,sparse_nvfp4,skip,,,K%64!=0
module_forward,m,4096,4096,1024,4,0,5,20,False,2.9.0+cu128,12.8,marlin_nvfp4,skip,,,K%128!=0
module_forward,m,4096,4096,1024,8,0,5,20,False,2.9.0+cu128,12.8,dense_bf16,pass,0.022323,3.006239,
module_forward,m,4096,4096,1024,8,0,5,20,False,2.9.0+cu128,12.8,dense_nvfp4,skip,,,K%32!=0
module_forward,m,4096,4096,1024,8,0,5,20,False,2.9.0+cu128,12.8,sparse_bf16,skip,,,K%64!=0
module_forward,m,4096,4096,1024,8,0,5,20,False,2.9.0+cu128,12.8,sparse_nvfp4,skip,,,K%64!=0
module_forward,m,4096,4096,1024,8,0,5,20,False,2.9.0+cu128,12.8,marlin_nvfp4,skip,,,K%128!=0
module_forward,m,4096,4096,1024,16,0,5,20,False,2.9.0+cu128,12.8,dense_bf16,pass,0.022389,5.994860,
module_forward,m,4096,4096,1024,16,0,5,20,False,2.9.0+cu128,12.8,dense_nvfp4,skip,,,K%32!=0
module_forward,m,4096,4096,1024,16,0,5,20,False,2.9.0+cu128,12.8,sparse_bf16,skip,,,K%64!=0
module_forward,m,4096,4096,1024,16,0,5,20,False,2.9.0+cu128,12.8,sparse_nvfp4,skip,,,K%64!=0
module_forward,m,4096,4096,1024,16,0,5,20,False,2.9.0+cu128,12.8,marlin_nvfp4,skip,,,K%128!=0
module_forward,m,4096,4096,1024,32,0,5,20,False,2.9.0+cu128,12.8,dense_bf16,pass,0.022646,11.853339,
module_forward,m,4096,4096,1024,32,0,5,20,False,2.9.0+cu128,12.8,dense_nvfp4,pass,0.122178,2.197092,
module_forward,m,4096,4096,1024,32,0,5,20,False,2.9.0+cu128,12.8,sparse_bf16,skip,,,K%64!=0
module_forward,m,4096,4096,1024,32,0,5,20,False,2.9.0+cu128,12.8,sparse_nvfp4,skip,,,K%64!=0
module_forward,m,4096,4096,1024,32,0,5,20,False,2.9.0+cu128,12.8,marlin_nvfp4,skip,,,K%128!=0
module_forward,m,4096,4096,1024,64,0,5,20,False,2.9.0+cu128,12.8,dense_bf16,pass,0.028854,18.606206,
module_forward,m,4096,4096,1024,64,0,5,20,False,2.9.0+cu128,12.8,dense_nvfp4,pass,0.149762,3.584837,
module_forward,m,4096,4096,1024,64,0,5,20,False,2.9.0+cu128,12.8,sparse_bf16,pass,0.106318,5.049652,
module_forward,m,4096,4096,1024,64,0,5,20,False,2.9.0+cu128,12.8,sparse_nvfp4,pass,0.220515,2.434621,
module_forward,m,4096,4096,1024,64,0,5,20,False,2.9.0+cu128,12.8,marlin_nvfp4,skip,,,K%128!=0
module_forward,m,4096,4096,1024,128,0,5,20,False,2.9.0+cu128,12.8,dense_bf16,pass,0.030621,35.065766,
module_forward,m,4096,4096,1024,128,0,5,20,False,2.9.0+cu128,12.8,dense_nvfp4,pass,0.125846,8.532162,
module_forward,m,4096,4096,1024,128,0,5,20,False,2.9.0+cu128,12.8,sparse_bf16,pass,0.034213,31.384213,
module_forward,m,4096,4096,1024,128,0,5,20,False,2.9.0+cu128,12.8,sparse_nvfp4,pass,0.124352,8.634697,
module_forward,m,4096,4096,1024,128,0,5,20,False,2.9.0+cu128,12.8,marlin_nvfp4,pass,0.040011,26.836032,
module_forward,m,4096,4096,1024,256,0,5,20,False,2.9.0+cu128,12.8,dense_bf16,pass,0.038088,56.382158,
module_forward,m,4096,4096,1024,256,0,5,20,False,2.9.0+cu128,12.8,dense_nvfp4,pass,0.123386,17.404654,
module_forward,m,4096,4096,1024,256,0,5,20,False,2.9.0+cu128,12.8,sparse_bf16,pass,0.035797,59.990939,
module_forward,m,4096,4096,1024,256,0,5,20,False,2.9.0+cu128,12.8,sparse_nvfp4,pass,0.123290,17.418206,
module_forward,m,4096,4096,1024,256,0,5,20,False,2.9.0+cu128,12.8,marlin_nvfp4,pass,0.048205,44.549166,
module_forward,m,4096,4096,1024,512,0,5,20,False,2.9.0+cu128,12.8,dense_bf16,pass,0.058131,73.884029,
module_forward,m,4096,4096,1024,512,0,5,20,False,2.9.0+cu128,12.8,dense_nvfp4,pass,0.123325,34.826469,
module_forward,m,4096,4096,1024,512,0,5,20,False,2.9.0+cu128,12.8,sparse_bf16,pass,0.040966,104.841219,
module_forward,m,4096,4096,1024,512,0,5,20,False,2.9.0+cu128,12.8,sparse_nvfp4,pass,0.124261,34.564137,
module_forward,m,4096,4096,1024,512,0,5,20,False,2.9.0+cu128,12.8,marlin_nvfp4,pass,0.057554,74.625519,
module_forward,m,4096,4096,1024,1024,0,5,20,False,2.9.0+cu128,12.8,dense_bf16,pass,0.066256,129.647650,
module_forward,m,4096,4096,1024,1024,0,5,20,False,2.9.0+cu128,12.8,dense_nvfp4,pass,0.122546,70.095822,
module_forward,m,4096,4096,1024,1024,0,5,20,False,2.9.0+cu128,12.8,sparse_bf16,pass,0.052470,163.710101,
module_forward,m,4096,4096,1024,1024,0,5,20,False,2.9.0+cu128,12.8,sparse_nvfp4,pass,0.123622,69.485260,
module_forward,m,4096,4096,1024,1024,0,5,20,False,2.9.0+cu128,12.8,marlin_nvfp4,pass,0.075517,113.748657,
module_forward,m,4096,4096,1024,2048,0,5,20,False,2.9.0+cu128,12.8,dense_bf16,pass,0.112173,153.155393,
module_forward,m,4096,4096,1024,2048,0,5,20,False,2.9.0+cu128,12.8,dense_nvfp4,pass,0.181806,94.495404,
module_forward,m,4096,4096,1024,2048,0,5,20,False,2.9.0+cu128,12.8,sparse_bf16,pass,0.075616,227.198862,
module_forward,m,4096,4096,1024,2048,0,5,20,False,2.9.0+cu128,12.8,sparse_nvfp4,pass,0.173776,98.862151,
module_forward,m,4096,4096,1024,2048,0,5,20,False,2.9.0+cu128,12.8,marlin_nvfp4,pass,0.111954,153.455264,
module_forward,m,4096,4096,1024,4096,0,5,20,False,2.9.0+cu128,12.8,dense_bf16,pass,0.204386,168.112325,
module_forward,m,4096,4096,1024,4096,0,5,20,False,2.9.0+cu128,12.8,dense_nvfp4,pass,0.330392,103.996884,
module_forward,m,4096,4096,1024,4096,0,5,20,False,2.9.0+cu128,12.8,sparse_bf16,pass,0.122192,281.194662,
module_forward,m,4096,4096,1024,4096,0,5,20,False,2.9.0+cu128,12.8,sparse_nvfp4,pass,0.311450,110.321986,
module_forward,m,4096,4096,1024,4096,0,5,20,False,2.9.0+cu128,12.8,marlin_nvfp4,pass,0.182760,188.004698,
module_forward,m,4096,4096,1024,8192,0,5,20,False,2.9.0+cu128,12.8,dense_bf16,pass,0.389418,176.467313,
module_forward,m,4096,4096,1024,8192,0,5,20,False,2.9.0+cu128,12.8,dense_nvfp4,pass,0.803066,85.571437,
module_forward,m,4096,4096,1024,8192,0,5,20,False,2.9.0+cu128,12.8,sparse_bf16,pass,0.215114,319.456683,
module_forward,m,4096,4096,1024,8192,0,5,20,False,2.9.0+cu128,12.8,sparse_nvfp4,pass,0.783798,87.674939,
module_forward,m,4096,4096,1024,8192,0,5,20,False,2.9.0+cu128,12.8,marlin_nvfp4,pass,0.325648,211.023798,
module_forward,m,4096,4096,1024,16384,0,5,20,False,2.9.0+cu128,12.8,dense_bf16,pass,0.755283,181.970093,
module_forward,m,4096,4096,1024,16384,0,5,20,False,2.9.0+cu128,12.8,dense_nvfp4,pass,1.618675,84.908296,
module_forward,m,4096,4096,1024,16384,0,5,20,False,2.9.0+cu128,12.8,sparse_bf16,pass,0.406621,338.002759,
module_forward,m,4096,4096,1024,16384,0,5,20,False,2.9.0+cu128,12.8,sparse_nvfp4,pass,1.586741,86.617142,
module_forward,m,4096,4096,1024,16384,0,5,20,False,2.9.0+cu128,12.8,marlin_nvfp4,pass,0.612480,224.397457,
module_forward,m,4096,4096,2048,1,0,5,20,False,2.9.0+cu128,12.8,dense_bf16,pass,0.021781,0.770275,
module_forward,m,4096,4096,2048,1,0,5,20,False,2.9.0+cu128,12.8,dense_nvfp4,skip,,,K%32!=0
module_forward,m,4096,4096,2048,1,0,5,20,False,2.9.0+cu128,12.8,sparse_bf16,skip,,,K%64!=0
module_forward,m,4096,4096,2048,1,0,5,20,False,2.9.0+cu128,12.8,sparse_nvfp4,skip,,,K%64!=0
module_forward,m,4096,4096,2048,1,0,5,20,False,2.9.0+cu128,12.8,marlin_nvfp4,skip,,,K%128!=0
module_forward,m,4096,4096,2048,2,0,5,20,False,2.9.0+cu128,12.8,dense_bf16,pass,0.024179,1.387740,
module_forward,m,4096,4096,2048,2,0,5,20,False,2.9.0+cu128,12.8,dense_nvfp4,skip,,,K%32!=0
module_forward,m,4096,4096,2048,2,0,5,20,False,2.9.0+cu128,12.8,sparse_bf16,skip,,,K%64!=0
module_forward,m,4096,4096,2048,2,0,5,20,False,2.9.0+cu128,12.8,sparse_nvfp4,skip,,,K%64!=0
module_forward,m,4096,4096,2048,2,0,5,20,False,2.9.0+cu128,12.8,marlin_nvfp4,skip,,,K%128!=0
module_forward,m,4096,4096,2048,4,0,5,20,False,2.9.0+cu128,12.8,dense_bf16,pass,0.024310,2.760500,
module_forward,m,4096,4096,2048,4,0,5,20,False,2.9.0+cu128,12.8,dense_nvfp4,skip,,,K%32!=0
module_forward,m,4096,4096,2048,4,0,5,20,False,2.9.0+cu128,12.8,sparse_bf16,skip,,,K%64!=0
module_forward,m,4096,4096,2048,4,0,5,20,False,2.9.0+cu128,12.8,sparse_nvfp4,skip,,,K%64!=0
module_forward,m,4096,4096,2048,4,0,5,20,False,2.9.0+cu128,12.8,marlin_nvfp4,skip,,,K%128!=0
module_forward,m,4096,4096,2048,8,0,5,20,False,2.9.0+cu128,12.8,dense_bf16,pass,0.022579,5.944308,
module_forward,m,4096,4096,2048,8,0,5,20,False,2.9.0+cu128,12.8,dense_nvfp4,skip,,,K%32!=0
module_forward,m,4096,4096,2048,8,0,5,20,False,2.9.0+cu128,12.8,sparse_bf16,skip,,,K%64!=0
module_forward,m,4096,4096,2048,8,0,5,20,False,2.9.0+cu128,12.8,sparse_nvfp4,skip,,,K%64!=0
module_forward,m,4096,4096,2048,8,0,5,20,False,2.9.0+cu128,12.8,marlin_nvfp4,skip,,,K%128!=0
module_forward,m,4096,4096,2048,16,0,5,20,False,2.9.0+cu128,12.8,dense_bf16,pass,0.022235,12.072545,
module_forward,m,4096,4096,2048,16,0,5,20,False,2.9.0+cu128,12.8,dense_nvfp4,skip,,,K%32!=0
module_forward,m,4096,4096,2048,16,0,5,20,False,2.9.0+cu128,12.8,sparse_bf16,skip,,,K%64!=0
module_forward,m,4096,4096,2048,16,0,5,20,False,2.9.0+cu128,12.8,sparse_nvfp4,skip,,,K%64!=0
module_forward,m,4096,4096,2048,16,0,5,20,False,2.9.0+cu128,12.8,marlin_nvfp4,skip,,,K%128!=0
module_forward,m,4096,4096,2048,32,0,5,20,False,2.9.0+cu128,12.8,dense_bf16,pass,0.022934,23.408980,
module_forward,m,4096,4096,2048,32,0,5,20,False,2.9.0+cu128,12.8,dense_nvfp4,pass,0.121950,4.402371,
module_forward,m,4096,4096,2048,32,0,5,20,False,2.9.0+cu128,12.8,sparse_bf16,skip,,,K%64!=0
module_forward,m,4096,4096,2048,32,0,5,20,False,2.9.0+cu128,12.8,sparse_nvfp4,skip,,,K%64!=0
module_forward,m,4096,4096,2048,32,0,5,20,False,2.9.0+cu128,12.8,marlin_nvfp4,skip,,,K%128!=0
module_forward,m,4096,4096,2048,64,0,5,20,False,2.9.0+cu128,12.8,dense_bf16,pass,0.027666,38.811442,
module_forward,m,4096,4096,2048,64,0,5,20,False,2.9.0+cu128,12.8,dense_nvfp4,pass,0.123480,8.695674,
module_forward,m,4096,4096,2048,64,0,5,20,False,2.9.0+cu128,12.8,sparse_bf16,pass,0.036059,29.777195,
module_forward,m,4096,4096,2048,64,0,5,20,False,2.9.0+cu128,12.8,sparse_nvfp4,pass,0.124670,8.612644,
module_forward,m,4096,4096,2048,64,0,5,20,False,2.9.0+cu128,12.8,marlin_nvfp4,skip,,,K%128!=0
module_forward,m,4096,4096,2048,128,0,5,20,False,2.9.0+cu128,12.8,dense_bf16,pass,0.036914,58.175947,
module_forward,m,4096,4096,2048,128,0,5,20,False,2.9.0+cu128,12.8,dense_nvfp4,pass,0.121590,17.661622,
module_forward,m,4096,4096,2048,128,0,5,20,False,2.9.0+cu128,12.8,sparse_bf16,pass,0.039608,54.218432,
module_forward,m,4096,4096,2048,128,0,5,20,False,2.9.0+cu128,12.8,sparse_nvfp4,pass,0.122586,17.518237,
module_forward,m,4096,4096,2048,128,0,5,20,False,2.9.0+cu128,12.8,marlin_nvfp4,pass,0.050883,42.204178,
module_forward,m,4096,4096,2048,256,0,5,20,False,2.9.0+cu128,12.8,dense_bf16,pass,0.055509,77.374530,
module_forward,m,4096,4096,2048,256,0,5,20,False,2.9.0+cu128,12.8,dense_nvfp4,pass,0.121707,35.289344,
module_forward,m,4096,4096,2048,256,0,5,20,False,2.9.0+cu128,12.8,sparse_bf16,pass,0.044774,95.924620,
module_forward,m,4096,4096,2048,256,0,5,20,False,2.9.0+cu128,12.8,sparse_nvfp4,pass,0.122882,34.952078,
module_forward,m,4096,4096,2048,256,0,5,20,False,2.9.0+cu128,12.8,marlin_nvfp4,pass,0.060637,70.831035,
module_forward,m,4096,4096,2048,512,0,5,20,False,2.9.0+cu128,12.8,dense_bf16,pass,0.068616,125.188508,
module_forward,m,4096,4096,2048,512,0,5,20,False,2.9.0+cu128,12.8,dense_nvfp4,pass,0.121758,70.549010,
module_forward,m,4096,4096,2048,512,0,5,20,False,2.9.0+cu128,12.8,sparse_bf16,pass,0.056936,150.870005,
module_forward,m,4096,4096,2048,512,0,5,20,False,2.9.0+cu128,12.8,sparse_nvfp4,pass,0.123861,69.351519,
module_forward,m,4096,4096,2048,512,0,5,20,False,2.9.0+cu128,12.8,marlin_nvfp4,pass,0.078696,109.153382,
module_forward,m,4096,4096,2048,1024,0,5,20,False,2.9.0+cu128,12.8,dense_bf16,pass,0.113918,150.808553,
module_forward,m,4096,4096,2048,1024,0,5,20,False,2.9.0+cu128,12.8,dense_nvfp4,pass,0.129224,132.946428,
module_forward,m,4096,4096,2048,1024,0,5,20,False,2.9.0+cu128,12.8,sparse_bf16,pass,0.080002,214.744070,
module_forward,m,4096,4096,2048,1024,0,5,20,False,2.9.0+cu128,12.8,sparse_nvfp4,pass,0.124925,137.521687,
module_forward,m,4096,4096,2048,1024,0,5,20,False,2.9.0+cu128,12.8,marlin_nvfp4,pass,0.114480,150.068739,
module_forward,m,4096,4096,2048,2048,0,5,20,False,2.9.0+cu128,12.8,dense_bf16,pass,0.204475,168.038659,
module_forward,m,4096,4096,2048,2048,0,5,20,False,2.9.0+cu128,12.8,dense_nvfp4,pass,0.195587,175.674782,
module_forward,m,4096,4096,2048,2048,0,5,20,False,2.9.0+cu128,12.8,sparse_bf16,pass,0.126378,271.881551,
module_forward,m,4096,4096,2048,2048,0,5,20,False,2.9.0+cu128,12.8,sparse_nvfp4,pass,0.184523,186.208229,
module_forward,m,4096,4096,2048,2048,0,5,20,False,2.9.0+cu128,12.8,marlin_nvfp4,pass,0.186054,184.675764,
module_forward,m,4096,4096,2048,4096,0,5,20,False,2.9.0+cu128,12.8,dense_bf16,pass,0.387698,177.250200,
module_forward,m,4096,4096,2048,4096,0,5,20,False,2.9.0+cu128,12.8,dense_nvfp4,pass,0.360200,190.781447,
module_forward,m,4096,4096,2048,4096,0,5,20,False,2.9.0+cu128,12.8,sparse_bf16,pass,0.221701,309.964945,
module_forward,m,4096,4096,2048,4096,0,5,20,False,2.9.0+cu128,12.8,sparse_nvfp4,pass,0.338123,203.237984,
module_forward,m,4096,4096,2048,4096,0,5,20,False,2.9.0+cu128,12.8,marlin_nvfp4,pass,0.327574,209.782806,
module_forward,m,4096,4096,2048,8192,0,5,20,False,2.9.0+cu128,12.8,dense_bf16,pass,0.751483,182.890254,
module_forward,m,4096,4096,2048,8192,0,5,20,False,2.9.0+cu128,12.8,dense_nvfp4,pass,0.864266,159.023977,
module_forward,m,4096,4096,2048,8192,0,5,20,False,2.9.0+cu128,12.8,sparse_bf16,pass,0.415469,330.804513,
module_forward,m,4096,4096,2048,8192,0,5,20,False,2.9.0+cu128,12.8,sparse_nvfp4,pass,0.825968,166.397431,
module_forward,m,4096,4096,2048,8192,0,5,20,False,2.9.0+cu128,12.8,marlin_nvfp4,pass,0.615624,223.251455,
module_forward,m,4096,4096,2048,16384,0,5,20,False,2.9.0+cu128,12.8,dense_bf16,pass,1.483208,185.326609,
module_forward,m,4096,4096,2048,16384,0,5,20,False,2.9.0+cu128,12.8,dense_nvfp4,pass,1.736832,158.263958,
module_forward,m,4096,4096,2048,16384,0,5,20,False,2.9.0+cu128,12.8,sparse_bf16,pass,0.796323,345.183848,
module_forward,m,4096,4096,2048,16384,0,5,20,False,2.9.0+cu128,12.8,sparse_nvfp4,pass,1.665754,165.017147,
module_forward,m,4096,4096,2048,16384,0,5,20,False,2.9.0+cu128,12.8,marlin_nvfp4,pass,1.189317,231.122530,
module_forward,m,4096,4096,4096,1,0,5,20,False,2.9.0+cu128,12.8,dense_bf16,pass,0.027304,1.228920,
module_forward,m,4096,4096,4096,1,0,5,20,False,2.9.0+cu128,12.8,dense_nvfp4,skip,,,K%32!=0
module_forward,m,4096,4096,4096,1,0,5,20,False,2.9.0+cu128,12.8,sparse_bf16,skip,,,K%64!=0
module_forward,m,4096,4096,4096,1,0,5,20,False,2.9.0+cu128,12.8,sparse_nvfp4,skip,,,K%64!=0
module_forward,m,4096,4096,4096,1,0,5,20,False,2.9.0+cu128,12.8,marlin_nvfp4,skip,,,K%128!=0
module_forward,m,4096,4096,4096,2,0,5,20,False,2.9.0+cu128,12.8,dense_bf16,pass,0.032771,2.047800,
module_forward,m,4096,4096,4096,2,0,5,20,False,2.9.0+cu128,12.8,dense_nvfp4,skip,,,K%32!=0
module_forward,m,4096,4096,4096,2,0,5,20,False,2.9.0+cu128,12.8,sparse_bf16,skip,,,K%64!=0
module_forward,m,4096,4096,4096,2,0,5,20,False,2.9.0+cu128,12.8,sparse_nvfp4,skip,,,K%64!=0
module_forward,m,4096,4096,4096,2,0,5,20,False,2.9.0+cu128,12.8,marlin_nvfp4,skip,,,K%128!=0
module_forward,m,4096,4096,4096,4,0,5,20,False,2.9.0+cu128,12.8,dense_bf16,pass,0.032637,4.112466,
module_forward,m,4096,4096,4096,4,0,5,20,False,2.9.0+cu128,12.8,dense_nvfp4,skip,,,K%32!=0
module_forward,m,4096,4096,4096,4,0,5,20,False,2.9.0+cu128,12.8,sparse_bf16,skip,,,K%64!=0
module_forward,m,4096,4096,4096,4,0,5,20,False,2.9.0+cu128,12.8,sparse_nvfp4,skip,,,K%64!=0
module_forward,m,4096,4096,4096,4,0,5,20,False,2.9.0+cu128,12.8,marlin_nvfp4,skip,,,K%128!=0
module_forward,m,4096,4096,4096,8,0,5,20,False,2.9.0+cu128,12.8,dense_bf16,pass,0.033211,8.082679,
module_forward,m,4096,4096,4096,8,0,5,20,False,2.9.0+cu128,12.8,dense_nvfp4,skip,,,K%32!=0
module_forward,m,4096,4096,4096,8,0,5,20,False,2.9.0+cu128,12.8,sparse_bf16,skip,,,K%64!=0
module_forward,m,4096,4096,4096,8,0,5,20,False,2.9.0+cu128,12.8,sparse_nvfp4,skip,,,K%64!=0
module_forward,m,4096,4096,4096,8,0,5,20,False,2.9.0+cu128,12.8,marlin_nvfp4,skip,,,K%128!=0
module_forward,m,4096,4096,4096,16,0,5,20,False,2.9.0+cu128,12.8,dense_bf16,pass,0.033774,15.895794,
module_forward,m,4096,4096,4096,16,0,5,20,False,2.9.0+cu128,12.8,dense_nvfp4,skip,,,K%32!=0
module_forward,m,4096,4096,4096,16,0,5,20,False,2.9.0+cu128,12.8,sparse_bf16,skip,,,K%64!=0
module_forward,m,4096,4096,4096,16,0,5,20,False,2.9.0+cu128,12.8,sparse_nvfp4,skip,,,K%64!=0
module_forward,m,4096,4096,4096,16,0,5,20,False,2.9.0+cu128,12.8,marlin_nvfp4,skip,,,K%128!=0
module_forward,m,4096,4096,4096,32,0,5,20,False,2.9.0+cu128,12.8,dense_bf16,pass,0.033683,31.877667,
module_forward,m,4096,4096,4096,32,0,5,20,False,2.9.0+cu128,12.8,dense_nvfp4,error,,,module output contains NaN/Inf
module_forward,m,4096,4096,4096,32,0,5,20,False,2.9.0+cu128,12.8,sparse_bf16,skip,,,K%64!=0
module_forward,m,4096,4096,4096,32,0,5,20,False,2.9.0+cu128,12.8,sparse_nvfp4,skip,,,K%64!=0
module_forward,m,4096,4096,4096,32,0,5,20,False,2.9.0+cu128,12.8,marlin_nvfp4,skip,,,K%128!=0
module_forward,m,4096,4096,4096,64,0,5,20,False,2.9.0+cu128,12.8,dense_bf16,pass,0.038538,55.724374,
module_forward,m,4096,4096,4096,64,0,5,20,False,2.9.0+cu128,12.8,dense_nvfp4,pass,0.134234,15.998108,
module_forward,m,4096,4096,4096,64,0,5,20,False,2.9.0+cu128,12.8,sparse_bf16,pass,0.045406,47.294735,
module_forward,m,4096,4096,4096,64,0,5,20,False,2.9.0+cu128,12.8,sparse_nvfp4,pass,0.129864,16.536404,
module_forward,m,4096,4096,4096,64,0,5,20,False,2.9.0+cu128,12.8,marlin_nvfp4,skip,,,K%128!=0
module_forward,m,4096,4096,4096,128,0,5,20,False,2.9.0+cu128,12.8,dense_bf16,pass,0.056917,75.460450,
module_forward,m,4096,4096,4096,128,0,5,20,False,2.9.0+cu128,12.8,dense_nvfp4,pass,0.144646,29.692874,
module_forward,m,4096,4096,4096,128,0,5,20,False,2.9.0+cu128,12.8,sparse_bf16,pass,0.076514,56.133384,
module_forward,m,4096,4096,4096,128,0,5,20,False,2.9.0+cu128,12.8,sparse_nvfp4,pass,0.159818,26.874182,
module_forward,m,4096,4096,4096,128,0,5,20,False,2.9.0+cu128,12.8,marlin_nvfp4,pass,0.070187,61.193027,
module_forward,m,4096,4096,4096,256,0,5,20,False,2.9.0+cu128,12.8,dense_bf16,pass,0.093440,91.929950,
module_forward,m,4096,4096,4096,256,0,5,20,False,2.9.0+cu128,12.8,dense_nvfp4,pass,0.131573,65.286553,
module_forward,m,4096,4096,4096,256,0,5,20,False,2.9.0+cu128,12.8,sparse_bf16,pass,0.061499,139.675550,
module_forward,m,4096,4096,4096,256,0,5,20,False,2.9.0+cu128,12.8,sparse_nvfp4,pass,0.124098,69.219184,
module_forward,m,4096,4096,4096,256,0,5,20,False,2.9.0+cu128,12.8,marlin_nvfp4,pass,0.085416,100.565874,
module_forward,m,4096,4096,4096,512,0,5,20,False,2.9.0+cu128,12.8,dense_bf16,pass,0.119458,143.815622,
module_forward,m,4096,4096,4096,512,0,5,20,False,2.9.0+cu128,12.8,dense_nvfp4,pass,0.137765,124.704346,
module_forward,m,4096,4096,4096,512,0,5,20,False,2.9.0+cu128,12.8,sparse_bf16,pass,0.081850,209.895578,
module_forward,m,4096,4096,4096,512,0,5,20,False,2.9.0+cu128,12.8,sparse_nvfp4,pass,0.127995,134.222761,
module_forward,m,4096,4096,4096,512,0,5,20,False,2.9.0+cu128,12.8,marlin_nvfp4,pass,0.121469,141.434419,
module_forward,m,4096,4096,4096,1024,0,5,20,False,2.9.0+cu128,12.8,dense_bf16,pass,0.211424,162.515789,
module_forward,m,4096,4096,4096,1024,0,5,20,False,2.9.0+cu128,12.8,dense_nvfp4,pass,0.154797,221.966728,
module_forward,m,4096,4096,4096,1024,0,5,20,False,2.9.0+cu128,12.8,sparse_bf16,pass,0.121931,281.796111,
module_forward,m,4096,4096,4096,1024,0,5,20,False,2.9.0+cu128,12.8,sparse_nvfp4,pass,0.136307,252.075743,
module_forward,m,4096,4096,4096,1024,0,5,20,False,2.9.0+cu128,12.8,marlin_nvfp4,pass,0.193043,177.989892,
module_forward,m,4096,4096,4096,2048,0,5,20,False,2.9.0+cu128,12.8,dense_bf16,pass,0.394950,173.995207,
module_forward,m,4096,4096,4096,2048,0,5,20,False,2.9.0+cu128,12.8,dense_nvfp4,pass,0.234059,293.598699,
module_forward,m,4096,4096,4096,2048,0,5,20,False,2.9.0+cu128,12.8,sparse_bf16,pass,0.205264,334.785824,
module_forward,m,4096,4096,4096,2048,0,5,20,False,2.9.0+cu128,12.8,sparse_nvfp4,pass,0.204565,335.930112,
module_forward,m,4096,4096,4096,2048,0,5,20,False,2.9.0+cu128,12.8,marlin_nvfp4,pass,0.335338,204.926248,
module_forward,m,4096,4096,4096,4096,0,5,20,False,2.9.0+cu128,12.8,dense_bf16,pass,0.759526,180.953489,
module_forward,m,4096,4096,4096,4096,0,5,20,False,2.9.0+cu128,12.8,dense_nvfp4,pass,0.418573,328.351373,
module_forward,m,4096,4096,4096,4096,0,5,20,False,2.9.0+cu128,12.8,sparse_bf16,pass,0.370448,371.007412,
module_forward,m,4096,4096,4096,4096,0,5,20,False,2.9.0+cu128,12.8,sparse_nvfp4,pass,0.377917,363.675163,
module_forward,m,4096,4096,4096,4096,0,5,20,False,2.9.0+cu128,12.8,marlin_nvfp4,pass,0.620504,221.495676,
module_forward,m,4096,4096,4096,8192,0,5,20,False,2.9.0+cu128,12.8,dense_bf16,pass,1.494592,183.915013,
module_forward,m,4096,4096,4096,8192,0,5,20,False,2.9.0+cu128,12.8,dense_nvfp4,pass,0.965694,284.642748,
module_forward,m,4096,4096,4096,8192,0,5,20,False,2.9.0+cu128,12.8,sparse_bf16,pass,0.703856,390.531454,
module_forward,m,4096,4096,4096,8192,0,5,20,False,2.9.0+cu128,12.8,sparse_nvfp4,pass,0.914907,300.443485,
module_forward,m,4096,4096,4096,8192,0,5,20,False,2.9.0+cu128,12.8,marlin_nvfp4,pass,1.195998,229.831334,
module_forward,m,4096,4096,4096,16384,0,5,20,False,2.9.0+cu128,12.8,dense_bf16,pass,2.954670,186.063330,
module_forward,m,4096,4096,4096,16384,0,5,20,False,2.9.0+cu128,12.8,dense_nvfp4,pass,1.913013,287.376964,
module_forward,m,4096,4096,4096,16384,0,5,20,False,2.9.0+cu128,12.8,sparse_bf16,pass,1.370318,401.188378,
module_forward,m,4096,4096,4096,16384,0,5,20,False,2.9.0+cu128,12.8,sparse_nvfp4,pass,1.831640,300.144029,
module_forward,m,4096,4096,4096,16384,0,5,20,False,2.9.0+cu128,12.8,marlin_nvfp4,pass,2.341280,234.809941,
module_forward,m,4096,4096,8192,1,0,5,20,False,2.9.0+cu128,12.8,dense_bf16,pass,0.045077,1.488767,
module_forward,m,4096,4096,8192,1,0,5,20,False,2.9.0+cu128,12.8,dense_nvfp4,skip,,,K%32!=0
module_forward,m,4096,4096,8192,1,0,5,20,False,2.9.0+cu128,12.8,sparse_bf16,skip,,,K%64!=0
module_forward,m,4096,4096,8192,1,0,5,20,False,2.9.0+cu128,12.8,sparse_nvfp4,skip,,,K%64!=0
module_forward,m,4096,4096,8192,1,0,5,20,False,2.9.0+cu128,12.8,marlin_nvfp4,skip,,,K%128!=0
module_forward,m,4096,4096,8192,2,0,5,20,False,2.9.0+cu128,12.8,dense_bf16,pass,0.056038,2.395103,
module_forward,m,4096,4096,8192,2,0,5,20,False,2.9.0+cu128,12.8,dense_nvfp4,skip,,,K%32!=0
module_forward,m,4096,4096,8192,2,0,5,20,False,2.9.0+cu128,12.8,sparse_bf16,skip,,,K%64!=0
module_forward,m,4096,4096,8192,2,0,5,20,False,2.9.0+cu128,12.8,sparse_nvfp4,skip,,,K%64!=0
module_forward,m,4096,4096,8192,2,0,5,20,False,2.9.0+cu128,12.8,marlin_nvfp4,skip,,,K%128!=0
module_forward,m,4096,4096,8192,4,0,5,20,False,2.9.0+cu128,12.8,dense_bf16,pass,0.053933,4.977221,
module_forward,m,4096,4096,8192,4,0,5,20,False,2.9.0+cu128,12.8,dense_nvfp4,skip,,,K%32!=0
module_forward,m,4096,4096,8192,4,0,5,20,False,2.9.0+cu128,12.8,sparse_bf16,skip,,,K%64!=0
module_forward,m,4096,4096,8192,4,0,5,20,False,2.9.0+cu128,12.8,sparse_nvfp4,skip,,,K%64!=0
module_forward,m,4096,4096,8192,4,0,5,20,False,2.9.0+cu128,12.8,marlin_nvfp4,skip,,,K%128!=0
module_forward,m,4096,4096,8192,8,0,5,20,False,2.9.0+cu128,12.8,dense_bf16,pass,0.054352,9.877666,
module_forward,m,4096,4096,8192,8,0,5,20,False,2.9.0+cu128,12.8,dense_nvfp4,skip,,,K%32!=0
module_forward,m,4096,4096,8192,8,0,5,20,False,2.9.0+cu128,12.8,sparse_bf16,skip,,,K%64!=0
module_forward,m,4096,4096,8192,8,0,5,20,False,2.9.0+cu128,12.8,sparse_nvfp4,skip,,,K%64!=0
module_forward,m,4096,4096,8192,8,0,5,20,False,2.9.0+cu128,12.8,marlin_nvfp4,skip,,,K%128!=0
module_forward,m,4096,4096,8192,16,0,5,20,False,2.9.0+cu128,12.8,dense_bf16,pass,0.053619,20.025324,
module_forward,m,4096,4096,8192,16,0,5,20,False,2.9.0+cu128,12.8,dense_nvfp4,skip,,,K%32!=0
module_forward,m,4096,4096,8192,16,0,5,20,False,2.9.0+cu128,12.8,sparse_bf16,skip,,,K%64!=0
module_forward,m,4096,4096,8192,16,0,5,20,False,2.9.0+cu128,12.8,sparse_nvfp4,skip,,,K%64!=0
module_forward,m,4096,4096,8192,16,0,5,20,False,2.9.0+cu128,12.8,marlin_nvfp4,skip,,,K%128!=0
module_forward,m,4096,4096,8192,32,0,5,20,False,2.9.0+cu128,12.8,dense_bf16,pass,0.053592,40.070974,
module_forward,m,4096,4096,8192,32,0,5,20,False,2.9.0+cu128,12.8,dense_nvfp4,error,,,module output contains NaN/Inf
module_forward,m,4096,4096,8192,32,0,5,20,False,2.9.0+cu128,12.8,sparse_bf16,skip,,,K%64!=0
module_forward,m,4096,4096,8192,32,0,5,20,False,2.9.0+cu128,12.8,sparse_nvfp4,skip,,,K%64!=0
module_forward,m,4096,4096,8192,32,0,5,20,False,2.9.0+cu128,12.8,marlin_nvfp4,skip,,,K%128!=0
module_forward,m,4096,4096,8192,64,0,5,20,False,2.9.0+cu128,12.8,dense_bf16,pass,0.060859,70.572195,
module_forward,m,4096,4096,8192,64,0,5,20,False,2.9.0+cu128,12.8,dense_nvfp4,pass,0.182378,23.549862,
module_forward,m,4096,4096,8192,64,0,5,20,False,2.9.0+cu128,12.8,sparse_bf16,pass,0.064688,66.395116,
module_forward,m,4096,4096,8192,64,0,5,20,False,2.9.0+cu128,12.8,sparse_nvfp4,pass,0.151960,28.263802,
module_forward,m,4096,4096,8192,64,0,5,20,False,2.9.0+cu128,12.8,marlin_nvfp4,skip,,,K%128!=0
module_forward,m,4096,4096,8192,128,0,5,20,False,2.9.0+cu128,12.8,dense_bf16,pass,0.097419,88.174966,
module_forward,m,4096,4096,8192,128,0,5,20,False,2.9.0+cu128,12.8,dense_nvfp4,pass,0.179786,47.778768,
module_forward,m,4096,4096,8192,128,0,5,20,False,2.9.0+cu128,12.8,sparse_bf16,pass,0.075637,113.568192,
module_forward,m,4096,4096,8192,128,0,5,20,False,2.9.0+cu128,12.8,sparse_nvfp4,pass,0.148933,57.676581,
module_forward,m,4096,4096,8192,128,0,5,20,False,2.9.0+cu128,12.8,marlin_nvfp4,pass,0.124707,68.880823,
module_forward,m,4096,4096,8192,256,0,5,20,False,2.9.0+cu128,12.8,dense_bf16,pass,0.172752,99.448163,
module_forward,m,4096,4096,8192,256,0,5,20,False,2.9.0+cu128,12.8,dense_nvfp4,pass,0.180669,95.090404,
module_forward,m,4096,4096,8192,256,0,5,20,False,2.9.0+cu128,12.8,sparse_bf16,pass,0.094157,182.460208,
module_forward,m,4096,4096,8192,256,0,5,20,False,2.9.0+cu128,12.8,sparse_nvfp4,pass,0.144203,119.136533,
module_forward,m,4096,4096,8192,256,0,5,20,False,2.9.0+cu128,12.8,marlin_nvfp4,pass,0.164586,104.382577,
module_forward,m,4096,4096,8192,512,0,5,20,False,2.9.0+cu128,12.8,dense_bf16,pass,0.196309,175.029027,
module_forward,m,4096,4096,8192,512,0,5,20,False,2.9.0+cu128,12.8,dense_nvfp4,pass,0.182922,187.838606,
module_forward,m,4096,4096,8192,512,0,5,20,False,2.9.0+cu128,12.8,sparse_bf16,pass,0.130957,262.374602,
module_forward,m,4096,4096,8192,512,0,5,20,False,2.9.0+cu128,12.8,sparse_nvfp4,pass,0.146493,234.548990,
module_forward,m,4096,4096,8192,512,0,5,20,False,2.9.0+cu128,12.8,marlin_nvfp4,pass,0.237896,144.431763,
module_forward,m,4096,4096,8192,1024,0,5,20,False,2.9.0+cu128,12.8,dense_bf16,pass,0.356928,192.530362,
module_forward,m,4096,4096,8192,1024,0,5,20,False,2.9.0+cu128,12.8,dense_nvfp4,pass,0.208925,328.919674,
module_forward,m,4096,4096,8192,1024,0,5,20,False,2.9.0+cu128,12.8,sparse_bf16,pass,0.207418,331.309767,
module_forward,m,4096,4096,8192,1024,0,5,20,False,2.9.0+cu128,12.8,sparse_nvfp4,pass,0.185856,369.745808,
module_forward,m,4096,4096,8192,1024,0,5,20,False,2.9.0+cu128,12.8,marlin_nvfp4,pass,0.383122,179.367274,
module_forward,m,4096,4096,8192,2048,0,5,20,False,2.9.0+cu128,12.8,dense_bf16,pass,0.676902,203.041021,
module_forward,m,4096,4096,8192,2048,0,5,20,False,2.9.0+cu128,12.8,dense_nvfp4,pass,0.306133,448.952068,
module_forward,m,4096,4096,8192,2048,0,5,20,False,2.9.0+cu128,12.8,sparse_bf16,pass,0.361014,380.702136,
module_forward,m,4096,4096,8192,2048,0,5,20,False,2.9.0+cu128,12.8,sparse_nvfp4,pass,0.255750,537.394866,
module_forward,m,4096,4096,8192,2048,0,5,20,False,2.9.0+cu128,12.8,marlin_nvfp4,pass,0.667638,205.858371,
module_forward,m,4096,4096,8192,4096,0,5,20,False,2.9.0+cu128,12.8,dense_bf16,pass,1.316544,208.787480,
module_forward,m,4096,4096,8192,4096,0,5,20,False,2.9.0+cu128,12.8,dense_nvfp4,pass,0.534982,513.807382,
module_forward,m,4096,4096,8192,4096,0,5,20,False,2.9.0+cu128,12.8,sparse_bf16,pass,0.666742,412.270029,
module_forward,m,4096,4096,8192,4096,0,5,20,False,2.9.0+cu128,12.8,sparse_nvfp4,pass,0.464080,592.307162,
module_forward,m,4096,4096,8192,4096,0,5,20,False,2.9.0+cu128,12.8,marlin_nvfp4,pass,1.238336,221.973606,
module_forward,m,4096,4096,8192,8192,0,5,20,False,2.9.0+cu128,12.8,dense_bf16,pass,2.599974,211.446625,
module_forward,m,4096,4096,8192,8192,0,5,20,False,2.9.0+cu128,12.8,dense_nvfp4,pass,1.169083,470.245245,
module_forward,m,4096,4096,8192,8192,0,5,20,False,2.9.0+cu128,12.8,sparse_bf16,pass,1.273347,431.740700,
module_forward,m,4096,4096,8192,8192,0,5,20,False,2.9.0+cu128,12.8,sparse_nvfp4,pass,1.067843,514.828221,
module_forward,m,4096,4096,8192,8192,0,5,20,False,2.9.0+cu128,12.8,marlin_nvfp4,pass,2.386266,230.383329,
module_forward,m,4096,4096,8192,16384,0,5,20,False,2.9.0+cu128,12.8,dense_bf16,pass,5.164074,212.915561,
module_forward,m,4096,4096,8192,16384,0,5,20,False,2.9.0+cu128,12.8,dense_nvfp4,pass,2.304387,477.138405,
module_forward,m,4096,4096,8192,16384,0,5,20,False,2.9.0+cu128,12.8,sparse_bf16,pass,2.553693,430.557519,
module_forward,m,4096,4096,8192,16384,0,5,20,False,2.9.0+cu128,12.8,sparse_nvfp4,pass,2.128731,516.510317,
module_forward,m,4096,4096,8192,16384,0,5,20,False,2.9.0+cu128,12.8,marlin_nvfp4,pass,4.694917,234.191930,
module_forward,m,4096,4096,16384,1,0,5,20,False,2.9.0+cu128,12.8,dense_bf16,pass,0.094190,1.424962,
module_forward,m,4096,4096,16384,1,0,5,20,False,2.9.0+cu128,12.8,dense_nvfp4,skip,,,K%32!=0
module_forward,m,4096,4096,16384,1,0,5,20,False,2.9.0+cu128,12.8,sparse_bf16,skip,,,K%64!=0
module_forward,m,4096,4096,16384,1,0,5,20,False,2.9.0+cu128,12.8,sparse_nvfp4,skip,,,K%64!=0
module_forward,m,4096,4096,16384,1,0,5,20,False,2.9.0+cu128,12.8,marlin_nvfp4,skip,,,K%128!=0
module_forward,m,4096,4096,16384,2,0,5,20,False,2.9.0+cu128,12.8,dense_bf16,pass,0.095066,2.823687,
module_forward,m,4096,4096,16384,2,0,5,20,False,2.9.0+cu128,12.8,dense_nvfp4,skip,,,K%32!=0
module_forward,m,4096,4096,16384,2,0,5,20,False,2.9.0+cu128,12.8,sparse_bf16,skip,,,K%64!=0
module_forward,m,4096,4096,16384,2,0,5,20,False,2.9.0+cu128,12.8,sparse_nvfp4,skip,,,K%64!=0
module_forward,m,4096,4096,16384,2,0,5,20,False,2.9.0+cu128,12.8,marlin_nvfp4,skip,,,K%128!=0
module_forward,m,4096,4096,16384,4,0,5,20,False,2.9.0+cu128,12.8,dense_bf16,pass,0.094627,5.673537,
module_forward,m,4096,4096,16384,4,0,5,20,False,2.9.0+cu128,12.8,dense_nvfp4,skip,,,K%32!=0
module_forward,m,4096,4096,16384,4,0,5,20,False,2.9.0+cu128,12.8,sparse_bf16,skip,,,K%64!=0
module_forward,m,4096,4096,16384,4,0,5,20,False,2.9.0+cu128,12.8,sparse_nvfp4,skip,,,K%64!=0
module_forward,m,4096,4096,16384,4,0,5,20,False,2.9.0+cu128,12.8,marlin_nvfp4,skip,,,K%128!=0
module_forward,m,4096,4096,16384,8,0,5,20,False,2.9.0+cu128,12.8,dense_bf16,pass,0.094930,11.310928,
module_forward,m,4096,4096,16384,8,0,5,20,False,2.9.0+cu128,12.8,dense_nvfp4,skip,,,K%32!=0
module_forward,m,4096,4096,16384,8,0,5,20,False,2.9.0+cu128,12.8,sparse_bf16,skip,,,K%64!=0
module_forward,m,4096,4096,16384,8,0,5,20,False,2.9.0+cu128,12.8,sparse_nvfp4,skip,,,K%64!=0
module_forward,m,4096,4096,16384,8,0,5,20,False,2.9.0+cu128,12.8,marlin_nvfp4,skip,,,K%128!=0
module_forward,m,4096,4096,16384,16,0,5,20,False,2.9.0+cu128,12.8,dense_bf16,pass,0.096486,22.256854,
module_forward,m,4096,4096,16384,16,0,5,20,False,2.9.0+cu128,12.8,dense_nvfp4,skip,,,K%32!=0
module_forward,m,4096,4096,16384,16,0,5,20,False,2.9.0+cu128,12.8,sparse_bf16,skip,,,K%64!=0
module_forward,m,4096,4096,16384,16,0,5,20,False,2.9.0+cu128,12.8,sparse_nvfp4,skip,,,K%64!=0
module_forward,m,4096,4096,16384,16,0,5,20,False,2.9.0+cu128,12.8,marlin_nvfp4,skip,,,K%128!=0
module_forward,m,4096,4096,16384,32,0,5,20,False,2.9.0+cu128,12.8,dense_bf16,pass,0.096738,44.398117,
module_forward,m,4096,4096,16384,32,0,5,20,False,2.9.0+cu128,12.8,dense_nvfp4,error,,,module output contains NaN/Inf
module_forward,m,4096,4096,16384,32,0,5,20,False,2.9.0+cu128,12.8,sparse_bf16,skip,,,K%64!=0
module_forward,m,4096,4096,16384,32,0,5,20,False,2.9.0+cu128,12.8,sparse_nvfp4,skip,,,K%64!=0
module_forward,m,4096,4096,16384,32,0,5,20,False,2.9.0+cu128,12.8,marlin_nvfp4,skip,,,K%128!=0
module_forward,m,4096,4096,16384,64,0,5,20,False,2.9.0+cu128,12.8,dense_bf16,pass,0.099683,86.172339,
module_forward,m,4096,4096,16384,64,0,5,20,False,2.9.0+cu128,12.8,dense_nvfp4,pass,0.267859,32.068843,
module_forward,m,4096,4096,16384,64,0,5,20,False,2.9.0+cu128,12.8,sparse_bf16,pass,0.105155,81.688157,
module_forward,m,4096,4096,16384,64,0,5,20,False,2.9.0+cu128,12.8,sparse_nvfp4,pass,0.195310,43.980938,
module_forward,m,4096,4096,16384,64,0,5,20,False,2.9.0+cu128,12.8,marlin_nvfp4,skip,,,K%128!=0
module_forward,m,4096,4096,16384,128,0,5,20,False,2.9.0+cu128,12.8,dense_bf16,pass,0.119525,143.734766,
module_forward,m,4096,4096,16384,128,0,5,20,False,2.9.0+cu128,12.8,dense_nvfp4,pass,0.264091,65.052790,
module_forward,m,4096,4096,16384,128,0,5,20,False,2.9.0+cu128,12.8,sparse_bf16,pass,0.126565,135.739709,
module_forward,m,4096,4096,16384,128,0,5,20,False,2.9.0+cu128,12.8,sparse_nvfp4,pass,0.190902,89.992944,
module_forward,m,4096,4096,16384,128,0,5,20,False,2.9.0+cu128,12.8,marlin_nvfp4,pass,0.190909,89.989928,
module_forward,m,4096,4096,16384,256,0,5,20,False,2.9.0+cu128,12.8,dense_bf16,pass,0.183653,187.090741,
module_forward,m,4096,4096,16384,256,0,5,20,False,2.9.0+cu128,12.8,dense_nvfp4,pass,0.264554,129.878175,
module_forward,m,4096,4096,16384,256,0,5,20,False,2.9.0+cu128,12.8,sparse_bf16,pass,0.162398,211.576826,
module_forward,m,4096,4096,16384,256,0,5,20,False,2.9.0+cu128,12.8,sparse_nvfp4,pass,0.187949,182.814354,
module_forward,m,4096,4096,16384,256,0,5,20,False,2.9.0+cu128,12.8,marlin_nvfp4,pass,0.266382,128.986517,
module_forward,m,4096,4096,16384,512,0,5,20,False,2.9.0+cu128,12.8,dense_bf16,pass,0.353678,194.299332,
module_forward,m,4096,4096,16384,512,0,5,20,False,2.9.0+cu128,12.8,dense_nvfp4,pass,0.275262,249.650795,
module_forward,m,4096,4096,16384,512,0,5,20,False,2.9.0+cu128,12.8,sparse_bf16,pass,0.234994,292.431272,
module_forward,m,4096,4096,16384,512,0,5,20,False,2.9.0+cu128,12.8,sparse_nvfp4,pass,0.191709,358.457604,
module_forward,m,4096,4096,16384,512,0,5,20,False,2.9.0+cu128,12.8,marlin_nvfp4,pass,0.410394,167.447729,
module_forward,m,4096,4096,16384,1024,0,5,20,False,2.9.0+cu128,12.8,dense_bf16,pass,0.650578,211.256817,
module_forward,m,4096,4096,16384,1024,0,5,20,False,2.9.0+cu128,12.8,dense_nvfp4,pass,0.316426,434.348398,
module_forward,m,4096,4096,16384,1024,0,5,20,False,2.9.0+cu128,12.8,sparse_bf16,pass,0.381384,360.368953,
module_forward,m,4096,4096,16384,1024,0,5,20,False,2.9.0+cu128,12.8,sparse_nvfp4,pass,0.225342,609.911638,
module_forward,m,4096,4096,16384,1024,0,5,20,False,2.9.0+cu128,12.8,marlin_nvfp4,pass,0.697467,197.054361,
module_forward,m,4096,4096,16384,2048,0,5,20,False,2.9.0+cu128,12.8,dense_bf16,pass,1.247389,220.362657,
module_forward,m,4096,4096,16384,2048,0,5,20,False,2.9.0+cu128,12.8,dense_nvfp4,pass,0.460683,596.674474,
module_forward,m,4096,4096,16384,2048,0,5,20,False,2.9.0+cu128,12.8,sparse_bf16,pass,0.671253,409.499826,
module_forward,m,4096,4096,16384,2048,0,5,20,False,2.9.0+cu128,12.8,sparse_nvfp4,pass,0.347168,791.772022,
module_forward,m,4096,4096,16384,2048,0,5,20,False,2.9.0+cu128,12.8,marlin_nvfp4,pass,1.269576,216.511579,
module_forward,m,4096,4096,16384,4096,0,5,20,False,2.9.0+cu128,12.8,dense_bf16,pass,2.437384,225.551583,
module_forward,m,4096,4096,16384,4096,0,5,20,False,2.9.0+cu128,12.8,dense_nvfp4,pass,0.785691,699.709772,
module_forward,m,4096,4096,16384,4096,0,5,20,False,2.9.0+cu128,12.8,sparse_bf16,pass,1.249490,439.984308,
module_forward,m,4096,4096,16384,4096,0,5,20,False,2.9.0+cu128,12.8,sparse_nvfp4,pass,0.633448,867.878366,
module_forward,m,4096,4096,16384,4096,0,5,20,False,2.9.0+cu128,12.8,marlin_nvfp4,pass,2.413592,227.774956,
module_forward,m,4096,4096,16384,8192,0,5,20,False,2.9.0+cu128,12.8,dense_bf16,pass,4.822042,228.017865,
module_forward,m,4096,4096,16384,8192,0,5,20,False,2.9.0+cu128,12.8,dense_nvfp4,pass,1.603570,685.665047,
module_forward,m,4096,4096,16384,8192,0,5,20,False,2.9.0+cu128,12.8,sparse_bf16,pass,2.755226,399.064103,
module_forward,m,4096,4096,16384,8192,0,5,20,False,2.9.0+cu128,12.8,sparse_nvfp4,pass,1.376238,798.925261,
module_forward,m,4096,4096,16384,8192,0,5,20,False,2.9.0+cu128,12.8,marlin_nvfp4,pass,4.717776,233.057192,
module_forward,m,4096,4096,16384,16384,0,5,20,False,2.9.0+cu128,12.8,dense_bf16,pass,9.597291,229.129574,
module_forward,m,4096,4096,16384,16384,0,5,20,False,2.9.0+cu128,12.8,dense_nvfp4,pass,3.111906,706.648449,
module_forward,m,4096,4096,16384,16384,0,5,20,False,2.9.0+cu128,12.8,sparse_bf16,pass,5.448704,403.586474,
module_forward,m,4096,4096,16384,16384,0,5,20,False,2.9.0+cu128,12.8,sparse_nvfp4,pass,2.740709,802.355672,
module_forward,m,4096,4096,16384,16384,0,5,20,False,2.9.0+cu128,12.8,marlin_nvfp4,pass,9.361475,234.901362,
module_forward,m,16384,16384,1,1,0,5,20,False,2.9.0+cu128,12.8,dense_bf16,pass,0.021570,0.001519,
module_forward,m,16384,16384,1,1,0,5,20,False,2.9.0+cu128,12.8,dense_nvfp4,skip,,,"K%32!=0,N%32!=0"
module_forward,m,16384,16384,1,1,0,5,20,False,2.9.0+cu128,12.8,sparse_bf16,skip,,,"N%8!=0,K%64!=0"
module_forward,m,16384,16384,1,1,0,5,20,False,2.9.0+cu128,12.8,sparse_nvfp4,skip,,,K%64!=0
module_forward,m,16384,16384,1,1,0,5,20,False,2.9.0+cu128,12.8,marlin_nvfp4,skip,,,"K%128!=0,N%64!=0"
module_forward,m,16384,16384,1,2,0,5,20,False,2.9.0+cu128,12.8,dense_bf16,pass,0.021456,0.003054,
module_forward,m,16384,16384,1,2,0,5,20,False,2.9.0+cu128,12.8,dense_nvfp4,skip,,,"K%32!=0,N%32!=0"
module_forward,m,16384,16384,1,2,0,5,20,False,2.9.0+cu128,12.8,sparse_bf16,skip,,,"N%8!=0,K%64!=0"
module_forward,m,16384,16384,1,2,0,5,20,False,2.9.0+cu128,12.8,sparse_nvfp4,skip,,,K%64!=0
module_forward,m,16384,16384,1,2,0,5,20,False,2.9.0+cu128,12.8,marlin_nvfp4,skip,,,"K%128!=0,N%64!=0"
module_forward,m,16384,16384,1,4,0,5,20,False,2.9.0+cu128,12.8,dense_bf16,pass,0.021670,0.006048,
module_forward,m,16384,16384,1,4,0,5,20,False,2.9.0+cu128,12.8,dense_nvfp4,skip,,,"K%32!=0,N%32!=0"
module_forward,m,16384,16384,1,4,0,5,20,False,2.9.0+cu128,12.8,sparse_bf16,skip,,,"N%8!=0,K%64!=0"
module_forward,m,16384,16384,1,4,0,5,20,False,2.9.0+cu128,12.8,sparse_nvfp4,skip,,,K%64!=0
module_forward,m,16384,16384,1,4,0,5,20,False,2.9.0+cu128,12.8,marlin_nvfp4,skip,,,"K%128!=0,N%64!=0"
module_forward,m,16384,16384,1,8,0,5,20,False,2.9.0+cu128,12.8,dense_bf16,pass,0.021661,0.012102,
module_forward,m,16384,16384,1,8,0,5,20,False,2.9.0+cu128,12.8,dense_nvfp4,skip,,,"K%32!=0,N%32!=0"
module_forward,m,16384,16384,1,8,0,5,20,False,2.9.0+cu128,12.8,sparse_bf16,skip,,,"N%8!=0,K%64!=0"
module_forward,m,16384,16384,1,8,0,5,20,False,2.9.0+cu128,12.8,sparse_nvfp4,skip,,,K%64!=0
module_forward,m,16384,16384,1,8,0,5,20,False,2.9.0+cu128,12.8,marlin_nvfp4,skip,,,"K%128!=0,N%64!=0"
module_forward,m,16384,16384,1,16,0,5,20,False,2.9.0+cu128,12.8,dense_bf16,pass,0.021501,0.024385,
module_forward,m,16384,16384,1,16,0,5,20,False,2.9.0+cu128,12.8,dense_nvfp4,skip,,,"K%32!=0,N%32!=0"
module_forward,m,16384,16384,1,16,0,5,20,False,2.9.0+cu128,12.8,sparse_bf16,skip,,,"N%8!=0,K%64!=0"
module_forward,m,16384,16384,1,16,0,5,20,False,2.9.0+cu128,12.8,sparse_nvfp4,skip,,,K%64!=0
module_forward,m,16384,16384,1,16,0,5,20,False,2.9.0+cu128,12.8,marlin_nvfp4,skip,,,"K%128!=0,N%64!=0"
module_forward,m,16384,16384,1,32,0,5,20,False,2.9.0+cu128,12.8,dense_bf16,pass,0.021566,0.048621,
module_forward,m,16384,16384,1,32,0,5,20,False,2.9.0+cu128,12.8,dense_nvfp4,skip,,,N%32!=0
module_forward,m,16384,16384,1,32,0,5,20,False,2.9.0+cu128,12.8,sparse_bf16,skip,,,"N%8!=0,K%64!=0"
module_forward,m,16384,16384,1,32,0,5,20,False,2.9.0+cu128,12.8,sparse_nvfp4,skip,,,K%64!=0
module_forward,m,16384,16384,1,32,0,5,20,False,2.9.0+cu128,12.8,marlin_nvfp4,skip,,,"K%128!=0,N%64!=0"
module_forward,m,16384,16384,1,64,0,5,20,False,2.9.0+cu128,12.8,dense_bf16,pass,0.021867,0.095904,
module_forward,m,16384,16384,1,64,0,5,20,False,2.9.0+cu128,12.8,dense_nvfp4,skip,,,N%32!=0
module_forward,m,16384,16384,1,64,0,5,20,False,2.9.0+cu128,12.8,sparse_bf16,skip,,,N%8!=0
module_forward,m,16384,16384,1,64,0,5,20,False,2.9.0+cu128,12.8,sparse_nvfp4,skip,,,sparse_nvfp4 unsupported shape
module_forward,m,16384,16384,1,64,0,5,20,False,2.9.0+cu128,12.8,marlin_nvfp4,skip,,,"K%128!=0,N%64!=0"
module_forward,m,16384,16384,1,128,0,5,20,False,2.9.0+cu128,12.8,dense_bf16,pass,0.022782,0.184103,
module_forward,m,16384,16384,1,128,0,5,20,False,2.9.0+cu128,12.8,dense_nvfp4,skip,,,N%32!=0
module_forward,m,16384,16384,1,128,0,5,20,False,2.9.0+cu128,12.8,sparse_bf16,skip,,,N%8!=0
module_forward,m,16384,16384,1,128,0,5,20,False,2.9.0+cu128,12.8,sparse_nvfp4,skip,,,sparse_nvfp4 unsupported shape
module_forward,m,16384,16384,1,128,0,5,20,False,2.9.0+cu128,12.8,marlin_nvfp4,skip,,,N%64!=0
module_forward,m,16384,16384,1,256,0,5,20,False,2.9.0+cu128,12.8,dense_bf16,pass,0.021824,0.384375,
module_forward,m,16384,16384,1,256,0,5,20,False,2.9.0+cu128,12.8,dense_nvfp4,skip,,,N%32!=0
module_forward,m,16384,16384,1,256,0,5,20,False,2.9.0+cu128,12.8,sparse_bf16,skip,,,N%8!=0
module_forward,m,16384,16384,1,256,0,5,20,False,2.9.0+cu128,12.8,sparse_nvfp4,skip,,,sparse_nvfp4 unsupported shape
module_forward,m,16384,16384,1,256,0,5,20,False,2.9.0+cu128,12.8,marlin_nvfp4,skip,,,N%64!=0
module_forward,m,16384,16384,1,512,0,5,20,False,2.9.0+cu128,12.8,dense_bf16,pass,0.024285,0.690853,
module_forward,m,16384,16384,1,512,0,5,20,False,2.9.0+cu128,12.8,dense_nvfp4,skip,,,N%32!=0
module_forward,m,16384,16384,1,512,0,5,20,False,2.9.0+cu128,12.8,sparse_bf16,skip,,,N%8!=0
module_forward,m,16384,16384,1,512,0,5,20,False,2.9.0+cu128,12.8,sparse_nvfp4,skip,,,sparse_nvfp4 unsupported shape
module_forward,m,16384,16384,1,512,0,5,20,False,2.9.0+cu128,12.8,marlin_nvfp4,skip,,,N%64!=0
module_forward,m,16384,16384,1,1024,0,5,20,False,2.9.0+cu128,12.8,dense_bf16,pass,0.025790,1.301043,
module_forward,m,16384,16384,1,1024,0,5,20,False,2.9.0+cu128,12.8,dense_nvfp4,skip,,,N%32!=0
module_forward,m,16384,16384,1,1024,0,5,20,False,2.9.0+cu128,12.8,sparse_bf16,skip,,,N%8!=0
module_forward,m,16384,16384,1,1024,0,5,20,False,2.9.0+cu128,12.8,sparse_nvfp4,skip,,,sparse_nvfp4 unsupported shape
module_forward,m,16384,16384,1,1024,0,5,20,False,2.9.0+cu128,12.8,marlin_nvfp4,skip,,,N%64!=0
module_forward,m,16384,16384,1,2048,0,5,20,False,2.9.0+cu128,12.8,dense_bf16,pass,0.036298,1.848851,
module_forward,m,16384,16384,1,2048,0,5,20,False,2.9.0+cu128,12.8,dense_nvfp4,skip,,,N%32!=0
module_forward,m,16384,16384,1,2048,0,5,20,False,2.9.0+cu128,12.8,sparse_bf16,skip,,,N%8!=0
module_forward,m,16384,16384,1,2048,0,5,20,False,2.9.0+cu128,12.8,sparse_nvfp4,skip,,,sparse_nvfp4 unsupported shape
module_forward,m,16384,16384,1,2048,0,5,20,False,2.9.0+cu128,12.8,marlin_nvfp4,skip,,,N%64!=0
module_forward,m,16384,16384,1,4096,0,5,20,False,2.9.0+cu128,12.8,dense_bf16,pass,0.094091,1.426464,
module_forward,m,16384,16384,1,4096,0,5,20,False,2.9.0+cu128,12.8,dense_nvfp4,skip,,,N%32!=0
module_forward,m,16384,16384,1,4096,0,5,20,False,2.9.0+cu128,12.8,sparse_bf16,skip,,,N%8!=0
module_forward,m,16384,16384,1,4096,0,5,20,False,2.9.0+cu128,12.8,sparse_nvfp4,skip,,,sparse_nvfp4 unsupported shape
module_forward,m,16384,16384,1,4096,0,5,20,False,2.9.0+cu128,12.8,marlin_nvfp4,skip,,,N%64!=0
module_forward,m,16384,16384,1,8192,0,5,20,False,2.9.0+cu128,12.8,dense_bf16,pass,0.173786,1.544636,
module_forward,m,16384,16384,1,8192,0,5,20,False,2.9.0+cu128,12.8,dense_nvfp4,skip,,,N%32!=0
module_forward,m,16384,16384,1,8192,0,5,20,False,2.9.0+cu128,12.8,sparse_bf16,skip,,,N%8!=0
module_forward,m,16384,16384,1,8192,0,5,20,False,2.9.0+cu128,12.8,sparse_nvfp4,skip,,,sparse_nvfp4 unsupported shape
module_forward,m,16384,16384,1,8192,0,5,20,False,2.9.0+cu128,12.8,marlin_nvfp4,skip,,,N%64!=0
module_forward,m,16384,16384,1,16384,0,5,20,False,2.9.0+cu128,12.8,dense_bf16,pass,0.333110,1.611691,
module_forward,m,16384,16384,1,16384,0,5,20,False,2.9.0+cu128,12.8,dense_nvfp4,skip,,,N%32!=0
module_forward,m,16384,16384,1,16384,0,5,20,False,2.9.0+cu128,12.8,sparse_bf16,skip,,,N%8!=0
module_forward,m,16384,16384,1,16384,0,5,20,False,2.9.0+cu128,12.8,sparse_nvfp4,skip,,,sparse_nvfp4 unsupported shape
module_forward,m,16384,16384,1,16384,0,5,20,False,2.9.0+cu128,12.8,marlin_nvfp4,skip,,,N%64!=0
module_forward,m,16384,16384,2,1,0,5,20,False,2.9.0+cu128,12.8,dense_bf16,pass,0.021562,0.003039,
module_forward,m,16384,16384,2,1,0,5,20,False,2.9.0+cu128,12.8,dense_nvfp4,skip,,,"K%32!=0,N%32!=0"
module_forward,m,16384,16384,2,1,0,5,20,False,2.9.0+cu128,12.8,sparse_bf16,skip,,,"N%8!=0,K%64!=0"
module_forward,m,16384,16384,2,1,0,5,20,False,2.9.0+cu128,12.8,sparse_nvfp4,skip,,,K%64!=0
module_forward,m,16384,16384,2,1,0,5,20,False,2.9.0+cu128,12.8,marlin_nvfp4,skip,,,"K%128!=0,N%64!=0"
module_forward,m,16384,16384,2,2,0,5,20,False,2.9.0+cu128,12.8,dense_bf16,pass,0.022208,0.005902,
module_forward,m,16384,16384,2,2,0,5,20,False,2.9.0+cu128,12.8,dense_nvfp4,skip,,,"K%32!=0,N%32!=0"
module_forward,m,16384,16384,2,2,0,5,20,False,2.9.0+cu128,12.8,sparse_bf16,skip,,,"N%8!=0,K%64!=0"
module_forward,m,16384,16384,2,2,0,5,20,False,2.9.0+cu128,12.8,sparse_nvfp4,skip,,,K%64!=0
module_forward,m,16384,16384,2,2,0,5,20,False,2.9.0+cu128,12.8,marlin_nvfp4,skip,,,"K%128!=0,N%64!=0"
module_forward,m,16384,16384,2,4,0,5,20,False,2.9.0+cu128,12.8,dense_bf16,pass,0.022664,0.011567,
module_forward,m,16384,16384,2,4,0,5,20,False,2.9.0+cu128,12.8,dense_nvfp4,skip,,,"K%32!=0,N%32!=0"
module_forward,m,16384,16384,2,4,0,5,20,False,2.9.0+cu128,12.8,sparse_bf16,skip,,,"N%8!=0,K%64!=0"
module_forward,m,16384,16384,2,4,0,5,20,False,2.9.0+cu128,12.8,sparse_nvfp4,skip,,,K%64!=0
module_forward,m,16384,16384,2,4,0,5,20,False,2.9.0+cu128,12.8,marlin_nvfp4,skip,,,"K%128!=0,N%64!=0"
module_forward,m,16384,16384,2,8,0,5,20,False,2.9.0+cu128,12.8,dense_bf16,pass,0.022475,0.023327,
module_forward,m,16384,16384,2,8,0,5,20,False,2.9.0+cu128,12.8,dense_nvfp4,skip,,,"K%32!=0,N%32!=0"
module_forward,m,16384,16384,2,8,0,5,20,False,2.9.0+cu128,12.8,sparse_bf16,skip,,,"N%8!=0,K%64!=0"
module_forward,m,16384,16384,2,8,0,5,20,False,2.9.0+cu128,12.8,sparse_nvfp4,skip,,,K%64!=0
module_forward,m,16384,16384,2,8,0,5,20,False,2.9.0+cu128,12.8,marlin_nvfp4,skip,,,"K%128!=0,N%64!=0"
module_forward,m,16384,16384,2,16,0,5,20,False,2.9.0+cu128,12.8,dense_bf16,pass,0.022290,0.047043,
module_forward,m,16384,16384,2,16,0,5,20,False,2.9.0+cu128,12.8,dense_nvfp4,skip,,,"K%32!=0,N%32!=0"
module_forward,m,16384,16384,2,16,0,5,20,False,2.9.0+cu128,12.8,sparse_bf16,skip,,,"N%8!=0,K%64!=0"
module_forward,m,16384,16384,2,16,0,5,20,False,2.9.0+cu128,12.8,sparse_nvfp4,skip,,,K%64!=0
module_forward,m,16384,16384,2,16,0,5,20,False,2.9.0+cu128,12.8,marlin_nvfp4,skip,,,"K%128!=0,N%64!=0"
module_forward,m,16384,16384,2,32,0,5,20,False,2.9.0+cu128,12.8,dense_bf16,pass,0.022443,0.093443,
module_forward,m,16384,16384,2,32,0,5,20,False,2.9.0+cu128,12.8,dense_nvfp4,skip,,,N%32!=0
module_forward,m,16384,16384,2,32,0,5,20,False,2.9.0+cu128,12.8,sparse_bf16,skip,,,"N%8!=0,K%64!=0"
module_forward,m,16384,16384,2,32,0,5,20,False,2.9.0+cu128,12.8,sparse_nvfp4,skip,,,K%64!=0
module_forward,m,16384,16384,2,32,0,5,20,False,2.9.0+cu128,12.8,marlin_nvfp4,skip,,,"K%128!=0,N%64!=0"
module_forward,m,16384,16384,2,64,0,5,20,False,2.9.0+cu128,12.8,dense_bf16,pass,0.022419,0.187085,
module_forward,m,16384,16384,2,64,0,5,20,False,2.9.0+cu128,12.8,dense_nvfp4,skip,,,N%32!=0
module_forward,m,16384,16384,2,64,0,5,20,False,2.9.0+cu128,12.8,sparse_bf16,skip,,,N%8!=0
module_forward,m,16384,16384,2,64,0,5,20,False,2.9.0+cu128,12.8,sparse_nvfp4,skip,,,sparse_nvfp4 unsupported shape
module_forward,m,16384,16384,2,64,0,5,20,False,2.9.0+cu128,12.8,marlin_nvfp4,skip,,,"K%128!=0,N%64!=0"
module_forward,m,16384,16384,2,128,0,5,20,False,2.9.0+cu128,12.8,dense_bf16,pass,0.022075,0.380001,
module_forward,m,16384,16384,2,128,0,5,20,False,2.9.0+cu128,12.8,dense_nvfp4,skip,,,N%32!=0
module_forward,m,16384,16384,2,128,0,5,20,False,2.9.0+cu128,12.8,sparse_bf16,skip,,,N%8!=0
module_forward,m,16384,16384,2,128,0,5,20,False,2.9.0+cu128,12.8,sparse_nvfp4,skip,,,sparse_nvfp4 unsupported shape
module_forward,m,16384,16384,2,128,0,5,20,False,2.9.0+cu128,12.8,marlin_nvfp4,skip,,,N%64!=0
module_forward,m,16384,16384,2,256,0,5,20,False,2.9.0+cu128,12.8,dense_bf16,pass,0.022538,0.744410,
module_forward,m,16384,16384,2,256,0,5,20,False,2.9.0+cu128,12.8,dense_nvfp4,skip,,,N%32!=0
module_forward,m,16384,16384,2,256,0,5,20,False,2.9.0+cu128,12.8,sparse_bf16,skip,,,N%8!=0
module_forward,m,16384,16384,2,256,0,5,20,False,2.9.0+cu128,12.8,sparse_nvfp4,skip,,,sparse_nvfp4 unsupported shape
module_forward,m,16384,16384,2,256,0,5,20,False,2.9.0+cu128,12.8,marlin_nvfp4,skip,,,N%64!=0
module_forward,m,16384,16384,2,512,0,5,20,False,2.9.0+cu128,12.8,dense_bf16,pass,0.022192,1.512006,
module_forward,m,16384,16384,2,512,0,5,20,False,2.9.0+cu128,12.8,dense_nvfp4,skip,,,N%32!=0
module_forward,m,16384,16384,2,512,0,5,20,False,2.9.0+cu128,12.8,sparse_bf16,skip,,,N%8!=0
module_forward,m,16384,16384,2,512,0,5,20,False,2.9.0+cu128,12.8,sparse_nvfp4,skip,,,sparse_nvfp4 unsupported shape
module_forward,m,16384,16384,2,512,0,5,20,False,2.9.0+cu128,12.8,marlin_nvfp4,skip,,,N%64!=0
module_forward,m,16384,16384,2,1024,0,5,20,False,2.9.0+cu128,12.8,dense_bf16,pass,0.031568,2.125851,
module_forward,m,16384,16384,2,1024,0,5,20,False,2.9.0+cu128,12.8,dense_nvfp4,skip,,,N%32!=0
module_forward,m,16384,16384,2,1024,0,5,20,False,2.9.0+cu128,12.8,sparse_bf16,skip,,,N%8!=0
module_forward,m,16384,16384,2,1024,0,5,20,False,2.9.0+cu128,12.8,sparse_nvfp4,skip,,,sparse_nvfp4 unsupported shape
module_forward,m,16384,16384,2,1024,0,5,20,False,2.9.0+cu128,12.8,marlin_nvfp4,skip,,,N%64!=0
module_forward,m,16384,16384,2,2048,0,5,20,False,2.9.0+cu128,12.8,dense_bf16,pass,0.044435,3.020527,
module_forward,m,16384,16384,2,2048,0,5,20,False,2.9.0+cu128,12.8,dense_nvfp4,skip,,,N%32!=0
module_forward,m,16384,16384,2,2048,0,5,20,False,2.9.0+cu128,12.8,sparse_bf16,skip,,,N%8!=0
module_forward,m,16384,16384,2,2048,0,5,20,False,2.9.0+cu128,12.8,sparse_nvfp4,skip,,,sparse_nvfp4 unsupported shape
module_forward,m,16384,16384,2,2048,0,5,20,False,2.9.0+cu128,12.8,marlin_nvfp4,skip,,,N%64!=0
module_forward,m,16384,16384,2,4096,0,5,20,False,2.9.0+cu128,12.8,dense_bf16,pass,0.097771,2.745547,
module_forward,m,16384,16384,2,4096,0,5,20,False,2.9.0+cu128,12.8,dense_nvfp4,skip,,,N%32!=0
module_forward,m,16384,16384,2,4096,0,5,20,False,2.9.0+cu128,12.8,sparse_bf16,skip,,,N%8!=0
module_forward,m,16384,16384,2,4096,0,5,20,False,2.9.0+cu128,12.8,sparse_nvfp4,skip,,,sparse_nvfp4 unsupported shape
module_forward,m,16384,16384,2,4096,0,5,20,False,2.9.0+cu128,12.8,marlin_nvfp4,skip,,,N%64!=0
module_forward,m,16384,16384,2,8192,0,5,20,False,2.9.0+cu128,12.8,dense_bf16,pass,0.194082,2.766212,
module_forward,m,16384,16384,2,8192,0,5,20,False,2.9.0+cu128,12.8,dense_nvfp4,skip,,,N%32!=0
module_forward,m,16384,16384,2,8192,0,5,20,False,2.9.0+cu128,12.8,sparse_bf16,skip,,,N%8!=0
module_forward,m,16384,16384,2,8192,0,5,20,False,2.9.0+cu128,12.8,sparse_nvfp4,skip,,,sparse_nvfp4 unsupported shape
module_forward,m,16384,16384,2,8192,0,5,20,False,2.9.0+cu128,12.8,marlin_nvfp4,skip,,,N%64!=0
module_forward,m,16384,16384,2,16384,0,5,20,False,2.9.0+cu128,12.8,dense_bf16,pass,0.387818,2.768677,
module_forward,m,16384,16384,2,16384,0,5,20,False,2.9.0+cu128,12.8,dense_nvfp4,skip,,,N%32!=0
module_forward,m,16384,16384,2,16384,0,5,20,False,2.9.0+cu128,12.8,sparse_bf16,skip,,,N%8!=0
module_forward,m,16384,16384,2,16384,0,5,20,False,2.9.0+cu128,12.8,sparse_nvfp4,skip,,,sparse_nvfp4 unsupported shape
module_forward,m,16384,16384,2,16384,0,5,20,False,2.9.0+cu128,12.8,marlin_nvfp4,skip,,,N%64!=0
module_forward,m,16384,16384,4,1,0,5,20,False,2.9.0+cu128,12.8,dense_bf16,pass,0.021498,0.006097,
module_forward,m,16384,16384,4,1,0,5,20,False,2.9.0+cu128,12.8,dense_nvfp4,skip,,,"K%32!=0,N%32!=0"
module_forward,m,16384,16384,4,1,0,5,20,False,2.9.0+cu128,12.8,sparse_bf16,skip,,,"N%8!=0,K%64!=0"
module_forward,m,16384,16384,4,1,0,5,20,False,2.9.0+cu128,12.8,sparse_nvfp4,skip,,,K%64!=0
module_forward,m,16384,16384,4,1,0,5,20,False,2.9.0+cu128,12.8,marlin_nvfp4,skip,,,"K%128!=0,N%64!=0"
module_forward,m,16384,16384,4,2,0,5,20,False,2.9.0+cu128,12.8,dense_bf16,pass,0.022149,0.011836,
module_forward,m,16384,16384,4,2,0,5,20,False,2.9.0+cu128,12.8,dense_nvfp4,skip,,,"K%32!=0,N%32!=0"
module_forward,m,16384,16384,4,2,0,5,20,False,2.9.0+cu128,12.8,sparse_bf16,skip,,,"N%8!=0,K%64!=0"
module_forward,m,16384,16384,4,2,0,5,20,False,2.9.0+cu128,12.8,sparse_nvfp4,skip,,,K%64!=0
module_forward,m,16384,16384,4,2,0,5,20,False,2.9.0+cu128,12.8,marlin_nvfp4,skip,,,"K%128!=0,N%64!=0"
module_forward,m,16384,16384,4,4,0,5,20,False,2.9.0+cu128,12.8,dense_bf16,pass,0.022448,0.023356,
module_forward,m,16384,16384,4,4,0,5,20,False,2.9.0+cu128,12.8,dense_nvfp4,skip,,,"K%32!=0,N%32!=0"
module_forward,m,16384,16384,4,4,0,5,20,False,2.9.0+cu128,12.8,sparse_bf16,skip,,,"N%8!=0,K%64!=0"
module_forward,m,16384,16384,4,4,0,5,20,False,2.9.0+cu128,12.8,sparse_nvfp4,skip,,,K%64!=0
module_forward,m,16384,16384,4,4,0,5,20,False,2.9.0+cu128,12.8,marlin_nvfp4,skip,,,"K%128!=0,N%64!=0"
module_forward,m,16384,16384,4,8,0,5,20,False,2.9.0+cu128,12.8,dense_bf16,pass,0.022560,0.046479,
module_forward,m,16384,16384,4,8,0,5,20,False,2.9.0+cu128,12.8,dense_nvfp4,skip,,,"K%32!=0,N%32!=0"
module_forward,m,16384,16384,4,8,0,5,20,False,2.9.0+cu128,12.8,sparse_bf16,skip,,,"N%8!=0,K%64!=0"
module_forward,m,16384,16384,4,8,0,5,20,False,2.9.0+cu128,12.8,sparse_nvfp4,skip,,,K%64!=0
module_forward,m,16384,16384,4,8,0,5,20,False,2.9.0+cu128,12.8,marlin_nvfp4,skip,,,"K%128!=0,N%64!=0"
module_forward,m,16384,16384,4,16,0,5,20,False,2.9.0+cu128,12.8,dense_bf16,pass,0.022398,0.093630,
module_forward,m,16384,16384,4,16,0,5,20,False,2.9.0+cu128,12.8,dense_nvfp4,skip,,,"K%32!=0,N%32!=0"
module_forward,m,16384,16384,4,16,0,5,20,False,2.9.0+cu128,12.8,sparse_bf16,skip,,,"N%8!=0,K%64!=0"
module_forward,m,16384,16384,4,16,0,5,20,False,2.9.0+cu128,12.8,sparse_nvfp4,skip,,,K%64!=0
module_forward,m,16384,16384,4,16,0,5,20,False,2.9.0+cu128,12.8,marlin_nvfp4,skip,,,"K%128!=0,N%64!=0"
module_forward,m,16384,16384,4,32,0,5,20,False,2.9.0+cu128,12.8,dense_bf16,pass,0.022333,0.187809,
module_forward,m,16384,16384,4,32,0,5,20,False,2.9.0+cu128,12.8,dense_nvfp4,skip,,,N%32!=0
module_forward,m,16384,16384,4,32,0,5,20,False,2.9.0+cu128,12.8,sparse_bf16,skip,,,"N%8!=0,K%64!=0"
module_forward,m,16384,16384,4,32,0,5,20,False,2.9.0+cu128,12.8,sparse_nvfp4,skip,,,K%64!=0
module_forward,m,16384,16384,4,32,0,5,20,False,2.9.0+cu128,12.8,marlin_nvfp4,skip,,,"K%128!=0,N%64!=0"
module_forward,m,16384,16384,4,64,0,5,20,False,2.9.0+cu128,12.8,dense_bf16,pass,0.022179,0.378220,
module_forward,m,16384,16384,4,64,0,5,20,False,2.9.0+cu128,12.8,dense_nvfp4,skip,,,N%32!=0
module_forward,m,16384,16384,4,64,0,5,20,False,2.9.0+cu128,12.8,sparse_bf16,skip,,,N%8!=0
module_forward,m,16384,16384,4,64,0,5,20,False,2.9.0+cu128,12.8,sparse_nvfp4,skip,,,sparse_nvfp4 unsupported shape
module_forward,m,16384,16384,4,64,0,5,20,False,2.9.0+cu128,12.8,marlin_nvfp4,skip,,,"K%128!=0,N%64!=0"
module_forward,m,16384,16384,4,128,0,5,20,False,2.9.0+cu128,12.8,dense_bf16,pass,0.022302,0.752261,
module_forward,m,16384,16384,4,128,0,5,20,False,2.9.0+cu128,12.8,dense_nvfp4,skip,,,N%32!=0
module_forward,m,16384,16384,4,128,0,5,20,False,2.9.0+cu128,12.8,sparse_bf16,skip,,,N%8!=0
module_forward,m,16384,16384,4,128,0,5,20,False,2.9.0+cu128,12.8,sparse_nvfp4,skip,,,sparse_nvfp4 unsupported shape
module_forward,m,16384,16384,4,128,0,5,20,False,2.9.0+cu128,12.8,marlin_nvfp4,skip,,,N%64!=0
module_forward,m,16384,16384,4,256,0,5,20,False,2.9.0+cu128,12.8,dense_bf16,pass,0.022267,1.506899,
module_forward,m,16384,16384,4,256,0,5,20,False,2.9.0+cu128,12.8,dense_nvfp4,skip,,,N%32!=0
module_forward,m,16384,16384,4,256,0,5,20,False,2.9.0+cu128,12.8,sparse_bf16,skip,,,N%8!=0
module_forward,m,16384,16384,4,256,0,5,20,False,2.9.0+cu128,12.8,sparse_nvfp4,skip,,,sparse_nvfp4 unsupported shape
module_forward,m,16384,16384,4,256,0,5,20,False,2.9.0+cu128,12.8,marlin_nvfp4,skip,,,N%64!=0
module_forward,m,16384,16384,4,512,0,5,20,False,2.9.0+cu128,12.8,dense_bf16,pass,0.022600,2.969419,
module_forward,m,16384,16384,4,512,0,5,20,False,2.9.0+cu128,12.8,dense_nvfp4,skip,,,N%32!=0
module_forward,m,16384,16384,4,512,0,5,20,False,2.9.0+cu128,12.8,sparse_bf16,skip,,,N%8!=0
module_forward,m,16384,16384,4,512,0,5,20,False,2.9.0+cu128,12.8,sparse_nvfp4,skip,,,sparse_nvfp4 unsupported shape
module_forward,m,16384,16384,4,512,0,5,20,False,2.9.0+cu128,12.8,marlin_nvfp4,skip,,,N%64!=0
module_forward,m,16384,16384,4,1024,0,5,20,False,2.9.0+cu128,12.8,dense_bf16,pass,0.031582,4.249763,
module_forward,m,16384,16384,4,1024,0,5,20,False,2.9.0+cu128,12.8,dense_nvfp4,skip,,,N%32!=0
module_forward,m,16384,16384,4,1024,0,5,20,False,2.9.0+cu128,12.8,sparse_bf16,skip,,,N%8!=0
module_forward,m,16384,16384,4,1024,0,5,20,False,2.9.0+cu128,12.8,sparse_nvfp4,skip,,,sparse_nvfp4 unsupported shape
module_forward,m,16384,16384,4,1024,0,5,20,False,2.9.0+cu128,12.8,marlin_nvfp4,skip,,,N%64!=0
module_forward,m,16384,16384,4,2048,0,5,20,False,2.9.0+cu128,12.8,dense_bf16,pass,0.043778,6.131799,
module_forward,m,16384,16384,4,2048,0,5,20,False,2.9.0+cu128,12.8,dense_nvfp4,skip,,,N%32!=0
module_forward,m,16384,16384,4,2048,0,5,20,False,2.9.0+cu128,12.8,sparse_bf16,skip,,,N%8!=0
module_forward,m,16384,16384,4,2048,0,5,20,False,2.9.0+cu128,12.8,sparse_nvfp4,skip,,,sparse_nvfp4 unsupported shape
module_forward,m,16384,16384,4,2048,0,5,20,False,2.9.0+cu128,12.8,marlin_nvfp4,skip,,,N%64!=0
module_forward,m,16384,16384,4,4096,0,5,20,False,2.9.0+cu128,12.8,dense_bf16,pass,0.098224,5.465781,
module_forward,m,16384,16384,4,4096,0,5,20,False,2.9.0+cu128,12.8,dense_nvfp4,skip,,,N%32!=0
module_forward,m,16384,16384,4,4096,0,5,20,False,2.9.0+cu128,12.8,sparse_bf16,skip,,,N%8!=0
module_forward,m,16384,16384,4,4096,0,5,20,False,2.9.0+cu128,12.8,sparse_nvfp4,skip,,,sparse_nvfp4 unsupported shape
module_forward,m,16384,16384,4,4096,0,5,20,False,2.9.0+cu128,12.8,marlin_nvfp4,skip,,,N%64!=0
module_forward,m,16384,16384,4,8192,0,5,20,False,2.9.0+cu128,12.8,dense_bf16,pass,0.209998,5.113095,
module_forward,m,16384,16384,4,8192,0,5,20,False,2.9.0+cu128,12.8,dense_nvfp4,skip,,,N%32!=0
module_forward,m,16384,16384,4,8192,0,5,20,False,2.9.0+cu128,12.8,sparse_bf16,skip,,,N%8!=0
module_forward,m,16384,16384,4,8192,0,5,20,False,2.9.0+cu128,12.8,sparse_nvfp4,skip,,,sparse_nvfp4 unsupported shape
module_forward,m,16384,16384,4,8192,0,5,20,False,2.9.0+cu128,12.8,marlin_nvfp4,skip,,,N%64!=0
module_forward,m,16384,16384,4,16384,0,5,20,False,2.9.0+cu128,12.8,dense_bf16,pass,0.388725,5.524432,
module_forward,m,16384,16384,4,16384,0,5,20,False,2.9.0+cu128,12.8,dense_nvfp4,skip,,,N%32!=0
module_forward,m,16384,16384,4,16384,0,5,20,False,2.9.0+cu128,12.8,sparse_bf16,skip,,,N%8!=0
module_forward,m,16384,16384,4,16384,0,5,20,False,2.9.0+cu128,12.8,sparse_nvfp4,skip,,,sparse_nvfp4 unsupported shape
module_forward,m,16384,16384,4,16384,0,5,20,False,2.9.0+cu128,12.8,marlin_nvfp4,skip,,,N%64!=0
module_forward,m,16384,16384,8,1,0,5,20,False,2.9.0+cu128,12.8,dense_bf16,pass,0.021661,0.012102,
module_forward,m,16384,16384,8,1,0,5,20,False,2.9.0+cu128,12.8,dense_nvfp4,skip,,,"K%32!=0,N%32!=0"
module_forward,m,16384,16384,8,1,0,5,20,False,2.9.0+cu128,12.8,sparse_bf16,skip,,,K%64!=0
module_forward,m,16384,16384,8,1,0,5,20,False,2.9.0+cu128,12.8,sparse_nvfp4,skip,,,K%64!=0
module_forward,m,16384,16384,8,1,0,5,20,False,2.9.0+cu128,12.8,marlin_nvfp4,skip,,,"K%128!=0,N%64!=0"
module_forward,m,16384,16384,8,2,0,5,20,False,2.9.0+cu128,12.8,dense_bf16,pass,0.022334,0.023474,
module_forward,m,16384,16384,8,2,0,5,20,False,2.9.0+cu128,12.8,dense_nvfp4,skip,,,"K%32!=0,N%32!=0"
module_forward,m,16384,16384,8,2,0,5,20,False,2.9.0+cu128,12.8,sparse_bf16,skip,,,K%64!=0
module_forward,m,16384,16384,8,2,0,5,20,False,2.9.0+cu128,12.8,sparse_nvfp4,skip,,,K%64!=0
module_forward,m,16384,16384,8,2,0,5,20,False,2.9.0+cu128,12.8,marlin_nvfp4,skip,,,"K%128!=0,N%64!=0"
module_forward,m,16384,16384,8,4,0,5,20,False,2.9.0+cu128,12.8,dense_bf16,pass,0.022574,0.046450,
module_forward,m,16384,16384,8,4,0,5,20,False,2.9.0+cu128,12.8,dense_nvfp4,skip,,,"K%32!=0,N%32!=0"
module_forward,m,16384,16384,8,4,0,5,20,False,2.9.0+cu128,12.8,sparse_bf16,skip,,,K%64!=0
module_forward,m,16384,16384,8,4,0,5,20,False,2.9.0+cu128,12.8,sparse_nvfp4,skip,,,K%64!=0
module_forward,m,16384,16384,8,4,0,5,20,False,2.9.0+cu128,12.8,marlin_nvfp4,skip,,,"K%128!=0,N%64!=0"
module_forward,m,16384,16384,8,8,0,5,20,False,2.9.0+cu128,12.8,dense_bf16,pass,0.022744,0.092207,
module_forward,m,16384,16384,8,8,0,5,20,False,2.9.0+cu128,12.8,dense_nvfp4,skip,,,"K%32!=0,N%32!=0"
module_forward,m,16384,16384,8,8,0,5,20,False,2.9.0+cu128,12.8,sparse_bf16,skip,,,K%64!=0
module_forward,m,16384,16384,8,8,0,5,20,False,2.9.0+cu128,12.8,sparse_nvfp4,skip,,,K%64!=0
module_forward,m,16384,16384,8,8,0,5,20,False,2.9.0+cu128,12.8,marlin_nvfp4,skip,,,"K%128!=0,N%64!=0"
module_forward,m,16384,16384,8,16,0,5,20,False,2.9.0+cu128,12.8,dense_bf16,pass,0.022402,0.187232,
module_forward,m,16384,16384,8,16,0,5,20,False,2.9.0+cu128,12.8,dense_nvfp4,skip,,,"K%32!=0,N%32!=0"
module_forward,m,16384,16384,8,16,0,5,20,False,2.9.0+cu128,12.8,sparse_bf16,skip,,,K%64!=0
module_forward,m,16384,16384,8,16,0,5,20,False,2.9.0+cu128,12.8,sparse_nvfp4,skip,,,K%64!=0
module_forward,m,16384,16384,8,16,0,5,20,False,2.9.0+cu128,12.8,marlin_nvfp4,skip,,,"K%128!=0,N%64!=0"
module_forward,m,16384,16384,8,32,0,5,20,False,2.9.0+cu128,12.8,dense_bf16,pass,0.022403,0.374438,
module_forward,m,16384,16384,8,32,0,5,20,False,2.9.0+cu128,12.8,dense_nvfp4,skip,,,N%32!=0
module_forward,m,16384,16384,8,32,0,5,20,False,2.9.0+cu128,12.8,sparse_bf16,skip,,,K%64!=0
module_forward,m,16384,16384,8,32,0,5,20,False,2.9.0+cu128,12.8,sparse_nvfp4,skip,,,K%64!=0
module_forward,m,16384,16384,8,32,0,5,20,False,2.9.0+cu128,12.8,marlin_nvfp4,skip,,,"K%128!=0,N%64!=0"
module_forward,m,16384,16384,8,64,0,5,20,False,2.9.0+cu128,12.8,dense_bf16,pass,0.022173,0.756658,
module_forward,m,16384,16384,8,64,0,5,20,False,2.9.0+cu128,12.8,dense_nvfp4,skip,,,N%32!=0
module_forward,m,16384,16384,8,64,0,5,20,False,2.9.0+cu128,12.8,sparse_bf16,skip,,,cuSPARSELt unsupported shape
module_forward,m,16384,16384,8,64,0,5,20,False,2.9.0+cu128,12.8,sparse_nvfp4,pass,0.123835,0.135480,
module_forward,m,16384,16384,8,64,0,5,20,False,2.9.0+cu128,12.8,marlin_nvfp4,skip,,,"K%128!=0,N%64!=0"
module_forward,m,16384,16384,8,128,0,5,20,False,2.9.0+cu128,12.8,dense_bf16,pass,0.022498,1.491467,
module_forward,m,16384,16384,8,128,0,5,20,False,2.9.0+cu128,12.8,dense_nvfp4,skip,,,N%32!=0
module_forward,m,16384,16384,8,128,0,5,20,False,2.9.0+cu128,12.8,sparse_bf16,skip,,,cuSPARSELt unsupported shape
module_forward,m,16384,16384,8,128,0,5,20,False,2.9.0+cu128,12.8,sparse_nvfp4,pass,0.122867,0.273095,
module_forward,m,16384,16384,8,128,0,5,20,False,2.9.0+cu128,12.8,marlin_nvfp4,skip,,,N%64!=0
module_forward,m,16384,16384,8,256,0,5,20,False,2.9.0+cu128,12.8,dense_bf16,pass,0.022437,2.991018,
module_forward,m,16384,16384,8,256,0,5,20,False,2.9.0+cu128,12.8,dense_nvfp4,skip,,,N%32!=0
module_forward,m,16384,16384,8,256,0,5,20,False,2.9.0+cu128,12.8,sparse_bf16,skip,,,cuSPARSELt unsupported shape
module_forward,m,16384,16384,8,256,0,5,20,False,2.9.0+cu128,12.8,sparse_nvfp4,pass,0.122182,0.549251,
module_forward,m,16384,16384,8,256,0,5,20,False,2.9.0+cu128,12.8,marlin_nvfp4,skip,,,N%64!=0
module_forward,m,16384,16384,8,512,0,5,20,False,2.9.0+cu128,12.8,dense_bf16,pass,0.022382,5.996574,
module_forward,m,16384,16384,8,512,0,5,20,False,2.9.0+cu128,12.8,dense_nvfp4,skip,,,N%32!=0
module_forward,m,16384,16384,8,512,0,5,20,False,2.9.0+cu128,12.8,sparse_bf16,skip,,,cuSPARSELt unsupported shape
module_forward,m,16384,16384,8,512,0,5,20,False,2.9.0+cu128,12.8,sparse_nvfp4,pass,0.174755,0.768033,
module_forward,m,16384,16384,8,512,0,5,20,False,2.9.0+cu128,12.8,marlin_nvfp4,skip,,,N%64!=0
module_forward,m,16384,16384,8,1024,0,5,20,False,2.9.0+cu128,12.8,dense_bf16,pass,0.025709,10.441384,
module_forward,m,16384,16384,8,1024,0,5,20,False,2.9.0+cu128,12.8,dense_nvfp4,skip,,,N%32!=0
module_forward,m,16384,16384,8,1024,0,5,20,False,2.9.0+cu128,12.8,sparse_bf16,skip,,,cuSPARSELt unsupported shape
module_forward,m,16384,16384,8,1024,0,5,20,False,2.9.0+cu128,12.8,sparse_nvfp4,pass,0.296955,0.903959,
module_forward,m,16384,16384,8,1024,0,5,20,False,2.9.0+cu128,12.8,marlin_nvfp4,skip,,,N%64!=0
module_forward,m,16384,16384,8,2048,0,5,20,False,2.9.0+cu128,12.8,dense_bf16,pass,0.035691,15.042109,
module_forward,m,16384,16384,8,2048,0,5,20,False,2.9.0+cu128,12.8,dense_nvfp4,skip,,,N%32!=0
module_forward,m,16384,16384,8,2048,0,5,20,False,2.9.0+cu128,12.8,sparse_bf16,skip,,,cuSPARSELt unsupported shape
module_forward,m,16384,16384,8,2048,0,5,20,False,2.9.0+cu128,12.8,sparse_nvfp4,pass,0.732546,0.732884,
module_forward,m,16384,16384,8,2048,0,5,20,False,2.9.0+cu128,12.8,marlin_nvfp4,skip,,,N%64!=0
module_forward,m,16384,16384,8,4096,0,5,20,False,2.9.0+cu128,12.8,dense_bf16,pass,0.201877,5.318798,
module_forward,m,16384,16384,8,4096,0,5,20,False,2.9.0+cu128,12.8,dense_nvfp4,skip,,,N%32!=0
module_forward,m,16384,16384,8,4096,0,5,20,False,2.9.0+cu128,12.8,sparse_bf16,skip,,,cuSPARSELt unsupported shape
module_forward,m,16384,16384,8,4096,0,5,20,False,2.9.0+cu128,12.8,sparse_nvfp4,pass,1.500546,0.715568,
module_forward,m,16384,16384,8,4096,0,5,20,False,2.9.0+cu128,12.8,marlin_nvfp4,skip,,,N%64!=0
module_forward,m,16384,16384,8,8192,0,5,20,False,2.9.0+cu128,12.8,dense_bf16,pass,0.183557,11.699287,
module_forward,m,16384,16384,8,8192,0,5,20,False,2.9.0+cu128,12.8,dense_nvfp4,skip,,,N%32!=0
module_forward,m,16384,16384,8,8192,0,5,20,False,2.9.0+cu128,12.8,sparse_bf16,skip,,,cuSPARSELt unsupported shape
module_forward,m,16384,16384,8,8192,0,5,20,False,2.9.0+cu128,12.8,sparse_nvfp4,pass,2.976250,0.721540,
module_forward,m,16384,16384,8,8192,0,5,20,False,2.9.0+cu128,12.8,marlin_nvfp4,skip,,,N%64!=0
module_forward,m,16384,16384,8,16384,0,5,20,False,2.9.0+cu128,12.8,dense_bf16,pass,0.349478,12.289650,
module_forward,m,16384,16384,8,16384,0,5,20,False,2.9.0+cu128,12.8,dense_nvfp4,skip,,,N%32!=0
module_forward,m,16384,16384,8,16384,0,5,20,False,2.9.0+cu128,12.8,sparse_bf16,skip,,,cuSPARSELt unsupported shape
module_forward,m,16384,16384,8,16384,0,5,20,False,2.9.0+cu128,12.8,sparse_nvfp4,pass,5.923917,0.725022,
module_forward,m,16384,16384,8,16384,0,5,20,False,2.9.0+cu128,12.8,marlin_nvfp4,skip,,,N%64!=0
module_forward,m,16384,16384,16,1,0,5,20,False,2.9.0+cu128,12.8,dense_bf16,pass,0.021661,0.024204,
module_forward,m,16384,16384,16,1,0,5,20,False,2.9.0+cu128,12.8,dense_nvfp4,skip,,,"K%32!=0,N%32!=0"
module_forward,m,16384,16384,16,1,0,5,20,False,2.9.0+cu128,12.8,sparse_bf16,skip,,,K%64!=0
module_forward,m,16384,16384,16,1,0,5,20,False,2.9.0+cu128,12.8,sparse_nvfp4,skip,,,K%64!=0
module_forward,m,16384,16384,16,1,0,5,20,False,2.9.0+cu128,12.8,marlin_nvfp4,skip,,,"K%128!=0,N%64!=0"
module_forward,m,16384,16384,16,2,0,5,20,False,2.9.0+cu128,12.8,dense_bf16,pass,0.023392,0.044826,
module_forward,m,16384,16384,16,2,0,5,20,False,2.9.0+cu128,12.8,dense_nvfp4,skip,,,"K%32!=0,N%32!=0"
module_forward,m,16384,16384,16,2,0,5,20,False,2.9.0+cu128,12.8,sparse_bf16,skip,,,K%64!=0
module_forward,m,16384,16384,16,2,0,5,20,False,2.9.0+cu128,12.8,sparse_nvfp4,skip,,,K%64!=0
module_forward,m,16384,16384,16,2,0,5,20,False,2.9.0+cu128,12.8,marlin_nvfp4,skip,,,"K%128!=0,N%64!=0"
module_forward,m,16384,16384,16,4,0,5,20,False,2.9.0+cu128,12.8,dense_bf16,pass,0.022403,0.093609,
module_forward,m,16384,16384,16,4,0,5,20,False,2.9.0+cu128,12.8,dense_nvfp4,skip,,,"K%32!=0,N%32!=0"
module_forward,m,16384,16384,16,4,0,5,20,False,2.9.0+cu128,12.8,sparse_bf16,skip,,,K%64!=0
module_forward,m,16384,16384,16,4,0,5,20,False,2.9.0+cu128,12.8,sparse_nvfp4,skip,,,K%64!=0
module_forward,m,16384,16384,16,4,0,5,20,False,2.9.0+cu128,12.8,marlin_nvfp4,skip,,,"K%128!=0,N%64!=0"
module_forward,m,16384,16384,16,8,0,5,20,False,2.9.0+cu128,12.8,dense_bf16,pass,0.022187,0.189042,
module_forward,m,16384,16384,16,8,0,5,20,False,2.9.0+cu128,12.8,dense_nvfp4,skip,,,"K%32!=0,N%32!=0"
module_forward,m,16384,16384,16,8,0,5,20,False,2.9.0+cu128,12.8,sparse_bf16,skip,,,K%64!=0
module_forward,m,16384,16384,16,8,0,5,20,False,2.9.0+cu128,12.8,sparse_nvfp4,skip,,,K%64!=0
module_forward,m,16384,16384,16,8,0,5,20,False,2.9.0+cu128,12.8,marlin_nvfp4,skip,,,"K%128!=0,N%64!=0"
module_forward,m,16384,16384,16,16,0,5,20,False,2.9.0+cu128,12.8,dense_bf16,pass,0.022379,0.374839,
module_forward,m,16384,16384,16,16,0,5,20,False,2.9.0+cu128,12.8,dense_nvfp4,skip,,,"K%32!=0,N%32!=0"
module_forward,m,16384,16384,16,16,0,5,20,False,2.9.0+cu128,12.8,sparse_bf16,skip,,,K%64!=0
module_forward,m,16384,16384,16,16,0,5,20,False,2.9.0+cu128,12.8,sparse_nvfp4,skip,,,K%64!=0
module_forward,m,16384,16384,16,16,0,5,20,False,2.9.0+cu128,12.8,marlin_nvfp4,skip,,,"K%128!=0,N%64!=0"
module_forward,m,16384,16384,16,32,0,5,20,False,2.9.0+cu128,12.8,dense_bf16,pass,0.022426,0.748128,
module_forward,m,16384,16384,16,32,0,5,20,False,2.9.0+cu128,12.8,dense_nvfp4,skip,,,N%32!=0
module_forward,m,16384,16384,16,32,0,5,20,False,2.9.0+cu128,12.8,sparse_bf16,skip,,,K%64!=0
module_forward,m,16384,16384,16,32,0,5,20,False,2.9.0+cu128,12.8,sparse_nvfp4,skip,,,K%64!=0
module_forward,m,16384,16384,16,32,0,5,20,False,2.9.0+cu128,12.8,marlin_nvfp4,skip,,,"K%128!=0,N%64!=0"
module_forward,m,16384,16384,16,64,0,5,20,False,2.9.0+cu128,12.8,dense_bf16,pass,0.022554,1.487764,
module_forward,m,16384,16384,16,64,0,5,20,False,2.9.0+cu128,12.8,dense_nvfp4,skip,,,N%32!=0
module_forward,m,16384,16384,16,64,0,5,20,False,2.9.0+cu128,12.8,sparse_bf16,pass,0.033442,1.003374,
module_forward,m,16384,16384,16,64,0,5,20,False,2.9.0+cu128,12.8,sparse_nvfp4,pass,0.123219,0.272315,
module_forward,m,16384,16384,16,64,0,5,20,False,2.9.0+cu128,12.8,marlin_nvfp4,skip,,,"K%128!=0,N%64!=0"
module_forward,m,16384,16384,16,128,0,5,20,False,2.9.0+cu128,12.8,dense_bf16,pass,0.022536,2.977852,
module_forward,m,16384,16384,16,128,0,5,20,False,2.9.0+cu128,12.8,dense_nvfp4,skip,,,N%32!=0
module_forward,m,16384,16384,16,128,0,5,20,False,2.9.0+cu128,12.8,sparse_bf16,pass,0.033242,2.018822,
module_forward,m,16384,16384,16,128,0,5,20,False,2.9.0+cu128,12.8,sparse_nvfp4,pass,0.123814,0.542012,
module_forward,m,16384,16384,16,128,0,5,20,False,2.9.0+cu128,12.8,marlin_nvfp4,skip,,,N%64!=0
module_forward,m,16384,16384,16,256,0,5,20,False,2.9.0+cu128,12.8,dense_bf16,pass,0.022274,6.025866,
module_forward,m,16384,16384,16,256,0,5,20,False,2.9.0+cu128,12.8,dense_nvfp4,skip,,,N%32!=0
module_forward,m,16384,16384,16,256,0,5,20,False,2.9.0+cu128,12.8,sparse_bf16,pass,0.032731,4.100605,
module_forward,m,16384,16384,16,256,0,5,20,False,2.9.0+cu128,12.8,sparse_nvfp4,pass,0.122256,1.097842,
module_forward,m,16384,16384,16,256,0,5,20,False,2.9.0+cu128,12.8,marlin_nvfp4,skip,,,N%64!=0
module_forward,m,16384,16384,16,512,0,5,20,False,2.9.0+cu128,12.8,dense_bf16,pass,0.022438,11.963217,
module_forward,m,16384,16384,16,512,0,5,20,False,2.9.0+cu128,12.8,dense_nvfp4,skip,,,N%32!=0
module_forward,m,16384,16384,16,512,0,5,20,False,2.9.0+cu128,12.8,sparse_bf16,pass,0.033197,8.086185,
module_forward,m,16384,16384,16,512,0,5,20,False,2.9.0+cu128,12.8,sparse_nvfp4,pass,0.171709,1.563318,
module_forward,m,16384,16384,16,512,0,5,20,False,2.9.0+cu128,12.8,marlin_nvfp4,skip,,,N%64!=0
module_forward,m,16384,16384,16,1024,0,5,20,False,2.9.0+cu128,12.8,dense_bf16,pass,0.025936,20.699835,
module_forward,m,16384,16384,16,1024,0,5,20,False,2.9.0+cu128,12.8,dense_nvfp4,skip,,,N%32!=0
module_forward,m,16384,16384,16,1024,0,5,20,False,2.9.0+cu128,12.8,sparse_bf16,pass,0.037670,14.251797,
module_forward,m,16384,16384,16,1024,0,5,20,False,2.9.0+cu128,12.8,sparse_nvfp4,pass,0.295750,1.815284,
module_forward,m,16384,16384,16,1024,0,5,20,False,2.9.0+cu128,12.8,marlin_nvfp4,skip,,,N%64!=0
module_forward,m,16384,16384,16,2048,0,5,20,False,2.9.0+cu128,12.8,dense_bf16,pass,0.036659,29.289832,
module_forward,m,16384,16384,16,2048,0,5,20,False,2.9.0+cu128,12.8,dense_nvfp4,skip,,,N%32!=0
module_forward,m,16384,16384,16,2048,0,5,20,False,2.9.0+cu128,12.8,sparse_bf16,pass,0.049022,21.903086,
module_forward,m,16384,16384,16,2048,0,5,20,False,2.9.0+cu128,12.8,sparse_nvfp4,pass,0.731829,1.467204,
module_forward,m,16384,16384,16,2048,0,5,20,False,2.9.0+cu128,12.8,marlin_nvfp4,skip,,,N%64!=0
module_forward,m,16384,16384,16,4096,0,5,20,False,2.9.0+cu128,12.8,dense_bf16,pass,0.203355,10.560259,
module_forward,m,16384,16384,16,4096,0,5,20,False,2.9.0+cu128,12.8,dense_nvfp4,skip,,,N%32!=0
module_forward,m,16384,16384,16,4096,0,5,20,False,2.9.0+cu128,12.8,sparse_bf16,pass,0.108146,19.857337,
module_forward,m,16384,16384,16,4096,0,5,20,False,2.9.0+cu128,12.8,sparse_nvfp4,pass,1.498923,1.432684,
module_forward,m,16384,16384,16,4096,0,5,20,False,2.9.0+cu128,12.8,marlin_nvfp4,skip,,,N%64!=0
module_forward,m,16384,16384,16,8192,0,5,20,False,2.9.0+cu128,12.8,dense_bf16,pass,0.183659,23.385528,
module_forward,m,16384,16384,16,8192,0,5,20,False,2.9.0+cu128,12.8,dense_nvfp4,skip,,,N%32!=0
module_forward,m,16384,16384,16,8192,0,5,20,False,2.9.0+cu128,12.8,sparse_bf16,pass,0.188530,22.781395,
module_forward,m,16384,16384,16,8192,0,5,20,False,2.9.0+cu128,12.8,sparse_nvfp4,pass,2.975934,1.443233,
module_forward,m,16384,16384,16,8192,0,5,20,False,2.9.0+cu128,12.8,marlin_nvfp4,skip,,,N%64!=0
module_forward,m,16384,16384,16,16384,0,5,20,False,2.9.0+cu128,12.8,dense_bf16,pass,0.348731,24.631965,
module_forward,m,16384,16384,16,16384,0,5,20,False,2.9.0+cu128,12.8,dense_nvfp4,skip,,,N%32!=0
module_forward,m,16384,16384,16,16384,0,5,20,False,2.9.0+cu128,12.8,sparse_bf16,pass,0.346542,24.787543,
module_forward,m,16384,16384,16,16384,0,5,20,False,2.9.0+cu128,12.8,sparse_nvfp4,pass,5.925570,1.449639,
module_forward,m,16384,16384,16,16384,0,5,20,False,2.9.0+cu128,12.8,marlin_nvfp4,skip,,,N%64!=0
module_forward,m,16384,16384,32,1,0,5,20,False,2.9.0+cu128,12.8,dense_bf16,pass,0.021290,0.049253,
module_forward,m,16384,16384,32,1,0,5,20,False,2.9.0+cu128,12.8,dense_nvfp4,skip,,,K%32!=0
module_forward,m,16384,16384,32,1,0,5,20,False,2.9.0+cu128,12.8,sparse_bf16,skip,,,K%64!=0
module_forward,m,16384,16384,32,1,0,5,20,False,2.9.0+cu128,12.8,sparse_nvfp4,skip,,,K%64!=0
module_forward,m,16384,16384,32,1,0,5,20,False,2.9.0+cu128,12.8,marlin_nvfp4,skip,,,"K%128!=0,N%64!=0"
module_forward,m,16384,16384,32,2,0,5,20,False,2.9.0+cu128,12.8,dense_bf16,pass,0.022458,0.093383,
module_forward,m,16384,16384,32,2,0,5,20,False,2.9.0+cu128,12.8,dense_nvfp4,skip,,,K%32!=0
module_forward,m,16384,16384,32,2,0,5,20,False,2.9.0+cu128,12.8,sparse_bf16,skip,,,K%64!=0
module_forward,m,16384,16384,32,2,0,5,20,False,2.9.0+cu128,12.8,sparse_nvfp4,skip,,,K%64!=0
module_forward,m,16384,16384,32,2,0,5,20,False,2.9.0+cu128,12.8,marlin_nvfp4,skip,,,"K%128!=0,N%64!=0"
module_forward,m,16384,16384,32,4,0,5,20,False,2.9.0+cu128,12.8,dense_bf16,pass,0.022355,0.187621,
module_forward,m,16384,16384,32,4,0,5,20,False,2.9.0+cu128,12.8,dense_nvfp4,skip,,,K%32!=0
module_forward,m,16384,16384,32,4,0,5,20,False,2.9.0+cu128,12.8,sparse_bf16,skip,,,K%64!=0
module_forward,m,16384,16384,32,4,0,5,20,False,2.9.0+cu128,12.8,sparse_nvfp4,skip,,,K%64!=0
module_forward,m,16384,16384,32,4,0,5,20,False,2.9.0+cu128,12.8,marlin_nvfp4,skip,,,"K%128!=0,N%64!=0"
module_forward,m,16384,16384,32,8,0,5,20,False,2.9.0+cu128,12.8,dense_bf16,pass,0.022200,0.377865,
module_forward,m,16384,16384,32,8,0,5,20,False,2.9.0+cu128,12.8,dense_nvfp4,skip,,,K%32!=0
module_forward,m,16384,16384,32,8,0,5,20,False,2.9.0+cu128,12.8,sparse_bf16,skip,,,K%64!=0
module_forward,m,16384,16384,32,8,0,5,20,False,2.9.0+cu128,12.8,sparse_nvfp4,skip,,,K%64!=0
module_forward,m,16384,16384,32,8,0,5,20,False,2.9.0+cu128,12.8,marlin_nvfp4,skip,,,"K%128!=0,N%64!=0"
module_forward,m,16384,16384,32,16,0,5,20,False,2.9.0+cu128,12.8,dense_bf16,pass,0.022290,0.752693,
module_forward,m,16384,16384,32,16,0,5,20,False,2.9.0+cu128,12.8,dense_nvfp4,skip,,,K%32!=0
module_forward,m,16384,16384,32,16,0,5,20,False,2.9.0+cu128,12.8,sparse_bf16,skip,,,K%64!=0
module_forward,m,16384,16384,32,16,0,5,20,False,2.9.0+cu128,12.8,sparse_nvfp4,skip,,,K%64!=0
module_forward,m,16384,16384,32,16,0,5,20,False,2.9.0+cu128,12.8,marlin_nvfp4,skip,,,"K%128!=0,N%64!=0"
module_forward,m,16384,16384,32,32,0,5,20,False,2.9.0+cu128,12.8,dense_bf16,pass,0.022536,1.488926,
module_forward,m,16384,16384,32,32,0,5,20,False,2.9.0+cu128,12.8,dense_nvfp4,pass,0.122464,0.273994,
module_forward,m,16384,16384,32,32,0,5,20,False,2.9.0+cu128,12.8,sparse_bf16,skip,,,K%64!=0
module_forward,m,16384,16384,32,32,0,5,20,False,2.9.0+cu128,12.8,sparse_nvfp4,skip,,,K%64!=0
module_forward,m,16384,16384,32,32,0,5,20,False,2.9.0+cu128,12.8,marlin_nvfp4,skip,,,"K%128!=0,N%64!=0"
module_forward,m,16384,16384,32,64,0,5,20,False,2.9.0+cu128,12.8,dense_bf16,pass,0.022326,3.005808,
module_forward,m,16384,16384,32,64,0,5,20,False,2.9.0+cu128,12.8,dense_nvfp4,pass,0.122683,0.547009,
module_forward,m,16384,16384,32,64,0,5,20,False,2.9.0+cu128,12.8,sparse_bf16,pass,0.033090,2.028095,
module_forward,m,16384,16384,32,64,0,5,20,False,2.9.0+cu128,12.8,sparse_nvfp4,pass,0.125299,0.535589,
module_forward,m,16384,16384,32,64,0,5,20,False,2.9.0+cu128,12.8,marlin_nvfp4,skip,,,"K%128!=0,N%64!=0"
module_forward,m,16384,16384,32,128,0,5,20,False,2.9.0+cu128,12.8,dense_bf16,pass,0.022622,5.932957,
module_forward,m,16384,16384,32,128,0,5,20,False,2.9.0+cu128,12.8,dense_nvfp4,pass,0.121493,1.104738,
module_forward,m,16384,16384,32,128,0,5,20,False,2.9.0+cu128,12.8,sparse_bf16,pass,0.032982,4.069374,
module_forward,m,16384,16384,32,128,0,5,20,False,2.9.0+cu128,12.8,sparse_nvfp4,pass,0.123357,1.088045,
module_forward,m,16384,16384,32,128,0,5,20,False,2.9.0+cu128,12.8,marlin_nvfp4,skip,,,N%64!=0
module_forward,m,16384,16384,32,256,0,5,20,False,2.9.0+cu128,12.8,dense_bf16,pass,0.022232,12.074283,
module_forward,m,16384,16384,32,256,0,5,20,False,2.9.0+cu128,12.8,dense_nvfp4,pass,0.122128,2.197985,
module_forward,m,16384,16384,32,256,0,5,20,False,2.9.0+cu128,12.8,sparse_bf16,pass,0.032778,8.189601,
module_forward,m,16384,16384,32,256,0,5,20,False,2.9.0+cu128,12.8,sparse_nvfp4,pass,0.122835,2.185330,
module_forward,m,16384,16384,32,256,0,5,20,False,2.9.0+cu128,12.8,marlin_nvfp4,skip,,,N%64!=0
module_forward,m,16384,16384,32,512,0,5,20,False,2.9.0+cu128,12.8,dense_bf16,pass,0.022837,23.509025,
module_forward,m,16384,16384,32,512,0,5,20,False,2.9.0+cu128,12.8,dense_nvfp4,pass,0.173035,3.102669,
module_forward,m,16384,16384,32,512,0,5,20,False,2.9.0+cu128,12.8,sparse_bf16,pass,0.032862,16.336935,
module_forward,m,16384,16384,32,512,0,5,20,False,2.9.0+cu128,12.8,sparse_nvfp4,pass,0.173110,3.101321,
module_forward,m,16384,16384,32,512,0,5,20,False,2.9.0+cu128,12.8,marlin_nvfp4,skip,,,N%64!=0
module_forward,m,16384,16384,32,1024,0,5,20,False,2.9.0+cu128,12.8,dense_bf16,pass,0.026448,40.598224,
module_forward,m,16384,16384,32,1024,0,5,20,False,2.9.0+cu128,12.8,dense_nvfp4,pass,0.296656,3.619485,
module_forward,m,16384,16384,32,1024,0,5,20,False,2.9.0+cu128,12.8,sparse_bf16,pass,0.037296,28.789731,
module_forward,m,16384,16384,32,1024,0,5,20,False,2.9.0+cu128,12.8,sparse_nvfp4,pass,0.294629,3.644389,
module_forward,m,16384,16384,32,1024,0,5,20,False,2.9.0+cu128,12.8,marlin_nvfp4,skip,,,N%64!=0
module_forward,m,16384,16384,32,2048,0,5,20,False,2.9.0+cu128,12.8,dense_bf16,pass,0.037765,56.864690,
module_forward,m,16384,16384,32,2048,0,5,20,False,2.9.0+cu128,12.8,dense_nvfp4,pass,0.745843,2.879270,
module_forward,m,16384,16384,32,2048,0,5,20,False,2.9.0+cu128,12.8,sparse_bf16,pass,0.048672,44.121541,
module_forward,m,16384,16384,32,2048,0,5,20,False,2.9.0+cu128,12.8,sparse_nvfp4,pass,0.733387,2.928172,
module_forward,m,16384,16384,32,2048,0,5,20,False,2.9.0+cu128,12.8,marlin_nvfp4,skip,,,N%64!=0
module_forward,m,16384,16384,32,4096,0,5,20,False,2.9.0+cu128,12.8,dense_bf16,pass,0.203194,21.137316,
module_forward,m,16384,16384,32,4096,0,5,20,False,2.9.0+cu128,12.8,dense_nvfp4,pass,1.520525,2.824661,
module_forward,m,16384,16384,32,4096,0,5,20,False,2.9.0+cu128,12.8,sparse_bf16,pass,0.108120,39.724078,
module_forward,m,16384,16384,32,4096,0,5,20,False,2.9.0+cu128,12.8,sparse_nvfp4,pass,1.499829,2.863638,
module_forward,m,16384,16384,32,4096,0,5,20,False,2.9.0+cu128,12.8,marlin_nvfp4,skip,,,N%64!=0
module_forward,m,16384,16384,32,8192,0,5,20,False,2.9.0+cu128,12.8,dense_bf16,pass,0.185531,46.299138,
module_forward,m,16384,16384,32,8192,0,5,20,False,2.9.0+cu128,12.8,dense_nvfp4,pass,3.008227,2.855481,
module_forward,m,16384,16384,32,8192,0,5,20,False,2.9.0+cu128,12.8,sparse_bf16,pass,0.188534,45.561630,
module_forward,m,16384,16384,32,8192,0,5,20,False,2.9.0+cu128,12.8,sparse_nvfp4,pass,2.975182,2.887196,
module_forward,m,16384,16384,32,8192,0,5,20,False,2.9.0+cu128,12.8,marlin_nvfp4,skip,,,N%64!=0
module_forward,m,16384,16384,32,16384,0,5,20,False,2.9.0+cu128,12.8,dense_bf16,pass,0.352360,48.756582,
module_forward,m,16384,16384,32,16384,0,5,20,False,2.9.0+cu128,12.8,dense_nvfp4,pass,5.984168,2.870887,
module_forward,m,16384,16384,32,16384,0,5,20,False,2.9.0+cu128,12.8,sparse_bf16,pass,0.347371,49.456804,
module_forward,m,16384,16384,32,16384,0,5,20,False,2.9.0+cu128,12.8,sparse_nvfp4,pass,5.919390,2.902304,
module_forward,m,16384,16384,32,16384,0,5,20,False,2.9.0+cu128,12.8,marlin_nvfp4,skip,,,N%64!=0
module_forward,m,16384,16384,64,1,0,5,20,False,2.9.0+cu128,12.8,dense_bf16,pass,0.021552,0.097307,
module_forward,m,16384,16384,64,1,0,5,20,False,2.9.0+cu128,12.8,dense_nvfp4,skip,,,K%32!=0
module_forward,m,16384,16384,64,1,0,5,20,False,2.9.0+cu128,12.8,sparse_bf16,skip,,,K%64!=0
module_forward,m,16384,16384,64,1,0,5,20,False,2.9.0+cu128,12.8,sparse_nvfp4,skip,,,K%64!=0
module_forward,m,16384,16384,64,1,0,5,20,False,2.9.0+cu128,12.8,marlin_nvfp4,skip,,,K%128!=0
module_forward,m,16384,16384,64,2,0,5,20,False,2.9.0+cu128,12.8,dense_bf16,pass,0.022536,0.186116,
module_forward,m,16384,16384,64,2,0,5,20,False,2.9.0+cu128,12.8,dense_nvfp4,skip,,,K%32!=0
module_forward,m,16384,16384,64,2,0,5,20,False,2.9.0+cu128,12.8,sparse_bf16,skip,,,K%64!=0
module_forward,m,16384,16384,64,2,0,5,20,False,2.9.0+cu128,12.8,sparse_nvfp4,skip,,,K%64!=0
module_forward,m,16384,16384,64,2,0,5,20,False,2.9.0+cu128,12.8,marlin_nvfp4,skip,,,K%128!=0
module_forward,m,16384,16384,64,4,0,5,20,False,2.9.0+cu128,12.8,dense_bf16,pass,0.022250,0.377023,
module_forward,m,16384,16384,64,4,0,5,20,False,2.9.0+cu128,12.8,dense_nvfp4,skip,,,K%32!=0
module_forward,m,16384,16384,64,4,0,5,20,False,2.9.0+cu128,12.8,sparse_bf16,skip,,,K%64!=0
module_forward,m,16384,16384,64,4,0,5,20,False,2.9.0+cu128,12.8,sparse_nvfp4,skip,,,K%64!=0
module_forward,m,16384,16384,64,4,0,5,20,False,2.9.0+cu128,12.8,marlin_nvfp4,skip,,,K%128!=0
module_forward,m,16384,16384,64,8,0,5,20,False,2.9.0+cu128,12.8,dense_bf16,pass,0.022307,0.752099,
module_forward,m,16384,16384,64,8,0,5,20,False,2.9.0+cu128,12.8,dense_nvfp4,skip,,,K%32!=0
module_forward,m,16384,16384,64,8,0,5,20,False,2.9.0+cu128,12.8,sparse_bf16,skip,,,K%64!=0
module_forward,m,16384,16384,64,8,0,5,20,False,2.9.0+cu128,12.8,sparse_nvfp4,skip,,,K%64!=0
module_forward,m,16384,16384,64,8,0,5,20,False,2.9.0+cu128,12.8,marlin_nvfp4,skip,,,K%128!=0
module_forward,m,16384,16384,64,16,0,5,20,False,2.9.0+cu128,12.8,dense_bf16,pass,0.022301,1.504629,
module_forward,m,16384,16384,64,16,0,5,20,False,2.9.0+cu128,12.8,dense_nvfp4,skip,,,K%32!=0
module_forward,m,16384,16384,64,16,0,5,20,False,2.9.0+cu128,12.8,sparse_bf16,skip,,,K%64!=0
module_forward,m,16384,16384,64,16,0,5,20,False,2.9.0+cu128,12.8,sparse_nvfp4,skip,,,K%64!=0
module_forward,m,16384,16384,64,16,0,5,20,False,2.9.0+cu128,12.8,marlin_nvfp4,skip,,,K%128!=0
module_forward,m,16384,16384,64,32,0,5,20,False,2.9.0+cu128,12.8,dense_bf16,pass,0.022541,2.977217,
module_forward,m,16384,16384,64,32,0,5,20,False,2.9.0+cu128,12.8,dense_nvfp4,pass,0.121208,0.553667,
module_forward,m,16384,16384,64,32,0,5,20,False,2.9.0+cu128,12.8,sparse_bf16,skip,,,K%64!=0
module_forward,m,16384,16384,64,32,0,5,20,False,2.9.0+cu128,12.8,sparse_nvfp4,skip,,,K%64!=0
module_forward,m,16384,16384,64,32,0,5,20,False,2.9.0+cu128,12.8,marlin_nvfp4,skip,,,K%128!=0
module_forward,m,16384,16384,64,64,0,5,20,False,2.9.0+cu128,12.8,dense_bf16,pass,0.022278,6.024568,
module_forward,m,16384,16384,64,64,0,5,20,False,2.9.0+cu128,12.8,dense_nvfp4,pass,0.120867,1.110456,
module_forward,m,16384,16384,64,64,0,5,20,False,2.9.0+cu128,12.8,sparse_bf16,pass,0.033518,4.004300,
module_forward,m,16384,16384,64,64,0,5,20,False,2.9.0+cu128,12.8,sparse_nvfp4,pass,0.123646,1.085496,
module_forward,m,16384,16384,64,64,0,5,20,False,2.9.0+cu128,12.8,marlin_nvfp4,skip,,,K%128!=0
module_forward,m,16384,16384,64,128,0,5,20,False,2.9.0+cu128,12.8,dense_bf16,pass,0.022408,11.979447,
module_forward,m,16384,16384,64,128,0,5,20,False,2.9.0+cu128,12.8,dense_nvfp4,pass,0.122376,2.193530,
module_forward,m,16384,16384,64,128,0,5,20,False,2.9.0+cu128,12.8,sparse_bf16,pass,0.033408,8.035065,
module_forward,m,16384,16384,64,128,0,5,20,False,2.9.0+cu128,12.8,sparse_nvfp4,pass,0.123162,2.179539,
module_forward,m,16384,16384,64,128,0,5,20,False,2.9.0+cu128,12.8,marlin_nvfp4,pass,0.041621,6.449551,
module_forward,m,16384,16384,64,256,0,5,20,False,2.9.0+cu128,12.8,dense_bf16,pass,0.022715,23.634875,
module_forward,m,16384,16384,64,256,0,5,20,False,2.9.0+cu128,12.8,dense_nvfp4,pass,0.122005,4.400408,
module_forward,m,16384,16384,64,256,0,5,20,False,2.9.0+cu128,12.8,sparse_bf16,pass,0.033430,16.059362,
module_forward,m,16384,16384,64,256,0,5,20,False,2.9.0+cu128,12.8,sparse_nvfp4,pass,0.124456,4.313741,
module_forward,m,16384,16384,64,256,0,5,20,False,2.9.0+cu128,12.8,marlin_nvfp4,pass,0.041941,12.800683,
module_forward,m,16384,16384,64,512,0,5,20,False,2.9.0+cu128,12.8,dense_bf16,pass,0.025915,41.432897,
module_forward,m,16384,16384,64,512,0,5,20,False,2.9.0+cu128,12.8,dense_nvfp4,pass,0.172557,6.222541,
module_forward,m,16384,16384,64,512,0,5,20,False,2.9.0+cu128,12.8,sparse_bf16,pass,0.033530,32.023699,
module_forward,m,16384,16384,64,512,0,5,20,False,2.9.0+cu128,12.8,sparse_nvfp4,pass,0.173862,6.175814,
module_forward,m,16384,16384,64,512,0,5,20,False,2.9.0+cu128,12.8,marlin_nvfp4,pass,0.044157,24.316568,
module_forward,m,16384,16384,64,1024,0,5,20,False,2.9.0+cu128,12.8,dense_bf16,pass,0.040650,52.829146,
module_forward,m,16384,16384,64,1024,0,5,20,False,2.9.0+cu128,12.8,dense_nvfp4,pass,0.299565,7.168678,
module_forward,m,16384,16384,64,1024,0,5,20,False,2.9.0+cu128,12.8,sparse_bf16,pass,0.040174,53.454032,
module_forward,m,16384,16384,64,1024,0,5,20,False,2.9.0+cu128,12.8,sparse_nvfp4,pass,0.296394,7.245378,
module_forward,m,16384,16384,64,1024,0,5,20,False,2.9.0+cu128,12.8,marlin_nvfp4,pass,0.055334,38.809197,
module_forward,m,16384,16384,64,2048,0,5,20,False,2.9.0+cu128,12.8,dense_bf16,pass,0.063040,68.130826,
module_forward,m,16384,16384,64,2048,0,5,20,False,2.9.0+cu128,12.8,dense_nvfp4,pass,0.739613,5.807048,
module_forward,m,16384,16384,64,2048,0,5,20,False,2.9.0+cu128,12.8,sparse_bf16,pass,0.048419,88.703806,
module_forward,m,16384,16384,64,2048,0,5,20,False,2.9.0+cu128,12.8,sparse_nvfp4,pass,0.734171,5.850090,
module_forward,m,16384,16384,64,2048,0,5,20,False,2.9.0+cu128,12.8,marlin_nvfp4,pass,0.066258,64.822259,
module_forward,m,16384,16384,64,4096,0,5,20,False,2.9.0+cu128,12.8,dense_bf16,pass,0.110349,77.843480,
module_forward,m,16384,16384,64,4096,0,5,20,False,2.9.0+cu128,12.8,dense_nvfp4,pass,1.515251,5.668984,
module_forward,m,16384,16384,64,4096,0,5,20,False,2.9.0+cu128,12.8,sparse_bf16,pass,0.108587,79.106328,
module_forward,m,16384,16384,64,4096,0,5,20,False,2.9.0+cu128,12.8,sparse_nvfp4,pass,1.495922,5.742236,
module_forward,m,16384,16384,64,4096,0,5,20,False,2.9.0+cu128,12.8,marlin_nvfp4,pass,0.124549,68.968425,
module_forward,m,16384,16384,64,8192,0,5,20,False,2.9.0+cu128,12.8,dense_bf16,pass,0.190158,90.345046,
module_forward,m,16384,16384,64,8192,0,5,20,False,2.9.0+cu128,12.8,dense_nvfp4,pass,2.998854,5.728811,
module_forward,m,16384,16384,64,8192,0,5,20,False,2.9.0+cu128,12.8,sparse_bf16,pass,0.190498,90.184176,
module_forward,m,16384,16384,64,8192,0,5,20,False,2.9.0+cu128,12.8,sparse_nvfp4,pass,2.968584,5.787227,
module_forward,m,16384,16384,64,8192,0,5,20,False,2.9.0+cu128,12.8,marlin_nvfp4,pass,0.205155,83.740842,
module_forward,m,16384,16384,64,16384,0,5,20,False,2.9.0+cu128,12.8,dense_bf16,pass,0.355949,96.530002,
module_forward,m,16384,16384,64,16384,0,5,20,False,2.9.0+cu128,12.8,dense_nvfp4,pass,5.962166,5.762962,
module_forward,m,16384,16384,64,16384,0,5,20,False,2.9.0+cu128,12.8,sparse_bf16,pass,0.347989,98.738058,
module_forward,m,16384,16384,64,16384,0,5,20,False,2.9.0+cu128,12.8,sparse_nvfp4,pass,5.917675,5.806290,
module_forward,m,16384,16384,64,16384,0,5,20,False,2.9.0+cu128,12.8,marlin_nvfp4,pass,0.369306,93.038769,
module_forward,m,16384,16384,128,1,0,5,20,False,2.9.0+cu128,12.8,dense_bf16,pass,0.021568,0.194469,
module_forward,m,16384,16384,128,1,0,5,20,False,2.9.0+cu128,12.8,dense_nvfp4,skip,,,K%32!=0
module_forward,m,16384,16384,128,1,0,5,20,False,2.9.0+cu128,12.8,sparse_bf16,skip,,,K%64!=0
module_forward,m,16384,16384,128,1,0,5,20,False,2.9.0+cu128,12.8,sparse_nvfp4,skip,,,K%64!=0
module_forward,m,16384,16384,128,1,0,5,20,False,2.9.0+cu128,12.8,marlin_nvfp4,skip,,,K%128!=0
module_forward,m,16384,16384,128,2,0,5,20,False,2.9.0+cu128,12.8,dense_bf16,pass,0.022150,0.378711,
module_forward,m,16384,16384,128,2,0,5,20,False,2.9.0+cu128,12.8,dense_nvfp4,skip,,,K%32!=0
module_forward,m,16384,16384,128,2,0,5,20,False,2.9.0+cu128,12.8,sparse_bf16,skip,,,K%64!=0
module_forward,m,16384,16384,128,2,0,5,20,False,2.9.0+cu128,12.8,sparse_nvfp4,skip,,,K%64!=0
module_forward,m,16384,16384,128,2,0,5,20,False,2.9.0+cu128,12.8,marlin_nvfp4,skip,,,K%128!=0
module_forward,m,16384,16384,128,4,0,5,20,False,2.9.0+cu128,12.8,dense_bf16,pass,0.022304,0.752207,
module_forward,m,16384,16384,128,4,0,5,20,False,2.9.0+cu128,12.8,dense_nvfp4,skip,,,K%32!=0
module_forward,m,16384,16384,128,4,0,5,20,False,2.9.0+cu128,12.8,sparse_bf16,skip,,,K%64!=0
module_forward,m,16384,16384,128,4,0,5,20,False,2.9.0+cu128,12.8,sparse_nvfp4,skip,,,K%64!=0
module_forward,m,16384,16384,128,4,0,5,20,False,2.9.0+cu128,12.8,marlin_nvfp4,skip,,,K%128!=0
module_forward,m,16384,16384,128,8,0,5,20,False,2.9.0+cu128,12.8,dense_bf16,pass,0.022570,1.486709,
module_forward,m,16384,16384,128,8,0,5,20,False,2.9.0+cu128,12.8,dense_nvfp4,skip,,,K%32!=0
module_forward,m,16384,16384,128,8,0,5,20,False,2.9.0+cu128,12.8,sparse_bf16,skip,,,K%64!=0
module_forward,m,16384,16384,128,8,0,5,20,False,2.9.0+cu128,12.8,sparse_nvfp4,skip,,,K%64!=0
module_forward,m,16384,16384,128,8,0,5,20,False,2.9.0+cu128,12.8,marlin_nvfp4,skip,,,K%128!=0
module_forward,m,16384,16384,128,16,0,5,20,False,2.9.0+cu128,12.8,dense_bf16,pass,0.022395,2.996574,
module_forward,m,16384,16384,128,16,0,5,20,False,2.9.0+cu128,12.8,dense_nvfp4,skip,,,K%32!=0
module_forward,m,16384,16384,128,16,0,5,20,False,2.9.0+cu128,12.8,sparse_bf16,skip,,,K%64!=0
module_forward,m,16384,16384,128,16,0,5,20,False,2.9.0+cu128,12.8,sparse_nvfp4,skip,,,K%64!=0
module_forward,m,16384,16384,128,16,0,5,20,False,2.9.0+cu128,12.8,marlin_nvfp4,skip,,,K%128!=0
module_forward,m,16384,16384,128,32,0,5,20,False,2.9.0+cu128,12.8,dense_bf16,pass,0.022136,6.063323,
module_forward,m,16384,16384,128,32,0,5,20,False,2.9.0+cu128,12.8,dense_nvfp4,pass,0.121219,1.107232,
module_forward,m,16384,16384,128,32,0,5,20,False,2.9.0+cu128,12.8,sparse_bf16,skip,,,K%64!=0
module_forward,m,16384,16384,128,32,0,5,20,False,2.9.0+cu128,12.8,sparse_nvfp4,skip,,,K%64!=0
module_forward,m,16384,16384,128,32,0,5,20,False,2.9.0+cu128,12.8,marlin_nvfp4,skip,,,K%128!=0
module_forward,m,16384,16384,128,64,0,5,20,False,2.9.0+cu128,12.8,dense_bf16,pass,0.022184,12.100408,
module_forward,m,16384,16384,128,64,0,5,20,False,2.9.0+cu128,12.8,dense_nvfp4,pass,0.121627,2.207035,
module_forward,m,16384,16384,128,64,0,5,20,False,2.9.0+cu128,12.8,sparse_bf16,pass,0.032528,8.252443,
module_forward,m,16384,16384,128,64,0,5,20,False,2.9.0+cu128,12.8,sparse_nvfp4,pass,0.123653,2.170881,
module_forward,m,16384,16384,128,64,0,5,20,False,2.9.0+cu128,12.8,marlin_nvfp4,skip,,,K%128!=0
module_forward,m,16384,16384,128,128,0,5,20,False,2.9.0+cu128,12.8,dense_bf16,pass,0.022622,23.731828,
module_forward,m,16384,16384,128,128,0,5,20,False,2.9.0+cu128,12.8,dense_nvfp4,pass,0.121795,4.407981,
module_forward,m,16384,16384,128,128,0,5,20,False,2.9.0+cu128,12.8,sparse_bf16,pass,0.032824,16.356048,
module_forward,m,16384,16384,128,128,0,5,20,False,2.9.0+cu128,12.8,sparse_nvfp4,pass,0.122323,4.388954,
module_forward,m,16384,16384,128,128,0,5,20,False,2.9.0+cu128,12.8,marlin_nvfp4,pass,0.041702,12.873861,
module_forward,m,16384,16384,128,256,0,5,20,False,2.9.0+cu128,12.8,dense_bf16,pass,0.024202,44.366563,
module_forward,m,16384,16384,128,256,0,5,20,False,2.9.0+cu128,12.8,dense_nvfp4,pass,0.123190,8.716116,
module_forward,m,16384,16384,128,256,0,5,20,False,2.9.0+cu128,12.8,sparse_bf16,pass,0.032958,32.578700,
module_forward,m,16384,16384,128,256,0,5,20,False,2.9.0+cu128,12.8,sparse_nvfp4,pass,0.123608,8.686669,
module_forward,m,16384,16384,128,256,0,5,20,False,2.9.0+cu128,12.8,marlin_nvfp4,pass,0.042021,25.552627,
module_forward,m,16384,16384,128,512,0,5,20,False,2.9.0+cu128,12.8,dense_bf16,pass,0.029733,72.226081,
module_forward,m,16384,16384,128,512,0,5,20,False,2.9.0+cu128,12.8,dense_nvfp4,pass,0.172467,12.451548,
module_forward,m,16384,16384,128,512,0,5,20,False,2.9.0+cu128,12.8,sparse_bf16,pass,0.033122,64.836350,
module_forward,m,16384,16384,128,512,0,5,20,False,2.9.0+cu128,12.8,sparse_nvfp4,pass,0.170960,12.561322,
module_forward,m,16384,16384,128,512,0,5,20,False,2.9.0+cu128,12.8,marlin_nvfp4,pass,0.052963,40.546712,
module_forward,m,16384,16384,128,1024,0,5,20,False,2.9.0+cu128,12.8,dense_bf16,pass,0.040106,107.091462,
module_forward,m,16384,16384,128,1024,0,5,20,False,2.9.0+cu128,12.8,dense_nvfp4,pass,0.299646,14.333452,
module_forward,m,16384,16384,128,1024,0,5,20,False,2.9.0+cu128,12.8,sparse_bf16,pass,0.038923,110.344660,
module_forward,m,16384,16384,128,1024,0,5,20,False,2.9.0+cu128,12.8,sparse_nvfp4,pass,0.296166,14.501872,
module_forward,m,16384,16384,128,1024,0,5,20,False,2.9.0+cu128,12.8,marlin_nvfp4,pass,0.063000,68.174084,
module_forward,m,16384,16384,128,2048,0,5,20,False,2.9.0+cu128,12.8,dense_bf16,pass,0.063082,136.171792,
module_forward,m,16384,16384,128,2048,0,5,20,False,2.9.0+cu128,12.8,dense_nvfp4,pass,0.738565,11.630577,
module_forward,m,16384,16384,128,2048,0,5,20,False,2.9.0+cu128,12.8,sparse_bf16,pass,0.049514,173.486367,
module_forward,m,16384,16384,128,2048,0,5,20,False,2.9.0+cu128,12.8,sparse_nvfp4,pass,0.735602,11.677428,
module_forward,m,16384,16384,128,2048,0,5,20,False,2.9.0+cu128,12.8,marlin_nvfp4,pass,0.083170,103.282143,
module_forward,m,16384,16384,128,4096,0,5,20,False,2.9.0+cu128,12.8,dense_bf16,pass,0.110278,155.786348,
module_forward,m,16384,16384,128,4096,0,5,20,False,2.9.0+cu128,12.8,dense_nvfp4,pass,1.510080,11.376794,
module_forward,m,16384,16384,128,4096,0,5,20,False,2.9.0+cu128,12.8,sparse_bf16,pass,0.109645,156.686584,
module_forward,m,16384,16384,128,4096,0,5,20,False,2.9.0+cu128,12.8,sparse_nvfp4,pass,1.497158,11.474984,
module_forward,m,16384,16384,128,4096,0,5,20,False,2.9.0+cu128,12.8,marlin_nvfp4,pass,0.130621,131.524756,
module_forward,m,16384,16384,128,8192,0,5,20,False,2.9.0+cu128,12.8,dense_bf16,pass,0.213570,160.883095,
module_forward,m,16384,16384,128,8192,0,5,20,False,2.9.0+cu128,12.8,dense_nvfp4,pass,2.986461,11.505170,
module_forward,m,16384,16384,128,8192,0,5,20,False,2.9.0+cu128,12.8,sparse_bf16,pass,0.192563,178.433566,
module_forward,m,16384,16384,128,8192,0,5,20,False,2.9.0+cu128,12.8,sparse_nvfp4,pass,2.969803,11.569702,
module_forward,m,16384,16384,128,8192,0,5,20,False,2.9.0+cu128,12.8,marlin_nvfp4,pass,0.213104,161.234601,
module_forward,m,16384,16384,128,16384,0,5,20,False,2.9.0+cu128,12.8,dense_bf16,pass,0.396355,173.378515,
module_forward,m,16384,16384,128,16384,0,5,20,False,2.9.0+cu128,12.8,dense_nvfp4,pass,5.956480,11.536927,
module_forward,m,16384,16384,128,16384,0,5,20,False,2.9.0+cu128,12.8,sparse_bf16,pass,0.351400,195.559124,
module_forward,m,16384,16384,128,16384,0,5,20,False,2.9.0+cu128,12.8,sparse_nvfp4,pass,5.913936,11.619922,
module_forward,m,16384,16384,128,16384,0,5,20,False,2.9.0+cu128,12.8,marlin_nvfp4,pass,0.381843,179.967790,
module_forward,m,16384,16384,256,1,0,5,20,False,2.9.0+cu128,12.8,dense_bf16,pass,0.021267,0.394439,
module_forward,m,16384,16384,256,1,0,5,20,False,2.9.0+cu128,12.8,dense_nvfp4,skip,,,K%32!=0
module_forward,m,16384,16384,256,1,0,5,20,False,2.9.0+cu128,12.8,sparse_bf16,skip,,,K%64!=0
module_forward,m,16384,16384,256,1,0,5,20,False,2.9.0+cu128,12.8,sparse_nvfp4,skip,,,K%64!=0
module_forward,m,16384,16384,256,1,0,5,20,False,2.9.0+cu128,12.8,marlin_nvfp4,skip,,,K%128!=0
module_forward,m,16384,16384,256,2,0,5,20,False,2.9.0+cu128,12.8,dense_bf16,pass,0.023131,0.725307,
module_forward,m,16384,16384,256,2,0,5,20,False,2.9.0+cu128,12.8,dense_nvfp4,skip,,,K%32!=0
module_forward,m,16384,16384,256,2,0,5,20,False,2.9.0+cu128,12.8,sparse_bf16,skip,,,K%64!=0
module_forward,m,16384,16384,256,2,0,5,20,False,2.9.0+cu128,12.8,sparse_nvfp4,skip,,,K%64!=0
module_forward,m,16384,16384,256,2,0,5,20,False,2.9.0+cu128,12.8,marlin_nvfp4,skip,,,K%128!=0
module_forward,m,16384,16384,256,4,0,5,20,False,2.9.0+cu128,12.8,dense_bf16,pass,0.022742,1.475413,
module_forward,m,16384,16384,256,4,0,5,20,False,2.9.0+cu128,12.8,dense_nvfp4,skip,,,K%32!=0
module_forward,m,16384,16384,256,4,0,5,20,False,2.9.0+cu128,12.8,sparse_bf16,skip,,,K%64!=0
module_forward,m,16384,16384,256,4,0,5,20,False,2.9.0+cu128,12.8,sparse_nvfp4,skip,,,K%64!=0
module_forward,m,16384,16384,256,4,0,5,20,False,2.9.0+cu128,12.8,marlin_nvfp4,skip,,,K%128!=0
module_forward,m,16384,16384,256,8,0,5,20,False,2.9.0+cu128,12.8,dense_bf16,pass,0.022192,3.024012,
module_forward,m,16384,16384,256,8,0,5,20,False,2.9.0+cu128,12.8,dense_nvfp4,skip,,,K%32!=0
module_forward,m,16384,16384,256,8,0,5,20,False,2.9.0+cu128,12.8,sparse_bf16,skip,,,K%64!=0
module_forward,m,16384,16384,256,8,0,5,20,False,2.9.0+cu128,12.8,sparse_nvfp4,skip,,,K%64!=0
module_forward,m,16384,16384,256,8,0,5,20,False,2.9.0+cu128,12.8,marlin_nvfp4,skip,,,K%128!=0
module_forward,m,16384,16384,256,16,0,5,20,False,2.9.0+cu128,12.8,dense_bf16,pass,0.022331,6.010323,
module_forward,m,16384,16384,256,16,0,5,20,False,2.9.0+cu128,12.8,dense_nvfp4,skip,,,K%32!=0
module_forward,m,16384,16384,256,16,0,5,20,False,2.9.0+cu128,12.8,sparse_bf16,skip,,,K%64!=0
module_forward,m,16384,16384,256,16,0,5,20,False,2.9.0+cu128,12.8,sparse_nvfp4,skip,,,K%64!=0
module_forward,m,16384,16384,256,16,0,5,20,False,2.9.0+cu128,12.8,marlin_nvfp4,skip,,,K%128!=0
module_forward,m,16384,16384,256,32,0,5,20,False,2.9.0+cu128,12.8,dense_bf16,pass,0.022638,11.857528,
module_forward,m,16384,16384,256,32,0,5,20,False,2.9.0+cu128,12.8,dense_nvfp4,pass,0.122896,2.184249,
module_forward,m,16384,16384,256,32,0,5,20,False,2.9.0+cu128,12.8,sparse_bf16,skip,,,K%64!=0
module_forward,m,16384,16384,256,32,0,5,20,False,2.9.0+cu128,12.8,sparse_nvfp4,skip,,,K%64!=0
module_forward,m,16384,16384,256,32,0,5,20,False,2.9.0+cu128,12.8,marlin_nvfp4,skip,,,K%128!=0
module_forward,m,16384,16384,256,64,0,5,20,False,2.9.0+cu128,12.8,dense_bf16,pass,0.022554,23.804222,
module_forward,m,16384,16384,256,64,0,5,20,False,2.9.0+cu128,12.8,dense_nvfp4,pass,0.121650,4.413257,
module_forward,m,16384,16384,256,64,0,5,20,False,2.9.0+cu128,12.8,sparse_bf16,pass,0.033448,16.050912,
module_forward,m,16384,16384,256,64,0,5,20,False,2.9.0+cu128,12.8,sparse_nvfp4,pass,0.124298,4.319238,
module_forward,m,16384,16384,256,64,0,5,20,False,2.9.0+cu128,12.8,marlin_nvfp4,skip,,,K%128!=0
module_forward,m,16384,16384,256,128,0,5,20,False,2.9.0+cu128,12.8,dense_bf16,pass,0.023858,45.006280,
module_forward,m,16384,16384,256,128,0,5,20,False,2.9.0+cu128,12.8,dense_nvfp4,pass,0.122619,8.756718,
module_forward,m,16384,16384,256,128,0,5,20,False,2.9.0+cu128,12.8,sparse_bf16,pass,0.034504,31.119343,
module_forward,m,16384,16384,256,128,0,5,20,False,2.9.0+cu128,12.8,sparse_nvfp4,pass,0.125413,8.561661,
module_forward,m,16384,16384,256,128,0,5,20,False,2.9.0+cu128,12.8,marlin_nvfp4,pass,0.043739,24.548730,
module_forward,m,16384,16384,256,256,0,5,20,False,2.9.0+cu128,12.8,dense_bf16,pass,0.029142,73.689320,
module_forward,m,16384,16384,256,256,0,5,20,False,2.9.0+cu128,12.8,dense_nvfp4,pass,0.122320,17.556276,
module_forward,m,16384,16384,256,256,0,5,20,False,2.9.0+cu128,12.8,sparse_bf16,pass,0.035277,60.875239,
module_forward,m,16384,16384,256,256,0,5,20,False,2.9.0+cu128,12.8,sparse_nvfp4,pass,0.123018,17.456719,
module_forward,m,16384,16384,256,256,0,5,20,False,2.9.0+cu128,12.8,marlin_nvfp4,pass,0.048758,44.043358,
module_forward,m,16384,16384,256,512,0,5,20,False,2.9.0+cu128,12.8,dense_bf16,pass,0.039197,109.574436,
module_forward,m,16384,16384,256,512,0,5,20,False,2.9.0+cu128,12.8,dense_nvfp4,pass,0.173206,24.796816,
module_forward,m,16384,16384,256,512,0,5,20,False,2.9.0+cu128,12.8,sparse_bf16,pass,0.041226,104.182044,
module_forward,m,16384,16384,256,512,0,5,20,False,2.9.0+cu128,12.8,sparse_nvfp4,pass,0.174048,24.676913,
module_forward,m,16384,16384,256,512,0,5,20,False,2.9.0+cu128,12.8,marlin_nvfp4,pass,0.066115,64.961875,
module_forward,m,16384,16384,256,1024,0,5,20,False,2.9.0+cu128,12.8,dense_bf16,pass,0.066330,129.503790,
module_forward,m,16384,16384,256,1024,0,5,20,False,2.9.0+cu128,12.8,dense_nvfp4,pass,0.303326,28.319113,
module_forward,m,16384,16384,256,1024,0,5,20,False,2.9.0+cu128,12.8,sparse_bf16,pass,0.052832,162.589616,
module_forward,m,16384,16384,256,1024,0,5,20,False,2.9.0+cu128,12.8,sparse_nvfp4,pass,0.302602,28.386944,
module_forward,m,16384,16384,256,1024,0,5,20,False,2.9.0+cu128,12.8,marlin_nvfp4,pass,0.083098,103.371633,
module_forward,m,16384,16384,256,2048,0,5,20,False,2.9.0+cu128,12.8,dense_bf16,pass,0.112746,152.377292,
module_forward,m,16384,16384,256,2048,0,5,20,False,2.9.0+cu128,12.8,dense_nvfp4,pass,0.762682,22.525611,
module_forward,m,16384,16384,256,2048,0,5,20,False,2.9.0+cu128,12.8,sparse_bf16,pass,0.076336,225.055927,
module_forward,m,16384,16384,256,2048,0,5,20,False,2.9.0+cu128,12.8,sparse_nvfp4,pass,0.754186,22.779365,
module_forward,m,16384,16384,256,2048,0,5,20,False,2.9.0+cu128,12.8,marlin_nvfp4,pass,0.119950,143.224776,
module_forward,m,16384,16384,256,4096,0,5,20,False,2.9.0+cu128,12.8,dense_bf16,pass,0.206486,166.401944,
module_forward,m,16384,16384,256,4096,0,5,20,False,2.9.0+cu128,12.8,dense_nvfp4,pass,1.529642,22.462607,
module_forward,m,16384,16384,256,4096,0,5,20,False,2.9.0+cu128,12.8,sparse_bf16,pass,0.131176,261.936166,
module_forward,m,16384,16384,256,4096,0,5,20,False,2.9.0+cu128,12.8,sparse_nvfp4,pass,1.514053,22.693884,
module_forward,m,16384,16384,256,4096,0,5,20,False,2.9.0+cu128,12.8,marlin_nvfp4,pass,0.194597,176.568878,
module_forward,m,16384,16384,256,8192,0,5,20,False,2.9.0+cu128,12.8,dense_bf16,pass,0.384842,178.565615,
module_forward,m,16384,16384,256,8192,0,5,20,False,2.9.0+cu128,12.8,dense_nvfp4,pass,3.017150,22.776285,
module_forward,m,16384,16384,256,8192,0,5,20,False,2.9.0+cu128,12.8,sparse_bf16,pass,0.237565,289.266239,
module_forward,m,16384,16384,256,8192,0,5,20,False,2.9.0+cu128,12.8,sparse_nvfp4,pass,3.000627,22.901704,
module_forward,m,16384,16384,256,8192,0,5,20,False,2.9.0+cu128,12.8,marlin_nvfp4,pass,0.339093,202.656842,
module_forward,m,16384,16384,256,16384,0,5,20,False,2.9.0+cu128,12.8,dense_bf16,pass,0.763800,179.941021,
module_forward,m,16384,16384,256,16384,0,5,20,False,2.9.0+cu128,12.8,dense_nvfp4,pass,5.996906,22.918312,
module_forward,m,16384,16384,256,16384,0,5,20,False,2.9.0+cu128,12.8,sparse_bf16,pass,0.432874,317.503663,
module_forward,m,16384,16384,256,16384,0,5,20,False,2.9.0+cu128,12.8,sparse_nvfp4,pass,5.942234,23.129174,
module_forward,m,16384,16384,256,16384,0,5,20,False,2.9.0+cu128,12.8,marlin_nvfp4,pass,0.626352,219.427659,
module_forward,m,16384,16384,512,1,0,5,20,False,2.9.0+cu128,12.8,dense_bf16,pass,0.021803,0.769484,
module_forward,m,16384,16384,512,1,0,5,20,False,2.9.0+cu128,12.8,dense_nvfp4,skip,,,K%32!=0
module_forward,m,16384,16384,512,1,0,5,20,False,2.9.0+cu128,12.8,sparse_bf16,skip,,,K%64!=0
module_forward,m,16384,16384,512,1,0,5,20,False,2.9.0+cu128,12.8,sparse_nvfp4,skip,,,K%64!=0
module_forward,m,16384,16384,512,1,0,5,20,False,2.9.0+cu128,12.8,marlin_nvfp4,skip,,,K%128!=0
module_forward,m,16384,16384,512,2,0,5,20,False,2.9.0+cu128,12.8,dense_bf16,pass,0.024867,1.349345,
module_forward,m,16384,16384,512,2,0,5,20,False,2.9.0+cu128,12.8,dense_nvfp4,skip,,,K%32!=0
module_forward,m,16384,16384,512,2,0,5,20,False,2.9.0+cu128,12.8,sparse_bf16,skip,,,K%64!=0
module_forward,m,16384,16384,512,2,0,5,20,False,2.9.0+cu128,12.8,sparse_nvfp4,skip,,,K%64!=0
module_forward,m,16384,16384,512,2,0,5,20,False,2.9.0+cu128,12.8,marlin_nvfp4,skip,,,K%128!=0
module_forward,m,16384,16384,512,4,0,5,20,False,2.9.0+cu128,12.8,dense_bf16,pass,0.024294,2.762318,
module_forward,m,16384,16384,512,4,0,5,20,False,2.9.0+cu128,12.8,dense_nvfp4,skip,,,K%32!=0
module_forward,m,16384,16384,512,4,0,5,20,False,2.9.0+cu128,12.8,sparse_bf16,skip,,,K%64!=0
module_forward,m,16384,16384,512,4,0,5,20,False,2.9.0+cu128,12.8,sparse_nvfp4,skip,,,K%64!=0
module_forward,m,16384,16384,512,4,0,5,20,False,2.9.0+cu128,12.8,marlin_nvfp4,skip,,,K%128!=0
module_forward,m,16384,16384,512,8,0,5,20,False,2.9.0+cu128,12.8,dense_bf16,pass,0.022522,5.959511,
module_forward,m,16384,16384,512,8,0,5,20,False,2.9.0+cu128,12.8,dense_nvfp4,skip,,,K%32!=0
module_forward,m,16384,16384,512,8,0,5,20,False,2.9.0+cu128,12.8,sparse_bf16,skip,,,K%64!=0
module_forward,m,16384,16384,512,8,0,5,20,False,2.9.0+cu128,12.8,sparse_nvfp4,skip,,,K%64!=0
module_forward,m,16384,16384,512,8,0,5,20,False,2.9.0+cu128,12.8,marlin_nvfp4,skip,,,K%128!=0
module_forward,m,16384,16384,512,16,0,5,20,False,2.9.0+cu128,12.8,dense_bf16,pass,0.024578,10.921956,
module_forward,m,16384,16384,512,16,0,5,20,False,2.9.0+cu128,12.8,dense_nvfp4,skip,,,K%32!=0
module_forward,m,16384,16384,512,16,0,5,20,False,2.9.0+cu128,12.8,sparse_bf16,skip,,,K%64!=0
module_forward,m,16384,16384,512,16,0,5,20,False,2.9.0+cu128,12.8,sparse_nvfp4,skip,,,K%64!=0
module_forward,m,16384,16384,512,16,0,5,20,False,2.9.0+cu128,12.8,marlin_nvfp4,skip,,,K%128!=0
module_forward,m,16384,16384,512,32,0,5,20,False,2.9.0+cu128,12.8,dense_bf16,pass,0.022934,23.408980,
module_forward,m,16384,16384,512,32,0,5,20,False,2.9.0+cu128,12.8,dense_nvfp4,pass,0.124166,4.323802,
module_forward,m,16384,16384,512,32,0,5,20,False,2.9.0+cu128,12.8,sparse_bf16,skip,,,K%64!=0
module_forward,m,16384,16384,512,32,0,5,20,False,2.9.0+cu128,12.8,sparse_nvfp4,skip,,,K%64!=0
module_forward,m,16384,16384,512,32,0,5,20,False,2.9.0+cu128,12.8,marlin_nvfp4,skip,,,K%128!=0
module_forward,m,16384,16384,512,64,0,5,20,False,2.9.0+cu128,12.8,dense_bf16,pass,0.027392,39.199102,
module_forward,m,16384,16384,512,64,0,5,20,False,2.9.0+cu128,12.8,dense_nvfp4,pass,0.121059,8.869560,
module_forward,m,16384,16384,512,64,0,5,20,False,2.9.0+cu128,12.8,sparse_bf16,pass,0.036224,29.641724,
module_forward,m,16384,16384,512,64,0,5,20,False,2.9.0+cu128,12.8,sparse_nvfp4,pass,0.126358,8.497590,
module_forward,m,16384,16384,512,64,0,5,20,False,2.9.0+cu128,12.8,marlin_nvfp4,skip,,,K%128!=0
module_forward,m,16384,16384,512,128,0,5,20,False,2.9.0+cu128,12.8,dense_bf16,pass,0.038202,56.214494,
module_forward,m,16384,16384,512,128,0,5,20,False,2.9.0+cu128,12.8,dense_nvfp4,pass,0.121989,17.603941,
module_forward,m,16384,16384,512,128,0,5,20,False,2.9.0+cu128,12.8,sparse_bf16,pass,0.039483,54.389807,
module_forward,m,16384,16384,512,128,0,5,20,False,2.9.0+cu128,12.8,sparse_nvfp4,pass,0.122304,17.558573,
module_forward,m,16384,16384,512,128,0,5,20,False,2.9.0+cu128,12.8,marlin_nvfp4,pass,0.054806,39.183081,
module_forward,m,16384,16384,512,256,0,5,20,False,2.9.0+cu128,12.8,dense_bf16,pass,0.055758,77.028165,
module_forward,m,16384,16384,512,256,0,5,20,False,2.9.0+cu128,12.8,dense_nvfp4,pass,0.121941,35.221741,
module_forward,m,16384,16384,512,256,0,5,20,False,2.9.0+cu128,12.8,sparse_bf16,pass,0.044688,96.110081,
module_forward,m,16384,16384,512,256,0,5,20,False,2.9.0+cu128,12.8,sparse_nvfp4,pass,0.123659,34.732291,
module_forward,m,16384,16384,512,256,0,5,20,False,2.9.0+cu128,12.8,marlin_nvfp4,pass,0.070222,61.162354,
module_forward,m,16384,16384,512,512,0,5,20,False,2.9.0+cu128,12.8,dense_bf16,pass,0.069680,123.276902,
module_forward,m,16384,16384,512,512,0,5,20,False,2.9.0+cu128,12.8,dense_nvfp4,pass,0.175822,48.855746,
module_forward,m,16384,16384,512,512,0,5,20,False,2.9.0+cu128,12.8,sparse_bf16,pass,0.057203,150.165281,
module_forward,m,16384,16384,512,512,0,5,20,False,2.9.0+cu128,12.8,sparse_nvfp4,pass,0.174317,49.277720,
module_forward,m,16384,16384,512,512,0,5,20,False,2.9.0+cu128,12.8,marlin_nvfp4,pass,0.090501,94.915565,
module_forward,m,16384,16384,512,1024,0,5,20,False,2.9.0+cu128,12.8,dense_bf16,pass,0.114326,150.270361,
module_forward,m,16384,16384,512,1024,0,5,20,False,2.9.0+cu128,12.8,dense_nvfp4,pass,0.316224,54.328163,
module_forward,m,16384,16384,512,1024,0,5,20,False,2.9.0+cu128,12.8,sparse_bf16,pass,0.079952,214.877291,
module_forward,m,16384,16384,512,1024,0,5,20,False,2.9.0+cu128,12.8,sparse_nvfp4,pass,0.304477,56.424231,
module_forward,m,16384,16384,512,1024,0,5,20,False,2.9.0+cu128,12.8,marlin_nvfp4,pass,0.125206,137.212390,
module_forward,m,16384,16384,512,2048,0,5,20,False,2.9.0+cu128,12.8,dense_bf16,pass,0.206067,166.740453,
module_forward,m,16384,16384,512,2048,0,5,20,False,2.9.0+cu128,12.8,dense_nvfp4,pass,0.777154,44.212288,
module_forward,m,16384,16384,512,2048,0,5,20,False,2.9.0+cu128,12.8,sparse_bf16,pass,0.127304,269.903054,
module_forward,m,16384,16384,512,2048,0,5,20,False,2.9.0+cu128,12.8,sparse_nvfp4,pass,0.762128,45.083947,
module_forward,m,16384,16384,512,2048,0,5,20,False,2.9.0+cu128,12.8,marlin_nvfp4,pass,0.197766,173.739009,
module_forward,m,16384,16384,512,4096,0,5,20,False,2.9.0+cu128,12.8,dense_bf16,pass,0.390674,175.899974,
module_forward,m,16384,16384,512,4096,0,5,20,False,2.9.0+cu128,12.8,dense_nvfp4,pass,1.559504,44.064957,
module_forward,m,16384,16384,512,4096,0,5,20,False,2.9.0+cu128,12.8,sparse_bf16,pass,0.226827,302.959594,
module_forward,m,16384,16384,512,4096,0,5,20,False,2.9.0+cu128,12.8,sparse_nvfp4,pass,1.538920,44.654353,
module_forward,m,16384,16384,512,4096,0,5,20,False,2.9.0+cu128,12.8,marlin_nvfp4,pass,0.343624,199.984509,
module_forward,m,16384,16384,512,8192,0,5,20,False,2.9.0+cu128,12.8,dense_bf16,pass,0.755690,181.872231,
module_forward,m,16384,16384,512,8192,0,5,20,False,2.9.0+cu128,12.8,dense_nvfp4,pass,3.069674,44.773149,
module_forward,m,16384,16384,512,8192,0,5,20,False,2.9.0+cu128,12.8,sparse_bf16,pass,0.424696,323.617256,
module_forward,m,16384,16384,512,8192,0,5,20,False,2.9.0+cu128,12.8,sparse_nvfp4,pass,3.037845,45.242256,
module_forward,m,16384,16384,512,8192,0,5,20,False,2.9.0+cu128,12.8,marlin_nvfp4,pass,0.628608,218.640159,
module_forward,m,16384,16384,512,16384,0,5,20,False,2.9.0+cu128,12.8,dense_bf16,pass,1.487360,184.809263,
module_forward,m,16384,16384,512,16384,0,5,20,False,2.9.0+cu128,12.8,dense_nvfp4,pass,6.095432,45.095722,
module_forward,m,16384,16384,512,16384,0,5,20,False,2.9.0+cu128,12.8,sparse_bf16,pass,0.814403,337.520662,
module_forward,m,16384,16384,512,16384,0,5,20,False,2.9.0+cu128,12.8,sparse_nvfp4,pass,6.012398,45.718512,
module_forward,m,16384,16384,512,16384,0,5,20,False,2.9.0+cu128,12.8,marlin_nvfp4,pass,1.203850,228.332431,
module_forward,m,16384,16384,1024,1,0,5,20,False,2.9.0+cu128,12.8,dense_bf16,pass,0.027275,1.230218,
module_forward,m,16384,16384,1024,1,0,5,20,False,2.9.0+cu128,12.8,dense_nvfp4,skip,,,K%32!=0
module_forward,m,16384,16384,1024,1,0,5,20,False,2.9.0+cu128,12.8,sparse_bf16,skip,,,K%64!=0
module_forward,m,16384,16384,1024,1,0,5,20,False,2.9.0+cu128,12.8,sparse_nvfp4,skip,,,K%64!=0
module_forward,m,16384,16384,1024,1,0,5,20,False,2.9.0+cu128,12.8,marlin_nvfp4,skip,,,K%128!=0
module_forward,m,16384,16384,1024,2,0,5,20,False,2.9.0+cu128,12.8,dense_bf16,pass,0.032331,2.075669,
module_forward,m,16384,16384,1024,2,0,5,20,False,2.9.0+cu128,12.8,dense_nvfp4,skip,,,K%32!=0
module_forward,m,16384,16384,1024,2,0,5,20,False,2.9.0+cu128,12.8,sparse_bf16,skip,,,K%64!=0
module_forward,m,16384,16384,1024,2,0,5,20,False,2.9.0+cu128,12.8,sparse_nvfp4,skip,,,K%64!=0
module_forward,m,16384,16384,1024,2,0,5,20,False,2.9.0+cu128,12.8,marlin_nvfp4,skip,,,K%128!=0
module_forward,m,16384,16384,1024,4,0,5,20,False,2.9.0+cu128,12.8,dense_bf16,pass,0.032406,4.141704,
module_forward,m,16384,16384,1024,4,0,5,20,False,2.9.0+cu128,12.8,dense_nvfp4,skip,,,K%32!=0
module_forward,m,16384,16384,1024,4,0,5,20,False,2.9.0+cu128,12.8,sparse_bf16,skip,,,K%64!=0
module_forward,m,16384,16384,1024,4,0,5,20,False,2.9.0+cu128,12.8,sparse_nvfp4,skip,,,K%64!=0
module_forward,m,16384,16384,1024,4,0,5,20,False,2.9.0+cu128,12.8,marlin_nvfp4,skip,,,K%128!=0
module_forward,m,16384,16384,1024,8,0,5,20,False,2.9.0+cu128,12.8,dense_bf16,pass,0.033549,8.001343,
module_forward,m,16384,16384,1024,8,0,5,20,False,2.9.0+cu128,12.8,dense_nvfp4,skip,,,K%32!=0
module_forward,m,16384,16384,1024,8,0,5,20,False,2.9.0+cu128,12.8,sparse_bf16,skip,,,K%64!=0
module_forward,m,16384,16384,1024,8,0,5,20,False,2.9.0+cu128,12.8,sparse_nvfp4,skip,,,K%64!=0
module_forward,m,16384,16384,1024,8,0,5,20,False,2.9.0+cu128,12.8,marlin_nvfp4,skip,,,K%128!=0
module_forward,m,16384,16384,1024,16,0,5,20,False,2.9.0+cu128,12.8,dense_bf16,pass,0.033014,16.261720,
module_forward,m,16384,16384,1024,16,0,5,20,False,2.9.0+cu128,12.8,dense_nvfp4,skip,,,K%32!=0
module_forward,m,16384,16384,1024,16,0,5,20,False,2.9.0+cu128,12.8,sparse_bf16,skip,,,K%64!=0
module_forward,m,16384,16384,1024,16,0,5,20,False,2.9.0+cu128,12.8,sparse_nvfp4,skip,,,K%64!=0
module_forward,m,16384,16384,1024,16,0,5,20,False,2.9.0+cu128,12.8,marlin_nvfp4,skip,,,K%128!=0
module_forward,m,16384,16384,1024,32,0,5,20,False,2.9.0+cu128,12.8,dense_bf16,pass,0.031614,33.963695,
module_forward,m,16384,16384,1024,32,0,5,20,False,2.9.0+cu128,12.8,dense_nvfp4,error,,,module output contains NaN/Inf
module_forward,m,16384,16384,1024,32,0,5,20,False,2.9.0+cu128,12.8,sparse_bf16,skip,,,K%64!=0
module_forward,m,16384,16384,1024,32,0,5,20,False,2.9.0+cu128,12.8,sparse_nvfp4,skip,,,K%64!=0
module_forward,m,16384,16384,1024,32,0,5,20,False,2.9.0+cu128,12.8,marlin_nvfp4,skip,,,K%128!=0
module_forward,m,16384,16384,1024,64,0,5,20,False,2.9.0+cu128,12.8,dense_bf16,pass,0.038851,55.274577,
module_forward,m,16384,16384,1024,64,0,5,20,False,2.9.0+cu128,12.8,dense_nvfp4,pass,0.132830,16.167110,
module_forward,m,16384,16384,1024,64,0,5,20,False,2.9.0+cu128,12.8,sparse_bf16,pass,0.045509,47.188317,
module_forward,m,16384,16384,1024,64,0,5,20,False,2.9.0+cu128,12.8,sparse_nvfp4,pass,0.131264,16.360035,
module_forward,m,16384,16384,1024,64,0,5,20,False,2.9.0+cu128,12.8,marlin_nvfp4,skip,,,K%128!=0
module_forward,m,16384,16384,1024,128,0,5,20,False,2.9.0+cu128,12.8,dense_bf16,pass,0.059733,71.902996,
module_forward,m,16384,16384,1024,128,0,5,20,False,2.9.0+cu128,12.8,dense_nvfp4,pass,0.129006,33.292668,
module_forward,m,16384,16384,1024,128,0,5,20,False,2.9.0+cu128,12.8,sparse_bf16,pass,0.051443,83.489505,
module_forward,m,16384,16384,1024,128,0,5,20,False,2.9.0+cu128,12.8,sparse_nvfp4,pass,0.127218,33.760795,
module_forward,m,16384,16384,1024,128,0,5,20,False,2.9.0+cu128,12.8,marlin_nvfp4,pass,0.076349,56.254548,
module_forward,m,16384,16384,1024,256,0,5,20,False,2.9.0+cu128,12.8,dense_bf16,pass,0.095154,90.274404,
module_forward,m,16384,16384,1024,256,0,5,20,False,2.9.0+cu128,12.8,dense_nvfp4,pass,0.140216,61.262157,
module_forward,m,16384,16384,1024,256,0,5,20,False,2.9.0+cu128,12.8,sparse_bf16,pass,0.061573,139.508591,
module_forward,m,16384,16384,1024,256,0,5,20,False,2.9.0+cu128,12.8,sparse_nvfp4,pass,0.124026,69.259368,
module_forward,m,16384,16384,1024,256,0,5,20,False,2.9.0+cu128,12.8,marlin_nvfp4,pass,0.095304,90.131941,
module_forward,m,16384,16384,1024,512,0,5,20,False,2.9.0+cu128,12.8,dense_bf16,pass,0.120326,142.777221,
module_forward,m,16384,16384,1024,512,0,5,20,False,2.9.0+cu128,12.8,dense_nvfp4,pass,0.199760,86.002549,
module_forward,m,16384,16384,1024,512,0,5,20,False,2.9.0+cu128,12.8,sparse_bf16,pass,0.082414,208.457128,
module_forward,m,16384,16384,1024,512,0,5,20,False,2.9.0+cu128,12.8,sparse_nvfp4,pass,0.179982,95.453051,
module_forward,m,16384,16384,1024,512,0,5,20,False,2.9.0+cu128,12.8,marlin_nvfp4,pass,0.131296,130.848382,
module_forward,m,16384,16384,1024,1024,0,5,20,False,2.9.0+cu128,12.8,dense_bf16,pass,0.212405,161.765358,
module_forward,m,16384,16384,1024,1024,0,5,20,False,2.9.0+cu128,12.8,dense_nvfp4,pass,0.346710,99.102127,
module_forward,m,16384,16384,1024,1024,0,5,20,False,2.9.0+cu128,12.8,sparse_bf16,pass,0.122102,281.401009,
module_forward,m,16384,16384,1024,1024,0,5,20,False,2.9.0+cu128,12.8,sparse_nvfp4,pass,0.322406,106.572755,
module_forward,m,16384,16384,1024,1024,0,5,20,False,2.9.0+cu128,12.8,marlin_nvfp4,pass,0.204408,168.093902,
module_forward,m,16384,16384,1024,2048,0,5,20,False,2.9.0+cu128,12.8,dense_bf16,pass,0.398288,172.537150,
module_forward,m,16384,16384,1024,2048,0,5,20,False,2.9.0+cu128,12.8,dense_nvfp4,pass,0.811498,84.682292,
module_forward,m,16384,16384,1024,2048,0,5,20,False,2.9.0+cu128,12.8,sparse_bf16,pass,0.207762,330.761202,
module_forward,m,16384,16384,1024,2048,0,5,20,False,2.9.0+cu128,12.8,sparse_nvfp4,pass,0.791464,86.825777,
module_forward,m,16384,16384,1024,2048,0,5,20,False,2.9.0+cu128,12.8,marlin_nvfp4,pass,0.348530,197.169701,
module_forward,m,16384,16384,1024,4096,0,5,20,False,2.9.0+cu128,12.8,dense_bf16,pass,0.765806,179.469581,
module_forward,m,16384,16384,1024,4096,0,5,20,False,2.9.0+cu128,12.8,dense_nvfp4,pass,1.620454,84.815070,
module_forward,m,16384,16384,1024,4096,0,5,20,False,2.9.0+cu128,12.8,sparse_bf16,pass,0.377979,363.615125,
module_forward,m,16384,16384,1024,4096,0,5,20,False,2.9.0+cu128,12.8,sparse_nvfp4,pass,1.585406,86.690046,
module_forward,m,16384,16384,1024,4096,0,5,20,False,2.9.0+cu128,12.8,marlin_nvfp4,pass,0.633541,216.937810,
module_forward,m,16384,16384,1024,8192,0,5,20,False,2.9.0+cu128,12.8,dense_bf16,pass,1.494629,183.910485,
module_forward,m,16384,16384,1024,8192,0,5,20,False,2.9.0+cu128,12.8,dense_nvfp4,pass,3.180517,86.425547,
module_forward,m,16384,16384,1024,8192,0,5,20,False,2.9.0+cu128,12.8,sparse_bf16,pass,0.716693,383.536584,
module_forward,m,16384,16384,1024,8192,0,5,20,False,2.9.0+cu128,12.8,sparse_nvfp4,pass,3.105160,88.522944,
module_forward,m,16384,16384,1024,8192,0,5,20,False,2.9.0+cu128,12.8,marlin_nvfp4,pass,1.204792,228.153830,
module_forward,m,16384,16384,1024,16384,0,5,20,False,2.9.0+cu128,12.8,dense_bf16,pass,2.473574,222.251578,
module_forward,m,16384,16384,1024,16384,0,5,20,False,2.9.0+cu128,12.8,dense_nvfp4,pass,6.290157,87.399382,
module_forward,m,16384,16384,1024,16384,0,5,20,False,2.9.0+cu128,12.8,sparse_bf16,pass,1.382184,397.744303,
module_forward,m,16384,16384,1024,16384,0,5,20,False,2.9.0+cu128,12.8,sparse_nvfp4,pass,6.147824,89.422829,
module_forward,m,16384,16384,1024,16384,0,5,20,False,2.9.0+cu128,12.8,marlin_nvfp4,pass,2.356448,233.298513,
module_forward,m,16384,16384,2048,1,0,5,20,False,2.9.0+cu128,12.8,dense_bf16,pass,0.045464,1.476088,
module_forward,m,16384,16384,2048,1,0,5,20,False,2.9.0+cu128,12.8,dense_nvfp4,skip,,,K%32!=0
module_forward,m,16384,16384,2048,1,0,5,20,False,2.9.0+cu128,12.8,sparse_bf16,skip,,,K%64!=0
module_forward,m,16384,16384,2048,1,0,5,20,False,2.9.0+cu128,12.8,sparse_nvfp4,skip,,,K%64!=0
module_forward,m,16384,16384,2048,1,0,5,20,False,2.9.0+cu128,12.8,marlin_nvfp4,skip,,,K%128!=0
module_forward,m,16384,16384,2048,2,0,5,20,False,2.9.0+cu128,12.8,dense_bf16,pass,0.054122,2.479929,
module_forward,m,16384,16384,2048,2,0,5,20,False,2.9.0+cu128,12.8,dense_nvfp4,skip,,,K%32!=0
module_forward,m,16384,16384,2048,2,0,5,20,False,2.9.0+cu128,12.8,sparse_bf16,skip,,,K%64!=0
module_forward,m,16384,16384,2048,2,0,5,20,False,2.9.0+cu128,12.8,sparse_nvfp4,skip,,,K%64!=0
module_forward,m,16384,16384,2048,2,0,5,20,False,2.9.0+cu128,12.8,marlin_nvfp4,skip,,,K%128!=0
module_forward,m,16384,16384,2048,4,0,5,20,False,2.9.0+cu128,12.8,dense_bf16,pass,0.054064,4.965142,
module_forward,m,16384,16384,2048,4,0,5,20,False,2.9.0+cu128,12.8,dense_nvfp4,skip,,,K%32!=0
module_forward,m,16384,16384,2048,4,0,5,20,False,2.9.0+cu128,12.8,sparse_bf16,skip,,,K%64!=0
module_forward,m,16384,16384,2048,4,0,5,20,False,2.9.0+cu128,12.8,sparse_nvfp4,skip,,,K%64!=0
module_forward,m,16384,16384,2048,4,0,5,20,False,2.9.0+cu128,12.8,marlin_nvfp4,skip,,,K%128!=0
module_forward,m,16384,16384,2048,8,0,5,20,False,2.9.0+cu128,12.8,dense_bf16,pass,0.053614,10.013558,
module_forward,m,16384,16384,2048,8,0,5,20,False,2.9.0+cu128,12.8,dense_nvfp4,skip,,,K%32!=0
module_forward,m,16384,16384,2048,8,0,5,20,False,2.9.0+cu128,12.8,sparse_bf16,skip,,,K%64!=0
module_forward,m,16384,16384,2048,8,0,5,20,False,2.9.0+cu128,12.8,sparse_nvfp4,skip,,,K%64!=0
module_forward,m,16384,16384,2048,8,0,5,20,False,2.9.0+cu128,12.8,marlin_nvfp4,skip,,,K%128!=0
module_forward,m,16384,16384,2048,16,0,5,20,False,2.9.0+cu128,12.8,dense_bf16,pass,0.053850,19.939643,
module_forward,m,16384,16384,2048,16,0,5,20,False,2.9.0+cu128,12.8,dense_nvfp4,skip,,,K%32!=0
module_forward,m,16384,16384,2048,16,0,5,20,False,2.9.0+cu128,12.8,sparse_bf16,skip,,,K%64!=0
module_forward,m,16384,16384,2048,16,0,5,20,False,2.9.0+cu128,12.8,sparse_nvfp4,skip,,,K%64!=0
module_forward,m,16384,16384,2048,16,0,5,20,False,2.9.0+cu128,12.8,marlin_nvfp4,skip,,,K%128!=0
module_forward,m,16384,16384,2048,32,0,5,20,False,2.9.0+cu128,12.8,dense_bf16,pass,0.053294,40.294734,
module_forward,m,16384,16384,2048,32,0,5,20,False,2.9.0+cu128,12.8,dense_nvfp4,error,,,module output contains NaN/Inf
module_forward,m,16384,16384,2048,32,0,5,20,False,2.9.0+cu128,12.8,sparse_bf16,skip,,,K%64!=0
module_forward,m,16384,16384,2048,32,0,5,20,False,2.9.0+cu128,12.8,sparse_nvfp4,skip,,,K%64!=0
module_forward,m,16384,16384,2048,32,0,5,20,False,2.9.0+cu128,12.8,marlin_nvfp4,skip,,,K%128!=0
module_forward,m,16384,16384,2048,64,0,5,20,False,2.9.0+cu128,12.8,dense_bf16,pass,0.060614,70.857210,
module_forward,m,16384,16384,2048,64,0,5,20,False,2.9.0+cu128,12.8,dense_nvfp4,pass,0.169814,25.292127,
module_forward,m,16384,16384,2048,64,0,5,20,False,2.9.0+cu128,12.8,sparse_bf16,pass,0.064312,66.783295,
module_forward,m,16384,16384,2048,64,0,5,20,False,2.9.0+cu128,12.8,sparse_nvfp4,pass,0.144054,29.814898,
module_forward,m,16384,16384,2048,64,0,5,20,False,2.9.0+cu128,12.8,marlin_nvfp4,skip,,,K%128!=0
module_forward,m,16384,16384,2048,128,0,5,20,False,2.9.0+cu128,12.8,dense_bf16,pass,0.101075,84.985581,
module_forward,m,16384,16384,2048,128,0,5,20,False,2.9.0+cu128,12.8,dense_nvfp4,pass,0.166814,51.493963,
module_forward,m,16384,16384,2048,128,0,5,20,False,2.9.0+cu128,12.8,sparse_bf16,pass,0.076104,112.871000,
module_forward,m,16384,16384,2048,128,0,5,20,False,2.9.0+cu128,12.8,sparse_nvfp4,pass,0.139656,61.507810,
module_forward,m,16384,16384,2048,128,0,5,20,False,2.9.0+cu128,12.8,marlin_nvfp4,pass,0.108603,79.094673,
module_forward,m,16384,16384,2048,256,0,5,20,False,2.9.0+cu128,12.8,dense_bf16,pass,0.175061,98.136585,
module_forward,m,16384,16384,2048,256,0,5,20,False,2.9.0+cu128,12.8,dense_nvfp4,pass,0.182574,94.097908,
module_forward,m,16384,16384,2048,256,0,5,20,False,2.9.0+cu128,12.8,sparse_bf16,pass,0.094142,182.488116,
module_forward,m,16384,16384,2048,256,0,5,20,False,2.9.0+cu128,12.8,sparse_nvfp4,pass,0.143982,119.319228,
module_forward,m,16384,16384,2048,256,0,5,20,False,2.9.0+cu128,12.8,marlin_nvfp4,pass,0.145024,118.462249,
module_forward,m,16384,16384,2048,512,0,5,20,False,2.9.0+cu128,12.8,dense_bf16,pass,0.197494,173.978292,
module_forward,m,16384,16384,2048,512,0,5,20,False,2.9.0+cu128,12.8,dense_nvfp4,pass,0.248291,138.384842,
module_forward,m,16384,16384,2048,512,0,5,20,False,2.9.0+cu128,12.8,sparse_bf16,pass,0.131622,261.047804,
module_forward,m,16384,16384,2048,512,0,5,20,False,2.9.0+cu128,12.8,sparse_nvfp4,pass,0.204986,167.620255,
module_forward,m,16384,16384,2048,512,0,5,20,False,2.9.0+cu128,12.8,marlin_nvfp4,pass,0.218182,157.481714,
module_forward,m,16384,16384,2048,1024,0,5,20,False,2.9.0+cu128,12.8,dense_bf16,pass,0.358078,191.911819,
module_forward,m,16384,16384,2048,1024,0,5,20,False,2.9.0+cu128,12.8,dense_nvfp4,pass,0.395314,173.835346,
module_forward,m,16384,16384,2048,1024,0,5,20,False,2.9.0+cu128,12.8,sparse_bf16,pass,0.209038,328.740924,
module_forward,m,16384,16384,2048,1024,0,5,20,False,2.9.0+cu128,12.8,sparse_nvfp4,pass,0.357072,192.452717,
module_forward,m,16384,16384,2048,1024,0,5,20,False,2.9.0+cu128,12.8,marlin_nvfp4,pass,0.362362,189.643374,
module_forward,m,16384,16384,2048,2048,0,5,20,False,2.9.0+cu128,12.8,dense_bf16,pass,0.680526,201.959768,
module_forward,m,16384,16384,2048,2048,0,5,20,False,2.9.0+cu128,12.8,dense_nvfp4,pass,0.880848,156.030273,
module_forward,m,16384,16384,2048,2048,0,5,20,False,2.9.0+cu128,12.8,sparse_bf16,pass,0.364507,377.054151,
module_forward,m,16384,16384,2048,2048,0,5,20,False,2.9.0+cu128,12.8,sparse_nvfp4,pass,0.822930,167.011799,
module_forward,m,16384,16384,2048,2048,0,5,20,False,2.9.0+cu128,12.8,marlin_nvfp4,pass,0.656646,209.304358,
module_forward,m,16384,16384,2048,4096,0,5,20,False,2.9.0+cu128,12.8,dense_bf16,pass,1.321186,208.053970,
module_forward,m,16384,16384,2048,4096,0,5,20,False,2.9.0+cu128,12.8,dense_nvfp4,pass,1.731490,158.752272,
module_forward,m,16384,16384,2048,4096,0,5,20,False,2.9.0+cu128,12.8,sparse_bf16,pass,0.673746,407.984714,
module_forward,m,16384,16384,2048,4096,0,5,20,False,2.9.0+cu128,12.8,sparse_nvfp4,pass,1.657462,165.842621,
module_forward,m,16384,16384,2048,4096,0,5,20,False,2.9.0+cu128,12.8,marlin_nvfp4,pass,1.221171,225.093669,
module_forward,m,16384,16384,2048,8192,0,5,20,False,2.9.0+cu128,12.8,dense_bf16,pass,2.599048,211.521994,
module_forward,m,16384,16384,2048,8192,0,5,20,False,2.9.0+cu128,12.8,dense_nvfp4,pass,3.380642,162.618780,
module_forward,m,16384,16384,2048,8192,0,5,20,False,2.9.0+cu128,12.8,sparse_bf16,pass,1.285960,427.506152,
module_forward,m,16384,16384,2048,8192,0,5,20,False,2.9.0+cu128,12.8,sparse_nvfp4,pass,3.250758,169.116171,
module_forward,m,16384,16384,2048,8192,0,5,20,False,2.9.0+cu128,12.8,marlin_nvfp4,pass,2.368237,232.137183,
module_forward,m,16384,16384,2048,16384,0,5,20,False,2.9.0+cu128,12.8,dense_bf16,pass,5.167842,212.760318,
module_forward,m,16384,16384,2048,16384,0,5,20,False,2.9.0+cu128,12.8,dense_nvfp4,pass,6.675110,164.718117,
module_forward,m,16384,16384,2048,16384,0,5,20,False,2.9.0+cu128,12.8,sparse_bf16,pass,2.500002,439.804368,
module_forward,m,16384,16384,2048,16384,0,5,20,False,2.9.0+cu128,12.8,sparse_nvfp4,pass,6.453174,170.383065,
module_forward,m,16384,16384,2048,16384,0,5,20,False,2.9.0+cu128,12.8,marlin_nvfp4,pass,4.666467,235.619706,
module_forward,m,16384,16384,4096,1,0,5,20,False,2.9.0+cu128,12.8,dense_bf16,pass,0.099205,1.352936,
module_forward,m,16384,16384,4096,1,0,5,20,False,2.9.0+cu128,12.8,dense_nvfp4,skip,,,K%32!=0
module_forward,m,16384,16384,4096,1,0,5,20,False,2.9.0+cu128,12.8,sparse_bf16,skip,,,K%64!=0
module_forward,m,16384,16384,4096,1,0,5,20,False,2.9.0+cu128,12.8,sparse_nvfp4,skip,,,K%64!=0
module_forward,m,16384,16384,4096,1,0,5,20,False,2.9.0+cu128,12.8,marlin_nvfp4,skip,,,K%128!=0
module_forward,m,16384,16384,4096,2,0,5,20,False,2.9.0+cu128,12.8,dense_bf16,pass,0.094381,2.844174,
module_forward,m,16384,16384,4096,2,0,5,20,False,2.9.0+cu128,12.8,dense_nvfp4,skip,,,K%32!=0
module_forward,m,16384,16384,4096,2,0,5,20,False,2.9.0+cu128,12.8,sparse_bf16,skip,,,K%64!=0
module_forward,m,16384,16384,4096,2,0,5,20,False,2.9.0+cu128,12.8,sparse_nvfp4,skip,,,K%64!=0
module_forward,m,16384,16384,4096,2,0,5,20,False,2.9.0+cu128,12.8,marlin_nvfp4,skip,,,K%128!=0
module_forward,m,16384,16384,4096,4,0,5,20,False,2.9.0+cu128,12.8,dense_bf16,pass,0.094421,5.685939,
module_forward,m,16384,16384,4096,4,0,5,20,False,2.9.0+cu128,12.8,dense_nvfp4,skip,,,K%32!=0
module_forward,m,16384,16384,4096,4,0,5,20,False,2.9.0+cu128,12.8,sparse_bf16,skip,,,K%64!=0
module_forward,m,16384,16384,4096,4,0,5,20,False,2.9.0+cu128,12.8,sparse_nvfp4,skip,,,K%64!=0
module_forward,m,16384,16384,4096,4,0,5,20,False,2.9.0+cu128,12.8,marlin_nvfp4,skip,,,K%128!=0
module_forward,m,16384,16384,4096,8,0,5,20,False,2.9.0+cu128,12.8,dense_bf16,pass,0.094350,11.380363,
module_forward,m,16384,16384,4096,8,0,5,20,False,2.9.0+cu128,12.8,dense_nvfp4,skip,,,K%32!=0
module_forward,m,16384,16384,4096,8,0,5,20,False,2.9.0+cu128,12.8,sparse_bf16,skip,,,K%64!=0
module_forward,m,16384,16384,4096,8,0,5,20,False,2.9.0+cu128,12.8,sparse_nvfp4,skip,,,K%64!=0
module_forward,m,16384,16384,4096,8,0,5,20,False,2.9.0+cu128,12.8,marlin_nvfp4,skip,,,K%128!=0
module_forward,m,16384,16384,4096,16,0,5,20,False,2.9.0+cu128,12.8,dense_bf16,pass,0.095080,22.586071,
module_forward,m,16384,16384,4096,16,0,5,20,False,2.9.0+cu128,12.8,dense_nvfp4,skip,,,K%32!=0
module_forward,m,16384,16384,4096,16,0,5,20,False,2.9.0+cu128,12.8,sparse_bf16,skip,,,K%64!=0
module_forward,m,16384,16384,4096,16,0,5,20,False,2.9.0+cu128,12.8,sparse_nvfp4,skip,,,K%64!=0
module_forward,m,16384,16384,4096,16,0,5,20,False,2.9.0+cu128,12.8,marlin_nvfp4,skip,,,K%128!=0
module_forward,m,16384,16384,4096,32,0,5,20,False,2.9.0+cu128,12.8,dense_bf16,pass,0.094880,45.267362,
module_forward,m,16384,16384,4096,32,0,5,20,False,2.9.0+cu128,12.8,dense_nvfp4,error,,,module output contains NaN/Inf
module_forward,m,16384,16384,4096,32,0,5,20,False,2.9.0+cu128,12.8,sparse_bf16,skip,,,K%64!=0
module_forward,m,16384,16384,4096,32,0,5,20,False,2.9.0+cu128,12.8,sparse_nvfp4,skip,,,K%64!=0
module_forward,m,16384,16384,4096,32,0,5,20,False,2.9.0+cu128,12.8,marlin_nvfp4,skip,,,K%128!=0
module_forward,m,16384,16384,4096,64,0,5,20,False,2.9.0+cu128,12.8,dense_bf16,pass,0.096349,89.154557,
module_forward,m,16384,16384,4096,64,0,5,20,False,2.9.0+cu128,12.8,dense_nvfp4,pass,0.251243,34.189720,
module_forward,m,16384,16384,4096,64,0,5,20,False,2.9.0+cu128,12.8,sparse_bf16,pass,0.108342,79.285069,
module_forward,m,16384,16384,4096,64,0,5,20,False,2.9.0+cu128,12.8,sparse_nvfp4,pass,0.182520,47.062978,
module_forward,m,16384,16384,4096,64,0,5,20,False,2.9.0+cu128,12.8,marlin_nvfp4,skip,,,K%128!=0
module_forward,m,16384,16384,4096,128,0,5,20,False,2.9.0+cu128,12.8,dense_bf16,pass,0.117806,145.831375,
module_forward,m,16384,16384,4096,128,0,5,20,False,2.9.0+cu128,12.8,dense_nvfp4,pass,0.249389,68.887894,
module_forward,m,16384,16384,4096,128,0,5,20,False,2.9.0+cu128,12.8,sparse_bf16,pass,0.127179,135.083954,
module_forward,m,16384,16384,4096,128,0,5,20,False,2.9.0+cu128,12.8,sparse_nvfp4,pass,0.179718,95.593268,
module_forward,m,16384,16384,4096,128,0,5,20,False,2.9.0+cu128,12.8,marlin_nvfp4,pass,0.175960,97.635083,
module_forward,m,16384,16384,4096,256,0,5,20,False,2.9.0+cu128,12.8,dense_bf16,pass,0.188480,182.299122,
module_forward,m,16384,16384,4096,256,0,5,20,False,2.9.0+cu128,12.8,dense_nvfp4,pass,0.267421,128.485661,
module_forward,m,16384,16384,4096,256,0,5,20,False,2.9.0+cu128,12.8,sparse_bf16,pass,0.163690,209.907888,
module_forward,m,16384,16384,4096,256,0,5,20,False,2.9.0+cu128,12.8,sparse_nvfp4,pass,0.190326,180.530596,
module_forward,m,16384,16384,4096,256,0,5,20,False,2.9.0+cu128,12.8,marlin_nvfp4,pass,0.248019,138.536606,
module_forward,m,16384,16384,4096,512,0,5,20,False,2.9.0+cu128,12.8,dense_bf16,pass,0.351381,195.569812,
module_forward,m,16384,16384,4096,512,0,5,20,False,2.9.0+cu128,12.8,dense_nvfp4,pass,0.333709,205.926474,
module_forward,m,16384,16384,4096,512,0,5,20,False,2.9.0+cu128,12.8,sparse_bf16,pass,0.234683,292.818053,
module_forward,m,16384,16384,4096,512,0,5,20,False,2.9.0+cu128,12.8,sparse_nvfp4,pass,0.251053,273.725197,
module_forward,m,16384,16384,4096,512,0,5,20,False,2.9.0+cu128,12.8,marlin_nvfp4,pass,0.389301,176.520256,
module_forward,m,16384,16384,4096,1024,0,5,20,False,2.9.0+cu128,12.8,dense_bf16,pass,0.649645,211.560151,
module_forward,m,16384,16384,4096,1024,0,5,20,False,2.9.0+cu128,12.8,dense_nvfp4,pass,0.495979,277.106286,
module_forward,m,16384,16384,4096,1024,0,5,20,False,2.9.0+cu128,12.8,sparse_bf16,pass,0.381397,360.356855,
module_forward,m,16384,16384,4096,1024,0,5,20,False,2.9.0+cu128,12.8,sparse_nvfp4,pass,0.407570,337.215908,
module_forward,m,16384,16384,4096,1024,0,5,20,False,2.9.0+cu128,12.8,marlin_nvfp4,pass,0.675222,203.546201,
module_forward,m,16384,16384,4096,2048,0,5,20,False,2.9.0+cu128,12.8,dense_bf16,pass,1.244981,220.788872,
module_forward,m,16384,16384,4096,2048,0,5,20,False,2.9.0+cu128,12.8,dense_nvfp4,pass,1.028403,267.286128,
module_forward,m,16384,16384,4096,2048,0,5,20,False,2.9.0+cu128,12.8,sparse_bf16,pass,0.672842,408.532869,
module_forward,m,16384,16384,4096,2048,0,5,20,False,2.9.0+cu128,12.8,sparse_nvfp4,pass,0.900773,305.157867,
module_forward,m,16384,16384,4096,2048,0,5,20,False,2.9.0+cu128,12.8,marlin_nvfp4,pass,1.249038,220.071622,
module_forward,m,16384,16384,4096,4096,0,5,20,False,2.9.0+cu128,12.8,dense_bf16,pass,2.439509,225.355127,
module_forward,m,16384,16384,4096,4096,0,5,20,False,2.9.0+cu128,12.8,dense_nvfp4,pass,1.965555,279.694927,
module_forward,m,16384,16384,4096,4096,0,5,20,False,2.9.0+cu128,12.8,sparse_bf16,pass,1.254190,438.335214,
module_forward,m,16384,16384,4096,4096,0,5,20,False,2.9.0+cu128,12.8,sparse_nvfp4,pass,1.810158,303.705915,
module_forward,m,16384,16384,4096,4096,0,5,20,False,2.9.0+cu128,12.8,marlin_nvfp4,pass,2.398274,229.229816,
module_forward,m,16384,16384,4096,8192,0,5,20,False,2.9.0+cu128,12.8,dense_bf16,pass,4.820174,228.106191,
module_forward,m,16384,16384,4096,8192,0,5,20,False,2.9.0+cu128,12.8,dense_nvfp4,pass,3.817982,287.982372,
module_forward,m,16384,16384,4096,8192,0,5,20,False,2.9.0+cu128,12.8,sparse_bf16,pass,2.418811,454.566944,
module_forward,m,16384,16384,4096,8192,0,5,20,False,2.9.0+cu128,12.8,sparse_nvfp4,pass,3.565974,308.334132,
module_forward,m,16384,16384,4096,8192,0,5,20,False,2.9.0+cu128,12.8,marlin_nvfp4,pass,4.694600,234.207733,
module_forward,m,16384,16384,4096,16384,0,5,20,False,2.9.0+cu128,12.8,dense_bf16,pass,9.597053,229.135267,
module_forward,m,16384,16384,4096,16384,0,5,20,False,2.9.0+cu128,12.8,dense_nvfp4,pass,7.489037,293.632321,
module_forward,m,16384,16384,4096,16384,0,5,20,False,2.9.0+cu128,12.8,sparse_bf16,pass,4.839522,454.388559,
module_forward,m,16384,16384,4096,16384,0,5,20,False,2.9.0+cu128,12.8,sparse_nvfp4,pass,7.069435,311.060670,
module_forward,m,16384,16384,4096,16384,0,5,20,False,2.9.0+cu128,12.8,marlin_nvfp4,pass,9.317829,236.001682,
module_forward,m,16384,16384,8192,1,0,5,20,False,2.9.0+cu128,12.8,dense_bf16,pass,0.177347,1.513615,
module_forward,m,16384,16384,8192,1,0,5,20,False,2.9.0+cu128,12.8,dense_nvfp4,skip,,,K%32!=0
module_forward,m,16384,16384,8192,1,0,5,20,False,2.9.0+cu128,12.8,sparse_bf16,skip,,,K%64!=0
module_forward,m,16384,16384,8192,1,0,5,20,False,2.9.0+cu128,12.8,sparse_nvfp4,skip,,,K%64!=0
module_forward,m,16384,16384,8192,1,0,5,20,False,2.9.0+cu128,12.8,marlin_nvfp4,skip,,,K%128!=0
module_forward,m,16384,16384,8192,2,0,5,20,False,2.9.0+cu128,12.8,dense_bf16,pass,0.176477,3.042161,
module_forward,m,16384,16384,8192,2,0,5,20,False,2.9.0+cu128,12.8,dense_nvfp4,skip,,,K%32!=0
module_forward,m,16384,16384,8192,2,0,5,20,False,2.9.0+cu128,12.8,sparse_bf16,skip,,,K%64!=0
module_forward,m,16384,16384,8192,2,0,5,20,False,2.9.0+cu128,12.8,sparse_nvfp4,skip,,,K%64!=0
module_forward,m,16384,16384,8192,2,0,5,20,False,2.9.0+cu128,12.8,marlin_nvfp4,skip,,,K%128!=0
module_forward,m,16384,16384,8192,4,0,5,20,False,2.9.0+cu128,12.8,dense_bf16,pass,0.176579,6.080794,
module_forward,m,16384,16384,8192,4,0,5,20,False,2.9.0+cu128,12.8,dense_nvfp4,skip,,,K%32!=0
module_forward,m,16384,16384,8192,4,0,5,20,False,2.9.0+cu128,12.8,sparse_bf16,skip,,,K%64!=0
module_forward,m,16384,16384,8192,4,0,5,20,False,2.9.0+cu128,12.8,sparse_nvfp4,skip,,,K%64!=0
module_forward,m,16384,16384,8192,4,0,5,20,False,2.9.0+cu128,12.8,marlin_nvfp4,skip,,,K%128!=0
module_forward,m,16384,16384,8192,8,0,5,20,False,2.9.0+cu128,12.8,dense_bf16,pass,0.176008,12.201057,
module_forward,m,16384,16384,8192,8,0,5,20,False,2.9.0+cu128,12.8,dense_nvfp4,skip,,,K%32!=0
module_forward,m,16384,16384,8192,8,0,5,20,False,2.9.0+cu128,12.8,sparse_bf16,skip,,,K%64!=0
module_forward,m,16384,16384,8192,8,0,5,20,False,2.9.0+cu128,12.8,sparse_nvfp4,skip,,,K%64!=0
module_forward,m,16384,16384,8192,8,0,5,20,False,2.9.0+cu128,12.8,marlin_nvfp4,skip,,,K%128!=0
module_forward,m,16384,16384,8192,16,0,5,20,False,2.9.0+cu128,12.8,dense_bf16,pass,0.176971,24.269301,
module_forward,m,16384,16384,8192,16,0,5,20,False,2.9.0+cu128,12.8,dense_nvfp4,skip,,,K%32!=0
module_forward,m,16384,16384,8192,16,0,5,20,False,2.9.0+cu128,12.8,sparse_bf16,skip,,,K%64!=0
module_forward,m,16384,16384,8192,16,0,5,20,False,2.9.0+cu128,12.8,sparse_nvfp4,skip,,,K%64!=0
module_forward,m,16384,16384,8192,16,0,5,20,False,2.9.0+cu128,12.8,marlin_nvfp4,skip,,,K%128!=0
module_forward,m,16384,16384,8192,32,0,5,20,False,2.9.0+cu128,12.8,dense_bf16,pass,0.175578,48.923864,
module_forward,m,16384,16384,8192,32,0,5,20,False,2.9.0+cu128,12.8,dense_nvfp4,error,,,module output contains NaN/Inf
module_forward,m,16384,16384,8192,32,0,5,20,False,2.9.0+cu128,12.8,sparse_bf16,skip,,,K%64!=0
module_forward,m,16384,16384,8192,32,0,5,20,False,2.9.0+cu128,12.8,sparse_nvfp4,skip,,,K%64!=0
module_forward,m,16384,16384,8192,32,0,5,20,False,2.9.0+cu128,12.8,marlin_nvfp4,skip,,,K%128!=0
module_forward,m,16384,16384,8192,64,0,5,20,False,2.9.0+cu128,12.8,dense_bf16,pass,0.178034,96.497904,
module_forward,m,16384,16384,8192,64,0,5,20,False,2.9.0+cu128,12.8,dense_nvfp4,pass,0.410928,41.807493,
module_forward,m,16384,16384,8192,64,0,5,20,False,2.9.0+cu128,12.8,sparse_bf16,pass,0.188750,91.018981,
module_forward,m,16384,16384,8192,64,0,5,20,False,2.9.0+cu128,12.8,sparse_nvfp4,pass,0.262939,65.337801,
module_forward,m,16384,16384,8192,64,0,5,20,False,2.9.0+cu128,12.8,marlin_nvfp4,skip,,,K%128!=0
module_forward,m,16384,16384,8192,128,0,5,20,False,2.9.0+cu128,12.8,dense_bf16,pass,0.224874,152.795786,
module_forward,m,16384,16384,8192,128,0,5,20,False,2.9.0+cu128,12.8,dense_nvfp4,pass,0.411038,83.592527,
module_forward,m,16384,16384,8192,128,0,5,20,False,2.9.0+cu128,12.8,sparse_bf16,pass,0.225445,152.408654,
module_forward,m,16384,16384,8192,128,0,5,20,False,2.9.0+cu128,12.8,sparse_nvfp4,pass,0.261310,131.490130,
module_forward,m,16384,16384,8192,128,0,5,20,False,2.9.0+cu128,12.8,marlin_nvfp4,pass,0.443643,77.449036,
module_forward,m,16384,16384,8192,256,0,5,20,False,2.9.0+cu128,12.8,dense_bf16,pass,0.365354,188.090323,
module_forward,m,16384,16384,8192,256,0,5,20,False,2.9.0+cu128,12.8,dense_nvfp4,pass,0.426587,161.091277,
module_forward,m,16384,16384,8192,256,0,5,20,False,2.9.0+cu128,12.8,sparse_bf16,pass,0.295730,232.372669,
module_forward,m,16384,16384,8192,256,0,5,20,False,2.9.0+cu128,12.8,sparse_nvfp4,pass,0.272245,252.417957,
module_forward,m,16384,16384,8192,256,0,5,20,False,2.9.0+cu128,12.8,marlin_nvfp4,pass,0.583546,117.761964,
module_forward,m,16384,16384,8192,512,0,5,20,False,2.9.0+cu128,12.8,dense_bf16,pass,0.658488,208.718996,
module_forward,m,16384,16384,8192,512,0,5,20,False,2.9.0+cu128,12.8,dense_nvfp4,pass,0.500822,274.426527,
module_forward,m,16384,16384,8192,512,0,5,20,False,2.9.0+cu128,12.8,sparse_bf16,pass,0.437482,314.159393,
module_forward,m,16384,16384,8192,512,0,5,20,False,2.9.0+cu128,12.8,sparse_nvfp4,pass,0.341816,402.084612,
module_forward,m,16384,16384,8192,512,0,5,20,False,2.9.0+cu128,12.8,marlin_nvfp4,pass,0.877686,156.592326,
module_forward,m,16384,16384,8192,1024,0,5,20,False,2.9.0+cu128,12.8,dense_bf16,pass,1.230640,223.361753,
module_forward,m,16384,16384,8192,1024,0,5,20,False,2.9.0+cu128,12.8,dense_nvfp4,pass,0.709320,387.523131,
module_forward,m,16384,16384,8192,1024,0,5,20,False,2.9.0+cu128,12.8,sparse_bf16,pass,0.719939,381.807113,
module_forward,m,16384,16384,8192,1024,0,5,20,False,2.9.0+cu128,12.8,sparse_nvfp4,pass,0.506925,542.245923,
module_forward,m,16384,16384,8192,1024,0,5,20,False,2.9.0+cu128,12.8,marlin_nvfp4,pass,1.456454,188.730871,
module_forward,m,16384,16384,8192,2048,0,5,20,False,2.9.0+cu128,12.8,dense_bf16,pass,2.377165,231.265336,
module_forward,m,16384,16384,8192,2048,0,5,20,False,2.9.0+cu128,12.8,dense_nvfp4,pass,1.332069,412.708273,
module_forward,m,16384,16384,8192,2048,0,5,20,False,2.9.0+cu128,12.8,sparse_bf16,pass,1.285802,427.558823,
module_forward,m,16384,16384,8192,2048,0,5,20,False,2.9.0+cu128,12.8,sparse_nvfp4,pass,1.059854,518.708812,
module_forward,m,16384,16384,8192,2048,0,5,20,False,2.9.0+cu128,12.8,marlin_nvfp4,pass,2.599506,211.484759,
module_forward,m,16384,16384,8192,4096,0,5,20,False,2.9.0+cu128,12.8,dense_bf16,pass,4.673251,235.277663,
module_forward,m,16384,16384,8192,4096,0,5,20,False,2.9.0+cu128,12.8,dense_nvfp4,pass,2.463515,446.318183,
module_forward,m,16384,16384,8192,4096,0,5,20,False,2.9.0+cu128,12.8,sparse_bf16,pass,2.422907,453.798495,
module_forward,m,16384,16384,8192,4096,0,5,20,False,2.9.0+cu128,12.8,sparse_nvfp4,pass,2.119613,518.732302,
module_forward,m,16384,16384,8192,4096,0,5,20,False,2.9.0+cu128,12.8,marlin_nvfp4,pass,4.888474,224.919215,
module_forward,m,16384,16384,8192,8192,0,5,20,False,2.9.0+cu128,12.8,dense_bf16,pass,9.254981,237.604302,
module_forward,m,16384,16384,8192,8192,0,5,20,False,2.9.0+cu128,12.8,dense_nvfp4,pass,4.700285,467.848935,
module_forward,m,16384,16384,8192,8192,0,5,20,False,2.9.0+cu128,12.8,sparse_bf16,pass,4.761952,461.790306,
module_forward,m,16384,16384,8192,8192,0,5,20,False,2.9.0+cu128,12.8,sparse_nvfp4,pass,4.187979,525.079794,
module_forward,m,16384,16384,8192,8192,0,5,20,False,2.9.0+cu128,12.8,marlin_nvfp4,pass,9.507613,231.290789,
module_forward,m,16384,16384,8192,16384,0,5,20,False,2.9.0+cu128,12.8,dense_bf16,pass,18.444788,238.443859,
module_forward,m,16384,16384,8192,16384,0,5,20,False,2.9.0+cu128,12.8,dense_nvfp4,pass,9.123016,482.082510,
module_forward,m,16384,16384,8192,16384,0,5,20,False,2.9.0+cu128,12.8,sparse_bf16,pass,10.066301,436.907918,
module_forward,m,16384,16384,8192,16384,0,5,20,False,2.9.0+cu128,12.8,sparse_nvfp4,pass,8.273834,531.560909,
module_forward,m,16384,16384,8192,16384,0,5,20,False,2.9.0+cu128,12.8,marlin_nvfp4,pass,18.849028,233.330154,
module_forward,m,16384,16384,16384,1,0,5,20,False,2.9.0+cu128,12.8,dense_bf16,pass,0.335979,1.597929,
module_forward,m,16384,16384,16384,1,0,5,20,False,2.9.0+cu128,12.8,dense_nvfp4,skip,,,K%32!=0
module_forward,m,16384,16384,16384,1,0,5,20,False,2.9.0+cu128,12.8,sparse_bf16,skip,,,K%64!=0
module_forward,m,16384,16384,16384,1,0,5,20,False,2.9.0+cu128,12.8,sparse_nvfp4,skip,,,K%64!=0
module_forward,m,16384,16384,16384,1,0,5,20,False,2.9.0+cu128,12.8,marlin_nvfp4,skip,,,K%128!=0
module_forward,m,16384,16384,16384,2,0,5,20,False,2.9.0+cu128,12.8,dense_bf16,pass,0.342253,3.137277,
module_forward,m,16384,16384,16384,2,0,5,20,False,2.9.0+cu128,12.8,dense_nvfp4,skip,,,K%32!=0
module_forward,m,16384,16384,16384,2,0,5,20,False,2.9.0+cu128,12.8,sparse_bf16,skip,,,K%64!=0
module_forward,m,16384,16384,16384,2,0,5,20,False,2.9.0+cu128,12.8,sparse_nvfp4,skip,,,K%64!=0
module_forward,m,16384,16384,16384,2,0,5,20,False,2.9.0+cu128,12.8,marlin_nvfp4,skip,,,K%128!=0
module_forward,m,16384,16384,16384,4,0,5,20,False,2.9.0+cu128,12.8,dense_bf16,pass,0.342232,6.274935,
module_forward,m,16384,16384,16384,4,0,5,20,False,2.9.0+cu128,12.8,dense_nvfp4,skip,,,K%32!=0
module_forward,m,16384,16384,16384,4,0,5,20,False,2.9.0+cu128,12.8,sparse_bf16,skip,,,K%64!=0
module_forward,m,16384,16384,16384,4,0,5,20,False,2.9.0+cu128,12.8,sparse_nvfp4,skip,,,K%64!=0
module_forward,m,16384,16384,16384,4,0,5,20,False,2.9.0+cu128,12.8,marlin_nvfp4,skip,,,K%128!=0
module_forward,m,16384,16384,16384,8,0,5,20,False,2.9.0+cu128,12.8,dense_bf16,pass,0.342968,12.522939,
module_forward,m,16384,16384,16384,8,0,5,20,False,2.9.0+cu128,12.8,dense_nvfp4,skip,,,K%32!=0
module_forward,m,16384,16384,16384,8,0,5,20,False,2.9.0+cu128,12.8,sparse_bf16,skip,,,K%64!=0
module_forward,m,16384,16384,16384,8,0,5,20,False,2.9.0+cu128,12.8,sparse_nvfp4,skip,,,K%64!=0
module_forward,m,16384,16384,16384,8,0,5,20,False,2.9.0+cu128,12.8,marlin_nvfp4,skip,,,K%128!=0
module_forward,m,16384,16384,16384,16,0,5,20,False,2.9.0+cu128,12.8,dense_bf16,pass,0.344813,24.911879,
module_forward,m,16384,16384,16384,16,0,5,20,False,2.9.0+cu128,12.8,dense_nvfp4,skip,,,K%32!=0
module_forward,m,16384,16384,16384,16,0,5,20,False,2.9.0+cu128,12.8,sparse_bf16,skip,,,K%64!=0
module_forward,m,16384,16384,16384,16,0,5,20,False,2.9.0+cu128,12.8,sparse_nvfp4,skip,,,K%64!=0
module_forward,m,16384,16384,16384,16,0,5,20,False,2.9.0+cu128,12.8,marlin_nvfp4,skip,,,K%128!=0
module_forward,m,16384,16384,16384,32,0,5,20,False,2.9.0+cu128,12.8,dense_bf16,pass,0.335605,51.190773,
module_forward,m,16384,16384,16384,32,0,5,20,False,2.9.0+cu128,12.8,dense_nvfp4,error,,,module output contains NaN/Inf
module_forward,m,16384,16384,16384,32,0,5,20,False,2.9.0+cu128,12.8,sparse_bf16,skip,,,K%64!=0
module_forward,m,16384,16384,16384,32,0,5,20,False,2.9.0+cu128,12.8,sparse_nvfp4,skip,,,K%64!=0
module_forward,m,16384,16384,16384,32,0,5,20,False,2.9.0+cu128,12.8,marlin_nvfp4,skip,,,K%128!=0
module_forward,m,16384,16384,16384,64,0,5,20,False,2.9.0+cu128,12.8,dense_bf16,pass,0.342698,100.262560,
module_forward,m,16384,16384,16384,64,0,5,20,False,2.9.0+cu128,12.8,dense_nvfp4,pass,0.727770,47.212385,
module_forward,m,16384,16384,16384,64,0,5,20,False,2.9.0+cu128,12.8,sparse_bf16,pass,0.347294,98.935482,
module_forward,m,16384,16384,16384,64,0,5,20,False,2.9.0+cu128,12.8,sparse_nvfp4,pass,0.568563,60.432576,
module_forward,m,16384,16384,16384,64,0,5,20,False,2.9.0+cu128,12.8,marlin_nvfp4,skip,,,K%128!=0
module_forward,m,16384,16384,16384,128,0,5,20,False,2.9.0+cu128,12.8,dense_bf16,pass,0.440469,156.014402,
module_forward,m,16384,16384,16384,128,0,5,20,False,2.9.0+cu128,12.8,dense_nvfp4,pass,0.726906,94.537003,
module_forward,m,16384,16384,16384,128,0,5,20,False,2.9.0+cu128,12.8,sparse_bf16,pass,0.419664,163.748801,
module_forward,m,16384,16384,16384,128,0,5,20,False,2.9.0+cu128,12.8,sparse_nvfp4,pass,0.430733,159.540849,
module_forward,m,16384,16384,16384,128,0,5,20,False,2.9.0+cu128,12.8,marlin_nvfp4,pass,0.682146,100.740189,
module_forward,m,16384,16384,16384,256,0,5,20,False,2.9.0+cu128,12.8,dense_bf16,pass,0.721592,190.466292,
module_forward,m,16384,16384,16384,256,0,5,20,False,2.9.0+cu128,12.8,dense_nvfp4,pass,0.745762,184.293417,
module_forward,m,16384,16384,16384,256,0,5,20,False,2.9.0+cu128,12.8,sparse_bf16,pass,0.559440,245.672374,
module_forward,m,16384,16384,16384,256,0,5,20,False,2.9.0+cu128,12.8,sparse_nvfp4,pass,0.440886,311.733256,
module_forward,m,16384,16384,16384,256,0,5,20,False,2.9.0+cu128,12.8,marlin_nvfp4,pass,0.991053,138.679750,
module_forward,m,16384,16384,16384,512,0,5,20,False,2.9.0+cu128,12.8,dense_bf16,pass,1.275502,215.505599,
module_forward,m,16384,16384,16384,512,0,5,20,False,2.9.0+cu128,12.8,dense_nvfp4,pass,0.834120,329.542397,
module_forward,m,16384,16384,16384,512,0,5,20,False,2.9.0+cu128,12.8,sparse_bf16,pass,0.838022,328.007827,
module_forward,m,16384,16384,16384,512,0,5,20,False,2.9.0+cu128,12.8,sparse_nvfp4,pass,0.504542,544.806359,
module_forward,m,16384,16384,16384,512,0,5,20,False,2.9.0+cu128,12.8,marlin_nvfp4,pass,1.566872,175.430988,
module_forward,m,16384,16384,16384,1024,0,5,20,False,2.9.0+cu128,12.8,dense_bf16,pass,2.397386,229.314721,
module_forward,m,16384,16384,16384,1024,0,5,20,False,2.9.0+cu128,12.8,dense_nvfp4,pass,1.129931,486.539195,
module_forward,m,16384,16384,16384,1024,0,5,20,False,2.9.0+cu128,12.8,sparse_bf16,pass,1.396659,393.622017,
module_forward,m,16384,16384,16384,1024,0,5,20,False,2.9.0+cu128,12.8,sparse_nvfp4,pass,0.772949,711.244798,
module_forward,m,16384,16384,16384,1024,0,5,20,False,2.9.0+cu128,12.8,marlin_nvfp4,pass,2.713014,202.636526,
module_forward,m,16384,16384,16384,2048,0,5,20,False,2.9.0+cu128,12.8,dense_bf16,pass,4.648234,236.543968,
module_forward,m,16384,16384,16384,2048,0,5,20,False,2.9.0+cu128,12.8,dense_nvfp4,pass,1.931414,569.277948,
module_forward,m,16384,16384,16384,2048,0,5,20,False,2.9.0+cu128,12.8,sparse_bf16,pass,2.519826,436.344338,
module_forward,m,16384,16384,16384,2048,0,5,20,False,2.9.0+cu128,12.8,sparse_nvfp4,pass,1.499939,733.037466,
module_forward,m,16384,16384,16384,2048,0,5,20,False,2.9.0+cu128,12.8,marlin_nvfp4,pass,5.005974,219.639882,
module_forward,m,16384,16384,16384,4096,0,5,20,False,2.9.0+cu128,12.8,dense_bf16,pass,9.141957,240.541855,
module_forward,m,16384,16384,16384,4096,0,5,20,False,2.9.0+cu128,12.8,dense_nvfp4,pass,3.435728,640.045794,
module_forward,m,16384,16384,16384,4096,0,5,20,False,2.9.0+cu128,12.8,sparse_bf16,pass,4.821042,456.130321,
module_forward,m,16384,16384,16384,4096,0,5,20,False,2.9.0+cu128,12.8,sparse_nvfp4,pass,2.892816,760.167003,
module_forward,m,16384,16384,16384,4096,0,5,20,False,2.9.0+cu128,12.8,marlin_nvfp4,pass,9.597078,229.134655,
module_forward,m,16384,16384,16384,8192,0,5,20,False,2.9.0+cu128,12.8,dense_bf16,pass,18.174235,241.993483,
module_forward,m,16384,16384,16384,8192,0,5,20,False,2.9.0+cu128,12.8,dense_nvfp4,pass,6.487227,677.954750,
module_forward,m,16384,16384,16384,8192,0,5,20,False,2.9.0+cu128,12.8,sparse_bf16,pass,11.096379,396.349696,
module_forward,m,16384,16384,16384,8192,0,5,20,False,2.9.0+cu128,12.8,sparse_nvfp4,pass,5.544205,793.269124,
module_forward,m,16384,16384,16384,8192,0,5,20,False,2.9.0+cu128,12.8,marlin_nvfp4,pass,18.930395,232.327242,
module_forward,m,16384,16384,16384,16384,0,5,20,False,2.9.0+cu128,12.8,dense_bf16,pass,36.503499,240.965749,
module_forward,m,16384,16384,16384,16384,0,5,20,False,2.9.0+cu128,12.8,dense_nvfp4,pass,16.304344,539.493842,
module_forward,m,16384,16384,16384,16384,0,5,20,False,2.9.0+cu128,12.8,sparse_bf16,pass,22.758643,386.494612,
module_forward,m,16384,16384,16384,16384,0,5,20,False,2.9.0+cu128,12.8,sparse_nvfp4,pass,15.042658,584.743286,
module_forward,m,16384,16384,16384,16384,0,5,20,False,2.9.0+cu128,12.8,marlin_nvfp4,pass,37.737464,233.086489,
