source,eval_scope,label,policy_index_or_point,key,policy_json,true_ce_nll,true_bal_acc,true_auc,true_ap,num_samples,count_dense_default,count_dense_bf16,count_dense_nvfp4,count_sparse_bf16,count_sparse_nvfp4,sparse_ratio,predicted_quality_cost,predicted_linear_latency_ms,sum_selected_local_rel_mse,sum_sparse_bf16_local_rel_mse,sum_sparse_bf16_quality_cost,method_diversity,non_sparse_count,type_counts,layer_bucket_counts,true_nll_delta_vs_bf16,true_nll_delta_vs_dense,true_nll_delta_vs_bf16_clipped,quality_residual_vs_bf16
genimage_partial,GenImage-partial,random_mixed,170,,artifacts/debug/030_mirror_global_pareto/policies/stratified_keyfix_genimage/policy_170_random.json,0.0593004456125,0.99739583375,0.99997287375,0.9999730125,1536,0,89,50,44,41,0.19642857142857142,0.09797925005846464,41.53596000000002,5.59449528664132,2.07705782450804,0.010012363748521474,4,180,"{""down_proj:dense_bf16"": 10, ""down_proj:dense_nvfp4"": 11, ""down_proj:sparse_bf16"": 5, ""down_proj:sparse_nvfp4"": 6, ""gate_proj:dense_bf16"": 15, ""gate_proj:dense_nvfp4"": 5, ""gate_proj:sparse_bf16"": 4, ""gate_proj:sparse_nvfp4"": 8, ""k_proj:dense_bf16"": 12, ""k_proj:dense_nvfp4"": 5, ""k_proj:sparse_bf16"": 5, ""k_proj:sparse_nvfp4"": 10, ""o_proj:dense_bf16"": 12, ""o_proj:dense_nvfp4"": 10, ""o_proj:sparse_bf16"": 7, ""o_proj:sparse_nvfp4"": 3, ""q_proj:dense_bf16"": 12, ""q_proj:dense_nvfp4"": 6, ""q_proj:sparse_bf16"": 8, ""q_proj:sparse_nvfp4"": 6, ""up_proj:dense_bf16"": 14, ""up_proj:dense_nvfp4"": 8, ""up_proj:sparse_bf16"": 8, ""up_proj:sparse_nvfp4"": 2, ""v_proj:dense_bf16"": 14, ""v_proj:dense_nvfp4"": 5, ""v_proj:sparse_bf16"": 7, ""v_proj:sparse_nvfp4"": 6}","{""layers_00_07:dense_bf16"": 23, ""layers_00_07:dense_nvfp4"": 13, ""layers_00_07:sparse_bf16"": 11, ""layers_00_07:sparse_nvfp4"": 9, ""layers_08_15:dense_bf16"": 21, ""layers_08_15:dense_nvfp4"": 17, ""layers_08_15:sparse_bf16"": 9, ""layers_08_15:sparse_nvfp4"": 9, ""layers_16_23:dense_bf16"": 25, ""layers_16_23:dense_nvfp4"": 9, ""layers_16_23:sparse_bf16"": 9, ""layers_16_23:sparse_nvfp4"": 13, ""layers_24_31:dense_bf16"": 20, ""layers_24_31:dense_nvfp4"": 11, ""layers_24_31:sparse_bf16"": 15, ""layers_24_31:sparse_nvfp4"": 10}",-0.001796795912500003,,0.0,-0.09797925005846464
genimage_partial,GenImage-partial,sparse_bf16_up_proj_targeted,74,,artifacts/debug/030_mirror_global_pareto/policies/stratified_keyfix_genimage/policy_074_sparse_bf16_up_proj.json,0.0541036866375,0.9986979175,1.0,1.0,1536,0,192,0,32,0,0.14285714285714285,0.008916449883955402,33.5505776,1.9784520774946144,1.9772678525909997,0.00855055585788887,2,192,"{""down_proj:dense_bf16"": 32, ""gate_proj:dense_bf16"": 32, ""k_proj:dense_bf16"": 32, ""o_proj:dense_bf16"": 32, ""q_proj:dense_bf16"": 32, ""up_proj:sparse_bf16"": 32, ""v_proj:dense_bf16"": 32}","{""layers_00_07:dense_bf16"": 48, ""layers_00_07:sparse_bf16"": 8, ""layers_08_15:dense_bf16"": 48, ""layers_08_15:sparse_bf16"": 8, ""layers_16_23:dense_bf16"": 48, ""layers_16_23:sparse_bf16"": 8, ""layers_24_31:dense_bf16"": 48, ""layers_24_31:sparse_bf16"": 8}",-0.006993554887500003,,0.0,-0.008916449883955402
genimage_partial,GenImage-partial,sparse_bf16_lowerr_ratio_0.1,25,,artifacts/debug/030_mirror_global_pareto/policies/stratified_keyfix_genimage/policy_025_sparse_bf16_lowerr_r0.1.json,0.0586704831375,0.9973958325,1.0,1.0,1536,0,202,0,22,0,0.09821428571428571,0.005045490717295193,34.9783824,0.9794594516831245,0.97820162260878,0.0046568731990337744,2,202,"{""down_proj:dense_bf16"": 28, ""down_proj:sparse_bf16"": 4, ""gate_proj:dense_bf16"": 27, ""gate_proj:sparse_bf16"": 5, ""k_proj:dense_bf16"": 31, ""k_proj:sparse_bf16"": 1, ""o_proj:dense_bf16"": 30, ""o_proj:sparse_bf16"": 2, ""q_proj:dense_bf16"": 31, ""q_proj:sparse_bf16"": 1, ""up_proj:dense_bf16"": 27, ""up_proj:sparse_bf16"": 5, ""v_proj:dense_bf16"": 28, ""v_proj:sparse_bf16"": 4}","{""layers_00_07:dense_bf16"": 48, ""layers_00_07:sparse_bf16"": 8, ""layers_08_15:dense_bf16"": 52, ""layers_08_15:sparse_bf16"": 4, ""layers_16_23:dense_bf16"": 52, ""layers_16_23:sparse_bf16"": 4, ""layers_24_31:dense_bf16"": 50, ""layers_24_31:sparse_bf16"": 6}",-0.0024267583875000054,,0.0,-0.005045490717295193
genimage_partial,GenImage-partial,random_mixed,122,,artifacts/debug/030_mirror_global_pareto/policies/stratified_keyfix_genimage/policy_122_random.json,0.09694963845,0.97786458375,0.99951850125,0.99952095,1536,0,100,35,41,48,0.18303571428571427,0.10972604179873373,40.1813856,6.190851740843319,2.0167309944986997,0.00928377400729131,4,183,"{""down_proj:dense_bf16"": 16, ""down_proj:dense_nvfp4"": 3, ""down_proj:sparse_bf16"": 7, ""down_proj:sparse_nvfp4"": 6, ""gate_proj:dense_bf16"": 13, ""gate_proj:dense_nvfp4"": 8, ""gate_proj:sparse_bf16"": 2, ""gate_proj:sparse_nvfp4"": 9, ""k_proj:dense_bf16"": 17, ""k_proj:dense_nvfp4"": 4, ""k_proj:sparse_bf16"": 3, ""k_proj:sparse_nvfp4"": 8, ""o_proj:dense_bf16"": 13, ""o_proj:dense_nvfp4"": 2, ""o_proj:sparse_bf16"": 10, ""o_proj:sparse_nvfp4"": 7, ""q_proj:dense_bf16"": 14, ""q_proj:dense_nvfp4"": 4, ""q_proj:sparse_bf16"": 8, ""q_proj:sparse_nvfp4"": 6, ""up_proj:dense_bf16"": 14, ""up_proj:dense_nvfp4"": 6, ""up_proj:sparse_bf16"": 7, ""up_proj:sparse_nvfp4"": 5, ""v_proj:dense_bf16"": 13, ""v_proj:dense_nvfp4"": 8, ""v_proj:sparse_bf16"": 4, ""v_proj:sparse_nvfp4"": 7}","{""layers_00_07:dense_bf16"": 25, ""layers_00_07:dense_nvfp4"": 7, ""layers_00_07:sparse_bf16"": 14, ""layers_00_07:sparse_nvfp4"": 10, ""layers_08_15:dense_bf16"": 21, ""layers_08_15:dense_nvfp4"": 8, ""layers_08_15:sparse_bf16"": 8, ""layers_08_15:sparse_nvfp4"": 19, ""layers_16_23:dense_bf16"": 25, ""layers_16_23:dense_nvfp4"": 9, ""layers_16_23:sparse_bf16"": 12, ""layers_16_23:sparse_nvfp4"": 10, ""layers_24_31:dense_bf16"": 29, ""layers_24_31:dense_nvfp4"": 11, ""layers_24_31:sparse_bf16"": 7, ""layers_24_31:sparse_nvfp4"": 9}",0.035852396924999995,,0.035852396924999995,-0.07387364487373374
genimage_partial,GenImage-partial,random_mixed,146,,artifacts/debug/030_mirror_global_pareto/policies/stratified_keyfix_genimage/policy_146_random.json,0.061790750075000005,0.99609375125,0.9999864362499999,0.99998657625,1536,0,101,39,38,46,0.16964285714285715,0.09393452216659012,41.06006080000002,5.420424481964347,1.63686836533181,0.007879536926704652,4,186,"{""down_proj:dense_bf16"": 17, ""down_proj:dense_nvfp4"": 6, ""down_proj:sparse_bf16"": 1, ""down_proj:sparse_nvfp4"": 8, ""gate_proj:dense_bf16"": 13, ""gate_proj:dense_nvfp4"": 6, ""gate_proj:sparse_bf16"": 7, ""gate_proj:sparse_nvfp4"": 6, ""k_proj:dense_bf16"": 12, ""k_proj:dense_nvfp4"": 8, ""k_proj:sparse_bf16"": 8, ""k_proj:sparse_nvfp4"": 4, ""o_proj:dense_bf16"": 10, ""o_proj:dense_nvfp4"": 4, ""o_proj:sparse_bf16"": 8, ""o_proj:sparse_nvfp4"": 10, ""q_proj:dense_bf16"": 13, ""q_proj:dense_nvfp4"": 7, ""q_proj:sparse_bf16"": 4, ""q_proj:sparse_nvfp4"": 8, ""up_proj:dense_bf16"": 17, ""up_proj:dense_nvfp4"": 3, ""up_proj:sparse_bf16"": 7, ""up_proj:sparse_nvfp4"": 5, ""v_proj:dense_bf16"": 19, ""v_proj:dense_nvfp4"": 5, ""v_proj:sparse_bf16"": 3, ""v_proj:sparse_nvfp4"": 5}","{""layers_00_07:dense_bf16"": 19, ""layers_00_07:dense_nvfp4"": 9, ""layers_00_07:sparse_bf16"": 10, ""layers_00_07:sparse_nvfp4"": 18, ""layers_08_15:dense_bf16"": 21, ""layers_08_15:dense_nvfp4"": 12, ""layers_08_15:sparse_bf16"": 10, ""layers_08_15:sparse_nvfp4"": 13, ""layers_16_23:dense_bf16"": 31, ""layers_16_23:dense_nvfp4"": 9, ""layers_16_23:sparse_bf16"": 11, ""layers_16_23:sparse_nvfp4"": 5, ""layers_24_31:dense_bf16"": 30, ""layers_24_31:dense_nvfp4"": 9, ""layers_24_31:sparse_bf16"": 7, ""layers_24_31:sparse_nvfp4"": 10}",0.0006935085499999993,,0.0006935085499999993,-0.09324101361659012
genimage_partial,GenImage-partial,random_mixed,98,,artifacts/debug/030_mirror_global_pareto/policies/stratified_keyfix_genimage/policy_098_random.json,0.055851424799999994,0.9973958325,0.9999864362499999,0.99998657625,1536,0,104,41,42,37,0.1875,0.09222689284439084,39.33647840000002,5.523398161240656,1.8080760506057403,0.009062710246452589,4,182,"{""down_proj:dense_bf16"": 14, ""down_proj:dense_nvfp4"": 5, ""down_proj:sparse_bf16"": 8, ""down_proj:sparse_nvfp4"": 5, ""gate_proj:dense_bf16"": 19, ""gate_proj:dense_nvfp4"": 2, ""gate_proj:sparse_bf16"": 6, ""gate_proj:sparse_nvfp4"": 5, ""k_proj:dense_bf16"": 13, ""k_proj:dense_nvfp4"": 9, ""k_proj:sparse_bf16"": 6, ""k_proj:sparse_nvfp4"": 4, ""o_proj:dense_bf16"": 16, ""o_proj:dense_nvfp4"": 6, ""o_proj:sparse_bf16"": 5, ""o_proj:sparse_nvfp4"": 5, ""q_proj:dense_bf16"": 14, ""q_proj:dense_nvfp4"": 7, ""q_proj:sparse_bf16"": 7, ""q_proj:sparse_nvfp4"": 4, ""up_proj:dense_bf16"": 12, ""up_proj:dense_nvfp4"": 6, ""up_proj:sparse_bf16"": 5, ""up_proj:sparse_nvfp4"": 9, ""v_proj:dense_bf16"": 16, ""v_proj:dense_nvfp4"": 6, ""v_proj:sparse_bf16"": 5, ""v_proj:sparse_nvfp4"": 5}","{""layers_00_07:dense_bf16"": 27, ""layers_00_07:dense_nvfp4"": 8, ""layers_00_07:sparse_bf16"": 10, ""layers_00_07:sparse_nvfp4"": 11, ""layers_08_15:dense_bf16"": 23, ""layers_08_15:dense_nvfp4"": 16, ""layers_08_15:sparse_bf16"": 9, ""layers_08_15:sparse_nvfp4"": 8, ""layers_16_23:dense_bf16"": 29, ""layers_16_23:dense_nvfp4"": 7, ""layers_16_23:sparse_bf16"": 12, ""layers_16_23:sparse_nvfp4"": 8, ""layers_24_31:dense_bf16"": 25, ""layers_24_31:dense_nvfp4"": 10, ""layers_24_31:sparse_bf16"": 11, ""layers_24_31:sparse_nvfp4"": 10}",-0.005245816725000012,,0.0,-0.09222689284439084
genimage_partial,GenImage-partial,random_mixed,123,,artifacts/debug/030_mirror_global_pareto/policies/stratified_keyfix_genimage/policy_123_random.json,0.0622247021625,0.994140625,0.99991862,0.999918305,1536,0,101,42,47,34,0.20982142857142858,0.09184923342669442,39.74436641000002,5.671975408102619,2.00895158850231,0.009871369059980246,4,177,"{""down_proj:dense_bf16"": 13, ""down_proj:dense_nvfp4"": 6, ""down_proj:sparse_bf16"": 5, ""down_proj:sparse_nvfp4"": 8, ""gate_proj:dense_bf16"": 15, ""gate_proj:dense_nvfp4"": 7, ""gate_proj:sparse_bf16"": 7, ""gate_proj:sparse_nvfp4"": 3, ""k_proj:dense_bf16"": 11, ""k_proj:dense_nvfp4"": 9, ""k_proj:sparse_bf16"": 7, ""k_proj:sparse_nvfp4"": 5, ""o_proj:dense_bf16"": 13, ""o_proj:dense_nvfp4"": 2, ""o_proj:sparse_bf16"": 8, ""o_proj:sparse_nvfp4"": 9, ""q_proj:dense_bf16"": 19, ""q_proj:dense_nvfp4"": 6, ""q_proj:sparse_bf16"": 6, ""q_proj:sparse_nvfp4"": 1, ""up_proj:dense_bf16"": 17, ""up_proj:dense_nvfp4"": 6, ""up_proj:sparse_bf16"": 6, ""up_proj:sparse_nvfp4"": 3, ""v_proj:dense_bf16"": 13, ""v_proj:dense_nvfp4"": 6, ""v_proj:sparse_bf16"": 8, ""v_proj:sparse_nvfp4"": 5}","{""layers_00_07:dense_bf16"": 29, ""layers_00_07:dense_nvfp4"": 11, ""layers_00_07:sparse_bf16"": 9, ""layers_00_07:sparse_nvfp4"": 7, ""layers_08_15:dense_bf16"": 16, ""layers_08_15:dense_nvfp4"": 17, ""layers_08_15:sparse_bf16"": 15, ""layers_08_15:sparse_nvfp4"": 8, ""layers_16_23:dense_bf16"": 29, ""layers_16_23:dense_nvfp4"": 8, ""layers_16_23:sparse_bf16"": 11, ""layers_16_23:sparse_nvfp4"": 8, ""layers_24_31:dense_bf16"": 27, ""layers_24_31:dense_nvfp4"": 6, ""layers_24_31:sparse_bf16"": 12, ""layers_24_31:sparse_nvfp4"": 11}",0.001127460637499994,,0.001127460637499994,-0.09072177278919442
genimage_partial,GenImage-partial,random_mixed,171,,artifacts/debug/030_mirror_global_pareto/policies/stratified_keyfix_genimage/policy_171_random.json,0.0722543198125,0.9915364575,0.9999864362499999,0.99998657625,1536,0,92,39,44,49,0.19642857142857142,0.10914367046241469,41.10963681,6.390027981819959,2.0747856900370603,0.00973891791409624,4,180,"{""down_proj:dense_bf16"": 7, ""down_proj:dense_nvfp4"": 11, ""down_proj:sparse_bf16"": 3, ""down_proj:sparse_nvfp4"": 11, ""gate_proj:dense_bf16"": 15, ""gate_proj:dense_nvfp4"": 4, ""gate_proj:sparse_bf16"": 3, ""gate_proj:sparse_nvfp4"": 10, ""k_proj:dense_bf16"": 14, ""k_proj:dense_nvfp4"": 5, ""k_proj:sparse_bf16"": 7, ""k_proj:sparse_nvfp4"": 6, ""o_proj:dense_bf16"": 11, ""o_proj:dense_nvfp4"": 3, ""o_proj:sparse_bf16"": 13, ""o_proj:sparse_nvfp4"": 5, ""q_proj:dense_bf16"": 12, ""q_proj:dense_nvfp4"": 6, ""q_proj:sparse_bf16"": 8, ""q_proj:sparse_nvfp4"": 6, ""up_proj:dense_bf16"": 17, ""up_proj:dense_nvfp4"": 4, ""up_proj:sparse_bf16"": 6, ""up_proj:sparse_nvfp4"": 5, ""v_proj:dense_bf16"": 16, ""v_proj:dense_nvfp4"": 6, ""v_proj:sparse_bf16"": 4, ""v_proj:sparse_nvfp4"": 6}","{""layers_00_07:dense_bf16"": 25, ""layers_00_07:dense_nvfp4"": 7, ""layers_00_07:sparse_bf16"": 13, ""layers_00_07:sparse_nvfp4"": 11, ""layers_08_15:dense_bf16"": 22, ""layers_08_15:dense_nvfp4"": 14, ""layers_08_15:sparse_bf16"": 12, ""layers_08_15:sparse_nvfp4"": 8, ""layers_16_23:dense_bf16"": 20, ""layers_16_23:dense_nvfp4"": 9, ""layers_16_23:sparse_bf16"": 9, ""layers_16_23:sparse_nvfp4"": 18, ""layers_24_31:dense_bf16"": 25, ""layers_24_31:dense_nvfp4"": 9, ""layers_24_31:sparse_bf16"": 10, ""layers_24_31:sparse_nvfp4"": 12}",0.01115707828749999,,0.01115707828749999,-0.0979865921749147
genimage_partial,GenImage-partial,random_mixed,147,,artifacts/debug/030_mirror_global_pareto/policies/stratified_keyfix_genimage/policy_147_random.json,0.0597317855625,0.99739583375,0.99980333125,0.9998094675,1536,0,96,42,39,47,0.17410714285714285,0.10552396060006987,40.31997120000002,5.790990344999049,1.7095225642379,0.008447419933104407,4,185,"{""down_proj:dense_bf16"": 14, ""down_proj:dense_nvfp4"": 6, ""down_proj:sparse_bf16"": 6, ""down_proj:sparse_nvfp4"": 6, ""gate_proj:dense_bf16"": 12, ""gate_proj:dense_nvfp4"": 8, ""gate_proj:sparse_bf16"": 5, ""gate_proj:sparse_nvfp4"": 7, ""k_proj:dense_bf16"": 14, ""k_proj:dense_nvfp4"": 5, ""k_proj:sparse_bf16"": 4, ""k_proj:sparse_nvfp4"": 9, ""o_proj:dense_bf16"": 16, ""o_proj:dense_nvfp4"": 8, ""o_proj:sparse_bf16"": 3, ""o_proj:sparse_nvfp4"": 5, ""q_proj:dense_bf16"": 14, ""q_proj:dense_nvfp4"": 7, ""q_proj:sparse_bf16"": 6, ""q_proj:sparse_nvfp4"": 5, ""up_proj:dense_bf16"": 14, ""up_proj:dense_nvfp4"": 6, ""up_proj:sparse_bf16"": 7, ""up_proj:sparse_nvfp4"": 5, ""v_proj:dense_bf16"": 12, ""v_proj:dense_nvfp4"": 2, ""v_proj:sparse_bf16"": 8, ""v_proj:sparse_nvfp4"": 10}","{""layers_00_07:dense_bf16"": 20, ""layers_00_07:dense_nvfp4"": 14, ""layers_00_07:sparse_bf16"": 11, ""layers_00_07:sparse_nvfp4"": 11, ""layers_08_15:dense_bf16"": 23, ""layers_08_15:dense_nvfp4"": 8, ""layers_08_15:sparse_bf16"": 8, ""layers_08_15:sparse_nvfp4"": 17, ""layers_16_23:dense_bf16"": 26, ""layers_16_23:dense_nvfp4"": 8, ""layers_16_23:sparse_bf16"": 9, ""layers_16_23:sparse_nvfp4"": 13, ""layers_24_31:dense_bf16"": 27, ""layers_24_31:dense_nvfp4"": 12, ""layers_24_31:sparse_bf16"": 11, ""layers_24_31:sparse_nvfp4"": 6}",-0.0013654559625000048,,0.0,-0.10552396060006987
genimage_partial,GenImage-partial,sparse_bf16_v_proj_targeted,75,,artifacts/debug/030_mirror_global_pareto/policies/stratified_keyfix_genimage/policy_075_sparse_bf16_v_proj.json,0.0669916796,0.994140625,1.0,1.0,1536,0,192,0,32,0,0.14285714285714285,0.008343693397447897,36.195129599999994,1.6600133328718751,1.6588244717473999,0.007976353408843681,2,192,"{""down_proj:dense_bf16"": 32, ""gate_proj:dense_bf16"": 32, ""k_proj:dense_bf16"": 32, ""o_proj:dense_bf16"": 32, ""q_proj:dense_bf16"": 32, ""up_proj:dense_bf16"": 32, ""v_proj:sparse_bf16"": 32}","{""layers_00_07:dense_bf16"": 48, ""layers_00_07:sparse_bf16"": 8, ""layers_08_15:dense_bf16"": 48, ""layers_08_15:sparse_bf16"": 8, ""layers_16_23:dense_bf16"": 48, ""layers_16_23:sparse_bf16"": 8, ""layers_24_31:dense_bf16"": 48, ""layers_24_31:sparse_bf16"": 8}",0.005894438075000001,,0.005894438075000001,-0.0024492553224478956
genimage_partial,GenImage-partial,random_mixed,99,,artifacts/debug/030_mirror_global_pareto/policies/stratified_keyfix_genimage/policy_099_random.json,0.061179024825000004,0.99479166875,0.9999864362499999,0.99998657625,1536,0,95,35,49,45,0.21875,0.10722000398114068,40.0647776,6.410819442425363,2.18041248196,0.010763635184267957,4,175,"{""down_proj:dense_bf16"": 13, ""down_proj:dense_nvfp4"": 11, ""down_proj:sparse_bf16"": 2, ""down_proj:sparse_nvfp4"": 6, ""gate_proj:dense_bf16"": 9, ""gate_proj:dense_nvfp4"": 3, ""gate_proj:sparse_bf16"": 15, ""gate_proj:sparse_nvfp4"": 5, ""k_proj:dense_bf16"": 15, ""k_proj:dense_nvfp4"": 8, ""k_proj:sparse_bf16"": 5, ""k_proj:sparse_nvfp4"": 4, ""o_proj:dense_bf16"": 15, ""o_proj:dense_nvfp4"": 4, ""o_proj:sparse_bf16"": 7, ""o_proj:sparse_nvfp4"": 6, ""q_proj:dense_bf16"": 18, ""q_proj:dense_nvfp4"": 4, ""q_proj:sparse_bf16"": 5, ""q_proj:sparse_nvfp4"": 5, ""up_proj:dense_bf16"": 13, ""up_proj:dense_nvfp4"": 2, ""up_proj:sparse_bf16"": 9, ""up_proj:sparse_nvfp4"": 8, ""v_proj:dense_bf16"": 12, ""v_proj:dense_nvfp4"": 3, ""v_proj:sparse_bf16"": 6, ""v_proj:sparse_nvfp4"": 11}","{""layers_00_07:dense_bf16"": 25, ""layers_00_07:dense_nvfp4"": 7, ""layers_00_07:sparse_bf16"": 13, ""layers_00_07:sparse_nvfp4"": 11, ""layers_08_15:dense_bf16"": 18, ""layers_08_15:dense_nvfp4"": 8, ""layers_08_15:sparse_bf16"": 18, ""layers_08_15:sparse_nvfp4"": 12, ""layers_16_23:dense_bf16"": 28, ""layers_16_23:dense_nvfp4"": 9, ""layers_16_23:sparse_bf16"": 7, ""layers_16_23:sparse_nvfp4"": 12, ""layers_24_31:dense_bf16"": 24, ""layers_24_31:dense_nvfp4"": 11, ""layers_24_31:sparse_bf16"": 11, ""layers_24_31:sparse_nvfp4"": 10}",8.1783299999999e-05,,8.1783299999999e-05,-0.10713822068114068
genimage_partial,GenImage-partial,sparse_bf16_lowerr_ratio_0.2,26,,artifacts/debug/030_mirror_global_pareto/policies/stratified_keyfix_genimage/policy_026_sparse_bf16_lowerr_r0.2.json,0.0537471325375,1.0,1.0,1.0,1536,0,179,0,45,0,0.20089285714285715,0.01001789194861832,34.08552799999999,1.9833955097436438,1.9822776509200797,0.009672525542975199,2,179,"{""down_proj:dense_bf16"": 25, ""down_proj:sparse_bf16"": 7, ""gate_proj:dense_bf16"": 23, ""gate_proj:sparse_bf16"": 9, ""k_proj:dense_bf16"": 29, ""k_proj:sparse_bf16"": 3, ""o_proj:dense_bf16"": 28, ""o_proj:sparse_bf16"": 4, ""q_proj:dense_bf16"": 24, ""q_proj:sparse_bf16"": 8, ""up_proj:dense_bf16"": 22, ""up_proj:sparse_bf16"": 10, ""v_proj:dense_bf16"": 28, ""v_proj:sparse_bf16"": 4}","{""layers_00_07:dense_bf16"": 47, ""layers_00_07:sparse_bf16"": 9, ""layers_08_15:dense_bf16"": 41, ""layers_08_15:sparse_bf16"": 15, ""layers_16_23:dense_bf16"": 43, ""layers_16_23:sparse_bf16"": 13, ""layers_24_31:dense_bf16"": 48, ""layers_24_31:sparse_bf16"": 8}",-0.007350108987500006,,0.0,-0.01001789194861832
genimage_partial,GenImage-partial,random_mixed,124,,artifacts/debug/030_mirror_global_pareto/policies/stratified_keyfix_genimage/policy_124_random.json,0.07271871989999999,0.99088541875,0.9989420575,0.99835571625,1536,0,94,42,44,44,0.19642857142857142,0.10604326874830698,39.8846608,6.269668631883994,2.0629894399939,0.009940789195135276,4,180,"{""down_proj:dense_bf16"": 14, ""down_proj:dense_nvfp4"": 5, ""down_proj:sparse_bf16"": 6, ""down_proj:sparse_nvfp4"": 7, ""gate_proj:dense_bf16"": 9, ""gate_proj:dense_nvfp4"": 9, ""gate_proj:sparse_bf16"": 9, ""gate_proj:sparse_nvfp4"": 5, ""k_proj:dense_bf16"": 16, ""k_proj:dense_nvfp4"": 5, ""k_proj:sparse_bf16"": 5, ""k_proj:sparse_nvfp4"": 6, ""o_proj:dense_bf16"": 12, ""o_proj:dense_nvfp4"": 7, ""o_proj:sparse_bf16"": 7, ""o_proj:sparse_nvfp4"": 6, ""q_proj:dense_bf16"": 17, ""q_proj:dense_nvfp4"": 2, ""q_proj:sparse_bf16"": 5, ""q_proj:sparse_nvfp4"": 8, ""up_proj:dense_bf16"": 13, ""up_proj:dense_nvfp4"": 6, ""up_proj:sparse_bf16"": 6, ""up_proj:sparse_nvfp4"": 7, ""v_proj:dense_bf16"": 13, ""v_proj:dense_nvfp4"": 8, ""v_proj:sparse_bf16"": 6, ""v_proj:sparse_nvfp4"": 5}","{""layers_00_07:dense_bf16"": 29, ""layers_00_07:dense_nvfp4"": 10, ""layers_00_07:sparse_bf16"": 8, ""layers_00_07:sparse_nvfp4"": 9, ""layers_08_15:dense_bf16"": 19, ""layers_08_15:dense_nvfp4"": 12, ""layers_08_15:sparse_bf16"": 12, ""layers_08_15:sparse_nvfp4"": 13, ""layers_16_23:dense_bf16"": 20, ""layers_16_23:dense_nvfp4"": 10, ""layers_16_23:sparse_bf16"": 15, ""layers_16_23:sparse_nvfp4"": 11, ""layers_24_31:dense_bf16"": 26, ""layers_24_31:dense_nvfp4"": 10, ""layers_24_31:sparse_bf16"": 9, ""layers_24_31:sparse_nvfp4"": 11}",0.011621478374999987,,0.011621478374999987,-0.094421790373307
genimage_partial,GenImage-partial,random_mixed,172,,artifacts/debug/030_mirror_global_pareto/policies/stratified_keyfix_genimage/policy_172_random.json,0.060922780737499994,0.9967447925,0.99995930875,0.9999597287499999,1536,0,89,45,51,39,0.22767857142857142,0.09805208069185901,39.95935360999999,5.936102965028894,2.176686447454,0.010592358291754056,4,173,"{""down_proj:dense_bf16"": 15, ""down_proj:dense_nvfp4"": 6, ""down_proj:sparse_bf16"": 4, ""down_proj:sparse_nvfp4"": 7, ""gate_proj:dense_bf16"": 11, ""gate_proj:dense_nvfp4"": 9, ""gate_proj:sparse_bf16"": 7, ""gate_proj:sparse_nvfp4"": 5, ""k_proj:dense_bf16"": 12, ""k_proj:dense_nvfp4"": 7, ""k_proj:sparse_bf16"": 9, ""k_proj:sparse_nvfp4"": 4, ""o_proj:dense_bf16"": 14, ""o_proj:dense_nvfp4"": 5, ""o_proj:sparse_bf16"": 8, ""o_proj:sparse_nvfp4"": 5, ""q_proj:dense_bf16"": 12, ""q_proj:dense_nvfp4"": 8, ""q_proj:sparse_bf16"": 7, ""q_proj:sparse_nvfp4"": 5, ""up_proj:dense_bf16"": 11, ""up_proj:dense_nvfp4"": 5, ""up_proj:sparse_bf16"": 13, ""up_proj:sparse_nvfp4"": 3, ""v_proj:dense_bf16"": 14, ""v_proj:dense_nvfp4"": 5, ""v_proj:sparse_bf16"": 3, ""v_proj:sparse_nvfp4"": 10}","{""layers_00_07:dense_bf16"": 16, ""layers_00_07:dense_nvfp4"": 13, ""layers_00_07:sparse_bf16"": 15, ""layers_00_07:sparse_nvfp4"": 12, ""layers_08_15:dense_bf16"": 27, ""layers_08_15:dense_nvfp4"": 10, ""layers_08_15:sparse_bf16"": 14, ""layers_08_15:sparse_nvfp4"": 5, ""layers_16_23:dense_bf16"": 25, ""layers_16_23:dense_nvfp4"": 8, ""layers_16_23:sparse_bf16"": 9, ""layers_16_23:sparse_nvfp4"": 14, ""layers_24_31:dense_bf16"": 21, ""layers_24_31:dense_nvfp4"": 14, ""layers_24_31:sparse_bf16"": 13, ""layers_24_31:sparse_nvfp4"": 8}",-0.00017446078750001093,,0.0,-0.09805208069185901
genimage_partial,GenImage-partial,random_mixed,148,,artifacts/debug/030_mirror_global_pareto/policies/stratified_keyfix_genimage/policy_148_random.json,0.06402787805,0.99609375125,1.0,1.0,1536,0,105,48,37,34,0.16517857142857142,0.08207091628936748,40.329488010000006,4.574173369542118,1.24667965366302,0.006474480647928069,4,187,"{""down_proj:dense_bf16"": 13, ""down_proj:dense_nvfp4"": 5, ""down_proj:sparse_bf16"": 6, ""down_proj:sparse_nvfp4"": 8, ""gate_proj:dense_bf16"": 10, ""gate_proj:dense_nvfp4"": 8, ""gate_proj:sparse_bf16"": 10, ""gate_proj:sparse_nvfp4"": 4, ""k_proj:dense_bf16"": 15, ""k_proj:dense_nvfp4"": 7, ""k_proj:sparse_bf16"": 6, ""k_proj:sparse_nvfp4"": 4, ""o_proj:dense_bf16"": 20, ""o_proj:dense_nvfp4"": 5, ""o_proj:sparse_bf16"": 3, ""o_proj:sparse_nvfp4"": 4, ""q_proj:dense_bf16"": 13, ""q_proj:dense_nvfp4"": 7, ""q_proj:sparse_bf16"": 5, ""q_proj:sparse_nvfp4"": 7, ""up_proj:dense_bf16"": 19, ""up_proj:dense_nvfp4"": 8, ""up_proj:sparse_bf16"": 4, ""up_proj:sparse_nvfp4"": 1, ""v_proj:dense_bf16"": 15, ""v_proj:dense_nvfp4"": 8, ""v_proj:sparse_bf16"": 3, ""v_proj:sparse_nvfp4"": 6}","{""layers_00_07:dense_bf16"": 29, ""layers_00_07:dense_nvfp4"": 7, ""layers_00_07:sparse_bf16"": 11, ""layers_00_07:sparse_nvfp4"": 9, ""layers_08_15:dense_bf16"": 23, ""layers_08_15:dense_nvfp4"": 16, ""layers_08_15:sparse_bf16"": 9, ""layers_08_15:sparse_nvfp4"": 8, ""layers_16_23:dense_bf16"": 26, ""layers_16_23:dense_nvfp4"": 14, ""layers_16_23:sparse_bf16"": 9, ""layers_16_23:sparse_nvfp4"": 7, ""layers_24_31:dense_bf16"": 27, ""layers_24_31:dense_nvfp4"": 11, ""layers_24_31:sparse_bf16"": 8, ""layers_24_31:sparse_nvfp4"": 10}",0.0029306365249999952,,0.0029306365249999952,-0.0791402797643675
genimage_partial,GenImage-partial,random_mixed,100,,artifacts/debug/030_mirror_global_pareto/policies/stratified_keyfix_genimage/policy_100_random.json,0.06804571025,0.9921875,0.999660915,0.99971273625,1536,0,105,38,32,49,0.14285714285714285,0.10857776157956914,41.827996799999994,5.695327819000127,1.3960077682708099,0.007016132532794235,4,192,"{""down_proj:dense_bf16"": 12, ""down_proj:dense_nvfp4"": 5, ""down_proj:sparse_bf16"": 4, ""down_proj:sparse_nvfp4"": 11, ""gate_proj:dense_bf16"": 20, ""gate_proj:dense_nvfp4"": 2, ""gate_proj:sparse_bf16"": 5, ""gate_proj:sparse_nvfp4"": 5, ""k_proj:dense_bf16"": 14, ""k_proj:dense_nvfp4"": 7, ""k_proj:sparse_bf16"": 4, ""k_proj:sparse_nvfp4"": 7, ""o_proj:dense_bf16"": 12, ""o_proj:dense_nvfp4"": 7, ""o_proj:sparse_bf16"": 4, ""o_proj:sparse_nvfp4"": 9, ""q_proj:dense_bf16"": 13, ""q_proj:dense_nvfp4"": 5, ""q_proj:sparse_bf16"": 5, ""q_proj:sparse_nvfp4"": 9, ""up_proj:dense_bf16"": 18, ""up_proj:dense_nvfp4"": 6, ""up_proj:sparse_bf16"": 3, ""up_proj:sparse_nvfp4"": 5, ""v_proj:dense_bf16"": 16, ""v_proj:dense_nvfp4"": 6, ""v_proj:sparse_bf16"": 7, ""v_proj:sparse_nvfp4"": 3}","{""layers_00_07:dense_bf16"": 24, ""layers_00_07:dense_nvfp4"": 10, ""layers_00_07:sparse_bf16"": 7, ""layers_00_07:sparse_nvfp4"": 15, ""layers_08_15:dense_bf16"": 26, ""layers_08_15:dense_nvfp4"": 11, ""layers_08_15:sparse_bf16"": 7, ""layers_08_15:sparse_nvfp4"": 12, ""layers_16_23:dense_bf16"": 28, ""layers_16_23:dense_nvfp4"": 7, ""layers_16_23:sparse_bf16"": 8, ""layers_16_23:sparse_nvfp4"": 13, ""layers_24_31:dense_bf16"": 27, ""layers_24_31:dense_nvfp4"": 10, ""layers_24_31:sparse_bf16"": 10, ""layers_24_31:sparse_nvfp4"": 9}",0.006948468724999997,,0.006948468724999997,-0.10162929285456915
genimage_partial,GenImage-partial,random_mixed,125,,artifacts/debug/030_mirror_global_pareto/policies/stratified_keyfix_genimage/policy_125_random.json,0.065745086575,0.99544270875,0.99995252875,0.99994791625,1536,0,91,41,49,43,0.21875,0.09947123344085115,41.46327040000001,5.756663147544757,2.031900038699,0.010321653301562254,4,175,"{""down_proj:dense_bf16"": 15, ""down_proj:dense_nvfp4"": 6, ""down_proj:sparse_bf16"": 4, ""down_proj:sparse_nvfp4"": 7, ""gate_proj:dense_bf16"": 15, ""gate_proj:dense_nvfp4"": 2, ""gate_proj:sparse_bf16"": 10, ""gate_proj:sparse_nvfp4"": 5, ""k_proj:dense_bf16"": 9, ""k_proj:dense_nvfp4"": 6, ""k_proj:sparse_bf16"": 10, ""k_proj:sparse_nvfp4"": 7, ""o_proj:dense_bf16"": 11, ""o_proj:dense_nvfp4"": 6, ""o_proj:sparse_bf16"": 8, ""o_proj:sparse_nvfp4"": 7, ""q_proj:dense_bf16"": 8, ""q_proj:dense_nvfp4"": 10, ""q_proj:sparse_bf16"": 7, ""q_proj:sparse_nvfp4"": 7, ""up_proj:dense_bf16"": 19, ""up_proj:dense_nvfp4"": 6, ""up_proj:sparse_bf16"": 2, ""up_proj:sparse_nvfp4"": 5, ""v_proj:dense_bf16"": 14, ""v_proj:dense_nvfp4"": 5, ""v_proj:sparse_bf16"": 8, ""v_proj:sparse_nvfp4"": 5}","{""layers_00_07:dense_bf16"": 16, ""layers_00_07:dense_nvfp4"": 15, ""layers_00_07:sparse_bf16"": 11, ""layers_00_07:sparse_nvfp4"": 14, ""layers_08_15:dense_bf16"": 22, ""layers_08_15:dense_nvfp4"": 11, ""layers_08_15:sparse_bf16"": 12, ""layers_08_15:sparse_nvfp4"": 11, ""layers_16_23:dense_bf16"": 23, ""layers_16_23:dense_nvfp4"": 12, ""layers_16_23:sparse_bf16"": 11, ""layers_16_23:sparse_nvfp4"": 10, ""layers_24_31:dense_bf16"": 30, ""layers_24_31:dense_nvfp4"": 3, ""layers_24_31:sparse_bf16"": 15, ""layers_24_31:sparse_nvfp4"": 8}",0.004647845049999995,,0.004647845049999995,-0.09482338839085117
genimage_partial,GenImage-partial,sparse_bf16_lowerr_ratio_0.35,27,,artifacts/debug/030_mirror_global_pareto/policies/stratified_keyfix_genimage/policy_027_sparse_bf16_lowerr_r0.35.json,0.0637407616,0.99609375,0.99993218375,0.99993554,1536,0,146,0,78,0,0.3482142857142857,0.01720254175275799,33.7441088,3.4266644777245525,3.4257586976110903,0.016922686049911526,2,146,"{""down_proj:dense_bf16"": 19, ""down_proj:sparse_bf16"": 13, ""gate_proj:dense_bf16"": 22, ""gate_proj:sparse_bf16"": 10, ""k_proj:dense_bf16"": 23, ""k_proj:sparse_bf16"": 9, ""o_proj:dense_bf16"": 21, ""o_proj:sparse_bf16"": 11, ""q_proj:dense_bf16"": 19, ""q_proj:sparse_bf16"": 13, ""up_proj:dense_bf16"": 24, ""up_proj:sparse_bf16"": 8, ""v_proj:dense_bf16"": 18, ""v_proj:sparse_bf16"": 14}","{""layers_00_07:dense_bf16"": 36, ""layers_00_07:sparse_bf16"": 20, ""layers_08_15:dense_bf16"": 36, ""layers_08_15:sparse_bf16"": 20, ""layers_16_23:dense_bf16"": 38, ""layers_16_23:sparse_bf16"": 18, ""layers_24_31:dense_bf16"": 36, ""layers_24_31:sparse_bf16"": 20}",0.0026435200749999957,,0.0026435200749999957,-0.014559021677757994
genimage_partial,GenImage-partial,random_mixed,173,,artifacts/debug/030_mirror_global_pareto/policies/stratified_keyfix_genimage/policy_173_random.json,0.0614643200375,0.9954427100000001,1.0,1.0,1536,0,97,45,33,49,0.14732142857142858,0.11488644890221698,41.071166400000024,5.966249969199059,1.41986829121514,0.006829856129221038,4,191,"{""down_proj:dense_bf16"": 14, ""down_proj:dense_nvfp4"": 7, ""down_proj:sparse_bf16"": 6, ""down_proj:sparse_nvfp4"": 5, ""gate_proj:dense_bf16"": 16, ""gate_proj:dense_nvfp4"": 6, ""gate_proj:sparse_bf16"": 1, ""gate_proj:sparse_nvfp4"": 9, ""k_proj:dense_bf16"": 14, ""k_proj:dense_nvfp4"": 5, ""k_proj:sparse_bf16"": 5, ""k_proj:sparse_nvfp4"": 8, ""o_proj:dense_bf16"": 14, ""o_proj:dense_nvfp4"": 10, ""o_proj:sparse_bf16"": 5, ""o_proj:sparse_nvfp4"": 3, ""q_proj:dense_bf16"": 16, ""q_proj:dense_nvfp4"": 5, ""q_proj:sparse_bf16"": 3, ""q_proj:sparse_nvfp4"": 8, ""up_proj:dense_bf16"": 15, ""up_proj:dense_nvfp4"": 5, ""up_proj:sparse_bf16"": 5, ""up_proj:sparse_nvfp4"": 7, ""v_proj:dense_bf16"": 8, ""v_proj:dense_nvfp4"": 7, ""v_proj:sparse_bf16"": 8, ""v_proj:sparse_nvfp4"": 9}","{""layers_00_07:dense_bf16"": 22, ""layers_00_07:dense_nvfp4"": 11, ""layers_00_07:sparse_bf16"": 13, ""layers_00_07:sparse_nvfp4"": 10, ""layers_08_15:dense_bf16"": 27, ""layers_08_15:dense_nvfp4"": 12, ""layers_08_15:sparse_bf16"": 4, ""layers_08_15:sparse_nvfp4"": 13, ""layers_16_23:dense_bf16"": 22, ""layers_16_23:dense_nvfp4"": 14, ""layers_16_23:sparse_bf16"": 7, ""layers_16_23:sparse_nvfp4"": 13, ""layers_24_31:dense_bf16"": 26, ""layers_24_31:dense_nvfp4"": 8, ""layers_24_31:sparse_bf16"": 9, ""layers_24_31:sparse_nvfp4"": 13}",0.0003670785124999937,,0.0003670785124999937,-0.11451937038971699
genimage_partial,GenImage-partial,random_mixed,126,,artifacts/debug/030_mirror_global_pareto/policies/stratified_keyfix_genimage/policy_126_random.json,0.0640646177375,0.9947916675,0.99995931,0.99995958875,1536,0,92,42,51,39,0.22767857142857142,0.09975044295534757,39.8223456,6.026891789646414,2.0401120383067397,0.01051227890344418,4,173,"{""down_proj:dense_bf16"": 11, ""down_proj:dense_nvfp4"": 11, ""down_proj:sparse_bf16"": 8, ""down_proj:sparse_nvfp4"": 2, ""gate_proj:dense_bf16"": 13, ""gate_proj:dense_nvfp4"": 5, ""gate_proj:sparse_bf16"": 6, ""gate_proj:sparse_nvfp4"": 8, ""k_proj:dense_bf16"": 13, ""k_proj:dense_nvfp4"": 7, ""k_proj:sparse_bf16"": 8, ""k_proj:sparse_nvfp4"": 4, ""o_proj:dense_bf16"": 15, ""o_proj:dense_nvfp4"": 2, ""o_proj:sparse_bf16"": 6, ""o_proj:sparse_nvfp4"": 9, ""q_proj:dense_bf16"": 13, ""q_proj:dense_nvfp4"": 3, ""q_proj:sparse_bf16"": 12, ""q_proj:sparse_nvfp4"": 4, ""up_proj:dense_bf16"": 15, ""up_proj:dense_nvfp4"": 6, ""up_proj:sparse_bf16"": 7, ""up_proj:sparse_nvfp4"": 4, ""v_proj:dense_bf16"": 12, ""v_proj:dense_nvfp4"": 8, ""v_proj:sparse_bf16"": 4, ""v_proj:sparse_nvfp4"": 8}","{""layers_00_07:dense_bf16"": 29, ""layers_00_07:dense_nvfp4"": 6, ""layers_00_07:sparse_bf16"": 14, ""layers_00_07:sparse_nvfp4"": 7, ""layers_08_15:dense_bf16"": 25, ""layers_08_15:dense_nvfp4"": 11, ""layers_08_15:sparse_bf16"": 12, ""layers_08_15:sparse_nvfp4"": 8, ""layers_16_23:dense_bf16"": 17, ""layers_16_23:dense_nvfp4"": 12, ""layers_16_23:sparse_bf16"": 16, ""layers_16_23:sparse_nvfp4"": 11, ""layers_24_31:dense_bf16"": 21, ""layers_24_31:dense_nvfp4"": 13, ""layers_24_31:sparse_bf16"": 9, ""layers_24_31:sparse_nvfp4"": 13}",0.0029673762124999906,,0.0029673762124999906,-0.09678306674284759
genimage_partial,GenImage-partial,random_mixed,149,,artifacts/debug/030_mirror_global_pareto/policies/stratified_keyfix_genimage/policy_149_random.json,0.0656607376625,0.9947916675,0.9999864362499999,0.99998657625,1536,0,91,40,49,44,0.21875,0.1084190752053369,40.4265056,6.434180807033444,2.0578781313836,0.010221871970403001,4,175,"{""down_proj:dense_bf16"": 12, ""down_proj:dense_nvfp4"": 7, ""down_proj:sparse_bf16"": 7, ""down_proj:sparse_nvfp4"": 6, ""gate_proj:dense_bf16"": 15, ""gate_proj:dense_nvfp4"": 3, ""gate_proj:sparse_bf16"": 9, ""gate_proj:sparse_nvfp4"": 5, ""k_proj:dense_bf16"": 16, ""k_proj:dense_nvfp4"": 5, ""k_proj:sparse_bf16"": 7, ""k_proj:sparse_nvfp4"": 4, ""o_proj:dense_bf16"": 12, ""o_proj:dense_nvfp4"": 5, ""o_proj:sparse_bf16"": 7, ""o_proj:sparse_nvfp4"": 8, ""q_proj:dense_bf16"": 15, ""q_proj:dense_nvfp4"": 6, ""q_proj:sparse_bf16"": 5, ""q_proj:sparse_nvfp4"": 6, ""up_proj:dense_bf16"": 14, ""up_proj:dense_nvfp4"": 5, ""up_proj:sparse_bf16"": 3, ""up_proj:sparse_nvfp4"": 10, ""v_proj:dense_bf16"": 7, ""v_proj:dense_nvfp4"": 9, ""v_proj:sparse_bf16"": 11, ""v_proj:sparse_nvfp4"": 5}","{""layers_00_07:dense_bf16"": 23, ""layers_00_07:dense_nvfp4"": 6, ""layers_00_07:sparse_bf16"": 14, ""layers_00_07:sparse_nvfp4"": 13, ""layers_08_15:dense_bf16"": 24, ""layers_08_15:dense_nvfp4"": 14, ""layers_08_15:sparse_bf16"": 7, ""layers_08_15:sparse_nvfp4"": 11, ""layers_16_23:dense_bf16"": 25, ""layers_16_23:dense_nvfp4"": 9, ""layers_16_23:sparse_bf16"": 12, ""layers_16_23:sparse_nvfp4"": 10, ""layers_24_31:dense_bf16"": 19, ""layers_24_31:dense_nvfp4"": 11, ""layers_24_31:sparse_bf16"": 16, ""layers_24_31:sparse_nvfp4"": 10}",0.004563496137499991,,0.004563496137499991,-0.1038555790678369
genimage_partial,GenImage-partial,random_mixed,101,,artifacts/debug/030_mirror_global_pareto/policies/stratified_keyfix_genimage/policy_101_random.json,0.06273835736250001,0.9947916675,0.99997287375,0.99997342625,1536,0,93,43,46,42,0.20535714285714285,0.10048494457957194,40.42549920000001,5.700219308705221,1.90747543905111,0.009152150647988631,4,178,"{""down_proj:dense_bf16"": 13, ""down_proj:dense_nvfp4"": 6, ""down_proj:sparse_bf16"": 7, ""down_proj:sparse_nvfp4"": 6, ""gate_proj:dense_bf16"": 14, ""gate_proj:dense_nvfp4"": 4, ""gate_proj:sparse_bf16"": 6, ""gate_proj:sparse_nvfp4"": 8, ""k_proj:dense_bf16"": 10, ""k_proj:dense_nvfp4"": 8, ""k_proj:sparse_bf16"": 8, ""k_proj:sparse_nvfp4"": 6, ""o_proj:dense_bf16"": 16, ""o_proj:dense_nvfp4"": 5, ""o_proj:sparse_bf16"": 7, ""o_proj:sparse_nvfp4"": 4, ""q_proj:dense_bf16"": 11, ""q_proj:dense_nvfp4"": 6, ""q_proj:sparse_bf16"": 6, ""q_proj:sparse_nvfp4"": 9, ""up_proj:dense_bf16"": 13, ""up_proj:dense_nvfp4"": 5, ""up_proj:sparse_bf16"": 9, ""up_proj:sparse_nvfp4"": 5, ""v_proj:dense_bf16"": 16, ""v_proj:dense_nvfp4"": 9, ""v_proj:sparse_bf16"": 3, ""v_proj:sparse_nvfp4"": 4}","{""layers_00_07:dense_bf16"": 20, ""layers_00_07:dense_nvfp4"": 17, ""layers_00_07:sparse_bf16"": 10, ""layers_00_07:sparse_nvfp4"": 9, ""layers_08_15:dense_bf16"": 22, ""layers_08_15:dense_nvfp4"": 8, ""layers_08_15:sparse_bf16"": 16, ""layers_08_15:sparse_nvfp4"": 10, ""layers_16_23:dense_bf16"": 27, ""layers_16_23:dense_nvfp4"": 7, ""layers_16_23:sparse_bf16"": 13, ""layers_16_23:sparse_nvfp4"": 9, ""layers_24_31:dense_bf16"": 24, ""layers_24_31:dense_nvfp4"": 11, ""layers_24_31:sparse_bf16"": 7, ""layers_24_31:sparse_nvfp4"": 14}",0.0016411158375000054,,0.0016411158375000054,-0.09884382874207193
genimage_partial,GenImage-partial,sparse_bf16_lowerr_ratio_0.5,28,,artifacts/debug/030_mirror_global_pareto/policies/stratified_keyfix_genimage/policy_028_sparse_bf16_lowerr_r0.5.json,0.059355421150000004,0.99609375,0.99995931,0.9999600025,1536,0,112,0,112,0,0.5,0.024399767036554297,32.55296799999999,4.911697793355057,4.911001910608598,0.024184778602076996,2,112,"{""down_proj:dense_bf16"": 16, ""down_proj:sparse_bf16"": 16, ""gate_proj:dense_bf16"": 20, ""gate_proj:sparse_bf16"": 12, ""k_proj:dense_bf16"": 10, ""k_proj:sparse_bf16"": 22, ""o_proj:dense_bf16"": 17, ""o_proj:sparse_bf16"": 15, ""q_proj:dense_bf16"": 14, ""q_proj:sparse_bf16"": 18, ""up_proj:dense_bf16"": 16, ""up_proj:sparse_bf16"": 16, ""v_proj:dense_bf16"": 19, ""v_proj:sparse_bf16"": 13}","{""layers_00_07:dense_bf16"": 32, ""layers_00_07:sparse_bf16"": 24, ""layers_08_15:dense_bf16"": 27, ""layers_08_15:sparse_bf16"": 29, ""layers_16_23:dense_bf16"": 24, ""layers_16_23:sparse_bf16"": 32, ""layers_24_31:dense_bf16"": 29, ""layers_24_31:sparse_bf16"": 27}",-0.0017418203750000014,,0.0,-0.024399767036554297
genimage_partial,GenImage-partial,random_mixed,174,,artifacts/debug/030_mirror_global_pareto/policies/stratified_keyfix_genimage/policy_174_random.json,0.0651710297625,0.994140625,0.99987792875,0.99988271375,1536,0,87,40,39,58,0.17410714285714285,0.13491038334308514,41.47465120000002,6.987148789273986,1.44458188397352,0.007276959495397889,4,185,"{""down_proj:dense_bf16"": 12, ""down_proj:dense_nvfp4"": 8, ""down_proj:sparse_bf16"": 6, ""down_proj:sparse_nvfp4"": 6, ""gate_proj:dense_bf16"": 13, ""gate_proj:dense_nvfp4"": 3, ""gate_proj:sparse_bf16"": 6, ""gate_proj:sparse_nvfp4"": 10, ""k_proj:dense_bf16"": 12, ""k_proj:dense_nvfp4"": 6, ""k_proj:sparse_bf16"": 8, ""k_proj:sparse_nvfp4"": 6, ""o_proj:dense_bf16"": 12, ""o_proj:dense_nvfp4"": 3, ""o_proj:sparse_bf16"": 7, ""o_proj:sparse_nvfp4"": 10, ""q_proj:dense_bf16"": 10, ""q_proj:dense_nvfp4"": 9, ""q_proj:sparse_bf16"": 7, ""q_proj:sparse_nvfp4"": 6, ""up_proj:dense_bf16"": 11, ""up_proj:dense_nvfp4"": 7, ""up_proj:sparse_bf16"": 3, ""up_proj:sparse_nvfp4"": 11, ""v_proj:dense_bf16"": 17, ""v_proj:dense_nvfp4"": 4, ""v_proj:sparse_bf16"": 2, ""v_proj:sparse_nvfp4"": 9}","{""layers_00_07:dense_bf16"": 18, ""layers_00_07:dense_nvfp4"": 14, ""layers_00_07:sparse_bf16"": 11, ""layers_00_07:sparse_nvfp4"": 13, ""layers_08_15:dense_bf16"": 25, ""layers_08_15:dense_nvfp4"": 7, ""layers_08_15:sparse_bf16"": 10, ""layers_08_15:sparse_nvfp4"": 14, ""layers_16_23:dense_bf16"": 24, ""layers_16_23:dense_nvfp4"": 6, ""layers_16_23:sparse_bf16"": 8, ""layers_16_23:sparse_nvfp4"": 18, ""layers_24_31:dense_bf16"": 20, ""layers_24_31:dense_nvfp4"": 13, ""layers_24_31:sparse_bf16"": 10, ""layers_24_31:sparse_nvfp4"": 13}",0.004073788237499994,,0.004073788237499994,-0.13083659510558515
genimage_partial,GenImage-partial,random_mixed,150,,artifacts/debug/030_mirror_global_pareto/policies/stratified_keyfix_genimage/policy_150_random.json,0.07995888617500001,0.9856770825,0.99991862,0.9999198499999999,1536,0,90,42,42,50,0.1875,0.11085020000785403,40.6959056,6.0636469877048444,1.6522218127210198,0.008225813844214854,4,182,"{""down_proj:dense_bf16"": 13, ""down_proj:dense_nvfp4"": 5, ""down_proj:sparse_bf16"": 8, ""down_proj:sparse_nvfp4"": 6, ""gate_proj:dense_bf16"": 12, ""gate_proj:dense_nvfp4"": 8, ""gate_proj:sparse_bf16"": 4, ""gate_proj:sparse_nvfp4"": 8, ""k_proj:dense_bf16"": 10, ""k_proj:dense_nvfp4"": 7, ""k_proj:sparse_bf16"": 7, ""k_proj:sparse_nvfp4"": 8, ""o_proj:dense_bf16"": 13, ""o_proj:dense_nvfp4"": 9, ""o_proj:sparse_bf16"": 4, ""o_proj:sparse_nvfp4"": 6, ""q_proj:dense_bf16"": 12, ""q_proj:dense_nvfp4"": 3, ""q_proj:sparse_bf16"": 9, ""q_proj:sparse_nvfp4"": 8, ""up_proj:dense_bf16"": 15, ""up_proj:dense_nvfp4"": 1, ""up_proj:sparse_bf16"": 7, ""up_proj:sparse_nvfp4"": 9, ""v_proj:dense_bf16"": 15, ""v_proj:dense_nvfp4"": 9, ""v_proj:sparse_bf16"": 3, ""v_proj:sparse_nvfp4"": 5}","{""layers_00_07:dense_bf16"": 20, ""layers_00_07:dense_nvfp4"": 8, ""layers_00_07:sparse_bf16"": 16, ""layers_00_07:sparse_nvfp4"": 12, ""layers_08_15:dense_bf16"": 30, ""layers_08_15:dense_nvfp4"": 11, ""layers_08_15:sparse_bf16"": 4, ""layers_08_15:sparse_nvfp4"": 11, ""layers_16_23:dense_bf16"": 23, ""layers_16_23:dense_nvfp4"": 12, ""layers_16_23:sparse_bf16"": 9, ""layers_16_23:sparse_nvfp4"": 12, ""layers_24_31:dense_bf16"": 17, ""layers_24_31:dense_nvfp4"": 11, ""layers_24_31:sparse_bf16"": 13, ""layers_24_31:sparse_nvfp4"": 15}",0.018861644650000002,,0.018861644650000002,-0.09198855535785402
genimage_partial,GenImage-partial,random_mixed,127,,artifacts/debug/030_mirror_global_pareto/policies/stratified_keyfix_genimage/policy_127_random.json,0.062073616275,0.99739583375,0.9999864362499999,0.99998657625,1536,0,92,41,53,38,0.23660714285714285,0.08599509746281983,39.29592800000002,5.624370578164409,2.40285220807472,0.012134133966500727,4,171,"{""down_proj:dense_bf16"": 15, ""down_proj:dense_nvfp4"": 7, ""down_proj:sparse_bf16"": 4, ""down_proj:sparse_nvfp4"": 6, ""gate_proj:dense_bf16"": 11, ""gate_proj:dense_nvfp4"": 7, ""gate_proj:sparse_bf16"": 10, ""gate_proj:sparse_nvfp4"": 4, ""k_proj:dense_bf16"": 17, ""k_proj:dense_nvfp4"": 6, ""k_proj:sparse_bf16"": 5, ""k_proj:sparse_nvfp4"": 4, ""o_proj:dense_bf16"": 16, ""o_proj:dense_nvfp4"": 3, ""o_proj:sparse_bf16"": 8, ""o_proj:sparse_nvfp4"": 5, ""q_proj:dense_bf16"": 10, ""q_proj:dense_nvfp4"": 5, ""q_proj:sparse_bf16"": 10, ""q_proj:sparse_nvfp4"": 7, ""up_proj:dense_bf16"": 11, ""up_proj:dense_nvfp4"": 8, ""up_proj:sparse_bf16"": 7, ""up_proj:sparse_nvfp4"": 6, ""v_proj:dense_bf16"": 12, ""v_proj:dense_nvfp4"": 5, ""v_proj:sparse_bf16"": 9, ""v_proj:sparse_nvfp4"": 6}","{""layers_00_07:dense_bf16"": 22, ""layers_00_07:dense_nvfp4"": 11, ""layers_00_07:sparse_bf16"": 11, ""layers_00_07:sparse_nvfp4"": 12, ""layers_08_15:dense_bf16"": 24, ""layers_08_15:dense_nvfp4"": 9, ""layers_08_15:sparse_bf16"": 9, ""layers_08_15:sparse_nvfp4"": 14, ""layers_16_23:dense_bf16"": 23, ""layers_16_23:dense_nvfp4"": 14, ""layers_16_23:sparse_bf16"": 14, ""layers_16_23:sparse_nvfp4"": 5, ""layers_24_31:dense_bf16"": 23, ""layers_24_31:dense_nvfp4"": 7, ""layers_24_31:sparse_bf16"": 19, ""layers_24_31:sparse_nvfp4"": 7}",0.0009763747499999947,,0.0009763747499999947,-0.08501872271281984
genimage_partial,GenImage-partial,random_mixed,102,,artifacts/debug/030_mirror_global_pareto/policies/stratified_keyfix_genimage/policy_102_random.json,0.05988697655,0.99544270875,0.99995931,0.9999593075,1536,0,97,30,52,45,0.23214285714285715,0.1053987602358347,39.34156640000005,6.316827517066348,2.23509560356869,0.010885263413032841,4,172,"{""down_proj:dense_bf16"": 17, ""down_proj:dense_nvfp4"": 2, ""down_proj:sparse_bf16"": 8, ""down_proj:sparse_nvfp4"": 5, ""gate_proj:dense_bf16"": 16, ""gate_proj:dense_nvfp4"": 4, ""gate_proj:sparse_bf16"": 8, ""gate_proj:sparse_nvfp4"": 4, ""k_proj:dense_bf16"": 11, ""k_proj:dense_nvfp4"": 6, ""k_proj:sparse_bf16"": 6, ""k_proj:sparse_nvfp4"": 9, ""o_proj:dense_bf16"": 12, ""o_proj:dense_nvfp4"": 4, ""o_proj:sparse_bf16"": 7, ""o_proj:sparse_nvfp4"": 9, ""q_proj:dense_bf16"": 13, ""q_proj:dense_nvfp4"": 6, ""q_proj:sparse_bf16"": 6, ""q_proj:sparse_nvfp4"": 7, ""up_proj:dense_bf16"": 14, ""up_proj:dense_nvfp4"": 6, ""up_proj:sparse_bf16"": 6, ""up_proj:sparse_nvfp4"": 6, ""v_proj:dense_bf16"": 14, ""v_proj:dense_nvfp4"": 2, ""v_proj:sparse_bf16"": 11, ""v_proj:sparse_nvfp4"": 5}","{""layers_00_07:dense_bf16"": 26, ""layers_00_07:dense_nvfp4"": 7, ""layers_00_07:sparse_bf16"": 14, ""layers_00_07:sparse_nvfp4"": 9, ""layers_08_15:dense_bf16"": 22, ""layers_08_15:dense_nvfp4"": 6, ""layers_08_15:sparse_bf16"": 15, ""layers_08_15:sparse_nvfp4"": 13, ""layers_16_23:dense_bf16"": 25, ""layers_16_23:dense_nvfp4"": 9, ""layers_16_23:sparse_bf16"": 10, ""layers_16_23:sparse_nvfp4"": 12, ""layers_24_31:dense_bf16"": 24, ""layers_24_31:dense_nvfp4"": 8, ""layers_24_31:sparse_bf16"": 13, ""layers_24_31:sparse_nvfp4"": 11}",-0.001210264975000007,,0.0,-0.1053987602358347
genimage_partial,GenImage-partial,sparse_bf16_lowerr_ratio_0.7,29,,artifacts/debug/030_mirror_global_pareto/policies/stratified_keyfix_genimage/policy_029_sparse_bf16_lowerr_r0.7.json,0.0650661801875,0.9934895862500001,0.99990505625,0.99990791875,1536,0,67,0,157,0,0.7008928571428571,0.033661765751132625,30.468222400000005,6.872055926037439,6.871632549837529,0.033530962925826975,2,67,"{""down_proj:dense_bf16"": 12, ""down_proj:sparse_bf16"": 20, ""gate_proj:dense_bf16"": 7, ""gate_proj:sparse_bf16"": 25, ""k_proj:dense_bf16"": 16, ""k_proj:sparse_bf16"": 16, ""o_proj:dense_bf16"": 9, ""o_proj:sparse_bf16"": 23, ""q_proj:dense_bf16"": 8, ""q_proj:sparse_bf16"": 24, ""up_proj:dense_bf16"": 6, ""up_proj:sparse_bf16"": 26, ""v_proj:dense_bf16"": 9, ""v_proj:sparse_bf16"": 23}","{""layers_00_07:dense_bf16"": 14, ""layers_00_07:sparse_bf16"": 42, ""layers_08_15:dense_bf16"": 19, ""layers_08_15:sparse_bf16"": 37, ""layers_16_23:dense_bf16"": 18, ""layers_16_23:sparse_bf16"": 38, ""layers_24_31:dense_bf16"": 16, ""layers_24_31:sparse_bf16"": 40}",0.0039689386624999975,,0.0039689386624999975,-0.029692827088632627
genimage_partial,GenImage-partial,random_mixed,175,,artifacts/debug/030_mirror_global_pareto/policies/stratified_keyfix_genimage/policy_175_random.json,0.0628079336,0.99739583375,0.99997287375,0.9999730125,1536,0,95,42,43,44,0.19196428571428573,0.09956666334883245,39.9996336,5.7807361416319045,1.733563110773,0.00894924992103076,4,181,"{""down_proj:dense_bf16"": 14, ""down_proj:dense_nvfp4"": 7, ""down_proj:sparse_bf16"": 6, ""down_proj:sparse_nvfp4"": 5, ""gate_proj:dense_bf16"": 11, ""gate_proj:dense_nvfp4"": 4, ""gate_proj:sparse_bf16"": 13, ""gate_proj:sparse_nvfp4"": 4, ""k_proj:dense_bf16"": 13, ""k_proj:dense_nvfp4"": 5, ""k_proj:sparse_bf16"": 5, ""k_proj:sparse_nvfp4"": 9, ""o_proj:dense_bf16"": 13, ""o_proj:dense_nvfp4"": 4, ""o_proj:sparse_bf16"": 4, ""o_proj:sparse_nvfp4"": 11, ""q_proj:dense_bf16"": 16, ""q_proj:dense_nvfp4"": 9, ""q_proj:sparse_bf16"": 5, ""q_proj:sparse_nvfp4"": 2, ""up_proj:dense_bf16"": 14, ""up_proj:dense_nvfp4"": 3, ""up_proj:sparse_bf16"": 6, ""up_proj:sparse_nvfp4"": 9, ""v_proj:dense_bf16"": 14, ""v_proj:dense_nvfp4"": 10, ""v_proj:sparse_bf16"": 4, ""v_proj:sparse_nvfp4"": 4}","{""layers_00_07:dense_bf16"": 20, ""layers_00_07:dense_nvfp4"": 11, ""layers_00_07:sparse_bf16"": 10, ""layers_00_07:sparse_nvfp4"": 15, ""layers_08_15:dense_bf16"": 25, ""layers_08_15:dense_nvfp4"": 11, ""layers_08_15:sparse_bf16"": 8, ""layers_08_15:sparse_nvfp4"": 12, ""layers_16_23:dense_bf16"": 25, ""layers_16_23:dense_nvfp4"": 9, ""layers_16_23:sparse_bf16"": 12, ""layers_16_23:sparse_nvfp4"": 10, ""layers_24_31:dense_bf16"": 25, ""layers_24_31:dense_nvfp4"": 11, ""layers_24_31:sparse_bf16"": 13, ""layers_24_31:sparse_nvfp4"": 7}",0.001710692074999999,,0.001710692074999999,-0.09785597127383244
genimage_partial,GenImage-partial,random_mixed,151,,artifacts/debug/030_mirror_global_pareto/policies/stratified_keyfix_genimage/policy_151_random.json,0.10452050861250001,0.9765625,0.9998508025,0.99981487125,1536,0,92,45,40,47,0.17857142857142858,0.10428493139025595,40.383974400000014,6.25748612156955,2.160362161462,0.01007715577146518,4,184,"{""down_proj:dense_bf16"": 8, ""down_proj:dense_nvfp4"": 8, ""down_proj:sparse_bf16"": 8, ""down_proj:sparse_nvfp4"": 8, ""gate_proj:dense_bf16"": 9, ""gate_proj:dense_nvfp4"": 6, ""gate_proj:sparse_bf16"": 6, ""gate_proj:sparse_nvfp4"": 11, ""k_proj:dense_bf16"": 17, ""k_proj:dense_nvfp4"": 8, ""k_proj:sparse_bf16"": 3, ""k_proj:sparse_nvfp4"": 4, ""o_proj:dense_bf16"": 14, ""o_proj:dense_nvfp4"": 3, ""o_proj:sparse_bf16"": 9, ""o_proj:sparse_nvfp4"": 6, ""q_proj:dense_bf16"": 14, ""q_proj:dense_nvfp4"": 8, ""q_proj:sparse_bf16"": 3, ""q_proj:sparse_nvfp4"": 7, ""up_proj:dense_bf16"": 15, ""up_proj:dense_nvfp4"": 7, ""up_proj:sparse_bf16"": 5, ""up_proj:sparse_nvfp4"": 5, ""v_proj:dense_bf16"": 15, ""v_proj:dense_nvfp4"": 5, ""v_proj:sparse_bf16"": 6, ""v_proj:sparse_nvfp4"": 6}","{""layers_00_07:dense_bf16"": 24, ""layers_00_07:dense_nvfp4"": 14, ""layers_00_07:sparse_bf16"": 6, ""layers_00_07:sparse_nvfp4"": 12, ""layers_08_15:dense_bf16"": 29, ""layers_08_15:dense_nvfp4"": 8, ""layers_08_15:sparse_bf16"": 10, ""layers_08_15:sparse_nvfp4"": 9, ""layers_16_23:dense_bf16"": 21, ""layers_16_23:dense_nvfp4"": 8, ""layers_16_23:sparse_bf16"": 16, ""layers_16_23:sparse_nvfp4"": 11, ""layers_24_31:dense_bf16"": 18, ""layers_24_31:dense_nvfp4"": 15, ""layers_24_31:sparse_bf16"": 8, ""layers_24_31:sparse_nvfp4"": 15}",0.0434232670875,,0.0434232670875,-0.06086166430275595
genimage_partial,GenImage-partial,random_mixed,128,,artifacts/debug/030_mirror_global_pareto/policies/stratified_keyfix_genimage/policy_128_random.json,0.06583981725,0.9947916675,1.0,1.0,1536,0,91,52,43,38,0.19196428571428573,0.08930584778972832,40.18895201000001,5.661011667398468,2.0079232065959998,0.009602341224073522,4,181,"{""down_proj:dense_bf16"": 13, ""down_proj:dense_nvfp4"": 7, ""down_proj:sparse_bf16"": 8, ""down_proj:sparse_nvfp4"": 4, ""gate_proj:dense_bf16"": 11, ""gate_proj:dense_nvfp4"": 7, ""gate_proj:sparse_bf16"": 7, ""gate_proj:sparse_nvfp4"": 7, ""k_proj:dense_bf16"": 11, ""k_proj:dense_nvfp4"": 12, ""k_proj:sparse_bf16"": 5, ""k_proj:sparse_nvfp4"": 4, ""o_proj:dense_bf16"": 15, ""o_proj:dense_nvfp4"": 5, ""o_proj:sparse_bf16"": 6, ""o_proj:sparse_nvfp4"": 6, ""q_proj:dense_bf16"": 17, ""q_proj:dense_nvfp4"": 6, ""q_proj:sparse_bf16"": 4, ""q_proj:sparse_nvfp4"": 5, ""up_proj:dense_bf16"": 12, ""up_proj:dense_nvfp4"": 6, ""up_proj:sparse_bf16"": 8, ""up_proj:sparse_nvfp4"": 6, ""v_proj:dense_bf16"": 12, ""v_proj:dense_nvfp4"": 9, ""v_proj:sparse_bf16"": 5, ""v_proj:sparse_nvfp4"": 6}","{""layers_00_07:dense_bf16"": 25, ""layers_00_07:dense_nvfp4"": 12, ""layers_00_07:sparse_bf16"": 11, ""layers_00_07:sparse_nvfp4"": 8, ""layers_08_15:dense_bf16"": 16, ""layers_08_15:dense_nvfp4"": 12, ""layers_08_15:sparse_bf16"": 14, ""layers_08_15:sparse_nvfp4"": 14, ""layers_16_23:dense_bf16"": 23, ""layers_16_23:dense_nvfp4"": 15, ""layers_16_23:sparse_bf16"": 11, ""layers_16_23:sparse_nvfp4"": 7, ""layers_24_31:dense_bf16"": 27, ""layers_24_31:dense_nvfp4"": 13, ""layers_24_31:sparse_bf16"": 7, ""layers_24_31:sparse_nvfp4"": 9}",0.004742575724999996,,0.004742575724999996,-0.08456327206472833
genimage_partial,GenImage-partial,random_mixed,103,,artifacts/debug/030_mirror_global_pareto/policies/stratified_keyfix_genimage/policy_103_random.json,0.0602103103625,0.99739583375,1.0,1.0,1536,0,90,44,45,45,0.20089285714285715,0.10339702808119713,40.261171200000014,6.2293980372396796,2.1347022241463103,0.010299038021817338,4,179,"{""down_proj:dense_bf16"": 18, ""down_proj:dense_nvfp4"": 3, ""down_proj:sparse_bf16"": 6, ""down_proj:sparse_nvfp4"": 5, ""gate_proj:dense_bf16"": 16, ""gate_proj:dense_nvfp4"": 8, ""gate_proj:sparse_bf16"": 4, ""gate_proj:sparse_nvfp4"": 4, ""k_proj:dense_bf16"": 12, ""k_proj:dense_nvfp4"": 8, ""k_proj:sparse_bf16"": 7, ""k_proj:sparse_nvfp4"": 5, ""o_proj:dense_bf16"": 10, ""o_proj:dense_nvfp4"": 3, ""o_proj:sparse_bf16"": 8, ""o_proj:sparse_nvfp4"": 11, ""q_proj:dense_bf16"": 9, ""q_proj:dense_nvfp4"": 8, ""q_proj:sparse_bf16"": 7, ""q_proj:sparse_nvfp4"": 8, ""up_proj:dense_bf16"": 9, ""up_proj:dense_nvfp4"": 9, ""up_proj:sparse_bf16"": 8, ""up_proj:sparse_nvfp4"": 6, ""v_proj:dense_bf16"": 16, ""v_proj:dense_nvfp4"": 5, ""v_proj:sparse_bf16"": 5, ""v_proj:sparse_nvfp4"": 6}","{""layers_00_07:dense_bf16"": 18, ""layers_00_07:dense_nvfp4"": 16, ""layers_00_07:sparse_bf16"": 10, ""layers_00_07:sparse_nvfp4"": 12, ""layers_08_15:dense_bf16"": 24, ""layers_08_15:dense_nvfp4"": 9, ""layers_08_15:sparse_bf16"": 8, ""layers_08_15:sparse_nvfp4"": 15, ""layers_16_23:dense_bf16"": 21, ""layers_16_23:dense_nvfp4"": 11, ""layers_16_23:sparse_bf16"": 16, ""layers_16_23:sparse_nvfp4"": 8, ""layers_24_31:dense_bf16"": 27, ""layers_24_31:dense_nvfp4"": 8, ""layers_24_31:sparse_bf16"": 11, ""layers_24_31:sparse_nvfp4"": 10}",-0.000886931162500007,,0.0,-0.10339702808119713
genimage_partial,GenImage-partial,random_mixed,176,,artifacts/debug/030_mirror_global_pareto/policies/stratified_keyfix_genimage/policy_176_random.json,0.063157583275,0.99609375125,0.9999864362499999,0.99998657625,1536,0,95,51,32,46,0.14285714285714285,0.11559225078949613,40.850545600000025,6.1496756523920615,1.4231429039308994,0.006990282691536589,4,192,"{""down_proj:dense_bf16"": 14, ""down_proj:dense_nvfp4"": 9, ""down_proj:sparse_bf16"": 3, ""down_proj:sparse_nvfp4"": 6, ""gate_proj:dense_bf16"": 14, ""gate_proj:dense_nvfp4"": 6, ""gate_proj:sparse_bf16"": 7, ""gate_proj:sparse_nvfp4"": 5, ""k_proj:dense_bf16"": 18, ""k_proj:dense_nvfp4"": 5, ""k_proj:sparse_bf16"": 5, ""k_proj:sparse_nvfp4"": 4, ""o_proj:dense_bf16"": 12, ""o_proj:dense_nvfp4"": 7, ""o_proj:sparse_bf16"": 3, ""o_proj:sparse_nvfp4"": 10, ""q_proj:dense_bf16"": 13, ""q_proj:dense_nvfp4"": 8, ""q_proj:sparse_bf16"": 3, ""q_proj:sparse_nvfp4"": 8, ""up_proj:dense_bf16"": 10, ""up_proj:dense_nvfp4"": 8, ""up_proj:sparse_bf16"": 7, ""up_proj:sparse_nvfp4"": 7, ""v_proj:dense_bf16"": 14, ""v_proj:dense_nvfp4"": 8, ""v_proj:sparse_bf16"": 4, ""v_proj:sparse_nvfp4"": 6}","{""layers_00_07:dense_bf16"": 26, ""layers_00_07:dense_nvfp4"": 14, ""layers_00_07:sparse_bf16"": 6, ""layers_00_07:sparse_nvfp4"": 10, ""layers_08_15:dense_bf16"": 25, ""layers_08_15:dense_nvfp4"": 10, ""layers_08_15:sparse_bf16"": 10, ""layers_08_15:sparse_nvfp4"": 11, ""layers_16_23:dense_bf16"": 22, ""layers_16_23:dense_nvfp4"": 12, ""layers_16_23:sparse_bf16"": 8, ""layers_16_23:sparse_nvfp4"": 14, ""layers_24_31:dense_bf16"": 22, ""layers_24_31:dense_nvfp4"": 15, ""layers_24_31:sparse_bf16"": 8, ""layers_24_31:sparse_nvfp4"": 11}",0.002060341749999993,,0.002060341749999993,-0.11353190903949614
genimage_partial,GenImage-partial,random_mixed,152,,artifacts/debug/030_mirror_global_pareto/policies/stratified_keyfix_genimage/policy_152_random.json,0.058080142837499994,0.9986979175,1.0,1.0,1536,0,92,52,46,34,0.20535714285714285,0.07938896194746664,39.986536000000015,4.620373962364151,1.62902877431924,0.008390133962103561,4,178,"{""down_proj:dense_bf16"": 15, ""down_proj:dense_nvfp4"": 8, ""down_proj:sparse_bf16"": 5, ""down_proj:sparse_nvfp4"": 4, ""gate_proj:dense_bf16"": 13, ""gate_proj:dense_nvfp4"": 6, ""gate_proj:sparse_bf16"": 8, ""gate_proj:sparse_nvfp4"": 5, ""k_proj:dense_bf16"": 12, ""k_proj:dense_nvfp4"": 5, ""k_proj:sparse_bf16"": 6, ""k_proj:sparse_nvfp4"": 9, ""o_proj:dense_bf16"": 15, ""o_proj:dense_nvfp4"": 10, ""o_proj:sparse_bf16"": 4, ""o_proj:sparse_nvfp4"": 3, ""q_proj:dense_bf16"": 10, ""q_proj:dense_nvfp4"": 7, ""q_proj:sparse_bf16"": 11, ""q_proj:sparse_nvfp4"": 4, ""up_proj:dense_bf16"": 13, ""up_proj:dense_nvfp4"": 8, ""up_proj:sparse_bf16"": 5, ""up_proj:sparse_nvfp4"": 6, ""v_proj:dense_bf16"": 14, ""v_proj:dense_nvfp4"": 8, ""v_proj:sparse_bf16"": 7, ""v_proj:sparse_nvfp4"": 3}","{""layers_00_07:dense_bf16"": 22, ""layers_00_07:dense_nvfp4"": 9, ""layers_00_07:sparse_bf16"": 14, ""layers_00_07:sparse_nvfp4"": 11, ""layers_08_15:dense_bf16"": 24, ""layers_08_15:dense_nvfp4"": 11, ""layers_08_15:sparse_bf16"": 11, ""layers_08_15:sparse_nvfp4"": 10, ""layers_16_23:dense_bf16"": 21, ""layers_16_23:dense_nvfp4"": 18, ""layers_16_23:sparse_bf16"": 9, ""layers_16_23:sparse_nvfp4"": 8, ""layers_24_31:dense_bf16"": 25, ""layers_24_31:dense_nvfp4"": 14, ""layers_24_31:sparse_bf16"": 12, ""layers_24_31:sparse_nvfp4"": 5}",-0.003017098687500011,,0.0,-0.07938896194746664
genimage_partial,GenImage-partial,random_mixed,129,,artifacts/debug/030_mirror_global_pareto/policies/stratified_keyfix_genimage/policy_129_random.json,0.06590072918749999,0.99348958375,1.0,1.0,1536,0,99,53,33,39,0.14732142857142858,0.10118969859941261,41.347691210000015,5.3699672805694645,1.4881262517476999,0.0068955390519238645,4,191,"{""down_proj:dense_bf16"": 14, ""down_proj:dense_nvfp4"": 9, ""down_proj:sparse_bf16"": 3, ""down_proj:sparse_nvfp4"": 6, ""gate_proj:dense_bf16"": 18, ""gate_proj:dense_nvfp4"": 5, ""gate_proj:sparse_bf16"": 2, ""gate_proj:sparse_nvfp4"": 7, ""k_proj:dense_bf16"": 9, ""k_proj:dense_nvfp4"": 10, ""k_proj:sparse_bf16"": 5, ""k_proj:sparse_nvfp4"": 8, ""o_proj:dense_bf16"": 14, ""o_proj:dense_nvfp4"": 6, ""o_proj:sparse_bf16"": 6, ""o_proj:sparse_nvfp4"": 6, ""q_proj:dense_bf16"": 13, ""q_proj:dense_nvfp4"": 9, ""q_proj:sparse_bf16"": 5, ""q_proj:sparse_nvfp4"": 5, ""up_proj:dense_bf16"": 13, ""up_proj:dense_nvfp4"": 8, ""up_proj:sparse_bf16"": 8, ""up_proj:sparse_nvfp4"": 3, ""v_proj:dense_bf16"": 18, ""v_proj:dense_nvfp4"": 6, ""v_proj:sparse_bf16"": 4, ""v_proj:sparse_nvfp4"": 4}","{""layers_00_07:dense_bf16"": 21, ""layers_00_07:dense_nvfp4"": 18, ""layers_00_07:sparse_bf16"": 9, ""layers_00_07:sparse_nvfp4"": 8, ""layers_08_15:dense_bf16"": 29, ""layers_08_15:dense_nvfp4"": 10, ""layers_08_15:sparse_bf16"": 7, ""layers_08_15:sparse_nvfp4"": 10, ""layers_16_23:dense_bf16"": 28, ""layers_16_23:dense_nvfp4"": 14, ""layers_16_23:sparse_bf16"": 7, ""layers_16_23:sparse_nvfp4"": 7, ""layers_24_31:dense_bf16"": 21, ""layers_24_31:dense_nvfp4"": 11, ""layers_24_31:sparse_bf16"": 10, ""layers_24_31:sparse_nvfp4"": 14}",0.0048034876624999875,,0.0048034876624999875,-0.09638621093691263
genimage_partial,GenImage-partial,sparse_bf16_lowerr_ratio_0.9,30,,artifacts/debug/030_mirror_global_pareto/policies/stratified_keyfix_genimage/policy_030_sparse_bf16_lowerr_r0.9.json,0.0844826836875,0.9876302075,0.999220105,0.99924786125,1536,0,22,0,202,0,0.9017857142857143,0.043444028913993814,29.722289600000003,8.837871131317156,8.837737467887152,0.04340272966264079,2,22,"{""down_proj:dense_bf16"": 5, ""down_proj:sparse_bf16"": 27, ""gate_proj:dense_bf16"": 5, ""gate_proj:sparse_bf16"": 27, ""k_proj:dense_bf16"": 2, ""k_proj:sparse_bf16"": 30, ""o_proj:dense_bf16"": 1, ""o_proj:sparse_bf16"": 31, ""q_proj:dense_bf16"": 2, ""q_proj:sparse_bf16"": 30, ""up_proj:dense_bf16"": 5, ""up_proj:sparse_bf16"": 27, ""v_proj:dense_bf16"": 2, ""v_proj:sparse_bf16"": 30}","{""layers_00_07:dense_bf16"": 4, ""layers_00_07:sparse_bf16"": 52, ""layers_08_15:dense_bf16"": 7, ""layers_08_15:sparse_bf16"": 49, ""layers_16_23:dense_bf16"": 7, ""layers_16_23:sparse_bf16"": 49, ""layers_24_31:dense_bf16"": 4, ""layers_24_31:sparse_bf16"": 52}",0.0233854421625,,0.0233854421625,-0.020058586751493815
genimage_partial,GenImage-partial,random_mixed,104,,artifacts/debug/030_mirror_global_pareto/policies/stratified_keyfix_genimage/policy_104_random.json,0.0713175239125,0.9921875,0.99975586,0.99974253,1536,0,94,38,45,47,0.20089285714285715,0.10460626664387365,40.23144161000001,6.366005402174881,2.25914806842478,0.01062276964561602,4,179,"{""down_proj:dense_bf16"": 11, ""down_proj:dense_nvfp4"": 5, ""down_proj:sparse_bf16"": 6, ""down_proj:sparse_nvfp4"": 10, ""gate_proj:dense_bf16"": 13, ""gate_proj:dense_nvfp4"": 4, ""gate_proj:sparse_bf16"": 5, ""gate_proj:sparse_nvfp4"": 10, ""k_proj:dense_bf16"": 13, ""k_proj:dense_nvfp4"": 6, ""k_proj:sparse_bf16"": 9, ""k_proj:sparse_nvfp4"": 4, ""o_proj:dense_bf16"": 11, ""o_proj:dense_nvfp4"": 5, ""o_proj:sparse_bf16"": 10, ""o_proj:sparse_nvfp4"": 6, ""q_proj:dense_bf16"": 14, ""q_proj:dense_nvfp4"": 11, ""q_proj:sparse_bf16"": 3, ""q_proj:sparse_nvfp4"": 4, ""up_proj:dense_bf16"": 16, ""up_proj:dense_nvfp4"": 3, ""up_proj:sparse_bf16"": 7, ""up_proj:sparse_nvfp4"": 6, ""v_proj:dense_bf16"": 16, ""v_proj:dense_nvfp4"": 4, ""v_proj:sparse_bf16"": 5, ""v_proj:sparse_nvfp4"": 7}","{""layers_00_07:dense_bf16"": 26, ""layers_00_07:dense_nvfp4"": 6, ""layers_00_07:sparse_bf16"": 11, ""layers_00_07:sparse_nvfp4"": 13, ""layers_08_15:dense_bf16"": 19, ""layers_08_15:dense_nvfp4"": 12, ""layers_08_15:sparse_bf16"": 12, ""layers_08_15:sparse_nvfp4"": 13, ""layers_16_23:dense_bf16"": 24, ""layers_16_23:dense_nvfp4"": 10, ""layers_16_23:sparse_bf16"": 12, ""layers_16_23:sparse_nvfp4"": 10, ""layers_24_31:dense_bf16"": 25, ""layers_24_31:dense_nvfp4"": 10, ""layers_24_31:sparse_bf16"": 10, ""layers_24_31:sparse_nvfp4"": 11}",0.010220282387499995,,0.010220282387499995,-0.09438598425637365
genimage_partial,GenImage-partial,random_mixed,177,,artifacts/debug/030_mirror_global_pareto/policies/stratified_keyfix_genimage/policy_177_random.json,0.0609714910625,0.9967447925,1.0,1.0,1536,0,106,32,41,45,0.18303571428571427,0.10787969676394978,39.798968,6.428115028156851,2.07866619280752,0.009619729456728348,4,183,"{""down_proj:dense_bf16"": 17, ""down_proj:dense_nvfp4"": 1, ""down_proj:sparse_bf16"": 8, ""down_proj:sparse_nvfp4"": 6, ""gate_proj:dense_bf16"": 17, ""gate_proj:dense_nvfp4"": 5, ""gate_proj:sparse_bf16"": 6, ""gate_proj:sparse_nvfp4"": 4, ""k_proj:dense_bf16"": 20, ""k_proj:dense_nvfp4"": 4, ""k_proj:sparse_bf16"": 3, ""k_proj:sparse_nvfp4"": 5, ""o_proj:dense_bf16"": 10, ""o_proj:dense_nvfp4"": 4, ""o_proj:sparse_bf16"": 7, ""o_proj:sparse_nvfp4"": 11, ""q_proj:dense_bf16"": 11, ""q_proj:dense_nvfp4"": 8, ""q_proj:sparse_bf16"": 5, ""q_proj:sparse_nvfp4"": 8, ""up_proj:dense_bf16"": 15, ""up_proj:dense_nvfp4"": 5, ""up_proj:sparse_bf16"": 5, ""up_proj:sparse_nvfp4"": 7, ""v_proj:dense_bf16"": 16, ""v_proj:dense_nvfp4"": 5, ""v_proj:sparse_bf16"": 7, ""v_proj:sparse_nvfp4"": 4}","{""layers_00_07:dense_bf16"": 29, ""layers_00_07:dense_nvfp4"": 8, ""layers_00_07:sparse_bf16"": 7, ""layers_00_07:sparse_nvfp4"": 12, ""layers_08_15:dense_bf16"": 31, ""layers_08_15:dense_nvfp4"": 8, ""layers_08_15:sparse_bf16"": 9, ""layers_08_15:sparse_nvfp4"": 8, ""layers_16_23:dense_bf16"": 22, ""layers_16_23:dense_nvfp4"": 10, ""layers_16_23:sparse_bf16"": 14, ""layers_16_23:sparse_nvfp4"": 10, ""layers_24_31:dense_bf16"": 24, ""layers_24_31:dense_nvfp4"": 6, ""layers_24_31:sparse_bf16"": 11, ""layers_24_31:sparse_nvfp4"": 15}",-0.00012575046250000443,,0.0,-0.10787969676394978
genimage_partial,GenImage-partial,random_mixed,130,,artifacts/debug/030_mirror_global_pareto/policies/stratified_keyfix_genimage/policy_130_random.json,0.0792133998,0.99088541625,0.99853515625,0.9952919625,1536,0,96,40,47,41,0.20982142857142858,0.09670333764295047,38.93539681000001,5.9092723286891,2.0193937982519996,0.010017495267356794,4,177,"{""down_proj:dense_bf16"": 14, ""down_proj:dense_nvfp4"": 5, ""down_proj:sparse_bf16"": 7, ""down_proj:sparse_nvfp4"": 6, ""gate_proj:dense_bf16"": 16, ""gate_proj:dense_nvfp4"": 4, ""gate_proj:sparse_bf16"": 6, ""gate_proj:sparse_nvfp4"": 6, ""k_proj:dense_bf16"": 21, ""k_proj:dense_nvfp4"": 3, ""k_proj:sparse_bf16"": 4, ""k_proj:sparse_nvfp4"": 4, ""o_proj:dense_bf16"": 10, ""o_proj:dense_nvfp4"": 10, ""o_proj:sparse_bf16"": 5, ""o_proj:sparse_nvfp4"": 7, ""q_proj:dense_bf16"": 13, ""q_proj:dense_nvfp4"": 6, ""q_proj:sparse_bf16"": 7, ""q_proj:sparse_nvfp4"": 6, ""up_proj:dense_bf16"": 9, ""up_proj:dense_nvfp4"": 6, ""up_proj:sparse_bf16"": 8, ""up_proj:sparse_nvfp4"": 9, ""v_proj:dense_bf16"": 13, ""v_proj:dense_nvfp4"": 6, ""v_proj:sparse_bf16"": 10, ""v_proj:sparse_nvfp4"": 3}","{""layers_00_07:dense_bf16"": 25, ""layers_00_07:dense_nvfp4"": 8, ""layers_00_07:sparse_bf16"": 11, ""layers_00_07:sparse_nvfp4"": 12, ""layers_08_15:dense_bf16"": 21, ""layers_08_15:dense_nvfp4"": 15, ""layers_08_15:sparse_bf16"": 12, ""layers_08_15:sparse_nvfp4"": 8, ""layers_16_23:dense_bf16"": 22, ""layers_16_23:dense_nvfp4"": 10, ""layers_16_23:sparse_bf16"": 12, ""layers_16_23:sparse_nvfp4"": 12, ""layers_24_31:dense_bf16"": 28, ""layers_24_31:dense_nvfp4"": 7, ""layers_24_31:sparse_bf16"": 12, ""layers_24_31:sparse_nvfp4"": 9}",0.018116158274999995,,0.018116158274999995,-0.07858717936795048
genimage_partial,GenImage-partial,random_mixed,153,,artifacts/debug/030_mirror_global_pareto/policies/stratified_keyfix_genimage/policy_153_random.json,0.0651818402875,0.99348958375,0.9999864362499999,0.99998657625,1536,0,100,49,41,34,0.18303571428571427,0.08842415114609074,40.278430400000005,5.374244824209647,1.7575055131149,0.008913957567715883,4,183,"{""down_proj:dense_bf16"": 15, ""down_proj:dense_nvfp4"": 8, ""down_proj:sparse_bf16"": 5, ""down_proj:sparse_nvfp4"": 4, ""gate_proj:dense_bf16"": 13, ""gate_proj:dense_nvfp4"": 7, ""gate_proj:sparse_bf16"": 9, ""gate_proj:sparse_nvfp4"": 3, ""k_proj:dense_bf16"": 15, ""k_proj:dense_nvfp4"": 7, ""k_proj:sparse_bf16"": 5, ""k_proj:sparse_nvfp4"": 5, ""o_proj:dense_bf16"": 16, ""o_proj:dense_nvfp4"": 5, ""o_proj:sparse_bf16"": 5, ""o_proj:sparse_nvfp4"": 6, ""q_proj:dense_bf16"": 14, ""q_proj:dense_nvfp4"": 5, ""q_proj:sparse_bf16"": 4, ""q_proj:sparse_nvfp4"": 9, ""up_proj:dense_bf16"": 15, ""up_proj:dense_nvfp4"": 8, ""up_proj:sparse_bf16"": 6, ""up_proj:sparse_nvfp4"": 3, ""v_proj:dense_bf16"": 12, ""v_proj:dense_nvfp4"": 9, ""v_proj:sparse_bf16"": 7, ""v_proj:sparse_nvfp4"": 4}","{""layers_00_07:dense_bf16"": 26, ""layers_00_07:dense_nvfp4"": 17, ""layers_00_07:sparse_bf16"": 8, ""layers_00_07:sparse_nvfp4"": 5, ""layers_08_15:dense_bf16"": 27, ""layers_08_15:dense_nvfp4"": 5, ""layers_08_15:sparse_bf16"": 15, ""layers_08_15:sparse_nvfp4"": 9, ""layers_16_23:dense_bf16"": 20, ""layers_16_23:dense_nvfp4"": 18, ""layers_16_23:sparse_bf16"": 9, ""layers_16_23:sparse_nvfp4"": 9, ""layers_24_31:dense_bf16"": 27, ""layers_24_31:dense_nvfp4"": 9, ""layers_24_31:sparse_bf16"": 9, ""layers_24_31:sparse_nvfp4"": 11}",0.0040845987624999955,,0.0040845987624999955,-0.08433955238359075
genimage_partial,GenImage-partial,random_mixed,105,,artifacts/debug/030_mirror_global_pareto/policies/stratified_keyfix_genimage/policy_105_random.json,0.065028041375,0.99348958375,0.99981689375,0.99980258375,1536,0,93,52,46,33,0.20535714285714285,0.07452857140339508,39.63161759999999,4.82207804730841,2.0274021114853,0.009875259783095367,4,178,"{""down_proj:dense_bf16"": 9, ""down_proj:dense_nvfp4"": 8, ""down_proj:sparse_bf16"": 9, ""down_proj:sparse_nvfp4"": 6, ""gate_proj:dense_bf16"": 13, ""gate_proj:dense_nvfp4"": 4, ""gate_proj:sparse_bf16"": 9, ""gate_proj:sparse_nvfp4"": 6, ""k_proj:dense_bf16"": 14, ""k_proj:dense_nvfp4"": 12, ""k_proj:sparse_bf16"": 3, ""k_proj:sparse_nvfp4"": 3, ""o_proj:dense_bf16"": 16, ""o_proj:dense_nvfp4"": 7, ""o_proj:sparse_bf16"": 6, ""o_proj:sparse_nvfp4"": 3, ""q_proj:dense_bf16"": 10, ""q_proj:dense_nvfp4"": 8, ""q_proj:sparse_bf16"": 5, ""q_proj:sparse_nvfp4"": 9, ""up_proj:dense_bf16"": 13, ""up_proj:dense_nvfp4"": 8, ""up_proj:sparse_bf16"": 7, ""up_proj:sparse_nvfp4"": 4, ""v_proj:dense_bf16"": 18, ""v_proj:dense_nvfp4"": 5, ""v_proj:sparse_bf16"": 7, ""v_proj:sparse_nvfp4"": 2}","{""layers_00_07:dense_bf16"": 22, ""layers_00_07:dense_nvfp4"": 13, ""layers_00_07:sparse_bf16"": 11, ""layers_00_07:sparse_nvfp4"": 10, ""layers_08_15:dense_bf16"": 24, ""layers_08_15:dense_nvfp4"": 11, ""layers_08_15:sparse_bf16"": 12, ""layers_08_15:sparse_nvfp4"": 9, ""layers_16_23:dense_bf16"": 21, ""layers_16_23:dense_nvfp4"": 14, ""layers_16_23:sparse_bf16"": 13, ""layers_16_23:sparse_nvfp4"": 8, ""layers_24_31:dense_bf16"": 26, ""layers_24_31:dense_nvfp4"": 14, ""layers_24_31:sparse_bf16"": 10, ""layers_24_31:sparse_nvfp4"": 6}",0.003930799849999993,,0.003930799849999993,-0.07059777155339508
genimage_partial,GenImage-partial,sparse_bf16_lowerr_ratio_1,31,,artifacts/debug/030_mirror_global_pareto/policies/stratified_keyfix_genimage/policy_031_sparse_bf16_lowerr_r1.json,0.11334800785,0.9720052075,0.9983995225,0.9985126025,1536,0,0,0,224,0,1.0,0.04816624059094303,28.548273599999998,9.796186026634452,9.796186026634452,0.04816624059094303,1,0,"{""down_proj:sparse_bf16"": 32, ""gate_proj:sparse_bf16"": 32, ""k_proj:sparse_bf16"": 32, ""o_proj:sparse_bf16"": 32, ""q_proj:sparse_bf16"": 32, ""up_proj:sparse_bf16"": 32, ""v_proj:sparse_bf16"": 32}","{""layers_00_07:sparse_bf16"": 56, ""layers_08_15:sparse_bf16"": 56, ""layers_16_23:sparse_bf16"": 56, ""layers_24_31:sparse_bf16"": 56}",0.052250766324999996,,0.052250766324999996,0.0040845257340569666
genimage_partial,GenImage-partial,random_mixed,154,,artifacts/debug/030_mirror_global_pareto/policies/stratified_keyfix_genimage/policy_154_random.json,0.0646480183375,0.9934895850000001,1.0,1.0,1536,0,95,42,41,46,0.18303571428571427,0.09758542444927347,40.793332800000016,5.447506589795223,1.7169086017756998,0.008569650202576945,4,183,"{""down_proj:dense_bf16"": 19, ""down_proj:dense_nvfp4"": 5, ""down_proj:sparse_bf16"": 3, ""down_proj:sparse_nvfp4"": 5, ""gate_proj:dense_bf16"": 13, ""gate_proj:dense_nvfp4"": 5, ""gate_proj:sparse_bf16"": 7, ""gate_proj:sparse_nvfp4"": 7, ""k_proj:dense_bf16"": 11, ""k_proj:dense_nvfp4"": 6, ""k_proj:sparse_bf16"": 7, ""k_proj:sparse_nvfp4"": 8, ""o_proj:dense_bf16"": 13, ""o_proj:dense_nvfp4"": 8, ""o_proj:sparse_bf16"": 5, ""o_proj:sparse_nvfp4"": 6, ""q_proj:dense_bf16"": 12, ""q_proj:dense_nvfp4"": 7, ""q_proj:sparse_bf16"": 7, ""q_proj:sparse_nvfp4"": 6, ""up_proj:dense_bf16"": 12, ""up_proj:dense_nvfp4"": 9, ""up_proj:sparse_bf16"": 5, ""up_proj:sparse_nvfp4"": 6, ""v_proj:dense_bf16"": 15, ""v_proj:dense_nvfp4"": 2, ""v_proj:sparse_bf16"": 7, ""v_proj:sparse_nvfp4"": 8}","{""layers_00_07:dense_bf16"": 19, ""layers_00_07:dense_nvfp4"": 10, ""layers_00_07:sparse_bf16"": 9, ""layers_00_07:sparse_nvfp4"": 18, ""layers_08_15:dense_bf16"": 22, ""layers_08_15:dense_nvfp4"": 10, ""layers_08_15:sparse_bf16"": 13, ""layers_08_15:sparse_nvfp4"": 11, ""layers_16_23:dense_bf16"": 29, ""layers_16_23:dense_nvfp4"": 10, ""layers_16_23:sparse_bf16"": 7, ""layers_16_23:sparse_nvfp4"": 10, ""layers_24_31:dense_bf16"": 25, ""layers_24_31:dense_nvfp4"": 12, ""layers_24_31:sparse_bf16"": 12, ""layers_24_31:sparse_nvfp4"": 7}",0.0035507768124999964,,0.0035507768124999964,-0.09403464763677347
genimage_partial,GenImage-partial,random_mixed,178,,artifacts/debug/030_mirror_global_pareto/policies/stratified_keyfix_genimage/policy_178_random.json,0.0739663428875,0.98893229375,0.99989149375,0.9998910425,1536,0,92,38,50,44,0.22321428571428573,0.10161710003695727,39.0295392,6.028431129779896,2.02424846809944,0.009770793834944835,4,174,"{""down_proj:dense_bf16"": 16, ""down_proj:dense_nvfp4"": 3, ""down_proj:sparse_bf16"": 7, ""down_proj:sparse_nvfp4"": 6, ""gate_proj:dense_bf16"": 6, ""gate_proj:dense_nvfp4"": 6, ""gate_proj:sparse_bf16"": 13, ""gate_proj:sparse_nvfp4"": 7, ""k_proj:dense_bf16"": 15, ""k_proj:dense_nvfp4"": 8, ""k_proj:sparse_bf16"": 2, ""k_proj:sparse_nvfp4"": 7, ""o_proj:dense_bf16"": 9, ""o_proj:dense_nvfp4"": 4, ""o_proj:sparse_bf16"": 12, ""o_proj:sparse_nvfp4"": 7, ""q_proj:dense_bf16"": 16, ""q_proj:dense_nvfp4"": 6, ""q_proj:sparse_bf16"": 8, ""q_proj:sparse_nvfp4"": 2, ""up_proj:dense_bf16"": 15, ""up_proj:dense_nvfp4"": 8, ""up_proj:sparse_bf16"": 3, ""up_proj:sparse_nvfp4"": 6, ""v_proj:dense_bf16"": 15, ""v_proj:dense_nvfp4"": 3, ""v_proj:sparse_bf16"": 5, ""v_proj:sparse_nvfp4"": 9}","{""layers_00_07:dense_bf16"": 12, ""layers_00_07:dense_nvfp4"": 12, ""layers_00_07:sparse_bf16"": 15, ""layers_00_07:sparse_nvfp4"": 17, ""layers_08_15:dense_bf16"": 23, ""layers_08_15:dense_nvfp4"": 7, ""layers_08_15:sparse_bf16"": 16, ""layers_08_15:sparse_nvfp4"": 10, ""layers_16_23:dense_bf16"": 30, ""layers_16_23:dense_nvfp4"": 5, ""layers_16_23:sparse_bf16"": 11, ""layers_16_23:sparse_nvfp4"": 10, ""layers_24_31:dense_bf16"": 27, ""layers_24_31:dense_nvfp4"": 14, ""layers_24_31:sparse_bf16"": 8, ""layers_24_31:sparse_nvfp4"": 7}",0.01286910136249999,,0.01286910136249999,-0.08874799867445729
genimage_partial,GenImage-partial,random_mixed,131,,artifacts/debug/030_mirror_global_pareto/policies/stratified_keyfix_genimage/policy_131_random.json,0.057134123375000005,0.99869791625,0.9999864362499999,0.99998657625,1536,0,104,38,47,35,0.20982142857142858,0.08584976532584498,40.190433600000006,5.265872916069924,2.05557313897748,0.009819348220888832,4,177,"{""down_proj:dense_bf16"": 18, ""down_proj:dense_nvfp4"": 4, ""down_proj:sparse_bf16"": 5, ""down_proj:sparse_nvfp4"": 5, ""gate_proj:dense_bf16"": 14, ""gate_proj:dense_nvfp4"": 6, ""gate_proj:sparse_bf16"": 6, ""gate_proj:sparse_nvfp4"": 6, ""k_proj:dense_bf16"": 14, ""k_proj:dense_nvfp4"": 5, ""k_proj:sparse_bf16"": 7, ""k_proj:sparse_nvfp4"": 6, ""o_proj:dense_bf16"": 13, ""o_proj:dense_nvfp4"": 5, ""o_proj:sparse_bf16"": 10, ""o_proj:sparse_nvfp4"": 4, ""q_proj:dense_bf16"": 11, ""q_proj:dense_nvfp4"": 8, ""q_proj:sparse_bf16"": 6, ""q_proj:sparse_nvfp4"": 7, ""up_proj:dense_bf16"": 15, ""up_proj:dense_nvfp4"": 6, ""up_proj:sparse_bf16"": 7, ""up_proj:sparse_nvfp4"": 4, ""v_proj:dense_bf16"": 19, ""v_proj:dense_nvfp4"": 4, ""v_proj:sparse_bf16"": 6, ""v_proj:sparse_nvfp4"": 3}","{""layers_00_07:dense_bf16"": 26, ""layers_00_07:dense_nvfp4"": 8, ""layers_00_07:sparse_bf16"": 15, ""layers_00_07:sparse_nvfp4"": 7, ""layers_08_15:dense_bf16"": 27, ""layers_08_15:dense_nvfp4"": 11, ""layers_08_15:sparse_bf16"": 8, ""layers_08_15:sparse_nvfp4"": 10, ""layers_16_23:dense_bf16"": 27, ""layers_16_23:dense_nvfp4"": 11, ""layers_16_23:sparse_bf16"": 12, ""layers_16_23:sparse_nvfp4"": 6, ""layers_24_31:dense_bf16"": 24, ""layers_24_31:dense_nvfp4"": 8, ""layers_24_31:sparse_bf16"": 12, ""layers_24_31:sparse_nvfp4"": 12}",-0.00396311815,,0.0,-0.08584976532584498
genimage_partial,GenImage-partial,random_mixed,106,,artifacts/debug/030_mirror_global_pareto/policies/stratified_keyfix_genimage/policy_106_random.json,0.0574589213375,0.9967447925,1.0,1.0,1536,0,107,39,46,32,0.20535714285714285,0.07589657148659312,39.716880000000025,4.902169647559595,2.07181159990898,0.009996029648339901,4,178,"{""down_proj:dense_bf16"": 18, ""down_proj:dense_nvfp4"": 4, ""down_proj:sparse_bf16"": 6, ""down_proj:sparse_nvfp4"": 4, ""gate_proj:dense_bf16"": 13, ""gate_proj:dense_nvfp4"": 5, ""gate_proj:sparse_bf16"": 7, ""gate_proj:sparse_nvfp4"": 7, ""k_proj:dense_bf16"": 13, ""k_proj:dense_nvfp4"": 8, ""k_proj:sparse_bf16"": 5, ""k_proj:sparse_nvfp4"": 6, ""o_proj:dense_bf16"": 12, ""o_proj:dense_nvfp4"": 7, ""o_proj:sparse_bf16"": 9, ""o_proj:sparse_nvfp4"": 4, ""q_proj:dense_bf16"": 19, ""q_proj:dense_nvfp4"": 2, ""q_proj:sparse_bf16"": 7, ""q_proj:sparse_nvfp4"": 4, ""up_proj:dense_bf16"": 17, ""up_proj:dense_nvfp4"": 6, ""up_proj:sparse_bf16"": 7, ""up_proj:sparse_nvfp4"": 2, ""v_proj:dense_bf16"": 15, ""v_proj:dense_nvfp4"": 7, ""v_proj:sparse_bf16"": 5, ""v_proj:sparse_nvfp4"": 5}","{""layers_00_07:dense_bf16"": 32, ""layers_00_07:dense_nvfp4"": 8, ""layers_00_07:sparse_bf16"": 6, ""layers_00_07:sparse_nvfp4"": 10, ""layers_08_15:dense_bf16"": 28, ""layers_08_15:dense_nvfp4"": 9, ""layers_08_15:sparse_bf16"": 11, ""layers_08_15:sparse_nvfp4"": 8, ""layers_16_23:dense_bf16"": 26, ""layers_16_23:dense_nvfp4"": 8, ""layers_16_23:sparse_bf16"": 15, ""layers_16_23:sparse_nvfp4"": 7, ""layers_24_31:dense_bf16"": 21, ""layers_24_31:dense_nvfp4"": 14, ""layers_24_31:sparse_bf16"": 14, ""layers_24_31:sparse_nvfp4"": 7}",-0.003638320187500002,,0.0,-0.07589657148659312
genimage_partial,GenImage-partial,sparse_bf16_speed_ratio_0,32,,artifacts/debug/030_mirror_global_pareto/policies/stratified_keyfix_genimage/policy_032_sparse_bf16_speed_r0.json,0.061097241525000005,0.99609375,1.0,1.0,1536,0,224,0,0,0,0.0,0.0004309870659984226,36.127967999999996,0.0013949650538199996,0.0,0.0,1,224,"{""down_proj:dense_bf16"": 32, ""gate_proj:dense_bf16"": 32, ""k_proj:dense_bf16"": 32, ""o_proj:dense_bf16"": 32, ""q_proj:dense_bf16"": 32, ""up_proj:dense_bf16"": 32, ""v_proj:dense_bf16"": 32}","{""layers_00_07:dense_bf16"": 56, ""layers_08_15:dense_bf16"": 56, ""layers_16_23:dense_bf16"": 56, ""layers_24_31:dense_bf16"": 56}",0.0,,0.0,-0.0004309870659984226
genimage_partial,GenImage-partial,random_mixed,155,,artifacts/debug/030_mirror_global_pareto/policies/stratified_keyfix_genimage/policy_155_random.json,0.058686604249999996,0.9967447925,0.99997287375,0.99997342625,1536,0,94,44,44,42,0.19642857142857142,0.10526957953760312,39.5771152,5.911165910166553,1.7858697230827003,0.008949855141198485,4,180,"{""down_proj:dense_bf16"": 16, ""down_proj:dense_nvfp4"": 7, ""down_proj:sparse_bf16"": 3, ""down_proj:sparse_nvfp4"": 6, ""gate_proj:dense_bf16"": 14, ""gate_proj:dense_nvfp4"": 8, ""gate_proj:sparse_bf16"": 5, ""gate_proj:sparse_nvfp4"": 5, ""k_proj:dense_bf16"": 16, ""k_proj:dense_nvfp4"": 3, ""k_proj:sparse_bf16"": 7, ""k_proj:sparse_nvfp4"": 6, ""o_proj:dense_bf16"": 14, ""o_proj:dense_nvfp4"": 8, ""o_proj:sparse_bf16"": 6, ""o_proj:sparse_nvfp4"": 4, ""q_proj:dense_bf16"": 12, ""q_proj:dense_nvfp4"": 1, ""q_proj:sparse_bf16"": 11, ""q_proj:sparse_nvfp4"": 8, ""up_proj:dense_bf16"": 10, ""up_proj:dense_nvfp4"": 11, ""up_proj:sparse_bf16"": 5, ""up_proj:sparse_nvfp4"": 6, ""v_proj:dense_bf16"": 12, ""v_proj:dense_nvfp4"": 6, ""v_proj:sparse_bf16"": 7, ""v_proj:sparse_nvfp4"": 7}","{""layers_00_07:dense_bf16"": 20, ""layers_00_07:dense_nvfp4"": 15, ""layers_00_07:sparse_bf16"": 13, ""layers_00_07:sparse_nvfp4"": 8, ""layers_08_15:dense_bf16"": 26, ""layers_08_15:dense_nvfp4"": 13, ""layers_08_15:sparse_bf16"": 8, ""layers_08_15:sparse_nvfp4"": 9, ""layers_16_23:dense_bf16"": 24, ""layers_16_23:dense_nvfp4"": 7, ""layers_16_23:sparse_bf16"": 11, ""layers_16_23:sparse_nvfp4"": 14, ""layers_24_31:dense_bf16"": 24, ""layers_24_31:dense_nvfp4"": 9, ""layers_24_31:sparse_bf16"": 12, ""layers_24_31:sparse_nvfp4"": 11}",-0.002410637275000009,,0.0,-0.10526957953760312
genimage_partial,GenImage-partial,random_mixed,132,,artifacts/debug/030_mirror_global_pareto/policies/stratified_keyfix_genimage/policy_132_random.json,0.05737753915,0.99739583375,1.0,1.0,1536,0,95,58,39,32,0.17410714285714285,0.08698788344705422,40.57364480000002,5.302791534284534,1.7504358995588098,0.008535116560420613,4,185,"{""down_proj:dense_bf16"": 14, ""down_proj:dense_nvfp4"": 13, ""down_proj:sparse_bf16"": 4, ""down_proj:sparse_nvfp4"": 1, ""gate_proj:dense_bf16"": 12, ""gate_proj:dense_nvfp4"": 10, ""gate_proj:sparse_bf16"": 7, ""gate_proj:sparse_nvfp4"": 3, ""k_proj:dense_bf16"": 14, ""k_proj:dense_nvfp4"": 6, ""k_proj:sparse_bf16"": 7, ""k_proj:sparse_nvfp4"": 5, ""o_proj:dense_bf16"": 9, ""o_proj:dense_nvfp4"": 9, ""o_proj:sparse_bf16"": 6, ""o_proj:sparse_nvfp4"": 8, ""q_proj:dense_bf16"": 16, ""q_proj:dense_nvfp4"": 10, ""q_proj:sparse_bf16"": 2, ""q_proj:sparse_nvfp4"": 4, ""up_proj:dense_bf16"": 13, ""up_proj:dense_nvfp4"": 7, ""up_proj:sparse_bf16"": 5, ""up_proj:sparse_nvfp4"": 7, ""v_proj:dense_bf16"": 17, ""v_proj:dense_nvfp4"": 3, ""v_proj:sparse_bf16"": 8, ""v_proj:sparse_nvfp4"": 4}","{""layers_00_07:dense_bf16"": 26, ""layers_00_07:dense_nvfp4"": 14, ""layers_00_07:sparse_bf16"": 10, ""layers_00_07:sparse_nvfp4"": 6, ""layers_08_15:dense_bf16"": 22, ""layers_08_15:dense_nvfp4"": 12, ""layers_08_15:sparse_bf16"": 14, ""layers_08_15:sparse_nvfp4"": 8, ""layers_16_23:dense_bf16"": 29, ""layers_16_23:dense_nvfp4"": 14, ""layers_16_23:sparse_bf16"": 9, ""layers_16_23:sparse_nvfp4"": 4, ""layers_24_31:dense_bf16"": 18, ""layers_24_31:dense_nvfp4"": 18, ""layers_24_31:sparse_bf16"": 6, ""layers_24_31:sparse_nvfp4"": 14}",-0.0037197023750000086,,0.0,-0.08698788344705422
genimage_partial,GenImage-partial,random_mixed,179,,artifacts/debug/030_mirror_global_pareto/policies/stratified_keyfix_genimage/policy_179_random.json,0.0644084854625,0.99414062625,0.99991862,0.999918305,1536,0,93,45,48,38,0.21428571428571427,0.09262847198027511,39.53990399999998,5.826692572964774,2.2366374338739003,0.01086583372284493,4,176,"{""down_proj:dense_bf16"": 7, ""down_proj:dense_nvfp4"": 10, ""down_proj:sparse_bf16"": 10, ""down_proj:sparse_nvfp4"": 5, ""gate_proj:dense_bf16"": 16, ""gate_proj:dense_nvfp4"": 5, ""gate_proj:sparse_bf16"": 7, ""gate_proj:sparse_nvfp4"": 4, ""k_proj:dense_bf16"": 15, ""k_proj:dense_nvfp4"": 7, ""k_proj:sparse_bf16"": 6, ""k_proj:sparse_nvfp4"": 4, ""o_proj:dense_bf16"": 13, ""o_proj:dense_nvfp4"": 8, ""o_proj:sparse_bf16"": 7, ""o_proj:sparse_nvfp4"": 4, ""q_proj:dense_bf16"": 17, ""q_proj:dense_nvfp4"": 3, ""q_proj:sparse_bf16"": 5, ""q_proj:sparse_nvfp4"": 7, ""up_proj:dense_bf16"": 12, ""up_proj:dense_nvfp4"": 8, ""up_proj:sparse_bf16"": 9, ""up_proj:sparse_nvfp4"": 3, ""v_proj:dense_bf16"": 13, ""v_proj:dense_nvfp4"": 4, ""v_proj:sparse_bf16"": 4, ""v_proj:sparse_nvfp4"": 11}","{""layers_00_07:dense_bf16"": 22, ""layers_00_07:dense_nvfp4"": 10, ""layers_00_07:sparse_bf16"": 13, ""layers_00_07:sparse_nvfp4"": 11, ""layers_08_15:dense_bf16"": 25, ""layers_08_15:dense_nvfp4"": 10, ""layers_08_15:sparse_bf16"": 9, ""layers_08_15:sparse_nvfp4"": 12, ""layers_16_23:dense_bf16"": 27, ""layers_16_23:dense_nvfp4"": 11, ""layers_16_23:sparse_bf16"": 8, ""layers_16_23:sparse_nvfp4"": 10, ""layers_24_31:dense_bf16"": 19, ""layers_24_31:dense_nvfp4"": 14, ""layers_24_31:sparse_bf16"": 18, ""layers_24_31:sparse_nvfp4"": 5}",0.0033112439374999927,,0.0033112439374999927,-0.08931722804277512
genimage_partial,GenImage-partial,random_mixed,107,,artifacts/debug/030_mirror_global_pareto/policies/stratified_keyfix_genimage/policy_107_random.json,0.072686251025,0.98958333375,0.999979655,0.9999731525,1536,0,99,41,36,48,0.16071428571428573,0.10837103438416387,40.55765760000003,5.676514803473435,1.39302403062481,0.006935757606099666,4,188,"{""down_proj:dense_bf16"": 18, ""down_proj:dense_nvfp4"": 6, ""down_proj:sparse_bf16"": 3, ""down_proj:sparse_nvfp4"": 5, ""gate_proj:dense_bf16"": 15, ""gate_proj:dense_nvfp4"": 6, ""gate_proj:sparse_bf16"": 6, ""gate_proj:sparse_nvfp4"": 5, ""k_proj:dense_bf16"": 13, ""k_proj:dense_nvfp4"": 7, ""k_proj:sparse_bf16"": 5, ""k_proj:sparse_nvfp4"": 7, ""o_proj:dense_bf16"": 15, ""o_proj:dense_nvfp4"": 6, ""o_proj:sparse_bf16"": 8, ""o_proj:sparse_nvfp4"": 3, ""q_proj:dense_bf16"": 8, ""q_proj:dense_nvfp4"": 5, ""q_proj:sparse_bf16"": 6, ""q_proj:sparse_nvfp4"": 13, ""up_proj:dense_bf16"": 11, ""up_proj:dense_nvfp4"": 8, ""up_proj:sparse_bf16"": 2, ""up_proj:sparse_nvfp4"": 11, ""v_proj:dense_bf16"": 19, ""v_proj:dense_nvfp4"": 3, ""v_proj:sparse_bf16"": 6, ""v_proj:sparse_nvfp4"": 4}","{""layers_00_07:dense_bf16"": 27, ""layers_00_07:dense_nvfp4"": 6, ""layers_00_07:sparse_bf16"": 14, ""layers_00_07:sparse_nvfp4"": 9, ""layers_08_15:dense_bf16"": 23, ""layers_08_15:dense_nvfp4"": 8, ""layers_08_15:sparse_bf16"": 12, ""layers_08_15:sparse_nvfp4"": 13, ""layers_16_23:dense_bf16"": 28, ""layers_16_23:dense_nvfp4"": 12, ""layers_16_23:sparse_bf16"": 4, ""layers_16_23:sparse_nvfp4"": 12, ""layers_24_31:dense_bf16"": 21, ""layers_24_31:dense_nvfp4"": 15, ""layers_24_31:sparse_bf16"": 6, ""layers_24_31:sparse_nvfp4"": 14}",0.01158900949999999,,0.01158900949999999,-0.09678202488416388
genimage_partial,GenImage-partial,sparse_bf16_speed_ratio_0.02,33,,artifacts/debug/030_mirror_global_pareto/policies/stratified_keyfix_genimage/policy_033_sparse_bf16_speed_r0.02.json,0.0614924341125,0.99674479125,1.0,1.0,1536,0,220,0,4,0,0.017857142857142856,0.0007543036707074753,35.965929599999996,0.05303222701529999,0.05165835587881,0.00032983697010192096,2,220,"{""down_proj:dense_bf16"": 31, ""down_proj:sparse_bf16"": 1, ""gate_proj:dense_bf16"": 31, ""gate_proj:sparse_bf16"": 1, ""k_proj:dense_bf16"": 31, ""k_proj:sparse_bf16"": 1, ""o_proj:dense_bf16"": 32, ""q_proj:dense_bf16"": 31, ""q_proj:sparse_bf16"": 1, ""up_proj:dense_bf16"": 32, ""v_proj:dense_bf16"": 32}","{""layers_00_07:dense_bf16"": 55, ""layers_00_07:sparse_bf16"": 1, ""layers_08_15:dense_bf16"": 55, ""layers_08_15:sparse_bf16"": 1, ""layers_16_23:dense_bf16"": 55, ""layers_16_23:sparse_bf16"": 1, ""layers_24_31:dense_bf16"": 55, ""layers_24_31:sparse_bf16"": 1}",0.00039519258749999564,,0.00039519258749999564,-0.0003591110832074797
genimage_partial,GenImage-partial,random_mixed,156,,artifacts/debug/030_mirror_global_pareto/policies/stratified_keyfix_genimage/policy_156_random.json,0.0646731593875,0.99609375,1.0,1.0,1536,0,102,37,48,37,0.21428571428571427,0.09177951429001265,39.81558400000003,5.998679539029115,2.25348113204259,0.010885441595084276,4,176,"{""down_proj:dense_bf16"": 14, ""down_proj:dense_nvfp4"": 5, ""down_proj:sparse_bf16"": 8, ""down_proj:sparse_nvfp4"": 5, ""gate_proj:dense_bf16"": 18, ""gate_proj:dense_nvfp4"": 3, ""gate_proj:sparse_bf16"": 7, ""gate_proj:sparse_nvfp4"": 4, ""k_proj:dense_bf16"": 18, ""k_proj:dense_nvfp4"": 4, ""k_proj:sparse_bf16"": 6, ""k_proj:sparse_nvfp4"": 4, ""o_proj:dense_bf16"": 15, ""o_proj:dense_nvfp4"": 2, ""o_proj:sparse_bf16"": 7, ""o_proj:sparse_nvfp4"": 8, ""q_proj:dense_bf16"": 10, ""q_proj:dense_nvfp4"": 11, ""q_proj:sparse_bf16"": 8, ""q_proj:sparse_nvfp4"": 3, ""up_proj:dense_bf16"": 13, ""up_proj:dense_nvfp4"": 7, ""up_proj:sparse_bf16"": 6, ""up_proj:sparse_nvfp4"": 6, ""v_proj:dense_bf16"": 14, ""v_proj:dense_nvfp4"": 5, ""v_proj:sparse_bf16"": 6, ""v_proj:sparse_nvfp4"": 7}","{""layers_00_07:dense_bf16"": 28, ""layers_00_07:dense_nvfp4"": 6, ""layers_00_07:sparse_bf16"": 11, ""layers_00_07:sparse_nvfp4"": 11, ""layers_08_15:dense_bf16"": 23, ""layers_08_15:dense_nvfp4"": 9, ""layers_08_15:sparse_bf16"": 13, ""layers_08_15:sparse_nvfp4"": 11, ""layers_16_23:dense_bf16"": 28, ""layers_16_23:dense_nvfp4"": 10, ""layers_16_23:sparse_bf16"": 15, ""layers_16_23:sparse_nvfp4"": 3, ""layers_24_31:dense_bf16"": 23, ""layers_24_31:dense_nvfp4"": 12, ""layers_24_31:sparse_bf16"": 9, ""layers_24_31:sparse_nvfp4"": 12}",0.003575917862499993,,0.003575917862499993,-0.08820359642751266
genimage_partial,GenImage-partial,random_mixed,133,,artifacts/debug/030_mirror_global_pareto/policies/stratified_keyfix_genimage/policy_133_random.json,0.0606284206,0.998046875,1.0,1.0,1536,0,86,38,62,38,0.2767857142857143,0.08384683510775563,39.4374656,5.857020005101336,2.8770452650834613,0.013979660126075964,4,162,"{""down_proj:dense_bf16"": 15, ""down_proj:dense_nvfp4"": 5, ""down_proj:sparse_bf16"": 10, ""down_proj:sparse_nvfp4"": 2, ""gate_proj:dense_bf16"": 11, ""gate_proj:dense_nvfp4"": 6, ""gate_proj:sparse_bf16"": 7, ""gate_proj:sparse_nvfp4"": 8, ""k_proj:dense_bf16"": 8, ""k_proj:dense_nvfp4"": 5, ""k_proj:sparse_bf16"": 9, ""k_proj:sparse_nvfp4"": 10, ""o_proj:dense_bf16"": 12, ""o_proj:dense_nvfp4"": 6, ""o_proj:sparse_bf16"": 9, ""o_proj:sparse_nvfp4"": 5, ""q_proj:dense_bf16"": 16, ""q_proj:dense_nvfp4"": 6, ""q_proj:sparse_bf16"": 6, ""q_proj:sparse_nvfp4"": 4, ""up_proj:dense_bf16"": 12, ""up_proj:dense_nvfp4"": 4, ""up_proj:sparse_bf16"": 12, ""up_proj:sparse_nvfp4"": 4, ""v_proj:dense_bf16"": 12, ""v_proj:dense_nvfp4"": 6, ""v_proj:sparse_bf16"": 9, ""v_proj:sparse_nvfp4"": 5}","{""layers_00_07:dense_bf16"": 15, ""layers_00_07:dense_nvfp4"": 7, ""layers_00_07:sparse_bf16"": 18, ""layers_00_07:sparse_nvfp4"": 16, ""layers_08_15:dense_bf16"": 22, ""layers_08_15:dense_nvfp4"": 14, ""layers_08_15:sparse_bf16"": 14, ""layers_08_15:sparse_nvfp4"": 6, ""layers_16_23:dense_bf16"": 25, ""layers_16_23:dense_nvfp4"": 7, ""layers_16_23:sparse_bf16"": 15, ""layers_16_23:sparse_nvfp4"": 9, ""layers_24_31:dense_bf16"": 24, ""layers_24_31:dense_nvfp4"": 10, ""layers_24_31:sparse_bf16"": 15, ""layers_24_31:sparse_nvfp4"": 7}",-0.00046882092500000194,,0.0,-0.08384683510775563
genimage_partial,GenImage-partial,random_mixed,180,,artifacts/debug/030_mirror_global_pareto/policies/stratified_keyfix_genimage/policy_180_random.json,0.0770523393625,0.98828125,0.99989149375,0.99989381625,1536,0,101,38,43,42,0.19196428571428573,0.10746069049401585,39.611208000000026,6.066043036534757,1.78587222051459,0.008986213951690395,4,181,"{""down_proj:dense_bf16"": 20, ""down_proj:dense_nvfp4"": 4, ""down_proj:sparse_bf16"": 6, ""down_proj:sparse_nvfp4"": 2, ""gate_proj:dense_bf16"": 12, ""gate_proj:dense_nvfp4"": 4, ""gate_proj:sparse_bf16"": 9, ""gate_proj:sparse_nvfp4"": 7, ""k_proj:dense_bf16"": 13, ""k_proj:dense_nvfp4"": 7, ""k_proj:sparse_bf16"": 7, ""k_proj:sparse_nvfp4"": 5, ""o_proj:dense_bf16"": 11, ""o_proj:dense_nvfp4"": 4, ""o_proj:sparse_bf16"": 4, ""o_proj:sparse_nvfp4"": 13, ""q_proj:dense_bf16"": 18, ""q_proj:dense_nvfp4"": 4, ""q_proj:sparse_bf16"": 4, ""q_proj:sparse_nvfp4"": 6, ""up_proj:dense_bf16"": 14, ""up_proj:dense_nvfp4"": 7, ""up_proj:sparse_bf16"": 7, ""up_proj:sparse_nvfp4"": 4, ""v_proj:dense_bf16"": 13, ""v_proj:dense_nvfp4"": 8, ""v_proj:sparse_bf16"": 6, ""v_proj:sparse_nvfp4"": 5}","{""layers_00_07:dense_bf16"": 29, ""layers_00_07:dense_nvfp4"": 6, ""layers_00_07:sparse_bf16"": 14, ""layers_00_07:sparse_nvfp4"": 7, ""layers_08_15:dense_bf16"": 27, ""layers_08_15:dense_nvfp4"": 15, ""layers_08_15:sparse_bf16"": 6, ""layers_08_15:sparse_nvfp4"": 8, ""layers_16_23:dense_bf16"": 22, ""layers_16_23:dense_nvfp4"": 7, ""layers_16_23:sparse_bf16"": 12, ""layers_16_23:sparse_nvfp4"": 15, ""layers_24_31:dense_bf16"": 23, ""layers_24_31:dense_nvfp4"": 10, ""layers_24_31:sparse_bf16"": 11, ""layers_24_31:sparse_nvfp4"": 12}",0.015955097837499994,,0.015955097837499994,-0.09150559265651587
genimage_partial,GenImage-partial,random_mixed,108,,artifacts/debug/030_mirror_global_pareto/policies/stratified_keyfix_genimage/policy_108_random.json,0.061798051374999996,0.9947916675,0.9999457475,0.999946025,1536,0,113,33,32,46,0.14285714285714285,0.09888880046136794,40.392230400000024,5.098797617375313,1.42273975026472,0.006958429133082547,4,192,"{""down_proj:dense_bf16"": 18, ""down_proj:dense_nvfp4"": 3, ""down_proj:sparse_bf16"": 5, ""down_proj:sparse_nvfp4"": 6, ""gate_proj:dense_bf16"": 17, ""gate_proj:dense_nvfp4"": 2, ""gate_proj:sparse_bf16"": 4, ""gate_proj:sparse_nvfp4"": 9, ""k_proj:dense_bf16"": 14, ""k_proj:dense_nvfp4"": 6, ""k_proj:sparse_bf16"": 6, ""k_proj:sparse_nvfp4"": 6, ""o_proj:dense_bf16"": 18, ""o_proj:dense_nvfp4"": 6, ""o_proj:sparse_bf16"": 4, ""o_proj:sparse_nvfp4"": 4, ""q_proj:dense_bf16"": 13, ""q_proj:dense_nvfp4"": 7, ""q_proj:sparse_bf16"": 2, ""q_proj:sparse_nvfp4"": 10, ""up_proj:dense_bf16"": 15, ""up_proj:dense_nvfp4"": 6, ""up_proj:sparse_bf16"": 4, ""up_proj:sparse_nvfp4"": 7, ""v_proj:dense_bf16"": 18, ""v_proj:dense_nvfp4"": 3, ""v_proj:sparse_bf16"": 7, ""v_proj:sparse_nvfp4"": 4}","{""layers_00_07:dense_bf16"": 22, ""layers_00_07:dense_nvfp4"": 9, ""layers_00_07:sparse_bf16"": 10, ""layers_00_07:sparse_nvfp4"": 15, ""layers_08_15:dense_bf16"": 33, ""layers_08_15:dense_nvfp4"": 8, ""layers_08_15:sparse_bf16"": 3, ""layers_08_15:sparse_nvfp4"": 12, ""layers_16_23:dense_bf16"": 33, ""layers_16_23:dense_nvfp4"": 5, ""layers_16_23:sparse_bf16"": 7, ""layers_16_23:sparse_nvfp4"": 11, ""layers_24_31:dense_bf16"": 25, ""layers_24_31:dense_nvfp4"": 11, ""layers_24_31:sparse_bf16"": 12, ""layers_24_31:sparse_nvfp4"": 8}",0.0007008098499999907,,0.0007008098499999907,-0.09818799061136796
genimage_partial,GenImage-partial,sparse_bf16_speed_ratio_0.05,34,,artifacts/debug/030_mirror_global_pareto/policies/stratified_keyfix_genimage/policy_034_sparse_bf16_speed_r0.05.json,0.0629478420625,0.9954427075,1.0,1.0,1536,0,213,0,11,0,0.049107142857142856,0.0027983038006909374,35.7994256,0.5009155088336089,0.49958823924881,0.0023882277075948258,2,213,"{""down_proj:dense_bf16"": 31, ""down_proj:sparse_bf16"": 1, ""gate_proj:dense_bf16"": 31, ""gate_proj:sparse_bf16"": 1, ""k_proj:dense_bf16"": 30, ""k_proj:sparse_bf16"": 2, ""o_proj:dense_bf16"": 30, ""o_proj:sparse_bf16"": 2, ""q_proj:dense_bf16"": 31, ""q_proj:sparse_bf16"": 1, ""up_proj:dense_bf16"": 30, ""up_proj:sparse_bf16"": 2, ""v_proj:dense_bf16"": 30, ""v_proj:sparse_bf16"": 2}","{""layers_00_07:dense_bf16"": 53, ""layers_00_07:sparse_bf16"": 3, ""layers_08_15:dense_bf16"": 54, ""layers_08_15:sparse_bf16"": 2, ""layers_16_23:dense_bf16"": 53, ""layers_16_23:sparse_bf16"": 3, ""layers_24_31:dense_bf16"": 53, ""layers_24_31:sparse_bf16"": 3}",0.0018506005374999898,,0.0018506005374999898,-0.0009477032631909476
genimage_partial,GenImage-partial,random_mixed,157,,artifacts/debug/030_mirror_global_pareto/policies/stratified_keyfix_genimage/policy_157_random.json,0.06540089217499999,0.9947916675,0.99984402125,0.9998477,1536,0,99,41,53,31,0.23660714285714285,0.07766520100797843,38.8618592,5.328053271632029,2.2775066141327596,0.0112448400761546,4,171,"{""down_proj:dense_bf16"": 11, ""down_proj:dense_nvfp4"": 7, ""down_proj:sparse_bf16"": 12, ""down_proj:sparse_nvfp4"": 2, ""gate_proj:dense_bf16"": 18, ""gate_proj:dense_nvfp4"": 6, ""gate_proj:sparse_bf16"": 7, ""gate_proj:sparse_nvfp4"": 1, ""k_proj:dense_bf16"": 15, ""k_proj:dense_nvfp4"": 5, ""k_proj:sparse_bf16"": 9, ""k_proj:sparse_nvfp4"": 3, ""o_proj:dense_bf16"": 15, ""o_proj:dense_nvfp4"": 7, ""o_proj:sparse_bf16"": 5, ""o_proj:sparse_nvfp4"": 5, ""q_proj:dense_bf16"": 14, ""q_proj:dense_nvfp4"": 5, ""q_proj:sparse_bf16"": 6, ""q_proj:sparse_nvfp4"": 7, ""up_proj:dense_bf16"": 13, ""up_proj:dense_nvfp4"": 6, ""up_proj:sparse_bf16"": 7, ""up_proj:sparse_nvfp4"": 6, ""v_proj:dense_bf16"": 13, ""v_proj:dense_nvfp4"": 5, ""v_proj:sparse_bf16"": 7, ""v_proj:sparse_nvfp4"": 7}","{""layers_00_07:dense_bf16"": 24, ""layers_00_07:dense_nvfp4"": 10, ""layers_00_07:sparse_bf16"": 14, ""layers_00_07:sparse_nvfp4"": 8, ""layers_08_15:dense_bf16"": 22, ""layers_08_15:dense_nvfp4"": 15, ""layers_08_15:sparse_bf16"": 12, ""layers_08_15:sparse_nvfp4"": 7, ""layers_16_23:dense_bf16"": 22, ""layers_16_23:dense_nvfp4"": 10, ""layers_16_23:sparse_bf16"": 15, ""layers_16_23:sparse_nvfp4"": 9, ""layers_24_31:dense_bf16"": 31, ""layers_24_31:dense_nvfp4"": 6, ""layers_24_31:sparse_bf16"": 12, ""layers_24_31:sparse_nvfp4"": 7}",0.0043036506499999835,,0.0043036506499999835,-0.07336155035797845
genimage_partial,GenImage-partial,random_mixed,83,,artifacts/debug/030_mirror_global_pareto/policies/stratified_keyfix_genimage/policy_083_random.json,0.0645609151875,0.99414062625,0.999938965,0.99993232,1536,0,106,36,43,39,0.19196428571428573,0.09166516954097192,39.13203040000001,5.491981337183873,1.834340373826,0.00907573771242138,4,181,"{""down_proj:dense_bf16"": 13, ""down_proj:dense_nvfp4"": 7, ""down_proj:sparse_bf16"": 6, ""down_proj:sparse_nvfp4"": 6, ""gate_proj:dense_bf16"": 13, ""gate_proj:dense_nvfp4"": 5, ""gate_proj:sparse_bf16"": 7, ""gate_proj:sparse_nvfp4"": 7, ""k_proj:dense_bf16"": 20, ""k_proj:dense_nvfp4"": 4, ""k_proj:sparse_bf16"": 5, ""k_proj:sparse_nvfp4"": 3, ""o_proj:dense_bf16"": 18, ""o_proj:dense_nvfp4"": 5, ""o_proj:sparse_bf16"": 6, ""o_proj:sparse_nvfp4"": 3, ""q_proj:dense_bf16"": 17, ""q_proj:dense_nvfp4"": 5, ""q_proj:sparse_bf16"": 6, ""q_proj:sparse_nvfp4"": 4, ""up_proj:dense_bf16"": 13, ""up_proj:dense_nvfp4"": 5, ""up_proj:sparse_bf16"": 7, ""up_proj:sparse_nvfp4"": 7, ""v_proj:dense_bf16"": 12, ""v_proj:dense_nvfp4"": 5, ""v_proj:sparse_bf16"": 6, ""v_proj:sparse_nvfp4"": 9}","{""layers_00_07:dense_bf16"": 29, ""layers_00_07:dense_nvfp4"": 5, ""layers_00_07:sparse_bf16"": 8, ""layers_00_07:sparse_nvfp4"": 14, ""layers_08_15:dense_bf16"": 25, ""layers_08_15:dense_nvfp4"": 13, ""layers_08_15:sparse_bf16"": 12, ""layers_08_15:sparse_nvfp4"": 6, ""layers_16_23:dense_bf16"": 22, ""layers_16_23:dense_nvfp4"": 12, ""layers_16_23:sparse_bf16"": 11, ""layers_16_23:sparse_nvfp4"": 11, ""layers_24_31:dense_bf16"": 30, ""layers_24_31:dense_nvfp4"": 6, ""layers_24_31:sparse_bf16"": 12, ""layers_24_31:sparse_nvfp4"": 8}",0.003463673662499993,,0.003463673662499993,-0.08820149587847192
genimage_partial,GenImage-partial,random_mixed,134,,artifacts/debug/030_mirror_global_pareto/policies/stratified_keyfix_genimage/policy_134_random.json,0.0667586490125,0.9921875,0.9999864362499999,0.99998657625,1536,0,91,53,34,46,0.15178571428571427,0.10615708798686681,40.637395200000036,5.701355856647335,1.50389173111053,0.00744323497828457,4,190,"{""down_proj:dense_bf16"": 13, ""down_proj:dense_nvfp4"": 9, ""down_proj:sparse_bf16"": 6, ""down_proj:sparse_nvfp4"": 4, ""gate_proj:dense_bf16"": 13, ""gate_proj:dense_nvfp4"": 9, ""gate_proj:sparse_bf16"": 4, ""gate_proj:sparse_nvfp4"": 6, ""k_proj:dense_bf16"": 12, ""k_proj:dense_nvfp4"": 3, ""k_proj:sparse_bf16"": 7, ""k_proj:sparse_nvfp4"": 10, ""o_proj:dense_bf16"": 13, ""o_proj:dense_nvfp4"": 6, ""o_proj:sparse_bf16"": 5, ""o_proj:sparse_nvfp4"": 8, ""q_proj:dense_bf16"": 17, ""q_proj:dense_nvfp4"": 3, ""q_proj:sparse_bf16"": 3, ""q_proj:sparse_nvfp4"": 9, ""up_proj:dense_bf16"": 10, ""up_proj:dense_nvfp4"": 13, ""up_proj:sparse_bf16"": 4, ""up_proj:sparse_nvfp4"": 5, ""v_proj:dense_bf16"": 13, ""v_proj:dense_nvfp4"": 10, ""v_proj:sparse_bf16"": 5, ""v_proj:sparse_nvfp4"": 4}","{""layers_00_07:dense_bf16"": 25, ""layers_00_07:dense_nvfp4"": 14, ""layers_00_07:sparse_bf16"": 8, ""layers_00_07:sparse_nvfp4"": 9, ""layers_08_15:dense_bf16"": 27, ""layers_08_15:dense_nvfp4"": 10, ""layers_08_15:sparse_bf16"": 6, ""layers_08_15:sparse_nvfp4"": 13, ""layers_16_23:dense_bf16"": 22, ""layers_16_23:dense_nvfp4"": 13, ""layers_16_23:sparse_bf16"": 9, ""layers_16_23:sparse_nvfp4"": 12, ""layers_24_31:dense_bf16"": 17, ""layers_24_31:dense_nvfp4"": 16, ""layers_24_31:sparse_bf16"": 11, ""layers_24_31:sparse_nvfp4"": 12}",0.005661407487499999,,0.005661407487499999,-0.1004956804993668
genimage_partial,GenImage-partial,random_mixed,181,,artifacts/debug/030_mirror_global_pareto/policies/stratified_keyfix_genimage/policy_181_random.json,0.0699084385375,0.99088541625,0.99980333125,0.99979292875,1536,0,97,37,45,45,0.20089285714285715,0.10992067027445102,39.450859200000004,6.202802078275408,1.9505865213207099,0.009495052245890681,4,179,"{""down_proj:dense_bf16"": 15, ""down_proj:dense_nvfp4"": 4, ""down_proj:sparse_bf16"": 11, ""down_proj:sparse_nvfp4"": 2, ""gate_proj:dense_bf16"": 15, ""gate_proj:dense_nvfp4"": 3, ""gate_proj:sparse_bf16"": 5, ""gate_proj:sparse_nvfp4"": 9, ""k_proj:dense_bf16"": 16, ""k_proj:dense_nvfp4"": 3, ""k_proj:sparse_bf16"": 9, ""k_proj:sparse_nvfp4"": 4, ""o_proj:dense_bf16"": 13, ""o_proj:dense_nvfp4"": 7, ""o_proj:sparse_bf16"": 5, ""o_proj:sparse_nvfp4"": 7, ""q_proj:dense_bf16"": 15, ""q_proj:dense_nvfp4"": 7, ""q_proj:sparse_bf16"": 1, ""q_proj:sparse_nvfp4"": 9, ""up_proj:dense_bf16"": 10, ""up_proj:dense_nvfp4"": 9, ""up_proj:sparse_bf16"": 6, ""up_proj:sparse_nvfp4"": 7, ""v_proj:dense_bf16"": 13, ""v_proj:dense_nvfp4"": 4, ""v_proj:sparse_bf16"": 8, ""v_proj:sparse_nvfp4"": 7}","{""layers_00_07:dense_bf16"": 25, ""layers_00_07:dense_nvfp4"": 10, ""layers_00_07:sparse_bf16"": 13, ""layers_00_07:sparse_nvfp4"": 8, ""layers_08_15:dense_bf16"": 20, ""layers_08_15:dense_nvfp4"": 13, ""layers_08_15:sparse_bf16"": 12, ""layers_08_15:sparse_nvfp4"": 11, ""layers_16_23:dense_bf16"": 25, ""layers_16_23:dense_nvfp4"": 6, ""layers_16_23:sparse_bf16"": 12, ""layers_16_23:sparse_nvfp4"": 13, ""layers_24_31:dense_bf16"": 27, ""layers_24_31:dense_nvfp4"": 8, ""layers_24_31:sparse_bf16"": 8, ""layers_24_31:sparse_nvfp4"": 13}",0.0088111970125,,0.0088111970125,-0.10110947326195102
genimage_partial,GenImage-partial,random_mixed,109,,artifacts/debug/030_mirror_global_pareto/policies/stratified_keyfix_genimage/policy_109_random.json,0.0660606256375,0.9934895850000001,0.9999457475,0.999946025,1536,0,97,47,43,37,0.19196428571428573,0.08892071006721156,40.43161441000002,5.2720063108843105,1.76703371060398,0.009075795685906789,4,181,"{""down_proj:dense_bf16"": 13, ""down_proj:dense_nvfp4"": 6, ""down_proj:sparse_bf16"": 6, ""down_proj:sparse_nvfp4"": 7, ""gate_proj:dense_bf16"": 15, ""gate_proj:dense_nvfp4"": 4, ""gate_proj:sparse_bf16"": 9, ""gate_proj:sparse_nvfp4"": 4, ""k_proj:dense_bf16"": 14, ""k_proj:dense_nvfp4"": 8, ""k_proj:sparse_bf16"": 4, ""k_proj:sparse_nvfp4"": 6, ""o_proj:dense_bf16"": 14, ""o_proj:dense_nvfp4"": 5, ""o_proj:sparse_bf16"": 8, ""o_proj:sparse_nvfp4"": 5, ""q_proj:dense_bf16"": 13, ""q_proj:dense_nvfp4"": 4, ""q_proj:sparse_bf16"": 11, ""q_proj:sparse_nvfp4"": 4, ""up_proj:dense_bf16"": 12, ""up_proj:dense_nvfp4"": 14, ""up_proj:sparse_nvfp4"": 6, ""v_proj:dense_bf16"": 16, ""v_proj:dense_nvfp4"": 6, ""v_proj:sparse_bf16"": 5, ""v_proj:sparse_nvfp4"": 5}","{""layers_00_07:dense_bf16"": 27, ""layers_00_07:dense_nvfp4"": 7, ""layers_00_07:sparse_bf16"": 9, ""layers_00_07:sparse_nvfp4"": 13, ""layers_08_15:dense_bf16"": 22, ""layers_08_15:dense_nvfp4"": 14, ""layers_08_15:sparse_bf16"": 11, ""layers_08_15:sparse_nvfp4"": 9, ""layers_16_23:dense_bf16"": 24, ""layers_16_23:dense_nvfp4"": 14, ""layers_16_23:sparse_bf16"": 10, ""layers_16_23:sparse_nvfp4"": 8, ""layers_24_31:dense_bf16"": 24, ""layers_24_31:dense_nvfp4"": 12, ""layers_24_31:sparse_bf16"": 13, ""layers_24_31:sparse_nvfp4"": 7}",0.00496338411249999,,0.00496338411249999,-0.08395732595471156
genimage_partial,GenImage-partial,sparse_bf16_speed_ratio_0.1,35,,artifacts/debug/030_mirror_global_pareto/policies/stratified_keyfix_genimage/policy_035_sparse_bf16_speed_r0.1.json,0.058798015125,0.9973958325,1.0,1.0,1536,0,202,0,22,0,0.09821428571428571,0.004803309722361115,35.2514512,0.8667165329371903,0.86545632833481,0.0044139615262851675,2,202,"{""down_proj:dense_bf16"": 29, ""down_proj:sparse_bf16"": 3, ""gate_proj:dense_bf16"": 28, ""gate_proj:sparse_bf16"": 4, ""k_proj:dense_bf16"": 29, ""k_proj:sparse_bf16"": 3, ""o_proj:dense_bf16"": 32, ""q_proj:dense_bf16"": 28, ""q_proj:sparse_bf16"": 4, ""up_proj:dense_bf16"": 28, ""up_proj:sparse_bf16"": 4, ""v_proj:dense_bf16"": 28, ""v_proj:sparse_bf16"": 4}","{""layers_00_07:dense_bf16"": 50, ""layers_00_07:sparse_bf16"": 6, ""layers_08_15:dense_bf16"": 51, ""layers_08_15:sparse_bf16"": 5, ""layers_16_23:dense_bf16"": 51, ""layers_16_23:sparse_bf16"": 5, ""layers_24_31:dense_bf16"": 50, ""layers_24_31:sparse_bf16"": 6}",-0.0022992264000000068,,0.0,-0.004803309722361115
genimage_partial,GenImage-partial,random_mixed,158,,artifacts/debug/030_mirror_global_pareto/policies/stratified_keyfix_genimage/policy_158_random.json,0.1025407386125,0.9765625,0.99787055125,0.99374018625,1536,0,88,37,54,45,0.24107142857142858,0.10041465638245989,40.04248000000001,6.235036717720606,2.4432297091530004,0.012468118418703947,4,170,"{""down_proj:dense_bf16"": 14, ""down_proj:dense_nvfp4"": 6, ""down_proj:sparse_bf16"": 8, ""down_proj:sparse_nvfp4"": 4, ""gate_proj:dense_bf16"": 9, ""gate_proj:dense_nvfp4"": 6, ""gate_proj:sparse_bf16"": 11, ""gate_proj:sparse_nvfp4"": 6, ""k_proj:dense_bf16"": 13, ""k_proj:dense_nvfp4"": 3, ""k_proj:sparse_bf16"": 6, ""k_proj:sparse_nvfp4"": 10, ""o_proj:dense_bf16"": 13, ""o_proj:dense_nvfp4"": 6, ""o_proj:sparse_bf16"": 5, ""o_proj:sparse_nvfp4"": 8, ""q_proj:dense_bf16"": 12, ""q_proj:dense_nvfp4"": 8, ""q_proj:sparse_bf16"": 7, ""q_proj:sparse_nvfp4"": 5, ""up_proj:dense_bf16"": 15, ""up_proj:dense_nvfp4"": 5, ""up_proj:sparse_bf16"": 8, ""up_proj:sparse_nvfp4"": 4, ""v_proj:dense_bf16"": 12, ""v_proj:dense_nvfp4"": 3, ""v_proj:sparse_bf16"": 9, ""v_proj:sparse_nvfp4"": 8}","{""layers_00_07:dense_bf16"": 17, ""layers_00_07:dense_nvfp4"": 13, ""layers_00_07:sparse_bf16"": 11, ""layers_00_07:sparse_nvfp4"": 15, ""layers_08_15:dense_bf16"": 28, ""layers_08_15:dense_nvfp4"": 10, ""layers_08_15:sparse_bf16"": 13, ""layers_08_15:sparse_nvfp4"": 5, ""layers_16_23:dense_bf16"": 24, ""layers_16_23:dense_nvfp4"": 9, ""layers_16_23:sparse_bf16"": 16, ""layers_16_23:sparse_nvfp4"": 7, ""layers_24_31:dense_bf16"": 19, ""layers_24_31:dense_nvfp4"": 5, ""layers_24_31:sparse_bf16"": 14, ""layers_24_31:sparse_nvfp4"": 18}",0.041443497087499996,,0.041443497087499996,-0.05897115929495989
genimage_partial,GenImage-partial,random_mixed,135,,artifacts/debug/030_mirror_global_pareto/policies/stratified_keyfix_genimage/policy_135_random.json,0.07303842375000001,0.99153645875,0.9997829862500001,0.99980175875,1536,0,100,37,50,37,0.22321428571428573,0.09567618106793463,38.96622560000001,5.70224565408949,1.9326546392072992,0.009772495166696656,4,174,"{""down_proj:dense_bf16"": 10, ""down_proj:dense_nvfp4"": 4, ""down_proj:sparse_bf16"": 12, ""down_proj:sparse_nvfp4"": 6, ""gate_proj:dense_bf16"": 14, ""gate_proj:dense_nvfp4"": 4, ""gate_proj:sparse_bf16"": 8, ""gate_proj:sparse_nvfp4"": 6, ""k_proj:dense_bf16"": 16, ""k_proj:dense_nvfp4"": 7, ""k_proj:sparse_bf16"": 5, ""k_proj:sparse_nvfp4"": 4, ""o_proj:dense_bf16"": 14, ""o_proj:dense_nvfp4"": 7, ""o_proj:sparse_bf16"": 5, ""o_proj:sparse_nvfp4"": 6, ""q_proj:dense_bf16"": 13, ""q_proj:dense_nvfp4"": 6, ""q_proj:sparse_bf16"": 8, ""q_proj:sparse_nvfp4"": 5, ""up_proj:dense_bf16"": 17, ""up_proj:dense_nvfp4"": 5, ""up_proj:sparse_bf16"": 6, ""up_proj:sparse_nvfp4"": 4, ""v_proj:dense_bf16"": 16, ""v_proj:dense_nvfp4"": 4, ""v_proj:sparse_bf16"": 6, ""v_proj:sparse_nvfp4"": 6}","{""layers_00_07:dense_bf16"": 25, ""layers_00_07:dense_nvfp4"": 11, ""layers_00_07:sparse_bf16"": 15, ""layers_00_07:sparse_nvfp4"": 5, ""layers_08_15:dense_bf16"": 27, ""layers_08_15:dense_nvfp4"": 8, ""layers_08_15:sparse_bf16"": 10, ""layers_08_15:sparse_nvfp4"": 11, ""layers_16_23:dense_bf16"": 24, ""layers_16_23:dense_nvfp4"": 7, ""layers_16_23:sparse_bf16"": 14, ""layers_16_23:sparse_nvfp4"": 11, ""layers_24_31:dense_bf16"": 24, ""layers_24_31:dense_nvfp4"": 11, ""layers_24_31:sparse_bf16"": 11, ""layers_24_31:sparse_nvfp4"": 10}",0.011941182225000006,,0.011941182225000006,-0.08373499884293462
genimage_partial,GenImage-partial,random_mixed,182,,artifacts/debug/030_mirror_global_pareto/policies/stratified_keyfix_genimage/policy_182_random.json,0.0680164133375,0.99283854125,0.9999728725,0.9999731525,1536,0,94,49,41,40,0.18303571428571427,0.09347983282692558,39.805345609999996,5.118658302113489,1.69282157417451,0.007834462388143587,4,183,"{""down_proj:dense_bf16"": 19, ""down_proj:dense_nvfp4"": 5, ""down_proj:sparse_bf16"": 5, ""down_proj:sparse_nvfp4"": 3, ""gate_proj:dense_bf16"": 10, ""gate_proj:dense_nvfp4"": 12, ""gate_proj:sparse_bf16"": 2, ""gate_proj:sparse_nvfp4"": 8, ""k_proj:dense_bf16"": 10, ""k_proj:dense_nvfp4"": 5, ""k_proj:sparse_bf16"": 9, ""k_proj:sparse_nvfp4"": 8, ""o_proj:dense_bf16"": 10, ""o_proj:dense_nvfp4"": 6, ""o_proj:sparse_bf16"": 11, ""o_proj:sparse_nvfp4"": 5, ""q_proj:dense_bf16"": 12, ""q_proj:dense_nvfp4"": 7, ""q_proj:sparse_bf16"": 5, ""q_proj:sparse_nvfp4"": 8, ""up_proj:dense_bf16"": 14, ""up_proj:dense_nvfp4"": 10, ""up_proj:sparse_bf16"": 5, ""up_proj:sparse_nvfp4"": 3, ""v_proj:dense_bf16"": 19, ""v_proj:dense_nvfp4"": 4, ""v_proj:sparse_bf16"": 4, ""v_proj:sparse_nvfp4"": 5}","{""layers_00_07:dense_bf16"": 20, ""layers_00_07:dense_nvfp4"": 7, ""layers_00_07:sparse_bf16"": 15, ""layers_00_07:sparse_nvfp4"": 14, ""layers_08_15:dense_bf16"": 30, ""layers_08_15:dense_nvfp4"": 16, ""layers_08_15:sparse_bf16"": 7, ""layers_08_15:sparse_nvfp4"": 3, ""layers_16_23:dense_bf16"": 18, ""layers_16_23:dense_nvfp4"": 13, ""layers_16_23:sparse_bf16"": 11, ""layers_16_23:sparse_nvfp4"": 14, ""layers_24_31:dense_bf16"": 26, ""layers_24_31:dense_nvfp4"": 13, ""layers_24_31:sparse_bf16"": 8, ""layers_24_31:sparse_nvfp4"": 9}",0.006919171812499993,,0.006919171812499993,-0.08656066101442558
genimage_partial,GenImage-partial,random_mixed,110,,artifacts/debug/030_mirror_global_pareto/policies/stratified_keyfix_genimage/policy_110_random.json,0.0648042624125,0.9928385425,0.9999728725,0.9999731525,1536,0,101,41,41,41,0.18303571428571427,0.09227651187771899,40.21718720000002,5.4982974848638095,1.8865917124400007,0.009132538613395871,4,183,"{""down_proj:dense_bf16"": 15, ""down_proj:dense_nvfp4"": 6, ""down_proj:sparse_bf16"": 9, ""down_proj:sparse_nvfp4"": 2, ""gate_proj:dense_bf16"": 12, ""gate_proj:dense_nvfp4"": 4, ""gate_proj:sparse_bf16"": 10, ""gate_proj:sparse_nvfp4"": 6, ""k_proj:dense_bf16"": 19, ""k_proj:dense_nvfp4"": 4, ""k_proj:sparse_bf16"": 5, ""k_proj:sparse_nvfp4"": 4, ""o_proj:dense_bf16"": 15, ""o_proj:dense_nvfp4"": 7, ""o_proj:sparse_bf16"": 5, ""o_proj:sparse_nvfp4"": 5, ""q_proj:dense_bf16"": 10, ""q_proj:dense_nvfp4"": 12, ""q_proj:sparse_nvfp4"": 10, ""up_proj:dense_bf16"": 14, ""up_proj:dense_nvfp4"": 3, ""up_proj:sparse_bf16"": 8, ""up_proj:sparse_nvfp4"": 7, ""v_proj:dense_bf16"": 16, ""v_proj:dense_nvfp4"": 5, ""v_proj:sparse_bf16"": 4, ""v_proj:sparse_nvfp4"": 7}","{""layers_00_07:dense_bf16"": 24, ""layers_00_07:dense_nvfp4"": 12, ""layers_00_07:sparse_bf16"": 9, ""layers_00_07:sparse_nvfp4"": 11, ""layers_08_15:dense_bf16"": 24, ""layers_08_15:dense_nvfp4"": 12, ""layers_08_15:sparse_bf16"": 9, ""layers_08_15:sparse_nvfp4"": 11, ""layers_16_23:dense_bf16"": 20, ""layers_16_23:dense_nvfp4"": 11, ""layers_16_23:sparse_bf16"": 12, ""layers_16_23:sparse_nvfp4"": 13, ""layers_24_31:dense_bf16"": 33, ""layers_24_31:dense_nvfp4"": 6, ""layers_24_31:sparse_bf16"": 11, ""layers_24_31:sparse_nvfp4"": 6}",0.0037070208874999885,,0.0037070208874999885,-0.08856949099021899
genimage_partial,GenImage-partial,sparse_bf16_speed_ratio_0.2,36,,artifacts/debug/030_mirror_global_pareto/policies/stratified_keyfix_genimage/policy_036_sparse_bf16_speed_r0.2.json,0.0578839186875,0.9986979175,1.0,1.0,1536,0,179,0,45,0,0.20089285714285715,0.009844134657092352,34.7146672,1.9179303813802555,1.9168136612688103,0.009499117193059549,2,179,"{""down_proj:dense_bf16"": 25, ""down_proj:sparse_bf16"": 7, ""gate_proj:dense_bf16"": 26, ""gate_proj:sparse_bf16"": 6, ""k_proj:dense_bf16"": 24, ""k_proj:sparse_bf16"": 8, ""o_proj:dense_bf16"": 26, ""o_proj:sparse_bf16"": 6, ""q_proj:dense_bf16"": 26, ""q_proj:sparse_bf16"": 6, ""up_proj:dense_bf16"": 26, ""up_proj:sparse_bf16"": 6, ""v_proj:dense_bf16"": 26, ""v_proj:sparse_bf16"": 6}","{""layers_00_07:dense_bf16"": 45, ""layers_00_07:sparse_bf16"": 11, ""layers_08_15:dense_bf16"": 45, ""layers_08_15:sparse_bf16"": 11, ""layers_16_23:dense_bf16"": 44, ""layers_16_23:sparse_bf16"": 12, ""layers_24_31:dense_bf16"": 45, ""layers_24_31:sparse_bf16"": 11}",-0.0032133228375000045,,0.0,-0.009844134657092352
genimage_partial,GenImage-partial,random_mixed,84,,artifacts/debug/030_mirror_global_pareto/policies/stratified_keyfix_genimage/policy_084_random.json,0.058069447587499996,0.99739583375,0.9999728725,0.9999731525,1536,0,91,48,48,37,0.21428571428571427,0.07770445869049905,40.41899041000001,4.839831722378628,2.3403396119922997,0.011467670711849842,4,176,"{""down_proj:dense_bf16"": 8, ""down_proj:dense_nvfp4"": 10, ""down_proj:sparse_bf16"": 11, ""down_proj:sparse_nvfp4"": 3, ""gate_proj:dense_bf16"": 11, ""gate_proj:dense_nvfp4"": 10, ""gate_proj:sparse_bf16"": 4, ""gate_proj:sparse_nvfp4"": 7, ""k_proj:dense_bf16"": 10, ""k_proj:dense_nvfp4"": 4, ""k_proj:sparse_bf16"": 8, ""k_proj:sparse_nvfp4"": 10, ""o_proj:dense_bf16"": 13, ""o_proj:dense_nvfp4"": 5, ""o_proj:sparse_bf16"": 9, ""o_proj:sparse_nvfp4"": 5, ""q_proj:dense_bf16"": 11, ""q_proj:dense_nvfp4"": 6, ""q_proj:sparse_bf16"": 7, ""q_proj:sparse_nvfp4"": 8, ""up_proj:dense_bf16"": 20, ""up_proj:dense_nvfp4"": 6, ""up_proj:sparse_bf16"": 5, ""up_proj:sparse_nvfp4"": 1, ""v_proj:dense_bf16"": 18, ""v_proj:dense_nvfp4"": 7, ""v_proj:sparse_bf16"": 4, ""v_proj:sparse_nvfp4"": 3}","{""layers_00_07:dense_bf16"": 25, ""layers_00_07:dense_nvfp4"": 9, ""layers_00_07:sparse_bf16"": 6, ""layers_00_07:sparse_nvfp4"": 16, ""layers_08_15:dense_bf16"": 23, ""layers_08_15:dense_nvfp4"": 14, ""layers_08_15:sparse_bf16"": 16, ""layers_08_15:sparse_nvfp4"": 3, ""layers_16_23:dense_bf16"": 20, ""layers_16_23:dense_nvfp4"": 11, ""layers_16_23:sparse_bf16"": 15, ""layers_16_23:sparse_nvfp4"": 10, ""layers_24_31:dense_bf16"": 23, ""layers_24_31:dense_nvfp4"": 14, ""layers_24_31:sparse_bf16"": 11, ""layers_24_31:sparse_nvfp4"": 8}",-0.003027793937500009,,0.0,-0.07770445869049905
genimage_partial,GenImage-partial,random_mixed,159,,artifacts/debug/030_mirror_global_pareto/policies/stratified_keyfix_genimage/policy_159_random.json,0.0767274857625,0.99153645875,0.99979654875,0.99979658375,1536,0,96,45,43,40,0.19196428571428573,0.1041566340016124,40.533782400000014,5.80483338032278,1.7776210710557598,0.008735151378302686,4,181,"{""down_proj:dense_bf16"": 15, ""down_proj:dense_nvfp4"": 4, ""down_proj:sparse_bf16"": 6, ""down_proj:sparse_nvfp4"": 7, ""gate_proj:dense_bf16"": 15, ""gate_proj:dense_nvfp4"": 6, ""gate_proj:sparse_bf16"": 3, ""gate_proj:sparse_nvfp4"": 8, ""k_proj:dense_bf16"": 9, ""k_proj:dense_nvfp4"": 9, ""k_proj:sparse_bf16"": 11, ""k_proj:sparse_nvfp4"": 3, ""o_proj:dense_bf16"": 14, ""o_proj:dense_nvfp4"": 7, ""o_proj:sparse_bf16"": 5, ""o_proj:sparse_nvfp4"": 6, ""q_proj:dense_bf16"": 14, ""q_proj:dense_nvfp4"": 7, ""q_proj:sparse_bf16"": 5, ""q_proj:sparse_nvfp4"": 6, ""up_proj:dense_bf16"": 16, ""up_proj:dense_nvfp4"": 4, ""up_proj:sparse_bf16"": 7, ""up_proj:sparse_nvfp4"": 5, ""v_proj:dense_bf16"": 13, ""v_proj:dense_nvfp4"": 8, ""v_proj:sparse_bf16"": 6, ""v_proj:sparse_nvfp4"": 5}","{""layers_00_07:dense_bf16"": 21, ""layers_00_07:dense_nvfp4"": 15, ""layers_00_07:sparse_bf16"": 10, ""layers_00_07:sparse_nvfp4"": 10, ""layers_08_15:dense_bf16"": 18, ""layers_08_15:dense_nvfp4"": 12, ""layers_08_15:sparse_bf16"": 15, ""layers_08_15:sparse_nvfp4"": 11, ""layers_16_23:dense_bf16"": 32, ""layers_16_23:dense_nvfp4"": 7, ""layers_16_23:sparse_bf16"": 9, ""layers_16_23:sparse_nvfp4"": 8, ""layers_24_31:dense_bf16"": 25, ""layers_24_31:dense_nvfp4"": 11, ""layers_24_31:sparse_bf16"": 9, ""layers_24_31:sparse_nvfp4"": 11}",0.0156302442375,,0.0156302442375,-0.0885263897641124
genimage_partial,GenImage-partial,random_mixed,136,,artifacts/debug/030_mirror_global_pareto/policies/stratified_keyfix_genimage/policy_136_random.json,0.0736134402,0.9915364575,0.99935573875,0.9991827974999999,1536,0,94,50,32,48,0.14285714285714285,0.11409528272576684,40.75413920000001,6.087453694614279,1.5287743365635,0.007156217305835044,4,192,"{""down_proj:dense_bf16"": 13, ""down_proj:dense_nvfp4"": 5, ""down_proj:sparse_bf16"": 6, ""down_proj:sparse_nvfp4"": 8, ""gate_proj:dense_bf16"": 10, ""gate_proj:dense_nvfp4"": 6, ""gate_proj:sparse_bf16"": 6, ""gate_proj:sparse_nvfp4"": 10, ""k_proj:dense_bf16"": 19, ""k_proj:dense_nvfp4"": 5, ""k_proj:sparse_bf16"": 3, ""k_proj:sparse_nvfp4"": 5, ""o_proj:dense_bf16"": 11, ""o_proj:dense_nvfp4"": 7, ""o_proj:sparse_bf16"": 6, ""o_proj:sparse_nvfp4"": 8, ""q_proj:dense_bf16"": 12, ""q_proj:dense_nvfp4"": 10, ""q_proj:sparse_bf16"": 3, ""q_proj:sparse_nvfp4"": 7, ""up_proj:dense_bf16"": 12, ""up_proj:dense_nvfp4"": 10, ""up_proj:sparse_bf16"": 3, ""up_proj:sparse_nvfp4"": 7, ""v_proj:dense_bf16"": 17, ""v_proj:dense_nvfp4"": 7, ""v_proj:sparse_bf16"": 5, ""v_proj:sparse_nvfp4"": 3}","{""layers_00_07:dense_bf16"": 25, ""layers_00_07:dense_nvfp4"": 14, ""layers_00_07:sparse_bf16"": 7, ""layers_00_07:sparse_nvfp4"": 10, ""layers_08_15:dense_bf16"": 21, ""layers_08_15:dense_nvfp4"": 14, ""layers_08_15:sparse_bf16"": 9, ""layers_08_15:sparse_nvfp4"": 12, ""layers_16_23:dense_bf16"": 24, ""layers_16_23:dense_nvfp4"": 12, ""layers_16_23:sparse_bf16"": 6, ""layers_16_23:sparse_nvfp4"": 14, ""layers_24_31:dense_bf16"": 24, ""layers_24_31:dense_nvfp4"": 10, ""layers_24_31:sparse_bf16"": 10, ""layers_24_31:sparse_nvfp4"": 12}",0.012516198675,,0.012516198675,-0.10157908405076685
genimage_partial,GenImage-partial,random_mixed,183,,artifacts/debug/030_mirror_global_pareto/policies/stratified_keyfix_genimage/policy_183_random.json,0.06057348545,0.99804687625,0.99932861375,0.9990443125,1536,0,99,44,42,39,0.1875,0.09334591674436185,39.56728160000001,5.411533205293196,1.7448629978686396,0.008449260000851099,4,182,"{""down_proj:dense_bf16"": 12, ""down_proj:dense_nvfp4"": 7, ""down_proj:sparse_bf16"": 5, ""down_proj:sparse_nvfp4"": 8, ""gate_proj:dense_bf16"": 12, ""gate_proj:dense_nvfp4"": 5, ""gate_proj:sparse_bf16"": 5, ""gate_proj:sparse_nvfp4"": 10, ""k_proj:dense_bf16"": 17, ""k_proj:dense_nvfp4"": 4, ""k_proj:sparse_bf16"": 7, ""k_proj:sparse_nvfp4"": 4, ""o_proj:dense_bf16"": 18, ""o_proj:dense_nvfp4"": 4, ""o_proj:sparse_bf16"": 7, ""o_proj:sparse_nvfp4"": 3, ""q_proj:dense_bf16"": 14, ""q_proj:dense_nvfp4"": 10, ""q_proj:sparse_bf16"": 5, ""q_proj:sparse_nvfp4"": 3, ""up_proj:dense_bf16"": 13, ""up_proj:dense_nvfp4"": 7, ""up_proj:sparse_bf16"": 6, ""up_proj:sparse_nvfp4"": 6, ""v_proj:dense_bf16"": 13, ""v_proj:dense_nvfp4"": 7, ""v_proj:sparse_bf16"": 7, ""v_proj:sparse_nvfp4"": 5}","{""layers_00_07:dense_bf16"": 28, ""layers_00_07:dense_nvfp4"": 9, ""layers_00_07:sparse_bf16"": 10, ""layers_00_07:sparse_nvfp4"": 9, ""layers_08_15:dense_bf16"": 22, ""layers_08_15:dense_nvfp4"": 13, ""layers_08_15:sparse_bf16"": 14, ""layers_08_15:sparse_nvfp4"": 7, ""layers_16_23:dense_bf16"": 22, ""layers_16_23:dense_nvfp4"": 12, ""layers_16_23:sparse_bf16"": 11, ""layers_16_23:sparse_nvfp4"": 11, ""layers_24_31:dense_bf16"": 27, ""layers_24_31:dense_nvfp4"": 10, ""layers_24_31:sparse_bf16"": 7, ""layers_24_31:sparse_nvfp4"": 12}",-0.0005237560750000064,,0.0,-0.09334591674436185
genimage_partial,GenImage-partial,random_mixed,111,,artifacts/debug/030_mirror_global_pareto/policies/stratified_keyfix_genimage/policy_111_random.json,0.0672357971,0.99414062625,1.0,1.0,1536,0,87,48,43,46,0.19196428571428573,0.10841080266214043,41.20506560000002,6.160529891164379,1.8740616954904001,0.009303501878321404,4,181,"{""down_proj:dense_bf16"": 11, ""down_proj:dense_nvfp4"": 9, ""down_proj:sparse_bf16"": 7, ""down_proj:sparse_nvfp4"": 5, ""gate_proj:dense_bf16"": 16, ""gate_proj:dense_nvfp4"": 6, ""gate_proj:sparse_bf16"": 6, ""gate_proj:sparse_nvfp4"": 4, ""k_proj:dense_bf16"": 10, ""k_proj:dense_nvfp4"": 9, ""k_proj:sparse_bf16"": 9, ""k_proj:sparse_nvfp4"": 4, ""o_proj:dense_bf16"": 12, ""o_proj:dense_nvfp4"": 7, ""o_proj:sparse_bf16"": 6, ""o_proj:sparse_nvfp4"": 7, ""q_proj:dense_bf16"": 13, ""q_proj:dense_nvfp4"": 5, ""q_proj:sparse_bf16"": 2, ""q_proj:sparse_nvfp4"": 12, ""up_proj:dense_bf16"": 11, ""up_proj:dense_nvfp4"": 9, ""up_proj:sparse_bf16"": 7, ""up_proj:sparse_nvfp4"": 5, ""v_proj:dense_bf16"": 14, ""v_proj:dense_nvfp4"": 3, ""v_proj:sparse_bf16"": 6, ""v_proj:sparse_nvfp4"": 9}","{""layers_00_07:dense_bf16"": 22, ""layers_00_07:dense_nvfp4"": 10, ""layers_00_07:sparse_bf16"": 11, ""layers_00_07:sparse_nvfp4"": 13, ""layers_08_15:dense_bf16"": 23, ""layers_08_15:dense_nvfp4"": 12, ""layers_08_15:sparse_bf16"": 11, ""layers_08_15:sparse_nvfp4"": 10, ""layers_16_23:dense_bf16"": 21, ""layers_16_23:dense_nvfp4"": 15, ""layers_16_23:sparse_bf16"": 12, ""layers_16_23:sparse_nvfp4"": 8, ""layers_24_31:dense_bf16"": 21, ""layers_24_31:dense_nvfp4"": 11, ""layers_24_31:sparse_bf16"": 9, ""layers_24_31:sparse_nvfp4"": 15}",0.006138555574999989,,0.006138555574999989,-0.10227224708714044
genimage_partial,GenImage-partial,sparse_bf16_speed_ratio_0.35,37,,artifacts/debug/030_mirror_global_pareto/policies/stratified_keyfix_genimage/policy_037_sparse_bf16_speed_r0.35.json,0.0572519889375,0.99739583375,0.9999864362499999,0.99998657625,1536,0,146,0,78,0,0.3482142857142857,0.01679755017800065,33.3180896,3.3480703830612897,3.3471614391825506,0.01651672346504456,2,146,"{""down_proj:dense_bf16"": 19, ""down_proj:sparse_bf16"": 13, ""gate_proj:dense_bf16"": 22, ""gate_proj:sparse_bf16"": 10, ""k_proj:dense_bf16"": 19, ""k_proj:sparse_bf16"": 13, ""o_proj:dense_bf16"": 20, ""o_proj:sparse_bf16"": 12, ""q_proj:dense_bf16"": 22, ""q_proj:sparse_bf16"": 10, ""up_proj:dense_bf16"": 22, ""up_proj:sparse_bf16"": 10, ""v_proj:dense_bf16"": 22, ""v_proj:sparse_bf16"": 10}","{""layers_00_07:dense_bf16"": 36, ""layers_00_07:sparse_bf16"": 20, ""layers_08_15:dense_bf16"": 37, ""layers_08_15:sparse_bf16"": 19, ""layers_16_23:dense_bf16"": 37, ""layers_16_23:sparse_bf16"": 19, ""layers_24_31:dense_bf16"": 36, ""layers_24_31:sparse_bf16"": 20}",-0.0038452525875000074,,0.0,-0.01679755017800065
genimage_partial,GenImage-partial,random_mixed,160,,artifacts/debug/030_mirror_global_pareto/policies/stratified_keyfix_genimage/policy_160_random.json,0.0566975596875,0.99739583375,0.9999864362499999,0.99998657625,1536,0,95,42,46,41,0.20535714285714285,0.09476792565469283,39.54830879999998,5.5697811622956435,1.8388333550073999,0.009012108656673448,4,178,"{""down_proj:dense_bf16"": 16, ""down_proj:dense_nvfp4"": 6, ""down_proj:sparse_bf16"": 6, ""down_proj:sparse_nvfp4"": 4, ""gate_proj:dense_bf16"": 12, ""gate_proj:dense_nvfp4"": 6, ""gate_proj:sparse_bf16"": 9, ""gate_proj:sparse_nvfp4"": 5, ""k_proj:dense_bf16"": 12, ""k_proj:dense_nvfp4"": 8, ""k_proj:sparse_bf16"": 6, ""k_proj:sparse_nvfp4"": 6, ""o_proj:dense_bf16"": 15, ""o_proj:dense_nvfp4"": 4, ""o_proj:sparse_bf16"": 10, ""o_proj:sparse_nvfp4"": 3, ""q_proj:dense_bf16"": 15, ""q_proj:dense_nvfp4"": 7, ""q_proj:sparse_bf16"": 6, ""q_proj:sparse_nvfp4"": 4, ""up_proj:dense_bf16"": 13, ""up_proj:dense_nvfp4"": 5, ""up_proj:sparse_bf16"": 4, ""up_proj:sparse_nvfp4"": 10, ""v_proj:dense_bf16"": 12, ""v_proj:dense_nvfp4"": 6, ""v_proj:sparse_bf16"": 5, ""v_proj:sparse_nvfp4"": 9}","{""layers_00_07:dense_bf16"": 20, ""layers_00_07:dense_nvfp4"": 8, ""layers_00_07:sparse_bf16"": 13, ""layers_00_07:sparse_nvfp4"": 15, ""layers_08_15:dense_bf16"": 28, ""layers_08_15:dense_nvfp4"": 11, ""layers_08_15:sparse_bf16"": 11, ""layers_08_15:sparse_nvfp4"": 6, ""layers_16_23:dense_bf16"": 24, ""layers_16_23:dense_nvfp4"": 12, ""layers_16_23:sparse_bf16"": 10, ""layers_16_23:sparse_nvfp4"": 10, ""layers_24_31:dense_bf16"": 23, ""layers_24_31:dense_nvfp4"": 11, ""layers_24_31:sparse_bf16"": 12, ""layers_24_31:sparse_nvfp4"": 10}",-0.004399681837500002,,0.0,-0.09476792565469283
genimage_partial,GenImage-partial,random_mixed,137,,artifacts/debug/030_mirror_global_pareto/policies/stratified_keyfix_genimage/policy_137_random.json,0.0773920200625,0.98632812625,1.0,1.0,1536,0,100,50,42,32,0.1875,0.07987697859468416,38.95758879999999,4.754523069904461,1.7394536495688098,0.00848580420056405,4,182,"{""down_proj:dense_bf16"": 20, ""down_proj:dense_nvfp4"": 4, ""down_proj:sparse_bf16"": 8, ""gate_proj:dense_bf16"": 13, ""gate_proj:dense_nvfp4"": 7, ""gate_proj:sparse_bf16"": 5, ""gate_proj:sparse_nvfp4"": 7, ""k_proj:dense_bf16"": 15, ""k_proj:dense_nvfp4"": 8, ""k_proj:sparse_bf16"": 5, ""k_proj:sparse_nvfp4"": 4, ""o_proj:dense_bf16"": 13, ""o_proj:dense_nvfp4"": 9, ""o_proj:sparse_bf16"": 7, ""o_proj:sparse_nvfp4"": 3, ""q_proj:dense_bf16"": 12, ""q_proj:dense_nvfp4"": 6, ""q_proj:sparse_bf16"": 7, ""q_proj:sparse_nvfp4"": 7, ""up_proj:dense_bf16"": 14, ""up_proj:dense_nvfp4"": 8, ""up_proj:sparse_bf16"": 4, ""up_proj:sparse_nvfp4"": 6, ""v_proj:dense_bf16"": 13, ""v_proj:dense_nvfp4"": 8, ""v_proj:sparse_bf16"": 6, ""v_proj:sparse_nvfp4"": 5}","{""layers_00_07:dense_bf16"": 22, ""layers_00_07:dense_nvfp4"": 17, ""layers_00_07:sparse_bf16"": 9, ""layers_00_07:sparse_nvfp4"": 8, ""layers_08_15:dense_bf16"": 27, ""layers_08_15:dense_nvfp4"": 10, ""layers_08_15:sparse_bf16"": 13, ""layers_08_15:sparse_nvfp4"": 6, ""layers_16_23:dense_bf16"": 30, ""layers_16_23:dense_nvfp4"": 8, ""layers_16_23:sparse_bf16"": 10, ""layers_16_23:sparse_nvfp4"": 8, ""layers_24_31:dense_bf16"": 21, ""layers_24_31:dense_nvfp4"": 15, ""layers_24_31:sparse_bf16"": 10, ""layers_24_31:sparse_nvfp4"": 10}",0.016294778537499992,,0.016294778537499992,-0.06358220005718418
genimage_partial,GenImage-partial,random_mixed,184,,artifacts/debug/030_mirror_global_pareto/policies/stratified_keyfix_genimage/policy_184_random.json,0.0717461834,0.99153645875,0.99991862,0.99992340625,1536,0,103,32,45,44,0.20089285714285715,0.10378395869253604,40.95547041000001,5.854914114998604,1.8800284781719998,0.009587406517221526,4,179,"{""down_proj:dense_bf16"": 14, ""down_proj:dense_nvfp4"": 6, ""down_proj:sparse_bf16"": 5, ""down_proj:sparse_nvfp4"": 7, ""gate_proj:dense_bf16"": 14, ""gate_proj:dense_nvfp4"": 2, ""gate_proj:sparse_bf16"": 10, ""gate_proj:sparse_nvfp4"": 6, ""k_proj:dense_bf16"": 12, ""k_proj:dense_nvfp4"": 7, ""k_proj:sparse_bf16"": 6, ""k_proj:sparse_nvfp4"": 7, ""o_proj:dense_bf16"": 18, ""o_proj:dense_nvfp4"": 3, ""o_proj:sparse_bf16"": 8, ""o_proj:sparse_nvfp4"": 3, ""q_proj:dense_bf16"": 17, ""q_proj:dense_nvfp4"": 2, ""q_proj:sparse_bf16"": 6, ""q_proj:sparse_nvfp4"": 7, ""up_proj:dense_bf16"": 18, ""up_proj:dense_nvfp4"": 4, ""up_proj:sparse_bf16"": 3, ""up_proj:sparse_nvfp4"": 7, ""v_proj:dense_bf16"": 10, ""v_proj:dense_nvfp4"": 8, ""v_proj:sparse_bf16"": 7, ""v_proj:sparse_nvfp4"": 7}","{""layers_00_07:dense_bf16"": 29, ""layers_00_07:dense_nvfp4"": 8, ""layers_00_07:sparse_bf16"": 11, ""layers_00_07:sparse_nvfp4"": 8, ""layers_08_15:dense_bf16"": 24, ""layers_08_15:dense_nvfp4"": 6, ""layers_08_15:sparse_bf16"": 13, ""layers_08_15:sparse_nvfp4"": 13, ""layers_16_23:dense_bf16"": 30, ""layers_16_23:dense_nvfp4"": 8, ""layers_16_23:sparse_bf16"": 9, ""layers_16_23:sparse_nvfp4"": 9, ""layers_24_31:dense_bf16"": 20, ""layers_24_31:dense_nvfp4"": 10, ""layers_24_31:sparse_bf16"": 12, ""layers_24_31:sparse_nvfp4"": 14}",0.010648941874999991,,0.010648941874999991,-0.09313501681753605
genimage_partial,GenImage-partial,random_mixed,112,,artifacts/debug/030_mirror_global_pareto/policies/stratified_keyfix_genimage/policy_112_random.json,0.06025438795000001,0.99609375,0.99989149375,0.9998960825,1536,0,84,50,43,47,0.19196428571428573,0.10552107529350661,40.913399999999996,6.2328138044698935,2.02609291878731,0.009780681495820462,4,181,"{""down_proj:dense_bf16"": 10, ""down_proj:dense_nvfp4"": 8, ""down_proj:sparse_bf16"": 6, ""down_proj:sparse_nvfp4"": 8, ""gate_proj:dense_bf16"": 14, ""gate_proj:dense_nvfp4"": 8, ""gate_proj:sparse_bf16"": 3, ""gate_proj:sparse_nvfp4"": 7, ""k_proj:dense_bf16"": 12, ""k_proj:dense_nvfp4"": 6, ""k_proj:sparse_bf16"": 9, ""k_proj:sparse_nvfp4"": 5, ""o_proj:dense_bf16"": 14, ""o_proj:dense_nvfp4"": 4, ""o_proj:sparse_bf16"": 6, ""o_proj:sparse_nvfp4"": 8, ""q_proj:dense_bf16"": 10, ""q_proj:dense_nvfp4"": 10, ""q_proj:sparse_bf16"": 5, ""q_proj:sparse_nvfp4"": 7, ""up_proj:dense_bf16"": 11, ""up_proj:dense_nvfp4"": 8, ""up_proj:sparse_bf16"": 7, ""up_proj:sparse_nvfp4"": 6, ""v_proj:dense_bf16"": 13, ""v_proj:dense_nvfp4"": 6, ""v_proj:sparse_bf16"": 7, ""v_proj:sparse_nvfp4"": 6}","{""layers_00_07:dense_bf16"": 19, ""layers_00_07:dense_nvfp4"": 15, ""layers_00_07:sparse_bf16"": 10, ""layers_00_07:sparse_nvfp4"": 12, ""layers_08_15:dense_bf16"": 25, ""layers_08_15:dense_nvfp4"": 7, ""layers_08_15:sparse_bf16"": 9, ""layers_08_15:sparse_nvfp4"": 15, ""layers_16_23:dense_bf16"": 17, ""layers_16_23:dense_nvfp4"": 17, ""layers_16_23:sparse_bf16"": 14, ""layers_16_23:sparse_nvfp4"": 8, ""layers_24_31:dense_bf16"": 23, ""layers_24_31:dense_nvfp4"": 11, ""layers_24_31:sparse_bf16"": 10, ""layers_24_31:sparse_nvfp4"": 12}",-0.0008428535749999966,,0.0,-0.10552107529350661
genimage_partial,GenImage-partial,random_mixed,85,,artifacts/debug/030_mirror_global_pareto/policies/stratified_keyfix_genimage/policy_085_random.json,0.06609108000000001,0.9934895825,0.99982367625,0.99983551125,1536,0,95,46,46,37,0.20535714285714285,0.08853062697084337,40.1605552,5.488566278030333,1.8551921054211202,0.009463830445435119,4,178,"{""down_proj:dense_bf16"": 12, ""down_proj:dense_nvfp4"": 6, ""down_proj:sparse_bf16"": 6, ""down_proj:sparse_nvfp4"": 8, ""gate_proj:dense_bf16"": 11, ""gate_proj:dense_nvfp4"": 8, ""gate_proj:sparse_bf16"": 10, ""gate_proj:sparse_nvfp4"": 3, ""k_proj:dense_bf16"": 14, ""k_proj:dense_nvfp4"": 4, ""k_proj:sparse_bf16"": 10, ""k_proj:sparse_nvfp4"": 4, ""o_proj:dense_bf16"": 10, ""o_proj:dense_nvfp4"": 9, ""o_proj:sparse_bf16"": 9, ""o_proj:sparse_nvfp4"": 4, ""q_proj:dense_bf16"": 17, ""q_proj:dense_nvfp4"": 6, ""q_proj:sparse_bf16"": 6, ""q_proj:sparse_nvfp4"": 3, ""up_proj:dense_bf16"": 16, ""up_proj:dense_nvfp4"": 8, ""up_proj:sparse_bf16"": 1, ""up_proj:sparse_nvfp4"": 7, ""v_proj:dense_bf16"": 15, ""v_proj:dense_nvfp4"": 5, ""v_proj:sparse_bf16"": 4, ""v_proj:sparse_nvfp4"": 8}","{""layers_00_07:dense_bf16"": 21, ""layers_00_07:dense_nvfp4"": 12, ""layers_00_07:sparse_bf16"": 13, ""layers_00_07:sparse_nvfp4"": 10, ""layers_08_15:dense_bf16"": 25, ""layers_08_15:dense_nvfp4"": 10, ""layers_08_15:sparse_bf16"": 9, ""layers_08_15:sparse_nvfp4"": 12, ""layers_16_23:dense_bf16"": 21, ""layers_16_23:dense_nvfp4"": 15, ""layers_16_23:sparse_bf16"": 15, ""layers_16_23:sparse_nvfp4"": 5, ""layers_24_31:dense_bf16"": 28, ""layers_24_31:dense_nvfp4"": 9, ""layers_24_31:sparse_bf16"": 9, ""layers_24_31:sparse_nvfp4"": 10}",0.004993838475000005,,0.004993838475000005,-0.08353678849584337
genimage_partial,GenImage-partial,sparse_bf16_speed_ratio_0.5,38,,artifacts/debug/030_mirror_global_pareto/policies/stratified_keyfix_genimage/policy_038_sparse_bf16_speed_r0.5.json,0.06116658025,0.99609375,0.99997287375,0.9999730125,1536,0,112,0,112,0,0.5,0.024165382622817883,32.44361439999999,4.863085681296146,4.862389570195189,0.023950310078838525,2,112,"{""down_proj:dense_bf16"": 16, ""down_proj:sparse_bf16"": 16, ""gate_proj:dense_bf16"": 16, ""gate_proj:sparse_bf16"": 16, ""k_proj:dense_bf16"": 16, ""k_proj:sparse_bf16"": 16, ""o_proj:dense_bf16"": 16, ""o_proj:sparse_bf16"": 16, ""q_proj:dense_bf16"": 16, ""q_proj:sparse_bf16"": 16, ""up_proj:dense_bf16"": 16, ""up_proj:sparse_bf16"": 16, ""v_proj:dense_bf16"": 16, ""v_proj:sparse_bf16"": 16}","{""layers_00_07:dense_bf16"": 28, ""layers_00_07:sparse_bf16"": 28, ""layers_08_15:dense_bf16"": 28, ""layers_08_15:sparse_bf16"": 28, ""layers_16_23:dense_bf16"": 28, ""layers_16_23:sparse_bf16"": 28, ""layers_24_31:dense_bf16"": 28, ""layers_24_31:sparse_bf16"": 28}",6.933872499999272e-05,,6.933872499999272e-05,-0.02409604389781789
genimage_partial,GenImage-partial,random_mixed,138,,artifacts/debug/030_mirror_global_pareto/policies/stratified_keyfix_genimage/policy_138_random.json,0.0772493618,0.9889322925,0.9987453900000001,0.997368305,1536,0,95,40,41,48,0.18303571428571427,0.11734159632291966,40.720358410000024,6.546071370065972,1.8329351130133997,0.008712645323311787,4,183,"{""down_proj:dense_bf16"": 12, ""down_proj:dense_nvfp4"": 7, ""down_proj:sparse_bf16"": 7, ""down_proj:sparse_nvfp4"": 6, ""gate_proj:dense_bf16"": 17, ""gate_proj:dense_nvfp4"": 7, ""gate_proj:sparse_bf16"": 3, ""gate_proj:sparse_nvfp4"": 5, ""k_proj:dense_bf16"": 15, ""k_proj:dense_nvfp4"": 7, ""k_proj:sparse_bf16"": 4, ""k_proj:sparse_nvfp4"": 6, ""o_proj:dense_bf16"": 14, ""o_proj:dense_nvfp4"": 6, ""o_proj:sparse_bf16"": 9, ""o_proj:sparse_nvfp4"": 3, ""q_proj:dense_bf16"": 14, ""q_proj:dense_nvfp4"": 5, ""q_proj:sparse_bf16"": 3, ""q_proj:sparse_nvfp4"": 10, ""up_proj:dense_bf16"": 13, ""up_proj:dense_nvfp4"": 2, ""up_proj:sparse_bf16"": 5, ""up_proj:sparse_nvfp4"": 12, ""v_proj:dense_bf16"": 10, ""v_proj:dense_nvfp4"": 6, ""v_proj:sparse_bf16"": 10, ""v_proj:sparse_nvfp4"": 6}","{""layers_00_07:dense_bf16"": 24, ""layers_00_07:dense_nvfp4"": 12, ""layers_00_07:sparse_bf16"": 11, ""layers_00_07:sparse_nvfp4"": 9, ""layers_08_15:dense_bf16"": 19, ""layers_08_15:dense_nvfp4"": 12, ""layers_08_15:sparse_bf16"": 15, ""layers_08_15:sparse_nvfp4"": 10, ""layers_16_23:dense_bf16"": 22, ""layers_16_23:dense_nvfp4"": 9, ""layers_16_23:sparse_bf16"": 7, ""layers_16_23:sparse_nvfp4"": 18, ""layers_24_31:dense_bf16"": 30, ""layers_24_31:dense_nvfp4"": 7, ""layers_24_31:sparse_bf16"": 8, ""layers_24_31:sparse_nvfp4"": 11}",0.016152120274999994,,0.016152120274999994,-0.10118947604791967
genimage_partial,GenImage-partial,random_mixed,161,,artifacts/debug/030_mirror_global_pareto/policies/stratified_keyfix_genimage/policy_161_random.json,0.0673490403375,0.99479166875,1.0,1.0,1536,0,79,51,51,43,0.22767857142857142,0.10631327847597302,40.72450880000001,6.520506176258692,2.3489896804800003,0.011836492783682503,4,173,"{""down_proj:dense_bf16"": 14, ""down_proj:dense_nvfp4"": 6, ""down_proj:sparse_bf16"": 6, ""down_proj:sparse_nvfp4"": 6, ""gate_proj:dense_bf16"": 8, ""gate_proj:dense_nvfp4"": 8, ""gate_proj:sparse_bf16"": 14, ""gate_proj:sparse_nvfp4"": 2, ""k_proj:dense_bf16"": 14, ""k_proj:dense_nvfp4"": 6, ""k_proj:sparse_bf16"": 7, ""k_proj:sparse_nvfp4"": 5, ""o_proj:dense_bf16"": 10, ""o_proj:dense_nvfp4"": 7, ""o_proj:sparse_bf16"": 6, ""o_proj:sparse_nvfp4"": 9, ""q_proj:dense_bf16"": 7, ""q_proj:dense_nvfp4"": 10, ""q_proj:sparse_bf16"": 6, ""q_proj:sparse_nvfp4"": 9, ""up_proj:dense_bf16"": 11, ""up_proj:dense_nvfp4"": 9, ""up_proj:sparse_bf16"": 6, ""up_proj:sparse_nvfp4"": 6, ""v_proj:dense_bf16"": 15, ""v_proj:dense_nvfp4"": 5, ""v_proj:sparse_bf16"": 6, ""v_proj:sparse_nvfp4"": 6}","{""layers_00_07:dense_bf16"": 24, ""layers_00_07:dense_nvfp4"": 12, ""layers_00_07:sparse_bf16"": 10, ""layers_00_07:sparse_nvfp4"": 10, ""layers_08_15:dense_bf16"": 14, ""layers_08_15:dense_nvfp4"": 16, ""layers_08_15:sparse_bf16"": 14, ""layers_08_15:sparse_nvfp4"": 12, ""layers_16_23:dense_bf16"": 21, ""layers_16_23:dense_nvfp4"": 10, ""layers_16_23:sparse_bf16"": 11, ""layers_16_23:sparse_nvfp4"": 14, ""layers_24_31:dense_bf16"": 20, ""layers_24_31:dense_nvfp4"": 13, ""layers_24_31:sparse_bf16"": 16, ""layers_24_31:sparse_nvfp4"": 7}",0.006251798812499994,,0.006251798812499994,-0.10006147966347304
genimage_partial,GenImage-partial,random_mixed,185,,artifacts/debug/030_mirror_global_pareto/policies/stratified_keyfix_genimage/policy_185_random.json,0.057569313025000006,0.9986979175,0.9999864362499999,0.99998657625,1536,0,110,38,35,41,0.15625,0.10329811641403815,39.664086409999996,5.813352211653394,1.5196374886087405,0.007816909175334398,4,189,"{""down_proj:dense_bf16"": 12, ""down_proj:dense_nvfp4"": 7, ""down_proj:sparse_bf16"": 8, ""down_proj:sparse_nvfp4"": 5, ""gate_proj:dense_bf16"": 13, ""gate_proj:dense_nvfp4"": 10, ""gate_proj:sparse_bf16"": 6, ""gate_proj:sparse_nvfp4"": 3, ""k_proj:dense_bf16"": 19, ""k_proj:dense_nvfp4"": 5, ""k_proj:sparse_bf16"": 4, ""k_proj:sparse_nvfp4"": 4, ""o_proj:dense_bf16"": 17, ""o_proj:dense_nvfp4"": 7, ""o_proj:sparse_bf16"": 3, ""o_proj:sparse_nvfp4"": 5, ""q_proj:dense_bf16"": 12, ""q_proj:dense_nvfp4"": 5, ""q_proj:sparse_bf16"": 8, ""q_proj:sparse_nvfp4"": 7, ""up_proj:dense_bf16"": 18, ""up_proj:dense_nvfp4"": 2, ""up_proj:sparse_bf16"": 6, ""up_proj:sparse_nvfp4"": 6, ""v_proj:dense_bf16"": 19, ""v_proj:dense_nvfp4"": 2, ""v_proj:sparse_nvfp4"": 11}","{""layers_00_07:dense_bf16"": 31, ""layers_00_07:dense_nvfp4"": 11, ""layers_00_07:sparse_bf16"": 6, ""layers_00_07:sparse_nvfp4"": 8, ""layers_08_15:dense_bf16"": 26, ""layers_08_15:dense_nvfp4"": 12, ""layers_08_15:sparse_bf16"": 8, ""layers_08_15:sparse_nvfp4"": 10, ""layers_16_23:dense_bf16"": 27, ""layers_16_23:dense_nvfp4"": 9, ""layers_16_23:sparse_bf16"": 12, ""layers_16_23:sparse_nvfp4"": 8, ""layers_24_31:dense_bf16"": 26, ""layers_24_31:dense_nvfp4"": 6, ""layers_24_31:sparse_bf16"": 9, ""layers_24_31:sparse_nvfp4"": 15}",-0.0035279284999999994,,0.0,-0.10329811641403815
genimage_partial,GenImage-partial,random_mixed,113,,artifacts/debug/030_mirror_global_pareto/policies/stratified_keyfix_genimage/policy_113_random.json,0.05913710585,0.9947916675,0.9999864362499999,0.99998657625,1536,0,88,46,43,47,0.19196428571428573,0.1151962943740567,41.21175360000002,6.530535978968421,1.7314640713583103,0.008659399779607476,4,181,"{""down_proj:dense_bf16"": 9, ""down_proj:dense_nvfp4"": 10, ""down_proj:sparse_bf16"": 8, ""down_proj:sparse_nvfp4"": 5, ""gate_proj:dense_bf16"": 15, ""gate_proj:dense_nvfp4"": 8, ""gate_proj:sparse_bf16"": 2, ""gate_proj:sparse_nvfp4"": 7, ""k_proj:dense_bf16"": 15, ""k_proj:dense_nvfp4"": 2, ""k_proj:sparse_bf16"": 10, ""k_proj:sparse_nvfp4"": 5, ""o_proj:dense_bf16"": 11, ""o_proj:dense_nvfp4"": 7, ""o_proj:sparse_bf16"": 6, ""o_proj:sparse_nvfp4"": 8, ""q_proj:dense_bf16"": 12, ""q_proj:dense_nvfp4"": 8, ""q_proj:sparse_bf16"": 7, ""q_proj:sparse_nvfp4"": 5, ""up_proj:dense_bf16"": 14, ""up_proj:dense_nvfp4"": 3, ""up_proj:sparse_bf16"": 5, ""up_proj:sparse_nvfp4"": 10, ""v_proj:dense_bf16"": 12, ""v_proj:dense_nvfp4"": 8, ""v_proj:sparse_bf16"": 5, ""v_proj:sparse_nvfp4"": 7}","{""layers_00_07:dense_bf16"": 19, ""layers_00_07:dense_nvfp4"": 14, ""layers_00_07:sparse_bf16"": 13, ""layers_00_07:sparse_nvfp4"": 10, ""layers_08_15:dense_bf16"": 17, ""layers_08_15:dense_nvfp4"": 14, ""layers_08_15:sparse_bf16"": 11, ""layers_08_15:sparse_nvfp4"": 14, ""layers_16_23:dense_bf16"": 31, ""layers_16_23:dense_nvfp4"": 9, ""layers_16_23:sparse_bf16"": 7, ""layers_16_23:sparse_nvfp4"": 9, ""layers_24_31:dense_bf16"": 21, ""layers_24_31:dense_nvfp4"": 9, ""layers_24_31:sparse_bf16"": 12, ""layers_24_31:sparse_nvfp4"": 14}",-0.001960135675000002,,0.0,-0.1151962943740567
genimage_partial,GenImage-partial,sparse_bf16_speed_ratio_0.7,39,,artifacts/debug/030_mirror_global_pareto/policies/stratified_keyfix_genimage/policy_039_sparse_bf16_speed_r0.7.json,0.0685269235,0.99283854375,0.99964057,0.99965900125,1536,0,67,0,157,0,0.7008928571428571,0.03325349768088869,30.90229440000001,6.7437051138466195,6.74328296944285,0.03312307652316675,2,67,"{""down_proj:dense_bf16"": 9, ""down_proj:sparse_bf16"": 23, ""gate_proj:dense_bf16"": 10, ""gate_proj:sparse_bf16"": 22, ""k_proj:dense_bf16"": 8, ""k_proj:sparse_bf16"": 24, ""o_proj:dense_bf16"": 8, ""o_proj:sparse_bf16"": 24, ""q_proj:dense_bf16"": 10, ""q_proj:sparse_bf16"": 22, ""up_proj:dense_bf16"": 11, ""up_proj:sparse_bf16"": 21, ""v_proj:dense_bf16"": 11, ""v_proj:sparse_bf16"": 21}","{""layers_00_07:dense_bf16"": 17, ""layers_00_07:sparse_bf16"": 39, ""layers_08_15:dense_bf16"": 17, ""layers_08_15:sparse_bf16"": 39, ""layers_16_23:dense_bf16"": 16, ""layers_16_23:sparse_bf16"": 40, ""layers_24_31:dense_bf16"": 17, ""layers_24_31:sparse_bf16"": 39}",0.007429681974999998,,0.007429681974999998,-0.025823815705888695
genimage_partial,GenImage-partial,random_mixed,139,,artifacts/debug/030_mirror_global_pareto/policies/stratified_keyfix_genimage/policy_139_random.json,0.06351495360000001,0.9967447925,1.0,1.0,1536,0,93,49,34,48,0.15178571428571427,0.10612546696432919,40.41622880000001,6.106242413482181,1.80234367935481,0.008366458502487602,4,190,"{""down_proj:dense_bf16"": 16, ""down_proj:dense_nvfp4"": 5, ""down_proj:sparse_bf16"": 5, ""down_proj:sparse_nvfp4"": 6, ""gate_proj:dense_bf16"": 15, ""gate_proj:dense_nvfp4"": 4, ""gate_proj:sparse_bf16"": 3, ""gate_proj:sparse_nvfp4"": 10, ""k_proj:dense_bf16"": 11, ""k_proj:dense_nvfp4"": 9, ""k_proj:sparse_bf16"": 5, ""k_proj:sparse_nvfp4"": 7, ""o_proj:dense_bf16"": 7, ""o_proj:dense_nvfp4"": 7, ""o_proj:sparse_bf16"": 8, ""o_proj:sparse_nvfp4"": 10, ""q_proj:dense_bf16"": 18, ""q_proj:dense_nvfp4"": 6, ""q_proj:sparse_bf16"": 3, ""q_proj:sparse_nvfp4"": 5, ""up_proj:dense_bf16"": 9, ""up_proj:dense_nvfp4"": 13, ""up_proj:sparse_bf16"": 5, ""up_proj:sparse_nvfp4"": 5, ""v_proj:dense_bf16"": 17, ""v_proj:dense_nvfp4"": 5, ""v_proj:sparse_bf16"": 5, ""v_proj:sparse_nvfp4"": 5}","{""layers_00_07:dense_bf16"": 24, ""layers_00_07:dense_nvfp4"": 12, ""layers_00_07:sparse_bf16"": 8, ""layers_00_07:sparse_nvfp4"": 12, ""layers_08_15:dense_bf16"": 29, ""layers_08_15:dense_nvfp4"": 11, ""layers_08_15:sparse_bf16"": 5, ""layers_08_15:sparse_nvfp4"": 11, ""layers_16_23:dense_bf16"": 19, ""layers_16_23:dense_nvfp4"": 11, ""layers_16_23:sparse_bf16"": 10, ""layers_16_23:sparse_nvfp4"": 16, ""layers_24_31:dense_bf16"": 21, ""layers_24_31:dense_nvfp4"": 15, ""layers_24_31:sparse_bf16"": 11, ""layers_24_31:sparse_nvfp4"": 9}",0.0024177120750000017,,0.0024177120750000017,-0.10370775488932918
genimage_partial,GenImage-partial,random_mixed,162,,artifacts/debug/030_mirror_global_pareto/policies/stratified_keyfix_genimage/policy_162_random.json,0.0673280451,0.9934895825,0.9992947050000001,0.99897481375,1536,0,85,54,46,39,0.20535714285714285,0.09227399043958881,40.0718992,5.53857288435373,1.9011488753566996,0.009298317008793727,4,178,"{""down_proj:dense_bf16"": 10, ""down_proj:dense_nvfp4"": 7, ""down_proj:sparse_bf16"": 8, ""down_proj:sparse_nvfp4"": 7, ""gate_proj:dense_bf16"": 11, ""gate_proj:dense_nvfp4"": 8, ""gate_proj:sparse_bf16"": 5, ""gate_proj:sparse_nvfp4"": 8, ""k_proj:dense_bf16"": 15, ""k_proj:dense_nvfp4"": 4, ""k_proj:sparse_bf16"": 8, ""k_proj:sparse_nvfp4"": 5, ""o_proj:dense_bf16"": 18, ""o_proj:dense_nvfp4"": 8, ""o_proj:sparse_bf16"": 3, ""o_proj:sparse_nvfp4"": 3, ""q_proj:dense_bf16"": 13, ""q_proj:dense_nvfp4"": 11, ""q_proj:sparse_bf16"": 5, ""q_proj:sparse_nvfp4"": 3, ""up_proj:dense_bf16"": 10, ""up_proj:dense_nvfp4"": 5, ""up_proj:sparse_bf16"": 10, ""up_proj:sparse_nvfp4"": 7, ""v_proj:dense_bf16"": 8, ""v_proj:dense_nvfp4"": 11, ""v_proj:sparse_bf16"": 7, ""v_proj:sparse_nvfp4"": 6}","{""layers_00_07:dense_bf16"": 17, ""layers_00_07:dense_nvfp4"": 16, ""layers_00_07:sparse_bf16"": 14, ""layers_00_07:sparse_nvfp4"": 9, ""layers_08_15:dense_bf16"": 22, ""layers_08_15:dense_nvfp4"": 11, ""layers_08_15:sparse_bf16"": 14, ""layers_08_15:sparse_nvfp4"": 9, ""layers_16_23:dense_bf16"": 21, ""layers_16_23:dense_nvfp4"": 15, ""layers_16_23:sparse_bf16"": 9, ""layers_16_23:sparse_nvfp4"": 11, ""layers_24_31:dense_bf16"": 25, ""layers_24_31:dense_nvfp4"": 12, ""layers_24_31:sparse_bf16"": 9, ""layers_24_31:sparse_nvfp4"": 10}",0.006230803574999992,,0.006230803574999992,-0.08604318686458881
genimage_partial,GenImage-partial,random_mixed,86,,artifacts/debug/030_mirror_global_pareto/policies/stratified_keyfix_genimage/policy_086_random.json,0.058324680587500004,0.998046875,1.0,1.0,1536,0,84,54,47,39,0.20982142857142858,0.09468809401338855,40.36933760000001,5.693640254195972,1.8980482262276201,0.009619142472825689,4,177,"{""down_proj:dense_bf16"": 10, ""down_proj:dense_nvfp4"": 13, ""down_proj:sparse_bf16"": 5, ""down_proj:sparse_nvfp4"": 4, ""gate_proj:dense_bf16"": 12, ""gate_proj:dense_nvfp4"": 10, ""gate_proj:sparse_bf16"": 7, ""gate_proj:sparse_nvfp4"": 3, ""k_proj:dense_bf16"": 14, ""k_proj:dense_nvfp4"": 5, ""k_proj:sparse_bf16"": 7, ""k_proj:sparse_nvfp4"": 6, ""o_proj:dense_bf16"": 12, ""o_proj:dense_nvfp4"": 8, ""o_proj:sparse_bf16"": 6, ""o_proj:sparse_nvfp4"": 6, ""q_proj:dense_bf16"": 11, ""q_proj:dense_nvfp4"": 6, ""q_proj:sparse_bf16"": 8, ""q_proj:sparse_nvfp4"": 7, ""up_proj:dense_bf16"": 12, ""up_proj:dense_nvfp4"": 6, ""up_proj:sparse_bf16"": 6, ""up_proj:sparse_nvfp4"": 8, ""v_proj:dense_bf16"": 13, ""v_proj:dense_nvfp4"": 6, ""v_proj:sparse_bf16"": 8, ""v_proj:sparse_nvfp4"": 5}","{""layers_00_07:dense_bf16"": 22, ""layers_00_07:dense_nvfp4"": 11, ""layers_00_07:sparse_bf16"": 12, ""layers_00_07:sparse_nvfp4"": 11, ""layers_08_15:dense_bf16"": 26, ""layers_08_15:dense_nvfp4"": 7, ""layers_08_15:sparse_bf16"": 13, ""layers_08_15:sparse_nvfp4"": 10, ""layers_16_23:dense_bf16"": 16, ""layers_16_23:dense_nvfp4"": 19, ""layers_16_23:sparse_bf16"": 12, ""layers_16_23:sparse_nvfp4"": 9, ""layers_24_31:dense_bf16"": 20, ""layers_24_31:dense_nvfp4"": 17, ""layers_24_31:sparse_bf16"": 10, ""layers_24_31:sparse_nvfp4"": 9}",-0.0027725609375000015,,0.0,-0.09468809401338855
genimage_partial,GenImage-partial,random_mixed,186,,artifacts/debug/030_mirror_global_pareto/policies/stratified_keyfix_genimage/policy_186_random.json,0.061942835,0.99609375125,1.0,1.0,1536,0,87,49,41,47,0.18303571428571427,0.1074473611956734,41.396984000000025,5.8123815238025465,1.56461457429824,0.00804934873409676,4,183,"{""down_proj:dense_bf16"": 13, ""down_proj:dense_nvfp4"": 6, ""down_proj:sparse_bf16"": 4, ""down_proj:sparse_nvfp4"": 9, ""gate_proj:dense_bf16"": 12, ""gate_proj:dense_nvfp4"": 6, ""gate_proj:sparse_bf16"": 8, ""gate_proj:sparse_nvfp4"": 6, ""k_proj:dense_bf16"": 13, ""k_proj:dense_nvfp4"": 8, ""k_proj:sparse_bf16"": 5, ""k_proj:sparse_nvfp4"": 6, ""o_proj:dense_bf16"": 15, ""o_proj:dense_nvfp4"": 6, ""o_proj:sparse_bf16"": 4, ""o_proj:sparse_nvfp4"": 7, ""q_proj:dense_bf16"": 11, ""q_proj:dense_nvfp4"": 4, ""q_proj:sparse_bf16"": 10, ""q_proj:sparse_nvfp4"": 7, ""up_proj:dense_bf16"": 14, ""up_proj:dense_nvfp4"": 10, ""up_proj:sparse_bf16"": 6, ""up_proj:sparse_nvfp4"": 2, ""v_proj:dense_bf16"": 9, ""v_proj:dense_nvfp4"": 9, ""v_proj:sparse_bf16"": 4, ""v_proj:sparse_nvfp4"": 10}","{""layers_00_07:dense_bf16"": 26, ""layers_00_07:dense_nvfp4"": 7, ""layers_00_07:sparse_bf16"": 10, ""layers_00_07:sparse_nvfp4"": 13, ""layers_08_15:dense_bf16"": 19, ""layers_08_15:dense_nvfp4"": 10, ""layers_08_15:sparse_bf16"": 16, ""layers_08_15:sparse_nvfp4"": 11, ""layers_16_23:dense_bf16"": 21, ""layers_16_23:dense_nvfp4"": 16, ""layers_16_23:sparse_bf16"": 10, ""layers_16_23:sparse_nvfp4"": 9, ""layers_24_31:dense_bf16"": 21, ""layers_24_31:dense_nvfp4"": 16, ""layers_24_31:sparse_bf16"": 5, ""layers_24_31:sparse_nvfp4"": 14}",0.0008455934749999963,,0.0008455934749999963,-0.1066017677206734
genimage_partial,GenImage-partial,random_mixed,114,,artifacts/debug/030_mirror_global_pareto/policies/stratified_keyfix_genimage/policy_114_random.json,0.073902371925,0.9895833350000001,0.99986436625,0.99986846125,1536,0,97,45,38,44,0.16964285714285715,0.11589200797584778,40.644953600000015,6.4742738188268225,1.7754108267654398,0.008079092569786275,4,186,"{""down_proj:dense_bf16"": 11, ""down_proj:dense_nvfp4"": 6, ""down_proj:sparse_bf16"": 5, ""down_proj:sparse_nvfp4"": 10, ""gate_proj:dense_bf16"": 17, ""gate_proj:dense_nvfp4"": 6, ""gate_proj:sparse_bf16"": 5, ""gate_proj:sparse_nvfp4"": 4, ""k_proj:dense_bf16"": 13, ""k_proj:dense_nvfp4"": 9, ""k_proj:sparse_bf16"": 4, ""k_proj:sparse_nvfp4"": 6, ""o_proj:dense_bf16"": 12, ""o_proj:dense_nvfp4"": 5, ""o_proj:sparse_bf16"": 10, ""o_proj:sparse_nvfp4"": 5, ""q_proj:dense_bf16"": 17, ""q_proj:dense_nvfp4"": 7, ""q_proj:sparse_bf16"": 3, ""q_proj:sparse_nvfp4"": 5, ""up_proj:dense_bf16"": 14, ""up_proj:dense_nvfp4"": 6, ""up_proj:sparse_bf16"": 4, ""up_proj:sparse_nvfp4"": 8, ""v_proj:dense_bf16"": 13, ""v_proj:dense_nvfp4"": 6, ""v_proj:sparse_bf16"": 7, ""v_proj:sparse_nvfp4"": 6}","{""layers_00_07:dense_bf16"": 27, ""layers_00_07:dense_nvfp4"": 11, ""layers_00_07:sparse_bf16"": 9, ""layers_00_07:sparse_nvfp4"": 9, ""layers_08_15:dense_bf16"": 27, ""layers_08_15:dense_nvfp4"": 12, ""layers_08_15:sparse_bf16"": 13, ""layers_08_15:sparse_nvfp4"": 4, ""layers_16_23:dense_bf16"": 20, ""layers_16_23:dense_nvfp4"": 11, ""layers_16_23:sparse_bf16"": 7, ""layers_16_23:sparse_nvfp4"": 18, ""layers_24_31:dense_bf16"": 23, ""layers_24_31:dense_nvfp4"": 11, ""layers_24_31:sparse_bf16"": 9, ""layers_24_31:sparse_nvfp4"": 13}",0.012805130399999996,,0.012805130399999996,-0.10308687757584778
genimage_partial,GenImage-partial,random_mixed,163,,artifacts/debug/030_mirror_global_pareto/policies/stratified_keyfix_genimage/policy_163_random.json,0.0720221587375,0.9928385425,0.9999864362499999,0.99998657625,1536,0,92,44,40,48,0.17857142857142858,0.10395964078844855,40.43273599999999,5.9306182572665405,1.8219843540420002,0.009261380785328586,4,184,"{""down_proj:dense_bf16"": 11, ""down_proj:dense_nvfp4"": 7, ""down_proj:sparse_bf16"": 6, ""down_proj:sparse_nvfp4"": 8, ""gate_proj:dense_bf16"": 13, ""gate_proj:dense_nvfp4"": 8, ""gate_proj:sparse_bf16"": 5, ""gate_proj:sparse_nvfp4"": 6, ""k_proj:dense_bf16"": 11, ""k_proj:dense_nvfp4"": 2, ""k_proj:sparse_bf16"": 8, ""k_proj:sparse_nvfp4"": 11, ""o_proj:dense_bf16"": 11, ""o_proj:dense_nvfp4"": 9, ""o_proj:sparse_bf16"": 6, ""o_proj:sparse_nvfp4"": 6, ""q_proj:dense_bf16"": 14, ""q_proj:dense_nvfp4"": 7, ""q_proj:sparse_bf16"": 7, ""q_proj:sparse_nvfp4"": 4, ""up_proj:dense_bf16"": 14, ""up_proj:dense_nvfp4"": 4, ""up_proj:sparse_bf16"": 5, ""up_proj:sparse_nvfp4"": 9, ""v_proj:dense_bf16"": 18, ""v_proj:dense_nvfp4"": 7, ""v_proj:sparse_bf16"": 3, ""v_proj:sparse_nvfp4"": 4}","{""layers_00_07:dense_bf16"": 22, ""layers_00_07:dense_nvfp4"": 13, ""layers_00_07:sparse_bf16"": 8, ""layers_00_07:sparse_nvfp4"": 13, ""layers_08_15:dense_bf16"": 23, ""layers_08_15:dense_nvfp4"": 9, ""layers_08_15:sparse_bf16"": 11, ""layers_08_15:sparse_nvfp4"": 13, ""layers_16_23:dense_bf16"": 27, ""layers_16_23:dense_nvfp4"": 8, ""layers_16_23:sparse_bf16"": 11, ""layers_16_23:sparse_nvfp4"": 10, ""layers_24_31:dense_bf16"": 20, ""layers_24_31:dense_nvfp4"": 14, ""layers_24_31:sparse_bf16"": 10, ""layers_24_31:sparse_nvfp4"": 12}",0.010924917212499989,,0.010924917212499989,-0.09303472357594855
genimage_partial,GenImage-partial,random_mixed,140,,artifacts/debug/030_mirror_global_pareto/policies/stratified_keyfix_genimage/policy_140_random.json,0.0632949394,0.99739583375,0.9998440212499999,0.9998527175,1536,0,93,45,38,48,0.16964285714285715,0.10784266793489253,40.35800800000005,6.113776529351122,1.6253830166814398,0.008054148149204911,4,186,"{""down_proj:dense_bf16"": 17, ""down_proj:dense_nvfp4"": 6, ""down_proj:sparse_bf16"": 4, ""down_proj:sparse_nvfp4"": 5, ""gate_proj:dense_bf16"": 10, ""gate_proj:dense_nvfp4"": 6, ""gate_proj:sparse_bf16"": 8, ""gate_proj:sparse_nvfp4"": 8, ""k_proj:dense_bf16"": 15, ""k_proj:dense_nvfp4"": 8, ""k_proj:sparse_bf16"": 4, ""k_proj:sparse_nvfp4"": 5, ""o_proj:dense_bf16"": 13, ""o_proj:dense_nvfp4"": 6, ""o_proj:sparse_bf16"": 4, ""o_proj:sparse_nvfp4"": 9, ""q_proj:dense_bf16"": 14, ""q_proj:dense_nvfp4"": 6, ""q_proj:sparse_bf16"": 7, ""q_proj:sparse_nvfp4"": 5, ""up_proj:dense_bf16"": 9, ""up_proj:dense_nvfp4"": 7, ""up_proj:sparse_bf16"": 6, ""up_proj:sparse_nvfp4"": 10, ""v_proj:dense_bf16"": 15, ""v_proj:dense_nvfp4"": 6, ""v_proj:sparse_bf16"": 5, ""v_proj:sparse_nvfp4"": 6}","{""layers_00_07:dense_bf16"": 22, ""layers_00_07:dense_nvfp4"": 11, ""layers_00_07:sparse_bf16"": 11, ""layers_00_07:sparse_nvfp4"": 12, ""layers_08_15:dense_bf16"": 21, ""layers_08_15:dense_nvfp4"": 11, ""layers_08_15:sparse_bf16"": 12, ""layers_08_15:sparse_nvfp4"": 12, ""layers_16_23:dense_bf16"": 25, ""layers_16_23:dense_nvfp4"": 15, ""layers_16_23:sparse_bf16"": 10, ""layers_16_23:sparse_nvfp4"": 6, ""layers_24_31:dense_bf16"": 25, ""layers_24_31:dense_nvfp4"": 8, ""layers_24_31:sparse_bf16"": 5, ""layers_24_31:sparse_nvfp4"": 18}",0.0021976978749999945,,0.0021976978749999945,-0.10564497005989254
genimage_partial,GenImage-partial,random_mixed,187,,artifacts/debug/030_mirror_global_pareto/policies/stratified_keyfix_genimage/policy_187_random.json,0.0607963936,0.998046875,0.99995931,0.9999605425,1536,0,102,39,43,40,0.19196428571428573,0.0919793265888374,40.97473600000001,5.697375216983667,2.0871788337343,0.009890945750316913,4,181,"{""down_proj:dense_bf16"": 15, ""down_proj:dense_nvfp4"": 6, ""down_proj:sparse_bf16"": 6, ""down_proj:sparse_nvfp4"": 5, ""gate_proj:dense_bf16"": 19, ""gate_proj:dense_nvfp4"": 2, ""gate_proj:sparse_bf16"": 4, ""gate_proj:sparse_nvfp4"": 7, ""k_proj:dense_bf16"": 12, ""k_proj:dense_nvfp4"": 10, ""k_proj:sparse_bf16"": 4, ""k_proj:sparse_nvfp4"": 6, ""o_proj:dense_bf16"": 12, ""o_proj:dense_nvfp4"": 6, ""o_proj:sparse_bf16"": 8, ""o_proj:sparse_nvfp4"": 6, ""q_proj:dense_bf16"": 17, ""q_proj:dense_nvfp4"": 3, ""q_proj:sparse_bf16"": 7, ""q_proj:sparse_nvfp4"": 5, ""up_proj:dense_bf16"": 16, ""up_proj:dense_nvfp4"": 5, ""up_proj:sparse_bf16"": 8, ""up_proj:sparse_nvfp4"": 3, ""v_proj:dense_bf16"": 11, ""v_proj:dense_nvfp4"": 7, ""v_proj:sparse_bf16"": 6, ""v_proj:sparse_nvfp4"": 8}","{""layers_00_07:dense_bf16"": 25, ""layers_00_07:dense_nvfp4"": 10, ""layers_00_07:sparse_bf16"": 9, ""layers_00_07:sparse_nvfp4"": 12, ""layers_08_15:dense_bf16"": 24, ""layers_08_15:dense_nvfp4"": 9, ""layers_08_15:sparse_bf16"": 12, ""layers_08_15:sparse_nvfp4"": 11, ""layers_16_23:dense_bf16"": 26, ""layers_16_23:dense_nvfp4"": 9, ""layers_16_23:sparse_bf16"": 13, ""layers_16_23:sparse_nvfp4"": 8, ""layers_24_31:dense_bf16"": 27, ""layers_24_31:dense_nvfp4"": 11, ""layers_24_31:sparse_bf16"": 9, ""layers_24_31:sparse_nvfp4"": 9}",-0.00030084792500000707,,0.0,-0.0919793265888374
genimage_partial,GenImage-partial,random_mixed,115,,artifacts/debug/030_mirror_global_pareto/policies/stratified_keyfix_genimage/policy_115_random.json,0.062051204887499996,0.99544270875,0.9999864362499999,0.99998657625,1536,0,89,35,57,43,0.2544642857142857,0.09959503860675514,39.44419680000003,6.1158895737139565,2.4408562464465504,0.012315485152501443,4,167,"{""down_proj:dense_bf16"": 14, ""down_proj:dense_nvfp4"": 5, ""down_proj:sparse_bf16"": 10, ""down_proj:sparse_nvfp4"": 3, ""gate_proj:dense_bf16"": 11, ""gate_proj:dense_nvfp4"": 5, ""gate_proj:sparse_bf16"": 6, ""gate_proj:sparse_nvfp4"": 10, ""k_proj:dense_bf16"": 10, ""k_proj:dense_nvfp4"": 4, ""k_proj:sparse_bf16"": 12, ""k_proj:sparse_nvfp4"": 6, ""o_proj:dense_bf16"": 12, ""o_proj:dense_nvfp4"": 6, ""o_proj:sparse_bf16"": 7, ""o_proj:sparse_nvfp4"": 7, ""q_proj:dense_bf16"": 14, ""q_proj:dense_nvfp4"": 4, ""q_proj:sparse_bf16"": 7, ""q_proj:sparse_nvfp4"": 7, ""up_proj:dense_bf16"": 16, ""up_proj:dense_nvfp4"": 4, ""up_proj:sparse_bf16"": 7, ""up_proj:sparse_nvfp4"": 5, ""v_proj:dense_bf16"": 12, ""v_proj:dense_nvfp4"": 7, ""v_proj:sparse_bf16"": 8, ""v_proj:sparse_nvfp4"": 5}","{""layers_00_07:dense_bf16"": 29, ""layers_00_07:dense_nvfp4"": 7, ""layers_00_07:sparse_bf16"": 11, ""layers_00_07:sparse_nvfp4"": 9, ""layers_08_15:dense_bf16"": 20, ""layers_08_15:dense_nvfp4"": 8, ""layers_08_15:sparse_bf16"": 14, ""layers_08_15:sparse_nvfp4"": 14, ""layers_16_23:dense_bf16"": 23, ""layers_16_23:dense_nvfp4"": 8, ""layers_16_23:sparse_bf16"": 16, ""layers_16_23:sparse_nvfp4"": 9, ""layers_24_31:dense_bf16"": 17, ""layers_24_31:dense_nvfp4"": 12, ""layers_24_31:sparse_bf16"": 16, ""layers_24_31:sparse_nvfp4"": 11}",0.0009539633624999905,,0.0009539633624999905,-0.09864107524425515
genimage_partial,GenImage-partial,sparse_bf16_speed_ratio_0.9,40,,artifacts/debug/030_mirror_global_pareto/policies/stratified_keyfix_genimage/policy_040_sparse_bf16_speed_r0.9.json,0.0852248921125,0.986328125,0.999037,0.99909957375,1536,0,22,0,202,0,0.9017857142857143,0.04308026710298137,29.399464,8.75969973088867,8.759559852451451,0.04303705062650809,2,22,"{""down_proj:dense_bf16"": 3, ""down_proj:sparse_bf16"": 29, ""gate_proj:dense_bf16"": 3, ""gate_proj:sparse_bf16"": 29, ""k_proj:dense_bf16"": 3, ""k_proj:sparse_bf16"": 29, ""o_proj:dense_bf16"": 2, ""o_proj:sparse_bf16"": 30, ""q_proj:dense_bf16"": 3, ""q_proj:sparse_bf16"": 29, ""up_proj:dense_bf16"": 4, ""up_proj:sparse_bf16"": 28, ""v_proj:dense_bf16"": 4, ""v_proj:sparse_bf16"": 28}","{""layers_00_07:dense_bf16"": 5, ""layers_00_07:sparse_bf16"": 51, ""layers_08_15:dense_bf16"": 6, ""layers_08_15:sparse_bf16"": 50, ""layers_16_23:dense_bf16"": 6, ""layers_16_23:sparse_bf16"": 50, ""layers_24_31:dense_bf16"": 5, ""layers_24_31:sparse_bf16"": 51}",0.0241276505875,,0.0241276505875,-0.01895261651548137
genimage_partial,GenImage-partial,random_mixed,87,,artifacts/debug/030_mirror_global_pareto/policies/stratified_keyfix_genimage/policy_087_random.json,0.069358745275,0.9921875,0.9999728725,0.9999731525,1536,0,88,51,38,47,0.16964285714285715,0.10114013065194538,42.133844800000034,5.915910707885463,1.7885568455710001,0.008596895899775423,4,186,"{""down_proj:dense_bf16"": 8, ""down_proj:dense_nvfp4"": 10, ""down_proj:sparse_bf16"": 8, ""down_proj:sparse_nvfp4"": 6, ""gate_proj:dense_bf16"": 19, ""gate_proj:dense_nvfp4"": 5, ""gate_proj:sparse_bf16"": 4, ""gate_proj:sparse_nvfp4"": 4, ""k_proj:dense_bf16"": 13, ""k_proj:dense_nvfp4"": 5, ""k_proj:sparse_bf16"": 6, ""k_proj:sparse_nvfp4"": 8, ""o_proj:dense_bf16"": 10, ""o_proj:dense_nvfp4"": 11, ""o_proj:sparse_bf16"": 6, ""o_proj:sparse_nvfp4"": 5, ""q_proj:dense_bf16"": 13, ""q_proj:dense_nvfp4"": 6, ""q_proj:sparse_bf16"": 6, ""q_proj:sparse_nvfp4"": 7, ""up_proj:dense_bf16"": 14, ""up_proj:dense_nvfp4"": 6, ""up_proj:sparse_bf16"": 4, ""up_proj:sparse_nvfp4"": 8, ""v_proj:dense_bf16"": 11, ""v_proj:dense_nvfp4"": 8, ""v_proj:sparse_bf16"": 4, ""v_proj:sparse_nvfp4"": 9}","{""layers_00_07:dense_bf16"": 17, ""layers_00_07:dense_nvfp4"": 15, ""layers_00_07:sparse_bf16"": 7, ""layers_00_07:sparse_nvfp4"": 17, ""layers_08_15:dense_bf16"": 21, ""layers_08_15:dense_nvfp4"": 18, ""layers_08_15:sparse_bf16"": 7, ""layers_08_15:sparse_nvfp4"": 10, ""layers_16_23:dense_bf16"": 24, ""layers_16_23:dense_nvfp4"": 10, ""layers_16_23:sparse_bf16"": 11, ""layers_16_23:sparse_nvfp4"": 11, ""layers_24_31:dense_bf16"": 26, ""layers_24_31:dense_nvfp4"": 8, ""layers_24_31:sparse_bf16"": 13, ""layers_24_31:sparse_nvfp4"": 9}",0.008261503749999989,,0.008261503749999989,-0.0928786269019454
genimage_partial,GenImage-partial,random_mixed,141,,artifacts/debug/030_mirror_global_pareto/policies/stratified_keyfix_genimage/policy_141_random.json,0.08644693534999999,0.984375,0.99985758375,0.999859425,1536,0,89,47,50,38,0.22321428571428573,0.09992180687497654,40.32167999999999,6.152357638974993,2.03376619670482,0.01014051744073219,4,174,"{""down_proj:dense_bf16"": 14, ""down_proj:dense_nvfp4"": 7, ""down_proj:sparse_bf16"": 5, ""down_proj:sparse_nvfp4"": 6, ""gate_proj:dense_bf16"": 16, ""gate_proj:dense_nvfp4"": 4, ""gate_proj:sparse_bf16"": 7, ""gate_proj:sparse_nvfp4"": 5, ""k_proj:dense_bf16"": 15, ""k_proj:dense_nvfp4"": 8, ""k_proj:sparse_bf16"": 5, ""k_proj:sparse_nvfp4"": 4, ""o_proj:dense_bf16"": 8, ""o_proj:dense_nvfp4"": 8, ""o_proj:sparse_bf16"": 4, ""o_proj:sparse_nvfp4"": 12, ""q_proj:dense_bf16"": 11, ""q_proj:dense_nvfp4"": 7, ""q_proj:sparse_bf16"": 10, ""q_proj:sparse_nvfp4"": 4, ""up_proj:dense_bf16"": 11, ""up_proj:dense_nvfp4"": 8, ""up_proj:sparse_bf16"": 10, ""up_proj:sparse_nvfp4"": 3, ""v_proj:dense_bf16"": 14, ""v_proj:dense_nvfp4"": 5, ""v_proj:sparse_bf16"": 9, ""v_proj:sparse_nvfp4"": 4}","{""layers_00_07:dense_bf16"": 23, ""layers_00_07:dense_nvfp4"": 15, ""layers_00_07:sparse_bf16"": 12, ""layers_00_07:sparse_nvfp4"": 6, ""layers_08_15:dense_bf16"": 26, ""layers_08_15:dense_nvfp4"": 8, ""layers_08_15:sparse_bf16"": 11, ""layers_08_15:sparse_nvfp4"": 11, ""layers_16_23:dense_bf16"": 16, ""layers_16_23:dense_nvfp4"": 15, ""layers_16_23:sparse_bf16"": 11, ""layers_16_23:sparse_nvfp4"": 14, ""layers_24_31:dense_bf16"": 24, ""layers_24_31:dense_nvfp4"": 9, ""layers_24_31:sparse_bf16"": 16, ""layers_24_31:sparse_nvfp4"": 7}",0.025349693824999985,,0.025349693824999985,-0.07457211304997655
genimage_partial,GenImage-partial,random_mixed,164,,artifacts/debug/030_mirror_global_pareto/policies/stratified_keyfix_genimage/policy_164_random.json,0.061434728562500006,0.99609375125,0.9999864362499999,0.99998657625,1536,0,111,42,32,39,0.14285714285714285,0.07551567264569142,40.377844800000005,4.194085025660732,1.2556843978622998,0.006325526062918139,4,192,"{""down_proj:dense_bf16"": 14, ""down_proj:dense_nvfp4"": 7, ""down_proj:sparse_bf16"": 7, ""down_proj:sparse_nvfp4"": 4, ""gate_proj:dense_bf16"": 17, ""gate_proj:dense_nvfp4"": 3, ""gate_proj:sparse_bf16"": 6, ""gate_proj:sparse_nvfp4"": 6, ""k_proj:dense_bf16"": 15, ""k_proj:dense_nvfp4"": 6, ""k_proj:sparse_bf16"": 3, ""k_proj:sparse_nvfp4"": 8, ""o_proj:dense_bf16"": 15, ""o_proj:dense_nvfp4"": 10, ""o_proj:sparse_bf16"": 2, ""o_proj:sparse_nvfp4"": 5, ""q_proj:dense_bf16"": 16, ""q_proj:dense_nvfp4"": 5, ""q_proj:sparse_bf16"": 3, ""q_proj:sparse_nvfp4"": 8, ""up_proj:dense_bf16"": 18, ""up_proj:dense_nvfp4"": 3, ""up_proj:sparse_bf16"": 7, ""up_proj:sparse_nvfp4"": 4, ""v_proj:dense_bf16"": 16, ""v_proj:dense_nvfp4"": 8, ""v_proj:sparse_bf16"": 4, ""v_proj:sparse_nvfp4"": 4}","{""layers_00_07:dense_bf16"": 20, ""layers_00_07:dense_nvfp4"": 12, ""layers_00_07:sparse_bf16"": 10, ""layers_00_07:sparse_nvfp4"": 14, ""layers_08_15:dense_bf16"": 29, ""layers_08_15:dense_nvfp4"": 9, ""layers_08_15:sparse_bf16"": 6, ""layers_08_15:sparse_nvfp4"": 12, ""layers_16_23:dense_bf16"": 30, ""layers_16_23:dense_nvfp4"": 14, ""layers_16_23:sparse_bf16"": 7, ""layers_16_23:sparse_nvfp4"": 5, ""layers_24_31:dense_bf16"": 32, ""layers_24_31:dense_nvfp4"": 7, ""layers_24_31:sparse_bf16"": 9, ""layers_24_31:sparse_nvfp4"": 8}",0.00033748703750000053,,0.00033748703750000053,-0.07517818560819142
genimage_partial,GenImage-partial,random_mixed,188,,artifacts/debug/030_mirror_global_pareto/policies/stratified_keyfix_genimage/policy_188_random.json,0.064665211125,0.9928385425,0.99994574625,0.99994644,1536,0,97,50,33,44,0.14732142857142858,0.10861795121006934,41.4002064,5.98259012110503,1.5364900094832998,0.007387609946103739,4,191,"{""down_proj:dense_bf16"": 11, ""down_proj:dense_nvfp4"": 7, ""down_proj:sparse_bf16"": 8, ""down_proj:sparse_nvfp4"": 6, ""gate_proj:dense_bf16"": 13, ""gate_proj:dense_nvfp4"": 9, ""gate_proj:sparse_bf16"": 5, ""gate_proj:sparse_nvfp4"": 5, ""k_proj:dense_bf16"": 16, ""k_proj:dense_nvfp4"": 8, ""k_proj:sparse_bf16"": 3, ""k_proj:sparse_nvfp4"": 5, ""o_proj:dense_bf16"": 16, ""o_proj:dense_nvfp4"": 5, ""o_proj:sparse_bf16"": 5, ""o_proj:sparse_nvfp4"": 6, ""q_proj:dense_bf16"": 13, ""q_proj:dense_nvfp4"": 5, ""q_proj:sparse_bf16"": 5, ""q_proj:sparse_nvfp4"": 9, ""up_proj:dense_bf16"": 16, ""up_proj:dense_nvfp4"": 8, ""up_proj:sparse_bf16"": 4, ""up_proj:sparse_nvfp4"": 4, ""v_proj:dense_bf16"": 12, ""v_proj:dense_nvfp4"": 8, ""v_proj:sparse_bf16"": 3, ""v_proj:sparse_nvfp4"": 9}","{""layers_00_07:dense_bf16"": 27, ""layers_00_07:dense_nvfp4"": 15, ""layers_00_07:sparse_bf16"": 5, ""layers_00_07:sparse_nvfp4"": 9, ""layers_08_15:dense_bf16"": 29, ""layers_08_15:dense_nvfp4"": 9, ""layers_08_15:sparse_bf16"": 7, ""layers_08_15:sparse_nvfp4"": 11, ""layers_16_23:dense_bf16"": 22, ""layers_16_23:dense_nvfp4"": 13, ""layers_16_23:sparse_bf16"": 10, ""layers_16_23:sparse_nvfp4"": 11, ""layers_24_31:dense_bf16"": 19, ""layers_24_31:dense_nvfp4"": 13, ""layers_24_31:sparse_bf16"": 11, ""layers_24_31:sparse_nvfp4"": 13}",0.0035679695999999914,,0.0035679695999999914,-0.10504998161006934
genimage_partial,GenImage-partial,random_mixed,116,,artifacts/debug/030_mirror_global_pareto/policies/stratified_keyfix_genimage/policy_116_random.json,0.0751131375625,0.98958333375,0.99947103,0.99948497375,1536,0,82,46,46,50,0.20535714285714285,0.11463871320014163,40.343150400000006,6.597460978499628,2.0900753705539,0.010300492495451022,4,178,"{""down_proj:dense_bf16"": 13, ""down_proj:dense_nvfp4"": 5, ""down_proj:sparse_bf16"": 6, ""down_proj:sparse_nvfp4"": 8, ""gate_proj:dense_bf16"": 8, ""gate_proj:dense_nvfp4"": 7, ""gate_proj:sparse_bf16"": 6, ""gate_proj:sparse_nvfp4"": 11, ""k_proj:dense_bf16"": 15, ""k_proj:dense_nvfp4"": 4, ""k_proj:sparse_bf16"": 8, ""k_proj:sparse_nvfp4"": 5, ""o_proj:dense_bf16"": 7, ""o_proj:dense_nvfp4"": 7, ""o_proj:sparse_bf16"": 9, ""o_proj:sparse_nvfp4"": 9, ""q_proj:dense_bf16"": 10, ""q_proj:dense_nvfp4"": 9, ""q_proj:sparse_bf16"": 5, ""q_proj:sparse_nvfp4"": 8, ""up_proj:dense_bf16"": 14, ""up_proj:dense_nvfp4"": 7, ""up_proj:sparse_bf16"": 5, ""up_proj:sparse_nvfp4"": 6, ""v_proj:dense_bf16"": 15, ""v_proj:dense_nvfp4"": 7, ""v_proj:sparse_bf16"": 7, ""v_proj:sparse_nvfp4"": 3}","{""layers_00_07:dense_bf16"": 24, ""layers_00_07:dense_nvfp4"": 10, ""layers_00_07:sparse_bf16"": 10, ""layers_00_07:sparse_nvfp4"": 12, ""layers_08_15:dense_bf16"": 18, ""layers_08_15:dense_nvfp4"": 9, ""layers_08_15:sparse_bf16"": 15, ""layers_08_15:sparse_nvfp4"": 14, ""layers_16_23:dense_bf16"": 18, ""layers_16_23:dense_nvfp4"": 14, ""layers_16_23:sparse_bf16"": 12, ""layers_16_23:sparse_nvfp4"": 12, ""layers_24_31:dense_bf16"": 22, ""layers_24_31:dense_nvfp4"": 13, ""layers_24_31:sparse_bf16"": 9, ""layers_24_31:sparse_nvfp4"": 12}",0.014015896037499996,,0.014015896037499996,-0.10062281716264163
genimage_partial,GenImage-partial,random_mixed,142,,artifacts/debug/030_mirror_global_pareto/policies/stratified_keyfix_genimage/policy_142_random.json,0.060008940975,0.9967447925,0.9998914925,0.99988867125,1536,0,92,46,45,41,0.20089285714285715,0.10234712518155488,39.73007040000003,5.863993889676335,1.9036844587118098,0.009062586254676023,4,179,"{""down_proj:dense_bf16"": 11, ""down_proj:dense_nvfp4"": 5, ""down_proj:sparse_bf16"": 11, ""down_proj:sparse_nvfp4"": 5, ""gate_proj:dense_bf16"": 15, ""gate_proj:dense_nvfp4"": 5, ""gate_proj:sparse_bf16"": 4, ""gate_proj:sparse_nvfp4"": 8, ""k_proj:dense_bf16"": 12, ""k_proj:dense_nvfp4"": 7, ""k_proj:sparse_bf16"": 8, ""k_proj:sparse_nvfp4"": 5, ""o_proj:dense_bf16"": 11, ""o_proj:dense_nvfp4"": 10, ""o_proj:sparse_bf16"": 6, ""o_proj:sparse_nvfp4"": 5, ""q_proj:dense_bf16"": 14, ""q_proj:dense_nvfp4"": 8, ""q_proj:sparse_bf16"": 3, ""q_proj:sparse_nvfp4"": 7, ""up_proj:dense_bf16"": 12, ""up_proj:dense_nvfp4"": 7, ""up_proj:sparse_bf16"": 8, ""up_proj:sparse_nvfp4"": 5, ""v_proj:dense_bf16"": 17, ""v_proj:dense_nvfp4"": 4, ""v_proj:sparse_bf16"": 5, ""v_proj:sparse_nvfp4"": 6}","{""layers_00_07:dense_bf16"": 21, ""layers_00_07:dense_nvfp4"": 12, ""layers_00_07:sparse_bf16"": 15, ""layers_00_07:sparse_nvfp4"": 8, ""layers_08_15:dense_bf16"": 24, ""layers_08_15:dense_nvfp4"": 9, ""layers_08_15:sparse_bf16"": 12, ""layers_08_15:sparse_nvfp4"": 11, ""layers_16_23:dense_bf16"": 29, ""layers_16_23:dense_nvfp4"": 12, ""layers_16_23:sparse_bf16"": 6, ""layers_16_23:sparse_nvfp4"": 9, ""layers_24_31:dense_bf16"": 18, ""layers_24_31:dense_nvfp4"": 13, ""layers_24_31:sparse_bf16"": 12, ""layers_24_31:sparse_nvfp4"": 13}",-0.0010883005500000043,,0.0,-0.10234712518155488
genimage_partial,GenImage-partial,sparse_bf16_speed_ratio_1,41,,artifacts/debug/030_mirror_global_pareto/policies/stratified_keyfix_genimage/policy_041_sparse_bf16_speed_r1.json,0.11334800785,0.9720052075,0.9983995225,0.9985126025,1536,0,0,0,224,0,1.0,0.04816624059094303,28.548273599999998,9.796186026634452,9.796186026634452,0.04816624059094303,1,0,"{""down_proj:sparse_bf16"": 32, ""gate_proj:sparse_bf16"": 32, ""k_proj:sparse_bf16"": 32, ""o_proj:sparse_bf16"": 32, ""q_proj:sparse_bf16"": 32, ""up_proj:sparse_bf16"": 32, ""v_proj:sparse_bf16"": 32}","{""layers_00_07:sparse_bf16"": 56, ""layers_08_15:sparse_bf16"": 56, ""layers_16_23:sparse_bf16"": 56, ""layers_24_31:sparse_bf16"": 56}",0.052250766324999996,,0.052250766324999996,0.0040845257340569666
genimage_partial,GenImage-partial,random_mixed,165,,artifacts/debug/030_mirror_global_pareto/policies/stratified_keyfix_genimage/policy_165_random.json,0.059139571425,0.9967447925,1.0,1.0,1536,0,105,39,45,35,0.20089285714285715,0.09023447608854258,39.39964160000001,5.471859953396714,1.99624596685271,0.009401293755461703,4,179,"{""down_proj:dense_bf16"": 19, ""down_proj:dense_nvfp4"": 6, ""down_proj:sparse_bf16"": 5, ""down_proj:sparse_nvfp4"": 2, ""gate_proj:dense_bf16"": 15, ""gate_proj:dense_nvfp4"": 6, ""gate_proj:sparse_bf16"": 6, ""gate_proj:sparse_nvfp4"": 5, ""k_proj:dense_bf16"": 18, ""k_proj:dense_nvfp4"": 4, ""k_proj:sparse_bf16"": 5, ""k_proj:sparse_nvfp4"": 5, ""o_proj:dense_bf16"": 15, ""o_proj:dense_nvfp4"": 5, ""o_proj:sparse_bf16"": 9, ""o_proj:sparse_nvfp4"": 3, ""q_proj:dense_bf16"": 15, ""q_proj:dense_nvfp4"": 7, ""q_proj:sparse_bf16"": 4, ""q_proj:sparse_nvfp4"": 6, ""up_proj:dense_bf16"": 10, ""up_proj:dense_nvfp4"": 6, ""up_proj:sparse_bf16"": 10, ""up_proj:sparse_nvfp4"": 6, ""v_proj:dense_bf16"": 13, ""v_proj:dense_nvfp4"": 5, ""v_proj:sparse_bf16"": 6, ""v_proj:sparse_nvfp4"": 8}","{""layers_00_07:dense_bf16"": 25, ""layers_00_07:dense_nvfp4"": 9, ""layers_00_07:sparse_bf16"": 16, ""layers_00_07:sparse_nvfp4"": 6, ""layers_08_15:dense_bf16"": 27, ""layers_08_15:dense_nvfp4"": 12, ""layers_08_15:sparse_bf16"": 12, ""layers_08_15:sparse_nvfp4"": 5, ""layers_16_23:dense_bf16"": 24, ""layers_16_23:dense_nvfp4"": 9, ""layers_16_23:sparse_bf16"": 9, ""layers_16_23:sparse_nvfp4"": 14, ""layers_24_31:dense_bf16"": 29, ""layers_24_31:dense_nvfp4"": 9, ""layers_24_31:sparse_bf16"": 8, ""layers_24_31:sparse_nvfp4"": 10}",-0.001957670100000003,,0.0,-0.09023447608854258
genimage_partial,GenImage-partial,random_mixed,189,,artifacts/debug/030_mirror_global_pareto/policies/stratified_keyfix_genimage/policy_189_random.json,0.06979593865,0.99088541625,0.9999728725,0.9999731525,1536,0,103,33,47,41,0.20982142857142858,0.10223741470782462,40.172673599999996,6.317747067256048,2.0778836787818995,0.010368555301025657,4,177,"{""down_proj:dense_bf16"": 14, ""down_proj:dense_nvfp4"": 5, ""down_proj:sparse_bf16"": 4, ""down_proj:sparse_nvfp4"": 9, ""gate_proj:dense_bf16"": 17, ""gate_proj:dense_nvfp4"": 1, ""gate_proj:sparse_bf16"": 10, ""gate_proj:sparse_nvfp4"": 4, ""k_proj:dense_bf16"": 11, ""k_proj:dense_nvfp4"": 9, ""k_proj:sparse_bf16"": 6, ""k_proj:sparse_nvfp4"": 6, ""o_proj:dense_bf16"": 12, ""o_proj:dense_nvfp4"": 7, ""o_proj:sparse_bf16"": 6, ""o_proj:sparse_nvfp4"": 7, ""q_proj:dense_bf16"": 16, ""q_proj:dense_nvfp4"": 6, ""q_proj:sparse_bf16"": 10, ""up_proj:dense_bf16"": 18, ""up_proj:dense_nvfp4"": 2, ""up_proj:sparse_bf16"": 4, ""up_proj:sparse_nvfp4"": 8, ""v_proj:dense_bf16"": 15, ""v_proj:dense_nvfp4"": 3, ""v_proj:sparse_bf16"": 7, ""v_proj:sparse_nvfp4"": 7}","{""layers_00_07:dense_bf16"": 28, ""layers_00_07:dense_nvfp4"": 9, ""layers_00_07:sparse_bf16"": 10, ""layers_00_07:sparse_nvfp4"": 9, ""layers_08_15:dense_bf16"": 30, ""layers_08_15:dense_nvfp4"": 8, ""layers_08_15:sparse_bf16"": 6, ""layers_08_15:sparse_nvfp4"": 12, ""layers_16_23:dense_bf16"": 21, ""layers_16_23:dense_nvfp4"": 11, ""layers_16_23:sparse_bf16"": 17, ""layers_16_23:sparse_nvfp4"": 7, ""layers_24_31:dense_bf16"": 24, ""layers_24_31:dense_nvfp4"": 5, ""layers_24_31:sparse_bf16"": 14, ""layers_24_31:sparse_nvfp4"": 13}",0.008698697124999995,,0.008698697124999995,-0.09353871758282462
genimage_partial,GenImage-partial,random_mixed,117,,artifacts/debug/030_mirror_global_pareto/policies/stratified_keyfix_genimage/policy_117_random.json,0.06630839951249999,0.99609375,0.99993218375,0.9999336962500001,1536,0,85,52,42,45,0.1875,0.11404378171149192,41.15583359999997,6.24273793659438,1.7331283013399403,0.00866726781680159,4,182,"{""down_proj:dense_bf16"": 10, ""down_proj:dense_nvfp4"": 9, ""down_proj:sparse_bf16"": 5, ""down_proj:sparse_nvfp4"": 8, ""gate_proj:dense_bf16"": 14, ""gate_proj:dense_nvfp4"": 6, ""gate_proj:sparse_bf16"": 3, ""gate_proj:sparse_nvfp4"": 9, ""k_proj:dense_bf16"": 14, ""k_proj:dense_nvfp4"": 4, ""k_proj:sparse_bf16"": 8, ""k_proj:sparse_nvfp4"": 6, ""o_proj:dense_bf16"": 10, ""o_proj:dense_nvfp4"": 9, ""o_proj:sparse_bf16"": 7, ""o_proj:sparse_nvfp4"": 6, ""q_proj:dense_bf16"": 9, ""q_proj:dense_nvfp4"": 9, ""q_proj:sparse_bf16"": 11, ""q_proj:sparse_nvfp4"": 3, ""up_proj:dense_bf16"": 14, ""up_proj:dense_nvfp4"": 7, ""up_proj:sparse_bf16"": 4, ""up_proj:sparse_nvfp4"": 7, ""v_proj:dense_bf16"": 14, ""v_proj:dense_nvfp4"": 8, ""v_proj:sparse_bf16"": 4, ""v_proj:sparse_nvfp4"": 6}","{""layers_00_07:dense_bf16"": 23, ""layers_00_07:dense_nvfp4"": 15, ""layers_00_07:sparse_bf16"": 11, ""layers_00_07:sparse_nvfp4"": 7, ""layers_08_15:dense_bf16"": 24, ""layers_08_15:dense_nvfp4"": 10, ""layers_08_15:sparse_bf16"": 11, ""layers_08_15:sparse_nvfp4"": 11, ""layers_16_23:dense_bf16"": 17, ""layers_16_23:dense_nvfp4"": 13, ""layers_16_23:sparse_bf16"": 10, ""layers_16_23:sparse_nvfp4"": 16, ""layers_24_31:dense_bf16"": 21, ""layers_24_31:dense_nvfp4"": 14, ""layers_24_31:sparse_bf16"": 10, ""layers_24_31:sparse_nvfp4"": 11}",0.0052111579874999855,,0.0052111579874999855,-0.10883262372399194
genimage_partial,GenImage-partial,random_mixed,143,,artifacts/debug/030_mirror_global_pareto/policies/stratified_keyfix_genimage/policy_143_random.json,0.0940391484625,0.9798177075,0.99981689375,0.99981096125,1536,0,90,41,42,51,0.1875,0.10901370270009002,40.052699209999986,6.243851151709412,1.83227919170564,0.008891792839152417,4,182,"{""down_proj:dense_bf16"": 14, ""down_proj:dense_nvfp4"": 7, ""down_proj:sparse_bf16"": 6, ""down_proj:sparse_nvfp4"": 5, ""gate_proj:dense_bf16"": 10, ""gate_proj:dense_nvfp4"": 4, ""gate_proj:sparse_bf16"": 10, ""gate_proj:sparse_nvfp4"": 8, ""k_proj:dense_bf16"": 12, ""k_proj:dense_nvfp4"": 9, ""k_proj:sparse_bf16"": 3, ""k_proj:sparse_nvfp4"": 8, ""o_proj:dense_bf16"": 12, ""o_proj:dense_nvfp4"": 3, ""o_proj:sparse_bf16"": 8, ""o_proj:sparse_nvfp4"": 9, ""q_proj:dense_bf16"": 19, ""q_proj:dense_nvfp4"": 5, ""q_proj:sparse_bf16"": 4, ""q_proj:sparse_nvfp4"": 4, ""up_proj:dense_bf16"": 11, ""up_proj:dense_nvfp4"": 9, ""up_proj:sparse_bf16"": 4, ""up_proj:sparse_nvfp4"": 8, ""v_proj:dense_bf16"": 12, ""v_proj:dense_nvfp4"": 4, ""v_proj:sparse_bf16"": 7, ""v_proj:sparse_nvfp4"": 9}","{""layers_00_07:dense_bf16"": 18, ""layers_00_07:dense_nvfp4"": 8, ""layers_00_07:sparse_bf16"": 11, ""layers_00_07:sparse_nvfp4"": 19, ""layers_08_15:dense_bf16"": 24, ""layers_08_15:dense_nvfp4"": 11, ""layers_08_15:sparse_bf16"": 9, ""layers_08_15:sparse_nvfp4"": 12, ""layers_16_23:dense_bf16"": 23, ""layers_16_23:dense_nvfp4"": 12, ""layers_16_23:sparse_bf16"": 10, ""layers_16_23:sparse_nvfp4"": 11, ""layers_24_31:dense_bf16"": 25, ""layers_24_31:dense_nvfp4"": 10, ""layers_24_31:sparse_bf16"": 12, ""layers_24_31:sparse_nvfp4"": 9}",0.032941906937499994,,0.032941906937499994,-0.07607179576259002
genimage_partial,GenImage-partial,random_mixed,88,,artifacts/debug/030_mirror_global_pareto/policies/stratified_keyfix_genimage/policy_088_random.json,0.06064365536249999,0.9967447925,0.99997287375,0.9999730125,1536,0,106,42,43,33,0.19196428571428573,0.0861307289502231,39.675832010000015,5.166807251035329,1.8081489908500001,0.009003474911056533,4,181,"{""down_proj:dense_bf16"": 13, ""down_proj:dense_nvfp4"": 6, ""down_proj:sparse_bf16"": 3, ""down_proj:sparse_nvfp4"": 10, ""gate_proj:dense_bf16"": 13, ""gate_proj:dense_nvfp4"": 6, ""gate_proj:sparse_bf16"": 8, ""gate_proj:sparse_nvfp4"": 5, ""k_proj:dense_bf16"": 19, ""k_proj:dense_nvfp4"": 3, ""k_proj:sparse_bf16"": 8, ""k_proj:sparse_nvfp4"": 2, ""o_proj:dense_bf16"": 12, ""o_proj:dense_nvfp4"": 11, ""o_proj:sparse_bf16"": 5, ""o_proj:sparse_nvfp4"": 4, ""q_proj:dense_bf16"": 17, ""q_proj:dense_nvfp4"": 5, ""q_proj:sparse_bf16"": 5, ""q_proj:sparse_nvfp4"": 5, ""up_proj:dense_bf16"": 15, ""up_proj:dense_nvfp4"": 6, ""up_proj:sparse_bf16"": 9, ""up_proj:sparse_nvfp4"": 2, ""v_proj:dense_bf16"": 17, ""v_proj:dense_nvfp4"": 5, ""v_proj:sparse_bf16"": 5, ""v_proj:sparse_nvfp4"": 5}","{""layers_00_07:dense_bf16"": 28, ""layers_00_07:dense_nvfp4"": 10, ""layers_00_07:sparse_bf16"": 10, ""layers_00_07:sparse_nvfp4"": 8, ""layers_08_15:dense_bf16"": 30, ""layers_08_15:dense_nvfp4"": 11, ""layers_08_15:sparse_bf16"": 8, ""layers_08_15:sparse_nvfp4"": 7, ""layers_16_23:dense_bf16"": 22, ""layers_16_23:dense_nvfp4"": 11, ""layers_16_23:sparse_bf16"": 14, ""layers_16_23:sparse_nvfp4"": 9, ""layers_24_31:dense_bf16"": 26, ""layers_24_31:dense_nvfp4"": 10, ""layers_24_31:sparse_bf16"": 11, ""layers_24_31:sparse_nvfp4"": 9}",-0.0004535861625000123,,0.0,-0.0861307289502231
genimage_partial,GenImage-partial,random_mixed,166,,artifacts/debug/030_mirror_global_pareto/policies/stratified_keyfix_genimage/policy_166_random.json,0.062174890000000003,0.99674479125,1.0,1.0,1536,0,87,37,51,49,0.22767857142857142,0.12595053015100802,39.84631041000004,7.6872624995150565,2.5696880354977805,0.012204954143908354,4,173,"{""down_proj:dense_bf16"": 15, ""down_proj:dense_nvfp4"": 4, ""down_proj:sparse_bf16"": 8, ""down_proj:sparse_nvfp4"": 5, ""gate_proj:dense_bf16"": 12, ""gate_proj:dense_nvfp4"": 8, ""gate_proj:sparse_bf16"": 9, ""gate_proj:sparse_nvfp4"": 3, ""k_proj:dense_bf16"": 19, ""k_proj:dense_nvfp4"": 3, ""k_proj:sparse_bf16"": 5, ""k_proj:sparse_nvfp4"": 5, ""o_proj:dense_bf16"": 9, ""o_proj:dense_nvfp4"": 7, ""o_proj:sparse_bf16"": 9, ""o_proj:sparse_nvfp4"": 7, ""q_proj:dense_bf16"": 15, ""q_proj:dense_nvfp4"": 5, ""q_proj:sparse_bf16"": 5, ""q_proj:sparse_nvfp4"": 7, ""up_proj:dense_bf16"": 9, ""up_proj:dense_nvfp4"": 6, ""up_proj:sparse_bf16"": 10, ""up_proj:sparse_nvfp4"": 7, ""v_proj:dense_bf16"": 8, ""v_proj:dense_nvfp4"": 4, ""v_proj:sparse_bf16"": 5, ""v_proj:sparse_nvfp4"": 15}","{""layers_00_07:dense_bf16"": 28, ""layers_00_07:dense_nvfp4"": 8, ""layers_00_07:sparse_bf16"": 11, ""layers_00_07:sparse_nvfp4"": 9, ""layers_08_15:dense_bf16"": 23, ""layers_08_15:dense_nvfp4"": 12, ""layers_08_15:sparse_bf16"": 9, ""layers_08_15:sparse_nvfp4"": 12, ""layers_16_23:dense_bf16"": 19, ""layers_16_23:dense_nvfp4"": 11, ""layers_16_23:sparse_bf16"": 14, ""layers_16_23:sparse_nvfp4"": 12, ""layers_24_31:dense_bf16"": 17, ""layers_24_31:dense_nvfp4"": 6, ""layers_24_31:sparse_bf16"": 17, ""layers_24_31:sparse_nvfp4"": 16}",0.0010776484749999982,,0.0010776484749999982,-0.12487288167600802
genimage_partial,GenImage-partial,random_mixed,190,,artifacts/debug/030_mirror_global_pareto/policies/stratified_keyfix_genimage/policy_190_random.json,0.062160583175,0.99674479125,0.99997287375,0.9999730125,1536,0,94,41,38,51,0.16964285714285715,0.11254570221078788,40.587068800000004,6.035969805963104,1.5535522189852005,0.007658280508507423,4,186,"{""down_proj:dense_bf16"": 16, ""down_proj:dense_nvfp4"": 3, ""down_proj:sparse_bf16"": 9, ""down_proj:sparse_nvfp4"": 4, ""gate_proj:dense_bf16"": 10, ""gate_proj:dense_nvfp4"": 9, ""gate_proj:sparse_bf16"": 5, ""gate_proj:sparse_nvfp4"": 8, ""k_proj:dense_bf16"": 11, ""k_proj:dense_nvfp4"": 6, ""k_proj:sparse_bf16"": 7, ""k_proj:sparse_nvfp4"": 8, ""o_proj:dense_bf16"": 15, ""o_proj:dense_nvfp4"": 8, ""o_proj:sparse_bf16"": 4, ""o_proj:sparse_nvfp4"": 5, ""q_proj:dense_bf16"": 15, ""q_proj:dense_nvfp4"": 3, ""q_proj:sparse_bf16"": 3, ""q_proj:sparse_nvfp4"": 11, ""up_proj:dense_bf16"": 13, ""up_proj:dense_nvfp4"": 5, ""up_proj:sparse_bf16"": 5, ""up_proj:sparse_nvfp4"": 9, ""v_proj:dense_bf16"": 14, ""v_proj:dense_nvfp4"": 7, ""v_proj:sparse_bf16"": 5, ""v_proj:sparse_nvfp4"": 6}","{""layers_00_07:dense_bf16"": 26, ""layers_00_07:dense_nvfp4"": 7, ""layers_00_07:sparse_bf16"": 11, ""layers_00_07:sparse_nvfp4"": 12, ""layers_08_15:dense_bf16"": 17, ""layers_08_15:dense_nvfp4"": 10, ""layers_08_15:sparse_bf16"": 13, ""layers_08_15:sparse_nvfp4"": 16, ""layers_16_23:dense_bf16"": 21, ""layers_16_23:dense_nvfp4"": 15, ""layers_16_23:sparse_bf16"": 8, ""layers_16_23:sparse_nvfp4"": 12, ""layers_24_31:dense_bf16"": 30, ""layers_24_31:dense_nvfp4"": 9, ""layers_24_31:sparse_bf16"": 6, ""layers_24_31:sparse_nvfp4"": 11}",0.0010633416499999937,,0.0010633416499999937,-0.11148236056078789
genimage_partial,GenImage-partial,random_mixed,118,,artifacts/debug/030_mirror_global_pareto/policies/stratified_keyfix_genimage/policy_118_random.json,0.065934816575,0.99348958375,0.9999864362499999,0.99998657625,1536,0,94,43,37,50,0.16517857142857142,0.11744834431742573,41.22620000000001,6.3682202103548065,1.7236652109550001,0.008327064964641752,4,187,"{""down_proj:dense_bf16"": 20, ""down_proj:dense_nvfp4"": 5, ""down_proj:sparse_bf16"": 2, ""down_proj:sparse_nvfp4"": 5, ""gate_proj:dense_bf16"": 9, ""gate_proj:dense_nvfp4"": 8, ""gate_proj:sparse_bf16"": 8, ""gate_proj:sparse_nvfp4"": 7, ""k_proj:dense_bf16"": 12, ""k_proj:dense_nvfp4"": 8, ""k_proj:sparse_bf16"": 3, ""k_proj:sparse_nvfp4"": 9, ""o_proj:dense_bf16"": 13, ""o_proj:dense_nvfp4"": 3, ""o_proj:sparse_bf16"": 9, ""o_proj:sparse_nvfp4"": 7, ""q_proj:dense_bf16"": 16, ""q_proj:dense_nvfp4"": 7, ""q_proj:sparse_bf16"": 6, ""q_proj:sparse_nvfp4"": 3, ""up_proj:dense_bf16"": 13, ""up_proj:dense_nvfp4"": 3, ""up_proj:sparse_bf16"": 6, ""up_proj:sparse_nvfp4"": 10, ""v_proj:dense_bf16"": 11, ""v_proj:dense_nvfp4"": 9, ""v_proj:sparse_bf16"": 3, ""v_proj:sparse_nvfp4"": 9}","{""layers_00_07:dense_bf16"": 22, ""layers_00_07:dense_nvfp4"": 10, ""layers_00_07:sparse_bf16"": 8, ""layers_00_07:sparse_nvfp4"": 16, ""layers_08_15:dense_bf16"": 25, ""layers_08_15:dense_nvfp4"": 9, ""layers_08_15:sparse_bf16"": 9, ""layers_08_15:sparse_nvfp4"": 13, ""layers_16_23:dense_bf16"": 22, ""layers_16_23:dense_nvfp4"": 10, ""layers_16_23:sparse_bf16"": 12, ""layers_16_23:sparse_nvfp4"": 12, ""layers_24_31:dense_bf16"": 25, ""layers_24_31:dense_nvfp4"": 14, ""layers_24_31:sparse_bf16"": 8, ""layers_24_31:sparse_nvfp4"": 9}",0.004837575049999994,,0.004837575049999994,-0.11261076926742575
genimage_partial,GenImage-partial,random_mixed,144,,artifacts/debug/030_mirror_global_pareto/policies/stratified_keyfix_genimage/policy_144_random.json,0.064402082475,0.99544270875,0.99991862,0.9999198499999999,1536,0,97,34,46,47,0.20535714285714285,0.10193555744212202,39.181240000000024,5.893863154637785,1.8563505114625496,0.009197877333732387,4,178,"{""down_proj:dense_bf16"": 20, ""down_proj:dense_nvfp4"": 1, ""down_proj:sparse_bf16"": 7, ""down_proj:sparse_nvfp4"": 4, ""gate_proj:dense_bf16"": 14, ""gate_proj:dense_nvfp4"": 8, ""gate_proj:sparse_bf16"": 3, ""gate_proj:sparse_nvfp4"": 7, ""k_proj:dense_bf16"": 10, ""k_proj:dense_nvfp4"": 4, ""k_proj:sparse_bf16"": 13, ""k_proj:sparse_nvfp4"": 5, ""o_proj:dense_bf16"": 12, ""o_proj:dense_nvfp4"": 3, ""o_proj:sparse_bf16"": 8, ""o_proj:sparse_nvfp4"": 9, ""q_proj:dense_bf16"": 10, ""q_proj:dense_nvfp4"": 5, ""q_proj:sparse_bf16"": 8, ""q_proj:sparse_nvfp4"": 9, ""up_proj:dense_bf16"": 13, ""up_proj:dense_nvfp4"": 8, ""up_proj:sparse_bf16"": 3, ""up_proj:sparse_nvfp4"": 8, ""v_proj:dense_bf16"": 18, ""v_proj:dense_nvfp4"": 5, ""v_proj:sparse_bf16"": 4, ""v_proj:sparse_nvfp4"": 5}","{""layers_00_07:dense_bf16"": 24, ""layers_00_07:dense_nvfp4"": 9, ""layers_00_07:sparse_bf16"": 11, ""layers_00_07:sparse_nvfp4"": 12, ""layers_08_15:dense_bf16"": 24, ""layers_08_15:dense_nvfp4"": 5, ""layers_08_15:sparse_bf16"": 12, ""layers_08_15:sparse_nvfp4"": 15, ""layers_16_23:dense_bf16"": 23, ""layers_16_23:dense_nvfp4"": 12, ""layers_16_23:sparse_bf16"": 8, ""layers_16_23:sparse_nvfp4"": 13, ""layers_24_31:dense_bf16"": 26, ""layers_24_31:dense_nvfp4"": 8, ""layers_24_31:sparse_bf16"": 15, ""layers_24_31:sparse_nvfp4"": 7}",0.0033048409499999917,,0.0033048409499999917,-0.09863071649212202
genimage_partial,GenImage-partial,random_mixed,167,,artifacts/debug/030_mirror_global_pareto/policies/stratified_keyfix_genimage/policy_167_random.json,0.06547170225,0.9954427100000001,0.9999728725,0.9999731525,1536,0,88,43,43,50,0.19196428571428573,0.11641381311158545,41.292131200000014,6.47988141516873,1.9790736961968998,0.010056033991065473,4,181,"{""down_proj:dense_bf16"": 12, ""down_proj:dense_nvfp4"": 3, ""down_proj:sparse_bf16"": 9, ""down_proj:sparse_nvfp4"": 8, ""gate_proj:dense_bf16"": 15, ""gate_proj:dense_nvfp4"": 7, ""gate_proj:sparse_bf16"": 3, ""gate_proj:sparse_nvfp4"": 7, ""k_proj:dense_bf16"": 8, ""k_proj:dense_nvfp4"": 7, ""k_proj:sparse_bf16"": 8, ""k_proj:sparse_nvfp4"": 9, ""o_proj:dense_bf16"": 12, ""o_proj:dense_nvfp4"": 10, ""o_proj:sparse_bf16"": 5, ""o_proj:sparse_nvfp4"": 5, ""q_proj:dense_bf16"": 15, ""q_proj:dense_nvfp4"": 4, ""q_proj:sparse_bf16"": 6, ""q_proj:sparse_nvfp4"": 7, ""up_proj:dense_bf16"": 17, ""up_proj:dense_nvfp4"": 5, ""up_proj:sparse_bf16"": 1, ""up_proj:sparse_nvfp4"": 9, ""v_proj:dense_bf16"": 9, ""v_proj:dense_nvfp4"": 7, ""v_proj:sparse_bf16"": 11, ""v_proj:sparse_nvfp4"": 5}","{""layers_00_07:dense_bf16"": 22, ""layers_00_07:dense_nvfp4"": 15, ""layers_00_07:sparse_bf16"": 9, ""layers_00_07:sparse_nvfp4"": 10, ""layers_08_15:dense_bf16"": 26, ""layers_08_15:dense_nvfp4"": 12, ""layers_08_15:sparse_bf16"": 5, ""layers_08_15:sparse_nvfp4"": 13, ""layers_16_23:dense_bf16"": 23, ""layers_16_23:dense_nvfp4"": 5, ""layers_16_23:sparse_bf16"": 16, ""layers_16_23:sparse_nvfp4"": 12, ""layers_24_31:dense_bf16"": 17, ""layers_24_31:dense_nvfp4"": 11, ""layers_24_31:sparse_bf16"": 13, ""layers_24_31:sparse_nvfp4"": 15}",0.004374460724999994,,0.004374460724999994,-0.11203935238658547
genimage_partial,GenImage-partial,random_mixed,89,,artifacts/debug/030_mirror_global_pareto/policies/stratified_keyfix_genimage/policy_089_random.json,0.0664625588875,0.99414062625,1.0,1.0,1536,0,98,43,44,39,0.19642857142857142,0.09135671734087442,39.89110080000001,4.951919385752213,1.564101633837,0.008289855183069614,4,180,"{""down_proj:dense_bf16"": 11, ""down_proj:dense_nvfp4"": 7, ""down_proj:sparse_bf16"": 7, ""down_proj:sparse_nvfp4"": 7, ""gate_proj:dense_bf16"": 8, ""gate_proj:dense_nvfp4"": 4, ""gate_proj:sparse_bf16"": 15, ""gate_proj:sparse_nvfp4"": 5, ""k_proj:dense_bf16"": 15, ""k_proj:dense_nvfp4"": 4, ""k_proj:sparse_bf16"": 6, ""k_proj:sparse_nvfp4"": 7, ""o_proj:dense_bf16"": 21, ""o_proj:dense_nvfp4"": 4, ""o_proj:sparse_bf16"": 4, ""o_proj:sparse_nvfp4"": 3, ""q_proj:dense_bf16"": 11, ""q_proj:dense_nvfp4"": 4, ""q_proj:sparse_bf16"": 8, ""q_proj:sparse_nvfp4"": 9, ""up_proj:dense_bf16"": 16, ""up_proj:dense_nvfp4"": 12, ""up_proj:sparse_bf16"": 2, ""up_proj:sparse_nvfp4"": 2, ""v_proj:dense_bf16"": 16, ""v_proj:dense_nvfp4"": 8, ""v_proj:sparse_bf16"": 2, ""v_proj:sparse_nvfp4"": 6}","{""layers_00_07:dense_bf16"": 25, ""layers_00_07:dense_nvfp4"": 13, ""layers_00_07:sparse_bf16"": 12, ""layers_00_07:sparse_nvfp4"": 6, ""layers_08_15:dense_bf16"": 22, ""layers_08_15:dense_nvfp4"": 12, ""layers_08_15:sparse_bf16"": 10, ""layers_08_15:sparse_nvfp4"": 12, ""layers_16_23:dense_bf16"": 23, ""layers_16_23:dense_nvfp4"": 11, ""layers_16_23:sparse_bf16"": 12, ""layers_16_23:sparse_nvfp4"": 10, ""layers_24_31:dense_bf16"": 28, ""layers_24_31:dense_nvfp4"": 7, ""layers_24_31:sparse_bf16"": 10, ""layers_24_31:sparse_nvfp4"": 11}",0.00536531736249999,,0.00536531736249999,-0.08599139997837443
genimage_partial,GenImage-partial,random_mixed,119,,artifacts/debug/030_mirror_global_pareto/policies/stratified_keyfix_genimage/policy_119_random.json,0.059064115825000006,0.9967447925,0.99994574625,0.99994711875,1536,0,114,42,30,38,0.13392857142857142,0.09810830960131096,40.051078400000016,5.219160793256741,1.22490062075748,0.005974886836780064,4,194,"{""down_proj:dense_bf16"": 17, ""down_proj:dense_nvfp4"": 2, ""down_proj:sparse_bf16"": 9, ""down_proj:sparse_nvfp4"": 4, ""gate_proj:dense_bf16"": 18, ""gate_proj:dense_nvfp4"": 5, ""gate_proj:sparse_bf16"": 5, ""gate_proj:sparse_nvfp4"": 4, ""k_proj:dense_bf16"": 19, ""k_proj:dense_nvfp4"": 5, ""k_proj:sparse_bf16"": 2, ""k_proj:sparse_nvfp4"": 6, ""o_proj:dense_bf16"": 17, ""o_proj:dense_nvfp4"": 5, ""o_proj:sparse_bf16"": 3, ""o_proj:sparse_nvfp4"": 7, ""q_proj:dense_bf16"": 14, ""q_proj:dense_nvfp4"": 9, ""q_proj:sparse_bf16"": 5, ""q_proj:sparse_nvfp4"": 4, ""up_proj:dense_bf16"": 13, ""up_proj:dense_nvfp4"": 9, ""up_proj:sparse_bf16"": 3, ""up_proj:sparse_nvfp4"": 7, ""v_proj:dense_bf16"": 16, ""v_proj:dense_nvfp4"": 7, ""v_proj:sparse_bf16"": 3, ""v_proj:sparse_nvfp4"": 6}","{""layers_00_07:dense_bf16"": 28, ""layers_00_07:dense_nvfp4"": 10, ""layers_00_07:sparse_bf16"": 9, ""layers_00_07:sparse_nvfp4"": 9, ""layers_08_15:dense_bf16"": 28, ""layers_08_15:dense_nvfp4"": 9, ""layers_08_15:sparse_bf16"": 9, ""layers_08_15:sparse_nvfp4"": 10, ""layers_16_23:dense_bf16"": 28, ""layers_16_23:dense_nvfp4"": 12, ""layers_16_23:sparse_bf16"": 7, ""layers_16_23:sparse_nvfp4"": 9, ""layers_24_31:dense_bf16"": 30, ""layers_24_31:dense_nvfp4"": 11, ""layers_24_31:sparse_bf16"": 5, ""layers_24_31:sparse_nvfp4"": 10}",-0.002033125699999999,,0.0,-0.09810830960131096
genimage_partial,GenImage-partial,random_mixed,191,,artifacts/debug/030_mirror_global_pareto/policies/stratified_keyfix_genimage/policy_191_random.json,0.060958259125,0.9967447925,1.0,1.0,1536,0,91,57,36,40,0.16071428571428573,0.0992648674229201,40.60289281000001,5.52736438412541,1.42670971593744,0.0069745972661130196,4,188,"{""down_proj:dense_bf16"": 11, ""down_proj:dense_nvfp4"": 9, ""down_proj:sparse_bf16"": 4, ""down_proj:sparse_nvfp4"": 8, ""gate_proj:dense_bf16"": 14, ""gate_proj:dense_nvfp4"": 6, ""gate_proj:sparse_bf16"": 3, ""gate_proj:sparse_nvfp4"": 9, ""k_proj:dense_bf16"": 17, ""k_proj:dense_nvfp4"": 6, ""k_proj:sparse_bf16"": 5, ""k_proj:sparse_nvfp4"": 4, ""o_proj:dense_bf16"": 16, ""o_proj:dense_nvfp4"": 8, ""o_proj:sparse_bf16"": 3, ""o_proj:sparse_nvfp4"": 5, ""q_proj:dense_bf16"": 13, ""q_proj:dense_nvfp4"": 10, ""q_proj:sparse_bf16"": 9, ""up_proj:dense_bf16"": 10, ""up_proj:dense_nvfp4"": 10, ""up_proj:sparse_bf16"": 6, ""up_proj:sparse_nvfp4"": 6, ""v_proj:dense_bf16"": 10, ""v_proj:dense_nvfp4"": 8, ""v_proj:sparse_bf16"": 6, ""v_proj:sparse_nvfp4"": 8}","{""layers_00_07:dense_bf16"": 22, ""layers_00_07:dense_nvfp4"": 16, ""layers_00_07:sparse_bf16"": 11, ""layers_00_07:sparse_nvfp4"": 7, ""layers_08_15:dense_bf16"": 23, ""layers_08_15:dense_nvfp4"": 13, ""layers_08_15:sparse_bf16"": 8, ""layers_08_15:sparse_nvfp4"": 12, ""layers_16_23:dense_bf16"": 21, ""layers_16_23:dense_nvfp4"": 16, ""layers_16_23:sparse_bf16"": 10, ""layers_16_23:sparse_nvfp4"": 9, ""layers_24_31:dense_bf16"": 25, ""layers_24_31:dense_nvfp4"": 12, ""layers_24_31:sparse_bf16"": 7, ""layers_24_31:sparse_nvfp4"": 12}",-0.0001389824000000081,,0.0,-0.0992648674229201
genimage_partial,GenImage-partial,random_mixed,145,,artifacts/debug/030_mirror_global_pareto/policies/stratified_keyfix_genimage/policy_145_random.json,0.07644665873749999,0.9908854175,0.99968126,0.999701635,1536,0,108,41,39,36,0.17410714285714285,0.08989864584406745,40.04956800000003,5.606419783198747,1.9817475370480402,0.009682139718256157,4,185,"{""down_proj:dense_bf16"": 17, ""down_proj:dense_nvfp4"": 5, ""down_proj:sparse_bf16"": 5, ""down_proj:sparse_nvfp4"": 5, ""gate_proj:dense_bf16"": 21, ""gate_proj:dense_nvfp4"": 3, ""gate_proj:sparse_bf16"": 5, ""gate_proj:sparse_nvfp4"": 3, ""k_proj:dense_bf16"": 17, ""k_proj:dense_nvfp4"": 7, ""k_proj:sparse_bf16"": 3, ""k_proj:sparse_nvfp4"": 5, ""o_proj:dense_bf16"": 13, ""o_proj:dense_nvfp4"": 2, ""o_proj:sparse_bf16"": 5, ""o_proj:sparse_nvfp4"": 12, ""q_proj:dense_bf16"": 14, ""q_proj:dense_nvfp4"": 7, ""q_proj:sparse_bf16"": 8, ""q_proj:sparse_nvfp4"": 3, ""up_proj:dense_bf16"": 10, ""up_proj:dense_nvfp4"": 10, ""up_proj:sparse_bf16"": 9, ""up_proj:sparse_nvfp4"": 3, ""v_proj:dense_bf16"": 16, ""v_proj:dense_nvfp4"": 7, ""v_proj:sparse_bf16"": 4, ""v_proj:sparse_nvfp4"": 5}","{""layers_00_07:dense_bf16"": 26, ""layers_00_07:dense_nvfp4"": 15, ""layers_00_07:sparse_bf16"": 5, ""layers_00_07:sparse_nvfp4"": 10, ""layers_08_15:dense_bf16"": 27, ""layers_08_15:dense_nvfp4"": 5, ""layers_08_15:sparse_bf16"": 9, ""layers_08_15:sparse_nvfp4"": 15, ""layers_16_23:dense_bf16"": 26, ""layers_16_23:dense_nvfp4"": 9, ""layers_16_23:sparse_bf16"": 15, ""layers_16_23:sparse_nvfp4"": 6, ""layers_24_31:dense_bf16"": 29, ""layers_24_31:dense_nvfp4"": 12, ""layers_24_31:sparse_bf16"": 10, ""layers_24_31:sparse_nvfp4"": 5}",0.015349417212499987,,0.015349417212499987,-0.07454922863156746
genimage_partial,GenImage-partial,random_mixed,168,,artifacts/debug/030_mirror_global_pareto/policies/stratified_keyfix_genimage/policy_168_random.json,0.077951530075,0.98893229125,0.99939643,0.99931007,1536,0,84,49,46,45,0.20535714285714285,0.10985943481707054,40.09925919999999,6.368479982630635,2.2039164065890797,0.010647373359833024,4,178,"{""down_proj:dense_bf16"": 13, ""down_proj:dense_nvfp4"": 4, ""down_proj:sparse_bf16"": 9, ""down_proj:sparse_nvfp4"": 6, ""gate_proj:dense_bf16"": 10, ""gate_proj:dense_nvfp4"": 6, ""gate_proj:sparse_bf16"": 9, ""gate_proj:sparse_nvfp4"": 7, ""k_proj:dense_bf16"": 12, ""k_proj:dense_nvfp4"": 8, ""k_proj:sparse_bf16"": 4, ""k_proj:sparse_nvfp4"": 8, ""o_proj:dense_bf16"": 15, ""o_proj:dense_nvfp4"": 7, ""o_proj:sparse_bf16"": 6, ""o_proj:sparse_nvfp4"": 4, ""q_proj:dense_bf16"": 15, ""q_proj:dense_nvfp4"": 7, ""q_proj:sparse_bf16"": 4, ""q_proj:sparse_nvfp4"": 6, ""up_proj:dense_bf16"": 11, ""up_proj:dense_nvfp4"": 7, ""up_proj:sparse_bf16"": 8, ""up_proj:sparse_nvfp4"": 6, ""v_proj:dense_bf16"": 8, ""v_proj:dense_nvfp4"": 10, ""v_proj:sparse_bf16"": 6, ""v_proj:sparse_nvfp4"": 8}","{""layers_00_07:dense_bf16"": 20, ""layers_00_07:dense_nvfp4"": 14, ""layers_00_07:sparse_bf16"": 9, ""layers_00_07:sparse_nvfp4"": 13, ""layers_08_15:dense_bf16"": 23, ""layers_08_15:dense_nvfp4"": 11, ""layers_08_15:sparse_bf16"": 12, ""layers_08_15:sparse_nvfp4"": 10, ""layers_16_23:dense_bf16"": 21, ""layers_16_23:dense_nvfp4"": 8, ""layers_16_23:sparse_bf16"": 14, ""layers_16_23:sparse_nvfp4"": 13, ""layers_24_31:dense_bf16"": 20, ""layers_24_31:dense_nvfp4"": 16, ""layers_24_31:sparse_bf16"": 11, ""layers_24_31:sparse_nvfp4"": 9}",0.016854288549999992,,0.016854288549999992,-0.09300514626707054
genimage_partial,GenImage-partial,random_mixed,192,,artifacts/debug/030_mirror_global_pareto/policies/stratified_keyfix_genimage/policy_192_random.json,0.062231875575000005,0.99544270875,0.99997287375,0.99997342625,1536,0,95,36,43,50,0.19196428571428573,0.10785271022705938,40.58704640000001,5.785130009033734,1.5611264303640002,0.008020110691241259,4,181,"{""down_proj:dense_bf16"": 13, ""down_proj:dense_nvfp4"": 6, ""down_proj:sparse_bf16"": 6, ""down_proj:sparse_nvfp4"": 7, ""gate_proj:dense_bf16"": 13, ""gate_proj:dense_nvfp4"": 4, ""gate_proj:sparse_bf16"": 7, ""gate_proj:sparse_nvfp4"": 8, ""k_proj:dense_bf16"": 10, ""k_proj:dense_nvfp4"": 7, ""k_proj:sparse_bf16"": 9, ""k_proj:sparse_nvfp4"": 6, ""o_proj:dense_bf16"": 16, ""o_proj:dense_nvfp4"": 7, ""o_proj:sparse_bf16"": 5, ""o_proj:sparse_nvfp4"": 4, ""q_proj:dense_bf16"": 12, ""q_proj:dense_nvfp4"": 5, ""q_proj:sparse_bf16"": 6, ""q_proj:sparse_nvfp4"": 9, ""up_proj:dense_bf16"": 16, ""up_proj:dense_nvfp4"": 4, ""up_proj:sparse_bf16"": 5, ""up_proj:sparse_nvfp4"": 7, ""v_proj:dense_bf16"": 15, ""v_proj:dense_nvfp4"": 3, ""v_proj:sparse_bf16"": 5, ""v_proj:sparse_nvfp4"": 9}","{""layers_00_07:dense_bf16"": 22, ""layers_00_07:dense_nvfp4"": 6, ""layers_00_07:sparse_bf16"": 12, ""layers_00_07:sparse_nvfp4"": 16, ""layers_08_15:dense_bf16"": 23, ""layers_08_15:dense_nvfp4"": 10, ""layers_08_15:sparse_bf16"": 13, ""layers_08_15:sparse_nvfp4"": 10, ""layers_16_23:dense_bf16"": 19, ""layers_16_23:dense_nvfp4"": 13, ""layers_16_23:sparse_bf16"": 11, ""layers_16_23:sparse_nvfp4"": 13, ""layers_24_31:dense_bf16"": 31, ""layers_24_31:dense_nvfp4"": 7, ""layers_24_31:sparse_bf16"": 7, ""layers_24_31:sparse_nvfp4"": 11}",0.0011346340499999996,,0.0011346340499999996,-0.10671807617705938
genimage_partial,GenImage-partial,random_mixed,120,,artifacts/debug/030_mirror_global_pareto/policies/stratified_keyfix_genimage/policy_120_random.json,0.060099048625000005,0.99544270875,1.0,1.0,1536,0,89,48,46,41,0.20535714285714285,0.10856734587974813,39.564516810000015,6.263600877918194,1.9717049903811998,0.009651347335604098,4,178,"{""down_proj:dense_bf16"": 10, ""down_proj:dense_nvfp4"": 10, ""down_proj:sparse_bf16"": 8, ""down_proj:sparse_nvfp4"": 4, ""gate_proj:dense_bf16"": 11, ""gate_proj:dense_nvfp4"": 9, ""gate_proj:sparse_bf16"": 8, ""gate_proj:sparse_nvfp4"": 4, ""k_proj:dense_bf16"": 16, ""k_proj:dense_nvfp4"": 4, ""k_proj:sparse_bf16"": 4, ""k_proj:sparse_nvfp4"": 8, ""o_proj:dense_bf16"": 15, ""o_proj:dense_nvfp4"": 9, ""o_proj:sparse_bf16"": 6, ""o_proj:sparse_nvfp4"": 2, ""q_proj:dense_bf16"": 15, ""q_proj:dense_nvfp4"": 4, ""q_proj:sparse_bf16"": 7, ""q_proj:sparse_nvfp4"": 6, ""up_proj:dense_bf16"": 10, ""up_proj:dense_nvfp4"": 6, ""up_proj:sparse_bf16"": 10, ""up_proj:sparse_nvfp4"": 6, ""v_proj:dense_bf16"": 12, ""v_proj:dense_nvfp4"": 6, ""v_proj:sparse_bf16"": 3, ""v_proj:sparse_nvfp4"": 11}","{""layers_00_07:dense_bf16"": 27, ""layers_00_07:dense_nvfp4"": 13, ""layers_00_07:sparse_bf16"": 10, ""layers_00_07:sparse_nvfp4"": 6, ""layers_08_15:dense_bf16"": 24, ""layers_08_15:dense_nvfp4"": 13, ""layers_08_15:sparse_bf16"": 11, ""layers_08_15:sparse_nvfp4"": 8, ""layers_16_23:dense_bf16"": 20, ""layers_16_23:dense_nvfp4"": 10, ""layers_16_23:sparse_bf16"": 15, ""layers_16_23:sparse_nvfp4"": 11, ""layers_24_31:dense_bf16"": 18, ""layers_24_31:dense_nvfp4"": 12, ""layers_24_31:sparse_bf16"": 10, ""layers_24_31:sparse_nvfp4"": 16}",-0.0009981929,,0.0,-0.10856734587974813
genimage_partial,GenImage-partial,random_mixed,169,,artifacts/debug/030_mirror_global_pareto/policies/stratified_keyfix_genimage/policy_169_random.json,0.059670122799999996,0.99739583375,0.9999864362499999,0.99998657625,1536,0,90,44,55,35,0.24553571428571427,0.08941929261636432,39.42291360000001,5.865537245426785,2.4580500490779,0.012001241687233455,4,169,"{""down_proj:dense_bf16"": 17, ""down_proj:dense_nvfp4"": 3, ""down_proj:sparse_bf16"": 10, ""down_proj:sparse_nvfp4"": 2, ""gate_proj:dense_bf16"": 11, ""gate_proj:dense_nvfp4"": 8, ""gate_proj:sparse_bf16"": 8, ""gate_proj:sparse_nvfp4"": 5, ""k_proj:dense_bf16"": 10, ""k_proj:dense_nvfp4"": 7, ""k_proj:sparse_bf16"": 10, ""k_proj:sparse_nvfp4"": 5, ""o_proj:dense_bf16"": 12, ""o_proj:dense_nvfp4"": 3, ""o_proj:sparse_bf16"": 8, ""o_proj:sparse_nvfp4"": 9, ""q_proj:dense_bf16"": 12, ""q_proj:dense_nvfp4"": 9, ""q_proj:sparse_bf16"": 4, ""q_proj:sparse_nvfp4"": 7, ""up_proj:dense_bf16"": 15, ""up_proj:dense_nvfp4"": 8, ""up_proj:sparse_bf16"": 6, ""up_proj:sparse_nvfp4"": 3, ""v_proj:dense_bf16"": 13, ""v_proj:dense_nvfp4"": 6, ""v_proj:sparse_bf16"": 9, ""v_proj:sparse_nvfp4"": 4}","{""layers_00_07:dense_bf16"": 25, ""layers_00_07:dense_nvfp4"": 10, ""layers_00_07:sparse_bf16"": 15, ""layers_00_07:sparse_nvfp4"": 6, ""layers_08_15:dense_bf16"": 26, ""layers_08_15:dense_nvfp4"": 8, ""layers_08_15:sparse_bf16"": 12, ""layers_08_15:sparse_nvfp4"": 10, ""layers_16_23:dense_bf16"": 18, ""layers_16_23:dense_nvfp4"": 15, ""layers_16_23:sparse_bf16"": 16, ""layers_16_23:sparse_nvfp4"": 7, ""layers_24_31:dense_bf16"": 21, ""layers_24_31:dense_nvfp4"": 11, ""layers_24_31:sparse_bf16"": 12, ""layers_24_31:sparse_nvfp4"": 12}",-0.0014271187250000095,,0.0,-0.08941929261636432
genimage_partial,GenImage-partial,random_mixed,90,,artifacts/debug/030_mirror_global_pareto/policies/stratified_keyfix_genimage/policy_090_random.json,0.061733716200000004,0.99739583375,0.99997287375,0.99997342625,1536,0,102,45,32,45,0.14285714285714285,0.1054770163045389,41.171585600000014,5.7084203208250255,1.44300197274898,0.006611001161543504,4,192,"{""down_proj:dense_bf16"": 15, ""down_proj:dense_nvfp4"": 6, ""down_proj:sparse_bf16"": 5, ""down_proj:sparse_nvfp4"": 6, ""gate_proj:dense_bf16"": 15, ""gate_proj:dense_nvfp4"": 6, ""gate_proj:sparse_bf16"": 4, ""gate_proj:sparse_nvfp4"": 7, ""k_proj:dense_bf16"": 17, ""k_proj:dense_nvfp4"": 6, ""k_proj:sparse_bf16"": 4, ""k_proj:sparse_nvfp4"": 5, ""o_proj:dense_bf16"": 12, ""o_proj:dense_nvfp4"": 5, ""o_proj:sparse_bf16"": 9, ""o_proj:sparse_nvfp4"": 6, ""q_proj:dense_bf16"": 13, ""q_proj:dense_nvfp4"": 6, ""q_proj:sparse_bf16"": 4, ""q_proj:sparse_nvfp4"": 9, ""up_proj:dense_bf16"": 16, ""up_proj:dense_nvfp4"": 8, ""up_proj:sparse_bf16"": 3, ""up_proj:sparse_nvfp4"": 5, ""v_proj:dense_bf16"": 14, ""v_proj:dense_nvfp4"": 8, ""v_proj:sparse_bf16"": 3, ""v_proj:sparse_nvfp4"": 7}","{""layers_00_07:dense_bf16"": 30, ""layers_00_07:dense_nvfp4"": 12, ""layers_00_07:sparse_bf16"": 7, ""layers_00_07:sparse_nvfp4"": 7, ""layers_08_15:dense_bf16"": 24, ""layers_08_15:dense_nvfp4"": 13, ""layers_08_15:sparse_bf16"": 8, ""layers_08_15:sparse_nvfp4"": 11, ""layers_16_23:dense_bf16"": 22, ""layers_16_23:dense_nvfp4"": 9, ""layers_16_23:sparse_bf16"": 12, ""layers_16_23:sparse_nvfp4"": 13, ""layers_24_31:dense_bf16"": 26, ""layers_24_31:dense_nvfp4"": 11, ""layers_24_31:sparse_bf16"": 5, ""layers_24_31:sparse_nvfp4"": 14}",0.0006364746749999983,,0.0006364746749999983,-0.1048405416295389
genimage_partial,GenImage-partial,random_mixed,121,,artifacts/debug/030_mirror_global_pareto/policies/stratified_keyfix_genimage/policy_121_random.json,0.06733280105,0.99348958375,0.9999864362499999,0.99998657625,1536,0,99,33,51,41,0.22767857142857142,0.09849805588733447,38.896132800000004,6.021827738826584,2.21563471471066,0.010815138433653131,4,173,"{""down_proj:dense_bf16"": 10, ""down_proj:dense_nvfp4"": 7, ""down_proj:sparse_bf16"": 7, ""down_proj:sparse_nvfp4"": 8, ""gate_proj:dense_bf16"": 17, ""gate_proj:dense_nvfp4"": 3, ""gate_proj:sparse_bf16"": 7, ""gate_proj:sparse_nvfp4"": 5, ""k_proj:dense_bf16"": 17, ""k_proj:dense_nvfp4"": 2, ""k_proj:sparse_bf16"": 8, ""k_proj:sparse_nvfp4"": 5, ""o_proj:dense_bf16"": 14, ""o_proj:dense_nvfp4"": 4, ""o_proj:sparse_bf16"": 9, ""o_proj:sparse_nvfp4"": 5, ""q_proj:dense_bf16"": 16, ""q_proj:dense_nvfp4"": 5, ""q_proj:sparse_bf16"": 6, ""q_proj:sparse_nvfp4"": 5, ""up_proj:dense_bf16"": 11, ""up_proj:dense_nvfp4"": 7, ""up_proj:sparse_bf16"": 6, ""up_proj:sparse_nvfp4"": 8, ""v_proj:dense_bf16"": 14, ""v_proj:dense_nvfp4"": 5, ""v_proj:sparse_bf16"": 8, ""v_proj:sparse_nvfp4"": 5}","{""layers_00_07:dense_bf16"": 22, ""layers_00_07:dense_nvfp4"": 9, ""layers_00_07:sparse_bf16"": 15, ""layers_00_07:sparse_nvfp4"": 10, ""layers_08_15:dense_bf16"": 23, ""layers_08_15:dense_nvfp4"": 7, ""layers_08_15:sparse_bf16"": 10, ""layers_08_15:sparse_nvfp4"": 16, ""layers_16_23:dense_bf16"": 31, ""layers_16_23:dense_nvfp4"": 8, ""layers_16_23:sparse_bf16"": 11, ""layers_16_23:sparse_nvfp4"": 6, ""layers_24_31:dense_bf16"": 23, ""layers_24_31:dense_nvfp4"": 9, ""layers_24_31:sparse_bf16"": 15, ""layers_24_31:sparse_nvfp4"": 9}",0.0062355595249999965,,0.0062355595249999965,-0.09226249636233447
genimage_partial,GenImage-partial,random_mixed,193,,artifacts/debug/030_mirror_global_pareto/policies/stratified_keyfix_genimage/policy_193_random.json,0.060929286862499994,0.9967447925,0.99996609125,0.9999600025,1536,0,98,39,45,42,0.20089285714285715,0.10080920709908223,40.37961600000002,5.9452329469036895,2.1010676835178295,0.00997433038114854,4,179,"{""down_proj:dense_bf16"": 15, ""down_proj:dense_nvfp4"": 3, ""down_proj:sparse_bf16"": 5, ""down_proj:sparse_nvfp4"": 9, ""gate_proj:dense_bf16"": 19, ""gate_proj:dense_nvfp4"": 5, ""gate_proj:sparse_bf16"": 3, ""gate_proj:sparse_nvfp4"": 5, ""k_proj:dense_bf16"": 11, ""k_proj:dense_nvfp4"": 8, ""k_proj:sparse_bf16"": 8, ""k_proj:sparse_nvfp4"": 5, ""o_proj:dense_bf16"": 15, ""o_proj:dense_nvfp4"": 6, ""o_proj:sparse_bf16"": 7, ""o_proj:sparse_nvfp4"": 4, ""q_proj:dense_bf16"": 15, ""q_proj:dense_nvfp4"": 5, ""q_proj:sparse_bf16"": 5, ""q_proj:sparse_nvfp4"": 7, ""up_proj:dense_bf16"": 13, ""up_proj:dense_nvfp4"": 7, ""up_proj:sparse_bf16"": 8, ""up_proj:sparse_nvfp4"": 4, ""v_proj:dense_bf16"": 10, ""v_proj:dense_nvfp4"": 5, ""v_proj:sparse_bf16"": 9, ""v_proj:sparse_nvfp4"": 8}","{""layers_00_07:dense_bf16"": 25, ""layers_00_07:dense_nvfp4"": 8, ""layers_00_07:sparse_bf16"": 10, ""layers_00_07:sparse_nvfp4"": 13, ""layers_08_15:dense_bf16"": 25, ""layers_08_15:dense_nvfp4"": 7, ""layers_08_15:sparse_bf16"": 13, ""layers_08_15:sparse_nvfp4"": 11, ""layers_16_23:dense_bf16"": 27, ""layers_16_23:dense_nvfp4"": 14, ""layers_16_23:sparse_bf16"": 9, ""layers_16_23:sparse_nvfp4"": 6, ""layers_24_31:dense_bf16"": 21, ""layers_24_31:dense_nvfp4"": 10, ""layers_24_31:sparse_bf16"": 13, ""layers_24_31:sparse_nvfp4"": 12}",-0.00016795466250001112,,0.0,-0.10080920709908223
genimage_partial,GenImage-partial,random_mixed,194,,artifacts/debug/030_mirror_global_pareto/policies/stratified_keyfix_genimage/policy_194_random.json,0.0625716395625,0.99739583375,1.0,1.0,1536,0,103,36,44,41,0.19642857142857142,0.10587434194596855,39.71967680000002,6.024723046002895,1.6984010049209897,0.008563683837330678,4,180,"{""down_proj:dense_bf16"": 16, ""down_proj:dense_nvfp4"": 8, ""down_proj:sparse_bf16"": 4, ""down_proj:sparse_nvfp4"": 4, ""gate_proj:dense_bf16"": 15, ""gate_proj:dense_nvfp4"": 6, ""gate_proj:sparse_bf16"": 7, ""gate_proj:sparse_nvfp4"": 4, ""k_proj:dense_bf16"": 16, ""k_proj:dense_nvfp4"": 3, ""k_proj:sparse_bf16"": 8, ""k_proj:sparse_nvfp4"": 5, ""o_proj:dense_bf16"": 10, ""o_proj:dense_nvfp4"": 5, ""o_proj:sparse_bf16"": 6, ""o_proj:sparse_nvfp4"": 11, ""q_proj:dense_bf16"": 18, ""q_proj:dense_nvfp4"": 5, ""q_proj:sparse_bf16"": 5, ""q_proj:sparse_nvfp4"": 4, ""up_proj:dense_bf16"": 14, ""up_proj:dense_nvfp4"": 6, ""up_proj:sparse_bf16"": 5, ""up_proj:sparse_nvfp4"": 7, ""v_proj:dense_bf16"": 14, ""v_proj:dense_nvfp4"": 3, ""v_proj:sparse_bf16"": 9, ""v_proj:sparse_nvfp4"": 6}","{""layers_00_07:dense_bf16"": 25, ""layers_00_07:dense_nvfp4"": 7, ""layers_00_07:sparse_bf16"": 14, ""layers_00_07:sparse_nvfp4"": 10, ""layers_08_15:dense_bf16"": 31, ""layers_08_15:dense_nvfp4"": 9, ""layers_08_15:sparse_bf16"": 11, ""layers_08_15:sparse_nvfp4"": 5, ""layers_16_23:dense_bf16"": 23, ""layers_16_23:dense_nvfp4"": 10, ""layers_16_23:sparse_bf16"": 11, ""layers_16_23:sparse_nvfp4"": 12, ""layers_24_31:dense_bf16"": 24, ""layers_24_31:dense_nvfp4"": 10, ""layers_24_31:sparse_bf16"": 8, ""layers_24_31:sparse_nvfp4"": 14}",0.001474398037499998,,0.001474398037499998,-0.10439994390846855
genimage_partial,GenImage-partial,random_mixed,91,,artifacts/debug/030_mirror_global_pareto/policies/stratified_keyfix_genimage/policy_091_random.json,0.06156764865,0.99609375,0.9999864362499999,0.99998657625,1536,0,84,51,47,42,0.20982142857142858,0.09646770604386463,40.849704000000024,5.751111235529835,1.85253408872625,0.009195273895388385,4,177,"{""down_proj:dense_bf16"": 14, ""down_proj:dense_nvfp4"": 5, ""down_proj:sparse_bf16"": 7, ""down_proj:sparse_nvfp4"": 6, ""gate_proj:dense_bf16"": 14, ""gate_proj:dense_nvfp4"": 8, ""gate_proj:sparse_bf16"": 5, ""gate_proj:sparse_nvfp4"": 5, ""k_proj:dense_bf16"": 13, ""k_proj:dense_nvfp4"": 5, ""k_proj:sparse_bf16"": 11, ""k_proj:sparse_nvfp4"": 3, ""o_proj:dense_bf16"": 13, ""o_proj:dense_nvfp4"": 8, ""o_proj:sparse_bf16"": 5, ""o_proj:sparse_nvfp4"": 6, ""q_proj:dense_bf16"": 9, ""q_proj:dense_nvfp4"": 6, ""q_proj:sparse_bf16"": 6, ""q_proj:sparse_nvfp4"": 11, ""up_proj:dense_bf16"": 13, ""up_proj:dense_nvfp4"": 7, ""up_proj:sparse_bf16"": 7, ""up_proj:sparse_nvfp4"": 5, ""v_proj:dense_bf16"": 8, ""v_proj:dense_nvfp4"": 12, ""v_proj:sparse_bf16"": 6, ""v_proj:sparse_nvfp4"": 6}","{""layers_00_07:dense_bf16"": 18, ""layers_00_07:dense_nvfp4"": 15, ""layers_00_07:sparse_bf16"": 12, ""layers_00_07:sparse_nvfp4"": 11, ""layers_08_15:dense_bf16"": 20, ""layers_08_15:dense_nvfp4"": 12, ""layers_08_15:sparse_bf16"": 11, ""layers_08_15:sparse_nvfp4"": 13, ""layers_16_23:dense_bf16"": 22, ""layers_16_23:dense_nvfp4"": 14, ""layers_16_23:sparse_bf16"": 11, ""layers_16_23:sparse_nvfp4"": 9, ""layers_24_31:dense_bf16"": 24, ""layers_24_31:dense_nvfp4"": 10, ""layers_24_31:sparse_bf16"": 13, ""layers_24_31:sparse_nvfp4"": 9}",0.00047040712499999554,,0.00047040712499999554,-0.09599729891886463
genimage_partial,GenImage-partial,random_mixed,92,,artifacts/debug/030_mirror_global_pareto/policies/stratified_keyfix_genimage/policy_092_random.json,0.058200856550000006,0.99609375125,1.0,1.0,1536,0,99,36,42,47,0.1875,0.10664308304186924,39.674560000000035,6.025030814601185,2.0191879237537003,0.010126258969618109,4,182,"{""down_proj:dense_bf16"": 15, ""down_proj:dense_nvfp4"": 7, ""down_proj:sparse_bf16"": 7, ""down_proj:sparse_nvfp4"": 3, ""gate_proj:dense_bf16"": 13, ""gate_proj:dense_nvfp4"": 5, ""gate_proj:sparse_bf16"": 7, ""gate_proj:sparse_nvfp4"": 7, ""k_proj:dense_bf16"": 14, ""k_proj:dense_nvfp4"": 5, ""k_proj:sparse_bf16"": 3, ""k_proj:sparse_nvfp4"": 10, ""o_proj:dense_bf16"": 17, ""o_proj:dense_nvfp4"": 4, ""o_proj:sparse_bf16"": 4, ""o_proj:sparse_nvfp4"": 7, ""q_proj:dense_bf16"": 12, ""q_proj:dense_nvfp4"": 5, ""q_proj:sparse_bf16"": 9, ""q_proj:sparse_nvfp4"": 6, ""up_proj:dense_bf16"": 10, ""up_proj:dense_nvfp4"": 5, ""up_proj:sparse_bf16"": 7, ""up_proj:sparse_nvfp4"": 10, ""v_proj:dense_bf16"": 18, ""v_proj:dense_nvfp4"": 5, ""v_proj:sparse_bf16"": 5, ""v_proj:sparse_nvfp4"": 4}","{""layers_00_07:dense_bf16"": 30, ""layers_00_07:dense_nvfp4"": 11, ""layers_00_07:sparse_bf16"": 4, ""layers_00_07:sparse_nvfp4"": 11, ""layers_08_15:dense_bf16"": 26, ""layers_08_15:dense_nvfp4"": 8, ""layers_08_15:sparse_bf16"": 11, ""layers_08_15:sparse_nvfp4"": 11, ""layers_16_23:dense_bf16"": 21, ""layers_16_23:dense_nvfp4"": 9, ""layers_16_23:sparse_bf16"": 14, ""layers_16_23:sparse_nvfp4"": 12, ""layers_24_31:dense_bf16"": 22, ""layers_24_31:dense_nvfp4"": 8, ""layers_24_31:sparse_bf16"": 13, ""layers_24_31:sparse_nvfp4"": 13}",-0.0028963849749999993,,0.0,-0.10664308304186924
genimage_partial,GenImage-partial,random_mixed,93,,artifacts/debug/030_mirror_global_pareto/policies/stratified_keyfix_genimage/policy_093_random.json,0.06631796575,0.99348958375,0.99997287375,0.9999730125,1536,0,90,42,43,49,0.19196428571428573,0.11390656053191359,41.20022720999999,6.319025260101253,1.98237422304551,0.009936537174312449,4,181,"{""down_proj:dense_bf16"": 11, ""down_proj:dense_nvfp4"": 4, ""down_proj:sparse_bf16"": 8, ""down_proj:sparse_nvfp4"": 9, ""gate_proj:dense_bf16"": 15, ""gate_proj:dense_nvfp4"": 7, ""gate_proj:sparse_bf16"": 6, ""gate_proj:sparse_nvfp4"": 4, ""k_proj:dense_bf16"": 13, ""k_proj:dense_nvfp4"": 6, ""k_proj:sparse_bf16"": 4, ""k_proj:sparse_nvfp4"": 9, ""o_proj:dense_bf16"": 15, ""o_proj:dense_nvfp4"": 7, ""o_proj:sparse_bf16"": 4, ""o_proj:sparse_nvfp4"": 6, ""q_proj:dense_bf16"": 12, ""q_proj:dense_nvfp4"": 3, ""q_proj:sparse_bf16"": 8, ""q_proj:sparse_nvfp4"": 9, ""up_proj:dense_bf16"": 12, ""up_proj:dense_nvfp4"": 7, ""up_proj:sparse_bf16"": 4, ""up_proj:sparse_nvfp4"": 9, ""v_proj:dense_bf16"": 12, ""v_proj:dense_nvfp4"": 8, ""v_proj:sparse_bf16"": 9, ""v_proj:sparse_nvfp4"": 3}","{""layers_00_07:dense_bf16"": 24, ""layers_00_07:dense_nvfp4"": 11, ""layers_00_07:sparse_bf16"": 9, ""layers_00_07:sparse_nvfp4"": 12, ""layers_08_15:dense_bf16"": 22, ""layers_08_15:dense_nvfp4"": 11, ""layers_08_15:sparse_bf16"": 10, ""layers_08_15:sparse_nvfp4"": 13, ""layers_16_23:dense_bf16"": 20, ""layers_16_23:dense_nvfp4"": 11, ""layers_16_23:sparse_bf16"": 13, ""layers_16_23:sparse_nvfp4"": 12, ""layers_24_31:dense_bf16"": 24, ""layers_24_31:dense_nvfp4"": 9, ""layers_24_31:sparse_bf16"": 11, ""layers_24_31:sparse_nvfp4"": 12}",0.005220724224999994,,0.005220724224999994,-0.10868583630691359
genimage_partial,GenImage-partial,sparse_bf16_down_proj_targeted,69,,artifacts/debug/030_mirror_global_pareto/policies/stratified_keyfix_genimage/policy_069_sparse_bf16_down_proj.json,0.057648707575000006,0.998046875,0.99997287375,0.9999730125,1536,0,192,0,32,0,0.14285714285714285,0.008024970662568465,33.3167376,1.583899758609391,1.5827144049523,0.007658725208892396,2,192,"{""down_proj:sparse_bf16"": 32, ""gate_proj:dense_bf16"": 32, ""k_proj:dense_bf16"": 32, ""o_proj:dense_bf16"": 32, ""q_proj:dense_bf16"": 32, ""up_proj:dense_bf16"": 32, ""v_proj:dense_bf16"": 32}","{""layers_00_07:dense_bf16"": 48, ""layers_00_07:sparse_bf16"": 8, ""layers_08_15:dense_bf16"": 48, ""layers_08_15:sparse_bf16"": 8, ""layers_16_23:dense_bf16"": 48, ""layers_16_23:sparse_bf16"": 8, ""layers_24_31:dense_bf16"": 48, ""layers_24_31:sparse_bf16"": 8}",-0.003448533949999999,,0.0,-0.008024970662568465
genimage_partial,GenImage-partial,random_mixed,94,,artifacts/debug/030_mirror_global_pareto/policies/stratified_keyfix_genimage/policy_094_random.json,0.061616292225,0.99609375125,0.99995931,0.99995958875,1536,0,77,53,48,46,0.21428571428571427,0.10938236007305263,39.540033600000015,6.524173464867227,2.0728462364828095,0.010424356464292656,4,176,"{""down_proj:dense_bf16"": 16, ""down_proj:dense_nvfp4"": 5, ""down_proj:sparse_bf16"": 7, ""down_proj:sparse_nvfp4"": 4, ""gate_proj:dense_bf16"": 9, ""gate_proj:dense_nvfp4"": 11, ""gate_proj:sparse_bf16"": 6, ""gate_proj:sparse_nvfp4"": 6, ""k_proj:dense_bf16"": 10, ""k_proj:dense_nvfp4"": 6, ""k_proj:sparse_bf16"": 8, ""k_proj:sparse_nvfp4"": 8, ""o_proj:dense_bf16"": 14, ""o_proj:dense_nvfp4"": 7, ""o_proj:sparse_bf16"": 5, ""o_proj:sparse_nvfp4"": 6, ""q_proj:dense_bf16"": 9, ""q_proj:dense_nvfp4"": 10, ""q_proj:sparse_bf16"": 7, ""q_proj:sparse_nvfp4"": 6, ""up_proj:dense_bf16"": 6, ""up_proj:dense_nvfp4"": 10, ""up_proj:sparse_bf16"": 6, ""up_proj:sparse_nvfp4"": 10, ""v_proj:dense_bf16"": 13, ""v_proj:dense_nvfp4"": 4, ""v_proj:sparse_bf16"": 9, ""v_proj:sparse_nvfp4"": 6}","{""layers_00_07:dense_bf16"": 14, ""layers_00_07:dense_nvfp4"": 15, ""layers_00_07:sparse_bf16"": 15, ""layers_00_07:sparse_nvfp4"": 12, ""layers_08_15:dense_bf16"": 19, ""layers_08_15:dense_nvfp4"": 14, ""layers_08_15:sparse_bf16"": 13, ""layers_08_15:sparse_nvfp4"": 10, ""layers_16_23:dense_bf16"": 24, ""layers_16_23:dense_nvfp4"": 11, ""layers_16_23:sparse_bf16"": 9, ""layers_16_23:sparse_nvfp4"": 12, ""layers_24_31:dense_bf16"": 20, ""layers_24_31:dense_nvfp4"": 13, ""layers_24_31:sparse_bf16"": 11, ""layers_24_31:sparse_nvfp4"": 12}",0.0005190506999999955,,0.0005190506999999955,-0.10886330937305264
genimage_partial,GenImage-partial,sparse_bf16_gate_proj_targeted,70,,artifacts/debug/030_mirror_global_pareto/policies/stratified_keyfix_genimage/policy_070_sparse_bf16_gate_proj.json,0.052861498825,1.0,1.0,1.0,1536,0,192,0,32,0,0.14285714285714285,0.005537465478203867,33.71516,0.8054244285451831,0.8042118800467799,0.0051628795262751844,2,192,"{""down_proj:dense_bf16"": 32, ""gate_proj:sparse_bf16"": 32, ""k_proj:dense_bf16"": 32, ""o_proj:dense_bf16"": 32, ""q_proj:dense_bf16"": 32, ""up_proj:dense_bf16"": 32, ""v_proj:dense_bf16"": 32}","{""layers_00_07:dense_bf16"": 48, ""layers_00_07:sparse_bf16"": 8, ""layers_08_15:dense_bf16"": 48, ""layers_08_15:sparse_bf16"": 8, ""layers_16_23:dense_bf16"": 48, ""layers_16_23:sparse_bf16"": 8, ""layers_24_31:dense_bf16"": 48, ""layers_24_31:sparse_bf16"": 8}",-0.008235742700000007,,0.0,-0.005537465478203867
genimage_partial,GenImage-partial,random_mixed,95,,artifacts/debug/030_mirror_global_pareto/policies/stratified_keyfix_genimage/policy_095_random.json,0.0671038950375,0.9947916675,0.99982367625,0.99982222125,1536,0,94,42,37,51,0.16517857142857142,0.10965951970760683,39.91079040000001,6.055700060518282,1.65046765111781,0.00814999570274874,4,187,"{""down_proj:dense_bf16"": 13, ""down_proj:dense_nvfp4"": 6, ""down_proj:sparse_bf16"": 9, ""down_proj:sparse_nvfp4"": 4, ""gate_proj:dense_bf16"": 14, ""gate_proj:dense_nvfp4"": 5, ""gate_proj:sparse_bf16"": 5, ""gate_proj:sparse_nvfp4"": 8, ""k_proj:dense_bf16"": 16, ""k_proj:dense_nvfp4"": 6, ""k_proj:sparse_bf16"": 5, ""k_proj:sparse_nvfp4"": 5, ""o_proj:dense_bf16"": 15, ""o_proj:dense_nvfp4"": 7, ""o_proj:sparse_bf16"": 4, ""o_proj:sparse_nvfp4"": 6, ""q_proj:dense_bf16"": 16, ""q_proj:dense_nvfp4"": 6, ""q_proj:sparse_bf16"": 3, ""q_proj:sparse_nvfp4"": 7, ""up_proj:dense_bf16"": 7, ""up_proj:dense_nvfp4"": 6, ""up_proj:sparse_bf16"": 8, ""up_proj:sparse_nvfp4"": 11, ""v_proj:dense_bf16"": 13, ""v_proj:dense_nvfp4"": 6, ""v_proj:sparse_bf16"": 3, ""v_proj:sparse_nvfp4"": 10}","{""layers_00_07:dense_bf16"": 23, ""layers_00_07:dense_nvfp4"": 8, ""layers_00_07:sparse_bf16"": 10, ""layers_00_07:sparse_nvfp4"": 15, ""layers_08_15:dense_bf16"": 20, ""layers_08_15:dense_nvfp4"": 11, ""layers_08_15:sparse_bf16"": 11, ""layers_08_15:sparse_nvfp4"": 14, ""layers_16_23:dense_bf16"": 24, ""layers_16_23:dense_nvfp4"": 10, ""layers_16_23:sparse_bf16"": 9, ""layers_16_23:sparse_nvfp4"": 13, ""layers_24_31:dense_bf16"": 27, ""layers_24_31:dense_nvfp4"": 13, ""layers_24_31:sparse_bf16"": 7, ""layers_24_31:sparse_nvfp4"": 9}",0.0060066535124999945,,0.0060066535124999945,-0.10365286619510683
genimage_partial,GenImage-partial,sparse_bf16_k_proj_targeted,71,,artifacts/debug/030_mirror_global_pareto/policies/stratified_keyfix_genimage/policy_071_sparse_bf16_k_proj.json,0.0601064332,0.9973958325,1.0,1.0,1536,0,192,0,32,0,0.14285714285714285,0.005204360049683334,36.040673600000005,0.7187233495687902,0.71751641236353,0.0048314864261518545,2,192,"{""down_proj:dense_bf16"": 32, ""gate_proj:dense_bf16"": 32, ""k_proj:sparse_bf16"": 32, ""o_proj:dense_bf16"": 32, ""q_proj:dense_bf16"": 32, ""up_proj:dense_bf16"": 32, ""v_proj:dense_bf16"": 32}","{""layers_00_07:dense_bf16"": 48, ""layers_00_07:sparse_bf16"": 8, ""layers_08_15:dense_bf16"": 48, ""layers_08_15:sparse_bf16"": 8, ""layers_16_23:dense_bf16"": 48, ""layers_16_23:sparse_bf16"": 8, ""layers_24_31:dense_bf16"": 48, ""layers_24_31:sparse_bf16"": 8}",-0.0009908083250000019,,0.0,-0.005204360049683334
genimage_partial,GenImage-partial,sparse_bf16_o_proj_targeted,72,,artifacts/debug/030_mirror_global_pareto/policies/stratified_keyfix_genimage/policy_072_sparse_bf16_o_proj.json,0.08732940441249999,0.982421875,0.9992947050000001,0.9995209875,1536,0,192,0,32,0,0.14285714285714285,0.008957810199600862,36.245473600000004,2.2332072867784207,2.23202656148,0.008592977616941775,2,192,"{""down_proj:dense_bf16"": 32, ""gate_proj:dense_bf16"": 32, ""k_proj:dense_bf16"": 32, ""o_proj:sparse_bf16"": 32, ""q_proj:dense_bf16"": 32, ""up_proj:dense_bf16"": 32, ""v_proj:dense_bf16"": 32}","{""layers_00_07:dense_bf16"": 48, ""layers_00_07:sparse_bf16"": 8, ""layers_08_15:dense_bf16"": 48, ""layers_08_15:sparse_bf16"": 8, ""layers_16_23:dense_bf16"": 48, ""layers_16_23:sparse_bf16"": 8, ""layers_24_31:dense_bf16"": 48, ""layers_24_31:sparse_bf16"": 8}",0.026232162887499987,,0.026232162887499987,0.017274352687899126
genimage_partial,GenImage-partial,random_mixed,96,,artifacts/debug/030_mirror_global_pareto/policies/stratified_keyfix_genimage/policy_096_random.json,0.058665742949999995,0.99674479125,0.9999864362499999,0.99998657625,1536,0,88,55,43,38,0.19196428571428573,0.08919042064712505,39.97093120000002,5.357390454761875,1.8337273534986998,0.00926964707002631,4,181,"{""down_proj:dense_bf16"": 9, ""down_proj:dense_nvfp4"": 12, ""down_proj:sparse_bf16"": 5, ""down_proj:sparse_nvfp4"": 6, ""gate_proj:dense_bf16"": 12, ""gate_proj:dense_nvfp4"": 4, ""gate_proj:sparse_bf16"": 9, ""gate_proj:sparse_nvfp4"": 7, ""k_proj:dense_bf16"": 13, ""k_proj:dense_nvfp4"": 11, ""k_proj:sparse_bf16"": 4, ""k_proj:sparse_nvfp4"": 4, ""o_proj:dense_bf16"": 16, ""o_proj:dense_nvfp4"": 9, ""o_proj:sparse_bf16"": 4, ""o_proj:sparse_nvfp4"": 3, ""q_proj:dense_bf16"": 11, ""q_proj:dense_nvfp4"": 7, ""q_proj:sparse_bf16"": 8, ""q_proj:sparse_nvfp4"": 6, ""up_proj:dense_bf16"": 11, ""up_proj:dense_nvfp4"": 10, ""up_proj:sparse_bf16"": 5, ""up_proj:sparse_nvfp4"": 6, ""v_proj:dense_bf16"": 16, ""v_proj:dense_nvfp4"": 2, ""v_proj:sparse_bf16"": 8, ""v_proj:sparse_nvfp4"": 6}","{""layers_00_07:dense_bf16"": 23, ""layers_00_07:dense_nvfp4"": 14, ""layers_00_07:sparse_bf16"": 11, ""layers_00_07:sparse_nvfp4"": 8, ""layers_08_15:dense_bf16"": 26, ""layers_08_15:dense_nvfp4"": 9, ""layers_08_15:sparse_bf16"": 8, ""layers_08_15:sparse_nvfp4"": 13, ""layers_16_23:dense_bf16"": 25, ""layers_16_23:dense_nvfp4"": 14, ""layers_16_23:sparse_bf16"": 12, ""layers_16_23:sparse_nvfp4"": 5, ""layers_24_31:dense_bf16"": 14, ""layers_24_31:dense_nvfp4"": 18, ""layers_24_31:sparse_bf16"": 12, ""layers_24_31:sparse_nvfp4"": 12}",-0.00243149857500001,,0.0,-0.08919042064712505
genimage_partial,GenImage-partial,sparse_bf16_lowerr_ratio_0,22,,artifacts/debug/030_mirror_global_pareto/policies/stratified_keyfix_genimage/policy_022_sparse_bf16_lowerr_r0.json,0.061097241525000005,0.99609375,1.0,1.0,1536,0,224,0,0,0,0.0,0.0004309870659984226,36.127967999999996,0.0013949650538199996,0.0,0.0,1,224,"{""down_proj:dense_bf16"": 32, ""gate_proj:dense_bf16"": 32, ""k_proj:dense_bf16"": 32, ""o_proj:dense_bf16"": 32, ""q_proj:dense_bf16"": 32, ""up_proj:dense_bf16"": 32, ""v_proj:dense_bf16"": 32}","{""layers_00_07:dense_bf16"": 56, ""layers_08_15:dense_bf16"": 56, ""layers_16_23:dense_bf16"": 56, ""layers_24_31:dense_bf16"": 56}",0.0,,0.0,-0.0004309870659984226
genimage_partial,GenImage-partial,sparse_bf16_q_proj_targeted,73,,artifacts/debug/030_mirror_global_pareto/policies/stratified_keyfix_genimage/policy_073_sparse_bf16_q_proj.json,0.060696628462500006,0.9973958325,1.0,1.0,1536,0,192,0,32,0,0.14285714285714285,0.0057674133154737624,36.252329599999996,0.8248355830890916,0.8236244434534401,0.005393262545949301,2,192,"{""down_proj:dense_bf16"": 32, ""gate_proj:dense_bf16"": 32, ""k_proj:dense_bf16"": 32, ""o_proj:dense_bf16"": 32, ""q_proj:sparse_bf16"": 32, ""up_proj:dense_bf16"": 32, ""v_proj:dense_bf16"": 32}","{""layers_00_07:dense_bf16"": 48, ""layers_00_07:sparse_bf16"": 8, ""layers_08_15:dense_bf16"": 48, ""layers_08_15:sparse_bf16"": 8, ""layers_16_23:dense_bf16"": 48, ""layers_16_23:sparse_bf16"": 8, ""layers_24_31:dense_bf16"": 48, ""layers_24_31:sparse_bf16"": 8}",-0.0004006130624999993,,0.0,-0.0057674133154737624
genimage_partial,GenImage-partial,random_mixed,97,,artifacts/debug/030_mirror_global_pareto/policies/stratified_keyfix_genimage/policy_097_random.json,0.0657761541375,0.9934895850000001,0.99994574625,0.99994657875,1536,0,105,29,47,43,0.20982142857142858,0.10185302684770646,39.81382560000003,6.430121523386175,2.362803052473,0.01133377116158222,4,177,"{""down_proj:dense_bf16"": 14, ""down_proj:dense_nvfp4"": 6, ""down_proj:sparse_bf16"": 5, ""down_proj:sparse_nvfp4"": 7, ""gate_proj:dense_bf16"": 16, ""gate_proj:dense_nvfp4"": 2, ""gate_proj:sparse_bf16"": 8, ""gate_proj:sparse_nvfp4"": 6, ""k_proj:dense_bf16"": 19, ""k_proj:dense_nvfp4"": 3, ""k_proj:sparse_bf16"": 5, ""k_proj:sparse_nvfp4"": 5, ""o_proj:dense_bf16"": 13, ""o_proj:dense_nvfp4"": 3, ""o_proj:sparse_bf16"": 8, ""o_proj:sparse_nvfp4"": 8, ""q_proj:dense_bf16"": 18, ""q_proj:dense_nvfp4"": 4, ""q_proj:sparse_bf16"": 5, ""q_proj:sparse_nvfp4"": 5, ""up_proj:dense_bf16"": 13, ""up_proj:dense_nvfp4"": 3, ""up_proj:sparse_bf16"": 8, ""up_proj:sparse_nvfp4"": 8, ""v_proj:dense_bf16"": 12, ""v_proj:dense_nvfp4"": 8, ""v_proj:sparse_bf16"": 8, ""v_proj:sparse_nvfp4"": 4}","{""layers_00_07:dense_bf16"": 30, ""layers_00_07:dense_nvfp4"": 6, ""layers_00_07:sparse_bf16"": 6, ""layers_00_07:sparse_nvfp4"": 14, ""layers_08_15:dense_bf16"": 28, ""layers_08_15:dense_nvfp4"": 6, ""layers_08_15:sparse_bf16"": 13, ""layers_08_15:sparse_nvfp4"": 9, ""layers_16_23:dense_bf16"": 23, ""layers_16_23:dense_nvfp4"": 9, ""layers_16_23:sparse_bf16"": 14, ""layers_16_23:sparse_nvfp4"": 10, ""layers_24_31:dense_bf16"": 24, ""layers_24_31:dense_nvfp4"": 8, ""layers_24_31:sparse_bf16"": 14, ""layers_24_31:sparse_nvfp4"": 10}",0.0046789126124999955,,0.0046789126124999955,-0.09717411423520647
genimage_partial,GenImage-partial,sparse_bf16_lowerr_ratio_0.02,23,,artifacts/debug/030_mirror_global_pareto/policies/stratified_keyfix_genimage/policy_023_sparse_bf16_lowerr_r0.02.json,0.0593484449125,0.9973958325,1.0,1.0,1536,0,220,0,4,0,0.017857142857142856,0.0013366906607783008,35.884422400000005,0.200155394996902,0.19878536275078001,0.0009134088316035524,2,220,"{""down_proj:dense_bf16"": 32, ""gate_proj:dense_bf16"": 31, ""gate_proj:sparse_bf16"": 1, ""k_proj:dense_bf16"": 32, ""o_proj:dense_bf16"": 32, ""q_proj:dense_bf16"": 31, ""q_proj:sparse_bf16"": 1, ""up_proj:dense_bf16"": 30, ""up_proj:sparse_bf16"": 2, ""v_proj:dense_bf16"": 32}","{""layers_00_07:dense_bf16"": 55, ""layers_00_07:sparse_bf16"": 1, ""layers_08_15:dense_bf16"": 55, ""layers_08_15:sparse_bf16"": 1, ""layers_16_23:dense_bf16"": 55, ""layers_16_23:sparse_bf16"": 1, ""layers_24_31:dense_bf16"": 55, ""layers_24_31:sparse_bf16"": 1}",-0.001748796612500006,,0.0,-0.0013366906607783008
genimage_partial,GenImage-partial,sparse_bf16_lowerr_ratio_0.05,24,,artifacts/debug/030_mirror_global_pareto/policies/stratified_keyfix_genimage/policy_024_sparse_bf16_lowerr_r0.05.json,0.0639841837625,0.99544270875,0.99972195125,0.99975723875,1536,0,213,0,11,0,0.049107142857142856,0.002890215729640122,35.8139616,0.4983907652557899,0.49706364707078005,0.0024801911329286005,2,213,"{""down_proj:dense_bf16"": 32, ""gate_proj:dense_bf16"": 29, ""gate_proj:sparse_bf16"": 3, ""k_proj:dense_bf16"": 30, ""k_proj:sparse_bf16"": 2, ""o_proj:dense_bf16"": 31, ""o_proj:sparse_bf16"": 1, ""q_proj:dense_bf16"": 31, ""q_proj:sparse_bf16"": 1, ""up_proj:dense_bf16"": 31, ""up_proj:sparse_bf16"": 1, ""v_proj:dense_bf16"": 29, ""v_proj:sparse_bf16"": 3}","{""layers_00_07:dense_bf16"": 53, ""layers_00_07:sparse_bf16"": 3, ""layers_08_15:dense_bf16"": 53, ""layers_08_15:sparse_bf16"": 3, ""layers_16_23:dense_bf16"": 54, ""layers_16_23:sparse_bf16"": 2, ""layers_24_31:dense_bf16"": 53, ""layers_24_31:sparse_bf16"": 3}",0.0028869422374999884,,0.0028869422374999884,-3.2734921401335847e-06
full_supplemental,ALL-full,sparse_bf16_lowerr_ratio_0.1,1000,batch_16_point_1000,artifacts/debug/030_mirror_global_pareto/policies/stratified_keyfix_genimage/policy_025_sparse_bf16_lowerr_r0.1.json,0.0835820938471543,0.9913358888888888,0.9979077222222222,0.9974537455555557,126033,0,202,0,22,0,0.09821428571428571,0.005045490717295193,34.9783824,0.9794594516831245,0.97820162260878,0.0046568731990337744,2,202,"{""down_proj:dense_bf16"": 28, ""down_proj:sparse_bf16"": 4, ""gate_proj:dense_bf16"": 27, ""gate_proj:sparse_bf16"": 5, ""k_proj:dense_bf16"": 31, ""k_proj:sparse_bf16"": 1, ""o_proj:dense_bf16"": 30, ""o_proj:sparse_bf16"": 2, ""q_proj:dense_bf16"": 31, ""q_proj:sparse_bf16"": 1, ""up_proj:dense_bf16"": 27, ""up_proj:sparse_bf16"": 5, ""v_proj:dense_bf16"": 28, ""v_proj:sparse_bf16"": 4}","{""layers_00_07:dense_bf16"": 48, ""layers_00_07:sparse_bf16"": 8, ""layers_08_15:dense_bf16"": 52, ""layers_08_15:sparse_bf16"": 4, ""layers_16_23:dense_bf16"": 52, ""layers_16_23:sparse_bf16"": 4, ""layers_24_31:dense_bf16"": 50, ""layers_24_31:sparse_bf16"": 6}",0.001454994407777313,0.0019140135259090724,0.001454994407777313,-0.0035904963095178804
full_supplemental,ALL-full,sparse_bf16_lowerr_ratio_0.2,1001,batch_16_point_1001,artifacts/debug/030_mirror_global_pareto/policies/stratified_keyfix_genimage/policy_026_sparse_bf16_lowerr_r0.2.json,0.08585696267529377,0.9912910322222223,0.997536631111111,0.9969296144444445,126033,0,179,0,45,0,0.20089285714285715,0.01001789194861832,34.08552799999999,1.9833955097436438,1.9822776509200797,0.009672525542975199,2,179,"{""down_proj:dense_bf16"": 25, ""down_proj:sparse_bf16"": 7, ""gate_proj:dense_bf16"": 23, ""gate_proj:sparse_bf16"": 9, ""k_proj:dense_bf16"": 29, ""k_proj:sparse_bf16"": 3, ""o_proj:dense_bf16"": 28, ""o_proj:sparse_bf16"": 4, ""q_proj:dense_bf16"": 24, ""q_proj:sparse_bf16"": 8, ""up_proj:dense_bf16"": 22, ""up_proj:sparse_bf16"": 10, ""v_proj:dense_bf16"": 28, ""v_proj:sparse_bf16"": 4}","{""layers_00_07:dense_bf16"": 47, ""layers_00_07:sparse_bf16"": 9, ""layers_08_15:dense_bf16"": 41, ""layers_08_15:sparse_bf16"": 15, ""layers_16_23:dense_bf16"": 43, ""layers_16_23:sparse_bf16"": 13, ""layers_24_31:dense_bf16"": 48, ""layers_24_31:sparse_bf16"": 8}",0.003729863235916786,0.004188882354048545,0.003729863235916786,-0.006288028712701534
full_supplemental,ALL-full,sparse_bf16_lowerr_ratio_0.35,1002,batch_16_point_1002,artifacts/debug/030_mirror_global_pareto/policies/stratified_keyfix_genimage/policy_027_sparse_bf16_lowerr_r0.35.json,0.09955060250789238,0.9861787133333334,0.9964876611111111,0.9958982511111112,126033,0,146,0,78,0,0.3482142857142857,0.01720254175275799,33.7441088,3.4266644777245525,3.4257586976110903,0.016922686049911526,2,146,"{""down_proj:dense_bf16"": 19, ""down_proj:sparse_bf16"": 13, ""gate_proj:dense_bf16"": 22, ""gate_proj:sparse_bf16"": 10, ""k_proj:dense_bf16"": 23, ""k_proj:sparse_bf16"": 9, ""o_proj:dense_bf16"": 21, ""o_proj:sparse_bf16"": 11, ""q_proj:dense_bf16"": 19, ""q_proj:sparse_bf16"": 13, ""up_proj:dense_bf16"": 24, ""up_proj:sparse_bf16"": 8, ""v_proj:dense_bf16"": 18, ""v_proj:sparse_bf16"": 14}","{""layers_00_07:dense_bf16"": 36, ""layers_00_07:sparse_bf16"": 20, ""layers_08_15:dense_bf16"": 36, ""layers_08_15:sparse_bf16"": 20, ""layers_16_23:dense_bf16"": 38, ""layers_16_23:sparse_bf16"": 18, ""layers_24_31:dense_bf16"": 36, ""layers_24_31:sparse_bf16"": 20}",0.017423503068515395,0.017882522186647154,0.017423503068515395,0.00022096131575740502
full_supplemental,ALL-full,sparse_bf16_lowerr_ratio_0.5,1003,batch_16_point_1003,artifacts/debug/030_mirror_global_pareto/policies/stratified_keyfix_genimage/policy_028_sparse_bf16_lowerr_r0.5.json,0.10714376227619671,0.9831768411111111,0.99476277,0.9932934688888889,126033,0,112,0,112,0,0.5,0.024399767036554297,32.55296799999999,4.911697793355057,4.911001910608598,0.024184778602076996,2,112,"{""down_proj:dense_bf16"": 16, ""down_proj:sparse_bf16"": 16, ""gate_proj:dense_bf16"": 20, ""gate_proj:sparse_bf16"": 12, ""k_proj:dense_bf16"": 10, ""k_proj:sparse_bf16"": 22, ""o_proj:dense_bf16"": 17, ""o_proj:sparse_bf16"": 15, ""q_proj:dense_bf16"": 14, ""q_proj:sparse_bf16"": 18, ""up_proj:dense_bf16"": 16, ""up_proj:sparse_bf16"": 16, ""v_proj:dense_bf16"": 19, ""v_proj:sparse_bf16"": 13}","{""layers_00_07:dense_bf16"": 32, ""layers_00_07:sparse_bf16"": 24, ""layers_08_15:dense_bf16"": 27, ""layers_08_15:sparse_bf16"": 29, ""layers_16_23:dense_bf16"": 24, ""layers_16_23:sparse_bf16"": 32, ""layers_24_31:dense_bf16"": 29, ""layers_24_31:sparse_bf16"": 27}",0.02501666283681972,0.02547568195495148,0.02501666283681972,0.0006168958002654226
full_supplemental,ALL-full,sparse_bf16_lowerr_ratio_0.7,1004,batch_16_point_1004,artifacts/debug/030_mirror_global_pareto/policies/stratified_keyfix_genimage/policy_029_sparse_bf16_lowerr_r0.7.json,0.12082089355958202,0.9776097433333333,0.9929956777777778,0.991053111111111,126033,0,67,0,157,0,0.7008928571428571,0.033661765751132625,30.468222400000005,6.872055926037439,6.871632549837529,0.033530962925826975,2,67,"{""down_proj:dense_bf16"": 12, ""down_proj:sparse_bf16"": 20, ""gate_proj:dense_bf16"": 7, ""gate_proj:sparse_bf16"": 25, ""k_proj:dense_bf16"": 16, ""k_proj:sparse_bf16"": 16, ""o_proj:dense_bf16"": 9, ""o_proj:sparse_bf16"": 23, ""q_proj:dense_bf16"": 8, ""q_proj:sparse_bf16"": 24, ""up_proj:dense_bf16"": 6, ""up_proj:sparse_bf16"": 26, ""v_proj:dense_bf16"": 9, ""v_proj:sparse_bf16"": 23}","{""layers_00_07:dense_bf16"": 14, ""layers_00_07:sparse_bf16"": 42, ""layers_08_15:dense_bf16"": 19, ""layers_08_15:sparse_bf16"": 37, ""layers_16_23:dense_bf16"": 18, ""layers_16_23:sparse_bf16"": 38, ""layers_24_31:dense_bf16"": 16, ""layers_24_31:sparse_bf16"": 40}",0.03869379412020503,0.03915281323833679,0.03869379412020503,0.0050320283690724055
full_supplemental,ALL-full,sparse_bf16_lowerr_ratio_0.9,1005,batch_16_point_1005,artifacts/debug/030_mirror_global_pareto/policies/stratified_keyfix_genimage/policy_030_sparse_bf16_lowerr_r0.9.json,0.16405015330060302,0.9604831466666668,0.9866869166666667,0.9824038300000001,126033,0,22,0,202,0,0.9017857142857143,0.043444028913993814,29.722289600000003,8.837871131317156,8.837737467887152,0.04340272966264079,2,22,"{""down_proj:dense_bf16"": 5, ""down_proj:sparse_bf16"": 27, ""gate_proj:dense_bf16"": 5, ""gate_proj:sparse_bf16"": 27, ""k_proj:dense_bf16"": 2, ""k_proj:sparse_bf16"": 30, ""o_proj:dense_bf16"": 1, ""o_proj:sparse_bf16"": 31, ""q_proj:dense_bf16"": 2, ""q_proj:sparse_bf16"": 30, ""up_proj:dense_bf16"": 5, ""up_proj:sparse_bf16"": 27, ""v_proj:dense_bf16"": 2, ""v_proj:sparse_bf16"": 30}","{""layers_00_07:dense_bf16"": 4, ""layers_00_07:sparse_bf16"": 52, ""layers_08_15:dense_bf16"": 7, ""layers_08_15:sparse_bf16"": 49, ""layers_16_23:dense_bf16"": 7, ""layers_16_23:sparse_bf16"": 49, ""layers_24_31:dense_bf16"": 4, ""layers_24_31:sparse_bf16"": 52}",0.08192305386122603,0.08238207297935779,0.08192305386122603,0.03847902494723222
full_theoretical,ALL-full,keyfix_dense_scan_theoretical_frontier,1,batch_16_point_001,artifacts/debug/030_mirror_global_pareto/pareto_keyfix_genimage_dense_scan/batch_16/policies/point_001_budget_0.000426421.json,0.082131305037852,0.9923882766666667,0.9982002544444444,0.9977454199999999,126033,0,194,6,24,0,0.10714285714285714,0.001131190388210622,34.945327999999996,0.09173847209468601,0.07264457830845002,0.0004606150412397531,3,200,"{""down_proj:dense_bf16"": 28, ""down_proj:sparse_bf16"": 4, ""gate_proj:dense_bf16"": 23, ""gate_proj:dense_nvfp4"": 6, ""gate_proj:sparse_bf16"": 3, ""k_proj:dense_bf16"": 24, ""k_proj:sparse_bf16"": 8, ""o_proj:dense_bf16"": 32, ""q_proj:dense_bf16"": 28, ""q_proj:sparse_bf16"": 4, ""up_proj:dense_bf16"": 29, ""up_proj:sparse_bf16"": 3, ""v_proj:dense_bf16"": 30, ""v_proj:sparse_bf16"": 2}","{""layers_00_07:dense_bf16"": 34, ""layers_00_07:sparse_bf16"": 22, ""layers_08_15:dense_bf16"": 55, ""layers_08_15:dense_nvfp4"": 1, ""layers_16_23:dense_bf16"": 53, ""layers_16_23:dense_nvfp4"": 2, ""layers_16_23:sparse_bf16"": 1, ""layers_24_31:dense_bf16"": 52, ""layers_24_31:dense_nvfp4"": 3, ""layers_24_31:sparse_bf16"": 1}",4.205598475012784e-06,0.0004632247166067721,4.205598475012784e-06,-0.0011269847897356093
full_theoretical,ALL-full,keyfix_dense_scan_theoretical_frontier,118,batch_16_point_118,artifacts/debug/030_mirror_global_pareto/pareto_keyfix_genimage_dense_scan/batch_16/policies/point_118_budget_0.0137006.json,0.08134855896017708,0.99264407,0.99827257,0.9978462244444444,126033,0,175,22,27,0,0.12053571428571429,0.002750898939216977,33.829227200000005,0.22652811035465684,0.11978050214845,0.00071718458255313,3,197,"{""down_proj:dense_bf16"": 27, ""down_proj:sparse_bf16"": 5, ""gate_proj:dense_bf16"": 8, ""gate_proj:dense_nvfp4"": 20, ""gate_proj:sparse_bf16"": 4, ""k_proj:dense_bf16"": 24, ""k_proj:sparse_bf16"": 8, ""o_proj:dense_bf16"": 32, ""q_proj:dense_bf16"": 28, ""q_proj:sparse_bf16"": 4, ""up_proj:dense_bf16"": 26, ""up_proj:dense_nvfp4"": 2, ""up_proj:sparse_bf16"": 4, ""v_proj:dense_bf16"": 30, ""v_proj:sparse_bf16"": 2}","{""layers_00_07:dense_bf16"": 28, ""layers_00_07:dense_nvfp4"": 5, ""layers_00_07:sparse_bf16"": 23, ""layers_08_15:dense_bf16"": 50, ""layers_08_15:dense_nvfp4"": 4, ""layers_08_15:sparse_bf16"": 2, ""layers_16_23:dense_bf16"": 48, ""layers_16_23:dense_nvfp4"": 7, ""layers_16_23:sparse_bf16"": 1, ""layers_24_31:dense_bf16"": 49, ""layers_24_31:dense_nvfp4"": 6, ""layers_24_31:sparse_bf16"": 1}",-0.0007785404791999101,-0.00031952136106815077,0.0,-0.002750898939216977
full_theoretical,ALL-full,keyfix_dense_scan_theoretical_frontier,123,batch_16_point_123,artifacts/debug/030_mirror_global_pareto/pareto_keyfix_genimage_dense_scan/batch_16/policies/point_123_budget_0.0157831.json,0.08706650471797704,0.9918378044444444,0.9978540677777777,0.9970255455555557,126033,0,159,21,44,0,0.19642857142857142,0.0053541265004750874,32.44757760000002,0.7025393780497031,0.59035004961845,0.0032775474076271586,3,180,"{""down_proj:dense_bf16"": 19, ""down_proj:sparse_bf16"": 13, ""gate_proj:dense_bf16"": 2, ""gate_proj:dense_nvfp4"": 19, ""gate_proj:sparse_bf16"": 11, ""k_proj:dense_bf16"": 24, ""k_proj:sparse_bf16"": 8, ""o_proj:dense_bf16"": 32, ""q_proj:dense_bf16"": 28, ""q_proj:sparse_bf16"": 4, ""up_proj:dense_bf16"": 24, ""up_proj:dense_nvfp4"": 2, ""up_proj:sparse_bf16"": 6, ""v_proj:dense_bf16"": 30, ""v_proj:sparse_bf16"": 2}","{""layers_00_07:dense_bf16"": 19, ""layers_00_07:dense_nvfp4"": 2, ""layers_00_07:sparse_bf16"": 35, ""layers_08_15:dense_bf16"": 48, ""layers_08_15:dense_nvfp4"": 6, ""layers_08_15:sparse_bf16"": 2, ""layers_16_23:dense_bf16"": 46, ""layers_16_23:dense_nvfp4"": 9, ""layers_16_23:sparse_bf16"": 1, ""layers_24_31:dense_bf16"": 46, ""layers_24_31:dense_nvfp4"": 4, ""layers_24_31:sparse_bf16"": 6}",0.004939405278600054,0.005398424396731813,0.004939405278600054,-0.0004147212218750338
full_theoretical,ALL-full,keyfix_dense_scan_theoretical_frontier,127,batch_16_point_127,artifacts/debug/030_mirror_global_pareto/pareto_keyfix_genimage_dense_scan/batch_16/policies/point_127_budget_0.017682.json,0.08774326974740188,0.9911025566666667,0.9975579011111111,0.9967055833333333,126033,0,145,29,50,0,0.22321428571428573,0.007650162924504125,31.547763200000013,0.9931607940452442,0.7886194821784499,0.004352685489604838,3,174,"{""down_proj:dense_bf16"": 19, ""down_proj:sparse_bf16"": 13, ""gate_proj:dense_nvfp4"": 18, ""gate_proj:sparse_bf16"": 14, ""k_proj:dense_bf16"": 24, ""k_proj:sparse_bf16"": 8, ""o_proj:dense_bf16"": 32, ""q_proj:dense_bf16"": 28, ""q_proj:sparse_bf16"": 4, ""up_proj:dense_bf16"": 12, ""up_proj:dense_nvfp4"": 11, ""up_proj:sparse_bf16"": 9, ""v_proj:dense_bf16"": 30, ""v_proj:sparse_bf16"": 2}","{""layers_00_07:dense_bf16"": 18, ""layers_00_07:dense_nvfp4"": 1, ""layers_00_07:sparse_bf16"": 37, ""layers_08_15:dense_bf16"": 41, ""layers_08_15:dense_nvfp4"": 11, ""layers_08_15:sparse_bf16"": 4, ""layers_16_23:dense_bf16"": 42, ""layers_16_23:dense_nvfp4"": 12, ""layers_16_23:sparse_bf16"": 2, ""layers_24_31:dense_bf16"": 44, ""layers_24_31:dense_nvfp4"": 5, ""layers_24_31:sparse_bf16"": 7}",0.005616170308024887,0.006075189426156646,0.005616170308024887,-0.0020339926164792375
full_theoretical,ALL-full,keyfix_dense_scan_theoretical_frontier,131,batch_16_point_131,artifacts/debug/030_mirror_global_pareto/pareto_keyfix_genimage_dense_scan/batch_16/policies/point_131_budget_0.0198158.json,0.08981454851438989,0.9901883122222223,0.997281,0.9965196844444445,126033,0,134,34,56,0,0.25,0.01014084221938241,30.788708800000016,1.3770694600629774,1.0950947938684499,0.005822666451219071,3,168,"{""down_proj:dense_bf16"": 15, ""down_proj:sparse_bf16"": 17, ""gate_proj:dense_nvfp4"": 17, ""gate_proj:sparse_bf16"": 15, ""k_proj:dense_bf16"": 24, ""k_proj:sparse_bf16"": 8, ""o_proj:dense_bf16"": 32, ""q_proj:dense_bf16"": 28, ""q_proj:sparse_bf16"": 4, ""up_proj:dense_bf16"": 5, ""up_proj:dense_nvfp4"": 17, ""up_proj:sparse_bf16"": 10, ""v_proj:dense_bf16"": 30, ""v_proj:sparse_bf16"": 2}","{""layers_00_07:dense_bf16"": 18, ""layers_00_07:dense_nvfp4"": 1, ""layers_00_07:sparse_bf16"": 37, ""layers_08_15:dense_bf16"": 37, ""layers_08_15:dense_nvfp4"": 11, ""layers_08_15:sparse_bf16"": 8, ""layers_16_23:dense_bf16"": 40, ""layers_16_23:dense_nvfp4"": 13, ""layers_16_23:sparse_bf16"": 3, ""layers_24_31:dense_bf16"": 39, ""layers_24_31:dense_nvfp4"": 9, ""layers_24_31:sparse_bf16"": 8}",0.007687449075012898,0.008146468193144657,0.007687449075012898,-0.0024533931443695128
full_theoretical,ALL-full,keyfix_dense_scan_theoretical_frontier,136,batch_16_point_136,artifacts/debug/030_mirror_global_pareto/pareto_keyfix_genimage_dense_scan/batch_16/policies/point_136_budget_0.0228577.json,0.09514343999940332,0.988246171111111,0.9965046666666666,0.9955455922222222,126033,0,122,37,65,0,0.29017857142857145,0.013498789530961881,29.86715360000001,1.9981243470331504,1.6658211879784501,0.008528233580181926,3,159,"{""down_proj:dense_bf16"": 8, ""down_proj:sparse_bf16"": 24, ""gate_proj:dense_nvfp4"": 17, ""gate_proj:sparse_bf16"": 15, ""k_proj:dense_bf16"": 24, ""k_proj:sparse_bf16"": 8, ""o_proj:dense_bf16"": 32, ""q_proj:dense_bf16"": 28, ""q_proj:sparse_bf16"": 4, ""up_proj:dense_nvfp4"": 20, ""up_proj:sparse_bf16"": 12, ""v_proj:dense_bf16"": 30, ""v_proj:sparse_bf16"": 2}","{""layers_00_07:dense_bf16"": 18, ""layers_00_07:dense_nvfp4"": 1, ""layers_00_07:sparse_bf16"": 37, ""layers_08_15:dense_bf16"": 33, ""layers_08_15:dense_nvfp4"": 9, ""layers_08_15:sparse_bf16"": 14, ""layers_16_23:dense_bf16"": 36, ""layers_16_23:dense_nvfp4"": 15, ""layers_16_23:sparse_bf16"": 5, ""layers_24_31:dense_bf16"": 35, ""layers_24_31:dense_nvfp4"": 12, ""layers_24_31:sparse_bf16"": 9}",0.013016340560026332,0.013475359678158091,0.013016340560026332,-0.0004824489709355489
full_theoretical,ALL-full,keyfix_dense_scan_theoretical_frontier,140,batch_16_point_140,artifacts/debug/030_mirror_global_pareto/pareto_keyfix_genimage_dense_scan/batch_16/policies/point_140_budget_0.0256315.json,0.11432103775806257,0.9832179011111111,0.994607658888889,0.9919036477777777,126033,0,115,33,76,0,0.3392857142857143,0.016395127147184645,29.135932800000003,2.658155289987722,2.3521637841584506,0.01181686449799082,3,148,"{""down_proj:dense_bf16"": 1, ""down_proj:sparse_bf16"": 31, ""gate_proj:dense_nvfp4"": 15, ""gate_proj:sparse_bf16"": 17, ""k_proj:dense_bf16"": 24, ""k_proj:sparse_bf16"": 8, ""o_proj:dense_bf16"": 32, ""q_proj:dense_bf16"": 28, ""q_proj:sparse_bf16"": 4, ""up_proj:dense_nvfp4"": 18, ""up_proj:sparse_bf16"": 14, ""v_proj:dense_bf16"": 30, ""v_proj:sparse_bf16"": 2}","{""layers_00_07:dense_bf16"": 18, ""layers_00_07:dense_nvfp4"": 1, ""layers_00_07:sparse_bf16"": 37, ""layers_08_15:dense_bf16"": 32, ""layers_08_15:dense_nvfp4"": 8, ""layers_08_15:sparse_bf16"": 16, ""layers_16_23:dense_bf16"": 32, ""layers_16_23:dense_nvfp4"": 12, ""layers_16_23:sparse_bf16"": 12, ""layers_24_31:dense_bf16"": 33, ""layers_24_31:dense_nvfp4"": 12, ""layers_24_31:sparse_bf16"": 11}",0.03219393831868558,0.03265295743681734,0.03219393831868558,0.015798811171500938
full_theoretical,ALL-full,keyfix_dense_scan_theoretical_frontier,145,batch_16_point_145,artifacts/debug/030_mirror_global_pareto/pareto_keyfix_genimage_dense_scan/batch_16/policies/point_145_budget_0.0295858.json,0.25081921169607563,0.9340675955555555,0.9835550955555556,0.9715525266666667,126033,0,113,9,102,0,0.45535714285714285,0.020265696886778217,28.404099200000015,3.83902975884795,3.7375586511384506,0.018639840609074913,3,122,"{""down_proj:sparse_bf16"": 32, ""gate_proj:dense_nvfp4"": 3, ""gate_proj:sparse_bf16"": 29, ""k_proj:dense_bf16"": 23, ""k_proj:sparse_bf16"": 9, ""o_proj:dense_bf16"": 32, ""q_proj:dense_bf16"": 28, ""q_proj:sparse_bf16"": 4, ""up_proj:dense_nvfp4"": 6, ""up_proj:sparse_bf16"": 26, ""v_proj:dense_bf16"": 30, ""v_proj:sparse_bf16"": 2}","{""layers_00_07:dense_bf16"": 18, ""layers_00_07:sparse_bf16"": 38, ""layers_08_15:dense_bf16"": 31, ""layers_08_15:dense_nvfp4"": 2, ""layers_08_15:sparse_bf16"": 23, ""layers_16_23:dense_bf16"": 32, ""layers_16_23:dense_nvfp4"": 1, ""layers_16_23:sparse_bf16"": 23, ""layers_24_31:dense_bf16"": 32, ""layers_24_31:dense_nvfp4"": 6, ""layers_24_31:sparse_bf16"": 18}",0.16869211225669864,0.1691511313748304,0.16869211225669864,0.14842641536992043
full_theoretical,ALL-full,keyfix_dense_scan_theoretical_frontier,149,batch_16_point_149,artifacts/debug/030_mirror_global_pareto/pareto_keyfix_genimage_dense_scan/batch_16/policies/point_149_budget_0.0331915.json,0.3074115179287956,0.912253961111111,0.9799200388888889,0.9644413999999999,126033,0,99,1,124,0,0.5535714285714286,0.02406879554646593,28.072284800000013,4.7325783545080835,4.727024833962449,0.023794265998610786,3,100,"{""down_proj:sparse_bf16"": 32, ""gate_proj:dense_nvfp4"": 1, ""gate_proj:sparse_bf16"": 31, ""k_proj:dense_bf16"": 11, ""k_proj:sparse_bf16"": 21, ""o_proj:dense_bf16"": 31, ""o_proj:sparse_bf16"": 1, ""q_proj:dense_bf16"": 27, ""q_proj:sparse_bf16"": 5, ""up_proj:sparse_bf16"": 32, ""v_proj:dense_bf16"": 30, ""v_proj:sparse_bf16"": 2}","{""layers_00_07:dense_bf16"": 16, ""layers_00_07:sparse_bf16"": 40, ""layers_08_15:dense_bf16"": 27, ""layers_08_15:dense_nvfp4"": 1, ""layers_08_15:sparse_bf16"": 28, ""layers_16_23:dense_bf16"": 28, ""layers_16_23:sparse_bf16"": 28, ""layers_24_31:dense_bf16"": 28, ""layers_24_31:sparse_bf16"": 28}",0.22528441848941863,0.2257434376075504,0.22528441848941863,0.2012156229429527
full_theoretical,ALL-full,keyfix_dense_scan_theoretical_frontier,153,batch_16_point_153,artifacts/debug/030_mirror_global_pareto/pareto_keyfix_genimage_dense_scan/batch_16/policies/point_153_budget_0.0372431.json,0.2494035087395793,0.9325699722222223,0.9823989533333334,0.9726009666666666,126033,0,73,1,150,0,0.6696428571428571,0.028806318939153835,27.983824000000006,5.596975542684074,5.591576029882449,0.028579368938500823,3,74,"{""down_proj:sparse_bf16"": 32, ""gate_proj:dense_nvfp4"": 1, ""gate_proj:sparse_bf16"": 31, ""k_proj:dense_bf16"": 5, ""k_proj:sparse_bf16"": 27, ""o_proj:dense_bf16"": 27, ""o_proj:sparse_bf16"": 5, ""q_proj:dense_bf16"": 20, ""q_proj:sparse_bf16"": 12, ""up_proj:sparse_bf16"": 32, ""v_proj:dense_bf16"": 21, ""v_proj:sparse_bf16"": 11}","{""layers_00_07:dense_bf16"": 8, ""layers_00_07:sparse_bf16"": 48, ""layers_08_15:dense_bf16"": 17, ""layers_08_15:dense_nvfp4"": 1, ""layers_08_15:sparse_bf16"": 38, ""layers_16_23:dense_bf16"": 25, ""layers_16_23:sparse_bf16"": 31, ""layers_24_31:dense_bf16"": 23, ""layers_24_31:sparse_bf16"": 33}",0.16727640930020232,0.16773542841833408,0.16727640930020232,0.1384700903610485
full_theoretical,ALL-full,keyfix_dense_scan_theoretical_frontier,158,batch_16_point_158,artifacts/debug/030_mirror_global_pareto/pareto_keyfix_genimage_dense_scan/batch_16/policies/point_158_budget_0.0430191.json,0.2623857387676767,0.9251674077777778,0.97949463,0.9697528533333334,126033,0,51,1,172,0,0.7678571428571429,0.0352523766329528,27.938113600000005,7.029607313002201,7.02435285674245,0.03507023226134005,3,52,"{""down_proj:sparse_bf16"": 32, ""gate_proj:dense_nvfp4"": 1, ""gate_proj:sparse_bf16"": 31, ""k_proj:dense_bf16"": 5, ""k_proj:sparse_bf16"": 27, ""o_proj:dense_bf16"": 18, ""o_proj:sparse_bf16"": 14, ""q_proj:dense_bf16"": 14, ""q_proj:sparse_bf16"": 18, ""up_proj:sparse_bf16"": 32, ""v_proj:dense_bf16"": 14, ""v_proj:sparse_bf16"": 18}","{""layers_00_07:dense_bf16"": 8, ""layers_00_07:sparse_bf16"": 48, ""layers_08_15:dense_bf16"": 12, ""layers_08_15:dense_nvfp4"": 1, ""layers_08_15:sparse_bf16"": 43, ""layers_16_23:dense_bf16"": 15, ""layers_16_23:sparse_bf16"": 41, ""layers_24_31:dense_bf16"": 16, ""layers_24_31:sparse_bf16"": 40}",0.1802586393282997,0.18071765844643145,0.1802586393282997,0.1450062626953469
full_theoretical,ALL-full,keyfix_dense_scan_theoretical_frontier,162,batch_16_point_162,artifacts/debug/030_mirror_global_pareto/pareto_keyfix_genimage_dense_scan/batch_16/policies/point_162_budget_0.0482859.json,0.22763421618457705,0.9352512233333334,0.9806610977777778,0.9742594388888889,126033,0,33,1,190,0,0.8482142857142857,0.04032399692059057,27.914595199999997,8.175666728864476,8.170532479762448,0.04017898322313144,3,34,"{""down_proj:sparse_bf16"": 32, ""gate_proj:dense_nvfp4"": 1, ""gate_proj:sparse_bf16"": 31, ""k_proj:dense_bf16"": 5, ""k_proj:sparse_bf16"": 27, ""o_proj:dense_bf16"": 10, ""o_proj:sparse_bf16"": 22, ""q_proj:dense_bf16"": 9, ""q_proj:sparse_bf16"": 23, ""up_proj:sparse_bf16"": 32, ""v_proj:dense_bf16"": 9, ""v_proj:sparse_bf16"": 23}","{""layers_00_07:dense_bf16"": 8, ""layers_00_07:sparse_bf16"": 48, ""layers_08_15:dense_bf16"": 6, ""layers_08_15:dense_nvfp4"": 1, ""layers_08_15:sparse_bf16"": 49, ""layers_16_23:dense_bf16"": 12, ""layers_16_23:sparse_bf16"": 44, ""layers_24_31:dense_bf16"": 7, ""layers_24_31:sparse_bf16"": 49}",0.14550711674520006,0.14596613586333182,0.14550711674520006,0.10518311982460948
full_uniform,ALL-full,uniform_dense_bf16,1,,artifacts/debug/030_mirror_global_pareto/policies/keyfix_uniform/policy_001_uniform_dense_bf16.json,0.08212709943937699,0.9919491944444445,0.998254041111111,0.9978893088888889,126033,0,224,0,0,0,0.0,0.0004309870659984226,36.127967999999996,0.0013949650538199996,0.0,0.0,1,224,"{""down_proj:dense_bf16"": 32, ""gate_proj:dense_bf16"": 32, ""k_proj:dense_bf16"": 32, ""o_proj:dense_bf16"": 32, ""q_proj:dense_bf16"": 32, ""up_proj:dense_bf16"": 32, ""v_proj:dense_bf16"": 32}","{""layers_00_07:dense_bf16"": 56, ""layers_08_15:dense_bf16"": 56, ""layers_16_23:dense_bf16"": 56, ""layers_24_31:dense_bf16"": 56}",0.0,0.00045901911813175933,0.0,-0.0004309870659984226
full_uniform,ALL-full,uniform_sparse_bf16,3,,artifacts/debug/030_mirror_global_pareto/policies/keyfix_uniform/policy_003_uniform_sparse_bf16.json,0.22866804149733325,0.9321528644444445,0.9785178944444445,0.97184899,126033,0,0,0,224,0,1.0,0.04816624059094303,28.548273599999998,9.796186026634452,9.796186026634452,0.04816624059094303,1,0,"{""down_proj:sparse_bf16"": 32, ""gate_proj:sparse_bf16"": 32, ""k_proj:sparse_bf16"": 32, ""o_proj:sparse_bf16"": 32, ""q_proj:sparse_bf16"": 32, ""up_proj:sparse_bf16"": 32, ""v_proj:sparse_bf16"": 32}","{""layers_00_07:sparse_bf16"": 56, ""layers_08_15:sparse_bf16"": 56, ""layers_16_23:sparse_bf16"": 56, ""layers_24_31:sparse_bf16"": 56}",0.14654094205795626,0.14699996117608802,0.14654094205795626,0.09837470146701323
full_uniform,ALL-full,uniform_dense_default,0,,artifacts/debug/030_mirror_global_pareto/policies/keyfix_uniform/policy_000_uniform_dense_default.json,0.08166808032124523,0.9921241522222223,0.9982794833333334,0.9979112344444445,126033,224,0,0,0,0,0.0,0.0,66.61477766999997,0.0,0.0,0.0,1,224,"{""down_proj:dense_default"": 32, ""gate_proj:dense_default"": 32, ""k_proj:dense_default"": 32, ""o_proj:dense_default"": 32, ""q_proj:dense_default"": 32, ""up_proj:dense_default"": 32, ""v_proj:dense_default"": 32}","{""layers_00_07:dense_default"": 56, ""layers_08_15:dense_default"": 56, ""layers_16_23:dense_default"": 56, ""layers_24_31:dense_default"": 56}",-0.00045901911813175933,0.0,0.0,0.0
controlled_genimage_partial,GenImage-controlled-partial,dense_bf16_baseline,0,controlled_policy_000,artifacts/debug/031_mirror_sparse_bf16_additivity_debug/policies/controlled_sparse_bf16/policy_000_dense_bf16_baseline.json,0.061097241525000005,0.99609375,1.0,1.0,1536,0,224,0,0,0,0.0,0.0004309870659984226,36.127967999999996,0.0013949650538199996,0.0,0.0,1,224,"{""down_proj:dense_bf16"": 32, ""gate_proj:dense_bf16"": 32, ""k_proj:dense_bf16"": 32, ""o_proj:dense_bf16"": 32, ""q_proj:dense_bf16"": 32, ""up_proj:dense_bf16"": 32, ""v_proj:dense_bf16"": 32}","{""layers_00_07:dense_bf16"": 56, ""layers_08_15:dense_bf16"": 56, ""layers_16_23:dense_bf16"": 56, ""layers_24_31:dense_bf16"": 56}",0.0,,0.0,-0.0004309870659984226
controlled_genimage_partial,GenImage-controlled-partial,random_count_157_seed_23,20,controlled_policy_020,artifacts/debug/031_mirror_sparse_bf16_additivity_debug/policies/controlled_sparse_bf16/policy_020_random_count_157_seed_23.json,0.0838708723875,0.98567708375,0.99975585875,0.99975964,1536,0,67,0,157,0,0.7008928571428571,0.03485740017188909,30.799400000000006,7.175814518080058,7.175399731622949,0.0347292405017852,2,67,"{""down_proj:dense_bf16"": 12, ""down_proj:sparse_bf16"": 20, ""gate_proj:dense_bf16"": 11, ""gate_proj:sparse_bf16"": 21, ""k_proj:dense_bf16"": 10, ""k_proj:sparse_bf16"": 22, ""o_proj:dense_bf16"": 8, ""o_proj:sparse_bf16"": 24, ""q_proj:dense_bf16"": 10, ""q_proj:sparse_bf16"": 22, ""up_proj:dense_bf16"": 6, ""up_proj:sparse_bf16"": 26, ""v_proj:dense_bf16"": 10, ""v_proj:sparse_bf16"": 22}","{""layers_00_07:dense_bf16"": 18, ""layers_00_07:sparse_bf16"": 38, ""layers_08_15:dense_bf16"": 21, ""layers_08_15:sparse_bf16"": 35, ""layers_16_23:dense_bf16"": 15, ""layers_16_23:sparse_bf16"": 41, ""layers_24_31:dense_bf16"": 13, ""layers_24_31:sparse_bf16"": 43}",0.022773630862499998,,0.022773630862499998,-0.012083769309389092
controlled_genimage_partial,GenImage-controlled-partial,layer_24_31,30,controlled_policy_030,artifacts/debug/031_mirror_sparse_bf16_additivity_debug/policies/controlled_sparse_bf16/policy_030_layer_24_31.json,0.0562280764375,1.0,1.0,1.0,1536,0,168,0,56,0,0.25,0.016120649351942597,34.19633440000003,3.228364958976291,3.2273450251430007,0.01580552465754441,2,168,"{""down_proj:dense_bf16"": 24, ""down_proj:sparse_bf16"": 8, ""gate_proj:dense_bf16"": 24, ""gate_proj:sparse_bf16"": 8, ""k_proj:dense_bf16"": 24, ""k_proj:sparse_bf16"": 8, ""o_proj:dense_bf16"": 24, ""o_proj:sparse_bf16"": 8, ""q_proj:dense_bf16"": 24, ""q_proj:sparse_bf16"": 8, ""up_proj:dense_bf16"": 24, ""up_proj:sparse_bf16"": 8, ""v_proj:dense_bf16"": 24, ""v_proj:sparse_bf16"": 8}","{""layers_00_07:dense_bf16"": 56, ""layers_08_15:dense_bf16"": 56, ""layers_16_23:dense_bf16"": 56, ""layers_24_31:sparse_bf16"": 56}",-0.004869165087500002,,0.0,-0.016120649351942597
controlled_genimage_partial,GenImage-controlled-partial,random_count_45_seed_23,5,controlled_policy_005,artifacts/debug/031_mirror_sparse_bf16_additivity_debug/policies/controlled_sparse_bf16/policy_005_random_count_45_seed_23.json,0.0582524820875,0.9973958325,1.0,1.0,1536,0,179,0,45,0,0.20089285714285715,0.009224806260012623,34.58878559999999,1.8056822908474572,1.8045553872385098,0.008876649786655469,2,179,"{""down_proj:dense_bf16"": 24, ""down_proj:sparse_bf16"": 8, ""gate_proj:dense_bf16"": 25, ""gate_proj:sparse_bf16"": 7, ""k_proj:dense_bf16"": 28, ""k_proj:sparse_bf16"": 4, ""o_proj:dense_bf16"": 27, ""o_proj:sparse_bf16"": 5, ""q_proj:dense_bf16"": 22, ""q_proj:sparse_bf16"": 10, ""up_proj:dense_bf16"": 28, ""up_proj:sparse_bf16"": 4, ""v_proj:dense_bf16"": 25, ""v_proj:sparse_bf16"": 7}","{""layers_00_07:dense_bf16"": 44, ""layers_00_07:sparse_bf16"": 12, ""layers_08_15:dense_bf16"": 44, ""layers_08_15:sparse_bf16"": 12, ""layers_16_23:dense_bf16"": 41, ""layers_16_23:sparse_bf16"": 15, ""layers_24_31:dense_bf16"": 50, ""layers_24_31:sparse_bf16"": 6}",-0.0028447594375000038,,0.0,-0.009224806260012623
controlled_genimage_partial,GenImage-controlled-partial,random_count_78_seed_23,10,controlled_policy_010,artifacts/debug/031_mirror_sparse_bf16_additivity_debug/policies/controlled_sparse_bf16/policy_010_random_count_78_seed_23.json,0.057090477024999996,0.998046875,1.0,1.0,1536,0,146,0,78,0,0.3482142857142857,0.016723548975699366,33.47811200000001,3.1898955801265303,3.1889784040758005,0.01644018499406166,2,146,"{""down_proj:dense_bf16"": 20, ""down_proj:sparse_bf16"": 12, ""gate_proj:dense_bf16"": 21, ""gate_proj:sparse_bf16"": 11, ""k_proj:dense_bf16"": 17, ""k_proj:sparse_bf16"": 15, ""o_proj:dense_bf16"": 24, ""o_proj:sparse_bf16"": 8, ""q_proj:dense_bf16"": 21, ""q_proj:sparse_bf16"": 11, ""up_proj:dense_bf16"": 21, ""up_proj:sparse_bf16"": 11, ""v_proj:dense_bf16"": 22, ""v_proj:sparse_bf16"": 10}","{""layers_00_07:dense_bf16"": 33, ""layers_00_07:sparse_bf16"": 23, ""layers_08_15:dense_bf16"": 41, ""layers_08_15:sparse_bf16"": 15, ""layers_16_23:dense_bf16"": 34, ""layers_16_23:sparse_bf16"": 22, ""layers_24_31:dense_bf16"": 38, ""layers_24_31:sparse_bf16"": 18}",-0.00400676450000001,,0.0,-0.016723548975699366
controlled_genimage_partial,GenImage-controlled-partial,random_count_190_seed_23,25,controlled_policy_025,artifacts/debug/031_mirror_sparse_bf16_additivity_debug/policies/controlled_sparse_bf16/policy_025_random_count_190_seed_23.json,0.08799017014999999,0.98502604125,0.99947102875,0.99948329,1536,0,34,0,190,0,0.8482142857142857,0.040724821166838766,29.443483200000006,8.315871867658535,8.315657030348449,0.04065844574782987,2,34,"{""down_proj:dense_bf16"": 3, ""down_proj:sparse_bf16"": 29, ""gate_proj:dense_bf16"": 6, ""gate_proj:sparse_bf16"": 26, ""k_proj:dense_bf16"": 4, ""k_proj:sparse_bf16"": 28, ""o_proj:dense_bf16"": 6, ""o_proj:sparse_bf16"": 26, ""q_proj:dense_bf16"": 5, ""q_proj:sparse_bf16"": 27, ""up_proj:dense_bf16"": 5, ""up_proj:sparse_bf16"": 27, ""v_proj:dense_bf16"": 5, ""v_proj:sparse_bf16"": 27}","{""layers_00_07:dense_bf16"": 8, ""layers_00_07:sparse_bf16"": 48, ""layers_08_15:dense_bf16"": 5, ""layers_08_15:sparse_bf16"": 51, ""layers_16_23:dense_bf16"": 10, ""layers_16_23:sparse_bf16"": 46, ""layers_24_31:dense_bf16"": 11, ""layers_24_31:sparse_bf16"": 45}",0.026892928624999986,,0.026892928624999986,-0.01383189254183878
controlled_genimage_partial,GenImage-controlled-partial,random_count_112_seed_23,15,controlled_policy_015,artifacts/debug/031_mirror_sparse_bf16_additivity_debug/policies/controlled_sparse_bf16/policy_015_random_count_112_seed_23.json,0.0590972716,0.99804687625,1.0,1.0,1536,0,112,0,112,0,0.5,0.024319738693132562,32.223785600000014,4.95268355829622,4.95198596882744,0.02410421093182214,2,112,"{""down_proj:dense_bf16"": 16, ""down_proj:sparse_bf16"": 16, ""gate_proj:dense_bf16"": 15, ""gate_proj:sparse_bf16"": 17, ""k_proj:dense_bf16"": 20, ""k_proj:sparse_bf16"": 12, ""o_proj:dense_bf16"": 15, ""o_proj:sparse_bf16"": 17, ""q_proj:dense_bf16"": 13, ""q_proj:sparse_bf16"": 19, ""up_proj:dense_bf16"": 15, ""up_proj:sparse_bf16"": 17, ""v_proj:dense_bf16"": 18, ""v_proj:sparse_bf16"": 14}","{""layers_00_07:dense_bf16"": 26, ""layers_00_07:sparse_bf16"": 30, ""layers_08_15:dense_bf16"": 30, ""layers_08_15:sparse_bf16"": 26, ""layers_16_23:dense_bf16"": 27, ""layers_16_23:sparse_bf16"": 29, ""layers_24_31:dense_bf16"": 29, ""layers_24_31:sparse_bf16"": 27}",-0.0019999699250000044,,0.0,-0.024319738693132562
controlled_genimage_partial,GenImage-controlled-partial,type_v_proj,35,controlled_policy_035,artifacts/debug/031_mirror_sparse_bf16_additivity_debug/policies/controlled_sparse_bf16/policy_035_type_v_proj.json,0.0669916796,0.994140625,1.0,1.0,1536,0,192,0,32,0,0.14285714285714285,0.008343693397447897,36.195129599999994,1.6600133328718751,1.6588244717473999,0.007976353408843681,2,192,"{""down_proj:dense_bf16"": 32, ""gate_proj:dense_bf16"": 32, ""k_proj:dense_bf16"": 32, ""o_proj:dense_bf16"": 32, ""q_proj:dense_bf16"": 32, ""up_proj:dense_bf16"": 32, ""v_proj:sparse_bf16"": 32}","{""layers_00_07:dense_bf16"": 48, ""layers_00_07:sparse_bf16"": 8, ""layers_08_15:dense_bf16"": 48, ""layers_08_15:sparse_bf16"": 8, ""layers_16_23:dense_bf16"": 48, ""layers_16_23:sparse_bf16"": 8, ""layers_24_31:dense_bf16"": 48, ""layers_24_31:sparse_bf16"": 8}",0.005894438075000001,,0.005894438075000001,-0.0024492553224478956
controlled_genimage_partial,GenImage-controlled-partial,random_count_45_seed_37,6,controlled_policy_006,artifacts/debug/031_mirror_sparse_bf16_additivity_debug/policies/controlled_sparse_bf16/policy_006_random_count_45_seed_37.json,0.056463825125,0.99934895875,1.0,1.0,1536,0,179,0,45,0,0.20089285714285715,0.010838535599578,34.13961440000002,2.198529655085551,2.1974162571841003,0.010494538702141063,2,179,"{""down_proj:dense_bf16"": 26, ""down_proj:sparse_bf16"": 6, ""gate_proj:dense_bf16"": 23, ""gate_proj:sparse_bf16"": 9, ""k_proj:dense_bf16"": 30, ""k_proj:sparse_bf16"": 2, ""o_proj:dense_bf16"": 24, ""o_proj:sparse_bf16"": 8, ""q_proj:dense_bf16"": 27, ""q_proj:sparse_bf16"": 5, ""up_proj:dense_bf16"": 23, ""up_proj:sparse_bf16"": 9, ""v_proj:dense_bf16"": 26, ""v_proj:sparse_bf16"": 6}","{""layers_00_07:dense_bf16"": 44, ""layers_00_07:sparse_bf16"": 12, ""layers_08_15:dense_bf16"": 46, ""layers_08_15:sparse_bf16"": 10, ""layers_16_23:dense_bf16"": 46, ""layers_16_23:sparse_bf16"": 10, ""layers_24_31:dense_bf16"": 43, ""layers_24_31:sparse_bf16"": 13}",-0.004633416400000007,,0.0,-0.010838535599578
controlled_genimage_partial,GenImage-controlled-partial,random_count_157_seed_37,21,controlled_policy_021,artifacts/debug/031_mirror_sparse_bf16_additivity_debug/policies/controlled_sparse_bf16/policy_021_random_count_157_seed_37.json,0.0654153581,0.99414062625,0.99994574625,0.99994588375,1536,0,67,0,157,0,0.7008928571428571,0.03402479205212985,30.99695200000001,6.88180725859145,6.8813892449366625,0.03389563968073547,2,67,"{""down_proj:dense_bf16"": 10, ""down_proj:sparse_bf16"": 22, ""gate_proj:dense_bf16"": 12, ""gate_proj:sparse_bf16"": 20, ""k_proj:dense_bf16"": 9, ""k_proj:sparse_bf16"": 23, ""o_proj:dense_bf16"": 10, ""o_proj:sparse_bf16"": 22, ""q_proj:dense_bf16"": 8, ""q_proj:sparse_bf16"": 24, ""up_proj:dense_bf16"": 10, ""up_proj:sparse_bf16"": 22, ""v_proj:dense_bf16"": 8, ""v_proj:sparse_bf16"": 24}","{""layers_00_07:dense_bf16"": 15, ""layers_00_07:sparse_bf16"": 41, ""layers_08_15:dense_bf16"": 17, ""layers_08_15:sparse_bf16"": 39, ""layers_16_23:dense_bf16"": 19, ""layers_16_23:sparse_bf16"": 37, ""layers_24_31:dense_bf16"": 16, ""layers_24_31:sparse_bf16"": 40}",0.004318116574999996,,0.004318116574999996,-0.02970667547712985
controlled_genimage_partial,GenImage-controlled-partial,attention_only,31,controlled_policy_031,artifacts/debug/031_mirror_sparse_bf16_additivity_debug/policies/controlled_sparse_bf16/policy_031_attention_only.json,0.1192901926875,0.96875,0.9976738825,0.99827618125,1536,0,96,0,128,0,0.5714285714285714,0.0269803157642106,36.3497024,5.432594657146716,5.431991889044369,0.026794079997886622,2,96,"{""down_proj:dense_bf16"": 32, ""gate_proj:dense_bf16"": 32, ""k_proj:sparse_bf16"": 32, ""o_proj:sparse_bf16"": 32, ""q_proj:sparse_bf16"": 32, ""up_proj:dense_bf16"": 32, ""v_proj:sparse_bf16"": 32}","{""layers_00_07:dense_bf16"": 24, ""layers_00_07:sparse_bf16"": 32, ""layers_08_15:dense_bf16"": 24, ""layers_08_15:sparse_bf16"": 32, ""layers_16_23:dense_bf16"": 24, ""layers_16_23:sparse_bf16"": 32, ""layers_24_31:dense_bf16"": 24, ""layers_24_31:sparse_bf16"": 32}",0.0581929511625,,0.0581929511625,0.0312126353982894
controlled_genimage_partial,GenImage-controlled-partial,uniform_sparse_bf16,1,controlled_policy_001,artifacts/debug/031_mirror_sparse_bf16_additivity_debug/policies/controlled_sparse_bf16/policy_001_uniform_sparse_bf16.json,0.11334800785,0.9720052075,0.9983995225,0.9985126025,1536,0,0,0,224,0,1.0,0.04816624059094303,28.548273599999998,9.796186026634452,9.796186026634452,0.04816624059094303,1,0,"{""down_proj:sparse_bf16"": 32, ""gate_proj:sparse_bf16"": 32, ""k_proj:sparse_bf16"": 32, ""o_proj:sparse_bf16"": 32, ""q_proj:sparse_bf16"": 32, ""up_proj:sparse_bf16"": 32, ""v_proj:sparse_bf16"": 32}","{""layers_00_07:sparse_bf16"": 56, ""layers_08_15:sparse_bf16"": 56, ""layers_16_23:sparse_bf16"": 56, ""layers_24_31:sparse_bf16"": 56}",0.052250766324999996,,0.052250766324999996,0.0040845257340569666
controlled_genimage_partial,GenImage-controlled-partial,type_o_proj,36,controlled_policy_036,artifacts/debug/031_mirror_sparse_bf16_additivity_debug/policies/controlled_sparse_bf16/policy_036_type_o_proj.json,0.08732940441249999,0.982421875,0.9992947050000001,0.9995209875,1536,0,192,0,32,0,0.14285714285714285,0.008957810199600862,36.245473600000004,2.2332072867784207,2.23202656148,0.008592977616941775,2,192,"{""down_proj:dense_bf16"": 32, ""gate_proj:dense_bf16"": 32, ""k_proj:dense_bf16"": 32, ""o_proj:sparse_bf16"": 32, ""q_proj:dense_bf16"": 32, ""up_proj:dense_bf16"": 32, ""v_proj:dense_bf16"": 32}","{""layers_00_07:dense_bf16"": 48, ""layers_00_07:sparse_bf16"": 8, ""layers_08_15:dense_bf16"": 48, ""layers_08_15:sparse_bf16"": 8, ""layers_16_23:dense_bf16"": 48, ""layers_16_23:sparse_bf16"": 8, ""layers_24_31:dense_bf16"": 48, ""layers_24_31:sparse_bf16"": 8}",0.026232162887499987,,0.026232162887499987,0.017274352687899126
controlled_genimage_partial,GenImage-controlled-partial,random_count_78_seed_37,11,controlled_policy_011,artifacts/debug/031_mirror_sparse_bf16_additivity_debug/policies/controlled_sparse_bf16/policy_011_random_count_78_seed_37.json,0.056079684,0.998046875,1.0,1.0,1536,0,146,0,78,0,0.3482142857142857,0.017515149977063778,33.599580799999984,3.481947967014519,3.481039576097571,0.01723448690071126,2,146,"{""down_proj:dense_bf16"": 21, ""down_proj:sparse_bf16"": 11, ""gate_proj:dense_bf16"": 20, ""gate_proj:sparse_bf16"": 12, ""k_proj:dense_bf16"": 19, ""k_proj:sparse_bf16"": 13, ""o_proj:dense_bf16"": 23, ""o_proj:sparse_bf16"": 9, ""q_proj:dense_bf16"": 22, ""q_proj:sparse_bf16"": 10, ""up_proj:dense_bf16"": 22, ""up_proj:sparse_bf16"": 10, ""v_proj:dense_bf16"": 19, ""v_proj:sparse_bf16"": 13}","{""layers_00_07:dense_bf16"": 42, ""layers_00_07:sparse_bf16"": 14, ""layers_08_15:dense_bf16"": 43, ""layers_08_15:sparse_bf16"": 13, ""layers_16_23:dense_bf16"": 30, ""layers_16_23:sparse_bf16"": 26, ""layers_24_31:dense_bf16"": 31, ""layers_24_31:sparse_bf16"": 25}",-0.005017557525000008,,0.0,-0.017515149977063778
controlled_genimage_partial,GenImage-controlled-partial,random_count_112_seed_37,16,controlled_policy_016,artifacts/debug/031_mirror_sparse_bf16_additivity_debug/policies/controlled_sparse_bf16/policy_016_random_count_112_seed_37.json,0.0625309779,0.99674479125,1.0,1.0,1536,0,112,0,112,0,0.5,0.022394910849980063,32.25626240000002,4.405017437979345,4.4043103249317515,0.022176466171839274,2,112,"{""down_proj:dense_bf16"": 15, ""down_proj:sparse_bf16"": 17, ""gate_proj:dense_bf16"": 13, ""gate_proj:sparse_bf16"": 19, ""k_proj:dense_bf16"": 17, ""k_proj:sparse_bf16"": 15, ""o_proj:dense_bf16"": 18, ""o_proj:sparse_bf16"": 14, ""q_proj:dense_bf16"": 12, ""q_proj:sparse_bf16"": 20, ""up_proj:dense_bf16"": 19, ""up_proj:sparse_bf16"": 13, ""v_proj:dense_bf16"": 18, ""v_proj:sparse_bf16"": 14}","{""layers_00_07:dense_bf16"": 23, ""layers_00_07:sparse_bf16"": 33, ""layers_08_15:dense_bf16"": 29, ""layers_08_15:sparse_bf16"": 27, ""layers_16_23:dense_bf16"": 28, ""layers_16_23:sparse_bf16"": 28, ""layers_24_31:dense_bf16"": 32, ""layers_24_31:sparse_bf16"": 24}",0.0014337363750000012,,0.0014337363750000012,-0.02096117447498006
controlled_genimage_partial,GenImage-controlled-partial,random_count_190_seed_37,26,controlled_policy_026,artifacts/debug/031_mirror_sparse_bf16_additivity_debug/policies/controlled_sparse_bf16/policy_026_random_count_190_seed_37.json,0.08312630828749999,0.986328125,0.9996066625,0.99961811375,1536,0,34,0,190,0,0.8482142857142857,0.04097114450724742,29.10111520000001,8.220454186719412,8.22023644125625,0.040903885045230015,2,34,"{""down_proj:dense_bf16"": 5, ""down_proj:sparse_bf16"": 27, ""gate_proj:sparse_bf16"": 32, ""k_proj:dense_bf16"": 6, ""k_proj:sparse_bf16"": 26, ""o_proj:dense_bf16"": 9, ""o_proj:sparse_bf16"": 23, ""q_proj:dense_bf16"": 3, ""q_proj:sparse_bf16"": 29, ""up_proj:dense_bf16"": 3, ""up_proj:sparse_bf16"": 29, ""v_proj:dense_bf16"": 8, ""v_proj:sparse_bf16"": 24}","{""layers_00_07:dense_bf16"": 7, ""layers_00_07:sparse_bf16"": 49, ""layers_08_15:dense_bf16"": 13, ""layers_08_15:sparse_bf16"": 43, ""layers_16_23:dense_bf16"": 5, ""layers_16_23:sparse_bf16"": 51, ""layers_24_31:dense_bf16"": 9, ""layers_24_31:sparse_bf16"": 47}",0.022029066762499987,,0.022029066762499987,-0.018942077744747432
controlled_genimage_partial,GenImage-controlled-partial,lowerr_count_78,7,controlled_policy_007,artifacts/debug/031_mirror_sparse_bf16_additivity_debug/policies/controlled_sparse_bf16/policy_007_lowerr_count_78.json,0.05895583233750001,0.99739583375,1.0,1.0,1536,0,146,0,78,0,0.3482142857142857,0.010369891307511505,33.229991999999996,1.732950450391847,1.73198248645883,0.010070871665177112,2,146,"{""down_proj:dense_bf16"": 23, ""down_proj:sparse_bf16"": 9, ""gate_proj:dense_bf16"": 9, ""gate_proj:sparse_bf16"": 23, ""k_proj:dense_bf16"": 21, ""k_proj:sparse_bf16"": 11, ""o_proj:dense_bf16"": 27, ""o_proj:sparse_bf16"": 5, ""q_proj:dense_bf16"": 14, ""q_proj:sparse_bf16"": 18, ""up_proj:dense_bf16"": 27, ""up_proj:sparse_bf16"": 5, ""v_proj:dense_bf16"": 25, ""v_proj:sparse_bf16"": 7}","{""layers_00_07:dense_bf16"": 18, ""layers_00_07:sparse_bf16"": 38, ""layers_08_15:dense_bf16"": 33, ""layers_08_15:sparse_bf16"": 23, ""layers_16_23:dense_bf16"": 42, ""layers_16_23:sparse_bf16"": 14, ""layers_24_31:dense_bf16"": 53, ""layers_24_31:sparse_bf16"": 3}",-0.0021414091874999985,,0.0,-0.010369891307511505
controlled_genimage_partial,GenImage-controlled-partial,lowerr_count_190,22,controlled_policy_022,artifacts/debug/031_mirror_sparse_bf16_additivity_debug/policies/controlled_sparse_bf16/policy_022_lowerr_count_190.json,0.0803273339,0.986328125,0.99919976,0.9992415112499999,1536,0,34,0,190,0,0.8482142857142857,0.036573766595545246,30.188606399999998,7.0854087930960885,7.085153406058451,0.03649489266460407,2,34,"{""down_proj:dense_bf16"": 10, ""down_proj:sparse_bf16"": 22, ""gate_proj:sparse_bf16"": 32, ""k_proj:sparse_bf16"": 32, ""o_proj:dense_bf16"": 10, ""o_proj:sparse_bf16"": 22, ""q_proj:dense_bf16"": 1, ""q_proj:sparse_bf16"": 31, ""up_proj:dense_bf16"": 10, ""up_proj:sparse_bf16"": 22, ""v_proj:dense_bf16"": 3, ""v_proj:sparse_bf16"": 29}","{""layers_00_07:dense_bf16"": 1, ""layers_00_07:sparse_bf16"": 55, ""layers_08_15:dense_bf16"": 1, ""layers_08_15:sparse_bf16"": 55, ""layers_16_23:dense_bf16"": 10, ""layers_16_23:sparse_bf16"": 46, ""layers_24_31:dense_bf16"": 22, ""layers_24_31:sparse_bf16"": 34}",0.019230092375,,0.019230092375,-0.017343674220545245
controlled_genimage_partial,GenImage-controlled-partial,mlp_only,32,controlled_policy_032,artifacts/debug/031_mirror_sparse_bf16_additivity_debug/policies/controlled_sparse_bf16/policy_032_mlp_only.json,0.154331839375,0.95377604125,0.99844699375,0.9946411575,1536,0,128,0,96,0,0.42857142857142855,0.021616911892730895,28.32653920000001,4.364986334541554,4.364194137590081,0.021372160593056435,2,128,"{""down_proj:sparse_bf16"": 32, ""gate_proj:sparse_bf16"": 32, ""k_proj:dense_bf16"": 32, ""o_proj:dense_bf16"": 32, ""q_proj:dense_bf16"": 32, ""up_proj:sparse_bf16"": 32, ""v_proj:dense_bf16"": 32}","{""layers_00_07:dense_bf16"": 32, ""layers_00_07:sparse_bf16"": 24, ""layers_08_15:dense_bf16"": 32, ""layers_08_15:sparse_bf16"": 24, ""layers_16_23:dense_bf16"": 32, ""layers_16_23:sparse_bf16"": 24, ""layers_24_31:dense_bf16"": 32, ""layers_24_31:sparse_bf16"": 24}",0.09323459784999999,,0.09323459784999999,0.0716176859572691
controlled_genimage_partial,GenImage-controlled-partial,type_gate_proj,37,controlled_policy_037,artifacts/debug/031_mirror_sparse_bf16_additivity_debug/policies/controlled_sparse_bf16/policy_037_type_gate_proj.json,0.052861498825,1.0,1.0,1.0,1536,0,192,0,32,0,0.14285714285714285,0.005537465478203867,33.71516,0.8054244285451831,0.8042118800467799,0.0051628795262751844,2,192,"{""down_proj:dense_bf16"": 32, ""gate_proj:sparse_bf16"": 32, ""k_proj:dense_bf16"": 32, ""o_proj:dense_bf16"": 32, ""q_proj:dense_bf16"": 32, ""up_proj:dense_bf16"": 32, ""v_proj:dense_bf16"": 32}","{""layers_00_07:dense_bf16"": 48, ""layers_00_07:sparse_bf16"": 8, ""layers_08_15:dense_bf16"": 48, ""layers_08_15:sparse_bf16"": 8, ""layers_16_23:dense_bf16"": 48, ""layers_16_23:sparse_bf16"": 8, ""layers_24_31:dense_bf16"": 48, ""layers_24_31:sparse_bf16"": 8}",-0.008235742700000007,,0.0,-0.005537465478203867
controlled_genimage_partial,GenImage-controlled-partial,lowerr_count_45,2,controlled_policy_002,artifacts/debug/031_mirror_sparse_bf16_additivity_debug/policies/controlled_sparse_bf16/policy_002_lowerr_count_45.json,0.0595190485625,0.99739583375,1.0,1.0,1536,0,179,0,45,0,0.20089285714285715,0.004798768186267533,34.304099199999996,0.7597210459764213,0.7585613574848299,0.004440502704733549,2,179,"{""down_proj:dense_bf16"": 24, ""down_proj:sparse_bf16"": 8, ""gate_proj:dense_bf16"": 21, ""gate_proj:sparse_bf16"": 11, ""k_proj:dense_bf16"": 26, ""k_proj:sparse_bf16"": 6, ""o_proj:dense_bf16"": 29, ""o_proj:sparse_bf16"": 3, ""q_proj:dense_bf16"": 19, ""q_proj:sparse_bf16"": 13, ""up_proj:dense_bf16"": 29, ""up_proj:sparse_bf16"": 3, ""v_proj:dense_bf16"": 31, ""v_proj:sparse_bf16"": 1}","{""layers_00_07:dense_bf16"": 28, ""layers_00_07:sparse_bf16"": 28, ""layers_08_15:dense_bf16"": 46, ""layers_08_15:sparse_bf16"": 10, ""layers_16_23:dense_bf16"": 52, ""layers_16_23:sparse_bf16"": 4, ""layers_24_31:dense_bf16"": 53, ""layers_24_31:sparse_bf16"": 3}",-0.0015781929625000024,,0.0,-0.004798768186267533
controlled_genimage_partial,GenImage-controlled-partial,layer_00_07,27,controlled_policy_027,artifacts/debug/031_mirror_sparse_bf16_additivity_debug/policies/controlled_sparse_bf16/policy_027_layer_00_07.json,0.06682374973750001,0.9934895825,1.0,1.0,1536,0,168,0,56,0,0.25,0.00513508893355351,34.2797104,0.9452878084194675,0.9442100834471499,0.004802118720588243,2,168,"{""down_proj:dense_bf16"": 24, ""down_proj:sparse_bf16"": 8, ""gate_proj:dense_bf16"": 24, ""gate_proj:sparse_bf16"": 8, ""k_proj:dense_bf16"": 24, ""k_proj:sparse_bf16"": 8, ""o_proj:dense_bf16"": 24, ""o_proj:sparse_bf16"": 8, ""q_proj:dense_bf16"": 24, ""q_proj:sparse_bf16"": 8, ""up_proj:dense_bf16"": 24, ""up_proj:sparse_bf16"": 8, ""v_proj:dense_bf16"": 24, ""v_proj:sparse_bf16"": 8}","{""layers_00_07:sparse_bf16"": 56, ""layers_08_15:dense_bf16"": 56, ""layers_16_23:dense_bf16"": 56, ""layers_24_31:dense_bf16"": 56}",0.005726508212500002,,0.005726508212500002,0.0005914192789464919
controlled_genimage_partial,GenImage-controlled-partial,lowerr_count_112,12,controlled_policy_012,artifacts/debug/031_mirror_sparse_bf16_additivity_debug/policies/controlled_sparse_bf16/policy_012_lowerr_count_112.json,0.0559425760125,0.99934895875,1.0,1.0,1536,0,112,0,112,0,0.5,0.01653736453185023,32.387432000000004,2.8086327139335534,2.8078684814188297,0.01630130660224428,2,112,"{""down_proj:dense_bf16"": 23, ""down_proj:sparse_bf16"": 9, ""gate_proj:dense_bf16"": 2, ""gate_proj:sparse_bf16"": 30, ""k_proj:dense_bf16"": 10, ""k_proj:sparse_bf16"": 22, ""o_proj:dense_bf16"": 24, ""o_proj:sparse_bf16"": 8, ""q_proj:dense_bf16"": 8, ""q_proj:sparse_bf16"": 24, ""up_proj:dense_bf16"": 22, ""up_proj:sparse_bf16"": 10, ""v_proj:dense_bf16"": 23, ""v_proj:sparse_bf16"": 9}","{""layers_00_07:dense_bf16"": 8, ""layers_00_07:sparse_bf16"": 48, ""layers_08_15:dense_bf16"": 28, ""layers_08_15:sparse_bf16"": 28, ""layers_16_23:dense_bf16"": 33, ""layers_16_23:sparse_bf16"": 23, ""layers_24_31:dense_bf16"": 43, ""layers_24_31:sparse_bf16"": 13}",-0.0051546655125000035,,0.0,-0.01653736453185023
controlled_genimage_partial,GenImage-controlled-partial,lowerr_count_157,17,controlled_policy_017,artifacts/debug/031_mirror_sparse_bf16_additivity_debug/policies/controlled_sparse_bf16/policy_017_lowerr_count_157.json,0.06366915823750001,0.9947916675,0.9999118375,0.99991150875,1536,0,67,0,157,0,0.7008928571428571,0.02661087777474311,31.22148000000001,4.826518431278704,4.82603764151755,0.02646238875605293,2,67,"{""down_proj:dense_bf16"": 18, ""down_proj:sparse_bf16"": 14, ""gate_proj:sparse_bf16"": 32, ""k_proj:dense_bf16"": 1, ""k_proj:sparse_bf16"": 31, ""o_proj:dense_bf16"": 20, ""o_proj:sparse_bf16"": 12, ""q_proj:dense_bf16"": 2, ""q_proj:sparse_bf16"": 30, ""up_proj:dense_bf16"": 14, ""up_proj:sparse_bf16"": 18, ""v_proj:dense_bf16"": 12, ""v_proj:sparse_bf16"": 20}","{""layers_00_07:dense_bf16"": 2, ""layers_00_07:sparse_bf16"": 54, ""layers_08_15:dense_bf16"": 11, ""layers_08_15:sparse_bf16"": 45, ""layers_16_23:dense_bf16"": 24, ""layers_16_23:sparse_bf16"": 32, ""layers_24_31:dense_bf16"": 30, ""layers_24_31:sparse_bf16"": 26}",0.002571916712500004,,0.002571916712500004,-0.024038961062243108
controlled_genimage_partial,GenImage-controlled-partial,speed_count_78,8,controlled_policy_008,artifacts/debug/031_mirror_sparse_bf16_additivity_debug/policies/controlled_sparse_bf16/policy_008_speed_count_78.json,0.0918728007625,0.98046875125,0.999701605,0.999739305,1536,0,146,0,78,0,0.3482142857142857,0.009618812245966162,33.507491200000004,1.8625227185291695,1.8615779498571496,0.009326919853816304,2,146,"{""down_proj:dense_bf16"": 21, ""down_proj:sparse_bf16"": 11, ""gate_proj:dense_bf16"": 21, ""gate_proj:sparse_bf16"": 11, ""k_proj:dense_bf16"": 20, ""k_proj:sparse_bf16"": 12, ""o_proj:dense_bf16"": 21, ""o_proj:sparse_bf16"": 11, ""q_proj:dense_bf16"": 21, ""q_proj:sparse_bf16"": 11, ""up_proj:dense_bf16"": 21, ""up_proj:sparse_bf16"": 11, ""v_proj:dense_bf16"": 21, ""v_proj:sparse_bf16"": 11}","{""layers_00_07:sparse_bf16"": 56, ""layers_08_15:dense_bf16"": 34, ""layers_08_15:sparse_bf16"": 22, ""layers_16_23:dense_bf16"": 56, ""layers_24_31:dense_bf16"": 56}",0.030775559237499993,,0.030775559237499993,0.02115674699153383
controlled_genimage_partial,GenImage-controlled-partial,type_q_proj,33,controlled_policy_033,artifacts/debug/031_mirror_sparse_bf16_additivity_debug/policies/controlled_sparse_bf16/policy_033_type_q_proj.json,0.060696628462500006,0.9973958325,1.0,1.0,1536,0,192,0,32,0,0.14285714285714285,0.0057674133154737624,36.252329599999996,0.8248355830890916,0.8236244434534401,0.005393262545949301,2,192,"{""down_proj:dense_bf16"": 32, ""gate_proj:dense_bf16"": 32, ""k_proj:dense_bf16"": 32, ""o_proj:dense_bf16"": 32, ""q_proj:sparse_bf16"": 32, ""up_proj:dense_bf16"": 32, ""v_proj:dense_bf16"": 32}","{""layers_00_07:dense_bf16"": 48, ""layers_00_07:sparse_bf16"": 8, ""layers_08_15:dense_bf16"": 48, ""layers_08_15:sparse_bf16"": 8, ""layers_16_23:dense_bf16"": 48, ""layers_16_23:sparse_bf16"": 8, ""layers_24_31:dense_bf16"": 48, ""layers_24_31:sparse_bf16"": 8}",-0.0004006130624999993,,0.0,-0.0057674133154737624
controlled_genimage_partial,GenImage-controlled-partial,speed_count_45,3,controlled_policy_003,artifacts/debug/031_mirror_sparse_bf16_additivity_debug/policies/controlled_sparse_bf16/policy_003_speed_count_45.json,0.06003967005,0.99674479125,1.0,1.0,1536,0,179,0,45,0,0.20089285714285715,0.003340167330600587,34.790606399999994,0.5816758914959096,0.58053373678015,0.0029873009534879215,2,179,"{""down_proj:dense_bf16"": 26, ""down_proj:sparse_bf16"": 6, ""gate_proj:dense_bf16"": 26, ""gate_proj:sparse_bf16"": 6, ""k_proj:dense_bf16"": 25, ""k_proj:sparse_bf16"": 7, ""o_proj:dense_bf16"": 26, ""o_proj:sparse_bf16"": 6, ""q_proj:dense_bf16"": 25, ""q_proj:sparse_bf16"": 7, ""up_proj:dense_bf16"": 26, ""up_proj:sparse_bf16"": 6, ""v_proj:dense_bf16"": 25, ""v_proj:sparse_bf16"": 7}","{""layers_00_07:dense_bf16"": 11, ""layers_00_07:sparse_bf16"": 45, ""layers_08_15:dense_bf16"": 56, ""layers_16_23:dense_bf16"": 56, ""layers_24_31:dense_bf16"": 56}",-0.0010575714750000048,,0.0,-0.003340167330600587
controlled_genimage_partial,GenImage-controlled-partial,type_up_proj,38,controlled_policy_038,artifacts/debug/031_mirror_sparse_bf16_additivity_debug/policies/controlled_sparse_bf16/policy_038_type_up_proj.json,0.0541036866375,0.9986979175,1.0,1.0,1536,0,192,0,32,0,0.14285714285714285,0.008916449883955402,33.5505776,1.9784520774946144,1.9772678525909997,0.00855055585788887,2,192,"{""down_proj:dense_bf16"": 32, ""gate_proj:dense_bf16"": 32, ""k_proj:dense_bf16"": 32, ""o_proj:dense_bf16"": 32, ""q_proj:dense_bf16"": 32, ""up_proj:sparse_bf16"": 32, ""v_proj:dense_bf16"": 32}","{""layers_00_07:dense_bf16"": 48, ""layers_00_07:sparse_bf16"": 8, ""layers_08_15:dense_bf16"": 48, ""layers_08_15:sparse_bf16"": 8, ""layers_16_23:dense_bf16"": 48, ""layers_16_23:sparse_bf16"": 8, ""layers_24_31:dense_bf16"": 48, ""layers_24_31:sparse_bf16"": 8}",-0.006993554887500003,,0.0,-0.008916449883955402
controlled_genimage_partial,GenImage-controlled-partial,layer_08_15,28,controlled_policy_028,artifacts/debug/031_mirror_sparse_bf16_additivity_debug/policies/controlled_sparse_bf16/policy_028_layer_08_15.json,0.10428530269999998,0.9752604175,0.9991116,0.99930884125,1536,0,168,0,56,0,0.25,0.01290864760520615,34.208752,2.546946441714237,2.545893847500001,0.012583440166919386,2,168,"{""down_proj:dense_bf16"": 24, ""down_proj:sparse_bf16"": 8, ""gate_proj:dense_bf16"": 24, ""gate_proj:sparse_bf16"": 8, ""k_proj:dense_bf16"": 24, ""k_proj:sparse_bf16"": 8, ""o_proj:dense_bf16"": 24, ""o_proj:sparse_bf16"": 8, ""q_proj:dense_bf16"": 24, ""q_proj:sparse_bf16"": 8, ""up_proj:dense_bf16"": 24, ""up_proj:sparse_bf16"": 8, ""v_proj:dense_bf16"": 24, ""v_proj:sparse_bf16"": 8}","{""layers_00_07:dense_bf16"": 56, ""layers_08_15:sparse_bf16"": 56, ""layers_16_23:dense_bf16"": 56, ""layers_24_31:dense_bf16"": 56}",0.04318806117499998,,0.04318806117499998,0.030279413569793828
controlled_genimage_partial,GenImage-controlled-partial,speed_count_190,23,controlled_policy_023,artifacts/debug/031_mirror_sparse_bf16_additivity_debug/policies/controlled_sparse_bf16/policy_023_speed_count_190.json,0.0986945708625,0.9791666675,0.99908447375,0.9991035575,1536,0,34,0,190,0,0.8482142857142857,0.03848075667947792,29.80620799999999,7.794260300974246,7.794031641831454,0.03841011407959658,2,34,"{""down_proj:dense_bf16"": 5, ""down_proj:sparse_bf16"": 27, ""gate_proj:dense_bf16"": 5, ""gate_proj:sparse_bf16"": 27, ""k_proj:dense_bf16"": 4, ""k_proj:sparse_bf16"": 28, ""o_proj:dense_bf16"": 5, ""o_proj:sparse_bf16"": 27, ""q_proj:dense_bf16"": 5, ""q_proj:sparse_bf16"": 27, ""up_proj:dense_bf16"": 5, ""up_proj:sparse_bf16"": 27, ""v_proj:dense_bf16"": 5, ""v_proj:sparse_bf16"": 27}","{""layers_00_07:sparse_bf16"": 56, ""layers_08_15:sparse_bf16"": 56, ""layers_16_23:sparse_bf16"": 56, ""layers_24_31:dense_bf16"": 34, ""layers_24_31:sparse_bf16"": 22}",0.03759732933749999,,0.03759732933749999,-0.0008834273419779312
controlled_genimage_partial,GenImage-controlled-partial,speed_count_112,13,controlled_policy_013,artifacts/debug/031_mirror_sparse_bf16_additivity_debug/policies/controlled_sparse_bf16/policy_013_speed_count_112.json,0.13922708142499998,0.9609375,0.999016655,0.999091245,1536,0,112,0,112,0,0.5,0.017612749472761233,32.36049440000001,3.4908392850798844,3.4901039309471513,0.017385558887507625,2,112,"{""down_proj:dense_bf16"": 16, ""down_proj:sparse_bf16"": 16, ""gate_proj:dense_bf16"": 16, ""gate_proj:sparse_bf16"": 16, ""k_proj:dense_bf16"": 16, ""k_proj:sparse_bf16"": 16, ""o_proj:dense_bf16"": 16, ""o_proj:sparse_bf16"": 16, ""q_proj:dense_bf16"": 16, ""q_proj:sparse_bf16"": 16, ""up_proj:dense_bf16"": 16, ""up_proj:sparse_bf16"": 16, ""v_proj:dense_bf16"": 16, ""v_proj:sparse_bf16"": 16}","{""layers_00_07:sparse_bf16"": 56, ""layers_08_15:sparse_bf16"": 56, ""layers_16_23:dense_bf16"": 56, ""layers_24_31:dense_bf16"": 56}",0.07812983989999997,,0.07812983989999997,0.06051709042723874
controlled_genimage_partial,GenImage-controlled-partial,speed_count_157,18,controlled_policy_018,artifacts/debug/031_mirror_sparse_bf16_additivity_debug/policies/controlled_sparse_bf16/policy_018_speed_count_157.json,0.0913990079125,0.98372395875,0.9993625225,0.99933320625,1536,0,67,0,157,0,0.7008928571428571,0.029776950361937345,30.872736000000003,5.9860698722744745,5.985624434217153,0.029639333784519283,2,67,"{""down_proj:dense_bf16"": 10, ""down_proj:sparse_bf16"": 22, ""gate_proj:dense_bf16"": 10, ""gate_proj:sparse_bf16"": 22, ""k_proj:dense_bf16"": 9, ""k_proj:sparse_bf16"": 23, ""o_proj:dense_bf16"": 10, ""o_proj:sparse_bf16"": 22, ""q_proj:dense_bf16"": 9, ""q_proj:sparse_bf16"": 23, ""up_proj:dense_bf16"": 10, ""up_proj:sparse_bf16"": 22, ""v_proj:dense_bf16"": 9, ""v_proj:sparse_bf16"": 23}","{""layers_00_07:sparse_bf16"": 56, ""layers_08_15:sparse_bf16"": 56, ""layers_16_23:dense_bf16"": 11, ""layers_16_23:sparse_bf16"": 45, ""layers_24_31:dense_bf16"": 56}",0.03030176638749999,,0.03030176638749999,0.0005248160255626466
controlled_genimage_partial,GenImage-controlled-partial,random_count_78_seed_11,9,controlled_policy_009,artifacts/debug/031_mirror_sparse_bf16_additivity_debug/policies/controlled_sparse_bf16/policy_009_random_count_78_seed_11.json,0.0546221586375,0.99934895875,1.0,1.0,1536,0,146,0,78,0,0.3482142857142857,0.01835115426431813,33.137574400000005,3.7393021327744806,3.738399385227501,0.01807223748442317,2,146,"{""down_proj:dense_bf16"": 19, ""down_proj:sparse_bf16"": 13, ""gate_proj:dense_bf16"": 21, ""gate_proj:sparse_bf16"": 11, ""k_proj:dense_bf16"": 24, ""k_proj:sparse_bf16"": 8, ""o_proj:dense_bf16"": 22, ""o_proj:sparse_bf16"": 10, ""q_proj:dense_bf16"": 21, ""q_proj:sparse_bf16"": 11, ""up_proj:dense_bf16"": 19, ""up_proj:sparse_bf16"": 13, ""v_proj:dense_bf16"": 20, ""v_proj:sparse_bf16"": 12}","{""layers_00_07:dense_bf16"": 39, ""layers_00_07:sparse_bf16"": 17, ""layers_08_15:dense_bf16"": 38, ""layers_08_15:sparse_bf16"": 18, ""layers_16_23:dense_bf16"": 36, ""layers_16_23:sparse_bf16"": 20, ""layers_24_31:dense_bf16"": 33, ""layers_24_31:sparse_bf16"": 23}",-0.006475082887500004,,0.0,-0.01835115426431813
controlled_genimage_partial,GenImage-controlled-partial,random_count_45_seed_11,4,controlled_policy_004,artifacts/debug/031_mirror_sparse_bf16_additivity_debug/policies/controlled_sparse_bf16/policy_004_random_count_45_seed_11.json,0.0585908884625,0.99739583375,1.0,1.0,1536,0,179,0,45,0,0.20089285714285715,0.009485940183576852,35.09675999999999,1.8509406948944336,1.8498257024295999,0.009141453379851365,2,179,"{""down_proj:dense_bf16"": 27, ""down_proj:sparse_bf16"": 5, ""gate_proj:dense_bf16"": 26, ""gate_proj:sparse_bf16"": 6, ""k_proj:dense_bf16"": 24, ""k_proj:sparse_bf16"": 8, ""o_proj:dense_bf16"": 23, ""o_proj:sparse_bf16"": 9, ""q_proj:dense_bf16"": 25, ""q_proj:sparse_bf16"": 7, ""up_proj:dense_bf16"": 29, ""up_proj:sparse_bf16"": 3, ""v_proj:dense_bf16"": 25, ""v_proj:sparse_bf16"": 7}","{""layers_00_07:dense_bf16"": 42, ""layers_00_07:sparse_bf16"": 14, ""layers_08_15:dense_bf16"": 46, ""layers_08_15:sparse_bf16"": 10, ""layers_16_23:dense_bf16"": 45, ""layers_16_23:sparse_bf16"": 11, ""layers_24_31:dense_bf16"": 46, ""layers_24_31:sparse_bf16"": 10}",-0.002506353062500008,,0.0,-0.009485940183576852
controlled_genimage_partial,GenImage-controlled-partial,type_k_proj,34,controlled_policy_034,artifacts/debug/031_mirror_sparse_bf16_additivity_debug/policies/controlled_sparse_bf16/policy_034_type_k_proj.json,0.0601064332,0.9973958325,1.0,1.0,1536,0,192,0,32,0,0.14285714285714285,0.005204360049683334,36.040673600000005,0.7187233495687902,0.71751641236353,0.0048314864261518545,2,192,"{""down_proj:dense_bf16"": 32, ""gate_proj:dense_bf16"": 32, ""k_proj:sparse_bf16"": 32, ""o_proj:dense_bf16"": 32, ""q_proj:dense_bf16"": 32, ""up_proj:dense_bf16"": 32, ""v_proj:dense_bf16"": 32}","{""layers_00_07:dense_bf16"": 48, ""layers_00_07:sparse_bf16"": 8, ""layers_08_15:dense_bf16"": 48, ""layers_08_15:sparse_bf16"": 8, ""layers_16_23:dense_bf16"": 48, ""layers_16_23:sparse_bf16"": 8, ""layers_24_31:dense_bf16"": 48, ""layers_24_31:sparse_bf16"": 8}",-0.0009908083250000019,,0.0,-0.005204360049683334
controlled_genimage_partial,GenImage-controlled-partial,type_down_proj,39,controlled_policy_039,artifacts/debug/031_mirror_sparse_bf16_additivity_debug/policies/controlled_sparse_bf16/policy_039_type_down_proj.json,0.057648707575000006,0.998046875,0.99997287375,0.9999730125,1536,0,192,0,32,0,0.14285714285714285,0.008024970662568465,33.3167376,1.583899758609391,1.5827144049523,0.007658725208892396,2,192,"{""down_proj:sparse_bf16"": 32, ""gate_proj:dense_bf16"": 32, ""k_proj:dense_bf16"": 32, ""o_proj:dense_bf16"": 32, ""q_proj:dense_bf16"": 32, ""up_proj:dense_bf16"": 32, ""v_proj:dense_bf16"": 32}","{""layers_00_07:dense_bf16"": 48, ""layers_00_07:sparse_bf16"": 8, ""layers_08_15:dense_bf16"": 48, ""layers_08_15:sparse_bf16"": 8, ""layers_16_23:dense_bf16"": 48, ""layers_16_23:sparse_bf16"": 8, ""layers_24_31:dense_bf16"": 48, ""layers_24_31:sparse_bf16"": 8}",-0.003448533949999999,,0.0,-0.008024970662568465
controlled_genimage_partial,GenImage-controlled-partial,layer_16_23,29,controlled_policy_029,artifacts/debug/031_mirror_sparse_bf16_additivity_debug/policies/controlled_sparse_bf16/policy_029_layer_16_23.json,0.06707783785,0.99544270875,0.99995931,0.99995986375,1536,0,168,0,56,0,0.25,0.015294815898236069,34.247380799999995,3.079771712685916,3.0787370705443,0.014975157045891026,2,168,"{""down_proj:dense_bf16"": 24, ""down_proj:sparse_bf16"": 8, ""gate_proj:dense_bf16"": 24, ""gate_proj:sparse_bf16"": 8, ""k_proj:dense_bf16"": 24, ""k_proj:sparse_bf16"": 8, ""o_proj:dense_bf16"": 24, ""o_proj:sparse_bf16"": 8, ""q_proj:dense_bf16"": 24, ""q_proj:sparse_bf16"": 8, ""up_proj:dense_bf16"": 24, ""up_proj:sparse_bf16"": 8, ""v_proj:dense_bf16"": 24, ""v_proj:sparse_bf16"": 8}","{""layers_00_07:dense_bf16"": 56, ""layers_08_15:dense_bf16"": 56, ""layers_16_23:sparse_bf16"": 56, ""layers_24_31:dense_bf16"": 56}",0.005980596324999997,,0.005980596324999997,-0.009314219573236072
controlled_genimage_partial,GenImage-controlled-partial,random_count_112_seed_11,14,controlled_policy_014,artifacts/debug/031_mirror_sparse_bf16_additivity_debug/policies/controlled_sparse_bf16/policy_014_random_count_112_seed_11.json,0.0640152141625,0.99544270875,0.99959309875,0.99962161625,1536,0,112,0,112,0,0.5,0.023285855906707398,32.82793920000001,4.611923525206399,4.611220076086638,0.02306853163895743,2,112,"{""down_proj:dense_bf16"": 16, ""down_proj:sparse_bf16"": 16, ""gate_proj:dense_bf16"": 17, ""gate_proj:sparse_bf16"": 15, ""k_proj:dense_bf16"": 17, ""k_proj:sparse_bf16"": 15, ""o_proj:dense_bf16"": 17, ""o_proj:sparse_bf16"": 15, ""q_proj:dense_bf16"": 11, ""q_proj:sparse_bf16"": 21, ""up_proj:dense_bf16"": 20, ""up_proj:sparse_bf16"": 12, ""v_proj:dense_bf16"": 14, ""v_proj:sparse_bf16"": 18}","{""layers_00_07:dense_bf16"": 25, ""layers_00_07:sparse_bf16"": 31, ""layers_08_15:dense_bf16"": 26, ""layers_08_15:sparse_bf16"": 30, ""layers_16_23:dense_bf16"": 25, ""layers_16_23:sparse_bf16"": 31, ""layers_24_31:dense_bf16"": 36, ""layers_24_31:sparse_bf16"": 20}",0.002917972637499995,,0.002917972637499995,-0.020367883269207403
controlled_genimage_partial,GenImage-controlled-partial,random_count_190_seed_11,24,controlled_policy_024,artifacts/debug/031_mirror_sparse_bf16_additivity_debug/policies/controlled_sparse_bf16/policy_024_random_count_190_seed_11.json,0.07827862414999999,0.9902343775,0.99960666125,0.99960562,1536,0,34,0,190,0,0.8482142857142857,0.04067198025784508,29.932454399999997,8.175635959679191,8.17541951830645,0.040605120669113356,2,34,"{""down_proj:dense_bf16"": 8, ""down_proj:sparse_bf16"": 24, ""gate_proj:dense_bf16"": 4, ""gate_proj:sparse_bf16"": 28, ""k_proj:dense_bf16"": 2, ""k_proj:sparse_bf16"": 30, ""o_proj:dense_bf16"": 7, ""o_proj:sparse_bf16"": 25, ""q_proj:dense_bf16"": 5, ""q_proj:sparse_bf16"": 27, ""up_proj:dense_bf16"": 5, ""up_proj:sparse_bf16"": 27, ""v_proj:dense_bf16"": 3, ""v_proj:sparse_bf16"": 29}","{""layers_00_07:dense_bf16"": 10, ""layers_00_07:sparse_bf16"": 46, ""layers_08_15:dense_bf16"": 6, ""layers_08_15:sparse_bf16"": 50, ""layers_16_23:dense_bf16"": 10, ""layers_16_23:sparse_bf16"": 46, ""layers_24_31:dense_bf16"": 8, ""layers_24_31:sparse_bf16"": 48}",0.017181382624999984,,0.017181382624999984,-0.023490597632845098
controlled_genimage_partial,GenImage-controlled-partial,random_count_157_seed_11,19,controlled_policy_019,artifacts/debug/031_mirror_sparse_bf16_additivity_debug/policies/controlled_sparse_bf16/policy_019_random_count_157_seed_11.json,0.07101665492499999,0.99023437625,0.99981011375,0.99980691,1536,0,67,0,157,0,0.7008928571428571,0.03370289255771713,30.18944,6.799756920254981,6.79934235886471,0.03357481485159487,2,67,"{""down_proj:dense_bf16"": 6, ""down_proj:sparse_bf16"": 26, ""gate_proj:dense_bf16"": 9, ""gate_proj:sparse_bf16"": 23, ""k_proj:dense_bf16"": 10, ""k_proj:sparse_bf16"": 22, ""o_proj:dense_bf16"": 12, ""o_proj:sparse_bf16"": 20, ""q_proj:dense_bf16"": 9, ""q_proj:sparse_bf16"": 23, ""up_proj:dense_bf16"": 6, ""up_proj:sparse_bf16"": 26, ""v_proj:dense_bf16"": 15, ""v_proj:sparse_bf16"": 17}","{""layers_00_07:dense_bf16"": 17, ""layers_00_07:sparse_bf16"": 39, ""layers_08_15:dense_bf16"": 18, ""layers_08_15:sparse_bf16"": 38, ""layers_16_23:dense_bf16"": 17, ""layers_16_23:sparse_bf16"": 39, ""layers_24_31:dense_bf16"": 15, ""layers_24_31:sparse_bf16"": 41}",0.009919413399999986,,0.009919413399999986,-0.02378347915771714
