module_index,module_name,layer,layer_bucket,module_type,module_family,in_features,out_features,numel,weight_mean,weight_std,weight_abs_mean,weight_abs_max,weight_outlier_ratio_6x,weight_row_norm_mean,weight_row_norm_max,weight_col_norm_mean,weight_col_norm_max,activation_mean,activation_std,activation_abs_mean,activation_abs_max,activation_outlier_ratio_6x_weight_mean,method,weight_mse,weight_rel_mse,weight_rmse_over_rms,weight_max_abs_error,output_mse,output_rel_mse,output_rmse_over_rms,output_max_abs_error,output_ref_rms
1,model.layers.0.self_attn.q_proj,0,layers_00_07,q_proj,attention,4096,4096,16777216,-3.0185713058017427e-06,0.013479271903634071,0.007290542125701904,0.7734375,0.01427382230758667,0.7678268551826477,3.3519811630249023,0.6854398846626282,7.156308174133301,-2.6716159858608535e-05,0.0642004578178371,0.012911269150208682,4.96875,0.025354329496622086,dense_nvfp4,1.4041881968296366e-06,0.007728450069984084,0.08791160372774509,0.033203125,3.448494570079674e-05,5.245553372356945e-05,0.007242619258498229,0.09375,0.8108100406444322
1,model.layers.0.self_attn.q_proj,0,layers_00_07,q_proj,attention,4096,4096,16777216,-3.0185713058017427e-06,0.013479271903634071,0.007290542125701904,0.7734375,0.01427382230758667,0.7678268551826477,3.3519811630249023,0.6854398846626282,7.156308174133301,-2.6716159858608535e-05,0.0642004578178371,0.012911269150208682,4.96875,0.025354329496622086,sparse_bf16,1.377384705847362e-05,0.0758092750696477,0.27533484172848105,0.1240234375,4.7624039147819985e-06,7.244159272413601e-06,0.002691497589152478,0.0625,0.8108100406444322
1,model.layers.0.self_attn.q_proj,0,layers_00_07,q_proj,attention,4096,4096,16777216,-3.0185713058017427e-06,0.013479271903634071,0.007290542125701904,0.7734375,0.01427382230758667,0.7678268551826477,3.3519811630249023,0.6854398846626282,7.156308174133301,-2.6716159858608535e-05,0.0642004578178371,0.012911269150208682,4.96875,0.025354329496622086,sparse_nvfp4,2.451466571073979e-05,0.13492519760212004,0.36732165414268736,0.1376953125,5.3697690816534305e-05,8.168030931362151e-05,0.00903771593455014,0.1171875,0.8108100406444322
1,model.layers.0.self_attn.q_proj,0,layers_00_07,q_proj,attention,4096,4096,16777216,-3.0185713058017427e-06,0.013479271903634071,0.007290542125701904,0.7734375,0.01427382230758667,0.7678268551826477,3.3519811630249023,0.6854398846626282,7.156308174133301,-2.6716159858608535e-05,0.0642004578178371,0.012911269150208682,4.96875,0.025354329496622086,marlin_nvfp4,1.4041881968296366e-06,0.007728450069984084,0.08791160372774509,0.033203125,3.448494570079674e-05,5.245553372356945e-05,0.007242619258498229,0.09375,0.8108100406444322
2,model.layers.0.self_attn.k_proj,0,layers_00_07,k_proj,attention,4096,4096,16777216,8.61367425386561e-06,0.015102141536772251,0.0092847291380167,0.81640625,0.00949704647064209,0.8915396332740784,3.235579490661621,0.8180683255195618,5.607005596160889,-2.6716159858608535e-05,0.0642004578178371,0.012911269150208682,4.96875,0.02044830098748207,dense_nvfp4,1.776642875483958e-06,0.007789740174550455,0.08825950472640584,0.037109375,3.665551452058935e-05,8.854440793312813e-05,0.009409803820119106,0.1015625,0.643411902707764
2,model.layers.0.self_attn.k_proj,0,layers_00_07,k_proj,attention,4096,4096,16777216,8.61367425386561e-06,0.015102141536772251,0.0092847291380167,0.81640625,0.00949704647064209,0.8915396332740784,3.235579490661621,0.8180683255195618,5.607005596160889,-2.6716159858608535e-05,0.0642004578178371,0.012911269150208682,4.96875,0.02044830098748207,sparse_bf16,2.1304822439560667e-05,0.09341158741533943,0.30563309280138407,0.11181640625,5.676237467611145e-06,1.3711418116233457e-05,0.0037028932088616134,0.0625,0.643411902707764
2,model.layers.0.self_attn.k_proj,0,layers_00_07,k_proj,attention,4096,4096,16777216,8.61367425386561e-06,0.015102141536772251,0.0092847291380167,0.81640625,0.00949704647064209,0.8915396332740784,3.235579490661621,0.8180683255195618,5.607005596160889,-2.6716159858608535e-05,0.0642004578178371,0.012911269150208682,4.96875,0.02044830098748207,sparse_nvfp4,3.7511344999074936e-05,0.16446953699747902,0.4055484397670382,0.130859375,6.532189718200243e-05,0.00015779041125722773,0.01256146533081343,0.125,0.643411902707764
2,model.layers.0.self_attn.k_proj,0,layers_00_07,k_proj,attention,4096,4096,16777216,8.61367425386561e-06,0.015102141536772251,0.0092847291380167,0.81640625,0.00949704647064209,0.8915396332740784,3.235579490661621,0.8180683255195618,5.607005596160889,-2.6716159858608535e-05,0.0642004578178371,0.012911269150208682,4.96875,0.02044830098748207,marlin_nvfp4,1.776642875483958e-06,0.007789740174550455,0.08825950472640584,0.037109375,3.665551452058935e-05,8.854440793312813e-05,0.009409803820119106,0.1015625,0.643411902707764
3,model.layers.0.self_attn.v_proj,0,layers_00_07,v_proj,attention,4096,4096,16777216,4.799626367457677e-07,0.011053633876144886,0.008046726696193218,0.134765625,0.00255662202835083,0.6547608971595764,1.816826343536377,0.7004428505897522,0.8215903639793396,-2.6716159858608535e-05,0.0642004578178371,0.012911269150208682,4.96875,0.02311834692955017,dense_nvfp4,9.667986660133465e-07,0.007912722251626573,0.08895348363963365,0.0146484375,5.258479639280722e-06,0.005264467050293041,0.07255664718199871,0.02734375,0.03160478879545666
3,model.layers.0.self_attn.v_proj,0,layers_00_07,v_proj,attention,4096,4096,16777216,4.799626367457677e-07,0.011053633876144886,0.008046726696193218,0.134765625,0.00255662202835083,0.6547608971595764,1.816826343536377,0.7004428505897522,0.8215903639793396,-2.6716159858608535e-05,0.0642004578178371,0.012911269150208682,4.96875,0.02311834692955017,sparse_bf16,1.977465581148863e-05,0.16184482308301273,0.4022994196901267,0.0810546875,3.004944202800175e-06,0.003008365692897208,0.05484857056384613,0.0341796875,0.03160478879545666
3,model.layers.0.self_attn.v_proj,0,layers_00_07,v_proj,attention,4096,4096,16777216,4.799626367457677e-07,0.011053633876144886,0.008046726696193218,0.134765625,0.00255662202835083,0.6547608971595764,1.816826343536377,0.7004428505897522,0.8215903639793396,-2.6716159858608535e-05,0.0642004578178371,0.012911269150208682,4.96875,0.02311834692955017,sparse_nvfp4,3.213193122064695e-05,0.2629824141212021,0.5128181101728001,0.08984375,1.1845921271458337e-05,0.011859409276421212,0.10890091494758532,0.060546875,0.03160478879545666
3,model.layers.0.self_attn.v_proj,0,layers_00_07,v_proj,attention,4096,4096,16777216,4.799626367457677e-07,0.011053633876144886,0.008046726696193218,0.134765625,0.00255662202835083,0.6547608971595764,1.816826343536377,0.7004428505897522,0.8215903639793396,-2.6716159858608535e-05,0.0642004578178371,0.012911269150208682,4.96875,0.02311834692955017,marlin_nvfp4,9.667986660133465e-07,0.007912722251626573,0.08895348363963365,0.0146484375,5.258479639280722e-06,0.005264467050293041,0.07255664718199871,0.02734375,0.03160478879545666
4,model.layers.0.self_attn.o_proj,0,layers_00_07,o_proj,attention,4096,4096,16777216,-1.5904067822702928e-06,0.007180104032158852,0.004932840820401907,0.451171875,0.004933774471282959,0.45231494307518005,3.1075775623321533,0.4033185839653015,1.2295564413070679,-9.193716829258847e-05,0.008608439965624584,0.0024882647649064893,0.75390625,0.011866550892591476,dense_nvfp4,3.9923259009810863e-07,0.007743985967846362,0.08799992027181822,0.04296875,1.6953999315560964e-07,0.000724393118997094,0.02691455217901821,0.0537109375,0.015298502524057296
4,model.layers.0.self_attn.o_proj,0,layers_00_07,o_proj,attention,4096,4096,16777216,-1.5904067822702928e-06,0.007180104032158852,0.004932840820401907,0.451171875,0.004933774471282959,0.45231494307518005,3.1075775623321533,0.4033185839653015,1.2295564413070679,-9.193716829258847e-05,0.008608439965624584,0.0024882647649064893,0.75390625,0.011866550892591476,sparse_bf16,1.340669496130431e-05,0.2600520604543426,0.5099529982795891,0.1279296875,3.693246015679108e-07,0.0015780123325036589,0.039724203358955594,0.03076171875,0.015298502524057296
4,model.layers.0.self_attn.o_proj,0,layers_00_07,o_proj,attention,4096,4096,16777216,-1.5904067822702928e-06,0.007180104032158852,0.004932840820401907,0.451171875,0.004933774471282959,0.45231494307518005,3.1075775623321533,0.4033185839653015,1.2295564413070679,-9.193716829258847e-05,0.008608439965624584,0.0024882647649064893,0.75390625,0.011866550892591476,sparse_nvfp4,2.341939034522511e-05,0.454270103962134,0.6739956260704768,0.29931640625,9.219381955638539e-07,0.003939163099965925,0.06276275248876459,0.0703125,0.015298502524057296
4,model.layers.0.self_attn.o_proj,0,layers_00_07,o_proj,attention,4096,4096,16777216,-1.5904067822702928e-06,0.007180104032158852,0.004932840820401907,0.451171875,0.004933774471282959,0.45231494307518005,3.1075775623321533,0.4033185839653015,1.2295564413070679,-9.193716829258847e-05,0.008608439965624584,0.0024882647649064893,0.75390625,0.011866550892591476,marlin_nvfp4,3.9923259009810863e-07,0.007743985967846362,0.08799992027181822,0.04296875,1.6953999315560964e-07,0.000724393118997094,0.02691455217901821,0.0537109375,0.015298502524057296
5,model.layers.0.mlp.gate_proj,0,layers_00_07,gate_proj,mlp,4096,11008,45088768,-1.513830284238793e-05,0.016400780528783798,0.012972692027688026,0.890625,0.00019971714937128127,1.0422314405441284,5.189163684844971,1.7197272777557373,1.9885376691818237,-3.9618841718436215e-06,0.0425908925519034,0.028547185749630444,2.90625,0.046712569892406464,dense_nvfp4,2.0182007236059667e-06,0.007502999812469574,0.08661985807232413,0.0361328125,1.2706959772236418e-05,0.0021504978920680005,0.04637346107492949,0.109375,0.07686901515349152
5,model.layers.0.mlp.gate_proj,0,layers_00_07,gate_proj,mlp,4096,11008,45088768,-1.513830284238793e-05,0.016400780528783798,0.012972692027688026,0.890625,0.00019971714937128127,1.0422314405441284,5.189163684844971,1.7197272777557373,1.9885376691818237,-3.9618841718436215e-06,0.0425908925519034,0.028547185749630444,2.90625,0.046712569892406464,sparse_bf16,5.382471609600755e-05,0.20010241303105372,0.44732808209529357,0.25390625,9.3673243946098e-05,0.015853053543884894,0.12590890970810958,0.408203125,0.07686901515349152
5,model.layers.0.mlp.gate_proj,0,layers_00_07,gate_proj,mlp,4096,11008,45088768,-1.513830284238793e-05,0.016400780528783798,0.012972692027688026,0.890625,0.00019971714937128127,1.0422314405441284,5.189163684844971,1.7197272777557373,1.9885376691818237,-3.9618841718436215e-06,0.0425908925519034,0.028547185749630444,2.90625,0.046712569892406464,sparse_nvfp4,8.567229866288429e-05,0.31850114474885016,0.5643590565844143,0.474609375,0.00017668992290435748,0.029902613494195672,0.17292372160636513,0.5703125,0.07686901515349152
5,model.layers.0.mlp.gate_proj,0,layers_00_07,gate_proj,mlp,4096,11008,45088768,-1.513830284238793e-05,0.016400780528783798,0.012972692027688026,0.890625,0.00019971714937128127,1.0422314405441284,5.189163684844971,1.7197272777557373,1.9885376691818237,-3.9618841718436215e-06,0.0425908925519034,0.028547185749630444,2.90625,0.046712569892406464,marlin_nvfp4,2.0182007236059667e-06,0.007502999812469574,0.08661985807232413,0.0361328125,1.2706959772236418e-05,0.0021504978920680005,0.04637346107492949,0.109375,0.07686901515349152
6,model.layers.0.mlp.up_proj,0,layers_00_07,up_proj,mlp,4096,11008,45088768,-3.2061507226899266e-07,0.01612473651766777,0.012813741341233253,0.341796875,2.557177867856808e-05,1.0297051668167114,1.63874089717865,1.690166711807251,1.8084276914596558,-3.9618841718436215e-06,0.0425908925519034,0.028547185749630444,2.90625,0.04886464774608612,dense_nvfp4,1.9513497326717995e-06,0.007504985964111575,0.08663132207297529,0.01397705078125,1.190872713185706e-05,0.002933604165492543,0.05416275625826794,0.0390625,0.0637135663557007
6,model.layers.0.mlp.up_proj,0,layers_00_07,up_proj,mlp,4096,11008,45088768,-3.2061507226899266e-07,0.01612473651766777,0.012813741341233253,0.341796875,2.557177867856808e-05,1.0297051668167114,1.63874089717865,1.690166711807251,1.8084276914596558,-3.9618841718436215e-06,0.0425908925519034,0.028547185749630444,2.90625,0.04886464774608612,sparse_bf16,5.1798423492284705e-05,0.19921925565871276,0.4463398432346285,0.08203125,8.999970427688569e-05,0.022170590058569657,0.1488979182479381,0.1484375,0.0637135663557007
6,model.layers.0.mlp.up_proj,0,layers_00_07,up_proj,mlp,4096,11008,45088768,-3.2061507226899266e-07,0.01612473651766777,0.012813741341233253,0.341796875,2.557177867856808e-05,1.0297051668167114,1.63874089717865,1.690166711807251,1.8084276914596558,-3.9618841718436215e-06,0.0425908925519034,0.028547185749630444,2.90625,0.04886464774608612,sparse_nvfp4,8.232181696870993e-05,0.31661371129223553,0.5626843798189493,0.112060546875,0.00016798629067759678,0.0413818602627257,0.20342531863739505,0.21875,0.0637135663557007
6,model.layers.0.mlp.up_proj,0,layers_00_07,up_proj,mlp,4096,11008,45088768,-3.2061507226899266e-07,0.01612473651766777,0.012813741341233253,0.341796875,2.557177867856808e-05,1.0297051668167114,1.63874089717865,1.690166711807251,1.8084276914596558,-3.9618841718436215e-06,0.0425908925519034,0.028547185749630444,2.90625,0.04886464774608612,marlin_nvfp4,1.9513497326717995e-06,0.007504985964111575,0.08663132207297529,0.01397705078125,1.190872713185706e-05,0.002933604165492543,0.05416275625826794,0.0390625,0.0637135663557007
7,model.layers.0.mlp.down_proj,0,layers_00_07,down_proj,mlp,11008,4096,45088768,-1.9985723156423774e-06,0.016809994354844093,0.01332381833344698,0.52734375,0.0001343571930192411,1.7578797340393066,6.554708003997803,1.0752086639404297,1.4369772672653198,-4.835903263652696e-06,0.004433549489836272,0.001404570950314316,3.953125,0.0003679824429889058,dense_nvfp4,2.2011292965671177e-06,0.007789514809741619,0.08825822800023587,0.0439453125,3.567724657926874e-07,0.0018501069013047826,0.04301286901968738,0.078125,0.01388664244573935
7,model.layers.0.mlp.down_proj,0,layers_00_07,down_proj,mlp,11008,4096,45088768,-1.9985723156423774e-06,0.016809994354844093,0.01332381833344698,0.52734375,0.0001343571930192411,1.7578797340393066,6.554708003997803,1.0752086639404297,1.4369772672653198,-4.835903263652696e-06,0.004433549489836272,0.001404570950314316,3.953125,0.0003679824429889058,sparse_bf16,6.314566857073196e-05,0.22346443767291618,0.47272025308094867,0.1650390625,1.695389157063687e-06,0.008791741181348518,0.09376428521216656,0.046875,0.01388664244573935
7,model.layers.0.mlp.down_proj,0,layers_00_07,down_proj,mlp,11008,4096,45088768,-1.9985723156423774e-06,0.016809994354844093,0.01332381833344698,0.52734375,0.0001343571930192411,1.7578797340393066,6.554708003997803,1.0752086639404297,1.4369772672653198,-4.835903263652696e-06,0.004433549489836272,0.001404570950314316,3.953125,0.0003679824429889058,sparse_nvfp4,0.00010038907964562261,0.3552641018660231,0.5960403525484018,0.28515625,3.4899729186577133e-06,0.018097873578414952,0.13452833745503195,0.078125,0.01388664244573935
7,model.layers.0.mlp.down_proj,0,layers_00_07,down_proj,mlp,11008,4096,45088768,-1.9985723156423774e-06,0.016809994354844093,0.01332381833344698,0.52734375,0.0001343571930192411,1.7578797340393066,6.554708003997803,1.0752086639404297,1.4369772672653198,-4.835903263652696e-06,0.004433549489836272,0.001404570950314316,3.953125,0.0003679824429889058,marlin_nvfp4,2.2011292965671177e-06,0.007789514809741619,0.08825822800023587,0.0439453125,3.567724657926874e-07,0.0018501069013047826,0.04301286901968738,0.078125,0.01388664244573935
8,model.layers.1.self_attn.q_proj,1,layers_00_07,q_proj,attention,4096,4096,16777216,-4.032527613162529e-06,0.026456724852323532,0.017509445548057556,0.47265625,0.006599247455596924,1.4396253824234009,4.37037467956543,1.6661643981933594,4.918698787689209,0.001421887313881598,0.15140377631448437,0.04517208808101714,9.375,0.07735353708267212,dense_nvfp4,5.530468115466647e-06,0.007901138780059496,0.08888835008064609,0.041015625,0.0003354096393195505,0.000361163992364272,0.01900431509853149,0.20703125,0.9636859943308826
8,model.layers.1.self_attn.q_proj,1,layers_00_07,q_proj,attention,4096,4096,16777216,-4.032527613162529e-06,0.026456724852323532,0.017509445548057556,0.47265625,0.006599247455596924,1.4396253824234009,4.37037467956543,1.6661643981933594,4.918698787689209,0.001421887313881598,0.15140377631448437,0.04517208808101714,9.375,0.07735353708267212,sparse_bf16,0.00012867980694863945,0.1838392323516138,0.42876477508257815,0.25,0.00031274193361241487,0.00033675575201812073,0.01835090602717263,0.40625,0.9636859943308826
8,model.layers.1.self_attn.q_proj,1,layers_00_07,q_proj,attention,4096,4096,16777216,-4.032527613162529e-06,0.026456724852323532,0.017509445548057556,0.47265625,0.006599247455596924,1.4396253824234009,4.37037467956543,1.6661643981933594,4.918698787689209,0.001421887313881598,0.15140377631448437,0.04517208808101714,9.375,0.07735353708267212,sparse_nvfp4,0.00021235317399259657,0.30337972538153857,0.5507991697357019,0.24609375,0.0011362524810465402,0.0012234993699677425,0.034978555858807873,0.671875,0.9636859943308826
8,model.layers.1.self_attn.q_proj,1,layers_00_07,q_proj,attention,4096,4096,16777216,-4.032527613162529e-06,0.026456724852323532,0.017509445548057556,0.47265625,0.006599247455596924,1.4396253824234009,4.37037467956543,1.6661643981933594,4.918698787689209,0.001421887313881598,0.15140377631448437,0.04517208808101714,9.375,0.07735353708267212,marlin_nvfp4,5.530468115466647e-06,0.007901138780059496,0.08888835008064609,0.041015625,0.0003354096393195505,0.000361163992364272,0.01900431509853149,0.20703125,0.9636859943308826
9,model.layers.1.self_attn.k_proj,1,layers_00_07,k_proj,attention,4096,4096,16777216,-2.339013917662669e-06,0.026408636942505836,0.017670709639787674,0.57421875,0.006669104099273682,1.4542551040649414,4.771492958068848,1.656357765197754,5.356703281402588,0.001421887313881598,0.15140377631448437,0.04517208808101714,9.375,0.07629236578941345,dense_nvfp4,5.4974138947727624e-06,0.007882545387407956,0.08878370000967495,0.041015625,0.0003631535930708196,0.00034170866139097083,0.01848536343681051,0.2724609375,1.0309015181051913
9,model.layers.1.self_attn.k_proj,1,layers_00_07,k_proj,attention,4096,4096,16777216,-2.339013917662669e-06,0.026408636942505836,0.017670709639787674,0.57421875,0.006669104099273682,1.4542551040649414,4.771492958068848,1.656357765197754,5.356703281402588,0.001421887313881598,0.15140377631448437,0.04517208808101714,9.375,0.07629236578941345,sparse_bf16,0.00012568083184305578,0.18020925480471295,0.4245106062334756,0.23046875,0.0003123252507748475,0.00029388183236303496,0.017142982014895627,0.5390625,1.0309015181051913
9,model.layers.1.self_attn.k_proj,1,layers_00_07,k_proj,attention,4096,4096,16777216,-2.339013917662669e-06,0.026408636942505836,0.017670709639787674,0.57421875,0.006669104099273682,1.4542551040649414,4.771492958068848,1.656357765197754,5.356703281402588,0.001421887313881598,0.15140377631448437,0.04517208808101714,9.375,0.07629236578941345,sparse_nvfp4,0.00020924340060446411,0.3000266368607581,0.5477468729812687,0.275390625,0.0011978807324339869,0.001127143526585539,0.03357295826383995,0.7890625,1.0309015181051913
9,model.layers.1.self_attn.k_proj,1,layers_00_07,k_proj,attention,4096,4096,16777216,-2.339013917662669e-06,0.026408636942505836,0.017670709639787674,0.57421875,0.006669104099273682,1.4542551040649414,4.771492958068848,1.656357765197754,5.356703281402588,0.001421887313881598,0.15140377631448437,0.04517208808101714,9.375,0.07629236578941345,marlin_nvfp4,5.4974138947727624e-06,0.007882545387407956,0.08878370000967495,0.041015625,0.0003631535930708196,0.00034170866139097083,0.01848536343681051,0.2724609375,1.0309015181051913
10,model.layers.1.self_attn.v_proj,1,layers_00_07,v_proj,attention,4096,4096,16777216,1.5309313994293916e-06,0.01004513818770647,0.007418008521199226,0.1279296875,0.0008510947227478027,0.6054952144622803,1.7997655868530273,0.6337789297103882,0.7756046652793884,0.001421887313881598,0.15140377631448437,0.04517208808101714,9.375,0.26303060352802277,dense_nvfp4,8.152845794029417e-07,0.008079739786581596,0.08988737278718072,0.01171875,1.679222619088705e-05,0.0048574540601605916,0.06969543787193386,0.056640625,0.05879627152320056
10,model.layers.1.self_attn.v_proj,1,layers_00_07,v_proj,attention,4096,4096,16777216,1.5309313994293916e-06,0.01004513818770647,0.007418008521199226,0.1279296875,0.0008510947227478027,0.6054952144622803,1.7997655868530273,0.6337789297103882,0.7756046652793884,0.001421887313881598,0.15140377631448437,0.04517208808101714,9.375,0.26303060352802277,sparse_bf16,1.9679751858348027e-05,0.19503284877090846,0.4416252356590466,0.07470703125,4.181210704246041e-05,0.012094905512140427,0.10997684079905382,0.34375,0.05879627152320056
10,model.layers.1.self_attn.v_proj,1,layers_00_07,v_proj,attention,4096,4096,16777216,1.5309313994293916e-06,0.01004513818770647,0.007418008521199226,0.1279296875,0.0008510947227478027,0.6054952144622803,1.7997655868530273,0.6337789297103882,0.7756046652793884,0.001421887313881598,0.15140377631448437,0.04517208808101714,9.375,0.26303060352802277,sparse_nvfp4,3.0992152460385114e-05,0.3071424796104426,0.5542043662859781,0.0703125,9.546836076879117e-05,0.027615943911290547,0.16618045586437216,0.5,0.05879627152320056
10,model.layers.1.self_attn.v_proj,1,layers_00_07,v_proj,attention,4096,4096,16777216,1.5309313994293916e-06,0.01004513818770647,0.007418008521199226,0.1279296875,0.0008510947227478027,0.6054952144622803,1.7997655868530273,0.6337789297103882,0.7756046652793884,0.001421887313881598,0.15140377631448437,0.04517208808101714,9.375,0.26303060352802277,marlin_nvfp4,8.152845794029417e-07,0.008079739786581596,0.08988737278718072,0.01171875,1.679222619088705e-05,0.0048574540601605916,0.06969543787193386,0.056640625,0.05879627152320056
11,model.layers.1.self_attn.o_proj,1,layers_00_07,o_proj,attention,4096,4096,16777216,8.839830911711033e-08,0.008248118683695793,0.005762292072176933,0.58984375,0.001968681812286377,0.5225557684898376,3.074347734451294,0.4684734046459198,1.0463354587554932,-1.271245684009159e-05,0.017644263621549482,0.007234010012325598,2.921875,0.03489479422569275,dense_nvfp4,5.182718041396583e-07,0.007618118590627297,0.08728183425333874,0.033203125,8.490359273416459e-07,0.0026375190124432422,0.05135678156235301,0.09375,0.017941767913675827
11,model.layers.1.self_attn.o_proj,1,layers_00_07,o_proj,attention,4096,4096,16777216,8.839830911711033e-08,0.008248118683695793,0.005762292072176933,0.58984375,0.001968681812286377,0.5225557684898376,3.074347734451294,0.4684734046459198,1.0463354587554932,-1.271245684009159e-05,0.017644263621549482,0.007234010012325598,2.921875,0.03489479422569275,sparse_bf16,1.6970912838587537e-05,0.24945680155257005,0.4994565061670236,0.12744140625,6.040120672068383e-06,0.018763555930915658,0.13698012969374668,0.1083984375,0.017941767913675827
11,model.layers.1.self_attn.o_proj,1,layers_00_07,o_proj,attention,4096,4096,16777216,8.839830911711033e-08,0.008248118683695793,0.005762292072176933,0.58984375,0.001968681812286377,0.5225557684898376,3.074347734451294,0.4684734046459198,1.0463354587554932,-1.271245684009159e-05,0.017644263621549482,0.007234010012325598,2.921875,0.03489479422569275,sparse_nvfp4,2.8068739993614145e-05,0.4125846481573498,0.6423275240540061,0.188751220703125,1.1477469481491198e-05,0.035654608948001404,0.1888242806103108,0.148223876953125,0.017941767913675827
11,model.layers.1.self_attn.o_proj,1,layers_00_07,o_proj,attention,4096,4096,16777216,8.839830911711033e-08,0.008248118683695793,0.005762292072176933,0.58984375,0.001968681812286377,0.5225557684898376,3.074347734451294,0.4684734046459198,1.0463354587554932,-1.271245684009159e-05,0.017644263621549482,0.007234010012325598,2.921875,0.03489479422569275,marlin_nvfp4,5.182718041396583e-07,0.007618118590627297,0.08728183425333874,0.033203125,8.490359273416459e-07,0.0026375190124432422,0.05135678156235301,0.09375,0.017941767913675827
12,model.layers.1.mlp.gate_proj,1,layers_00_07,gate_proj,mlp,4096,11008,45088768,-3.189399649272673e-05,0.018217120319604874,0.014407467097043991,1.09375,0.0002469794708304107,1.157204508781433,9.14868450164795,1.9106453657150269,2.5000147819519043,0.00029611491186187777,0.07066705707808055,0.0538175510300789,2.8125,0.19498343393206596,dense_nvfp4,2.4686627046659936e-06,0.00743876758600647,0.08624829033671606,0.0546875,4.8787615501063303e-05,0.0022110164032453318,0.04702144620537879,0.25,0.14854526536555798
12,model.layers.1.mlp.gate_proj,1,layers_00_07,gate_proj,mlp,4096,11008,45088768,-3.189399649272673e-05,0.018217120319604874,0.014407467097043991,1.09375,0.0002469794708304107,1.157204508781433,9.14868450164795,1.9106453657150269,2.5000147819519043,0.00029611491186187777,0.07066705707808055,0.0538175510300789,2.8125,0.19498343393206596,sparse_bf16,6.833672523498535e-05,0.20591756648286919,0.45378140826048524,0.9921875,0.00042705435162345166,0.019353767689182767,0.13911781945237198,2.0,0.14854526536555798
12,model.layers.1.mlp.gate_proj,1,layers_00_07,gate_proj,mlp,4096,11008,45088768,-3.189399649272673e-05,0.018217120319604874,0.014407467097043991,1.09375,0.0002469794708304107,1.157204508781433,9.14868450164795,1.9106453657150269,2.5000147819519043,0.00029611491186187777,0.07066705707808055,0.0538175510300789,2.8125,0.19498343393206596,sparse_nvfp4,0.00010889961362578148,0.3281448350303061,0.572839275041705,1.234375,0.0008227721964642622,0.03728738951132028,0.1930994290807725,3.5,0.14854526536555798
12,model.layers.1.mlp.gate_proj,1,layers_00_07,gate_proj,mlp,4096,11008,45088768,-3.189399649272673e-05,0.018217120319604874,0.014407467097043991,1.09375,0.0002469794708304107,1.157204508781433,9.14868450164795,1.9106453657150269,2.5000147819519043,0.00029611491186187777,0.07066705707808055,0.0538175510300789,2.8125,0.19498343393206596,marlin_nvfp4,2.4686627046659936e-06,0.00743876758600647,0.08624829033671606,0.0546875,4.8787615501063303e-05,0.0022110164032453318,0.04702144620537879,0.25,0.14854526536555798
13,model.layers.1.mlp.up_proj,1,layers_00_07,up_proj,mlp,4096,11008,45088768,2.9008729143242817e-06,0.01715322770178318,0.013632573187351227,0.40625,5.646638965117745e-05,1.0958995819091797,6.630151748657227,1.7981634140014648,1.8594547510147095,0.00029611491186187777,0.07066705707808055,0.0538175510300789,2.8125,0.2187538482248783,dense_nvfp4,2.1889923224333933e-06,0.007439650563981835,0.08625340899919165,0.04296875,4.2646130358937015e-05,0.003967563508606046,0.0629885982429046,0.25,0.1036759136858097
13,model.layers.1.mlp.up_proj,1,layers_00_07,up_proj,mlp,4096,11008,45088768,2.9008729143242817e-06,0.01715322770178318,0.013632573187351227,0.40625,5.646638965117745e-05,1.0958995819091797,6.630151748657227,1.7981634140014648,1.8594547510147095,0.00029611491186187777,0.07066705707808055,0.0538175510300789,2.8125,0.2187538482248783,sparse_bf16,5.956011456112529e-05,0.20242484879660025,0.4499164909142587,0.5487060546875,0.0003698393846334088,0.03440784038707805,0.18549350497275655,1.5,0.1036759136858097
13,model.layers.1.mlp.up_proj,1,layers_00_07,up_proj,mlp,4096,11008,45088768,2.9008729143242817e-06,0.01715322770178318,0.013632573187351227,0.40625,5.646638965117745e-05,1.0958995819091797,6.630151748657227,1.7981634140014648,1.8594547510147095,0.00029611491186187777,0.07066705707808055,0.0538175510300789,2.8125,0.2187538482248783,sparse_nvfp4,9.455031520405481e-05,0.32134480263985044,0.5668728275723316,0.357421875,0.0006998630797593356,0.06511144605390629,0.2551694457687015,2.75,0.1036759136858097
13,model.layers.1.mlp.up_proj,1,layers_00_07,up_proj,mlp,4096,11008,45088768,2.9008729143242817e-06,0.01715322770178318,0.013632573187351227,0.40625,5.646638965117745e-05,1.0958995819091797,6.630151748657227,1.7981634140014648,1.8594547510147095,0.00029611491186187777,0.07066705707808055,0.0538175510300789,2.8125,0.2187538482248783,marlin_nvfp4,2.1889923224333933e-06,0.007439650563981835,0.08625340899919165,0.04296875,4.2646130358937015e-05,0.003967563508606046,0.0629885982429046,0.25,0.1036759136858097
14,model.layers.1.mlp.down_proj,1,layers_00_07,down_proj,mlp,11008,4096,45088768,1.2587092896865215e-06,0.017402512952685356,0.01383957453072071,1.5625,5.183109169593081e-05,1.8237709999084473,5.466677665710449,1.113409399986267,1.8208850622177124,0.00030435160848821057,0.6890299734254686,0.0042941806090692446,1704.0,0.0010780955469885537,dense_nvfp4,2.3145156203184365e-06,0.007642513074512798,0.08742146804139586,0.0419921875,0.002251224708288646,0.00047396946678646286,0.021770839827311737,6.25,2.1793864215397054
14,model.layers.1.mlp.down_proj,1,layers_00_07,down_proj,mlp,11008,4096,45088768,1.2587092896865215e-06,0.017402512952685356,0.01383957453072071,1.5625,5.183109169593081e-05,1.8237709999084473,5.466677665710449,1.113409399986267,1.8208850622177124,0.00030435160848821057,0.6890299734254686,0.0042941806090692446,1704.0,0.0010780955469885537,sparse_bf16,4.005680662081685e-05,0.13226727252793605,0.3636856782001954,0.09228515625,3.199489114535936e-05,6.736156297602493e-06,0.0025954106221564425,8.0,2.1793864215397054
14,model.layers.1.mlp.down_proj,1,layers_00_07,down_proj,mlp,11008,4096,45088768,1.2587092896865215e-06,0.017402512952685356,0.01383957453072071,1.5625,5.183109169593081e-05,1.8237709999084473,5.466677665710449,1.113409399986267,1.8208850622177124,0.00030435160848821057,0.6890299734254686,0.0042941806090692446,1704.0,0.0010780955469885537,sparse_nvfp4,6.494740414064985e-05,0.21445583730054604,0.46309376728751817,0.1337890625,0.0027806299033272808,0.0005854296409230522,0.024195653347720374,8.0,2.1793864215397054
14,model.layers.1.mlp.down_proj,1,layers_00_07,down_proj,mlp,11008,4096,45088768,1.2587092896865215e-06,0.017402512952685356,0.01383957453072071,1.5625,5.183109169593081e-05,1.8237709999084473,5.466677665710449,1.113409399986267,1.8208850622177124,0.00030435160848821057,0.6890299734254686,0.0042941806090692446,1704.0,0.0010780955469885537,marlin_nvfp4,2.3145156203184365e-06,0.007642513074512798,0.08742146804139586,0.0419921875,0.002251224708288646,0.00047396946678646286,0.021770839827311737,6.25,2.1793864215397054
15,model.layers.2.self_attn.q_proj,2,layers_00_07,q_proj,attention,4096,4096,16777216,7.377476322290022e-06,0.026620423421263695,0.01950262300670147,1.1015625,0.0009596347808837891,1.5793501138687134,3.2349860668182373,1.6977962255477905,8.80687141418457,0.0009628680469973006,0.2165522427923867,0.112809355603531,8.0625,0.34745755419135094,dense_nvfp4,5.341603809938533e-06,0.0075377496886310305,0.08682021474651529,0.045166015625,0.0007130729086384235,0.0004119418364654923,0.020296350323777235,0.234375,1.3156761984167586
15,model.layers.2.self_attn.q_proj,2,layers_00_07,q_proj,attention,4096,4096,16777216,7.377476322290022e-06,0.026620423421263695,0.01950262300670147,1.1015625,0.0009596347808837891,1.5793501138687134,3.2349860668182373,1.6977962255477905,8.80687141418457,0.0009628680469973006,0.2165522427923867,0.112809355603531,8.0625,0.34745755419135094,sparse_bf16,0.00013244221918284893,0.186894485613041,0.43231294869925074,0.1337890625,0.003610890498748631,0.0020860095024091856,0.04567285301367964,0.9375,1.3156761984167586
15,model.layers.2.self_attn.q_proj,2,layers_00_07,q_proj,attention,4096,4096,16777216,7.377476322290022e-06,0.026620423421263695,0.01950262300670147,1.1015625,0.0009596347808837891,1.5793501138687134,3.2349860668182373,1.6977962255477905,8.80687141418457,0.0009628680469973006,0.2165522427923867,0.112809355603531,8.0625,0.34745755419135094,sparse_nvfp4,0.00021261224173940718,0.30002559455805156,0.5477459215348404,0.1494140625,0.007536870725743938,0.004354046171652114,0.06598519660993755,1.625,1.3156761984167586
15,model.layers.2.self_attn.q_proj,2,layers_00_07,q_proj,attention,4096,4096,16777216,7.377476322290022e-06,0.026620423421263695,0.01950262300670147,1.1015625,0.0009596347808837891,1.5793501138687134,3.2349860668182373,1.6977962255477905,8.80687141418457,0.0009628680469973006,0.2165522427923867,0.112809355603531,8.0625,0.34745755419135094,marlin_nvfp4,5.341603809938533e-06,0.0075377496886310305,0.08682021474651529,0.045166015625,0.0007130729086384235,0.0004119418364654923,0.020296350323777235,0.234375,1.3156761984167586
16,model.layers.2.self_attn.k_proj,2,layers_00_07,k_proj,attention,4096,4096,16777216,6.946958137632464e-07,0.027999762445688248,0.020044244825839996,0.373046875,0.0015523433685302734,1.6223021745681763,4.233816623687744,1.7872180938720703,5.622692584991455,0.0009628680469973006,0.2165522427923867,0.112809355603531,8.0625,0.33468784391880035,dense_nvfp4,5.897357823414495e-06,0.00752226710324387,0.08673100427899973,0.0283203125,0.0008302830483444268,0.00035104715571962334,0.018736252445983516,0.267578125,1.5379080006444104
16,model.layers.2.self_attn.k_proj,2,layers_00_07,k_proj,attention,4096,4096,16777216,6.946958137632464e-07,0.027999762445688248,0.020044244825839996,0.373046875,0.0015523433685302734,1.6223021745681763,4.233816623687744,1.7872180938720703,5.622692584991455,0.0009628680469973006,0.2165522427923867,0.112809355603531,8.0625,0.33468784391880035,sparse_bf16,0.0001467912516091019,0.1872369010133798,0.43270879470306567,0.1708984375,0.004017324168671621,0.0016985415104257913,0.04121336567699599,1.125,1.5379080006444104
16,model.layers.2.self_attn.k_proj,2,layers_00_07,k_proj,attention,4096,4096,16777216,6.946958137632464e-07,0.027999762445688248,0.020044244825839996,0.373046875,0.0015523433685302734,1.6223021745681763,4.233816623687744,1.7872180938720703,5.622692584991455,0.0009628680469973006,0.2165522427923867,0.112809355603531,8.0625,0.33468784391880035,sparse_nvfp4,0.0002357113698963076,0.3006573344747375,0.5483222906965733,0.1915283203125,0.008518628717865795,0.003601711955942238,0.06001426460386096,1.5625,1.5379080006444104
16,model.layers.2.self_attn.k_proj,2,layers_00_07,k_proj,attention,4096,4096,16777216,6.946958137632464e-07,0.027999762445688248,0.020044244825839996,0.373046875,0.0015523433685302734,1.6223021745681763,4.233816623687744,1.7872180938720703,5.622692584991455,0.0009628680469973006,0.2165522427923867,0.112809355603531,8.0625,0.33468784391880035,marlin_nvfp4,5.897357823414495e-06,0.00752226710324387,0.08673100427899973,0.0283203125,0.0008302830483444268,0.00035104715571962334,0.018736252445983516,0.267578125,1.5379080006444104
17,model.layers.2.self_attn.v_proj,2,layers_00_07,v_proj,attention,4096,4096,16777216,-6.428516599044087e-07,0.014338220469653606,0.011337974108755589,0.1474609375,1.5914440155029297e-05,0.9128499627113342,1.47398042678833,0.9150398373603821,0.9969237446784973,0.0009628680469973006,0.2165522427923867,0.112809355603531,8.0625,0.5745388604700565,dense_nvfp4,1.552151161376969e-06,0.007549940540413513,0.08689039383276792,0.011474609375,0.00016460947028917872,0.005093140920191802,0.0713662449635106,0.099853515625,0.1797771794126524
17,model.layers.2.self_attn.v_proj,2,layers_00_07,v_proj,attention,4096,4096,16777216,-6.428516599044087e-07,0.014338220469653606,0.011337974108755589,0.1474609375,1.5914440155029297e-05,0.9128499627113342,1.47398042678833,0.9150398373603821,0.9969237446784973,0.0009628680469973006,0.2165522427923867,0.112809355603531,8.0625,0.5745388604700565,sparse_bf16,3.79895864170976e-05,0.18478813516432266,0.42986990492976207,0.052001953125,0.0010083313804898353,0.031198531931755306,0.17663106162777628,0.32421875,0.1797771794126524
17,model.layers.2.self_attn.v_proj,2,layers_00_07,v_proj,attention,4096,4096,16777216,-6.428516599044087e-07,0.014338220469653606,0.011337974108755589,0.1474609375,1.5914440155029297e-05,0.9128499627113342,1.47398042678833,0.9150398373603821,0.9969237446784973,0.0009628680469973006,0.2165522427923867,0.112809355603531,8.0625,0.5745388604700565,sparse_nvfp4,6.042222958058119e-05,0.29390451909845244,0.5421296146665043,0.06982421875,0.0019632532385003287,0.06074453303409015,0.2464640603294731,0.4390869140625,0.1797771794126524
17,model.layers.2.self_attn.v_proj,2,layers_00_07,v_proj,attention,4096,4096,16777216,-6.428516599044087e-07,0.014338220469653606,0.011337974108755589,0.1474609375,1.5914440155029297e-05,0.9128499627113342,1.47398042678833,0.9150398373603821,0.9969237446784973,0.0009628680469973006,0.2165522427923867,0.112809355603531,8.0625,0.5745388604700565,marlin_nvfp4,1.552151161376969e-06,0.007549940540413513,0.08689039383276792,0.011474609375,0.00016460947028917872,0.005093140920191802,0.0713662449635106,0.099853515625,0.1797771794126524
18,model.layers.2.self_attn.o_proj,2,layers_00_07,o_proj,attention,4096,4096,16777216,-2.7795756523119053e-06,0.013906832784414291,0.010964076034724712,0.60546875,0.00021153688430786133,0.886016845703125,5.133947849273682,0.8857702612876892,1.2039011716842651,1.520601625948359e-05,0.0169040283865609,0.0079057367038331,1.1171875,0.011569488793611526,dense_nvfp4,1.466639332647901e-06,0.007583450417058336,0.08708300877357383,0.080078125,1.5488421345466463e-06,0.0044408341273509885,0.0666395837873481,0.08984375,0.018675459722855184
18,model.layers.2.self_attn.o_proj,2,layers_00_07,o_proj,attention,4096,4096,16777216,-2.7795756523119053e-06,0.013906832784414291,0.010964076034724712,0.60546875,0.00021153688430786133,0.886016845703125,5.133947849273682,0.8857702612876892,1.2039011716842651,1.520601625948359e-05,0.0169040283865609,0.0079057367038331,1.1171875,0.011569488793611526,sparse_bf16,3.802638457273133e-05,0.19662039298146242,0.4434189813048855,0.423828125,1.5061050611109295e-05,0.04318298557079982,0.207805162522012,0.3564453125,0.018675459722855184
18,model.layers.2.self_attn.o_proj,2,layers_00_07,o_proj,attention,4096,4096,16777216,-2.7795756523119053e-06,0.013906832784414291,0.010964076034724712,0.60546875,0.00021153688430786133,0.886016845703125,5.133947849273682,0.8857702612876892,1.2039011716842651,1.520601625948359e-05,0.0169040283865609,0.0079057367038331,1.1171875,0.011569488793611526,sparse_nvfp4,6.163933721836656e-05,0.31871425177988205,0.5645478294882392,0.5,2.8689252673075316e-05,0.08225771336991698,0.28680605532296033,0.4375,0.018675459722855184
18,model.layers.2.self_attn.o_proj,2,layers_00_07,o_proj,attention,4096,4096,16777216,-2.7795756523119053e-06,0.013906832784414291,0.010964076034724712,0.60546875,0.00021153688430786133,0.886016845703125,5.133947849273682,0.8857702612876892,1.2039011716842651,1.520601625948359e-05,0.0169040283865609,0.0079057367038331,1.1171875,0.011569488793611526,marlin_nvfp4,1.466639332647901e-06,0.007583450417058336,0.08708300877357383,0.080078125,1.5488421345466463e-06,0.0044408341273509885,0.0666395837873481,0.08984375,0.018675459722855184
19,model.layers.2.mlp.gate_proj,2,layers_00_07,gate_proj,mlp,4096,11008,45088768,1.3669155123352539e-05,0.018728937953710556,0.014912698417901993,0.52734375,4.315930709708482e-05,1.1969369649887085,3.1794066429138184,1.9645808935165405,2.1679630279541016,0.00023697836623881585,0.09983376765170762,0.07790412136819214,5.6875,0.35054993256926537,dense_nvfp4,2.6005661713370924e-06,0.007413808966314013,0.08610347824747856,0.024169921875,0.00010531118975852096,0.003705184842676745,0.06087022952705817,0.140625,0.16859019782101775
19,model.layers.2.mlp.gate_proj,2,layers_00_07,gate_proj,mlp,4096,11008,45088768,1.3669155123352539e-05,0.018728937953710556,0.014912698417901993,0.52734375,4.315930709708482e-05,1.1969369649887085,3.1794066429138184,1.9645808935165405,2.1679630279541016,0.00023697836623881585,0.09983376765170762,0.07790412136819214,5.6875,0.35054993256926537,sparse_bf16,6.570003731826017e-05,0.18730056982431806,0.4327823584947959,0.17236328125,0.0011329283229844255,0.039860045829758856,0.19964980798828447,0.5,0.16859019782101775
19,model.layers.2.mlp.gate_proj,2,layers_00_07,gate_proj,mlp,4096,11008,45088768,1.3669155123352539e-05,0.018728937953710556,0.014912698417901993,0.52734375,4.315930709708482e-05,1.1969369649887085,3.1794066429138184,1.9645808935165405,2.1679630279541016,0.00023697836623881585,0.09983376765170762,0.07790412136819214,5.6875,0.35054993256926537,sparse_nvfp4,0.00010481870971446814,0.2988218098365239,0.5466459638893567,0.2353515625,0.002145277057384509,0.07547771565955658,0.2747320797787484,0.78125,0.16859019782101775
19,model.layers.2.mlp.gate_proj,2,layers_00_07,gate_proj,mlp,4096,11008,45088768,1.3669155123352539e-05,0.018728937953710556,0.014912698417901993,0.52734375,4.315930709708482e-05,1.1969369649887085,3.1794066429138184,1.9645808935165405,2.1679630279541016,0.00023697836623881585,0.09983376765170762,0.07790412136819214,5.6875,0.35054993256926537,marlin_nvfp4,2.6005661713370924e-06,0.007413808966314013,0.08610347824747856,0.024169921875,0.00010531118975852096,0.003705184842676745,0.06087022952705817,0.140625,0.16859019782101775
20,model.layers.2.mlp.up_proj,2,layers_00_07,up_proj,mlp,4096,11008,45088768,3.0004512154846452e-06,0.017461497336626053,0.013908869586884975,0.455078125,1.4194222785590682e-05,1.1172420978546143,1.4406827688217163,1.8309515714645386,1.8817720413208008,0.00023697836623881585,0.09983376765170762,0.07790412136819214,5.6875,0.38432468101382256,dense_nvfp4,2.2596339180762337e-06,0.007410970332983655,0.08608699282112052,0.013671875,9.126350338446237e-05,0.005075413604849303,0.07124193712167927,0.0693359375,0.134095081444159
20,model.layers.2.mlp.up_proj,2,layers_00_07,up_proj,mlp,4096,11008,45088768,3.0004512154846452e-06,0.017461497336626053,0.013908869586884975,0.455078125,1.4194222785590682e-05,1.1172420978546143,1.4406827688217163,1.8309515714645386,1.8817720413208008,0.00023697836623881585,0.09983376765170762,0.07790412136819214,5.6875,0.38432468101382256,sparse_bf16,5.6132804169211274e-05,0.18409997437079156,0.42906872919241223,0.1141357421875,0.0009661050713729373,0.05372775141344087,0.23179247488527505,0.27734375,0.134095081444159
20,model.layers.2.mlp.up_proj,2,layers_00_07,up_proj,mlp,4096,11008,45088768,3.0004512154846452e-06,0.017461497336626053,0.013908869586884975,0.455078125,1.4194222785590682e-05,1.1172420978546143,1.4406827688217163,1.8309515714645386,1.8817720413208008,0.00023697836623881585,0.09983376765170762,0.07790412136819214,5.6875,0.38432468101382256,sparse_nvfp4,8.961681254901165e-05,0.29391820233549715,0.5421422344140854,0.166015625,0.001787358310837082,0.09939989537052372,0.3152774894763718,0.40625,0.134095081444159
20,model.layers.2.mlp.up_proj,2,layers_00_07,up_proj,mlp,4096,11008,45088768,3.0004512154846452e-06,0.017461497336626053,0.013908869586884975,0.455078125,1.4194222785590682e-05,1.1172420978546143,1.4406827688217163,1.8309515714645386,1.8817720413208008,0.00023697836623881585,0.09983376765170762,0.07790412136819214,5.6875,0.38432468101382256,marlin_nvfp4,2.2596339180762337e-06,0.007410970332983655,0.08608699282112052,0.013671875,9.126350338446237e-05,0.005075413604849303,0.07124193712167927,0.0693359375,0.134095081444159
21,model.layers.2.mlp.down_proj,2,layers_00_07,down_proj,mlp,11008,4096,45088768,-7.526145395786443e-07,0.01757071353495121,0.013997687958180904,0.8984375,2.182361640734598e-05,1.8423326015472412,4.6411967277526855,1.1242766380310059,1.3839272260665894,-5.872216284620494e-06,0.013535427705969263,0.006657259906967019,4.59375,0.0023388432901959087,dense_nvfp4,2.3202878236229165e-06,0.007515589351868319,0.08669249882122627,0.0263671875,4.334617180745681e-06,0.00562512925153523,0.07500086167195168,0.03515625,0.02775933903145515
21,model.layers.2.mlp.down_proj,2,layers_00_07,down_proj,mlp,11008,4096,45088768,-7.526145395786443e-07,0.01757071353495121,0.013997687958180904,0.8984375,2.182361640734598e-05,1.8423326015472412,4.6411967277526855,1.1242766380310059,1.3839272260665894,-5.872216284620494e-06,0.013535427705969263,0.006657259906967019,4.59375,0.0023388432901959087,sparse_bf16,5.363168866308623e-05,0.17371713290709126,0.416793873403978,0.08251953125,4.999336223932005e-05,0.06487749957808686,0.25471061928802036,0.1328125,0.02775933903145515
21,model.layers.2.mlp.down_proj,2,layers_00_07,down_proj,mlp,11008,4096,45088768,-7.526145395786443e-07,0.01757071353495121,0.013997687958180904,0.8984375,2.182361640734598e-05,1.8423326015472412,4.6411967277526855,1.1242766380310059,1.3839272260665894,-5.872216284620494e-06,0.013535427705969263,0.006657259906967019,4.59375,0.0023388432901959087,sparse_nvfp4,8.557471013519653e-05,0.2771830174400907,0.5264817351438611,0.0966796875,9.033691156901114e-05,0.11723222203276044,0.34239191291962556,0.16015625,0.02775933903145515
21,model.layers.2.mlp.down_proj,2,layers_00_07,down_proj,mlp,11008,4096,45088768,-7.526145395786443e-07,0.01757071353495121,0.013997687958180904,0.8984375,2.182361640734598e-05,1.8423326015472412,4.6411967277526855,1.1242766380310059,1.3839272260665894,-5.872216284620494e-06,0.013535427705969263,0.006657259906967019,4.59375,0.0023388432901959087,marlin_nvfp4,2.3202878236229165e-06,0.007515589351868319,0.08669249882122627,0.0263671875,4.334617180745681e-06,0.00562512925153523,0.07500086167195168,0.03515625,0.02775933903145515
22,model.layers.3.self_attn.q_proj,3,layers_00_07,q_proj,attention,4096,4096,16777216,-8.3645090853679e-06,0.025188589468598366,0.018894201144576073,0.78125,0.0005590319633483887,1.5279687643051147,3.4315645694732666,1.6068905591964722,9.041772842407227,0.0009744706942171888,0.30595682705257876,0.19170089927501976,8.9375,0.6019748598337173,dense_nvfp4,4.768946837430121e-06,0.007516484391506553,0.08669766081911641,0.0283203125,0.001430323925887933,0.0008598537392592174,0.029323262766261488,0.37890625,1.2897481380933715
22,model.layers.3.self_attn.q_proj,3,layers_00_07,q_proj,attention,4096,4096,16777216,-8.3645090853679e-06,0.025188589468598366,0.018894201144576073,0.78125,0.0005590319633483887,1.5279687643051147,3.4315645694732666,1.6068905591964722,9.041772842407227,0.0009744706942171888,0.30595682705257876,0.19170089927501976,8.9375,0.6019748598337173,sparse_bf16,0.0001117868087021634,0.17619064154611727,0.41975068975061525,0.17578125,0.011650545609882101,0.00700384369285317,0.08368896995932719,1.515625,1.2897481380933715
22,model.layers.3.self_attn.q_proj,3,layers_00_07,q_proj,attention,4096,4096,16777216,-8.3645090853679e-06,0.025188589468598366,0.018894201144576073,0.78125,0.0005590319633483887,1.5279687643051147,3.4315645694732666,1.6068905591964722,9.041772842407227,0.0009744706942171888,0.30595682705257876,0.19170089927501976,8.9375,0.6019748598337173,sparse_nvfp4,0.00018031903891824186,0.28420640609422343,0.5331101256721948,0.1787109375,0.022673082028632052,0.013630153289051337,0.11674824747743041,2.078125,1.2897481380933715
22,model.layers.3.self_attn.q_proj,3,layers_00_07,q_proj,attention,4096,4096,16777216,-8.3645090853679e-06,0.025188589468598366,0.018894201144576073,0.78125,0.0005590319633483887,1.5279687643051147,3.4315645694732666,1.6068905591964722,9.041772842407227,0.0009744706942171888,0.30595682705257876,0.19170089927501976,8.9375,0.6019748598337173,marlin_nvfp4,4.768946837430121e-06,0.007516484391506553,0.08669766081911641,0.0283203125,0.001430323925887933,0.0008598537392592174,0.029323262766261488,0.37890625,1.2897481380933715
23,model.layers.3.self_attn.k_proj,3,layers_00_07,k_proj,attention,4096,4096,16777216,5.268288077786565e-06,0.026205088943243027,0.019452787935733795,0.41015625,0.0006135106086730957,1.5682281255722046,3.2948122024536133,1.6754472255706787,4.054792404174805,0.0009744706942171888,0.30595682705257876,0.19170089927501976,8.9375,0.5915030464529991,dense_nvfp4,5.161557055544108e-06,0.007516392624863626,0.08669713158382823,0.0234375,0.0015913545757939573,0.000671423656612873,0.025911843944668875,0.39453125,1.5395193759172254
23,model.layers.3.self_attn.k_proj,3,layers_00_07,k_proj,attention,4096,4096,16777216,5.268288077786565e-06,0.026205088943243027,0.019452787935733795,0.41015625,0.0006135106086730957,1.5682281255722046,3.2948122024536133,1.6754472255706787,4.054792404174805,0.0009744706942171888,0.30595682705257876,0.19170089927501976,8.9375,0.5915030464529991,sparse_bf16,0.00012163553765276447,0.1771288098331761,0.42086673642992517,0.1708984375,0.012703006555966567,0.005359647209691806,0.07320961145704713,1.46875,1.5395193759172254
23,model.layers.3.self_attn.k_proj,3,layers_00_07,k_proj,attention,4096,4096,16777216,5.268288077786565e-06,0.026205088943243027,0.019452787935733795,0.41015625,0.0006135106086730957,1.5682281255722046,3.2948122024536133,1.6754472255706787,4.054792404174805,0.0009744706942171888,0.30595682705257876,0.19170089927501976,8.9375,0.5915030464529991,sparse_nvfp4,0.0001962486858246848,0.28578240226705065,0.5345861972283334,0.14892578125,0.0247745786618907,0.010452879860486637,0.10223932638904971,2.0,1.5395193759172254
23,model.layers.3.self_attn.k_proj,3,layers_00_07,k_proj,attention,4096,4096,16777216,5.268288077786565e-06,0.026205088943243027,0.019452787935733795,0.41015625,0.0006135106086730957,1.5682281255722046,3.2948122024536133,1.6754472255706787,4.054792404174805,0.0009744706942171888,0.30595682705257876,0.19170089927501976,8.9375,0.5915030464529991,marlin_nvfp4,5.161557055544108e-06,0.007516392624863626,0.08669713158382823,0.0234375,0.0015913545757939573,0.000671423656612873,0.025911843944668875,0.39453125,1.5395193759172254
24,model.layers.3.self_attn.v_proj,3,layers_00_07,v_proj,attention,4096,4096,16777216,1.0761416433524573e-06,0.01360287144780159,0.010725929401814938,0.138671875,1.8835067749023438e-05,0.8630927801132202,1.3863977193832397,0.8682838082313538,0.9547548294067383,0.0009744706942171888,0.30595682705257876,0.19170089927501976,8.9375,0.7653001435101032,dense_nvfp4,1.393440243191435e-06,0.007530557591967048,0.08677878537964823,0.00927734375,0.00036485042551248625,0.005286598609644275,0.07270899950930611,0.146484375,0.26270555720862215
24,model.layers.3.self_attn.v_proj,3,layers_00_07,v_proj,attention,4096,4096,16777216,1.0761416433524573e-06,0.01360287144780159,0.010725929401814938,0.138671875,1.8835067749023438e-05,0.8630927801132202,1.3863977193832397,0.8682838082313538,0.9547548294067383,0.0009744706942171888,0.30595682705257876,0.19170089927501976,8.9375,0.7653001435101032,sparse_bf16,3.231722075724974e-05,0.17465168909388792,0.41791349474967654,0.050048828125,0.0033005524492182303,0.047824244591700385,0.21868755015249586,0.625,0.26270555720862215
24,model.layers.3.self_attn.v_proj,3,layers_00_07,v_proj,attention,4096,4096,16777216,1.0761416433524573e-06,0.01360287144780159,0.010725929401814938,0.138671875,1.8835067749023438e-05,0.8630927801132202,1.3863977193832397,0.8682838082313538,0.9547548294067383,0.0009744706942171888,0.30595682705257876,0.19170089927501976,8.9375,0.7653001435101032,sparse_nvfp4,5.184554174775258e-05,0.28018843285592177,0.5293282845795431,0.0537109375,0.006146736821392551,0.08906480042658206,0.29843726380360425,0.734375,0.26270555720862215
24,model.layers.3.self_attn.v_proj,3,layers_00_07,v_proj,attention,4096,4096,16777216,1.0761416433524573e-06,0.01360287144780159,0.010725929401814938,0.138671875,1.8835067749023438e-05,0.8630927801132202,1.3863977193832397,0.8682838082313538,0.9547548294067383,0.0009744706942171888,0.30595682705257876,0.19170089927501976,8.9375,0.7653001435101032,marlin_nvfp4,1.393440243191435e-06,0.007530557591967048,0.08677878537964823,0.00927734375,0.00036485042551248625,0.005286598609644275,0.07270899950930611,0.146484375,0.26270555720862215
25,model.layers.3.self_attn.o_proj,3,layers_00_07,o_proj,attention,4096,4096,16777216,-6.909574949531816e-06,0.01330900751054287,0.010460873134434223,0.5390625,0.00014454126358032227,0.8478956818580627,5.647276878356934,0.84377121925354,1.141173005104065,-1.8998110872914253e-05,0.023738235670542954,0.011167976190336049,1.8125,0.023561351001262665,dense_nvfp4,1.3388905699684983e-06,0.00755881358575752,0.08694143767938002,0.052734375,2.4713089032957214e-06,0.0033877723890818018,0.05820457360965547,0.1171875,0.027008869398342183
25,model.layers.3.self_attn.o_proj,3,layers_00_07,o_proj,attention,4096,4096,16777216,-6.909574949531816e-06,0.01330900751054287,0.010460873134434223,0.5390625,0.00014454126358032227,0.8478956818580627,5.647276878356934,0.84377121925354,1.141173005104065,-1.8998110872914253e-05,0.023738235670542954,0.011167976190336049,1.8125,0.023561351001262665,sparse_bf16,3.235573603888042e-05,0.18266689050892923,0.42739547319658083,0.34375,2.403435300379897e-05,0.03294728448844673,0.18151386858432259,0.322265625,0.027008869398342183
25,model.layers.3.self_attn.o_proj,3,layers_00_07,o_proj,attention,4096,4096,16777216,-6.909574949531816e-06,0.01330900751054287,0.010460873134434223,0.5390625,0.00014454126358032227,0.8478956818580627,5.647276878356934,0.84377121925354,1.141173005104065,-1.8998110872914253e-05,0.023738235670542954,0.011167976190336049,1.8125,0.023561351001262665,sparse_nvfp4,5.272326961858198e-05,0.2976534271115755,0.5455762340054554,0.25390625,4.6898997368316486e-05,0.06429108402762486,0.25355686547128803,0.396484375,0.027008869398342183
25,model.layers.3.self_attn.o_proj,3,layers_00_07,o_proj,attention,4096,4096,16777216,-6.909574949531816e-06,0.01330900751054287,0.010460873134434223,0.5390625,0.00014454126358032227,0.8478956818580627,5.647276878356934,0.84377121925354,1.141173005104065,-1.8998110872914253e-05,0.023738235670542954,0.011167976190336049,1.8125,0.023561351001262665,marlin_nvfp4,1.3388905699684983e-06,0.00755881358575752,0.08694143767938002,0.052734375,2.4713089032957214e-06,0.0033877723890818018,0.05820457360965547,0.1171875,0.027008869398342183
26,model.layers.3.mlp.gate_proj,3,layers_00_07,gate_proj,mlp,4096,11008,45088768,-4.189204901194898e-06,0.019003747031092644,0.015113836154341698,0.578125,6.555956497322768e-05,1.2131060361862183,3.4032225608825684,1.993687391281128,2.1504909992218018,-2.774782090853023e-05,0.1289107999999953,0.10065438452875242,3.515625,0.4623434543609619,dense_nvfp4,2.6805898605109475e-06,0.007422527483508725,0.08615409150765113,0.02197265625,0.00018027092427960165,0.004097342485828571,0.06401048731128807,0.1953125,0.20975470402347526
26,model.layers.3.mlp.gate_proj,3,layers_00_07,gate_proj,mlp,4096,11008,45088768,-4.189204901194898e-06,0.019003747031092644,0.015113836154341698,0.578125,6.555956497322768e-05,1.2131060361862183,3.4032225608825684,1.993687391281128,2.1504909992218018,-2.774782090853023e-05,0.1289107999999953,0.10065438452875242,3.515625,0.4623434543609619,sparse_bf16,6.295140659393266e-05,0.17431183802207376,0.41750669218836933,0.232421875,0.002117109899192529,0.04811937572181931,0.21936129039057758,0.78515625,0.20975470402347526
26,model.layers.3.mlp.gate_proj,3,layers_00_07,gate_proj,mlp,4096,11008,45088768,-4.189204901194898e-06,0.019003747031092644,0.015113836154341698,0.578125,6.555956497322768e-05,1.2131060361862183,3.4032225608825684,1.993687391281128,2.1504909992218018,-2.774782090853023e-05,0.1289107999999953,0.10065438452875242,3.515625,0.4623434543609619,sparse_nvfp4,0.00010081983799504679,0.2791691595291237,0.5283646085130265,0.341796875,0.00396337621942769,0.09008280085143623,0.30013796969300005,1.375,0.20975470402347526
26,model.layers.3.mlp.gate_proj,3,layers_00_07,gate_proj,mlp,4096,11008,45088768,-4.189204901194898e-06,0.019003747031092644,0.015113836154341698,0.578125,6.555956497322768e-05,1.2131060361862183,3.4032225608825684,1.993687391281128,2.1504909992218018,-2.774782090853023e-05,0.1289107999999953,0.10065438452875242,3.515625,0.4623434543609619,marlin_nvfp4,2.6805898605109475e-06,0.007422527483508725,0.08615409150765113,0.02197265625,0.00018027092427960165,0.004097342485828571,0.06401048731128807,0.1953125,0.20975470402347526
27,model.layers.3.mlp.up_proj,3,layers_00_07,up_proj,mlp,4096,11008,45088768,3.952352017222438e-06,0.017587386071681976,0.014004543423652649,0.50390625,1.3661939192388672e-05,1.1249536275863647,1.2540247440338135,1.8443503379821777,1.89543879032135,-2.774782090853023e-05,0.1289107999999953,0.10065438452875242,3.515625,0.49361736699938774,dense_nvfp4,2.2952047211854436e-06,0.0074202553238113,0.08614090389478915,0.0186767578125,0.00015349692279583948,0.005829505473062078,0.07635119824247735,0.083984375,0.1622684095610637
27,model.layers.3.mlp.up_proj,3,layers_00_07,up_proj,mlp,4096,11008,45088768,3.952352017222438e-06,0.017587386071681976,0.014004543423652649,0.50390625,1.3661939192388672e-05,1.1249536275863647,1.2540247440338135,1.8443503379821777,1.89543879032135,-2.774782090853023e-05,0.1289107999999953,0.10065438452875242,3.515625,0.49361736699938774,sparse_bf16,5.3329626098275185e-05,0.17241139246533463,0.4152245085075478,0.16473388671875,0.001787781816241223,0.06789637011994586,0.26056931922224813,0.427734375,0.1622684095610637
27,model.layers.3.mlp.up_proj,3,layers_00_07,up_proj,mlp,4096,11008,45088768,3.952352017222438e-06,0.017587386071681976,0.014004543423652649,0.50390625,1.3661939192388672e-05,1.1249536275863647,1.2540247440338135,1.8443503379821777,1.89543879032135,-2.774782090853023e-05,0.1289107999999953,0.10065438452875242,3.515625,0.49361736699938774,sparse_nvfp4,8.553144695280596e-05,0.27651789347882044,0.5258496871529168,0.159271240234375,0.003268344723078054,0.12412518182125734,0.3523140386377718,0.625,0.1622684095610637
27,model.layers.3.mlp.up_proj,3,layers_00_07,up_proj,mlp,4096,11008,45088768,3.952352017222438e-06,0.017587386071681976,0.014004543423652649,0.50390625,1.3661939192388672e-05,1.1249536275863647,1.2540247440338135,1.8443503379821777,1.89543879032135,-2.774782090853023e-05,0.1289107999999953,0.10065438452875242,3.515625,0.49361736699938774,marlin_nvfp4,2.2952047211854436e-06,0.0074202553238113,0.08614090389478915,0.0186767578125,0.00015349692279583948,0.005829505473062078,0.07635119824247735,0.083984375,0.1622684095610637
28,model.layers.3.mlp.down_proj,3,layers_00_07,down_proj,mlp,11008,4096,45088768,5.15961392011377e-06,0.0176240224391222,0.014033450745046139,0.68359375,2.455156936775893e-05,1.847469449043274,5.427108287811279,1.1273553371429443,1.4484494924545288,1.9990059206123945e-05,0.019001880597939502,0.009842603857260804,7.09375,0.004822780919629474,dense_nvfp4,2.3468061510018657e-06,0.007555567269761706,0.08692276611890412,0.028076171875,8.695404336123147e-06,0.005913368937284977,0.0768984326061655,0.076171875,0.03834664764831956
28,model.layers.3.mlp.down_proj,3,layers_00_07,down_proj,mlp,11008,4096,45088768,5.15961392011377e-06,0.0176240224391222,0.014033450745046139,0.68359375,2.455156936775893e-05,1.847469449043274,5.427108287811279,1.1273553371429443,1.4484494924545288,1.9990059206123945e-05,0.019001880597939502,0.009842603857260804,7.09375,0.004822780919629474,sparse_bf16,5.286611443342165e-05,0.17020301558444312,0.4125566816625845,0.103515625,0.00010678330630753408,0.07261871468315079,0.269478597820218,0.2265625,0.03834664764831956
28,model.layers.3.mlp.down_proj,3,layers_00_07,down_proj,mlp,11008,4096,45088768,5.15961392011377e-06,0.0176240224391222,0.014033450745046139,0.68359375,2.455156936775893e-05,1.847469449043274,5.427108287811279,1.1273553371429443,1.4484494924545288,1.9990059206123945e-05,0.019001880597939502,0.009842603857260804,7.09375,0.004822780919629474,sparse_nvfp4,8.455615187453669e-05,0.2722294269117677,0.5217560990652316,0.1650390625,0.00019723777222679928,0.13413289025559655,0.3662415736308435,0.2421875,0.03834664764831956
28,model.layers.3.mlp.down_proj,3,layers_00_07,down_proj,mlp,11008,4096,45088768,5.15961392011377e-06,0.0176240224391222,0.014033450745046139,0.68359375,2.455156936775893e-05,1.847469449043274,5.427108287811279,1.1273553371429443,1.4484494924545288,1.9990059206123945e-05,0.019001880597939502,0.009842603857260804,7.09375,0.004822780919629474,marlin_nvfp4,2.3468061510018657e-06,0.007555567269761706,0.08692276611890412,0.028076171875,8.695404336123147e-06,0.005913368937284977,0.0768984326061655,0.076171875,0.03834664764831956
29,model.layers.4.self_attn.q_proj,4,layers_00_07,q_proj,attention,4096,4096,16777216,1.7987917999562342e-06,0.026268810033798218,0.019943831488490105,0.67578125,0.00034689903259277344,1.6103339195251465,2.9790961742401123,1.6764237880706787,8.837045669555664,0.001466621709141691,0.293406460281407,0.1801870707422495,9.5625,0.5621284805238247,dense_nvfp4,5.1763013289019e-06,0.007501338441245131,0.08661026752784644,0.0263671875,0.0013974473376947572,0.0008729244594188454,0.029545295047077213,0.32421875,1.265258879967487
29,model.layers.4.self_attn.q_proj,4,layers_00_07,q_proj,attention,4096,4096,16777216,1.7987917999562342e-06,0.026268810033798218,0.019943831488490105,0.67578125,0.00034689903259277344,1.6103339195251465,2.9790961742401123,1.6764237880706787,8.837045669555664,0.001466621709141691,0.293406460281407,0.1801870707422495,9.5625,0.5621284805238247,sparse_bf16,0.00011920523684239015,0.1727486034344231,0.415630368758616,0.1318359375,0.011770879522373434,0.007352755532743061,0.08574821008477705,1.1953125,1.265258879967487
29,model.layers.4.self_attn.q_proj,4,layers_00_07,q_proj,attention,4096,4096,16777216,1.7987917999562342e-06,0.026268810033798218,0.019943831488490105,0.67578125,0.00034689903259277344,1.6103339195251465,2.9790961742401123,1.6764237880706787,8.837045669555664,0.001466621709141691,0.293406460281407,0.1801870707422495,9.5625,0.5621284805238247,sparse_nvfp4,0.00019331400108058006,0.28014477044447583,0.5292870397473151,0.171875,0.022876016271766275,0.014289650564313501,0.11953932643407984,1.59375,1.265258879967487
29,model.layers.4.self_attn.q_proj,4,layers_00_07,q_proj,attention,4096,4096,16777216,1.7987917999562342e-06,0.026268810033798218,0.019943831488490105,0.67578125,0.00034689903259277344,1.6103339195251465,2.9790961742401123,1.6764237880706787,8.837045669555664,0.001466621709141691,0.293406460281407,0.1801870707422495,9.5625,0.5621284805238247,marlin_nvfp4,5.1763013289019e-06,0.007501338441245131,0.08661026752784644,0.0263671875,0.0013974473376947572,0.0008729244594188454,0.029545295047077213,0.32421875,1.265258879967487
30,model.layers.4.self_attn.k_proj,4,layers_00_07,k_proj,attention,4096,4096,16777216,1.3538822713599075e-05,0.026825442910194397,0.02014058642089367,0.51171875,0.00044083595275878906,1.6236298084259033,3.3530118465423584,1.714316964149475,3.82964825630188,0.001466621709141691,0.293406460281407,0.1801870707422495,9.5625,0.5592115335166454,dense_nvfp4,5.3936200856696814e-06,0.007495255693087407,0.08657514477658936,0.0234375,0.0015519029129791306,0.0006417370905606642,0.025332530283425383,0.375,1.5550834652316234
30,model.layers.4.self_attn.k_proj,4,layers_00_07,k_proj,attention,4096,4096,16777216,1.3538822713599075e-05,0.026825442910194397,0.02014058642089367,0.51171875,0.00044083595275878906,1.6236298084259033,3.3530118465423584,1.714316964149475,3.82964825630188,0.001466621709141691,0.293406460281407,0.1801870707422495,9.5625,0.5592115335166454,sparse_bf16,0.00012466117914300412,0.173235674340711,0.41621589871208786,0.12255859375,0.012318308799876831,0.00509382100113829,0.07137100952864749,1.6875,1.5550834652316234
30,model.layers.4.self_attn.k_proj,4,layers_00_07,k_proj,attention,4096,4096,16777216,1.3538822713599075e-05,0.026825442910194397,0.02014058642089367,0.51171875,0.00044083595275878906,1.6236298084259033,3.3530118465423584,1.714316964149475,3.82964825630188,0.001466621709141691,0.293406460281407,0.1801870707422495,9.5625,0.5592115335166454,sparse_nvfp4,0.00020221956947352737,0.2810148574196341,0.5301083449820745,0.1416015625,0.0241781456861645,0.009998056410633034,0.09999028158092682,2.1875,1.5550834652316234
30,model.layers.4.self_attn.k_proj,4,layers_00_07,k_proj,attention,4096,4096,16777216,1.3538822713599075e-05,0.026825442910194397,0.02014058642089367,0.51171875,0.00044083595275878906,1.6236298084259033,3.3530118465423584,1.714316964149475,3.82964825630188,0.001466621709141691,0.293406460281407,0.1801870707422495,9.5625,0.5592115335166454,marlin_nvfp4,5.3936200856696814e-06,0.007495255693087407,0.08657514477658936,0.0234375,0.0015519029129791306,0.0006417370905606642,0.025332530283425383,0.375,1.5550834652316234
31,model.layers.4.self_attn.v_proj,4,layers_00_07,v_proj,attention,4096,4096,16777216,-3.1021177164802793e-06,0.014356493949890137,0.01138307899236679,0.142578125,1.2576580047607422e-05,0.9155761003494263,1.248631477355957,0.9167274236679077,0.9853674173355103,0.001466621709141691,0.293406460281407,0.1801870707422495,9.5625,0.7390771619975567,dense_nvfp4,1.5491145859414246e-06,0.00751599926445763,0.08669486296463955,0.0107421875,0.00036676352692666114,0.005534208428609223,0.07439226054240604,0.13232421875,0.257433650080501
31,model.layers.4.self_attn.v_proj,4,layers_00_07,v_proj,attention,4096,4096,16777216,-3.1021177164802793e-06,0.014356493949890137,0.01138307899236679,0.142578125,1.2576580047607422e-05,0.9155761003494263,1.248631477355957,0.9167274236679077,0.9853674173355103,0.001466621709141691,0.293406460281407,0.1801870707422495,9.5625,0.7390771619975567,sparse_bf16,3.5433375160209835e-05,0.17191576663100272,0.41462726228626445,0.0537109375,0.0034265688718733145,0.05170455876798035,0.2273863645163895,0.75,0.257433650080501
31,model.layers.4.self_attn.v_proj,4,layers_00_07,v_proj,attention,4096,4096,16777216,-3.1021177164802793e-06,0.014356493949890137,0.01138307899236679,0.142578125,1.2576580047607422e-05,0.9155761003494263,1.248631477355957,0.9167274236679077,0.9853674173355103,0.001466621709141691,0.293406460281407,0.1801870707422495,9.5625,0.7390771619975567,sparse_nvfp4,5.705358853447251e-05,0.2768127892870916,0.5261300117718923,0.064453125,0.006388188303390052,0.09639335145567367,0.31047278698087805,1.125,0.257433650080501
31,model.layers.4.self_attn.v_proj,4,layers_00_07,v_proj,attention,4096,4096,16777216,-3.1021177164802793e-06,0.014356493949890137,0.01138307899236679,0.142578125,1.2576580047607422e-05,0.9155761003494263,1.248631477355957,0.9167274236679077,0.9853674173355103,0.001466621709141691,0.293406460281407,0.1801870707422495,9.5625,0.7390771619975567,marlin_nvfp4,1.5491145859414246e-06,0.00751599926445763,0.08669486296463955,0.0107421875,0.00036676352692666114,0.005534208428609223,0.07439226054240604,0.13232421875,0.257433650080501
32,model.layers.4.self_attn.o_proj,4,layers_00_07,o_proj,attention,4096,4096,16777216,-6.554070637321274e-07,0.014046509750187397,0.011124523356556892,0.62109375,0.00012308359146118164,0.8959035277366638,5.31525182723999,0.8965200185775757,1.1946865320205688,0.00010986895096465332,0.03091000259866954,0.016125984999234788,6.53125,0.03819970786571503,dense_nvfp4,1.4886811641190434e-06,0.007545096504381444,0.08686251495542507,0.05078125,5.358940882160823e-06,0.004387924611180626,0.0662414116031703,0.1171875,0.03494700035244691
32,model.layers.4.self_attn.o_proj,4,layers_00_07,o_proj,attention,4096,4096,16777216,-6.554070637321274e-07,0.014046509750187397,0.011124523356556892,0.62109375,0.00012308359146118164,0.8959035277366638,5.31525182723999,0.8965200185775757,1.1946865320205688,0.00010986895096465332,0.03091000259866954,0.016125984999234788,6.53125,0.03819970786571503,sparse_bf16,3.6152490793028846e-05,0.1832320032534191,0.4280560748937213,0.373046875,5.6154907014160926e-05,0.04597988743377252,0.2144292131071989,0.4765625,0.03494700035244691
32,model.layers.4.self_attn.o_proj,4,layers_00_07,o_proj,attention,4096,4096,16777216,-6.554070637321274e-07,0.014046509750187397,0.011124523356556892,0.62109375,0.00012308359146118164,0.8959035277366638,5.31525182723999,0.8965200185775757,1.1946865320205688,0.00010986895096465332,0.03091000259866954,0.016125984999234788,6.53125,0.03819970786571503,sparse_nvfp4,5.977325781714171e-05,0.30294935509477744,0.550408353038703,0.373046875,0.0001068688204099999,0.08750466511132678,0.29581187452725216,0.6015625,0.03494700035244691
32,model.layers.4.self_attn.o_proj,4,layers_00_07,o_proj,attention,4096,4096,16777216,-6.554070637321274e-07,0.014046509750187397,0.011124523356556892,0.62109375,0.00012308359146118164,0.8959035277366638,5.31525182723999,0.8965200185775757,1.1946865320205688,0.00010986895096465332,0.03091000259866954,0.016125984999234788,6.53125,0.03819970786571503,marlin_nvfp4,1.4886811641190434e-06,0.007545096504381444,0.08686251495542507,0.05078125,5.358940882160823e-06,0.004387924611180626,0.0662414116031703,0.1171875,0.03494700035244691
33,model.layers.4.mlp.gate_proj,4,layers_00_07,gate_proj,mlp,4096,11008,45088768,-4.813143277715426e-06,0.019399456679821014,0.01538968924432993,0.51953125,7.440877379849553e-05,1.2353477478027344,2.8589119911193848,2.0352115631103516,2.20499587059021,0.00044797382570038735,0.15090908837053157,0.11700192227726802,7.40625,0.5177217125892639,dense_nvfp4,2.801110852932081e-06,0.007443053029948133,0.08627313040540567,0.02099609375,0.00025409979080418557,0.003354513182330718,0.05791815934860774,0.16796875,0.27522469702631125
33,model.layers.4.mlp.gate_proj,4,layers_00_07,gate_proj,mlp,4096,11008,45088768,-4.813143277715426e-06,0.019399456679821014,0.01538968924432993,0.51953125,7.440877379849553e-05,1.2353477478027344,2.8589119911193848,2.0352115631103516,2.20499587059021,0.00044797382570038735,0.15090908837053157,0.11700192227726802,7.40625,0.5177217125892639,sparse_bf16,6.484375660156095e-05,0.17230147051883563,0.41509212293036307,0.0966796875,0.0030370120765901235,0.04009329174800464,0.20023309353851734,0.90625,0.27522469702631125
33,model.layers.4.mlp.gate_proj,4,layers_00_07,gate_proj,mlp,4096,11008,45088768,-4.813143277715426e-06,0.019399456679821014,0.01538968924432993,0.51953125,7.440877379849553e-05,1.2353477478027344,2.8589119911193848,2.0352115631103516,2.20499587059021,0.00044797382570038735,0.15090908837053157,0.11700192227726802,7.40625,0.5177217125892639,sparse_nvfp4,0.00010450123700984688,0.27767849599572003,0.5269520813088416,0.134765625,0.005731091734433417,0.07565934120393947,0.27506243146591186,1.0390625,0.27522469702631125
33,model.layers.4.mlp.gate_proj,4,layers_00_07,gate_proj,mlp,4096,11008,45088768,-4.813143277715426e-06,0.019399456679821014,0.01538968924432993,0.51953125,7.440877379849553e-05,1.2353477478027344,2.8589119911193848,2.0352115631103516,2.20499587059021,0.00044797382570038735,0.15090908837053157,0.11700192227726802,7.40625,0.5177217125892639,marlin_nvfp4,2.801110852932081e-06,0.007443053029948133,0.08627313040540567,0.02099609375,0.00025409979080418557,0.003354513182330718,0.05791815934860774,0.16796875,0.27522469702631125
34,model.layers.4.mlp.up_proj,4,layers_00_07,up_proj,mlp,4096,11008,45088768,4.507515768636949e-06,0.01746262237429619,0.01390179805457592,0.478515625,1.536968193249777e-05,1.11668062210083,1.9003409147262573,1.8313621282577515,1.8740324974060059,0.00044797382570038735,0.15090908837053157,0.11700192227726802,7.40625,0.560138400644064,dense_nvfp4,2.2683552531308907e-06,0.007438615899810654,0.08624741097453682,0.019775390625,0.00020337586804173972,0.005582997233090989,0.07471945685757485,0.107421875,0.19086047638566617
34,model.layers.4.mlp.up_proj,4,layers_00_07,up_proj,mlp,4096,11008,45088768,4.507515768636949e-06,0.01746262237429619,0.01390179805457592,0.478515625,1.536968193249777e-05,1.11668062210083,1.9003409147262573,1.8313621282577515,1.8740324974060059,0.00044797382570038735,0.15090908837053157,0.11700192227726802,7.40625,0.560138400644064,sparse_bf16,5.205090395932974e-05,0.17069049535207248,0.41314706262065143,0.091796875,0.0024206161222875464,0.0664498361739418,0.25777865732822375,0.4306640625,0.19086047638566617
34,model.layers.4.mlp.up_proj,4,layers_00_07,up_proj,mlp,4096,11008,45088768,4.507515768636949e-06,0.01746262237429619,0.01390179805457592,0.478515625,1.536968193249777e-05,1.11668062210083,1.9003409147262573,1.8313621282577515,1.8740324974060059,0.00044797382570038735,0.15090908837053157,0.11700192227726802,7.40625,0.560138400644064,sparse_nvfp4,8.387954060941242e-05,0.2750661227269347,0.5244674658421957,0.1591796875,0.004445103365321492,0.12202529252044805,0.3493211881928264,0.6875,0.19086047638566617
34,model.layers.4.mlp.up_proj,4,layers_00_07,up_proj,mlp,4096,11008,45088768,4.507515768636949e-06,0.01746262237429619,0.01390179805457592,0.478515625,1.536968193249777e-05,1.11668062210083,1.9003409147262573,1.8313621282577515,1.8740324974060059,0.00044797382570038735,0.15090908837053157,0.11700192227726802,7.40625,0.560138400644064,marlin_nvfp4,2.2683552531308907e-06,0.007438615899810654,0.08624741097453682,0.019775390625,0.00020337586804173972,0.005582997233090989,0.07471945685757485,0.107421875,0.19086047638566617
35,model.layers.4.mlp.down_proj,4,layers_00_07,down_proj,mlp,11008,4096,45088768,5.497657298292324e-07,0.01741928979754448,0.013863394036889076,0.9765625,3.184828528901562e-05,1.826021432876587,5.648232460021973,1.1140637397766113,1.3224581480026245,-5.158615926223658e-05,0.027032451607058933,0.014085342122111903,11.625,0.010906410771746968,dense_nvfp4,2.2965785235079914e-06,0.007568685843604186,0.08699819448473736,0.03515625,1.6497482675958963e-05,0.005331198328629664,0.07301505549288903,0.07421875,0.055628381049777624
35,model.layers.4.mlp.down_proj,4,layers_00_07,down_proj,mlp,11008,4096,45088768,5.497657298292324e-07,0.01741928979754448,0.013863394036889076,0.9765625,3.184828528901562e-05,1.826021432876587,5.648232460021973,1.1140637397766113,1.3224581480026245,-5.158615926223658e-05,0.027032451607058933,0.014085342122111903,11.625,0.010906410771746968,sparse_bf16,5.125093035573183e-05,0.1689043884562921,0.41097979081250713,0.1103515625,0.0001935854211296828,0.0625575606803081,0.2501150948669594,0.2109375,0.055628381049777624
35,model.layers.4.mlp.down_proj,4,layers_00_07,down_proj,mlp,11008,4096,45088768,5.497657298292324e-07,0.01741928979754448,0.013863394036889076,0.9765625,3.184828528901562e-05,1.826021432876587,5.648232460021973,1.1140637397766113,1.3224581480026245,-5.158615926223658e-05,0.027032451607058933,0.014085342122111903,11.625,0.010906410771746968,sparse_nvfp4,8.229100751842177e-05,0.271201170473907,0.5207697864449387,0.1552734375,0.00036242973283151514,0.11711997665757545,0.3422279600757008,0.3359375,0.055628381049777624
35,model.layers.4.mlp.down_proj,4,layers_00_07,down_proj,mlp,11008,4096,45088768,5.497657298292324e-07,0.01741928979754448,0.013863394036889076,0.9765625,3.184828528901562e-05,1.826021432876587,5.648232460021973,1.1140637397766113,1.3224581480026245,-5.158615926223658e-05,0.027032451607058933,0.014085342122111903,11.625,0.010906410771746968,marlin_nvfp4,2.2965785235079914e-06,0.007568685843604186,0.08699819448473736,0.03515625,1.6497482675958963e-05,0.005331198328629664,0.07301505549288903,0.07421875,0.055628381049777624
36,model.layers.5.self_attn.q_proj,5,layers_00_07,q_proj,attention,4096,4096,16777216,-7.127388016670011e-06,0.026405490934848785,0.020219998434185982,0.640625,0.00025588274002075195,1.628608226776123,2.927461624145508,1.6872509717941284,6.6441426277160645,0.002140759912208523,0.3011405199664457,0.1908036997774616,9.5625,0.5837269611656666,dense_nvfp4,5.229602720646653e-06,0.0075003264658729885,0.0866044252095295,0.0262451171875,0.0015398601090055308,0.0009626544082569223,0.03102667252956595,0.390625,1.2647521672365527
36,model.layers.5.self_attn.q_proj,5,layers_00_07,q_proj,attention,4096,4096,16777216,-7.127388016670011e-06,0.026405490934848785,0.020219998434185982,0.640625,0.00025588274002075195,1.628608226776123,2.927461624145508,1.6872509717941284,6.6441426277160645,0.002140759912208523,0.3011405199664457,0.1908036997774616,9.5625,0.5837269611656666,sparse_bf16,0.00011986066965619102,0.17190486560103865,0.4146141164999555,0.11328125,0.0137198196243844,0.008577042008337418,0.0926123210395756,1.244140625,1.2647521672365527
36,model.layers.5.self_attn.q_proj,5,layers_00_07,q_proj,attention,4096,4096,16777216,-7.127388016670011e-06,0.026405490934848785,0.020219998434185982,0.640625,0.00025588274002075195,1.628608226776123,2.927461624145508,1.6872509717941284,6.6441426277160645,0.002140759912208523,0.3011405199664457,0.1908036997774616,9.5625,0.5837269611656666,sparse_nvfp4,0.000195148735656403,0.2798834452656824,0.5290401168774277,0.15234375,0.026944974291836843,0.016844840729823084,0.129787675569844,1.7265625,1.2647521672365527
36,model.layers.5.self_attn.q_proj,5,layers_00_07,q_proj,attention,4096,4096,16777216,-7.127388016670011e-06,0.026405490934848785,0.020219998434185982,0.640625,0.00025588274002075195,1.628608226776123,2.927461624145508,1.6872509717941284,6.6441426277160645,0.002140759912208523,0.3011405199664457,0.1908036997774616,9.5625,0.5837269611656666,marlin_nvfp4,5.229602720646653e-06,0.0075003264658729885,0.0866044252095295,0.0262451171875,0.0015398601090055308,0.0009626544082569223,0.03102667252956595,0.390625,1.2647521672365527
37,model.layers.5.self_attn.k_proj,5,layers_00_07,k_proj,attention,4096,4096,16777216,4.84049814986065e-06,0.02749028243124485,0.02080650068819523,0.333984375,0.0003668665885925293,1.6754488945007324,3.567171812057495,1.757127285003662,3.4240901470184326,0.002140759912208523,0.3011405199664457,0.1908036997774616,9.5625,0.5733814872801304,dense_nvfp4,5.661203431372996e-06,0.007491181947279755,0.08655161435397814,0.02490234375,0.0017375591887685005,0.000691697022903422,0.026300133514935282,0.375,1.5849364396914982
37,model.layers.5.self_attn.k_proj,5,layers_00_07,k_proj,attention,4096,4096,16777216,4.84049814986065e-06,0.02749028243124485,0.02080650068819523,0.333984375,0.0003668665885925293,1.6754488945007324,3.567171812057495,1.757127285003662,3.4240901470184326,0.002140759912208523,0.3011405199664457,0.1908036997774616,9.5625,0.5733814872801304,sparse_bf16,0.00013009484973736107,0.17214788367890063,0.4149070783668322,0.1318359375,0.01492970153776696,0.0059432968806255254,0.07709278098904933,1.345703125,1.5849364396914982
37,model.layers.5.self_attn.k_proj,5,layers_00_07,k_proj,attention,4096,4096,16777216,4.84049814986065e-06,0.02749028243124485,0.02080650068819523,0.333984375,0.0003668665885925293,1.6754488945007324,3.567171812057495,1.757127285003662,3.4240901470184326,0.002140759912208523,0.3011405199664457,0.1908036997774616,9.5625,0.5733814872801304,sparse_nvfp4,0.0002118493866873905,0.2803294953684391,0.5294615145300356,0.1533203125,0.02962054310773965,0.011791507084675041,0.10858870606409785,2.125,1.5849364396914982
37,model.layers.5.self_attn.k_proj,5,layers_00_07,k_proj,attention,4096,4096,16777216,4.84049814986065e-06,0.02749028243124485,0.02080650068819523,0.333984375,0.0003668665885925293,1.6754488945007324,3.567171812057495,1.757127285003662,3.4240901470184326,0.002140759912208523,0.3011405199664457,0.1908036997774616,9.5625,0.5733814872801304,marlin_nvfp4,5.661203431372996e-06,0.007491181947279755,0.08655161435397814,0.02490234375,0.0017375591887685005,0.000691697022903422,0.026300133514935282,0.375,1.5849364396914982
38,model.layers.5.self_attn.v_proj,5,layers_00_07,v_proj,attention,4096,4096,16777216,6.6090415202779695e-06,0.014728710986673832,0.011628092266619205,0.265625,1.1265277862548828e-05,0.9353386163711548,1.194872498512268,0.9404355883598328,1.1803075075149536,0.002140759912208523,0.3011405199664457,0.1908036997774616,9.5625,0.7506772242486477,dense_nvfp4,1.629011421755422e-06,0.00750921623761643,0.08665573401464227,0.01019287109375,0.0004199083368803258,0.005817310244199239,0.07627129371001412,0.1318359375,0.2686681195767836
38,model.layers.5.self_attn.v_proj,5,layers_00_07,v_proj,attention,4096,4096,16777216,6.6090415202779695e-06,0.014728710986673832,0.011628092266619205,0.265625,1.1265277862548828e-05,0.9353386163711548,1.194872498512268,0.9404355883598328,1.1803075075149536,0.002140759912208523,0.3011405199664457,0.1908036997774616,9.5625,0.7506772242486477,sparse_bf16,3.6893176002195105e-05,0.1700656193032627,0.412390129977989,0.051025390625,0.0041366452769580064,0.05730809996545629,0.23939110251940504,0.529296875,0.2686681195767836
38,model.layers.5.self_attn.v_proj,5,layers_00_07,v_proj,attention,4096,4096,16777216,6.6090415202779695e-06,0.014728710986673832,0.011628092266619205,0.265625,1.1265277862548828e-05,0.9353386163711548,1.194872498512268,0.9404355883598328,1.1803075075149536,0.002140759912208523,0.3011405199664457,0.1908036997774616,9.5625,0.7506772242486477,sparse_nvfp4,5.964665615465492e-05,0.2749518099961523,0.5243584747061425,0.057861328125,0.0077816269476898015,0.10780480924872465,0.32833642692933823,0.96875,0.2686681195767836
38,model.layers.5.self_attn.v_proj,5,layers_00_07,v_proj,attention,4096,4096,16777216,6.6090415202779695e-06,0.014728710986673832,0.011628092266619205,0.265625,1.1265277862548828e-05,0.9353386163711548,1.194872498512268,0.9404355883598328,1.1803075075149536,0.002140759912208523,0.3011405199664457,0.1908036997774616,9.5625,0.7506772242486477,marlin_nvfp4,1.629011421755422e-06,0.00750921623761643,0.08665573401464227,0.01019287109375,0.0004199083368803258,0.005817310244199239,0.07627129371001412,0.1318359375,0.2686681195767836
39,model.layers.5.self_attn.o_proj,5,layers_00_07,o_proj,attention,4096,4096,16777216,-1.6741188346713898e-07,0.014410589821636677,0.011383121833205223,0.52734375,9.85860824584961e-05,0.9195873141288757,5.14446496963501,0.9166053533554077,1.1322262287139893,-0.0002759385961539351,0.04604600133045241,0.023009202268440276,2.078125,0.07314275205135345,dense_nvfp4,1.5638066770407022e-06,0.007530425518641843,0.0867780243992789,0.064453125,9.729880027009585e-06,0.005081885603069232,0.07128734532207825,0.25390625,0.04375637144512419
39,model.layers.5.self_attn.o_proj,5,layers_00_07,o_proj,attention,4096,4096,16777216,-1.6741188346713898e-07,0.014410589821636677,0.011383121833205223,0.52734375,9.85860824584961e-05,0.9195873141288757,5.14446496963501,0.9166053533554077,1.1322262287139893,-0.0002759385961539351,0.04604600133045241,0.023009202268440276,2.078125,0.07314275205135345,sparse_bf16,3.8365236832760274e-05,0.18474569952653833,0.4298205433975188,0.361328125,9.724705313374216e-05,0.0507918286648352,0.2253704254440569,0.96337890625,0.04375637144512419
39,model.layers.5.self_attn.o_proj,5,layers_00_07,o_proj,attention,4096,4096,16777216,-1.6741188346713898e-07,0.014410589821636677,0.011383121833205223,0.52734375,9.85860824584961e-05,0.9195873141288757,5.14446496963501,0.9166053533554077,1.1322262287139893,-0.0002759385961539351,0.04604600133045241,0.023009202268440276,2.078125,0.07314275205135345,sparse_nvfp4,6.436536205001175e-05,0.3099478803960972,0.5567296295295385,0.4140625,0.00020295261685987498,0.10600151069307821,0.32557873194218045,1.4697265625,0.04375637144512419
39,model.layers.5.self_attn.o_proj,5,layers_00_07,o_proj,attention,4096,4096,16777216,-1.6741188346713898e-07,0.014410589821636677,0.011383121833205223,0.52734375,9.85860824584961e-05,0.9195873141288757,5.14446496963501,0.9166053533554077,1.1322262287139893,-0.0002759385961539351,0.04604600133045241,0.023009202268440276,2.078125,0.07314275205135345,marlin_nvfp4,1.5638066770407022e-06,0.007530425518641843,0.0867780243992789,0.064453125,9.729880027009585e-06,0.005081885603069232,0.07128734532207825,0.25390625,0.04375637144512419
40,model.layers.5.mlp.gate_proj,5,layers_00_07,gate_proj,mlp,4096,11008,45088768,-2.1409348846646026e-05,0.019511625170707703,0.01544273179024458,0.443359375,8.793764573056251e-05,1.2394874095916748,3.186581611633301,2.0470104217529297,2.293400764465332,0.0007090200869583896,0.1683220906861198,0.13128621620126069,5.375,0.565825805068016,dense_nvfp4,2.8314871299297137e-06,0.007437504540620871,0.08624096787850233,0.02392578125,0.00032244817889160154,0.003109922227583445,0.055766676676877965,0.22265625,0.3219995020176982
40,model.layers.5.mlp.gate_proj,5,layers_00_07,gate_proj,mlp,4096,11008,45088768,-2.1409348846646026e-05,0.019511625170707703,0.01544273179024458,0.443359375,8.793764573056251e-05,1.2394874095916748,3.186581611633301,2.0470104217529297,2.293400764465332,0.0007090200869583896,0.1683220906861198,0.13128621620126069,5.375,0.565825805068016,sparse_bf16,6.5843710069393e-05,0.17295254053462386,0.415875631090142,0.11279296875,0.0039052440091794315,0.037664982913012596,0.19407468385395504,0.85546875,0.3219995020176982
40,model.layers.5.mlp.gate_proj,5,layers_00_07,gate_proj,mlp,4096,11008,45088768,-2.1409348846646026e-05,0.019511625170707703,0.01544273179024458,0.443359375,8.793764573056251e-05,1.2394874095916748,3.186581611633301,2.0470104217529297,2.293400764465332,0.0007090200869583896,0.1683220906861198,0.13128621620126069,5.375,0.565825805068016,sparse_nvfp4,0.00010708400026656861,0.2812789540139003,0.5303573832934735,0.162109375,0.007596327208502348,0.07326444489444646,0.2706740565596313,1.1953125,0.3219995020176982
40,model.layers.5.mlp.gate_proj,5,layers_00_07,gate_proj,mlp,4096,11008,45088768,-2.1409348846646026e-05,0.019511625170707703,0.01544273179024458,0.443359375,8.793764573056251e-05,1.2394874095916748,3.186581611633301,2.0470104217529297,2.293400764465332,0.0007090200869583896,0.1683220906861198,0.13128621620126069,5.375,0.565825805068016,marlin_nvfp4,2.8314871299297137e-06,0.007437504540620871,0.08624096787850233,0.02392578125,0.00032244817889160154,0.003109922227583445,0.055766676676877965,0.22265625,0.3219995020176982
41,model.layers.5.mlp.up_proj,5,layers_00_07,up_proj,mlp,4096,11008,45088768,3.0634607810497982e-06,0.017462221905589104,0.013898060657083988,0.490234375,1.621246337890625e-05,1.1164532899856567,1.4109681844711304,1.8314803838729858,1.8747071027755737,0.0007090200869583896,0.1683220906861198,0.13128621620126069,5.375,0.6051048934459686,dense_nvfp4,2.2671927919957875e-06,0.0074351455114883645,0.08622728983035687,0.0152587890625,0.0002543598345445664,0.0054790806506896635,0.07402081228066647,0.1083984375,0.2154618677832653
41,model.layers.5.mlp.up_proj,5,layers_00_07,up_proj,mlp,4096,11008,45088768,3.0634607810497982e-06,0.017462221905589104,0.013898060657083988,0.490234375,1.621246337890625e-05,1.1164532899856567,1.4109681844711304,1.8314803838729858,1.8747071027755737,0.0007090200869583896,0.1683220906861198,0.13128621620126069,5.375,0.6051048934459686,sparse_bf16,5.2167833674439165e-05,0.17108180466961304,0.4136203629774688,0.0830078125,0.0030546845789717206,0.0657999451862027,0.25651499992437615,0.625,0.2154618677832653
41,model.layers.5.mlp.up_proj,5,layers_00_07,up_proj,mlp,4096,11008,45088768,3.0634607810497982e-06,0.017462221905589104,0.013898060657083988,0.490234375,1.621246337890625e-05,1.1164532899856567,1.4109681844711304,1.8314803838729858,1.8747071027755737,0.0007090200869583896,0.1683220906861198,0.13128621620126069,5.375,0.6051048934459686,sparse_nvfp4,8.477788245262102e-05,0.2780248307142044,0.527280599599686,0.0848388671875,0.005715530422559485,0.12311634107934182,0.3508793825224586,0.96875,0.2154618677832653
41,model.layers.5.mlp.up_proj,5,layers_00_07,up_proj,mlp,4096,11008,45088768,3.0634607810497982e-06,0.017462221905589104,0.013898060657083988,0.490234375,1.621246337890625e-05,1.1164532899856567,1.4109681844711304,1.8314803838729858,1.8747071027755737,0.0007090200869583896,0.1683220906861198,0.13128621620126069,5.375,0.6051048934459686,marlin_nvfp4,2.2671927919957875e-06,0.0074351455114883645,0.08622728983035687,0.0152587890625,0.0002543598345445664,0.0054790806506896635,0.07402081228066647,0.1083984375,0.2154618677832653
42,model.layers.5.mlp.down_proj,5,layers_00_07,down_proj,mlp,11008,4096,45088768,9.294611231780436e-07,0.01743459142744541,0.013872997835278511,0.734375,2.8454980565584265e-05,1.8271095752716064,5.751513481140137,1.1147782802581787,1.3371734619140625,-3.995494275947093e-05,0.0319452931187257,0.018074458400004132,11.5,0.019276477569757505,dense_nvfp4,2.292649337188016e-06,0.007542478652891024,0.08684744471135017,0.0291748046875,2.416020967643817e-05,0.006255382506560732,0.07909097613862616,0.1015625,0.06214746434978176
42,model.layers.5.mlp.down_proj,5,layers_00_07,down_proj,mlp,11008,4096,45088768,9.294611231780436e-07,0.01743459142744541,0.013872997835278511,0.734375,2.8454980565584265e-05,1.8271095752716064,5.751513481140137,1.1147782802581787,1.3371734619140625,-3.995494275947093e-05,0.0319452931187257,0.018074458400004132,11.5,0.019276477569757505,sparse_bf16,5.0949804528161535e-05,0.1676173528979212,0.4094109828740812,0.10205078125,0.0003077117191878642,0.07967043875238697,0.2822595237585208,0.28125,0.06214746434978176
42,model.layers.5.mlp.down_proj,5,layers_00_07,down_proj,mlp,11008,4096,45088768,9.294611231780436e-07,0.01743459142744541,0.013872997835278511,0.734375,2.8454980565584265e-05,1.8271095752716064,5.751513481140137,1.1147782802581787,1.3371734619140625,-3.995494275947093e-05,0.0319452931187257,0.018074458400004132,11.5,0.019276477569757505,sparse_nvfp4,8.331143383889698e-05,0.2740823470380074,0.5235287451878907,0.1513671875,0.0005864502531949256,0.15183935503594834,0.38966569650913374,0.5859375,0.06214746434978176
42,model.layers.5.mlp.down_proj,5,layers_00_07,down_proj,mlp,11008,4096,45088768,9.294611231780436e-07,0.01743459142744541,0.013872997835278511,0.734375,2.8454980565584265e-05,1.8271095752716064,5.751513481140137,1.1147782802581787,1.3371734619140625,-3.995494275947093e-05,0.0319452931187257,0.018074458400004132,11.5,0.019276477569757505,marlin_nvfp4,2.292649337188016e-06,0.007542478652891024,0.08684744471135017,0.0291748046875,2.416020967643817e-05,0.006255382506560732,0.07909097613862616,0.1015625,0.06214746434978176
43,model.layers.6.self_attn.q_proj,6,layers_00_07,q_proj,attention,4096,4096,16777216,6.792915883124806e-07,0.024919357150793076,0.01881186105310917,0.61328125,0.0006090998649597168,1.51454496383667,3.5747122764587402,1.592594861984253,6.045619487762451,0.0026999784765848744,0.3673462667759538,0.24210603651590645,11.375,0.688196200877428,dense_nvfp4,4.661653292714618e-06,0.007506998213766484,0.08664293516361553,0.0283203125,0.002100109895764035,0.0011693984824934008,0.034196468860006594,0.59375,1.3401078392791559
43,model.layers.6.self_attn.q_proj,6,layers_00_07,q_proj,attention,4096,4096,16777216,6.792915883124806e-07,0.024919357150793076,0.01881186105310917,0.61328125,0.0006090998649597168,1.51454496383667,3.5747122764587402,1.592594861984253,6.045619487762451,0.0026999784765848744,0.3673462667759538,0.24210603651590645,11.375,0.688196200877428,sparse_bf16,0.00010748140630312264,0.1730850997416823,0.41603497418087615,0.13671875,0.02043807739391923,0.011380479058614569,0.10667932816911892,1.84375,1.3401078392791559
43,model.layers.6.self_attn.q_proj,6,layers_00_07,q_proj,attention,4096,4096,16777216,6.792915883124806e-07,0.024919357150793076,0.01881186105310917,0.61328125,0.0006090998649597168,1.51454496383667,3.5747122764587402,1.592594861984253,6.045619487762451,0.0026999784765848744,0.3673462667759538,0.24210603651590645,11.375,0.688196200877428,sparse_nvfp4,0.00017800689965952188,0.2866574139845512,0.5354039727015024,0.15576171875,0.04123831546166912,0.022962619060425772,0.15153421745739729,2.53125,1.3401078392791559
43,model.layers.6.self_attn.q_proj,6,layers_00_07,q_proj,attention,4096,4096,16777216,6.792915883124806e-07,0.024919357150793076,0.01881186105310917,0.61328125,0.0006090998649597168,1.51454496383667,3.5747122764587402,1.592594861984253,6.045619487762451,0.0026999784765848744,0.3673462667759538,0.24210603651590645,11.375,0.688196200877428,marlin_nvfp4,4.661653292714618e-06,0.007506998213766484,0.08664293516361553,0.0283203125,0.002100109895764035,0.0011693984824934008,0.034196468860006594,0.59375,1.3401078392791559
44,model.layers.6.self_attn.k_proj,6,layers_00_07,k_proj,attention,4096,4096,16777216,1.793964429452899e-06,0.025414612144231796,0.01907103881239891,0.30859375,0.0006141066551208496,1.5335794687271118,3.275923013687134,1.625600814819336,2.4927000999450684,0.0026999784765848744,0.3673462667759538,0.24210603651590645,11.375,0.6846009343862534,dense_nvfp4,4.848916887567611e-06,0.007507196653770732,0.08664408031579961,0.02587890625,0.002239706678665243,0.0009406085133016021,0.030669341585720454,0.46875,1.5430895136400726
44,model.layers.6.self_attn.k_proj,6,layers_00_07,k_proj,attention,4096,4096,16777216,1.793964429452899e-06,0.025414612144231796,0.01907103881239891,0.30859375,0.0006141066551208496,1.5335794687271118,3.275923013687134,1.625600814819336,2.4927000999450684,0.0026999784765848744,0.3673462667759538,0.24210603651590645,11.375,0.6846009343862534,sparse_bf16,0.0001118854052037932,0.1732233731836648,0.41620112107449303,0.14453125,0.02134238999860827,0.00896315304058366,0.09467393010002098,1.6875,1.5430895136400726
44,model.layers.6.self_attn.k_proj,6,layers_00_07,k_proj,attention,4096,4096,16777216,1.793964429452899e-06,0.025414612144231796,0.01907103881239891,0.30859375,0.0006141066551208496,1.5335794687271118,3.275923013687134,1.625600814819336,2.4927000999450684,0.0026999784765848744,0.3673462667759538,0.24210603651590645,11.375,0.6846009343862534,sparse_nvfp4,0.0001852479763329029,0.28680487215811806,0.5355416623924959,0.16748046875,0.043379676615586504,0.018218141472528843,0.13497459565610428,2.4453125,1.5430895136400726
44,model.layers.6.self_attn.k_proj,6,layers_00_07,k_proj,attention,4096,4096,16777216,1.793964429452899e-06,0.025414612144231796,0.01907103881239891,0.30859375,0.0006141066551208496,1.5335794687271118,3.275923013687134,1.625600814819336,2.4927000999450684,0.0026999784765848744,0.3673462667759538,0.24210603651590645,11.375,0.6846009343862534,marlin_nvfp4,4.848916887567611e-06,0.007507196653770732,0.08664408031579961,0.02587890625,0.002239706678665243,0.0009406085133016021,0.030669341585720454,0.46875,1.5430895136400726
45,model.layers.6.self_attn.v_proj,6,layers_00_07,v_proj,attention,4096,4096,16777216,5.549399020310375e-07,0.01366395689547062,0.01076210755854845,0.287109375,2.5272369384765625e-05,0.86598801612854,1.1591311693191528,0.8723878860473633,1.3937815427780151,0.0026999784765848744,0.3673462667759538,0.24210603651590645,11.375,0.816480427980423,dense_nvfp4,1.4027269799044007e-06,0.007513117433758929,0.08667824083216577,0.0111083984375,0.0005676812879755744,0.005293929287709188,0.07275939312356301,0.16015625,0.32746374295894765
45,model.layers.6.self_attn.v_proj,6,layers_00_07,v_proj,attention,4096,4096,16777216,5.549399020310375e-07,0.01366395689547062,0.01076210755854845,0.287109375,2.5272369384765625e-05,0.86598801612854,1.1591311693191528,0.8723878860473633,1.3937815427780151,0.0026999784765848744,0.3673462667759538,0.24210603651590645,11.375,0.816480427980423,sparse_bf16,3.1778090487932786e-05,0.17020598382782098,0.41256027902334585,0.047607421875,0.005902170301851584,0.05504087043884365,0.23460790787789668,0.625,0.32746374295894765
45,model.layers.6.self_attn.v_proj,6,layers_00_07,v_proj,attention,4096,4096,16777216,5.549399020310375e-07,0.01366395689547062,0.01076210755854845,0.287109375,2.5272369384765625e-05,0.86598801612854,1.1591311693191528,0.8723878860473633,1.3937815427780151,0.0026999784765848744,0.3673462667759538,0.24210603651590645,11.375,0.816480427980423,sparse_nvfp4,5.208680158830248e-05,0.27898105810190377,0.528186575086781,0.054931640625,0.011329896879033186,0.10565730135043566,0.32504969058658656,0.8046875,0.32746374295894765
45,model.layers.6.self_attn.v_proj,6,layers_00_07,v_proj,attention,4096,4096,16777216,5.549399020310375e-07,0.01366395689547062,0.01076210755854845,0.287109375,2.5272369384765625e-05,0.86598801612854,1.1591311693191528,0.8723878860473633,1.3937815427780151,0.0026999784765848744,0.3673462667759538,0.24210603651590645,11.375,0.816480427980423,marlin_nvfp4,1.4027269799044007e-06,0.007513117433758929,0.08667824083216577,0.0111083984375,0.0005676812879755744,0.005293929287709188,0.07275939312356301,0.16015625,0.32746374295894765
46,model.layers.6.self_attn.o_proj,6,layers_00_07,o_proj,attention,4096,4096,16777216,-1.451849811928696e-06,0.013473409228026867,0.010615385137498379,0.60546875,0.00011169910430908203,0.8591681718826294,5.296794414520264,0.8553329110145569,1.1681511402130127,-0.0002934697958352217,0.0504690767474238,0.027522234711796045,2.84375,0.10680433735251427,dense_nvfp4,1.3671050282937358e-06,0.00753089998036848,0.08678075812280324,0.05859375,1.292478355452431e-05,0.005272874780826978,0.07261456314560447,0.15234375,0.04950942819235661
46,model.layers.6.self_attn.o_proj,6,layers_00_07,o_proj,attention,4096,4096,16777216,-1.451849811928696e-06,0.013473409228026867,0.010615385137498379,0.60546875,0.00011169910430908203,0.8591681718826294,5.296794414520264,0.8553329110145569,1.1681511402130127,-0.0002934697958352217,0.0504690767474238,0.027522234711796045,2.84375,0.10680433735251427,sparse_bf16,3.290936729172245e-05,0.18128611069516265,0.4257770668967067,0.279296875,0.00013169490642894743,0.05372707000803024,0.23179100501967334,0.49609375,0.04950942819235661
46,model.layers.6.self_attn.o_proj,6,layers_00_07,o_proj,attention,4096,4096,16777216,-1.451849811928696e-06,0.013473409228026867,0.010615385137498379,0.60546875,0.00011169910430908203,0.8591681718826294,5.296794414520264,0.8553329110145569,1.1681511402130127,-0.0002934697958352217,0.0504690767474238,0.027522234711796045,2.84375,0.10680433735251427,sparse_nvfp4,5.3556752391159534e-05,0.29502528129427913,0.5431622973792264,0.31640625,0.0002588894886912385,0.10561815988503524,0.32498947657583505,0.7841796875,0.04950942819235661
46,model.layers.6.self_attn.o_proj,6,layers_00_07,o_proj,attention,4096,4096,16777216,-1.451849811928696e-06,0.013473409228026867,0.010615385137498379,0.60546875,0.00011169910430908203,0.8591681718826294,5.296794414520264,0.8553329110145569,1.1681511402130127,-0.0002934697958352217,0.0504690767474238,0.027522234711796045,2.84375,0.10680433735251427,marlin_nvfp4,1.3671050282937358e-06,0.00753089998036848,0.08678075812280324,0.05859375,1.292478355452431e-05,0.005272874780826978,0.07261456314560447,0.15234375,0.04950942819235661
47,model.layers.6.mlp.gate_proj,6,layers_00_07,gate_proj,mlp,4096,11008,45088768,-1.2534751476778183e-05,0.019844671711325645,0.01568254455924034,0.41796875,8.265916403615847e-05,1.2587867975234985,2.9167091846466064,2.081918954849243,2.450859308242798,0.0007457259335978961,0.1857228697945337,0.1446988577954471,5.8125,0.596462469547987,dense_nvfp4,2.9280010155986907e-06,0.007435039448677671,0.0862266748093516,0.0230712890625,0.00040535262493459983,0.002803667933692922,0.05294967359382796,0.2109375,0.38023597808541076
47,model.layers.6.mlp.gate_proj,6,layers_00_07,gate_proj,mlp,4096,11008,45088768,-1.2534751476778183e-05,0.019844671711325645,0.01568254455924034,0.41796875,8.265916403615847e-05,1.2587867975234985,2.9167091846466064,2.081918954849243,2.450859308242798,0.0007457259335978961,0.1857228697945337,0.1446988577954471,5.8125,0.596462469547987,sparse_bf16,6.77044005241505e-05,0.17192100892875017,0.41463358393737254,0.1435546875,0.005053335841376941,0.034951977081523866,0.18695447863456993,0.90625,0.38023597808541076
47,model.layers.6.mlp.gate_proj,6,layers_00_07,gate_proj,mlp,4096,11008,45088768,-1.2534751476778183e-05,0.019844671711325645,0.01568254455924034,0.41796875,8.265916403615847e-05,1.2587867975234985,2.9167091846466064,2.081918954849243,2.450859308242798,0.0007457259335978961,0.1857228697945337,0.1446988577954471,5.8125,0.596462469547987,sparse_nvfp4,0.00011175952115377714,0.28378967224290985,0.532719130727356,0.1435546875,0.009965095035515206,0.06892472304030152,0.26253518438544865,1.34375,0.38023597808541076
47,model.layers.6.mlp.gate_proj,6,layers_00_07,gate_proj,mlp,4096,11008,45088768,-1.2534751476778183e-05,0.019844671711325645,0.01568254455924034,0.41796875,8.265916403615847e-05,1.2587867975234985,2.9167091846466064,2.081918954849243,2.450859308242798,0.0007457259335978961,0.1857228697945337,0.1446988577954471,5.8125,0.596462469547987,marlin_nvfp4,2.9280010155986907e-06,0.007435039448677671,0.0862266748093516,0.0230712890625,0.00040535262493459983,0.002803667933692922,0.05294967359382796,0.2109375,0.38023597808541076
48,model.layers.6.mlp.up_proj,6,layers_00_07,up_proj,mlp,4096,11008,45088768,1.712112521090603e-06,0.017401384189724922,0.013848676346242428,0.56640625,1.6012856576708145e-05,1.112540602684021,1.3282928466796875,1.825135350227356,1.8860334157943726,0.0007457259335978961,0.1857228697945337,0.1446988577954471,5.8125,0.6387961767613888,dense_nvfp4,2.2517210603583345e-06,0.0074361300800104375,0.08623299878822746,0.017333984375,0.00030661883376820317,0.005443041515938971,0.07377697144732204,0.1165771484375,0.23734418197375967
48,model.layers.6.mlp.up_proj,6,layers_00_07,up_proj,mlp,4096,11008,45088768,1.712112521090603e-06,0.017401384189724922,0.013848676346242428,0.56640625,1.6012856576708145e-05,1.112540602684021,1.3282928466796875,1.825135350227356,1.8860334157943726,0.0007457259335978961,0.1857228697945337,0.1446988577954471,5.8125,0.6387961767613888,sparse_bf16,5.144575004314267e-05,0.16989550620609822,0.41218382574538054,0.07177734375,0.0037839482727915394,0.06717195838837532,0.25917553586011033,0.65625,0.23734418197375967
48,model.layers.6.mlp.up_proj,6,layers_00_07,up_proj,mlp,4096,11008,45088768,1.712112521090603e-06,0.017401384189724922,0.013848676346242428,0.56640625,1.6012856576708145e-05,1.112540602684021,1.3282928466796875,1.825135350227356,1.8860334157943726,0.0007457259335978961,0.1857228697945337,0.1446988577954471,5.8125,0.6387961767613888,sparse_nvfp4,8.468782031085602e-05,0.2796748048019137,0.5288428923621019,0.09228515625,0.007183384648415931,0.1275181318308871,0.3570968101662168,0.90625,0.23734418197375967
48,model.layers.6.mlp.up_proj,6,layers_00_07,up_proj,mlp,4096,11008,45088768,1.712112521090603e-06,0.017401384189724922,0.013848676346242428,0.56640625,1.6012856576708145e-05,1.112540602684021,1.3282928466796875,1.825135350227356,1.8860334157943726,0.0007457259335978961,0.1857228697945337,0.1446988577954471,5.8125,0.6387961767613888,marlin_nvfp4,2.2517210603583345e-06,0.0074361300800104375,0.08623299878822746,0.017333984375,0.00030661883376820317,0.005443041515938971,0.07377697144732204,0.1165771484375,0.23734418197375967
49,model.layers.6.mlp.down_proj,6,layers_00_07,down_proj,mlp,11008,4096,45088768,2.7205314836464822e-06,0.0173355620354414,0.013793673366308212,0.921875,2.355353717575781e-05,1.816675066947937,5.504698276519775,1.108426809310913,1.3655931949615479,5.25141034533463e-06,0.039274776627284236,0.02238144074718273,14.4375,0.03313682245653729,dense_nvfp4,2.2728169380232344e-06,0.007562903962550011,0.08696495824497366,0.036865234375,3.5894651801982036e-05,0.0063291285792758485,0.07955582052418195,0.1015625,0.07530831197534577
49,model.layers.6.mlp.down_proj,6,layers_00_07,down_proj,mlp,11008,4096,45088768,2.7205314836464822e-06,0.0173355620354414,0.013793673366308212,0.921875,2.355353717575781e-05,1.816675066947937,5.504698276519775,1.108426809310913,1.3655931949615479,5.25141034533463e-06,0.039274776627284236,0.02238144074718273,14.4375,0.03313682245653729,sparse_bf16,5.152902760824492e-05,0.17146523354568582,0.4140836069511637,0.1494140625,0.0004412697073803429,0.07780693156063441,0.2789389387673123,0.3125,0.07530831197534577
49,model.layers.6.mlp.down_proj,6,layers_00_07,down_proj,mlp,11008,4096,45088768,2.7205314836464822e-06,0.0173355620354414,0.013793673366308212,0.921875,2.355353717575781e-05,1.816675066947937,5.504698276519775,1.108426809310913,1.3655931949615479,5.25141034533463e-06,0.039274776627284236,0.02238144074718273,14.4375,0.03313682245653729,sparse_nvfp4,8.657673742015694e-05,0.2880881163570698,0.5367384058897499,0.1396484375,0.0008722896213839704,0.15380656713327265,0.39218180367435795,0.42578125,0.07530831197534577
49,model.layers.6.mlp.down_proj,6,layers_00_07,down_proj,mlp,11008,4096,45088768,2.7205314836464822e-06,0.0173355620354414,0.013793673366308212,0.921875,2.355353717575781e-05,1.816675066947937,5.504698276519775,1.108426809310913,1.3655931949615479,5.25141034533463e-06,0.039274776627284236,0.02238144074718273,14.4375,0.03313682245653729,marlin_nvfp4,2.2728169380232344e-06,0.007562903962550011,0.08696495824497366,0.036865234375,3.5894651801982036e-05,0.0063291285792758485,0.07955582052418195,0.1015625,0.07530831197534577
50,model.layers.7.self_attn.q_proj,7,layers_00_07,q_proj,attention,4096,4096,16777216,-7.238688340294175e-06,0.024873513728380203,0.018755009397864342,0.7578125,0.0006719827651977539,1.509269118309021,3.598220109939575,1.5903233289718628,5.223045349121094,0.0030951009002819774,0.38215204701178745,0.2533555282279849,13.375,0.7028545364737511,dense_nvfp4,4.639598955691326e-06,0.0074990472449827095,0.08659703947008067,0.029296875,0.0022432669866248034,0.0012356160658536955,0.035151330925779975,0.5390625,1.34740672081922
50,model.layers.7.self_attn.q_proj,7,layers_00_07,q_proj,attention,4096,4096,16777216,-7.238688340294175e-06,0.024873513728380203,0.018755009397864342,0.7578125,0.0006719827651977539,1.509269118309021,3.598220109939575,1.5903233289718628,5.223045349121094,0.0030951009002819774,0.38215204701178745,0.2533555282279849,13.375,0.7028545364737511,sparse_bf16,0.00010793846740853041,0.17446242107944984,0.4176869893585983,0.146484375,0.022636601934209466,0.01246848867879416,0.11166238703697033,1.927734375,1.34740672081922
50,model.layers.7.self_attn.q_proj,7,layers_00_07,q_proj,attention,4096,4096,16777216,-7.238688340294175e-06,0.024873513728380203,0.018755009397864342,0.7578125,0.0006719827651977539,1.509269118309021,3.598220109939575,1.5903233289718628,5.223045349121094,0.0030951009002819774,0.38215204701178745,0.2533555282279849,13.375,0.7028545364737511,sparse_nvfp4,0.00018148926028516144,0.2933435735142314,0.5416120138200697,0.1741790771484375,0.04712753390776925,0.025958362686074675,0.16111599140394064,2.6875,1.34740672081922
50,model.layers.7.self_attn.q_proj,7,layers_00_07,q_proj,attention,4096,4096,16777216,-7.238688340294175e-06,0.024873513728380203,0.018755009397864342,0.7578125,0.0006719827651977539,1.509269118309021,3.598220109939575,1.5903233289718628,5.223045349121094,0.0030951009002819774,0.38215204701178745,0.2533555282279849,13.375,0.7028545364737511,marlin_nvfp4,4.639598955691326e-06,0.0074990472449827095,0.08659703947008067,0.029296875,0.0022432669866248034,0.0012356160658536955,0.035151330925779975,0.5390625,1.34740672081922
51,model.layers.7.self_attn.k_proj,7,layers_00_07,k_proj,attention,4096,4096,16777216,-9.963170668925159e-06,0.024992065504193306,0.018807975575327873,0.31640625,0.0005101561546325684,1.5123060941696167,3.1828112602233887,1.5987462997436523,2.321805000305176,0.0030951009002819774,0.38215204701178745,0.2533555282279849,13.375,0.7014714851975441,dense_nvfp4,4.685442036134191e-06,0.007501466482880836,0.08661100670746667,0.025390625,0.0023536391945526702,0.0009895773116825586,0.03145754776969366,0.484375,1.5422155545822216
51,model.layers.7.self_attn.k_proj,7,layers_00_07,k_proj,attention,4096,4096,16777216,-9.963170668925159e-06,0.024992065504193306,0.018807975575327873,0.31640625,0.0005101561546325684,1.5123060941696167,3.1828112602233887,1.5987462997436523,2.321805000305176,0.0030951009002819774,0.38215204701178745,0.2533555282279849,13.375,0.7014714851975441,sparse_bf16,0.00010897985339397565,0.1744784614214705,0.4177061903078173,0.12109375,0.022929605096578598,0.009640652238427519,0.0981868231405188,1.71875,1.5422155545822216
51,model.layers.7.self_attn.k_proj,7,layers_00_07,k_proj,attention,4096,4096,16777216,-9.963170668925159e-06,0.024992065504193306,0.018807975575327873,0.31640625,0.0005101561546325684,1.5123060941696167,3.1828112602233887,1.5987462997436523,2.321805000305176,0.0030951009002819774,0.38215204701178745,0.2533555282279849,13.375,0.7014714851975441,sparse_nvfp4,0.00018303128308616579,0.2930359664682498,0.5413279657178722,0.144775390625,0.047966739453841,0.020167405942579562,0.14201199224917438,2.5,1.5422155545822216
51,model.layers.7.self_attn.k_proj,7,layers_00_07,k_proj,attention,4096,4096,16777216,-9.963170668925159e-06,0.024992065504193306,0.018807975575327873,0.31640625,0.0005101561546325684,1.5123060941696167,3.1828112602233887,1.5987462997436523,2.321805000305176,0.0030951009002819774,0.38215204701178745,0.2533555282279849,13.375,0.7014714851975441,marlin_nvfp4,4.685442036134191e-06,0.007501466482880836,0.08661100670746667,0.025390625,0.0023536391945526702,0.0009895773116825586,0.03145754776969366,0.484375,1.5422155545822216
52,model.layers.7.self_attn.v_proj,7,layers_00_07,v_proj,attention,4096,4096,16777216,2.137871433660621e-06,0.013838467188179493,0.010879161767661572,0.2255859375,3.147125244140625e-05,0.8754448890686035,1.1099514961242676,0.8833277821540833,1.6599562168121338,0.0030951009002819774,0.38215204701178745,0.2533555282279849,13.375,0.8232721276581287,dense_nvfp4,1.4390819842446945e-06,0.007514663827266539,0.08668716068292086,0.010498046875,0.0006367028363456484,0.0054520487620133605,0.0738379899646067,0.16845703125,0.341734264804149
52,model.layers.7.self_attn.v_proj,7,layers_00_07,v_proj,attention,4096,4096,16777216,2.137871433660621e-06,0.013838467188179493,0.010879161767661572,0.2255859375,3.147125244140625e-05,0.8754448890686035,1.1099514961242676,0.8833277821540833,1.6599562168121338,0.0030951009002819774,0.38215204701178745,0.2533555282279849,13.375,0.8232721276581287,sparse_bf16,3.2776672014733776e-05,0.17115471826059547,0.4137084943055865,0.0537109375,0.006701782916934462,0.05738697107942379,0.23955577863917996,0.669921875,0.341734264804149
52,model.layers.7.self_attn.v_proj,7,layers_00_07,v_proj,attention,4096,4096,16777216,2.137871433660621e-06,0.013838467188179493,0.010879161767661572,0.2255859375,3.147125244140625e-05,0.8754448890686035,1.1099514961242676,0.8833277821540833,1.6599562168121338,0.0030951009002819774,0.38215204701178745,0.2533555282279849,13.375,0.8232721276581287,sparse_nvfp4,5.433593105408363e-05,0.28373383871334934,0.5326667238652601,0.05908203125,0.013248724761069752,0.11344804720271885,0.3368204970050351,0.95703125,0.341734264804149
52,model.layers.7.self_attn.v_proj,7,layers_00_07,v_proj,attention,4096,4096,16777216,2.137871433660621e-06,0.013838467188179493,0.010879161767661572,0.2255859375,3.147125244140625e-05,0.8754448890686035,1.1099514961242676,0.8833277821540833,1.6599562168121338,0.0030951009002819774,0.38215204701178745,0.2533555282279849,13.375,0.8232721276581287,marlin_nvfp4,1.4390819842446945e-06,0.007514663827266539,0.08668716068292086,0.010498046875,0.0006367028363456484,0.0054520487620133605,0.0738379899646067,0.16845703125,0.341734264804149
53,model.layers.7.self_attn.o_proj,7,layers_00_07,o_proj,attention,4096,4096,16777216,-5.52993105884525e-06,0.01357907336205244,0.010682080872356892,0.55859375,0.0001004934310913086,0.8663402199745178,5.014594554901123,0.8603063225746155,1.3387304544448853,-0.00026189196034920315,0.05949731129807119,0.032485994379385374,3.8125,0.14230844005942345,dense_nvfp4,1.3862063497072086e-06,0.007517744273640742,0.08670492646695885,0.0498046875,1.816239199570191e-05,0.0060270477821955755,0.07763406328536189,0.2841796875,0.054895178942627035
53,model.layers.7.self_attn.o_proj,7,layers_00_07,o_proj,attention,4096,4096,16777216,-5.52993105884525e-06,0.01357907336205244,0.010682080872356892,0.55859375,0.0001004934310913086,0.8663402199745178,5.014594554901123,0.8603063225746155,1.3387304544448853,-0.00026189196034920315,0.05949731129807119,0.032485994379385374,3.8125,0.14230844005942345,sparse_bf16,3.300269600003958e-05,0.17898188745233212,0.4230625101002594,0.2275390625,0.0001877580714335636,0.06230604802994974,0.24961179465311678,0.6787109375,0.054895178942627035
53,model.layers.7.self_attn.o_proj,7,layers_00_07,o_proj,attention,4096,4096,16777216,-5.52993105884525e-06,0.01357907336205244,0.010682080872356892,0.55859375,0.0001004934310913086,0.8663402199745178,5.014594554901123,0.8603063225746155,1.3387304544448853,-0.00026189196034920315,0.05949731129807119,0.032485994379385374,3.8125,0.14230844005942345,sparse_nvfp4,5.410893209045753e-05,0.2934462927988834,0.541706832889233,0.369140625,0.00037985695666975516,0.12605256118190786,0.35503881644393176,1.0234375,0.054895178942627035
53,model.layers.7.self_attn.o_proj,7,layers_00_07,o_proj,attention,4096,4096,16777216,-5.52993105884525e-06,0.01357907336205244,0.010682080872356892,0.55859375,0.0001004934310913086,0.8663402199745178,5.014594554901123,0.8603063225746155,1.3387304544448853,-0.00026189196034920315,0.05949731129807119,0.032485994379385374,3.8125,0.14230844005942345,marlin_nvfp4,1.3862063497072086e-06,0.007517744273640742,0.08670492646695885,0.0498046875,1.816239199570191e-05,0.0060270477821955755,0.07763406328536189,0.2841796875,0.054895178942627035
54,model.layers.7.mlp.gate_proj,7,layers_00_07,gate_proj,mlp,4096,11008,45088768,6.70476583763957e-06,0.019833697006106377,0.01565612107515335,0.455078125,9.20850143302232e-05,1.256595253944397,3.466273546218872,2.0807623863220215,2.4921658039093018,0.001081198538543049,0.20136591460148653,0.15578783943783492,6.84375,0.6218192242085934,dense_nvfp4,2.927500835814795e-06,0.007442000212856136,0.08626702853846385,0.02197265625,0.00047328218081316284,0.002757298661836292,0.052509986305809414,0.28125,0.41430308933578536
54,model.layers.7.mlp.gate_proj,7,layers_00_07,gate_proj,mlp,4096,11008,45088768,6.70476583763957e-06,0.019833697006106377,0.01565612107515335,0.455078125,9.20850143302232e-05,1.256595253944397,3.466273546218872,2.0807623863220215,2.4921658039093018,0.001081198538543049,0.20136591460148653,0.15578783943783492,6.84375,0.6218192242085934,sparse_bf16,6.80095007166613e-05,0.17288695962703818,0.41579677683579774,0.11328125,0.005838964212967386,0.034017271014225366,0.18443771581275173,1.25,0.41430308933578536
54,model.layers.7.mlp.gate_proj,7,layers_00_07,gate_proj,mlp,4096,11008,45088768,6.70476583763957e-06,0.019833697006106377,0.01565612107515335,0.455078125,9.20850143302232e-05,1.256595253944397,3.466273546218872,2.0807623863220215,2.4921658039093018,0.001081198538543049,0.20136591460148653,0.15578783943783492,6.84375,0.6218192242085934,sparse_nvfp4,0.00011314973668303601,0.28763795869093367,0.5363188964514803,0.140625,0.011823460990346448,0.06888240142686812,0.2624545702152434,1.671875,0.41430308933578536
54,model.layers.7.mlp.gate_proj,7,layers_00_07,gate_proj,mlp,4096,11008,45088768,6.70476583763957e-06,0.019833697006106377,0.01565612107515335,0.455078125,9.20850143302232e-05,1.256595253944397,3.466273546218872,2.0807623863220215,2.4921658039093018,0.001081198538543049,0.20136591460148653,0.15578783943783492,6.84375,0.6218192242085934,marlin_nvfp4,2.927500835814795e-06,0.007442000212856136,0.08626702853846385,0.02197265625,0.00047328218081316284,0.002757298661836292,0.052509986305809414,0.28125,0.41430308933578536
55,model.layers.7.mlp.up_proj,7,layers_00_07,up_proj,mlp,4096,11008,45088768,6.290984401857713e-06,0.017462708055973053,0.013897416181862354,0.35546875,1.4815219401498325e-05,1.1163508892059326,1.4698667526245117,1.8315515518188477,1.8739361763000488,0.001081198538543049,0.20136591460148653,0.15578783943783492,6.84375,0.6619194932281971,dense_nvfp4,2.269773218824073e-06,0.007443192350798742,0.08627393784219393,0.01300048828125,0.0003589800957300657,0.005344004965810258,0.07310270149461139,0.1240234375,0.2591801626102448
55,model.layers.7.mlp.up_proj,7,layers_00_07,up_proj,mlp,4096,11008,45088768,6.290984401857713e-06,0.017462708055973053,0.013897416181862354,0.35546875,1.4815219401498325e-05,1.1163508892059326,1.4698667526245117,1.8315515518188477,1.8739361763000488,0.001081198538543049,0.20136591460148653,0.15578783943783492,6.84375,0.6619194932281971,sparse_bf16,5.2165023462716924e-05,0.17106303854359914,0.4135976771496657,0.07275390625,0.00444547533934806,0.06617816021400481,0.2572511617349955,0.53125,0.2591801626102448
55,model.layers.7.mlp.up_proj,7,layers_00_07,up_proj,mlp,4096,11008,45088768,6.290984401857713e-06,0.017462708055973053,0.013897416181862354,0.35546875,1.4815219401498325e-05,1.1163508892059326,1.4698667526245117,1.8315515518188477,1.8739361763000488,0.001081198538543049,0.20136591460148653,0.15578783943783492,6.84375,0.6619194932281971,sparse_nvfp4,8.661400656713996e-05,0.2840304510626692,0.5329450732136185,0.0908203125,0.008717355442904803,0.12977207184948292,0.3602389094052486,0.84375,0.2591801626102448
55,model.layers.7.mlp.up_proj,7,layers_00_07,up_proj,mlp,4096,11008,45088768,6.290984401857713e-06,0.017462708055973053,0.013897416181862354,0.35546875,1.4815219401498325e-05,1.1163508892059326,1.4698667526245117,1.8315515518188477,1.8739361763000488,0.001081198538543049,0.20136591460148653,0.15578783943783492,6.84375,0.6619194932281971,marlin_nvfp4,2.269773218824073e-06,0.007443192350798742,0.08627393784219393,0.01300048828125,0.0003589800957300657,0.005344004965810258,0.07310270149461139,0.1240234375,0.2591801626102448
56,model.layers.7.mlp.down_proj,7,layers_00_07,down_proj,mlp,11008,4096,45088768,2.345961320315837e-06,0.017364216968417168,0.01381526980549097,0.9453125,3.0007473469595425e-05,1.8194743394851685,5.854832649230957,1.1102429628372192,1.3838618993759155,3.3207885104238175e-05,0.04550906083447058,0.02621003281498371,16.75,0.048794011737025064,dense_nvfp4,2.2745990400137597e-06,0.0075438743322625975,0.08685547957534169,0.038818359375,4.859525330402903e-05,0.006463350360624519,0.08039496477158578,0.1171875,0.08670977831194662
56,model.layers.7.mlp.down_proj,7,layers_00_07,down_proj,mlp,11008,4096,45088768,2.345961320315837e-06,0.017364216968417168,0.01381526980549097,0.9453125,3.0007473469595425e-05,1.8194743394851685,5.854832649230957,1.1102429628372192,1.3838618993759155,3.3207885104238175e-05,0.04550906083447058,0.02621003281498371,16.75,0.048794011737025064,sparse_bf16,5.229604213910047e-05,0.17344365447797636,0.41646567022742265,0.12109375,0.0006036550184944645,0.08028837419714639,0.28335203227989453,0.3203125,0.08670977831194662
56,model.layers.7.mlp.down_proj,7,layers_00_07,down_proj,mlp,11008,4096,45088768,2.345961320315837e-06,0.017364216968417168,0.01381526980549097,0.9453125,3.0007473469595425e-05,1.8194743394851685,5.854832649230957,1.1102429628372192,1.3838618993759155,3.3207885104238175e-05,0.04550906083447058,0.02621003281498371,16.75,0.048794011737025064,sparse_nvfp4,8.736089478398478e-05,0.28973880680104813,0.5382739142862565,0.2314453125,0.00119705113593227,0.15921227620131276,0.3990141303278779,0.640625,0.08670977831194662
56,model.layers.7.mlp.down_proj,7,layers_00_07,down_proj,mlp,11008,4096,45088768,2.345961320315837e-06,0.017364216968417168,0.01381526980549097,0.9453125,3.0007473469595425e-05,1.8194743394851685,5.854832649230957,1.1102429628372192,1.3838618993759155,3.3207885104238175e-05,0.04550906083447058,0.02621003281498371,16.75,0.048794011737025064,marlin_nvfp4,2.2745990400137597e-06,0.0075438743322625975,0.08685547957534169,0.038818359375,4.859525330402903e-05,0.006463350360624519,0.08039496477158578,0.1171875,0.08670977831194662
57,model.layers.8.self_attn.q_proj,8,layers_08_15,q_proj,attention,4096,4096,16777216,8.694922144059092e-06,0.025118358433246613,0.018999198451638222,0.55859375,0.0008044838905334473,1.5281161069869995,4.3826212882995605,1.6064140796661377,4.483963489532471,0.0038268464650172973,0.38550009985464806,0.24931193445809186,19.75,0.6946975588798523,dense_nvfp4,4.731503850052832e-06,0.007499229628282341,0.08659809252103848,0.029296875,0.0022514605825563194,0.0013109546688855151,0.03620710798842563,0.609375,1.3105039571764332
57,model.layers.8.self_attn.q_proj,8,layers_08_15,q_proj,attention,4096,4096,16777216,8.694922144059092e-06,0.025118358433246613,0.018999198451638222,0.55859375,0.0008044838905334473,1.5281161069869995,4.3826212882995605,1.6064140796661377,4.483963489532471,0.0038268464650172973,0.38550009985464806,0.24931193445809186,19.75,0.6946975588798523,sparse_bf16,0.00011000028462149203,0.1743457090378934,0.41754725365866485,0.1533203125,0.022441417357185856,0.013066931346143304,0.11431067905556026,2.140625,1.3105039571764332
57,model.layers.8.self_attn.q_proj,8,layers_08_15,q_proj,attention,4096,4096,16777216,8.694922144059092e-06,0.025118358433246613,0.018999198451638222,0.55859375,0.0008044838905334473,1.5281161069869995,4.3826212882995605,1.6064140796661377,4.483963489532471,0.0038268464650172973,0.38550009985464806,0.24931193445809186,19.75,0.6946975588798523,sparse_nvfp4,0.00018438056576997042,0.29223524814128254,0.5405878727286458,0.173828125,0.04702108199126087,0.027378896814841343,0.16546569679193734,3.15625,1.3105039571764332
57,model.layers.8.self_attn.q_proj,8,layers_08_15,q_proj,attention,4096,4096,16777216,8.694922144059092e-06,0.025118358433246613,0.018999198451638222,0.55859375,0.0008044838905334473,1.5281161069869995,4.3826212882995605,1.6064140796661377,4.483963489532471,0.0038268464650172973,0.38550009985464806,0.24931193445809186,19.75,0.6946975588798523,marlin_nvfp4,4.731503850052832e-06,0.007499229628282341,0.08659809252103848,0.029296875,0.0022514605825563194,0.0013109546688855151,0.03620710798842563,0.609375,1.3105039571764332
58,model.layers.8.self_attn.k_proj,8,layers_08_15,k_proj,attention,4096,4096,16777216,2.7812343432742637e-06,0.025263942778110504,0.019097857177257538,0.30859375,0.00047069787979125977,1.53544020652771,3.1401920318603516,1.6159850358963013,2.324723243713379,0.0038268464650172973,0.38550009985464806,0.24931193445809186,19.75,0.6933129131793976,dense_nvfp4,4.780813469551504e-06,0.007490305818150645,0.08654655289582969,0.0244140625,0.0023796411296643782,0.0009678097387019178,0.031109640607083808,0.46875,1.5680530060024918
58,model.layers.8.self_attn.k_proj,8,layers_08_15,k_proj,attention,4096,4096,16777216,2.7812343432742637e-06,0.025263942778110504,0.019097857177257538,0.30859375,0.00047069787979125977,1.53544020652771,3.1401920318603516,1.6159850358963013,2.324723243713379,0.0038268464650172973,0.38550009985464806,0.24931193445809186,19.75,0.6933129131793976,sparse_bf16,0.00011107260070275515,0.17402221454145517,0.4171596990859198,0.111328125,0.02275126079621259,0.009253030422039819,0.0961926734322309,1.583984375,1.5680530060024918
58,model.layers.8.self_attn.k_proj,8,layers_08_15,k_proj,attention,4096,4096,16777216,2.7812343432742637e-06,0.025263942778110504,0.019097857177257538,0.30859375,0.00047069787979125977,1.53544020652771,3.1401920318603516,1.6159850358963013,2.324723243713379,0.0038268464650172973,0.38550009985464806,0.24931193445809186,19.75,0.6933129131793976,sparse_nvfp4,0.00018612747953739017,0.29161391712432083,0.5400128860724722,0.1416015625,0.04820762187591754,0.01960623614610027,0.14002227017906926,2.6328125,1.5680530060024918
58,model.layers.8.self_attn.k_proj,8,layers_08_15,k_proj,attention,4096,4096,16777216,2.7812343432742637e-06,0.025263942778110504,0.019097857177257538,0.30859375,0.00047069787979125977,1.53544020652771,3.1401920318603516,1.6159850358963013,2.324723243713379,0.0038268464650172973,0.38550009985464806,0.24931193445809186,19.75,0.6933129131793976,marlin_nvfp4,4.780813469551504e-06,0.007490305818150645,0.08654655289582969,0.0244140625,0.0023796411296643782,0.0009678097387019178,0.031109640607083808,0.46875,1.5680530060024918
59,model.layers.8.self_attn.v_proj,8,layers_08_15,v_proj,attention,4096,4096,16777216,2.5467647901677992e-06,0.014217041432857513,0.01122952625155449,0.2080078125,2.008676528930664e-05,0.9034321308135986,1.3553608655929565,0.9077398180961609,1.4600601196289062,0.0038268464650172973,0.38550009985464806,0.24931193445809186,19.75,0.8151961714029312,dense_nvfp4,1.5171391396506806e-06,0.007505971638513666,0.08663701078934836,0.010498046875,0.0006574007052222441,0.005173610439638505,0.07192781408911648,0.17529296875,0.356466088522332
59,model.layers.8.self_attn.v_proj,8,layers_08_15,v_proj,attention,4096,4096,16777216,2.5467647901677992e-06,0.014217041432857513,0.01122952625155449,0.2080078125,2.008676528930664e-05,0.9034321308135986,1.3553608655929565,0.9077398180961609,1.4600601196289062,0.0038268464650172973,0.38550009985464806,0.24931193445809186,19.75,0.8151961714029312,sparse_bf16,3.4728353057289496e-05,0.1718168270052826,0.41450793358545335,0.051025390625,0.006964178697671741,0.05480667624413659,0.2341082575308624,0.671875,0.356466088522332
59,model.layers.8.self_attn.v_proj,8,layers_08_15,v_proj,attention,4096,4096,16777216,2.5467647901677992e-06,0.014217041432857513,0.01122952625155449,0.2080078125,2.008676528930664e-05,0.9034321308135986,1.3553608655929565,0.9077398180961609,1.4600601196289062,0.0038268464650172973,0.38550009985464806,0.24931193445809186,19.75,0.8151961714029312,sparse_nvfp4,5.763343142461963e-05,0.2851385811607376,0.5339836899763303,0.060546875,0.014058212109375745,0.11063528279473135,0.33261882507568835,1.1875,0.356466088522332
59,model.layers.8.self_attn.v_proj,8,layers_08_15,v_proj,attention,4096,4096,16777216,2.5467647901677992e-06,0.014217041432857513,0.01122952625155449,0.2080078125,2.008676528930664e-05,0.9034321308135986,1.3553608655929565,0.9077398180961609,1.4600601196289062,0.0038268464650172973,0.38550009985464806,0.24931193445809186,19.75,0.8151961714029312,marlin_nvfp4,1.5171391396506806e-06,0.007505971638513666,0.08663701078934836,0.010498046875,0.0006574007052222441,0.005173610439638505,0.07192781408911648,0.17529296875,0.356466088522332
60,model.layers.8.self_attn.o_proj,8,layers_08_15,o_proj,attention,4096,4096,16777216,-8.223460667977633e-07,0.013988330960273743,0.011066923849284649,0.75390625,6.556510925292969e-05,0.893008291721344,4.566910266876221,0.8903589844703674,1.1919001340866089,0.00016757396216604548,0.07425492659797041,0.0424600274709519,2.890625,0.1934647001326084,dense_nvfp4,1.4707275113323703e-06,0.007516236105940442,0.0866962289026486,0.06640625,2.9460054861374374e-05,0.006763520429436268,0.08224062517658938,0.25,0.06599793885581774
60,model.layers.8.self_attn.o_proj,8,layers_08_15,o_proj,attention,4096,4096,16777216,-8.223460667977633e-07,0.013988330960273743,0.011066923849284649,0.75390625,6.556510925292969e-05,0.893008291721344,4.566910266876221,0.8903589844703674,1.1919001340866089,0.00016757396216604548,0.07425492659797041,0.0424600274709519,2.890625,0.1934647001326084,sparse_bf16,3.622538861236535e-05,0.18513189679393427,0.43026956294157537,0.51953125,0.00029592824375868076,0.06794002019776477,0.26065306481559886,0.921875,0.06599793885581774
60,model.layers.8.self_attn.o_proj,8,layers_08_15,o_proj,attention,4096,4096,16777216,-8.223460667977633e-07,0.013988330960273743,0.011066923849284649,0.75390625,6.556510925292969e-05,0.893008291721344,4.566910266876221,0.8903589844703674,1.1919001340866089,0.00016757396216604548,0.07425492659797041,0.0424600274709519,2.890625,0.1934647001326084,sparse_nvfp4,5.89999690419063e-05,0.30152267782113124,0.5491108065055096,0.431640625,0.0005947928912064526,0.13655418803149608,0.3695323910450829,0.796875,0.06599793885581774
60,model.layers.8.self_attn.o_proj,8,layers_08_15,o_proj,attention,4096,4096,16777216,-8.223460667977633e-07,0.013988330960273743,0.011066923849284649,0.75390625,6.556510925292969e-05,0.893008291721344,4.566910266876221,0.8903589844703674,1.1919001340866089,0.00016757396216604548,0.07425492659797041,0.0424600274709519,2.890625,0.1934647001326084,marlin_nvfp4,1.4707275113323703e-06,0.007516236105940442,0.0866962289026486,0.06640625,2.9460054861374374e-05,0.006763520429436268,0.08224062517658938,0.25,0.06599793885581774
61,model.layers.8.mlp.gate_proj,8,layers_08_15,gate_proj,mlp,4096,11008,45088768,-7.647521670151036e-06,0.019518407061696053,0.015400304459035397,0.390625,0.00010284157906426117,1.2360255718231201,3.2555928230285645,2.0476880073547363,2.514118194580078,0.001392788729191352,0.20929852719097664,0.16098367993254215,9.0625,0.6376983523368835,dense_nvfp4,2.8369166863930606e-06,0.007446595417230635,0.08629365803597988,0.025390625,0.0004916331324006192,0.002755586606057681,0.05249368158224074,0.265625,0.4223899137559106
61,model.layers.8.mlp.gate_proj,8,layers_08_15,gate_proj,mlp,4096,11008,45088768,-7.647521670151036e-06,0.019518407061696053,0.015400304459035397,0.390625,0.00010284157906426117,1.2360255718231201,3.2555928230285645,2.0476880073547363,2.514118194580078,0.001392788729191352,0.20929852719097664,0.16098367993254215,9.0625,0.6376983523368835,sparse_bf16,6.581845606655575e-05,0.17276623443516323,0.4156515781699418,0.1171875,0.006077600651160749,0.0340647402454947,0.18456635729594573,1.125,0.4223899137559106
61,model.layers.8.mlp.gate_proj,8,layers_08_15,gate_proj,mlp,4096,11008,45088768,-7.647521670151036e-06,0.019518407061696053,0.015400304459035397,0.390625,0.00010284157906426117,1.2360255718231201,3.2555928230285645,2.0476880073547363,2.514118194580078,0.001392788729191352,0.20929852719097664,0.16098367993254215,9.0625,0.6376983523368835,sparse_nvfp4,0.00010931795073110003,0.2869476410215827,0.5356749396990518,0.12060546875,0.0124526496944126,0.06979666838216621,0.26419059101748155,1.84375,0.4223899137559106
61,model.layers.8.mlp.gate_proj,8,layers_08_15,gate_proj,mlp,4096,11008,45088768,-7.647521670151036e-06,0.019518407061696053,0.015400304459035397,0.390625,0.00010284157906426117,1.2360255718231201,3.2555928230285645,2.0476880073547363,2.514118194580078,0.001392788729191352,0.20929852719097664,0.16098367993254215,9.0625,0.6376983523368835,marlin_nvfp4,2.8369166863930606e-06,0.007446595417230635,0.08629365803597988,0.025390625,0.0004916331324006192,0.002755586606057681,0.05249368158224074,0.265625,0.4223899137559106
62,model.layers.8.mlp.up_proj,8,layers_08_15,up_proj,mlp,4096,11008,45088768,1.8039646647594054e-06,0.017679769545793533,0.014066948555409908,0.6484375,1.264172897208482e-05,1.1299819946289062,1.7746020555496216,1.8543472290039062,1.9028555154800415,0.001392788729191352,0.20929852719097664,0.16098367993254215,9.0625,0.6676707826554775,dense_nvfp4,2.327908796994665e-06,0.007447539105046462,0.08629912574902751,0.0150146484375,0.0003942777328247334,0.005007636000269594,0.07076465219493129,0.16961669921875,0.280598114761086
62,model.layers.8.mlp.up_proj,8,layers_08_15,up_proj,mlp,4096,11008,45088768,1.8039646647594054e-06,0.017679769545793533,0.014066948555409908,0.6484375,1.264172897208482e-05,1.1299819946289062,1.7746020555496216,1.8543472290039062,1.9028555154800415,0.001392788729191352,0.20929852719097664,0.16098367993254215,9.0625,0.6676707826554775,sparse_bf16,5.3512847570832385e-05,0.1712004462634788,0.41376375658517844,0.0771484375,0.00491548057504778,0.06243045304609458,0.24986086737641527,0.6875,0.280598114761086
62,model.layers.8.mlp.up_proj,8,layers_08_15,up_proj,mlp,4096,11008,45088768,1.8039646647594054e-06,0.017679769545793533,0.014066948555409908,0.6484375,1.264172897208482e-05,1.1299819946289062,1.7746020555496216,1.8543472290039062,1.9028555154800415,0.001392788729191352,0.20929852719097664,0.16098367993254215,9.0625,0.6676707826554775,sparse_nvfp4,8.876688323568466e-05,0.28398656982796294,0.532903902995618,0.0771484375,0.009797694827538244,0.12443839774194294,0.3527582709759517,1.0,0.280598114761086
62,model.layers.8.mlp.up_proj,8,layers_08_15,up_proj,mlp,4096,11008,45088768,1.8039646647594054e-06,0.017679769545793533,0.014066948555409908,0.6484375,1.264172897208482e-05,1.1299819946289062,1.7746020555496216,1.8543472290039062,1.9028555154800415,0.001392788729191352,0.20929852719097664,0.16098367993254215,9.0625,0.6676707826554775,marlin_nvfp4,2.327908796994665e-06,0.007447539105046462,0.08629912574902751,0.0150146484375,0.0003942777328247334,0.005007636000269594,0.07076465219493129,0.16961669921875,0.280598114761086
63,model.layers.8.mlp.down_proj,8,layers_08_15,down_proj,mlp,11008,4096,45088768,-2.1615462628687965e-06,0.01754685863852501,0.013956484384834766,0.796875,3.286849459982477e-05,1.838470220565796,6.1164374351501465,1.1217036247253418,1.4054255485534668,-2.7072387334281007e-05,0.04994485226978038,0.02894287017109089,28.25,0.061365146969639975,dense_nvfp4,2.317280991836776e-06,0.007526273511922767,0.0867540979546371,0.03271484375,5.928559519929877e-05,0.006517854931493544,0.08073323312919868,0.140625,0.09537229800206158
63,model.layers.8.mlp.down_proj,8,layers_08_15,down_proj,mlp,11008,4096,45088768,-2.1615462628687965e-06,0.01754685863852501,0.013956484384834766,0.796875,3.286849459982477e-05,1.838470220565796,6.1164374351501465,1.1217036247253418,1.4054255485534668,-2.7072387334281007e-05,0.04994485226978038,0.02894287017109089,28.25,0.061365146969639975,sparse_bf16,5.281645653032979e-05,0.1715420353328653,0.41417633362236583,0.15234375,0.0007427199611811375,0.08165458987852801,0.28575267256585374,0.4453125,0.09537229800206158
63,model.layers.8.mlp.down_proj,8,layers_08_15,down_proj,mlp,11008,4096,45088768,-2.1615462628687965e-06,0.01754685863852501,0.013956484384834766,0.796875,3.286849459982477e-05,1.838470220565796,6.1164374351501465,1.1217036247253418,1.4054255485534668,-2.7072387334281007e-05,0.04994485226978038,0.02894287017109089,28.25,0.061365146969639975,sparse_nvfp4,8.702083209226298e-05,0.2826340810064394,0.5316334084747114,0.1552734375,0.001456934200177784,0.1601752622971506,0.4002190179103819,0.57421875,0.09537229800206158
63,model.layers.8.mlp.down_proj,8,layers_08_15,down_proj,mlp,11008,4096,45088768,-2.1615462628687965e-06,0.01754685863852501,0.013956484384834766,0.796875,3.286849459982477e-05,1.838470220565796,6.1164374351501465,1.1217036247253418,1.4054255485534668,-2.7072387334281007e-05,0.04994485226978038,0.02894287017109089,28.25,0.061365146969639975,marlin_nvfp4,2.317280991836776e-06,0.007526273511922767,0.0867540979546371,0.03271484375,5.928559519929877e-05,0.006517854931493544,0.08073323312919868,0.140625,0.09537229800206158
64,model.layers.9.self_attn.q_proj,9,layers_08_15,q_proj,attention,4096,4096,16777216,5.59321620130504e-07,0.02515004388988018,0.019301066175103188,0.77734375,0.0002853274345397949,1.552215576171875,2.9606716632843018,1.6085246801376343,4.378683567047119,0.003926666043753357,0.38870949424174944,0.2553290098439902,24.75,0.6982605904340744,dense_nvfp4,4.734007234219462e-06,0.007484304559686109,0.0865118752523959,0.031005859375,0.002325627987374901,0.0013960170370409075,0.03736331137681599,0.445068359375,1.2906983753306522
64,model.layers.9.self_attn.q_proj,9,layers_08_15,q_proj,attention,4096,4096,16777216,5.59321620130504e-07,0.02515004388988018,0.019301066175103188,0.77734375,0.0002853274345397949,1.552215576171875,2.9606716632843018,1.6085246801376343,4.378683567047119,0.003926666043753357,0.38870949424174944,0.2553290098439902,24.75,0.6982605904340744,sparse_bf16,0.0001092803940991871,0.17276858935254533,0.41565441096245487,0.10595703125,0.024160099565051496,0.014502711006452739,0.1204272021033983,1.62109375,1.2906983753306522
64,model.layers.9.self_attn.q_proj,9,layers_08_15,q_proj,attention,4096,4096,16777216,5.59321620130504e-07,0.02515004388988018,0.019301066175103188,0.77734375,0.0002853274345397949,1.552215576171875,2.9606716632843018,1.6085246801376343,4.378683567047119,0.003926666043753357,0.38870949424174944,0.2553290098439902,24.75,0.6982605904340744,sparse_nvfp4,0.0001822869962779805,0.2881895463853716,0.5368328849701475,0.134765625,0.049899547651875764,0.02995346592009498,0.173070696306726,2.2578125,1.2906983753306522
64,model.layers.9.self_attn.q_proj,9,layers_08_15,q_proj,attention,4096,4096,16777216,5.59321620130504e-07,0.02515004388988018,0.019301066175103188,0.77734375,0.0002853274345397949,1.552215576171875,2.9606716632843018,1.6085246801376343,4.378683567047119,0.003926666043753357,0.38870949424174944,0.2553290098439902,24.75,0.6982605904340744,marlin_nvfp4,4.734007234219462e-06,0.007484304559686109,0.0865118752523959,0.031005859375,0.002325627987374901,0.0013960170370409075,0.03736331137681599,0.445068359375,1.2906983753306522
65,model.layers.9.self_attn.k_proj,9,layers_08_15,k_proj,attention,4096,4096,16777216,1.102258829632774e-05,0.02578050084412098,0.019641781225800514,0.35546875,0.0003311634063720703,1.5796394348144531,3.085589647293091,1.6488831043243408,2.435730218887329,0.003926666043753357,0.38870949424174944,0.2553290098439902,24.75,0.6935397535562515,dense_nvfp4,4.969521796738263e-06,0.007477075843914855,0.08647008641093668,0.0263671875,0.0025547615023242543,0.0009942996449226265,0.031532517262702425,0.4375,1.6029373164580476
65,model.layers.9.self_attn.k_proj,9,layers_08_15,k_proj,attention,4096,4096,16777216,1.102258829632774e-05,0.02578050084412098,0.019641781225800514,0.35546875,0.0003311634063720703,1.5796394348144531,3.085589647293091,1.6488831043243408,2.435730218887329,0.003926666043753357,0.38870949424174944,0.2553290098439902,24.75,0.6935397535562515,sparse_bf16,0.000114633803605102,0.1724764834303294,0.41530288155794126,0.10498046875,0.02539971641090233,0.009885435092676687,0.09942552535781085,1.75,1.6029373164580476
65,model.layers.9.self_attn.k_proj,9,layers_08_15,k_proj,attention,4096,4096,16777216,1.102258829632774e-05,0.02578050084412098,0.019641781225800514,0.35546875,0.0003311634063720703,1.5796394348144531,3.085589647293091,1.6488831043243408,2.435730218887329,0.003926666043753357,0.38870949424174944,0.2553290098439902,24.75,0.6935397535562515,sparse_nvfp4,0.00019077085016760975,0.28703126253466793,0.5357529864915994,0.12890625,0.05298382823821157,0.020621025311351647,0.14360022740703318,2.5625,1.6029373164580476
65,model.layers.9.self_attn.k_proj,9,layers_08_15,k_proj,attention,4096,4096,16777216,1.102258829632774e-05,0.02578050084412098,0.019641781225800514,0.35546875,0.0003311634063720703,1.5796394348144531,3.085589647293091,1.6488831043243408,2.435730218887329,0.003926666043753357,0.38870949424174944,0.2553290098439902,24.75,0.6935397535562515,marlin_nvfp4,4.969521796738263e-06,0.007477075843914855,0.08647008641093668,0.0263671875,0.0025547615023242543,0.0009942996449226265,0.031532517262702425,0.4375,1.6029373164580476
66,model.layers.9.self_attn.v_proj,9,layers_08_15,v_proj,attention,4096,4096,16777216,2.663281065906631e-06,0.014498928561806679,0.01144484058022499,0.2470703125,2.110004425048828e-05,0.920689582824707,1.1959946155548096,0.9257318377494812,1.8653794527053833,0.003926666043753357,0.38870949424174944,0.2553290098439902,24.75,0.8165147639811039,dense_nvfp4,1.5756293123558862e-06,0.007495182232466869,0.08657472051625041,0.010498046875,0.0007129883179004537,0.005290013722997214,0.07273248052278442,0.173828125,0.3671240263467096
66,model.layers.9.self_attn.v_proj,9,layers_08_15,v_proj,attention,4096,4096,16777216,2.663281065906631e-06,0.014498928561806679,0.01144484058022499,0.2470703125,2.110004425048828e-05,0.920689582824707,1.1959946155548096,0.9257318377494812,1.8653794527053833,0.003926666043753357,0.38870949424174944,0.2553290098439902,24.75,0.8165147639811039,sparse_bf16,3.5862733057001606e-05,0.1705970544649448,0.41303396284681576,0.05126953125,0.007801254545483971,0.057881374162944525,0.24058548202862226,0.66522216796875,0.3671240263467096
66,model.layers.9.self_attn.v_proj,9,layers_08_15,v_proj,attention,4096,4096,16777216,2.663281065906631e-06,0.014498928561806679,0.01144484058022499,0.2470703125,2.110004425048828e-05,0.920689582824707,1.1959946155548096,0.9257318377494812,1.8653794527053833,0.003926666043753357,0.38870949424174944,0.2553290098439902,24.75,0.8165147639811039,sparse_nvfp4,5.922654963796958e-05,0.28173744868524014,0.5307894579635509,0.057861328125,0.01556358128436841,0.11547392363416885,0.33981454299980873,1.0,0.3671240263467096
66,model.layers.9.self_attn.v_proj,9,layers_08_15,v_proj,attention,4096,4096,16777216,2.663281065906631e-06,0.014498928561806679,0.01144484058022499,0.2470703125,2.110004425048828e-05,0.920689582824707,1.1959946155548096,0.9257318377494812,1.8653794527053833,0.003926666043753357,0.38870949424174944,0.2553290098439902,24.75,0.8165147639811039,marlin_nvfp4,1.5756293123558862e-06,0.007495182232466869,0.08657472051625041,0.010498046875,0.0007129883179004537,0.005290013722997214,0.07273248052278442,0.173828125,0.3671240263467096
67,model.layers.9.self_attn.o_proj,9,layers_08_15,o_proj,attention,4096,4096,16777216,3.0724643238499993e-06,0.014302038587629795,0.011311827227473259,0.546875,6.902217864990234e-05,0.9128663539886475,4.757194519042969,0.9104912281036377,1.1240416765213013,-0.0001292986664509499,0.08564951081995659,0.051026627741521224,2.75,0.23951353505253792,dense_nvfp4,1.534517195977969e-06,0.007501978717392025,0.08661396375522844,0.056640625,4.0210972827026126e-05,0.007187048600027759,0.08477646253546889,0.2109375,0.07479920797017714
67,model.layers.9.self_attn.o_proj,9,layers_08_15,o_proj,attention,4096,4096,16777216,3.0724643238499993e-06,0.014302038587629795,0.011311827227473259,0.546875,6.902217864990234e-05,0.9128663539886475,4.757194519042969,0.9104912281036377,1.1240416765213013,-0.0001292986664509499,0.08564951081995659,0.051026627741521224,2.75,0.23951353505253792,sparse_bf16,3.7161520594963804e-05,0.1816759938175019,0.4262346698914835,0.33203125,0.0004264708161372255,0.07622462891551049,0.27608808180635125,0.8251953125,0.07479920797017714
67,model.layers.9.self_attn.o_proj,9,layers_08_15,o_proj,attention,4096,4096,16777216,3.0724643238499993e-06,0.014302038587629795,0.011311827227473259,0.546875,6.902217864990234e-05,0.9128663539886475,4.757194519042969,0.9104912281036377,1.1240416765213013,-0.0001292986664509499,0.08564951081995659,0.051026627741521224,2.75,0.23951353505253792,sparse_nvfp4,6.026033952366561e-05,0.29460196718176573,0.5427724819680579,0.349609375,0.0008279612193291541,0.14798442076629958,0.38468743255570437,1.171875,0.07479920797017714
67,model.layers.9.self_attn.o_proj,9,layers_08_15,o_proj,attention,4096,4096,16777216,3.0724643238499993e-06,0.014302038587629795,0.011311827227473259,0.546875,6.902217864990234e-05,0.9128663539886475,4.757194519042969,0.9104912281036377,1.1240416765213013,-0.0001292986664509499,0.08564951081995659,0.051026627741521224,2.75,0.23951353505253792,marlin_nvfp4,1.534517195977969e-06,0.007501978717392025,0.08661396375522844,0.056640625,4.0210972827026126e-05,0.007187048600027759,0.08477646253546889,0.2109375,0.07479920797017714
68,model.layers.9.mlp.gate_proj,9,layers_08_15,gate_proj,mlp,4096,11008,45088768,-6.808232200228304e-08,0.019329391419887543,0.015231198631227016,0.375,0.0001499486534157768,1.2224408388137817,3.7128069400787354,2.0278491973876953,2.487520933151245,0.001387471060368739,0.21712000234103115,0.16654627432581037,11.5625,0.6517165005207062,dense_nvfp4,2.784003722914603e-06,0.007451323669815925,0.08632104998096307,0.02294921875,0.000519211042935007,0.0027132987857277644,0.05208933466389991,0.2890625,0.43744469101740285
68,model.layers.9.mlp.gate_proj,9,layers_08_15,gate_proj,mlp,4096,11008,45088768,-6.808232200228304e-08,0.019329391419887543,0.015231198631227016,0.375,0.0001499486534157768,1.2224408388137817,3.7128069400787354,2.0278491973876953,2.487520933151245,0.001387471060368739,0.21712000234103115,0.16654627432581037,11.5625,0.6517165005207062,sparse_bf16,6.421796739274679e-05,0.17187795279242138,0.4145816599807828,0.126953125,0.006465565413236618,0.03378782293537296,0.18381464287529697,1.1875,0.43744469101740285
68,model.layers.9.mlp.gate_proj,9,layers_08_15,gate_proj,mlp,4096,11008,45088768,-6.808232200228304e-08,0.019329391419887543,0.015231198631227016,0.375,0.0001499486534157768,1.2224408388137817,3.7128069400787354,2.0278491973876953,2.487520933151245,0.001387471060368739,0.21712000234103115,0.16654627432581037,11.5625,0.6517165005207062,sparse_nvfp4,0.00010654085510691931,0.28515421474706415,0.5339983284122378,0.1650390625,0.013147660606908937,0.06870718958177525,0.2621205630655009,1.734375,0.43744469101740285
68,model.layers.9.mlp.gate_proj,9,layers_08_15,gate_proj,mlp,4096,11008,45088768,-6.808232200228304e-08,0.019329391419887543,0.015231198631227016,0.375,0.0001499486534157768,1.2224408388137817,3.7128069400787354,2.0278491973876953,2.487520933151245,0.001387471060368739,0.21712000234103115,0.16654627432581037,11.5625,0.6517165005207062,marlin_nvfp4,2.784003722914603e-06,0.007451323669815925,0.08632104998096307,0.02294921875,0.000519211042935007,0.0027132987857277644,0.05208933466389991,0.2890625,0.43744469101740285
69,model.layers.9.mlp.up_proj,9,layers_08_15,up_proj,mlp,4096,11008,45088768,-1.5339121546276147e-06,0.01779949478805065,0.014159330166876316,0.609375,1.281915683648549e-05,1.1373929977416992,1.9225873947143555,1.8668804168701172,1.9191962480545044,0.001387471060368739,0.21712000234103115,0.16654627432581037,11.5625,0.6756536364555359,dense_nvfp4,2.3596451704412004e-06,0.007447857380220628,0.08630096975249252,0.017822265625,0.00042904408304778816,0.00487587288898509,0.06982745082691398,0.1494140625,0.29663662469959823
69,model.layers.9.mlp.up_proj,9,layers_08_15,up_proj,mlp,4096,11008,45088768,-1.5339121546276147e-06,0.01779949478805065,0.014159330166876316,0.609375,1.281915683648549e-05,1.1373929977416992,1.9225873947143555,1.8668804168701172,1.9191962480545044,0.001387471060368739,0.21712000234103115,0.16654627432581037,11.5625,0.6756536364555359,sparse_bf16,5.402573557613894e-05,0.17052393235774482,0.41294543508524806,0.05810546875,0.005408527990153363,0.0614652340831105,0.2479218305900279,0.625,0.29663662469959823
69,model.layers.9.mlp.up_proj,9,layers_08_15,up_proj,mlp,4096,11008,45088768,-1.5339121546276147e-06,0.01779949478805065,0.014159330166876316,0.609375,1.281915683648549e-05,1.1373929977416992,1.9225873947143555,1.8668804168701172,1.9191962480545044,0.001387471060368739,0.21712000234103115,0.16654627432581037,11.5625,0.6756536364555359,sparse_nvfp4,8.943051554609177e-05,0.28227367977633516,0.5312943438211395,0.0712890625,0.010712596587836742,0.1217433390578876,0.3489173814212866,0.9375,0.29663662469959823
69,model.layers.9.mlp.up_proj,9,layers_08_15,up_proj,mlp,4096,11008,45088768,-1.5339121546276147e-06,0.01779949478805065,0.014159330166876316,0.609375,1.281915683648549e-05,1.1373929977416992,1.9225873947143555,1.8668804168701172,1.9191962480545044,0.001387471060368739,0.21712000234103115,0.16654627432581037,11.5625,0.6756536364555359,marlin_nvfp4,2.3596451704412004e-06,0.007447857380220628,0.08630096975249252,0.017822265625,0.00042904408304778816,0.00487587288898509,0.06982745082691398,0.1494140625,0.29663662469959823
70,model.layers.9.mlp.down_proj,9,layers_08_15,down_proj,mlp,11008,4096,45088768,2.0985696664865827e-06,0.017667733132839203,0.014046933501958847,0.6640625,3.171521530020982e-05,1.8511466979980469,6.182586669921875,1.1290907859802246,1.7123621702194214,-7.399513678729967e-05,0.05332607594220413,0.031361601791929365,16.5,0.07332230030104171,dense_nvfp4,2.3461728042727985e-06,0.007516201826273833,0.08669603120255179,0.0380859375,6.974939083193021e-05,0.006656015140795511,0.08158440500975361,0.140625,0.10236772669027325
70,model.layers.9.mlp.down_proj,9,layers_08_15,down_proj,mlp,11008,4096,45088768,2.0985696664865827e-06,0.017667733132839203,0.014046933501958847,0.6640625,3.171521530020982e-05,1.8511466979980469,6.182586669921875,1.1290907859802246,1.7123621702194214,-7.399513678729967e-05,0.05332607594220413,0.031361601791929365,16.5,0.07332230030104171,sparse_bf16,5.27729821759601e-05,0.16906358486744585,0.4111734243204999,0.12109375,0.0008833685656099988,0.08429771898325053,0.29034069467308665,0.4765625,0.10236772669027325
70,model.layers.9.mlp.down_proj,9,layers_08_15,down_proj,mlp,11008,4096,45088768,2.0985696664865827e-06,0.017667733132839203,0.014046933501958847,0.6640625,3.171521530020982e-05,1.8511466979980469,6.182586669921875,1.1290907859802246,1.7123621702194214,-7.399513678729967e-05,0.05332607594220413,0.031361601791929365,16.5,0.07332230030104171,sparse_nvfp4,8.681985051479451e-05,0.27813617045074424,0.5273861682398812,0.1318359375,0.0016975999506030348,0.16199784456117264,0.4024895583256448,0.58984375,0.10236772669027325
70,model.layers.9.mlp.down_proj,9,layers_08_15,down_proj,mlp,11008,4096,45088768,2.0985696664865827e-06,0.017667733132839203,0.014046933501958847,0.6640625,3.171521530020982e-05,1.8511466979980469,6.182586669921875,1.1290907859802246,1.7123621702194214,-7.399513678729967e-05,0.05332607594220413,0.031361601791929365,16.5,0.07332230030104171,marlin_nvfp4,2.3461728042727985e-06,0.007516201826273833,0.08669603120255179,0.0380859375,6.974939083193021e-05,0.006656015140795511,0.08158440500975361,0.140625,0.10236772669027325
71,model.layers.10.self_attn.q_proj,10,layers_08_15,q_proj,attention,4096,4096,16777216,4.006645212939475e-06,0.025115855038166046,0.019175110384821892,0.462890625,0.0002816915512084961,1.5411875247955322,3.079268217086792,1.6064783334732056,3.8112804889678955,0.0038805475203389506,0.39537423244434017,0.25815844582393765,33.5,0.7033419571816921,dense_nvfp4,4.722598987427773e-06,0.0074866090752777,0.08652519329812387,0.02099609375,0.002387952419667272,0.0014516512836975507,0.03810054177695575,0.5,1.2825717897079196
71,model.layers.10.self_attn.q_proj,10,layers_08_15,q_proj,attention,4096,4096,16777216,4.006645212939475e-06,0.025115855038166046,0.019175110384821892,0.462890625,0.0002816915512084961,1.5411875247955322,3.079268217086792,1.6064783334732056,3.8112804889678955,0.0038805475203389506,0.39537423244434017,0.25815844582393765,33.5,0.7033419571816921,sparse_bf16,0.00010873888822970912,0.17238083301659926,0.4151877081713755,0.1083984375,0.02511325383966323,0.015266504840682366,0.12355769842742445,1.6083984375,1.2825717897079196
71,model.layers.10.self_attn.q_proj,10,layers_08_15,q_proj,attention,4096,4096,16777216,4.006645212939475e-06,0.025115855038166046,0.019175110384821892,0.462890625,0.0002816915512084961,1.5411875247955322,3.079268217086792,1.6064783334732056,3.8112804889678955,0.0038805475203389506,0.39537423244434017,0.25815844582393765,33.5,0.7033419571816921,sparse_nvfp4,0.00018082351016346365,0.28665464415192643,0.5354013860198034,0.1318359375,0.05122340875095688,0.03113903210812372,0.17646255157433183,2.255859375,1.2825717897079196
71,model.layers.10.self_attn.q_proj,10,layers_08_15,q_proj,attention,4096,4096,16777216,4.006645212939475e-06,0.025115855038166046,0.019175110384821892,0.462890625,0.0002816915512084961,1.5411875247955322,3.079268217086792,1.6064783334732056,3.8112804889678955,0.0038805475203389506,0.39537423244434017,0.25815844582393765,33.5,0.7033419571816921,marlin_nvfp4,4.722598987427773e-06,0.0074866090752777,0.08652519329812387,0.02099609375,0.002387952419667272,0.0014516512836975507,0.03810054177695575,0.5,1.2825717897079196
72,model.layers.10.self_attn.k_proj,10,layers_08_15,k_proj,attention,4096,4096,16777216,3.816792741417885e-06,0.025884347036480904,0.019562065601348877,0.29296875,0.0003941059112548828,1.572756290435791,3.0448062419891357,1.6553544998168945,2.5467121601104736,0.0038805475203389506,0.39537423244434017,0.25815844582393765,33.5,0.6976727545261383,dense_nvfp4,5.00805072078947e-06,0.007474709291566953,0.08645640110232991,0.0224609375,0.002657576287674601,0.001030458053703634,0.032100748491330135,0.5,1.6059340675129519
72,model.layers.10.self_attn.k_proj,10,layers_08_15,k_proj,attention,4096,4096,16777216,3.816792741417885e-06,0.025884347036480904,0.019562065601348877,0.29296875,0.0003941059112548828,1.572756290435791,3.0448062419891357,1.6553544998168945,2.5467121601104736,0.0038805475203389506,0.39537423244434017,0.25815844582393765,33.5,0.6976727545261383,sparse_bf16,0.00011537596583366394,0.17220308897040285,0.41497360032947017,0.109375,0.026766511815367267,0.010378542206904219,0.10187513046325006,1.65625,1.6059340675129519
72,model.layers.10.self_attn.k_proj,10,layers_08_15,k_proj,attention,4096,4096,16777216,3.816792741417885e-06,0.025884347036480904,0.019562065601348877,0.29296875,0.0003941059112548828,1.572756290435791,3.0448062419891357,1.6553544998168945,2.5467121601104736,0.0038805475203389506,0.39537423244434017,0.25815844582393765,33.5,0.6976727545261383,sparse_nvfp4,0.00019160621741320938,0.28597968620308656,0.5347706856243025,0.1337890625,0.055368590576108545,0.021468813650235317,0.14652239982417473,2.34375,1.6059340675129519
72,model.layers.10.self_attn.k_proj,10,layers_08_15,k_proj,attention,4096,4096,16777216,3.816792741417885e-06,0.025884347036480904,0.019562065601348877,0.29296875,0.0003941059112548828,1.572756290435791,3.0448062419891357,1.6553544998168945,2.5467121601104736,0.0038805475203389506,0.39537423244434017,0.25815844582393765,33.5,0.6976727545261383,marlin_nvfp4,5.00805072078947e-06,0.007474709291566953,0.08645640110232991,0.0224609375,0.002657576287674601,0.001030458053703634,0.032100748491330135,0.5,1.6059340675129519
73,model.layers.10.self_attn.v_proj,10,layers_08_15,v_proj,attention,4096,4096,16777216,4.1837492972263135e-06,0.014355127699673176,0.011361104436218739,0.259765625,2.777576446533203e-05,0.9138755202293396,1.1956623792648315,0.9164561629295349,2.306495428085327,0.0038805475203389506,0.39537423244434017,0.25815844582393765,33.5,0.8196064680814743,dense_nvfp4,1.5434358147103922e-06,0.007489872649018763,0.08654405033864987,0.01068115234375,0.0007191601921476831,0.005152256183521172,0.07177921832620618,0.1953125,0.3736062177058365
73,model.layers.10.self_attn.v_proj,10,layers_08_15,v_proj,attention,4096,4096,16777216,4.1837492972263135e-06,0.014355127699673176,0.011361104436218739,0.259765625,2.777576446533203e-05,0.9138755202293396,1.1956623792648315,0.9164561629295349,2.306495428085327,0.0038805475203389506,0.39537423244434017,0.25815844582393765,33.5,0.8196064680814743,sparse_bf16,3.5014323657378554e-05,0.1699149537582157,0.4122074159427699,0.0498046875,0.007973205400048755,0.05712217844289359,0.2390024653489867,0.66015625,0.3736062177058365
73,model.layers.10.self_attn.v_proj,10,layers_08_15,v_proj,attention,4096,4096,16777216,4.1837492972263135e-06,0.014355127699673176,0.011361104436218739,0.259765625,2.777576446533203e-05,0.9138755202293396,1.1956623792648315,0.9164561629295349,2.306495428085327,0.0038805475203389506,0.39537423244434017,0.25815844582393765,33.5,0.8196064680814743,sparse_nvfp4,5.776168472948484e-05,0.2803016869851441,0.5294352528734219,0.056884765625,0.01575823330495041,0.11289620292293258,0.336000301968514,1.140625,0.3736062177058365
73,model.layers.10.self_attn.v_proj,10,layers_08_15,v_proj,attention,4096,4096,16777216,4.1837492972263135e-06,0.014355127699673176,0.011361104436218739,0.259765625,2.777576446533203e-05,0.9138755202293396,1.1956623792648315,0.9164561629295349,2.306495428085327,0.0038805475203389506,0.39537423244434017,0.25815844582393765,33.5,0.8196064680814743,marlin_nvfp4,1.5434358147103922e-06,0.007489872649018763,0.08654405033864987,0.01068115234375,0.0007191601921476831,0.005152256183521172,0.07177921832620618,0.1953125,0.3736062177058365
74,model.layers.10.self_attn.o_proj,10,layers_08_15,o_proj,attention,4096,4096,16777216,1.0362699867982883e-05,0.014241639524698257,0.011291654780507088,0.4140625,5.269050598144531e-05,0.9096977710723877,3.924699068069458,0.9080239534378052,1.1339753866195679,0.00012255242094738605,0.10027755599661736,0.06285452784504741,3.953125,0.3046964481472969,dense_nvfp4,1.5189197029030765e-06,0.007488840368315714,0.08653808622979661,0.05859375,5.752124872060449e-05,0.0077335865152193305,0.08794081256856415,0.28125,0.08624296492445788
74,model.layers.10.self_attn.o_proj,10,layers_08_15,o_proj,attention,4096,4096,16777216,1.0362699867982883e-05,0.014241639524698257,0.011291654780507088,0.4140625,5.269050598144531e-05,0.9096977710723877,3.924699068069458,0.9080239534378052,1.1339753866195679,0.00012255242094738605,0.10027755599661736,0.06285452784504741,3.953125,0.3046964481472969,sparse_bf16,3.632926382124424e-05,0.17911681370367086,0.4232219437879738,0.271484375,0.0005805504067666334,0.07805353494642198,0.2793806273642143,0.953125,0.08624296492445788
74,model.layers.10.self_attn.o_proj,10,layers_08_15,o_proj,attention,4096,4096,16777216,1.0362699867982883e-05,0.014241639524698257,0.011291654780507088,0.4140625,5.269050598144531e-05,0.9096977710723877,3.924699068069458,0.9080239534378052,1.1339753866195679,0.00012255242094738605,0.10027755599661736,0.06285452784504741,3.953125,0.3046964481472969,sparse_nvfp4,5.987028998788446e-05,0.2951828484857355,0.5433073241598493,0.349609375,0.0011393424656489515,0.15318171501035657,0.39138435713548464,1.18359375,0.08624296492445788
74,model.layers.10.self_attn.o_proj,10,layers_08_15,o_proj,attention,4096,4096,16777216,1.0362699867982883e-05,0.014241639524698257,0.011291654780507088,0.4140625,5.269050598144531e-05,0.9096977710723877,3.924699068069458,0.9080239534378052,1.1339753866195679,0.00012255242094738605,0.10027755599661736,0.06285452784504741,3.953125,0.3046964481472969,marlin_nvfp4,1.5189197029030765e-06,0.007488840368315714,0.08653808622979661,0.05859375,5.752124872060449e-05,0.0077335865152193305,0.08794081256856415,0.28125,0.08624296492445788
75,model.layers.10.mlp.gate_proj,10,layers_08_15,gate_proj,mlp,4096,11008,45088768,-1.631375926081091e-05,0.019269142299890518,0.015128702856600285,0.52734375,0.00024478379054926336,1.2143759727478027,3.803403377532959,2.0215659141540527,2.4875876903533936,0.0015320100112461432,0.22210929180995723,0.17031402979046106,6.4375,0.6619456447660923,dense_nvfp4,2.766176949926587e-06,0.007449975967231437,0.08631324328995775,0.025390625,0.0005386666649259454,0.002648144008580161,0.05146012056515376,0.328125,0.4510131979543212
75,model.layers.10.mlp.gate_proj,10,layers_08_15,gate_proj,mlp,4096,11008,45088768,-1.631375926081091e-05,0.019269142299890518,0.015128702856600285,0.52734375,0.00024478379054926336,1.2143759727478027,3.803403377532959,2.0215659141540527,2.4875876903533936,0.0015320100112461432,0.22210929180995723,0.17031402979046106,6.4375,0.6619456447660923,sparse_bf16,6.349029582600261e-05,0.17099454829478175,0.4135148707057362,0.1240234375,0.0067123323083357065,0.032998556887424875,0.18165504916578806,1.3515625,0.4510131979543212
75,model.layers.10.mlp.gate_proj,10,layers_08_15,gate_proj,mlp,4096,11008,45088768,-1.631375926081091e-05,0.019269142299890518,0.015128702856600285,0.52734375,0.00024478379054926336,1.2143759727478027,3.803403377532959,2.0215659141540527,2.4875876903533936,0.0015320100112461432,0.22210929180995723,0.17031402979046106,6.4375,0.6619456447660923,sparse_nvfp4,0.00010509230196475983,0.2830386985905831,0.532013814285478,0.16796875,0.013584315906776938,0.06678197690985212,0.2584220905995695,1.9375,0.4510131979543212
75,model.layers.10.mlp.gate_proj,10,layers_08_15,gate_proj,mlp,4096,11008,45088768,-1.631375926081091e-05,0.019269142299890518,0.015128702856600285,0.52734375,0.00024478379054926336,1.2143759727478027,3.803403377532959,2.0215659141540527,2.4875876903533936,0.0015320100112461432,0.22210929180995723,0.17031402979046106,6.4375,0.6619456447660923,marlin_nvfp4,2.766176949926587e-06,0.007449975967231437,0.08631324328995775,0.025390625,0.0005386666649259454,0.002648144008580161,0.05146012056515376,0.328125,0.4510131979543212
76,model.layers.10.mlp.up_proj,10,layers_08_15,up_proj,mlp,4096,11008,45088768,1.6069602679635864e-06,0.017986629158258438,0.014302960596978664,0.392578125,1.4704327440995257e-05,1.148880124092102,1.55735182762146,1.8865680694580078,1.9343438148498535,0.0015320100112461432,0.22210929180995723,0.17031402979046106,6.4375,0.6789526157081127,dense_nvfp4,2.409829988230973e-06,0.0074488090687282816,0.08630648335280659,0.01611328125,0.00045871816346757546,0.0047396480297510375,0.06884510171211193,0.149658203125,0.3110999365475235
76,model.layers.10.mlp.up_proj,10,layers_08_15,up_proj,mlp,4096,11008,45088768,1.6069602679635864e-06,0.017986629158258438,0.014302960596978664,0.392578125,1.4704327440995257e-05,1.148880124092102,1.55735182762146,1.8865680694580078,1.9343438148498535,0.0015320100112461432,0.22210929180995723,0.17031402979046106,6.4375,0.6789526157081127,sparse_bf16,5.494452861332616e-05,0.16983409826034476,0.412109328043354,0.061676979064941406,0.005776974326541084,0.059689864420745115,0.244315092494805,0.71875,0.3110999365475235
76,model.layers.10.mlp.up_proj,10,layers_08_15,up_proj,mlp,4096,11008,45088768,1.6069602679635864e-06,0.017986629158258438,0.014302960596978664,0.392578125,1.4704327440995257e-05,1.148880124092102,1.55735182762146,1.8865680694580078,1.9343438148498535,0.0015320100112461432,0.22210929180995723,0.17031402979046106,6.4375,0.6789526157081127,sparse_nvfp4,9.071443576452344e-05,0.2803992460411638,0.5295273798786648,0.06982421875,0.011339583060552562,0.11716482317784915,0.34229347521950976,0.953125,0.3110999365475235
76,model.layers.10.mlp.up_proj,10,layers_08_15,up_proj,mlp,4096,11008,45088768,1.6069602679635864e-06,0.017986629158258438,0.014302960596978664,0.392578125,1.4704327440995257e-05,1.148880124092102,1.55735182762146,1.8865680694580078,1.9343438148498535,0.0015320100112461432,0.22210929180995723,0.17031402979046106,6.4375,0.6789526157081127,marlin_nvfp4,2.409829988230973e-06,0.0074488090687282816,0.08630648335280659,0.01611328125,0.00045871816346757546,0.0047396480297510375,0.06884510171211193,0.149658203125,0.3110999365475235
77,model.layers.10.mlp.down_proj,10,layers_08_15,down_proj,mlp,11008,4096,45088768,9.231469562109851e-07,0.017818868160247803,0.014164339751005173,1.0234375,2.991875953739509e-05,1.867080807685852,5.943995952606201,1.13840913772583,1.470892310142517,-0.00010268881923165345,0.05633089641733408,0.03342303022915541,11.375,0.08257392395374387,dense_nvfp4,2.3869657144491927e-06,0.007517715707301707,0.08670476173372318,0.041259765625,7.933527894010695e-05,0.00658662999905654,0.08115805566335692,0.1484375,0.10974924533624739
77,model.layers.10.mlp.down_proj,10,layers_08_15,down_proj,mlp,11008,4096,45088768,9.231469562109851e-07,0.017818868160247803,0.014164339751005173,1.0234375,2.991875953739509e-05,1.867080807685852,5.943995952606201,1.13840913772583,1.470892310142517,-0.00010268881923165345,0.05633089641733408,0.03342303022915541,11.375,0.08257392395374387,sparse_bf16,5.3448461775862896e-05,0.16833519568011038,0.4102867237434211,0.1298828125,0.0009998504651775875,0.08301029701403173,0.2881150759922704,0.79736328125,0.10974924533624739
77,model.layers.10.mlp.down_proj,10,layers_08_15,down_proj,mlp,11008,4096,45088768,9.231469562109851e-07,0.017818868160247803,0.014164339751005173,1.0234375,2.991875953739509e-05,1.867080807685852,5.943995952606201,1.13840913772583,1.470892310142517,-0.00010268881923165345,0.05633089641733408,0.03342303022915541,11.375,0.08257392395374387,sparse_nvfp4,8.796550181889257e-05,0.2770461388370484,0.5263517254052165,0.1845703125,0.0019079793619312113,0.15840562068691116,0.3980020360336253,0.84423828125,0.10974924533624739
77,model.layers.10.mlp.down_proj,10,layers_08_15,down_proj,mlp,11008,4096,45088768,9.231469562109851e-07,0.017818868160247803,0.014164339751005173,1.0234375,2.991875953739509e-05,1.867080807685852,5.943995952606201,1.13840913772583,1.470892310142517,-0.00010268881923165345,0.05633089641733408,0.03342303022915541,11.375,0.08257392395374387,marlin_nvfp4,2.3869657144491927e-06,0.007517715707301707,0.08670476173372318,0.041259765625,7.933527894010695e-05,0.00658662999905654,0.08115805566335692,0.1484375,0.10974924533624739
78,model.layers.11.self_attn.q_proj,11,layers_08_15,q_proj,attention,4096,4096,16777216,1.2828390026697889e-05,0.023869667202234268,0.01788051798939705,0.609375,0.0010294914245605469,1.43745756149292,4.118111610412598,1.5267155170440674,3.7522764205932617,0.004282553269149503,0.42728334201087137,0.2859619490336627,27.25,0.7489336021244526,dense_nvfp4,4.265696588845458e-06,0.007486814717243013,0.08652638162573893,0.0283203125,0.0025985224328906043,0.0015646271533824817,0.039555368199303644,0.625,1.2887177306119884
78,model.layers.11.self_attn.q_proj,11,layers_08_15,q_proj,attention,4096,4096,16777216,1.2828390026697889e-05,0.023869667202234268,0.01788051798939705,0.609375,0.0010294914245605469,1.43745756149292,4.118111610412598,1.5267155170440674,3.7522764205932617,0.004282553269149503,0.42728334201087137,0.2859619490336627,27.25,0.7489336021244526,sparse_bf16,9.808287722989917e-05,0.17214734181389588,0.4149064253707044,0.1494140625,0.02791763105778955,0.0168098158623711,0.12965267394994637,2.3203125,1.2887177306119884
78,model.layers.11.self_attn.q_proj,11,layers_08_15,q_proj,attention,4096,4096,16777216,1.2828390026697889e-05,0.023869667202234268,0.01788051798939705,0.609375,0.0010294914245605469,1.43745756149292,4.118111610412598,1.5267155170440674,3.7522764205932617,0.004282553269149503,0.42728334201087137,0.2859619490336627,27.25,0.7489336021244526,sparse_nvfp4,0.00016288526239804924,0.2858833848925409,0.5346806382248575,0.166015625,0.0566348014108371,0.034101051810142564,0.1846647010398646,3.0390625,1.2887177306119884
78,model.layers.11.self_attn.q_proj,11,layers_08_15,q_proj,attention,4096,4096,16777216,1.2828390026697889e-05,0.023869667202234268,0.01788051798939705,0.609375,0.0010294914245605469,1.43745756149292,4.118111610412598,1.5267155170440674,3.7522764205932617,0.004282553269149503,0.42728334201087137,0.2859619490336627,27.25,0.7489336021244526,marlin_nvfp4,4.265696588845458e-06,0.007486814717243013,0.08652638162573893,0.0283203125,0.0025985224328906043,0.0015646271533824817,0.039555368199303644,0.625,1.2887177306119884
79,model.layers.11.self_attn.k_proj,11,layers_08_15,k_proj,attention,4096,4096,16777216,-8.133804385579424e-08,0.023801522329449654,0.01782408356666565,0.279296875,0.0007163882255554199,1.4332164525985718,3.066028118133545,1.5219972133636475,2.3947174549102783,0.004282553269149503,0.42728334201087137,0.2859619490336627,27.25,0.7489336021244526,dense_nvfp4,4.233550043863943e-06,0.00747300425451138,0.08644653986430793,0.025390625,0.002724916110310005,0.0011272819510479892,0.033575019747544295,0.5625,1.5547490191628313
79,model.layers.11.self_attn.k_proj,11,layers_08_15,k_proj,attention,4096,4096,16777216,-8.133804385579424e-08,0.023801522329449654,0.01782408356666565,0.279296875,0.0007163882255554199,1.4332164525985718,3.066028118133545,1.5219972133636475,2.3947174549102783,0.004282553269149503,0.42728334201087137,0.2859619490336627,27.25,0.7489336021244526,sparse_bf16,9.748173761181533e-05,0.17207342120972688,0.4148173347507634,0.12158203125,0.027975382647127844,0.01157325314069231,0.10757905530674784,2.046875,1.5547490191628313
79,model.layers.11.self_attn.k_proj,11,layers_08_15,k_proj,attention,4096,4096,16777216,-8.133804385579424e-08,0.023801522329449654,0.01782408356666565,0.279296875,0.0007163882255554199,1.4332164525985718,3.066028118133545,1.5219972133636475,2.3947174549102783,0.004282553269149503,0.42728334201087137,0.2859619490336627,27.25,0.7489336021244526,sparse_nvfp4,0.00016174218035303056,0.2855050700685633,0.5343267446689931,0.1298828125,0.05753726759576239,0.023802833058938565,0.15428166792894923,2.6875,1.5547490191628313
79,model.layers.11.self_attn.k_proj,11,layers_08_15,k_proj,attention,4096,4096,16777216,-8.133804385579424e-08,0.023801522329449654,0.01782408356666565,0.279296875,0.0007163882255554199,1.4332164525985718,3.066028118133545,1.5219972133636475,2.3947174549102783,0.004282553269149503,0.42728334201087137,0.2859619490336627,27.25,0.7489336021244526,marlin_nvfp4,4.233550043863943e-06,0.00747300425451138,0.08644653986430793,0.025390625,0.002724916110310005,0.0011272819510479892,0.033575019747544295,0.5625,1.5547490191628313
80,model.layers.11.self_attn.v_proj,11,layers_08_15,v_proj,attention,4096,4096,16777216,-2.5727545107656624e-06,0.01496933400630951,0.01180756650865078,0.298828125,3.635883331298828e-05,0.9504443407058716,1.2308814525604248,0.9553393721580505,2.39507794380188,0.004282553269149503,0.42728334201087137,0.2859619490336627,27.25,0.8303800784051418,dense_nvfp4,1.6786382275313372e-06,0.007491212301756353,0.08655178970856901,0.013671875,0.0009428501880393014,0.005402345568240772,0.07350065012121167,0.205078125,0.4177631850018965
80,model.layers.11.self_attn.v_proj,11,layers_08_15,v_proj,attention,4096,4096,16777216,-2.5727545107656624e-06,0.01496933400630951,0.01180756650865078,0.298828125,3.635883331298828e-05,0.9504443407058716,1.2308814525604248,0.9553393721580505,2.39507794380188,0.004282553269149503,0.42728334201087137,0.2859619490336627,27.25,0.8303800784051418,sparse_bf16,3.793433279497549e-05,0.1692884957770538,0.4114468322603223,0.05322265625,0.010704051892389543,0.06133210560558265,0.2476531962353457,0.80078125,0.4177631850018965
80,model.layers.11.self_attn.v_proj,11,layers_08_15,v_proj,attention,4096,4096,16777216,-2.5727545107656624e-06,0.01496933400630951,0.01180756650865078,0.298828125,3.635883331298828e-05,0.9504443407058716,1.2308814525604248,0.9553393721580505,2.39507794380188,0.004282553269149503,0.42728334201087137,0.2859619490336627,27.25,0.8303800784051418,sparse_nvfp4,6.250721344258636e-05,0.27894920931131456,0.5281564250402664,0.05908203125,0.02098498110717628,0.12023980174382116,0.3467561127706636,1.0625,0.4177631850018965
80,model.layers.11.self_attn.v_proj,11,layers_08_15,v_proj,attention,4096,4096,16777216,-2.5727545107656624e-06,0.01496933400630951,0.01180756650865078,0.298828125,3.635883331298828e-05,0.9504443407058716,1.2308814525604248,0.9553393721580505,2.39507794380188,0.004282553269149503,0.42728334201087137,0.2859619490336627,27.25,0.8303800784051418,marlin_nvfp4,1.6786382275313372e-06,0.007491212301756353,0.08655178970856901,0.013671875,0.0009428501880393014,0.005402345568240772,0.07350065012121167,0.205078125,0.4177631850018965
81,model.layers.11.self_attn.o_proj,11,layers_08_15,o_proj,attention,4096,4096,16777216,-2.472718733770307e-06,0.014827976934611797,0.011700381524860859,0.578125,7.420778274536133e-05,0.9461336731910706,5.2591233253479,0.9419804215431213,1.3575057983398438,-6.571668947685794e-05,0.09627981343038106,0.058617350819986314,2.90625,0.271782498806715,dense_nvfp4,1.6470776245114394e-06,0.007491180417910163,0.08655160551896286,0.064453125,5.648127822155402e-05,0.008195931117889004,0.09053138195061977,0.27734375,0.08301433790026924
81,model.layers.11.self_attn.o_proj,11,layers_08_15,o_proj,attention,4096,4096,16777216,-2.472718733770307e-06,0.014827976934611797,0.011700381524860859,0.578125,7.420778274536133e-05,0.9461336731910706,5.2591233253479,0.9419804215431213,1.3575057983398438,-6.571668947685794e-05,0.09627981343038106,0.058617350819986314,2.90625,0.271782498806715,sparse_bf16,4.034392622997984e-05,0.1834908237826882,0.42835828903231016,0.484375,0.0005650523073654767,0.08199406838856545,0.2863460640354001,0.9296875,0.08301433790026924
81,model.layers.11.self_attn.o_proj,11,layers_08_15,o_proj,attention,4096,4096,16777216,-2.472718733770307e-06,0.014827976934611797,0.011700381524860859,0.578125,7.420778274536133e-05,0.9461336731910706,5.2591233253479,0.9419804215431213,1.3575057983398438,-6.571668947685794e-05,0.09627981343038106,0.058617350819986314,2.90625,0.271782498806715,sparse_nvfp4,6.53655079076998e-05,0.2972930999473436,0.5452459077767972,0.373046875,0.0011145498492624029,0.16173100325697432,0.4021579332264556,1.361328125,0.08301433790026924
81,model.layers.11.self_attn.o_proj,11,layers_08_15,o_proj,attention,4096,4096,16777216,-2.472718733770307e-06,0.014827976934611797,0.011700381524860859,0.578125,7.420778274536133e-05,0.9461336731910706,5.2591233253479,0.9419804215431213,1.3575057983398438,-6.571668947685794e-05,0.09627981343038106,0.058617350819986314,2.90625,0.271782498806715,marlin_nvfp4,1.6470776245114394e-06,0.007491180417910163,0.08655160551896286,0.064453125,5.648127822155402e-05,0.008195931117889004,0.09053138195061977,0.27734375,0.08301433790026924
82,model.layers.11.mlp.gate_proj,11,layers_08_15,gate_proj,mlp,4096,11008,45088768,-2.0639130525523797e-05,0.019199110567569733,0.01510405819863081,0.40234375,0.00021273590391501784,1.2122642993927002,3.8235280513763428,2.0142059326171875,2.474904775619507,0.001884611149534976,0.22972587461862828,0.1766781349433586,6.625,0.6736696250736713,dense_nvfp4,2.744775651250208e-06,0.007446361219249159,0.0862923010427301,0.025390625,0.0005750751849074393,0.0026642642029620772,0.0516165109530088,0.3125,0.46459407728747326
82,model.layers.11.mlp.gate_proj,11,layers_08_15,gate_proj,mlp,4096,11008,45088768,-2.0639130525523797e-05,0.019199110567569733,0.01510405819863081,0.40234375,0.00021273590391501784,1.2122642993927002,3.8235280513763428,2.0142059326171875,2.474904775619507,0.001884611149534976,0.22972587461862828,0.1766781349433586,6.625,0.6736696250736713,sparse_bf16,6.241836520128472e-05,0.16933613273349768,0.4115047177536336,0.1396484375,0.007324586281293007,0.033934055133846605,0.18421198422970914,1.4375,0.46459407728747326
82,model.layers.11.mlp.gate_proj,11,layers_08_15,gate_proj,mlp,4096,11008,45088768,-2.0639130525523797e-05,0.019199110567569733,0.01510405819863081,0.40234375,0.00021273590391501784,1.2122642993927002,3.8235280513763428,2.0142059326171875,2.474904775619507,0.001884611149534976,0.22972587461862828,0.1766781349433586,6.625,0.6736696250736713,sparse_nvfp4,0.00010322779417037964,0.28004891507574764,0.5291964805965245,0.1796875,0.014823017652731302,0.06867351669574027,0.262056323517942,2.279296875,0.46459407728747326
82,model.layers.11.mlp.gate_proj,11,layers_08_15,gate_proj,mlp,4096,11008,45088768,-2.0639130525523797e-05,0.019199110567569733,0.01510405819863081,0.40234375,0.00021273590391501784,1.2122642993927002,3.8235280513763428,2.0142059326171875,2.474904775619507,0.001884611149534976,0.22972587461862828,0.1766781349433586,6.625,0.6736696250736713,marlin_nvfp4,2.744775651250208e-06,0.007446361219249159,0.0862923010427301,0.025390625,0.0005750751849074393,0.0026642642029620772,0.0516165109530088,0.3125,0.46459407728747326
83,model.layers.11.mlp.up_proj,11,layers_08_15,up_proj,mlp,4096,11008,45088768,-1.1734286999853794e-06,0.01813952624797821,0.01442842185497284,0.423828125,1.2708264875982422e-05,1.1587944030761719,1.4684792757034302,1.9026204347610474,1.9517015218734741,0.001884611149534976,0.22972587461862828,0.1766781349433586,6.625,0.6867518872022629,dense_nvfp4,2.450297172397895e-06,0.007446752670222092,0.08629456918150813,0.017333984375,0.0005005254741178739,0.0048970903380048374,0.06997921361379275,0.15625,0.3197010296717565
83,model.layers.11.mlp.up_proj,11,layers_08_15,up_proj,mlp,4096,11008,45088768,-1.1734286999853794e-06,0.01813952624797821,0.01442842185497284,0.423828125,1.2708264875982422e-05,1.1587944030761719,1.4684792757034302,1.9026204347610474,1.9517015218734741,0.001884611149534976,0.22972587461862828,0.1766781349433586,6.625,0.6867518872022629,sparse_bf16,5.536491787710855e-05,0.1682607541168214,0.4101959947596044,0.068359375,0.0064504485804760875,0.06311053293524753,0.2512180983433469,0.65625,0.3197010296717565
83,model.layers.11.mlp.up_proj,11,layers_08_15,up_proj,mlp,4096,11008,45088768,-1.1734286999853794e-06,0.01813952624797821,0.01442842185497284,0.423828125,1.2708264875982422e-05,1.1587944030761719,1.4684792757034302,1.9026204347610474,1.9517015218734741,0.001884611149534976,0.22972587461862828,0.1766781349433586,6.625,0.6867518872022629,sparse_nvfp4,9.137759158431097e-05,0.2777076722751215,0.5269797645784148,0.0703125,0.012616281917448654,0.12343641927190506,0.3513351950373106,1.03125,0.3197010296717565
83,model.layers.11.mlp.up_proj,11,layers_08_15,up_proj,mlp,4096,11008,45088768,-1.1734286999853794e-06,0.01813952624797821,0.01442842185497284,0.423828125,1.2708264875982422e-05,1.1587944030761719,1.4684792757034302,1.9026204347610474,1.9517015218734741,0.001884611149534976,0.22972587461862828,0.1766781349433586,6.625,0.6867518872022629,marlin_nvfp4,2.450297172397895e-06,0.007446752670222092,0.08629456918150813,0.017333984375,0.0005005254741178739,0.0048970903380048374,0.06997921361379275,0.15625,0.3197010296717565
84,model.layers.11.mlp.down_proj,11,layers_08_15,down_proj,mlp,11008,4096,45088768,-2.583082732598996e-06,0.01793530024588108,0.014260189607739449,0.765625,3.382216891623102e-05,1.8792016506195068,6.367800235748291,1.146073818206787,1.4722204208374023,-3.99228606881458e-05,0.05935395333715518,0.035240851191067415,10.25,0.09116525566855142,dense_nvfp4,2.4207862267314002e-06,0.007525565202426282,0.08675001557594259,0.031494140625,8.931481426088794e-05,0.0067151741182675554,0.08194616597661879,0.1875,0.11532756185850186
84,model.layers.11.mlp.down_proj,11,layers_08_15,down_proj,mlp,11008,4096,45088768,-2.583082732598996e-06,0.01793530024588108,0.014260189607739449,0.765625,3.382216891623102e-05,1.8792016506195068,6.367800235748291,1.146073818206787,1.4722204208374023,-3.99228606881458e-05,0.05935395333715518,0.035240851191067415,10.25,0.09116525566855142,sparse_bf16,5.390662916524466e-05,0.16758103137996544,0.409366622210416,0.1337890625,0.0011302150560368318,0.08497572273067384,0.29150595659552797,0.5,0.11532756185850186
84,model.layers.11.mlp.down_proj,11,layers_08_15,down_proj,mlp,11008,4096,45088768,-2.583082732598996e-06,0.01793530024588108,0.014260189607739449,0.765625,3.382216891623102e-05,1.8792016506195068,6.367800235748291,1.146073818206787,1.4722204208374023,-3.99228606881458e-05,0.05935395333715518,0.035240851191067415,10.25,0.09116525566855142,sparse_nvfp4,8.8987585027204e-05,0.2766381706627999,0.5259640393247431,0.1845703125,0.0021503158641280606,0.16167245665108243,0.4020851360732978,0.9609375,0.11532756185850186
84,model.layers.11.mlp.down_proj,11,layers_08_15,down_proj,mlp,11008,4096,45088768,-2.583082732598996e-06,0.01793530024588108,0.014260189607739449,0.765625,3.382216891623102e-05,1.8792016506195068,6.367800235748291,1.146073818206787,1.4722204208374023,-3.99228606881458e-05,0.05935395333715518,0.035240851191067415,10.25,0.09116525566855142,marlin_nvfp4,2.4207862267314002e-06,0.007525565202426282,0.08675001557594259,0.031494140625,8.931481426088794e-05,0.0067151741182675554,0.08194616597661879,0.1875,0.11532756185850186
85,model.layers.12.self_attn.q_proj,12,layers_08_15,q_proj,attention,4096,4096,16777216,8.65713047915051e-07,0.024359170347452164,0.01862308755517006,0.5234375,0.0003668665885925293,1.4970394372940063,3.231821060180664,1.5581380128860474,3.7370800971984863,0.004236728491378017,0.42679142926021835,0.2866789856925607,28.0,0.7402664013206959,dense_nvfp4,4.4381108637026045e-06,0.007479510902928819,0.08648416561966023,0.025390625,0.002691886980755953,0.0016063625416238838,0.04007945286083486,0.51171875,1.2945136279700693
85,model.layers.12.self_attn.q_proj,12,layers_08_15,q_proj,attention,4096,4096,16777216,8.65713047915051e-07,0.024359170347452164,0.01862308755517006,0.5234375,0.0003668665885925293,1.4970394372940063,3.231821060180664,1.5581380128860474,3.7370800971984863,0.004236728491378017,0.42679142926021835,0.2866789856925607,28.0,0.7402664013206959,sparse_bf16,0.00010100039071403444,0.1702151088031749,0.41257133783525834,0.1474609375,0.029509808198781684,0.017609747675110834,0.1327017244617071,2.046875,1.2945136279700693
85,model.layers.12.self_attn.q_proj,12,layers_08_15,q_proj,attention,4096,4096,16777216,8.65713047915051e-07,0.024359170347452164,0.01862308755517006,0.5234375,0.0003668665885925293,1.4970394372940063,3.231821060180664,1.5581380128860474,3.7370800971984863,0.004236728491378017,0.42679142926021835,0.2866789856925607,28.0,0.7402664013206959,sparse_nvfp4,0.00016781283193267882,0.2828135539283681,0.5318021755581375,0.1337890625,0.05944726796587929,0.035474693085163905,0.1883472672622672,2.734375,1.2945136279700693
85,model.layers.12.self_attn.q_proj,12,layers_08_15,q_proj,attention,4096,4096,16777216,8.65713047915051e-07,0.024359170347452164,0.01862308755517006,0.5234375,0.0003668665885925293,1.4970394372940063,3.231821060180664,1.5581380128860474,3.7370800971984863,0.004236728491378017,0.42679142926021835,0.2866789856925607,28.0,0.7402664013206959,marlin_nvfp4,4.4381108637026045e-06,0.007479510902928819,0.08648416561966023,0.025390625,0.002691886980755953,0.0016063625416238838,0.04007945286083486,0.51171875,1.2945136279700693
86,model.layers.12.self_attn.k_proj,12,layers_08_15,k_proj,attention,4096,4096,16777216,3.187414449712378e-06,0.025114405900239944,0.01905214786529541,0.298828125,0.0003739595413208008,1.531663417816162,2.9750146865844727,1.6062158346176147,2.344308853149414,0.004236728491378017,0.42679142926021835,0.2866789856925607,28.0,0.7337335161864758,dense_nvfp4,4.714499482361134e-06,0.007474630610438359,0.08645594606756876,0.0224609375,0.002999669610289857,0.0011863523083505286,0.03444346539404142,0.546875,1.5901198967433514
86,model.layers.12.self_attn.k_proj,12,layers_08_15,k_proj,attention,4096,4096,16777216,3.187414449712378e-06,0.025114405900239944,0.01905214786529541,0.298828125,0.0003739595413208008,1.531663417816162,2.9750146865844727,1.6062158346176147,2.344308853149414,0.004236728491378017,0.42679142926021835,0.2866789856925607,28.0,0.7337335161864758,sparse_bf16,0.0001075261679943651,0.170477988113236,0.41288980141586934,0.10546875,0.031600602727849036,0.012497859051827086,0.11179382385367756,1.625,1.5901198967433514
86,model.layers.12.self_attn.k_proj,12,layers_08_15,k_proj,attention,4096,4096,16777216,3.187414449712378e-06,0.025114405900239944,0.01905214786529541,0.298828125,0.0003739595413208008,1.531663417816162,2.9750146865844727,1.6062158346176147,2.344308853149414,0.004236728491378017,0.42679142926021835,0.2866789856925607,28.0,0.7337335161864758,sparse_nvfp4,0.00017884017142932862,0.28354318941874607,0.5324877364022068,0.14453125,0.064408901729621,0.025473355126558284,0.15960374408690506,2.5,1.5901198967433514
86,model.layers.12.self_attn.k_proj,12,layers_08_15,k_proj,attention,4096,4096,16777216,3.187414449712378e-06,0.025114405900239944,0.01905214786529541,0.298828125,0.0003739595413208008,1.531663417816162,2.9750146865844727,1.6062158346176147,2.344308853149414,0.004236728491378017,0.42679142926021835,0.2866789856925607,28.0,0.7337335161864758,marlin_nvfp4,4.714499482361134e-06,0.007474630610438359,0.08645594606756876,0.0224609375,0.002999669610289857,0.0011863523083505286,0.03444346539404142,0.546875,1.5901198967433514
87,model.layers.12.self_attn.v_proj,12,layers_08_15,v_proj,attention,4096,4096,16777216,-7.422395356115885e-07,0.014782287180423737,0.011668895371258259,0.251953125,4.1365623474121094e-05,0.9388904571533203,1.228502869606018,0.9437106251716614,2.4365992546081543,0.004236728491378017,0.42679142926021835,0.2866789856925607,28.0,0.833268329501152,dense_nvfp4,1.6350697933376068e-06,0.007482608613929418,0.08650207288804944,0.010986328125,0.0009193948449137679,0.005465118902601799,0.0739264425128235,0.22265625,0.410158035722887
87,model.layers.12.self_attn.v_proj,12,layers_08_15,v_proj,attention,4096,4096,16777216,-7.422395356115885e-07,0.014782287180423737,0.011668895371258259,0.251953125,4.1365623474121094e-05,0.9388904571533203,1.228502869606018,0.9437106251716614,2.4365992546081543,0.004236728491378017,0.42679142926021835,0.2866789856925607,28.0,0.833268329501152,sparse_bf16,3.673047467600554e-05,0.1680905410425174,0.40998846452371973,0.04833984375,0.010627807627315633,0.06317441595259968,0.2513452127107252,0.780029296875,0.410158035722887
87,model.layers.12.self_attn.v_proj,12,layers_08_15,v_proj,attention,4096,4096,16777216,-7.422395356115885e-07,0.014782287180423737,0.011668895371258259,0.251953125,4.1365623474121094e-05,0.9388904571533203,1.228502869606018,0.9437106251716614,2.4365992546081543,0.004236728491378017,0.42679142926021835,0.2866789856925607,28.0,0.833268329501152,sparse_nvfp4,6.073360418668017e-05,0.27793663101963956,0.527196956572816,0.059326171875,0.020774592077941634,0.12348950669790755,0.35141073788077043,1.0234375,0.410158035722887
87,model.layers.12.self_attn.v_proj,12,layers_08_15,v_proj,attention,4096,4096,16777216,-7.422395356115885e-07,0.014782287180423737,0.011668895371258259,0.251953125,4.1365623474121094e-05,0.9388904571533203,1.228502869606018,0.9437106251716614,2.4365992546081543,0.004236728491378017,0.42679142926021835,0.2866789856925607,28.0,0.833268329501152,marlin_nvfp4,1.6350697933376068e-06,0.007482608613929418,0.08650207288804944,0.010986328125,0.0009193948449137679,0.005465118902601799,0.0739264425128235,0.22265625,0.410158035722887
88,model.layers.12.self_attn.o_proj,12,layers_08_15,o_proj,attention,4096,4096,16777216,-3.2192606340686325e-06,0.014656329527497292,0.011588705703616142,0.51953125,7.05718994140625e-05,0.9359126687049866,4.5703043937683105,0.9321058392524719,1.232336163520813,0.0002621677844132364,0.1050190486356245,0.0642954200739041,2.859375,0.2991783656179905,dense_nvfp4,1.6076991187219392e-06,0.007484353696685444,0.08651215924183978,0.060546875,6.542348654647867e-05,0.007829613971273436,0.08848510592904003,0.3125,0.0914106226690231
88,model.layers.12.self_attn.o_proj,12,layers_08_15,o_proj,attention,4096,4096,16777216,-3.2192606340686325e-06,0.014656329527497292,0.011588705703616142,0.51953125,7.05718994140625e-05,0.9359126687049866,4.5703043937683105,0.9321058392524719,1.232336163520813,0.0002621677844132364,0.1050190486356245,0.0642954200739041,2.859375,0.2991783656179905,sparse_bf16,3.8046757254051045e-05,0.17711982608264448,0.42085606337873344,0.328125,0.0006896125478306203,0.08252999533163387,0.2872803427518734,1.046875,0.0914106226690231
88,model.layers.12.self_attn.o_proj,12,layers_08_15,o_proj,attention,4096,4096,16777216,-3.2192606340686325e-06,0.014656329527497292,0.011588705703616142,0.51953125,7.05718994140625e-05,0.9359126687049866,4.5703043937683105,0.9321058392524719,1.232336163520813,0.0002621677844132364,0.1050190486356245,0.0642954200739041,2.859375,0.2991783656179905,sparse_nvfp4,6.198431947268546e-05,0.28855683577827557,0.5371748651773234,0.3671875,0.0013303645346240955,0.15921255954128205,0.39901448537776424,1.5478515625,0.0914106226690231
88,model.layers.12.self_attn.o_proj,12,layers_08_15,o_proj,attention,4096,4096,16777216,-3.2192606340686325e-06,0.014656329527497292,0.011588705703616142,0.51953125,7.05718994140625e-05,0.9359126687049866,4.5703043937683105,0.9321058392524719,1.232336163520813,0.0002621677844132364,0.1050190486356245,0.0642954200739041,2.859375,0.2991783656179905,marlin_nvfp4,1.6076991187219392e-06,0.007484353696685444,0.08651215924183978,0.060546875,6.542348654647867e-05,0.007829613971273436,0.08848510592904003,0.3125,0.0914106226690231
89,model.layers.12.mlp.gate_proj,12,layers_08_15,gate_proj,mlp,4096,11008,45088768,-2.7142865292262286e-05,0.019077392295002937,0.01502773817628622,0.35546875,0.00019415034330449998,1.2060967683792114,3.7395567893981934,2.0014514923095703,2.401092767715454,0.0014385805375241034,0.23626481675967112,0.1821433297591284,8.125,0.6846988387405872,dense_nvfp4,2.7096969059256967e-06,0.007445293919740002,0.08628611661061124,0.0302734375,0.000601824970650595,0.002805375259497316,0.05296579329621445,0.3515625,0.4631691451200379
89,model.layers.12.mlp.gate_proj,12,layers_08_15,gate_proj,mlp,4096,11008,45088768,-2.7142865292262286e-05,0.019077392295002937,0.01502773817628622,0.35546875,0.00019415034330449998,1.2060967683792114,3.7395567893981934,2.0014514923095703,2.401092767715454,0.0014385805375241034,0.23626481675967112,0.1821433297591284,8.125,0.6846988387405872,sparse_bf16,6.170225936139739e-05,0.16953610400226427,0.4117476217323717,0.1279296875,0.007669151387025797,0.035749343433263255,0.1890749677595193,1.484375,0.4631691451200379
89,model.layers.12.mlp.gate_proj,12,layers_08_15,gate_proj,mlp,4096,11008,45088768,-2.7142865292262286e-05,0.019077392295002937,0.01502773817628622,0.35546875,0.00019415034330449998,1.2060967683792114,3.7395567893981934,2.0014514923095703,2.401092767715454,0.0014385805375241034,0.23626481675967112,0.1821433297591284,8.125,0.6846988387405872,sparse_nvfp4,0.00010198513912253602,0.28021928746066066,0.5293574288329773,0.2255859375,0.015363919407909,0.07161809744993497,0.2676155777415339,2.125,0.4631691451200379
89,model.layers.12.mlp.gate_proj,12,layers_08_15,gate_proj,mlp,4096,11008,45088768,-2.7142865292262286e-05,0.019077392295002937,0.01502773817628622,0.35546875,0.00019415034330449998,1.2060967683792114,3.7395567893981934,2.0014514923095703,2.401092767715454,0.0014385805375241034,0.23626481675967112,0.1821433297591284,8.125,0.6846988387405872,marlin_nvfp4,2.7096969059256967e-06,0.007445293919740002,0.08628611661061124,0.0302734375,0.000601824970650595,0.002805375259497316,0.05296579329621445,0.3515625,0.4631691451200379
90,model.layers.12.mlp.up_proj,12,layers_08_15,up_proj,mlp,4096,11008,45088768,-2.504886197129963e-06,0.018304727971553802,0.014562737196683884,0.24609375,1.031298961606808e-05,1.169297456741333,1.5023196935653687,1.9199540615081787,1.9712214469909668,0.0014385805375241034,0.23626481675967112,0.1821433297591284,8.125,0.6941591203212738,dense_nvfp4,2.4945996322690746e-06,0.007445164362521585,0.08628536586537479,0.01220703125,0.0005423600817922243,0.00494908436418587,0.07034972895602278,0.150634765625,0.33104072942288953
90,model.layers.12.mlp.up_proj,12,layers_08_15,up_proj,mlp,4096,11008,45088768,-2.504886197129963e-06,0.018304727971553802,0.014562737196683884,0.24609375,1.031298961606808e-05,1.169297456741333,1.5023196935653687,1.9199540615081787,1.9712214469909668,0.0014385805375241034,0.23626481675967112,0.1821433297591284,8.125,0.6941591203212738,sparse_bf16,5.647744766848032e-05,0.16855766160964172,0.4105577445495843,0.0654296875,0.006982353938266982,0.0637146055935715,0.25241752235843595,0.875,0.33104072942288953
90,model.layers.12.mlp.up_proj,12,layers_08_15,up_proj,mlp,4096,11008,45088768,-2.504886197129963e-06,0.018304727971553802,0.014562737196683884,0.24609375,1.031298961606808e-05,1.169297456741333,1.5023196935653687,1.9199540615081787,1.9712214469909668,0.0014385805375241034,0.23626481675967112,0.1821433297591284,8.125,0.6941591203212738,sparse_nvfp4,9.317769733972327e-05,0.27809002400297916,0.5273424162752122,0.06982421875,0.013574805468060943,0.12387131675849018,0.3519535718791474,1.28125,0.33104072942288953
90,model.layers.12.mlp.up_proj,12,layers_08_15,up_proj,mlp,4096,11008,45088768,-2.504886197129963e-06,0.018304727971553802,0.014562737196683884,0.24609375,1.031298961606808e-05,1.169297456741333,1.5023196935653687,1.9199540615081787,1.9712214469909668,0.0014385805375241034,0.23626481675967112,0.1821433297591284,8.125,0.6941591203212738,marlin_nvfp4,2.4945996322690746e-06,0.007445164362521585,0.08628536586537479,0.01220703125,0.0005423600817922243,0.00494908436418587,0.07034972895602278,0.150634765625,0.33104072942288953
91,model.layers.12.mlp.down_proj,12,layers_08_15,down_proj,mlp,11008,4096,45088768,-1.1765653198381187e-06,0.018085666000843048,0.014382700435817242,0.6484375,2.949736881419085e-05,1.8952558040618896,5.782737731933594,1.1555105447769165,1.630210518836975,-1.0821328268067128e-05,0.06296449741300275,0.037047549020932165,10.1875,0.10007117931232896,dense_nvfp4,2.4596689442215965e-06,0.007519824397908158,0.08671692105874239,0.037109375,0.00010195517944566745,0.006762945811591408,0.08223713158659784,0.1640625,0.12278256247091318
91,model.layers.12.mlp.down_proj,12,layers_08_15,down_proj,mlp,11008,4096,45088768,-1.1765653198381187e-06,0.018085666000843048,0.014382700435817242,0.6484375,2.949736881419085e-05,1.8952558040618896,5.782737731933594,1.1555105447769165,1.630210518836975,-1.0821328268067128e-05,0.06296449741300275,0.037047549020932165,10.1875,0.10007117931232896,sparse_bf16,5.5005882195262025e-05,0.16816676729286223,0.41008141544437515,0.125,0.0012969906238140538,0.08603267979799847,0.29331327927320044,0.4765625,0.12278256247091318
91,model.layers.12.mlp.down_proj,12,layers_08_15,down_proj,mlp,11008,4096,45088768,-1.1765653198381187e-06,0.018085666000843048,0.014382700435817242,0.6484375,2.949736881419085e-05,1.8952558040618896,5.782737731933594,1.1555105447769165,1.630210518836975,-1.0821328268067128e-05,0.06296449741300275,0.037047549020932165,10.1875,0.10007117931232896,sparse_nvfp4,9.043821198649184e-05,0.2764922794170717,0.5258253316616381,0.1474609375,0.0024500108575011836,0.16251543822666686,0.40313203572361606,0.74609375,0.12278256247091318
91,model.layers.12.mlp.down_proj,12,layers_08_15,down_proj,mlp,11008,4096,45088768,-1.1765653198381187e-06,0.018085666000843048,0.014382700435817242,0.6484375,2.949736881419085e-05,1.8952558040618896,5.782737731933594,1.1555105447769165,1.630210518836975,-1.0821328268067128e-05,0.06296449741300275,0.037047549020932165,10.1875,0.10007117931232896,marlin_nvfp4,2.4596689442215965e-06,0.007519824397908158,0.08671692105874239,0.037109375,0.00010195517944566745,0.006762945811591408,0.08223713158659784,0.1640625,0.12278256247091318
92,model.layers.13.self_attn.q_proj,13,layers_08_15,q_proj,attention,4096,4096,16777216,8.50299602461746e-06,0.024126699194312096,0.01847551390528679,0.6796875,0.0003447532653808594,1.485295057296753,3.005904197692871,1.5429821014404297,4.39333438873291,0.0035753216500324925,0.4250950677918,0.2917821502778679,23.5,0.7466650828719139,dense_nvfp4,4.35201354775927e-06,0.007476432444538752,0.08646636597278015,0.026123046875,0.0027191602675884496,0.0016263560039891441,0.040328104393699736,0.53125,1.2930329564739678
92,model.layers.13.self_attn.q_proj,13,layers_08_15,q_proj,attention,4096,4096,16777216,8.50299602461746e-06,0.024126699194312096,0.01847551390528679,0.6796875,0.0003447532653808594,1.485295057296753,3.005904197692871,1.5429821014404297,4.39333438873291,0.0035753216500324925,0.4250950677918,0.2917821502778679,23.5,0.7466650828719139,sparse_bf16,9.852761286310852e-05,0.16926303960427028,0.41141589614922547,0.10791015625,0.030247978735133074,0.018091608064002958,0.13450504847031935,1.857421875,1.2930329564739678
92,model.layers.13.self_attn.q_proj,13,layers_08_15,q_proj,attention,4096,4096,16777216,8.50299602461746e-06,0.024126699194312096,0.01847551390528679,0.6796875,0.0003447532653808594,1.485295057296753,3.005904197692871,1.5429821014404297,4.39333438873291,0.0035753216500324925,0.4250950677918,0.2917821502778679,23.5,0.7466650828719139,sparse_nvfp4,0.00016353317187167704,0.2809377081487358,0.5300355725314442,0.12353515625,0.06034352196729742,0.03609204298222655,0.189979059325565,2.5234375,1.2930329564739678
92,model.layers.13.self_attn.q_proj,13,layers_08_15,q_proj,attention,4096,4096,16777216,8.50299602461746e-06,0.024126699194312096,0.01847551390528679,0.6796875,0.0003447532653808594,1.485295057296753,3.005904197692871,1.5429821014404297,4.39333438873291,0.0035753216500324925,0.4250950677918,0.2917821502778679,23.5,0.7466650828719139,marlin_nvfp4,4.35201354775927e-06,0.007476432444538752,0.08646636597278015,0.026123046875,0.0027191602675884496,0.0016263560039891441,0.040328104393699736,0.53125,1.2930329564739678
93,model.layers.13.self_attn.k_proj,13,layers_08_15,k_proj,attention,4096,4096,16777216,-1.1809254374384182e-07,0.024564510211348534,0.018711557611823082,0.30078125,0.0004038214683532715,1.5041463375091553,3.016115665435791,1.5710793733596802,2.3983376026153564,0.0035753216500324925,0.4250950677918,0.2917821502778679,23.5,0.7446937821805477,dense_nvfp4,4.510486633080291e-06,0.007474930561812298,0.08645768075661235,0.0224609375,0.002919396025390597,0.0012023846480351355,0.034675418498341666,0.515625,1.5582057223677295
93,model.layers.13.self_attn.k_proj,13,layers_08_15,k_proj,attention,4096,4096,16777216,-1.1809254374384182e-07,0.024564510211348534,0.018711557611823082,0.30078125,0.0004038214683532715,1.5041463375091553,3.016115665435791,1.5710793733596802,2.3983376026153564,0.0035753216500324925,0.4250950677918,0.2917821502778679,23.5,0.7446937821805477,sparse_bf16,0.00010202385601587594,0.16907737488320657,0.41119019307761534,0.1123046875,0.03141985727415886,0.012940606105281357,0.11375678487581019,1.96875,1.5582057223677295
93,model.layers.13.self_attn.k_proj,13,layers_08_15,k_proj,attention,4096,4096,16777216,-1.1809254374384182e-07,0.024564510211348534,0.018711557611823082,0.30078125,0.0004038214683532715,1.5041463375091553,3.016115665435791,1.5710793733596802,2.3983376026153564,0.0035753216500324925,0.4250950677918,0.2917821502778679,23.5,0.7446937821805477,sparse_nvfp4,0.00016914831940084696,0.2803182993372751,0.5294509413886003,0.1318359375,0.06329635510337539,0.026069284533843395,0.16145985424817957,2.515625,1.5582057223677295
93,model.layers.13.self_attn.k_proj,13,layers_08_15,k_proj,attention,4096,4096,16777216,-1.1809254374384182e-07,0.024564510211348534,0.018711557611823082,0.30078125,0.0004038214683532715,1.5041463375091553,3.016115665435791,1.5710793733596802,2.3983376026153564,0.0035753216500324925,0.4250950677918,0.2917821502778679,23.5,0.7446937821805477,marlin_nvfp4,4.510486633080291e-06,0.007474930561812298,0.08645768075661235,0.0224609375,0.002919396025390597,0.0012023846480351355,0.034675418498341666,0.515625,1.5582057223677295
94,model.layers.13.self_attn.v_proj,13,layers_08_15,v_proj,attention,4096,4096,16777216,-6.353847311402205e-06,0.015322099439799786,0.012106561101973057,0.2294921875,2.777576446533203e-05,0.9737359881401062,1.2964279651641846,0.9785707592964172,1.923476219177246,0.0035753216500324925,0.4250950677918,0.2917821502778679,23.5,0.831344909965992,dense_nvfp4,1.7570441741554532e-06,0.007484212298258829,0.08651134202090976,0.01123046875,0.0010134790327356313,0.0060095163882254955,0.07752107060809658,0.220703125,0.410664935376183
94,model.layers.13.self_attn.v_proj,13,layers_08_15,v_proj,attention,4096,4096,16777216,-6.353847311402205e-06,0.015322099439799786,0.012106561101973057,0.2294921875,2.777576446533203e-05,0.9737359881401062,1.2964279651641846,0.9785707592964172,1.923476219177246,0.0035753216500324925,0.4250950677918,0.2917821502778679,23.5,0.831344909965992,sparse_bf16,3.9261456549866125e-05,0.16723602074449911,0.4089450094383096,0.0546875,0.011887977838341612,0.07049084917873283,0.26550112839446244,0.796875,0.410664935376183
94,model.layers.13.self_attn.v_proj,13,layers_08_15,v_proj,attention,4096,4096,16777216,-6.353847311402205e-06,0.015322099439799786,0.012106561101973057,0.2294921875,2.777576446533203e-05,0.9737359881401062,1.2964279651641846,0.9785707592964172,1.923476219177246,0.0035753216500324925,0.4250950677918,0.2917821502778679,23.5,0.831344909965992,sparse_nvfp4,6.476240378106013e-05,0.27585850485289576,0.5252223384938,0.0595703125,0.022964329618844204,0.13616908759971874,0.3690109586444808,1.203125,0.410664935376183
94,model.layers.13.self_attn.v_proj,13,layers_08_15,v_proj,attention,4096,4096,16777216,-6.353847311402205e-06,0.015322099439799786,0.012106561101973057,0.2294921875,2.777576446533203e-05,0.9737359881401062,1.2964279651641846,0.9785707592964172,1.923476219177246,0.0035753216500324925,0.4250950677918,0.2917821502778679,23.5,0.831344909965992,marlin_nvfp4,1.7570441741554532e-06,0.007484212298258829,0.08651134202090976,0.01123046875,0.0010134790327356313,0.0060095163882254955,0.07752107060809658,0.220703125,0.410664935376183
95,model.layers.13.self_attn.o_proj,13,layers_08_15,o_proj,attention,4096,4096,16777216,2.8317376745690126e-06,0.015171626582741737,0.012000780552625656,0.5078125,7.325410842895508e-05,0.9688215851783752,4.744053363800049,0.9653710722923279,1.282198190689087,-0.0001253126139744154,0.10837774189794487,0.06537557640695013,4.03125,0.2902881056070328,dense_nvfp4,1.7245304206880974e-06,0.0074921518838134095,0.08655721739874388,0.056640625,7.360460256222723e-05,0.007408746893081108,0.08607407793918624,0.29296875,0.09967359141670776
95,model.layers.13.self_attn.o_proj,13,layers_08_15,o_proj,attention,4096,4096,16777216,2.8317376745690126e-06,0.015171626582741737,0.012000780552625656,0.5078125,7.325410842895508e-05,0.9688215851783752,4.744053363800049,0.9653710722923279,1.282198190689087,-0.0001253126139744154,0.10837774189794487,0.06537557640695013,4.03125,0.2902881056070328,sparse_bf16,4.117608841625042e-05,0.17888783212811396,0.4229513354135603,0.291015625,0.0007594761491418467,0.07644585208604104,0.27648843029327835,1.26953125,0.09967359141670776
95,model.layers.13.self_attn.o_proj,13,layers_08_15,o_proj,attention,4096,4096,16777216,2.8317376745690126e-06,0.015171626582741737,0.012000780552625656,0.5078125,7.325410842895508e-05,0.9688215851783752,4.744053363800049,0.9653710722923279,1.282198190689087,-0.0001253126139744154,0.10837774189794487,0.06537557640695013,4.03125,0.2902881056070328,sparse_nvfp4,6.799200491514057e-05,0.2953884846554142,0.5434965360105013,0.34375,0.001496944101745612,0.15067644653807777,0.3881706410048006,1.630859375,0.09967359141670776
95,model.layers.13.self_attn.o_proj,13,layers_08_15,o_proj,attention,4096,4096,16777216,2.8317376745690126e-06,0.015171626582741737,0.012000780552625656,0.5078125,7.325410842895508e-05,0.9688215851783752,4.744053363800049,0.9653710722923279,1.282198190689087,-0.0001253126139744154,0.10837774189794487,0.06537557640695013,4.03125,0.2902881056070328,marlin_nvfp4,1.7245304206880974e-06,0.0074921518838134095,0.08655721739874388,0.056640625,7.360460256222723e-05,0.007408746893081108,0.08607407793918624,0.29296875,0.09967359141670776
96,model.layers.13.mlp.gate_proj,13,layers_08_15,gate_proj,mlp,4096,11008,45088768,-2.2075177184888162e-05,0.01900838129222393,0.014972241595387459,0.3671875,0.00017911333998199552,1.2017334699630737,3.433061361312866,1.9942092895507812,2.374998092651367,0.0014025654602960458,0.24333911583379686,0.18740794504992664,9.8125,0.6943027712404728,dense_nvfp4,2.691114110179072e-06,0.007448026818761252,0.08630195141919592,0.02490234375,0.0006331768865577963,0.0027184481028169655,0.05213873898376298,0.390625,0.4826163194673751
96,model.layers.13.mlp.gate_proj,13,layers_08_15,gate_proj,mlp,4096,11008,45088768,-2.2075177184888162e-05,0.01900838129222393,0.014972241595387459,0.3671875,0.00017911333998199552,1.2017334699630737,3.433061361312866,1.9942092895507812,2.374998092651367,0.0014025654602960458,0.24333911583379686,0.18740794504992664,9.8125,0.6943027712404728,sparse_bf16,6.112103285484536e-05,0.16916082828720475,0.4112916584216178,0.12353515625,0.007953416740218567,0.0341467781079313,0.1847884685469613,1.375,0.4826163194673751
96,model.layers.13.mlp.gate_proj,13,layers_08_15,gate_proj,mlp,4096,11008,45088768,-2.2075177184888162e-05,0.01900838129222393,0.014972241595387459,0.3671875,0.00017911333998199552,1.2017334699630737,3.433061361312866,1.9942092895507812,2.374998092651367,0.0014025654602960458,0.24333911583379686,0.18740794504992664,9.8125,0.6943027712404728,sparse_nvfp4,0.00010099004261022391,0.2795037724129572,0.5286811632855452,0.150390625,0.015910834149825713,0.06831073247788394,0.2613632194435245,2.21875,0.4826163194673751
96,model.layers.13.mlp.gate_proj,13,layers_08_15,gate_proj,mlp,4096,11008,45088768,-2.2075177184888162e-05,0.01900838129222393,0.014972241595387459,0.3671875,0.00017911333998199552,1.2017334699630737,3.433061361312866,1.9942092895507812,2.374998092651367,0.0014025654602960458,0.24333911583379686,0.18740794504992664,9.8125,0.6943027712404728,marlin_nvfp4,2.691114110179072e-06,0.007448026818761252,0.08630195141919592,0.02490234375,0.0006331768865577963,0.0027184481028169655,0.05213873898376298,0.390625,0.4826163194673751
97,model.layers.13.mlp.up_proj,13,layers_08_15,up_proj,mlp,4096,11008,45088768,2.0065494936716277e-06,0.01849115639925003,0.014706345275044441,0.431640625,1.1488448762975167e-05,1.1808842420578003,1.6222394704818726,1.93952214717865,1.989261269569397,0.0014025654602960458,0.24333911583379686,0.18740794504992664,9.8125,0.6987307369709015,dense_nvfp4,2.546995325923659e-06,0.007449035227658908,0.08630779355109773,0.01513671875,0.0005866585892955448,0.004864744503771046,0.06974772041988933,0.1631317138671875,0.3472663471243255
97,model.layers.13.mlp.up_proj,13,layers_08_15,up_proj,mlp,4096,11008,45088768,2.0065494936716277e-06,0.01849115639925003,0.014706345275044441,0.431640625,1.1488448762975167e-05,1.1808842420578003,1.6222394704818726,1.93952214717865,1.989261269569397,0.0014025654602960458,0.24333911583379686,0.18740794504992664,9.8125,0.6987307369709015,sparse_bf16,5.753001003244588e-05,0.16825436113584155,0.41018820209245604,0.064453125,0.0074414505655769,0.06170668323878759,0.24840829945633378,0.875,0.3472663471243255
97,model.layers.13.mlp.up_proj,13,layers_08_15,up_proj,mlp,4096,11008,45088768,2.0065494936716277e-06,0.01849115639925003,0.014706345275044441,0.431640625,1.1488448762975167e-05,1.1808842420578003,1.6222394704818726,1.93952214717865,1.989261269569397,0.0014025654602960458,0.24333911583379686,0.18740794504992664,9.8125,0.6987307369709015,sparse_nvfp4,9.490694677413896e-05,0.2775683106578657,0.5268475212600565,0.06982421875,0.014467720505456591,0.11997056737127042,0.34636767656822487,1.09375,0.3472663471243255
97,model.layers.13.mlp.up_proj,13,layers_08_15,up_proj,mlp,4096,11008,45088768,2.0065494936716277e-06,0.01849115639925003,0.014706345275044441,0.431640625,1.1488448762975167e-05,1.1808842420578003,1.6222394704818726,1.93952214717865,1.989261269569397,0.0014025654602960458,0.24333911583379686,0.18740794504992664,9.8125,0.6987307369709015,marlin_nvfp4,2.546995325923659e-06,0.007449035227658908,0.08630779355109773,0.01513671875,0.0005866585892955448,0.004864744503771046,0.06974772041988933,0.1631317138671875,0.3472663471243255
98,model.layers.13.mlp.down_proj,13,layers_08_15,down_proj,mlp,11008,4096,45088768,-1.0568447095238298e-07,0.018229808658361435,0.014496325515210629,1.0703125,2.426324863336049e-05,1.9109523296356201,5.342557907104492,1.1644843816757202,1.7718967199325562,-0.00020180592214591195,0.06931355766980725,0.0399464902706271,10.9375,0.11231049410132475,dense_nvfp4,2.5070608095374218e-06,0.007543981316738735,0.086856095449535,0.04443359375,0.00012444503363440163,0.006789874497005236,0.08240069476045234,0.1875,0.13538106032939762
98,model.layers.13.mlp.down_proj,13,layers_08_15,down_proj,mlp,11008,4096,45088768,-1.0568447095238298e-07,0.018229808658361435,0.014496325515210629,1.0703125,2.426324863336049e-05,1.9109523296356201,5.342557907104492,1.1644843816757202,1.7718967199325562,-0.00020180592214591195,0.06931355766980725,0.0399464902706271,10.9375,0.11231049410132475,sparse_bf16,5.627958493870358e-05,0.1693505541134953,0.41152224012013655,0.12060546875,0.0015293442038455396,0.0834429057035751,0.28886485716261,0.529296875,0.13538106032939762
98,model.layers.13.mlp.down_proj,13,layers_08_15,down_proj,mlp,11008,4096,45088768,-1.0568447095238298e-07,0.018229808658361435,0.014496325515210629,1.0703125,2.426324863336049e-05,1.9109523296356201,5.342557907104492,1.1644843816757202,1.7718967199325562,-0.00020180592214591195,0.06931355766980725,0.0399464902706271,10.9375,0.11231049410132475,sparse_nvfp4,9.236658035322677e-05,0.2779397108458485,0.5271998775093262,0.138671875,0.002888592498493381,0.15760516884411022,0.3969951748373149,0.7578125,0.13538106032939762
98,model.layers.13.mlp.down_proj,13,layers_08_15,down_proj,mlp,11008,4096,45088768,-1.0568447095238298e-07,0.018229808658361435,0.014496325515210629,1.0703125,2.426324863336049e-05,1.9109523296356201,5.342557907104492,1.1644843816757202,1.7718967199325562,-0.00020180592214591195,0.06931355766980725,0.0399464902706271,10.9375,0.11231049410132475,marlin_nvfp4,2.5070608095374218e-06,0.007543981316738735,0.086856095449535,0.04443359375,0.00012444503363440163,0.006789874497005236,0.08240069476045234,0.1875,0.13538106032939762
99,model.layers.14.self_attn.q_proj,14,layers_08_15,q_proj,attention,4096,4096,16777216,-5.952071205683751e-06,0.024065129458904266,0.018410902470350266,0.5703125,0.0003247261047363281,1.4793342351913452,3.0155084133148193,1.539198875427246,3.8659887313842773,0.004131658557525952,0.4346275764199976,0.2970619259867817,24.375,0.7514368034899235,dense_nvfp4,4.335769517638255e-06,0.007486688437356838,0.08652565190368021,0.0244140625,0.002774925354970037,0.001672515269473173,0.04089639677860597,0.5,1.2880733856677047
99,model.layers.14.self_attn.q_proj,14,layers_08_15,q_proj,attention,4096,4096,16777216,-5.952071205683751e-06,0.024065129458904266,0.018410902470350266,0.5703125,0.0003247261047363281,1.4793342351913452,3.0155084133148193,1.539198875427246,3.8659887313842773,0.004131658557525952,0.4346275764199976,0.2970619259867817,24.375,0.7514368034899235,sparse_bf16,9.888638305710629e-05,0.1707497452606623,0.41321876199013796,0.1123046875,0.03081702088820748,0.01857417097828827,0.13628709028476715,1.83203125,1.2880733856677047
99,model.layers.14.self_attn.q_proj,14,layers_08_15,q_proj,attention,4096,4096,16777216,-5.952071205683751e-06,0.024065129458904266,0.018410902470350266,0.5703125,0.0003247261047363281,1.4793342351913452,3.0155084133148193,1.539198875427246,3.8659887313842773,0.004131658557525952,0.4346275764199976,0.2970619259867817,24.375,0.7514368034899235,sparse_nvfp4,0.00016442053311038762,0.2839093035489828,0.5328314025552386,0.130859375,0.06163100164849311,0.037146509597244304,0.19273429792656083,2.40625,1.2880733856677047
99,model.layers.14.self_attn.q_proj,14,layers_08_15,q_proj,attention,4096,4096,16777216,-5.952071205683751e-06,0.024065129458904266,0.018410902470350266,0.5703125,0.0003247261047363281,1.4793342351913452,3.0155084133148193,1.539198875427246,3.8659887313842773,0.004131658557525952,0.4346275764199976,0.2970619259867817,24.375,0.7514368034899235,marlin_nvfp4,4.335769517638255e-06,0.007486688437356838,0.08652565190368021,0.0244140625,0.002774925354970037,0.001672515269473173,0.04089639677860597,0.5,1.2880733856677047
100,model.layers.14.self_attn.k_proj,14,layers_08_15,k_proj,attention,4096,4096,16777216,-6.104573458287632e-06,0.024530837312340736,0.01865288056433201,0.314453125,0.0003870725631713867,1.4996384382247925,2.993335723876953,1.5684033632278442,2.500138759613037,0.004131658557525952,0.4346275764199976,0.2970619259867817,24.375,0.7484762333333492,dense_nvfp4,4.497550435189623e-06,0.007473968431910683,0.0864521164108241,0.021484375,0.0030525282472808613,0.001174462018755459,0.03427042484060358,0.485107421875,1.6121682260066967
100,model.layers.14.self_attn.k_proj,14,layers_08_15,k_proj,attention,4096,4096,16777216,-6.104573458287632e-06,0.024530837312340736,0.01865288056433201,0.314453125,0.0003870725631713867,1.4996384382247925,2.993335723876953,1.5684033632278442,2.500138759613037,0.004131658557525952,0.4346275764199976,0.2970619259867817,24.375,0.7484762333333492,sparse_bf16,0.00010256643145112321,0.17044350739050818,0.412848043946569,0.11669921875,0.032232067082077265,0.012401306558784088,0.11136115372419633,1.80078125,1.6121682260066967
100,model.layers.14.self_attn.k_proj,14,layers_08_15,k_proj,attention,4096,4096,16777216,-6.104573458287632e-06,0.024530837312340736,0.01865288056433201,0.314453125,0.0003870725631713867,1.4996384382247925,2.993335723876953,1.5684033632278442,2.500138759613037,0.004131658557525952,0.4346275764199976,0.2970619259867817,24.375,0.7484762333333492,sparse_nvfp4,0.0001704646274447441,0.2832758103858189,0.5322366112790615,0.126953125,0.06552580671268515,0.025211092248175807,0.1587800121179483,2.53125,1.6121682260066967
100,model.layers.14.self_attn.k_proj,14,layers_08_15,k_proj,attention,4096,4096,16777216,-6.104573458287632e-06,0.024530837312340736,0.01865288056433201,0.314453125,0.0003870725631713867,1.4996384382247925,2.993335723876953,1.5684033632278442,2.500138759613037,0.004131658557525952,0.4346275764199976,0.2970619259867817,24.375,0.7484762333333492,marlin_nvfp4,4.497550435189623e-06,0.007473968431910683,0.0864521164108241,0.021484375,0.0030525282472808613,0.001174462018755459,0.03427042484060358,0.485107421875,1.6121682260066967
101,model.layers.14.self_attn.v_proj,14,layers_08_15,v_proj,attention,4096,4096,16777216,-2.3598440748173743e-06,0.015040785074234009,0.011901442892849445,0.333984375,2.4378299713134766e-05,0.9572644233703613,1.1914684772491455,0.9604811668395996,2.0687286853790283,0.004131658557525952,0.4346275764199976,0.2970619259867817,24.375,0.8360568508505821,dense_nvfp4,1.693394779067603e-06,0.0074854370442581026,0.0865184202598389,0.0120849609375,0.001011203622965695,0.006042503182846557,0.07773353962638364,0.201171875,0.40908246532639353
101,model.layers.14.self_attn.v_proj,14,layers_08_15,v_proj,attention,4096,4096,16777216,-2.3598440748173743e-06,0.015040785074234009,0.011901442892849445,0.333984375,2.4378299713134766e-05,0.9572644233703613,1.1914684772491455,0.9604811668395996,2.0687286853790283,0.004131658557525952,0.4346275764199976,0.2970619259867817,24.375,0.8360568508505821,sparse_bf16,3.796155579038896e-05,0.1678042471156716,0.40963916696975106,0.050537109375,0.011674411420244724,0.06976109120119528,0.26412325002012843,0.77734375,0.40908246532639353
101,model.layers.14.self_attn.v_proj,14,layers_08_15,v_proj,attention,4096,4096,16777216,-2.3598440748173743e-06,0.015040785074234009,0.011901442892849445,0.333984375,2.4378299713134766e-05,0.9572644233703613,1.1914684772491455,0.9604811668395996,2.0687286853790283,0.004131658557525952,0.4346275764199976,0.2970619259867817,24.375,0.8360568508505821,sparse_nvfp4,6.258852954488248e-05,0.2766646640181962,0.5259892242415202,0.0576171875,0.02256728288193699,0.13485204714988344,0.36722206789609396,1.103515625,0.40908246532639353
101,model.layers.14.self_attn.v_proj,14,layers_08_15,v_proj,attention,4096,4096,16777216,-2.3598440748173743e-06,0.015040785074234009,0.011901442892849445,0.333984375,2.4378299713134766e-05,0.9572644233703613,1.1914684772491455,0.9604811668395996,2.0687286853790283,0.004131658557525952,0.4346275764199976,0.2970619259867817,24.375,0.8360568508505821,marlin_nvfp4,1.693394779067603e-06,0.0074854370442581026,0.0865184202598389,0.0120849609375,0.001011203622965695,0.006042503182846557,0.07773353962638364,0.201171875,0.40908246532639353
102,model.layers.14.self_attn.o_proj,14,layers_08_15,o_proj,attention,4096,4096,16777216,2.2858503143652342e-06,0.014871800318360329,0.011788766831159592,0.59765625,5.233287811279297e-05,0.9500353932380676,4.2219157218933105,0.947794497013092,1.1635926961898804,0.00029083477798508284,0.11570611615423729,0.07130514914751984,2.9375,0.32724494114518166,dense_nvfp4,1.6514333083250676e-06,0.007466789818226774,0.08641058857701858,0.05078125,8.470928673887101e-05,0.008345944158370177,0.09135613913892256,0.2578125,0.10074599145791545
102,model.layers.14.self_attn.o_proj,14,layers_08_15,o_proj,attention,4096,4096,16777216,2.2858503143652342e-06,0.014871800318360329,0.011788766831159592,0.59765625,5.233287811279297e-05,0.9500353932380676,4.2219157218933105,0.947794497013092,1.1635926961898804,0.00029083477798508284,0.11570611615423729,0.07130514914751984,2.9375,0.32724494114518166,sparse_bf16,3.959396781283431e-05,0.17902014827829557,0.42310772656416423,0.341796875,0.000885823820681253,0.08727539123720861,0.29542408709719087,1.0625,0.10074599145791545
102,model.layers.14.self_attn.o_proj,14,layers_08_15,o_proj,attention,4096,4096,16777216,2.2858503143652342e-06,0.014871800318360329,0.011788766831159592,0.59765625,5.233287811279297e-05,0.9500353932380676,4.2219157218933105,0.947794497013092,1.1635926961898804,0.00029083477798508284,0.11570611615423729,0.07130514914751984,2.9375,0.32724494114518166,sparse_nvfp4,6.538866000482813e-05,0.2956482579649152,0.5437354668999579,0.34375,0.001710748963887454,0.1685507678232237,0.41054934882815697,1.478515625,0.10074599145791545
102,model.layers.14.self_attn.o_proj,14,layers_08_15,o_proj,attention,4096,4096,16777216,2.2858503143652342e-06,0.014871800318360329,0.011788766831159592,0.59765625,5.233287811279297e-05,0.9500353932380676,4.2219157218933105,0.947794497013092,1.1635926961898804,0.00029083477798508284,0.11570611615423729,0.07130514914751984,2.9375,0.32724494114518166,marlin_nvfp4,1.6514333083250676e-06,0.007466789818226774,0.08641058857701858,0.05078125,8.470928673887101e-05,0.008345944158370177,0.09135613913892256,0.2578125,0.10074599145791545
103,model.layers.14.mlp.gate_proj,14,layers_08_15,gate_proj,mlp,4096,11008,45088768,-3.474890399957076e-05,0.01896911859512329,0.014954286627471447,0.341796875,0.0002076348609989509,1.1999609470367432,3.5891001224517822,1.9901070594787598,2.3564183712005615,0.00138806690375759,0.25281722230767484,0.1956198092084378,8.625,0.7066375277936459,dense_nvfp4,2.677687261047838e-06,0.007441562169773797,0.08626448962217187,0.02392578125,0.0006822432888141119,0.0027988177082460364,0.05290385343475498,0.3984375,0.49372182947626586
103,model.layers.14.mlp.gate_proj,14,layers_08_15,gate_proj,mlp,4096,11008,45088768,-3.474890399957076e-05,0.01896911859512329,0.014954286627471447,0.341796875,0.0002076348609989509,1.1999609470367432,3.5891001224517822,1.9901070594787598,2.3564183712005615,0.00138806690375759,0.25281722230767484,0.1956198092084378,8.625,0.7066375277936459,sparse_bf16,6.0826832385257235e-05,0.16904388401510761,0.41114946675765934,0.134765625,0.008653968280224605,0.035501821808160715,0.18841927132902492,1.578125,0.49372182947626586
103,model.layers.14.mlp.gate_proj,14,layers_08_15,gate_proj,mlp,4096,11008,45088768,-3.474890399957076e-05,0.01896911859512329,0.014954286627471447,0.341796875,0.0002076348609989509,1.1999609470367432,3.5891001224517822,1.9901070594787598,2.3564183712005615,0.00138806690375759,0.25281722230767484,0.1956198092084378,8.625,0.7066375277936459,sparse_nvfp4,0.00010034303332484046,0.2788633802209899,0.5280751653136037,0.1376953125,0.017190842261148052,0.07052327890802447,0.26556219404882253,2.890625,0.49372182947626586
103,model.layers.14.mlp.gate_proj,14,layers_08_15,gate_proj,mlp,4096,11008,45088768,-3.474890399957076e-05,0.01896911859512329,0.014954286627471447,0.341796875,0.0002076348609989509,1.1999609470367432,3.5891001224517822,1.9901070594787598,2.3564183712005615,0.00138806690375759,0.25281722230767484,0.1956198092084378,8.625,0.7066375277936459,marlin_nvfp4,2.677687261047838e-06,0.007441562169773797,0.08626448962217187,0.02392578125,0.0006822432888141119,0.0027988177082460364,0.05290385343475498,0.3984375,0.49372182947626586
104,model.layers.14.mlp.up_proj,14,layers_08_15,up_proj,mlp,4096,11008,45088768,1.5955801018208149e-06,0.01851116679608822,0.014726758934557438,0.4765625,9.381494237459265e-06,1.1823428869247437,1.808320164680481,1.9416574239730835,1.9885945320129395,0.00138806690375759,0.25281722230767484,0.1956198092084378,8.625,0.7109454646706581,dense_nvfp4,2.5505431166979984e-06,0.00744329301015715,0.08627452121082534,0.0177001953125,0.0006392666789822194,0.004910032676514496,0.07007162533090336,0.17254638671875,0.360826846510893
104,model.layers.14.mlp.up_proj,14,layers_08_15,up_proj,mlp,4096,11008,45088768,1.5955801018208149e-06,0.01851116679608822,0.014726758934557438,0.4765625,9.381494237459265e-06,1.1823428869247437,1.808320164680481,1.9416574239730835,1.9885945320129395,0.00138806690375759,0.25281722230767484,0.1956198092084378,8.625,0.7109454646706581,sparse_bf16,5.759622598456782e-05,0.1680840380527968,0.40998053374861204,0.06298828125,0.008150499010848444,0.06260175571309269,0.25020342865974615,0.7421875,0.360826846510893
104,model.layers.14.mlp.up_proj,14,layers_08_15,up_proj,mlp,4096,11008,45088768,1.5955801018208149e-06,0.01851116679608822,0.014726758934557438,0.4765625,9.381494237459265e-06,1.1823428869247437,1.808320164680481,1.9416574239730835,1.9885945320129395,0.00138806690375759,0.25281722230767484,0.1956198092084378,8.625,0.7109454646706581,sparse_nvfp4,9.484714720138283e-05,0.27679402993640567,0.5261121837939183,0.07373046875,0.015790890642376834,0.12128551603656128,0.348260701252038,1.203125,0.360826846510893
104,model.layers.14.mlp.up_proj,14,layers_08_15,up_proj,mlp,4096,11008,45088768,1.5955801018208149e-06,0.01851116679608822,0.014726758934557438,0.4765625,9.381494237459265e-06,1.1823428869247437,1.808320164680481,1.9416574239730835,1.9885945320129395,0.00138806690375759,0.25281722230767484,0.1956198092084378,8.625,0.7109454646706581,marlin_nvfp4,2.5505431166979984e-06,0.00744329301015715,0.08627452121082534,0.0177001953125,0.0006392666789822194,0.004910032676514496,0.07007162533090336,0.17254638671875,0.360826846510893
105,model.layers.14.mlp.down_proj,14,layers_08_15,down_proj,mlp,11008,4096,45088768,-9.844573867212603e-08,0.018248021602630615,0.014516365714371204,0.66015625,2.515038795536384e-05,1.9129133224487305,5.354634761810303,1.1658592224121094,1.7078276872634888,2.560026798672097e-06,0.07511268391365386,0.04239404955229094,11.0,0.12569252973379091,dense_nvfp4,2.5155455913654593e-06,0.007554412158502618,0.08691612139587579,0.0419921875,0.00014609464301429398,0.006920314941514585,0.08318843033447972,0.21875,0.14529618657683965
105,model.layers.14.mlp.down_proj,14,layers_08_15,down_proj,mlp,11008,4096,45088768,-9.844573867212603e-08,0.018248021602630615,0.014516365714371204,0.66015625,2.515038795536384e-05,1.9129133224487305,5.354634761810303,1.1658592224121094,1.7078276872634888,2.560026798672097e-06,0.07511268391365386,0.04239404955229094,11.0,0.12569252973379091,sparse_bf16,5.624639844998371e-05,0.168913049233147,0.41099032742042363,0.1083984375,0.0017802037109504454,0.08432595532352767,0.2903893168205877,0.4921875,0.14529618657683965
105,model.layers.14.mlp.down_proj,14,layers_08_15,down_proj,mlp,11008,4096,45088768,-9.844573867212603e-08,0.018248021602630615,0.014516365714371204,0.66015625,2.515038795536384e-05,1.9129133224487305,5.354634761810303,1.1658592224121094,1.7078276872634888,2.560026798672097e-06,0.07511268391365386,0.04239404955229094,11.0,0.12569252973379091,sparse_nvfp4,9.197362720273262e-05,0.27620516598340145,0.5255522485761063,0.150390625,0.0033472402810730273,0.15855445793233347,0.39818897264029485,0.734375,0.14529618657683965
105,model.layers.14.mlp.down_proj,14,layers_08_15,down_proj,mlp,11008,4096,45088768,-9.844573867212603e-08,0.018248021602630615,0.014516365714371204,0.66015625,2.515038795536384e-05,1.9129133224487305,5.354634761810303,1.1658592224121094,1.7078276872634888,2.560026798672097e-06,0.07511268391365386,0.04239404955229094,11.0,0.12569252973379091,marlin_nvfp4,2.5155455913654593e-06,0.007554412158502618,0.08691612139587579,0.0419921875,0.00014609464301429398,0.006920314941514585,0.08318843033447972,0.21875,0.14529618657683965
106,model.layers.15.self_attn.q_proj,15,layers_08_15,q_proj,attention,4096,4096,16777216,4.955855729349423e-06,0.023770736530423164,0.018298152834177017,0.58203125,0.000250399112701416,1.4713935852050781,3.03958797454834,1.5198742151260376,4.277390480041504,0.004011732075923646,0.431776500133133,0.29205221799202263,23.0,0.7491990514099598,dense_nvfp4,4.227513272780925e-06,0.007481690862521231,0.08649676793106914,0.02294921875,0.0026420591730129672,0.001509271237610032,0.03884934024677938,0.46875,1.3230846233800067
106,model.layers.15.self_attn.q_proj,15,layers_08_15,q_proj,attention,4096,4096,16777216,4.955855729349423e-06,0.023770736530423164,0.018298152834177017,0.58203125,0.000250399112701416,1.4713935852050781,3.03958797454834,1.5198742151260376,4.277390480041504,0.004011732075923646,0.431776500133133,0.29205221799202263,23.0,0.7491990514099598,sparse_bf16,9.579786274116486e-05,0.16953938357434414,0.41175160421587204,0.2373046875,0.02872207621112466,0.01640743097379561,0.12809149454118962,1.7578125,1.3230846233800067
106,model.layers.15.self_attn.q_proj,15,layers_08_15,q_proj,attention,4096,4096,16777216,4.955855729349423e-06,0.023770736530423164,0.018298152834177017,0.58203125,0.000250399112701416,1.4713935852050781,3.03958797454834,1.5198742151260376,4.277390480041504,0.004011732075923646,0.431776500133133,0.29205221799202263,23.0,0.7491990514099598,sparse_nvfp4,0.00015873266966082156,0.2809189912735046,0.5300179159929451,0.240234375,0.05720424803439528,0.03267781702593959,0.180770066731026,2.8125,1.3230846233800067
106,model.layers.15.self_attn.q_proj,15,layers_08_15,q_proj,attention,4096,4096,16777216,4.955855729349423e-06,0.023770736530423164,0.018298152834177017,0.58203125,0.000250399112701416,1.4713935852050781,3.03958797454834,1.5198742151260376,4.277390480041504,0.004011732075923646,0.431776500133133,0.29205221799202263,23.0,0.7491990514099598,marlin_nvfp4,4.227513272780925e-06,0.007481690862521231,0.08649676793106914,0.02294921875,0.0026420591730129672,0.001509271237610032,0.03884934024677938,0.46875,1.3230846233800067
107,model.layers.15.self_attn.k_proj,15,layers_08_15,k_proj,attention,4096,4096,16777216,3.1485440104006557e-06,0.024592893198132515,0.018795622512698174,0.259765625,0.0003101825714111328,1.5106956958770752,2.80645751953125,1.5729082822799683,2.492077589035034,0.004011732075923646,0.431776500133133,0.29205221799202263,23.0,0.7427636310458183,dense_nvfp4,4.5199876694823615e-06,0.007473395753589507,0.08644880423458445,0.02099609375,0.0029833950193278724,0.0011551795792092002,0.03398793284695614,0.484375,1.6070545867325199
107,model.layers.15.self_attn.k_proj,15,layers_08_15,k_proj,attention,4096,4096,16777216,3.1485440104006557e-06,0.024592893198132515,0.018795622512698174,0.259765625,0.0003101825714111328,1.5106956958770752,2.80645751953125,1.5729082822799683,2.492077589035034,0.004011732075923646,0.431776500133133,0.29205221799202263,23.0,0.7427636310458183,sparse_bf16,0.00010269902850268409,0.16980366753912493,0.41207240569968395,0.12255859375,0.031075325721758418,0.012032460153110089,0.10969257109353435,1.625,1.6070545867325199
107,model.layers.15.self_attn.k_proj,15,layers_08_15,k_proj,attention,4096,4096,16777216,3.1485440104006557e-06,0.024592893198132515,0.018795622512698174,0.259765625,0.0003101825714111328,1.5106956958770752,2.80645751953125,1.5729082822799683,2.492077589035034,0.004011732075923646,0.431776500133133,0.29205221799202263,23.0,0.7427636310458183,sparse_nvfp4,0.00017022578686010092,0.2814531290120536,0.530521563192349,0.1630859375,0.06324611807940528,0.024489088302507983,0.1564898984040439,2.328125,1.6070545867325199
107,model.layers.15.self_attn.k_proj,15,layers_08_15,k_proj,attention,4096,4096,16777216,3.1485440104006557e-06,0.024592893198132515,0.018795622512698174,0.259765625,0.0003101825714111328,1.5106956958770752,2.80645751953125,1.5729082822799683,2.492077589035034,0.004011732075923646,0.431776500133133,0.29205221799202263,23.0,0.7427636310458183,marlin_nvfp4,4.5199876694823615e-06,0.007473395753589507,0.08644880423458445,0.02099609375,0.0029833950193278724,0.0011551795792092002,0.03398793284695614,0.484375,1.6070545867325199
108,model.layers.15.self_attn.v_proj,15,layers_08_15,v_proj,attention,4096,4096,16777216,1.317732426286966e-06,0.0156391691416502,0.0123849892988801,0.2265625,1.722574234008789e-05,0.9961996078491211,1.201045274734497,0.9988381862640381,1.90621018409729,0.004011732075923646,0.431776500133133,0.29205221799202263,23.0,0.8264176845550537,dense_nvfp4,1.8308737708139233e-06,0.007485676320877067,0.08651980305616204,0.0107421875,0.0010723991963459412,0.0059709622409101154,0.0772720016623752,0.20703125,0.4237952429732316
108,model.layers.15.self_attn.v_proj,15,layers_08_15,v_proj,attention,4096,4096,16777216,1.317732426286966e-06,0.0156391691416502,0.0123849892988801,0.2265625,1.722574234008789e-05,0.9961996078491211,1.201045274734497,0.9988381862640381,1.90621018409729,0.004011732075923646,0.431776500133133,0.29205221799202263,23.0,0.8264176845550537,sparse_bf16,4.094620089745149e-05,0.1674118726118773,0.4091599596879896,0.08056640625,0.0121789309050655,0.06781051013147245,0.2604045125021309,0.79296875,0.4237952429732316
108,model.layers.15.self_attn.v_proj,15,layers_08_15,v_proj,attention,4096,4096,16777216,1.317732426286966e-06,0.0156391691416502,0.0123849892988801,0.2265625,1.722574234008789e-05,0.9961996078491211,1.201045274734497,0.9988381862640381,1.90621018409729,0.004011732075923646,0.431776500133133,0.29205221799202263,23.0,0.8264176845550537,sparse_nvfp4,6.748920714017004e-05,0.27593511243505786,0.5252952621479255,0.060302734375,0.023474823421565816,0.13070439136825487,0.3615306230020562,1.05078125,0.4237952429732316
108,model.layers.15.self_attn.v_proj,15,layers_08_15,v_proj,attention,4096,4096,16777216,1.317732426286966e-06,0.0156391691416502,0.0123849892988801,0.2265625,1.722574234008789e-05,0.9961996078491211,1.201045274734497,0.9988381862640381,1.90621018409729,0.004011732075923646,0.431776500133133,0.29205221799202263,23.0,0.8264176845550537,marlin_nvfp4,1.8308737708139233e-06,0.007485676320877067,0.08651980305616204,0.0107421875,0.0010723991963459412,0.0059709622409101154,0.0772720016623752,0.20703125,0.4237952429732316
109,model.layers.15.self_attn.o_proj,15,layers_08_15,o_proj,attention,4096,4096,16777216,-1.501251745139598e-06,0.015435057692229748,0.01222903747111559,0.48828125,7.748603820800781e-05,0.9862602353096008,4.2685322761535645,0.9837490320205688,1.2186247110366821,-0.0003140725028174529,0.11741231683911137,0.0710384740959853,3.515625,0.3094402551651001,dense_nvfp4,1.7800309706217377e-06,0.0074715559248016575,0.08643816243304607,0.052734375,9.056639208893102e-05,0.007247884003302306,0.08513450536241052,0.3359375,0.1117835548075496
109,model.layers.15.self_attn.o_proj,15,layers_08_15,o_proj,attention,4096,4096,16777216,-1.501251745139598e-06,0.015435057692229748,0.01222903747111559,0.48828125,7.748603820800781e-05,0.9862602353096008,4.2685322761535645,0.9837490320205688,1.2186247110366821,-0.0003140725028174529,0.11741231683911137,0.0710384740959853,3.515625,0.3094402551651001,sparse_bf16,4.257986438460648e-05,0.17872601278894432,0.4227599943099445,0.23828125,0.0009863973368737788,0.07893980663166154,0.28096228684943025,1.1884765625,0.1117835548075496
109,model.layers.15.self_attn.o_proj,15,layers_08_15,o_proj,attention,4096,4096,16777216,-1.501251745139598e-06,0.015435057692229748,0.01222903747111559,0.48828125,7.748603820800781e-05,0.9862602353096008,4.2685322761535645,0.9837490320205688,1.2186247110366821,-0.0003140725028174529,0.11741231683911137,0.0710384740959853,3.515625,0.3094402551651001,sparse_nvfp4,6.993275019340217e-05,0.2935378443795754,0.541791329184563,0.29296875,0.0018975576567754615,0.151858514716825,0.3896902805008421,1.402099609375,0.1117835548075496
109,model.layers.15.self_attn.o_proj,15,layers_08_15,o_proj,attention,4096,4096,16777216,-1.501251745139598e-06,0.015435057692229748,0.01222903747111559,0.48828125,7.748603820800781e-05,0.9862602353096008,4.2685322761535645,0.9837490320205688,1.2186247110366821,-0.0003140725028174529,0.11741231683911137,0.0710384740959853,3.515625,0.3094402551651001,marlin_nvfp4,1.7800309706217377e-06,0.0074715559248016575,0.08643816243304607,0.052734375,9.056639208893102e-05,0.007247884003302306,0.08513450536241052,0.3359375,0.1117835548075496
110,model.layers.15.mlp.gate_proj,15,layers_08_15,gate_proj,mlp,4096,11008,45088768,-2.604762266855687e-05,0.01907026208937168,0.015023844316601753,0.431640625,0.0001943499519256875,1.2056442499160767,3.2556111812591553,2.0007405281066895,2.259517192840576,0.0016316747117457453,0.2638421731659074,0.20394260378088802,9.875,0.7162503115832806,dense_nvfp4,2.70785101239981e-06,0.0074457874112899905,0.08628897618635877,0.0234375,0.0007477185951524176,0.0028058750993767024,0.05297051160199137,0.375,0.516220114952565
110,model.layers.15.mlp.gate_proj,15,layers_08_15,gate_proj,mlp,4096,11008,45088768,-2.604762266855687e-05,0.01907026208937168,0.015023844316601753,0.431640625,0.0001943499519256875,1.2056442499160767,3.2556111812591553,2.0007405281066895,2.259517192840576,0.0016316747117457453,0.2638421731659074,0.20394260378088802,9.875,0.7162503115832806,sparse_bf16,6.144194928712622e-05,0.16894714311544098,0.4110318030462375,0.1181640625,0.00939479301856874,0.03525472813636081,0.18776242471900711,1.625,0.516220114952565
110,model.layers.15.mlp.gate_proj,15,layers_08_15,gate_proj,mlp,4096,11008,45088768,-2.604762266855687e-05,0.01907026208937168,0.015023844316601753,0.431640625,0.0001943499519256875,1.2056442499160767,3.2556111812591553,2.0007405281066895,2.259517192840576,0.0016316747117457453,0.2638421731659074,0.20394260378088802,9.875,0.7162503115832806,sparse_nvfp4,0.00010128003046956173,0.2784900544498592,0.5277215690587785,0.12890625,0.018633743011674215,0.06992464259095171,0.2644326806409369,2.25,0.516220114952565
110,model.layers.15.mlp.gate_proj,15,layers_08_15,gate_proj,mlp,4096,11008,45088768,-2.604762266855687e-05,0.01907026208937168,0.015023844316601753,0.431640625,0.0001943499519256875,1.2056442499160767,3.2556111812591553,2.0007405281066895,2.259517192840576,0.0016316747117457453,0.2638421731659074,0.20394260378088802,9.875,0.7162503115832806,marlin_nvfp4,2.70785101239981e-06,0.0074457874112899905,0.08628897618635877,0.0234375,0.0007477185951524176,0.0028058750993767024,0.05297051160199137,0.375,0.516220114952565
111,model.layers.15.mlp.up_proj,15,layers_08_15,up_proj,mlp,4096,11008,45088768,-2.572101323039533e-07,0.018611494451761246,0.014801112934947014,0.44140625,1.3373618457990233e-05,1.1884316205978394,2.197801113128662,1.9522204399108887,2.0094637870788574,0.0016316747117457453,0.2638421731659074,0.20394260378088802,9.875,0.7204858958721161,dense_nvfp4,2.57868499787481e-06,0.007444504311658708,0.08628154096710784,0.01416015625,0.0007014618577370637,0.004835073784050757,0.06953469482244642,0.2109375,0.3808907953675834
111,model.layers.15.mlp.up_proj,15,layers_08_15,up_proj,mlp,4096,11008,45088768,-2.572101323039533e-07,0.018611494451761246,0.014801112934947014,0.44140625,1.3373618457990233e-05,1.1884316205978394,2.197801113128662,1.9522204399108887,2.0094637870788574,0.0016316747117457453,0.2638421731659074,0.20394260378088802,9.875,0.7204858958721161,sparse_bf16,5.8212035963701646e-05,0.16805455225409716,0.40994457217299163,0.07763671875,0.008845204633638956,0.06096869924850979,0.24691840605453005,0.96875,0.3808907953675834
111,model.layers.15.mlp.up_proj,15,layers_08_15,up_proj,mlp,4096,11008,45088768,-2.572101323039533e-07,0.018611494451761246,0.014801112934947014,0.44140625,1.3373618457990233e-05,1.1884316205978394,2.197801113128662,1.9522204399108887,2.0094637870788574,0.0016316747117457453,0.2638421731659074,0.20394260378088802,9.875,0.7204858958721161,sparse_nvfp4,9.574803935233937e-05,0.27641867555703786,0.5257553381155895,0.0751953125,0.017071534316380355,0.11767158415845563,0.34303291993401397,1.40625,0.3808907953675834
111,model.layers.15.mlp.up_proj,15,layers_08_15,up_proj,mlp,4096,11008,45088768,-2.572101323039533e-07,0.018611494451761246,0.014801112934947014,0.44140625,1.3373618457990233e-05,1.1884316205978394,2.197801113128662,1.9522204399108887,2.0094637870788574,0.0016316747117457453,0.2638421731659074,0.20394260378088802,9.875,0.7204858958721161,marlin_nvfp4,2.57868499787481e-06,0.007444504311658708,0.08628154096710784,0.01416015625,0.0007014618577370637,0.004835073784050757,0.06953469482244642,0.2109375,0.3808907953675834
112,model.layers.15.mlp.down_proj,15,layers_08_15,down_proj,mlp,11008,4096,45088768,-3.3108151455962798e-06,0.018313143402338028,0.014562993310391903,1.0625,2.8588050554390065e-05,1.920162558555603,5.265835285186768,1.1697611808776855,1.7331057786941528,-4.969030637343971e-05,0.0845318948826201,0.04663018321315216,17.125,0.1472966795743898,dense_nvfp4,2.5390086933797184e-06,0.007570740426876302,0.08701000187838351,0.04248046875,0.0001839853910041711,0.006851238923220475,0.08277221105673374,0.189453125,0.16387289028118016
112,model.layers.15.mlp.down_proj,15,layers_08_15,down_proj,mlp,11008,4096,45088768,-3.3108151455962798e-06,0.018313143402338028,0.014562993310391903,1.0625,2.8588050554390065e-05,1.920162558555603,5.265835285186768,1.1697611808776855,1.7331057786941528,-4.969030637343971e-05,0.0845318948826201,0.04663018321315216,17.125,0.1472966795743898,sparse_bf16,5.708326217393542e-05,0.17020916933645183,0.4125641396637035,0.12109375,0.002186291222642467,0.08141300480603793,0.2853296423543091,0.671875,0.16387289028118016
112,model.layers.15.mlp.down_proj,15,layers_08_15,down_proj,mlp,11008,4096,45088768,-3.3108151455962798e-06,0.018313143402338028,0.014562993310391903,1.0625,2.8588050554390065e-05,1.920162558555603,5.265835285186768,1.1697611808776855,1.7331057786941528,-4.969030637343971e-05,0.0845318948826201,0.04663018321315216,17.125,0.1472966795743898,sparse_nvfp4,9.417583689440129e-05,0.280810702803184,0.5299157506653147,0.1259765625,0.004147290155742667,0.15443658643674102,0.3929842063451673,0.796875,0.16387289028118016
112,model.layers.15.mlp.down_proj,15,layers_08_15,down_proj,mlp,11008,4096,45088768,-3.3108151455962798e-06,0.018313143402338028,0.014562993310391903,1.0625,2.8588050554390065e-05,1.920162558555603,5.265835285186768,1.1697611808776855,1.7331057786941528,-4.969030637343971e-05,0.0845318948826201,0.04663018321315216,17.125,0.1472966795743898,marlin_nvfp4,2.5390086933797184e-06,0.007570740426876302,0.08701000187838351,0.04248046875,0.0001839853910041711,0.006851238923220475,0.08277221105673374,0.189453125,0.16387289028118016
113,model.layers.16.self_attn.q_proj,16,layers_16_23,q_proj,attention,4096,4096,16777216,-2.468577804393135e-07,0.02359648607671261,0.01806662604212761,1.0,0.00037723779678344727,1.452848196029663,3.369234800338745,1.5084129571914673,4.603011131286621,0.0035549375462551325,0.4360476810559263,0.3009385981131345,22.125,0.7595149986445904,dense_nvfp4,4.1638027141743805e-06,0.007478171476183746,0.08647642150426754,0.041259765625,0.0027341489476384595,0.0015807378204378167,0.039758493689246034,0.625,1.315167786496167
113,model.layers.16.self_attn.q_proj,16,layers_16_23,q_proj,attention,4096,4096,16777216,-2.468577804393135e-07,0.02359648607671261,0.01806662604212761,1.0,0.00037723779678344727,1.452848196029663,3.369234800338745,1.5084129571914673,4.603011131286621,0.0035549375462551325,0.4360476810559263,0.3009385981131345,22.125,0.7595149986445904,sparse_bf16,9.463114110985771e-05,0.16995711583486417,0.4122585545927024,0.310546875,0.029792081943014637,0.0172241789232373,0.13124091939344718,1.96875,1.315167786496167
113,model.layers.16.self_attn.q_proj,16,layers_16_23,q_proj,attention,4096,4096,16777216,-2.468577804393135e-07,0.02359648607671261,0.01806662604212761,1.0,0.00037723779678344727,1.452848196029663,3.369234800338745,1.5084129571914673,4.603011131286621,0.0035549375462551325,0.4360476810559263,0.3009385981131345,22.125,0.7595149986445904,sparse_nvfp4,0.00015666878607589751,0.2813764550497969,0.5304492954560284,0.259765625,0.05937552364775911,0.03432773328584718,0.18527744948008967,2.7734375,1.315167786496167
113,model.layers.16.self_attn.q_proj,16,layers_16_23,q_proj,attention,4096,4096,16777216,-2.468577804393135e-07,0.02359648607671261,0.01806662604212761,1.0,0.00037723779678344727,1.452848196029663,3.369234800338745,1.5084129571914673,4.603011131286621,0.0035549375462551325,0.4360476810559263,0.3009385981131345,22.125,0.7595149986445904,marlin_nvfp4,4.1638027141743805e-06,0.007478171476183746,0.08647642150426754,0.041259765625,0.0027341489476384595,0.0015807378204378167,0.039758493689246034,0.625,1.315167786496167
114,model.layers.16.self_attn.k_proj,16,layers_16_23,k_proj,attention,4096,4096,16777216,1.1878728400915861e-07,0.02423011139035225,0.01843133568763733,0.2890625,0.00036644935607910156,1.4816851615905762,2.903148651123047,1.5492321252822876,2.5827596187591553,0.0035549375462551325,0.4360476810559263,0.3009385981131345,22.125,0.7552222013473511,dense_nvfp4,4.386467026051832e-06,0.007471435401256282,0.08643746526394837,0.021484375,0.003004298294399632,0.0011159109193878095,0.03340525287118494,0.4921875,1.640804211160972
114,model.layers.16.self_attn.k_proj,16,layers_16_23,k_proj,attention,4096,4096,16777216,1.1878728400915861e-07,0.02423011139035225,0.01843133568763733,0.2890625,0.00036644935607910156,1.4816851615905762,2.903148651123047,1.5492321252822876,2.5827596187591553,0.0035549375462551325,0.4360476810559263,0.3009385981131345,22.125,0.7552222013473511,sparse_bf16,9.977757144952193e-05,0.1699503666964365,0.4122503689463922,0.1435546875,0.0316716531815473,0.01176405940989127,0.10846224877758745,1.6875,1.640804211160972
114,model.layers.16.self_attn.k_proj,16,layers_16_23,k_proj,attention,4096,4096,16777216,1.1878728400915861e-07,0.02423011139035225,0.01843133568763733,0.2890625,0.00036644935607910156,1.4816851615905762,2.903148651123047,1.5492321252822876,2.5827596187591553,0.0035549375462551325,0.4360476810559263,0.3009385981131345,22.125,0.7552222013473511,sparse_nvfp4,0.00016544420213904232,0.2817998314937372,0.5308482188853394,0.138671875,0.06419051962438971,0.02384280612333417,0.1544111593225508,2.6875,1.640804211160972
114,model.layers.16.self_attn.k_proj,16,layers_16_23,k_proj,attention,4096,4096,16777216,1.1878728400915861e-07,0.02423011139035225,0.01843133568763733,0.2890625,0.00036644935607910156,1.4816851615905762,2.903148651123047,1.5492321252822876,2.5827596187591553,0.0035549375462551325,0.4360476810559263,0.3009385981131345,22.125,0.7552222013473511,marlin_nvfp4,4.386467026051832e-06,0.007471435401256282,0.08643746526394837,0.021484375,0.003004298294399632,0.0011159109193878095,0.03340525287118494,0.4921875,1.640804211160972
115,model.layers.16.self_attn.v_proj,16,layers_16_23,v_proj,attention,4096,4096,16777216,-1.8520017874834593e-06,0.016298837959766388,0.012912414968013763,0.2421875,1.9252300262451172e-05,1.038427710533142,1.3026745319366455,1.0410575866699219,1.7649141550064087,0.0035549375462551325,0.4360476810559263,0.3009385981131345,22.125,0.8260395489633083,dense_nvfp4,1.9869494281010702e-06,0.007479516009333309,0.08648419514184837,0.01171875,0.0012121674235459068,0.0065625219731542265,0.08100939435123698,0.2412109375,0.4297797202991062
115,model.layers.16.self_attn.v_proj,16,layers_16_23,v_proj,attention,4096,4096,16777216,-1.8520017874834593e-06,0.016298837959766388,0.012912414968013763,0.2421875,1.9252300262451172e-05,1.038427710533142,1.3026745319366455,1.0410575866699219,1.7649141550064087,0.0035549375462551325,0.4360476810559263,0.3009385981131345,22.125,0.8260395489633083,sparse_bf16,4.447936953511089e-05,0.1674346371466841,0.4091877773671693,0.05322265625,0.013807770170387812,0.07475353105791643,0.2734109197854329,0.8359375,0.4297797202991062
115,model.layers.16.self_attn.v_proj,16,layers_16_23,v_proj,attention,4096,4096,16777216,-1.8520017874834593e-06,0.016298837959766388,0.012912414968013763,0.2421875,1.9252300262451172e-05,1.038427710533142,1.3026745319366455,1.0410575866699219,1.7649141550064087,0.0035549375462551325,0.4360476810559263,0.3009385981131345,22.125,0.8260395489633083,sparse_nvfp4,7.32163607608527e-05,0.2756099046664135,0.5249856232949751,0.0634765625,0.026407396915601566,0.14296632556375352,0.3781088805671635,1.3125,0.4297797202991062
115,model.layers.16.self_attn.v_proj,16,layers_16_23,v_proj,attention,4096,4096,16777216,-1.8520017874834593e-06,0.016298837959766388,0.012912414968013763,0.2421875,1.9252300262451172e-05,1.038427710533142,1.3026745319366455,1.0410575866699219,1.7649141550064087,0.0035549375462551325,0.4360476810559263,0.3009385981131345,22.125,0.8260395489633083,marlin_nvfp4,1.9869494281010702e-06,0.007479516009333309,0.08648419514184837,0.01171875,0.0012121674235459068,0.0065625219731542265,0.08100939435123698,0.2412109375,0.4297797202991062
116,model.layers.16.self_attn.o_proj,16,layers_16_23,o_proj,attention,4096,4096,16777216,-4.782435212291603e-07,0.016133835539221764,0.01279779989272356,0.42578125,5.835294723510742e-05,1.0307605266571045,4.7065629959106445,1.0289208889007568,1.2665694952011108,0.00030399977995898553,0.12818859070560681,0.07381024258211255,3.34375,0.2951924577355385,dense_nvfp4,1.9461651845631422e-06,0.007476604523403366,0.08646736102948538,0.04296875,0.00012022192123595232,0.00651086489988888,0.08068993059786878,0.35546875,0.13588530393202958
116,model.layers.16.self_attn.o_proj,16,layers_16_23,o_proj,attention,4096,4096,16777216,-4.782435212291603e-07,0.016133835539221764,0.01279779989272356,0.42578125,5.835294723510742e-05,1.0307605266571045,4.7065629959106445,1.0289208889007568,1.2665694952011108,0.00030399977995898553,0.12818859070560681,0.07381024258211255,3.34375,0.2951924577355385,sparse_bf16,4.915895624435507e-05,0.1888545111882863,0.43457394214136486,0.29296875,0.0012914599328723853,0.06994166338473966,0.2644648622874874,1.2890625,0.13588530393202958
116,model.layers.16.self_attn.o_proj,16,layers_16_23,o_proj,attention,4096,4096,16777216,-4.782435212291603e-07,0.016133835539221764,0.01279779989272356,0.42578125,5.835294723510742e-05,1.0307605266571045,4.7065629959106445,1.0289208889007568,1.2665694952011108,0.00030399977995898553,0.12818859070560681,0.07381024258211255,3.34375,0.2951924577355385,sparse_nvfp4,7.92912469478324e-05,0.30461406888723586,0.5519185346473118,0.3359375,0.002526702051909524,0.13683873567423294,0.3699172011061839,1.923828125,0.13588530393202958
116,model.layers.16.self_attn.o_proj,16,layers_16_23,o_proj,attention,4096,4096,16777216,-4.782435212291603e-07,0.016133835539221764,0.01279779989272356,0.42578125,5.835294723510742e-05,1.0307605266571045,4.7065629959106445,1.0289208889007568,1.2665694952011108,0.00030399977995898553,0.12818859070560681,0.07381024258211255,3.34375,0.2951924577355385,marlin_nvfp4,1.9461651845631422e-06,0.007476604523403366,0.08646736102948538,0.04296875,0.00012022192123595232,0.00651086489988888,0.08068993059786878,0.35546875,0.13588530393202958
117,model.layers.16.mlp.gate_proj,16,layers_16_23,gate_proj,mlp,4096,11008,45088768,-2.0099216271773912e-05,0.01920120231807232,0.015146389603614807,0.474609375,0.0001841034973040223,1.2152371406555176,3.3128488063812256,2.0144596099853516,2.249581813812256,0.0012959331942283825,0.27978205495962544,0.21820594707969576,9.75,0.7313957363367081,dense_nvfp4,2.7429630917626933e-06,0.0074398238054549865,0.0862544132520475,0.0224609375,0.0008606869506725478,0.002762403151369917,0.05255856877208432,0.375,0.5581861788936473
117,model.layers.16.mlp.gate_proj,16,layers_16_23,gate_proj,mlp,4096,11008,45088768,-2.0099216271773912e-05,0.01920120231807232,0.015146389603614807,0.474609375,0.0001841034973040223,1.2152371406555176,3.3128488063812256,2.0144596099853516,2.249581813812256,0.0012959331942283825,0.27978205495962544,0.21820594707969576,9.75,0.7313957363367081,sparse_bf16,6.315283217402391e-05,0.17129138397858376,0.4138736328622346,0.1064453125,0.010675548467525216,0.03426352485796385,0.185104091953592,1.9375,0.5581861788936473
117,model.layers.16.mlp.gate_proj,16,layers_16_23,gate_proj,mlp,4096,11008,45088768,-2.0099216271773912e-05,0.01920120231807232,0.015146389603614807,0.474609375,0.0001841034973040223,1.2152371406555176,3.3128488063812256,2.0144596099853516,2.249581813812256,0.0012959331942283825,0.27978205495962544,0.21820594707969576,9.75,0.7313957363367081,sparse_nvfp4,0.00010412214540464933,0.2824137220011761,0.5314261209247961,0.134765625,0.02164158984195701,0.06945939628033453,0.26355150593448434,2.390625,0.5581861788936473
117,model.layers.16.mlp.gate_proj,16,layers_16_23,gate_proj,mlp,4096,11008,45088768,-2.0099216271773912e-05,0.01920120231807232,0.015146389603614807,0.474609375,0.0001841034973040223,1.2152371406555176,3.3128488063812256,2.0144596099853516,2.249581813812256,0.0012959331942283825,0.27978205495962544,0.21820594707969576,9.75,0.7313957363367081,marlin_nvfp4,2.7429630917626933e-06,0.0074398238054549865,0.0862544132520475,0.0224609375,0.0008606869506725478,0.002762403151369917,0.05255856877208432,0.375,0.5581861788936473
118,model.layers.16.mlp.up_proj,16,layers_16_23,up_proj,mlp,4096,11008,45088768,-4.418728849486797e-07,0.018596632406115532,0.014799748547375202,0.462890625,9.669814062363002e-06,1.1879500150680542,1.5947374105453491,1.9506349563598633,2.0048885345458984,0.0012959331942283825,0.27978205495962544,0.21820594707969576,9.75,0.7393768653273582,dense_nvfp4,2.5726344468895086e-06,0.007438913026459997,0.08624913348237184,0.012939453125,0.000799074025857154,0.004743152388132395,0.06887054804582576,0.1875,0.4104497240874771
118,model.layers.16.mlp.up_proj,16,layers_16_23,up_proj,mlp,4096,11008,45088768,-4.418728849486797e-07,0.018596632406115532,0.014799748547375202,0.462890625,9.669814062363002e-06,1.1879500150680542,1.5947374105453491,1.9506349563598633,2.0048885345458984,0.0012959331942283825,0.27978205495962544,0.21820594707969576,9.75,0.7393768653273582,sparse_bf16,5.888262612008771e-05,0.17026232973226868,0.4126285614596603,0.064453125,0.00985167542645751,0.058477683310983346,0.24182159397163716,0.9375,0.4104497240874771
118,model.layers.16.mlp.up_proj,16,layers_16_23,up_proj,mlp,4096,11008,45088768,-4.418728849486797e-07,0.018596632406115532,0.014799748547375202,0.462890625,9.669814062363002e-06,1.1879500150680542,1.5947374105453491,1.9506349563598633,2.0048885345458984,0.0012959331942283825,0.27978205495962544,0.21820594707969576,9.75,0.7393768653273582,sparse_nvfp4,9.688557407190634e-05,0.28014992954438706,0.5292919133563133,0.07177734375,0.019232412800192833,0.11415996735087215,0.3378756684800966,1.3125,0.4104497240874771
118,model.layers.16.mlp.up_proj,16,layers_16_23,up_proj,mlp,4096,11008,45088768,-4.418728849486797e-07,0.018596632406115532,0.014799748547375202,0.462890625,9.669814062363002e-06,1.1879500150680542,1.5947374105453491,1.9506349563598633,2.0048885345458984,0.0012959331942283825,0.27978205495962544,0.21820594707969576,9.75,0.7393768653273582,marlin_nvfp4,2.5726344468895086e-06,0.007438913026459997,0.08624913348237184,0.012939453125,0.000799074025857154,0.004743152388132395,0.06887054804582576,0.1875,0.4104497240874771
119,model.layers.16.mlp.down_proj,16,layers_16_23,down_proj,mlp,11008,4096,45088768,-2.1200619357841788e-06,0.018300341442227364,0.014560765586793423,0.76953125,2.4285427571157925e-05,1.9189661741256714,4.928715705871582,1.169385313987732,1.4736772775650024,4.3092148527733136e-05,0.09924366977552904,0.05343957435946132,18.625,0.18183567357617755,dense_nvfp4,2.539482984291173e-06,0.007582751824351836,0.08707899760764266,0.0303955078125,0.0002507545596017735,0.006887989318158399,0.0829939113318465,0.1953125,0.1907999194014985
119,model.layers.16.mlp.down_proj,16,layers_16_23,down_proj,mlp,11008,4096,45088768,-2.1200619357841788e-06,0.018300341442227364,0.014560765586793423,0.76953125,2.4285427571157925e-05,1.9189661741256714,4.928715705871582,1.169385313987732,1.4736772775650024,4.3092148527733136e-05,0.09924366977552904,0.05343957435946132,18.625,0.18183567357617755,sparse_bf16,5.794867743239846e-05,0.17303145649623042,0.41597049955042537,0.1015625,0.002869834259399795,0.07883161827654757,0.2807696890274083,0.66796875,0.1907999194014985
119,model.layers.16.mlp.down_proj,16,layers_16_23,down_proj,mlp,11008,4096,45088768,-2.1200619357841788e-06,0.018300341442227364,0.014560765586793423,0.76953125,2.4285427571157925e-05,1.9189661741256714,4.928715705871582,1.169385313987732,1.4736772775650024,4.3092148527733136e-05,0.09924366977552904,0.05343957435946132,18.625,0.18183567357617755,sparse_nvfp4,9.551303201290064e-05,0.285196483782447,0.5340379048180447,0.1064453125,0.005540330424992135,0.15218760866011347,0.3901123026259406,1.0498046875,0.1907999194014985
119,model.layers.16.mlp.down_proj,16,layers_16_23,down_proj,mlp,11008,4096,45088768,-2.1200619357841788e-06,0.018300341442227364,0.014560765586793423,0.76953125,2.4285427571157925e-05,1.9189661741256714,4.928715705871582,1.169385313987732,1.4736772775650024,4.3092148527733136e-05,0.09924366977552904,0.05343957435946132,18.625,0.18183567357617755,marlin_nvfp4,2.539482984291173e-06,0.007582751824351836,0.08707899760764266,0.0303955078125,0.0002507545596017735,0.006887989318158399,0.0829939113318465,0.1953125,0.1907999194014985
120,model.layers.17.self_attn.q_proj,17,layers_16_23,q_proj,attention,4096,4096,16777216,6.133629995019874e-06,0.023406652733683586,0.018061529844999313,0.9453125,0.00021719932556152344,1.4516417980194092,2.862570285797119,1.4967209100723267,4.662164211273193,0.0038669759301228623,0.43899383960849264,0.31198927154764533,16.875,0.7697199992835522,dense_nvfp4,4.095079930266365e-06,0.007474526845552019,0.08645534596282649,0.035400390625,0.002809528959915042,0.0016398179646548224,0.04049466587903674,0.5,1.3089375798607386
120,model.layers.17.self_attn.q_proj,17,layers_16_23,q_proj,attention,4096,4096,16777216,6.133629995019874e-06,0.023406652733683586,0.018061529844999313,0.9453125,0.00021719932556152344,1.4516417980194092,2.862570285797119,1.4967209100723267,4.662164211273193,0.0038669759301228623,0.43899383960849264,0.31198927154764533,16.875,0.7697199992835522,sparse_bf16,9.37966033234261e-05,0.171201842577207,0.4137654439138278,0.10791015625,0.031038780027301982,0.01811618595712151,0.1345963816642985,1.5625,1.3089375798607386
120,model.layers.17.self_attn.q_proj,17,layers_16_23,q_proj,attention,4096,4096,16777216,6.133629995019874e-06,0.023406652733683586,0.018061529844999313,0.9453125,0.00021719932556152344,1.4516417980194092,2.862570285797119,1.4967209100723267,4.662164211273193,0.0038669759301228623,0.43899383960849264,0.31198927154764533,16.875,0.7697199992835522,sparse_nvfp4,0.00015547907969448715,0.28378751450220774,0.532717105509301,0.11279296875,0.06288006567046978,0.036700764710476355,0.19157443647438024,2.90625,1.3089375798607386
120,model.layers.17.self_attn.q_proj,17,layers_16_23,q_proj,attention,4096,4096,16777216,6.133629995019874e-06,0.023406652733683586,0.018061529844999313,0.9453125,0.00021719932556152344,1.4516417980194092,2.862570285797119,1.4967209100723267,4.662164211273193,0.0038669759301228623,0.43899383960849264,0.31198927154764533,16.875,0.7697199992835522,marlin_nvfp4,4.095079930266365e-06,0.007474526845552019,0.08645534596282649,0.035400390625,0.002809528959915042,0.0016398179646548224,0.04049466587903674,0.5,1.3089375798607386
121,model.layers.17.self_attn.k_proj,17,layers_16_23,k_proj,attention,4096,4096,16777216,8.074047400441486e-06,0.02392866276204586,0.01835678145289421,0.306640625,0.0003203153610229492,1.4754713773727417,3.1198360919952393,1.5300835371017456,2.418973922729492,0.0038669759301228623,0.43899383960849264,0.31198927154764533,16.875,0.7657643929123878,dense_nvfp4,4.27207396569429e-06,0.00746108281590905,0.08637755967789927,0.01953125,0.0030297738940134877,0.0012144810598314468,0.034849405444446924,0.5,1.5794640174052756
121,model.layers.17.self_attn.k_proj,17,layers_16_23,k_proj,attention,4096,4096,16777216,8.074047400441486e-06,0.02392866276204586,0.01835678145289421,0.306640625,0.0003203153610229492,1.4754713773727417,3.1198360919952393,1.5300835371017456,2.418973922729492,0.0038669759301228623,0.43899383960849264,0.31198927154764533,16.875,0.7657643929123878,sparse_bf16,9.783169662114233e-05,0.17086089715972547,0.41335323533235524,0.10400390625,0.032566850146395154,0.013054380975199537,0.11425576998646299,1.890625,1.5794640174052756
121,model.layers.17.self_attn.k_proj,17,layers_16_23,k_proj,attention,4096,4096,16777216,8.074047400441486e-06,0.02392866276204586,0.01835678145289421,0.306640625,0.0003203153610229492,1.4754713773727417,3.1198360919952393,1.5300835371017456,2.418973922729492,0.0038669759301228623,0.43899383960849264,0.31198927154764533,16.875,0.7657643929123878,sparse_nvfp4,0.00016241316916421056,0.2836510124261121,0.5325889713710866,0.123046875,0.0670467188465409,0.026875593034800086,0.16393777183675545,2.9375,1.5794640174052756
121,model.layers.17.self_attn.k_proj,17,layers_16_23,k_proj,attention,4096,4096,16777216,8.074047400441486e-06,0.02392866276204586,0.01835678145289421,0.306640625,0.0003203153610229492,1.4754713773727417,3.1198360919952393,1.5300835371017456,2.418973922729492,0.0038669759301228623,0.43899383960849264,0.31198927154764533,16.875,0.7657643929123878,marlin_nvfp4,4.27207396569429e-06,0.00746108281590905,0.08637755967789927,0.01953125,0.0030297738940134877,0.0012144810598314468,0.034849405444446924,0.5,1.5794640174052756
122,model.layers.17.self_attn.v_proj,17,layers_16_23,v_proj,attention,4096,4096,16777216,-7.982884199009277e-06,0.01624220795929432,0.012886825017631054,0.2138671875,1.5735626220703125e-05,1.0362681150436401,1.2859433889389038,1.0376325845718384,1.8008803129196167,0.0038669759301228623,0.43899383960849264,0.31198927154764533,16.875,0.8328314274549484,dense_nvfp4,1.973300186364213e-06,0.007480023062145944,0.08648712656890588,0.011962890625,0.0012850276616518386,0.006251377068201922,0.07906565036855083,0.23828125,0.45338629757920934
122,model.layers.17.self_attn.v_proj,17,layers_16_23,v_proj,attention,4096,4096,16777216,-7.982884199009277e-06,0.01624220795929432,0.012886825017631054,0.2138671875,1.5735626220703125e-05,1.0362681150436401,1.2859433889389038,1.0376325845718384,1.8008803129196167,0.0038669759301228623,0.43899383960849264,0.31198927154764533,16.875,0.8328314274549484,sparse_bf16,4.462165816221386e-05,0.16914356691949767,0.4112706735466287,0.053955078125,0.014550364059687126,0.07078432233886175,0.266053232152631,0.87109375,0.45338629757920934
122,model.layers.17.self_attn.v_proj,17,layers_16_23,v_proj,attention,4096,4096,16777216,-7.982884199009277e-06,0.01624220795929432,0.012886825017631054,0.2138671875,1.5735626220703125e-05,1.0362681150436401,1.2859433889389038,1.0376325845718384,1.8008803129196167,0.0038669759301228623,0.43899383960849264,0.31198927154764533,16.875,0.8328314274549484,sparse_nvfp4,7.359749724855646e-05,0.2789798432795652,0.5281854250919512,0.058837890625,0.028170294463052414,0.13704228949005634,0.37019223315739125,1.240234375,0.45338629757920934
122,model.layers.17.self_attn.v_proj,17,layers_16_23,v_proj,attention,4096,4096,16777216,-7.982884199009277e-06,0.01624220795929432,0.012886825017631054,0.2138671875,1.5735626220703125e-05,1.0362681150436401,1.2859433889389038,1.0376325845718384,1.8008803129196167,0.0038669759301228623,0.43899383960849264,0.31198927154764533,16.875,0.8328314274549484,marlin_nvfp4,1.973300186364213e-06,0.007480023062145944,0.08648712656890588,0.011962890625,0.0012850276616518386,0.006251377068201922,0.07906565036855083,0.23828125,0.45338629757920934
123,model.layers.17.self_attn.o_proj,17,layers_16_23,o_proj,attention,4096,4096,16777216,1.2526525097200647e-05,0.016146084293723106,0.012806976214051247,0.498046875,7.086992263793945e-05,1.031128168106079,5.15722131729126,1.0302025079727173,1.4067860841751099,0.00010677004877379659,0.11324041333626687,0.061184003425296396,4.03125,0.23244265094399452,dense_nvfp4,1.9464996512397192e-06,0.007466544200678474,0.08640916734165695,0.0625,9.63281063377508e-05,0.006832650686238624,0.08265984929963655,0.34375,0.11873586001734207
123,model.layers.17.self_attn.o_proj,17,layers_16_23,o_proj,attention,4096,4096,16777216,1.2526525097200647e-05,0.016146084293723106,0.012806976214051247,0.498046875,7.086992263793945e-05,1.031128168106079,5.15722131729126,1.0302025079727173,1.4067860841751099,0.00010677004877379659,0.11324041333626687,0.061184003425296396,4.03125,0.23244265094399452,sparse_bf16,4.6332374040503055e-05,0.17772554876927626,0.4215750808210517,0.408203125,0.0010602283737171092,0.07520307831909377,0.274231796695959,1.6171875,0.11873586001734207
123,model.layers.17.self_attn.o_proj,17,layers_16_23,o_proj,attention,4096,4096,16777216,1.2526525097200647e-05,0.016146084293723106,0.012806976214051247,0.498046875,7.086992263793945e-05,1.031128168106079,5.15722131729126,1.0302025079727173,1.4067860841751099,0.00010677004877379659,0.11324041333626687,0.061184003425296396,4.03125,0.23244265094399452,sparse_nvfp4,7.702108268858865e-05,0.29544383319678036,0.5435474525713283,0.408203125,0.002092505255859578,0.1484235288740828,0.3852577434316964,2.328125,0.11873586001734207
123,model.layers.17.self_attn.o_proj,17,layers_16_23,o_proj,attention,4096,4096,16777216,1.2526525097200647e-05,0.016146084293723106,0.012806976214051247,0.498046875,7.086992263793945e-05,1.031128168106079,5.15722131729126,1.0302025079727173,1.4067860841751099,0.00010677004877379659,0.11324041333626687,0.061184003425296396,4.03125,0.23244265094399452,marlin_nvfp4,1.9464996512397192e-06,0.007466544200678474,0.08640916734165695,0.0625,9.63281063377508e-05,0.006832650686238624,0.08265984929963655,0.34375,0.11873586001734207
124,model.layers.17.mlp.gate_proj,17,layers_16_23,gate_proj,mlp,4096,11008,45088768,-5.053139102528803e-05,0.019381221383810043,0.015308774076402187,0.404296875,0.00012954445264767855,1.228162169456482,3.041144847869873,2.033389091491699,2.2554361820220947,0.0014776135550533809,0.2948254864795482,0.23167049058247358,9.125,0.7451388500630856,dense_nvfp4,2.7896288841919496e-06,0.007426449243837934,0.08617684865344018,0.02197265625,0.0009809423916225949,0.0029606861814428236,0.05441218780239243,0.3515625,0.5756063325372114
124,model.layers.17.mlp.gate_proj,17,layers_16_23,gate_proj,mlp,4096,11008,45088768,-5.053139102528803e-05,0.019381221383810043,0.015308774076402187,0.404296875,0.00012954445264767855,1.228162169456482,3.041144847869873,2.033389091491699,2.2554361820220947,0.0014776135550533809,0.2948254864795482,0.23167049058247358,9.125,0.7451388500630856,sparse_bf16,6.399937190635259e-05,0.17037681599633567,0.41276726613957126,0.13916015625,0.012205423543576238,0.03683848219093593,0.19193353586837275,1.53125,0.5756063325372114
124,model.layers.17.mlp.gate_proj,17,layers_16_23,gate_proj,mlp,4096,11008,45088768,-5.053139102528803e-05,0.019381221383810043,0.015308774076402187,0.404296875,0.00012954445264767855,1.228162169456482,3.041144847869873,2.033389091491699,2.2554361820220947,0.0014776135550533809,0.2948254864795482,0.23167049058247358,9.125,0.7451388500630856,sparse_nvfp4,0.00010544298823143161,0.28070651428107524,0.5298174348594762,0.15283203125,0.024685164805241796,0.07450491175595625,0.2729558787715631,2.25,0.5756063325372114
124,model.layers.17.mlp.gate_proj,17,layers_16_23,gate_proj,mlp,4096,11008,45088768,-5.053139102528803e-05,0.019381221383810043,0.015308774076402187,0.404296875,0.00012954445264767855,1.228162169456482,3.041144847869873,2.033389091491699,2.2554361820220947,0.0014776135550533809,0.2948254864795482,0.23167049058247358,9.125,0.7451388500630856,marlin_nvfp4,2.7896288841919496e-06,0.007426449243837934,0.08617684865344018,0.02197265625,0.0009809423916225949,0.0029606861814428236,0.05441218780239243,0.3515625,0.5756063325372114
125,model.layers.17.mlp.up_proj,17,layers_16_23,up_proj,mlp,4096,11008,45088768,3.3338267257931875e-07,0.018527314066886902,0.014753824099898338,0.33984375,7.718108463450335e-06,1.1840577125549316,1.630266547203064,1.9434280395507812,1.9885179996490479,0.0014776135550533809,0.2948254864795482,0.23167049058247358,9.125,0.7542084231972694,dense_nvfp4,2.549689629949023e-06,0.007427837763038385,0.08618490449631179,0.01397705078125,0.0008911454507290538,0.0051423341165540565,0.071710069840672,0.203125,0.4162882489374769
125,model.layers.17.mlp.up_proj,17,layers_16_23,up_proj,mlp,4096,11008,45088768,3.3338267257931875e-07,0.018527314066886902,0.014753824099898338,0.33984375,7.718108463450335e-06,1.1840577125549316,1.630266547203064,1.9434280395507812,1.9885179996490479,0.0014776135550533809,0.2948254864795482,0.23167049058247358,9.125,0.7542084231972694,sparse_bf16,5.813400521008081e-05,0.16935785208678197,0.41153110707063445,0.0888671875,0.01099600602851011,0.06345219728157907,0.2518971958589041,0.90625,0.4162882489374769
125,model.layers.17.mlp.up_proj,17,layers_16_23,up_proj,mlp,4096,11008,45088768,3.3338267257931875e-07,0.018527314066886902,0.014753824099898338,0.33984375,7.718108463450335e-06,1.1840577125549316,1.630266547203064,1.9434280395507812,1.9885179996490479,0.0014776135550533809,0.2948254864795482,0.23167049058247358,9.125,0.7542084231972694,sparse_nvfp4,9.563558756612068e-05,0.2786086669020174,0.5278339387553792,0.071533203125,0.021421079697130724,0.1236098426467425,0.35158191456151794,1.59375,0.4162882489374769
125,model.layers.17.mlp.up_proj,17,layers_16_23,up_proj,mlp,4096,11008,45088768,3.3338267257931875e-07,0.018527314066886902,0.014753824099898338,0.33984375,7.718108463450335e-06,1.1840577125549316,1.630266547203064,1.9434280395507812,1.9885179996490479,0.0014776135550533809,0.2948254864795482,0.23167049058247358,9.125,0.7542084231972694,marlin_nvfp4,2.549689629949023e-06,0.007427837763038385,0.08618490449631179,0.01397705078125,0.0008911454507290538,0.0051423341165540565,0.071710069840672,0.203125,0.4162882489374769
126,model.layers.17.mlp.down_proj,17,layers_16_23,down_proj,mlp,11008,4096,45088768,-3.922170435544103e-06,0.018281100317835808,0.014555110596120358,1.1484375,1.7898028090712614e-05,1.9168182611465454,4.750730514526367,1.1685962677001953,1.4918981790542603,-0.00032528062418477505,0.10300824242784355,0.05572799337637979,18.5,0.1950286294138709,dense_nvfp4,2.5316616682725592e-06,0.007575319816552575,0.08703631320634264,0.04736328125,0.00027434104742951604,0.006917297697235899,0.0831702933578805,0.28515625,0.19914855652472768
126,model.layers.17.mlp.down_proj,17,layers_16_23,down_proj,mlp,11008,4096,45088768,-3.922170435544103e-06,0.018281100317835808,0.014555110596120358,1.1484375,1.7898028090712614e-05,1.9168182611465454,4.750730514526367,1.1685962677001953,1.4918981790542603,-0.00032528062418477505,0.10300824242784355,0.05572799337637979,18.5,0.1950286294138709,sparse_bf16,5.7595110563344734e-05,0.1723379501514298,0.4151360622150644,0.11083984375,0.003236675924199517,0.0816102844504755,0.2856751379635188,0.799560546875,0.19914855652472768
126,model.layers.17.mlp.down_proj,17,layers_16_23,down_proj,mlp,11008,4096,45088768,-3.922170435544103e-06,0.018281100317835808,0.014555110596120358,1.1484375,1.7898028090712614e-05,1.9168182611465454,4.750730514526367,1.1685962677001953,1.4918981790542603,-0.00032528062418477505,0.10300824242784355,0.05572799337637979,18.5,0.1950286294138709,sparse_nvfp4,9.497818212176478e-05,0.284196784342861,0.5331011014271693,0.1123046875,0.00625497474175063,0.1577143587617769,0.3971326714862137,0.978515625,0.19914855652472768
126,model.layers.17.mlp.down_proj,17,layers_16_23,down_proj,mlp,11008,4096,45088768,-3.922170435544103e-06,0.018281100317835808,0.014555110596120358,1.1484375,1.7898028090712614e-05,1.9168182611465454,4.750730514526367,1.1685962677001953,1.4918981790542603,-0.00032528062418477505,0.10300824242784355,0.05572799337637979,18.5,0.1950286294138709,marlin_nvfp4,2.5316616682725592e-06,0.007575319816552575,0.08703631320634264,0.04736328125,0.00027434104742951604,0.006917297697235899,0.0831702933578805,0.28515625,0.19914855652472768
127,model.layers.18.self_attn.q_proj,18,layers_16_23,q_proj,attention,4096,4096,16777216,-2.9147395252948627e-07,0.02288082428276539,0.017728010192513466,0.7734375,0.00014549493789672852,1.4251495599746704,2.445542097091675,1.4629108905792236,4.9178290367126465,0.003464837573346813,0.45738207539246295,0.33045358886010945,19.875,0.7866433560848236,dense_nvfp4,3.909255610778928e-06,0.0074670791096452796,0.08641226249581294,0.03125,0.0029846781235391973,0.001645509981124116,0.040564886060780646,0.4765625,1.3467856822579662
127,model.layers.18.self_attn.q_proj,18,layers_16_23,q_proj,attention,4096,4096,16777216,-2.9147395252948627e-07,0.02288082428276539,0.017728010192513466,0.7734375,0.00014549493789672852,1.4251495599746704,2.445542097091675,1.4629108905792236,4.9178290367126465,0.003464837573346813,0.45738207539246295,0.33045358886010945,19.875,0.7866433560848236,sparse_bf16,8.920951950130984e-05,0.1703993306585023,0.4127945380676715,0.10595703125,0.03318088236846961,0.01829325336263681,0.13525255399672426,1.625,1.3467856822579662
127,model.layers.18.self_attn.q_proj,18,layers_16_23,q_proj,attention,4096,4096,16777216,-2.9147395252948627e-07,0.02288082428276539,0.017728010192513466,0.7734375,0.00014549493789672852,1.4251495599746704,2.445542097091675,1.4629108905792236,4.9178290367126465,0.003464837573346813,0.45738207539246295,0.33045358886010945,19.875,0.7866433560848236,sparse_nvfp4,0.00014797424955759197,0.2826459913724525,0.5316446100285909,0.103515625,0.06700712235760875,0.03694230469150355,0.19220381029392614,2.625,1.3467856822579662
127,model.layers.18.self_attn.q_proj,18,layers_16_23,q_proj,attention,4096,4096,16777216,-2.9147395252948627e-07,0.02288082428276539,0.017728010192513466,0.7734375,0.00014549493789672852,1.4251495599746704,2.445542097091675,1.4629108905792236,4.9178290367126465,0.003464837573346813,0.45738207539246295,0.33045358886010945,19.875,0.7866433560848236,marlin_nvfp4,3.909255610778928e-06,0.0074670791096452796,0.08641226249581294,0.03125,0.0029846781235391973,0.001645509981124116,0.040564886060780646,0.4765625,1.3467856822579662
128,model.layers.18.self_attn.k_proj,18,layers_16_23,k_proj,attention,4096,4096,16777216,-5.627618065773277e-06,0.023385951295495033,0.01801561377942562,0.3125,0.00022679567337036133,1.4480719566345215,2.573648452758789,1.4957135915756226,2.280601739883423,0.003464837573346813,0.45738207539246295,0.33045358886010945,19.875,0.7828645259141922,dense_nvfp4,4.079717655258719e-06,0.007459677172588319,0.0863694226713848,0.02197265625,0.003174874860633281,0.0012907444431083691,0.03592693200244587,0.546875,1.5683506707677952
128,model.layers.18.self_attn.k_proj,18,layers_16_23,k_proj,attention,4096,4096,16777216,-5.627618065773277e-06,0.023385951295495033,0.01801561377942562,0.3125,0.00022679567337036133,1.4480719566345215,2.573648452758789,1.4957135915756226,2.280601739883423,0.003464837573346813,0.45738207539246295,0.33045358886010945,19.875,0.7828645259141922,sparse_bf16,9.31571121327579e-05,0.1703358030047095,0.4127175826212272,0.10400390625,0.034803667876985855,0.014149420964279577,0.11895133864013291,1.80078125,1.5683506707677952
128,model.layers.18.self_attn.k_proj,18,layers_16_23,k_proj,attention,4096,4096,16777216,-5.627618065773277e-06,0.023385951295495033,0.01801561377942562,0.3125,0.00022679567337036133,1.4480719566345215,2.573648452758789,1.4957135915756226,2.280601739883423,0.003464837573346813,0.45738207539246295,0.33045358886010945,19.875,0.7828645259141922,sparse_nvfp4,0.00015463377349078655,0.2827445739372525,0.5317373166679695,0.126953125,0.07142961703357287,0.02903968984813871,0.17041035722085296,2.6875,1.5683506707677952
128,model.layers.18.self_attn.k_proj,18,layers_16_23,k_proj,attention,4096,4096,16777216,-5.627618065773277e-06,0.023385951295495033,0.01801561377942562,0.3125,0.00022679567337036133,1.4480719566345215,2.573648452758789,1.4957135915756226,2.280601739883423,0.003464837573346813,0.45738207539246295,0.33045358886010945,19.875,0.7828645259141922,marlin_nvfp4,4.079717655258719e-06,0.007459677172588319,0.0863694226713848,0.02197265625,0.003174874860633281,0.0012907444431083691,0.03592693200244587,0.546875,1.5683506707677952
129,model.layers.18.self_attn.v_proj,18,layers_16_23,v_proj,attention,4096,4096,16777216,4.7831131269049365e-06,0.01700694113969803,0.013486510142683983,0.224609375,1.3470649719238281e-05,1.0840786695480347,1.4693524837493896,1.086607575416565,1.747166395187378,0.003464837573346813,0.45738207539246295,0.33045358886010945,19.875,0.8357742130756378,dense_nvfp4,2.1612333966913866e-06,0.007472213085783715,0.08644196368537514,0.01171875,0.0015638257600585348,0.006499273541647216,0.08061807205364822,0.26171875,0.4905257081284196
129,model.layers.18.self_attn.v_proj,18,layers_16_23,v_proj,attention,4096,4096,16777216,4.7831131269049365e-06,0.01700694113969803,0.013486510142683983,0.224609375,1.3470649719238281e-05,1.0840786695480347,1.4693524837493896,1.086607575416565,1.747166395187378,0.003464837573346813,0.45738207539246295,0.33045358886010945,19.875,0.8357742130756378,sparse_bf16,4.888210241915658e-05,0.16900418340574005,0.4111011839021387,0.055419921875,0.017897985722811427,0.07438418526415236,0.27273464258167196,0.9560546875,0.4905257081284196
129,model.layers.18.self_attn.v_proj,18,layers_16_23,v_proj,attention,4096,4096,16777216,4.7831131269049365e-06,0.01700694113969803,0.013486510142683983,0.224609375,1.3470649719238281e-05,1.0840786695480347,1.4693524837493896,1.086607575416565,1.747166395187378,0.003464837573346813,0.45738207539246295,0.33045358886010945,19.875,0.8357742130756378,sparse_nvfp4,8.057284139795229e-05,0.2785712273252114,0.5277984722649464,0.0654296875,0.03462604514788836,0.14390614659853745,0.37934963634955216,1.34765625,0.4905257081284196
129,model.layers.18.self_attn.v_proj,18,layers_16_23,v_proj,attention,4096,4096,16777216,4.7831131269049365e-06,0.01700694113969803,0.013486510142683983,0.224609375,1.3470649719238281e-05,1.0840786695480347,1.4693524837493896,1.086607575416565,1.747166395187378,0.003464837573346813,0.45738207539246295,0.33045358886010945,19.875,0.8357742130756378,marlin_nvfp4,2.1612333966913866e-06,0.007472213085783715,0.08644196368537514,0.01171875,0.0015638257600585348,0.006499273541647216,0.08061807205364822,0.26171875,0.4905257081284196
130,model.layers.18.self_attn.o_proj,18,layers_16_23,o_proj,attention,4096,4096,16777216,-4.291453478799667e-06,0.01677059940993786,0.013311006128787994,0.56640625,6.097555160522461e-05,1.0713649988174438,5.045302391052246,1.0700573921203613,1.3952882289886475,-7.659967703688153e-05,0.10835812832390282,0.05437008853186853,4.53125,0.18838197365403175,dense_nvfp4,2.1004163954785326e-06,0.007468066361654925,0.08641797476020209,0.060546875,9.373064744977455e-05,0.0066028656459872805,0.08125801896420612,0.3828125,0.11914465890200482
130,model.layers.18.self_attn.o_proj,18,layers_16_23,o_proj,attention,4096,4096,16777216,-4.291453478799667e-06,0.01677059940993786,0.013311006128787994,0.56640625,6.097555160522461e-05,1.0713649988174438,5.045302391052246,1.0700573921203613,1.3952882289886475,-7.659967703688153e-05,0.10835812832390282,0.05437008853186853,4.53125,0.18838197365403175,sparse_bf16,5.1801649533445016e-05,0.18418164950137011,0.4291638958502569,0.34765625,0.0011115619809061172,0.07830410454641776,0.27982870572265767,1.8984375,0.11914465890200482
130,model.layers.18.self_attn.o_proj,18,layers_16_23,o_proj,attention,4096,4096,16777216,-4.291453478799667e-06,0.01677059940993786,0.013311006128787994,0.56640625,6.097555160522461e-05,1.0713649988174438,5.045302391052246,1.0700573921203613,1.3952882289886475,-7.659967703688153e-05,0.10835812832390282,0.05437008853186853,4.53125,0.18838197365403175,sparse_nvfp4,8.656930731376633e-05,0.30779865044541055,0.5547960440066336,0.5,0.002177055705942621,0.15336292580152977,0.391615788498791,2.0400390625,0.11914465890200482
130,model.layers.18.self_attn.o_proj,18,layers_16_23,o_proj,attention,4096,4096,16777216,-4.291453478799667e-06,0.01677059940993786,0.013311006128787994,0.56640625,6.097555160522461e-05,1.0713649988174438,5.045302391052246,1.0700573921203613,1.3952882289886475,-7.659967703688153e-05,0.10835812832390282,0.05437008853186853,4.53125,0.18838197365403175,marlin_nvfp4,2.1004163954785326e-06,0.007468066361654925,0.08641797476020209,0.060546875,9.373064744977455e-05,0.0066028656459872805,0.08125801896420612,0.3828125,0.11914465890200482
131,model.layers.18.mlp.gate_proj,18,layers_16_23,gate_proj,mlp,4096,11008,45088768,-4.092624658369459e-05,0.019554277881979942,0.015455330722033978,0.369140625,0.0001254192611668259,1.2398953437805176,2.9953675270080566,2.051551580429077,2.2446951866149902,0.0016210583434599357,0.31194548286465806,0.2456170158693567,8.875,0.7579349614679813,dense_nvfp4,2.8386608857206653e-06,0.007423830378107846,0.08616165259619761,0.0205078125,0.0011215020880796188,0.0032209389633802567,0.05675331676105157,0.359375,0.5900771476678761
131,model.layers.18.mlp.gate_proj,18,layers_16_23,gate_proj,mlp,4096,11008,45088768,-4.092624658369459e-05,0.019554277881979942,0.015455330722033978,0.369140625,0.0001254192611668259,1.2398953437805176,2.9953675270080566,2.051551580429077,2.2446951866149902,0.0016210583434599357,0.31194548286465806,0.2456170158693567,8.875,0.7579349614679813,sparse_bf16,6.562766489074674e-05,0.1716332707126153,0.4142864597263774,0.13671875,0.013921051491918258,0.03998107327496935,0.1999526775888969,1.671875,0.5900771476678761
131,model.layers.18.mlp.gate_proj,18,layers_16_23,gate_proj,mlp,4096,11008,45088768,-4.092624658369459e-05,0.019554277881979942,0.015455330722033978,0.369140625,0.0001254192611668259,1.2398953437805176,2.9953675270080566,2.051551580429077,2.2446951866149902,0.0016210583434599357,0.31194548286465806,0.2456170158693567,8.875,0.7579349614679813,sparse_nvfp4,0.00010829024709934411,0.28320692693971383,0.5321718960446087,0.11865234375,0.028145005623268528,0.08083207887001835,0.2843098290070506,2.46875,0.5900771476678761
131,model.layers.18.mlp.gate_proj,18,layers_16_23,gate_proj,mlp,4096,11008,45088768,-4.092624658369459e-05,0.019554277881979942,0.015455330722033978,0.369140625,0.0001254192611668259,1.2398953437805176,2.9953675270080566,2.051551580429077,2.2446951866149902,0.0016210583434599357,0.31194548286465806,0.2456170158693567,8.875,0.7579349614679813,marlin_nvfp4,2.8386608857206653e-06,0.007423830378107846,0.08616165259619761,0.0205078125,0.0011215020880796188,0.0032209389633802567,0.05675331676105157,0.359375,0.5900771476678761
132,model.layers.18.mlp.up_proj,18,layers_16_23,up_proj,mlp,4096,11008,45088768,1.473878683100338e-06,0.018472852185368538,0.014713645912706852,0.326171875,8.272570084955078e-06,1.1808834075927734,1.864248275756836,1.9377048015594482,1.9830633401870728,0.0016210583434599357,0.31194548286465806,0.2456170158693567,8.875,0.7689343392848969,dense_nvfp4,2.5332591639896637e-06,0.007423550688775225,0.08616002953095608,0.01416015625,0.0009942567436197816,0.005489568380356034,0.07409162152602705,0.21875,0.42557898362996743
132,model.layers.18.mlp.up_proj,18,layers_16_23,up_proj,mlp,4096,11008,45088768,1.473878683100338e-06,0.018472852185368538,0.014713645912706852,0.326171875,8.272570084955078e-06,1.1808834075927734,1.864248275756836,1.9377048015594482,1.9830633401870728,0.0016210583434599357,0.31194548286465806,0.2456170158693567,8.875,0.7689343392848969,sparse_bf16,5.8192808484268744e-05,0.1705302282711571,0.41295305819324923,0.078125,0.01223639297558991,0.06756053343309966,0.25992409167504976,1.078125,0.42557898362996743
132,model.layers.18.mlp.up_proj,18,layers_16_23,up_proj,mlp,4096,11008,45088768,1.473878683100338e-06,0.018472852185368538,0.014713645912706852,0.326171875,8.272570084955078e-06,1.1808834075927734,1.864248275756836,1.9377048015594482,1.9830633401870728,0.0016210583434599357,0.31194548286465806,0.2456170158693567,8.875,0.7689343392848969,sparse_nvfp4,9.58850412347982e-05,0.2809848569858885,0.5300800477153318,0.09326171875,0.023842062075557405,0.1316386646933492,0.3628204303692795,1.609375,0.42557898362996743
132,model.layers.18.mlp.up_proj,18,layers_16_23,up_proj,mlp,4096,11008,45088768,1.473878683100338e-06,0.018472852185368538,0.014713645912706852,0.326171875,8.272570084955078e-06,1.1808834075927734,1.864248275756836,1.9377048015594482,1.9830633401870728,0.0016210583434599357,0.31194548286465806,0.2456170158693567,8.875,0.7689343392848969,marlin_nvfp4,2.5332591639896637e-06,0.007423550688775225,0.08616002953095608,0.01416015625,0.0009942567436197816,0.005489568380356034,0.07409162152602705,0.21875,0.42557898362996743
133,model.layers.18.mlp.down_proj,18,layers_16_23,down_proj,mlp,11008,4096,45088768,-2.514241032258724e-06,0.01826286129653454,0.014543474651873112,1.1015625,1.7964563085115515e-05,1.9150458574295044,4.612987995147705,1.1676647663116455,1.4211502075195312,0.0001997477027036312,0.11253425537868746,0.059298407199770906,30.875,0.21140458556108696,dense_nvfp4,2.5336606953249767e-06,0.007596451686544181,0.0871576255214894,0.04296875,0.0003225143228746674,0.006862960800508522,0.08284298884340498,0.49609375,0.21677976644944089
133,model.layers.18.mlp.down_proj,18,layers_16_23,down_proj,mlp,11008,4096,45088768,-2.514241032258724e-06,0.01826286129653454,0.014543474651873112,1.1015625,1.7964563085115515e-05,1.9150458574295044,4.612987995147705,1.1676647663116455,1.4211502075195312,0.0001997477027036312,0.11253425537868746,0.059298407199770906,30.875,0.21140458556108696,sparse_bf16,5.731185854867447e-05,0.1718330971997882,0.41452755903532906,0.10498046875,0.00383058764236921,0.08151319481928404,0.2855051572551432,0.80859375,0.21677976644944089
133,model.layers.18.mlp.down_proj,18,layers_16_23,down_proj,mlp,11008,4096,45088768,-2.514241032258724e-06,0.01826286129653454,0.014543474651873112,1.1015625,1.7964563085115515e-05,1.9150458574295044,4.612987995147705,1.1676647663116455,1.4211502075195312,0.0001997477027036312,0.11253425537868746,0.059298407199770906,30.875,0.21140458556108696,sparse_nvfp4,9.466863648836003e-05,0.28383663394304665,0.5327632062586968,0.1572265625,0.007427461405313807,0.15805306262868762,0.3975588794489284,1.19140625,0.21677976644944089
133,model.layers.18.mlp.down_proj,18,layers_16_23,down_proj,mlp,11008,4096,45088768,-2.514241032258724e-06,0.01826286129653454,0.014543474651873112,1.1015625,1.7964563085115515e-05,1.9150458574295044,4.612987995147705,1.1676647663116455,1.4211502075195312,0.0001997477027036312,0.11253425537868746,0.059298407199770906,30.875,0.21140458556108696,marlin_nvfp4,2.5336606953249767e-06,0.007596451686544181,0.0871576255214894,0.04296875,0.0003225143228746674,0.006862960800508522,0.08284298884340498,0.49609375,0.21677976644944089
134,model.layers.19.self_attn.q_proj,19,layers_16_23,q_proj,attention,4096,4096,16777216,-3.9801429920771625e-06,0.02260177955031395,0.0174403116106987,0.71875,0.0001621842384338379,1.4023582935333252,2.471590518951416,1.4446895122528076,5.293084621429443,0.0042839510799694835,0.4535960628782479,0.3296894892118871,16.75,0.7891925051808357,dense_nvfp4,3.812464228758472e-06,0.007463121360742474,0.08638935907125642,0.02783203125,0.0028811863194277976,0.001743866588599869,0.04175962869327108,0.5,1.2853726165755972
134,model.layers.19.self_attn.q_proj,19,layers_16_23,q_proj,attention,4096,4096,16777216,-3.9801429920771625e-06,0.02260177955031395,0.0174403116106987,0.71875,0.0001621842384338379,1.4023582935333252,2.471590518951416,1.4446895122528076,5.293084621429443,0.0042839510799694835,0.4535960628782479,0.3296894892118871,16.75,0.7891925051808357,sparse_bf16,8.761232311371714e-05,0.1715062387109095,0.41413311713857115,0.099609375,0.03221827792003751,0.019500432175499325,0.13964394786563192,1.59375,1.2853726165755972
134,model.layers.19.self_attn.q_proj,19,layers_16_23,q_proj,attention,4096,4096,16777216,-3.9801429920771625e-06,0.02260177955031395,0.0174403116106987,0.71875,0.0001621842384338379,1.4023582935333252,2.471590518951416,1.4446895122528076,5.293084621429443,0.0042839510799694835,0.4535960628782479,0.3296894892118871,16.75,0.7891925051808357,sparse_nvfp4,0.0001455765450373292,0.2849745880094419,0.5338301115611988,0.115478515625,0.06482103565940633,0.03923357457400705,0.19807466918818026,2.375,1.2853726165755972
134,model.layers.19.self_attn.q_proj,19,layers_16_23,q_proj,attention,4096,4096,16777216,-3.9801429920771625e-06,0.02260177955031395,0.0174403116106987,0.71875,0.0001621842384338379,1.4023582935333252,2.471590518951416,1.4446895122528076,5.293084621429443,0.0042839510799694835,0.4535960628782479,0.3296894892118871,16.75,0.7891925051808357,marlin_nvfp4,3.812464228758472e-06,0.007463121360742474,0.08638935907125642,0.02783203125,0.0028811863194277976,0.001743866588599869,0.04175962869327108,0.5,1.2853726165755972
135,model.layers.19.self_attn.k_proj,19,layers_16_23,k_proj,attention,4096,4096,16777216,-8.360775609617122e-06,0.023036299273371696,0.01767268404364586,0.298828125,0.00024169683456420898,1.421048879623413,2.9975903034210205,1.4726110696792603,2.5580830574035645,0.0042839510799694835,0.4535960628782479,0.3296894892118871,16.75,0.7863356024026871,dense_nvfp4,3.956552518502576e-06,0.00745575282361471,0.08634670128971175,0.01953125,0.0030631790268671466,0.0012472957206965771,0.035317074067603295,0.5,1.5671171872386263
135,model.layers.19.self_attn.k_proj,19,layers_16_23,k_proj,attention,4096,4096,16777216,-8.360775609617122e-06,0.023036299273371696,0.01767268404364586,0.298828125,0.00024169683456420898,1.421048879623413,2.9975903034210205,1.4726110696792603,2.5580830574035645,0.0042839510799694835,0.4535960628782479,0.3296894892118871,16.75,0.7863356024026871,sparse_bf16,9.086883073905483e-05,0.17123380473101485,0.41380406562890953,0.103515625,0.03367839952989016,0.013713505885584497,0.11710467917886329,2.0,1.5671171872386263
135,model.layers.19.self_attn.k_proj,19,layers_16_23,k_proj,attention,4096,4096,16777216,-8.360775609617122e-06,0.023036299273371696,0.01767268404364586,0.298828125,0.00024169683456420898,1.421048879623413,2.9975903034210205,1.4726110696792603,2.5580830574035645,0.0042839510799694835,0.4535960628782479,0.3296894892118871,16.75,0.7863356024026871,sparse_nvfp4,0.00015147283556871116,0.28543637831446356,0.5342624620113822,0.11669921875,0.06882559749647044,0.028025091735996616,0.16740696441903669,2.625,1.5671171872386263
135,model.layers.19.self_attn.k_proj,19,layers_16_23,k_proj,attention,4096,4096,16777216,-8.360775609617122e-06,0.023036299273371696,0.01767268404364586,0.298828125,0.00024169683456420898,1.421048879623413,2.9975903034210205,1.4726110696792603,2.5580830574035645,0.0042839510799694835,0.4535960628782479,0.3296894892118871,16.75,0.7863356024026871,marlin_nvfp4,3.956552518502576e-06,0.00745575282361471,0.08634670128971175,0.01953125,0.0030631790268671466,0.0012472957206965771,0.035317074067603295,0.5,1.5671171872386263
136,model.layers.19.self_attn.v_proj,19,layers_16_23,v_proj,attention,4096,4096,16777216,-1.4746406122867484e-06,0.017155470326542854,0.01359761506319046,0.2236328125,1.3947486877441406e-05,1.0929274559020996,1.3797141313552856,1.0962226390838623,1.4935957193374634,0.0042839510799694835,0.4535960628782479,0.3296894892118871,16.75,0.8335632309317589,dense_nvfp4,2.1977309643261833e-06,0.007467397609820399,0.08641410538691238,0.011474609375,0.0015771595917613013,0.006449086323077745,0.08030620351553014,0.26171875,0.4945255398185232
136,model.layers.19.self_attn.v_proj,19,layers_16_23,v_proj,attention,4096,4096,16777216,-1.4746406122867484e-06,0.017155470326542854,0.01359761506319046,0.2236328125,1.3947486877441406e-05,1.0929274559020996,1.3797141313552856,1.0962226390838623,1.4935957193374634,0.0042839510799694835,0.4535960628782479,0.3296894892118871,16.75,0.8335632309317589,sparse_bf16,5.004027480026707e-05,0.17002564668002318,0.4123416625566997,0.06396484375,0.01821401228517061,0.07447802881221777,0.2729066302093406,1.02734375,0.4945255398185232
136,model.layers.19.self_attn.v_proj,19,layers_16_23,v_proj,attention,4096,4096,16777216,-1.4746406122867484e-06,0.017155470326542854,0.01359761506319046,0.2236328125,1.3947486877441406e-05,1.0929274559020996,1.3797141313552856,1.0962226390838623,1.4935957193374634,0.0042839510799694835,0.4535960628782479,0.3296894892118871,16.75,0.8335632309317589,sparse_nvfp4,8.295072620967403e-05,0.2818479898975715,0.5308935768094878,0.06591796875,0.03528112865751609,0.14426634151451778,0.3798240928568352,1.478515625,0.4945255398185232
136,model.layers.19.self_attn.v_proj,19,layers_16_23,v_proj,attention,4096,4096,16777216,-1.4746406122867484e-06,0.017155470326542854,0.01359761506319046,0.2236328125,1.3947486877441406e-05,1.0929274559020996,1.3797141313552856,1.0962226390838623,1.4935957193374634,0.0042839510799694835,0.4535960628782479,0.3296894892118871,16.75,0.8335632309317589,marlin_nvfp4,2.1977309643261833e-06,0.007467397609820399,0.08641410538691238,0.011474609375,0.0015771595917613013,0.006449086323077745,0.08030620351553014,0.26171875,0.4945255398185232
137,model.layers.19.self_attn.o_proj,19,layers_16_23,o_proj,attention,4096,4096,16777216,-1.0130490863957675e-06,0.01697995327413082,0.013468974269926548,0.67578125,6.747245788574219e-05,1.0848253965377808,5.0157670974731445,1.0831464529037476,1.3091840744018555,-0.00011913944456409808,0.10564001838247497,0.051651033194502816,4.625,0.17209000140428543,dense_nvfp4,2.1467049009515904e-06,0.007445594252252472,0.08628785692235305,0.064453125,9.205424066749401e-05,0.006606852084781058,0.0812825447730388,0.4453125,0.11803875170291485
137,model.layers.19.self_attn.o_proj,19,layers_16_23,o_proj,attention,4096,4096,16777216,-1.0130490863957675e-06,0.01697995327413082,0.013468974269926548,0.67578125,6.747245788574219e-05,1.0848253965377808,5.0157670974731445,1.0831464529037476,1.3091840744018555,-0.00011913944456409808,0.10564001838247497,0.051651033194502816,4.625,0.17209000140428543,sparse_bf16,5.371289807953872e-05,0.18629688926296203,0.431621233563598,0.3203125,0.0011075431721110363,0.07948980799350312,0.2819393693571423,1.708984375,0.11803875170291485
137,model.layers.19.self_attn.o_proj,19,layers_16_23,o_proj,attention,4096,4096,16777216,-1.0130490863957675e-06,0.01697995327413082,0.013468974269926548,0.67578125,6.747245788574219e-05,1.0848253965377808,5.0157670974731445,1.0831464529037476,1.3091840744018555,-0.00011913944456409808,0.10564001838247497,0.051651033194502816,4.625,0.17209000140428543,sparse_nvfp4,9.256519115297124e-05,0.321051512437366,0.5666140771613127,0.38671875,0.00224437117594789,0.16108142629077102,0.4013495064040456,2.5947265625,0.11803875170291485
137,model.layers.19.self_attn.o_proj,19,layers_16_23,o_proj,attention,4096,4096,16777216,-1.0130490863957675e-06,0.01697995327413082,0.013468974269926548,0.67578125,6.747245788574219e-05,1.0848253965377808,5.0157670974731445,1.0831464529037476,1.3091840744018555,-0.00011913944456409808,0.10564001838247497,0.051651033194502816,4.625,0.17209000140428543,marlin_nvfp4,2.1467049009515904e-06,0.007445594252252472,0.08628785692235305,0.064453125,9.205424066749401e-05,0.006606852084781058,0.0812825447730388,0.4453125,0.11803875170291485
138,model.layers.19.mlp.gate_proj,19,layers_16_23,gate_proj,mlp,4096,11008,45088768,-5.5665906984359026e-05,0.019624821841716766,0.015532576479017735,0.38671875,9.612149733584374e-05,1.2460200786590576,2.9891669750213623,2.0589451789855957,2.1767756938934326,0.0019378995262968601,0.3227867423007645,0.25446189590729773,9.125,0.7650003992021084,dense_nvfp4,2.857705789379949e-06,0.007419977639883865,0.0861392920790731,0.0224609375,0.0012103918916816542,0.0035845436561012024,0.059871058585106066,0.3671875,0.5810935646516313
138,model.layers.19.mlp.gate_proj,19,layers_16_23,gate_proj,mlp,4096,11008,45088768,-5.5665906984359026e-05,0.019624821841716766,0.015532576479017735,0.38671875,9.612149733584374e-05,1.2460200786590576,2.9891669750213623,2.0589451789855957,2.1767756938934326,0.0019378995262968601,0.3227867423007645,0.25446189590729773,9.125,0.7650003992021084,sparse_bf16,6.583976277778315e-05,0.17095166669778408,0.4134630173277703,0.095703125,0.015068291166667329,0.044624346776415066,0.21124475561872552,1.78125,0.5810935646516313
138,model.layers.19.mlp.gate_proj,19,layers_16_23,gate_proj,mlp,4096,11008,45088768,-5.5665906984359026e-05,0.019624821841716766,0.015532576479017735,0.38671875,9.612149733584374e-05,1.2460200786590576,2.9891669750213623,2.0589451789855957,2.1767756938934326,0.0019378995262968601,0.3227867423007645,0.25446189590729773,9.125,0.7650003992021084,sparse_nvfp4,0.00010850699618458748,0.28173631045318137,0.5307883857557373,0.15576171875,0.030209366946892684,0.08946424326576544,0.29910573927252787,2.40625,0.5810935646516313
138,model.layers.19.mlp.gate_proj,19,layers_16_23,gate_proj,mlp,4096,11008,45088768,-5.5665906984359026e-05,0.019624821841716766,0.015532576479017735,0.38671875,9.612149733584374e-05,1.2460200786590576,2.9891669750213623,2.0589451789855957,2.1767756938934326,0.0019378995262968601,0.3227867423007645,0.25446189590729773,9.125,0.7650003992021084,marlin_nvfp4,2.857705789379949e-06,0.007419977639883865,0.0861392920790731,0.0224609375,0.0012103918916816542,0.0035845436561012024,0.059871058585106066,0.3671875,0.5810935646516313
139,model.layers.19.mlp.up_proj,19,layers_16_23,up_proj,mlp,4096,11008,45088768,-4.9713107728166506e-06,0.01847236044704914,0.014715283177793026,0.5703125,7.318895768548828e-06,1.1810194253921509,1.5888922214508057,1.937669277191162,1.9875587224960327,0.0019378995262968601,0.3227867423007645,0.25446189590729773,9.125,0.7765060029923916,dense_nvfp4,2.5310362743343727e-06,0.007417431168639926,0.08612450968591882,0.0223388671875,0.0010660094937287965,0.00552853865490634,0.0743541434952104,0.21875,0.43911205599853315
139,model.layers.19.mlp.up_proj,19,layers_16_23,up_proj,mlp,4096,11008,45088768,-4.9713107728166506e-06,0.01847236044704914,0.014715283177793026,0.5703125,7.318895768548828e-06,1.1810194253921509,1.5888922214508057,1.937669277191162,1.9875587224960327,0.0019378995262968601,0.3227867423007645,0.25446189590729773,9.125,0.7765060029923916,sparse_bf16,5.796724973722946e-05,0.1698782784432183,0.4121629270606689,0.0751953125,0.013167794468964255,0.06829081837431693,0.26132512005989195,0.96875,0.43911205599853315
139,model.layers.19.mlp.up_proj,19,layers_16_23,up_proj,mlp,4096,11008,45088768,-4.9713107728166506e-06,0.01847236044704914,0.014715283177793026,0.5703125,7.318895768548828e-06,1.1810194253921509,1.5888922214508057,1.937669277191162,1.9875587224960327,0.0019378995262968601,0.3227867423007645,0.25446189590729773,9.125,0.7765060029923916,sparse_nvfp4,9.550374044581901e-05,0.2798823660837547,0.5290390969330667,0.07080078125,0.025637841880927947,0.13296298081858063,0.36464089295988267,1.5,0.43911205599853315
139,model.layers.19.mlp.up_proj,19,layers_16_23,up_proj,mlp,4096,11008,45088768,-4.9713107728166506e-06,0.01847236044704914,0.014715283177793026,0.5703125,7.318895768548828e-06,1.1810194253921509,1.5888922214508057,1.937669277191162,1.9875587224960327,0.0019378995262968601,0.3227867423007645,0.25446189590729773,9.125,0.7765060029923916,marlin_nvfp4,2.5310362743343727e-06,0.007417431168639926,0.08612450968591882,0.0223388671875,0.0010660094937287965,0.00552853865490634,0.0743541434952104,0.21875,0.43911205599853315
140,model.layers.19.mlp.down_proj,19,layers_16_23,down_proj,mlp,11008,4096,45088768,-1.794930653886695e-06,0.018303196877241135,0.014579028822481632,0.96875,1.536968193249777e-05,1.919378638267517,4.480569362640381,1.170414686203003,1.5332239866256714,8.100823183561916e-05,0.11686952064494203,0.061767347200318824,38.0,0.22110456089640773,dense_nvfp4,2.540892658776842e-06,0.007584596295423981,0.087089587755506,0.0390625,0.00035243213983449095,0.006744723205411354,0.08212626379795536,0.25,0.22858918942540093
140,model.layers.19.mlp.down_proj,19,layers_16_23,down_proj,mlp,11008,4096,45088768,-1.794930653886695e-06,0.018303196877241135,0.014579028822481632,0.96875,1.536968193249777e-05,1.919378638267517,4.480569362640381,1.170414686203003,1.5332239866256714,8.100823183561916e-05,0.11686952064494203,0.061767347200318824,38.0,0.22110456089640773,sparse_bf16,5.684429129888845e-05,0.16968091891339385,0.4119234381695145,0.087890625,0.004313134553740383,0.08254326272948875,0.2873034332017088,1.11328125,0.22858918942540093
140,model.layers.19.mlp.down_proj,19,layers_16_23,down_proj,mlp,11008,4096,45088768,-1.794930653886695e-06,0.018303196877241135,0.014579028822481632,0.96875,1.536968193249777e-05,1.919378638267517,4.480569362640381,1.170414686203003,1.5332239866256714,8.100823183561916e-05,0.11686952064494203,0.061767347200318824,38.0,0.22110456089640773,sparse_nvfp4,9.353610492029856e-05,0.27920644046742177,0.5283998868919464,0.10791015625,0.008332654142577667,0.15946742480553544,0.39933372610579165,1.47900390625,0.22858918942540093
140,model.layers.19.mlp.down_proj,19,layers_16_23,down_proj,mlp,11008,4096,45088768,-1.794930653886695e-06,0.018303196877241135,0.014579028822481632,0.96875,1.536968193249777e-05,1.919378638267517,4.480569362640381,1.170414686203003,1.5332239866256714,8.100823183561916e-05,0.11686952064494203,0.061767347200318824,38.0,0.22110456089640773,marlin_nvfp4,2.540892658776842e-06,0.007584596295423981,0.087089587755506,0.0390625,0.00035243213983449095,0.006744723205411354,0.08212626379795536,0.25,0.22858918942540093
141,model.layers.20.self_attn.q_proj,20,layers_16_23,q_proj,attention,4096,4096,16777216,2.49424010689836e-06,0.02274751104414463,0.01748829521238804,1.0546875,0.00019592046737670898,1.406290888786316,2.7416741847991943,1.453892469406128,5.303666591644287,0.004220148727426931,0.45338154749438564,0.3318726883735508,17.25,0.7908637970685959,dense_nvfp4,3.858395757561084e-06,0.007456567977856648,0.08635142140032583,0.041015625,0.0029577056175185135,0.001721277274944456,0.04148827876574848,0.4375,1.310847154204883
141,model.layers.20.self_attn.q_proj,20,layers_16_23,q_proj,attention,4096,4096,16777216,2.49424010689836e-06,0.02274751104414463,0.01748829521238804,1.0546875,0.00019592046737670898,1.406290888786316,2.7416741847991943,1.453892469406128,5.303666591644287,0.004220148727426931,0.45338154749438564,0.3318726883735508,17.25,0.7908637970685959,sparse_bf16,8.852811151882634e-05,0.17108558140978936,0.41362492841920123,0.1357421875,0.03337098304473329,0.019420700429831274,0.13935817317197896,1.8125,1.310847154204883
141,model.layers.20.self_attn.q_proj,20,layers_16_23,q_proj,attention,4096,4096,16777216,2.49424010689836e-06,0.02274751104414463,0.01748829521238804,1.0546875,0.00019592046737670898,1.406290888786316,2.7416741847991943,1.453892469406128,5.303666591644287,0.004220148727426931,0.45338154749438564,0.3318726883735508,17.25,0.7908637970685959,sparse_nvfp4,0.0001474804594181478,0.2850143272374096,0.533867331120204,0.11767578125,0.06749776989454404,0.039281251230940485,0.19819498286016346,2.6875,1.310847154204883
141,model.layers.20.self_attn.q_proj,20,layers_16_23,q_proj,attention,4096,4096,16777216,2.49424010689836e-06,0.02274751104414463,0.01748829521238804,1.0546875,0.00019592046737670898,1.406290888786316,2.7416741847991943,1.453892469406128,5.303666591644287,0.004220148727426931,0.45338154749438564,0.3318726883735508,17.25,0.7908637970685959,marlin_nvfp4,3.858395757561084e-06,0.007456567977856648,0.08635142140032583,0.041015625,0.0029577056175185135,0.001721277274944456,0.04148827876574848,0.4375,1.310847154204883
142,model.layers.20.self_attn.k_proj,20,layers_16_23,k_proj,attention,4096,4096,16777216,2.4919422685343307e-06,0.02316337078809738,0.01771034114062786,0.328125,0.0002600550651550293,1.4243377447128296,2.8633460998535156,1.480531096458435,2.688342332839966,0.004220148727426931,0.45338154749438564,0.3318726883735508,17.25,0.7880078442394733,dense_nvfp4,3.997612111561466e-06,0.007450700984310974,0.08631744310573022,0.0205078125,0.003128487625872367,0.0013018710607764362,0.03608145036963503,0.4375,1.5501839432714595
142,model.layers.20.self_attn.k_proj,20,layers_16_23,k_proj,attention,4096,4096,16777216,2.4919422685343307e-06,0.02316337078809738,0.01771034114062786,0.328125,0.0002600550651550293,1.4243377447128296,2.8633460998535156,1.480531096458435,2.688342332839966,0.004220148727426931,0.45338154749438564,0.3318726883735508,17.25,0.7880078442394733,sparse_bf16,9.16905264602974e-05,0.1708916915110325,0.4133904830919944,0.0986328125,0.03479665984923486,0.0144800842729139,0.12033322181722676,2.4375,1.5501839432714595
142,model.layers.20.self_attn.k_proj,20,layers_16_23,k_proj,attention,4096,4096,16777216,2.4919422685343307e-06,0.02316337078809738,0.01771034114062786,0.328125,0.0002600550651550293,1.4243377447128296,2.8633460998535156,1.480531096458435,2.688342332839966,0.004220148727426931,0.45338154749438564,0.3318726883735508,17.25,0.7880078442394733,sparse_nvfp4,0.0001529115397715941,0.2849946738438596,0.5338489241759878,0.111328125,0.07116613100515679,0.029614669304374643,0.17208913186013416,3.0625,1.5501839432714595
142,model.layers.20.self_attn.k_proj,20,layers_16_23,k_proj,attention,4096,4096,16777216,2.4919422685343307e-06,0.02316337078809738,0.01771034114062786,0.328125,0.0002600550651550293,1.4243377447128296,2.8633460998535156,1.480531096458435,2.688342332839966,0.004220148727426931,0.45338154749438564,0.3318726883735508,17.25,0.7880078442394733,marlin_nvfp4,3.997612111561466e-06,0.007450700984310974,0.08631744310573022,0.0205078125,0.003128487625872367,0.0013018710607764362,0.03608145036963503,0.4375,1.5501839432714595
143,model.layers.20.self_attn.v_proj,20,layers_16_23,v_proj,attention,4096,4096,16777216,-3.92366655432852e-06,0.01741933450102806,0.013842729851603508,0.1630859375,6.258487701416016e-06,1.112599492073059,1.2683088779449463,1.1129552125930786,1.2084150314331055,0.004220148727426931,0.45338154749438564,0.3318726883735508,17.25,0.8320828191936016,dense_nvfp4,2.265298235215596e-06,0.007465557813264024,0.08640345949824015,0.01318359375,0.00164480959665525,0.006821639236497939,0.08259321543866627,0.263671875,0.4910361224672499
143,model.layers.20.self_attn.v_proj,20,layers_16_23,v_proj,attention,4096,4096,16777216,-3.92366655432852e-06,0.01741933450102806,0.013842729851603508,0.1630859375,6.258487701416016e-06,1.112599492073059,1.2683088779449463,1.1129552125930786,1.2084150314331055,0.004220148727426931,0.45338154749438564,0.3318726883735508,17.25,0.8320828191936016,sparse_bf16,5.147013143869117e-05,0.16962589558335858,0.41185664445697434,0.0537109375,0.019127971740090288,0.0793308373213322,0.28165730475407913,1.017578125,0.4910361224672499
143,model.layers.20.self_attn.v_proj,20,layers_16_23,v_proj,attention,4096,4096,16777216,-3.92366655432852e-06,0.01741933450102806,0.013842729851603508,0.1630859375,6.258487701416016e-06,1.112599492073059,1.2683088779449463,1.1129552125930786,1.2084150314331055,0.004220148727426931,0.45338154749438564,0.3318726883735508,17.25,0.8320828191936016,sparse_nvfp4,8.526122837793082e-05,0.28098844549038804,0.5300834325748995,0.06494140625,0.03688508574850857,0.1529762160284596,0.3911217406747669,1.37890625,0.4910361224672499
143,model.layers.20.self_attn.v_proj,20,layers_16_23,v_proj,attention,4096,4096,16777216,-3.92366655432852e-06,0.01741933450102806,0.013842729851603508,0.1630859375,6.258487701416016e-06,1.112599492073059,1.2683088779449463,1.1129552125930786,1.2084150314331055,0.004220148727426931,0.45338154749438564,0.3318726883735508,17.25,0.8320828191936016,marlin_nvfp4,2.265298235215596e-06,0.007465557813264024,0.08640345949824015,0.01318359375,0.00164480959665525,0.006821639236497939,0.08259321543866627,0.263671875,0.4910361224672499
144,model.layers.20.self_attn.o_proj,20,layers_16_23,o_proj,attention,4096,4096,16777216,-4.534986146609299e-07,0.01731073670089245,0.013734906911849976,0.578125,5.167722702026367e-05,1.1046698093414307,6.3345160484313965,1.1057401895523071,1.4121532440185547,-0.0002231128727032683,0.11500295497234064,0.05575231765396893,6.0,0.18144924566149712,dense_nvfp4,2.2344574972521514e-06,0.007456602107845589,0.08635161902272354,0.078125,0.00011419349732477713,0.005228210327502436,0.0723063643637435,0.734375,0.14778969799844724
144,model.layers.20.self_attn.o_proj,20,layers_16_23,o_proj,attention,4096,4096,16777216,-4.534986146609299e-07,0.01731073670089245,0.013734906911849976,0.578125,5.167722702026367e-05,1.1046698093414307,6.3345160484313965,1.1057401895523071,1.4121532440185547,-0.0002231128727032683,0.11500295497234064,0.05575231765396893,6.0,0.18144924566149712,sparse_bf16,5.4743995860917494e-05,0.182686041435293,0.42741787683167043,0.556640625,0.0013264412591524888,0.06072949907298859,0.24643355914523613,3.919921875,0.14778969799844724
144,model.layers.20.self_attn.o_proj,20,layers_16_23,o_proj,attention,4096,4096,16777216,-4.534986146609299e-07,0.01731073670089245,0.013734906911849976,0.578125,5.167722702026367e-05,1.1046698093414307,6.3345160484313965,1.1057401895523071,1.4121532440185547,-0.0002231128727032683,0.11500295497234064,0.05575231765396893,6.0,0.18144924566149712,sparse_nvfp4,9.091517858905718e-05,0.30339279808902136,0.5508110366441665,0.822265625,0.002812270699905639,0.1287563921013999,0.35882640942578337,5.078125,0.14778969799844724
144,model.layers.20.self_attn.o_proj,20,layers_16_23,o_proj,attention,4096,4096,16777216,-4.534986146609299e-07,0.01731073670089245,0.013734906911849976,0.578125,5.167722702026367e-05,1.1046698093414307,6.3345160484313965,1.1057401895523071,1.4121532440185547,-0.0002231128727032683,0.11500295497234064,0.05575231765396893,6.0,0.18144924566149712,marlin_nvfp4,2.2344574972521514e-06,0.007456602107845589,0.08635161902272354,0.078125,0.00011419349732477713,0.005228210327502436,0.0723063643637435,0.734375,0.14778969799844724
145,model.layers.20.mlp.gate_proj,20,layers_16_23,gate_proj,mlp,4096,11008,45088768,-3.697322972584516e-05,0.019730910658836365,0.015643920749425888,0.322265625,7.824564818292856e-05,1.2548785209655762,2.6484270095825195,2.070091724395752,2.160818576812744,0.0018540522216881072,0.33347446328514907,0.26339179649949074,8.1875,0.7703852318227291,dense_nvfp4,2.887033990064506e-06,0.007415767535297468,0.08611485084059234,0.01708984375,0.0013074581430098692,0.0034965616928755248,0.05913173169183805,0.375,0.6114955479824453
145,model.layers.20.mlp.gate_proj,20,layers_16_23,gate_proj,mlp,4096,11008,45088768,-3.697322972584516e-05,0.019730910658836365,0.015643920749425888,0.322265625,7.824564818292856e-05,1.2548785209655762,2.6484270095825195,2.070091724395752,2.160818576812744,0.0018540522216881072,0.33347446328514907,0.26339179649949074,8.1875,0.7703852318227291,sparse_bf16,6.692844096484573e-05,0.1719154542008307,0.41462688552580707,0.126953125,0.01611167247688701,0.043087770795592346,0.20757593982827668,1.625,0.6114955479824453
145,model.layers.20.mlp.gate_proj,20,layers_16_23,gate_proj,mlp,4096,11008,45088768,-3.697322972584516e-05,0.019730910658836365,0.015643920749425888,0.322265625,7.824564818292856e-05,1.2548785209655762,2.6484270095825195,2.070091724395752,2.160818576812744,0.0018540522216881072,0.33347446328514907,0.26339179649949074,8.1875,0.7703852318227291,sparse_nvfp4,0.00011042126476071602,0.28363311039531897,0.5325721644954033,0.179443359375,0.03263514194377633,0.08727681859051473,0.29542650285733457,2.65625,0.6114955479824453
145,model.layers.20.mlp.gate_proj,20,layers_16_23,gate_proj,mlp,4096,11008,45088768,-3.697322972584516e-05,0.019730910658836365,0.015643920749425888,0.322265625,7.824564818292856e-05,1.2548785209655762,2.6484270095825195,2.070091724395752,2.160818576812744,0.0018540522216881072,0.33347446328514907,0.26339179649949074,8.1875,0.7703852318227291,marlin_nvfp4,2.887033990064506e-06,0.007415767535297468,0.08611485084059234,0.01708984375,0.0013074581430098692,0.0034965616928755248,0.05913173169183805,0.375,0.6114955479824453
146,model.layers.20.mlp.up_proj,20,layers_16_23,up_proj,mlp,4096,11008,45088768,-4.9542268953928215e-08,0.018459780141711235,0.014711085706949234,0.318359375,7.80682239565067e-06,1.1804883480072021,1.556106448173523,1.9363923072814941,1.9924925565719604,0.0018540522216881072,0.33347446328514907,0.26339179649949074,8.1875,0.784040242433548,dense_nvfp4,2.5276199584220383e-06,0.0074175210431926975,0.08612503145539453,0.01318359375,0.0011386744973119782,0.005358284226476214,0.0732003020927934,0.21728515625,0.46098513746109127
146,model.layers.20.mlp.up_proj,20,layers_16_23,up_proj,mlp,4096,11008,45088768,-4.9542268953928215e-08,0.018459780141711235,0.014711085706949234,0.318359375,7.80682239565067e-06,1.1804883480072021,1.556106448173523,1.9363923072814941,1.9924925565719604,0.0018540522216881072,0.33347446328514907,0.26339179649949074,8.1875,0.784040242433548,sparse_bf16,5.821858229505461e-05,0.17084750333590665,0.41333703358870066,0.06634330749511719,0.01390768607082062,0.06544568713533193,0.2558235468742702,1.0625,0.46098513746109127
146,model.layers.20.mlp.up_proj,20,layers_16_23,up_proj,mlp,4096,11008,45088768,-4.9542268953928215e-08,0.018459780141711235,0.014711085706949234,0.318359375,7.80682239565067e-06,1.1804883480072021,1.556106448173523,1.9363923072814941,1.9924925565719604,0.0018540522216881072,0.33347446328514907,0.26339179649949074,8.1875,0.784040242433548,sparse_nvfp4,9.594961654308231e-05,0.2815725114937349,0.530634065523252,0.0908203125,0.027331502696629182,0.12861441977576438,0.3586285261600984,1.78125,0.46098513746109127
146,model.layers.20.mlp.up_proj,20,layers_16_23,up_proj,mlp,4096,11008,45088768,-4.9542268953928215e-08,0.018459780141711235,0.014711085706949234,0.318359375,7.80682239565067e-06,1.1804883480072021,1.556106448173523,1.9363923072814941,1.9924925565719604,0.0018540522216881072,0.33347446328514907,0.26339179649949074,8.1875,0.784040242433548,marlin_nvfp4,2.5276199584220383e-06,0.0074175210431926975,0.08612503145539453,0.01318359375,0.0011386744973119782,0.005358284226476214,0.0732003020927934,0.21728515625,0.46098513746109127
147,model.layers.20.mlp.down_proj,20,layers_16_23,down_proj,mlp,11008,4096,45088768,-3.385272862033162e-07,0.01830126903951168,0.014579100534319878,1.109375,1.4593434570997488e-05,1.9189634323120117,4.652159690856934,1.1705610752105713,1.4021532535552979,0.00041282916479462453,0.1320635140464961,0.06773578297606735,26.625,0.24774012454720432,dense_nvfp4,2.5496892915323896e-06,0.0076124573057418125,0.08724939716549228,0.044677734375,0.0004426569551014836,0.006557705450408877,0.0809796607205098,0.28125,0.259811094994862
147,model.layers.20.mlp.down_proj,20,layers_16_23,down_proj,mlp,11008,4096,45088768,-3.385272862033162e-07,0.01830126903951168,0.014579100534319878,1.109375,1.4593434570997488e-05,1.9189634323120117,4.652159690856934,1.1705610752105713,1.4021532535552979,0.00041282916479462453,0.1320635140464961,0.06773578297606735,26.625,0.24774012454720432,sparse_bf16,5.768725735157035e-05,0.17223345022178801,0.4150101808652265,0.0888671875,0.0050988959046662785,0.07553717857529602,0.27484027829868024,0.9228515625,0.259811094994862
147,model.layers.20.mlp.down_proj,20,layers_16_23,down_proj,mlp,11008,4096,45088768,-3.385272862033162e-07,0.01830126903951168,0.014579100534319878,1.109375,1.4593434570997488e-05,1.9189634323120117,4.652159690856934,1.1705610752105713,1.4021532535552979,0.00041282916479462453,0.1320635140464961,0.06773578297606735,26.625,0.24774012454720432,sparse_nvfp4,9.462610970056334e-05,0.2825196083680649,0.5315257363176922,0.1484375,0.010063062676636036,0.14907842337471747,0.38610675126798477,1.37890625,0.259811094994862
147,model.layers.20.mlp.down_proj,20,layers_16_23,down_proj,mlp,11008,4096,45088768,-3.385272862033162e-07,0.01830126903951168,0.014579100534319878,1.109375,1.4593434570997488e-05,1.9189634323120117,4.652159690856934,1.1705610752105713,1.4021532535552979,0.00041282916479462453,0.1320635140464961,0.06773578297606735,26.625,0.24774012454720432,marlin_nvfp4,2.5496892915323896e-06,0.0076124573057418125,0.08724939716549228,0.044677734375,0.0004426569551014836,0.006557705450408877,0.0809796607205098,0.28125,0.259811094994862
148,model.layers.21.self_attn.q_proj,21,layers_16_23,q_proj,attention,4096,4096,16777216,-6.459317773988005e-07,0.022238586097955704,0.017078667879104614,0.94140625,0.00017940998077392578,1.3741258382797241,2.565249443054199,1.420867919921875,5.864851951599121,0.004262830239440518,0.47685112309868233,0.35335517884232104,17.75,0.8079525791108608,dense_nvfp4,3.6851649838354206e-06,0.0074514802345079425,0.08632195685054841,0.036376953125,0.003157928105792962,0.0018864688839870425,0.04343349955952251,0.48046875,1.2938272569890827
148,model.layers.21.self_attn.q_proj,21,layers_16_23,q_proj,attention,4096,4096,16777216,-6.459317773988005e-07,0.022238586097955704,0.017078667879104614,0.94140625,0.00017940998077392578,1.3741258382797241,2.565249443054199,1.420867919921875,5.864851951599121,0.004262830239440518,0.47685112309868233,0.35335517884232104,17.75,0.8079525791108608,sparse_bf16,8.463051926810294e-05,0.1711246699479049,0.41367217690812236,0.1025390625,0.03538867048337124,0.021140324755996007,0.14539712774328112,1.75,1.2938272569890827
148,model.layers.21.self_attn.q_proj,21,layers_16_23,q_proj,attention,4096,4096,16777216,-6.459317773988005e-07,0.022238586097955704,0.017078667879104614,0.94140625,0.00017940998077392578,1.3741258382797241,2.565249443054199,1.420867919921875,5.864851951599121,0.004262830239440518,0.47685112309868233,0.35335517884232104,17.75,0.8079525791108608,sparse_nvfp4,0.00014092028141021729,0.2849437396088172,0.5338012173167247,0.0966796875,0.072060702892486,0.04304729848521204,0.20747842896362031,2.875,1.2938272569890827
148,model.layers.21.self_attn.q_proj,21,layers_16_23,q_proj,attention,4096,4096,16777216,-6.459317773988005e-07,0.022238586097955704,0.017078667879104614,0.94140625,0.00017940998077392578,1.3741258382797241,2.565249443054199,1.420867919921875,5.864851951599121,0.004262830239440518,0.47685112309868233,0.35335517884232104,17.75,0.8079525791108608,marlin_nvfp4,3.6851649838354206e-06,0.0074514802345079425,0.08632195685054841,0.036376953125,0.003157928105792962,0.0018864688839870425,0.04343349955952251,0.48046875,1.2938272569890827
149,model.layers.21.self_attn.k_proj,21,layers_16_23,k_proj,attention,4096,4096,16777216,2.1821665541210677e-07,0.02248258888721466,0.017175832763314247,0.375,0.00023978948593139648,1.3819252252578735,2.97016978263855,1.4370758533477783,2.700531482696533,0.004262830239440518,0.47685112309868233,0.35335517884232104,17.75,0.8062957376241684,dense_nvfp4,3.765132760236156e-06,0.007448823498192565,0.08630656694709021,0.0185546875,0.0032649016138748266,0.0014290472606431491,0.03780274144348726,0.5,1.5115125358997785
149,model.layers.21.self_attn.k_proj,21,layers_16_23,k_proj,attention,4096,4096,16777216,2.1821665541210677e-07,0.02248258888721466,0.017175832763314247,0.375,0.00023978948593139648,1.3819252252578735,2.97016978263855,1.4370758533477783,2.700531482696533,0.004262830239440518,0.47685112309868233,0.35335517884232104,17.75,0.8062957376241684,sparse_bf16,8.638297731522471e-05,0.1708974403412863,0.4133974363022663,0.08984375,0.036316069279564545,0.015895541568769073,0.12607752205991785,2.0,1.5115125358997785
149,model.layers.21.self_attn.k_proj,21,layers_16_23,k_proj,attention,4096,4096,16777216,2.1821665541210677e-07,0.02248258888721466,0.017175832763314247,0.375,0.00023978948593139648,1.3819252252578735,2.97016978263855,1.4370758533477783,2.700531482696533,0.004262830239440518,0.47685112309868233,0.35335517884232104,17.75,0.8062957376241684,sparse_nvfp4,0.00014378275955095887,0.2844554139734977,0.5333436171676733,0.121826171875,0.07463787504821084,0.032668993890840305,0.18074566078011473,3.4375,1.5115125358997785
149,model.layers.21.self_attn.k_proj,21,layers_16_23,k_proj,attention,4096,4096,16777216,2.1821665541210677e-07,0.02248258888721466,0.017175832763314247,0.375,0.00023978948593139648,1.3819252252578735,2.97016978263855,1.4370758533477783,2.700531482696533,0.004262830239440518,0.47685112309868233,0.35335517884232104,17.75,0.8062957376241684,marlin_nvfp4,3.765132760236156e-06,0.007448823498192565,0.08630656694709021,0.0185546875,0.0032649016138748266,0.0014290472606431491,0.03780274144348726,0.5,1.5115125358997785
150,model.layers.21.self_attn.v_proj,21,layers_16_23,v_proj,attention,4096,4096,16777216,-2.004780753850355e-06,0.017955804243683815,0.014263711869716644,0.1796875,8.046627044677734e-06,1.1461580991744995,1.4139511585235596,1.1473885774612427,1.2205305099487305,0.004262830239440518,0.47685112309868233,0.35335517884232104,17.75,0.8380205258727074,dense_nvfp4,2.404390897936537e-06,0.007457536128738213,0.08635702709529904,0.011962890625,0.0019683190948853735,0.0071256298110473635,0.08441344567690247,0.29296875,0.5255767253807679
150,model.layers.21.self_attn.v_proj,21,layers_16_23,v_proj,attention,4096,4096,16777216,-2.004780753850355e-06,0.017955804243683815,0.014263711869716644,0.1796875,8.046627044677734e-06,1.1461580991744995,1.4139511585235596,1.1473885774612427,1.2205305099487305,0.004262830239440518,0.47685112309868233,0.35335517884232104,17.75,0.8380205258727074,sparse_bf16,5.4851396271260455e-05,0.17012885457007676,0.412466792081589,0.059326171875,0.0226553092506947,0.08201584153439738,0.2863840804486125,1.1015625,0.5255767253807679
150,model.layers.21.self_attn.v_proj,21,layers_16_23,v_proj,attention,4096,4096,16777216,-2.004780753850355e-06,0.017955804243683815,0.014263711869716644,0.1796875,8.046627044677734e-06,1.1461580991744995,1.4139511585235596,1.1473885774612427,1.2205305099487305,0.004262830239440518,0.47685112309868233,0.35335517884232104,17.75,0.8380205258727074,sparse_nvfp4,9.091281390283257e-05,0.2819781071486666,0.5310161081819144,0.0654296875,0.04422648687614128,0.1601069532584501,0.4001336692387309,1.486328125,0.5255767253807679
150,model.layers.21.self_attn.v_proj,21,layers_16_23,v_proj,attention,4096,4096,16777216,-2.004780753850355e-06,0.017955804243683815,0.014263711869716644,0.1796875,8.046627044677734e-06,1.1461580991744995,1.4139511585235596,1.1473885774612427,1.2205305099487305,0.004262830239440518,0.47685112309868233,0.35335517884232104,17.75,0.8380205258727074,marlin_nvfp4,2.404390897936537e-06,0.007457536128738213,0.08635702709529904,0.011962890625,0.0019683190948853735,0.0071256298110473635,0.08441344567690247,0.29296875,0.5255767253807679
151,model.layers.21.self_attn.o_proj,21,layers_16_23,o_proj,attention,4096,4096,16777216,-1.234938054039958e-06,0.017696596682071686,0.01405851449817419,0.55078125,4.971027374267578e-05,1.1304455995559692,5.367800235748291,1.130595326423645,1.3105677366256714,0.0005427769554557926,0.09748512615900211,0.0426991130807437,5.53125,0.12025710567831993,dense_nvfp4,2.331015821255278e-06,0.007443303460282184,0.0862745817740207,0.056640625,8.708700181614404e-05,0.006083022878431207,0.07799373614868829,0.46875,0.1196511686116914
151,model.layers.21.self_attn.o_proj,21,layers_16_23,o_proj,attention,4096,4096,16777216,-1.234938054039958e-06,0.017696596682071686,0.01405851449817419,0.55078125,4.971027374267578e-05,1.1304455995559692,5.367800235748291,1.130595326423645,1.3105677366256714,0.0005427769554557926,0.09748512615900211,0.0426991130807437,5.53125,0.12025710567831993,sparse_bf16,5.4684638598700985e-05,0.1746167297512375,0.4178716666049967,0.359375,0.0011464272120065289,0.08007788548989911,0.2829803623750226,2.53515625,0.1196511686116914
151,model.layers.21.self_attn.o_proj,21,layers_16_23,o_proj,attention,4096,4096,16777216,-1.234938054039958e-06,0.017696596682071686,0.01405851449817419,0.55078125,4.971027374267578e-05,1.1304455995559692,5.367800235748291,1.130595326423645,1.3105677366256714,0.0005427769554557926,0.09748512615900211,0.0426991130807437,5.53125,0.12025710567831993,sparse_nvfp4,9.469458018429577e-05,0.30237482299720003,0.5498861909497273,0.4140625,0.002390542822467978,0.16697930090235924,0.40863100824871235,3.0234375,0.1196511686116914
151,model.layers.21.self_attn.o_proj,21,layers_16_23,o_proj,attention,4096,4096,16777216,-1.234938054039958e-06,0.017696596682071686,0.01405851449817419,0.55078125,4.971027374267578e-05,1.1304455995559692,5.367800235748291,1.130595326423645,1.3105677366256714,0.0005427769554557926,0.09748512615900211,0.0426991130807437,5.53125,0.12025710567831993,marlin_nvfp4,2.331015821255278e-06,0.007443303460282184,0.0862745817740207,0.056640625,8.708700181614404e-05,0.006083022878431207,0.07799373614868829,0.46875,0.1196511686116914
152,model.layers.21.mlp.gate_proj,21,layers_16_23,gate_proj,mlp,4096,11008,45088768,-3.868204294121824e-05,0.019864678382873535,0.01575940102338791,0.296875,7.671533967368305e-05,1.2643280029296875,2.772496223449707,2.0841240882873535,2.1442184448242188,0.0016267589898006918,0.34481824666249844,0.272538976976648,8.625,0.7766992598772049,dense_nvfp4,2.925697075159744e-06,0.007414205401749063,0.08610578030393234,0.017578125,0.0014186067064021995,0.003819493526378029,0.06180205115024929,0.359375,0.6094360144726306
152,model.layers.21.mlp.gate_proj,21,layers_16_23,gate_proj,mlp,4096,11008,45088768,-3.868204294121824e-05,0.019864678382873535,0.01575940102338791,0.296875,7.671533967368305e-05,1.2643280029296875,2.772496223449707,2.0841240882873535,2.1442184448242188,0.0016267589898006918,0.34481824666249844,0.272538976976648,8.625,0.7766992598772049,sparse_bf16,6.750711716364982e-05,0.17107431831571673,0.41361131308961646,0.14697265625,0.017554971736011116,0.047265461666606265,0.21740621349585726,1.71875,0.6094360144726306
152,model.layers.21.mlp.gate_proj,21,layers_16_23,gate_proj,mlp,4096,11008,45088768,-3.868204294121824e-05,0.019864678382873535,0.01575940102338791,0.296875,7.671533967368305e-05,1.2643280029296875,2.772496223449707,2.0841240882873535,2.1442184448242188,0.0016267589898006918,0.34481824666249844,0.272538976976648,8.625,0.7766992598772049,sparse_nvfp4,0.00011140016059196273,0.28230662683064905,0.5313253493205919,0.208984375,0.03563482416143944,0.09594412572842345,0.30974848785494247,2.75,0.6094360144726306
152,model.layers.21.mlp.gate_proj,21,layers_16_23,gate_proj,mlp,4096,11008,45088768,-3.868204294121824e-05,0.019864678382873535,0.01575940102338791,0.296875,7.671533967368305e-05,1.2643280029296875,2.772496223449707,2.0841240882873535,2.1442184448242188,0.0016267589898006918,0.34481824666249844,0.272538976976648,8.625,0.7766992598772049,marlin_nvfp4,2.925697075159744e-06,0.007414205401749063,0.08610578030393234,0.017578125,0.0014186067064021995,0.003819493526378029,0.06180205115024929,0.359375,0.6094360144726306
153,model.layers.21.mlp.up_proj,21,layers_16_23,up_proj,mlp,4096,11008,45088768,-1.360056330668158e-06,0.018429839983582497,0.014689723029732704,0.2333984375,8.206035090552177e-06,1.1788512468338013,1.4912467002868652,1.9332510232925415,1.9823017120361328,0.0016267589898006918,0.34481824666249844,0.272538976976648,8.625,0.7910501211881638,dense_nvfp4,2.5179502107527886e-06,0.007413170978368627,0.08609977339324783,0.011962890625,0.0012153693329986879,0.005601961062407495,0.07484624948791686,0.25,0.4657834935716993
153,model.layers.21.mlp.up_proj,21,layers_16_23,up_proj,mlp,4096,11008,45088768,-1.360056330668158e-06,0.018429839983582497,0.014689723029732704,0.2333984375,8.206035090552177e-06,1.1788512468338013,1.4912467002868652,1.9332510232925415,1.9823017120361328,0.0016267589898006918,0.34481824666249844,0.272538976976648,8.625,0.7910501211881638,sparse_bf16,5.775202217316905e-05,0.17002942031496404,0.4123462383907049,0.08056640625,0.01493551030884995,0.06884174622945953,0.26237710690809046,1.125,0.4657834935716993
153,model.layers.21.mlp.up_proj,21,layers_16_23,up_proj,mlp,4096,11008,45088768,-1.360056330668158e-06,0.018429839983582497,0.014689723029732704,0.2333984375,8.206035090552177e-06,1.1788512468338013,1.4912467002868652,1.9332510232925415,1.9823017120361328,0.0016267589898006918,0.34481824666249844,0.272538976976648,8.625,0.7910501211881638,sparse_nvfp4,9.530144851914672e-05,0.28057978642374065,0.5296978255795852,0.095703125,0.029525737841288712,0.13609199214995288,0.36890648157758477,1.90625,0.4657834935716993
153,model.layers.21.mlp.up_proj,21,layers_16_23,up_proj,mlp,4096,11008,45088768,-1.360056330668158e-06,0.018429839983582497,0.014689723029732704,0.2333984375,8.206035090552177e-06,1.1788512468338013,1.4912467002868652,1.9332510232925415,1.9823017120361328,0.0016267589898006918,0.34481824666249844,0.272538976976648,8.625,0.7910501211881638,marlin_nvfp4,2.5179502107527886e-06,0.007413170978368627,0.08609977339324783,0.011962890625,0.0012153693329986879,0.005601961062407495,0.07484624948791686,0.25,0.4657834935716993
154,model.layers.21.mlp.down_proj,21,layers_16_23,down_proj,mlp,11008,4096,45088768,1.5498676475544926e-06,0.01829989068210125,0.014582980424165726,0.734375,1.0933987141470425e-05,1.9189571142196655,3.9872629642486572,1.170639991760254,1.4893920421600342,-0.00042811502011275924,0.1350677426376306,0.06958024099815724,35.25,0.2546402853588725,dense_nvfp4,2.5442795324420858e-06,0.007597449918629475,0.08716335192401377,0.0303955078125,0.00046927161315579724,0.0066831514206110425,0.08175054385513923,0.421875,0.26498512258874574
154,model.layers.21.mlp.down_proj,21,layers_16_23,down_proj,mlp,11008,4096,45088768,1.5498676475544926e-06,0.01829989068210125,0.014582980424165726,0.734375,1.0933987141470425e-05,1.9189571142196655,3.9872629642486572,1.170639991760254,1.4893920421600342,-0.00042811502011275924,0.1350677426376306,0.06958024099815724,35.25,0.2546402853588725,sparse_bf16,5.6722510042925216e-05,0.169378570166952,0.4115562782499521,0.1201171875,0.005603012003120966,0.07979553115633842,0.28248102795823016,0.9462890625,0.26498512258874574
154,model.layers.21.mlp.down_proj,21,layers_16_23,down_proj,mlp,11008,4096,45088768,1.5498676475544926e-06,0.01829989068210125,0.014582980424165726,0.734375,1.0933987141470425e-05,1.9189571142196655,3.9872629642486572,1.170639991760254,1.4893920421600342,-0.00042811502011275924,0.1350677426376306,0.06958024099815724,35.25,0.2546402853588725,sparse_nvfp4,9.307708201366801e-05,0.27793662612703013,0.5271969519326056,0.0810546875,0.011118287227873225,0.15834155529252816,0.39792154414221925,1.794921875,0.26498512258874574
154,model.layers.21.mlp.down_proj,21,layers_16_23,down_proj,mlp,11008,4096,45088768,1.5498676475544926e-06,0.01829989068210125,0.014582980424165726,0.734375,1.0933987141470425e-05,1.9189571142196655,3.9872629642486572,1.170639991760254,1.4893920421600342,-0.00042811502011275924,0.1350677426376306,0.06958024099815724,35.25,0.2546402853588725,marlin_nvfp4,2.5442795324420858e-06,0.007597449918629475,0.08716335192401377,0.0303955078125,0.00046927161315579724,0.0066831514206110425,0.08175054385513923,0.421875,0.26498512258874574
155,model.layers.22.self_attn.q_proj,22,layers_16_23,q_proj,attention,4096,4096,16777216,1.5931753978293273e-06,0.02270991913974285,0.01752666011452675,0.875,0.00013625621795654297,1.4098687171936035,2.620462656021118,1.451507329940796,5.34979248046875,0.0038644248456876085,0.4855459366373499,0.358644651947543,18.125,0.8052905723452568,dense_nvfp4,3.844987077172846e-06,0.0074552757661009664,0.08634393879190923,0.03515625,0.003400663292268291,0.0018415977823802853,0.042913841384572944,0.5,1.3588903830064558
155,model.layers.22.self_attn.q_proj,22,layers_16_23,q_proj,attention,4096,4096,16777216,1.5931753978293273e-06,0.02270991913974285,0.01752666011452675,0.875,0.00013625621795654297,1.4098687171936035,2.620462656021118,1.451507329940796,5.34979248046875,0.0038644248456876085,0.4855459366373499,0.358644651947543,18.125,0.8052905723452568,sparse_bf16,8.763052028371021e-05,0.1699120650159198,0.4122039119367013,0.1083984375,0.03834802488563582,0.020767018525067,0.14410766296442046,1.9375,1.3588903830064558
155,model.layers.22.self_attn.q_proj,22,layers_16_23,q_proj,attention,4096,4096,16777216,1.5931753978293273e-06,0.02270991913974285,0.01752666011452675,0.875,0.00013625621795654297,1.4098687171936035,2.620462656021118,1.451507329940796,5.34979248046875,0.0038644248456876085,0.4855459366373499,0.358644651947543,18.125,0.8052905723452568,sparse_nvfp4,0.00014623318566009402,0.2835402833273121,0.5324850076080191,0.146728515625,0.07824060757411644,0.04237047805590609,0.2058409047198979,2.875,1.3588903830064558
155,model.layers.22.self_attn.q_proj,22,layers_16_23,q_proj,attention,4096,4096,16777216,1.5931753978293273e-06,0.02270991913974285,0.01752666011452675,0.875,0.00013625621795654297,1.4098687171936035,2.620462656021118,1.451507329940796,5.34979248046875,0.0038644248456876085,0.4855459366373499,0.358644651947543,18.125,0.8052905723452568,marlin_nvfp4,3.844987077172846e-06,0.0074552757661009664,0.08634393879190923,0.03515625,0.003400663292268291,0.0018415977823802853,0.042913841384572944,0.5,1.3588903830064558
156,model.layers.22.self_attn.k_proj,22,layers_16_23,k_proj,attention,4096,4096,16777216,-4.984188763046404e-06,0.02299744077026844,0.01766752079129219,0.31640625,0.0001842975616455078,1.4213833808898926,2.7508227825164795,1.4703234434127808,2.584667682647705,0.0038644248456876085,0.4855459366373499,0.358644651947543,18.125,0.8035236410796642,dense_nvfp4,3.937772817153018e-06,0.007445461304258392,0.08628708654403851,0.01708984375,0.0035353556340851355,0.0014348438147998963,0.0378793322908403,0.5,1.569691255197774
156,model.layers.22.self_attn.k_proj,22,layers_16_23,k_proj,attention,4096,4096,16777216,-4.984188763046404e-06,0.02299744077026844,0.01766752079129219,0.31640625,0.0001842975616455078,1.4213833808898926,2.7508227825164795,1.4703234434127808,2.584667682647705,0.0038644248456876085,0.4855459366373499,0.358644651947543,18.125,0.8035236410796642,sparse_bf16,8.973015064839274e-05,0.16965995640167555,0.41189799271382177,0.087890625,0.0394355156167876,0.01600512410142153,0.1265113595746308,1.875,1.569691255197774
156,model.layers.22.self_attn.k_proj,22,layers_16_23,k_proj,attention,4096,4096,16777216,-4.984188763046404e-06,0.02299744077026844,0.01766752079129219,0.31640625,0.0001842975616455078,1.4213833808898926,2.7508227825164795,1.4703234434127808,2.584667682647705,0.0038644248456876085,0.4855459366373499,0.358644651947543,18.125,0.8035236410796642,sparse_nvfp4,0.0001497057091910392,0.2830605310578355,0.5320343325931471,0.10986328125,0.08135929505806416,0.03302012396293254,0.18171440218907398,3.125,1.569691255197774
156,model.layers.22.self_attn.k_proj,22,layers_16_23,k_proj,attention,4096,4096,16777216,-4.984188763046404e-06,0.02299744077026844,0.01766752079129219,0.31640625,0.0001842975616455078,1.4213833808898926,2.7508227825164795,1.4703234434127808,2.584667682647705,0.0038644248456876085,0.4855459366373499,0.358644651947543,18.125,0.8035236410796642,marlin_nvfp4,3.937772817153018e-06,0.007445461304258392,0.08628708654403851,0.01708984375,0.0035353556340851355,0.0014348438147998963,0.0378793322908403,0.5,1.569691255197774
157,model.layers.22.self_attn.v_proj,22,layers_16_23,v_proj,attention,4096,4096,16777216,-2.163119461329188e-06,0.01801968365907669,0.014303380623459816,0.154296875,5.781650543212891e-06,1.149251937866211,1.3603390455245972,1.1515346765518188,1.2162835597991943,0.0038644248456876085,0.4855459366373499,0.358644651947543,18.125,0.840032834559679,dense_nvfp4,2.4242208382929675e-06,0.007465825348525941,0.08640500765885008,0.01220703125,0.0020440244479686953,0.006760347206902681,0.08222133060771201,0.30078125,0.5498681213922777
157,model.layers.22.self_attn.v_proj,22,layers_16_23,v_proj,attention,4096,4096,16777216,-2.163119461329188e-06,0.01801968365907669,0.014303380623459816,0.154296875,5.781650543212891e-06,1.149251937866211,1.3603390455245972,1.1515346765518188,1.2162835597991943,0.0038644248456876085,0.4855459366373499,0.358644651947543,18.125,0.840032834559679,sparse_bf16,5.492219133884646e-05,0.16914279500331497,0.4112697350928159,0.0654296875,0.023770002968376502,0.07861621877127058,0.28038583910616915,1.1953125,0.5498681213922777
157,model.layers.22.self_attn.v_proj,22,layers_16_23,v_proj,attention,4096,4096,16777216,-2.163119461329188e-06,0.01801968365907669,0.014303380623459816,0.154296875,5.781650543212891e-06,1.149251937866211,1.3603390455245972,1.1515346765518188,1.2162835597991943,0.0038644248456876085,0.4855459366373499,0.358644651947543,18.125,0.840032834559679,sparse_nvfp4,9.114292333833873e-05,0.280691072632341,0.5298028620461964,0.06640625,0.046591728285420686,0.1540961315272567,0.3925508012057251,1.5703125,0.5498681213922777
157,model.layers.22.self_attn.v_proj,22,layers_16_23,v_proj,attention,4096,4096,16777216,-2.163119461329188e-06,0.01801968365907669,0.014303380623459816,0.154296875,5.781650543212891e-06,1.149251937866211,1.3603390455245972,1.1515346765518188,1.2162835597991943,0.0038644248456876085,0.4855459366373499,0.358644651947543,18.125,0.840032834559679,marlin_nvfp4,2.4242208382929675e-06,0.007465825348525941,0.08640500765885008,0.01220703125,0.0020440244479686953,0.006760347206902681,0.08222133060771201,0.30078125,0.5498681213922777
158,model.layers.22.self_attn.o_proj,22,layers_16_23,o_proj,attention,4096,4096,16777216,2.617828158690827e-06,0.017738739028573036,0.014035210013389587,0.7734375,4.6193599700927734e-05,1.1308224201202393,7.413069248199463,1.1323623657226562,1.3192330598831177,-0.00016841660959698856,0.12159542395314048,0.05520513965166174,7.59375,0.16754257678985596,dense_nvfp4,2.339115098948241e-06,0.007433718107798435,0.0862190124496821,0.09375,0.00013710525320220768,0.005234217681274798,0.07234789341283406,0.671875,0.16184569707685295
158,model.layers.22.self_attn.o_proj,22,layers_16_23,o_proj,attention,4096,4096,16777216,2.617828158690827e-06,0.017738739028573036,0.014035210013389587,0.7734375,4.6193599700927734e-05,1.1308224201202393,7.413069248199463,1.1323623657226562,1.3192330598831177,-0.00016841660959698856,0.12159542395314048,0.05520513965166174,7.59375,0.16754257678985596,sparse_bf16,5.584655446000397e-05,0.17748059654445808,0.4212844603643221,1.01953125,0.0017229786035386496,0.06577753120662298,0.2564713067901027,6.46875,0.16184569707685295
158,model.layers.22.self_attn.o_proj,22,layers_16_23,o_proj,attention,4096,4096,16777216,2.617828158690827e-06,0.017738739028573036,0.014035210013389587,0.7734375,4.6193599700927734e-05,1.1308224201202393,7.413069248199463,1.1323623657226562,1.3192330598831177,-0.00016841660959698856,0.12159542395314048,0.05520513965166174,7.59375,0.16754257678985596,sparse_nvfp4,9.377599053550512e-05,0.29802051178839584,0.5459125495795053,1.43359375,0.0034379693679511547,0.13125011356691998,0.36228457539194237,5.84375,0.16184569707685295
158,model.layers.22.self_attn.o_proj,22,layers_16_23,o_proj,attention,4096,4096,16777216,2.617828158690827e-06,0.017738739028573036,0.014035210013389587,0.7734375,4.6193599700927734e-05,1.1308224201202393,7.413069248199463,1.1323623657226562,1.3192330598831177,-0.00016841660959698856,0.12159542395314048,0.05520513965166174,7.59375,0.16754257678985596,marlin_nvfp4,2.339115098948241e-06,0.007433718107798435,0.0862190124496821,0.09375,0.00013710525320220768,0.005234217681274798,0.07234789341283406,0.671875,0.16184569707685295
159,model.layers.22.mlp.gate_proj,22,layers_16_23,gate_proj,mlp,4096,11008,45088768,-1.7882104657473974e-05,0.01997951976954937,0.015862256288528442,0.37109375,6.25432949163951e-05,1.2724846601486206,2.775810480117798,2.096172332763672,2.1827588081359863,0.0014369188383511755,0.35544501526931205,0.28106042137369514,8.375,0.7819084711372852,dense_nvfp4,2.9579718694697287e-06,0.007410091969483309,0.08608189106591066,0.01953125,0.0015269790472852629,0.0039681156402522335,0.06299298088082698,0.41015625,0.6203322770498537
159,model.layers.22.mlp.gate_proj,22,layers_16_23,gate_proj,mlp,4096,11008,45088768,-1.7882104657473974e-05,0.01997951976954937,0.015862256288528442,0.37109375,6.25432949163951e-05,1.2724846601486206,2.775810480117798,2.096172332763672,2.1827588081359863,0.0014369188383511755,0.35544501526931205,0.28106042137369514,8.375,0.7819084711372852,sparse_bf16,6.838498073954914e-05,0.1713129870644261,0.41389973068899927,0.156982421875,0.01897684746790071,0.04931457663019929,0.22206885560609188,1.8125,0.6203322770498537
159,model.layers.22.mlp.gate_proj,22,layers_16_23,gate_proj,mlp,4096,11008,45088768,-1.7882104657473974e-05,0.01997951976954937,0.015862256288528442,0.37109375,6.25432949163951e-05,1.2724846601486206,2.775810480117798,2.096172332763672,2.1827588081359863,0.0014369188383511755,0.35544501526931205,0.28106042137369514,8.375,0.7819084711372852,sparse_nvfp4,0.00011298873700028243,0.2830510125297264,0.5320253871101701,0.1796875,0.0385347671893447,0.10013916867383925,0.31644773450577784,2.90625,0.6203322770498537
159,model.layers.22.mlp.gate_proj,22,layers_16_23,gate_proj,mlp,4096,11008,45088768,-1.7882104657473974e-05,0.01997951976954937,0.015862256288528442,0.37109375,6.25432949163951e-05,1.2724846601486206,2.775810480117798,2.096172332763672,2.1827588081359863,0.0014369188383511755,0.35544501526931205,0.28106042137369514,8.375,0.7819084711372852,marlin_nvfp4,2.9579718694697287e-06,0.007410091969483309,0.08608189106591066,0.01953125,0.0015269790472852629,0.0039681156402522335,0.06299298088082698,0.41015625,0.6203322770498537
160,model.layers.22.mlp.up_proj,22,layers_16_23,up_proj,mlp,4096,11008,45088768,-9.566192602505907e-07,0.01842021569609642,0.014683838933706284,0.275390625,6.941862011444755e-06,1.178375005722046,1.5286098718643188,1.9322725534439087,1.977264642715454,0.0014369188383511755,0.35544501526931205,0.28106042137369514,8.375,0.7969117425382137,dense_nvfp4,2.514481271053989e-06,0.007410695973748476,0.08608539930643568,0.011962890625,0.001294861746637887,0.005692093013627034,0.07544596088344978,0.234375,0.4769531334935738
160,model.layers.22.mlp.up_proj,22,layers_16_23,up_proj,mlp,4096,11008,45088768,-9.566192602505907e-07,0.01842021569609642,0.014683838933706284,0.275390625,6.941862011444755e-06,1.178375005722046,1.5286098718643188,1.9322725534439087,1.977264642715454,0.0014369188383511755,0.35544501526931205,0.28106042137369514,8.375,0.7969117425382137,sparse_bf16,5.770092396888622e-05,0.17005654798874453,0.41237913136911347,0.0849609375,0.015919247208986173,0.06997954496358472,0.2645364718967589,1.8125,0.4769531334935738
160,model.layers.22.mlp.up_proj,22,layers_16_23,up_proj,mlp,4096,11008,45088768,-9.566192602505907e-07,0.01842021569609642,0.014683838933706284,0.275390625,6.941862011444755e-06,1.178375005722046,1.5286098718643188,1.9322725534439087,1.977264642715454,0.0014369188383511755,0.35544501526931205,0.28106042137369514,8.375,0.7969117425382137,sparse_nvfp4,9.537930058878522e-05,0.28110251087930244,0.5301910135784107,0.1087646484375,0.03153634125496759,0.13863085244339918,0.37233164308637423,3.25,0.4769531334935738
160,model.layers.22.mlp.up_proj,22,layers_16_23,up_proj,mlp,4096,11008,45088768,-9.566192602505907e-07,0.01842021569609642,0.014683838933706284,0.275390625,6.941862011444755e-06,1.178375005722046,1.5286098718643188,1.9322725534439087,1.977264642715454,0.0014369188383511755,0.35544501526931205,0.28106042137369514,8.375,0.7969117425382137,marlin_nvfp4,2.514481271053989e-06,0.007410695973748476,0.08608539930643568,0.011962890625,0.001294861746637887,0.005692093013627034,0.07544596088344978,0.234375,0.4769531334935738
161,model.layers.22.mlp.down_proj,22,layers_16_23,down_proj,mlp,11008,4096,45088768,-2.1173445929889567e-06,0.018306633457541466,0.014591971412301064,0.388671875,6.897505045344587e-06,1.9196586608886719,3.5080008506774902,1.171158790588379,1.3604329824447632,6.582625792890572e-05,0.1420163905414068,0.07344607042885104,32.25,0.26966974624367646,dense_nvfp4,2.5404418878213957e-06,0.007580403352970711,0.08706551184579754,0.015869140625,0.0005255851381207322,0.006720244056097561,0.08197709470393276,0.2578125,0.27965913847431406
161,model.layers.22.mlp.down_proj,22,layers_16_23,down_proj,mlp,11008,4096,45088768,-2.1173445929889567e-06,0.018306633457541466,0.014591971412301064,0.388671875,6.897505045344587e-06,1.9196586608886719,3.5080008506774902,1.171158790588379,1.3604329824447632,6.582625792890572e-05,0.1420163905414068,0.07344607042885104,32.25,0.26966974624367646,sparse_bf16,5.6719732319199764e-05,0.1692455360279003,0.41139462323649817,0.08447265625,0.0064993232845154125,0.08310173843117331,0.28827372136768437,1.154296875,0.27965913847431406
161,model.layers.22.mlp.down_proj,22,layers_16_23,down_proj,mlp,11008,4096,45088768,-2.1173445929889567e-06,0.018306633457541466,0.014591971412301064,0.388671875,6.897505045344587e-06,1.9196586608886719,3.5080008506774902,1.171158790588379,1.3604329824447632,6.582625792890572e-05,0.1420163905414068,0.07344607042885104,32.25,0.26966974624367646,sparse_nvfp4,9.30988164835198e-05,0.2777967817380336,0.5270643051260763,0.0927734375,0.012946100148838013,0.1655316070883409,0.4068557571035967,1.33984375,0.27965913847431406
161,model.layers.22.mlp.down_proj,22,layers_16_23,down_proj,mlp,11008,4096,45088768,-2.1173445929889567e-06,0.018306633457541466,0.014591971412301064,0.388671875,6.897505045344587e-06,1.9196586608886719,3.5080008506774902,1.171158790588379,1.3604329824447632,6.582625792890572e-05,0.1420163905414068,0.07344607042885104,32.25,0.26966974624367646,marlin_nvfp4,2.5404418878213957e-06,0.007580403352970711,0.08706551184579754,0.015869140625,0.0005255851381207322,0.006720244056097561,0.08197709470393276,0.2578125,0.27965913847431406
162,model.layers.23.self_attn.q_proj,23,layers_16_23,q_proj,attention,4096,4096,16777216,6.809822480136063e-06,0.02255074493587017,0.017483990639448166,0.81640625,0.00011736154556274414,1.406579852104187,2.2204947471618652,1.4412058591842651,5.4966278076171875,0.003896726505161041,0.5060348680788685,0.37974531669169664,17.25,0.8169995918869972,dense_nvfp4,3.7872100620006677e-06,0.007447278414252069,0.08629761534510713,0.030029296875,0.0037083183160575572,0.002102507161489522,0.04585310416416234,0.46875,1.3280663144244995
162,model.layers.23.self_attn.q_proj,23,layers_16_23,q_proj,attention,4096,4096,16777216,6.809822480136063e-06,0.02255074493587017,0.017483990639448166,0.81640625,0.00011736154556274414,1.406579852104187,2.2204947471618652,1.4412058591842651,5.4966278076171875,0.003896726505161041,0.5060348680788685,0.37974531669169664,17.25,0.8169995918869972,sparse_bf16,8.588020864408463e-05,0.16887730376082918,0.4109468381200045,0.11572265625,0.042921486601699144,0.024335217548904813,0.1559974921237672,1.875,1.3280663144244995
162,model.layers.23.self_attn.q_proj,23,layers_16_23,q_proj,attention,4096,4096,16777216,6.809822480136063e-06,0.02255074493587017,0.017483990639448166,0.81640625,0.00011736154556274414,1.406579852104187,2.2204947471618652,1.4412058591842651,5.4966278076171875,0.003896726505161041,0.5060348680788685,0.37974531669169664,17.25,0.8169995918869972,sparse_nvfp4,0.00014308144454844296,0.2813594535346996,0.530433269634079,0.09912109375,0.08707779255928472,0.0493705412692931,0.22219482727843395,2.9375,1.3280663144244995
162,model.layers.23.self_attn.q_proj,23,layers_16_23,q_proj,attention,4096,4096,16777216,6.809822480136063e-06,0.02255074493587017,0.017483990639448166,0.81640625,0.00011736154556274414,1.406579852104187,2.2204947471618652,1.4412058591842651,5.4966278076171875,0.003896726505161041,0.5060348680788685,0.37974531669169664,17.25,0.8169995918869972,marlin_nvfp4,3.7872100620006677e-06,0.007447278414252069,0.08629761534510713,0.030029296875,0.0037083183160575572,0.002102507161489522,0.04585310416416234,0.46875,1.3280663144244995
163,model.layers.23.self_attn.k_proj,23,layers_16_23,k_proj,attention,4096,4096,16777216,-5.082473307993496e-06,0.022724749520421028,0.017564019188284874,0.3125,0.00014775991439819336,1.412748098373413,2.634260654449463,1.453145980834961,2.5553884506225586,0.003896726505161041,0.5060348680788685,0.37974531669169664,17.25,0.8162644654512405,dense_nvfp4,3.842527348751901e-06,0.00744078510857109,0.086259985558607,0.01708984375,0.003780848024689476,0.0016344246921728893,0.04042801865257422,0.5,1.520940249353177
163,model.layers.23.self_attn.k_proj,23,layers_16_23,k_proj,attention,4096,4096,16777216,-5.082473307993496e-06,0.022724749520421028,0.017564019188284874,0.3125,0.00014775991439819336,1.412748098373413,2.634260654449463,1.453145980834961,2.5553884506225586,0.003896726505161041,0.5060348680788685,0.37974531669169664,17.25,0.8162644654512405,sparse_bf16,8.714926661923528e-05,0.1687584515160119,0.41080220485777813,0.09033203125,0.04367452074075118,0.018880080514043787,0.13740480528003302,1.9375,1.520940249353177
163,model.layers.23.self_attn.k_proj,23,layers_16_23,k_proj,attention,4096,4096,16777216,-5.082473307993496e-06,0.022724749520421028,0.017564019188284874,0.3125,0.00014775991439819336,1.412748098373413,2.634260654449463,1.453145980834961,2.5553884506225586,0.003896726505161041,0.5060348680788685,0.37974531669169664,17.25,0.8162644654512405,sparse_nvfp4,0.0001454209559597075,0.2815974970043155,0.5306576080716412,0.1024169921875,0.08963045035488904,0.03874639241619309,0.1968410333649798,3.0625,1.520940249353177
163,model.layers.23.self_attn.k_proj,23,layers_16_23,k_proj,attention,4096,4096,16777216,-5.082473307993496e-06,0.022724749520421028,0.017564019188284874,0.3125,0.00014775991439819336,1.412748098373413,2.634260654449463,1.453145980834961,2.5553884506225586,0.003896726505161041,0.5060348680788685,0.37974531669169664,17.25,0.8162644654512405,marlin_nvfp4,3.842527348751901e-06,0.00744078510857109,0.086259985558607,0.01708984375,0.003780848024689476,0.0016344246921728893,0.04042801865257422,0.5,1.520940249353177
164,model.layers.23.self_attn.v_proj,23,layers_16_23,v_proj,attention,4096,4096,16777216,3.324984618302551e-06,0.01886514015495777,0.014972634613513947,0.1533203125,7.092952728271484e-06,1.2029060125350952,1.4173763990402222,1.2056775093078613,1.2780468463897705,0.003896726505161041,0.5060348680788685,0.37974531669169664,17.25,0.8424523174762726,dense_nvfp4,2.6542882096691756e-06,0.007458096625292516,0.08636027226272805,0.0126953125,0.002503588231775211,0.006910926732882025,0.08313198381418566,0.3212890625,0.6018847037671489
164,model.layers.23.self_attn.v_proj,23,layers_16_23,v_proj,attention,4096,4096,16777216,3.324984618302551e-06,0.01886514015495777,0.014972634613513947,0.1533203125,7.092952728271484e-06,1.2029060125350952,1.4173763990402222,1.2056775093078613,1.2780468463897705,0.003896726505161041,0.5060348680788685,0.37974531669169664,17.25,0.8424523174762726,sparse_bf16,5.9972811868647113e-05,0.1685133604472471,0.4105037885906135,0.068359375,0.029699584003537893,0.08198299003026878,0.2863267190296232,1.33203125,0.6018847037671489
164,model.layers.23.self_attn.v_proj,23,layers_16_23,v_proj,attention,4096,4096,16777216,3.324984618302551e-06,0.01886514015495777,0.014972634613513947,0.1533203125,7.092952728271484e-06,1.2029060125350952,1.4173763990402222,1.2056775093078613,1.2780468463897705,0.003896726505161041,0.5060348680788685,0.37974531669169664,17.25,0.8424523174762726,sparse_nvfp4,9.971848339773715e-05,0.28019191050871056,0.5293315695371953,0.068359375,0.058336945599876344,0.16103381208778123,0.4012901843900262,1.65673828125,0.6018847037671489
164,model.layers.23.self_attn.v_proj,23,layers_16_23,v_proj,attention,4096,4096,16777216,3.324984618302551e-06,0.01886514015495777,0.014972634613513947,0.1533203125,7.092952728271484e-06,1.2029060125350952,1.4173763990402222,1.2056775093078613,1.2780468463897705,0.003896726505161041,0.5060348680788685,0.37974531669169664,17.25,0.8424523174762726,marlin_nvfp4,2.6542882096691756e-06,0.007458096625292516,0.08636027226272805,0.0126953125,0.002503588231775211,0.006910926732882025,0.08313198381418566,0.3212890625,0.6018847037671489
165,model.layers.23.self_attn.o_proj,23,layers_16_23,o_proj,attention,4096,4096,16777216,3.4334329939156305e-06,0.018633916974067688,0.014789595268666744,0.484375,4.5299530029296875e-05,1.1907082796096802,5.207500457763672,1.188709020614624,1.3979767560958862,-9.242405093345951e-05,0.11211540199062865,0.04667962287203409,7.0625,0.12402860820293427,dense_nvfp4,2.582374918347341e-06,0.0074372264937488716,0.08623935582869849,0.060546875,0.00012490363292272377,0.006337446697311073,0.07960808185926271,0.625,0.14038812553736488
165,model.layers.23.self_attn.o_proj,23,layers_16_23,o_proj,attention,4096,4096,16777216,3.4334329939156305e-06,0.018633916974067688,0.014789595268666744,0.484375,4.5299530029296875e-05,1.1907082796096802,5.207500457763672,1.188709020614624,1.3979767560958862,-9.242405093345951e-05,0.11211540199062865,0.04667962287203409,7.0625,0.12402860820293427,sparse_bf16,5.97860780544579e-05,0.1721835975500076,0.41495011453186464,0.412109375,0.0016652331387376762,0.08449174782510321,0.29067464255607717,2.982421875,0.14038812553736488
165,model.layers.23.self_attn.o_proj,23,layers_16_23,o_proj,attention,4096,4096,16777216,3.4334329939156305e-06,0.018633916974067688,0.014789595268666744,0.484375,4.5299530029296875e-05,1.1907082796096802,5.207500457763672,1.188709020614624,1.3979767560958862,-9.242405093345951e-05,0.11211540199062865,0.04667962287203409,7.0625,0.12402860820293427,sparse_nvfp4,0.00010994795593433082,0.3166495480569693,0.5627162233817053,0.549072265625,0.0035871152194886236,0.1820055267302526,0.4266210575326218,3.796875,0.14038812553736488
165,model.layers.23.self_attn.o_proj,23,layers_16_23,o_proj,attention,4096,4096,16777216,3.4334329939156305e-06,0.018633916974067688,0.014789595268666744,0.484375,4.5299530029296875e-05,1.1907082796096802,5.207500457763672,1.188709020614624,1.3979767560958862,-9.242405093345951e-05,0.11211540199062865,0.04667962287203409,7.0625,0.12402860820293427,marlin_nvfp4,2.582374918347341e-06,0.0074372264937488716,0.08623935582869849,0.060546875,0.00012490363292272377,0.006337446697311073,0.07960808185926271,0.625,0.14038812553736488
166,model.layers.23.mlp.gate_proj,23,layers_16_23,gate_proj,mlp,4096,11008,45088768,-1.3872878298570868e-05,0.019973723217844963,0.01587522029876709,0.416015625,3.64392290066462e-05,1.2735079526901245,2.4262921810150146,2.0955605506896973,2.1713173389434814,0.0015691132316817402,0.366425570228486,0.28959881723858416,8.0625,0.7869880050420761,dense_nvfp4,2.957768819489798e-06,0.007413887489433965,0.08610393422738571,0.01953125,0.0016229291836362938,0.004341895808470065,0.06589306343212513,0.40625,0.6113783930983141
166,model.layers.23.mlp.gate_proj,23,layers_16_23,gate_proj,mlp,4096,11008,45088768,-1.3872878298570868e-05,0.019973723217844963,0.01587522029876709,0.416015625,3.64392290066462e-05,1.2735079526901245,2.4262921810150146,2.0955605506896973,2.1713173389434814,0.0015691132316817402,0.366425570228486,0.28959881723858416,8.0625,0.7869880050420761,sparse_bf16,6.783067595300286e-05,0.17002309191107212,0.4123385646663093,0.15625,0.02049235761338888,0.05482413066717192,0.23414553309250194,1.71875,0.6113783930983141
166,model.layers.23.mlp.gate_proj,23,layers_16_23,gate_proj,mlp,4096,11008,45088768,-1.3872878298570868e-05,0.019973723217844963,0.01587522029876709,0.416015625,3.64392290066462e-05,1.2735079526901245,2.4262921810150146,2.0955605506896973,2.1713173389434814,0.0015691132316817402,0.366425570228486,0.28959881723858416,8.0625,0.7869880050420761,sparse_nvfp4,0.00011238856457693632,0.28171105442112243,0.5307645941668702,0.142578125,0.04119383030419433,0.11020771635387126,0.3319754755307555,2.625,0.6113783930983141
166,model.layers.23.mlp.gate_proj,23,layers_16_23,gate_proj,mlp,4096,11008,45088768,-1.3872878298570868e-05,0.019973723217844963,0.01587522029876709,0.416015625,3.64392290066462e-05,1.2735079526901245,2.4262921810150146,2.0955605506896973,2.1713173389434814,0.0015691132316817402,0.366425570228486,0.28959881723858416,8.0625,0.7869880050420761,marlin_nvfp4,2.957768819489798e-06,0.007413887489433965,0.08610393422738571,0.01953125,0.0016229291836362938,0.004341895808470065,0.06589306343212513,0.40625,0.6113783930983141
167,model.layers.23.mlp.up_proj,23,layers_16_23,up_proj,mlp,4096,11008,45088768,8.050905648815387e-07,0.018510684370994568,0.014757960103452206,0.296875,7.208003353298409e-06,1.1842528581619263,1.554420828819275,1.9417561292648315,1.9811949729919434,0.0015691132316817402,0.366425570228486,0.28959881723858416,8.0625,0.8015494085848331,dense_nvfp4,2.5386492949152407e-06,0.007408968946565752,0.08607536782707206,0.0126953125,0.0013850042237737758,0.005951093638535922,0.07714333178270123,0.251953125,0.4824220579948111
167,model.layers.23.mlp.up_proj,23,layers_16_23,up_proj,mlp,4096,11008,45088768,8.050905648815387e-07,0.018510684370994568,0.014757960103452206,0.296875,7.208003353298409e-06,1.1842528581619263,1.554420828819275,1.9417561292648315,1.9811949729919434,0.0015691132316817402,0.366425570228486,0.28959881723858416,8.0625,0.8015494085848331,sparse_bf16,5.7857066696119864e-05,0.1688540482332545,0.4109185420898581,0.09564208984375,0.017378594791300075,0.07467244007920953,0.27326258448461166,1.3125,0.4824220579948111
167,model.layers.23.mlp.up_proj,23,layers_16_23,up_proj,mlp,4096,11008,45088768,8.050905648815387e-07,0.018510684370994568,0.014757960103452206,0.296875,7.208003353298409e-06,1.1842528581619263,1.554420828819275,1.9417561292648315,1.9811949729919434,0.0015691132316817402,0.366425570228486,0.28959881723858416,8.0625,0.8015494085848331,sparse_nvfp4,9.588042793925418e-05,0.2798240444665624,0.5289839737331958,0.10693359375,0.03431190481019575,0.1474315781403412,0.3839681993867997,2.125,0.4824220579948111
167,model.layers.23.mlp.up_proj,23,layers_16_23,up_proj,mlp,4096,11008,45088768,8.050905648815387e-07,0.018510684370994568,0.014757960103452206,0.296875,7.208003353298409e-06,1.1842528581619263,1.554420828819275,1.9417561292648315,1.9811949729919434,0.0015691132316817402,0.366425570228486,0.28959881723858416,8.0625,0.8015494085848331,marlin_nvfp4,2.5386492949152407e-06,0.007408968946565752,0.08607536782707206,0.0126953125,0.0013850042237737758,0.005951093638535922,0.07714333178270123,0.251953125,0.4824220579948111
168,model.layers.23.mlp.down_proj,23,layers_16_23,down_proj,mlp,11008,4096,45088768,3.894412202498643e-06,0.0184159018099308,0.014677884988486767,1.3125,7.407609700749163e-06,1.9310983419418335,3.551919937133789,1.17820143699646,1.4853681325912476,-0.0001497455379469398,0.14570463803343234,0.07496011634032394,37.75,0.2727250526117724,dense_nvfp4,2.566383891673975e-06,0.007567206779179126,0.08698969352273363,0.04541015625,0.000558709803271995,0.0068133316679891915,0.08254290804175239,0.7578125,0.28636067703748536
168,model.layers.23.mlp.down_proj,23,layers_16_23,down_proj,mlp,11008,4096,45088768,3.894412202498643e-06,0.0184159018099308,0.014677884988486767,1.3125,7.407609700749163e-06,1.9310983419418335,3.551919937133789,1.17820143699646,1.4853681325912476,-0.0001497455379469398,0.14570463803343234,0.07496011634032394,37.75,0.2727250526117724,sparse_bf16,5.664178820023703e-05,0.16701325356826716,0.40867255054415774,0.08203125,0.007161224224546459,0.08732940697466259,0.2955154936287818,1.408203125,0.28636067703748536
168,model.layers.23.mlp.down_proj,23,layers_16_23,down_proj,mlp,11008,4096,45088768,3.894412202498643e-06,0.0184159018099308,0.014677884988486767,1.3125,7.407609700749163e-06,1.9310983419418335,3.551919937133789,1.17820143699646,1.4853681325912476,-0.0001497455379469398,0.14570463803343234,0.07496011634032394,37.75,0.2727250526117724,sparse_nvfp4,9.347501665700314e-05,0.2756192407634604,0.5249945149841667,0.08154296875,0.014139688457362354,0.17243009980826848,0.41524703467727314,1.510986328125,0.28636067703748536
168,model.layers.23.mlp.down_proj,23,layers_16_23,down_proj,mlp,11008,4096,45088768,3.894412202498643e-06,0.0184159018099308,0.014677884988486767,1.3125,7.407609700749163e-06,1.9310983419418335,3.551919937133789,1.17820143699646,1.4853681325912476,-0.0001497455379469398,0.14570463803343234,0.07496011634032394,37.75,0.2727250526117724,marlin_nvfp4,2.566383891673975e-06,0.007567206779179126,0.08698969352273363,0.04541015625,0.000558709803271995,0.0068133316679891915,0.08254290804175239,0.7578125,0.28636067703748536
169,model.layers.24.self_attn.q_proj,24,layers_24_31,q_proj,attention,4096,4096,16777216,2.45694832301524e-06,0.021924642845988274,0.016763240098953247,1.03125,0.00020503997802734375,1.3482085466384888,2.472381591796875,1.4011248350143433,5.299289226531982,0.003923595359083265,0.5039684211313764,0.3737526044715196,19.375,0.8212197721004486,dense_nvfp4,3.579708845791174e-06,0.0074470224061191125,0.08629613204610687,0.04248046875,0.003438228372033336,0.0020611026725990524,0.04539936863656864,0.5,1.2915688038693378
169,model.layers.24.self_attn.q_proj,24,layers_24_31,q_proj,attention,4096,4096,16777216,2.45694832301524e-06,0.021924642845988274,0.016763240098953247,1.03125,0.00020503997802734375,1.3482085466384888,2.472381591796875,1.4011248350143433,5.299289226531982,0.003923595359083265,0.5039684211313764,0.3737526044715196,19.375,0.8212197721004486,sparse_bf16,8.085207809926942e-05,0.16820005847527977,0.41012200437830665,0.1015625,0.03998973246780224,0.0239725043095855,0.1548305664576136,2.078125,1.2915688038693378
169,model.layers.24.self_attn.q_proj,24,layers_24_31,q_proj,attention,4096,4096,16777216,2.45694832301524e-06,0.021924642845988274,0.016763240098953247,1.03125,0.00020503997802734375,1.3482085466384888,2.472381591796875,1.4011248350143433,5.299289226531982,0.003923595359083265,0.5039684211313764,0.3737526044715196,19.375,0.8212197721004486,sparse_nvfp4,0.00013548790593631566,0.2818613230101679,0.5309061338976674,0.1297607421875,0.08167832798790187,0.04896342007954737,0.22127679516738163,2.875,1.2915688038693378
169,model.layers.24.self_attn.q_proj,24,layers_24_31,q_proj,attention,4096,4096,16777216,2.45694832301524e-06,0.021924642845988274,0.016763240098953247,1.03125,0.00020503997802734375,1.3482085466384888,2.472381591796875,1.4011248350143433,5.299289226531982,0.003923595359083265,0.5039684211313764,0.3737526044715196,19.375,0.8212197721004486,marlin_nvfp4,3.579708845791174e-06,0.0074470224061191125,0.08629613204610687,0.04248046875,0.003438228372033336,0.0020611026725990524,0.04539936863656864,0.5,1.2915688038693378
170,model.layers.24.self_attn.k_proj,24,layers_24_31,k_proj,attention,4096,4096,16777216,9.86230679700384e-06,0.022040225565433502,0.016764916479587555,0.330078125,0.000261843204498291,1.3491604328155518,2.6539840698242188,1.408494472503662,2.7516140937805176,0.003923595359083265,0.5039684211313764,0.3737526044715196,19.375,0.8203612416982651,dense_nvfp4,3.613964281612425e-06,0.007439635965656195,0.08625332437452017,0.01806640625,0.003493226209684508,0.0014862295313830907,0.038551647583249804,0.5,1.5330997462560398
170,model.layers.24.self_attn.k_proj,24,layers_24_31,k_proj,attention,4096,4096,16777216,9.86230679700384e-06,0.022040225565433502,0.016764916479587555,0.330078125,0.000261843204498291,1.3491604328155518,2.6539840698242188,1.408494472503662,2.7516140937805176,0.003923595359083265,0.5039684211313764,0.3737526044715196,19.375,0.8203612416982651,sparse_bf16,8.140623685903847e-05,0.16758128204161923,0.4093669283682052,0.09814453125,0.04050720692612231,0.01723421374789407,0.13127914437523605,2.25,1.5330997462560398
170,model.layers.24.self_attn.k_proj,24,layers_24_31,k_proj,attention,4096,4096,16777216,9.86230679700384e-06,0.022040225565433502,0.016764916479587555,0.330078125,0.000261843204498291,1.3491604328155518,2.6539840698242188,1.408494472503662,2.7516140937805176,0.003923595359083265,0.5039684211313764,0.3737526044715196,19.375,0.8203612416982651,sparse_nvfp4,0.00013669684994965792,0.28140145337121164,0.5304728582794898,0.10986328125,0.08352689095772803,0.035537387089856515,0.18851362574057218,3.4375,1.5330997462560398
170,model.layers.24.self_attn.k_proj,24,layers_24_31,k_proj,attention,4096,4096,16777216,9.86230679700384e-06,0.022040225565433502,0.016764916479587555,0.330078125,0.000261843204498291,1.3491604328155518,2.6539840698242188,1.408494472503662,2.7516140937805176,0.003923595359083265,0.5039684211313764,0.3737526044715196,19.375,0.8203612416982651,marlin_nvfp4,3.613964281612425e-06,0.007439635965656195,0.08625332437452017,0.01806640625,0.003493226209684508,0.0014862295313830907,0.038551647583249804,0.5,1.5330997462560398
171,model.layers.24.self_attn.v_proj,24,layers_24_31,v_proj,attention,4096,4096,16777216,2.0291440705477726e-06,0.018695563077926636,0.01485261507332325,0.1845703125,7.3909759521484375e-06,1.1934832334518433,1.4211896657943726,1.1948384046554565,1.271242618560791,0.003923595359083265,0.5039684211313764,0.3737526044715196,19.375,0.8403935693204403,dense_nvfp4,2.6046923267131206e-06,0.007452111828872927,0.08632561513752987,0.011962890625,0.0023953817908477504,0.007050763111957979,0.08396882226134876,0.3115234375,0.5828667884261554
171,model.layers.24.self_attn.v_proj,24,layers_24_31,v_proj,attention,4096,4096,16777216,2.0291440705477726e-06,0.018695563077926636,0.01485261507332325,0.1845703125,7.3909759521484375e-06,1.1934832334518433,1.4211896657943726,1.1948384046554565,1.271242618560791,0.003923595359083265,0.5039684211313764,0.3737526044715196,19.375,0.8403935693204403,sparse_bf16,5.8459783758735284e-05,0.16725539580775475,0.4089686978336542,0.07373046875,0.02860219705326017,0.08419005132067396,0.2901552193579739,1.3056640625,0.5828667884261554
171,model.layers.24.self_attn.v_proj,24,layers_24_31,v_proj,attention,4096,4096,16777216,2.0291440705477726e-06,0.018695563077926636,0.01485261507332325,0.1845703125,7.3909759521484375e-06,1.1934832334518433,1.4211896657943726,1.1948384046554565,1.271242618560791,0.003923595359083265,0.5039684211313764,0.3737526044715196,19.375,0.8403935693204403,sparse_nvfp4,9.75906805251725e-05,0.2792101997118128,0.528403444076411,0.06689453125,0.05619647345156409,0.16541330636657497,0.40671034701194286,1.71484375,0.5828667884261554
171,model.layers.24.self_attn.v_proj,24,layers_24_31,v_proj,attention,4096,4096,16777216,2.0291440705477726e-06,0.018695563077926636,0.01485261507332325,0.1845703125,7.3909759521484375e-06,1.1934832334518433,1.4211896657943726,1.1948384046554565,1.271242618560791,0.003923595359083265,0.5039684211313764,0.3737526044715196,19.375,0.8403935693204403,marlin_nvfp4,2.6046923267131206e-06,0.007452111828872927,0.08632561513752987,0.011962890625,0.0023953817908477504,0.007050763111957979,0.08396882226134876,0.3115234375,0.5828667884261554
172,model.layers.24.self_attn.o_proj,24,layers_24_31,o_proj,attention,4096,4096,16777216,-2.0361339920782484e-06,0.01837320812046528,0.014570850878953934,0.73046875,4.410743713378906e-05,1.17274808883667,6.487186908721924,1.1732845306396484,1.4281619787216187,9.851697399199111e-05,0.11981617137281818,0.054692075587809086,9.5,0.16198080033063889,dense_nvfp4,2.514127118047327e-06,0.007447614799298766,0.08629956430538202,0.087890625,0.00014019710704360477,0.005064467192918736,0.07116507003382162,0.90625,0.1663805842352514
172,model.layers.24.self_attn.o_proj,24,layers_24_31,o_proj,attention,4096,4096,16777216,-2.0361339920782484e-06,0.01837320812046528,0.014570850878953934,0.73046875,4.410743713378906e-05,1.17274808883667,6.487186908721924,1.1732845306396484,1.4281619787216187,9.851697399199111e-05,0.11981617137281818,0.054692075587809086,9.5,0.16198080033063889,sparse_bf16,6.12852381891571e-05,0.1815456520236,0.4260817433587128,0.984375,0.0018247618472742033,0.06591752644036851,0.2567440874496792,5.09619140625,0.1663805842352514
172,model.layers.24.self_attn.o_proj,24,layers_24_31,o_proj,attention,4096,4096,16777216,-2.0361339920782484e-06,0.01837320812046528,0.014570850878953934,0.73046875,4.410743713378906e-05,1.17274808883667,6.487186908721924,1.1732845306396484,1.4281619787216187,9.851697399199111e-05,0.11981617137281818,0.054692075587809086,9.5,0.16198080033063889,sparse_nvfp4,0.00011255273420829326,0.33341568251420683,0.5774215812681466,0.91015625,0.00428366588857898,0.15474274623502618,0.3933735454183799,6.21875,0.1663805842352514
172,model.layers.24.self_attn.o_proj,24,layers_24_31,o_proj,attention,4096,4096,16777216,-2.0361339920782484e-06,0.01837320812046528,0.014570850878953934,0.73046875,4.410743713378906e-05,1.17274808883667,6.487186908721924,1.1732845306396484,1.4281619787216187,9.851697399199111e-05,0.11981617137281818,0.054692075587809086,9.5,0.16198080033063889,marlin_nvfp4,2.514127118047327e-06,0.007447614799298766,0.08629956430538202,0.087890625,0.00014019710704360477,0.005064467192918736,0.07116507003382162,0.90625,0.1663805842352514
173,model.layers.24.mlp.gate_proj,24,layers_24_31,gate_proj,mlp,4096,11008,45088768,-1.454789799026912e-05,0.020022649317979813,0.015910379588603973,0.34765625,4.291534423828125e-05,1.2763139009475708,2.415674924850464,2.100700616836548,2.1884422302246094,0.0012549973983482232,0.3752234608801079,0.2965898069087416,8.875,0.7914312742650509,dense_nvfp4,2.96954165732618e-06,0.007407065191553639,0.08606430846497078,0.0205078125,0.0017074762672987269,0.004423840259701552,0.06651195576512205,0.36328125,0.6212660472531975
173,model.layers.24.mlp.gate_proj,24,layers_24_31,gate_proj,mlp,4096,11008,45088768,-1.454789799026912e-05,0.020022649317979813,0.015910379588603973,0.34765625,4.291534423828125e-05,1.2763139009475708,2.415674924850464,2.100700616836548,2.1884422302246094,0.0012549973983482232,0.3752234608801079,0.2965898069087416,8.875,0.7914312742650509,sparse_bf16,6.765570101696391e-05,0.1687567462731399,0.41080012934898147,0.1376953125,0.02198251140802059,0.05695371633480897,0.2386497775712539,1.86328125,0.6212660472531975
173,model.layers.24.mlp.gate_proj,24,layers_24_31,gate_proj,mlp,4096,11008,45088768,-1.454789799026912e-05,0.020022649317979813,0.015910379588603973,0.34765625,4.291534423828125e-05,1.2763139009475708,2.415674924850464,2.100700616836548,2.1884422302246094,0.0012549973983482232,0.3752234608801079,0.2965898069087416,8.875,0.7914312742650509,sparse_nvfp4,0.00011268488759564799,0.2810751303874292,0.5301651916029845,0.16455078125,0.044385828229403776,0.11499768262786704,0.33911308236024607,2.5,0.6212660472531975
173,model.layers.24.mlp.gate_proj,24,layers_24_31,gate_proj,mlp,4096,11008,45088768,-1.454789799026912e-05,0.020022649317979813,0.015910379588603973,0.34765625,4.291534423828125e-05,1.2763139009475708,2.415674924850464,2.100700616836548,2.1884422302246094,0.0012549973983482232,0.3752234608801079,0.2965898069087416,8.875,0.7914312742650509,marlin_nvfp4,2.96954165732618e-06,0.007407065191553639,0.08606430846497078,0.0205078125,0.0017074762672987269,0.004423840259701552,0.06651195576512205,0.36328125,0.6212660472531975
174,model.layers.24.mlp.up_proj,24,layers_24_31,up_proj,mlp,4096,11008,45088768,5.9030880947830155e-06,0.01856699027121067,0.014804170466959476,0.1982421875,6.365221452142578e-06,1.1879440546035767,1.4698486328125,1.9476646184921265,1.9903883934020996,0.0012549973983482232,0.3752234608801079,0.2965898069087416,8.875,0.8054603114724159,dense_nvfp4,2.552977009124101e-06,0.007405661596490315,0.0860561537398129,0.01220703125,0.0014634695388701592,0.006084723754690234,0.078004639315173,0.25390625,0.4904236560206975
174,model.layers.24.mlp.up_proj,24,layers_24_31,up_proj,mlp,4096,11008,45088768,5.9030880947830155e-06,0.01856699027121067,0.014804170466959476,0.1982421875,6.365221452142578e-06,1.1879440546035767,1.4698486328125,1.9476646184921265,1.9903883934020996,0.0012549973983482232,0.3752234608801079,0.2965898069087416,8.875,0.8054603114724159,sparse_bf16,5.780084080301052e-05,0.16766835950730552,0.40947327080934787,0.086181640625,0.018677493124160657,0.07765613364141691,0.27866850134419013,1.125,0.4904236560206975
174,model.layers.24.mlp.up_proj,24,layers_24_31,up_proj,mlp,4096,11008,45088768,5.9030880947830155e-06,0.01856699027121067,0.014804170466959476,0.1982421875,6.365221452142578e-06,1.1879440546035767,1.4698486328125,1.9476646184921265,1.9903883934020996,0.0012549973983482232,0.3752234608801079,0.2965898069087416,8.875,0.8054603114724159,sparse_nvfp4,9.629388101572214e-05,0.279328757786113,0.5285156173530854,0.10107421875,0.03701542688230442,0.15390046820833744,0.3923015016646475,1.75,0.4904236560206975
174,model.layers.24.mlp.up_proj,24,layers_24_31,up_proj,mlp,4096,11008,45088768,5.9030880947830155e-06,0.01856699027121067,0.014804170466959476,0.1982421875,6.365221452142578e-06,1.1879440546035767,1.4698486328125,1.9476646184921265,1.9903883934020996,0.0012549973983482232,0.3752234608801079,0.2965898069087416,8.875,0.8054603114724159,marlin_nvfp4,2.552977009124101e-06,0.007405661596490315,0.0860561537398129,0.01220703125,0.0014634695388701592,0.006084723754690234,0.078004639315173,0.25390625,0.4904236560206975
175,model.layers.24.mlp.down_proj,24,layers_24_31,down_proj,mlp,11008,4096,45088768,1.7678207342441965e-08,0.018481869250535965,0.014732930809259415,0.7265625,5.877295279788086e-06,1.9379907846450806,3.2814199924468994,1.182471513748169,1.4483987092971802,-0.0001231327024195411,0.1483657218612746,0.07701700003167918,43.5,0.279346460519835,dense_nvfp4,2.5788873710214744e-06,0.007549889371538908,0.08689009938732323,0.02587890625,0.0005866091305506416,0.006929352362441098,0.08324273158925707,0.3359375,0.2909565149911353
175,model.layers.24.mlp.down_proj,24,layers_24_31,down_proj,mlp,11008,4096,45088768,1.7678207342441965e-08,0.018481869250535965,0.014732930809259415,0.7265625,5.877295279788086e-06,1.9379907846450806,3.2814199924468994,1.182471513748169,1.4483987092971802,-0.0001231327024195411,0.1483657218612746,0.07701700003167918,43.5,0.279346460519835,sparse_bf16,5.68271538805823e-05,0.16636582501386085,0.4078796697726682,0.08056640625,0.007849046429328155,0.0927172892227588,0.30449513825800045,1.197265625,0.2909565149911353
175,model.layers.24.mlp.down_proj,24,layers_24_31,down_proj,mlp,11008,4096,45088768,1.7678207342441965e-08,0.018481869250535965,0.014732930809259415,0.7265625,5.877295279788086e-06,1.9379907846450806,3.2814199924468994,1.182471513748169,1.4483987092971802,-0.0001231327024195411,0.1483657218612746,0.07701700003167918,43.5,0.279346460519835,sparse_nvfp4,9.414183279109556e-05,0.27560739208442414,0.5249832302887628,0.109375,0.015417889873788226,0.18212466539773378,0.426760665241929,2.1640625,0.2909565149911353
175,model.layers.24.mlp.down_proj,24,layers_24_31,down_proj,mlp,11008,4096,45088768,1.7678207342441965e-08,0.018481869250535965,0.014732930809259415,0.7265625,5.877295279788086e-06,1.9379907846450806,3.2814199924468994,1.182471513748169,1.4483987092971802,-0.0001231327024195411,0.1483657218612746,0.07701700003167918,43.5,0.279346460519835,marlin_nvfp4,2.5788873710214744e-06,0.007549889371538908,0.08689009938732323,0.02587890625,0.0005866091305506416,0.006929352362441098,0.08324273158925707,0.3359375,0.2909565149911353
176,model.layers.25.self_attn.q_proj,25,layers_24_31,q_proj,attention,4096,4096,16777216,1.0907649539149133e-06,0.022109804674983025,0.017094269394874573,0.64453125,0.00013238191604614258,1.37496817111969,2.2647411823272705,1.4130566120147705,5.273104190826416,0.004197897383335203,0.5304975836382332,0.401615843642503,17.125,0.8296098299324512,dense_nvfp4,3.636554765762412e-06,0.0074390993517292735,0.0862502136329486,0.02294921875,0.003964862886277842,0.002303864800263045,0.04799859164874575,0.53125,1.3118542657292034
176,model.layers.25.self_attn.q_proj,25,layers_24_31,q_proj,attention,4096,4096,16777216,1.0907649539149133e-06,0.022109804674983025,0.017094269394874573,0.64453125,0.00013238191604614258,1.37496817111969,2.2647411823272705,1.4130566120147705,5.273104190826416,0.004197897383335203,0.5304975836382332,0.401615843642503,17.125,0.8296098299324512,sparse_bf16,8.133537630783394e-05,0.16638328971718686,0.40790107834766365,0.08349609375,0.0481323380372487,0.02796828100718552,0.16723719983061638,2.09375,1.3118542657292034
176,model.layers.25.self_attn.q_proj,25,layers_24_31,q_proj,attention,4096,4096,16777216,1.0907649539149133e-06,0.022109804674983025,0.017094269394874573,0.64453125,0.00013238191604614258,1.37496817111969,2.2647411823272705,1.4130566120147705,5.273104190826416,0.004197897383335203,0.5304975836382332,0.401615843642503,17.125,0.8296098299324512,sparse_nvfp4,0.0001364616327919066,0.2791520297166106,0.5283483980448985,0.0908203125,0.09782115835696459,0.056840987929128374,0.23841348101382265,2.90625,1.3118542657292034
176,model.layers.25.self_attn.q_proj,25,layers_24_31,q_proj,attention,4096,4096,16777216,1.0907649539149133e-06,0.022109804674983025,0.017094269394874573,0.64453125,0.00013238191604614258,1.37496817111969,2.2647411823272705,1.4130566120147705,5.273104190826416,0.004197897383335203,0.5304975836382332,0.401615843642503,17.125,0.8296098299324512,marlin_nvfp4,3.636554765762412e-06,0.0074390993517292735,0.0862502136329486,0.02294921875,0.003964862886277842,0.002303864800263045,0.04799859164874575,0.53125,1.3118542657292034
177,model.layers.25.self_attn.k_proj,25,layers_24_31,k_proj,attention,4096,4096,16777216,6.847611984994728e-06,0.022182555869221687,0.017122063785791397,0.365234375,0.00014919042587280273,1.376906394958496,2.3276515007019043,1.418391227722168,2.613971710205078,0.004197897383335203,0.5304975836382332,0.401615843642503,17.125,0.8296098299324512,dense_nvfp4,3.6601823012460954e-06,0.007438399295947171,0.08624615525313098,0.01708984375,0.004027504113764735,0.001823582109892394,0.04270342035355475,0.5,1.486124982247973
177,model.layers.25.self_attn.k_proj,25,layers_24_31,k_proj,attention,4096,4096,16777216,6.847611984994728e-06,0.022182555869221687,0.017122063785791397,0.365234375,0.00014919042587280273,1.376906394958496,2.3276515007019043,1.418391227722168,2.613971710205078,0.004197897383335203,0.5304975836382332,0.401615843642503,17.125,0.8296098299324512,sparse_bf16,8.18812768557109e-05,0.16640308650949467,0.40792534428433674,0.0869140625,0.04856765258591622,0.02199056782399093,0.14829217047434073,2.28125,1.486124982247973
177,model.layers.25.self_attn.k_proj,25,layers_24_31,k_proj,attention,4096,4096,16777216,6.847611984994728e-06,0.022182555869221687,0.017122063785791397,0.365234375,0.00014919042587280273,1.376906394958496,2.3276515007019043,1.418391227722168,2.613971710205078,0.004197897383335203,0.5304975836382332,0.401615843642503,17.125,0.8296098299324512,sparse_nvfp4,0.0001372703118249774,0.27896735921752874,0.5281736070815436,0.10400390625,0.09945745079312474,0.04503256181464448,0.212208769410325,3.09375,1.486124982247973
177,model.layers.25.self_attn.k_proj,25,layers_24_31,k_proj,attention,4096,4096,16777216,6.847611984994728e-06,0.022182555869221687,0.017122063785791397,0.365234375,0.00014919042587280273,1.376906394958496,2.3276515007019043,1.418391227722168,2.613971710205078,0.004197897383335203,0.5304975836382332,0.401615843642503,17.125,0.8296098299324512,marlin_nvfp4,3.6601823012460954e-06,0.007438399295947171,0.08624615525313098,0.01708984375,0.004027504113764735,0.001823582109892394,0.04270342035355475,0.5,1.486124982247973
178,model.layers.25.self_attn.v_proj,25,layers_24_31,v_proj,attention,4096,4096,16777216,3.6688745694846148e-06,0.01939672976732254,0.015412896871566772,0.1259765625,6.735324859619141e-06,1.2381137609481812,1.4893101453781128,1.2398020029067993,1.3053802251815796,0.004197897383335203,0.5304975836382332,0.401615843642503,17.125,0.8458678089082241,dense_nvfp4,2.8028794076817576e-06,0.007449846779363289,0.08631249492027958,0.0126953125,0.002955761880002683,0.00701696721836949,0.08376733980716762,0.359375,0.6490228663211551
178,model.layers.25.self_attn.v_proj,25,layers_24_31,v_proj,attention,4096,4096,16777216,3.6688745694846148e-06,0.01939672976732254,0.015412896871566772,0.1259765625,6.735324859619141e-06,1.2381137609481812,1.4893101453781128,1.2398020029067993,1.3053802251815796,0.004197897383335203,0.5304975836382332,0.401615843642503,17.125,0.8458678089082241,sparse_bf16,6.242416566237807e-05,0.1659188291297012,0.40733135053626945,0.061767578125,0.0365348169580102,0.08673351350050383,0.2945055406957632,1.453125,0.6490228663211551
178,model.layers.25.self_attn.v_proj,25,layers_24_31,v_proj,attention,4096,4096,16777216,3.6688745694846148e-06,0.01939672976732254,0.015412896871566772,0.1259765625,6.735324859619141e-06,1.2381137609481812,1.4893101453781128,1.2398020029067993,1.3053802251815796,0.004197897383335203,0.5304975836382332,0.401615843642503,17.125,0.8458678089082241,sparse_nvfp4,0.00010448999819345772,0.277726710033895,0.526997827352158,0.0694580078125,0.07159929728368297,0.16997645354890328,0.4122820073067745,1.962890625,0.6490228663211551
178,model.layers.25.self_attn.v_proj,25,layers_24_31,v_proj,attention,4096,4096,16777216,3.6688745694846148e-06,0.01939672976732254,0.015412896871566772,0.1259765625,6.735324859619141e-06,1.2381137609481812,1.4893101453781128,1.2398020029067993,1.3053802251815796,0.004197897383335203,0.5304975836382332,0.401615843642503,17.125,0.8458678089082241,marlin_nvfp4,2.8028794076817576e-06,0.007449846779363289,0.08631249492027958,0.0126953125,0.002955761880002683,0.00701696721836949,0.08376733980716762,0.359375,0.6490228663211551
179,model.layers.25.self_attn.o_proj,25,layers_24_31,o_proj,attention,4096,4096,16777216,-2.1071502942504594e-07,0.019124936312437057,0.015207468532025814,0.65234375,3.641843795776367e-05,1.2227871417999268,4.181607246398926,1.2211778163909912,1.4724531173706055,-0.0003523366765278979,0.1314367487764548,0.05455926529248245,4.375,0.14135104417800903,dense_nvfp4,2.726965249166824e-06,0.007455548931782681,0.08634552062372824,0.041015625,0.00017984521559810673,0.005519277513382029,0.07429184015342485,0.4375,0.1805129355067569
179,model.layers.25.self_attn.o_proj,25,layers_24_31,o_proj,attention,4096,4096,16777216,-2.1071502942504594e-07,0.019124936312437057,0.015207468532025814,0.65234375,3.641843795776367e-05,1.2227871417999268,4.181607246398926,1.2211778163909912,1.4724531173706055,-0.0003523366765278979,0.1314367487764548,0.05455926529248245,4.375,0.14135104417800903,sparse_bf16,6.7005334130954e-05,0.18319322090973028,0.42801077195525145,0.18359375,0.001774577628566476,0.05446008874089207,0.23336685441787158,1.03125,0.1805129355067569
179,model.layers.25.self_attn.o_proj,25,layers_24_31,o_proj,attention,4096,4096,16777216,-2.1071502942504594e-07,0.019124936312437057,0.015207468532025814,0.65234375,3.641843795776367e-05,1.2227871417999268,4.181607246398926,1.2211778163909912,1.4724531173706055,-0.0003523366765278979,0.1314367487764548,0.05455926529248245,4.375,0.14135104417800903,sparse_nvfp4,0.00012177879398223013,0.3329443811817552,0.5770133284264369,0.2080078125,0.003876503315041191,0.11896617603144609,0.34491473733583217,1.44140625,0.1805129355067569
179,model.layers.25.self_attn.o_proj,25,layers_24_31,o_proj,attention,4096,4096,16777216,-2.1071502942504594e-07,0.019124936312437057,0.015207468532025814,0.65234375,3.641843795776367e-05,1.2227871417999268,4.181607246398926,1.2211778163909912,1.4724531173706055,-0.0003523366765278979,0.1314367487764548,0.05455926529248245,4.375,0.14135104417800903,marlin_nvfp4,2.726965249166824e-06,0.007455548931782681,0.08634552062372824,0.041015625,0.00017984521559810673,0.005519277513382029,0.07429184015342485,0.4375,0.1805129355067569
180,model.layers.25.mlp.gate_proj,25,layers_24_31,gate_proj,mlp,4096,11008,45088768,-1.836359479057137e-05,0.020061593502759933,0.01592850126326084,0.5546875,5.138752021593973e-05,1.2779461145401,2.669360399246216,2.104778289794922,2.1993417739868164,0.0023392038371525814,0.3875111997244238,0.3060171725228429,8.9375,0.7975834906101227,dense_nvfp4,2.983284756801156e-06,0.007412478963857227,0.08609575462156788,0.0216064453125,0.0018268620600750626,0.004454376054107408,0.06674111217313813,0.40625,0.6404119671274485
180,model.layers.25.mlp.gate_proj,25,layers_24_31,gate_proj,mlp,4096,11008,45088768,-1.836359479057137e-05,0.020061593502759933,0.01592850126326084,0.5546875,5.138752021593973e-05,1.2779461145401,2.669360399246216,2.104778289794922,2.1993417739868164,0.0023392038371525814,0.3875111997244238,0.3060171725228429,8.9375,0.7975834906101227,sparse_bf16,6.744649997630785e-05,0.16758231379704044,0.40936818855040563,0.19921875,0.023594851540618165,0.05753052953457824,0.23985522619817615,2.1875,0.6404119671274485
180,model.layers.25.mlp.gate_proj,25,layers_24_31,gate_proj,mlp,4096,11008,45088768,-1.836359479057137e-05,0.020061593502759933,0.01592850126326084,0.5546875,5.138752021593973e-05,1.2779461145401,2.669360399246216,2.104778289794922,2.1993417739868164,0.0023392038371525814,0.3875111997244238,0.3060171725228429,8.9375,0.7975834906101227,sparse_nvfp4,0.00011274218559265137,0.2801271575365466,0.5292704011528951,0.19921875,0.04747616549477328,0.11575953069607743,0.34023452308088525,3.0,0.6404119671274485
180,model.layers.25.mlp.gate_proj,25,layers_24_31,gate_proj,mlp,4096,11008,45088768,-1.836359479057137e-05,0.020061593502759933,0.01592850126326084,0.5546875,5.138752021593973e-05,1.2779461145401,2.669360399246216,2.104778289794922,2.1993417739868164,0.0023392038371525814,0.3875111997244238,0.3060171725228429,8.9375,0.7975834906101227,marlin_nvfp4,2.983284756801156e-06,0.007412478963857227,0.08609575462156788,0.0216064453125,0.0018268620600750626,0.004454376054107408,0.06674111217313813,0.40625,0.6404119671274485
181,model.layers.25.mlp.up_proj,25,layers_24_31,up_proj,mlp,4096,11008,45088768,-2.264175236632582e-06,0.01864786259829998,0.014867662452161312,0.251953125,7.4963236329494976e-06,1.1930537223815918,1.4762356281280518,1.9561126232147217,2.006436586380005,0.0023392038371525814,0.3875111997244238,0.3060171725228429,8.9375,0.8102545775473118,dense_nvfp4,2.577235728643055e-06,0.0074113289774579505,0.08608907583112942,0.01220703125,0.0015731895874460163,0.0061578254691731504,0.0784718132145113,0.2528076171875,0.5054484206319233
181,model.layers.25.mlp.up_proj,25,layers_24_31,up_proj,mlp,4096,11008,45088768,-2.264175236632582e-06,0.01864786259829998,0.014867662452161312,0.251953125,7.4963236329494976e-06,1.1930537223815918,1.4762356281280518,1.9561126232147217,2.006436586380005,0.0023392038371525814,0.3875111997244238,0.3060171725228429,8.9375,0.8102545775473118,sparse_bf16,5.797562081106874e-05,0.16671986723132137,0.40831344238381545,0.08544921875,0.02015052949143357,0.07887380180358093,0.2808448002074828,1.05078125,0.5054484206319233
181,model.layers.25.mlp.up_proj,25,layers_24_31,up_proj,mlp,4096,11008,45088768,-2.264175236632582e-06,0.01864786259829998,0.014867662452161312,0.251953125,7.4963236329494976e-06,1.1930537223815918,1.4762356281280518,1.9561126232147217,2.006436586380005,0.0023392038371525814,0.3875111997244238,0.3060171725228429,8.9375,0.8102545775473118,sparse_nvfp4,9.689393431641335e-05,0.2786368414647256,0.5278606269316983,0.115234375,0.03980301402855751,0.15579814123535712,0.39471273254780764,1.765625,0.5054484206319233
181,model.layers.25.mlp.up_proj,25,layers_24_31,up_proj,mlp,4096,11008,45088768,-2.264175236632582e-06,0.01864786259829998,0.014867662452161312,0.251953125,7.4963236329494976e-06,1.1930537223815918,1.4762356281280518,1.9561126232147217,2.006436586380005,0.0023392038371525814,0.3875111997244238,0.3060171725228429,8.9375,0.8102545775473118,marlin_nvfp4,2.577235728643055e-06,0.0074113289774579505,0.08608907583112942,0.01220703125,0.0015731895874460163,0.0061578254691731504,0.0784718132145113,0.2528076171875,0.5054484206319233
182,model.layers.25.mlp.down_proj,25,layers_24_31,down_proj,mlp,11008,4096,45088768,5.116088686918374e-06,0.01857396401464939,0.014802873134613037,1.03125,6.054723144188756e-06,1.9476510286331177,2.9898476600646973,1.1881680488586426,1.6019858121871948,0.00012240076510055967,0.1546815435758084,0.08016763917755249,50.0,0.29077613076498343,dense_nvfp4,2.607934178275511e-06,0.0075594008024497325,0.08694481469558568,0.042724609375,0.000630989911087454,0.006831542344438704,0.08265314479460963,1.068359375,0.3039147829056711
182,model.layers.25.mlp.down_proj,25,layers_24_31,down_proj,mlp,11008,4096,45088768,5.116088686918374e-06,0.01857396401464939,0.014802873134613037,1.03125,6.054723144188756e-06,1.9476510286331177,2.9898476600646973,1.1881680488586426,1.6019858121871948,0.00012240076510055967,0.1546815435758084,0.08016763917755249,50.0,0.29077613076498343,sparse_bf16,5.706682866222637e-05,0.16541484596354017,0.4067122397513261,0.068359375,0.008449544431641698,0.09148073457544739,0.3024578228041844,1.109375,0.3039147829056711
182,model.layers.25.mlp.down_proj,25,layers_24_31,down_proj,mlp,11008,4096,45088768,5.116088686918374e-06,0.01857396401464939,0.014802873134613037,1.03125,6.054723144188756e-06,1.9476510286331177,2.9898476600646973,1.1881680488586426,1.6019858121871948,0.00012240076510055967,0.1546815435758084,0.08016763917755249,50.0,0.29077613076498343,sparse_nvfp4,9.53635114223458e-05,0.2764222390180078,0.5257587270012812,0.080078125,0.016569441817409825,0.17939247745541217,0.42354749138132336,1.75,0.3039147829056711
182,model.layers.25.mlp.down_proj,25,layers_24_31,down_proj,mlp,11008,4096,45088768,5.116088686918374e-06,0.01857396401464939,0.014802873134613037,1.03125,6.054723144188756e-06,1.9476510286331177,2.9898476600646973,1.1881680488586426,1.6019858121871948,0.00012240076510055967,0.1546815435758084,0.08016763917755249,50.0,0.29077613076498343,marlin_nvfp4,2.607934178275511e-06,0.0075594008024497325,0.08694481469558568,0.042724609375,0.000630989911087454,0.006831542344438704,0.08265314479460963,1.068359375,0.3039147829056711
183,model.layers.26.self_attn.q_proj,26,layers_24_31,q_proj,attention,4096,4096,16777216,2.9107068257872015e-06,0.021762236952781677,0.01676023006439209,0.86328125,0.0001710057258605957,1.34896719455719,2.308037281036377,1.3901394605636597,6.013626575469971,0.005390026655504698,0.523719055098908,0.3932297173887491,18.0,0.8300776779651642,dense_nvfp4,3.5275379559607245e-06,0.007448427494684316,0.08630427274871341,0.033447265625,0.0037230449997878168,0.0020888001023672896,0.04570339267896082,0.5,1.335059749710758
183,model.layers.26.self_attn.q_proj,26,layers_24_31,q_proj,attention,4096,4096,16777216,2.9107068257872015e-06,0.021762236952781677,0.01676023006439209,0.86328125,0.0001710057258605957,1.34896719455719,2.308037281036377,1.3901394605636597,6.013626575469971,0.005390026655504698,0.523719055098908,0.3932297173887491,18.0,0.8300776779651642,sparse_bf16,7.850203837733716e-05,0.16575774614996988,0.40713357286027135,0.09521484375,0.044976127304835245,0.025233683536937713,0.1588511364043006,2.1875,1.335059749710758
183,model.layers.26.self_attn.q_proj,26,layers_24_31,q_proj,attention,4096,4096,16777216,2.9107068257872015e-06,0.021762236952781677,0.01676023006439209,0.86328125,0.0001710057258605957,1.34896719455719,2.308037281036377,1.3901394605636597,6.013626575469971,0.005390026655504698,0.523719055098908,0.3932297173887491,18.0,0.8300776779651642,sparse_nvfp4,0.0001325246412307024,0.2798269483671939,0.5289867185168206,0.101318359375,0.09239529765909538,0.0518380269966046,0.22767965872384077,3.28125,1.335059749710758
183,model.layers.26.self_attn.q_proj,26,layers_24_31,q_proj,attention,4096,4096,16777216,2.9107068257872015e-06,0.021762236952781677,0.01676023006439209,0.86328125,0.0001710057258605957,1.34896719455719,2.308037281036377,1.3901394605636597,6.013626575469971,0.005390026655504698,0.523719055098908,0.3932297173887491,18.0,0.8300776779651642,marlin_nvfp4,3.5275379559607245e-06,0.007448427494684316,0.08630427274871341,0.033447265625,0.0037230449997878168,0.0020888001023672896,0.04570339267896082,0.5,1.335059749710758
184,model.layers.26.self_attn.k_proj,26,layers_24_31,k_proj,attention,4096,4096,16777216,8.65782658365788e-06,0.021933458745479584,0.016837522387504578,0.35546875,0.00021660327911376953,1.3545279502868652,2.6564340591430664,1.4018605947494507,2.8005146980285645,0.005390026655504698,0.523719055098908,0.3932297173887491,18.0,0.8292439989745617,dense_nvfp4,3.5799557736027054e-06,0.007441549567117742,0.08626441657553677,0.01806640625,0.0037976734129188117,0.0015950731217441187,0.0399383665382564,0.5625,1.5430091756039812
184,model.layers.26.self_attn.k_proj,26,layers_24_31,k_proj,attention,4096,4096,16777216,8.65782658365788e-06,0.021933458745479584,0.016837522387504578,0.35546875,0.00021660327911376953,1.3545279502868652,2.6564340591430664,1.4018605947494507,2.8005146980285645,0.005390026655504698,0.523719055098908,0.3932297173887491,18.0,0.8292439989745617,sparse_bf16,7.977081986609846e-05,0.16581727473292265,0.4072066732421298,0.08984375,0.045820615865522996,0.019245265414406593,0.13872730594373478,2.4375,1.5430091756039812
184,model.layers.26.self_attn.k_proj,26,layers_24_31,k_proj,attention,4096,4096,16777216,8.65782658365788e-06,0.021933458745479584,0.016837522387504578,0.35546875,0.00021660327911376953,1.3545279502868652,2.6564340591430664,1.4018605947494507,2.8005146980285645,0.005390026655504698,0.523719055098908,0.3932297173887491,18.0,0.8292439989745617,sparse_nvfp4,0.00013464332732837647,0.2798791542576657,0.5290360613962584,0.10693359375,0.09514251234941185,0.0399611150520486,0.19990276399301887,3.3125,1.5430091756039812
184,model.layers.26.self_attn.k_proj,26,layers_24_31,k_proj,attention,4096,4096,16777216,8.65782658365788e-06,0.021933458745479584,0.016837522387504578,0.35546875,0.00021660327911376953,1.3545279502868652,2.6564340591430664,1.4018605947494507,2.8005146980285645,0.005390026655504698,0.523719055098908,0.3932297173887491,18.0,0.8292439989745617,marlin_nvfp4,3.5799557736027054e-06,0.007441549567117742,0.08626441657553677,0.01806640625,0.0037976734129188117,0.0015950731217441187,0.0399383665382564,0.5625,1.5430091756039812
185,model.layers.26.self_attn.v_proj,26,layers_24_31,v_proj,attention,4096,4096,16777216,-1.5078561546033598e-06,0.019708633422851562,0.015606643632054329,0.1962890625,1.9371509552001953e-05,1.2540098428726196,1.7555500268936157,1.2595689296722412,1.3380783796310425,0.005390026655504698,0.523719055098908,0.3932297173887491,18.0,0.8411315828561783,dense_nvfp4,2.89199465441925e-06,0.007445337706422341,0.08628637033983028,0.013916015625,0.002927179910329869,0.007245364025113483,0.0851197040943722,0.3763427734375,0.6356156806725035
185,model.layers.26.self_attn.v_proj,26,layers_24_31,v_proj,attention,4096,4096,16777216,-1.5078561546033598e-06,0.019708633422851562,0.015606643632054329,0.1962890625,1.9371509552001953e-05,1.2540098428726196,1.7555500268936157,1.2595689296722412,1.3380783796310425,0.005390026655504698,0.523719055098908,0.3932297173887491,18.0,0.8411315828561783,sparse_bf16,6.412117363652214e-05,0.16507768820614274,0.406297536549439,0.0693359375,0.03607033984735608,0.08928140760374374,0.29879994578939223,1.641204833984375,0.6356156806725035
185,model.layers.26.self_attn.v_proj,26,layers_24_31,v_proj,attention,4096,4096,16777216,-1.5078561546033598e-06,0.019708633422851562,0.015606643632054329,0.1962890625,1.9371509552001953e-05,1.2540098428726196,1.7555500268936157,1.2595689296722412,1.3380783796310425,0.005390026655504698,0.523719055098908,0.3932297173887491,18.0,0.8411315828561783,sparse_nvfp4,0.0001078674613381736,0.2777009549343143,0.5269733911065285,0.0810546875,0.07076322328066453,0.175153331180461,0.41851323895482806,2.2918701171875,0.6356156806725035
185,model.layers.26.self_attn.v_proj,26,layers_24_31,v_proj,attention,4096,4096,16777216,-1.5078561546033598e-06,0.019708633422851562,0.015606643632054329,0.1962890625,1.9371509552001953e-05,1.2540098428726196,1.7555500268936157,1.2595689296722412,1.3380783796310425,0.005390026655504698,0.523719055098908,0.3932297173887491,18.0,0.8411315828561783,marlin_nvfp4,2.89199465441925e-06,0.007445337706422341,0.08628637033983028,0.013916015625,0.002927179910329869,0.007245364025113483,0.0851197040943722,0.3763427734375,0.6356156806725035
186,model.layers.26.self_attn.o_proj,26,layers_24_31,o_proj,attention,4096,4096,16777216,2.563920133979991e-06,0.019578497856855392,0.01544122863560915,0.6875,9.98377799987793e-05,1.2499736547470093,6.62076997756958,1.242932677268982,1.9659465551376343,0.0006436646335146179,0.1360052556824623,0.06387908119359054,6.375,0.1830252856016159,dense_nvfp4,2.8588685836439254e-06,0.007458223843080998,0.08636100881231644,0.091796875,0.00018613927477417747,0.004578724147871737,0.06766627038541238,0.6640625,0.20162610891291535
186,model.layers.26.self_attn.o_proj,26,layers_24_31,o_proj,attention,4096,4096,16777216,2.563920133979991e-06,0.019578497856855392,0.01544122863560915,0.6875,9.98377799987793e-05,1.2499736547470093,6.62076997756958,1.242932677268982,1.9659465551376343,0.0006436646335146179,0.1360052556824623,0.06387908119359054,6.375,0.1830252856016159,sparse_bf16,7.109964644769207e-05,0.1854849437307513,0.430679630039257,1.60546875,0.0024460850390823907,0.060169723180570046,0.2452951756161748,5.97265625,0.20162610891291535
186,model.layers.26.self_attn.o_proj,26,layers_24_31,o_proj,attention,4096,4096,16777216,2.563920133979991e-06,0.019578497856855392,0.01544122863560915,0.6875,9.98377799987793e-05,1.2499736547470093,6.62076997756958,1.242932677268982,1.9659465551376343,0.0006436646335146179,0.1360052556824623,0.06387908119359054,6.375,0.1830252856016159,sparse_nvfp4,0.00012113407865399495,0.3160149014178677,0.5621520269623402,1.51171875,0.005194406665395945,0.12777397602719018,0.35745485872651134,7.4375,0.20162610891291535
186,model.layers.26.self_attn.o_proj,26,layers_24_31,o_proj,attention,4096,4096,16777216,2.563920133979991e-06,0.019578497856855392,0.01544122863560915,0.6875,9.98377799987793e-05,1.2499736547470093,6.62076997756958,1.242932677268982,1.9659465551376343,0.0006436646335146179,0.1360052556824623,0.06387908119359054,6.375,0.1830252856016159,marlin_nvfp4,2.8588685836439254e-06,0.007458223843080998,0.08636100881231644,0.091796875,0.00018613927477417747,0.004578724147871737,0.06766627038541238,0.6640625,0.20162610891291535
187,model.layers.26.mlp.gate_proj,26,layers_24_31,gate_proj,mlp,4096,11008,45088768,-1.899894414236769e-05,0.020123422145843506,0.015945743769407272,0.408203125,8.485483704134822e-05,1.2792671918869019,2.4486629962921143,2.111250877380371,2.229905128479004,0.002741305085123713,0.3989299505998686,0.3150194778572768,10.0,0.8029481284320354,dense_nvfp4,3.0019328669579917e-06,0.007413049646414241,0.08609906878947206,0.01904296875,0.0019513657018758875,0.0042035958046101945,0.06483514328364051,0.421875,0.681332112748176
187,model.layers.26.mlp.gate_proj,26,layers_24_31,gate_proj,mlp,4096,11008,45088768,-1.899894414236769e-05,0.020123422145843506,0.015945743769407272,0.408203125,8.485483704134822e-05,1.2792671918869019,2.4486629962921143,2.111250877380371,2.229905128479004,0.002741305085123713,0.3989299505998686,0.3150194778572768,10.0,0.8029481284320354,sparse_bf16,6.764035585314728e-05,0.16703282127312266,0.40869649040959805,0.14111328125,0.025361662286571985,0.05463362253589271,0.2337383634234926,2.0,0.681332112748176
187,model.layers.26.mlp.gate_proj,26,layers_24_31,gate_proj,mlp,4096,11008,45088768,-1.899894414236769e-05,0.020123422145843506,0.015945743769407272,0.408203125,8.485483704134822e-05,1.2792671918869019,2.4486629962921143,2.111250877380371,2.229905128479004,0.002741305085123713,0.3989299505998686,0.3150194778572768,10.0,0.8029481284320354,sparse_nvfp4,0.00011371706374162851,0.280815819847227,0.5299205788108506,0.22607421875,0.05123285154357206,0.11036485862170498,0.33221206874781806,3.5625,0.681332112748176
187,model.layers.26.mlp.gate_proj,26,layers_24_31,gate_proj,mlp,4096,11008,45088768,-1.899894414236769e-05,0.020123422145843506,0.015945743769407272,0.408203125,8.485483704134822e-05,1.2792671918869019,2.4486629962921143,2.111250877380371,2.229905128479004,0.002741305085123713,0.3989299505998686,0.3150194778572768,10.0,0.8029481284320354,marlin_nvfp4,3.0019328669579917e-06,0.007413049646414241,0.08609906878947206,0.01904296875,0.0019513657018758875,0.0042035958046101945,0.06483514328364051,0.421875,0.681332112748176
188,model.layers.26.mlp.up_proj,26,layers_24_31,up_proj,mlp,4096,11008,45088768,2.1372777609940385e-06,0.018714535981416702,0.014919111505150795,0.3671875,6.587006282643415e-06,1.197211742401123,1.5663740634918213,1.9631645679473877,2.0057005882263184,0.002741305085123713,0.3989299505998686,0.3150194778572768,10.0,0.8146617114543915,dense_nvfp4,2.5954961825465394e-06,0.00741075171582869,0.08608572306618961,0.01385498046875,0.00168069792900581,0.005910563839550049,0.0768801914640569,0.265625,0.5332494009337617
188,model.layers.26.mlp.up_proj,26,layers_24_31,up_proj,mlp,4096,11008,45088768,2.1372777609940385e-06,0.018714535981416702,0.014919111505150795,0.3671875,6.587006282643415e-06,1.197211742401123,1.5663740634918213,1.9631645679473877,2.0057005882263184,0.002741305085123713,0.3989299505998686,0.3150194778572768,10.0,0.8146617114543915,sparse_bf16,5.8192965509586555e-05,0.16615459575679634,0.4076206517790731,0.114990234375,0.0216704027424025,0.07620899426793287,0.2760597657536007,1.15625,0.5332494009337617
188,model.layers.26.mlp.up_proj,26,layers_24_31,up_proj,mlp,4096,11008,45088768,2.1372777609940385e-06,0.018714535981416702,0.014919111505150795,0.3671875,6.587006282643415e-06,1.197211742401123,1.5663740634918213,1.9631645679473877,2.0057005882263184,0.002741305085123713,0.3989299505998686,0.3150194778572768,10.0,0.8146617114543915,sparse_nvfp4,9.779021317182585e-05,0.2792140458258475,0.5284070834364804,0.109619140625,0.043047671704444776,0.15138711565118704,0.3890849722762202,1.65625,0.5332494009337617
188,model.layers.26.mlp.up_proj,26,layers_24_31,up_proj,mlp,4096,11008,45088768,2.1372777609940385e-06,0.018714535981416702,0.014919111505150795,0.3671875,6.587006282643415e-06,1.197211742401123,1.5663740634918213,1.9631645679473877,2.0057005882263184,0.002741305085123713,0.3989299505998686,0.3150194778572768,10.0,0.8146617114543915,marlin_nvfp4,2.5954961825465394e-06,0.00741075171582869,0.08608572306618961,0.01385498046875,0.00168069792900581,0.005910563839550049,0.0768801914640569,0.265625,0.5332494009337617
189,model.layers.26.mlp.down_proj,26,layers_24_31,down_proj,mlp,11008,4096,45088768,1.1936784005683876e-07,0.018631039187312126,0.014846507459878922,0.578125,8.250392056652345e-06,1.953636884689331,3.244899272918701,1.1915295124053955,1.580666184425354,-0.00014441006664297717,0.1628008091674094,0.0853128403338582,46.0,0.3082164900247441,dense_nvfp4,2.6307639335607026e-06,0.007578927930798712,0.08705703837599067,0.029296875,0.0007036263427835365,0.007037661153212553,0.08389076917761902,0.484375,0.3161963620097332
189,model.layers.26.mlp.down_proj,26,layers_24_31,down_proj,mlp,11008,4096,45088768,1.1936784005683876e-07,0.018631039187312126,0.014846507459878922,0.578125,8.250392056652345e-06,1.953636884689331,3.244899272918701,1.1915295124053955,1.580666184425354,-0.00014441006664297717,0.1628008091674094,0.0853128403338582,46.0,0.3082164900247441,sparse_bf16,5.773891326646472e-05,0.16633915984125927,0.40784698091472893,0.0771484375,0.009330919510830427,0.09332773060392142,0.3054958765743352,1.12744140625,0.3161963620097332
189,model.layers.26.mlp.down_proj,26,layers_24_31,down_proj,mlp,11008,4096,45088768,1.1936784005683876e-07,0.018631039187312126,0.014846507459878922,0.578125,8.250392056652345e-06,1.953636884689331,3.244899272918701,1.1915295124053955,1.580666184425354,-0.00014441006664297717,0.1628008091674094,0.0853128403338582,46.0,0.3082164900247441,sparse_nvfp4,9.746270167619682e-05,0.2807788196126973,0.5298856665476972,0.0986328125,0.018270871849381365,0.18274501284451433,0.4274868569260514,1.601806640625,0.3161963620097332
189,model.layers.26.mlp.down_proj,26,layers_24_31,down_proj,mlp,11008,4096,45088768,1.1936784005683876e-07,0.018631039187312126,0.014846507459878922,0.578125,8.250392056652345e-06,1.953636884689331,3.244899272918701,1.1915295124053955,1.580666184425354,-0.00014441006664297717,0.1628008091674094,0.0853128403338582,46.0,0.3082164900247441,marlin_nvfp4,2.6307639335607026e-06,0.007578927930798712,0.08705703837599067,0.029296875,0.0007036263427835365,0.007037661153212553,0.08389076917761902,0.484375,0.3161963620097332
190,model.layers.27.self_attn.q_proj,27,layers_24_31,q_proj,attention,4096,4096,16777216,9.120223012359929e-07,0.022571425884962082,0.017632920295000076,0.79296875,0.00011307001113891602,1.4193391799926758,2.3500559329986572,1.4415277242660522,6.472909450531006,0.004727355505110609,0.521733531549136,0.40045242407359183,13.0,0.8252641633152962,dense_nvfp4,3.7886954942223383e-06,0.007436553022404958,0.08623545107671762,0.0294189453125,0.0040678704863239545,0.0021862066989012515,0.04675688932019806,0.5,1.3640740539803202
190,model.layers.27.self_attn.q_proj,27,layers_24_31,q_proj,attention,4096,4096,16777216,9.120223012359929e-07,0.022571425884962082,0.017632920295000076,0.79296875,0.00011307001113891602,1.4193391799926758,2.3500559329986572,1.4415277242660522,6.472909450531006,0.004727355505110609,0.521733531549136,0.40045242407359183,13.0,0.8252641633152962,sparse_bf16,8.398947829846293e-05,0.16485679824180566,0.4060256127903825,0.10693359375,0.05128105319454335,0.027560115888039083,0.16601239679023697,2.25,1.3640740539803202
190,model.layers.27.self_attn.q_proj,27,layers_24_31,q_proj,attention,4096,4096,16777216,9.120223012359929e-07,0.022571425884962082,0.017632920295000076,0.79296875,0.00011307001113891602,1.4193391799926758,2.3500559329986572,1.4415277242660522,6.472909450531006,0.004727355505110609,0.521733531549136,0.40045242407359183,13.0,0.8252641633152962,sparse_nvfp4,0.00014187458145897835,0.2784752295770773,0.5277075227596034,0.1107177734375,0.10642224986804649,0.05719479918445407,0.2391543417637532,3.6875,1.3640740539803202
190,model.layers.27.self_attn.q_proj,27,layers_24_31,q_proj,attention,4096,4096,16777216,9.120223012359929e-07,0.022571425884962082,0.017632920295000076,0.79296875,0.00011307001113891602,1.4193391799926758,2.3500559329986572,1.4415277242660522,6.472909450531006,0.004727355505110609,0.521733531549136,0.40045242407359183,13.0,0.8252641633152962,marlin_nvfp4,3.7886954942223383e-06,0.007436553022404958,0.08623545107671762,0.0294189453125,0.0040678704863239545,0.0021862066989012515,0.04675688932019806,0.5,1.3640740539803202
191,model.layers.27.self_attn.k_proj,27,layers_24_31,k_proj,attention,4096,4096,16777216,4.1184948713635094e-06,0.022789236158132553,0.017795110121369362,0.2890625,0.00010454654693603516,1.4302397966384888,2.746436595916748,1.4572968482971191,2.5652663707733154,0.004727355505110609,0.521733531549136,0.40045242407359183,13.0,0.8236838616430759,dense_nvfp4,3.861378445435548e-06,0.007435032440157035,0.08622663416924631,0.01806640625,0.004158139010542072,0.0016969174057416482,0.04119365734845169,0.5625,1.5653777259631807
191,model.layers.27.self_attn.k_proj,27,layers_24_31,k_proj,attention,4096,4096,16777216,4.1184948713635094e-06,0.022789236158132553,0.017795110121369362,0.2890625,0.00010454654693603516,1.4302397966384888,2.746436595916748,1.4572968482971191,2.5652663707733154,0.004727355505110609,0.521733531549136,0.40045242407359183,13.0,0.8236838616430759,sparse_bf16,8.587852789787576e-05,0.1653579543824319,0.40664229290917575,0.0947265625,0.05260473187081516,0.021467749132398916,0.1465187671678919,2.8125,1.5653777259631807
191,model.layers.27.self_attn.k_proj,27,layers_24_31,k_proj,attention,4096,4096,16777216,4.1184948713635094e-06,0.022789236158132553,0.017795110121369362,0.2890625,0.00010454654693603516,1.4302397966384888,2.746436595916748,1.4572968482971191,2.5652663707733154,0.004727355505110609,0.521733531549136,0.40045242407359183,13.0,0.8236838616430759,sparse_nvfp4,0.00014512977213598788,0.2794454309805307,0.5286259840194489,0.123046875,0.11015471100108698,0.04495363092678746,0.21202271323324645,4.75,1.5653777259631807
191,model.layers.27.self_attn.k_proj,27,layers_24_31,k_proj,attention,4096,4096,16777216,4.1184948713635094e-06,0.022789236158132553,0.017795110121369362,0.2890625,0.00010454654693603516,1.4302397966384888,2.746436595916748,1.4572968482971191,2.5652663707733154,0.004727355505110609,0.521733531549136,0.40045242407359183,13.0,0.8236838616430759,marlin_nvfp4,3.861378445435548e-06,0.007435032440157035,0.08622663416924631,0.01806640625,0.004158139010542072,0.0016969174057416482,0.04119365734845169,0.5625,1.5653777259631807
192,model.layers.27.self_attn.v_proj,27,layers_24_31,v_proj,attention,4096,4096,16777216,5.264292667561676e-06,0.019742535427212715,0.015679804608225822,0.1328125,6.020069122314453e-06,1.2593743801116943,1.5086426734924316,1.262040376663208,1.336830735206604,0.004727355505110609,0.521733531549136,0.40045242407359183,13.0,0.8437658697366714,dense_nvfp4,2.898914544857689e-06,0.007437544433128669,0.0862411991633272,0.0146484375,0.003021048998562037,0.006865487477297308,0.08285823723262105,0.37109375,0.6633507048285459
192,model.layers.27.self_attn.v_proj,27,layers_24_31,v_proj,attention,4096,4096,16777216,5.264292667561676e-06,0.019742535427212715,0.015679804608225822,0.1328125,6.020069122314453e-06,1.2593743801116943,1.5086426734924316,1.262040376663208,1.336830735206604,0.004727355505110609,0.521733531549136,0.40045242407359183,13.0,0.8437658697366714,sparse_bf16,6.414316885638982e-05,0.1645676894123466,0.4056694336677914,0.06689453125,0.038263065012870356,0.08695476101642573,0.2948809268440835,1.50506591796875,0.6633507048285459
192,model.layers.27.self_attn.v_proj,27,layers_24_31,v_proj,attention,4096,4096,16777216,5.264292667561676e-06,0.019742535427212715,0.015679804608225822,0.1328125,6.020069122314453e-06,1.2593743801116943,1.5086426734924316,1.262040376663208,1.336830735206604,0.004727355505110609,0.521733531549136,0.40045242407359183,13.0,0.8437658697366714,sparse_nvfp4,0.00010807015496538952,0.2772681177773882,0.5265625487797135,0.08837890625,0.07508903503185138,0.1706436505792835,0.413090366117734,2.0029296875,0.6633507048285459
192,model.layers.27.self_attn.v_proj,27,layers_24_31,v_proj,attention,4096,4096,16777216,5.264292667561676e-06,0.019742535427212715,0.015679804608225822,0.1328125,6.020069122314453e-06,1.2593743801116943,1.5086426734924316,1.262040376663208,1.336830735206604,0.004727355505110609,0.521733531549136,0.40045242407359183,13.0,0.8437658697366714,marlin_nvfp4,2.898914544857689e-06,0.007437544433128669,0.0862411991633272,0.0146484375,0.003021048998562037,0.006865487477297308,0.08285823723262105,0.37109375,0.6633507048285459
193,model.layers.27.self_attn.o_proj,27,layers_24_31,o_proj,attention,4096,4096,16777216,-6.7729274633165915e-06,0.019708488136529922,0.0156413521617651,0.6328125,3.516674041748047e-05,1.2595208883285522,5.20425271987915,1.2569953203201294,1.5783051252365112,-0.0008640486379789536,0.13700898108140497,0.05900646565714851,7.46875,0.15041688084602356,dense_nvfp4,2.8941078653588193e-06,0.007450889189020905,0.08631853328816996,0.048828125,0.0002034783514091032,0.006237266972548551,0.07897636970986037,0.640625,0.18061837822113436
193,model.layers.27.self_attn.o_proj,27,layers_24_31,o_proj,attention,4096,4096,16777216,-6.7729274633165915e-06,0.019708488136529922,0.0156413521617651,0.6328125,3.516674041748047e-05,1.2595208883285522,5.20425271987915,1.2569953203201294,1.5783051252365112,-0.0008640486379789536,0.13700898108140497,0.05900646565714851,7.46875,0.15041688084602356,sparse_bf16,6.95905473548919e-05,0.17916106830397108,0.42327422352887384,1.111328125,0.002589285828435095,0.07936995197939131,0.2817267328092798,4.0078125,0.18061837822113436
193,model.layers.27.self_attn.o_proj,27,layers_24_31,o_proj,attention,4096,4096,16777216,-6.7729274633165915e-06,0.019708488136529922,0.0156413521617651,0.6328125,3.516674041748047e-05,1.2595208883285522,5.20425271987915,1.2569953203201294,1.5783051252365112,-0.0008640486379789536,0.13700898108140497,0.05900646565714851,7.46875,0.15041688084602356,sparse_nvfp4,0.00012432508810888976,0.3200753040349272,0.5657519810260739,1.001953125,0.005383830408391077,0.16503174593028438,0.4062409948913137,4.17578125,0.18061837822113436
193,model.layers.27.self_attn.o_proj,27,layers_24_31,o_proj,attention,4096,4096,16777216,-6.7729274633165915e-06,0.019708488136529922,0.0156413521617651,0.6328125,3.516674041748047e-05,1.2595208883285522,5.20425271987915,1.2569953203201294,1.5783051252365112,-0.0008640486379789536,0.13700898108140497,0.05900646565714851,7.46875,0.15041688084602356,marlin_nvfp4,2.8941078653588193e-06,0.007450889189020905,0.08631853328816996,0.048828125,0.0002034783514091032,0.006237266972548551,0.07897636970986037,0.640625,0.18061837822113436
194,model.layers.27.mlp.gate_proj,27,layers_24_31,gate_proj,mlp,4096,11008,45088768,-1.4081206245464273e-05,0.02014518529176712,0.0159324761480093,0.6328125,0.00012040692672599107,1.2782220840454102,2.5815329551696777,2.113511562347412,2.2244303226470947,0.0025268708245675953,0.4115321453287021,0.32467211270704865,10.8125,0.8085892386734486,dense_nvfp4,3.0097634894340192e-06,0.007416341135826648,0.08611818121527327,0.024658203125,0.0020767185948031065,0.003967873406385991,0.06299105814626384,0.453125,0.7234523337300239
194,model.layers.27.mlp.gate_proj,27,layers_24_31,gate_proj,mlp,4096,11008,45088768,-1.4081206245464273e-05,0.02014518529176712,0.0159324761480093,0.6328125,0.00012040692672599107,1.2782220840454102,2.5815329551696777,2.113511562347412,2.2244303226470947,0.0025268708245675953,0.4115321453287021,0.32467211270704865,10.8125,0.8085892386734486,sparse_bf16,6.748224218744177e-05,0.1662826100554013,0.40777764781238474,0.09765625,0.027245208707659743,0.052055940247796834,0.22815770915705835,2.03125,0.7234523337300239
194,model.layers.27.mlp.gate_proj,27,layers_24_31,gate_proj,mlp,4096,11008,45088768,-1.4081206245464273e-05,0.02014518529176712,0.0159324761480093,0.6328125,0.00012040692672599107,1.2782220840454102,2.5815329551696777,2.113511562347412,2.2244303226470947,0.0025268708245675953,0.4115321453287021,0.32467211270704865,10.8125,0.8085892386734486,sparse_nvfp4,0.00011376462616892748,0.28032676980117704,0.5294589406187953,0.16455078125,0.055157671617560605,0.10538676685284848,0.3246332805687804,2.6796875,0.7234523337300239
194,model.layers.27.mlp.gate_proj,27,layers_24_31,gate_proj,mlp,4096,11008,45088768,-1.4081206245464273e-05,0.02014518529176712,0.0159324761480093,0.6328125,0.00012040692672599107,1.2782220840454102,2.5815329551696777,2.113511562347412,2.2244303226470947,0.0025268708245675953,0.4115321453287021,0.32467211270704865,10.8125,0.8085892386734486,marlin_nvfp4,3.0097634894340192e-06,0.007416341135826648,0.08611818121527327,0.024658203125,0.0020767185948031065,0.003967873406385991,0.06299105814626384,0.453125,0.7234523337300239
195,model.layers.27.mlp.up_proj,27,layers_24_31,up_proj,mlp,4096,11008,45088768,-2.899485934904078e-06,0.01880904659628868,0.014991339296102524,0.345703125,7.651572559552733e-06,1.2031060457229614,1.536600112915039,1.973082423210144,2.026638984680176,0.0025268708245675953,0.4115321453287021,0.32467211270704865,10.8125,0.8188196271657944,dense_nvfp4,2.6215053621008126e-06,0.007409982668579854,0.08608125619773363,0.014404296875,0.0018023806948994482,0.005452970058420408,0.07384422833519494,0.27276611328125,0.5749190602418257
195,model.layers.27.mlp.up_proj,27,layers_24_31,up_proj,mlp,4096,11008,45088768,-2.899485934904078e-06,0.01880904659628868,0.014991339296102524,0.345703125,7.651572559552733e-06,1.2031060457229614,1.536600112915039,1.973082423210144,2.026638984680176,0.0025268708245675953,0.4115321453287021,0.32467211270704865,10.8125,0.8188196271657944,sparse_bf16,5.855435115653415e-05,0.16551052441569303,0.40682984700694347,0.070068359375,0.023485359389248284,0.071053225283218,0.26655810864278356,1.40625,0.5749190602418257
195,model.layers.27.mlp.up_proj,27,layers_24_31,up_proj,mlp,4096,11008,45088768,-2.899485934904078e-06,0.01880904659628868,0.014991339296102524,0.345703125,7.651572559552733e-06,1.2031060457229614,1.536600112915039,1.973082423210144,2.026638984680176,0.0025268708245675953,0.4115321453287021,0.32467211270704865,10.8125,0.8188196271657944,sparse_nvfp4,9.866985817288243e-05,0.27890156150066814,0.5281113154446401,0.1044921875,0.04663703194277924,0.14109690561890917,0.3756286805063069,1.6328125,0.5749190602418257
195,model.layers.27.mlp.up_proj,27,layers_24_31,up_proj,mlp,4096,11008,45088768,-2.899485934904078e-06,0.01880904659628868,0.014991339296102524,0.345703125,7.651572559552733e-06,1.2031060457229614,1.536600112915039,1.973082423210144,2.026638984680176,0.0025268708245675953,0.4115321453287021,0.32467211270704865,10.8125,0.8188196271657944,marlin_nvfp4,2.6215053621008126e-06,0.007409982668579854,0.08608125619773363,0.014404296875,0.0018023806948994482,0.005452970058420408,0.07384422833519494,0.27276611328125,0.5749190602418257
196,model.layers.27.mlp.down_proj,27,layers_24_31,down_proj,mlp,11008,4096,45088768,4.988928139937343e-06,0.018730103969573975,0.01491865050047636,0.76171875,1.0179918717767578e-05,1.9639849662780762,3.4182302951812744,1.197460651397705,1.5893715620040894,-0.0003751994174498852,0.17674014311286618,0.09244403286382209,49.0,0.3279017293175986,dense_nvfp4,2.6716284188550225e-06,0.0076154512203961,0.08726655270145658,0.031494140625,0.000822342069568549,0.007078475238730876,0.08413367482007948,0.59375,0.34084458259596967
196,model.layers.27.mlp.down_proj,27,layers_24_31,down_proj,mlp,11008,4096,45088768,4.988928139937343e-06,0.018730103969573975,0.01491865050047636,0.76171875,1.0179918717767578e-05,1.9639849662780762,3.4182302951812744,1.197460651397705,1.5893715620040894,-0.0003751994174498852,0.17674014311286618,0.09244403286382209,49.0,0.3279017293175986,sparse_bf16,5.8489180234975594e-05,0.1667228480790402,0.4083170925629249,0.07568359375,0.010542922238528263,0.09075032978483238,0.3012479539927738,1.2890625,0.34084458259596967
196,model.layers.27.mlp.down_proj,27,layers_24_31,down_proj,mlp,11008,4096,45088768,4.988928139937343e-06,0.018730103969573975,0.01491865050047636,0.76171875,1.0179918717767578e-05,1.9639849662780762,3.4182302951812744,1.197460651397705,1.5893715620040894,-0.0003751994174498852,0.17674014311286618,0.09244403286382209,49.0,0.3279017293175986,sparse_nvfp4,9.928747665050418e-05,0.2830180012653783,0.5319943620616465,0.08447265625,0.02060324866033625,0.1773466187326663,0.4211254192430876,1.7158203125,0.34084458259596967
196,model.layers.27.mlp.down_proj,27,layers_24_31,down_proj,mlp,11008,4096,45088768,4.988928139937343e-06,0.018730103969573975,0.01491865050047636,0.76171875,1.0179918717767578e-05,1.9639849662780762,3.4182302951812744,1.197460651397705,1.5893715620040894,-0.0003751994174498852,0.17674014311286618,0.09244403286382209,49.0,0.3279017293175986,marlin_nvfp4,2.6716284188550225e-06,0.0076154512203961,0.08726655270145658,0.031494140625,0.000822342069568549,0.007078475238730876,0.08413367482007948,0.59375,0.34084458259596967
197,model.layers.28.self_attn.q_proj,28,layers_24_31,q_proj,attention,4096,4096,16777216,2.05754963644722e-06,0.021936306729912758,0.017029013484716415,0.76953125,0.0001423358917236328,1.371978998184204,2.524259567260742,1.3999574184417725,7.160640716552734,0.0043182559534216125,0.5302874066048459,0.4073204160667956,13.25,0.8335386142134666,dense_nvfp4,3.579536951292539e-06,0.007438747470357978,0.08624817372187064,0.0255126953125,0.003971442129113711,0.0021530315520740338,0.046400771028874445,0.5,1.358153703035605
197,model.layers.28.self_attn.q_proj,28,layers_24_31,q_proj,attention,4096,4096,16777216,2.05754963644722e-06,0.021936306729912758,0.017029013484716415,0.76953125,0.0001423358917236328,1.371978998184204,2.524259567260742,1.3999574184417725,7.160640716552734,0.0043182559534216125,0.5302874066048459,0.4073204160667956,13.25,0.8335386142134666,sparse_bf16,7.911106513347477e-05,0.16440317383131445,0.405466612474214,0.0986328125,0.05057127741747536,0.02741612552033135,0.16557815532349474,2.5625,1.358153703035605
197,model.layers.28.self_attn.q_proj,28,layers_24_31,q_proj,attention,4096,4096,16777216,2.05754963644722e-06,0.021936306729912758,0.017029013484716415,0.76953125,0.0001423358917236328,1.371978998184204,2.524259567260742,1.3999574184417725,7.160640716552734,0.0043182559534216125,0.5302874066048459,0.4073204160667956,13.25,0.8335386142134666,sparse_nvfp4,0.0001344418415101245,0.2793877873177388,0.5285714590457365,0.10205078125,0.10534498223569244,0.05711050626759121,0.23897804557655752,3.84375,1.358153703035605
197,model.layers.28.self_attn.q_proj,28,layers_24_31,q_proj,attention,4096,4096,16777216,2.05754963644722e-06,0.021936306729912758,0.017029013484716415,0.76953125,0.0001423358917236328,1.371978998184204,2.524259567260742,1.3999574184417725,7.160640716552734,0.0043182559534216125,0.5302874066048459,0.4073204160667956,13.25,0.8335386142134666,marlin_nvfp4,3.579536951292539e-06,0.007438747470357978,0.08624817372187064,0.0255126953125,0.003971442129113711,0.0021530315520740338,0.046400771028874445,0.5,1.358153703035605
198,model.layers.28.self_attn.k_proj,28,layers_24_31,k_proj,attention,4096,4096,16777216,-9.97676579572726e-06,0.022196603938937187,0.017227092757821083,0.369140625,0.0001354217529296875,1.3848748207092285,2.9930050373077393,1.4192172288894653,2.626647472381592,0.0043182559534216125,0.5302874066048459,0.4073204160667956,13.25,0.832074586302042,dense_nvfp4,3.662657718450646e-06,0.007434011721030248,0.08622071515030624,0.0205078125,0.004083052523128572,0.0016832892293579694,0.0410279079329908,0.5625,1.5574464064580353
198,model.layers.28.self_attn.k_proj,28,layers_24_31,k_proj,attention,4096,4096,16777216,-9.97676579572726e-06,0.022196603938937187,0.017227092757821083,0.369140625,0.0001354217529296875,1.3848748207092285,2.9930050373077393,1.4192172288894653,2.626647472381592,0.0043182559534216125,0.5302874066048459,0.4073204160667956,13.25,0.832074586302042,sparse_bf16,8.141266880556941e-05,0.16524141229253986,0.4064989696082142,0.091796875,0.05207688137306832,0.02146934261004073,0.14652420486063295,2.75,1.5574464064580353
198,model.layers.28.self_attn.k_proj,28,layers_24_31,k_proj,attention,4096,4096,16777216,-9.97676579572726e-06,0.022196603938937187,0.017227092757821083,0.369140625,0.0001354217529296875,1.3848748207092285,2.9930050373077393,1.4192172288894653,2.626647472381592,0.0043182559534216125,0.5302874066048459,0.4073204160667956,13.25,0.832074586302042,sparse_nvfp4,0.0001380736503051594,0.2802448969127765,0.529381617467755,0.11669921875,0.10938436380820349,0.04509506561954277,0.21235598795311322,4.625,1.5574464064580353
198,model.layers.28.self_attn.k_proj,28,layers_24_31,k_proj,attention,4096,4096,16777216,-9.97676579572726e-06,0.022196603938937187,0.017227092757821083,0.369140625,0.0001354217529296875,1.3848748207092285,2.9930050373077393,1.4192172288894653,2.626647472381592,0.0043182559534216125,0.5302874066048459,0.4073204160667956,13.25,0.832074586302042,marlin_nvfp4,3.662657718450646e-06,0.007434011721030248,0.08622071515030624,0.0205078125,0.004083052523128572,0.0016832892293579694,0.0410279079329908,0.5625,1.5574464064580353
199,model.layers.28.self_attn.v_proj,28,layers_24_31,v_proj,attention,4096,4096,16777216,-1.0751443824119633e-06,0.020370036363601685,0.016137316823005676,0.1669921875,1.3113021850585938e-05,1.2966065406799316,1.7117217779159546,1.3020647764205933,1.3823566436767578,0.0043182559534216125,0.5302874066048459,0.4073204160667956,13.25,0.8418904803693295,dense_nvfp4,3.0881114980729762e-06,0.007442338191800016,0.08626898742769626,0.0166015625,0.0033380210643372266,0.006800109499007843,0.08246277644493813,0.4140625,0.7006265382764193
199,model.layers.28.self_attn.v_proj,28,layers_24_31,v_proj,attention,4096,4096,16777216,-1.0751443824119633e-06,0.020370036363601685,0.016137316823005676,0.1669921875,1.3113021850585938e-05,1.2966065406799316,1.7117217779159546,1.3020647764205933,1.3823566436767578,0.0043182559534216125,0.5302874066048459,0.4073204160667956,13.25,0.8418904803693295,sparse_bf16,6.809624755987898e-05,0.16411172467360816,0.40510705334961544,0.0732421875,0.042320093169109896,0.08621313706877429,0.2936207367826297,1.64453125,0.7006265382764193
199,model.layers.28.self_attn.v_proj,28,layers_24_31,v_proj,attention,4096,4096,16777216,-1.0751443824119633e-06,0.020370036363601685,0.016137316823005676,0.1669921875,1.3113021850585938e-05,1.2966065406799316,1.7117217779159546,1.3020647764205933,1.3823566436767578,0.0043182559534216125,0.5302874066048459,0.4073204160667956,13.25,0.8418904803693295,sparse_nvfp4,0.00011524807632667944,0.2777474713956266,0.5270175247519067,0.07763671875,0.08316814049612731,0.16942746954019783,0.41161568184436054,2.2734375,0.7006265382764193
199,model.layers.28.self_attn.v_proj,28,layers_24_31,v_proj,attention,4096,4096,16777216,-1.0751443824119633e-06,0.020370036363601685,0.016137316823005676,0.1669921875,1.3113021850585938e-05,1.2966065406799316,1.7117217779159546,1.3020647764205933,1.3823566436767578,0.0043182559534216125,0.5302874066048459,0.4073204160667956,13.25,0.8418904803693295,marlin_nvfp4,3.0881114980729762e-06,0.007442338191800016,0.08626898742769626,0.0166015625,0.0033380210643372266,0.006800109499007843,0.08246277644493813,0.4140625,0.7006265382764193
200,model.layers.28.self_attn.o_proj,28,layers_24_31,o_proj,attention,4096,4096,16777216,1.5617437156834058e-06,0.020281251519918442,0.01607154682278633,0.78125,5.793571472167969e-05,1.2959617376327515,5.595685005187988,1.2917958498001099,1.5745142698287964,-0.00026968241053282327,0.1500065063388041,0.06746419070987031,6.75,0.17442754283547401,dense_nvfp4,3.072138497373089e-06,0.007468807583978194,0.0864222632426286,0.05859375,0.00027037129734708287,0.005478694784505172,0.07401820576388739,0.703125,0.22214765803013117
200,model.layers.28.self_attn.o_proj,28,layers_24_31,o_proj,attention,4096,4096,16777216,1.5617437156834058e-06,0.020281251519918442,0.01607154682278633,0.78125,5.793571472167969e-05,1.2959617376327515,5.595685005187988,1.2917958498001099,1.5745142698287964,-0.00026968241053282327,0.1500065063388041,0.06746419070987031,6.75,0.17442754283547401,sparse_bf16,8.58305356814526e-05,0.20866629430368844,0.4568000594392348,0.33984375,0.0035284513542137574,0.07149911333559571,0.26739318116884675,2.25,0.22214765803013117
200,model.layers.28.self_attn.o_proj,28,layers_24_31,o_proj,attention,4096,4096,16777216,1.5617437156834058e-06,0.020281251519918442,0.01607154682278633,0.78125,5.793571472167969e-05,1.2959617376327515,5.595685005187988,1.2917958498001099,1.5745142698287964,-0.00026968241053282327,0.1500065063388041,0.06746419070987031,6.75,0.17442754283547401,sparse_nvfp4,0.00016660225810483098,0.405033890856562,0.6364227296825294,0.44140625,0.008294704835861921,0.16808054911579115,0.4099762787232831,3.53515625,0.22214765803013117
200,model.layers.28.self_attn.o_proj,28,layers_24_31,o_proj,attention,4096,4096,16777216,1.5617437156834058e-06,0.020281251519918442,0.01607154682278633,0.78125,5.793571472167969e-05,1.2959617376327515,5.595685005187988,1.2917958498001099,1.5745142698287964,-0.00026968241053282327,0.1500065063388041,0.06746419070987031,6.75,0.17442754283547401,marlin_nvfp4,3.072138497373089e-06,0.007468807583978194,0.0864222632426286,0.05859375,0.00027037129734708287,0.005478694784505172,0.07401820576388739,0.703125,0.22214765803013117
201,model.layers.28.mlp.gate_proj,28,layers_24_31,gate_proj,mlp,4096,11008,45088768,-2.0639353692786244e-07,0.020058395341038704,0.015836087986826897,0.3984375,0.00016077174223028123,1.270593523979187,2.6975467205047607,2.1043808460235596,2.208524227142334,0.0026937706676335438,0.4214966972757568,0.332028730539605,11.75,0.8134148605167866,dense_nvfp4,2.984937583637792e-06,0.007418958028488032,0.08613337348837576,0.02001953125,0.0021521428892345624,0.003825019690074387,0.061846743568876664,0.46875,0.7500992196917939
201,model.layers.28.mlp.gate_proj,28,layers_24_31,gate_proj,mlp,4096,11008,45088768,-2.0639353692786244e-07,0.020058395341038704,0.015836087986826897,0.3984375,0.00016077174223028123,1.270593523979187,2.6975467205047607,2.1043808460235596,2.208524227142334,0.0026937706676335438,0.4214966972757568,0.332028730539605,11.75,0.8134148605167866,sparse_bf16,6.689582301606966e-05,0.16626722982680894,0.40775878877935784,0.10693359375,0.028359926630591236,0.05040431019413298,0.2245090425665144,2.125,0.7500992196917939
201,model.layers.28.mlp.gate_proj,28,layers_24_31,gate_proj,mlp,4096,11008,45088768,-2.0639353692786244e-07,0.020058395341038704,0.015836087986826897,0.3984375,0.00016077174223028123,1.270593523979187,2.6975467205047607,2.1043808460235596,2.208524227142334,0.0026937706676335438,0.4214966972757568,0.332028730539605,11.75,0.8134148605167866,sparse_nvfp4,0.00011337983833495961,0.2818016250975299,0.5308499082580027,0.1298828125,0.057720990375030874,0.10258794888549987,0.3202935355037623,3.1328125,0.7500992196917939
201,model.layers.28.mlp.gate_proj,28,layers_24_31,gate_proj,mlp,4096,11008,45088768,-2.0639353692786244e-07,0.020058395341038704,0.015836087986826897,0.3984375,0.00016077174223028123,1.270593523979187,2.6975467205047607,2.1043808460235596,2.208524227142334,0.0026937706676335438,0.4214966972757568,0.332028730539605,11.75,0.8134148605167866,marlin_nvfp4,2.984937583637792e-06,0.007418958028488032,0.08613337348837576,0.02001953125,0.0021521428892345624,0.003825019690074387,0.061846743568876664,0.46875,0.7500992196917939
202,model.layers.28.mlp.up_proj,28,layers_24_31,up_proj,mlp,4096,11008,45088768,-2.807175405905582e-06,0.01899278163909912,0.015132203698158264,0.376953125,1.0468239452166017e-05,1.2145956754684448,2.330195665359497,1.9923851490020752,2.039402723312378,0.0026937706676335438,0.4214966972757568,0.332028730539605,11.75,0.8216346576809883,dense_nvfp4,2.6742694222606547e-06,0.007413580584834661,0.08610215203370158,0.0142822265625,0.0019219034245822491,0.0047109551611363345,0.06863639822380203,0.375,0.6387211467471942
202,model.layers.28.mlp.up_proj,28,layers_24_31,up_proj,mlp,4096,11008,45088768,-2.807175405905582e-06,0.01899278163909912,0.015132203698158264,0.376953125,1.0468239452166017e-05,1.2145956754684448,2.330195665359497,1.9923851490020752,2.039402723312378,0.0026937706676335438,0.4214966972757568,0.332028730539605,11.75,0.8216346576809883,sparse_bf16,5.97228036197119e-05,0.16556290615352764,0.4068942198576033,0.1171875,0.02515031966965559,0.06164827365232791,0.24829070391846714,2.28125,0.6387211467471942
202,model.layers.28.mlp.up_proj,28,layers_24_31,up_proj,mlp,4096,11008,45088768,-2.807175405905582e-06,0.01899278163909912,0.015132203698158264,0.376953125,1.0468239452166017e-05,1.2145956754684448,2.330195665359497,1.9923851490020752,2.039402723312378,0.0026937706676335438,0.4214966972757568,0.332028730539605,11.75,0.8216346576809883,sparse_nvfp4,0.00010126292012458624,0.28071996499316243,0.5298301284309551,0.11767578125,0.050460403200325576,0.12368815927432202,0.3516932744229295,3.34375,0.6387211467471942
202,model.layers.28.mlp.up_proj,28,layers_24_31,up_proj,mlp,4096,11008,45088768,-2.807175405905582e-06,0.01899278163909912,0.015132203698158264,0.376953125,1.0468239452166017e-05,1.2145956754684448,2.330195665359497,1.9923851490020752,2.039402723312378,0.0026937706676335438,0.4214966972757568,0.332028730539605,11.75,0.8216346576809883,marlin_nvfp4,2.6742694222606547e-06,0.007413580584834661,0.08610215203370158,0.0142822265625,0.0019219034245822491,0.0047109551611363345,0.06863639822380203,0.375,0.6387211467471942
203,model.layers.28.mlp.down_proj,28,layers_24_31,down_proj,mlp,11008,4096,45088768,-1.1943961908400524e-06,0.018844280391931534,0.014999748207628727,1.0,1.6123749446705915e-05,1.975988507270813,3.55086350440979,1.2042522430419922,1.68643319606781,0.00041340474994877845,0.19414758862275502,0.10196940245669942,40.25,0.3488700029461883,dense_nvfp4,2.72434679276938e-06,0.007671906387986682,0.08758941938377421,0.039306640625,0.0009796094259399979,0.007089835845705391,0.08420116297121669,0.31640625,0.37171354579359184
203,model.layers.28.mlp.down_proj,28,layers_24_31,down_proj,mlp,11008,4096,45088768,-1.1943961908400524e-06,0.018844280391931534,0.014999748207628727,1.0,1.6123749446705915e-05,1.975988507270813,3.55086350440979,1.2042522430419922,1.68643319606781,0.00041340474994877845,0.19414758862275502,0.10196940245669942,40.25,0.3488700029461883,sparse_bf16,6.01160220888465e-05,0.1692899358876928,0.4114485823133831,0.07763671875,0.01199906235706294,0.08684214357403473,0.2946899108792745,1.06640625,0.37171354579359184
203,model.layers.28.mlp.down_proj,28,layers_24_31,down_proj,mlp,11008,4096,45088768,-1.1943961908400524e-06,0.018844280391931534,0.014999748207628727,1.0,1.6123749446705915e-05,1.975988507270813,3.55086350440979,1.2042522430419922,1.68643319606781,0.00041340474994877845,0.19414758862275502,0.10196940245669942,40.25,0.3488700029461883,sparse_nvfp4,0.00010269059431414272,0.2891822100606968,0.5377566457615347,0.08740234375,0.023578928434289992,0.17065039146223024,0.41309852512715445,1.7578125,0.37171354579359184
203,model.layers.28.mlp.down_proj,28,layers_24_31,down_proj,mlp,11008,4096,45088768,-1.1943961908400524e-06,0.018844280391931534,0.014999748207628727,1.0,1.6123749446705915e-05,1.975988507270813,3.55086350440979,1.2042522430419922,1.68643319606781,0.00041340474994877845,0.19414758862275502,0.10196940245669942,40.25,0.3488700029461883,marlin_nvfp4,2.72434679276938e-06,0.007671906387986682,0.08758941938377421,0.039306640625,0.0009796094259399979,0.007089835845705391,0.08420116297121669,0.31640625,0.37171354579359184
204,model.layers.29.self_attn.q_proj,29,layers_24_31,q_proj,attention,4096,4096,16777216,2.470820618327707e-06,0.02136852592229843,0.01646469533443451,0.81640625,0.00022470951080322266,1.3276925086975098,2.4660441875457764,1.3624939918518066,7.508930206298828,0.004502773748072286,0.5126126026606059,0.39262409158982337,14.1875,0.8329578228294849,dense_nvfp4,3.39481493938365e-06,0.007434759512888409,0.08622505153891419,0.032470703125,0.003534074554409017,0.0020356406753955607,0.04511807481925133,0.5,1.3176112475332984
204,model.layers.29.self_attn.q_proj,29,layers_24_31,q_proj,attention,4096,4096,16777216,2.470820618327707e-06,0.02136852592229843,0.01646469533443451,0.81640625,0.00022470951080322266,1.3276925086975098,2.4660441875457764,1.3624939918518066,7.508930206298828,0.004502773748072286,0.5126126026606059,0.39262409158982337,14.1875,0.8329578228294849,sparse_bf16,7.53357817302458e-05,0.16498790946805483,0.4061870375431186,0.25,0.044263058342039585,0.02549569359425415,0.1596737097779536,2.75,1.3176112475332984
204,model.layers.29.self_attn.q_proj,29,layers_24_31,q_proj,attention,4096,4096,16777216,2.470820618327707e-06,0.02136852592229843,0.01646469533443451,0.81640625,0.00022470951080322266,1.3276925086975098,2.4660441875457764,1.3624939918518066,7.508930206298828,0.004502773748072286,0.5126126026606059,0.39262409158982337,14.1875,0.8329578228294849,sparse_nvfp4,0.0001282714947592467,0.2809189110222513,0.5300178402867693,0.212890625,0.09336153214098886,0.05377660528025503,0.23189783371186337,3.9375,1.3176112475332984
204,model.layers.29.self_attn.q_proj,29,layers_24_31,q_proj,attention,4096,4096,16777216,2.470820618327707e-06,0.02136852592229843,0.01646469533443451,0.81640625,0.00022470951080322266,1.3276925086975098,2.4660441875457764,1.3624939918518066,7.508930206298828,0.004502773748072286,0.5126126026606059,0.39262409158982337,14.1875,0.8329578228294849,marlin_nvfp4,3.39481493938365e-06,0.007434759512888409,0.08622505153891419,0.032470703125,0.003534074554409017,0.0020356406753955607,0.04511807481925133,0.5,1.3176112475332984
205,model.layers.29.self_attn.k_proj,29,layers_24_31,k_proj,attention,4096,4096,16777216,-3.243279707021429e-06,0.021554186940193176,0.0165889710187912,0.3671875,0.00022172927856445312,1.334580659866333,2.6913342475891113,1.377299427986145,2.8862979412078857,0.004502773748072286,0.5126126026606059,0.39262409158982337,14.1875,0.8321958035230637,dense_nvfp4,3.452329792708042e-06,0.007431030185495812,0.08620342328176887,0.017578125,0.0036014621655340306,0.001511019441188647,0.03887183351976913,0.5625,1.5438475122426982
205,model.layers.29.self_attn.k_proj,29,layers_24_31,k_proj,attention,4096,4096,16777216,-3.243279707021429e-06,0.021554186940193176,0.0165889710187912,0.3671875,0.00022172927856445312,1.334580659866333,2.6913342475891113,1.377299427986145,2.8862979412078857,0.004502773748072286,0.5126126026606059,0.39262409158982337,14.1875,0.8321958035230637,sparse_bf16,7.682667637709528e-05,0.16536697983354953,0.4066533902890145,0.1484375,0.04553452550317161,0.01910433877080318,0.138218445841368,2.53125,1.5438475122426982
205,model.layers.29.self_attn.k_proj,29,layers_24_31,k_proj,attention,4096,4096,16777216,-3.243279707021429e-06,0.021554186940193176,0.0165889710187912,0.3671875,0.00022172927856445312,1.334580659866333,2.6913342475891113,1.377299427986145,2.8862979412078857,0.004502773748072286,0.5126126026606059,0.39262409158982337,14.1875,0.8321958035230637,sparse_nvfp4,0.00013095272879581898,0.28187158787963223,0.5309158011206977,0.130859375,0.09678929700748995,0.040608648031045795,0.20151587538217874,4.625,1.5438475122426982
205,model.layers.29.self_attn.k_proj,29,layers_24_31,k_proj,attention,4096,4096,16777216,-3.243279707021429e-06,0.021554186940193176,0.0165889710187912,0.3671875,0.00022172927856445312,1.334580659866333,2.6913342475891113,1.377299427986145,2.8862979412078857,0.004502773748072286,0.5126126026606059,0.39262409158982337,14.1875,0.8321958035230637,marlin_nvfp4,3.452329792708042e-06,0.007431030185495812,0.08620342328176887,0.017578125,0.0036014621655340306,0.001511019441188647,0.03887183351976913,0.5625,1.5438475122426982
206,model.layers.29.self_attn.v_proj,29,layers_24_31,v_proj,attention,4096,4096,16777216,2.3285269890038762e-07,0.02044980600476265,0.01622752845287323,0.130859375,8.52346420288086e-06,1.3039897680282593,1.6238124370574951,1.3069019317626953,1.4722486734390259,0.004502773748072286,0.5126126026606059,0.39262409158982337,14.1875,0.8353320434689522,dense_nvfp4,3.1112920169107383e-06,0.007439819785469539,0.08625438994897326,0.013427734375,0.003123858312392258,0.007174089690537031,0.08469999817318198,0.36328125,0.6598758931018213
206,model.layers.29.self_attn.v_proj,29,layers_24_31,v_proj,attention,4096,4096,16777216,2.3285269890038762e-07,0.02044980600476265,0.01622752845287323,0.130859375,8.52346420288086e-06,1.3039897680282593,1.6238124370574951,1.3069019317626953,1.4722486734390259,0.004502773748072286,0.5126126026606059,0.39262409158982337,14.1875,0.8353320434689522,sparse_bf16,6.869049684610218e-05,0.1642548866296357,0.40528371128091945,0.0634765625,0.03951599000720307,0.09075035682554425,0.3012479988739249,1.6640625,0.6598758931018213
206,model.layers.29.self_attn.v_proj,29,layers_24_31,v_proj,attention,4096,4096,16777216,2.3285269890038762e-07,0.02044980600476265,0.01622752845287323,0.130859375,8.52346420288086e-06,1.3039897680282593,1.6238124370574951,1.3069019317626953,1.4722486734390259,0.004502773748072286,0.5126126026606059,0.39262409158982337,14.1875,0.8353320434689522,sparse_nvfp4,0.00011669128434732556,0.2790358864935794,0.5282384750220107,0.07470703125,0.07753552054055035,0.17806402305564537,0.42197632997082357,2.359375,0.6598758931018213
206,model.layers.29.self_attn.v_proj,29,layers_24_31,v_proj,attention,4096,4096,16777216,2.3285269890038762e-07,0.02044980600476265,0.01622752845287323,0.130859375,8.52346420288086e-06,1.3039897680282593,1.6238124370574951,1.3069019317626953,1.4722486734390259,0.004502773748072286,0.5126126026606059,0.39262409158982337,14.1875,0.8353320434689522,marlin_nvfp4,3.1112920169107383e-06,0.007439819785469539,0.08625438994897326,0.013427734375,0.003123858312392258,0.007174089690537031,0.08469999817318198,0.36328125,0.6598758931018213
207,model.layers.29.self_attn.o_proj,29,layers_24_31,o_proj,attention,4096,4096,16777216,-8.717274795344565e-07,0.020520171150565147,0.016281578689813614,0.6328125,5.97834587097168e-05,1.3105785846710205,6.396273136138916,1.3094340562820435,1.4857070446014404,0.0006316412758451406,0.1497614621788122,0.07428697706200182,6.1875,0.2049333155155182,dense_nvfp4,3.1430154194822535e-06,0.007464222175529492,0.08639573007695167,0.0625,0.0002740840046726589,0.00498247001293138,0.07058661355335996,0.65625,0.23454139224584183
207,model.layers.29.self_attn.o_proj,29,layers_24_31,o_proj,attention,4096,4096,16777216,-8.717274795344565e-07,0.020520171150565147,0.016281578689813614,0.6328125,5.97834587097168e-05,1.3105785846710205,6.396273136138916,1.3094340562820435,1.4857070446014404,0.0006316412758451406,0.1497614621788122,0.07428697706200182,6.1875,0.2049333155155182,sparse_bf16,8.401006925851107e-05,0.19951216848641598,0.44666785029417105,0.4375,0.003407067395528429,0.061935796474262506,0.2488690347838849,2.875,0.23454139224584183
207,model.layers.29.self_attn.o_proj,29,layers_24_31,o_proj,attention,4096,4096,16777216,-8.717274795344565e-07,0.020520171150565147,0.016281578689813614,0.6328125,5.97834587097168e-05,1.3105785846710205,6.396273136138916,1.3094340562820435,1.4857070446014404,0.0006316412758451406,0.1497614621788122,0.07428697706200182,6.1875,0.2049333155155182,sparse_nvfp4,0.00015649913984816521,0.3716635759612002,0.6096421704255703,0.82177734375,0.008036994910071371,0.14610150702277488,0.3822322684216691,4.701171875,0.23454139224584183
207,model.layers.29.self_attn.o_proj,29,layers_24_31,o_proj,attention,4096,4096,16777216,-8.717274795344565e-07,0.020520171150565147,0.016281578689813614,0.6328125,5.97834587097168e-05,1.3105785846710205,6.396273136138916,1.3094340562820435,1.4857070446014404,0.0006316412758451406,0.1497614621788122,0.07428697706200182,6.1875,0.2049333155155182,marlin_nvfp4,3.1430154194822535e-06,0.007464222175529492,0.08639573007695167,0.0625,0.0002740840046726589,0.00498247001293138,0.07058661355335996,0.65625,0.23454139224584183
208,model.layers.29.mlp.gate_proj,29,layers_24_31,gate_proj,mlp,4096,11008,45088768,-1.2868612202510121e-06,0.02011108584702015,0.015835687518119812,0.46484375,0.0002164397155866027,1.2707310914993286,5.138270854949951,2.1098859310150146,2.236375570297241,0.003113133088390896,0.4285944992628542,0.33713028533384204,12.4375,0.8158464357256889,dense_nvfp4,3.0008391043994316e-06,0.007419448676690396,0.08613622162998791,0.041015625,0.002235892426417491,0.003574685007567925,0.05978866955843661,0.875,0.7908726609280377
208,model.layers.29.mlp.gate_proj,29,layers_24_31,gate_proj,mlp,4096,11008,45088768,-1.2868612202510121e-06,0.02011108584702015,0.015835687518119812,0.46484375,0.0002164397155866027,1.2707310914993286,5.138270854949951,2.1098859310150146,2.236375570297241,0.003113133088390896,0.4285944992628542,0.33713028533384204,12.4375,0.8158464357256889,sparse_bf16,6.713329944326434e-05,0.16598426386338117,0.4074116638774363,0.1865234375,0.029304848767297213,0.04685180838746781,0.21645278558491182,3.1875,0.7908726609280377
208,model.layers.29.mlp.gate_proj,29,layers_24_31,gate_proj,mlp,4096,11008,45088768,-1.2868612202510121e-06,0.02011108584702015,0.015835687518119812,0.46484375,0.0002164397155866027,1.2707310914993286,5.138270854949951,2.1098859310150146,2.236375570297241,0.003113133088390896,0.4285944992628542,0.33713028533384204,12.4375,0.8158464357256889,sparse_nvfp4,0.00011399897291909817,0.28185767358491615,0.5309026969086861,0.1787109375,0.05976876555833706,0.09555670372950921,0.3091224736726678,5.96875,0.7908726609280377
208,model.layers.29.mlp.gate_proj,29,layers_24_31,gate_proj,mlp,4096,11008,45088768,-1.2868612202510121e-06,0.02011108584702015,0.015835687518119812,0.46484375,0.0002164397155866027,1.2707310914993286,5.138270854949951,2.1098859310150146,2.236375570297241,0.003113133088390896,0.4285944992628542,0.33713028533384204,12.4375,0.8158464357256889,marlin_nvfp4,3.0008391043994316e-06,0.007419448676690396,0.08613622162998791,0.041015625,0.002235892426417491,0.003574685007567925,0.05978866955843661,0.875,0.7908726609280377
209,model.layers.29.mlp.up_proj,29,layers_24_31,up_proj,mlp,4096,11008,45088768,-4.699327007529064e-07,0.019167322665452957,0.015250509604811668,0.546875,4.837125015910715e-05,1.2242337465286255,6.924015998840332,2.010751962661743,2.1643781661987305,0.003113133088390896,0.4285944992628542,0.33713028533384204,12.4375,0.8222486898303032,dense_nvfp4,2.7258038455836994e-06,0.007419450357469796,0.08613623138650656,0.044921875,0.002027487426963743,0.0038848856877675654,0.06232885116675556,1.1875,0.7224203358849958
209,model.layers.29.mlp.up_proj,29,layers_24_31,up_proj,mlp,4096,11008,45088768,-4.699327007529064e-07,0.019167322665452957,0.015250509604811668,0.546875,4.837125015910715e-05,1.2242337465286255,6.924015998840332,2.010751962661743,2.1643781661987305,0.003113133088390896,0.4285944992628542,0.33713028533384204,12.4375,0.8222486898303032,sparse_bf16,6.0737382100765096e-05,0.16532297144910743,0.40659927625256226,0.2021484375,0.026399908847240514,0.050585087076274654,0.22491128712511219,4.6875,0.7224203358849958
209,model.layers.29.mlp.up_proj,29,layers_24_31,up_proj,mlp,4096,11008,45088768,-4.699327007529064e-07,0.019167322665452957,0.015250509604811668,0.546875,4.837125015910715e-05,1.2242337465286255,6.924015998840332,2.010751962661743,2.1643781661987305,0.003113133088390896,0.4285944992628542,0.33713028533384204,12.4375,0.8222486898303032,sparse_nvfp4,0.00010314605437045874,0.28075645692935824,0.5298645647043764,0.2523193359375,0.05330578019019476,0.10213965314018922,0.3195929491402919,7.203125,0.7224203358849958
209,model.layers.29.mlp.up_proj,29,layers_24_31,up_proj,mlp,4096,11008,45088768,-4.699327007529064e-07,0.019167322665452957,0.015250509604811668,0.546875,4.837125015910715e-05,1.2242337465286255,6.924015998840332,2.010751962661743,2.1643781661987305,0.003113133088390896,0.4285944992628542,0.33713028533384204,12.4375,0.8222486898303032,marlin_nvfp4,2.7258038455836994e-06,0.007419450357469796,0.08613623138650656,0.044921875,0.002027487426963743,0.0038848856877675654,0.06232885116675556,1.1875,0.7224203358849958
210,model.layers.29.mlp.down_proj,29,layers_24_31,down_proj,mlp,11008,4096,45088768,3.3375883958797203e-06,0.01890966296195984,0.01503340620547533,0.984375,2.86102294921875e-05,1.9829286336898804,3.4092421531677246,1.2073543071746826,2.6661765575408936,0.00021583694465228945,0.22319504305103172,0.11560750778677852,53.75,0.37445507908976355,dense_nvfp4,2.7657603590510957e-06,0.0077347624408865764,0.08794749820709272,0.03564453125,0.0012474269860831555,0.006809419794132778,0.08251920863733958,0.3984375,0.4280086174621195
210,model.layers.29.mlp.down_proj,29,layers_24_31,down_proj,mlp,11008,4096,45088768,3.3375883958797203e-06,0.01890966296195984,0.01503340620547533,0.984375,2.86102294921875e-05,1.9829286336898804,3.4092421531677246,1.2073543071746826,2.6661765575408936,0.00021583694465228945,0.22319504305103172,0.11560750778677852,53.75,0.37445507908976355,sparse_bf16,6.119630754340527e-05,0.17114241281195913,0.4136936219135595,0.08203125,0.013764518495008815,0.07513737135904133,0.27411196865339776,1.388671875,0.4280086174621195
210,model.layers.29.mlp.down_proj,29,layers_24_31,down_proj,mlp,11008,4096,45088768,3.3375883958797203e-06,0.01890966296195984,0.01503340620547533,0.984375,2.86102294921875e-05,1.9829286336898804,3.4092421531677246,1.2073543071746826,2.6661765575408936,0.00021583694465228945,0.22319504305103172,0.11560750778677852,53.75,0.37445507908976355,sparse_nvfp4,0.0001043995495798976,0.29196517778319553,0.5403380217819171,0.10614013671875,0.027135251264553517,0.14812515613422828,0.3848703107986225,1.6796875,0.4280086174621195
210,model.layers.29.mlp.down_proj,29,layers_24_31,down_proj,mlp,11008,4096,45088768,3.3375883958797203e-06,0.01890966296195984,0.01503340620547533,0.984375,2.86102294921875e-05,1.9829286336898804,3.4092421531677246,1.2073543071746826,2.6661765575408936,0.00021583694465228945,0.22319504305103172,0.11560750778677852,53.75,0.37445507908976355,marlin_nvfp4,2.7657603590510957e-06,0.0077347624408865764,0.08794749820709272,0.03564453125,0.0012474269860831555,0.006809419794132778,0.08251920863733958,0.3984375,0.4280086174621195
211,model.layers.30.self_attn.q_proj,30,layers_24_31,q_proj,attention,4096,4096,16777216,-3.823563474725233e-06,0.021505482494831085,0.01671917364001274,0.81640625,0.00020104646682739258,1.3500810861587524,2.497380495071411,1.3696086406707764,8.855459213256836,0.004439243463025377,0.5205943750846487,0.4050940521992743,13.0,0.8365291655063629,dense_nvfp4,3.4350684927630937e-06,0.007427403668863104,0.08618238607083877,0.026123046875,0.0037442891389218858,0.0019919696989872835,0.04463148775234009,0.5,1.3710185319694816
211,model.layers.30.self_attn.q_proj,30,layers_24_31,q_proj,attention,4096,4096,16777216,-3.823563474725233e-06,0.021505482494831085,0.01671917364001274,0.81640625,0.00020104646682739258,1.3500810861587524,2.497380495071411,1.3696086406707764,8.855459213256836,0.004439243463025377,0.5205943750846487,0.4050940521992743,13.0,0.8365291655063629,sparse_bf16,7.591193570988253e-05,0.16413896578479872,0.4051406740686483,0.10546875,0.047437322355108336,0.025236755289597103,0.15886080476189557,2.625,1.3710185319694816
211,model.layers.30.self_attn.q_proj,30,layers_24_31,q_proj,attention,4096,4096,16777216,-3.823563474725233e-06,0.021505482494831085,0.01671917364001274,0.81640625,0.00020104646682739258,1.3500810861587524,2.497380495071411,1.3696086406707764,8.855459213256836,0.004439243463025377,0.5205943750846487,0.4050940521992743,13.0,0.8365291655063629,sparse_nvfp4,0.00012957431317772716,0.2801692982583103,0.5293102098564794,0.1787109375,0.10040270024910569,0.05341444775557808,0.23111565882816787,4.21875,1.3710185319694816
211,model.layers.30.self_attn.q_proj,30,layers_24_31,q_proj,attention,4096,4096,16777216,-3.823563474725233e-06,0.021505482494831085,0.01671917364001274,0.81640625,0.00020104646682739258,1.3500810861587524,2.497380495071411,1.3696086406707764,8.855459213256836,0.004439243463025377,0.5205943750846487,0.4050940521992743,13.0,0.8365291655063629,marlin_nvfp4,3.4350684927630937e-06,0.007427403668863104,0.08618238607083877,0.026123046875,0.0037442891389218858,0.0019919696989872835,0.04463148775234009,0.5,1.3710185319694816
212,model.layers.30.self_attn.k_proj,30,layers_24_31,k_proj,attention,4096,4096,16777216,-5.785212579212384e-06,0.02179570309817791,0.0169743150472641,0.369140625,0.0001429915428161621,1.3651968240737915,2.383049488067627,1.392872929573059,3.0836639404296875,0.004439243463025377,0.5205943750846487,0.4050940521992743,13.0,0.8341780491173267,dense_nvfp4,3.5277114420750877e-06,0.007425937262255734,0.08617387807366994,0.01806640625,0.0038496589313581353,0.001592176980828771,0.0399020924367228,0.5625,1.5549465196100962
212,model.layers.30.self_attn.k_proj,30,layers_24_31,k_proj,attention,4096,4096,16777216,-5.785212579212384e-06,0.02179570309817791,0.0169743150472641,0.369140625,0.0001429915428161621,1.3651968240737915,2.383049488067627,1.392872929573059,3.0836639404296875,0.004439243463025377,0.5205943750846487,0.4050940521992743,13.0,0.8341780491173267,sparse_bf16,7.87054086686112e-05,0.16567722064861137,0.40703466762502105,0.0859375,0.04937416722532362,0.020420617489876343,0.14290072599492398,2.8125,1.5549465196100962
212,model.layers.30.self_attn.k_proj,30,layers_24_31,k_proj,attention,4096,4096,16777216,-5.785212579212384e-06,0.02179570309817791,0.0169743150472641,0.369140625,0.0001429915428161621,1.3651968240737915,2.383049488067627,1.392872929573059,3.0836639404296875,0.004439243463025377,0.5205943750846487,0.4050940521992743,13.0,0.8341780491173267,sparse_nvfp4,0.00013431996922008693,0.2827475208430769,0.5317400876773134,0.143096923828125,0.105681108427234,0.04370855474382227,0.2090659100471004,4.3125,1.5549465196100962
212,model.layers.30.self_attn.k_proj,30,layers_24_31,k_proj,attention,4096,4096,16777216,-5.785212579212384e-06,0.02179570309817791,0.0169743150472641,0.369140625,0.0001429915428161621,1.3651968240737915,2.383049488067627,1.392872929573059,3.0836639404296875,0.004439243463025377,0.5205943750846487,0.4050940521992743,13.0,0.8341780491173267,marlin_nvfp4,3.5277114420750877e-06,0.007425937262255734,0.08617387807366994,0.01806640625,0.0038496589313581353,0.001592176980828771,0.0399020924367228,0.5625,1.5549465196100962
213,model.layers.30.self_attn.v_proj,30,layers_24_31,v_proj,attention,4096,4096,16777216,-4.944350621371996e-06,0.020928451791405678,0.01662401854991913,0.5,9.5367431640625e-06,1.335670828819275,1.5831493139266968,1.3380110263824463,1.8158081769943237,0.004439243463025377,0.5205943750846487,0.4050940521992743,13.0,0.8371991589665413,dense_nvfp4,3.2551693038840313e-06,0.007431890624988579,0.08620841388744244,0.0206298828125,0.003470246270808275,0.00637312978961332,0.07983188454253927,0.3857421875,0.7379106299029592
213,model.layers.30.self_attn.v_proj,30,layers_24_31,v_proj,attention,4096,4096,16777216,-4.944350621371996e-06,0.020928451791405678,0.01662401854991913,0.5,9.5367431640625e-06,1.335670828819275,1.5831493139266968,1.3380110263824463,1.8158081769943237,0.004439243463025377,0.5205943750846487,0.4050940521992743,13.0,0.8371991589665413,sparse_bf16,7.208443275885656e-05,0.16457626931691274,0.4056800085250846,0.06640625,0.043907384417252615,0.08063619633208917,0.28396513224705805,1.59375,0.7379106299029592
213,model.layers.30.self_attn.v_proj,30,layers_24_31,v_proj,attention,4096,4096,16777216,-4.944350621371996e-06,0.020928451791405678,0.01662401854991913,0.5,9.5367431640625e-06,1.335670828819275,1.5831493139266968,1.3380110263824463,1.8158081769943237,0.004439243463025377,0.5205943750846487,0.4050940521992743,13.0,0.8371991589665413,sparse_nvfp4,0.00012262344534974545,0.27996209991633647,0.5291144487881014,0.07861328125,0.08665644266875461,0.15914511914611923,0.39892996772130224,2.46875,0.7379106299029592
213,model.layers.30.self_attn.v_proj,30,layers_24_31,v_proj,attention,4096,4096,16777216,-4.944350621371996e-06,0.020928451791405678,0.01662401854991913,0.5,9.5367431640625e-06,1.335670828819275,1.5831493139266968,1.3380110263824463,1.8158081769943237,0.004439243463025377,0.5205943750846487,0.4050940521992743,13.0,0.8371991589665413,marlin_nvfp4,3.2551693038840313e-06,0.007431890624988579,0.08620841388744244,0.0206298828125,0.003470246270808275,0.00637312978961332,0.07983188454253927,0.3857421875,0.7379106299029592
214,model.layers.30.self_attn.o_proj,30,layers_24_31,o_proj,attention,4096,4096,16777216,-8.546699973521754e-06,0.021033266559243202,0.016680952161550522,0.625,8.821487426757812e-05,1.3434975147247314,6.222022533416748,1.3426170349121094,1.7489073276519775,1.0877380134388659e-06,0.1638829367589881,0.07264568025129847,8.0625,0.17944802716374397,dense_nvfp4,3.304757910882472e-06,0.007470095255367321,0.08642971280391554,0.068359375,0.0003397295013201074,0.005111521644926235,0.07149490642644575,0.75,0.2578051143933072
214,model.layers.30.self_attn.o_proj,30,layers_24_31,o_proj,attention,4096,4096,16777216,-8.546699973521754e-06,0.021033266559243202,0.016680952161550522,0.625,8.821487426757812e-05,1.3434975147247314,6.222022533416748,1.3426170349121094,1.7489073276519775,1.0877380134388659e-06,0.1638829367589881,0.07264568025129847,8.0625,0.17944802716374397,sparse_bf16,8.079490362433717e-05,0.18262930069236322,0.4273514954839438,0.4384765625,0.004187240547253168,0.06300062433974604,0.25099925167168535,3.96875,0.2578051143933072
214,model.layers.30.self_attn.o_proj,30,layers_24_31,o_proj,attention,4096,4096,16777216,-8.546699973521754e-06,0.021033266559243202,0.016680952161550522,0.625,8.821487426757812e-05,1.3434975147247314,6.222022533416748,1.3426170349121094,1.7489073276519775,1.0877380134388659e-06,0.1638829367589881,0.07264568025129847,8.0625,0.17944802716374397,sparse_nvfp4,0.00015073998656589538,0.3407335994966545,0.5837239069086125,0.66796875,0.009256709894543746,0.13927513743406172,0.3731958432700741,4.765625,0.2578051143933072
214,model.layers.30.self_attn.o_proj,30,layers_24_31,o_proj,attention,4096,4096,16777216,-8.546699973521754e-06,0.021033266559243202,0.016680952161550522,0.625,8.821487426757812e-05,1.3434975147247314,6.222022533416748,1.3426170349121094,1.7489073276519775,1.0877380134388659e-06,0.1638829367589881,0.07264568025129847,8.0625,0.17944802716374397,marlin_nvfp4,3.304757910882472e-06,0.007470095255367321,0.08642971280391554,0.068359375,0.0003397295013201074,0.005111521644926235,0.07149490642644575,0.75,0.2578051143933072
215,model.layers.30.mlp.gate_proj,30,layers_24_31,gate_proj,mlp,4096,11008,45088768,-1.4086025146298198e-07,0.02057371661067009,0.01605411246418953,0.796875,0.00032138824462890625,1.2886227369308472,15.769981384277344,2.158297061920166,2.5785975456237793,0.0030688576057400496,0.4305646850859439,0.3381622205488384,17.0,0.8135041259229183,dense_nvfp4,3.1427202778760084e-06,0.0074247220300261195,0.08616682673759153,0.08984375,0.002353461043703435,0.00252900876838166,0.050289251022277714,2.5,0.9646690374966733
215,model.layers.30.mlp.gate_proj,30,layers_24_31,gate_proj,mlp,4096,11008,45088768,-1.4086025146298198e-07,0.02057371661067009,0.01605411246418953,0.796875,0.00032138824462890625,1.2886227369308472,15.769981384277344,2.158297061920166,2.5785975456237793,0.0030688576057400496,0.4305646850859439,0.3381622205488384,17.0,0.8135041259229183,sparse_bf16,7.077463534335758e-05,0.16720609781919138,0.4089084222893818,0.5625,0.030455699472060036,0.03272742976481677,0.1809072407749805,13.25,0.9646690374966733
215,model.layers.30.mlp.gate_proj,30,layers_24_31,gate_proj,mlp,4096,11008,45088768,-1.4086025146298198e-07,0.02057371661067009,0.01605411246418953,0.796875,0.00032138824462890625,1.2886227369308472,15.769981384277344,2.158297061920166,2.5785975456237793,0.0030688576057400496,0.4305646850859439,0.3381622205488384,17.0,0.8135041259229183,sparse_nvfp4,0.00012037997285640517,0.28439942387903505,0.5332911248830559,0.658203125,0.06586722895329775,0.07078035135425992,0.26604576928464757,22.0,0.9646690374966733
215,model.layers.30.mlp.gate_proj,30,layers_24_31,gate_proj,mlp,4096,11008,45088768,-1.4086025146298198e-07,0.02057371661067009,0.01605411246418953,0.796875,0.00032138824462890625,1.2886227369308472,15.769981384277344,2.158297061920166,2.5785975456237793,0.0030688576057400496,0.4305646850859439,0.3381622205488384,17.0,0.8135041259229183,marlin_nvfp4,3.1427202778760084e-06,0.0074247220300261195,0.08616682673759153,0.08984375,0.002353461043703435,0.00252900876838166,0.050289251022277714,2.5,0.9646690374966733
216,model.layers.30.mlp.up_proj,30,layers_24_31,up_proj,mlp,4096,11008,45088768,-2.5965337613342854e-07,0.019491324201226234,0.015370471403002739,0.77734375,0.0001514789619250223,1.2340583801269531,16.070621490478516,2.044727087020874,2.21136212348938,0.0030688576057400496,0.4305646850859439,0.3381622205488384,17.0,0.8216921240091324,dense_nvfp4,2.8211919883222773e-06,0.007425915208623703,0.08617375011349862,0.087890625,0.0021136325193828968,0.002500000821179549,0.050000008211794816,2.75,0.9194850352484059
216,model.layers.30.mlp.up_proj,30,layers_24_31,up_proj,mlp,4096,11008,45088768,-2.5965337613342854e-07,0.019491324201226234,0.015370471403002739,0.77734375,0.0001514789619250223,1.2340583801269531,16.070621490478516,2.044727087020874,2.21136212348938,0.0030688576057400496,0.4305646850859439,0.3381622205488384,17.0,0.8216921240091324,sparse_bf16,6.341159365378147e-05,0.16691140470617638,0.4085479221660249,0.52734375,0.027256634974375714,0.03223909984050839,0.179552498842284,12.5,0.9194850352484059
216,model.layers.30.mlp.up_proj,30,layers_24_31,up_proj,mlp,4096,11008,45088768,-2.5965337613342854e-07,0.019491324201226234,0.015370471403002739,0.77734375,0.0001514789619250223,1.2340583801269531,16.070621490478516,2.044727087020874,2.21136212348938,0.0030688576057400496,0.4305646850859439,0.3381622205488384,17.0,0.8216921240091324,sparse_nvfp4,0.00010795878289743911,0.28416810027145756,0.5330741977168446,0.798828125,0.05841864372581937,0.06909746890598759,0.262863974150106,20.25,0.9194850352484059
216,model.layers.30.mlp.up_proj,30,layers_24_31,up_proj,mlp,4096,11008,45088768,-2.5965337613342854e-07,0.019491324201226234,0.015370471403002739,0.77734375,0.0001514789619250223,1.2340583801269531,16.070621490478516,2.044727087020874,2.21136212348938,0.0030688576057400496,0.4305646850859439,0.3381622205488384,17.0,0.8216921240091324,marlin_nvfp4,2.8211919883222773e-06,0.007425915208623703,0.08617375011349862,0.087890625,0.0021136325193828968,0.002500000821179549,0.050000008211794816,2.75,0.9194850352484059
217,model.layers.30.mlp.down_proj,30,layers_24_31,down_proj,mlp,11008,4096,45088768,-1.262138312085881e-06,0.018797477707266808,0.014892780221998692,1.3046875,6.547084922203794e-05,1.9707874059677124,3.633051872253418,1.1981550455093384,1.7641123533248901,0.0018477501654943322,0.6667568313472465,0.14521934100708297,1344.0,0.41701275387475656,dense_nvfp4,2.7785484467871316e-06,0.00786355339036768,0.08867667895432078,0.039794921875,0.005406596968896338,0.0011935194884096804,0.03454735139500104,5.0,2.1283705494519456
217,model.layers.30.mlp.down_proj,30,layers_24_31,down_proj,mlp,11008,4096,45088768,-1.262138312085881e-06,0.018797477707266808,0.014892780221998692,1.3046875,6.547084922203794e-05,1.9707874059677124,3.633051872253418,1.1981550455093384,1.7641123533248901,0.0018477501654943322,0.6667568313472465,0.14521934100708297,1344.0,0.41701275387475656,sparse_bf16,6.170841583678888e-05,0.1746406196835248,0.41790025087755667,0.08056640625,0.015838906743738335,0.0034964773558133636,0.05913101855890328,16.0,2.1283705494519456
217,model.layers.30.mlp.down_proj,30,layers_24_31,down_proj,mlp,11008,4096,45088768,-1.262138312085881e-06,0.018797477707266808,0.014892780221998692,1.3046875,6.547084922203794e-05,1.9707874059677124,3.633051872253418,1.1981550455093384,1.7641123533248901,0.0018477501654943322,0.6667568313472465,0.14521934100708297,1344.0,0.41701275387475656,sparse_nvfp4,0.00010484955165275307,0.29673409089947855,0.5447330455365074,0.1318359375,0.03615982634073589,0.007982369997885718,0.0893441100346616,16.0,2.1283705494519456
217,model.layers.30.mlp.down_proj,30,layers_24_31,down_proj,mlp,11008,4096,45088768,-1.262138312085881e-06,0.018797477707266808,0.014892780221998692,1.3046875,6.547084922203794e-05,1.9707874059677124,3.633051872253418,1.1981550455093384,1.7641123533248901,0.0018477501654943322,0.6667568313472465,0.14521934100708297,1344.0,0.41701275387475656,marlin_nvfp4,2.7785484467871316e-06,0.00786355339036768,0.08867667895432078,0.039794921875,0.005406596968896338,0.0011935194884096804,0.03454735139500104,5.0,2.1283705494519456
218,model.layers.31.self_attn.q_proj,31,layers_24_31,q_proj,attention,4096,4096,16777216,2.961260634037899e-06,0.021762821823358536,0.016912205144762993,0.66796875,0.00024819374084472656,1.3633366823196411,2.7016212940216064,1.3874183893203735,5.43641996383667,0.003972293097376678,0.43025534094584583,0.3357203823979944,14.25,0.8034873306751251,dense_nvfp4,3.515550588417682e-06,0.0074227178450168565,0.0861551962740313,0.02685546875,0.0026346996364736697,0.0016213054951925445,0.04026543797343504,0.5,1.2747737983349947
218,model.layers.31.self_attn.q_proj,31,layers_24_31,q_proj,attention,4096,4096,16777216,2.961260634037899e-06,0.021762821823358536,0.016912205144762993,0.66796875,0.00024819374084472656,1.3633366823196411,2.7016212940216064,1.3874183893203735,5.43641996383667,0.003972293097376678,0.43025534094584583,0.3357203823979944,14.25,0.8034873306751251,sparse_bf16,7.971042941790074e-05,0.16830024543623848,0.4102441290697997,0.10302734375,0.033001775154843926,0.020308181877335588,0.14250677835575257,2.4375,1.2747737983349947
218,model.layers.31.self_attn.q_proj,31,layers_24_31,q_proj,attention,4096,4096,16777216,2.961260634037899e-06,0.021762821823358536,0.016912205144762993,0.66796875,0.00024819374084472656,1.3633366823196411,2.7016212940216064,1.3874183893203735,5.43641996383667,0.003972293097376678,0.43025534094584583,0.3357203823979944,14.25,0.8034873306751251,sparse_nvfp4,0.00013674364890903234,0.2887199308961277,0.5373266519503083,0.199462890625,0.07210761518217623,0.044372599867423264,0.21064804738573598,3.96875,1.2747737983349947
218,model.layers.31.self_attn.q_proj,31,layers_24_31,q_proj,attention,4096,4096,16777216,2.961260634037899e-06,0.021762821823358536,0.016912205144762993,0.66796875,0.00024819374084472656,1.3633366823196411,2.7016212940216064,1.3874183893203735,5.43641996383667,0.003972293097376678,0.43025534094584583,0.3357203823979944,14.25,0.8034873306751251,marlin_nvfp4,3.515550588417682e-06,0.0074227178450168565,0.0861551962740313,0.02685546875,0.0026346996364736697,0.0016213054951925445,0.04026543797343504,0.5,1.2747737983349947
219,model.layers.31.self_attn.k_proj,31,layers_24_31,k_proj,attention,4096,4096,16777216,-9.337515621155035e-06,0.022556962445378304,0.01741167902946472,0.404296875,0.00030994415283203125,1.402419090270996,3.2625818252563477,1.4397070407867432,3.7716970443725586,0.003972293097376678,0.43025534094584583,0.3357203823979944,14.25,0.7981494516134262,dense_nvfp4,3.777451183850644e-06,0.007423992437313274,0.08616259302802623,0.0224609375,0.002834454369804007,0.0012318360483582883,0.035097521968912394,0.5625,1.5169046422147048
219,model.layers.31.self_attn.k_proj,31,layers_24_31,k_proj,attention,4096,4096,16777216,-9.337515621155035e-06,0.022556962445378304,0.01741167902946472,0.404296875,0.00030994415283203125,1.402419090270996,3.2625818252563477,1.4397070407867432,3.7716970443725586,0.003972293097376678,0.43025534094584583,0.3357203823979944,14.25,0.7981494516134262,sparse_bf16,8.59872016008012e-05,0.16899446301761137,0.4110893613529927,0.1708984375,0.035776762073510326,0.015548355861779144,0.1246930465654727,2.875,1.5169046422147048
219,model.layers.31.self_attn.k_proj,31,layers_24_31,k_proj,attention,4096,4096,16777216,-9.337515621155035e-06,0.022556962445378304,0.01741167902946472,0.404296875,0.00030994415283203125,1.402419090270996,3.2625818252563477,1.4397070407867432,3.7716970443725586,0.003972293097376678,0.43025534094584583,0.3357203823979944,14.25,0.7981494516134262,sparse_nvfp4,0.0001474219316150993,0.2897348641019223,0.538270251919909,0.28369140625,0.07962156739085913,0.03460303259199442,0.18601890385655545,4.5625,1.5169046422147048
219,model.layers.31.self_attn.k_proj,31,layers_24_31,k_proj,attention,4096,4096,16777216,-9.337515621155035e-06,0.022556962445378304,0.01741167902946472,0.404296875,0.00030994415283203125,1.402419090270996,3.2625818252563477,1.4397070407867432,3.7716970443725586,0.003972293097376678,0.43025534094584583,0.3357203823979944,14.25,0.7981494516134262,marlin_nvfp4,3.777451183850644e-06,0.007423992437313274,0.08616259302802623,0.0224609375,0.002834454369804007,0.0012318360483582883,0.035097521968912394,0.5625,1.5169046422147048
220,model.layers.31.self_attn.v_proj,31,layers_24_31,v_proj,attention,4096,4096,16777216,-2.0660629616031656e-06,0.019074469804763794,0.015089989639818668,0.390625,2.300739288330078e-05,1.214354395866394,1.6488755941390991,1.2189302444458008,1.8703632354736328,0.003972293097376678,0.43025534094584583,0.3357203823979944,14.25,0.8236860521137714,dense_nvfp4,2.7040932764066383e-06,0.007432187998198586,0.08621013860445062,0.01611328125,0.001982049615435244,0.006513589880136399,0.08070681433519972,0.31591796875,0.5516289568975683
220,model.layers.31.self_attn.v_proj,31,layers_24_31,v_proj,attention,4096,4096,16777216,-2.0660629616031656e-06,0.019074469804763794,0.015089989639818668,0.390625,2.300739288330078e-05,1.214354395866394,1.6488755941390991,1.2189302444458008,1.8703632354736328,0.003972293097376678,0.43025534094584583,0.3357203823979944,14.25,0.8236860521137714,sparse_bf16,6.056330312276259e-05,0.16645796153836925,0.4079925998573617,0.06591796875,0.024232712676166557,0.07963572194486693,0.28219801903072766,1.6875,0.5516289568975683
220,model.layers.31.self_attn.v_proj,31,layers_24_31,v_proj,attention,4096,4096,16777216,-2.0660629616031656e-06,0.019074469804763794,0.015089989639818668,0.390625,2.300739288330078e-05,1.214354395866394,1.6488755941390991,1.2189302444458008,1.8703632354736328,0.003972293097376678,0.43025534094584583,0.3357203823979944,14.25,0.8236860521137714,sparse_nvfp4,0.00010358791041653603,0.28471089783534337,0.5335830749146222,0.08843994140625,0.048279987735440955,0.15866204209909293,0.39832404157807616,2.625,0.5516289568975683
220,model.layers.31.self_attn.v_proj,31,layers_24_31,v_proj,attention,4096,4096,16777216,-2.0660629616031656e-06,0.019074469804763794,0.015089989639818668,0.390625,2.300739288330078e-05,1.214354395866394,1.6488755941390991,1.2189302444458008,1.8703632354736328,0.003972293097376678,0.43025534094584583,0.3357203823979944,14.25,0.8236860521137714,marlin_nvfp4,2.7040932764066383e-06,0.007432187998198586,0.08621013860445062,0.01611328125,0.001982049615435244,0.006513589880136399,0.08070681433519972,0.31591796875,0.5516289568975683
221,model.layers.31.self_attn.o_proj,31,layers_24_31,o_proj,attention,4096,4096,16777216,-8.427166903857142e-06,0.019266920164227486,0.015056902542710304,1.3125,0.00025647878646850586,1.2192237377166748,9.201462745666504,1.228921890258789,1.5981018543243408,0.0003376565556436617,0.19055641131513923,0.10534162929980084,11.3125,0.3275410905480385,dense_nvfp4,2.781146804409218e-06,0.007492025101910446,0.0865564850367114,0.1484375,0.0003838491404621891,0.0025050718042094362,0.05005069234495599,4.0,0.3914445013033196
221,model.layers.31.self_attn.o_proj,31,layers_24_31,o_proj,attention,4096,4096,16777216,-8.427166903857142e-06,0.019266920164227486,0.015056902542710304,1.3125,0.00025647878646850586,1.2192237377166748,9.201462745666504,1.228921890258789,1.5981018543243408,0.0003376565556436617,0.19055641131513923,0.10534162929980084,11.3125,0.3275410905480385,sparse_bf16,8.228224032791331e-05,0.22165698301176354,0.470804612351837,1.078125,0.004716062067018356,0.030777909510919167,0.1754363403372265,8.0,0.3914445013033196
221,model.layers.31.self_attn.o_proj,31,layers_24_31,o_proj,attention,4096,4096,16777216,-8.427166903857142e-06,0.019266920164227486,0.015056902542710304,1.3125,0.00025647878646850586,1.2192237377166748,9.201462745666504,1.228921890258789,1.5981018543243408,0.0003376565556436617,0.19055641131513923,0.10534162929980084,11.3125,0.3275410905480385,sparse_nvfp4,0.00013892991410102695,0.37425798674164584,0.6117662844106774,1.4375,0.010195841481618118,0.06653998230929072,0.25795344988832913,22.0,0.3914445013033196
221,model.layers.31.self_attn.o_proj,31,layers_24_31,o_proj,attention,4096,4096,16777216,-8.427166903857142e-06,0.019266920164227486,0.015056902542710304,1.3125,0.00025647878646850586,1.2192237377166748,9.201462745666504,1.228921890258789,1.5981018543243408,0.0003376565556436617,0.19055641131513923,0.10534162929980084,11.3125,0.3275410905480385,marlin_nvfp4,2.781146804409218e-06,0.007492025101910446,0.0865564850367114,0.1484375,0.0003838491404621891,0.0025050718042094362,0.05005069234495599,4.0,0.3914445013033196
222,model.layers.31.mlp.gate_proj,31,layers_24_31,gate_proj,mlp,4096,11008,45088768,-7.197043032647343e-07,0.021467192098498344,0.01687188632786274,0.380859375,0.0002318537444807589,1.3548074960708618,4.944279670715332,2.2513434886932373,3.0525388717651367,0.002416487576908821,0.39008232476206617,0.3063023660797626,17.75,0.7884681560099125,dense_nvfp4,3.4207336030640574e-06,0.0074228173872837545,0.08615577396369761,0.0263671875,0.0021019487013650496,0.0016458324601924222,0.04056886072090788,0.8125,1.130103564152959
222,model.layers.31.mlp.gate_proj,31,layers_24_31,gate_proj,mlp,4096,11008,45088768,-7.197043032647343e-07,0.021467192098498344,0.01687188632786274,0.380859375,0.0002318537444807589,1.3548074960708618,4.944279670715332,2.2513434886932373,3.0525388717651367,0.002416487576908821,0.39008232476206617,0.3063023660797626,17.75,0.7884681560099125,sparse_bf16,7.838363282729027e-05,0.17008848397540077,0.4124178511842095,0.2177734375,0.026513399523791184,0.02076007541857102,0.14408357095300983,3.890625,1.130103564152959
222,model.layers.31.mlp.gate_proj,31,layers_24_31,gate_proj,mlp,4096,11008,45088768,-7.197043032647343e-07,0.021467192098498344,0.01687188632786274,0.380859375,0.0002318537444807589,1.3548074960708618,4.944279670715332,2.2513434886932373,3.0525388717651367,0.002416487576908821,0.39008232476206617,0.3063023660797626,17.75,0.7884681560099125,sparse_nvfp4,0.0001338562754870847,0.2904612882431378,0.5389446059133887,0.3623046875,0.05825082927422468,0.04561058297492478,0.21356634326345708,4.6875,1.130103564152959
222,model.layers.31.mlp.gate_proj,31,layers_24_31,gate_proj,mlp,4096,11008,45088768,-7.197043032647343e-07,0.021467192098498344,0.01687188632786274,0.380859375,0.0002318537444807589,1.3548074960708618,4.944279670715332,2.2513434886932373,3.0525388717651367,0.002416487576908821,0.39008232476206617,0.3063023660797626,17.75,0.7884681560099125,marlin_nvfp4,3.4207336030640574e-06,0.0074228173872837545,0.08615577396369761,0.0263671875,0.0021019487013650496,0.0016458324601924222,0.04056886072090788,0.8125,1.130103564152959
223,model.layers.31.mlp.up_proj,31,layers_24_31,up_proj,mlp,4096,11008,45088768,-5.614606948256551e-07,0.020246833562850952,0.016019213944673538,0.75390625,0.00017223801114596426,1.2871036529541016,6.884098529815674,2.1236469745635986,2.652311325073242,0.002416487576908821,0.39008232476206617,0.3063023660797626,17.75,0.7995532006025314,dense_nvfp4,3.041350282728672e-06,0.007419115967233327,0.08613429031015074,0.0419921875,0.0018757097923933247,0.0014938756398272597,0.03865068744313948,1.03564453125,1.1205354485353236
223,model.layers.31.mlp.up_proj,31,layers_24_31,up_proj,mlp,4096,11008,45088768,-5.614606948256551e-07,0.020246833562850952,0.016019213944673538,0.75390625,0.00017223801114596426,1.2871036529541016,6.884098529815674,2.1236469745635986,2.652311325073242,0.002416487576908821,0.39008232476206617,0.3063023660797626,17.75,0.7995532006025314,sparse_bf16,6.948354069230168e-05,0.16949920209376682,0.4117028079741099,0.376953125,0.023435097675077444,0.018664465940171116,0.1366179561410985,4.5,1.1205354485353236
223,model.layers.31.mlp.up_proj,31,layers_24_31,up_proj,mlp,4096,11008,45088768,-5.614606948256551e-07,0.020246833562850952,0.016019213944673538,0.75390625,0.00017223801114596426,1.2871036529541016,6.884098529815674,2.1236469745635986,2.652311325073242,0.002416487576908821,0.39008232476206617,0.3063023660797626,17.75,0.7995532006025314,sparse_nvfp4,0.0001189080500152222,0.29006609909760833,0.5385778486881988,0.47265625,0.05033270917226409,0.040086589313486055,0.2002163562586385,6.625,1.1205354485353236
223,model.layers.31.mlp.up_proj,31,layers_24_31,up_proj,mlp,4096,11008,45088768,-5.614606948256551e-07,0.020246833562850952,0.016019213944673538,0.75390625,0.00017223801114596426,1.2871036529541016,6.884098529815674,2.1236469745635986,2.652311325073242,0.002416487576908821,0.39008232476206617,0.3063023660797626,17.75,0.7995532006025314,marlin_nvfp4,3.041350282728672e-06,0.007419115967233327,0.08613429031015074,0.0419921875,0.0018757097923933247,0.0014938756398272597,0.03865068744313948,1.03564453125,1.1205354485353236
224,model.layers.31.mlp.down_proj,31,layers_24_31,down_proj,mlp,11008,4096,45088768,1.5040778862385196e-06,0.018773792311549187,0.014782427810132504,1.7734375,0.00012151584815001115,1.966455101966858,7.5562310218811035,1.1927142143249512,1.7893575429916382,-0.000310320661599182,0.679108700088666,0.21850532639858333,91.5,0.4575092432110809,dense_nvfp4,2.839737558239248e-06,0.008057015691036586,0.08976088062756842,0.06005859375,0.007300976605620235,0.0017866709933093221,0.04226903113757544,3.0,2.021474117446527
224,model.layers.31.mlp.down_proj,31,layers_24_31,down_proj,mlp,11008,4096,45088768,1.5040778862385196e-06,0.018773792311549187,0.014782427810132504,1.7734375,0.00012151584815001115,1.966455101966858,7.5562310218811035,1.1927142143249512,1.7893575429916382,-0.000310320661599182,0.679108700088666,0.21850532639858333,91.5,0.4575092432110809,sparse_bf16,6.364659016388793e-05,0.18058062236898317,0.42494778781514225,0.1669921875,0.019973101225332357,0.0048877516712301046,0.06991245719634023,3.0,2.021474117446527
224,model.layers.31.mlp.down_proj,31,layers_24_31,down_proj,mlp,11008,4096,45088768,1.5040778862385196e-06,0.018773792311549187,0.014782427810132504,1.7734375,0.00012151584815001115,1.966455101966858,7.5562310218811035,1.1927142143249512,1.7893575429916382,-0.000310320661599182,0.679108700088666,0.21850532639858333,91.5,0.4575092432110809,sparse_nvfp4,0.00010044107126981712,0.2849753791146854,0.5338308525316661,0.23828125,0.04737886309158057,0.011594399619981988,0.10767729389236148,4.51953125,2.021474117446527
224,model.layers.31.mlp.down_proj,31,layers_24_31,down_proj,mlp,11008,4096,45088768,1.5040778862385196e-06,0.018773792311549187,0.014782427810132504,1.7734375,0.00012151584815001115,1.966455101966858,7.5562310218811035,1.1927142143249512,1.7893575429916382,-0.000310320661599182,0.679108700088666,0.21850532639858333,91.5,0.4575092432110809,marlin_nvfp4,2.839737558239248e-06,0.008057015691036586,0.08976088062756842,0.06005859375,0.007300976605620235,0.0017866709933093221,0.04226903113757544,3.0,2.021474117446527
