label,call_index,module,group,phase,token_count,module_type,latency_ms
manual,0,model.layers.0.self_attn.q_proj,self_attn.q_proj,prefill,16384,QwenManualHybridLinear,2.4145920276641846
manual,1,model.layers.0.self_attn.k_proj,self_attn.k_proj,prefill,16384,QwenManualHybridLinear,2.368191957473755
manual,2,model.layers.0.self_attn.v_proj,self_attn.v_proj,prefill,16384,QwenManualHybridLinear,2.3471999168395996
manual,3,model.layers.0.self_attn.o_proj,self_attn.o_proj,prefill,16384,QwenManualHybridLinear,2.4154880046844482
manual,4,model.layers.0.mlp.gate_proj,mlp.gate_proj,prefill,16384,QwenManualHybridLinear,6.453760147094727
manual,5,model.layers.0.mlp.up_proj,mlp.up_proj,prefill,16384,QwenHybridDenseNVFP4Linear,2.8323841094970703
manual,6,model.layers.0.mlp.down_proj,mlp.down_proj,prefill,16384,QwenManualHybridLinear,6.217472076416016
manual,7,model.layers.1.self_attn.q_proj,self_attn.q_proj,prefill,16384,QwenManualHybridLinear,2.411936044692993
manual,8,model.layers.1.self_attn.k_proj,self_attn.k_proj,prefill,16384,QwenManualHybridLinear,2.3682239055633545
manual,9,model.layers.1.self_attn.v_proj,self_attn.v_proj,prefill,16384,QwenManualHybridLinear,2.359424114227295
manual,10,model.layers.1.self_attn.o_proj,self_attn.o_proj,prefill,16384,QwenManualHybridLinear,2.4151360988616943
manual,11,model.layers.1.mlp.gate_proj,mlp.gate_proj,prefill,16384,QwenManualHybridLinear,6.45795202255249
manual,12,model.layers.1.mlp.up_proj,mlp.up_proj,prefill,16384,QwenHybridDenseNVFP4Linear,2.8323841094970703
manual,13,model.layers.1.mlp.down_proj,mlp.down_proj,prefill,16384,QwenManualHybridLinear,6.216544151306152
manual,14,model.layers.2.self_attn.q_proj,self_attn.q_proj,prefill,16384,QwenManualHybridLinear,2.4110400676727295
manual,15,model.layers.2.self_attn.k_proj,self_attn.k_proj,prefill,16384,QwenManualHybridLinear,2.366111993789673
manual,16,model.layers.2.self_attn.v_proj,self_attn.v_proj,prefill,16384,QwenManualHybridLinear,2.3616321086883545
manual,17,model.layers.2.self_attn.o_proj,self_attn.o_proj,prefill,16384,QwenManualHybridLinear,2.417664051055908
manual,18,model.layers.2.mlp.gate_proj,mlp.gate_proj,prefill,16384,QwenManualHybridLinear,6.460415840148926
manual,19,model.layers.2.mlp.up_proj,mlp.up_proj,prefill,16384,QwenHybridDenseNVFP4Linear,2.831360101699829
manual,20,model.layers.2.mlp.down_proj,mlp.down_proj,prefill,16384,QwenManualHybridLinear,6.219232082366943
manual,21,model.layers.3.self_attn.q_proj,self_attn.q_proj,prefill,16384,QwenManualHybridLinear,2.4111039638519287
manual,22,model.layers.3.self_attn.k_proj,self_attn.k_proj,prefill,16384,QwenManualHybridLinear,2.3685760498046875
manual,23,model.layers.3.self_attn.v_proj,self_attn.v_proj,prefill,16384,QwenManualHybridLinear,2.361567974090576
manual,24,model.layers.3.self_attn.o_proj,self_attn.o_proj,prefill,16384,QwenManualHybridLinear,2.4160959720611572
manual,25,model.layers.3.mlp.gate_proj,mlp.gate_proj,prefill,16384,QwenManualHybridLinear,6.460415840148926
manual,26,model.layers.3.mlp.up_proj,mlp.up_proj,prefill,16384,QwenHybridDenseNVFP4Linear,2.8262720108032227
manual,27,model.layers.3.mlp.down_proj,mlp.down_proj,prefill,16384,QwenManualHybridLinear,6.220416069030762
manual,28,model.layers.4.self_attn.q_proj,self_attn.q_proj,prefill,16384,QwenManualHybridLinear,2.411936044692993
manual,29,model.layers.4.self_attn.k_proj,self_attn.k_proj,prefill,16384,QwenManualHybridLinear,2.3650879859924316
manual,30,model.layers.4.self_attn.v_proj,self_attn.v_proj,prefill,16384,QwenManualHybridLinear,2.359391927719116
manual,31,model.layers.4.self_attn.o_proj,self_attn.o_proj,prefill,16384,QwenManualHybridLinear,2.420128107070923
manual,32,model.layers.4.mlp.gate_proj,mlp.gate_proj,prefill,16384,QwenManualHybridLinear,6.461984157562256
manual,33,model.layers.4.mlp.up_proj,mlp.up_proj,prefill,16384,QwenHybridDenseNVFP4Linear,2.8354880809783936
manual,34,model.layers.4.mlp.down_proj,mlp.down_proj,prefill,16384,QwenManualHybridLinear,6.2211198806762695
manual,35,model.layers.5.self_attn.q_proj,self_attn.q_proj,prefill,16384,QwenManualHybridLinear,2.411936044692993
manual,36,model.layers.5.self_attn.k_proj,self_attn.k_proj,prefill,16384,QwenManualHybridLinear,2.3621439933776855
manual,37,model.layers.5.self_attn.v_proj,self_attn.v_proj,prefill,16384,QwenManualHybridLinear,2.3594560623168945
manual,38,model.layers.5.self_attn.o_proj,self_attn.o_proj,prefill,16384,QwenManualHybridLinear,2.4172160625457764
manual,39,model.layers.5.mlp.gate_proj,mlp.gate_proj,prefill,16384,QwenManualHybridLinear,6.45798397064209
manual,40,model.layers.5.mlp.up_proj,mlp.up_proj,prefill,16384,QwenHybridDenseNVFP4Linear,2.835455894470215
manual,41,model.layers.5.mlp.down_proj,mlp.down_proj,prefill,16384,QwenManualHybridLinear,6.221759796142578
manual,42,model.layers.6.self_attn.q_proj,self_attn.q_proj,prefill,16384,QwenManualHybridLinear,2.411520004272461
manual,43,model.layers.6.self_attn.k_proj,self_attn.k_proj,prefill,16384,QwenManualHybridLinear,2.368096113204956
manual,44,model.layers.6.self_attn.v_proj,self_attn.v_proj,prefill,16384,QwenManualHybridLinear,2.3621439933776855
manual,45,model.layers.6.self_attn.o_proj,self_attn.o_proj,prefill,16384,QwenManualHybridLinear,2.417664051055908
manual,46,model.layers.6.mlp.gate_proj,mlp.gate_proj,prefill,16384,QwenManualHybridLinear,6.560768127441406
manual,47,model.layers.6.mlp.up_proj,mlp.up_proj,prefill,16384,QwenHybridDenseNVFP4Linear,2.820096015930176
manual,48,model.layers.6.mlp.down_proj,mlp.down_proj,prefill,16384,QwenManualHybridLinear,6.314176082611084
manual,49,model.layers.7.self_attn.q_proj,self_attn.q_proj,prefill,16384,QwenManualHybridLinear,2.4484479427337646
manual,50,model.layers.7.self_attn.k_proj,self_attn.k_proj,prefill,16384,QwenManualHybridLinear,2.405440092086792
manual,51,model.layers.7.self_attn.v_proj,self_attn.v_proj,prefill,16384,QwenManualHybridLinear,2.3989439010620117
manual,52,model.layers.7.self_attn.o_proj,self_attn.o_proj,prefill,16384,QwenManualHybridLinear,2.4550399780273438
manual,53,model.layers.7.mlp.gate_proj,mlp.gate_proj,prefill,16384,QwenManualHybridLinear,6.558207988739014
manual,54,model.layers.7.mlp.up_proj,mlp.up_proj,prefill,16384,QwenHybridDenseNVFP4Linear,2.831360101699829
manual,55,model.layers.7.mlp.down_proj,mlp.down_proj,prefill,16384,QwenManualHybridLinear,6.316319942474365
manual,56,model.layers.8.self_attn.q_proj,self_attn.q_proj,prefill,16384,QwenManualHybridLinear,2.4488000869750977
manual,57,model.layers.8.self_attn.k_proj,self_attn.k_proj,prefill,16384,QwenManualHybridLinear,2.401887893676758
manual,58,model.layers.8.self_attn.v_proj,self_attn.v_proj,prefill,16384,QwenManualHybridLinear,2.396320104598999
manual,59,model.layers.8.self_attn.o_proj,self_attn.o_proj,prefill,16384,QwenManualHybridLinear,2.4298880100250244
manual,60,model.layers.8.mlp.gate_proj,mlp.gate_proj,prefill,16384,QwenManualHybridLinear,6.492735862731934
manual,61,model.layers.8.mlp.up_proj,mlp.up_proj,prefill,16384,QwenHybridDenseNVFP4Linear,2.823199987411499
manual,62,model.layers.8.mlp.down_proj,mlp.down_proj,prefill,16384,QwenManualHybridLinear,6.222911834716797
manual,63,model.layers.9.self_attn.q_proj,self_attn.q_proj,prefill,16384,QwenManualHybridLinear,2.4098880290985107
manual,64,model.layers.9.self_attn.k_proj,self_attn.k_proj,prefill,16384,QwenManualHybridLinear,2.366208076477051
manual,65,model.layers.9.self_attn.v_proj,self_attn.v_proj,prefill,16384,QwenManualHybridLinear,2.3614399433135986
manual,66,model.layers.9.self_attn.o_proj,self_attn.o_proj,prefill,16384,QwenManualHybridLinear,2.4151999950408936
manual,67,model.layers.9.mlp.gate_proj,mlp.gate_proj,prefill,16384,QwenManualHybridLinear,6.46614408493042
manual,68,model.layers.9.mlp.up_proj,mlp.up_proj,prefill,16384,QwenHybridDenseNVFP4Linear,2.8282880783081055
manual,69,model.layers.9.mlp.down_proj,mlp.down_proj,prefill,16384,QwenManualHybridLinear,6.314752101898193
manual,70,model.layers.10.self_attn.q_proj,self_attn.q_proj,prefill,16384,QwenManualHybridLinear,2.4483840465545654
manual,71,model.layers.10.self_attn.k_proj,self_attn.k_proj,prefill,16384,QwenManualHybridLinear,2.4050240516662598
manual,72,model.layers.10.self_attn.v_proj,self_attn.v_proj,prefill,16384,QwenManualHybridLinear,2.3983359336853027
manual,73,model.layers.10.self_attn.o_proj,self_attn.o_proj,prefill,16384,QwenManualHybridLinear,2.456576108932495
manual,74,model.layers.10.mlp.gate_proj,mlp.gate_proj,prefill,16384,QwenManualHybridLinear,6.558207988739014
manual,75,model.layers.10.mlp.up_proj,mlp.up_proj,prefill,16384,QwenHybridDenseNVFP4Linear,2.8293440341949463
manual,76,model.layers.10.mlp.down_proj,mlp.down_proj,prefill,16384,QwenManualHybridLinear,6.3127360343933105
manual,77,model.layers.11.self_attn.q_proj,self_attn.q_proj,prefill,16384,QwenManualHybridLinear,2.4500479698181152
manual,78,model.layers.11.self_attn.k_proj,self_attn.k_proj,prefill,16384,QwenManualHybridLinear,2.4035520553588867
manual,79,model.layers.11.self_attn.v_proj,self_attn.v_proj,prefill,16384,QwenManualHybridLinear,2.400831937789917
manual,80,model.layers.11.self_attn.o_proj,self_attn.o_proj,prefill,16384,QwenManualHybridLinear,2.4550399780273438
manual,81,model.layers.11.mlp.gate_proj,mlp.gate_proj,prefill,16384,QwenManualHybridLinear,6.558720111846924
manual,82,model.layers.11.mlp.up_proj,mlp.up_proj,prefill,16384,QwenHybridDenseNVFP4Linear,2.8365120887756348
manual,83,model.layers.11.mlp.down_proj,mlp.down_proj,prefill,16384,QwenManualHybridLinear,6.31657600402832
manual,84,model.layers.12.self_attn.q_proj,self_attn.q_proj,prefill,16384,QwenManualHybridLinear,2.4508159160614014
manual,85,model.layers.12.self_attn.k_proj,self_attn.k_proj,prefill,16384,QwenManualHybridLinear,2.3814399242401123
manual,86,model.layers.12.self_attn.v_proj,self_attn.v_proj,prefill,16384,QwenManualHybridLinear,2.3616321086883545
manual,87,model.layers.12.self_attn.o_proj,self_attn.o_proj,prefill,16384,QwenManualHybridLinear,2.416032075881958
manual,88,model.layers.12.mlp.gate_proj,mlp.gate_proj,prefill,16384,QwenManualHybridLinear,6.556096076965332
manual,89,model.layers.12.mlp.up_proj,mlp.up_proj,prefill,16384,QwenHybridDenseNVFP4Linear,2.8282880783081055
manual,90,model.layers.12.mlp.down_proj,mlp.down_proj,prefill,16384,QwenManualHybridLinear,6.314432144165039
manual,91,model.layers.13.self_attn.q_proj,self_attn.q_proj,prefill,16384,QwenManualHybridLinear,2.448767900466919
manual,92,model.layers.13.self_attn.k_proj,self_attn.k_proj,prefill,16384,QwenManualHybridLinear,2.403104066848755
manual,93,model.layers.13.self_attn.v_proj,self_attn.v_proj,prefill,16384,QwenManualHybridLinear,2.3983678817749023
manual,94,model.layers.13.self_attn.o_proj,self_attn.o_proj,prefill,16384,QwenManualHybridLinear,2.454047918319702
manual,95,model.layers.13.mlp.gate_proj,mlp.gate_proj,prefill,16384,QwenManualHybridLinear,6.5583038330078125
manual,96,model.layers.13.mlp.up_proj,mlp.up_proj,prefill,16384,QwenHybridDenseNVFP4Linear,2.8334081172943115
manual,97,model.layers.13.mlp.down_proj,mlp.down_proj,prefill,16384,QwenManualHybridLinear,6.3133440017700195
manual,98,model.layers.14.self_attn.q_proj,self_attn.q_proj,prefill,16384,QwenManualHybridLinear,2.4483840465545654
manual,99,model.layers.14.self_attn.k_proj,self_attn.k_proj,prefill,16384,QwenManualHybridLinear,2.4029440879821777
manual,100,model.layers.14.self_attn.v_proj,self_attn.v_proj,prefill,16384,QwenManualHybridLinear,2.3969600200653076
manual,101,model.layers.14.self_attn.o_proj,self_attn.o_proj,prefill,16384,QwenManualHybridLinear,2.4545280933380127
manual,102,model.layers.14.mlp.gate_proj,mlp.gate_proj,prefill,16384,QwenManualHybridLinear,6.560768127441406
manual,103,model.layers.14.mlp.up_proj,mlp.up_proj,prefill,16384,QwenHybridDenseNVFP4Linear,2.822175979614258
manual,104,model.layers.14.mlp.down_proj,mlp.down_proj,prefill,16384,QwenManualHybridLinear,6.2448320388793945
manual,105,model.layers.15.self_attn.q_proj,self_attn.q_proj,prefill,16384,QwenManualHybridLinear,2.4114561080932617
manual,106,model.layers.15.self_attn.k_proj,self_attn.k_proj,prefill,16384,QwenManualHybridLinear,2.3686399459838867
manual,107,model.layers.15.self_attn.v_proj,self_attn.v_proj,prefill,16384,QwenManualHybridLinear,2.3641600608825684
manual,108,model.layers.15.self_attn.o_proj,self_attn.o_proj,prefill,16384,QwenManualHybridLinear,2.4284160137176514
manual,109,model.layers.15.mlp.gate_proj,mlp.gate_proj,prefill,16384,QwenManualHybridLinear,6.495200157165527
manual,110,model.layers.15.mlp.up_proj,mlp.up_proj,prefill,16384,QwenHybridDenseNVFP4Linear,2.8323841094970703
manual,111,model.layers.15.mlp.down_proj,mlp.down_proj,prefill,16384,QwenManualHybridLinear,6.25110387802124
manual,112,model.layers.16.self_attn.q_proj,self_attn.q_proj,prefill,16384,QwenManualHybridLinear,2.4242238998413086
manual,113,model.layers.16.self_attn.k_proj,self_attn.k_proj,prefill,16384,QwenManualHybridLinear,2.381472110748291
manual,114,model.layers.16.self_attn.v_proj,self_attn.v_proj,prefill,16384,QwenManualHybridLinear,2.373728036880493
manual,115,model.layers.16.self_attn.o_proj,self_attn.o_proj,prefill,16384,QwenManualHybridLinear,2.430367946624756
manual,116,model.layers.16.mlp.gate_proj,mlp.gate_proj,prefill,16384,QwenManualHybridLinear,6.492671966552734
manual,117,model.layers.16.mlp.up_proj,mlp.up_proj,prefill,16384,QwenHybridDenseNVFP4Linear,2.8282880783081055
manual,118,model.layers.16.mlp.down_proj,mlp.down_proj,prefill,16384,QwenManualHybridLinear,6.250847816467285
manual,119,model.layers.17.self_attn.q_proj,self_attn.q_proj,prefill,16384,QwenManualHybridLinear,2.4242238998413086
manual,120,model.layers.17.self_attn.k_proj,self_attn.k_proj,prefill,16384,QwenManualHybridLinear,2.38044810295105
manual,121,model.layers.17.self_attn.v_proj,self_attn.v_proj,prefill,16384,QwenManualHybridLinear,2.3737599849700928
manual,122,model.layers.17.self_attn.o_proj,self_attn.o_proj,prefill,16384,QwenManualHybridLinear,2.427488088607788
manual,123,model.layers.17.mlp.gate_proj,mlp.gate_proj,prefill,16384,QwenManualHybridLinear,6.47433614730835
manual,124,model.layers.17.mlp.up_proj,mlp.up_proj,prefill,16384,QwenHybridDenseNVFP4Linear,2.8375039100646973
manual,125,model.layers.17.mlp.down_proj,mlp.down_proj,prefill,16384,QwenManualHybridLinear,6.219232082366943
manual,126,model.layers.18.self_attn.q_proj,self_attn.q_proj,prefill,16384,QwenManualHybridLinear,2.411007881164551
manual,127,model.layers.18.self_attn.k_proj,self_attn.k_proj,prefill,16384,QwenManualHybridLinear,2.372191905975342
manual,128,model.layers.18.self_attn.v_proj,self_attn.v_proj,prefill,16384,QwenManualHybridLinear,2.396928071975708
manual,129,model.layers.18.self_attn.o_proj,self_attn.o_proj,prefill,16384,QwenManualHybridLinear,2.456576108932495
manual,130,model.layers.18.mlp.gate_proj,mlp.gate_proj,prefill,16384,QwenManualHybridLinear,6.560768127441406
manual,131,model.layers.18.mlp.up_proj,mlp.up_proj,prefill,16384,QwenHybridDenseNVFP4Linear,2.8323841094970703
manual,132,model.layers.18.mlp.down_proj,mlp.down_proj,prefill,16384,QwenManualHybridLinear,6.316991806030273
manual,133,model.layers.19.self_attn.q_proj,self_attn.q_proj,prefill,16384,QwenManualHybridLinear,2.452608108520508
manual,134,model.layers.19.self_attn.k_proj,self_attn.k_proj,prefill,16384,QwenManualHybridLinear,2.405247926712036
manual,135,model.layers.19.self_attn.v_proj,self_attn.v_proj,prefill,16384,QwenManualHybridLinear,2.3968958854675293
manual,136,model.layers.19.self_attn.o_proj,self_attn.o_proj,prefill,16384,QwenManualHybridLinear,2.457087993621826
manual,137,model.layers.19.mlp.gate_proj,mlp.gate_proj,prefill,16384,QwenManualHybridLinear,6.560768127441406
manual,138,model.layers.19.mlp.up_proj,mlp.up_proj,prefill,16384,QwenHybridDenseNVFP4Linear,2.835455894470215
manual,139,model.layers.19.mlp.down_proj,mlp.down_proj,prefill,16384,QwenManualHybridLinear,6.317215919494629
manual,140,model.layers.20.self_attn.q_proj,self_attn.q_proj,prefill,16384,QwenManualHybridLinear,2.45084810256958
manual,141,model.layers.20.self_attn.k_proj,self_attn.k_proj,prefill,16384,QwenManualHybridLinear,2.4059200286865234
manual,142,model.layers.20.self_attn.v_proj,self_attn.v_proj,prefill,16384,QwenManualHybridLinear,2.3983678817749023
manual,143,model.layers.20.self_attn.o_proj,self_attn.o_proj,prefill,16384,QwenManualHybridLinear,2.4544639587402344
manual,144,model.layers.20.mlp.gate_proj,mlp.gate_proj,prefill,16384,QwenManualHybridLinear,6.558207988739014
manual,145,model.layers.20.mlp.up_proj,mlp.up_proj,prefill,16384,QwenHybridDenseNVFP4Linear,2.831360101699829
manual,146,model.layers.20.mlp.down_proj,mlp.down_proj,prefill,16384,QwenManualHybridLinear,6.320576190948486
manual,147,model.layers.21.self_attn.q_proj,self_attn.q_proj,prefill,16384,QwenManualHybridLinear,2.4488000869750977
manual,148,model.layers.21.self_attn.k_proj,self_attn.k_proj,prefill,16384,QwenManualHybridLinear,2.4035520553588867
manual,149,model.layers.21.self_attn.v_proj,self_attn.v_proj,prefill,16384,QwenManualHybridLinear,2.3999359607696533
manual,150,model.layers.21.self_attn.o_proj,self_attn.o_proj,prefill,16384,QwenManualHybridLinear,2.430367946624756
manual,151,model.layers.21.mlp.gate_proj,mlp.gate_proj,prefill,16384,QwenManualHybridLinear,6.48908805847168
manual,152,model.layers.21.mlp.up_proj,mlp.up_proj,prefill,16384,QwenHybridDenseNVFP4Linear,2.831360101699829
manual,153,model.layers.21.mlp.down_proj,mlp.down_proj,prefill,16384,QwenManualHybridLinear,6.2521281242370605
manual,154,model.layers.22.self_attn.q_proj,self_attn.q_proj,prefill,16384,QwenManualHybridLinear,2.423327922821045
manual,155,model.layers.22.self_attn.k_proj,self_attn.k_proj,prefill,16384,QwenManualHybridLinear,2.378495931625366
manual,156,model.layers.22.self_attn.v_proj,self_attn.v_proj,prefill,16384,QwenManualHybridLinear,2.3717119693756104
manual,157,model.layers.22.self_attn.o_proj,self_attn.o_proj,prefill,16384,QwenManualHybridLinear,2.4299519062042236
manual,158,model.layers.22.mlp.gate_proj,mlp.gate_proj,prefill,16384,QwenManualHybridLinear,6.4931840896606445
manual,159,model.layers.22.mlp.up_proj,mlp.up_proj,prefill,16384,QwenHybridDenseNVFP4Linear,2.8282880783081055
manual,160,model.layers.22.mlp.down_proj,mlp.down_proj,prefill,16384,QwenManualHybridLinear,6.250592231750488
manual,161,model.layers.23.self_attn.q_proj,self_attn.q_proj,prefill,16384,QwenManualHybridLinear,2.4233920574188232
manual,162,model.layers.23.self_attn.k_proj,self_attn.k_proj,prefill,16384,QwenManualHybridLinear,2.3770558834075928
manual,163,model.layers.23.self_attn.v_proj,self_attn.v_proj,prefill,16384,QwenManualHybridLinear,2.3743040561676025
manual,164,model.layers.23.self_attn.o_proj,self_attn.o_proj,prefill,16384,QwenManualHybridLinear,2.4500160217285156
manual,165,model.layers.23.mlp.gate_proj,mlp.gate_proj,prefill,16384,QwenManualHybridLinear,6.521471977233887
manual,166,model.layers.23.mlp.up_proj,mlp.up_proj,prefill,16384,QwenHybridDenseNVFP4Linear,2.8334081172943115
manual,167,model.layers.23.mlp.down_proj,mlp.down_proj,prefill,16384,QwenManualHybridLinear,6.251488208770752
manual,168,model.layers.24.self_attn.q_proj,self_attn.q_proj,prefill,16384,QwenManualHybridLinear,2.4243199825286865
manual,169,model.layers.24.self_attn.k_proj,self_attn.k_proj,prefill,16384,QwenManualHybridLinear,2.378848075866699
manual,170,model.layers.24.self_attn.v_proj,self_attn.v_proj,prefill,16384,QwenManualHybridLinear,2.373471975326538
manual,171,model.layers.24.self_attn.o_proj,self_attn.o_proj,prefill,16384,QwenManualHybridLinear,2.430432081222534
manual,172,model.layers.24.mlp.gate_proj,mlp.gate_proj,prefill,16384,QwenManualHybridLinear,6.495232105255127
manual,173,model.layers.24.mlp.up_proj,mlp.up_proj,prefill,16384,QwenHybridDenseNVFP4Linear,2.827296018600464
manual,174,model.layers.24.mlp.down_proj,mlp.down_proj,prefill,16384,QwenManualHybridLinear,6.254879951477051
manual,175,model.layers.25.self_attn.q_proj,self_attn.q_proj,prefill,16384,QwenManualHybridLinear,2.424191951751709
manual,176,model.layers.25.self_attn.k_proj,self_attn.k_proj,prefill,16384,QwenManualHybridLinear,2.3809919357299805
manual,177,model.layers.25.self_attn.v_proj,self_attn.v_proj,prefill,16384,QwenManualHybridLinear,2.3733439445495605
manual,178,model.layers.25.self_attn.o_proj,self_attn.o_proj,prefill,16384,QwenManualHybridLinear,2.4283199310302734
manual,179,model.layers.25.mlp.gate_proj,mlp.gate_proj,prefill,16384,QwenManualHybridLinear,6.493216037750244
manual,180,model.layers.25.mlp.up_proj,mlp.up_proj,prefill,16384,QwenHybridDenseNVFP4Linear,2.8477439880371094
manual,181,model.layers.25.mlp.down_proj,mlp.down_proj,prefill,16384,QwenManualHybridLinear,6.245952129364014
manual,182,model.layers.26.self_attn.q_proj,self_attn.q_proj,prefill,16384,QwenManualHybridLinear,2.4238080978393555
manual,183,model.layers.26.self_attn.k_proj,self_attn.k_proj,prefill,16384,QwenManualHybridLinear,2.380511999130249
manual,184,model.layers.26.self_attn.v_proj,self_attn.v_proj,prefill,16384,QwenManualHybridLinear,2.37391996383667
manual,185,model.layers.26.self_attn.o_proj,self_attn.o_proj,prefill,16384,QwenManualHybridLinear,2.4299519062042236
manual,186,model.layers.26.mlp.gate_proj,mlp.gate_proj,prefill,16384,QwenManualHybridLinear,6.491136074066162
manual,187,model.layers.26.mlp.up_proj,mlp.up_proj,prefill,16384,QwenHybridDenseNVFP4Linear,2.8334081172943115
manual,188,model.layers.26.mlp.down_proj,mlp.down_proj,prefill,16384,QwenManualHybridLinear,6.254144191741943
manual,189,model.layers.27.self_attn.q_proj,self_attn.q_proj,prefill,16384,QwenManualHybridLinear,2.425407886505127
manual,190,model.layers.27.self_attn.k_proj,self_attn.k_proj,prefill,16384,QwenManualHybridLinear,2.379103899002075
manual,191,model.layers.27.self_attn.v_proj,self_attn.v_proj,prefill,16384,QwenManualHybridLinear,2.3761279582977295
manual,192,model.layers.27.self_attn.o_proj,self_attn.o_proj,prefill,16384,QwenManualHybridLinear,2.4275200366973877
manual,193,model.layers.27.mlp.gate_proj,mlp.gate_proj,prefill,16384,QwenManualHybridLinear,6.496799945831299
manual,194,model.layers.27.mlp.up_proj,mlp.up_proj,prefill,16384,QwenHybridDenseNVFP4Linear,2.8344318866729736
manual,195,model.layers.27.mlp.down_proj,mlp.down_proj,prefill,16384,QwenManualHybridLinear,6.25596809387207
manual,196,model.layers.28.self_attn.q_proj,self_attn.q_proj,prefill,16384,QwenManualHybridLinear,2.4243199825286865
manual,197,model.layers.28.self_attn.k_proj,self_attn.k_proj,prefill,16384,QwenManualHybridLinear,2.3809280395507812
manual,198,model.layers.28.self_attn.v_proj,self_attn.v_proj,prefill,16384,QwenManualHybridLinear,2.371392011642456
manual,199,model.layers.28.self_attn.o_proj,self_attn.o_proj,prefill,16384,QwenManualHybridLinear,2.4299519062042236
manual,200,model.layers.28.mlp.gate_proj,mlp.gate_proj,prefill,16384,QwenManualHybridLinear,6.4931840896606445
manual,201,model.layers.28.mlp.up_proj,mlp.up_proj,prefill,16384,QwenHybridDenseNVFP4Linear,2.8323841094970703
manual,202,model.layers.28.mlp.down_proj,mlp.down_proj,prefill,16384,QwenManualHybridLinear,6.320864200592041
manual,203,model.layers.29.self_attn.q_proj,self_attn.q_proj,prefill,16384,QwenManualHybridLinear,2.45084810256958
manual,204,model.layers.29.self_attn.k_proj,self_attn.k_proj,prefill,16384,QwenManualHybridLinear,2.4035840034484863
manual,205,model.layers.29.self_attn.v_proj,self_attn.v_proj,prefill,16384,QwenManualHybridLinear,2.395904064178467
manual,206,model.layers.29.self_attn.o_proj,self_attn.o_proj,prefill,16384,QwenManualHybridLinear,2.457024097442627
manual,207,model.layers.29.mlp.gate_proj,mlp.gate_proj,prefill,16384,QwenManualHybridLinear,6.560768127441406
manual,208,model.layers.29.mlp.up_proj,mlp.up_proj,prefill,16384,QwenHybridDenseNVFP4Linear,2.847775936126709
manual,209,model.layers.29.mlp.down_proj,mlp.down_proj,prefill,16384,QwenManualHybridLinear,6.3139519691467285
manual,210,model.layers.30.self_attn.q_proj,self_attn.q_proj,prefill,16384,QwenManualHybridLinear,2.450432062149048
manual,211,model.layers.30.self_attn.k_proj,self_attn.k_proj,prefill,16384,QwenManualHybridLinear,2.405087947845459
manual,212,model.layers.30.self_attn.v_proj,self_attn.v_proj,prefill,16384,QwenManualHybridLinear,2.3983359336853027
manual,213,model.layers.30.self_attn.o_proj,self_attn.o_proj,prefill,16384,QwenManualHybridLinear,2.4545280933380127
manual,214,model.layers.30.mlp.gate_proj,mlp.gate_proj,prefill,16384,QwenManualHybridLinear,6.558720111846924
manual,215,model.layers.30.mlp.up_proj,mlp.up_proj,prefill,16384,QwenHybridDenseNVFP4Linear,2.8365120887756348
manual,216,model.layers.30.mlp.down_proj,mlp.down_proj,prefill,16384,QwenManualHybridLinear,6.318496227264404
manual,217,model.layers.31.self_attn.q_proj,self_attn.q_proj,prefill,16384,QwenManualHybridLinear,2.4500160217285156
manual,218,model.layers.31.self_attn.k_proj,self_attn.k_proj,prefill,16384,QwenManualHybridLinear,2.4036478996276855
manual,219,model.layers.31.self_attn.v_proj,self_attn.v_proj,prefill,16384,QwenManualHybridLinear,2.3987839221954346
manual,220,model.layers.31.self_attn.o_proj,self_attn.o_proj,prefill,16384,QwenManualHybridLinear,2.4541120529174805
manual,221,model.layers.31.mlp.gate_proj,mlp.gate_proj,prefill,16384,QwenManualHybridLinear,6.560351848602295
manual,222,model.layers.31.mlp.up_proj,mlp.up_proj,prefill,16384,QwenHybridDenseNVFP4Linear,2.840575933456421
manual,223,model.layers.31.mlp.down_proj,mlp.down_proj,prefill,16384,QwenManualHybridLinear,6.313888072967529
manual,224,model.layers.0.self_attn.q_proj,self_attn.q_proj,decode,1,QwenManualHybridLinear,20.140960693359375
manual,225,model.layers.0.self_attn.k_proj,self_attn.k_proj,decode,1,QwenManualHybridLinear,0.2165440022945404
manual,226,model.layers.0.self_attn.v_proj,self_attn.v_proj,decode,1,QwenManualHybridLinear,0.10595200210809708
manual,227,model.layers.0.self_attn.o_proj,self_attn.o_proj,decode,1,QwenManualHybridLinear,0.12134400010108948
manual,228,model.layers.0.mlp.gate_proj,mlp.gate_proj,decode,1,QwenManualHybridLinear,0.15427200496196747
manual,229,model.layers.0.mlp.up_proj,mlp.up_proj,decode,1,QwenHybridDenseNVFP4Linear,1.1208640336990356
manual,230,model.layers.0.mlp.down_proj,mlp.down_proj,decode,1,QwenManualHybridLinear,0.07123199850320816
manual,231,model.layers.1.self_attn.q_proj,self_attn.q_proj,decode,1,QwenManualHybridLinear,0.09619200229644775
manual,232,model.layers.1.self_attn.k_proj,self_attn.k_proj,decode,1,QwenManualHybridLinear,0.0785600021481514
manual,233,model.layers.1.self_attn.v_proj,self_attn.v_proj,decode,1,QwenManualHybridLinear,0.0727040022611618
manual,234,model.layers.1.self_attn.o_proj,self_attn.o_proj,decode,1,QwenManualHybridLinear,0.030719999223947525
manual,235,model.layers.1.mlp.gate_proj,mlp.gate_proj,decode,1,QwenManualHybridLinear,0.09504000097513199
manual,236,model.layers.1.mlp.up_proj,mlp.up_proj,decode,1,QwenHybridDenseNVFP4Linear,0.9222400188446045
manual,237,model.layers.1.mlp.down_proj,mlp.down_proj,decode,1,QwenManualHybridLinear,0.07878399640321732
manual,238,model.layers.2.self_attn.q_proj,self_attn.q_proj,decode,1,QwenManualHybridLinear,0.09337600320577621
manual,239,model.layers.2.self_attn.k_proj,self_attn.k_proj,decode,1,QwenManualHybridLinear,0.06511999666690826
manual,240,model.layers.2.self_attn.v_proj,self_attn.v_proj,decode,1,QwenManualHybridLinear,0.05587200075387955
manual,241,model.layers.2.self_attn.o_proj,self_attn.o_proj,decode,1,QwenManualHybridLinear,0.03155200183391571
manual,242,model.layers.2.mlp.gate_proj,mlp.gate_proj,decode,1,QwenManualHybridLinear,0.02252800017595291
manual,243,model.layers.2.mlp.up_proj,mlp.up_proj,decode,1,QwenHybridDenseNVFP4Linear,0.7645120024681091
manual,244,model.layers.2.mlp.down_proj,mlp.down_proj,decode,1,QwenManualHybridLinear,0.07552000135183334
manual,245,model.layers.3.self_attn.q_proj,self_attn.q_proj,decode,1,QwenManualHybridLinear,0.08620800077915192
manual,246,model.layers.3.self_attn.k_proj,self_attn.k_proj,decode,1,QwenManualHybridLinear,0.0663359984755516
manual,247,model.layers.3.self_attn.v_proj,self_attn.v_proj,decode,1,QwenManualHybridLinear,0.0496320016682148
manual,248,model.layers.3.self_attn.o_proj,self_attn.o_proj,decode,1,QwenManualHybridLinear,0.0326399989426136
manual,249,model.layers.3.mlp.gate_proj,mlp.gate_proj,decode,1,QwenManualHybridLinear,0.02252800017595291
manual,250,model.layers.3.mlp.up_proj,mlp.up_proj,decode,1,QwenHybridDenseNVFP4Linear,0.7135040163993835
manual,251,model.layers.3.mlp.down_proj,mlp.down_proj,decode,1,QwenManualHybridLinear,0.059808000922203064
manual,252,model.layers.4.self_attn.q_proj,self_attn.q_proj,decode,1,QwenManualHybridLinear,0.08160000294446945
manual,253,model.layers.4.self_attn.k_proj,self_attn.k_proj,decode,1,QwenManualHybridLinear,0.06393600255250931
manual,254,model.layers.4.self_attn.v_proj,self_attn.v_proj,decode,1,QwenManualHybridLinear,0.05331199988722801
manual,255,model.layers.4.self_attn.o_proj,self_attn.o_proj,decode,1,QwenManualHybridLinear,0.0331839993596077
manual,256,model.layers.4.mlp.gate_proj,mlp.gate_proj,decode,1,QwenManualHybridLinear,0.02252800017595291
manual,257,model.layers.4.mlp.up_proj,mlp.up_proj,decode,1,QwenHybridDenseNVFP4Linear,0.7212799787521362
manual,258,model.layers.4.mlp.down_proj,mlp.down_proj,decode,1,QwenManualHybridLinear,0.05910399928689003
manual,259,model.layers.5.self_attn.q_proj,self_attn.q_proj,decode,1,QwenManualHybridLinear,0.08531200140714645
manual,260,model.layers.5.self_attn.k_proj,self_attn.k_proj,decode,1,QwenManualHybridLinear,0.06281600147485733
manual,261,model.layers.5.self_attn.v_proj,self_attn.v_proj,decode,1,QwenManualHybridLinear,0.0551999993622303
manual,262,model.layers.5.self_attn.o_proj,self_attn.o_proj,decode,1,QwenManualHybridLinear,0.032127998769283295
manual,263,model.layers.5.mlp.gate_proj,mlp.gate_proj,decode,1,QwenManualHybridLinear,0.02252800017595291
manual,264,model.layers.5.mlp.up_proj,mlp.up_proj,decode,1,QwenHybridDenseNVFP4Linear,0.7311999797821045
manual,265,model.layers.5.mlp.down_proj,mlp.down_proj,decode,1,QwenManualHybridLinear,0.07347200065851212
manual,266,model.layers.6.self_attn.q_proj,self_attn.q_proj,decode,1,QwenManualHybridLinear,0.08752000331878662
manual,267,model.layers.6.self_attn.k_proj,self_attn.k_proj,decode,1,QwenManualHybridLinear,0.05843200162053108
manual,268,model.layers.6.self_attn.v_proj,self_attn.v_proj,decode,1,QwenManualHybridLinear,0.052960000932216644
manual,269,model.layers.6.self_attn.o_proj,self_attn.o_proj,decode,1,QwenManualHybridLinear,0.03417599946260452
manual,270,model.layers.6.mlp.gate_proj,mlp.gate_proj,decode,1,QwenManualHybridLinear,0.02252800017595291
manual,271,model.layers.6.mlp.up_proj,mlp.up_proj,decode,1,QwenHybridDenseNVFP4Linear,0.709663987159729
manual,272,model.layers.6.mlp.down_proj,mlp.down_proj,decode,1,QwenManualHybridLinear,0.06780800223350525
manual,273,model.layers.7.self_attn.q_proj,self_attn.q_proj,decode,1,QwenManualHybridLinear,0.08073599636554718
manual,274,model.layers.7.self_attn.k_proj,self_attn.k_proj,decode,1,QwenManualHybridLinear,0.055135998874902725
manual,275,model.layers.7.self_attn.v_proj,self_attn.v_proj,decode,1,QwenManualHybridLinear,0.05209600180387497
manual,276,model.layers.7.self_attn.o_proj,self_attn.o_proj,decode,1,QwenManualHybridLinear,0.03286400064826012
manual,277,model.layers.7.mlp.gate_proj,mlp.gate_proj,decode,1,QwenManualHybridLinear,0.02252800017595291
manual,278,model.layers.7.mlp.up_proj,mlp.up_proj,decode,1,QwenHybridDenseNVFP4Linear,0.7256320118904114
manual,279,model.layers.7.mlp.down_proj,mlp.down_proj,decode,1,QwenManualHybridLinear,0.06441599875688553
manual,280,model.layers.8.self_attn.q_proj,self_attn.q_proj,decode,1,QwenManualHybridLinear,0.07932800054550171
manual,281,model.layers.8.self_attn.k_proj,self_attn.k_proj,decode,1,QwenManualHybridLinear,0.07027199864387512
manual,282,model.layers.8.self_attn.v_proj,self_attn.v_proj,decode,1,QwenManualHybridLinear,0.06083200126886368
manual,283,model.layers.8.self_attn.o_proj,self_attn.o_proj,decode,1,QwenManualHybridLinear,0.03280000016093254
manual,284,model.layers.8.mlp.gate_proj,mlp.gate_proj,decode,1,QwenManualHybridLinear,0.02252800017595291
manual,285,model.layers.8.mlp.up_proj,mlp.up_proj,decode,1,QwenHybridDenseNVFP4Linear,0.7360000014305115
manual,286,model.layers.8.mlp.down_proj,mlp.down_proj,decode,1,QwenManualHybridLinear,0.062272001057863235
manual,287,model.layers.9.self_attn.q_proj,self_attn.q_proj,decode,1,QwenManualHybridLinear,0.08188799768686295
manual,288,model.layers.9.self_attn.k_proj,self_attn.k_proj,decode,1,QwenManualHybridLinear,0.06204799935221672
manual,289,model.layers.9.self_attn.v_proj,self_attn.v_proj,decode,1,QwenManualHybridLinear,0.05974400043487549
manual,290,model.layers.9.self_attn.o_proj,self_attn.o_proj,decode,1,QwenManualHybridLinear,0.031808000057935715
manual,291,model.layers.9.mlp.gate_proj,mlp.gate_proj,decode,1,QwenManualHybridLinear,0.02252800017595291
manual,292,model.layers.9.mlp.up_proj,mlp.up_proj,decode,1,QwenHybridDenseNVFP4Linear,0.7008000016212463
manual,293,model.layers.9.mlp.down_proj,mlp.down_proj,decode,1,QwenManualHybridLinear,0.05503999814391136
manual,294,model.layers.10.self_attn.q_proj,self_attn.q_proj,decode,1,QwenManualHybridLinear,0.09203200042247772
manual,295,model.layers.10.self_attn.k_proj,self_attn.k_proj,decode,1,QwenManualHybridLinear,0.05987200140953064
manual,296,model.layers.10.self_attn.v_proj,self_attn.v_proj,decode,1,QwenManualHybridLinear,0.06409599632024765
manual,297,model.layers.10.self_attn.o_proj,self_attn.o_proj,decode,1,QwenManualHybridLinear,0.033984001725912094
manual,298,model.layers.10.mlp.gate_proj,mlp.gate_proj,decode,1,QwenManualHybridLinear,0.02252800017595291
manual,299,model.layers.10.mlp.up_proj,mlp.up_proj,decode,1,QwenHybridDenseNVFP4Linear,0.7399359941482544
manual,300,model.layers.10.mlp.down_proj,mlp.down_proj,decode,1,QwenManualHybridLinear,0.06092799827456474
manual,301,model.layers.11.self_attn.q_proj,self_attn.q_proj,decode,1,QwenManualHybridLinear,0.08044800162315369
manual,302,model.layers.11.self_attn.k_proj,self_attn.k_proj,decode,1,QwenManualHybridLinear,0.054048001766204834
manual,303,model.layers.11.self_attn.v_proj,self_attn.v_proj,decode,1,QwenManualHybridLinear,0.05145600065588951
manual,304,model.layers.11.self_attn.o_proj,self_attn.o_proj,decode,1,QwenManualHybridLinear,0.033055998384952545
manual,305,model.layers.11.mlp.gate_proj,mlp.gate_proj,decode,1,QwenManualHybridLinear,0.02252800017595291
manual,306,model.layers.11.mlp.up_proj,mlp.up_proj,decode,1,QwenHybridDenseNVFP4Linear,0.743071973323822
manual,307,model.layers.11.mlp.down_proj,mlp.down_proj,decode,1,QwenManualHybridLinear,0.06083200126886368
manual,308,model.layers.12.self_attn.q_proj,self_attn.q_proj,decode,1,QwenManualHybridLinear,0.08339200168848038
manual,309,model.layers.12.self_attn.k_proj,self_attn.k_proj,decode,1,QwenManualHybridLinear,0.06838399916887283
manual,310,model.layers.12.self_attn.v_proj,self_attn.v_proj,decode,1,QwenManualHybridLinear,1.3423680067062378
manual,311,model.layers.12.self_attn.o_proj,self_attn.o_proj,decode,1,QwenManualHybridLinear,0.03347200155258179
manual,312,model.layers.12.mlp.gate_proj,mlp.gate_proj,decode,1,QwenManualHybridLinear,0.022495999932289124
manual,313,model.layers.12.mlp.up_proj,mlp.up_proj,decode,1,QwenHybridDenseNVFP4Linear,0.742143988609314
manual,314,model.layers.12.mlp.down_proj,mlp.down_proj,decode,1,QwenManualHybridLinear,0.05692800134420395
manual,315,model.layers.13.self_attn.q_proj,self_attn.q_proj,decode,1,QwenManualHybridLinear,0.08627200126647949
manual,316,model.layers.13.self_attn.k_proj,self_attn.k_proj,decode,1,QwenManualHybridLinear,0.05875200033187866
manual,317,model.layers.13.self_attn.v_proj,self_attn.v_proj,decode,1,QwenManualHybridLinear,0.04950400069355965
manual,318,model.layers.13.self_attn.o_proj,self_attn.o_proj,decode,1,QwenManualHybridLinear,0.03296000137925148
manual,319,model.layers.13.mlp.gate_proj,mlp.gate_proj,decode,1,QwenManualHybridLinear,0.02252800017595291
manual,320,model.layers.13.mlp.up_proj,mlp.up_proj,decode,1,QwenHybridDenseNVFP4Linear,0.7045120000839233
manual,321,model.layers.13.mlp.down_proj,mlp.down_proj,decode,1,QwenManualHybridLinear,0.05510399863123894
manual,322,model.layers.14.self_attn.q_proj,self_attn.q_proj,decode,1,QwenManualHybridLinear,0.08899199962615967
manual,323,model.layers.14.self_attn.k_proj,self_attn.k_proj,decode,1,QwenManualHybridLinear,0.06886400282382965
manual,324,model.layers.14.self_attn.v_proj,self_attn.v_proj,decode,1,QwenManualHybridLinear,0.05071999877691269
manual,325,model.layers.14.self_attn.o_proj,self_attn.o_proj,decode,1,QwenManualHybridLinear,0.033663999289274216
manual,326,model.layers.14.mlp.gate_proj,mlp.gate_proj,decode,1,QwenManualHybridLinear,0.02252800017595291
manual,327,model.layers.14.mlp.up_proj,mlp.up_proj,decode,1,QwenHybridDenseNVFP4Linear,0.7309439778327942
manual,328,model.layers.14.mlp.down_proj,mlp.down_proj,decode,1,QwenManualHybridLinear,0.059039998799562454
manual,329,model.layers.15.self_attn.q_proj,self_attn.q_proj,decode,1,QwenManualHybridLinear,0.08832000195980072
manual,330,model.layers.15.self_attn.k_proj,self_attn.k_proj,decode,1,QwenManualHybridLinear,0.06943999975919724
manual,331,model.layers.15.self_attn.v_proj,self_attn.v_proj,decode,1,QwenManualHybridLinear,0.060256000608205795
manual,332,model.layers.15.self_attn.o_proj,self_attn.o_proj,decode,1,QwenManualHybridLinear,0.03308799862861633
manual,333,model.layers.15.mlp.gate_proj,mlp.gate_proj,decode,1,QwenManualHybridLinear,0.02252800017595291
manual,334,model.layers.15.mlp.up_proj,mlp.up_proj,decode,1,QwenHybridDenseNVFP4Linear,0.7168319821357727
manual,335,model.layers.15.mlp.down_proj,mlp.down_proj,decode,1,QwenManualHybridLinear,0.06415999680757523
manual,336,model.layers.16.self_attn.q_proj,self_attn.q_proj,decode,1,QwenManualHybridLinear,0.081216000020504
manual,337,model.layers.16.self_attn.k_proj,self_attn.k_proj,decode,1,QwenManualHybridLinear,0.061344001442193985
manual,338,model.layers.16.self_attn.v_proj,self_attn.v_proj,decode,1,QwenManualHybridLinear,0.053247999399900436
manual,339,model.layers.16.self_attn.o_proj,self_attn.o_proj,decode,1,QwenManualHybridLinear,0.032575998455286026
manual,340,model.layers.16.mlp.gate_proj,mlp.gate_proj,decode,1,QwenManualHybridLinear,0.022495999932289124
manual,341,model.layers.16.mlp.up_proj,mlp.up_proj,decode,1,QwenHybridDenseNVFP4Linear,0.7365440130233765
manual,342,model.layers.16.mlp.down_proj,mlp.down_proj,decode,1,QwenManualHybridLinear,0.06511999666690826
manual,343,model.layers.17.self_attn.q_proj,self_attn.q_proj,decode,1,QwenManualHybridLinear,0.07680000364780426
manual,344,model.layers.17.self_attn.k_proj,self_attn.k_proj,decode,1,QwenManualHybridLinear,0.05503999814391136
manual,345,model.layers.17.self_attn.v_proj,self_attn.v_proj,decode,1,QwenManualHybridLinear,0.045632001012563705
manual,346,model.layers.17.self_attn.o_proj,self_attn.o_proj,decode,1,QwenManualHybridLinear,0.0326399989426136
manual,347,model.layers.17.mlp.gate_proj,mlp.gate_proj,decode,1,QwenManualHybridLinear,0.02252800017595291
manual,348,model.layers.17.mlp.up_proj,mlp.up_proj,decode,1,QwenHybridDenseNVFP4Linear,0.7258880138397217
manual,349,model.layers.17.mlp.down_proj,mlp.down_proj,decode,1,QwenManualHybridLinear,0.06652799993753433
manual,350,model.layers.18.self_attn.q_proj,self_attn.q_proj,decode,1,QwenManualHybridLinear,0.08128000050783157
manual,351,model.layers.18.self_attn.k_proj,self_attn.k_proj,decode,1,QwenManualHybridLinear,0.05766399949789047
manual,352,model.layers.18.self_attn.v_proj,self_attn.v_proj,decode,1,QwenManualHybridLinear,0.04992000013589859
manual,353,model.layers.18.self_attn.o_proj,self_attn.o_proj,decode,1,QwenManualHybridLinear,0.03244800120592117
manual,354,model.layers.18.mlp.gate_proj,mlp.gate_proj,decode,1,QwenManualHybridLinear,0.02252800017595291
manual,355,model.layers.18.mlp.up_proj,mlp.up_proj,decode,1,QwenHybridDenseNVFP4Linear,0.7231680154800415
manual,356,model.layers.18.mlp.down_proj,mlp.down_proj,decode,1,QwenManualHybridLinear,0.059039998799562454
manual,357,model.layers.19.self_attn.q_proj,self_attn.q_proj,decode,1,QwenManualHybridLinear,0.08268799632787704
manual,358,model.layers.19.self_attn.k_proj,self_attn.k_proj,decode,1,QwenManualHybridLinear,0.05584000051021576
manual,359,model.layers.19.self_attn.v_proj,self_attn.v_proj,decode,1,QwenManualHybridLinear,0.047488000243902206
manual,360,model.layers.19.self_attn.o_proj,self_attn.o_proj,decode,1,QwenManualHybridLinear,0.03302399814128876
manual,361,model.layers.19.mlp.gate_proj,mlp.gate_proj,decode,1,QwenManualHybridLinear,0.02252800017595291
manual,362,model.layers.19.mlp.up_proj,mlp.up_proj,decode,1,QwenHybridDenseNVFP4Linear,0.7889279723167419
manual,363,model.layers.19.mlp.down_proj,mlp.down_proj,decode,1,QwenManualHybridLinear,0.06035200133919716
manual,364,model.layers.20.self_attn.q_proj,self_attn.q_proj,decode,1,QwenManualHybridLinear,0.08355200290679932
manual,365,model.layers.20.self_attn.k_proj,self_attn.k_proj,decode,1,QwenManualHybridLinear,0.05734400078654289
manual,366,model.layers.20.self_attn.v_proj,self_attn.v_proj,decode,1,QwenManualHybridLinear,0.04800000041723251
manual,367,model.layers.20.self_attn.o_proj,self_attn.o_proj,decode,1,QwenManualHybridLinear,0.032127998769283295
manual,368,model.layers.20.mlp.gate_proj,mlp.gate_proj,decode,1,QwenManualHybridLinear,0.02252800017595291
manual,369,model.layers.20.mlp.up_proj,mlp.up_proj,decode,1,QwenHybridDenseNVFP4Linear,0.7248319983482361
manual,370,model.layers.20.mlp.down_proj,mlp.down_proj,decode,1,QwenManualHybridLinear,0.057760000228881836
manual,371,model.layers.21.self_attn.q_proj,self_attn.q_proj,decode,1,QwenManualHybridLinear,0.08262400329113007
manual,372,model.layers.21.self_attn.k_proj,self_attn.k_proj,decode,1,QwenManualHybridLinear,0.060575999319553375
manual,373,model.layers.21.self_attn.v_proj,self_attn.v_proj,decode,1,QwenManualHybridLinear,0.04864000156521797
manual,374,model.layers.21.self_attn.o_proj,self_attn.o_proj,decode,1,QwenManualHybridLinear,0.03471999987959862
manual,375,model.layers.21.mlp.gate_proj,mlp.gate_proj,decode,1,QwenManualHybridLinear,0.02252800017595291
manual,376,model.layers.21.mlp.up_proj,mlp.up_proj,decode,1,QwenHybridDenseNVFP4Linear,0.7177280187606812
manual,377,model.layers.21.mlp.down_proj,mlp.down_proj,decode,1,QwenManualHybridLinear,0.06038400158286095
manual,378,model.layers.22.self_attn.q_proj,self_attn.q_proj,decode,1,QwenManualHybridLinear,0.07846400141716003
manual,379,model.layers.22.self_attn.k_proj,self_attn.k_proj,decode,1,QwenManualHybridLinear,0.0652799978852272
manual,380,model.layers.22.self_attn.v_proj,self_attn.v_proj,decode,1,QwenManualHybridLinear,0.049695998430252075
manual,381,model.layers.22.self_attn.o_proj,self_attn.o_proj,decode,1,QwenManualHybridLinear,0.03270399942994118
manual,382,model.layers.22.mlp.gate_proj,mlp.gate_proj,decode,1,QwenManualHybridLinear,0.02252800017595291
manual,383,model.layers.22.mlp.up_proj,mlp.up_proj,decode,1,QwenHybridDenseNVFP4Linear,0.7231680154800415
manual,384,model.layers.22.mlp.down_proj,mlp.down_proj,decode,1,QwenManualHybridLinear,0.06566400080919266
manual,385,model.layers.23.self_attn.q_proj,self_attn.q_proj,decode,1,QwenManualHybridLinear,0.08451200276613235
manual,386,model.layers.23.self_attn.k_proj,self_attn.k_proj,decode,1,QwenManualHybridLinear,0.05673599988222122
manual,387,model.layers.23.self_attn.v_proj,self_attn.v_proj,decode,1,QwenManualHybridLinear,0.04729599878191948
manual,388,model.layers.23.self_attn.o_proj,self_attn.o_proj,decode,1,QwenManualHybridLinear,0.03267199918627739
manual,389,model.layers.23.mlp.gate_proj,mlp.gate_proj,decode,1,QwenManualHybridLinear,0.022495999932289124
manual,390,model.layers.23.mlp.up_proj,mlp.up_proj,decode,1,QwenHybridDenseNVFP4Linear,0.7633919715881348
manual,391,model.layers.23.mlp.down_proj,mlp.down_proj,decode,1,QwenManualHybridLinear,0.06329599767923355
manual,392,model.layers.24.self_attn.q_proj,self_attn.q_proj,decode,1,QwenManualHybridLinear,0.08585599809885025
manual,393,model.layers.24.self_attn.k_proj,self_attn.k_proj,decode,1,QwenManualHybridLinear,0.057312000542879105
manual,394,model.layers.24.self_attn.v_proj,self_attn.v_proj,decode,1,QwenManualHybridLinear,0.04822399839758873
manual,395,model.layers.24.self_attn.o_proj,self_attn.o_proj,decode,1,QwenManualHybridLinear,0.031072000041604042
manual,396,model.layers.24.mlp.gate_proj,mlp.gate_proj,decode,1,QwenManualHybridLinear,0.02252800017595291
manual,397,model.layers.24.mlp.up_proj,mlp.up_proj,decode,1,QwenHybridDenseNVFP4Linear,0.7098559737205505
manual,398,model.layers.24.mlp.down_proj,mlp.down_proj,decode,1,QwenManualHybridLinear,0.055743999779224396
manual,399,model.layers.25.self_attn.q_proj,self_attn.q_proj,decode,1,QwenManualHybridLinear,0.08048000186681747
manual,400,model.layers.25.self_attn.k_proj,self_attn.k_proj,decode,1,QwenManualHybridLinear,0.05532800033688545
manual,401,model.layers.25.self_attn.v_proj,self_attn.v_proj,decode,1,QwenManualHybridLinear,0.04761600121855736
manual,402,model.layers.25.self_attn.o_proj,self_attn.o_proj,decode,1,QwenManualHybridLinear,0.03110400028526783
manual,403,model.layers.25.mlp.gate_proj,mlp.gate_proj,decode,1,QwenManualHybridLinear,0.02252800017595291
manual,404,model.layers.25.mlp.up_proj,mlp.up_proj,decode,1,QwenHybridDenseNVFP4Linear,0.7362239956855774
manual,405,model.layers.25.mlp.down_proj,mlp.down_proj,decode,1,QwenManualHybridLinear,0.05827200040221214
manual,406,model.layers.26.self_attn.q_proj,self_attn.q_proj,decode,1,QwenManualHybridLinear,0.07804799824953079
manual,407,model.layers.26.self_attn.k_proj,self_attn.k_proj,decode,1,QwenManualHybridLinear,0.05628800019621849
manual,408,model.layers.26.self_attn.v_proj,self_attn.v_proj,decode,1,QwenManualHybridLinear,0.047807998955249786
manual,409,model.layers.26.self_attn.o_proj,self_attn.o_proj,decode,1,QwenManualHybridLinear,0.03356799855828285
manual,410,model.layers.26.mlp.gate_proj,mlp.gate_proj,decode,1,QwenManualHybridLinear,0.02252800017595291
manual,411,model.layers.26.mlp.up_proj,mlp.up_proj,decode,1,QwenHybridDenseNVFP4Linear,0.7292479872703552
manual,412,model.layers.26.mlp.down_proj,mlp.down_proj,decode,1,QwenManualHybridLinear,0.06294400244951248
manual,413,model.layers.27.self_attn.q_proj,self_attn.q_proj,decode,1,QwenManualHybridLinear,0.08140800148248672
manual,414,model.layers.27.self_attn.k_proj,self_attn.k_proj,decode,1,QwenManualHybridLinear,0.057631999254226685
manual,415,model.layers.27.self_attn.v_proj,self_attn.v_proj,decode,1,QwenManualHybridLinear,0.049984000623226166
manual,416,model.layers.27.self_attn.o_proj,self_attn.o_proj,decode,1,QwenManualHybridLinear,0.0315839983522892
manual,417,model.layers.27.mlp.gate_proj,mlp.gate_proj,decode,1,QwenManualHybridLinear,0.02252800017595291
manual,418,model.layers.27.mlp.up_proj,mlp.up_proj,decode,1,QwenHybridDenseNVFP4Linear,0.7544000148773193
manual,419,model.layers.27.mlp.down_proj,mlp.down_proj,decode,1,QwenManualHybridLinear,0.058687999844551086
manual,420,model.layers.28.self_attn.q_proj,self_attn.q_proj,decode,1,QwenManualHybridLinear,0.0835840031504631
manual,421,model.layers.28.self_attn.k_proj,self_attn.k_proj,decode,1,QwenManualHybridLinear,0.058720000088214874
manual,422,model.layers.28.self_attn.v_proj,self_attn.v_proj,decode,1,QwenManualHybridLinear,0.04790399968624115
manual,423,model.layers.28.self_attn.o_proj,self_attn.o_proj,decode,1,QwenManualHybridLinear,0.03481600061058998
manual,424,model.layers.28.mlp.gate_proj,mlp.gate_proj,decode,1,QwenManualHybridLinear,0.0767040029168129
manual,425,model.layers.28.mlp.up_proj,mlp.up_proj,decode,1,QwenHybridDenseNVFP4Linear,0.8277440071105957
manual,426,model.layers.28.mlp.down_proj,mlp.down_proj,decode,1,QwenManualHybridLinear,0.061184000223875046
manual,427,model.layers.29.self_attn.q_proj,self_attn.q_proj,decode,1,QwenManualHybridLinear,0.08361600339412689
manual,428,model.layers.29.self_attn.k_proj,self_attn.k_proj,decode,1,QwenManualHybridLinear,0.05875200033187866
manual,429,model.layers.29.self_attn.v_proj,self_attn.v_proj,decode,1,QwenManualHybridLinear,0.0541439987719059
manual,430,model.layers.29.self_attn.o_proj,self_attn.o_proj,decode,1,QwenManualHybridLinear,0.033535998314619064
manual,431,model.layers.29.mlp.gate_proj,mlp.gate_proj,decode,1,QwenManualHybridLinear,0.02252800017595291
manual,432,model.layers.29.mlp.up_proj,mlp.up_proj,decode,1,QwenHybridDenseNVFP4Linear,0.7314239740371704
manual,433,model.layers.29.mlp.down_proj,mlp.down_proj,decode,1,QwenManualHybridLinear,0.0562559999525547
manual,434,model.layers.30.self_attn.q_proj,self_attn.q_proj,decode,1,QwenManualHybridLinear,0.0814720019698143
manual,435,model.layers.30.self_attn.k_proj,self_attn.k_proj,decode,1,QwenManualHybridLinear,0.05407999828457832
manual,436,model.layers.30.self_attn.v_proj,self_attn.v_proj,decode,1,QwenManualHybridLinear,0.04886399954557419
manual,437,model.layers.30.self_attn.o_proj,self_attn.o_proj,decode,1,QwenManualHybridLinear,0.03356799855828285
manual,438,model.layers.30.mlp.gate_proj,mlp.gate_proj,decode,1,QwenManualHybridLinear,0.02252800017595291
manual,439,model.layers.30.mlp.up_proj,mlp.up_proj,decode,1,QwenHybridDenseNVFP4Linear,0.8066239953041077
manual,440,model.layers.30.mlp.down_proj,mlp.down_proj,decode,1,QwenManualHybridLinear,0.06380800157785416
manual,441,model.layers.31.self_attn.q_proj,self_attn.q_proj,decode,1,QwenManualHybridLinear,0.08278399705886841
manual,442,model.layers.31.self_attn.k_proj,self_attn.k_proj,decode,1,QwenManualHybridLinear,0.06620799750089645
manual,443,model.layers.31.self_attn.v_proj,self_attn.v_proj,decode,1,QwenManualHybridLinear,0.04710400104522705
manual,444,model.layers.31.self_attn.o_proj,self_attn.o_proj,decode,1,QwenManualHybridLinear,0.03270399942994118
manual,445,model.layers.31.mlp.gate_proj,mlp.gate_proj,decode,1,QwenManualHybridLinear,0.02252800017595291
manual,446,model.layers.31.mlp.up_proj,mlp.up_proj,decode,1,QwenHybridDenseNVFP4Linear,0.731328010559082
manual,447,model.layers.31.mlp.down_proj,mlp.down_proj,decode,1,QwenManualHybridLinear,0.0589120015501976
manual,448,model.layers.0.self_attn.q_proj,self_attn.q_proj,decode,1,QwenManualHybridLinear,0.08649600297212601
manual,449,model.layers.0.self_attn.k_proj,self_attn.k_proj,decode,1,QwenManualHybridLinear,0.07635200023651123
manual,450,model.layers.0.self_attn.v_proj,self_attn.v_proj,decode,1,QwenManualHybridLinear,0.05552000179886818
manual,451,model.layers.0.self_attn.o_proj,self_attn.o_proj,decode,1,QwenManualHybridLinear,0.0331839993596077
manual,452,model.layers.0.mlp.gate_proj,mlp.gate_proj,decode,1,QwenManualHybridLinear,0.02252800017595291
manual,453,model.layers.0.mlp.up_proj,mlp.up_proj,decode,1,QwenHybridDenseNVFP4Linear,0.02252800017595291
manual,454,model.layers.0.mlp.down_proj,mlp.down_proj,decode,1,QwenManualHybridLinear,0.022048000246286392
manual,455,model.layers.1.self_attn.q_proj,self_attn.q_proj,decode,1,QwenManualHybridLinear,0.06319999694824219
manual,456,model.layers.1.self_attn.k_proj,self_attn.k_proj,decode,1,QwenManualHybridLinear,0.05503999814391136
manual,457,model.layers.1.self_attn.v_proj,self_attn.v_proj,decode,1,QwenManualHybridLinear,0.046720001846551895
manual,458,model.layers.1.self_attn.o_proj,self_attn.o_proj,decode,1,QwenManualHybridLinear,0.030719999223947525
manual,459,model.layers.1.mlp.gate_proj,mlp.gate_proj,decode,1,QwenManualHybridLinear,0.02252800017595291
manual,460,model.layers.1.mlp.up_proj,mlp.up_proj,decode,1,QwenHybridDenseNVFP4Linear,0.02252800017595291
manual,461,model.layers.1.mlp.down_proj,mlp.down_proj,decode,1,QwenManualHybridLinear,0.02252800017595291
manual,462,model.layers.2.self_attn.q_proj,self_attn.q_proj,decode,1,QwenManualHybridLinear,0.06128000095486641
manual,463,model.layers.2.self_attn.k_proj,self_attn.k_proj,decode,1,QwenManualHybridLinear,0.056223999708890915
manual,464,model.layers.2.self_attn.v_proj,self_attn.v_proj,decode,1,QwenManualHybridLinear,0.04742399975657463
manual,465,model.layers.2.self_attn.o_proj,self_attn.o_proj,decode,1,QwenManualHybridLinear,0.03436800092458725
manual,466,model.layers.2.mlp.gate_proj,mlp.gate_proj,decode,1,QwenManualHybridLinear,0.02252800017595291
manual,467,model.layers.2.mlp.up_proj,mlp.up_proj,decode,1,QwenHybridDenseNVFP4Linear,0.02252800017595291
manual,468,model.layers.2.mlp.down_proj,mlp.down_proj,decode,1,QwenManualHybridLinear,0.02252800017595291
manual,469,model.layers.3.self_attn.q_proj,self_attn.q_proj,decode,1,QwenManualHybridLinear,0.058848001062870026
manual,470,model.layers.3.self_attn.k_proj,self_attn.k_proj,decode,1,QwenManualHybridLinear,0.053599998354911804
manual,471,model.layers.3.self_attn.v_proj,self_attn.v_proj,decode,1,QwenManualHybridLinear,0.04700800031423569
manual,472,model.layers.3.self_attn.o_proj,self_attn.o_proj,decode,1,QwenManualHybridLinear,0.034304000437259674
manual,473,model.layers.3.mlp.gate_proj,mlp.gate_proj,decode,1,QwenManualHybridLinear,0.022495999932289124
manual,474,model.layers.3.mlp.up_proj,mlp.up_proj,decode,1,QwenHybridDenseNVFP4Linear,0.02252800017595291
manual,475,model.layers.3.mlp.down_proj,mlp.down_proj,decode,1,QwenManualHybridLinear,0.02252800017595291
manual,476,model.layers.4.self_attn.q_proj,self_attn.q_proj,decode,1,QwenManualHybridLinear,0.0586559996008873
manual,477,model.layers.4.self_attn.k_proj,self_attn.k_proj,decode,1,QwenManualHybridLinear,0.05411199852824211
manual,478,model.layers.4.self_attn.v_proj,self_attn.v_proj,decode,1,QwenManualHybridLinear,0.04822399839758873
manual,479,model.layers.4.self_attn.o_proj,self_attn.o_proj,decode,1,QwenManualHybridLinear,0.033504001796245575
manual,480,model.layers.4.mlp.gate_proj,mlp.gate_proj,decode,1,QwenManualHybridLinear,0.02252800017595291
manual,481,model.layers.4.mlp.up_proj,mlp.up_proj,decode,1,QwenHybridDenseNVFP4Linear,0.020479999482631683
manual,482,model.layers.4.mlp.down_proj,mlp.down_proj,decode,1,QwenManualHybridLinear,0.02252800017595291
manual,483,model.layers.5.self_attn.q_proj,self_attn.q_proj,decode,1,QwenManualHybridLinear,0.06070400029420853
manual,484,model.layers.5.self_attn.k_proj,self_attn.k_proj,decode,1,QwenManualHybridLinear,0.05289600044488907
manual,485,model.layers.5.self_attn.v_proj,self_attn.v_proj,decode,1,QwenManualHybridLinear,0.04918399825692177
manual,486,model.layers.5.self_attn.o_proj,self_attn.o_proj,decode,1,QwenManualHybridLinear,0.033376000821590424
manual,487,model.layers.5.mlp.gate_proj,mlp.gate_proj,decode,1,QwenManualHybridLinear,0.02252800017595291
manual,488,model.layers.5.mlp.up_proj,mlp.up_proj,decode,1,QwenHybridDenseNVFP4Linear,0.02252800017595291
manual,489,model.layers.5.mlp.down_proj,mlp.down_proj,decode,1,QwenManualHybridLinear,0.02252800017595291
manual,490,model.layers.6.self_attn.q_proj,self_attn.q_proj,decode,1,QwenManualHybridLinear,0.06259199976921082
manual,491,model.layers.6.self_attn.k_proj,self_attn.k_proj,decode,1,QwenManualHybridLinear,0.05395200103521347
manual,492,model.layers.6.self_attn.v_proj,self_attn.v_proj,decode,1,QwenManualHybridLinear,0.04732799902558327
manual,493,model.layers.6.self_attn.o_proj,self_attn.o_proj,decode,1,QwenManualHybridLinear,0.03417599946260452
manual,494,model.layers.6.mlp.gate_proj,mlp.gate_proj,decode,1,QwenManualHybridLinear,0.02252800017595291
manual,495,model.layers.6.mlp.up_proj,mlp.up_proj,decode,1,QwenHybridDenseNVFP4Linear,0.02208000048995018
manual,496,model.layers.6.mlp.down_proj,mlp.down_proj,decode,1,QwenManualHybridLinear,0.02252800017595291
manual,497,model.layers.7.self_attn.q_proj,self_attn.q_proj,decode,1,QwenManualHybridLinear,0.05878400057554245
manual,498,model.layers.7.self_attn.k_proj,self_attn.k_proj,decode,1,QwenManualHybridLinear,0.053408000618219376
manual,499,model.layers.7.self_attn.v_proj,self_attn.v_proj,decode,1,QwenManualHybridLinear,0.047231998294591904
manual,500,model.layers.7.self_attn.o_proj,self_attn.o_proj,decode,1,QwenManualHybridLinear,0.03324799984693527
manual,501,model.layers.7.mlp.gate_proj,mlp.gate_proj,decode,1,QwenManualHybridLinear,0.02252800017595291
manual,502,model.layers.7.mlp.up_proj,mlp.up_proj,decode,1,QwenHybridDenseNVFP4Linear,0.022495999932289124
manual,503,model.layers.7.mlp.down_proj,mlp.down_proj,decode,1,QwenManualHybridLinear,0.02252800017595291
manual,504,model.layers.8.self_attn.q_proj,self_attn.q_proj,decode,1,QwenManualHybridLinear,0.05910399928689003
manual,505,model.layers.8.self_attn.k_proj,self_attn.k_proj,decode,1,QwenManualHybridLinear,0.06143999844789505
manual,506,model.layers.8.self_attn.v_proj,self_attn.v_proj,decode,1,QwenManualHybridLinear,0.04825599864125252
manual,507,model.layers.8.self_attn.o_proj,self_attn.o_proj,decode,1,QwenManualHybridLinear,0.030719999223947525
manual,508,model.layers.8.mlp.gate_proj,mlp.gate_proj,decode,1,QwenManualHybridLinear,0.02252800017595291
manual,509,model.layers.8.mlp.up_proj,mlp.up_proj,decode,1,QwenHybridDenseNVFP4Linear,0.02252800017595291
manual,510,model.layers.8.mlp.down_proj,mlp.down_proj,decode,1,QwenManualHybridLinear,0.02252800017595291
manual,511,model.layers.9.self_attn.q_proj,self_attn.q_proj,decode,1,QwenManualHybridLinear,0.06047999858856201
manual,512,model.layers.9.self_attn.k_proj,self_attn.k_proj,decode,1,QwenManualHybridLinear,0.05788800120353699
manual,513,model.layers.9.self_attn.v_proj,self_attn.v_proj,decode,1,QwenManualHybridLinear,0.04608000069856644
manual,514,model.layers.9.self_attn.o_proj,self_attn.o_proj,decode,1,QwenManualHybridLinear,0.031647998839616776
manual,515,model.layers.9.mlp.gate_proj,mlp.gate_proj,decode,1,QwenManualHybridLinear,0.02252800017595291
manual,516,model.layers.9.mlp.up_proj,mlp.up_proj,decode,1,QwenHybridDenseNVFP4Linear,0.02252800017595291
manual,517,model.layers.9.mlp.down_proj,mlp.down_proj,decode,1,QwenManualHybridLinear,0.02252800017595291
manual,518,model.layers.10.self_attn.q_proj,self_attn.q_proj,decode,1,QwenManualHybridLinear,0.0578560009598732
manual,519,model.layers.10.self_attn.k_proj,self_attn.k_proj,decode,1,QwenManualHybridLinear,0.051552001386880875
manual,520,model.layers.10.self_attn.v_proj,self_attn.v_proj,decode,1,QwenManualHybridLinear,0.046879999339580536
manual,521,model.layers.10.self_attn.o_proj,self_attn.o_proj,decode,1,QwenManualHybridLinear,0.03283200040459633
manual,522,model.layers.10.mlp.gate_proj,mlp.gate_proj,decode,1,QwenManualHybridLinear,0.02252800017595291
manual,523,model.layers.10.mlp.up_proj,mlp.up_proj,decode,1,QwenHybridDenseNVFP4Linear,0.02252800017595291
manual,524,model.layers.10.mlp.down_proj,mlp.down_proj,decode,1,QwenManualHybridLinear,0.02252800017595291
manual,525,model.layers.11.self_attn.q_proj,self_attn.q_proj,decode,1,QwenManualHybridLinear,0.05830400064587593
manual,526,model.layers.11.self_attn.k_proj,self_attn.k_proj,decode,1,QwenManualHybridLinear,0.05446400120854378
manual,527,model.layers.11.self_attn.v_proj,self_attn.v_proj,decode,1,QwenManualHybridLinear,0.047231998294591904
manual,528,model.layers.11.self_attn.o_proj,self_attn.o_proj,decode,1,QwenManualHybridLinear,0.03331200033426285
manual,529,model.layers.11.mlp.gate_proj,mlp.gate_proj,decode,1,QwenManualHybridLinear,0.02252800017595291
manual,530,model.layers.11.mlp.up_proj,mlp.up_proj,decode,1,QwenHybridDenseNVFP4Linear,0.02252800017595291
manual,531,model.layers.11.mlp.down_proj,mlp.down_proj,decode,1,QwenManualHybridLinear,0.022495999932289124
manual,532,model.layers.12.self_attn.q_proj,self_attn.q_proj,decode,1,QwenManualHybridLinear,0.057920001447200775
manual,533,model.layers.12.self_attn.k_proj,self_attn.k_proj,decode,1,QwenManualHybridLinear,0.056671999394893646
manual,534,model.layers.12.self_attn.v_proj,self_attn.v_proj,decode,1,QwenManualHybridLinear,0.04758400097489357
manual,535,model.layers.12.self_attn.o_proj,self_attn.o_proj,decode,1,QwenManualHybridLinear,0.03347200155258179
manual,536,model.layers.12.mlp.gate_proj,mlp.gate_proj,decode,1,QwenManualHybridLinear,0.02252800017595291
manual,537,model.layers.12.mlp.up_proj,mlp.up_proj,decode,1,QwenHybridDenseNVFP4Linear,0.02252800017595291
manual,538,model.layers.12.mlp.down_proj,mlp.down_proj,decode,1,QwenManualHybridLinear,0.02252800017595291
manual,539,model.layers.13.self_attn.q_proj,self_attn.q_proj,decode,1,QwenManualHybridLinear,0.06038400158286095
manual,540,model.layers.13.self_attn.k_proj,self_attn.k_proj,decode,1,QwenManualHybridLinear,0.053599998354911804
manual,541,model.layers.13.self_attn.v_proj,self_attn.v_proj,decode,1,QwenManualHybridLinear,0.046592000871896744
manual,542,model.layers.13.self_attn.o_proj,self_attn.o_proj,decode,1,QwenManualHybridLinear,0.03388800099492073
manual,543,model.layers.13.mlp.gate_proj,mlp.gate_proj,decode,1,QwenManualHybridLinear,0.020479999482631683
manual,544,model.layers.13.mlp.up_proj,mlp.up_proj,decode,1,QwenHybridDenseNVFP4Linear,0.022495999932289124
manual,545,model.layers.13.mlp.down_proj,mlp.down_proj,decode,1,QwenManualHybridLinear,0.02252800017595291
manual,546,model.layers.14.self_attn.q_proj,self_attn.q_proj,decode,1,QwenManualHybridLinear,0.060095999389886856
manual,547,model.layers.14.self_attn.k_proj,self_attn.k_proj,decode,1,QwenManualHybridLinear,0.05353600159287453
manual,548,model.layers.14.self_attn.v_proj,self_attn.v_proj,decode,1,QwenManualHybridLinear,0.04569600149989128
manual,549,model.layers.14.self_attn.o_proj,self_attn.o_proj,decode,1,QwenManualHybridLinear,0.03097599931061268
manual,550,model.layers.14.mlp.gate_proj,mlp.gate_proj,decode,1,QwenManualHybridLinear,0.02252800017595291
manual,551,model.layers.14.mlp.up_proj,mlp.up_proj,decode,1,QwenHybridDenseNVFP4Linear,0.02252800017595291
manual,552,model.layers.14.mlp.down_proj,mlp.down_proj,decode,1,QwenManualHybridLinear,0.02252800017595291
manual,553,model.layers.15.self_attn.q_proj,self_attn.q_proj,decode,1,QwenManualHybridLinear,0.05878400057554245
manual,554,model.layers.15.self_attn.k_proj,self_attn.k_proj,decode,1,QwenManualHybridLinear,0.05363199859857559
manual,555,model.layers.15.self_attn.v_proj,self_attn.v_proj,decode,1,QwenManualHybridLinear,0.04713600128889084
manual,556,model.layers.15.self_attn.o_proj,self_attn.o_proj,decode,1,QwenManualHybridLinear,0.033535998314619064
manual,557,model.layers.15.mlp.gate_proj,mlp.gate_proj,decode,1,QwenManualHybridLinear,0.02252800017595291
manual,558,model.layers.15.mlp.up_proj,mlp.up_proj,decode,1,QwenHybridDenseNVFP4Linear,0.020447999238967896
manual,559,model.layers.15.mlp.down_proj,mlp.down_proj,decode,1,QwenManualHybridLinear,0.02252800017595291
manual,560,model.layers.16.self_attn.q_proj,self_attn.q_proj,decode,1,QwenManualHybridLinear,0.0586559996008873
manual,561,model.layers.16.self_attn.k_proj,self_attn.k_proj,decode,1,QwenManualHybridLinear,0.05353600159287453
manual,562,model.layers.16.self_attn.v_proj,self_attn.v_proj,decode,1,QwenManualHybridLinear,0.04633599892258644
manual,563,model.layers.16.self_attn.o_proj,self_attn.o_proj,decode,1,QwenManualHybridLinear,0.03494400158524513
manual,564,model.layers.16.mlp.gate_proj,mlp.gate_proj,decode,1,QwenManualHybridLinear,0.02252800017595291
manual,565,model.layers.16.mlp.up_proj,mlp.up_proj,decode,1,QwenHybridDenseNVFP4Linear,0.02252800017595291
manual,566,model.layers.16.mlp.down_proj,mlp.down_proj,decode,1,QwenManualHybridLinear,0.02300800010561943
manual,567,model.layers.17.self_attn.q_proj,self_attn.q_proj,decode,1,QwenManualHybridLinear,0.05859199911355972
manual,568,model.layers.17.self_attn.k_proj,self_attn.k_proj,decode,1,QwenManualHybridLinear,0.05392000079154968
manual,569,model.layers.17.self_attn.v_proj,self_attn.v_proj,decode,1,QwenManualHybridLinear,0.05023999884724617
manual,570,model.layers.17.self_attn.o_proj,self_attn.o_proj,decode,1,QwenManualHybridLinear,0.033504001796245575
manual,571,model.layers.17.mlp.gate_proj,mlp.gate_proj,decode,1,QwenManualHybridLinear,0.02252800017595291
manual,572,model.layers.17.mlp.up_proj,mlp.up_proj,decode,1,QwenHybridDenseNVFP4Linear,0.02252800017595291
manual,573,model.layers.17.mlp.down_proj,mlp.down_proj,decode,1,QwenManualHybridLinear,0.02252800017595291
manual,574,model.layers.18.self_attn.q_proj,self_attn.q_proj,decode,1,QwenManualHybridLinear,0.057023998349905014
manual,575,model.layers.18.self_attn.k_proj,self_attn.k_proj,decode,1,QwenManualHybridLinear,0.05363199859857559
manual,576,model.layers.18.self_attn.v_proj,self_attn.v_proj,decode,1,QwenManualHybridLinear,0.047359999269247055
manual,577,model.layers.18.self_attn.o_proj,self_attn.o_proj,decode,1,QwenManualHybridLinear,0.03407999873161316
manual,578,model.layers.18.mlp.gate_proj,mlp.gate_proj,decode,1,QwenManualHybridLinear,0.02252800017595291
manual,579,model.layers.18.mlp.up_proj,mlp.up_proj,decode,1,QwenHybridDenseNVFP4Linear,0.02252800017595291
manual,580,model.layers.18.mlp.down_proj,mlp.down_proj,decode,1,QwenManualHybridLinear,0.02252800017595291
manual,581,model.layers.19.self_attn.q_proj,self_attn.q_proj,decode,1,QwenManualHybridLinear,0.05772799998521805
manual,582,model.layers.19.self_attn.k_proj,self_attn.k_proj,decode,1,QwenManualHybridLinear,0.05315199866890907
manual,583,model.layers.19.self_attn.v_proj,self_attn.v_proj,decode,1,QwenManualHybridLinear,0.04662400111556053
manual,584,model.layers.19.self_attn.o_proj,self_attn.o_proj,decode,1,QwenManualHybridLinear,0.03363199904561043
manual,585,model.layers.19.mlp.gate_proj,mlp.gate_proj,decode,1,QwenManualHybridLinear,0.02252800017595291
manual,586,model.layers.19.mlp.up_proj,mlp.up_proj,decode,1,QwenHybridDenseNVFP4Linear,0.02252800017595291
manual,587,model.layers.19.mlp.down_proj,mlp.down_proj,decode,1,QwenManualHybridLinear,0.02252800017595291
manual,588,model.layers.20.self_attn.q_proj,self_attn.q_proj,decode,1,QwenManualHybridLinear,0.05769599974155426
manual,589,model.layers.20.self_attn.k_proj,self_attn.k_proj,decode,1,QwenManualHybridLinear,0.052480001002550125
manual,590,model.layers.20.self_attn.v_proj,self_attn.v_proj,decode,1,QwenManualHybridLinear,0.04700800031423569
manual,591,model.layers.20.self_attn.o_proj,self_attn.o_proj,decode,1,QwenManualHybridLinear,0.030688000842928886
manual,592,model.layers.20.mlp.gate_proj,mlp.gate_proj,decode,1,QwenManualHybridLinear,0.02252800017595291
manual,593,model.layers.20.mlp.up_proj,mlp.up_proj,decode,1,QwenHybridDenseNVFP4Linear,0.02252800017595291
manual,594,model.layers.20.mlp.down_proj,mlp.down_proj,decode,1,QwenManualHybridLinear,0.02252800017595291
manual,595,model.layers.21.self_attn.q_proj,self_attn.q_proj,decode,1,QwenManualHybridLinear,0.059167999774217606
manual,596,model.layers.21.self_attn.k_proj,self_attn.k_proj,decode,1,QwenManualHybridLinear,0.053408000618219376
manual,597,model.layers.21.self_attn.v_proj,self_attn.v_proj,decode,1,QwenManualHybridLinear,0.04492799937725067
manual,598,model.layers.21.self_attn.o_proj,self_attn.o_proj,decode,1,QwenManualHybridLinear,0.03440000116825104
manual,599,model.layers.21.mlp.gate_proj,mlp.gate_proj,decode,1,QwenManualHybridLinear,0.02252800017595291
manual,600,model.layers.21.mlp.up_proj,mlp.up_proj,decode,1,QwenHybridDenseNVFP4Linear,0.02252800017595291
manual,601,model.layers.21.mlp.down_proj,mlp.down_proj,decode,1,QwenManualHybridLinear,0.02252800017595291
manual,602,model.layers.22.self_attn.q_proj,self_attn.q_proj,decode,1,QwenManualHybridLinear,0.05830400064587593
manual,603,model.layers.22.self_attn.k_proj,self_attn.k_proj,decode,1,QwenManualHybridLinear,0.052960000932216644
manual,604,model.layers.22.self_attn.v_proj,self_attn.v_proj,decode,1,QwenManualHybridLinear,0.04569600149989128
manual,605,model.layers.22.self_attn.o_proj,self_attn.o_proj,decode,1,QwenManualHybridLinear,0.03308799862861633
manual,606,model.layers.22.mlp.gate_proj,mlp.gate_proj,decode,1,QwenManualHybridLinear,0.02252800017595291
manual,607,model.layers.22.mlp.up_proj,mlp.up_proj,decode,1,QwenHybridDenseNVFP4Linear,0.02252800017595291
manual,608,model.layers.22.mlp.down_proj,mlp.down_proj,decode,1,QwenManualHybridLinear,0.026623999699950218
manual,609,model.layers.23.self_attn.q_proj,self_attn.q_proj,decode,1,QwenManualHybridLinear,0.0642239972949028
manual,610,model.layers.23.self_attn.k_proj,self_attn.k_proj,decode,1,QwenManualHybridLinear,0.053599998354911804
manual,611,model.layers.23.self_attn.v_proj,self_attn.v_proj,decode,1,QwenManualHybridLinear,0.04732799902558327
manual,612,model.layers.23.self_attn.o_proj,self_attn.o_proj,decode,1,QwenManualHybridLinear,0.03465599939227104
manual,613,model.layers.23.mlp.gate_proj,mlp.gate_proj,decode,1,QwenManualHybridLinear,0.02252800017595291
manual,614,model.layers.23.mlp.up_proj,mlp.up_proj,decode,1,QwenHybridDenseNVFP4Linear,0.02252800017595291
manual,615,model.layers.23.mlp.down_proj,mlp.down_proj,decode,1,QwenManualHybridLinear,0.02252800017595291
manual,616,model.layers.24.self_attn.q_proj,self_attn.q_proj,decode,1,QwenManualHybridLinear,0.05833600088953972
manual,617,model.layers.24.self_attn.k_proj,self_attn.k_proj,decode,1,QwenManualHybridLinear,0.054016001522541046
manual,618,model.layers.24.self_attn.v_proj,self_attn.v_proj,decode,1,QwenManualHybridLinear,0.051263999193906784
manual,619,model.layers.24.self_attn.o_proj,self_attn.o_proj,decode,1,QwenManualHybridLinear,0.034623999148607254
manual,620,model.layers.24.mlp.gate_proj,mlp.gate_proj,decode,1,QwenManualHybridLinear,0.02252800017595291
manual,621,model.layers.24.mlp.up_proj,mlp.up_proj,decode,1,QwenHybridDenseNVFP4Linear,0.02252800017595291
manual,622,model.layers.24.mlp.down_proj,mlp.down_proj,decode,1,QwenManualHybridLinear,0.02252800017595291
manual,623,model.layers.25.self_attn.q_proj,self_attn.q_proj,decode,1,QwenManualHybridLinear,0.06022400036454201
manual,624,model.layers.25.self_attn.k_proj,self_attn.k_proj,decode,1,QwenManualHybridLinear,0.05177599936723709
manual,625,model.layers.25.self_attn.v_proj,self_attn.v_proj,decode,1,QwenManualHybridLinear,0.04681599885225296
manual,626,model.layers.25.self_attn.o_proj,self_attn.o_proj,decode,1,QwenManualHybridLinear,0.034304000437259674
manual,627,model.layers.25.mlp.gate_proj,mlp.gate_proj,decode,1,QwenManualHybridLinear,0.02252800017595291
manual,628,model.layers.25.mlp.up_proj,mlp.up_proj,decode,1,QwenHybridDenseNVFP4Linear,0.020479999482631683
manual,629,model.layers.25.mlp.down_proj,mlp.down_proj,decode,1,QwenManualHybridLinear,0.02252800017595291
manual,630,model.layers.26.self_attn.q_proj,self_attn.q_proj,decode,1,QwenManualHybridLinear,0.061535999178886414
manual,631,model.layers.26.self_attn.k_proj,self_attn.k_proj,decode,1,QwenManualHybridLinear,0.05385600030422211
manual,632,model.layers.26.self_attn.v_proj,self_attn.v_proj,decode,1,QwenManualHybridLinear,0.04835199937224388
manual,633,model.layers.26.self_attn.o_proj,self_attn.o_proj,decode,1,QwenManualHybridLinear,0.03244800120592117
manual,634,model.layers.26.mlp.gate_proj,mlp.gate_proj,decode,1,QwenManualHybridLinear,0.02252800017595291
manual,635,model.layers.26.mlp.up_proj,mlp.up_proj,decode,1,QwenHybridDenseNVFP4Linear,0.02252800017595291
manual,636,model.layers.26.mlp.down_proj,mlp.down_proj,decode,1,QwenManualHybridLinear,0.02252800017595291
manual,637,model.layers.27.self_attn.q_proj,self_attn.q_proj,decode,1,QwenManualHybridLinear,0.06015999987721443
manual,638,model.layers.27.self_attn.k_proj,self_attn.k_proj,decode,1,QwenManualHybridLinear,0.05289600044488907
manual,639,model.layers.27.self_attn.v_proj,self_attn.v_proj,decode,1,QwenManualHybridLinear,0.050464000552892685
manual,640,model.layers.27.self_attn.o_proj,self_attn.o_proj,decode,1,QwenManualHybridLinear,0.03488000109791756
manual,641,model.layers.27.mlp.gate_proj,mlp.gate_proj,decode,1,QwenManualHybridLinear,0.022495999932289124
manual,642,model.layers.27.mlp.up_proj,mlp.up_proj,decode,1,QwenHybridDenseNVFP4Linear,0.02252800017595291
manual,643,model.layers.27.mlp.down_proj,mlp.down_proj,decode,1,QwenManualHybridLinear,0.02252800017595291
manual,644,model.layers.28.self_attn.q_proj,self_attn.q_proj,decode,1,QwenManualHybridLinear,0.057440001517534256
manual,645,model.layers.28.self_attn.k_proj,self_attn.k_proj,decode,1,QwenManualHybridLinear,0.05423999950289726
manual,646,model.layers.28.self_attn.v_proj,self_attn.v_proj,decode,1,QwenManualHybridLinear,0.05455999821424484
manual,647,model.layers.28.self_attn.o_proj,self_attn.o_proj,decode,1,QwenManualHybridLinear,0.0318400003015995
manual,648,model.layers.28.mlp.gate_proj,mlp.gate_proj,decode,1,QwenManualHybridLinear,0.022495999932289124
manual,649,model.layers.28.mlp.up_proj,mlp.up_proj,decode,1,QwenHybridDenseNVFP4Linear,0.02252800017595291
manual,650,model.layers.28.mlp.down_proj,mlp.down_proj,decode,1,QwenManualHybridLinear,0.02252800017595291
manual,651,model.layers.29.self_attn.q_proj,self_attn.q_proj,decode,1,QwenManualHybridLinear,0.05999999865889549
manual,652,model.layers.29.self_attn.k_proj,self_attn.k_proj,decode,1,QwenManualHybridLinear,0.053408000618219376
manual,653,model.layers.29.self_attn.v_proj,self_attn.v_proj,decode,1,QwenManualHybridLinear,0.04931199923157692
manual,654,model.layers.29.self_attn.o_proj,self_attn.o_proj,decode,1,QwenManualHybridLinear,0.03465599939227104
manual,655,model.layers.29.mlp.gate_proj,mlp.gate_proj,decode,1,QwenManualHybridLinear,0.02252800017595291
manual,656,model.layers.29.mlp.up_proj,mlp.up_proj,decode,1,QwenHybridDenseNVFP4Linear,0.02252800017595291
manual,657,model.layers.29.mlp.down_proj,mlp.down_proj,decode,1,QwenManualHybridLinear,0.02252800017595291
manual,658,model.layers.30.self_attn.q_proj,self_attn.q_proj,decode,1,QwenManualHybridLinear,0.05878400057554245
manual,659,model.layers.30.self_attn.k_proj,self_attn.k_proj,decode,1,QwenManualHybridLinear,0.05158400163054466
manual,660,model.layers.30.self_attn.v_proj,self_attn.v_proj,decode,1,QwenManualHybridLinear,0.04915200173854828
manual,661,model.layers.30.self_attn.o_proj,self_attn.o_proj,decode,1,QwenManualHybridLinear,0.03376000002026558
manual,662,model.layers.30.mlp.gate_proj,mlp.gate_proj,decode,1,QwenManualHybridLinear,0.02252800017595291
manual,663,model.layers.30.mlp.up_proj,mlp.up_proj,decode,1,QwenHybridDenseNVFP4Linear,0.02252800017595291
manual,664,model.layers.30.mlp.down_proj,mlp.down_proj,decode,1,QwenManualHybridLinear,0.02252800017595291
manual,665,model.layers.31.self_attn.q_proj,self_attn.q_proj,decode,1,QwenManualHybridLinear,0.058111999183893204
manual,666,model.layers.31.self_attn.k_proj,self_attn.k_proj,decode,1,QwenManualHybridLinear,0.05315199866890907
manual,667,model.layers.31.self_attn.v_proj,self_attn.v_proj,decode,1,QwenManualHybridLinear,0.047359999269247055
manual,668,model.layers.31.self_attn.o_proj,self_attn.o_proj,decode,1,QwenManualHybridLinear,0.030719999223947525
manual,669,model.layers.31.mlp.gate_proj,mlp.gate_proj,decode,1,QwenManualHybridLinear,0.02252800017595291
manual,670,model.layers.31.mlp.up_proj,mlp.up_proj,decode,1,QwenHybridDenseNVFP4Linear,0.02252800017595291
manual,671,model.layers.31.mlp.down_proj,mlp.down_proj,decode,1,QwenManualHybridLinear,0.02252800017595291
manual,672,model.layers.0.self_attn.q_proj,self_attn.q_proj,decode,1,QwenManualHybridLinear,0.0711359977722168
manual,673,model.layers.0.self_attn.k_proj,self_attn.k_proj,decode,1,QwenManualHybridLinear,0.07388799637556076
manual,674,model.layers.0.self_attn.v_proj,self_attn.v_proj,decode,1,QwenManualHybridLinear,0.05321599915623665
manual,675,model.layers.0.self_attn.o_proj,self_attn.o_proj,decode,1,QwenManualHybridLinear,0.03411199897527695
manual,676,model.layers.0.mlp.gate_proj,mlp.gate_proj,decode,1,QwenManualHybridLinear,0.02252800017595291
manual,677,model.layers.0.mlp.up_proj,mlp.up_proj,decode,1,QwenHybridDenseNVFP4Linear,0.02252800017595291
manual,678,model.layers.0.mlp.down_proj,mlp.down_proj,decode,1,QwenManualHybridLinear,0.02252800017595291
manual,679,model.layers.1.self_attn.q_proj,self_attn.q_proj,decode,1,QwenManualHybridLinear,0.06003199890255928
manual,680,model.layers.1.self_attn.k_proj,self_attn.k_proj,decode,1,QwenManualHybridLinear,0.053247999399900436
manual,681,model.layers.1.self_attn.v_proj,self_attn.v_proj,decode,1,QwenManualHybridLinear,0.04726399853825569
manual,682,model.layers.1.self_attn.o_proj,self_attn.o_proj,decode,1,QwenManualHybridLinear,0.03328000009059906
manual,683,model.layers.1.mlp.gate_proj,mlp.gate_proj,decode,1,QwenManualHybridLinear,0.02252800017595291
manual,684,model.layers.1.mlp.up_proj,mlp.up_proj,decode,1,QwenHybridDenseNVFP4Linear,0.02252800017595291
manual,685,model.layers.1.mlp.down_proj,mlp.down_proj,decode,1,QwenManualHybridLinear,0.02252800017595291
manual,686,model.layers.2.self_attn.q_proj,self_attn.q_proj,decode,1,QwenManualHybridLinear,0.06047999858856201
manual,687,model.layers.2.self_attn.k_proj,self_attn.k_proj,decode,1,QwenManualHybridLinear,0.05484800040721893
manual,688,model.layers.2.self_attn.v_proj,self_attn.v_proj,decode,1,QwenManualHybridLinear,0.04739199951291084
manual,689,model.layers.2.self_attn.o_proj,self_attn.o_proj,decode,1,QwenManualHybridLinear,0.03292800113558769
manual,690,model.layers.2.mlp.gate_proj,mlp.gate_proj,decode,1,QwenManualHybridLinear,0.02252800017595291
manual,691,model.layers.2.mlp.up_proj,mlp.up_proj,decode,1,QwenHybridDenseNVFP4Linear,0.02252800017595291
manual,692,model.layers.2.mlp.down_proj,mlp.down_proj,decode,1,QwenManualHybridLinear,0.022112000733613968
manual,693,model.layers.3.self_attn.q_proj,self_attn.q_proj,decode,1,QwenManualHybridLinear,0.05974400043487549
manual,694,model.layers.3.self_attn.k_proj,self_attn.k_proj,decode,1,QwenManualHybridLinear,0.05347200110554695
manual,695,model.layers.3.self_attn.v_proj,self_attn.v_proj,decode,1,QwenManualHybridLinear,0.04729599878191948
manual,696,model.layers.3.self_attn.o_proj,self_attn.o_proj,decode,1,QwenManualHybridLinear,0.03311999887228012
manual,697,model.layers.3.mlp.gate_proj,mlp.gate_proj,decode,1,QwenManualHybridLinear,0.02252800017595291
manual,698,model.layers.3.mlp.up_proj,mlp.up_proj,decode,1,QwenHybridDenseNVFP4Linear,0.02252800017595291
manual,699,model.layers.3.mlp.down_proj,mlp.down_proj,decode,1,QwenManualHybridLinear,0.02252800017595291
manual,700,model.layers.4.self_attn.q_proj,self_attn.q_proj,decode,1,QwenManualHybridLinear,0.059007998555898666
manual,701,model.layers.4.self_attn.k_proj,self_attn.k_proj,decode,1,QwenManualHybridLinear,0.052000001072883606
manual,702,model.layers.4.self_attn.v_proj,self_attn.v_proj,decode,1,QwenManualHybridLinear,0.045951999723911285
manual,703,model.layers.4.self_attn.o_proj,self_attn.o_proj,decode,1,QwenManualHybridLinear,0.033952001482248306
manual,704,model.layers.4.mlp.gate_proj,mlp.gate_proj,decode,1,QwenManualHybridLinear,0.02252800017595291
manual,705,model.layers.4.mlp.up_proj,mlp.up_proj,decode,1,QwenHybridDenseNVFP4Linear,0.02252800017595291
manual,706,model.layers.4.mlp.down_proj,mlp.down_proj,decode,1,QwenManualHybridLinear,0.02252800017595291
manual,707,model.layers.5.self_attn.q_proj,self_attn.q_proj,decode,1,QwenManualHybridLinear,0.06665600091218948
manual,708,model.layers.5.self_attn.k_proj,self_attn.k_proj,decode,1,QwenManualHybridLinear,0.05273599922657013
manual,709,model.layers.5.self_attn.v_proj,self_attn.v_proj,decode,1,QwenManualHybridLinear,0.04620800167322159
manual,710,model.layers.5.self_attn.o_proj,self_attn.o_proj,decode,1,QwenManualHybridLinear,0.03404799848794937
manual,711,model.layers.5.mlp.gate_proj,mlp.gate_proj,decode,1,QwenManualHybridLinear,0.02252800017595291
manual,712,model.layers.5.mlp.up_proj,mlp.up_proj,decode,1,QwenHybridDenseNVFP4Linear,0.02252800017595291
manual,713,model.layers.5.mlp.down_proj,mlp.down_proj,decode,1,QwenManualHybridLinear,0.02252800017595291
manual,714,model.layers.6.self_attn.q_proj,self_attn.q_proj,decode,1,QwenManualHybridLinear,0.05894400179386139
manual,715,model.layers.6.self_attn.k_proj,self_attn.k_proj,decode,1,QwenManualHybridLinear,0.05177599936723709
manual,716,model.layers.6.self_attn.v_proj,self_attn.v_proj,decode,1,QwenManualHybridLinear,0.044895999133586884
manual,717,model.layers.6.self_attn.o_proj,self_attn.o_proj,decode,1,QwenManualHybridLinear,0.03276799991726875
manual,718,model.layers.6.mlp.gate_proj,mlp.gate_proj,decode,1,QwenManualHybridLinear,0.020479999482631683
manual,719,model.layers.6.mlp.up_proj,mlp.up_proj,decode,1,QwenHybridDenseNVFP4Linear,0.02252800017595291
manual,720,model.layers.6.mlp.down_proj,mlp.down_proj,decode,1,QwenManualHybridLinear,0.02252800017595291
manual,721,model.layers.7.self_attn.q_proj,self_attn.q_proj,decode,1,QwenManualHybridLinear,0.06067200005054474
manual,722,model.layers.7.self_attn.k_proj,self_attn.k_proj,decode,1,QwenManualHybridLinear,0.05350400134921074
manual,723,model.layers.7.self_attn.v_proj,self_attn.v_proj,decode,1,QwenManualHybridLinear,0.04710400104522705
manual,724,model.layers.7.self_attn.o_proj,self_attn.o_proj,decode,1,QwenManualHybridLinear,0.03484800085425377
manual,725,model.layers.7.mlp.gate_proj,mlp.gate_proj,decode,1,QwenManualHybridLinear,0.02252800017595291
manual,726,model.layers.7.mlp.up_proj,mlp.up_proj,decode,1,QwenHybridDenseNVFP4Linear,0.02252800017595291
manual,727,model.layers.7.mlp.down_proj,mlp.down_proj,decode,1,QwenManualHybridLinear,0.02252800017595291
manual,728,model.layers.8.self_attn.q_proj,self_attn.q_proj,decode,1,QwenManualHybridLinear,0.05740800127387047
manual,729,model.layers.8.self_attn.k_proj,self_attn.k_proj,decode,1,QwenManualHybridLinear,0.054655998945236206
manual,730,model.layers.8.self_attn.v_proj,self_attn.v_proj,decode,1,QwenManualHybridLinear,0.04633599892258644
manual,731,model.layers.8.self_attn.o_proj,self_attn.o_proj,decode,1,QwenManualHybridLinear,0.03436800092458725
manual,732,model.layers.8.mlp.gate_proj,mlp.gate_proj,decode,1,QwenManualHybridLinear,0.02252800017595291
manual,733,model.layers.8.mlp.up_proj,mlp.up_proj,decode,1,QwenHybridDenseNVFP4Linear,0.02252800017595291
manual,734,model.layers.8.mlp.down_proj,mlp.down_proj,decode,1,QwenManualHybridLinear,0.02252800017595291
manual,735,model.layers.9.self_attn.q_proj,self_attn.q_proj,decode,1,QwenManualHybridLinear,0.05788800120353699
manual,736,model.layers.9.self_attn.k_proj,self_attn.k_proj,decode,1,QwenManualHybridLinear,0.05337600037455559
manual,737,model.layers.9.self_attn.v_proj,self_attn.v_proj,decode,1,QwenManualHybridLinear,0.04608000069856644
manual,738,model.layers.9.self_attn.o_proj,self_attn.o_proj,decode,1,QwenManualHybridLinear,0.033824000507593155
manual,739,model.layers.9.mlp.gate_proj,mlp.gate_proj,decode,1,QwenManualHybridLinear,0.02252800017595291
manual,740,model.layers.9.mlp.up_proj,mlp.up_proj,decode,1,QwenHybridDenseNVFP4Linear,0.02252800017595291
manual,741,model.layers.9.mlp.down_proj,mlp.down_proj,decode,1,QwenManualHybridLinear,0.02252800017595291
manual,742,model.layers.10.self_attn.q_proj,self_attn.q_proj,decode,1,QwenManualHybridLinear,0.05875200033187866
manual,743,model.layers.10.self_attn.k_proj,self_attn.k_proj,decode,1,QwenManualHybridLinear,0.0525440014898777
manual,744,model.layers.10.self_attn.v_proj,self_attn.v_proj,decode,1,QwenManualHybridLinear,0.04652800038456917
manual,745,model.layers.10.self_attn.o_proj,self_attn.o_proj,decode,1,QwenManualHybridLinear,0.03385600075125694
manual,746,model.layers.10.mlp.gate_proj,mlp.gate_proj,decode,1,QwenManualHybridLinear,0.02252800017595291
manual,747,model.layers.10.mlp.up_proj,mlp.up_proj,decode,1,QwenHybridDenseNVFP4Linear,0.02252800017595291
manual,748,model.layers.10.mlp.down_proj,mlp.down_proj,decode,1,QwenManualHybridLinear,0.02252800017595291
manual,749,model.layers.11.self_attn.q_proj,self_attn.q_proj,decode,1,QwenManualHybridLinear,0.05929600074887276
manual,750,model.layers.11.self_attn.k_proj,self_attn.k_proj,decode,1,QwenManualHybridLinear,0.052960000932216644
manual,751,model.layers.11.self_attn.v_proj,self_attn.v_proj,decode,1,QwenManualHybridLinear,0.045471999794244766
manual,752,model.layers.11.self_attn.o_proj,self_attn.o_proj,decode,1,QwenManualHybridLinear,0.03468799963593483
manual,753,model.layers.11.mlp.gate_proj,mlp.gate_proj,decode,1,QwenManualHybridLinear,0.02252800017595291
manual,754,model.layers.11.mlp.up_proj,mlp.up_proj,decode,1,QwenHybridDenseNVFP4Linear,0.02252800017595291
manual,755,model.layers.11.mlp.down_proj,mlp.down_proj,decode,1,QwenManualHybridLinear,0.02252800017595291
manual,756,model.layers.12.self_attn.q_proj,self_attn.q_proj,decode,1,QwenManualHybridLinear,0.057472001761198044
manual,757,model.layers.12.self_attn.k_proj,self_attn.k_proj,decode,1,QwenManualHybridLinear,0.05222399905323982
manual,758,model.layers.12.self_attn.v_proj,self_attn.v_proj,decode,1,QwenManualHybridLinear,0.04614400118589401
manual,759,model.layers.12.self_attn.o_proj,self_attn.o_proj,decode,1,QwenManualHybridLinear,0.03420799970626831
manual,760,model.layers.12.mlp.gate_proj,mlp.gate_proj,decode,1,QwenManualHybridLinear,0.02252800017595291
manual,761,model.layers.12.mlp.up_proj,mlp.up_proj,decode,1,QwenHybridDenseNVFP4Linear,0.02252800017595291
manual,762,model.layers.12.mlp.down_proj,mlp.down_proj,decode,1,QwenManualHybridLinear,0.022495999932289124
manual,763,model.layers.13.self_attn.q_proj,self_attn.q_proj,decode,1,QwenManualHybridLinear,0.06111999973654747
manual,764,model.layers.13.self_attn.k_proj,self_attn.k_proj,decode,1,QwenManualHybridLinear,0.05363199859857559
manual,765,model.layers.13.self_attn.v_proj,self_attn.v_proj,decode,1,QwenManualHybridLinear,0.04665600135922432
manual,766,model.layers.13.self_attn.o_proj,self_attn.o_proj,decode,1,QwenManualHybridLinear,0.03308799862861633
manual,767,model.layers.13.mlp.gate_proj,mlp.gate_proj,decode,1,QwenManualHybridLinear,0.02252800017595291
manual,768,model.layers.13.mlp.up_proj,mlp.up_proj,decode,1,QwenHybridDenseNVFP4Linear,0.02252800017595291
manual,769,model.layers.13.mlp.down_proj,mlp.down_proj,decode,1,QwenManualHybridLinear,0.022495999932289124
manual,770,model.layers.14.self_attn.q_proj,self_attn.q_proj,decode,1,QwenManualHybridLinear,0.05692800134420395
manual,771,model.layers.14.self_attn.k_proj,self_attn.k_proj,decode,1,QwenManualHybridLinear,0.05257600173354149
manual,772,model.layers.14.self_attn.v_proj,self_attn.v_proj,decode,1,QwenManualHybridLinear,0.04604800045490265
manual,773,model.layers.14.self_attn.o_proj,self_attn.o_proj,decode,1,QwenManualHybridLinear,0.03468799963593483
manual,774,model.layers.14.mlp.gate_proj,mlp.gate_proj,decode,1,QwenManualHybridLinear,0.02252800017595291
manual,775,model.layers.14.mlp.up_proj,mlp.up_proj,decode,1,QwenHybridDenseNVFP4Linear,0.02252800017595291
manual,776,model.layers.14.mlp.down_proj,mlp.down_proj,decode,1,QwenManualHybridLinear,0.02252800017595291
manual,777,model.layers.15.self_attn.q_proj,self_attn.q_proj,decode,1,QwenManualHybridLinear,0.05951999872922897
manual,778,model.layers.15.self_attn.k_proj,self_attn.k_proj,decode,1,QwenManualHybridLinear,0.052191998809576035
manual,779,model.layers.15.self_attn.v_proj,self_attn.v_proj,decode,1,QwenManualHybridLinear,0.047839999198913574
manual,780,model.layers.15.self_attn.o_proj,self_attn.o_proj,decode,1,QwenManualHybridLinear,0.03548799827694893
manual,781,model.layers.15.mlp.gate_proj,mlp.gate_proj,decode,1,QwenManualHybridLinear,0.02252800017595291
manual,782,model.layers.15.mlp.up_proj,mlp.up_proj,decode,1,QwenHybridDenseNVFP4Linear,0.02252800017595291
manual,783,model.layers.15.mlp.down_proj,mlp.down_proj,decode,1,QwenManualHybridLinear,0.02252800017595291
manual,784,model.layers.16.self_attn.q_proj,self_attn.q_proj,decode,1,QwenManualHybridLinear,0.057312000542879105
manual,785,model.layers.16.self_attn.k_proj,self_attn.k_proj,decode,1,QwenManualHybridLinear,0.054687999188899994
manual,786,model.layers.16.self_attn.v_proj,self_attn.v_proj,decode,1,QwenManualHybridLinear,0.050303999334573746
manual,787,model.layers.16.self_attn.o_proj,self_attn.o_proj,decode,1,QwenManualHybridLinear,0.033824000507593155
manual,788,model.layers.16.mlp.gate_proj,mlp.gate_proj,decode,1,QwenManualHybridLinear,0.02252800017595291
manual,789,model.layers.16.mlp.up_proj,mlp.up_proj,decode,1,QwenHybridDenseNVFP4Linear,0.02252800017595291
manual,790,model.layers.16.mlp.down_proj,mlp.down_proj,decode,1,QwenManualHybridLinear,0.02252800017595291
manual,791,model.layers.17.self_attn.q_proj,self_attn.q_proj,decode,1,QwenManualHybridLinear,0.05923200026154518
manual,792,model.layers.17.self_attn.k_proj,self_attn.k_proj,decode,1,QwenManualHybridLinear,0.05315199866890907
manual,793,model.layers.17.self_attn.v_proj,self_attn.v_proj,decode,1,QwenManualHybridLinear,0.0498879998922348
manual,794,model.layers.17.self_attn.o_proj,self_attn.o_proj,decode,1,QwenManualHybridLinear,0.03411199897527695
manual,795,model.layers.17.mlp.gate_proj,mlp.gate_proj,decode,1,QwenManualHybridLinear,0.020479999482631683
manual,796,model.layers.17.mlp.up_proj,mlp.up_proj,decode,1,QwenHybridDenseNVFP4Linear,0.02252800017595291
manual,797,model.layers.17.mlp.down_proj,mlp.down_proj,decode,1,QwenManualHybridLinear,0.02252800017595291
manual,798,model.layers.18.self_attn.q_proj,self_attn.q_proj,decode,1,QwenManualHybridLinear,0.0589120015501976
manual,799,model.layers.18.self_attn.k_proj,self_attn.k_proj,decode,1,QwenManualHybridLinear,0.05270399898290634
manual,800,model.layers.18.self_attn.v_proj,self_attn.v_proj,decode,1,QwenManualHybridLinear,0.05116799846291542
manual,801,model.layers.18.self_attn.o_proj,self_attn.o_proj,decode,1,QwenManualHybridLinear,0.03232000023126602
manual,802,model.layers.18.mlp.gate_proj,mlp.gate_proj,decode,1,QwenManualHybridLinear,0.02252800017595291
manual,803,model.layers.18.mlp.up_proj,mlp.up_proj,decode,1,QwenHybridDenseNVFP4Linear,0.02252800017595291
manual,804,model.layers.18.mlp.down_proj,mlp.down_proj,decode,1,QwenManualHybridLinear,0.02252800017595291
manual,805,model.layers.19.self_attn.q_proj,self_attn.q_proj,decode,1,QwenManualHybridLinear,0.05939200147986412
manual,806,model.layers.19.self_attn.k_proj,self_attn.k_proj,decode,1,QwenManualHybridLinear,0.05353600159287453
manual,807,model.layers.19.self_attn.v_proj,self_attn.v_proj,decode,1,QwenManualHybridLinear,0.04944000020623207
manual,808,model.layers.19.self_attn.o_proj,self_attn.o_proj,decode,1,QwenManualHybridLinear,0.030719999223947525
manual,809,model.layers.19.mlp.gate_proj,mlp.gate_proj,decode,1,QwenManualHybridLinear,0.02252800017595291
manual,810,model.layers.19.mlp.up_proj,mlp.up_proj,decode,1,QwenHybridDenseNVFP4Linear,0.02252800017595291
manual,811,model.layers.19.mlp.down_proj,mlp.down_proj,decode,1,QwenManualHybridLinear,0.02252800017595291
manual,812,model.layers.20.self_attn.q_proj,self_attn.q_proj,decode,1,QwenManualHybridLinear,0.05990400165319443
manual,813,model.layers.20.self_attn.k_proj,self_attn.k_proj,decode,1,QwenManualHybridLinear,0.054687999188899994
manual,814,model.layers.20.self_attn.v_proj,self_attn.v_proj,decode,1,QwenManualHybridLinear,0.05036799982190132
manual,815,model.layers.20.self_attn.o_proj,self_attn.o_proj,decode,1,QwenManualHybridLinear,0.03324799984693527
manual,816,model.layers.20.mlp.gate_proj,mlp.gate_proj,decode,1,QwenManualHybridLinear,0.02252800017595291
manual,817,model.layers.20.mlp.up_proj,mlp.up_proj,decode,1,QwenHybridDenseNVFP4Linear,0.02252800017595291
manual,818,model.layers.20.mlp.down_proj,mlp.down_proj,decode,1,QwenManualHybridLinear,0.022143999114632607
manual,819,model.layers.21.self_attn.q_proj,self_attn.q_proj,decode,1,QwenManualHybridLinear,0.05628800019621849
manual,820,model.layers.21.self_attn.k_proj,self_attn.k_proj,decode,1,QwenManualHybridLinear,0.06400000303983688
manual,821,model.layers.21.self_attn.v_proj,self_attn.v_proj,decode,1,QwenManualHybridLinear,0.055296000093221664
manual,822,model.layers.21.self_attn.o_proj,self_attn.o_proj,decode,1,QwenManualHybridLinear,0.034015998244285583
manual,823,model.layers.21.mlp.gate_proj,mlp.gate_proj,decode,1,QwenManualHybridLinear,0.02252800017595291
manual,824,model.layers.21.mlp.up_proj,mlp.up_proj,decode,1,QwenHybridDenseNVFP4Linear,0.02252800017595291
manual,825,model.layers.21.mlp.down_proj,mlp.down_proj,decode,1,QwenManualHybridLinear,0.02252800017595291
manual,826,model.layers.22.self_attn.q_proj,self_attn.q_proj,decode,1,QwenManualHybridLinear,0.06371200084686279
manual,827,model.layers.22.self_attn.k_proj,self_attn.k_proj,decode,1,QwenManualHybridLinear,0.053408000618219376
manual,828,model.layers.22.self_attn.v_proj,self_attn.v_proj,decode,1,QwenManualHybridLinear,0.04851200059056282
manual,829,model.layers.22.self_attn.o_proj,self_attn.o_proj,decode,1,QwenManualHybridLinear,0.03299200162291527
manual,830,model.layers.22.mlp.gate_proj,mlp.gate_proj,decode,1,QwenManualHybridLinear,0.02252800017595291
manual,831,model.layers.22.mlp.up_proj,mlp.up_proj,decode,1,QwenHybridDenseNVFP4Linear,0.02252800017595291
manual,832,model.layers.22.mlp.down_proj,mlp.down_proj,decode,1,QwenManualHybridLinear,0.02252800017595291
manual,833,model.layers.23.self_attn.q_proj,self_attn.q_proj,decode,1,QwenManualHybridLinear,0.059487998485565186
manual,834,model.layers.23.self_attn.k_proj,self_attn.k_proj,decode,1,QwenManualHybridLinear,0.05206400156021118
manual,835,model.layers.23.self_attn.v_proj,self_attn.v_proj,decode,1,QwenManualHybridLinear,0.046879999339580536
manual,836,model.layers.23.self_attn.o_proj,self_attn.o_proj,decode,1,QwenManualHybridLinear,0.032416000962257385
manual,837,model.layers.23.mlp.gate_proj,mlp.gate_proj,decode,1,QwenManualHybridLinear,0.02252800017595291
manual,838,model.layers.23.mlp.up_proj,mlp.up_proj,decode,1,QwenHybridDenseNVFP4Linear,0.02252800017595291
manual,839,model.layers.23.mlp.down_proj,mlp.down_proj,decode,1,QwenManualHybridLinear,0.02252800017595291
manual,840,model.layers.24.self_attn.q_proj,self_attn.q_proj,decode,1,QwenManualHybridLinear,0.05961599946022034
manual,841,model.layers.24.self_attn.k_proj,self_attn.k_proj,decode,1,QwenManualHybridLinear,0.05363199859857559
manual,842,model.layers.24.self_attn.v_proj,self_attn.v_proj,decode,1,QwenManualHybridLinear,0.04838399961590767
manual,843,model.layers.24.self_attn.o_proj,self_attn.o_proj,decode,1,QwenManualHybridLinear,0.034304000437259674
manual,844,model.layers.24.mlp.gate_proj,mlp.gate_proj,decode,1,QwenManualHybridLinear,0.02252800017595291
manual,845,model.layers.24.mlp.up_proj,mlp.up_proj,decode,1,QwenHybridDenseNVFP4Linear,0.02252800017595291
manual,846,model.layers.24.mlp.down_proj,mlp.down_proj,decode,1,QwenManualHybridLinear,0.02252800017595291
manual,847,model.layers.25.self_attn.q_proj,self_attn.q_proj,decode,1,QwenManualHybridLinear,0.0589120015501976
manual,848,model.layers.25.self_attn.k_proj,self_attn.k_proj,decode,1,QwenManualHybridLinear,0.0514880008995533
manual,849,model.layers.25.self_attn.v_proj,self_attn.v_proj,decode,1,QwenManualHybridLinear,0.04879999905824661
manual,850,model.layers.25.self_attn.o_proj,self_attn.o_proj,decode,1,QwenManualHybridLinear,0.032575998455286026
manual,851,model.layers.25.mlp.gate_proj,mlp.gate_proj,decode,1,QwenManualHybridLinear,0.022495999932289124
manual,852,model.layers.25.mlp.up_proj,mlp.up_proj,decode,1,QwenHybridDenseNVFP4Linear,0.020479999482631683
manual,853,model.layers.25.mlp.down_proj,mlp.down_proj,decode,1,QwenManualHybridLinear,0.02252800017595291
manual,854,model.layers.26.self_attn.q_proj,self_attn.q_proj,decode,1,QwenManualHybridLinear,0.05753599852323532
manual,855,model.layers.26.self_attn.k_proj,self_attn.k_proj,decode,1,QwenManualHybridLinear,0.052928000688552856
manual,856,model.layers.26.self_attn.v_proj,self_attn.v_proj,decode,1,QwenManualHybridLinear,0.04825599864125252
manual,857,model.layers.26.self_attn.o_proj,self_attn.o_proj,decode,1,QwenManualHybridLinear,0.03440000116825104
manual,858,model.layers.26.mlp.gate_proj,mlp.gate_proj,decode,1,QwenManualHybridLinear,0.020479999482631683
manual,859,model.layers.26.mlp.up_proj,mlp.up_proj,decode,1,QwenHybridDenseNVFP4Linear,0.022495999932289124
manual,860,model.layers.26.mlp.down_proj,mlp.down_proj,decode,1,QwenManualHybridLinear,0.02252800017595291
manual,861,model.layers.27.self_attn.q_proj,self_attn.q_proj,decode,1,QwenManualHybridLinear,0.061664000153541565
manual,862,model.layers.27.self_attn.k_proj,self_attn.k_proj,decode,1,QwenManualHybridLinear,0.05491200089454651
manual,863,model.layers.27.self_attn.v_proj,self_attn.v_proj,decode,1,QwenManualHybridLinear,0.04787199944257736
manual,864,model.layers.27.self_attn.o_proj,self_attn.o_proj,decode,1,QwenManualHybridLinear,0.034304000437259674
manual,865,model.layers.27.mlp.gate_proj,mlp.gate_proj,decode,1,QwenManualHybridLinear,0.02252800017595291
manual,866,model.layers.27.mlp.up_proj,mlp.up_proj,decode,1,QwenHybridDenseNVFP4Linear,0.02195199951529503
manual,867,model.layers.27.mlp.down_proj,mlp.down_proj,decode,1,QwenManualHybridLinear,0.02252800017595291
manual,868,model.layers.28.self_attn.q_proj,self_attn.q_proj,decode,1,QwenManualHybridLinear,0.059487998485565186
manual,869,model.layers.28.self_attn.k_proj,self_attn.k_proj,decode,1,QwenManualHybridLinear,0.05299200117588043
manual,870,model.layers.28.self_attn.v_proj,self_attn.v_proj,decode,1,QwenManualHybridLinear,0.04575999826192856
manual,871,model.layers.28.self_attn.o_proj,self_attn.o_proj,decode,1,QwenManualHybridLinear,0.0352960005402565
manual,872,model.layers.28.mlp.gate_proj,mlp.gate_proj,decode,1,QwenManualHybridLinear,0.02252800017595291
manual,873,model.layers.28.mlp.up_proj,mlp.up_proj,decode,1,QwenHybridDenseNVFP4Linear,0.02252800017595291
manual,874,model.layers.28.mlp.down_proj,mlp.down_proj,decode,1,QwenManualHybridLinear,0.02252800017595291
manual,875,model.layers.29.self_attn.q_proj,self_attn.q_proj,decode,1,QwenManualHybridLinear,0.05843200162053108
manual,876,model.layers.29.self_attn.k_proj,self_attn.k_proj,decode,1,QwenManualHybridLinear,0.05273599922657013
manual,877,model.layers.29.self_attn.v_proj,self_attn.v_proj,decode,1,QwenManualHybridLinear,0.047839999198913574
manual,878,model.layers.29.self_attn.o_proj,self_attn.o_proj,decode,1,QwenManualHybridLinear,0.033663999289274216
manual,879,model.layers.29.mlp.gate_proj,mlp.gate_proj,decode,1,QwenManualHybridLinear,0.02252800017595291
manual,880,model.layers.29.mlp.up_proj,mlp.up_proj,decode,1,QwenHybridDenseNVFP4Linear,0.02252800017595291
manual,881,model.layers.29.mlp.down_proj,mlp.down_proj,decode,1,QwenManualHybridLinear,0.02252800017595291
manual,882,model.layers.30.self_attn.q_proj,self_attn.q_proj,decode,1,QwenManualHybridLinear,0.05798399820923805
manual,883,model.layers.30.self_attn.k_proj,self_attn.k_proj,decode,1,QwenManualHybridLinear,0.05238400027155876
manual,884,model.layers.30.self_attn.v_proj,self_attn.v_proj,decode,1,QwenManualHybridLinear,0.04918399825692177
manual,885,model.layers.30.self_attn.o_proj,self_attn.o_proj,decode,1,QwenManualHybridLinear,0.03484800085425377
manual,886,model.layers.30.mlp.gate_proj,mlp.gate_proj,decode,1,QwenManualHybridLinear,0.02252800017595291
manual,887,model.layers.30.mlp.up_proj,mlp.up_proj,decode,1,QwenHybridDenseNVFP4Linear,0.020479999482631683
manual,888,model.layers.30.mlp.down_proj,mlp.down_proj,decode,1,QwenManualHybridLinear,0.02252800017595291
manual,889,model.layers.31.self_attn.q_proj,self_attn.q_proj,decode,1,QwenManualHybridLinear,0.06015999987721443
manual,890,model.layers.31.self_attn.k_proj,self_attn.k_proj,decode,1,QwenManualHybridLinear,0.05417599901556969
manual,891,model.layers.31.self_attn.v_proj,self_attn.v_proj,decode,1,QwenManualHybridLinear,0.06403200328350067
manual,892,model.layers.31.self_attn.o_proj,self_attn.o_proj,decode,1,QwenManualHybridLinear,0.034015998244285583
manual,893,model.layers.31.mlp.gate_proj,mlp.gate_proj,decode,1,QwenManualHybridLinear,0.02252800017595291
manual,894,model.layers.31.mlp.up_proj,mlp.up_proj,decode,1,QwenHybridDenseNVFP4Linear,0.02252800017595291
manual,895,model.layers.31.mlp.down_proj,mlp.down_proj,decode,1,QwenManualHybridLinear,0.02252800017595291
manual,896,model.layers.0.self_attn.q_proj,self_attn.q_proj,decode,1,QwenManualHybridLinear,0.069023996591568
manual,897,model.layers.0.self_attn.k_proj,self_attn.k_proj,decode,1,QwenManualHybridLinear,0.07091200351715088
manual,898,model.layers.0.self_attn.v_proj,self_attn.v_proj,decode,1,QwenManualHybridLinear,0.052799999713897705
manual,899,model.layers.0.self_attn.o_proj,self_attn.o_proj,decode,1,QwenManualHybridLinear,0.032416000962257385
manual,900,model.layers.0.mlp.gate_proj,mlp.gate_proj,decode,1,QwenManualHybridLinear,0.02252800017595291
manual,901,model.layers.0.mlp.up_proj,mlp.up_proj,decode,1,QwenHybridDenseNVFP4Linear,0.02252800017595291
manual,902,model.layers.0.mlp.down_proj,mlp.down_proj,decode,1,QwenManualHybridLinear,0.02147199958562851
manual,903,model.layers.1.self_attn.q_proj,self_attn.q_proj,decode,1,QwenManualHybridLinear,0.0589120015501976
manual,904,model.layers.1.self_attn.k_proj,self_attn.k_proj,decode,1,QwenManualHybridLinear,0.05110400170087814
manual,905,model.layers.1.self_attn.v_proj,self_attn.v_proj,decode,1,QwenManualHybridLinear,0.0453759990632534
manual,906,model.layers.1.self_attn.o_proj,self_attn.o_proj,decode,1,QwenManualHybridLinear,0.03324799984693527
manual,907,model.layers.1.mlp.gate_proj,mlp.gate_proj,decode,1,QwenManualHybridLinear,0.02287999913096428
manual,908,model.layers.1.mlp.up_proj,mlp.up_proj,decode,1,QwenHybridDenseNVFP4Linear,0.022495999932289124
manual,909,model.layers.1.mlp.down_proj,mlp.down_proj,decode,1,QwenManualHybridLinear,0.02252800017595291
manual,910,model.layers.2.self_attn.q_proj,self_attn.q_proj,decode,1,QwenManualHybridLinear,0.05894400179386139
manual,911,model.layers.2.self_attn.k_proj,self_attn.k_proj,decode,1,QwenManualHybridLinear,0.052928000688552856
manual,912,model.layers.2.self_attn.v_proj,self_attn.v_proj,decode,1,QwenManualHybridLinear,0.04896000027656555
manual,913,model.layers.2.self_attn.o_proj,self_attn.o_proj,decode,1,QwenManualHybridLinear,0.03299200162291527
manual,914,model.layers.2.mlp.gate_proj,mlp.gate_proj,decode,1,QwenManualHybridLinear,0.02252800017595291
manual,915,model.layers.2.mlp.up_proj,mlp.up_proj,decode,1,QwenHybridDenseNVFP4Linear,0.02252800017595291
manual,916,model.layers.2.mlp.down_proj,mlp.down_proj,decode,1,QwenManualHybridLinear,0.02252800017595291
manual,917,model.layers.3.self_attn.q_proj,self_attn.q_proj,decode,1,QwenManualHybridLinear,0.05958399921655655
manual,918,model.layers.3.self_attn.k_proj,self_attn.k_proj,decode,1,QwenManualHybridLinear,0.05347200110554695
manual,919,model.layers.3.self_attn.v_proj,self_attn.v_proj,decode,1,QwenManualHybridLinear,0.048895999789237976
manual,920,model.layers.3.self_attn.o_proj,self_attn.o_proj,decode,1,QwenManualHybridLinear,0.033504001796245575
manual,921,model.layers.3.mlp.gate_proj,mlp.gate_proj,decode,1,QwenManualHybridLinear,0.02252800017595291
manual,922,model.layers.3.mlp.up_proj,mlp.up_proj,decode,1,QwenHybridDenseNVFP4Linear,0.02252800017595291
manual,923,model.layers.3.mlp.down_proj,mlp.down_proj,decode,1,QwenManualHybridLinear,0.02252800017595291
manual,924,model.layers.4.self_attn.q_proj,self_attn.q_proj,decode,1,QwenManualHybridLinear,0.05881600081920624
manual,925,model.layers.4.self_attn.k_proj,self_attn.k_proj,decode,1,QwenManualHybridLinear,0.05183999985456467
manual,926,model.layers.4.self_attn.v_proj,self_attn.v_proj,decode,1,QwenManualHybridLinear,0.04790399968624115
manual,927,model.layers.4.self_attn.o_proj,self_attn.o_proj,decode,1,QwenManualHybridLinear,0.03308799862861633
manual,928,model.layers.4.mlp.gate_proj,mlp.gate_proj,decode,1,QwenManualHybridLinear,0.02252800017595291
manual,929,model.layers.4.mlp.up_proj,mlp.up_proj,decode,1,QwenHybridDenseNVFP4Linear,0.02252800017595291
manual,930,model.layers.4.mlp.down_proj,mlp.down_proj,decode,1,QwenManualHybridLinear,0.02252800017595291
manual,931,model.layers.5.self_attn.q_proj,self_attn.q_proj,decode,1,QwenManualHybridLinear,0.06070400029420853
manual,932,model.layers.5.self_attn.k_proj,self_attn.k_proj,decode,1,QwenManualHybridLinear,0.053888000547885895
manual,933,model.layers.5.self_attn.v_proj,self_attn.v_proj,decode,1,QwenManualHybridLinear,0.045343998819589615
manual,934,model.layers.5.self_attn.o_proj,self_attn.o_proj,decode,1,QwenManualHybridLinear,0.03372799977660179
manual,935,model.layers.5.mlp.gate_proj,mlp.gate_proj,decode,1,QwenManualHybridLinear,0.02252800017595291
manual,936,model.layers.5.mlp.up_proj,mlp.up_proj,decode,1,QwenHybridDenseNVFP4Linear,0.02252800017595291
manual,937,model.layers.5.mlp.down_proj,mlp.down_proj,decode,1,QwenManualHybridLinear,0.021407999098300934
manual,938,model.layers.6.self_attn.q_proj,self_attn.q_proj,decode,1,QwenManualHybridLinear,0.0597120001912117
manual,939,model.layers.6.self_attn.k_proj,self_attn.k_proj,decode,1,QwenManualHybridLinear,0.050303999334573746
manual,940,model.layers.6.self_attn.v_proj,self_attn.v_proj,decode,1,QwenManualHybridLinear,0.046431999653577805
manual,941,model.layers.6.self_attn.o_proj,self_attn.o_proj,decode,1,QwenManualHybridLinear,0.034015998244285583
manual,942,model.layers.6.mlp.gate_proj,mlp.gate_proj,decode,1,QwenManualHybridLinear,0.020479999482631683
manual,943,model.layers.6.mlp.up_proj,mlp.up_proj,decode,1,QwenHybridDenseNVFP4Linear,0.02252800017595291
manual,944,model.layers.6.mlp.down_proj,mlp.down_proj,decode,1,QwenManualHybridLinear,0.02252800017595291
manual,945,model.layers.7.self_attn.q_proj,self_attn.q_proj,decode,1,QwenManualHybridLinear,0.05833600088953972
manual,946,model.layers.7.self_attn.k_proj,self_attn.k_proj,decode,1,QwenManualHybridLinear,0.06038400158286095
manual,947,model.layers.7.self_attn.v_proj,self_attn.v_proj,decode,1,QwenManualHybridLinear,0.0469760000705719
manual,948,model.layers.7.self_attn.o_proj,self_attn.o_proj,decode,1,QwenManualHybridLinear,0.03420799970626831
manual,949,model.layers.7.mlp.gate_proj,mlp.gate_proj,decode,1,QwenManualHybridLinear,0.02252800017595291
manual,950,model.layers.7.mlp.up_proj,mlp.up_proj,decode,1,QwenHybridDenseNVFP4Linear,0.02252800017595291
manual,951,model.layers.7.mlp.down_proj,mlp.down_proj,decode,1,QwenManualHybridLinear,0.02252800017595291
manual,952,model.layers.8.self_attn.q_proj,self_attn.q_proj,decode,1,QwenManualHybridLinear,0.06003199890255928
manual,953,model.layers.8.self_attn.k_proj,self_attn.k_proj,decode,1,QwenManualHybridLinear,0.05347200110554695
manual,954,model.layers.8.self_attn.v_proj,self_attn.v_proj,decode,1,QwenManualHybridLinear,0.045823998749256134
manual,955,model.layers.8.self_attn.o_proj,self_attn.o_proj,decode,1,QwenManualHybridLinear,0.03465599939227104
manual,956,model.layers.8.mlp.gate_proj,mlp.gate_proj,decode,1,QwenManualHybridLinear,0.02252800017595291
manual,957,model.layers.8.mlp.up_proj,mlp.up_proj,decode,1,QwenHybridDenseNVFP4Linear,0.02252800017595291
manual,958,model.layers.8.mlp.down_proj,mlp.down_proj,decode,1,QwenManualHybridLinear,0.02252800017595291
manual,959,model.layers.9.self_attn.q_proj,self_attn.q_proj,decode,1,QwenManualHybridLinear,0.058368001133203506
manual,960,model.layers.9.self_attn.k_proj,self_attn.k_proj,decode,1,QwenManualHybridLinear,0.0541439987719059
manual,961,model.layers.9.self_attn.v_proj,self_attn.v_proj,decode,1,QwenManualHybridLinear,0.04601600021123886
manual,962,model.layers.9.self_attn.o_proj,self_attn.o_proj,decode,1,QwenManualHybridLinear,0.032575998455286026
manual,963,model.layers.9.mlp.gate_proj,mlp.gate_proj,decode,1,QwenManualHybridLinear,0.02252800017595291
manual,964,model.layers.9.mlp.up_proj,mlp.up_proj,decode,1,QwenHybridDenseNVFP4Linear,0.02252800017595291
manual,965,model.layers.9.mlp.down_proj,mlp.down_proj,decode,1,QwenManualHybridLinear,0.02252800017595291
manual,966,model.layers.10.self_attn.q_proj,self_attn.q_proj,decode,1,QwenManualHybridLinear,0.05843200162053108
manual,967,model.layers.10.self_attn.k_proj,self_attn.k_proj,decode,1,QwenManualHybridLinear,0.05142400041222572
manual,968,model.layers.10.self_attn.v_proj,self_attn.v_proj,decode,1,QwenManualHybridLinear,0.04608000069856644
manual,969,model.layers.10.self_attn.o_proj,self_attn.o_proj,decode,1,QwenManualHybridLinear,0.03363199904561043
manual,970,model.layers.10.mlp.gate_proj,mlp.gate_proj,decode,1,QwenManualHybridLinear,0.02252800017595291
manual,971,model.layers.10.mlp.up_proj,mlp.up_proj,decode,1,QwenHybridDenseNVFP4Linear,0.02252800017595291
manual,972,model.layers.10.mlp.down_proj,mlp.down_proj,decode,1,QwenManualHybridLinear,0.02252800017595291
manual,973,model.layers.11.self_attn.q_proj,self_attn.q_proj,decode,1,QwenManualHybridLinear,0.05929600074887276
manual,974,model.layers.11.self_attn.k_proj,self_attn.k_proj,decode,1,QwenManualHybridLinear,0.052960000932216644
manual,975,model.layers.11.self_attn.v_proj,self_attn.v_proj,decode,1,QwenManualHybridLinear,0.04639999940991402
manual,976,model.layers.11.self_attn.o_proj,self_attn.o_proj,decode,1,QwenManualHybridLinear,0.033376000821590424
manual,977,model.layers.11.mlp.gate_proj,mlp.gate_proj,decode,1,QwenManualHybridLinear,0.020479999482631683
manual,978,model.layers.11.mlp.up_proj,mlp.up_proj,decode,1,QwenHybridDenseNVFP4Linear,0.02252800017595291
manual,979,model.layers.11.mlp.down_proj,mlp.down_proj,decode,1,QwenManualHybridLinear,0.02252800017595291
manual,980,model.layers.12.self_attn.q_proj,self_attn.q_proj,decode,1,QwenManualHybridLinear,0.05849599838256836
manual,981,model.layers.12.self_attn.k_proj,self_attn.k_proj,decode,1,QwenManualHybridLinear,0.05894400179386139
manual,982,model.layers.12.self_attn.v_proj,self_attn.v_proj,decode,1,QwenManualHybridLinear,0.044544000178575516
manual,983,model.layers.12.self_attn.o_proj,self_attn.o_proj,decode,1,QwenManualHybridLinear,0.03385600075125694
manual,984,model.layers.12.mlp.gate_proj,mlp.gate_proj,decode,1,QwenManualHybridLinear,0.02252800017595291
manual,985,model.layers.12.mlp.up_proj,mlp.up_proj,decode,1,QwenHybridDenseNVFP4Linear,0.02252800017595291
manual,986,model.layers.12.mlp.down_proj,mlp.down_proj,decode,1,QwenManualHybridLinear,0.02252800017595291
manual,987,model.layers.13.self_attn.q_proj,self_attn.q_proj,decode,1,QwenManualHybridLinear,0.056671999394893646
manual,988,model.layers.13.self_attn.k_proj,self_attn.k_proj,decode,1,QwenManualHybridLinear,0.055135998874902725
manual,989,model.layers.13.self_attn.v_proj,self_attn.v_proj,decode,1,QwenManualHybridLinear,0.04771199822425842
manual,990,model.layers.13.self_attn.o_proj,self_attn.o_proj,decode,1,QwenManualHybridLinear,0.030368000268936157
manual,991,model.layers.13.mlp.gate_proj,mlp.gate_proj,decode,1,QwenManualHybridLinear,0.02252800017595291
manual,992,model.layers.13.mlp.up_proj,mlp.up_proj,decode,1,QwenHybridDenseNVFP4Linear,0.02252800017595291
manual,993,model.layers.13.mlp.down_proj,mlp.down_proj,decode,1,QwenManualHybridLinear,0.02252800017595291
manual,994,model.layers.14.self_attn.q_proj,self_attn.q_proj,decode,1,QwenManualHybridLinear,0.05718399956822395
manual,995,model.layers.14.self_attn.k_proj,self_attn.k_proj,decode,1,QwenManualHybridLinear,0.05430399999022484
manual,996,model.layers.14.self_attn.v_proj,self_attn.v_proj,decode,1,QwenManualHybridLinear,0.04540799930691719
manual,997,model.layers.14.self_attn.o_proj,self_attn.o_proj,decode,1,QwenManualHybridLinear,0.034432001411914825
manual,998,model.layers.14.mlp.gate_proj,mlp.gate_proj,decode,1,QwenManualHybridLinear,0.020479999482631683
manual,999,model.layers.14.mlp.up_proj,mlp.up_proj,decode,1,QwenHybridDenseNVFP4Linear,0.022495999932289124
manual,1000,model.layers.14.mlp.down_proj,mlp.down_proj,decode,1,QwenManualHybridLinear,0.02252800017595291
manual,1001,model.layers.15.self_attn.q_proj,self_attn.q_proj,decode,1,QwenManualHybridLinear,0.06022400036454201
manual,1002,model.layers.15.self_attn.k_proj,self_attn.k_proj,decode,1,QwenManualHybridLinear,0.05104000121355057
manual,1003,model.layers.15.self_attn.v_proj,self_attn.v_proj,decode,1,QwenManualHybridLinear,0.047359999269247055
manual,1004,model.layers.15.self_attn.o_proj,self_attn.o_proj,decode,1,QwenManualHybridLinear,0.0342399999499321
manual,1005,model.layers.15.mlp.gate_proj,mlp.gate_proj,decode,1,QwenManualHybridLinear,0.02252800017595291
manual,1006,model.layers.15.mlp.up_proj,mlp.up_proj,decode,1,QwenHybridDenseNVFP4Linear,0.02252800017595291
manual,1007,model.layers.15.mlp.down_proj,mlp.down_proj,decode,1,QwenManualHybridLinear,0.02252800017595291
manual,1008,model.layers.16.self_attn.q_proj,self_attn.q_proj,decode,1,QwenManualHybridLinear,0.05750399827957153
manual,1009,model.layers.16.self_attn.k_proj,self_attn.k_proj,decode,1,QwenManualHybridLinear,0.055456001311540604
manual,1010,model.layers.16.self_attn.v_proj,self_attn.v_proj,decode,1,QwenManualHybridLinear,0.046911999583244324
manual,1011,model.layers.16.self_attn.o_proj,self_attn.o_proj,decode,1,QwenManualHybridLinear,0.033952001482248306
manual,1012,model.layers.16.mlp.gate_proj,mlp.gate_proj,decode,1,QwenManualHybridLinear,0.02252800017595291
manual,1013,model.layers.16.mlp.up_proj,mlp.up_proj,decode,1,QwenHybridDenseNVFP4Linear,0.02252800017595291
manual,1014,model.layers.16.mlp.down_proj,mlp.down_proj,decode,1,QwenManualHybridLinear,0.02252800017595291
manual,1015,model.layers.17.self_attn.q_proj,self_attn.q_proj,decode,1,QwenManualHybridLinear,0.05920000001788139
manual,1016,model.layers.17.self_attn.k_proj,self_attn.k_proj,decode,1,QwenManualHybridLinear,0.05491200089454651
manual,1017,model.layers.17.self_attn.v_proj,self_attn.v_proj,decode,1,QwenManualHybridLinear,0.0451200008392334
manual,1018,model.layers.17.self_attn.o_proj,self_attn.o_proj,decode,1,QwenManualHybridLinear,0.03219199925661087
manual,1019,model.layers.17.mlp.gate_proj,mlp.gate_proj,decode,1,QwenManualHybridLinear,0.02252800017595291
manual,1020,model.layers.17.mlp.up_proj,mlp.up_proj,decode,1,QwenHybridDenseNVFP4Linear,0.05990400165319443
manual,1021,model.layers.17.mlp.down_proj,mlp.down_proj,decode,1,QwenManualHybridLinear,0.05100800096988678
manual,1022,model.layers.18.self_attn.q_proj,self_attn.q_proj,decode,1,QwenManualHybridLinear,0.06319999694824219
manual,1023,model.layers.18.self_attn.k_proj,self_attn.k_proj,decode,1,QwenManualHybridLinear,0.053727999329566956
manual,1024,model.layers.18.self_attn.v_proj,self_attn.v_proj,decode,1,QwenManualHybridLinear,0.047040000557899475
manual,1025,model.layers.18.self_attn.o_proj,self_attn.o_proj,decode,1,QwenManualHybridLinear,0.03328000009059906
manual,1026,model.layers.18.mlp.gate_proj,mlp.gate_proj,decode,1,QwenManualHybridLinear,0.020479999482631683
manual,1027,model.layers.18.mlp.up_proj,mlp.up_proj,decode,1,QwenHybridDenseNVFP4Linear,0.020479999482631683
manual,1028,model.layers.18.mlp.down_proj,mlp.down_proj,decode,1,QwenManualHybridLinear,0.02252800017595291
manual,1029,model.layers.19.self_attn.q_proj,self_attn.q_proj,decode,1,QwenManualHybridLinear,0.05817599967122078
manual,1030,model.layers.19.self_attn.k_proj,self_attn.k_proj,decode,1,QwenManualHybridLinear,0.05180799961090088
manual,1031,model.layers.19.self_attn.v_proj,self_attn.v_proj,decode,1,QwenManualHybridLinear,0.04713600128889084
manual,1032,model.layers.19.self_attn.o_proj,self_attn.o_proj,decode,1,QwenManualHybridLinear,0.03542400151491165
manual,1033,model.layers.19.mlp.gate_proj,mlp.gate_proj,decode,1,QwenManualHybridLinear,0.02252800017595291
manual,1034,model.layers.19.mlp.up_proj,mlp.up_proj,decode,1,QwenHybridDenseNVFP4Linear,0.02195199951529503
manual,1035,model.layers.19.mlp.down_proj,mlp.down_proj,decode,1,QwenManualHybridLinear,0.02252800017595291
manual,1036,model.layers.20.self_attn.q_proj,self_attn.q_proj,decode,1,QwenManualHybridLinear,0.060736000537872314
manual,1037,model.layers.20.self_attn.k_proj,self_attn.k_proj,decode,1,QwenManualHybridLinear,0.055456001311540604
manual,1038,model.layers.20.self_attn.v_proj,self_attn.v_proj,decode,1,QwenManualHybridLinear,0.04665600135922432
manual,1039,model.layers.20.self_attn.o_proj,self_attn.o_proj,decode,1,QwenManualHybridLinear,0.03276799991726875
manual,1040,model.layers.20.mlp.gate_proj,mlp.gate_proj,decode,1,QwenManualHybridLinear,0.02252800017595291
manual,1041,model.layers.20.mlp.up_proj,mlp.up_proj,decode,1,QwenHybridDenseNVFP4Linear,0.02252800017595291
manual,1042,model.layers.20.mlp.down_proj,mlp.down_proj,decode,1,QwenManualHybridLinear,0.03891199827194214
manual,1043,model.layers.21.self_attn.q_proj,self_attn.q_proj,decode,1,QwenManualHybridLinear,0.061535999178886414
manual,1044,model.layers.21.self_attn.k_proj,self_attn.k_proj,decode,1,QwenManualHybridLinear,0.05244800075888634
manual,1045,model.layers.21.self_attn.v_proj,self_attn.v_proj,decode,1,QwenManualHybridLinear,0.04460800066590309
manual,1046,model.layers.21.self_attn.o_proj,self_attn.o_proj,decode,1,QwenManualHybridLinear,0.030719999223947525
manual,1047,model.layers.21.mlp.gate_proj,mlp.gate_proj,decode,1,QwenManualHybridLinear,0.020479999482631683
manual,1048,model.layers.21.mlp.up_proj,mlp.up_proj,decode,1,QwenHybridDenseNVFP4Linear,0.02252800017595291
manual,1049,model.layers.21.mlp.down_proj,mlp.down_proj,decode,1,QwenManualHybridLinear,0.02252800017595291
manual,1050,model.layers.22.self_attn.q_proj,self_attn.q_proj,decode,1,QwenManualHybridLinear,0.05833600088953972
manual,1051,model.layers.22.self_attn.k_proj,self_attn.k_proj,decode,1,QwenManualHybridLinear,0.05392000079154968
manual,1052,model.layers.22.self_attn.v_proj,self_attn.v_proj,decode,1,QwenManualHybridLinear,0.047168001532554626
manual,1053,model.layers.22.self_attn.o_proj,self_attn.o_proj,decode,1,QwenManualHybridLinear,0.03270399942994118
manual,1054,model.layers.22.mlp.gate_proj,mlp.gate_proj,decode,1,QwenManualHybridLinear,0.02252800017595291
manual,1055,model.layers.22.mlp.up_proj,mlp.up_proj,decode,1,QwenHybridDenseNVFP4Linear,0.02252800017595291
manual,1056,model.layers.22.mlp.down_proj,mlp.down_proj,decode,1,QwenManualHybridLinear,0.02252800017595291
manual,1057,model.layers.23.self_attn.q_proj,self_attn.q_proj,decode,1,QwenManualHybridLinear,0.05801599845290184
manual,1058,model.layers.23.self_attn.k_proj,self_attn.k_proj,decode,1,QwenManualHybridLinear,0.050624001771211624
manual,1059,model.layers.23.self_attn.v_proj,self_attn.v_proj,decode,1,QwenManualHybridLinear,0.04438399896025658
manual,1060,model.layers.23.self_attn.o_proj,self_attn.o_proj,decode,1,QwenManualHybridLinear,0.03359999880194664
manual,1061,model.layers.23.mlp.gate_proj,mlp.gate_proj,decode,1,QwenManualHybridLinear,0.02252800017595291
manual,1062,model.layers.23.mlp.up_proj,mlp.up_proj,decode,1,QwenHybridDenseNVFP4Linear,0.02252800017595291
manual,1063,model.layers.23.mlp.down_proj,mlp.down_proj,decode,1,QwenManualHybridLinear,0.02252800017595291
manual,1064,model.layers.24.self_attn.q_proj,self_attn.q_proj,decode,1,QwenManualHybridLinear,0.059328000992536545
manual,1065,model.layers.24.self_attn.k_proj,self_attn.k_proj,decode,1,QwenManualHybridLinear,0.05395200103521347
manual,1066,model.layers.24.self_attn.v_proj,self_attn.v_proj,decode,1,QwenManualHybridLinear,0.045823998749256134
manual,1067,model.layers.24.self_attn.o_proj,self_attn.o_proj,decode,1,QwenManualHybridLinear,0.0350399985909462
manual,1068,model.layers.24.mlp.gate_proj,mlp.gate_proj,decode,1,QwenManualHybridLinear,0.02252800017595291
manual,1069,model.layers.24.mlp.up_proj,mlp.up_proj,decode,1,QwenHybridDenseNVFP4Linear,0.02252800017595291
manual,1070,model.layers.24.mlp.down_proj,mlp.down_proj,decode,1,QwenManualHybridLinear,0.02252800017595291
manual,1071,model.layers.25.self_attn.q_proj,self_attn.q_proj,decode,1,QwenManualHybridLinear,0.059647999703884125
manual,1072,model.layers.25.self_attn.k_proj,self_attn.k_proj,decode,1,QwenManualHybridLinear,0.053247999399900436
manual,1073,model.layers.25.self_attn.v_proj,self_attn.v_proj,decode,1,QwenManualHybridLinear,0.0459199994802475
manual,1074,model.layers.25.self_attn.o_proj,self_attn.o_proj,decode,1,QwenManualHybridLinear,0.03481600061058998
manual,1075,model.layers.25.mlp.gate_proj,mlp.gate_proj,decode,1,QwenManualHybridLinear,0.02252800017595291
manual,1076,model.layers.25.mlp.up_proj,mlp.up_proj,decode,1,QwenHybridDenseNVFP4Linear,0.020479999482631683
manual,1077,model.layers.25.mlp.down_proj,mlp.down_proj,decode,1,QwenManualHybridLinear,0.02252800017595291
manual,1078,model.layers.26.self_attn.q_proj,self_attn.q_proj,decode,1,QwenManualHybridLinear,0.061792001128196716
manual,1079,model.layers.26.self_attn.k_proj,self_attn.k_proj,decode,1,QwenManualHybridLinear,0.05193600058555603
manual,1080,model.layers.26.self_attn.v_proj,self_attn.v_proj,decode,1,QwenManualHybridLinear,0.04739199951291084
manual,1081,model.layers.26.self_attn.o_proj,self_attn.o_proj,decode,1,QwenManualHybridLinear,0.03311999887228012
manual,1082,model.layers.26.mlp.gate_proj,mlp.gate_proj,decode,1,QwenManualHybridLinear,0.02252800017595291
manual,1083,model.layers.26.mlp.up_proj,mlp.up_proj,decode,1,QwenHybridDenseNVFP4Linear,0.02252800017595291
manual,1084,model.layers.26.mlp.down_proj,mlp.down_proj,decode,1,QwenManualHybridLinear,0.02252800017595291
manual,1085,model.layers.27.self_attn.q_proj,self_attn.q_proj,decode,1,QwenManualHybridLinear,0.0594559982419014
manual,1086,model.layers.27.self_attn.k_proj,self_attn.k_proj,decode,1,QwenManualHybridLinear,0.05260799825191498
manual,1087,model.layers.27.self_attn.v_proj,self_attn.v_proj,decode,1,QwenManualHybridLinear,0.04636799916625023
manual,1088,model.layers.27.self_attn.o_proj,self_attn.o_proj,decode,1,QwenManualHybridLinear,0.03311999887228012
manual,1089,model.layers.27.mlp.gate_proj,mlp.gate_proj,decode,1,QwenManualHybridLinear,0.02252800017595291
manual,1090,model.layers.27.mlp.up_proj,mlp.up_proj,decode,1,QwenHybridDenseNVFP4Linear,0.020479999482631683
manual,1091,model.layers.27.mlp.down_proj,mlp.down_proj,decode,1,QwenManualHybridLinear,0.02252800017595291
manual,1092,model.layers.28.self_attn.q_proj,self_attn.q_proj,decode,1,QwenManualHybridLinear,0.05769599974155426
manual,1093,model.layers.28.self_attn.k_proj,self_attn.k_proj,decode,1,QwenManualHybridLinear,0.0960640013217926
manual,1094,model.layers.28.self_attn.v_proj,self_attn.v_proj,decode,1,QwenManualHybridLinear,0.05158400163054466
manual,1095,model.layers.28.self_attn.o_proj,self_attn.o_proj,decode,1,QwenManualHybridLinear,0.03161599859595299
manual,1096,model.layers.28.mlp.gate_proj,mlp.gate_proj,decode,1,QwenManualHybridLinear,0.02252800017595291
manual,1097,model.layers.28.mlp.up_proj,mlp.up_proj,decode,1,QwenHybridDenseNVFP4Linear,0.02252800017595291
manual,1098,model.layers.28.mlp.down_proj,mlp.down_proj,decode,1,QwenManualHybridLinear,0.035360001027584076
manual,1099,model.layers.29.self_attn.q_proj,self_attn.q_proj,decode,1,QwenManualHybridLinear,0.06374400109052658
manual,1100,model.layers.29.self_attn.k_proj,self_attn.k_proj,decode,1,QwenManualHybridLinear,0.05491200089454651
manual,1101,model.layers.29.self_attn.v_proj,self_attn.v_proj,decode,1,QwenManualHybridLinear,0.05011200159788132
manual,1102,model.layers.29.self_attn.o_proj,self_attn.o_proj,decode,1,QwenManualHybridLinear,0.03356799855828285
manual,1103,model.layers.29.mlp.gate_proj,mlp.gate_proj,decode,1,QwenManualHybridLinear,0.02252800017595291
manual,1104,model.layers.29.mlp.up_proj,mlp.up_proj,decode,1,QwenHybridDenseNVFP4Linear,0.02252800017595291
manual,1105,model.layers.29.mlp.down_proj,mlp.down_proj,decode,1,QwenManualHybridLinear,0.02252800017595291
manual,1106,model.layers.30.self_attn.q_proj,self_attn.q_proj,decode,1,QwenManualHybridLinear,0.06531199812889099
manual,1107,model.layers.30.self_attn.k_proj,self_attn.k_proj,decode,1,QwenManualHybridLinear,0.05225599929690361
manual,1108,model.layers.30.self_attn.v_proj,self_attn.v_proj,decode,1,QwenManualHybridLinear,0.04940799996256828
manual,1109,model.layers.30.self_attn.o_proj,self_attn.o_proj,decode,1,QwenManualHybridLinear,0.033663999289274216
manual,1110,model.layers.30.mlp.gate_proj,mlp.gate_proj,decode,1,QwenManualHybridLinear,0.02252800017595291
manual,1111,model.layers.30.mlp.up_proj,mlp.up_proj,decode,1,QwenHybridDenseNVFP4Linear,0.02252800017595291
manual,1112,model.layers.30.mlp.down_proj,mlp.down_proj,decode,1,QwenManualHybridLinear,0.02252800017595291
manual,1113,model.layers.31.self_attn.q_proj,self_attn.q_proj,decode,1,QwenManualHybridLinear,0.0586559996008873
manual,1114,model.layers.31.self_attn.k_proj,self_attn.k_proj,decode,1,QwenManualHybridLinear,0.05257600173354149
manual,1115,model.layers.31.self_attn.v_proj,self_attn.v_proj,decode,1,QwenManualHybridLinear,0.04793599992990494
manual,1116,model.layers.31.self_attn.o_proj,self_attn.o_proj,decode,1,QwenManualHybridLinear,0.03379200026392937
manual,1117,model.layers.31.mlp.gate_proj,mlp.gate_proj,decode,1,QwenManualHybridLinear,0.02252800017595291
manual,1118,model.layers.31.mlp.up_proj,mlp.up_proj,decode,1,QwenHybridDenseNVFP4Linear,0.02252800017595291
manual,1119,model.layers.31.mlp.down_proj,mlp.down_proj,decode,1,QwenManualHybridLinear,0.02252800017595291
manual,1120,model.layers.0.self_attn.q_proj,self_attn.q_proj,decode,1,QwenManualHybridLinear,0.07295999675989151
manual,1121,model.layers.0.self_attn.k_proj,self_attn.k_proj,decode,1,QwenManualHybridLinear,0.07555200159549713
manual,1122,model.layers.0.self_attn.v_proj,self_attn.v_proj,decode,1,QwenManualHybridLinear,0.059487998485565186
manual,1123,model.layers.0.self_attn.o_proj,self_attn.o_proj,decode,1,QwenManualHybridLinear,0.03296000137925148
manual,1124,model.layers.0.mlp.gate_proj,mlp.gate_proj,decode,1,QwenManualHybridLinear,0.02252800017595291
manual,1125,model.layers.0.mlp.up_proj,mlp.up_proj,decode,1,QwenHybridDenseNVFP4Linear,0.02252800017595291
manual,1126,model.layers.0.mlp.down_proj,mlp.down_proj,decode,1,QwenManualHybridLinear,0.021503999829292297
manual,1127,model.layers.1.self_attn.q_proj,self_attn.q_proj,decode,1,QwenManualHybridLinear,0.0652799978852272
manual,1128,model.layers.1.self_attn.k_proj,self_attn.k_proj,decode,1,QwenManualHybridLinear,0.05788800120353699
manual,1129,model.layers.1.self_attn.v_proj,self_attn.v_proj,decode,1,QwenManualHybridLinear,0.05084799975156784
manual,1130,model.layers.1.self_attn.o_proj,self_attn.o_proj,decode,1,QwenManualHybridLinear,0.03331200033426285
manual,1131,model.layers.1.mlp.gate_proj,mlp.gate_proj,decode,1,QwenManualHybridLinear,0.02252800017595291
manual,1132,model.layers.1.mlp.up_proj,mlp.up_proj,decode,1,QwenHybridDenseNVFP4Linear,0.02252800017595291
manual,1133,model.layers.1.mlp.down_proj,mlp.down_proj,decode,1,QwenManualHybridLinear,0.02252800017595291
manual,1134,model.layers.2.self_attn.q_proj,self_attn.q_proj,decode,1,QwenManualHybridLinear,0.06431999802589417
manual,1135,model.layers.2.self_attn.k_proj,self_attn.k_proj,decode,1,QwenManualHybridLinear,0.05564799904823303
manual,1136,model.layers.2.self_attn.v_proj,self_attn.v_proj,decode,1,QwenManualHybridLinear,0.04816000163555145
manual,1137,model.layers.2.self_attn.o_proj,self_attn.o_proj,decode,1,QwenManualHybridLinear,0.03267199918627739
manual,1138,model.layers.2.mlp.gate_proj,mlp.gate_proj,decode,1,QwenManualHybridLinear,0.02252800017595291
manual,1139,model.layers.2.mlp.up_proj,mlp.up_proj,decode,1,QwenHybridDenseNVFP4Linear,0.02252800017595291
manual,1140,model.layers.2.mlp.down_proj,mlp.down_proj,decode,1,QwenManualHybridLinear,0.02252800017595291
manual,1141,model.layers.3.self_attn.q_proj,self_attn.q_proj,decode,1,QwenManualHybridLinear,0.0586559996008873
manual,1142,model.layers.3.self_attn.k_proj,self_attn.k_proj,decode,1,QwenManualHybridLinear,0.05385600030422211
manual,1143,model.layers.3.self_attn.v_proj,self_attn.v_proj,decode,1,QwenManualHybridLinear,0.04601600021123886
manual,1144,model.layers.3.self_attn.o_proj,self_attn.o_proj,decode,1,QwenManualHybridLinear,0.03251200169324875
manual,1145,model.layers.3.mlp.gate_proj,mlp.gate_proj,decode,1,QwenManualHybridLinear,0.02252800017595291
manual,1146,model.layers.3.mlp.up_proj,mlp.up_proj,decode,1,QwenHybridDenseNVFP4Linear,0.02252800017595291
manual,1147,model.layers.3.mlp.down_proj,mlp.down_proj,decode,1,QwenManualHybridLinear,0.02252800017595291
manual,1148,model.layers.4.self_attn.q_proj,self_attn.q_proj,decode,1,QwenManualHybridLinear,0.05878400057554245
manual,1149,model.layers.4.self_attn.k_proj,self_attn.k_proj,decode,1,QwenManualHybridLinear,0.05196800082921982
manual,1150,model.layers.4.self_attn.v_proj,self_attn.v_proj,decode,1,QwenManualHybridLinear,0.046112000942230225
manual,1151,model.layers.4.self_attn.o_proj,self_attn.o_proj,decode,1,QwenManualHybridLinear,0.03328000009059906
manual,1152,model.layers.4.mlp.gate_proj,mlp.gate_proj,decode,1,QwenManualHybridLinear,0.02252800017595291
manual,1153,model.layers.4.mlp.up_proj,mlp.up_proj,decode,1,QwenHybridDenseNVFP4Linear,0.020479999482631683
manual,1154,model.layers.4.mlp.down_proj,mlp.down_proj,decode,1,QwenManualHybridLinear,0.02252800017595291
manual,1155,model.layers.5.self_attn.q_proj,self_attn.q_proj,decode,1,QwenManualHybridLinear,0.06003199890255928
manual,1156,model.layers.5.self_attn.k_proj,self_attn.k_proj,decode,1,QwenManualHybridLinear,0.05158400163054466
manual,1157,model.layers.5.self_attn.v_proj,self_attn.v_proj,decode,1,QwenManualHybridLinear,0.04543999955058098
manual,1158,model.layers.5.self_attn.o_proj,self_attn.o_proj,decode,1,QwenManualHybridLinear,0.0342399999499321
manual,1159,model.layers.5.mlp.gate_proj,mlp.gate_proj,decode,1,QwenManualHybridLinear,0.02252800017595291
manual,1160,model.layers.5.mlp.up_proj,mlp.up_proj,decode,1,QwenHybridDenseNVFP4Linear,0.02252800017595291
manual,1161,model.layers.5.mlp.down_proj,mlp.down_proj,decode,1,QwenManualHybridLinear,0.02252800017595291
manual,1162,model.layers.6.self_attn.q_proj,self_attn.q_proj,decode,1,QwenManualHybridLinear,0.06143999844789505
manual,1163,model.layers.6.self_attn.k_proj,self_attn.k_proj,decode,1,QwenManualHybridLinear,0.05215999856591225
manual,1164,model.layers.6.self_attn.v_proj,self_attn.v_proj,decode,1,QwenManualHybridLinear,0.047648001462221146
manual,1165,model.layers.6.self_attn.o_proj,self_attn.o_proj,decode,1,QwenManualHybridLinear,0.032416000962257385
manual,1166,model.layers.6.mlp.gate_proj,mlp.gate_proj,decode,1,QwenManualHybridLinear,0.020447999238967896
manual,1167,model.layers.6.mlp.up_proj,mlp.up_proj,decode,1,QwenHybridDenseNVFP4Linear,0.02252800017595291
manual,1168,model.layers.6.mlp.down_proj,mlp.down_proj,decode,1,QwenManualHybridLinear,0.02252800017595291
manual,1169,model.layers.7.self_attn.q_proj,self_attn.q_proj,decode,1,QwenManualHybridLinear,0.05907199904322624
manual,1170,model.layers.7.self_attn.k_proj,self_attn.k_proj,decode,1,QwenManualHybridLinear,0.05251200124621391
manual,1171,model.layers.7.self_attn.v_proj,self_attn.v_proj,decode,1,QwenManualHybridLinear,0.04585599899291992
manual,1172,model.layers.7.self_attn.o_proj,self_attn.o_proj,decode,1,QwenManualHybridLinear,0.035679999738931656
manual,1173,model.layers.7.mlp.gate_proj,mlp.gate_proj,decode,1,QwenManualHybridLinear,0.02252800017595291
manual,1174,model.layers.7.mlp.up_proj,mlp.up_proj,decode,1,QwenHybridDenseNVFP4Linear,0.02252800017595291
manual,1175,model.layers.7.mlp.down_proj,mlp.down_proj,decode,1,QwenManualHybridLinear,0.022495999932289124
manual,1176,model.layers.8.self_attn.q_proj,self_attn.q_proj,decode,1,QwenManualHybridLinear,0.056671999394893646
manual,1177,model.layers.8.self_attn.k_proj,self_attn.k_proj,decode,1,QwenManualHybridLinear,0.05289600044488907
manual,1178,model.layers.8.self_attn.v_proj,self_attn.v_proj,decode,1,QwenManualHybridLinear,0.04816000163555145
manual,1179,model.layers.8.self_attn.o_proj,self_attn.o_proj,decode,1,QwenManualHybridLinear,0.033344000577926636
manual,1180,model.layers.8.mlp.gate_proj,mlp.gate_proj,decode,1,QwenManualHybridLinear,0.02252800017595291
manual,1181,model.layers.8.mlp.up_proj,mlp.up_proj,decode,1,QwenHybridDenseNVFP4Linear,0.02252800017595291
manual,1182,model.layers.8.mlp.down_proj,mlp.down_proj,decode,1,QwenManualHybridLinear,0.02252800017595291
manual,1183,model.layers.9.self_attn.q_proj,self_attn.q_proj,decode,1,QwenManualHybridLinear,0.05788800120353699
manual,1184,model.layers.9.self_attn.k_proj,self_attn.k_proj,decode,1,QwenManualHybridLinear,0.05337600037455559
manual,1185,model.layers.9.self_attn.v_proj,self_attn.v_proj,decode,1,QwenManualHybridLinear,0.047231998294591904
manual,1186,model.layers.9.self_attn.o_proj,self_attn.o_proj,decode,1,QwenManualHybridLinear,0.03209599852561951
manual,1187,model.layers.9.mlp.gate_proj,mlp.gate_proj,decode,1,QwenManualHybridLinear,0.02252800017595291
manual,1188,model.layers.9.mlp.up_proj,mlp.up_proj,decode,1,QwenHybridDenseNVFP4Linear,0.02252800017595291
manual,1189,model.layers.9.mlp.down_proj,mlp.down_proj,decode,1,QwenManualHybridLinear,0.02252800017595291
manual,1190,model.layers.10.self_attn.q_proj,self_attn.q_proj,decode,1,QwenManualHybridLinear,0.05827200040221214
manual,1191,model.layers.10.self_attn.k_proj,self_attn.k_proj,decode,1,QwenManualHybridLinear,0.05283199995756149
manual,1192,model.layers.10.self_attn.v_proj,self_attn.v_proj,decode,1,QwenManualHybridLinear,0.04831999912858009
manual,1193,model.layers.10.self_attn.o_proj,self_attn.o_proj,decode,1,QwenManualHybridLinear,0.03440000116825104
manual,1194,model.layers.10.mlp.gate_proj,mlp.gate_proj,decode,1,QwenManualHybridLinear,0.02252800017595291
manual,1195,model.layers.10.mlp.up_proj,mlp.up_proj,decode,1,QwenHybridDenseNVFP4Linear,0.02252800017595291
manual,1196,model.layers.10.mlp.down_proj,mlp.down_proj,decode,1,QwenManualHybridLinear,0.02143999934196472
manual,1197,model.layers.11.self_attn.q_proj,self_attn.q_proj,decode,1,QwenManualHybridLinear,0.05737600103020668
manual,1198,model.layers.11.self_attn.k_proj,self_attn.k_proj,decode,1,QwenManualHybridLinear,0.05193600058555603
manual,1199,model.layers.11.self_attn.v_proj,self_attn.v_proj,decode,1,QwenManualHybridLinear,0.04761600121855736
manual,1200,model.layers.11.self_attn.o_proj,self_attn.o_proj,decode,1,QwenManualHybridLinear,0.033663999289274216
manual,1201,model.layers.11.mlp.gate_proj,mlp.gate_proj,decode,1,QwenManualHybridLinear,0.02252800017595291
manual,1202,model.layers.11.mlp.up_proj,mlp.up_proj,decode,1,QwenHybridDenseNVFP4Linear,0.02252800017595291
manual,1203,model.layers.11.mlp.down_proj,mlp.down_proj,decode,1,QwenManualHybridLinear,0.02252800017595291
manual,1204,model.layers.12.self_attn.q_proj,self_attn.q_proj,decode,1,QwenManualHybridLinear,0.058368001133203506
manual,1205,model.layers.12.self_attn.k_proj,self_attn.k_proj,decode,1,QwenManualHybridLinear,0.05350400134921074
manual,1206,model.layers.12.self_attn.v_proj,self_attn.v_proj,decode,1,QwenManualHybridLinear,0.049536000937223434
manual,1207,model.layers.12.self_attn.o_proj,self_attn.o_proj,decode,1,QwenManualHybridLinear,0.033984001725912094
manual,1208,model.layers.12.mlp.gate_proj,mlp.gate_proj,decode,1,QwenManualHybridLinear,0.022495999932289124
manual,1209,model.layers.12.mlp.up_proj,mlp.up_proj,decode,1,QwenHybridDenseNVFP4Linear,0.02252800017595291
manual,1210,model.layers.12.mlp.down_proj,mlp.down_proj,decode,1,QwenManualHybridLinear,0.02252800017595291
manual,1211,model.layers.13.self_attn.q_proj,self_attn.q_proj,decode,1,QwenManualHybridLinear,0.058848001062870026
manual,1212,model.layers.13.self_attn.k_proj,self_attn.k_proj,decode,1,QwenManualHybridLinear,0.06147199869155884
manual,1213,model.layers.13.self_attn.v_proj,self_attn.v_proj,decode,1,QwenManualHybridLinear,0.048128001391887665
manual,1214,model.layers.13.self_attn.o_proj,self_attn.o_proj,decode,1,QwenManualHybridLinear,0.03478400036692619
manual,1215,model.layers.13.mlp.gate_proj,mlp.gate_proj,decode,1,QwenManualHybridLinear,0.02252800017595291
manual,1216,model.layers.13.mlp.up_proj,mlp.up_proj,decode,1,QwenHybridDenseNVFP4Linear,0.02252800017595291
manual,1217,model.layers.13.mlp.down_proj,mlp.down_proj,decode,1,QwenManualHybridLinear,0.02252800017595291
manual,1218,model.layers.14.self_attn.q_proj,self_attn.q_proj,decode,1,QwenManualHybridLinear,0.056352000683546066
manual,1219,model.layers.14.self_attn.k_proj,self_attn.k_proj,decode,1,QwenManualHybridLinear,0.052319999784231186
manual,1220,model.layers.14.self_attn.v_proj,self_attn.v_proj,decode,1,QwenManualHybridLinear,0.047839999198913574
manual,1221,model.layers.14.self_attn.o_proj,self_attn.o_proj,decode,1,QwenManualHybridLinear,0.03299200162291527
manual,1222,model.layers.14.mlp.gate_proj,mlp.gate_proj,decode,1,QwenManualHybridLinear,0.020479999482631683
manual,1223,model.layers.14.mlp.up_proj,mlp.up_proj,decode,1,QwenHybridDenseNVFP4Linear,0.02252800017595291
manual,1224,model.layers.14.mlp.down_proj,mlp.down_proj,decode,1,QwenManualHybridLinear,0.02252800017595291
manual,1225,model.layers.15.self_attn.q_proj,self_attn.q_proj,decode,1,QwenManualHybridLinear,0.0575999990105629
manual,1226,model.layers.15.self_attn.k_proj,self_attn.k_proj,decode,1,QwenManualHybridLinear,0.050783999264240265
manual,1227,model.layers.15.self_attn.v_proj,self_attn.v_proj,decode,1,QwenManualHybridLinear,0.046431999653577805
manual,1228,model.layers.15.self_attn.o_proj,self_attn.o_proj,decode,1,QwenManualHybridLinear,0.033215999603271484
manual,1229,model.layers.15.mlp.gate_proj,mlp.gate_proj,decode,1,QwenManualHybridLinear,0.02252800017595291
manual,1230,model.layers.15.mlp.up_proj,mlp.up_proj,decode,1,QwenHybridDenseNVFP4Linear,0.02252800017595291
manual,1231,model.layers.15.mlp.down_proj,mlp.down_proj,decode,1,QwenManualHybridLinear,0.02252800017595291
manual,1232,model.layers.16.self_attn.q_proj,self_attn.q_proj,decode,1,QwenManualHybridLinear,0.059776000678539276
manual,1233,model.layers.16.self_attn.k_proj,self_attn.k_proj,decode,1,QwenManualHybridLinear,0.05321599915623665
manual,1234,model.layers.16.self_attn.v_proj,self_attn.v_proj,decode,1,QwenManualHybridLinear,0.047040000557899475
manual,1235,model.layers.16.self_attn.o_proj,self_attn.o_proj,decode,1,QwenManualHybridLinear,0.03478400036692619
manual,1236,model.layers.16.mlp.gate_proj,mlp.gate_proj,decode,1,QwenManualHybridLinear,0.02457600086927414
manual,1237,model.layers.16.mlp.up_proj,mlp.up_proj,decode,1,QwenHybridDenseNVFP4Linear,0.02252800017595291
manual,1238,model.layers.16.mlp.down_proj,mlp.down_proj,decode,1,QwenManualHybridLinear,0.02252800017595291
manual,1239,model.layers.17.self_attn.q_proj,self_attn.q_proj,decode,1,QwenManualHybridLinear,0.05852799862623215
manual,1240,model.layers.17.self_attn.k_proj,self_attn.k_proj,decode,1,QwenManualHybridLinear,0.052191998809576035
manual,1241,model.layers.17.self_attn.v_proj,self_attn.v_proj,decode,1,QwenManualHybridLinear,0.046751998364925385
manual,1242,model.layers.17.self_attn.o_proj,self_attn.o_proj,decode,1,QwenManualHybridLinear,0.034143999218940735
manual,1243,model.layers.17.mlp.gate_proj,mlp.gate_proj,decode,1,QwenManualHybridLinear,0.020479999482631683
manual,1244,model.layers.17.mlp.up_proj,mlp.up_proj,decode,1,QwenHybridDenseNVFP4Linear,0.02252800017595291
manual,1245,model.layers.17.mlp.down_proj,mlp.down_proj,decode,1,QwenManualHybridLinear,0.02252800017595291
manual,1246,model.layers.18.self_attn.q_proj,self_attn.q_proj,decode,1,QwenManualHybridLinear,0.057312000542879105
manual,1247,model.layers.18.self_attn.k_proj,self_attn.k_proj,decode,1,QwenManualHybridLinear,0.05411199852824211
manual,1248,model.layers.18.self_attn.v_proj,self_attn.v_proj,decode,1,QwenManualHybridLinear,0.046271998435258865
manual,1249,model.layers.18.self_attn.o_proj,self_attn.o_proj,decode,1,QwenManualHybridLinear,0.03283200040459633
manual,1250,model.layers.18.mlp.gate_proj,mlp.gate_proj,decode,1,QwenManualHybridLinear,0.02252800017595291
manual,1251,model.layers.18.mlp.up_proj,mlp.up_proj,decode,1,QwenHybridDenseNVFP4Linear,0.020479999482631683
manual,1252,model.layers.18.mlp.down_proj,mlp.down_proj,decode,1,QwenManualHybridLinear,0.02252800017595291
manual,1253,model.layers.19.self_attn.q_proj,self_attn.q_proj,decode,1,QwenManualHybridLinear,0.05897599831223488
manual,1254,model.layers.19.self_attn.k_proj,self_attn.k_proj,decode,1,QwenManualHybridLinear,0.05260799825191498
manual,1255,model.layers.19.self_attn.v_proj,self_attn.v_proj,decode,1,QwenManualHybridLinear,0.045632001012563705
manual,1256,model.layers.19.self_attn.o_proj,self_attn.o_proj,decode,1,QwenManualHybridLinear,0.034272000193595886
manual,1257,model.layers.19.mlp.gate_proj,mlp.gate_proj,decode,1,QwenManualHybridLinear,0.020479999482631683
manual,1258,model.layers.19.mlp.up_proj,mlp.up_proj,decode,1,QwenHybridDenseNVFP4Linear,0.02252800017595291
manual,1259,model.layers.19.mlp.down_proj,mlp.down_proj,decode,1,QwenManualHybridLinear,0.027648000046610832
manual,1260,model.layers.20.self_attn.q_proj,self_attn.q_proj,decode,1,QwenManualHybridLinear,0.05910399928689003
manual,1261,model.layers.20.self_attn.k_proj,self_attn.k_proj,decode,1,QwenManualHybridLinear,0.05286400020122528
manual,1262,model.layers.20.self_attn.v_proj,self_attn.v_proj,decode,1,QwenManualHybridLinear,0.0459199994802475
manual,1263,model.layers.20.self_attn.o_proj,self_attn.o_proj,decode,1,QwenManualHybridLinear,0.033695999532938004
manual,1264,model.layers.20.mlp.gate_proj,mlp.gate_proj,decode,1,QwenManualHybridLinear,0.020479999482631683
manual,1265,model.layers.20.mlp.up_proj,mlp.up_proj,decode,1,QwenHybridDenseNVFP4Linear,0.02252800017595291
manual,1266,model.layers.20.mlp.down_proj,mlp.down_proj,decode,1,QwenManualHybridLinear,0.02252800017595291
manual,1267,model.layers.21.self_attn.q_proj,self_attn.q_proj,decode,1,QwenManualHybridLinear,0.05817599967122078
manual,1268,model.layers.21.self_attn.k_proj,self_attn.k_proj,decode,1,QwenManualHybridLinear,0.05273599922657013
manual,1269,model.layers.21.self_attn.v_proj,self_attn.v_proj,decode,1,QwenManualHybridLinear,0.04543999955058098
manual,1270,model.layers.21.self_attn.o_proj,self_attn.o_proj,decode,1,QwenManualHybridLinear,0.032575998455286026
manual,1271,model.layers.21.mlp.gate_proj,mlp.gate_proj,decode,1,QwenManualHybridLinear,0.022495999932289124
manual,1272,model.layers.21.mlp.up_proj,mlp.up_proj,decode,1,QwenHybridDenseNVFP4Linear,0.02252800017595291
manual,1273,model.layers.21.mlp.down_proj,mlp.down_proj,decode,1,QwenManualHybridLinear,0.02252800017595291
manual,1274,model.layers.22.self_attn.q_proj,self_attn.q_proj,decode,1,QwenManualHybridLinear,0.059167999774217606
manual,1275,model.layers.22.self_attn.k_proj,self_attn.k_proj,decode,1,QwenManualHybridLinear,0.054016001522541046
manual,1276,model.layers.22.self_attn.v_proj,self_attn.v_proj,decode,1,QwenManualHybridLinear,0.04819199815392494
manual,1277,model.layers.22.self_attn.o_proj,self_attn.o_proj,decode,1,QwenManualHybridLinear,0.033663999289274216
manual,1278,model.layers.22.mlp.gate_proj,mlp.gate_proj,decode,1,QwenManualHybridLinear,0.02252800017595291
manual,1279,model.layers.22.mlp.up_proj,mlp.up_proj,decode,1,QwenHybridDenseNVFP4Linear,0.02252800017595291
manual,1280,model.layers.22.mlp.down_proj,mlp.down_proj,decode,1,QwenManualHybridLinear,0.02457600086927414
manual,1281,model.layers.23.self_attn.q_proj,self_attn.q_proj,decode,1,QwenManualHybridLinear,0.05827200040221214
manual,1282,model.layers.23.self_attn.k_proj,self_attn.k_proj,decode,1,QwenManualHybridLinear,0.05411199852824211
manual,1283,model.layers.23.self_attn.v_proj,self_attn.v_proj,decode,1,QwenManualHybridLinear,0.0480320006608963
manual,1284,model.layers.23.self_attn.o_proj,self_attn.o_proj,decode,1,QwenManualHybridLinear,0.033504001796245575
manual,1285,model.layers.23.mlp.gate_proj,mlp.gate_proj,decode,1,QwenManualHybridLinear,0.02252800017595291
manual,1286,model.layers.23.mlp.up_proj,mlp.up_proj,decode,1,QwenHybridDenseNVFP4Linear,0.022495999932289124
manual,1287,model.layers.23.mlp.down_proj,mlp.down_proj,decode,1,QwenManualHybridLinear,0.023135999217629433
manual,1288,model.layers.24.self_attn.q_proj,self_attn.q_proj,decode,1,QwenManualHybridLinear,0.05737600103020668
manual,1289,model.layers.24.self_attn.k_proj,self_attn.k_proj,decode,1,QwenManualHybridLinear,0.054207999259233475
manual,1290,model.layers.24.self_attn.v_proj,self_attn.v_proj,decode,1,QwenManualHybridLinear,0.04572800174355507
manual,1291,model.layers.24.self_attn.o_proj,self_attn.o_proj,decode,1,QwenManualHybridLinear,0.03411199897527695
manual,1292,model.layers.24.mlp.gate_proj,mlp.gate_proj,decode,1,QwenManualHybridLinear,0.02252800017595291
manual,1293,model.layers.24.mlp.up_proj,mlp.up_proj,decode,1,QwenHybridDenseNVFP4Linear,0.022495999932289124
manual,1294,model.layers.24.mlp.down_proj,mlp.down_proj,decode,1,QwenManualHybridLinear,0.02252800017595291
manual,1295,model.layers.25.self_attn.q_proj,self_attn.q_proj,decode,1,QwenManualHybridLinear,0.05718399956822395
manual,1296,model.layers.25.self_attn.k_proj,self_attn.k_proj,decode,1,QwenManualHybridLinear,0.0530879981815815
manual,1297,model.layers.25.self_attn.v_proj,self_attn.v_proj,decode,1,QwenManualHybridLinear,0.048128001391887665
manual,1298,model.layers.25.self_attn.o_proj,self_attn.o_proj,decode,1,QwenManualHybridLinear,0.03270399942994118
manual,1299,model.layers.25.mlp.gate_proj,mlp.gate_proj,decode,1,QwenManualHybridLinear,0.02252800017595291
manual,1300,model.layers.25.mlp.up_proj,mlp.up_proj,decode,1,QwenHybridDenseNVFP4Linear,0.020479999482631683
manual,1301,model.layers.25.mlp.down_proj,mlp.down_proj,decode,1,QwenManualHybridLinear,0.02252800017595291
manual,1302,model.layers.26.self_attn.q_proj,self_attn.q_proj,decode,1,QwenManualHybridLinear,0.05644800141453743
manual,1303,model.layers.26.self_attn.k_proj,self_attn.k_proj,decode,1,QwenManualHybridLinear,0.05344000086188316
manual,1304,model.layers.26.self_attn.v_proj,self_attn.v_proj,decode,1,QwenManualHybridLinear,0.0453759990632534
manual,1305,model.layers.26.self_attn.o_proj,self_attn.o_proj,decode,1,QwenManualHybridLinear,0.03420799970626831
manual,1306,model.layers.26.mlp.gate_proj,mlp.gate_proj,decode,1,QwenManualHybridLinear,0.02252800017595291
manual,1307,model.layers.26.mlp.up_proj,mlp.up_proj,decode,1,QwenHybridDenseNVFP4Linear,0.022495999932289124
manual,1308,model.layers.26.mlp.down_proj,mlp.down_proj,decode,1,QwenManualHybridLinear,0.02252800017595291
manual,1309,model.layers.27.self_attn.q_proj,self_attn.q_proj,decode,1,QwenManualHybridLinear,0.058687999844551086
manual,1310,model.layers.27.self_attn.k_proj,self_attn.k_proj,decode,1,QwenManualHybridLinear,0.05305600166320801
manual,1311,model.layers.27.self_attn.v_proj,self_attn.v_proj,decode,1,QwenManualHybridLinear,0.04588799923658371
manual,1312,model.layers.27.self_attn.o_proj,self_attn.o_proj,decode,1,QwenManualHybridLinear,0.034432001411914825
manual,1313,model.layers.27.mlp.gate_proj,mlp.gate_proj,decode,1,QwenManualHybridLinear,0.02252800017595291
manual,1314,model.layers.27.mlp.up_proj,mlp.up_proj,decode,1,QwenHybridDenseNVFP4Linear,0.020479999482631683
manual,1315,model.layers.27.mlp.down_proj,mlp.down_proj,decode,1,QwenManualHybridLinear,0.021247999742627144
manual,1316,model.layers.28.self_attn.q_proj,self_attn.q_proj,decode,1,QwenManualHybridLinear,0.05897599831223488
manual,1317,model.layers.28.self_attn.k_proj,self_attn.k_proj,decode,1,QwenManualHybridLinear,0.05587200075387955
manual,1318,model.layers.28.self_attn.v_proj,self_attn.v_proj,decode,1,QwenManualHybridLinear,0.04623999819159508
manual,1319,model.layers.28.self_attn.o_proj,self_attn.o_proj,decode,1,QwenManualHybridLinear,0.034015998244285583
manual,1320,model.layers.28.mlp.gate_proj,mlp.gate_proj,decode,1,QwenManualHybridLinear,0.02252800017595291
manual,1321,model.layers.28.mlp.up_proj,mlp.up_proj,decode,1,QwenHybridDenseNVFP4Linear,0.02252800017595291
manual,1322,model.layers.28.mlp.down_proj,mlp.down_proj,decode,1,QwenManualHybridLinear,0.02252800017595291
manual,1323,model.layers.29.self_attn.q_proj,self_attn.q_proj,decode,1,QwenManualHybridLinear,0.060736000537872314
manual,1324,model.layers.29.self_attn.k_proj,self_attn.k_proj,decode,1,QwenManualHybridLinear,0.05459199845790863
manual,1325,model.layers.29.self_attn.v_proj,self_attn.v_proj,decode,1,QwenManualHybridLinear,0.04623999819159508
manual,1326,model.layers.29.self_attn.o_proj,self_attn.o_proj,decode,1,QwenManualHybridLinear,0.032287999987602234
manual,1327,model.layers.29.mlp.gate_proj,mlp.gate_proj,decode,1,QwenManualHybridLinear,0.020479999482631683
manual,1328,model.layers.29.mlp.up_proj,mlp.up_proj,decode,1,QwenHybridDenseNVFP4Linear,0.02252800017595291
manual,1329,model.layers.29.mlp.down_proj,mlp.down_proj,decode,1,QwenManualHybridLinear,0.022016000002622604
manual,1330,model.layers.30.self_attn.q_proj,self_attn.q_proj,decode,1,QwenManualHybridLinear,0.05913599953055382
manual,1331,model.layers.30.self_attn.k_proj,self_attn.k_proj,decode,1,QwenManualHybridLinear,0.05724800005555153
manual,1332,model.layers.30.self_attn.v_proj,self_attn.v_proj,decode,1,QwenManualHybridLinear,0.04649600014090538
manual,1333,model.layers.30.self_attn.o_proj,self_attn.o_proj,decode,1,QwenManualHybridLinear,0.03267199918627739
manual,1334,model.layers.30.mlp.gate_proj,mlp.gate_proj,decode,1,QwenManualHybridLinear,0.02252800017595291
manual,1335,model.layers.30.mlp.up_proj,mlp.up_proj,decode,1,QwenHybridDenseNVFP4Linear,0.02252800017595291
manual,1336,model.layers.30.mlp.down_proj,mlp.down_proj,decode,1,QwenManualHybridLinear,0.02252800017595291
manual,1337,model.layers.31.self_attn.q_proj,self_attn.q_proj,decode,1,QwenManualHybridLinear,0.05958399921655655
manual,1338,model.layers.31.self_attn.k_proj,self_attn.k_proj,decode,1,QwenManualHybridLinear,0.05215999856591225
manual,1339,model.layers.31.self_attn.v_proj,self_attn.v_proj,decode,1,QwenManualHybridLinear,0.044895999133586884
manual,1340,model.layers.31.self_attn.o_proj,self_attn.o_proj,decode,1,QwenManualHybridLinear,0.03222399950027466
manual,1341,model.layers.31.mlp.gate_proj,mlp.gate_proj,decode,1,QwenManualHybridLinear,0.02252800017595291
manual,1342,model.layers.31.mlp.up_proj,mlp.up_proj,decode,1,QwenHybridDenseNVFP4Linear,0.02252800017595291
manual,1343,model.layers.31.mlp.down_proj,mlp.down_proj,decode,1,QwenManualHybridLinear,0.02252800017595291
manual,1344,model.layers.0.self_attn.q_proj,self_attn.q_proj,decode,1,QwenManualHybridLinear,0.0663679987192154
manual,1345,model.layers.0.self_attn.k_proj,self_attn.k_proj,decode,1,QwenManualHybridLinear,0.063680000603199
manual,1346,model.layers.0.self_attn.v_proj,self_attn.v_proj,decode,1,QwenManualHybridLinear,0.05011200159788132
manual,1347,model.layers.0.self_attn.o_proj,self_attn.o_proj,decode,1,QwenManualHybridLinear,0.03407999873161316
manual,1348,model.layers.0.mlp.gate_proj,mlp.gate_proj,decode,1,QwenManualHybridLinear,0.02252800017595291
manual,1349,model.layers.0.mlp.up_proj,mlp.up_proj,decode,1,QwenHybridDenseNVFP4Linear,0.02252800017595291
manual,1350,model.layers.0.mlp.down_proj,mlp.down_proj,decode,1,QwenManualHybridLinear,0.02252800017595291
manual,1351,model.layers.1.self_attn.q_proj,self_attn.q_proj,decode,1,QwenManualHybridLinear,0.058400001376867294
manual,1352,model.layers.1.self_attn.k_proj,self_attn.k_proj,decode,1,QwenManualHybridLinear,0.05558399856090546
manual,1353,model.layers.1.self_attn.v_proj,self_attn.v_proj,decode,1,QwenManualHybridLinear,0.046911999583244324
manual,1354,model.layers.1.self_attn.o_proj,self_attn.o_proj,decode,1,QwenManualHybridLinear,0.03308799862861633
manual,1355,model.layers.1.mlp.gate_proj,mlp.gate_proj,decode,1,QwenManualHybridLinear,0.02252800017595291
manual,1356,model.layers.1.mlp.up_proj,mlp.up_proj,decode,1,QwenHybridDenseNVFP4Linear,0.02252800017595291
manual,1357,model.layers.1.mlp.down_proj,mlp.down_proj,decode,1,QwenManualHybridLinear,0.02252800017595291
manual,1358,model.layers.2.self_attn.q_proj,self_attn.q_proj,decode,1,QwenManualHybridLinear,0.05955199897289276
manual,1359,model.layers.2.self_attn.k_proj,self_attn.k_proj,decode,1,QwenManualHybridLinear,0.053568001836538315
manual,1360,model.layers.2.self_attn.v_proj,self_attn.v_proj,decode,1,QwenManualHybridLinear,0.046879999339580536
manual,1361,model.layers.2.self_attn.o_proj,self_attn.o_proj,decode,1,QwenManualHybridLinear,0.03385600075125694
manual,1362,model.layers.2.mlp.gate_proj,mlp.gate_proj,decode,1,QwenManualHybridLinear,0.02252800017595291
manual,1363,model.layers.2.mlp.up_proj,mlp.up_proj,decode,1,QwenHybridDenseNVFP4Linear,0.02252800017595291
manual,1364,model.layers.2.mlp.down_proj,mlp.down_proj,decode,1,QwenManualHybridLinear,0.02252800017595291
manual,1365,model.layers.3.self_attn.q_proj,self_attn.q_proj,decode,1,QwenManualHybridLinear,0.0586559996008873
manual,1366,model.layers.3.self_attn.k_proj,self_attn.k_proj,decode,1,QwenManualHybridLinear,0.05398400127887726
manual,1367,model.layers.3.self_attn.v_proj,self_attn.v_proj,decode,1,QwenManualHybridLinear,0.04428799822926521
manual,1368,model.layers.3.self_attn.o_proj,self_attn.o_proj,decode,1,QwenManualHybridLinear,0.03468799963593483
manual,1369,model.layers.3.mlp.gate_proj,mlp.gate_proj,decode,1,QwenManualHybridLinear,0.02252800017595291
manual,1370,model.layers.3.mlp.up_proj,mlp.up_proj,decode,1,QwenHybridDenseNVFP4Linear,0.02252800017595291
manual,1371,model.layers.3.mlp.down_proj,mlp.down_proj,decode,1,QwenManualHybridLinear,0.02252800017595291
manual,1372,model.layers.4.self_attn.q_proj,self_attn.q_proj,decode,1,QwenManualHybridLinear,0.056703999638557434
manual,1373,model.layers.4.self_attn.k_proj,self_attn.k_proj,decode,1,QwenManualHybridLinear,0.05145600065588951
manual,1374,model.layers.4.self_attn.v_proj,self_attn.v_proj,decode,1,QwenManualHybridLinear,0.04572800174355507
manual,1375,model.layers.4.self_attn.o_proj,self_attn.o_proj,decode,1,QwenManualHybridLinear,0.03340800106525421
manual,1376,model.layers.4.mlp.gate_proj,mlp.gate_proj,decode,1,QwenManualHybridLinear,0.02252800017595291
manual,1377,model.layers.4.mlp.up_proj,mlp.up_proj,decode,1,QwenHybridDenseNVFP4Linear,0.02252800017595291
manual,1378,model.layers.4.mlp.down_proj,mlp.down_proj,decode,1,QwenManualHybridLinear,0.02348800003528595
manual,1379,model.layers.5.self_attn.q_proj,self_attn.q_proj,decode,1,QwenManualHybridLinear,0.0607680007815361
manual,1380,model.layers.5.self_attn.k_proj,self_attn.k_proj,decode,1,QwenManualHybridLinear,0.06988800317049026
manual,1381,model.layers.5.self_attn.v_proj,self_attn.v_proj,decode,1,QwenManualHybridLinear,0.04822399839758873
manual,1382,model.layers.5.self_attn.o_proj,self_attn.o_proj,decode,1,QwenManualHybridLinear,0.03248000144958496
manual,1383,model.layers.5.mlp.gate_proj,mlp.gate_proj,decode,1,QwenManualHybridLinear,0.02252800017595291
manual,1384,model.layers.5.mlp.up_proj,mlp.up_proj,decode,1,QwenHybridDenseNVFP4Linear,0.02252800017595291
manual,1385,model.layers.5.mlp.down_proj,mlp.down_proj,decode,1,QwenManualHybridLinear,0.02252800017595291
manual,1386,model.layers.6.self_attn.q_proj,self_attn.q_proj,decode,1,QwenManualHybridLinear,0.05827200040221214
manual,1387,model.layers.6.self_attn.k_proj,self_attn.k_proj,decode,1,QwenManualHybridLinear,0.05286400020122528
manual,1388,model.layers.6.self_attn.v_proj,self_attn.v_proj,decode,1,QwenManualHybridLinear,0.04492799937725067
manual,1389,model.layers.6.self_attn.o_proj,self_attn.o_proj,decode,1,QwenManualHybridLinear,0.03311999887228012
manual,1390,model.layers.6.mlp.gate_proj,mlp.gate_proj,decode,1,QwenManualHybridLinear,0.020479999482631683
manual,1391,model.layers.6.mlp.up_proj,mlp.up_proj,decode,1,QwenHybridDenseNVFP4Linear,0.02252800017595291
manual,1392,model.layers.6.mlp.down_proj,mlp.down_proj,decode,1,QwenManualHybridLinear,0.02252800017595291
manual,1393,model.layers.7.self_attn.q_proj,self_attn.q_proj,decode,1,QwenManualHybridLinear,0.05849599838256836
manual,1394,model.layers.7.self_attn.k_proj,self_attn.k_proj,decode,1,QwenManualHybridLinear,0.050655998289585114
manual,1395,model.layers.7.self_attn.v_proj,self_attn.v_proj,decode,1,QwenManualHybridLinear,0.045951999723911285
manual,1396,model.layers.7.self_attn.o_proj,self_attn.o_proj,decode,1,QwenManualHybridLinear,0.034143999218940735
manual,1397,model.layers.7.mlp.gate_proj,mlp.gate_proj,decode,1,QwenManualHybridLinear,0.02252800017595291
manual,1398,model.layers.7.mlp.up_proj,mlp.up_proj,decode,1,QwenHybridDenseNVFP4Linear,0.02252800017595291
manual,1399,model.layers.7.mlp.down_proj,mlp.down_proj,decode,1,QwenManualHybridLinear,0.02252800017595291
manual,1400,model.layers.8.self_attn.q_proj,self_attn.q_proj,decode,1,QwenManualHybridLinear,0.05740800127387047
manual,1401,model.layers.8.self_attn.k_proj,self_attn.k_proj,decode,1,QwenManualHybridLinear,0.05238400027155876
manual,1402,model.layers.8.self_attn.v_proj,self_attn.v_proj,decode,1,QwenManualHybridLinear,0.04614400118589401
manual,1403,model.layers.8.self_attn.o_proj,self_attn.o_proj,decode,1,QwenManualHybridLinear,0.03484800085425377
manual,1404,model.layers.8.mlp.gate_proj,mlp.gate_proj,decode,1,QwenManualHybridLinear,0.02252800017595291
manual,1405,model.layers.8.mlp.up_proj,mlp.up_proj,decode,1,QwenHybridDenseNVFP4Linear,0.02252800017595291
manual,1406,model.layers.8.mlp.down_proj,mlp.down_proj,decode,1,QwenManualHybridLinear,0.02252800017595291
manual,1407,model.layers.9.self_attn.q_proj,self_attn.q_proj,decode,1,QwenManualHybridLinear,0.06159999966621399
manual,1408,model.layers.9.self_attn.k_proj,self_attn.k_proj,decode,1,QwenManualHybridLinear,0.053279999643564224
manual,1409,model.layers.9.self_attn.v_proj,self_attn.v_proj,decode,1,QwenManualHybridLinear,0.04620800167322159
manual,1410,model.layers.9.self_attn.o_proj,self_attn.o_proj,decode,1,QwenManualHybridLinear,0.034752000123262405
manual,1411,model.layers.9.mlp.gate_proj,mlp.gate_proj,decode,1,QwenManualHybridLinear,0.02252800017595291
manual,1412,model.layers.9.mlp.up_proj,mlp.up_proj,decode,1,QwenHybridDenseNVFP4Linear,0.02252800017595291
manual,1413,model.layers.9.mlp.down_proj,mlp.down_proj,decode,1,QwenManualHybridLinear,0.022943999618291855
manual,1414,model.layers.10.self_attn.q_proj,self_attn.q_proj,decode,1,QwenManualHybridLinear,0.057151999324560165
manual,1415,model.layers.10.self_attn.k_proj,self_attn.k_proj,decode,1,QwenManualHybridLinear,0.05251200124621391
manual,1416,model.layers.10.self_attn.v_proj,self_attn.v_proj,decode,1,QwenManualHybridLinear,0.04707200080156326
manual,1417,model.layers.10.self_attn.o_proj,self_attn.o_proj,decode,1,QwenManualHybridLinear,0.03417599946260452
manual,1418,model.layers.10.mlp.gate_proj,mlp.gate_proj,decode,1,QwenManualHybridLinear,0.02252800017595291
manual,1419,model.layers.10.mlp.up_proj,mlp.up_proj,decode,1,QwenHybridDenseNVFP4Linear,0.02252800017595291
manual,1420,model.layers.10.mlp.down_proj,mlp.down_proj,decode,1,QwenManualHybridLinear,0.02252800017595291
manual,1421,model.layers.11.self_attn.q_proj,self_attn.q_proj,decode,1,QwenManualHybridLinear,0.05708799883723259
manual,1422,model.layers.11.self_attn.k_proj,self_attn.k_proj,decode,1,QwenManualHybridLinear,0.05260799825191498
manual,1423,model.layers.11.self_attn.v_proj,self_attn.v_proj,decode,1,QwenManualHybridLinear,0.04646399989724159
manual,1424,model.layers.11.self_attn.o_proj,self_attn.o_proj,decode,1,QwenManualHybridLinear,0.033663999289274216
manual,1425,model.layers.11.mlp.gate_proj,mlp.gate_proj,decode,1,QwenManualHybridLinear,0.020479999482631683
manual,1426,model.layers.11.mlp.up_proj,mlp.up_proj,decode,1,QwenHybridDenseNVFP4Linear,0.02252800017595291
manual,1427,model.layers.11.mlp.down_proj,mlp.down_proj,decode,1,QwenManualHybridLinear,0.02252800017595291
manual,1428,model.layers.12.self_attn.q_proj,self_attn.q_proj,decode,1,QwenManualHybridLinear,0.058079998940229416
manual,1429,model.layers.12.self_attn.k_proj,self_attn.k_proj,decode,1,QwenManualHybridLinear,0.0629120022058487
manual,1430,model.layers.12.self_attn.v_proj,self_attn.v_proj,decode,1,QwenManualHybridLinear,0.04713600128889084
manual,1431,model.layers.12.self_attn.o_proj,self_attn.o_proj,decode,1,QwenManualHybridLinear,0.03379200026392937
manual,1432,model.layers.12.mlp.gate_proj,mlp.gate_proj,decode,1,QwenManualHybridLinear,0.02252800017595291
manual,1433,model.layers.12.mlp.up_proj,mlp.up_proj,decode,1,QwenHybridDenseNVFP4Linear,0.02252800017595291
manual,1434,model.layers.12.mlp.down_proj,mlp.down_proj,decode,1,QwenManualHybridLinear,0.02252800017595291
manual,1435,model.layers.13.self_attn.q_proj,self_attn.q_proj,decode,1,QwenManualHybridLinear,0.05926400050520897
manual,1436,model.layers.13.self_attn.k_proj,self_attn.k_proj,decode,1,QwenManualHybridLinear,0.051711998879909515
manual,1437,model.layers.13.self_attn.v_proj,self_attn.v_proj,decode,1,QwenManualHybridLinear,0.045823998749256134
manual,1438,model.layers.13.self_attn.o_proj,self_attn.o_proj,decode,1,QwenManualHybridLinear,0.03420799970626831
manual,1439,model.layers.13.mlp.gate_proj,mlp.gate_proj,decode,1,QwenManualHybridLinear,0.02252800017595291
manual,1440,model.layers.13.mlp.up_proj,mlp.up_proj,decode,1,QwenHybridDenseNVFP4Linear,0.02300800010561943
manual,1441,model.layers.13.mlp.down_proj,mlp.down_proj,decode,1,QwenManualHybridLinear,0.02252800017595291
manual,1442,model.layers.14.self_attn.q_proj,self_attn.q_proj,decode,1,QwenManualHybridLinear,0.06787200272083282
manual,1443,model.layers.14.self_attn.k_proj,self_attn.k_proj,decode,1,QwenManualHybridLinear,0.05593600124120712
manual,1444,model.layers.14.self_attn.v_proj,self_attn.v_proj,decode,1,QwenManualHybridLinear,0.04979199916124344
manual,1445,model.layers.14.self_attn.o_proj,self_attn.o_proj,decode,1,QwenManualHybridLinear,0.03283200040459633
manual,1446,model.layers.14.mlp.gate_proj,mlp.gate_proj,decode,1,QwenManualHybridLinear,0.02252800017595291
manual,1447,model.layers.14.mlp.up_proj,mlp.up_proj,decode,1,QwenHybridDenseNVFP4Linear,0.02252800017595291
manual,1448,model.layers.14.mlp.down_proj,mlp.down_proj,decode,1,QwenManualHybridLinear,0.02252800017595291
manual,1449,model.layers.15.self_attn.q_proj,self_attn.q_proj,decode,1,QwenManualHybridLinear,0.05878400057554245
manual,1450,model.layers.15.self_attn.k_proj,self_attn.k_proj,decode,1,QwenManualHybridLinear,0.05238400027155876
manual,1451,model.layers.15.self_attn.v_proj,self_attn.v_proj,decode,1,QwenManualHybridLinear,0.05056000128388405
manual,1452,model.layers.15.self_attn.o_proj,self_attn.o_proj,decode,1,QwenManualHybridLinear,0.03417599946260452
manual,1453,model.layers.15.mlp.gate_proj,mlp.gate_proj,decode,1,QwenManualHybridLinear,0.02252800017595291
manual,1454,model.layers.15.mlp.up_proj,mlp.up_proj,decode,1,QwenHybridDenseNVFP4Linear,0.021407999098300934
manual,1455,model.layers.15.mlp.down_proj,mlp.down_proj,decode,1,QwenManualHybridLinear,0.02252800017595291
manual,1456,model.layers.16.self_attn.q_proj,self_attn.q_proj,decode,1,QwenManualHybridLinear,0.056384000927209854
manual,1457,model.layers.16.self_attn.k_proj,self_attn.k_proj,decode,1,QwenManualHybridLinear,0.05478399991989136
manual,1458,model.layers.16.self_attn.v_proj,self_attn.v_proj,decode,1,QwenManualHybridLinear,0.04668800160288811
manual,1459,model.layers.16.self_attn.o_proj,self_attn.o_proj,decode,1,QwenManualHybridLinear,0.034304000437259674
manual,1460,model.layers.16.mlp.gate_proj,mlp.gate_proj,decode,1,QwenManualHybridLinear,0.02252800017595291
manual,1461,model.layers.16.mlp.up_proj,mlp.up_proj,decode,1,QwenHybridDenseNVFP4Linear,0.022495999932289124
manual,1462,model.layers.16.mlp.down_proj,mlp.down_proj,decode,1,QwenManualHybridLinear,0.02252800017595291
manual,1463,model.layers.17.self_attn.q_proj,self_attn.q_proj,decode,1,QwenManualHybridLinear,0.05913599953055382
manual,1464,model.layers.17.self_attn.k_proj,self_attn.k_proj,decode,1,QwenManualHybridLinear,0.05593600124120712
manual,1465,model.layers.17.self_attn.v_proj,self_attn.v_proj,decode,1,QwenManualHybridLinear,0.04588799923658371
manual,1466,model.layers.17.self_attn.o_proj,self_attn.o_proj,decode,1,QwenManualHybridLinear,0.0326399989426136
manual,1467,model.layers.17.mlp.gate_proj,mlp.gate_proj,decode,1,QwenManualHybridLinear,0.020479999482631683
manual,1468,model.layers.17.mlp.up_proj,mlp.up_proj,decode,1,QwenHybridDenseNVFP4Linear,0.02252800017595291
manual,1469,model.layers.17.mlp.down_proj,mlp.down_proj,decode,1,QwenManualHybridLinear,0.02252800017595291
manual,1470,model.layers.18.self_attn.q_proj,self_attn.q_proj,decode,1,QwenManualHybridLinear,0.059776000678539276
manual,1471,model.layers.18.self_attn.k_proj,self_attn.k_proj,decode,1,QwenManualHybridLinear,0.05222399905323982
manual,1472,model.layers.18.self_attn.v_proj,self_attn.v_proj,decode,1,QwenManualHybridLinear,0.04639999940991402
manual,1473,model.layers.18.self_attn.o_proj,self_attn.o_proj,decode,1,QwenManualHybridLinear,0.033344000577926636
manual,1474,model.layers.18.mlp.gate_proj,mlp.gate_proj,decode,1,QwenManualHybridLinear,0.02252800017595291
manual,1475,model.layers.18.mlp.up_proj,mlp.up_proj,decode,1,QwenHybridDenseNVFP4Linear,0.020479999482631683
manual,1476,model.layers.18.mlp.down_proj,mlp.down_proj,decode,1,QwenManualHybridLinear,0.030719999223947525
manual,1477,model.layers.19.self_attn.q_proj,self_attn.q_proj,decode,1,QwenManualHybridLinear,0.06585600227117538
manual,1478,model.layers.19.self_attn.k_proj,self_attn.k_proj,decode,1,QwenManualHybridLinear,0.055615998804569244
manual,1479,model.layers.19.self_attn.v_proj,self_attn.v_proj,decode,1,QwenManualHybridLinear,0.04742399975657463
manual,1480,model.layers.19.self_attn.o_proj,self_attn.o_proj,decode,1,QwenManualHybridLinear,0.030208000913262367
manual,1481,model.layers.19.mlp.gate_proj,mlp.gate_proj,decode,1,QwenManualHybridLinear,0.02252800017595291
manual,1482,model.layers.19.mlp.up_proj,mlp.up_proj,decode,1,QwenHybridDenseNVFP4Linear,0.02252800017595291
manual,1483,model.layers.19.mlp.down_proj,mlp.down_proj,decode,1,QwenManualHybridLinear,0.02252800017595291
manual,1484,model.layers.20.self_attn.q_proj,self_attn.q_proj,decode,1,QwenManualHybridLinear,0.060447998344898224
manual,1485,model.layers.20.self_attn.k_proj,self_attn.k_proj,decode,1,QwenManualHybridLinear,0.05548800155520439
manual,1486,model.layers.20.self_attn.v_proj,self_attn.v_proj,decode,1,QwenManualHybridLinear,0.04694399982690811
manual,1487,model.layers.20.self_attn.o_proj,self_attn.o_proj,decode,1,QwenManualHybridLinear,0.033215999603271484
manual,1488,model.layers.20.mlp.gate_proj,mlp.gate_proj,decode,1,QwenManualHybridLinear,0.02252800017595291
manual,1489,model.layers.20.mlp.up_proj,mlp.up_proj,decode,1,QwenHybridDenseNVFP4Linear,0.02252800017595291
manual,1490,model.layers.20.mlp.down_proj,mlp.down_proj,decode,1,QwenManualHybridLinear,0.02252800017595291
manual,1491,model.layers.21.self_attn.q_proj,self_attn.q_proj,decode,1,QwenManualHybridLinear,0.057440001517534256
manual,1492,model.layers.21.self_attn.k_proj,self_attn.k_proj,decode,1,QwenManualHybridLinear,0.052960000932216644
manual,1493,model.layers.21.self_attn.v_proj,self_attn.v_proj,decode,1,QwenManualHybridLinear,0.04825599864125252
manual,1494,model.layers.21.self_attn.o_proj,self_attn.o_proj,decode,1,QwenManualHybridLinear,0.034912001341581345
manual,1495,model.layers.21.mlp.gate_proj,mlp.gate_proj,decode,1,QwenManualHybridLinear,0.020479999482631683
manual,1496,model.layers.21.mlp.up_proj,mlp.up_proj,decode,1,QwenHybridDenseNVFP4Linear,0.02252800017595291
manual,1497,model.layers.21.mlp.down_proj,mlp.down_proj,decode,1,QwenManualHybridLinear,0.02252800017595291
manual,1498,model.layers.22.self_attn.q_proj,self_attn.q_proj,decode,1,QwenManualHybridLinear,0.057151999324560165
manual,1499,model.layers.22.self_attn.k_proj,self_attn.k_proj,decode,1,QwenManualHybridLinear,0.05331199988722801
manual,1500,model.layers.22.self_attn.v_proj,self_attn.v_proj,decode,1,QwenManualHybridLinear,0.046911999583244324
manual,1501,model.layers.22.self_attn.o_proj,self_attn.o_proj,decode,1,QwenManualHybridLinear,0.03478400036692619
manual,1502,model.layers.22.mlp.gate_proj,mlp.gate_proj,decode,1,QwenManualHybridLinear,0.020479999482631683
manual,1503,model.layers.22.mlp.up_proj,mlp.up_proj,decode,1,QwenHybridDenseNVFP4Linear,0.02252800017595291
manual,1504,model.layers.22.mlp.down_proj,mlp.down_proj,decode,1,QwenManualHybridLinear,0.02252800017595291
manual,1505,model.layers.23.self_attn.q_proj,self_attn.q_proj,decode,1,QwenManualHybridLinear,0.059487998485565186
manual,1506,model.layers.23.self_attn.k_proj,self_attn.k_proj,decode,1,QwenManualHybridLinear,0.05276799947023392
manual,1507,model.layers.23.self_attn.v_proj,self_attn.v_proj,decode,1,QwenManualHybridLinear,0.047040000557899475
manual,1508,model.layers.23.self_attn.o_proj,self_attn.o_proj,decode,1,QwenManualHybridLinear,0.03215999901294708
manual,1509,model.layers.23.mlp.gate_proj,mlp.gate_proj,decode,1,QwenManualHybridLinear,0.02252800017595291
manual,1510,model.layers.23.mlp.up_proj,mlp.up_proj,decode,1,QwenHybridDenseNVFP4Linear,0.02252800017595291
manual,1511,model.layers.23.mlp.down_proj,mlp.down_proj,decode,1,QwenManualHybridLinear,0.02252800017595291
manual,1512,model.layers.24.self_attn.q_proj,self_attn.q_proj,decode,1,QwenManualHybridLinear,0.057760000228881836
manual,1513,model.layers.24.self_attn.k_proj,self_attn.k_proj,decode,1,QwenManualHybridLinear,0.05158400163054466
manual,1514,model.layers.24.self_attn.v_proj,self_attn.v_proj,decode,1,QwenManualHybridLinear,0.049536000937223434
manual,1515,model.layers.24.self_attn.o_proj,self_attn.o_proj,decode,1,QwenManualHybridLinear,0.033695999532938004
manual,1516,model.layers.24.mlp.gate_proj,mlp.gate_proj,decode,1,QwenManualHybridLinear,0.02252800017595291
manual,1517,model.layers.24.mlp.up_proj,mlp.up_proj,decode,1,QwenHybridDenseNVFP4Linear,0.02252800017595291
manual,1518,model.layers.24.mlp.down_proj,mlp.down_proj,decode,1,QwenManualHybridLinear,0.02252800017595291
manual,1519,model.layers.25.self_attn.q_proj,self_attn.q_proj,decode,1,QwenManualHybridLinear,0.058368001133203506
manual,1520,model.layers.25.self_attn.k_proj,self_attn.k_proj,decode,1,QwenManualHybridLinear,0.050303999334573746
manual,1521,model.layers.25.self_attn.v_proj,self_attn.v_proj,decode,1,QwenManualHybridLinear,0.046431999653577805
manual,1522,model.layers.25.self_attn.o_proj,self_attn.o_proj,decode,1,QwenManualHybridLinear,0.032735999673604965
manual,1523,model.layers.25.mlp.gate_proj,mlp.gate_proj,decode,1,QwenManualHybridLinear,0.022495999932289124
manual,1524,model.layers.25.mlp.up_proj,mlp.up_proj,decode,1,QwenHybridDenseNVFP4Linear,0.021088000386953354
manual,1525,model.layers.25.mlp.down_proj,mlp.down_proj,decode,1,QwenManualHybridLinear,0.02252800017595291
manual,1526,model.layers.26.self_attn.q_proj,self_attn.q_proj,decode,1,QwenManualHybridLinear,0.0578560009598732
manual,1527,model.layers.26.self_attn.k_proj,self_attn.k_proj,decode,1,QwenManualHybridLinear,0.052191998809576035
manual,1528,model.layers.26.self_attn.v_proj,self_attn.v_proj,decode,1,QwenManualHybridLinear,0.04771199822425842
manual,1529,model.layers.26.self_attn.o_proj,self_attn.o_proj,decode,1,QwenManualHybridLinear,0.03356799855828285
manual,1530,model.layers.26.mlp.gate_proj,mlp.gate_proj,decode,1,QwenManualHybridLinear,0.02252800017595291
manual,1531,model.layers.26.mlp.up_proj,mlp.up_proj,decode,1,QwenHybridDenseNVFP4Linear,0.02252800017595291
manual,1532,model.layers.26.mlp.down_proj,mlp.down_proj,decode,1,QwenManualHybridLinear,0.02252800017595291
manual,1533,model.layers.27.self_attn.q_proj,self_attn.q_proj,decode,1,QwenManualHybridLinear,0.05881600081920624
manual,1534,model.layers.27.self_attn.k_proj,self_attn.k_proj,decode,1,QwenManualHybridLinear,0.05023999884724617
manual,1535,model.layers.27.self_attn.v_proj,self_attn.v_proj,decode,1,QwenManualHybridLinear,0.04835199937224388
manual,1536,model.layers.27.self_attn.o_proj,self_attn.o_proj,decode,1,QwenManualHybridLinear,0.033055998384952545
manual,1537,model.layers.27.mlp.gate_proj,mlp.gate_proj,decode,1,QwenManualHybridLinear,0.02319999970495701
manual,1538,model.layers.27.mlp.up_proj,mlp.up_proj,decode,1,QwenHybridDenseNVFP4Linear,0.020479999482631683
manual,1539,model.layers.27.mlp.down_proj,mlp.down_proj,decode,1,QwenManualHybridLinear,0.02252800017595291
manual,1540,model.layers.28.self_attn.q_proj,self_attn.q_proj,decode,1,QwenManualHybridLinear,0.057792000472545624
manual,1541,model.layers.28.self_attn.k_proj,self_attn.k_proj,decode,1,QwenManualHybridLinear,0.054368000477552414
manual,1542,model.layers.28.self_attn.v_proj,self_attn.v_proj,decode,1,QwenManualHybridLinear,0.05119999870657921
manual,1543,model.layers.28.self_attn.o_proj,self_attn.o_proj,decode,1,QwenManualHybridLinear,0.03177599981427193
manual,1544,model.layers.28.mlp.gate_proj,mlp.gate_proj,decode,1,QwenManualHybridLinear,0.022495999932289124
manual,1545,model.layers.28.mlp.up_proj,mlp.up_proj,decode,1,QwenHybridDenseNVFP4Linear,0.02252800017595291
manual,1546,model.layers.28.mlp.down_proj,mlp.down_proj,decode,1,QwenManualHybridLinear,0.02252800017595291
manual,1547,model.layers.29.self_attn.q_proj,self_attn.q_proj,decode,1,QwenManualHybridLinear,0.05923200026154518
manual,1548,model.layers.29.self_attn.k_proj,self_attn.k_proj,decode,1,QwenManualHybridLinear,0.061184000223875046
manual,1549,model.layers.29.self_attn.v_proj,self_attn.v_proj,decode,1,QwenManualHybridLinear,0.05375999957323074
manual,1550,model.layers.29.self_attn.o_proj,self_attn.o_proj,decode,1,QwenManualHybridLinear,0.0342399999499321
manual,1551,model.layers.29.mlp.gate_proj,mlp.gate_proj,decode,1,QwenManualHybridLinear,0.02252800017595291
manual,1552,model.layers.29.mlp.up_proj,mlp.up_proj,decode,1,QwenHybridDenseNVFP4Linear,0.02252800017595291
manual,1553,model.layers.29.mlp.down_proj,mlp.down_proj,decode,1,QwenManualHybridLinear,0.02252800017595291
manual,1554,model.layers.30.self_attn.q_proj,self_attn.q_proj,decode,1,QwenManualHybridLinear,0.0575999990105629
manual,1555,model.layers.30.self_attn.k_proj,self_attn.k_proj,decode,1,QwenManualHybridLinear,0.06745599955320358
manual,1556,model.layers.30.self_attn.v_proj,self_attn.v_proj,decode,1,QwenManualHybridLinear,0.05104000121355057
manual,1557,model.layers.30.self_attn.o_proj,self_attn.o_proj,decode,1,QwenManualHybridLinear,0.03404799848794937
manual,1558,model.layers.30.mlp.gate_proj,mlp.gate_proj,decode,1,QwenManualHybridLinear,0.02252800017595291
manual,1559,model.layers.30.mlp.up_proj,mlp.up_proj,decode,1,QwenHybridDenseNVFP4Linear,0.020479999482631683
manual,1560,model.layers.30.mlp.down_proj,mlp.down_proj,decode,1,QwenManualHybridLinear,0.02252800017595291
manual,1561,model.layers.31.self_attn.q_proj,self_attn.q_proj,decode,1,QwenManualHybridLinear,0.05926400050520897
manual,1562,model.layers.31.self_attn.k_proj,self_attn.k_proj,decode,1,QwenManualHybridLinear,0.05363199859857559
manual,1563,model.layers.31.self_attn.v_proj,self_attn.v_proj,decode,1,QwenManualHybridLinear,0.04742399975657463
manual,1564,model.layers.31.self_attn.o_proj,self_attn.o_proj,decode,1,QwenManualHybridLinear,0.033504001796245575
manual,1565,model.layers.31.mlp.gate_proj,mlp.gate_proj,decode,1,QwenManualHybridLinear,0.02252800017595291
manual,1566,model.layers.31.mlp.up_proj,mlp.up_proj,decode,1,QwenHybridDenseNVFP4Linear,0.02252800017595291
manual,1567,model.layers.31.mlp.down_proj,mlp.down_proj,decode,1,QwenManualHybridLinear,0.02252800017595291
manual,1568,model.layers.0.self_attn.q_proj,self_attn.q_proj,decode,1,QwenManualHybridLinear,0.08224000036716461
manual,1569,model.layers.0.self_attn.k_proj,self_attn.k_proj,decode,1,QwenManualHybridLinear,0.07065600156784058
manual,1570,model.layers.0.self_attn.v_proj,self_attn.v_proj,decode,1,QwenManualHybridLinear,0.05385600030422211
manual,1571,model.layers.0.self_attn.o_proj,self_attn.o_proj,decode,1,QwenManualHybridLinear,0.03296000137925148
manual,1572,model.layers.0.mlp.gate_proj,mlp.gate_proj,decode,1,QwenManualHybridLinear,0.020479999482631683
manual,1573,model.layers.0.mlp.up_proj,mlp.up_proj,decode,1,QwenHybridDenseNVFP4Linear,0.02252800017595291
manual,1574,model.layers.0.mlp.down_proj,mlp.down_proj,decode,1,QwenManualHybridLinear,0.02252800017595291
manual,1575,model.layers.1.self_attn.q_proj,self_attn.q_proj,decode,1,QwenManualHybridLinear,0.06092799827456474
manual,1576,model.layers.1.self_attn.k_proj,self_attn.k_proj,decode,1,QwenManualHybridLinear,0.05196800082921982
manual,1577,model.layers.1.self_attn.v_proj,self_attn.v_proj,decode,1,QwenManualHybridLinear,0.048895999789237976
manual,1578,model.layers.1.self_attn.o_proj,self_attn.o_proj,decode,1,QwenManualHybridLinear,0.032287999987602234
manual,1579,model.layers.1.mlp.gate_proj,mlp.gate_proj,decode,1,QwenManualHybridLinear,0.02252800017595291
manual,1580,model.layers.1.mlp.up_proj,mlp.up_proj,decode,1,QwenHybridDenseNVFP4Linear,0.02252800017595291
manual,1581,model.layers.1.mlp.down_proj,mlp.down_proj,decode,1,QwenManualHybridLinear,0.02252800017595291
manual,1582,model.layers.2.self_attn.q_proj,self_attn.q_proj,decode,1,QwenManualHybridLinear,0.05740800127387047
manual,1583,model.layers.2.self_attn.k_proj,self_attn.k_proj,decode,1,QwenManualHybridLinear,0.05225599929690361
manual,1584,model.layers.2.self_attn.v_proj,self_attn.v_proj,decode,1,QwenManualHybridLinear,0.050592001527547836
manual,1585,model.layers.2.self_attn.o_proj,self_attn.o_proj,decode,1,QwenManualHybridLinear,0.03468799963593483
manual,1586,model.layers.2.mlp.gate_proj,mlp.gate_proj,decode,1,QwenManualHybridLinear,0.02252800017595291
manual,1587,model.layers.2.mlp.up_proj,mlp.up_proj,decode,1,QwenHybridDenseNVFP4Linear,0.02252800017595291
manual,1588,model.layers.2.mlp.down_proj,mlp.down_proj,decode,1,QwenManualHybridLinear,0.021888000890612602
manual,1589,model.layers.3.self_attn.q_proj,self_attn.q_proj,decode,1,QwenManualHybridLinear,0.05728000029921532
manual,1590,model.layers.3.self_attn.k_proj,self_attn.k_proj,decode,1,QwenManualHybridLinear,0.05305600166320801
manual,1591,model.layers.3.self_attn.v_proj,self_attn.v_proj,decode,1,QwenManualHybridLinear,0.048128001391887665
manual,1592,model.layers.3.self_attn.o_proj,self_attn.o_proj,decode,1,QwenManualHybridLinear,0.03302399814128876
manual,1593,model.layers.3.mlp.gate_proj,mlp.gate_proj,decode,1,QwenManualHybridLinear,0.02252800017595291
manual,1594,model.layers.3.mlp.up_proj,mlp.up_proj,decode,1,QwenHybridDenseNVFP4Linear,0.022495999932289124
manual,1595,model.layers.3.mlp.down_proj,mlp.down_proj,decode,1,QwenManualHybridLinear,0.02252800017595291
manual,1596,model.layers.4.self_attn.q_proj,self_attn.q_proj,decode,1,QwenManualHybridLinear,0.05859199911355972
manual,1597,model.layers.4.self_attn.k_proj,self_attn.k_proj,decode,1,QwenManualHybridLinear,0.053408000618219376
manual,1598,model.layers.4.self_attn.v_proj,self_attn.v_proj,decode,1,QwenManualHybridLinear,0.046112000942230225
manual,1599,model.layers.4.self_attn.o_proj,self_attn.o_proj,decode,1,QwenManualHybridLinear,0.033695999532938004
manual,1600,model.layers.4.mlp.gate_proj,mlp.gate_proj,decode,1,QwenManualHybridLinear,0.02252800017595291
manual,1601,model.layers.4.mlp.up_proj,mlp.up_proj,decode,1,QwenHybridDenseNVFP4Linear,0.02252800017595291
manual,1602,model.layers.4.mlp.down_proj,mlp.down_proj,decode,1,QwenManualHybridLinear,0.02252800017595291
manual,1603,model.layers.5.self_attn.q_proj,self_attn.q_proj,decode,1,QwenManualHybridLinear,0.05923200026154518
manual,1604,model.layers.5.self_attn.k_proj,self_attn.k_proj,decode,1,QwenManualHybridLinear,0.053568001836538315
manual,1605,model.layers.5.self_attn.v_proj,self_attn.v_proj,decode,1,QwenManualHybridLinear,0.04451199993491173
manual,1606,model.layers.5.self_attn.o_proj,self_attn.o_proj,decode,1,QwenManualHybridLinear,0.03385600075125694
manual,1607,model.layers.5.mlp.gate_proj,mlp.gate_proj,decode,1,QwenManualHybridLinear,0.02252800017595291
manual,1608,model.layers.5.mlp.up_proj,mlp.up_proj,decode,1,QwenHybridDenseNVFP4Linear,0.02252800017595291
manual,1609,model.layers.5.mlp.down_proj,mlp.down_proj,decode,1,QwenManualHybridLinear,0.02252800017595291
manual,1610,model.layers.6.self_attn.q_proj,self_attn.q_proj,decode,1,QwenManualHybridLinear,0.058111999183893204
manual,1611,model.layers.6.self_attn.k_proj,self_attn.k_proj,decode,1,QwenManualHybridLinear,0.05180799961090088
manual,1612,model.layers.6.self_attn.v_proj,self_attn.v_proj,decode,1,QwenManualHybridLinear,0.04620800167322159
manual,1613,model.layers.6.self_attn.o_proj,self_attn.o_proj,decode,1,QwenManualHybridLinear,0.03436800092458725
manual,1614,model.layers.6.mlp.gate_proj,mlp.gate_proj,decode,1,QwenManualHybridLinear,0.02252800017595291
manual,1615,model.layers.6.mlp.up_proj,mlp.up_proj,decode,1,QwenHybridDenseNVFP4Linear,0.020479999482631683
manual,1616,model.layers.6.mlp.down_proj,mlp.down_proj,decode,1,QwenManualHybridLinear,0.022495999932289124
manual,1617,model.layers.7.self_attn.q_proj,self_attn.q_proj,decode,1,QwenManualHybridLinear,0.06140799820423126
manual,1618,model.layers.7.self_attn.k_proj,self_attn.k_proj,decode,1,QwenManualHybridLinear,0.05241600051522255
manual,1619,model.layers.7.self_attn.v_proj,self_attn.v_proj,decode,1,QwenManualHybridLinear,0.04543999955058098
manual,1620,model.layers.7.self_attn.o_proj,self_attn.o_proj,decode,1,QwenManualHybridLinear,0.03683200106024742
manual,1621,model.layers.7.mlp.gate_proj,mlp.gate_proj,decode,1,QwenManualHybridLinear,0.02252800017595291
manual,1622,model.layers.7.mlp.up_proj,mlp.up_proj,decode,1,QwenHybridDenseNVFP4Linear,0.02252800017595291
manual,1623,model.layers.7.mlp.down_proj,mlp.down_proj,decode,1,QwenManualHybridLinear,0.02252800017595291
manual,1624,model.layers.8.self_attn.q_proj,self_attn.q_proj,decode,1,QwenManualHybridLinear,0.05750399827957153
manual,1625,model.layers.8.self_attn.k_proj,self_attn.k_proj,decode,1,QwenManualHybridLinear,0.052191998809576035
manual,1626,model.layers.8.self_attn.v_proj,self_attn.v_proj,decode,1,QwenManualHybridLinear,0.04438399896025658
manual,1627,model.layers.8.self_attn.o_proj,self_attn.o_proj,decode,1,QwenManualHybridLinear,0.0323840007185936
manual,1628,model.layers.8.mlp.gate_proj,mlp.gate_proj,decode,1,QwenManualHybridLinear,0.02252800017595291
manual,1629,model.layers.8.mlp.up_proj,mlp.up_proj,decode,1,QwenHybridDenseNVFP4Linear,0.02252800017595291
manual,1630,model.layers.8.mlp.down_proj,mlp.down_proj,decode,1,QwenManualHybridLinear,0.02252800017595291
manual,1631,model.layers.9.self_attn.q_proj,self_attn.q_proj,decode,1,QwenManualHybridLinear,0.05798399820923805
manual,1632,model.layers.9.self_attn.k_proj,self_attn.k_proj,decode,1,QwenManualHybridLinear,0.05289600044488907
manual,1633,model.layers.9.self_attn.v_proj,self_attn.v_proj,decode,1,QwenManualHybridLinear,0.04630399867892265
manual,1634,model.layers.9.self_attn.o_proj,self_attn.o_proj,decode,1,QwenManualHybridLinear,0.03359999880194664
manual,1635,model.layers.9.mlp.gate_proj,mlp.gate_proj,decode,1,QwenManualHybridLinear,0.020479999482631683
manual,1636,model.layers.9.mlp.up_proj,mlp.up_proj,decode,1,QwenHybridDenseNVFP4Linear,0.02252800017595291
manual,1637,model.layers.9.mlp.down_proj,mlp.down_proj,decode,1,QwenManualHybridLinear,0.02252800017595291
manual,1638,model.layers.10.self_attn.q_proj,self_attn.q_proj,decode,1,QwenManualHybridLinear,0.058720000088214874
manual,1639,model.layers.10.self_attn.k_proj,self_attn.k_proj,decode,1,QwenManualHybridLinear,0.0517439991235733
manual,1640,model.layers.10.self_attn.v_proj,self_attn.v_proj,decode,1,QwenManualHybridLinear,0.04575999826192856
manual,1641,model.layers.10.self_attn.o_proj,self_attn.o_proj,decode,1,QwenManualHybridLinear,0.034015998244285583
manual,1642,model.layers.10.mlp.gate_proj,mlp.gate_proj,decode,1,QwenManualHybridLinear,0.022495999932289124
manual,1643,model.layers.10.mlp.up_proj,mlp.up_proj,decode,1,QwenHybridDenseNVFP4Linear,0.02252800017595291
manual,1644,model.layers.10.mlp.down_proj,mlp.down_proj,decode,1,QwenManualHybridLinear,0.02252800017595291
manual,1645,model.layers.11.self_attn.q_proj,self_attn.q_proj,decode,1,QwenManualHybridLinear,0.058880001306533813
manual,1646,model.layers.11.self_attn.k_proj,self_attn.k_proj,decode,1,QwenManualHybridLinear,0.0525440014898777
manual,1647,model.layers.11.self_attn.v_proj,self_attn.v_proj,decode,1,QwenManualHybridLinear,0.04604800045490265
manual,1648,model.layers.11.self_attn.o_proj,self_attn.o_proj,decode,1,QwenManualHybridLinear,0.03372799977660179
manual,1649,model.layers.11.mlp.gate_proj,mlp.gate_proj,decode,1,QwenManualHybridLinear,0.02252800017595291
manual,1650,model.layers.11.mlp.up_proj,mlp.up_proj,decode,1,QwenHybridDenseNVFP4Linear,0.02252800017595291
manual,1651,model.layers.11.mlp.down_proj,mlp.down_proj,decode,1,QwenManualHybridLinear,0.02252800017595291
manual,1652,model.layers.12.self_attn.q_proj,self_attn.q_proj,decode,1,QwenManualHybridLinear,0.05718399956822395
manual,1653,model.layers.12.self_attn.k_proj,self_attn.k_proj,decode,1,QwenManualHybridLinear,0.05238400027155876
manual,1654,model.layers.12.self_attn.v_proj,self_attn.v_proj,decode,1,QwenManualHybridLinear,0.04483199864625931
manual,1655,model.layers.12.self_attn.o_proj,self_attn.o_proj,decode,1,QwenManualHybridLinear,0.03232000023126602
manual,1656,model.layers.12.mlp.gate_proj,mlp.gate_proj,decode,1,QwenManualHybridLinear,0.02252800017595291
manual,1657,model.layers.12.mlp.up_proj,mlp.up_proj,decode,1,QwenHybridDenseNVFP4Linear,0.02252800017595291
manual,1658,model.layers.12.mlp.down_proj,mlp.down_proj,decode,1,QwenManualHybridLinear,0.02236800082027912
manual,1659,model.layers.13.self_attn.q_proj,self_attn.q_proj,decode,1,QwenManualHybridLinear,0.05555199831724167
manual,1660,model.layers.13.self_attn.k_proj,self_attn.k_proj,decode,1,QwenManualHybridLinear,0.052799999713897705
manual,1661,model.layers.13.self_attn.v_proj,self_attn.v_proj,decode,1,QwenManualHybridLinear,0.047200001776218414
manual,1662,model.layers.13.self_attn.o_proj,self_attn.o_proj,decode,1,QwenManualHybridLinear,0.034143999218940735
manual,1663,model.layers.13.mlp.gate_proj,mlp.gate_proj,decode,1,QwenManualHybridLinear,0.022495999932289124
manual,1664,model.layers.13.mlp.up_proj,mlp.up_proj,decode,1,QwenHybridDenseNVFP4Linear,0.02252800017595291
manual,1665,model.layers.13.mlp.down_proj,mlp.down_proj,decode,1,QwenManualHybridLinear,0.02252800017595291
manual,1666,model.layers.14.self_attn.q_proj,self_attn.q_proj,decode,1,QwenManualHybridLinear,0.05756799876689911
manual,1667,model.layers.14.self_attn.k_proj,self_attn.k_proj,decode,1,QwenManualHybridLinear,0.05152000114321709
manual,1668,model.layers.14.self_attn.v_proj,self_attn.v_proj,decode,1,QwenManualHybridLinear,0.04620800167322159
manual,1669,model.layers.14.self_attn.o_proj,self_attn.o_proj,decode,1,QwenManualHybridLinear,0.03324799984693527
manual,1670,model.layers.14.mlp.gate_proj,mlp.gate_proj,decode,1,QwenManualHybridLinear,0.020479999482631683
manual,1671,model.layers.14.mlp.up_proj,mlp.up_proj,decode,1,QwenHybridDenseNVFP4Linear,0.02252800017595291
manual,1672,model.layers.14.mlp.down_proj,mlp.down_proj,decode,1,QwenManualHybridLinear,0.02252800017595291
manual,1673,model.layers.15.self_attn.q_proj,self_attn.q_proj,decode,1,QwenManualHybridLinear,0.058400001376867294
manual,1674,model.layers.15.self_attn.k_proj,self_attn.k_proj,decode,1,QwenManualHybridLinear,0.06140799820423126
manual,1675,model.layers.15.self_attn.v_proj,self_attn.v_proj,decode,1,QwenManualHybridLinear,0.04729599878191948
manual,1676,model.layers.15.self_attn.o_proj,self_attn.o_proj,decode,1,QwenManualHybridLinear,0.03328000009059906
manual,1677,model.layers.15.mlp.gate_proj,mlp.gate_proj,decode,1,QwenManualHybridLinear,0.02252800017595291
manual,1678,model.layers.15.mlp.up_proj,mlp.up_proj,decode,1,QwenHybridDenseNVFP4Linear,0.02252800017595291
manual,1679,model.layers.15.mlp.down_proj,mlp.down_proj,decode,1,QwenManualHybridLinear,0.02252800017595291
manual,1680,model.layers.16.self_attn.q_proj,self_attn.q_proj,decode,1,QwenManualHybridLinear,0.057760000228881836
manual,1681,model.layers.16.self_attn.k_proj,self_attn.k_proj,decode,1,QwenManualHybridLinear,0.05071999877691269
manual,1682,model.layers.16.self_attn.v_proj,self_attn.v_proj,decode,1,QwenManualHybridLinear,0.044544000178575516
manual,1683,model.layers.16.self_attn.o_proj,self_attn.o_proj,decode,1,QwenManualHybridLinear,0.034015998244285583
manual,1684,model.layers.16.mlp.gate_proj,mlp.gate_proj,decode,1,QwenManualHybridLinear,0.02252800017595291
manual,1685,model.layers.16.mlp.up_proj,mlp.up_proj,decode,1,QwenHybridDenseNVFP4Linear,0.022495999932289124
manual,1686,model.layers.16.mlp.down_proj,mlp.down_proj,decode,1,QwenManualHybridLinear,0.021344000473618507
manual,1687,model.layers.17.self_attn.q_proj,self_attn.q_proj,decode,1,QwenManualHybridLinear,0.05849599838256836
manual,1688,model.layers.17.self_attn.k_proj,self_attn.k_proj,decode,1,QwenManualHybridLinear,0.05417599901556969
manual,1689,model.layers.17.self_attn.v_proj,self_attn.v_proj,decode,1,QwenManualHybridLinear,0.04566400125622749
manual,1690,model.layers.17.self_attn.o_proj,self_attn.o_proj,decode,1,QwenManualHybridLinear,0.03328000009059906
manual,1691,model.layers.17.mlp.gate_proj,mlp.gate_proj,decode,1,QwenManualHybridLinear,0.020479999482631683
manual,1692,model.layers.17.mlp.up_proj,mlp.up_proj,decode,1,QwenHybridDenseNVFP4Linear,0.02252800017595291
manual,1693,model.layers.17.mlp.down_proj,mlp.down_proj,decode,1,QwenManualHybridLinear,0.021503999829292297
manual,1694,model.layers.18.self_attn.q_proj,self_attn.q_proj,decode,1,QwenManualHybridLinear,0.06384000182151794
manual,1695,model.layers.18.self_attn.k_proj,self_attn.k_proj,decode,1,QwenManualHybridLinear,0.054816000163555145
manual,1696,model.layers.18.self_attn.v_proj,self_attn.v_proj,decode,1,QwenManualHybridLinear,0.047200001776218414
manual,1697,model.layers.18.self_attn.o_proj,self_attn.o_proj,decode,1,QwenManualHybridLinear,0.034432001411914825
manual,1698,model.layers.18.mlp.gate_proj,mlp.gate_proj,decode,1,QwenManualHybridLinear,0.02252800017595291
manual,1699,model.layers.18.mlp.up_proj,mlp.up_proj,decode,1,QwenHybridDenseNVFP4Linear,0.02252800017595291
manual,1700,model.layers.18.mlp.down_proj,mlp.down_proj,decode,1,QwenManualHybridLinear,0.02252800017595291
manual,1701,model.layers.19.self_attn.q_proj,self_attn.q_proj,decode,1,QwenManualHybridLinear,0.05961599946022034
manual,1702,model.layers.19.self_attn.k_proj,self_attn.k_proj,decode,1,QwenManualHybridLinear,0.05363199859857559
manual,1703,model.layers.19.self_attn.v_proj,self_attn.v_proj,decode,1,QwenManualHybridLinear,0.04495999962091446
manual,1704,model.layers.19.self_attn.o_proj,self_attn.o_proj,decode,1,QwenManualHybridLinear,0.03161599859595299
manual,1705,model.layers.19.mlp.gate_proj,mlp.gate_proj,decode,1,QwenManualHybridLinear,0.02252800017595291
manual,1706,model.layers.19.mlp.up_proj,mlp.up_proj,decode,1,QwenHybridDenseNVFP4Linear,0.02252800017595291
manual,1707,model.layers.19.mlp.down_proj,mlp.down_proj,decode,1,QwenManualHybridLinear,0.02304000034928322
manual,1708,model.layers.20.self_attn.q_proj,self_attn.q_proj,decode,1,QwenManualHybridLinear,0.05939200147986412
manual,1709,model.layers.20.self_attn.k_proj,self_attn.k_proj,decode,1,QwenManualHybridLinear,0.052352000027894974
manual,1710,model.layers.20.self_attn.v_proj,self_attn.v_proj,decode,1,QwenManualHybridLinear,0.04614400118589401
manual,1711,model.layers.20.self_attn.o_proj,self_attn.o_proj,decode,1,QwenManualHybridLinear,0.03388800099492073
manual,1712,model.layers.20.mlp.gate_proj,mlp.gate_proj,decode,1,QwenManualHybridLinear,0.02252800017595291
manual,1713,model.layers.20.mlp.up_proj,mlp.up_proj,decode,1,QwenHybridDenseNVFP4Linear,0.02252800017595291
manual,1714,model.layers.20.mlp.down_proj,mlp.down_proj,decode,1,QwenManualHybridLinear,0.02252800017595291
manual,1715,model.layers.21.self_attn.q_proj,self_attn.q_proj,decode,1,QwenManualHybridLinear,0.05846399813890457
manual,1716,model.layers.21.self_attn.k_proj,self_attn.k_proj,decode,1,QwenManualHybridLinear,0.051872000098228455
manual,1717,model.layers.21.self_attn.v_proj,self_attn.v_proj,decode,1,QwenManualHybridLinear,0.04543999955058098
manual,1718,model.layers.21.self_attn.o_proj,self_attn.o_proj,decode,1,QwenManualHybridLinear,0.03200000151991844
manual,1719,model.layers.21.mlp.gate_proj,mlp.gate_proj,decode,1,QwenManualHybridLinear,0.020479999482631683
manual,1720,model.layers.21.mlp.up_proj,mlp.up_proj,decode,1,QwenHybridDenseNVFP4Linear,0.02252800017595291
manual,1721,model.layers.21.mlp.down_proj,mlp.down_proj,decode,1,QwenManualHybridLinear,0.02252800017595291
manual,1722,model.layers.22.self_attn.q_proj,self_attn.q_proj,decode,1,QwenManualHybridLinear,0.058720000088214874
manual,1723,model.layers.22.self_attn.k_proj,self_attn.k_proj,decode,1,QwenManualHybridLinear,0.05257600173354149
manual,1724,model.layers.22.self_attn.v_proj,self_attn.v_proj,decode,1,QwenManualHybridLinear,0.04553600028157234
manual,1725,model.layers.22.self_attn.o_proj,self_attn.o_proj,decode,1,QwenManualHybridLinear,0.034015998244285583
manual,1726,model.layers.22.mlp.gate_proj,mlp.gate_proj,decode,1,QwenManualHybridLinear,0.02252800017595291
manual,1727,model.layers.22.mlp.up_proj,mlp.up_proj,decode,1,QwenHybridDenseNVFP4Linear,0.02252800017595291
manual,1728,model.layers.22.mlp.down_proj,mlp.down_proj,decode,1,QwenManualHybridLinear,0.021407999098300934
manual,1729,model.layers.23.self_attn.q_proj,self_attn.q_proj,decode,1,QwenManualHybridLinear,0.05772799998521805
manual,1730,model.layers.23.self_attn.k_proj,self_attn.k_proj,decode,1,QwenManualHybridLinear,0.052000001072883606
manual,1731,model.layers.23.self_attn.v_proj,self_attn.v_proj,decode,1,QwenManualHybridLinear,0.04678399860858917
manual,1732,model.layers.23.self_attn.o_proj,self_attn.o_proj,decode,1,QwenManualHybridLinear,0.03363199904561043
manual,1733,model.layers.23.mlp.gate_proj,mlp.gate_proj,decode,1,QwenManualHybridLinear,0.02252800017595291
manual,1734,model.layers.23.mlp.up_proj,mlp.up_proj,decode,1,QwenHybridDenseNVFP4Linear,0.02252800017595291
manual,1735,model.layers.23.mlp.down_proj,mlp.down_proj,decode,1,QwenManualHybridLinear,0.02252800017595291
manual,1736,model.layers.24.self_attn.q_proj,self_attn.q_proj,decode,1,QwenManualHybridLinear,0.058240000158548355
manual,1737,model.layers.24.self_attn.k_proj,self_attn.k_proj,decode,1,QwenManualHybridLinear,0.05193600058555603
manual,1738,model.layers.24.self_attn.v_proj,self_attn.v_proj,decode,1,QwenManualHybridLinear,0.04707200080156326
manual,1739,model.layers.24.self_attn.o_proj,self_attn.o_proj,decode,1,QwenManualHybridLinear,0.03376000002026558
manual,1740,model.layers.24.mlp.gate_proj,mlp.gate_proj,decode,1,QwenManualHybridLinear,0.02252800017595291
manual,1741,model.layers.24.mlp.up_proj,mlp.up_proj,decode,1,QwenHybridDenseNVFP4Linear,0.02252800017595291
manual,1742,model.layers.24.mlp.down_proj,mlp.down_proj,decode,1,QwenManualHybridLinear,0.02252800017595291
manual,1743,model.layers.25.self_attn.q_proj,self_attn.q_proj,decode,1,QwenManualHybridLinear,0.057472001761198044
manual,1744,model.layers.25.self_attn.k_proj,self_attn.k_proj,decode,1,QwenManualHybridLinear,0.051711998879909515
manual,1745,model.layers.25.self_attn.v_proj,self_attn.v_proj,decode,1,QwenManualHybridLinear,0.04623999819159508
manual,1746,model.layers.25.self_attn.o_proj,self_attn.o_proj,decode,1,QwenManualHybridLinear,0.03276799991726875
manual,1747,model.layers.25.mlp.gate_proj,mlp.gate_proj,decode,1,QwenManualHybridLinear,0.022495999932289124
manual,1748,model.layers.25.mlp.up_proj,mlp.up_proj,decode,1,QwenHybridDenseNVFP4Linear,0.02252800017595291
manual,1749,model.layers.25.mlp.down_proj,mlp.down_proj,decode,1,QwenManualHybridLinear,0.02252800017595291
manual,1750,model.layers.26.self_attn.q_proj,self_attn.q_proj,decode,1,QwenManualHybridLinear,0.05923200026154518
manual,1751,model.layers.26.self_attn.k_proj,self_attn.k_proj,decode,1,QwenManualHybridLinear,0.05347200110554695
manual,1752,model.layers.26.self_attn.v_proj,self_attn.v_proj,decode,1,QwenManualHybridLinear,0.04665600135922432
manual,1753,model.layers.26.self_attn.o_proj,self_attn.o_proj,decode,1,QwenManualHybridLinear,0.03471999987959862
manual,1754,model.layers.26.mlp.gate_proj,mlp.gate_proj,decode,1,QwenManualHybridLinear,0.02252800017595291
manual,1755,model.layers.26.mlp.up_proj,mlp.up_proj,decode,1,QwenHybridDenseNVFP4Linear,0.02252800017595291
manual,1756,model.layers.26.mlp.down_proj,mlp.down_proj,decode,1,QwenManualHybridLinear,0.022207999601960182
manual,1757,model.layers.27.self_attn.q_proj,self_attn.q_proj,decode,1,QwenManualHybridLinear,0.061503998935222626
manual,1758,model.layers.27.self_attn.k_proj,self_attn.k_proj,decode,1,QwenManualHybridLinear,0.052480001002550125
manual,1759,model.layers.27.self_attn.v_proj,self_attn.v_proj,decode,1,QwenManualHybridLinear,0.04639999940991402
manual,1760,model.layers.27.self_attn.o_proj,self_attn.o_proj,decode,1,QwenManualHybridLinear,0.03625600039958954
manual,1761,model.layers.27.mlp.gate_proj,mlp.gate_proj,decode,1,QwenManualHybridLinear,0.02252800017595291
manual,1762,model.layers.27.mlp.up_proj,mlp.up_proj,decode,1,QwenHybridDenseNVFP4Linear,0.02252800017595291
manual,1763,model.layers.27.mlp.down_proj,mlp.down_proj,decode,1,QwenManualHybridLinear,0.02252800017595291
manual,1764,model.layers.28.self_attn.q_proj,self_attn.q_proj,decode,1,QwenManualHybridLinear,0.05651199817657471
manual,1765,model.layers.28.self_attn.k_proj,self_attn.k_proj,decode,1,QwenManualHybridLinear,0.051072001457214355
manual,1766,model.layers.28.self_attn.v_proj,self_attn.v_proj,decode,1,QwenManualHybridLinear,0.04368000105023384
manual,1767,model.layers.28.self_attn.o_proj,self_attn.o_proj,decode,1,QwenManualHybridLinear,0.03356799855828285
manual,1768,model.layers.28.mlp.gate_proj,mlp.gate_proj,decode,1,QwenManualHybridLinear,0.02304000034928322
manual,1769,model.layers.28.mlp.up_proj,mlp.up_proj,decode,1,QwenHybridDenseNVFP4Linear,0.02252800017595291
manual,1770,model.layers.28.mlp.down_proj,mlp.down_proj,decode,1,QwenManualHybridLinear,0.02252800017595291
manual,1771,model.layers.29.self_attn.q_proj,self_attn.q_proj,decode,1,QwenManualHybridLinear,0.06137600168585777
manual,1772,model.layers.29.self_attn.k_proj,self_attn.k_proj,decode,1,QwenManualHybridLinear,0.05398400127887726
manual,1773,model.layers.29.self_attn.v_proj,self_attn.v_proj,decode,1,QwenManualHybridLinear,0.0451200008392334
manual,1774,model.layers.29.self_attn.o_proj,self_attn.o_proj,decode,1,QwenManualHybridLinear,0.034015998244285583
manual,1775,model.layers.29.mlp.gate_proj,mlp.gate_proj,decode,1,QwenManualHybridLinear,0.02252800017595291
manual,1776,model.layers.29.mlp.up_proj,mlp.up_proj,decode,1,QwenHybridDenseNVFP4Linear,0.02252800017595291
manual,1777,model.layers.29.mlp.down_proj,mlp.down_proj,decode,1,QwenManualHybridLinear,0.02252800017595291
manual,1778,model.layers.30.self_attn.q_proj,self_attn.q_proj,decode,1,QwenManualHybridLinear,0.057440001517534256
manual,1779,model.layers.30.self_attn.k_proj,self_attn.k_proj,decode,1,QwenManualHybridLinear,0.05289600044488907
manual,1780,model.layers.30.self_attn.v_proj,self_attn.v_proj,decode,1,QwenManualHybridLinear,0.04499199986457825
manual,1781,model.layers.30.self_attn.o_proj,self_attn.o_proj,decode,1,QwenManualHybridLinear,0.03484800085425377
manual,1782,model.layers.30.mlp.gate_proj,mlp.gate_proj,decode,1,QwenManualHybridLinear,0.02252800017595291
manual,1783,model.layers.30.mlp.up_proj,mlp.up_proj,decode,1,QwenHybridDenseNVFP4Linear,0.02252800017595291
manual,1784,model.layers.30.mlp.down_proj,mlp.down_proj,decode,1,QwenManualHybridLinear,0.02252800017595291
manual,1785,model.layers.31.self_attn.q_proj,self_attn.q_proj,decode,1,QwenManualHybridLinear,0.05942400172352791
manual,1786,model.layers.31.self_attn.k_proj,self_attn.k_proj,decode,1,QwenManualHybridLinear,0.057792000472545624
manual,1787,model.layers.31.self_attn.v_proj,self_attn.v_proj,decode,1,QwenManualHybridLinear,0.04639999940991402
manual,1788,model.layers.31.self_attn.o_proj,self_attn.o_proj,decode,1,QwenManualHybridLinear,0.033663999289274216
manual,1789,model.layers.31.mlp.gate_proj,mlp.gate_proj,decode,1,QwenManualHybridLinear,0.02252800017595291
manual,1790,model.layers.31.mlp.up_proj,mlp.up_proj,decode,1,QwenHybridDenseNVFP4Linear,0.02252800017595291
manual,1791,model.layers.31.mlp.down_proj,mlp.down_proj,decode,1,QwenManualHybridLinear,0.02252800017595291
manual,1792,model.layers.0.self_attn.q_proj,self_attn.q_proj,decode,1,QwenManualHybridLinear,0.069023996591568
manual,1793,model.layers.0.self_attn.k_proj,self_attn.k_proj,decode,1,QwenManualHybridLinear,0.07196799665689468
manual,1794,model.layers.0.self_attn.v_proj,self_attn.v_proj,decode,1,QwenManualHybridLinear,0.05238400027155876
manual,1795,model.layers.0.self_attn.o_proj,self_attn.o_proj,decode,1,QwenManualHybridLinear,0.033504001796245575
manual,1796,model.layers.0.mlp.gate_proj,mlp.gate_proj,decode,1,QwenManualHybridLinear,0.02252800017595291
manual,1797,model.layers.0.mlp.up_proj,mlp.up_proj,decode,1,QwenHybridDenseNVFP4Linear,0.02252800017595291
manual,1798,model.layers.0.mlp.down_proj,mlp.down_proj,decode,1,QwenManualHybridLinear,0.02252800017595291
manual,1799,model.layers.1.self_attn.q_proj,self_attn.q_proj,decode,1,QwenManualHybridLinear,0.058240000158548355
manual,1800,model.layers.1.self_attn.k_proj,self_attn.k_proj,decode,1,QwenManualHybridLinear,0.07811199873685837
manual,1801,model.layers.1.self_attn.v_proj,self_attn.v_proj,decode,1,QwenManualHybridLinear,0.04649600014090538
manual,1802,model.layers.1.self_attn.o_proj,self_attn.o_proj,decode,1,QwenManualHybridLinear,0.03219199925661087
manual,1803,model.layers.1.mlp.gate_proj,mlp.gate_proj,decode,1,QwenManualHybridLinear,0.020479999482631683
manual,1804,model.layers.1.mlp.up_proj,mlp.up_proj,decode,1,QwenHybridDenseNVFP4Linear,0.02252800017595291
manual,1805,model.layers.1.mlp.down_proj,mlp.down_proj,decode,1,QwenManualHybridLinear,0.02252800017595291
manual,1806,model.layers.2.self_attn.q_proj,self_attn.q_proj,decode,1,QwenManualHybridLinear,0.060896001756191254
manual,1807,model.layers.2.self_attn.k_proj,self_attn.k_proj,decode,1,QwenManualHybridLinear,0.053408000618219376
manual,1808,model.layers.2.self_attn.v_proj,self_attn.v_proj,decode,1,QwenManualHybridLinear,0.04825599864125252
manual,1809,model.layers.2.self_attn.o_proj,self_attn.o_proj,decode,1,QwenManualHybridLinear,0.034272000193595886
manual,1810,model.layers.2.mlp.gate_proj,mlp.gate_proj,decode,1,QwenManualHybridLinear,0.02252800017595291
manual,1811,model.layers.2.mlp.up_proj,mlp.up_proj,decode,1,QwenHybridDenseNVFP4Linear,0.02252800017595291
manual,1812,model.layers.2.mlp.down_proj,mlp.down_proj,decode,1,QwenManualHybridLinear,0.02252800017595291
manual,1813,model.layers.3.self_attn.q_proj,self_attn.q_proj,decode,1,QwenManualHybridLinear,0.05849599838256836
manual,1814,model.layers.3.self_attn.k_proj,self_attn.k_proj,decode,1,QwenManualHybridLinear,0.0522879995405674
manual,1815,model.layers.3.self_attn.v_proj,self_attn.v_proj,decode,1,QwenManualHybridLinear,0.04543999955058098
manual,1816,model.layers.3.self_attn.o_proj,self_attn.o_proj,decode,1,QwenManualHybridLinear,0.03440000116825104
manual,1817,model.layers.3.mlp.gate_proj,mlp.gate_proj,decode,1,QwenManualHybridLinear,0.02252800017595291
manual,1818,model.layers.3.mlp.up_proj,mlp.up_proj,decode,1,QwenHybridDenseNVFP4Linear,0.02147199958562851
manual,1819,model.layers.3.mlp.down_proj,mlp.down_proj,decode,1,QwenManualHybridLinear,0.02252800017595291
manual,1820,model.layers.4.self_attn.q_proj,self_attn.q_proj,decode,1,QwenManualHybridLinear,0.057151999324560165
manual,1821,model.layers.4.self_attn.k_proj,self_attn.k_proj,decode,1,QwenManualHybridLinear,0.05286400020122528
manual,1822,model.layers.4.self_attn.v_proj,self_attn.v_proj,decode,1,QwenManualHybridLinear,0.05167999863624573
manual,1823,model.layers.4.self_attn.o_proj,self_attn.o_proj,decode,1,QwenManualHybridLinear,0.03302399814128876
manual,1824,model.layers.4.mlp.gate_proj,mlp.gate_proj,decode,1,QwenManualHybridLinear,0.022495999932289124
manual,1825,model.layers.4.mlp.up_proj,mlp.up_proj,decode,1,QwenHybridDenseNVFP4Linear,0.020479999482631683
manual,1826,model.layers.4.mlp.down_proj,mlp.down_proj,decode,1,QwenManualHybridLinear,0.02252800017595291
manual,1827,model.layers.5.self_attn.q_proj,self_attn.q_proj,decode,1,QwenManualHybridLinear,0.05958399921655655
manual,1828,model.layers.5.self_attn.k_proj,self_attn.k_proj,decode,1,QwenManualHybridLinear,0.05283199995756149
manual,1829,model.layers.5.self_attn.v_proj,self_attn.v_proj,decode,1,QwenManualHybridLinear,0.04745600000023842
manual,1830,model.layers.5.self_attn.o_proj,self_attn.o_proj,decode,1,QwenManualHybridLinear,0.03206399828195572
manual,1831,model.layers.5.mlp.gate_proj,mlp.gate_proj,decode,1,QwenManualHybridLinear,0.02252800017595291
manual,1832,model.layers.5.mlp.up_proj,mlp.up_proj,decode,1,QwenHybridDenseNVFP4Linear,0.02252800017595291
manual,1833,model.layers.5.mlp.down_proj,mlp.down_proj,decode,1,QwenManualHybridLinear,0.02252800017595291
manual,1834,model.layers.6.self_attn.q_proj,self_attn.q_proj,decode,1,QwenManualHybridLinear,0.0594559982419014
manual,1835,model.layers.6.self_attn.k_proj,self_attn.k_proj,decode,1,QwenManualHybridLinear,0.05347200110554695
manual,1836,model.layers.6.self_attn.v_proj,self_attn.v_proj,decode,1,QwenManualHybridLinear,0.04464000090956688
manual,1837,model.layers.6.self_attn.o_proj,self_attn.o_proj,decode,1,QwenManualHybridLinear,0.03471999987959862
manual,1838,model.layers.6.mlp.gate_proj,mlp.gate_proj,decode,1,QwenManualHybridLinear,0.020479999482631683
manual,1839,model.layers.6.mlp.up_proj,mlp.up_proj,decode,1,QwenHybridDenseNVFP4Linear,0.02252800017595291
manual,1840,model.layers.6.mlp.down_proj,mlp.down_proj,decode,1,QwenManualHybridLinear,0.02252800017595291
manual,1841,model.layers.7.self_attn.q_proj,self_attn.q_proj,decode,1,QwenManualHybridLinear,0.05676800012588501
manual,1842,model.layers.7.self_attn.k_proj,self_attn.k_proj,decode,1,QwenManualHybridLinear,0.05353600159287453
manual,1843,model.layers.7.self_attn.v_proj,self_attn.v_proj,decode,1,QwenManualHybridLinear,0.04451199993491173
manual,1844,model.layers.7.self_attn.o_proj,self_attn.o_proj,decode,1,QwenManualHybridLinear,0.03302399814128876
manual,1845,model.layers.7.mlp.gate_proj,mlp.gate_proj,decode,1,QwenManualHybridLinear,0.02252800017595291
manual,1846,model.layers.7.mlp.up_proj,mlp.up_proj,decode,1,QwenHybridDenseNVFP4Linear,0.02252800017595291
manual,1847,model.layers.7.mlp.down_proj,mlp.down_proj,decode,1,QwenManualHybridLinear,0.02252800017595291
manual,1848,model.layers.8.self_attn.q_proj,self_attn.q_proj,decode,1,QwenManualHybridLinear,0.05795200169086456
manual,1849,model.layers.8.self_attn.k_proj,self_attn.k_proj,decode,1,QwenManualHybridLinear,0.05145600065588951
manual,1850,model.layers.8.self_attn.v_proj,self_attn.v_proj,decode,1,QwenManualHybridLinear,0.04678399860858917
manual,1851,model.layers.8.self_attn.o_proj,self_attn.o_proj,decode,1,QwenManualHybridLinear,0.031936001032590866
manual,1852,model.layers.8.mlp.gate_proj,mlp.gate_proj,decode,1,QwenManualHybridLinear,0.02252800017595291
manual,1853,model.layers.8.mlp.up_proj,mlp.up_proj,decode,1,QwenHybridDenseNVFP4Linear,0.02252800017595291
manual,1854,model.layers.8.mlp.down_proj,mlp.down_proj,decode,1,QwenManualHybridLinear,0.021536000072956085
manual,1855,model.layers.9.self_attn.q_proj,self_attn.q_proj,decode,1,QwenManualHybridLinear,0.05942400172352791
manual,1856,model.layers.9.self_attn.k_proj,self_attn.k_proj,decode,1,QwenManualHybridLinear,0.05097600072622299
manual,1857,model.layers.9.self_attn.v_proj,self_attn.v_proj,decode,1,QwenManualHybridLinear,0.046720001846551895
manual,1858,model.layers.9.self_attn.o_proj,self_attn.o_proj,decode,1,QwenManualHybridLinear,0.03219199925661087
manual,1859,model.layers.9.mlp.gate_proj,mlp.gate_proj,decode,1,QwenManualHybridLinear,0.02252800017595291
manual,1860,model.layers.9.mlp.up_proj,mlp.up_proj,decode,1,QwenHybridDenseNVFP4Linear,0.02252800017595291
manual,1861,model.layers.9.mlp.down_proj,mlp.down_proj,decode,1,QwenManualHybridLinear,0.02252800017595291
manual,1862,model.layers.10.self_attn.q_proj,self_attn.q_proj,decode,1,QwenManualHybridLinear,0.05894400179386139
manual,1863,model.layers.10.self_attn.k_proj,self_attn.k_proj,decode,1,QwenManualHybridLinear,0.05196800082921982
manual,1864,model.layers.10.self_attn.v_proj,self_attn.v_proj,decode,1,QwenManualHybridLinear,0.04758400097489357
manual,1865,model.layers.10.self_attn.o_proj,self_attn.o_proj,decode,1,QwenManualHybridLinear,0.03440000116825104
manual,1866,model.layers.10.mlp.gate_proj,mlp.gate_proj,decode,1,QwenManualHybridLinear,0.02252800017595291
manual,1867,model.layers.10.mlp.up_proj,mlp.up_proj,decode,1,QwenHybridDenseNVFP4Linear,0.02252800017595291
manual,1868,model.layers.10.mlp.down_proj,mlp.down_proj,decode,1,QwenManualHybridLinear,0.02252800017595291
manual,1869,model.layers.11.self_attn.q_proj,self_attn.q_proj,decode,1,QwenManualHybridLinear,0.05878400057554245
manual,1870,model.layers.11.self_attn.k_proj,self_attn.k_proj,decode,1,QwenManualHybridLinear,0.056832000613212585
manual,1871,model.layers.11.self_attn.v_proj,self_attn.v_proj,decode,1,QwenManualHybridLinear,0.057023998349905014
manual,1872,model.layers.11.self_attn.o_proj,self_attn.o_proj,decode,1,QwenManualHybridLinear,0.03606399893760681
manual,1873,model.layers.11.mlp.gate_proj,mlp.gate_proj,decode,1,QwenManualHybridLinear,0.022495999932289124
manual,1874,model.layers.11.mlp.up_proj,mlp.up_proj,decode,1,QwenHybridDenseNVFP4Linear,0.02252800017595291
manual,1875,model.layers.11.mlp.down_proj,mlp.down_proj,decode,1,QwenManualHybridLinear,0.02252800017595291
manual,1876,model.layers.12.self_attn.q_proj,self_attn.q_proj,decode,1,QwenManualHybridLinear,0.05673599988222122
manual,1877,model.layers.12.self_attn.k_proj,self_attn.k_proj,decode,1,QwenManualHybridLinear,0.05260799825191498
manual,1878,model.layers.12.self_attn.v_proj,self_attn.v_proj,decode,1,QwenManualHybridLinear,0.04816000163555145
manual,1879,model.layers.12.self_attn.o_proj,self_attn.o_proj,decode,1,QwenManualHybridLinear,0.03680000081658363
manual,1880,model.layers.12.mlp.gate_proj,mlp.gate_proj,decode,1,QwenManualHybridLinear,0.02252800017595291
manual,1881,model.layers.12.mlp.up_proj,mlp.up_proj,decode,1,QwenHybridDenseNVFP4Linear,0.02252800017595291
manual,1882,model.layers.12.mlp.down_proj,mlp.down_proj,decode,1,QwenManualHybridLinear,0.02252800017595291
manual,1883,model.layers.13.self_attn.q_proj,self_attn.q_proj,decode,1,QwenManualHybridLinear,0.057023998349905014
manual,1884,model.layers.13.self_attn.k_proj,self_attn.k_proj,decode,1,QwenManualHybridLinear,0.052671998739242554
manual,1885,model.layers.13.self_attn.v_proj,self_attn.v_proj,decode,1,QwenManualHybridLinear,0.045504000037908554
manual,1886,model.layers.13.self_attn.o_proj,self_attn.o_proj,decode,1,QwenManualHybridLinear,0.035360001027584076
manual,1887,model.layers.13.mlp.gate_proj,mlp.gate_proj,decode,1,QwenManualHybridLinear,0.020479999482631683
manual,1888,model.layers.13.mlp.up_proj,mlp.up_proj,decode,1,QwenHybridDenseNVFP4Linear,0.022495999932289124
manual,1889,model.layers.13.mlp.down_proj,mlp.down_proj,decode,1,QwenManualHybridLinear,0.02252800017595291
manual,1890,model.layers.14.self_attn.q_proj,self_attn.q_proj,decode,1,QwenManualHybridLinear,0.0597120001912117
manual,1891,model.layers.14.self_attn.k_proj,self_attn.k_proj,decode,1,QwenManualHybridLinear,0.05212799832224846
manual,1892,model.layers.14.self_attn.v_proj,self_attn.v_proj,decode,1,QwenManualHybridLinear,0.04556800052523613
manual,1893,model.layers.14.self_attn.o_proj,self_attn.o_proj,decode,1,QwenManualHybridLinear,0.03481600061058998
manual,1894,model.layers.14.mlp.gate_proj,mlp.gate_proj,decode,1,QwenManualHybridLinear,0.022495999932289124
manual,1895,model.layers.14.mlp.up_proj,mlp.up_proj,decode,1,QwenHybridDenseNVFP4Linear,0.02252800017595291
manual,1896,model.layers.14.mlp.down_proj,mlp.down_proj,decode,1,QwenManualHybridLinear,0.02252800017595291
manual,1897,model.layers.15.self_attn.q_proj,self_attn.q_proj,decode,1,QwenManualHybridLinear,0.05875200033187866
manual,1898,model.layers.15.self_attn.k_proj,self_attn.k_proj,decode,1,QwenManualHybridLinear,0.05276799947023392
manual,1899,model.layers.15.self_attn.v_proj,self_attn.v_proj,decode,1,QwenManualHybridLinear,0.04854400083422661
manual,1900,model.layers.15.self_attn.o_proj,self_attn.o_proj,decode,1,QwenManualHybridLinear,0.03417599946260452
manual,1901,model.layers.15.mlp.gate_proj,mlp.gate_proj,decode,1,QwenManualHybridLinear,0.02252800017595291
manual,1902,model.layers.15.mlp.up_proj,mlp.up_proj,decode,1,QwenHybridDenseNVFP4Linear,0.020479999482631683
manual,1903,model.layers.15.mlp.down_proj,mlp.down_proj,decode,1,QwenManualHybridLinear,0.022495999932289124
manual,1904,model.layers.16.self_attn.q_proj,self_attn.q_proj,decode,1,QwenManualHybridLinear,0.058079998940229416
manual,1905,model.layers.16.self_attn.k_proj,self_attn.k_proj,decode,1,QwenManualHybridLinear,0.050912000238895416
manual,1906,model.layers.16.self_attn.v_proj,self_attn.v_proj,decode,1,QwenManualHybridLinear,0.04742399975657463
manual,1907,model.layers.16.self_attn.o_proj,self_attn.o_proj,decode,1,QwenManualHybridLinear,0.03433600068092346
manual,1908,model.layers.16.mlp.gate_proj,mlp.gate_proj,decode,1,QwenManualHybridLinear,0.02252800017595291
manual,1909,model.layers.16.mlp.up_proj,mlp.up_proj,decode,1,QwenHybridDenseNVFP4Linear,0.02252800017595291
manual,1910,model.layers.16.mlp.down_proj,mlp.down_proj,decode,1,QwenManualHybridLinear,0.027648000046610832
manual,1911,model.layers.17.self_attn.q_proj,self_attn.q_proj,decode,1,QwenManualHybridLinear,0.06406400352716446
manual,1912,model.layers.17.self_attn.k_proj,self_attn.k_proj,decode,1,QwenManualHybridLinear,0.05446400120854378
manual,1913,model.layers.17.self_attn.v_proj,self_attn.v_proj,decode,1,QwenManualHybridLinear,0.0469760000705719
manual,1914,model.layers.17.self_attn.o_proj,self_attn.o_proj,decode,1,QwenManualHybridLinear,0.033984001725912094
manual,1915,model.layers.17.mlp.gate_proj,mlp.gate_proj,decode,1,QwenManualHybridLinear,0.02252800017595291
manual,1916,model.layers.17.mlp.up_proj,mlp.up_proj,decode,1,QwenHybridDenseNVFP4Linear,0.02252800017595291
manual,1917,model.layers.17.mlp.down_proj,mlp.down_proj,decode,1,QwenManualHybridLinear,0.02252800017595291
manual,1918,model.layers.18.self_attn.q_proj,self_attn.q_proj,decode,1,QwenManualHybridLinear,0.059967998415231705
manual,1919,model.layers.18.self_attn.k_proj,self_attn.k_proj,decode,1,QwenManualHybridLinear,0.05337600037455559
manual,1920,model.layers.18.self_attn.v_proj,self_attn.v_proj,decode,1,QwenManualHybridLinear,0.048448000103235245
manual,1921,model.layers.18.self_attn.o_proj,self_attn.o_proj,decode,1,QwenManualHybridLinear,0.0342399999499321
manual,1922,model.layers.18.mlp.gate_proj,mlp.gate_proj,decode,1,QwenManualHybridLinear,0.02252800017595291
manual,1923,model.layers.18.mlp.up_proj,mlp.up_proj,decode,1,QwenHybridDenseNVFP4Linear,0.02252800017595291
manual,1924,model.layers.18.mlp.down_proj,mlp.down_proj,decode,1,QwenManualHybridLinear,0.02252800017595291
manual,1925,model.layers.19.self_attn.q_proj,self_attn.q_proj,decode,1,QwenManualHybridLinear,0.056063998490571976
manual,1926,model.layers.19.self_attn.k_proj,self_attn.k_proj,decode,1,QwenManualHybridLinear,0.05315199866890907
manual,1927,model.layers.19.self_attn.v_proj,self_attn.v_proj,decode,1,QwenManualHybridLinear,0.05008000135421753
manual,1928,model.layers.19.self_attn.o_proj,self_attn.o_proj,decode,1,QwenManualHybridLinear,0.03359999880194664
manual,1929,model.layers.19.mlp.gate_proj,mlp.gate_proj,decode,1,QwenManualHybridLinear,0.02252800017595291
manual,1930,model.layers.19.mlp.up_proj,mlp.up_proj,decode,1,QwenHybridDenseNVFP4Linear,0.02252800017595291
manual,1931,model.layers.19.mlp.down_proj,mlp.down_proj,decode,1,QwenManualHybridLinear,0.02252800017595291
manual,1932,model.layers.20.self_attn.q_proj,self_attn.q_proj,decode,1,QwenManualHybridLinear,0.06195199862122536
manual,1933,model.layers.20.self_attn.k_proj,self_attn.k_proj,decode,1,QwenManualHybridLinear,0.0530879981815815
manual,1934,model.layers.20.self_attn.v_proj,self_attn.v_proj,decode,1,QwenManualHybridLinear,0.046431999653577805
manual,1935,model.layers.20.self_attn.o_proj,self_attn.o_proj,decode,1,QwenManualHybridLinear,0.034272000193595886
manual,1936,model.layers.20.mlp.gate_proj,mlp.gate_proj,decode,1,QwenManualHybridLinear,0.02252800017595291
manual,1937,model.layers.20.mlp.up_proj,mlp.up_proj,decode,1,QwenHybridDenseNVFP4Linear,0.02252800017595291
manual,1938,model.layers.20.mlp.down_proj,mlp.down_proj,decode,1,QwenManualHybridLinear,0.02252800017595291
manual,1939,model.layers.21.self_attn.q_proj,self_attn.q_proj,decode,1,QwenManualHybridLinear,0.05955199897289276
manual,1940,model.layers.21.self_attn.k_proj,self_attn.k_proj,decode,1,QwenManualHybridLinear,0.05331199988722801
manual,1941,model.layers.21.self_attn.v_proj,self_attn.v_proj,decode,1,QwenManualHybridLinear,0.04956800118088722
manual,1942,model.layers.21.self_attn.o_proj,self_attn.o_proj,decode,1,QwenManualHybridLinear,0.034591998904943466
manual,1943,model.layers.21.mlp.gate_proj,mlp.gate_proj,decode,1,QwenManualHybridLinear,0.020479999482631683
manual,1944,model.layers.21.mlp.up_proj,mlp.up_proj,decode,1,QwenHybridDenseNVFP4Linear,0.02252800017595291
manual,1945,model.layers.21.mlp.down_proj,mlp.down_proj,decode,1,QwenManualHybridLinear,0.02252800017595291
manual,1946,model.layers.22.self_attn.q_proj,self_attn.q_proj,decode,1,QwenManualHybridLinear,0.05663999915122986
manual,1947,model.layers.22.self_attn.k_proj,self_attn.k_proj,decode,1,QwenManualHybridLinear,0.05110400170087814
manual,1948,model.layers.22.self_attn.v_proj,self_attn.v_proj,decode,1,QwenManualHybridLinear,0.04927999898791313
manual,1949,model.layers.22.self_attn.o_proj,self_attn.o_proj,decode,1,QwenManualHybridLinear,0.03347200155258179
manual,1950,model.layers.22.mlp.gate_proj,mlp.gate_proj,decode,1,QwenManualHybridLinear,0.02252800017595291
manual,1951,model.layers.22.mlp.up_proj,mlp.up_proj,decode,1,QwenHybridDenseNVFP4Linear,0.020479999482631683
manual,1952,model.layers.22.mlp.down_proj,mlp.down_proj,decode,1,QwenManualHybridLinear,0.02252800017595291
manual,1953,model.layers.23.self_attn.q_proj,self_attn.q_proj,decode,1,QwenManualHybridLinear,0.05750399827957153
manual,1954,model.layers.23.self_attn.k_proj,self_attn.k_proj,decode,1,QwenManualHybridLinear,0.05193600058555603
manual,1955,model.layers.23.self_attn.v_proj,self_attn.v_proj,decode,1,QwenManualHybridLinear,0.046431999653577805
manual,1956,model.layers.23.self_attn.o_proj,self_attn.o_proj,decode,1,QwenManualHybridLinear,0.033663999289274216
manual,1957,model.layers.23.mlp.gate_proj,mlp.gate_proj,decode,1,QwenManualHybridLinear,0.02252800017595291
manual,1958,model.layers.23.mlp.up_proj,mlp.up_proj,decode,1,QwenHybridDenseNVFP4Linear,0.02252800017595291
manual,1959,model.layers.23.mlp.down_proj,mlp.down_proj,decode,1,QwenManualHybridLinear,0.02252800017595291
manual,1960,model.layers.24.self_attn.q_proj,self_attn.q_proj,decode,1,QwenManualHybridLinear,0.059328000992536545
manual,1961,model.layers.24.self_attn.k_proj,self_attn.k_proj,decode,1,QwenManualHybridLinear,0.052352000027894974
manual,1962,model.layers.24.self_attn.v_proj,self_attn.v_proj,decode,1,QwenManualHybridLinear,0.04975999891757965
manual,1963,model.layers.24.self_attn.o_proj,self_attn.o_proj,decode,1,QwenManualHybridLinear,0.03299200162291527
manual,1964,model.layers.24.mlp.gate_proj,mlp.gate_proj,decode,1,QwenManualHybridLinear,0.020479999482631683
manual,1965,model.layers.24.mlp.up_proj,mlp.up_proj,decode,1,QwenHybridDenseNVFP4Linear,0.02252800017595291
manual,1966,model.layers.24.mlp.down_proj,mlp.down_proj,decode,1,QwenManualHybridLinear,0.02252800017595291
manual,1967,model.layers.25.self_attn.q_proj,self_attn.q_proj,decode,1,QwenManualHybridLinear,0.05782400071620941
manual,1968,model.layers.25.self_attn.k_proj,self_attn.k_proj,decode,1,QwenManualHybridLinear,0.05161599814891815
manual,1969,model.layers.25.self_attn.v_proj,self_attn.v_proj,decode,1,QwenManualHybridLinear,0.049247998744249344
manual,1970,model.layers.25.self_attn.o_proj,self_attn.o_proj,decode,1,QwenManualHybridLinear,0.033055998384952545
manual,1971,model.layers.25.mlp.gate_proj,mlp.gate_proj,decode,1,QwenManualHybridLinear,0.02252800017595291
manual,1972,model.layers.25.mlp.up_proj,mlp.up_proj,decode,1,QwenHybridDenseNVFP4Linear,0.02252800017595291
manual,1973,model.layers.25.mlp.down_proj,mlp.down_proj,decode,1,QwenManualHybridLinear,0.021888000890612602
manual,1974,model.layers.26.self_attn.q_proj,self_attn.q_proj,decode,1,QwenManualHybridLinear,0.05881600081920624
manual,1975,model.layers.26.self_attn.k_proj,self_attn.k_proj,decode,1,QwenManualHybridLinear,0.05283199995756149
manual,1976,model.layers.26.self_attn.v_proj,self_attn.v_proj,decode,1,QwenManualHybridLinear,0.047488000243902206
manual,1977,model.layers.26.self_attn.o_proj,self_attn.o_proj,decode,1,QwenManualHybridLinear,0.032287999987602234
manual,1978,model.layers.26.mlp.gate_proj,mlp.gate_proj,decode,1,QwenManualHybridLinear,0.020447999238967896
manual,1979,model.layers.26.mlp.up_proj,mlp.up_proj,decode,1,QwenHybridDenseNVFP4Linear,0.02252800017595291
manual,1980,model.layers.26.mlp.down_proj,mlp.down_proj,decode,1,QwenManualHybridLinear,0.02252800017595291
manual,1981,model.layers.27.self_attn.q_proj,self_attn.q_proj,decode,1,QwenManualHybridLinear,0.05753599852323532
manual,1982,model.layers.27.self_attn.k_proj,self_attn.k_proj,decode,1,QwenManualHybridLinear,0.05257600173354149
manual,1983,model.layers.27.self_attn.v_proj,self_attn.v_proj,decode,1,QwenManualHybridLinear,0.04950400069355965
manual,1984,model.layers.27.self_attn.o_proj,self_attn.o_proj,decode,1,QwenManualHybridLinear,0.034272000193595886
manual,1985,model.layers.27.mlp.gate_proj,mlp.gate_proj,decode,1,QwenManualHybridLinear,0.02252800017595291
manual,1986,model.layers.27.mlp.up_proj,mlp.up_proj,decode,1,QwenHybridDenseNVFP4Linear,0.020479999482631683
manual,1987,model.layers.27.mlp.down_proj,mlp.down_proj,decode,1,QwenManualHybridLinear,0.02252800017595291
manual,1988,model.layers.28.self_attn.q_proj,self_attn.q_proj,decode,1,QwenManualHybridLinear,0.058400001376867294
manual,1989,model.layers.28.self_attn.k_proj,self_attn.k_proj,decode,1,QwenManualHybridLinear,0.05222399905323982
manual,1990,model.layers.28.self_attn.v_proj,self_attn.v_proj,decode,1,QwenManualHybridLinear,0.045791998505592346
manual,1991,model.layers.28.self_attn.o_proj,self_attn.o_proj,decode,1,QwenManualHybridLinear,0.03232000023126602
manual,1992,model.layers.28.mlp.gate_proj,mlp.gate_proj,decode,1,QwenManualHybridLinear,0.02252800017595291
manual,1993,model.layers.28.mlp.up_proj,mlp.up_proj,decode,1,QwenHybridDenseNVFP4Linear,0.02252800017595291
manual,1994,model.layers.28.mlp.down_proj,mlp.down_proj,decode,1,QwenManualHybridLinear,0.02252800017595291
manual,1995,model.layers.29.self_attn.q_proj,self_attn.q_proj,decode,1,QwenManualHybridLinear,0.059967998415231705
manual,1996,model.layers.29.self_attn.k_proj,self_attn.k_proj,decode,1,QwenManualHybridLinear,0.05276799947023392
manual,1997,model.layers.29.self_attn.v_proj,self_attn.v_proj,decode,1,QwenManualHybridLinear,0.05193600058555603
manual,1998,model.layers.29.self_attn.o_proj,self_attn.o_proj,decode,1,QwenManualHybridLinear,0.03417599946260452
manual,1999,model.layers.29.mlp.gate_proj,mlp.gate_proj,decode,1,QwenManualHybridLinear,0.02252800017595291
manual,2000,model.layers.29.mlp.up_proj,mlp.up_proj,decode,1,QwenHybridDenseNVFP4Linear,0.02252800017595291
manual,2001,model.layers.29.mlp.down_proj,mlp.down_proj,decode,1,QwenManualHybridLinear,0.02252800017595291
manual,2002,model.layers.30.self_attn.q_proj,self_attn.q_proj,decode,1,QwenManualHybridLinear,0.057792000472545624
manual,2003,model.layers.30.self_attn.k_proj,self_attn.k_proj,decode,1,QwenManualHybridLinear,0.0533440001308918
manual,2004,model.layers.30.self_attn.v_proj,self_attn.v_proj,decode,1,QwenManualHybridLinear,0.047680001705884933
manual,2005,model.layers.30.self_attn.o_proj,self_attn.o_proj,decode,1,QwenManualHybridLinear,0.03411199897527695
manual,2006,model.layers.30.mlp.gate_proj,mlp.gate_proj,decode,1,QwenManualHybridLinear,0.022495999932289124
manual,2007,model.layers.30.mlp.up_proj,mlp.up_proj,decode,1,QwenHybridDenseNVFP4Linear,0.02252800017595291
manual,2008,model.layers.30.mlp.down_proj,mlp.down_proj,decode,1,QwenManualHybridLinear,0.02252800017595291
manual,2009,model.layers.31.self_attn.q_proj,self_attn.q_proj,decode,1,QwenManualHybridLinear,0.05894400179386139
manual,2010,model.layers.31.self_attn.k_proj,self_attn.k_proj,decode,1,QwenManualHybridLinear,0.06233600154519081
manual,2011,model.layers.31.self_attn.v_proj,self_attn.v_proj,decode,1,QwenManualHybridLinear,0.05427199974656105
manual,2012,model.layers.31.self_attn.o_proj,self_attn.o_proj,decode,1,QwenManualHybridLinear,0.03363199904561043
manual,2013,model.layers.31.mlp.gate_proj,mlp.gate_proj,decode,1,QwenManualHybridLinear,0.020479999482631683
manual,2014,model.layers.31.mlp.up_proj,mlp.up_proj,decode,1,QwenHybridDenseNVFP4Linear,0.02252800017595291
manual,2015,model.layers.31.mlp.down_proj,mlp.down_proj,decode,1,QwenManualHybridLinear,0.02252800017595291
manual,2016,model.layers.0.self_attn.q_proj,self_attn.q_proj,decode,1,QwenManualHybridLinear,0.07222399860620499
manual,2017,model.layers.0.self_attn.k_proj,self_attn.k_proj,decode,1,QwenManualHybridLinear,0.07155200093984604
manual,2018,model.layers.0.self_attn.v_proj,self_attn.v_proj,decode,1,QwenManualHybridLinear,0.0517439991235733
manual,2019,model.layers.0.self_attn.o_proj,self_attn.o_proj,decode,1,QwenManualHybridLinear,0.03315199911594391
manual,2020,model.layers.0.mlp.gate_proj,mlp.gate_proj,decode,1,QwenManualHybridLinear,0.020479999482631683
manual,2021,model.layers.0.mlp.up_proj,mlp.up_proj,decode,1,QwenHybridDenseNVFP4Linear,0.02252800017595291
manual,2022,model.layers.0.mlp.down_proj,mlp.down_proj,decode,1,QwenManualHybridLinear,0.02252800017595291
manual,2023,model.layers.1.self_attn.q_proj,self_attn.q_proj,decode,1,QwenManualHybridLinear,0.06515199691057205
manual,2024,model.layers.1.self_attn.k_proj,self_attn.k_proj,decode,1,QwenManualHybridLinear,0.05212799832224846
manual,2025,model.layers.1.self_attn.v_proj,self_attn.v_proj,decode,1,QwenManualHybridLinear,0.047648001462221146
manual,2026,model.layers.1.self_attn.o_proj,self_attn.o_proj,decode,1,QwenManualHybridLinear,0.033663999289274216
manual,2027,model.layers.1.mlp.gate_proj,mlp.gate_proj,decode,1,QwenManualHybridLinear,0.020479999482631683
manual,2028,model.layers.1.mlp.up_proj,mlp.up_proj,decode,1,QwenHybridDenseNVFP4Linear,0.02252800017595291
manual,2029,model.layers.1.mlp.down_proj,mlp.down_proj,decode,1,QwenManualHybridLinear,0.02191999927163124
manual,2030,model.layers.2.self_attn.q_proj,self_attn.q_proj,decode,1,QwenManualHybridLinear,0.060416001826524734
manual,2031,model.layers.2.self_attn.k_proj,self_attn.k_proj,decode,1,QwenManualHybridLinear,0.0530879981815815
manual,2032,model.layers.2.self_attn.v_proj,self_attn.v_proj,decode,1,QwenManualHybridLinear,0.0451200008392334
manual,2033,model.layers.2.self_attn.o_proj,self_attn.o_proj,decode,1,QwenManualHybridLinear,0.030688000842928886
manual,2034,model.layers.2.mlp.gate_proj,mlp.gate_proj,decode,1,QwenManualHybridLinear,0.02252800017595291
manual,2035,model.layers.2.mlp.up_proj,mlp.up_proj,decode,1,QwenHybridDenseNVFP4Linear,0.02252800017595291
manual,2036,model.layers.2.mlp.down_proj,mlp.down_proj,decode,1,QwenManualHybridLinear,0.02252800017595291
manual,2037,model.layers.3.self_attn.q_proj,self_attn.q_proj,decode,1,QwenManualHybridLinear,0.057920001447200775
manual,2038,model.layers.3.self_attn.k_proj,self_attn.k_proj,decode,1,QwenManualHybridLinear,0.05084799975156784
manual,2039,model.layers.3.self_attn.v_proj,self_attn.v_proj,decode,1,QwenManualHybridLinear,0.044895999133586884
manual,2040,model.layers.3.self_attn.o_proj,self_attn.o_proj,decode,1,QwenManualHybridLinear,0.03359999880194664
manual,2041,model.layers.3.mlp.gate_proj,mlp.gate_proj,decode,1,QwenManualHybridLinear,0.02252800017595291
manual,2042,model.layers.3.mlp.up_proj,mlp.up_proj,decode,1,QwenHybridDenseNVFP4Linear,0.02252800017595291
manual,2043,model.layers.3.mlp.down_proj,mlp.down_proj,decode,1,QwenManualHybridLinear,0.02252800017595291
manual,2044,model.layers.4.self_attn.q_proj,self_attn.q_proj,decode,1,QwenManualHybridLinear,0.05696000158786774
manual,2045,model.layers.4.self_attn.k_proj,self_attn.k_proj,decode,1,QwenManualHybridLinear,0.052032001316547394
manual,2046,model.layers.4.self_attn.v_proj,self_attn.v_proj,decode,1,QwenManualHybridLinear,0.04495999962091446
manual,2047,model.layers.4.self_attn.o_proj,self_attn.o_proj,decode,1,QwenManualHybridLinear,0.03465599939227104
manual,2048,model.layers.4.mlp.gate_proj,mlp.gate_proj,decode,1,QwenManualHybridLinear,0.022495999932289124
manual,2049,model.layers.4.mlp.up_proj,mlp.up_proj,decode,1,QwenHybridDenseNVFP4Linear,0.02252800017595291
manual,2050,model.layers.4.mlp.down_proj,mlp.down_proj,decode,1,QwenManualHybridLinear,0.02252800017595291
manual,2051,model.layers.5.self_attn.q_proj,self_attn.q_proj,decode,1,QwenManualHybridLinear,0.059039998799562454
manual,2052,model.layers.5.self_attn.k_proj,self_attn.k_proj,decode,1,QwenManualHybridLinear,0.0533440001308918
manual,2053,model.layers.5.self_attn.v_proj,self_attn.v_proj,decode,1,QwenManualHybridLinear,0.046271998435258865
manual,2054,model.layers.5.self_attn.o_proj,self_attn.o_proj,decode,1,QwenManualHybridLinear,0.03468799963593483
manual,2055,model.layers.5.mlp.gate_proj,mlp.gate_proj,decode,1,QwenManualHybridLinear,0.02252800017595291
manual,2056,model.layers.5.mlp.up_proj,mlp.up_proj,decode,1,QwenHybridDenseNVFP4Linear,0.020479999482631683
manual,2057,model.layers.5.mlp.down_proj,mlp.down_proj,decode,1,QwenManualHybridLinear,0.02252800017595291
manual,2058,model.layers.6.self_attn.q_proj,self_attn.q_proj,decode,1,QwenManualHybridLinear,0.059647999703884125
manual,2059,model.layers.6.self_attn.k_proj,self_attn.k_proj,decode,1,QwenManualHybridLinear,0.05129599943757057
manual,2060,model.layers.6.self_attn.v_proj,self_attn.v_proj,decode,1,QwenManualHybridLinear,0.04639999940991402
manual,2061,model.layers.6.self_attn.o_proj,self_attn.o_proj,decode,1,QwenManualHybridLinear,0.033695999532938004
manual,2062,model.layers.6.mlp.gate_proj,mlp.gate_proj,decode,1,QwenManualHybridLinear,0.02252800017595291
manual,2063,model.layers.6.mlp.up_proj,mlp.up_proj,decode,1,QwenHybridDenseNVFP4Linear,0.02252800017595291
manual,2064,model.layers.6.mlp.down_proj,mlp.down_proj,decode,1,QwenManualHybridLinear,0.02252800017595291
manual,2065,model.layers.7.self_attn.q_proj,self_attn.q_proj,decode,1,QwenManualHybridLinear,0.057792000472545624
manual,2066,model.layers.7.self_attn.k_proj,self_attn.k_proj,decode,1,QwenManualHybridLinear,0.051263999193906784
manual,2067,model.layers.7.self_attn.v_proj,self_attn.v_proj,decode,1,QwenManualHybridLinear,0.04492799937725067
manual,2068,model.layers.7.self_attn.o_proj,self_attn.o_proj,decode,1,QwenManualHybridLinear,0.03468799963593483
manual,2069,model.layers.7.mlp.gate_proj,mlp.gate_proj,decode,1,QwenManualHybridLinear,0.02252800017595291
manual,2070,model.layers.7.mlp.up_proj,mlp.up_proj,decode,1,QwenHybridDenseNVFP4Linear,0.02252800017595291
manual,2071,model.layers.7.mlp.down_proj,mlp.down_proj,decode,1,QwenManualHybridLinear,0.02252800017595291
manual,2072,model.layers.8.self_attn.q_proj,self_attn.q_proj,decode,1,QwenManualHybridLinear,0.057151999324560165
manual,2073,model.layers.8.self_attn.k_proj,self_attn.k_proj,decode,1,QwenManualHybridLinear,0.051231998950242996
manual,2074,model.layers.8.self_attn.v_proj,self_attn.v_proj,decode,1,QwenManualHybridLinear,0.04499199986457825
manual,2075,model.layers.8.self_attn.o_proj,self_attn.o_proj,decode,1,QwenManualHybridLinear,0.03363199904561043
manual,2076,model.layers.8.mlp.gate_proj,mlp.gate_proj,decode,1,QwenManualHybridLinear,0.02252800017595291
manual,2077,model.layers.8.mlp.up_proj,mlp.up_proj,decode,1,QwenHybridDenseNVFP4Linear,0.02252800017595291
manual,2078,model.layers.8.mlp.down_proj,mlp.down_proj,decode,1,QwenManualHybridLinear,0.02252800017595291
manual,2079,model.layers.9.self_attn.q_proj,self_attn.q_proj,decode,1,QwenManualHybridLinear,0.05830400064587593
manual,2080,model.layers.9.self_attn.k_proj,self_attn.k_proj,decode,1,QwenManualHybridLinear,0.05222399905323982
manual,2081,model.layers.9.self_attn.v_proj,self_attn.v_proj,decode,1,QwenManualHybridLinear,0.046431999653577805
manual,2082,model.layers.9.self_attn.o_proj,self_attn.o_proj,decode,1,QwenManualHybridLinear,0.03315199911594391
manual,2083,model.layers.9.mlp.gate_proj,mlp.gate_proj,decode,1,QwenManualHybridLinear,0.02252800017595291
manual,2084,model.layers.9.mlp.up_proj,mlp.up_proj,decode,1,QwenHybridDenseNVFP4Linear,0.02252800017595291
manual,2085,model.layers.9.mlp.down_proj,mlp.down_proj,decode,1,QwenManualHybridLinear,0.02252800017595291
manual,2086,model.layers.10.self_attn.q_proj,self_attn.q_proj,decode,1,QwenManualHybridLinear,0.057920001447200775
manual,2087,model.layers.10.self_attn.k_proj,self_attn.k_proj,decode,1,QwenManualHybridLinear,0.05056000128388405
manual,2088,model.layers.10.self_attn.v_proj,self_attn.v_proj,decode,1,QwenManualHybridLinear,0.04608000069856644
manual,2089,model.layers.10.self_attn.o_proj,self_attn.o_proj,decode,1,QwenManualHybridLinear,0.03488000109791756
manual,2090,model.layers.10.mlp.gate_proj,mlp.gate_proj,decode,1,QwenManualHybridLinear,0.02252800017595291
manual,2091,model.layers.10.mlp.up_proj,mlp.up_proj,decode,1,QwenHybridDenseNVFP4Linear,0.02252800017595291
manual,2092,model.layers.10.mlp.down_proj,mlp.down_proj,decode,1,QwenManualHybridLinear,0.02252800017595291
manual,2093,model.layers.11.self_attn.q_proj,self_attn.q_proj,decode,1,QwenManualHybridLinear,0.05663999915122986
manual,2094,model.layers.11.self_attn.k_proj,self_attn.k_proj,decode,1,QwenManualHybridLinear,0.054048001766204834
manual,2095,model.layers.11.self_attn.v_proj,self_attn.v_proj,decode,1,QwenManualHybridLinear,0.04527999833226204
manual,2096,model.layers.11.self_attn.o_proj,self_attn.o_proj,decode,1,QwenManualHybridLinear,0.034272000193595886
manual,2097,model.layers.11.mlp.gate_proj,mlp.gate_proj,decode,1,QwenManualHybridLinear,0.020479999482631683
manual,2098,model.layers.11.mlp.up_proj,mlp.up_proj,decode,1,QwenHybridDenseNVFP4Linear,0.02252800017595291
manual,2099,model.layers.11.mlp.down_proj,mlp.down_proj,decode,1,QwenManualHybridLinear,0.02252800017595291
manual,2100,model.layers.12.self_attn.q_proj,self_attn.q_proj,decode,1,QwenManualHybridLinear,0.05958399921655655
manual,2101,model.layers.12.self_attn.k_proj,self_attn.k_proj,decode,1,QwenManualHybridLinear,0.05276799947023392
manual,2102,model.layers.12.self_attn.v_proj,self_attn.v_proj,decode,1,QwenManualHybridLinear,0.04479999840259552
manual,2103,model.layers.12.self_attn.o_proj,self_attn.o_proj,decode,1,QwenManualHybridLinear,0.03465599939227104
manual,2104,model.layers.12.mlp.gate_proj,mlp.gate_proj,decode,1,QwenManualHybridLinear,0.022495999932289124
manual,2105,model.layers.12.mlp.up_proj,mlp.up_proj,decode,1,QwenHybridDenseNVFP4Linear,0.02252800017595291
manual,2106,model.layers.12.mlp.down_proj,mlp.down_proj,decode,1,QwenManualHybridLinear,0.02252800017595291
manual,2107,model.layers.13.self_attn.q_proj,self_attn.q_proj,decode,1,QwenManualHybridLinear,0.05686400085687637
manual,2108,model.layers.13.self_attn.k_proj,self_attn.k_proj,decode,1,QwenManualHybridLinear,0.05567999929189682
manual,2109,model.layers.13.self_attn.v_proj,self_attn.v_proj,decode,1,QwenManualHybridLinear,0.046911999583244324
manual,2110,model.layers.13.self_attn.o_proj,self_attn.o_proj,decode,1,QwenManualHybridLinear,0.03494400158524513
manual,2111,model.layers.13.mlp.gate_proj,mlp.gate_proj,decode,1,QwenManualHybridLinear,0.02252800017595291
manual,2112,model.layers.13.mlp.up_proj,mlp.up_proj,decode,1,QwenHybridDenseNVFP4Linear,0.022495999932289124
manual,2113,model.layers.13.mlp.down_proj,mlp.down_proj,decode,1,QwenManualHybridLinear,0.02252800017595291
manual,2114,model.layers.14.self_attn.q_proj,self_attn.q_proj,decode,1,QwenManualHybridLinear,0.05734400078654289
manual,2115,model.layers.14.self_attn.k_proj,self_attn.k_proj,decode,1,QwenManualHybridLinear,0.05385600030422211
manual,2116,model.layers.14.self_attn.v_proj,self_attn.v_proj,decode,1,QwenManualHybridLinear,0.04713600128889084
manual,2117,model.layers.14.self_attn.o_proj,self_attn.o_proj,decode,1,QwenManualHybridLinear,0.034272000193595886
manual,2118,model.layers.14.mlp.gate_proj,mlp.gate_proj,decode,1,QwenManualHybridLinear,0.02252800017595291
manual,2119,model.layers.14.mlp.up_proj,mlp.up_proj,decode,1,QwenHybridDenseNVFP4Linear,0.02252800017595291
manual,2120,model.layers.14.mlp.down_proj,mlp.down_proj,decode,1,QwenManualHybridLinear,0.02252800017595291
manual,2121,model.layers.15.self_attn.q_proj,self_attn.q_proj,decode,1,QwenManualHybridLinear,0.057440001517534256
manual,2122,model.layers.15.self_attn.k_proj,self_attn.k_proj,decode,1,QwenManualHybridLinear,0.05276799947023392
manual,2123,model.layers.15.self_attn.v_proj,self_attn.v_proj,decode,1,QwenManualHybridLinear,0.045504000037908554
manual,2124,model.layers.15.self_attn.o_proj,self_attn.o_proj,decode,1,QwenManualHybridLinear,0.03311999887228012
manual,2125,model.layers.15.mlp.gate_proj,mlp.gate_proj,decode,1,QwenManualHybridLinear,0.022495999932289124
manual,2126,model.layers.15.mlp.up_proj,mlp.up_proj,decode,1,QwenHybridDenseNVFP4Linear,0.02252800017595291
manual,2127,model.layers.15.mlp.down_proj,mlp.down_proj,decode,1,QwenManualHybridLinear,0.021503999829292297
manual,2128,model.layers.16.self_attn.q_proj,self_attn.q_proj,decode,1,QwenManualHybridLinear,0.06412799656391144
manual,2129,model.layers.16.self_attn.k_proj,self_attn.k_proj,decode,1,QwenManualHybridLinear,0.05548800155520439
manual,2130,model.layers.16.self_attn.v_proj,self_attn.v_proj,decode,1,QwenManualHybridLinear,0.04806400090456009
manual,2131,model.layers.16.self_attn.o_proj,self_attn.o_proj,decode,1,QwenManualHybridLinear,0.0326399989426136
manual,2132,model.layers.16.mlp.gate_proj,mlp.gate_proj,decode,1,QwenManualHybridLinear,0.022495999932289124
manual,2133,model.layers.16.mlp.up_proj,mlp.up_proj,decode,1,QwenHybridDenseNVFP4Linear,0.02252800017595291
manual,2134,model.layers.16.mlp.down_proj,mlp.down_proj,decode,1,QwenManualHybridLinear,0.02252800017595291
manual,2135,model.layers.17.self_attn.q_proj,self_attn.q_proj,decode,1,QwenManualHybridLinear,0.057920001447200775
manual,2136,model.layers.17.self_attn.k_proj,self_attn.k_proj,decode,1,QwenManualHybridLinear,0.05244800075888634
manual,2137,model.layers.17.self_attn.v_proj,self_attn.v_proj,decode,1,QwenManualHybridLinear,0.04639999940991402
manual,2138,model.layers.17.self_attn.o_proj,self_attn.o_proj,decode,1,QwenManualHybridLinear,0.03363199904561043
manual,2139,model.layers.17.mlp.gate_proj,mlp.gate_proj,decode,1,QwenManualHybridLinear,0.02252800017595291
manual,2140,model.layers.17.mlp.up_proj,mlp.up_proj,decode,1,QwenHybridDenseNVFP4Linear,0.02252800017595291
manual,2141,model.layers.17.mlp.down_proj,mlp.down_proj,decode,1,QwenManualHybridLinear,0.02252800017595291
manual,2142,model.layers.18.self_attn.q_proj,self_attn.q_proj,decode,1,QwenManualHybridLinear,0.057760000228881836
manual,2143,model.layers.18.self_attn.k_proj,self_attn.k_proj,decode,1,QwenManualHybridLinear,0.05276799947023392
manual,2144,model.layers.18.self_attn.v_proj,self_attn.v_proj,decode,1,QwenManualHybridLinear,0.045632001012563705
manual,2145,model.layers.18.self_attn.o_proj,self_attn.o_proj,decode,1,QwenManualHybridLinear,0.033055998384952545
manual,2146,model.layers.18.mlp.gate_proj,mlp.gate_proj,decode,1,QwenManualHybridLinear,0.02252800017595291
manual,2147,model.layers.18.mlp.up_proj,mlp.up_proj,decode,1,QwenHybridDenseNVFP4Linear,0.020479999482631683
manual,2148,model.layers.18.mlp.down_proj,mlp.down_proj,decode,1,QwenManualHybridLinear,0.02252800017595291
manual,2149,model.layers.19.self_attn.q_proj,self_attn.q_proj,decode,1,QwenManualHybridLinear,0.056671999394893646
manual,2150,model.layers.19.self_attn.k_proj,self_attn.k_proj,decode,1,QwenManualHybridLinear,0.05225599929690361
manual,2151,model.layers.19.self_attn.v_proj,self_attn.v_proj,decode,1,QwenManualHybridLinear,0.046911999583244324
manual,2152,model.layers.19.self_attn.o_proj,self_attn.o_proj,decode,1,QwenManualHybridLinear,0.03388800099492073
manual,2153,model.layers.19.mlp.gate_proj,mlp.gate_proj,decode,1,QwenManualHybridLinear,0.02252800017595291
manual,2154,model.layers.19.mlp.up_proj,mlp.up_proj,decode,1,QwenHybridDenseNVFP4Linear,0.022016000002622604
manual,2155,model.layers.19.mlp.down_proj,mlp.down_proj,decode,1,QwenManualHybridLinear,0.02252800017595291
manual,2156,model.layers.20.self_attn.q_proj,self_attn.q_proj,decode,1,QwenManualHybridLinear,0.059776000678539276
manual,2157,model.layers.20.self_attn.k_proj,self_attn.k_proj,decode,1,QwenManualHybridLinear,0.053247999399900436
manual,2158,model.layers.20.self_attn.v_proj,self_attn.v_proj,decode,1,QwenManualHybridLinear,0.0461760014295578
manual,2159,model.layers.20.self_attn.o_proj,self_attn.o_proj,decode,1,QwenManualHybridLinear,0.03478400036692619
manual,2160,model.layers.20.mlp.gate_proj,mlp.gate_proj,decode,1,QwenManualHybridLinear,0.02252800017595291
manual,2161,model.layers.20.mlp.up_proj,mlp.up_proj,decode,1,QwenHybridDenseNVFP4Linear,0.02252800017595291
manual,2162,model.layers.20.mlp.down_proj,mlp.down_proj,decode,1,QwenManualHybridLinear,0.02252800017595291
manual,2163,model.layers.21.self_attn.q_proj,self_attn.q_proj,decode,1,QwenManualHybridLinear,0.05929600074887276
manual,2164,model.layers.21.self_attn.k_proj,self_attn.k_proj,decode,1,QwenManualHybridLinear,0.053247999399900436
manual,2165,model.layers.21.self_attn.v_proj,self_attn.v_proj,decode,1,QwenManualHybridLinear,0.045504000037908554
manual,2166,model.layers.21.self_attn.o_proj,self_attn.o_proj,decode,1,QwenManualHybridLinear,0.032735999673604965
manual,2167,model.layers.21.mlp.gate_proj,mlp.gate_proj,decode,1,QwenManualHybridLinear,0.020479999482631683
manual,2168,model.layers.21.mlp.up_proj,mlp.up_proj,decode,1,QwenHybridDenseNVFP4Linear,0.02252800017595291
manual,2169,model.layers.21.mlp.down_proj,mlp.down_proj,decode,1,QwenManualHybridLinear,0.02252800017595291
manual,2170,model.layers.22.self_attn.q_proj,self_attn.q_proj,decode,1,QwenManualHybridLinear,0.05798399820923805
manual,2171,model.layers.22.self_attn.k_proj,self_attn.k_proj,decode,1,QwenManualHybridLinear,0.05302400141954422
manual,2172,model.layers.22.self_attn.v_proj,self_attn.v_proj,decode,1,QwenManualHybridLinear,0.046592000871896744
manual,2173,model.layers.22.self_attn.o_proj,self_attn.o_proj,decode,1,QwenManualHybridLinear,0.03417599946260452
manual,2174,model.layers.22.mlp.gate_proj,mlp.gate_proj,decode,1,QwenManualHybridLinear,0.02252800017595291
manual,2175,model.layers.22.mlp.up_proj,mlp.up_proj,decode,1,QwenHybridDenseNVFP4Linear,0.02252800017595291
manual,2176,model.layers.22.mlp.down_proj,mlp.down_proj,decode,1,QwenManualHybridLinear,0.02252800017595291
manual,2177,model.layers.23.self_attn.q_proj,self_attn.q_proj,decode,1,QwenManualHybridLinear,0.058848001062870026
manual,2178,model.layers.23.self_attn.k_proj,self_attn.k_proj,decode,1,QwenManualHybridLinear,0.054655998945236206
manual,2179,model.layers.23.self_attn.v_proj,self_attn.v_proj,decode,1,QwenManualHybridLinear,0.04700800031423569
manual,2180,model.layers.23.self_attn.o_proj,self_attn.o_proj,decode,1,QwenManualHybridLinear,0.03436800092458725
manual,2181,model.layers.23.mlp.gate_proj,mlp.gate_proj,decode,1,QwenManualHybridLinear,0.020479999482631683
manual,2182,model.layers.23.mlp.up_proj,mlp.up_proj,decode,1,QwenHybridDenseNVFP4Linear,0.02252800017595291
manual,2183,model.layers.23.mlp.down_proj,mlp.down_proj,decode,1,QwenManualHybridLinear,0.02252800017595291
manual,2184,model.layers.24.self_attn.q_proj,self_attn.q_proj,decode,1,QwenManualHybridLinear,0.056832000613212585
manual,2185,model.layers.24.self_attn.k_proj,self_attn.k_proj,decode,1,QwenManualHybridLinear,0.05375999957323074
manual,2186,model.layers.24.self_attn.v_proj,self_attn.v_proj,decode,1,QwenManualHybridLinear,0.04681599885225296
manual,2187,model.layers.24.self_attn.o_proj,self_attn.o_proj,decode,1,QwenManualHybridLinear,0.034015998244285583
manual,2188,model.layers.24.mlp.gate_proj,mlp.gate_proj,decode,1,QwenManualHybridLinear,0.02252800017595291
manual,2189,model.layers.24.mlp.up_proj,mlp.up_proj,decode,1,QwenHybridDenseNVFP4Linear,0.02252800017595291
manual,2190,model.layers.24.mlp.down_proj,mlp.down_proj,decode,1,QwenManualHybridLinear,0.02252800017595291
manual,2191,model.layers.25.self_attn.q_proj,self_attn.q_proj,decode,1,QwenManualHybridLinear,0.058240000158548355
manual,2192,model.layers.25.self_attn.k_proj,self_attn.k_proj,decode,1,QwenManualHybridLinear,0.05097600072622299
manual,2193,model.layers.25.self_attn.v_proj,self_attn.v_proj,decode,1,QwenManualHybridLinear,0.04447999969124794
manual,2194,model.layers.25.self_attn.o_proj,self_attn.o_proj,decode,1,QwenManualHybridLinear,0.03324799984693527
manual,2195,model.layers.25.mlp.gate_proj,mlp.gate_proj,decode,1,QwenManualHybridLinear,0.02252800017595291
manual,2196,model.layers.25.mlp.up_proj,mlp.up_proj,decode,1,QwenHybridDenseNVFP4Linear,0.020479999482631683
manual,2197,model.layers.25.mlp.down_proj,mlp.down_proj,decode,1,QwenManualHybridLinear,0.02252800017595291
manual,2198,model.layers.26.self_attn.q_proj,self_attn.q_proj,decode,1,QwenManualHybridLinear,0.058240000158548355
manual,2199,model.layers.26.self_attn.k_proj,self_attn.k_proj,decode,1,QwenManualHybridLinear,0.0541439987719059
manual,2200,model.layers.26.self_attn.v_proj,self_attn.v_proj,decode,1,QwenManualHybridLinear,0.04668800160288811
manual,2201,model.layers.26.self_attn.o_proj,self_attn.o_proj,decode,1,QwenManualHybridLinear,0.03203200176358223
manual,2202,model.layers.26.mlp.gate_proj,mlp.gate_proj,decode,1,QwenManualHybridLinear,0.02252800017595291
manual,2203,model.layers.26.mlp.up_proj,mlp.up_proj,decode,1,QwenHybridDenseNVFP4Linear,0.02252800017595291
manual,2204,model.layers.26.mlp.down_proj,mlp.down_proj,decode,1,QwenManualHybridLinear,0.02252800017595291
manual,2205,model.layers.27.self_attn.q_proj,self_attn.q_proj,decode,1,QwenManualHybridLinear,0.05772799998521805
manual,2206,model.layers.27.self_attn.k_proj,self_attn.k_proj,decode,1,QwenManualHybridLinear,0.05241600051522255
manual,2207,model.layers.27.self_attn.v_proj,self_attn.v_proj,decode,1,QwenManualHybridLinear,0.046560000628232956
manual,2208,model.layers.27.self_attn.o_proj,self_attn.o_proj,decode,1,QwenManualHybridLinear,0.03292800113558769
manual,2209,model.layers.27.mlp.gate_proj,mlp.gate_proj,decode,1,QwenManualHybridLinear,0.02252800017595291
manual,2210,model.layers.27.mlp.up_proj,mlp.up_proj,decode,1,QwenHybridDenseNVFP4Linear,0.02252800017595291
manual,2211,model.layers.27.mlp.down_proj,mlp.down_proj,decode,1,QwenManualHybridLinear,0.02252800017595291
manual,2212,model.layers.28.self_attn.q_proj,self_attn.q_proj,decode,1,QwenManualHybridLinear,0.05750399827957153
manual,2213,model.layers.28.self_attn.k_proj,self_attn.k_proj,decode,1,QwenManualHybridLinear,0.05132799968123436
manual,2214,model.layers.28.self_attn.v_proj,self_attn.v_proj,decode,1,QwenManualHybridLinear,0.04467200115323067
manual,2215,model.layers.28.self_attn.o_proj,self_attn.o_proj,decode,1,QwenManualHybridLinear,0.030719999223947525
manual,2216,model.layers.28.mlp.gate_proj,mlp.gate_proj,decode,1,QwenManualHybridLinear,0.13072000443935394
manual,2217,model.layers.28.mlp.up_proj,mlp.up_proj,decode,1,QwenHybridDenseNVFP4Linear,0.06470400094985962
manual,2218,model.layers.28.mlp.down_proj,mlp.down_proj,decode,1,QwenManualHybridLinear,0.05299200117588043
manual,2219,model.layers.29.self_attn.q_proj,self_attn.q_proj,decode,1,QwenManualHybridLinear,0.07369600236415863
manual,2220,model.layers.29.self_attn.k_proj,self_attn.k_proj,decode,1,QwenManualHybridLinear,0.05689600110054016
manual,2221,model.layers.29.self_attn.v_proj,self_attn.v_proj,decode,1,QwenManualHybridLinear,0.04678399860858917
manual,2222,model.layers.29.self_attn.o_proj,self_attn.o_proj,decode,1,QwenManualHybridLinear,0.030912000685930252
manual,2223,model.layers.29.mlp.gate_proj,mlp.gate_proj,decode,1,QwenManualHybridLinear,0.02252800017595291
manual,2224,model.layers.29.mlp.up_proj,mlp.up_proj,decode,1,QwenHybridDenseNVFP4Linear,0.02252800017595291
manual,2225,model.layers.29.mlp.down_proj,mlp.down_proj,decode,1,QwenManualHybridLinear,0.02252800017595291
manual,2226,model.layers.30.self_attn.q_proj,self_attn.q_proj,decode,1,QwenManualHybridLinear,0.060447998344898224
manual,2227,model.layers.30.self_attn.k_proj,self_attn.k_proj,decode,1,QwenManualHybridLinear,0.053279999643564224
manual,2228,model.layers.30.self_attn.v_proj,self_attn.v_proj,decode,1,QwenManualHybridLinear,0.045504000037908554
manual,2229,model.layers.30.self_attn.o_proj,self_attn.o_proj,decode,1,QwenManualHybridLinear,0.03494400158524513
manual,2230,model.layers.30.mlp.gate_proj,mlp.gate_proj,decode,1,QwenManualHybridLinear,0.02252800017595291
manual,2231,model.layers.30.mlp.up_proj,mlp.up_proj,decode,1,QwenHybridDenseNVFP4Linear,0.02252800017595291
manual,2232,model.layers.30.mlp.down_proj,mlp.down_proj,decode,1,QwenManualHybridLinear,0.02252800017595291
manual,2233,model.layers.31.self_attn.q_proj,self_attn.q_proj,decode,1,QwenManualHybridLinear,0.05843200162053108
manual,2234,model.layers.31.self_attn.k_proj,self_attn.k_proj,decode,1,QwenManualHybridLinear,0.05539200082421303
manual,2235,model.layers.31.self_attn.v_proj,self_attn.v_proj,decode,1,QwenManualHybridLinear,0.04508800059556961
manual,2236,model.layers.31.self_attn.o_proj,self_attn.o_proj,decode,1,QwenManualHybridLinear,0.0352960005402565
manual,2237,model.layers.31.mlp.gate_proj,mlp.gate_proj,decode,1,QwenManualHybridLinear,0.02252800017595291
manual,2238,model.layers.31.mlp.up_proj,mlp.up_proj,decode,1,QwenHybridDenseNVFP4Linear,0.022495999932289124
manual,2239,model.layers.31.mlp.down_proj,mlp.down_proj,decode,1,QwenManualHybridLinear,0.02252800017595291
