label,call_index,module,group,phase,token_count,module_type,latency_ms
pred,0,model.layers.0.self_attn.q_proj,self_attn.q_proj,prefill,16384,QwenManualHybridLinear,2.365407943725586
pred,1,model.layers.0.self_attn.k_proj,self_attn.k_proj,prefill,16384,QwenManualHybridLinear,2.3496320247650146
pred,2,model.layers.0.self_attn.v_proj,self_attn.v_proj,prefill,16384,QwenManualHybridLinear,2.3477439880371094
pred,3,model.layers.0.self_attn.o_proj,self_attn.o_proj,prefill,16384,QwenManualHybridLinear,2.3617920875549316
pred,4,model.layers.0.mlp.gate_proj,mlp.gate_proj,prefill,16384,QwenHybridDenseNVFP4Linear,2.7750399112701416
pred,5,model.layers.0.mlp.up_proj,mlp.up_proj,prefill,16384,QwenHybridDenseNVFP4Linear,2.8056321144104004
pred,6,model.layers.0.mlp.down_proj,mlp.down_proj,prefill,16384,QwenHybridDenseNVFP4Linear,5.101344108581543
pred,7,model.layers.1.self_attn.q_proj,self_attn.q_proj,prefill,16384,QwenManualHybridLinear,2.3664638996124268
pred,8,model.layers.1.self_attn.k_proj,self_attn.k_proj,prefill,16384,QwenManualHybridLinear,2.359999895095825
pred,9,model.layers.1.self_attn.v_proj,self_attn.v_proj,prefill,16384,QwenManualHybridLinear,2.3574719429016113
pred,10,model.layers.1.self_attn.o_proj,self_attn.o_proj,prefill,16384,QwenManualHybridLinear,2.3617920875549316
pred,11,model.layers.1.mlp.gate_proj,mlp.gate_proj,prefill,16384,QwenHybridDenseNVFP4Linear,2.770944118499756
pred,12,model.layers.1.mlp.up_proj,mlp.up_proj,prefill,16384,QwenHybridDenseNVFP4Linear,2.7952001094818115
pred,13,model.layers.1.mlp.down_proj,mlp.down_proj,prefill,16384,QwenHybridDenseNVFP4Linear,5.092512130737305
pred,14,model.layers.2.self_attn.q_proj,self_attn.q_proj,prefill,16384,QwenManualHybridLinear,2.366879940032959
pred,15,model.layers.2.self_attn.k_proj,self_attn.k_proj,prefill,16384,QwenManualHybridLinear,2.3570239543914795
pred,16,model.layers.2.self_attn.v_proj,self_attn.v_proj,prefill,16384,QwenManualHybridLinear,2.3575360774993896
pred,17,model.layers.2.self_attn.o_proj,self_attn.o_proj,prefill,16384,QwenManualHybridLinear,2.362368106842041
pred,18,model.layers.2.mlp.gate_proj,mlp.gate_proj,prefill,16384,QwenHybridDenseNVFP4Linear,2.7852799892425537
pred,19,model.layers.2.mlp.up_proj,mlp.up_proj,prefill,16384,QwenHybridDenseNVFP4Linear,2.790623903274536
pred,20,model.layers.2.mlp.down_proj,mlp.down_proj,prefill,16384,QwenHybridDenseNVFP4Linear,5.102975845336914
pred,21,model.layers.3.self_attn.q_proj,self_attn.q_proj,prefill,16384,QwenManualHybridLinear,2.3644158840179443
pred,22,model.layers.3.self_attn.k_proj,self_attn.k_proj,prefill,16384,QwenManualHybridLinear,2.3610880374908447
pred,23,model.layers.3.self_attn.v_proj,self_attn.v_proj,prefill,16384,QwenManualHybridLinear,2.3575360774993896
pred,24,model.layers.3.self_attn.o_proj,self_attn.o_proj,prefill,16384,QwenManualHybridLinear,2.362368106842041
pred,25,model.layers.3.mlp.gate_proj,mlp.gate_proj,prefill,16384,QwenHybridDenseNVFP4Linear,2.7801599502563477
pred,26,model.layers.3.mlp.up_proj,mlp.up_proj,prefill,16384,QwenHybridDenseNVFP4Linear,2.8059520721435547
pred,27,model.layers.3.mlp.down_proj,mlp.down_proj,prefill,16384,QwenHybridDenseNVFP4Linear,5.084000110626221
pred,28,model.layers.4.self_attn.q_proj,self_attn.q_proj,prefill,16384,QwenManualHybridLinear,2.3649280071258545
pred,29,model.layers.4.self_attn.k_proj,self_attn.k_proj,prefill,16384,QwenManualHybridLinear,2.361920118331909
pred,30,model.layers.4.self_attn.v_proj,self_attn.v_proj,prefill,16384,QwenManualHybridLinear,2.3574399948120117
pred,31,model.layers.4.self_attn.o_proj,self_attn.o_proj,prefill,16384,QwenManualHybridLinear,2.364032030105591
pred,32,model.layers.4.mlp.gate_proj,mlp.gate_proj,prefill,16384,QwenHybridDenseNVFP4Linear,2.776063919067383
pred,33,model.layers.4.mlp.up_proj,mlp.up_proj,prefill,16384,QwenHybridDenseNVFP4Linear,2.80131196975708
pred,34,model.layers.4.mlp.down_proj,mlp.down_proj,prefill,16384,QwenHybridDenseNVFP4Linear,5.090144157409668
pred,35,model.layers.5.self_attn.q_proj,self_attn.q_proj,prefill,16384,QwenManualHybridLinear,2.3664638996124268
pred,36,model.layers.5.self_attn.k_proj,self_attn.k_proj,prefill,16384,QwenManualHybridLinear,2.3618879318237305
pred,37,model.layers.5.self_attn.v_proj,self_attn.v_proj,prefill,16384,QwenManualHybridLinear,2.361599922180176
pred,38,model.layers.5.self_attn.o_proj,self_attn.o_proj,prefill,16384,QwenManualHybridLinear,2.3664638996124268
pred,39,model.layers.5.mlp.gate_proj,mlp.gate_proj,prefill,16384,QwenHybridDenseNVFP4Linear,2.777087926864624
pred,40,model.layers.5.mlp.up_proj,mlp.up_proj,prefill,16384,QwenHybridDenseNVFP4Linear,2.794528007507324
pred,41,model.layers.5.mlp.down_proj,mlp.down_proj,prefill,16384,QwenHybridDenseNVFP4Linear,5.089503765106201
pred,42,model.layers.6.self_attn.q_proj,self_attn.q_proj,prefill,16384,QwenManualHybridLinear,2.366879940032959
pred,43,model.layers.6.self_attn.k_proj,self_attn.k_proj,prefill,16384,QwenManualHybridLinear,2.3610880374908447
pred,44,model.layers.6.self_attn.v_proj,self_attn.v_proj,prefill,16384,QwenManualHybridLinear,2.3616321086883545
pred,45,model.layers.6.self_attn.o_proj,self_attn.o_proj,prefill,16384,QwenManualHybridLinear,2.3644158840179443
pred,46,model.layers.6.mlp.gate_proj,mlp.gate_proj,prefill,16384,QwenHybridDenseNVFP4Linear,2.776063919067383
pred,47,model.layers.6.mlp.up_proj,mlp.up_proj,prefill,16384,QwenHybridDenseNVFP4Linear,2.796736001968384
pred,48,model.layers.6.mlp.down_proj,mlp.down_proj,prefill,16384,QwenHybridDenseNVFP4Linear,5.087520122528076
pred,49,model.layers.7.self_attn.q_proj,self_attn.q_proj,prefill,16384,QwenManualHybridLinear,2.3664960861206055
pred,50,model.layers.7.self_attn.k_proj,self_attn.k_proj,prefill,16384,QwenManualHybridLinear,2.361056089401245
pred,51,model.layers.7.self_attn.v_proj,self_attn.v_proj,prefill,16384,QwenManualHybridLinear,2.3595519065856934
pred,52,model.layers.7.self_attn.o_proj,self_attn.o_proj,prefill,16384,QwenManualHybridLinear,2.368511915206909
pred,53,model.layers.7.mlp.gate_proj,mlp.gate_proj,prefill,16384,QwenHybridDenseNVFP4Linear,2.7740159034729004
pred,54,model.layers.7.mlp.up_proj,mlp.up_proj,prefill,16384,QwenHybridDenseNVFP4Linear,2.795167922973633
pred,55,model.layers.7.mlp.down_proj,mlp.down_proj,prefill,16384,QwenHybridDenseNVFP4Linear,5.092160224914551
pred,56,model.layers.8.self_attn.q_proj,self_attn.q_proj,prefill,16384,QwenManualHybridLinear,2.3664638996124268
pred,57,model.layers.8.self_attn.k_proj,self_attn.k_proj,prefill,16384,QwenManualHybridLinear,2.3618879318237305
pred,58,model.layers.8.self_attn.v_proj,self_attn.v_proj,prefill,16384,QwenManualHybridLinear,2.3614399433135986
pred,59,model.layers.8.self_attn.o_proj,self_attn.o_proj,prefill,16384,QwenManualHybridLinear,2.368096113204956
pred,60,model.layers.8.mlp.gate_proj,mlp.gate_proj,prefill,16384,QwenHybridDenseNVFP4Linear,2.776063919067383
pred,61,model.layers.8.mlp.up_proj,mlp.up_proj,prefill,16384,QwenHybridDenseNVFP4Linear,2.7968640327453613
pred,62,model.layers.8.mlp.down_proj,mlp.down_proj,prefill,16384,QwenHybridDenseNVFP4Linear,5.084159851074219
pred,63,model.layers.9.self_attn.q_proj,self_attn.q_proj,prefill,16384,QwenManualHybridLinear,2.3644158840179443
pred,64,model.layers.9.self_attn.k_proj,self_attn.k_proj,prefill,16384,QwenManualHybridLinear,2.3619840145111084
pred,65,model.layers.9.self_attn.v_proj,self_attn.v_proj,prefill,16384,QwenManualHybridLinear,2.361567974090576
pred,66,model.layers.9.self_attn.o_proj,self_attn.o_proj,prefill,16384,QwenManualHybridLinear,2.37609601020813
pred,67,model.layers.9.mlp.gate_proj,mlp.gate_proj,prefill,16384,QwenHybridDenseNVFP4Linear,2.774048089981079
pred,68,model.layers.9.mlp.up_proj,mlp.up_proj,prefill,16384,QwenHybridDenseNVFP4Linear,2.8032960891723633
pred,69,model.layers.9.mlp.down_proj,mlp.down_proj,prefill,16384,QwenHybridDenseNVFP4Linear,5.095200061798096
pred,70,model.layers.10.self_attn.q_proj,self_attn.q_proj,prefill,16384,QwenManualHybridLinear,2.3644158840179443
pred,71,model.layers.10.self_attn.k_proj,self_attn.k_proj,prefill,16384,QwenManualHybridLinear,2.361504077911377
pred,72,model.layers.10.self_attn.v_proj,self_attn.v_proj,prefill,16384,QwenManualHybridLinear,2.3590400218963623
pred,73,model.layers.10.self_attn.o_proj,self_attn.o_proj,prefill,16384,QwenManualHybridLinear,2.3987839221954346
pred,74,model.layers.10.mlp.gate_proj,mlp.gate_proj,prefill,16384,QwenHybridDenseNVFP4Linear,2.7822399139404297
pred,75,model.layers.10.mlp.up_proj,mlp.up_proj,prefill,16384,QwenHybridDenseNVFP4Linear,2.821536064147949
pred,76,model.layers.10.mlp.down_proj,mlp.down_proj,prefill,16384,QwenHybridDenseNVFP4Linear,5.098656177520752
pred,77,model.layers.11.self_attn.q_proj,self_attn.q_proj,prefill,16384,QwenManualHybridLinear,2.366431951522827
pred,78,model.layers.11.self_attn.k_proj,self_attn.k_proj,prefill,16384,QwenManualHybridLinear,2.361504077911377
pred,79,model.layers.11.self_attn.v_proj,self_attn.v_proj,prefill,16384,QwenManualHybridLinear,2.3594560623168945
pred,80,model.layers.11.self_attn.o_proj,self_attn.o_proj,prefill,16384,QwenManualHybridLinear,2.4007680416107178
pred,81,model.layers.11.mlp.gate_proj,mlp.gate_proj,prefill,16384,QwenHybridDenseNVFP4Linear,2.781183958053589
pred,82,model.layers.11.mlp.up_proj,mlp.up_proj,prefill,16384,QwenHybridDenseNVFP4Linear,2.804800033569336
pred,83,model.layers.11.mlp.down_proj,mlp.down_proj,prefill,16384,QwenHybridDenseNVFP4Linear,5.098752021789551
pred,84,model.layers.12.self_attn.q_proj,self_attn.q_proj,prefill,16384,QwenManualHybridLinear,2.386944055557251
pred,85,model.layers.12.self_attn.k_proj,self_attn.k_proj,prefill,16384,QwenManualHybridLinear,2.359584093093872
pred,86,model.layers.12.self_attn.v_proj,self_attn.v_proj,prefill,16384,QwenManualHybridLinear,2.359488010406494
pred,87,model.layers.12.self_attn.o_proj,self_attn.o_proj,prefill,16384,QwenManualHybridLinear,2.386944055557251
pred,88,model.layers.12.mlp.gate_proj,mlp.gate_proj,prefill,16384,QwenHybridDenseNVFP4Linear,2.7812159061431885
pred,89,model.layers.12.mlp.up_proj,mlp.up_proj,prefill,16384,QwenHybridDenseNVFP4Linear,2.802623987197876
pred,90,model.layers.12.mlp.down_proj,mlp.down_proj,prefill,16384,QwenHybridDenseNVFP4Linear,5.11407995223999
pred,91,model.layers.13.self_attn.q_proj,self_attn.q_proj,prefill,16384,QwenManualHybridLinear,2.4017601013183594
pred,92,model.layers.13.self_attn.k_proj,self_attn.k_proj,prefill,16384,QwenManualHybridLinear,2.3774399757385254
pred,93,model.layers.13.self_attn.v_proj,self_attn.v_proj,prefill,16384,QwenManualHybridLinear,2.3616321086883545
pred,94,model.layers.13.self_attn.o_proj,self_attn.o_proj,prefill,16384,QwenManualHybridLinear,2.3664638996124268
pred,95,model.layers.13.mlp.gate_proj,mlp.gate_proj,prefill,16384,QwenHybridDenseNVFP4Linear,2.76582407951355
pred,96,model.layers.13.mlp.up_proj,mlp.up_proj,prefill,16384,QwenHybridDenseNVFP4Linear,2.800800085067749
pred,97,model.layers.13.mlp.down_proj,mlp.down_proj,prefill,16384,QwenHybridDenseNVFP4Linear,5.101823806762695
pred,98,model.layers.14.self_attn.q_proj,self_attn.q_proj,prefill,16384,QwenManualHybridLinear,2.378783941268921
pred,99,model.layers.14.self_attn.k_proj,self_attn.k_proj,prefill,16384,QwenManualHybridLinear,2.3736960887908936
pred,100,model.layers.14.self_attn.v_proj,self_attn.v_proj,prefill,16384,QwenManualHybridLinear,2.373311996459961
pred,101,model.layers.14.self_attn.o_proj,self_attn.o_proj,prefill,16384,QwenManualHybridLinear,2.3783040046691895
pred,102,model.layers.14.mlp.gate_proj,mlp.gate_proj,prefill,16384,QwenHybridDenseNVFP4Linear,2.7688961029052734
pred,103,model.layers.14.mlp.up_proj,mlp.up_proj,prefill,16384,QwenHybridDenseNVFP4Linear,2.7988479137420654
pred,104,model.layers.14.mlp.down_proj,mlp.down_proj,prefill,16384,QwenHybridDenseNVFP4Linear,5.099679946899414
pred,105,model.layers.15.self_attn.q_proj,self_attn.q_proj,prefill,16384,QwenManualHybridLinear,2.3771519660949707
pred,106,model.layers.15.self_attn.k_proj,self_attn.k_proj,prefill,16384,QwenManualHybridLinear,2.373728036880493
pred,107,model.layers.15.self_attn.v_proj,self_attn.v_proj,prefill,16384,QwenManualHybridLinear,2.3737599849700928
pred,108,model.layers.15.self_attn.o_proj,self_attn.o_proj,prefill,16384,QwenManualHybridLinear,2.3746559619903564
pred,109,model.layers.15.mlp.gate_proj,mlp.gate_proj,prefill,16384,QwenHybridDenseNVFP4Linear,2.78220796585083
pred,110,model.layers.15.mlp.up_proj,mlp.up_proj,prefill,16384,QwenHybridDenseNVFP4Linear,2.796128034591675
pred,111,model.layers.15.mlp.down_proj,mlp.down_proj,prefill,16384,QwenHybridDenseNVFP4Linear,5.088543891906738
pred,112,model.layers.16.self_attn.q_proj,self_attn.q_proj,prefill,16384,QwenManualHybridLinear,2.3664638996124268
pred,113,model.layers.16.self_attn.k_proj,self_attn.k_proj,prefill,16384,QwenManualHybridLinear,2.362112045288086
pred,114,model.layers.16.self_attn.v_proj,self_attn.v_proj,prefill,16384,QwenManualHybridLinear,2.362015962600708
pred,115,model.layers.16.self_attn.o_proj,self_attn.o_proj,prefill,16384,QwenManualHybridLinear,2.3787519931793213
pred,116,model.layers.16.mlp.gate_proj,mlp.gate_proj,prefill,16384,QwenHybridDenseNVFP4Linear,2.776063919067383
pred,117,model.layers.16.mlp.up_proj,mlp.up_proj,prefill,16384,QwenHybridDenseNVFP4Linear,2.805824041366577
pred,118,model.layers.16.mlp.down_proj,mlp.down_proj,prefill,16384,QwenHybridDenseNVFP4Linear,5.109663963317871
pred,119,model.layers.17.self_attn.q_proj,self_attn.q_proj,prefill,16384,QwenManualHybridLinear,2.367039918899536
pred,120,model.layers.17.self_attn.k_proj,self_attn.k_proj,prefill,16384,QwenManualHybridLinear,2.360960006713867
pred,121,model.layers.17.self_attn.v_proj,self_attn.v_proj,prefill,16384,QwenManualHybridLinear,2.3614718914031982
pred,122,model.layers.17.self_attn.o_proj,self_attn.o_proj,prefill,16384,QwenManualHybridLinear,2.3787519931793213
pred,123,model.layers.17.mlp.gate_proj,mlp.gate_proj,prefill,16384,QwenHybridDenseNVFP4Linear,2.7750720977783203
pred,124,model.layers.17.mlp.up_proj,mlp.up_proj,prefill,16384,QwenHybridDenseNVFP4Linear,2.7958080768585205
pred,125,model.layers.17.mlp.down_proj,mlp.down_proj,prefill,16384,QwenHybridDenseNVFP4Linear,5.094111919403076
pred,126,model.layers.18.self_attn.q_proj,self_attn.q_proj,prefill,16384,QwenManualHybridLinear,2.3744640350341797
pred,127,model.layers.18.self_attn.k_proj,self_attn.k_proj,prefill,16384,QwenManualHybridLinear,2.373311996459961
pred,128,model.layers.18.self_attn.v_proj,self_attn.v_proj,prefill,16384,QwenManualHybridLinear,2.3712000846862793
pred,129,model.layers.18.self_attn.o_proj,self_attn.o_proj,prefill,16384,QwenManualHybridLinear,2.378335952758789
pred,130,model.layers.18.mlp.gate_proj,mlp.gate_proj,prefill,16384,QwenHybridDenseNVFP4Linear,2.766848087310791
pred,131,model.layers.18.mlp.up_proj,mlp.up_proj,prefill,16384,QwenHybridDenseNVFP4Linear,2.7977919578552246
pred,132,model.layers.18.mlp.down_proj,mlp.down_proj,prefill,16384,QwenHybridDenseNVFP4Linear,5.087264060974121
pred,133,model.layers.19.self_attn.q_proj,self_attn.q_proj,prefill,16384,QwenManualHybridLinear,2.366879940032959
pred,134,model.layers.19.self_attn.k_proj,self_attn.k_proj,prefill,16384,QwenManualHybridLinear,2.361504077911377
pred,135,model.layers.19.self_attn.v_proj,self_attn.v_proj,prefill,16384,QwenManualHybridLinear,2.3595199584960938
pred,136,model.layers.19.self_attn.o_proj,self_attn.o_proj,prefill,16384,QwenManualHybridLinear,2.3802878856658936
pred,137,model.layers.19.mlp.gate_proj,mlp.gate_proj,prefill,16384,QwenHybridDenseNVFP4Linear,2.7791359424591064
pred,138,model.layers.19.mlp.up_proj,mlp.up_proj,prefill,16384,QwenHybridDenseNVFP4Linear,2.799488067626953
pred,139,model.layers.19.mlp.down_proj,mlp.down_proj,prefill,16384,QwenHybridDenseNVFP4Linear,5.098879814147949
pred,140,model.layers.20.self_attn.q_proj,self_attn.q_proj,prefill,16384,QwenManualHybridLinear,2.3664638996124268
pred,141,model.layers.20.self_attn.k_proj,self_attn.k_proj,prefill,16384,QwenManualHybridLinear,2.3620800971984863
pred,142,model.layers.20.self_attn.v_proj,self_attn.v_proj,prefill,16384,QwenManualHybridLinear,2.3578240871429443
pred,143,model.layers.20.self_attn.o_proj,self_attn.o_proj,prefill,16384,QwenManualHybridLinear,2.399199962615967
pred,144,model.layers.20.mlp.gate_proj,mlp.gate_proj,prefill,16384,QwenHybridDenseNVFP4Linear,2.7750399112701416
pred,145,model.layers.20.mlp.up_proj,mlp.up_proj,prefill,16384,QwenHybridDenseNVFP4Linear,2.7967679500579834
pred,146,model.layers.20.mlp.down_proj,mlp.down_proj,prefill,16384,QwenHybridDenseNVFP4Linear,5.094655990600586
pred,147,model.layers.21.self_attn.q_proj,self_attn.q_proj,prefill,16384,QwenManualHybridLinear,2.3669118881225586
pred,148,model.layers.21.self_attn.k_proj,self_attn.k_proj,prefill,16384,QwenManualHybridLinear,2.360991954803467
pred,149,model.layers.21.self_attn.v_proj,self_attn.v_proj,prefill,16384,QwenManualHybridLinear,2.3595519065856934
pred,150,model.layers.21.self_attn.o_proj,self_attn.o_proj,prefill,16384,QwenManualHybridLinear,2.401279926300049
pred,151,model.layers.21.mlp.gate_proj,mlp.gate_proj,prefill,16384,QwenHybridDenseNVFP4Linear,2.777087926864624
pred,152,model.layers.21.mlp.up_proj,mlp.up_proj,prefill,16384,QwenHybridDenseNVFP4Linear,2.8013439178466797
pred,153,model.layers.21.mlp.down_proj,mlp.down_proj,prefill,16384,QwenHybridDenseNVFP4Linear,5.104959964752197
pred,154,model.layers.22.self_attn.q_proj,self_attn.q_proj,prefill,16384,QwenManualHybridLinear,2.3808000087738037
pred,155,model.layers.22.self_attn.k_proj,self_attn.k_proj,prefill,16384,QwenManualHybridLinear,2.361504077911377
pred,156,model.layers.22.self_attn.v_proj,self_attn.v_proj,prefill,16384,QwenManualHybridLinear,2.3589439392089844
pred,157,model.layers.22.self_attn.o_proj,self_attn.o_proj,prefill,16384,QwenManualHybridLinear,2.388576030731201
pred,158,model.layers.22.mlp.gate_proj,mlp.gate_proj,prefill,16384,QwenHybridDenseNVFP4Linear,2.779167890548706
pred,159,model.layers.22.mlp.up_proj,mlp.up_proj,prefill,16384,QwenHybridDenseNVFP4Linear,2.8032639026641846
pred,160,model.layers.22.mlp.down_proj,mlp.down_proj,prefill,16384,QwenHybridDenseNVFP4Linear,5.107935905456543
pred,161,model.layers.23.self_attn.q_proj,self_attn.q_proj,prefill,16384,QwenManualHybridLinear,2.4033279418945312
pred,162,model.layers.23.self_attn.k_proj,self_attn.k_proj,prefill,16384,QwenManualHybridLinear,2.367232084274292
pred,163,model.layers.23.self_attn.v_proj,self_attn.v_proj,prefill,16384,QwenManualHybridLinear,2.3595519065856934
pred,164,model.layers.23.self_attn.o_proj,self_attn.o_proj,prefill,16384,QwenManualHybridLinear,2.3664638996124268
pred,165,model.layers.23.mlp.gate_proj,mlp.gate_proj,prefill,16384,QwenHybridDenseNVFP4Linear,2.781183958053589
pred,166,model.layers.23.mlp.up_proj,mlp.up_proj,prefill,16384,QwenHybridDenseNVFP4Linear,2.8062400817871094
pred,167,model.layers.23.mlp.down_proj,mlp.down_proj,prefill,16384,QwenHybridDenseNVFP4Linear,5.108607769012451
pred,168,model.layers.24.self_attn.q_proj,self_attn.q_proj,prefill,16384,QwenManualHybridLinear,2.401247978210449
pred,169,model.layers.24.self_attn.k_proj,self_attn.k_proj,prefill,16384,QwenManualHybridLinear,2.398848056793213
pred,170,model.layers.24.self_attn.v_proj,self_attn.v_proj,prefill,16384,QwenManualHybridLinear,2.3737599849700928
pred,171,model.layers.24.self_attn.o_proj,self_attn.o_proj,prefill,16384,QwenManualHybridLinear,2.380352020263672
pred,172,model.layers.24.mlp.gate_proj,mlp.gate_proj,prefill,16384,QwenHybridDenseNVFP4Linear,2.784287929534912
pred,173,model.layers.24.mlp.up_proj,mlp.up_proj,prefill,16384,QwenHybridDenseNVFP4Linear,2.7972159385681152
pred,174,model.layers.24.mlp.down_proj,mlp.down_proj,prefill,16384,QwenHybridDenseNVFP4Linear,5.113696098327637
pred,175,model.layers.25.self_attn.q_proj,self_attn.q_proj,prefill,16384,QwenManualHybridLinear,2.3787519931793213
pred,176,model.layers.25.self_attn.k_proj,self_attn.k_proj,prefill,16384,QwenManualHybridLinear,2.3742079734802246
pred,177,model.layers.25.self_attn.v_proj,self_attn.v_proj,prefill,16384,QwenManualHybridLinear,2.372351884841919
pred,178,model.layers.25.self_attn.o_proj,self_attn.o_proj,prefill,16384,QwenManualHybridLinear,2.3808000087738037
pred,179,model.layers.25.mlp.gate_proj,mlp.gate_proj,prefill,16384,QwenHybridDenseNVFP4Linear,2.770944118499756
pred,180,model.layers.25.mlp.up_proj,mlp.up_proj,prefill,16384,QwenHybridDenseNVFP4Linear,2.7986559867858887
pred,181,model.layers.25.mlp.down_proj,mlp.down_proj,prefill,16384,QwenHybridDenseNVFP4Linear,5.106688022613525
pred,182,model.layers.26.self_attn.q_proj,self_attn.q_proj,prefill,16384,QwenManualHybridLinear,2.379199981689453
pred,183,model.layers.26.self_attn.k_proj,self_attn.k_proj,prefill,16384,QwenManualHybridLinear,2.374272108078003
pred,184,model.layers.26.self_attn.v_proj,self_attn.v_proj,prefill,16384,QwenManualHybridLinear,2.3733439445495605
pred,185,model.layers.26.self_attn.o_proj,self_attn.o_proj,prefill,16384,QwenManualHybridLinear,2.4008960723876953
pred,186,model.layers.26.mlp.gate_proj,mlp.gate_proj,prefill,16384,QwenHybridDenseNVFP4Linear,2.771967887878418
pred,187,model.layers.26.mlp.up_proj,mlp.up_proj,prefill,16384,QwenHybridDenseNVFP4Linear,2.7942399978637695
pred,188,model.layers.26.mlp.down_proj,mlp.down_proj,prefill,16384,QwenHybridDenseNVFP4Linear,5.090496063232422
pred,189,model.layers.27.self_attn.q_proj,self_attn.q_proj,prefill,16384,QwenManualHybridLinear,2.3664638996124268
pred,190,model.layers.27.self_attn.k_proj,self_attn.k_proj,prefill,16384,QwenManualHybridLinear,2.3620479106903076
pred,191,model.layers.27.self_attn.v_proj,self_attn.v_proj,prefill,16384,QwenManualHybridLinear,2.359584093093872
pred,192,model.layers.27.self_attn.o_proj,self_attn.o_proj,prefill,16384,QwenManualHybridLinear,2.400736093521118
pred,193,model.layers.27.mlp.gate_proj,mlp.gate_proj,prefill,16384,QwenHybridDenseNVFP4Linear,2.7791359424591064
pred,194,model.layers.27.mlp.up_proj,mlp.up_proj,prefill,16384,QwenHybridDenseNVFP4Linear,2.7965118885040283
pred,195,model.layers.27.mlp.down_proj,mlp.down_proj,prefill,16384,QwenHybridDenseNVFP4Linear,5.089536190032959
pred,196,model.layers.28.self_attn.q_proj,self_attn.q_proj,prefill,16384,QwenManualHybridLinear,2.3664638996124268
pred,197,model.layers.28.self_attn.k_proj,self_attn.k_proj,prefill,16384,QwenManualHybridLinear,2.3621439933776855
pred,198,model.layers.28.self_attn.v_proj,self_attn.v_proj,prefill,16384,QwenManualHybridLinear,2.361504077911377
pred,199,model.layers.28.self_attn.o_proj,self_attn.o_proj,prefill,16384,QwenManualHybridLinear,2.368511915206909
pred,200,model.layers.28.mlp.gate_proj,mlp.gate_proj,prefill,16384,QwenHybridDenseNVFP4Linear,2.7760961055755615
pred,201,model.layers.28.mlp.up_proj,mlp.up_proj,prefill,16384,QwenHybridDenseNVFP4Linear,2.793247938156128
pred,202,model.layers.28.mlp.down_proj,mlp.down_proj,prefill,16384,QwenHybridDenseNVFP4Linear,5.10975980758667
pred,203,model.layers.29.self_attn.q_proj,self_attn.q_proj,prefill,16384,QwenManualHybridLinear,2.364448070526123
pred,204,model.layers.29.self_attn.k_proj,self_attn.k_proj,prefill,16384,QwenManualHybridLinear,2.361920118331909
pred,205,model.layers.29.self_attn.v_proj,self_attn.v_proj,prefill,16384,QwenManualHybridLinear,2.361056089401245
pred,206,model.layers.29.self_attn.o_proj,self_attn.o_proj,prefill,16384,QwenManualHybridLinear,2.3787519931793213
pred,207,model.layers.29.mlp.gate_proj,mlp.gate_proj,prefill,16384,QwenHybridDenseNVFP4Linear,2.781183958053589
pred,208,model.layers.29.mlp.up_proj,mlp.up_proj,prefill,16384,QwenHybridDenseNVFP4Linear,2.8084158897399902
pred,209,model.layers.29.mlp.down_proj,mlp.down_proj,prefill,16384,QwenHybridDenseNVFP4Linear,6.1921281814575195
pred,210,model.layers.30.self_attn.q_proj,self_attn.q_proj,prefill,16384,QwenManualHybridLinear,2.378783941268921
pred,211,model.layers.30.self_attn.k_proj,self_attn.k_proj,prefill,16384,QwenManualHybridLinear,2.3735039234161377
pred,212,model.layers.30.self_attn.v_proj,self_attn.v_proj,prefill,16384,QwenManualHybridLinear,2.369823932647705
pred,213,model.layers.30.self_attn.o_proj,self_attn.o_proj,prefill,16384,QwenManualHybridLinear,2.3808000087738037
pred,214,model.layers.30.mlp.gate_proj,mlp.gate_proj,prefill,16384,QwenHybridDenseNVFP4Linear,2.7812159061431885
pred,215,model.layers.30.mlp.up_proj,mlp.up_proj,prefill,16384,QwenHybridDenseNVFP4Linear,2.794015884399414
pred,216,model.layers.30.mlp.down_proj,mlp.down_proj,prefill,16384,QwenHybridDenseNVFP4Linear,5.084256172180176
pred,217,model.layers.31.self_attn.q_proj,self_attn.q_proj,prefill,16384,QwenManualHybridLinear,2.366879940032959
pred,218,model.layers.31.self_attn.k_proj,self_attn.k_proj,prefill,16384,QwenManualHybridLinear,2.362015962600708
pred,219,model.layers.31.self_attn.v_proj,self_attn.v_proj,prefill,16384,QwenManualHybridLinear,2.35699200630188
pred,220,model.layers.31.self_attn.o_proj,self_attn.o_proj,prefill,16384,QwenManualHybridLinear,2.374272108078003
pred,221,model.layers.31.mlp.gate_proj,mlp.gate_proj,prefill,16384,QwenHybridDenseNVFP4Linear,2.7781119346618652
pred,222,model.layers.31.mlp.up_proj,mlp.up_proj,prefill,16384,QwenHybridDenseNVFP4Linear,2.814527988433838
pred,223,model.layers.31.mlp.down_proj,mlp.down_proj,prefill,16384,QwenHybridDenseNVFP4Linear,5.081344127655029
pred,224,model.layers.0.self_attn.q_proj,self_attn.q_proj,decode,1,QwenManualHybridLinear,0.1390720009803772
pred,225,model.layers.0.self_attn.k_proj,self_attn.k_proj,decode,1,QwenManualHybridLinear,0.05718399956822395
pred,226,model.layers.0.self_attn.v_proj,self_attn.v_proj,decode,1,QwenManualHybridLinear,0.04886399954557419
pred,227,model.layers.0.self_attn.o_proj,self_attn.o_proj,decode,1,QwenManualHybridLinear,0.08156800270080566
pred,228,model.layers.0.mlp.gate_proj,mlp.gate_proj,decode,1,QwenHybridDenseNVFP4Linear,1.0288959741592407
pred,229,model.layers.0.mlp.up_proj,mlp.up_proj,decode,1,QwenHybridDenseNVFP4Linear,0.7332800030708313
pred,230,model.layers.0.mlp.down_proj,mlp.down_proj,decode,1,QwenHybridDenseNVFP4Linear,0.6966720223426819
pred,231,model.layers.1.self_attn.q_proj,self_attn.q_proj,decode,1,QwenManualHybridLinear,0.06252799928188324
pred,232,model.layers.1.self_attn.k_proj,self_attn.k_proj,decode,1,QwenManualHybridLinear,0.051263999193906784
pred,233,model.layers.1.self_attn.v_proj,self_attn.v_proj,decode,1,QwenManualHybridLinear,0.04444799944758415
pred,234,model.layers.1.self_attn.o_proj,self_attn.o_proj,decode,1,QwenManualHybridLinear,0.014015999622642994
pred,235,model.layers.1.mlp.gate_proj,mlp.gate_proj,decode,1,QwenHybridDenseNVFP4Linear,0.7055360078811646
pred,236,model.layers.1.mlp.up_proj,mlp.up_proj,decode,1,QwenHybridDenseNVFP4Linear,0.7053120136260986
pred,237,model.layers.1.mlp.down_proj,mlp.down_proj,decode,1,QwenHybridDenseNVFP4Linear,0.6720960140228271
pred,238,model.layers.2.self_attn.q_proj,self_attn.q_proj,decode,1,QwenManualHybridLinear,0.06054399907588959
pred,239,model.layers.2.self_attn.k_proj,self_attn.k_proj,decode,1,QwenManualHybridLinear,0.050783999264240265
pred,240,model.layers.2.self_attn.v_proj,self_attn.v_proj,decode,1,QwenManualHybridLinear,0.047680001705884933
pred,241,model.layers.2.self_attn.o_proj,self_attn.o_proj,decode,1,QwenManualHybridLinear,0.015776000916957855
pred,242,model.layers.2.mlp.gate_proj,mlp.gate_proj,decode,1,QwenHybridDenseNVFP4Linear,0.689408004283905
pred,243,model.layers.2.mlp.up_proj,mlp.up_proj,decode,1,QwenHybridDenseNVFP4Linear,0.6939839720726013
pred,244,model.layers.2.mlp.down_proj,mlp.down_proj,decode,1,QwenHybridDenseNVFP4Linear,0.675104022026062
pred,245,model.layers.3.self_attn.q_proj,self_attn.q_proj,decode,1,QwenManualHybridLinear,0.0605119988322258
pred,246,model.layers.3.self_attn.k_proj,self_attn.k_proj,decode,1,QwenManualHybridLinear,0.054048001766204834
pred,247,model.layers.3.self_attn.v_proj,self_attn.v_proj,decode,1,QwenManualHybridLinear,0.04838399961590767
pred,248,model.layers.3.self_attn.o_proj,self_attn.o_proj,decode,1,QwenManualHybridLinear,0.014879999682307243
pred,249,model.layers.3.mlp.gate_proj,mlp.gate_proj,decode,1,QwenHybridDenseNVFP4Linear,0.6914560198783875
pred,250,model.layers.3.mlp.up_proj,mlp.up_proj,decode,1,QwenHybridDenseNVFP4Linear,0.694208025932312
pred,251,model.layers.3.mlp.down_proj,mlp.down_proj,decode,1,QwenHybridDenseNVFP4Linear,0.665503978729248
pred,252,model.layers.4.self_attn.q_proj,self_attn.q_proj,decode,1,QwenManualHybridLinear,0.05920000001788139
pred,253,model.layers.4.self_attn.k_proj,self_attn.k_proj,decode,1,QwenManualHybridLinear,0.04739199951291084
pred,254,model.layers.4.self_attn.v_proj,self_attn.v_proj,decode,1,QwenManualHybridLinear,0.045343998819589615
pred,255,model.layers.4.self_attn.o_proj,self_attn.o_proj,decode,1,QwenManualHybridLinear,0.014399999752640724
pred,256,model.layers.4.mlp.gate_proj,mlp.gate_proj,decode,1,QwenHybridDenseNVFP4Linear,0.6802240014076233
pred,257,model.layers.4.mlp.up_proj,mlp.up_proj,decode,1,QwenHybridDenseNVFP4Linear,0.6915199756622314
pred,258,model.layers.4.mlp.down_proj,mlp.down_proj,decode,1,QwenHybridDenseNVFP4Linear,0.6744639873504639
pred,259,model.layers.5.self_attn.q_proj,self_attn.q_proj,decode,1,QwenManualHybridLinear,0.06191999837756157
pred,260,model.layers.5.self_attn.k_proj,self_attn.k_proj,decode,1,QwenManualHybridLinear,0.0504320003092289
pred,261,model.layers.5.self_attn.v_proj,self_attn.v_proj,decode,1,QwenManualHybridLinear,0.047680001705884933
pred,262,model.layers.5.self_attn.o_proj,self_attn.o_proj,decode,1,QwenManualHybridLinear,0.015263999812304974
pred,263,model.layers.5.mlp.gate_proj,mlp.gate_proj,decode,1,QwenHybridDenseNVFP4Linear,0.6689599752426147
pred,264,model.layers.5.mlp.up_proj,mlp.up_proj,decode,1,QwenHybridDenseNVFP4Linear,0.6861439943313599
pred,265,model.layers.5.mlp.down_proj,mlp.down_proj,decode,1,QwenHybridDenseNVFP4Linear,0.6772159934043884
pred,266,model.layers.6.self_attn.q_proj,self_attn.q_proj,decode,1,QwenManualHybridLinear,0.14416000247001648
pred,267,model.layers.6.self_attn.k_proj,self_attn.k_proj,decode,1,QwenManualHybridLinear,0.05260799825191498
pred,268,model.layers.6.self_attn.v_proj,self_attn.v_proj,decode,1,QwenManualHybridLinear,0.0504320003092289
pred,269,model.layers.6.self_attn.o_proj,self_attn.o_proj,decode,1,QwenManualHybridLinear,0.013887999579310417
pred,270,model.layers.6.mlp.gate_proj,mlp.gate_proj,decode,1,QwenHybridDenseNVFP4Linear,0.6875839829444885
pred,271,model.layers.6.mlp.up_proj,mlp.up_proj,decode,1,QwenHybridDenseNVFP4Linear,0.695360004901886
pred,272,model.layers.6.mlp.down_proj,mlp.down_proj,decode,1,QwenHybridDenseNVFP4Linear,0.6908159852027893
pred,273,model.layers.7.self_attn.q_proj,self_attn.q_proj,decode,1,QwenManualHybridLinear,0.06204799935221672
pred,274,model.layers.7.self_attn.k_proj,self_attn.k_proj,decode,1,QwenManualHybridLinear,0.050144001841545105
pred,275,model.layers.7.self_attn.v_proj,self_attn.v_proj,decode,1,QwenManualHybridLinear,0.04572800174355507
pred,276,model.layers.7.self_attn.o_proj,self_attn.o_proj,decode,1,QwenManualHybridLinear,0.014271999709308147
pred,277,model.layers.7.mlp.gate_proj,mlp.gate_proj,decode,1,QwenHybridDenseNVFP4Linear,0.6531199812889099
pred,278,model.layers.7.mlp.up_proj,mlp.up_proj,decode,1,QwenHybridDenseNVFP4Linear,0.6764159798622131
pred,279,model.layers.7.mlp.down_proj,mlp.down_proj,decode,1,QwenHybridDenseNVFP4Linear,0.6791679859161377
pred,280,model.layers.8.self_attn.q_proj,self_attn.q_proj,decode,1,QwenManualHybridLinear,0.06409599632024765
pred,281,model.layers.8.self_attn.k_proj,self_attn.k_proj,decode,1,QwenManualHybridLinear,0.05132799968123436
pred,282,model.layers.8.self_attn.v_proj,self_attn.v_proj,decode,1,QwenManualHybridLinear,0.04745600000023842
pred,283,model.layers.8.self_attn.o_proj,self_attn.o_proj,decode,1,QwenManualHybridLinear,0.014271999709308147
pred,284,model.layers.8.mlp.gate_proj,mlp.gate_proj,decode,1,QwenHybridDenseNVFP4Linear,0.6560320258140564
pred,285,model.layers.8.mlp.up_proj,mlp.up_proj,decode,1,QwenHybridDenseNVFP4Linear,0.68995201587677
pred,286,model.layers.8.mlp.down_proj,mlp.down_proj,decode,1,QwenHybridDenseNVFP4Linear,0.6774719953536987
pred,287,model.layers.9.self_attn.q_proj,self_attn.q_proj,decode,1,QwenManualHybridLinear,0.06304000318050385
pred,288,model.layers.9.self_attn.k_proj,self_attn.k_proj,decode,1,QwenManualHybridLinear,0.05100800096988678
pred,289,model.layers.9.self_attn.v_proj,self_attn.v_proj,decode,1,QwenManualHybridLinear,0.04873599857091904
pred,290,model.layers.9.self_attn.o_proj,self_attn.o_proj,decode,1,QwenManualHybridLinear,0.015552000142633915
pred,291,model.layers.9.mlp.gate_proj,mlp.gate_proj,decode,1,QwenHybridDenseNVFP4Linear,0.6858559846878052
pred,292,model.layers.9.mlp.up_proj,mlp.up_proj,decode,1,QwenHybridDenseNVFP4Linear,0.6904320120811462
pred,293,model.layers.9.mlp.down_proj,mlp.down_proj,decode,1,QwenHybridDenseNVFP4Linear,0.6615039706230164
pred,294,model.layers.10.self_attn.q_proj,self_attn.q_proj,decode,1,QwenManualHybridLinear,0.06454399973154068
pred,295,model.layers.10.self_attn.k_proj,self_attn.k_proj,decode,1,QwenManualHybridLinear,0.054368000477552414
pred,296,model.layers.10.self_attn.v_proj,self_attn.v_proj,decode,1,QwenManualHybridLinear,0.046560000628232956
pred,297,model.layers.10.self_attn.o_proj,self_attn.o_proj,decode,1,QwenManualHybridLinear,0.014816000126302242
pred,298,model.layers.10.mlp.gate_proj,mlp.gate_proj,decode,1,QwenHybridDenseNVFP4Linear,0.6783040165901184
pred,299,model.layers.10.mlp.up_proj,mlp.up_proj,decode,1,QwenHybridDenseNVFP4Linear,0.6856319904327393
pred,300,model.layers.10.mlp.down_proj,mlp.down_proj,decode,1,QwenHybridDenseNVFP4Linear,0.6968960165977478
pred,301,model.layers.11.self_attn.q_proj,self_attn.q_proj,decode,1,QwenManualHybridLinear,0.06560000032186508
pred,302,model.layers.11.self_attn.k_proj,self_attn.k_proj,decode,1,QwenManualHybridLinear,0.05052800104022026
pred,303,model.layers.11.self_attn.v_proj,self_attn.v_proj,decode,1,QwenManualHybridLinear,0.04684799909591675
pred,304,model.layers.11.self_attn.o_proj,self_attn.o_proj,decode,1,QwenManualHybridLinear,0.014431999996304512
pred,305,model.layers.11.mlp.gate_proj,mlp.gate_proj,decode,1,QwenHybridDenseNVFP4Linear,0.6593919992446899
pred,306,model.layers.11.mlp.up_proj,mlp.up_proj,decode,1,QwenHybridDenseNVFP4Linear,0.6697279810905457
pred,307,model.layers.11.mlp.down_proj,mlp.down_proj,decode,1,QwenHybridDenseNVFP4Linear,0.6859520077705383
pred,308,model.layers.12.self_attn.q_proj,self_attn.q_proj,decode,1,QwenManualHybridLinear,0.06329599767923355
pred,309,model.layers.12.self_attn.k_proj,self_attn.k_proj,decode,1,QwenManualHybridLinear,0.04918399825692177
pred,310,model.layers.12.self_attn.v_proj,self_attn.v_proj,decode,1,QwenManualHybridLinear,0.046720001846551895
pred,311,model.layers.12.self_attn.o_proj,self_attn.o_proj,decode,1,QwenManualHybridLinear,0.014944000169634819
pred,312,model.layers.12.mlp.gate_proj,mlp.gate_proj,decode,1,QwenHybridDenseNVFP4Linear,0.6761279702186584
pred,313,model.layers.12.mlp.up_proj,mlp.up_proj,decode,1,QwenHybridDenseNVFP4Linear,0.6900479793548584
pred,314,model.layers.12.mlp.down_proj,mlp.down_proj,decode,1,QwenHybridDenseNVFP4Linear,0.6625279784202576
pred,315,model.layers.13.self_attn.q_proj,self_attn.q_proj,decode,1,QwenManualHybridLinear,0.061184000223875046
pred,316,model.layers.13.self_attn.k_proj,self_attn.k_proj,decode,1,QwenManualHybridLinear,0.0498879998922348
pred,317,model.layers.13.self_attn.v_proj,self_attn.v_proj,decode,1,QwenManualHybridLinear,0.048895999789237976
pred,318,model.layers.13.self_attn.o_proj,self_attn.o_proj,decode,1,QwenManualHybridLinear,0.014879999682307243
pred,319,model.layers.13.mlp.gate_proj,mlp.gate_proj,decode,1,QwenHybridDenseNVFP4Linear,0.6930879950523376
pred,320,model.layers.13.mlp.up_proj,mlp.up_proj,decode,1,QwenHybridDenseNVFP4Linear,0.6907520294189453
pred,321,model.layers.13.mlp.down_proj,mlp.down_proj,decode,1,QwenHybridDenseNVFP4Linear,0.742688000202179
pred,322,model.layers.14.self_attn.q_proj,self_attn.q_proj,decode,1,QwenManualHybridLinear,0.06384000182151794
pred,323,model.layers.14.self_attn.k_proj,self_attn.k_proj,decode,1,QwenManualHybridLinear,0.04960000142455101
pred,324,model.layers.14.self_attn.v_proj,self_attn.v_proj,decode,1,QwenManualHybridLinear,0.045343998819589615
pred,325,model.layers.14.self_attn.o_proj,self_attn.o_proj,decode,1,QwenManualHybridLinear,0.014720000326633453
pred,326,model.layers.14.mlp.gate_proj,mlp.gate_proj,decode,1,QwenHybridDenseNVFP4Linear,0.6928960084915161
pred,327,model.layers.14.mlp.up_proj,mlp.up_proj,decode,1,QwenHybridDenseNVFP4Linear,0.7078080177307129
pred,328,model.layers.14.mlp.down_proj,mlp.down_proj,decode,1,QwenHybridDenseNVFP4Linear,0.6965439915657043
pred,329,model.layers.15.self_attn.q_proj,self_attn.q_proj,decode,1,QwenManualHybridLinear,0.062431998550891876
pred,330,model.layers.15.self_attn.k_proj,self_attn.k_proj,decode,1,QwenManualHybridLinear,0.0488319993019104
pred,331,model.layers.15.self_attn.v_proj,self_attn.v_proj,decode,1,QwenManualHybridLinear,0.05366399884223938
pred,332,model.layers.15.self_attn.o_proj,self_attn.o_proj,decode,1,QwenManualHybridLinear,0.014399999752640724
pred,333,model.layers.15.mlp.gate_proj,mlp.gate_proj,decode,1,QwenHybridDenseNVFP4Linear,0.6600639820098877
pred,334,model.layers.15.mlp.up_proj,mlp.up_proj,decode,1,QwenHybridDenseNVFP4Linear,0.7096959948539734
pred,335,model.layers.15.mlp.down_proj,mlp.down_proj,decode,1,QwenHybridDenseNVFP4Linear,0.6716480255126953
pred,336,model.layers.16.self_attn.q_proj,self_attn.q_proj,decode,1,QwenManualHybridLinear,0.06204799935221672
pred,337,model.layers.16.self_attn.k_proj,self_attn.k_proj,decode,1,QwenManualHybridLinear,0.049375999718904495
pred,338,model.layers.16.self_attn.v_proj,self_attn.v_proj,decode,1,QwenManualHybridLinear,0.047488000243902206
pred,339,model.layers.16.self_attn.o_proj,self_attn.o_proj,decode,1,QwenManualHybridLinear,0.011711999773979187
pred,340,model.layers.16.mlp.gate_proj,mlp.gate_proj,decode,1,QwenHybridDenseNVFP4Linear,0.6546880006790161
pred,341,model.layers.16.mlp.up_proj,mlp.up_proj,decode,1,QwenHybridDenseNVFP4Linear,0.695967972278595
pred,342,model.layers.16.mlp.down_proj,mlp.down_proj,decode,1,QwenHybridDenseNVFP4Linear,0.6664639711380005
pred,343,model.layers.17.self_attn.q_proj,self_attn.q_proj,decode,1,QwenManualHybridLinear,0.0626240000128746
pred,344,model.layers.17.self_attn.k_proj,self_attn.k_proj,decode,1,QwenManualHybridLinear,0.049247998744249344
pred,345,model.layers.17.self_attn.v_proj,self_attn.v_proj,decode,1,QwenManualHybridLinear,0.04652800038456917
pred,346,model.layers.17.self_attn.o_proj,self_attn.o_proj,decode,1,QwenManualHybridLinear,0.013791999779641628
pred,347,model.layers.17.mlp.gate_proj,mlp.gate_proj,decode,1,QwenHybridDenseNVFP4Linear,0.6705600023269653
pred,348,model.layers.17.mlp.up_proj,mlp.up_proj,decode,1,QwenHybridDenseNVFP4Linear,0.6920959949493408
pred,349,model.layers.17.mlp.down_proj,mlp.down_proj,decode,1,QwenHybridDenseNVFP4Linear,0.6703680157661438
pred,350,model.layers.18.self_attn.q_proj,self_attn.q_proj,decode,1,QwenManualHybridLinear,0.07030399888753891
pred,351,model.layers.18.self_attn.k_proj,self_attn.k_proj,decode,1,QwenManualHybridLinear,0.05177599936723709
pred,352,model.layers.18.self_attn.v_proj,self_attn.v_proj,decode,1,QwenManualHybridLinear,0.047359999269247055
pred,353,model.layers.18.self_attn.o_proj,self_attn.o_proj,decode,1,QwenManualHybridLinear,0.01571200042963028
pred,354,model.layers.18.mlp.gate_proj,mlp.gate_proj,decode,1,QwenHybridDenseNVFP4Linear,0.6843199729919434
pred,355,model.layers.18.mlp.up_proj,mlp.up_proj,decode,1,QwenHybridDenseNVFP4Linear,0.6880639791488647
pred,356,model.layers.18.mlp.down_proj,mlp.down_proj,decode,1,QwenHybridDenseNVFP4Linear,0.6666880249977112
pred,357,model.layers.19.self_attn.q_proj,self_attn.q_proj,decode,1,QwenManualHybridLinear,0.061535999178886414
pred,358,model.layers.19.self_attn.k_proj,self_attn.k_proj,decode,1,QwenManualHybridLinear,0.05004800111055374
pred,359,model.layers.19.self_attn.v_proj,self_attn.v_proj,decode,1,QwenManualHybridLinear,0.04588799923658371
pred,360,model.layers.19.self_attn.o_proj,self_attn.o_proj,decode,1,QwenManualHybridLinear,0.014336000196635723
pred,361,model.layers.19.mlp.gate_proj,mlp.gate_proj,decode,1,QwenHybridDenseNVFP4Linear,0.6801919937133789
pred,362,model.layers.19.mlp.up_proj,mlp.up_proj,decode,1,QwenHybridDenseNVFP4Linear,0.6971840262413025
pred,363,model.layers.19.mlp.down_proj,mlp.down_proj,decode,1,QwenHybridDenseNVFP4Linear,0.6704000234603882
pred,364,model.layers.20.self_attn.q_proj,self_attn.q_proj,decode,1,QwenManualHybridLinear,0.06329599767923355
pred,365,model.layers.20.self_attn.k_proj,self_attn.k_proj,decode,1,QwenManualHybridLinear,0.049375999718904495
pred,366,model.layers.20.self_attn.v_proj,self_attn.v_proj,decode,1,QwenManualHybridLinear,0.04662400111556053
pred,367,model.layers.20.self_attn.o_proj,self_attn.o_proj,decode,1,QwenManualHybridLinear,0.015584000386297703
pred,368,model.layers.20.mlp.gate_proj,mlp.gate_proj,decode,1,QwenHybridDenseNVFP4Linear,0.6871680021286011
pred,369,model.layers.20.mlp.up_proj,mlp.up_proj,decode,1,QwenHybridDenseNVFP4Linear,0.688256025314331
pred,370,model.layers.20.mlp.down_proj,mlp.down_proj,decode,1,QwenHybridDenseNVFP4Linear,0.6756479740142822
pred,371,model.layers.21.self_attn.q_proj,self_attn.q_proj,decode,1,QwenManualHybridLinear,0.05987200140953064
pred,372,model.layers.21.self_attn.k_proj,self_attn.k_proj,decode,1,QwenManualHybridLinear,0.04918399825692177
pred,373,model.layers.21.self_attn.v_proj,self_attn.v_proj,decode,1,QwenManualHybridLinear,0.048448000103235245
pred,374,model.layers.21.self_attn.o_proj,self_attn.o_proj,decode,1,QwenManualHybridLinear,0.014720000326633453
pred,375,model.layers.21.mlp.gate_proj,mlp.gate_proj,decode,1,QwenHybridDenseNVFP4Linear,0.6792960166931152
pred,376,model.layers.21.mlp.up_proj,mlp.up_proj,decode,1,QwenHybridDenseNVFP4Linear,1.4930880069732666
pred,377,model.layers.21.mlp.down_proj,mlp.down_proj,decode,1,QwenHybridDenseNVFP4Linear,0.7756800055503845
pred,378,model.layers.22.self_attn.q_proj,self_attn.q_proj,decode,1,QwenManualHybridLinear,0.06543999910354614
pred,379,model.layers.22.self_attn.k_proj,self_attn.k_proj,decode,1,QwenManualHybridLinear,0.051392000168561935
pred,380,model.layers.22.self_attn.v_proj,self_attn.v_proj,decode,1,QwenManualHybridLinear,0.0488319993019104
pred,381,model.layers.22.self_attn.o_proj,self_attn.o_proj,decode,1,QwenManualHybridLinear,0.014879999682307243
pred,382,model.layers.22.mlp.gate_proj,mlp.gate_proj,decode,1,QwenHybridDenseNVFP4Linear,0.6779199838638306
pred,383,model.layers.22.mlp.up_proj,mlp.up_proj,decode,1,QwenHybridDenseNVFP4Linear,0.7252159714698792
pred,384,model.layers.22.mlp.down_proj,mlp.down_proj,decode,1,QwenHybridDenseNVFP4Linear,0.6903359889984131
pred,385,model.layers.23.self_attn.q_proj,self_attn.q_proj,decode,1,QwenManualHybridLinear,0.06623999774456024
pred,386,model.layers.23.self_attn.k_proj,self_attn.k_proj,decode,1,QwenManualHybridLinear,0.04960000142455101
pred,387,model.layers.23.self_attn.v_proj,self_attn.v_proj,decode,1,QwenManualHybridLinear,0.04707200080156326
pred,388,model.layers.23.self_attn.o_proj,self_attn.o_proj,decode,1,QwenManualHybridLinear,0.014879999682307243
pred,389,model.layers.23.mlp.gate_proj,mlp.gate_proj,decode,1,QwenHybridDenseNVFP4Linear,0.6817920207977295
pred,390,model.layers.23.mlp.up_proj,mlp.up_proj,decode,1,QwenHybridDenseNVFP4Linear,0.6939200162887573
pred,391,model.layers.23.mlp.down_proj,mlp.down_proj,decode,1,QwenHybridDenseNVFP4Linear,0.6704639792442322
pred,392,model.layers.24.self_attn.q_proj,self_attn.q_proj,decode,1,QwenManualHybridLinear,0.06233600154519081
pred,393,model.layers.24.self_attn.k_proj,self_attn.k_proj,decode,1,QwenManualHybridLinear,0.049855999648571014
pred,394,model.layers.24.self_attn.v_proj,self_attn.v_proj,decode,1,QwenManualHybridLinear,0.050592001527547836
pred,395,model.layers.24.self_attn.o_proj,self_attn.o_proj,decode,1,QwenManualHybridLinear,0.015456000342965126
pred,396,model.layers.24.mlp.gate_proj,mlp.gate_proj,decode,1,QwenHybridDenseNVFP4Linear,0.6919999718666077
pred,397,model.layers.24.mlp.up_proj,mlp.up_proj,decode,1,QwenHybridDenseNVFP4Linear,0.6842880249023438
pred,398,model.layers.24.mlp.down_proj,mlp.down_proj,decode,1,QwenHybridDenseNVFP4Linear,0.6581439971923828
pred,399,model.layers.25.self_attn.q_proj,self_attn.q_proj,decode,1,QwenManualHybridLinear,0.06255999952554703
pred,400,model.layers.25.self_attn.k_proj,self_attn.k_proj,decode,1,QwenManualHybridLinear,0.04934399947524071
pred,401,model.layers.25.self_attn.v_proj,self_attn.v_proj,decode,1,QwenManualHybridLinear,0.04630399867892265
pred,402,model.layers.25.self_attn.o_proj,self_attn.o_proj,decode,1,QwenManualHybridLinear,0.01462399959564209
pred,403,model.layers.25.mlp.gate_proj,mlp.gate_proj,decode,1,QwenHybridDenseNVFP4Linear,0.6915519833564758
pred,404,model.layers.25.mlp.up_proj,mlp.up_proj,decode,1,QwenHybridDenseNVFP4Linear,0.6885120272636414
pred,405,model.layers.25.mlp.down_proj,mlp.down_proj,decode,1,QwenHybridDenseNVFP4Linear,0.6688960194587708
pred,406,model.layers.26.self_attn.q_proj,self_attn.q_proj,decode,1,QwenManualHybridLinear,0.06143999844789505
pred,407,model.layers.26.self_attn.k_proj,self_attn.k_proj,decode,1,QwenManualHybridLinear,0.049695998430252075
pred,408,model.layers.26.self_attn.v_proj,self_attn.v_proj,decode,1,QwenManualHybridLinear,0.04495999962091446
pred,409,model.layers.26.self_attn.o_proj,self_attn.o_proj,decode,1,QwenManualHybridLinear,0.01587199978530407
pred,410,model.layers.26.mlp.gate_proj,mlp.gate_proj,decode,1,QwenHybridDenseNVFP4Linear,0.7225919961929321
pred,411,model.layers.26.mlp.up_proj,mlp.up_proj,decode,1,QwenHybridDenseNVFP4Linear,0.7004799842834473
pred,412,model.layers.26.mlp.down_proj,mlp.down_proj,decode,1,QwenHybridDenseNVFP4Linear,0.6743680238723755
pred,413,model.layers.27.self_attn.q_proj,self_attn.q_proj,decode,1,QwenManualHybridLinear,0.0658240020275116
pred,414,model.layers.27.self_attn.k_proj,self_attn.k_proj,decode,1,QwenManualHybridLinear,0.054655998945236206
pred,415,model.layers.27.self_attn.v_proj,self_attn.v_proj,decode,1,QwenManualHybridLinear,0.045791998505592346
pred,416,model.layers.27.self_attn.o_proj,self_attn.o_proj,decode,1,QwenManualHybridLinear,0.016992000862956047
pred,417,model.layers.27.mlp.gate_proj,mlp.gate_proj,decode,1,QwenHybridDenseNVFP4Linear,0.6837120056152344
pred,418,model.layers.27.mlp.up_proj,mlp.up_proj,decode,1,QwenHybridDenseNVFP4Linear,0.68367999792099
pred,419,model.layers.27.mlp.down_proj,mlp.down_proj,decode,1,QwenHybridDenseNVFP4Linear,0.6660799980163574
pred,420,model.layers.28.self_attn.q_proj,self_attn.q_proj,decode,1,QwenManualHybridLinear,0.06140799820423126
pred,421,model.layers.28.self_attn.k_proj,self_attn.k_proj,decode,1,QwenManualHybridLinear,0.049695998430252075
pred,422,model.layers.28.self_attn.v_proj,self_attn.v_proj,decode,1,QwenManualHybridLinear,0.044863998889923096
pred,423,model.layers.28.self_attn.o_proj,self_attn.o_proj,decode,1,QwenManualHybridLinear,0.015359999611973763
pred,424,model.layers.28.mlp.gate_proj,mlp.gate_proj,decode,1,QwenHybridDenseNVFP4Linear,0.8053119778633118
pred,425,model.layers.28.mlp.up_proj,mlp.up_proj,decode,1,QwenHybridDenseNVFP4Linear,0.7114880084991455
pred,426,model.layers.28.mlp.down_proj,mlp.down_proj,decode,1,QwenHybridDenseNVFP4Linear,0.674015998840332
pred,427,model.layers.29.self_attn.q_proj,self_attn.q_proj,decode,1,QwenManualHybridLinear,0.06403200328350067
pred,428,model.layers.29.self_attn.k_proj,self_attn.k_proj,decode,1,QwenManualHybridLinear,0.05100800096988678
pred,429,model.layers.29.self_attn.v_proj,self_attn.v_proj,decode,1,QwenManualHybridLinear,0.0461760014295578
pred,430,model.layers.29.self_attn.o_proj,self_attn.o_proj,decode,1,QwenManualHybridLinear,0.014208000153303146
pred,431,model.layers.29.mlp.gate_proj,mlp.gate_proj,decode,1,QwenHybridDenseNVFP4Linear,0.7287039756774902
pred,432,model.layers.29.mlp.up_proj,mlp.up_proj,decode,1,QwenHybridDenseNVFP4Linear,0.7691199779510498
pred,433,model.layers.29.mlp.down_proj,mlp.down_proj,decode,1,QwenHybridDenseNVFP4Linear,0.7138879895210266
pred,434,model.layers.30.self_attn.q_proj,self_attn.q_proj,decode,1,QwenManualHybridLinear,0.06387200206518173
pred,435,model.layers.30.self_attn.k_proj,self_attn.k_proj,decode,1,QwenManualHybridLinear,0.04975999891757965
pred,436,model.layers.30.self_attn.v_proj,self_attn.v_proj,decode,1,QwenManualHybridLinear,0.045951999723911285
pred,437,model.layers.30.self_attn.o_proj,self_attn.o_proj,decode,1,QwenManualHybridLinear,0.014399999752640724
pred,438,model.layers.30.mlp.gate_proj,mlp.gate_proj,decode,1,QwenHybridDenseNVFP4Linear,0.6693120002746582
pred,439,model.layers.30.mlp.up_proj,mlp.up_proj,decode,1,QwenHybridDenseNVFP4Linear,0.6789439916610718
pred,440,model.layers.30.mlp.down_proj,mlp.down_proj,decode,1,QwenHybridDenseNVFP4Linear,0.6874880194664001
pred,441,model.layers.31.self_attn.q_proj,self_attn.q_proj,decode,1,QwenManualHybridLinear,0.06415999680757523
pred,442,model.layers.31.self_attn.k_proj,self_attn.k_proj,decode,1,QwenManualHybridLinear,0.05183999985456467
pred,443,model.layers.31.self_attn.v_proj,self_attn.v_proj,decode,1,QwenManualHybridLinear,0.045823998749256134
pred,444,model.layers.31.self_attn.o_proj,self_attn.o_proj,decode,1,QwenManualHybridLinear,0.014655999839305878
pred,445,model.layers.31.mlp.gate_proj,mlp.gate_proj,decode,1,QwenHybridDenseNVFP4Linear,0.6599360108375549
pred,446,model.layers.31.mlp.up_proj,mlp.up_proj,decode,1,QwenHybridDenseNVFP4Linear,0.6744639873504639
pred,447,model.layers.31.mlp.down_proj,mlp.down_proj,decode,1,QwenHybridDenseNVFP4Linear,0.6874560117721558
pred,448,model.layers.0.self_attn.q_proj,self_attn.q_proj,decode,1,QwenManualHybridLinear,0.09232000261545181
pred,449,model.layers.0.self_attn.k_proj,self_attn.k_proj,decode,1,QwenManualHybridLinear,0.05990400165319443
pred,450,model.layers.0.self_attn.v_proj,self_attn.v_proj,decode,1,QwenManualHybridLinear,0.04758400097489357
pred,451,model.layers.0.self_attn.o_proj,self_attn.o_proj,decode,1,QwenManualHybridLinear,0.013535999692976475
pred,452,model.layers.0.mlp.gate_proj,mlp.gate_proj,decode,1,QwenHybridDenseNVFP4Linear,0.02252800017595291
pred,453,model.layers.0.mlp.up_proj,mlp.up_proj,decode,1,QwenHybridDenseNVFP4Linear,0.020479999482631683
pred,454,model.layers.0.mlp.down_proj,mlp.down_proj,decode,1,QwenHybridDenseNVFP4Linear,0.02252800017595291
pred,455,model.layers.1.self_attn.q_proj,self_attn.q_proj,decode,1,QwenManualHybridLinear,0.05830400064587593
pred,456,model.layers.1.self_attn.k_proj,self_attn.k_proj,decode,1,QwenManualHybridLinear,0.048928000032901764
pred,457,model.layers.1.self_attn.v_proj,self_attn.v_proj,decode,1,QwenManualHybridLinear,0.04742399975657463
pred,458,model.layers.1.self_attn.o_proj,self_attn.o_proj,decode,1,QwenManualHybridLinear,0.014431999996304512
pred,459,model.layers.1.mlp.gate_proj,mlp.gate_proj,decode,1,QwenHybridDenseNVFP4Linear,0.02252800017595291
pred,460,model.layers.1.mlp.up_proj,mlp.up_proj,decode,1,QwenHybridDenseNVFP4Linear,0.02252800017595291
pred,461,model.layers.1.mlp.down_proj,mlp.down_proj,decode,1,QwenHybridDenseNVFP4Linear,0.02252800017595291
pred,462,model.layers.2.self_attn.q_proj,self_attn.q_proj,decode,1,QwenManualHybridLinear,0.05110400170087814
pred,463,model.layers.2.self_attn.k_proj,self_attn.k_proj,decode,1,QwenManualHybridLinear,0.045152001082897186
pred,464,model.layers.2.self_attn.v_proj,self_attn.v_proj,decode,1,QwenManualHybridLinear,0.04371200129389763
pred,465,model.layers.2.self_attn.o_proj,self_attn.o_proj,decode,1,QwenManualHybridLinear,0.015263999812304974
pred,466,model.layers.2.mlp.gate_proj,mlp.gate_proj,decode,1,QwenHybridDenseNVFP4Linear,0.02252800017595291
pred,467,model.layers.2.mlp.up_proj,mlp.up_proj,decode,1,QwenHybridDenseNVFP4Linear,0.02252800017595291
pred,468,model.layers.2.mlp.down_proj,mlp.down_proj,decode,1,QwenHybridDenseNVFP4Linear,0.02252800017595291
pred,469,model.layers.3.self_attn.q_proj,self_attn.q_proj,decode,1,QwenManualHybridLinear,0.055424001067876816
pred,470,model.layers.3.self_attn.k_proj,self_attn.k_proj,decode,1,QwenManualHybridLinear,0.050944000482559204
pred,471,model.layers.3.self_attn.v_proj,self_attn.v_proj,decode,1,QwenManualHybridLinear,0.04601600021123886
pred,472,model.layers.3.self_attn.o_proj,self_attn.o_proj,decode,1,QwenManualHybridLinear,0.014399999752640724
pred,473,model.layers.3.mlp.gate_proj,mlp.gate_proj,decode,1,QwenHybridDenseNVFP4Linear,0.02252800017595291
pred,474,model.layers.3.mlp.up_proj,mlp.up_proj,decode,1,QwenHybridDenseNVFP4Linear,0.02252800017595291
pred,475,model.layers.3.mlp.down_proj,mlp.down_proj,decode,1,QwenHybridDenseNVFP4Linear,0.02252800017595291
pred,476,model.layers.4.self_attn.q_proj,self_attn.q_proj,decode,1,QwenManualHybridLinear,0.05225599929690361
pred,477,model.layers.4.self_attn.k_proj,self_attn.k_proj,decode,1,QwenManualHybridLinear,0.04499199986457825
pred,478,model.layers.4.self_attn.v_proj,self_attn.v_proj,decode,1,QwenManualHybridLinear,0.0435199998319149
pred,479,model.layers.4.self_attn.o_proj,self_attn.o_proj,decode,1,QwenManualHybridLinear,0.015584000386297703
pred,480,model.layers.4.mlp.gate_proj,mlp.gate_proj,decode,1,QwenHybridDenseNVFP4Linear,0.022495999932289124
pred,481,model.layers.4.mlp.up_proj,mlp.up_proj,decode,1,QwenHybridDenseNVFP4Linear,0.02252800017595291
pred,482,model.layers.4.mlp.down_proj,mlp.down_proj,decode,1,QwenHybridDenseNVFP4Linear,0.021247999742627144
pred,483,model.layers.5.self_attn.q_proj,self_attn.q_proj,decode,1,QwenManualHybridLinear,0.05257600173354149
pred,484,model.layers.5.self_attn.k_proj,self_attn.k_proj,decode,1,QwenManualHybridLinear,0.04604800045490265
pred,485,model.layers.5.self_attn.v_proj,self_attn.v_proj,decode,1,QwenManualHybridLinear,0.0427200011909008
pred,486,model.layers.5.self_attn.o_proj,self_attn.o_proj,decode,1,QwenManualHybridLinear,0.01548799965530634
pred,487,model.layers.5.mlp.gate_proj,mlp.gate_proj,decode,1,QwenHybridDenseNVFP4Linear,0.022495999932289124
pred,488,model.layers.5.mlp.up_proj,mlp.up_proj,decode,1,QwenHybridDenseNVFP4Linear,0.02252800017595291
pred,489,model.layers.5.mlp.down_proj,mlp.down_proj,decode,1,QwenHybridDenseNVFP4Linear,0.02252800017595291
pred,490,model.layers.6.self_attn.q_proj,self_attn.q_proj,decode,1,QwenManualHybridLinear,0.05244800075888634
pred,491,model.layers.6.self_attn.k_proj,self_attn.k_proj,decode,1,QwenManualHybridLinear,0.04710400104522705
pred,492,model.layers.6.self_attn.v_proj,self_attn.v_proj,decode,1,QwenManualHybridLinear,0.04358400031924248
pred,493,model.layers.6.self_attn.o_proj,self_attn.o_proj,decode,1,QwenManualHybridLinear,0.015615999698638916
pred,494,model.layers.6.mlp.gate_proj,mlp.gate_proj,decode,1,QwenHybridDenseNVFP4Linear,0.02252800017595291
pred,495,model.layers.6.mlp.up_proj,mlp.up_proj,decode,1,QwenHybridDenseNVFP4Linear,0.02252800017595291
pred,496,model.layers.6.mlp.down_proj,mlp.down_proj,decode,1,QwenHybridDenseNVFP4Linear,0.02252800017595291
pred,497,model.layers.7.self_attn.q_proj,self_attn.q_proj,decode,1,QwenManualHybridLinear,0.050912000238895416
pred,498,model.layers.7.self_attn.k_proj,self_attn.k_proj,decode,1,QwenManualHybridLinear,0.045471999794244766
pred,499,model.layers.7.self_attn.v_proj,self_attn.v_proj,decode,1,QwenManualHybridLinear,0.042399998754262924
pred,500,model.layers.7.self_attn.o_proj,self_attn.o_proj,decode,1,QwenManualHybridLinear,0.015359999611973763
pred,501,model.layers.7.mlp.gate_proj,mlp.gate_proj,decode,1,QwenHybridDenseNVFP4Linear,0.022495999932289124
pred,502,model.layers.7.mlp.up_proj,mlp.up_proj,decode,1,QwenHybridDenseNVFP4Linear,0.02252800017595291
pred,503,model.layers.7.mlp.down_proj,mlp.down_proj,decode,1,QwenHybridDenseNVFP4Linear,0.02131200022995472
pred,504,model.layers.8.self_attn.q_proj,self_attn.q_proj,decode,1,QwenManualHybridLinear,0.05190400034189224
pred,505,model.layers.8.self_attn.k_proj,self_attn.k_proj,decode,1,QwenManualHybridLinear,0.047200001776218414
pred,506,model.layers.8.self_attn.v_proj,self_attn.v_proj,decode,1,QwenManualHybridLinear,0.04598399996757507
pred,507,model.layers.8.self_attn.o_proj,self_attn.o_proj,decode,1,QwenManualHybridLinear,0.014751999638974667
pred,508,model.layers.8.mlp.gate_proj,mlp.gate_proj,decode,1,QwenHybridDenseNVFP4Linear,0.02252800017595291
pred,509,model.layers.8.mlp.up_proj,mlp.up_proj,decode,1,QwenHybridDenseNVFP4Linear,0.020479999482631683
pred,510,model.layers.8.mlp.down_proj,mlp.down_proj,decode,1,QwenHybridDenseNVFP4Linear,0.022336000576615334
pred,511,model.layers.9.self_attn.q_proj,self_attn.q_proj,decode,1,QwenManualHybridLinear,0.05379199981689453
pred,512,model.layers.9.self_attn.k_proj,self_attn.k_proj,decode,1,QwenManualHybridLinear,0.04556800052523613
pred,513,model.layers.9.self_attn.v_proj,self_attn.v_proj,decode,1,QwenManualHybridLinear,0.04543999955058098
pred,514,model.layers.9.self_attn.o_proj,self_attn.o_proj,decode,1,QwenManualHybridLinear,0.015807999297976494
pred,515,model.layers.9.mlp.gate_proj,mlp.gate_proj,decode,1,QwenHybridDenseNVFP4Linear,0.02252800017595291
pred,516,model.layers.9.mlp.up_proj,mlp.up_proj,decode,1,QwenHybridDenseNVFP4Linear,0.02300800010561943
pred,517,model.layers.9.mlp.down_proj,mlp.down_proj,decode,1,QwenHybridDenseNVFP4Linear,0.02252800017595291
pred,518,model.layers.10.self_attn.q_proj,self_attn.q_proj,decode,1,QwenManualHybridLinear,0.04915200173854828
pred,519,model.layers.10.self_attn.k_proj,self_attn.k_proj,decode,1,QwenManualHybridLinear,0.04495999962091446
pred,520,model.layers.10.self_attn.v_proj,self_attn.v_proj,decode,1,QwenManualHybridLinear,0.044256001710891724
pred,521,model.layers.10.self_attn.o_proj,self_attn.o_proj,decode,1,QwenManualHybridLinear,0.013791999779641628
pred,522,model.layers.10.mlp.gate_proj,mlp.gate_proj,decode,1,QwenHybridDenseNVFP4Linear,0.02252800017595291
pred,523,model.layers.10.mlp.up_proj,mlp.up_proj,decode,1,QwenHybridDenseNVFP4Linear,0.020479999482631683
pred,524,model.layers.10.mlp.down_proj,mlp.down_proj,decode,1,QwenHybridDenseNVFP4Linear,0.022304000332951546
pred,525,model.layers.11.self_attn.q_proj,self_attn.q_proj,decode,1,QwenManualHybridLinear,0.050303999334573746
pred,526,model.layers.11.self_attn.k_proj,self_attn.k_proj,decode,1,QwenManualHybridLinear,0.04729599878191948
pred,527,model.layers.11.self_attn.v_proj,self_attn.v_proj,decode,1,QwenManualHybridLinear,0.041728001087903976
pred,528,model.layers.11.self_attn.o_proj,self_attn.o_proj,decode,1,QwenManualHybridLinear,0.014816000126302242
pred,529,model.layers.11.mlp.gate_proj,mlp.gate_proj,decode,1,QwenHybridDenseNVFP4Linear,0.02252800017595291
pred,530,model.layers.11.mlp.up_proj,mlp.up_proj,decode,1,QwenHybridDenseNVFP4Linear,0.02252800017595291
pred,531,model.layers.11.mlp.down_proj,mlp.down_proj,decode,1,QwenHybridDenseNVFP4Linear,0.022495999932289124
pred,532,model.layers.12.self_attn.q_proj,self_attn.q_proj,decode,1,QwenManualHybridLinear,0.05119999870657921
pred,533,model.layers.12.self_attn.k_proj,self_attn.k_proj,decode,1,QwenManualHybridLinear,0.046560000628232956
pred,534,model.layers.12.self_attn.v_proj,self_attn.v_proj,decode,1,QwenManualHybridLinear,0.04291199892759323
pred,535,model.layers.12.self_attn.o_proj,self_attn.o_proj,decode,1,QwenManualHybridLinear,0.015296000055968761
pred,536,model.layers.12.mlp.gate_proj,mlp.gate_proj,decode,1,QwenHybridDenseNVFP4Linear,0.02252800017595291
pred,537,model.layers.12.mlp.up_proj,mlp.up_proj,decode,1,QwenHybridDenseNVFP4Linear,0.022495999932289124
pred,538,model.layers.12.mlp.down_proj,mlp.down_proj,decode,1,QwenHybridDenseNVFP4Linear,0.02252800017595291
pred,539,model.layers.13.self_attn.q_proj,self_attn.q_proj,decode,1,QwenManualHybridLinear,0.051552001386880875
pred,540,model.layers.13.self_attn.k_proj,self_attn.k_proj,decode,1,QwenManualHybridLinear,0.047775998711586
pred,541,model.layers.13.self_attn.v_proj,self_attn.v_proj,decode,1,QwenManualHybridLinear,0.045343998819589615
pred,542,model.layers.13.self_attn.o_proj,self_attn.o_proj,decode,1,QwenManualHybridLinear,0.015776000916957855
pred,543,model.layers.13.mlp.gate_proj,mlp.gate_proj,decode,1,QwenHybridDenseNVFP4Linear,0.02252800017595291
pred,544,model.layers.13.mlp.up_proj,mlp.up_proj,decode,1,QwenHybridDenseNVFP4Linear,0.02252800017595291
pred,545,model.layers.13.mlp.down_proj,mlp.down_proj,decode,1,QwenHybridDenseNVFP4Linear,0.02236800082027912
pred,546,model.layers.14.self_attn.q_proj,self_attn.q_proj,decode,1,QwenManualHybridLinear,0.04787199944257736
pred,547,model.layers.14.self_attn.k_proj,self_attn.k_proj,decode,1,QwenManualHybridLinear,0.04745600000023842
pred,548,model.layers.14.self_attn.v_proj,self_attn.v_proj,decode,1,QwenManualHybridLinear,0.043136000633239746
pred,549,model.layers.14.self_attn.o_proj,self_attn.o_proj,decode,1,QwenManualHybridLinear,0.015072000212967396
pred,550,model.layers.14.mlp.gate_proj,mlp.gate_proj,decode,1,QwenHybridDenseNVFP4Linear,0.02252800017595291
pred,551,model.layers.14.mlp.up_proj,mlp.up_proj,decode,1,QwenHybridDenseNVFP4Linear,0.02252800017595291
pred,552,model.layers.14.mlp.down_proj,mlp.down_proj,decode,1,QwenHybridDenseNVFP4Linear,0.02252800017595291
pred,553,model.layers.15.self_attn.q_proj,self_attn.q_proj,decode,1,QwenManualHybridLinear,0.04243199899792671
pred,554,model.layers.15.self_attn.k_proj,self_attn.k_proj,decode,1,QwenManualHybridLinear,0.04553600028157234
pred,555,model.layers.15.self_attn.v_proj,self_attn.v_proj,decode,1,QwenManualHybridLinear,0.04390399903059006
pred,556,model.layers.15.self_attn.o_proj,self_attn.o_proj,decode,1,QwenManualHybridLinear,0.013504000380635262
pred,557,model.layers.15.mlp.gate_proj,mlp.gate_proj,decode,1,QwenHybridDenseNVFP4Linear,0.02252800017595291
pred,558,model.layers.15.mlp.up_proj,mlp.up_proj,decode,1,QwenHybridDenseNVFP4Linear,0.048128001391887665
pred,559,model.layers.15.mlp.down_proj,mlp.down_proj,decode,1,QwenHybridDenseNVFP4Linear,0.05132799968123436
pred,560,model.layers.16.self_attn.q_proj,self_attn.q_proj,decode,1,QwenManualHybridLinear,0.055296000093221664
pred,561,model.layers.16.self_attn.k_proj,self_attn.k_proj,decode,1,QwenManualHybridLinear,0.046751998364925385
pred,562,model.layers.16.self_attn.v_proj,self_attn.v_proj,decode,1,QwenManualHybridLinear,0.046879999339580536
pred,563,model.layers.16.self_attn.o_proj,self_attn.o_proj,decode,1,QwenManualHybridLinear,0.01583999954164028
pred,564,model.layers.16.mlp.gate_proj,mlp.gate_proj,decode,1,QwenHybridDenseNVFP4Linear,0.02252800017595291
pred,565,model.layers.16.mlp.up_proj,mlp.up_proj,decode,1,QwenHybridDenseNVFP4Linear,0.02252800017595291
pred,566,model.layers.16.mlp.down_proj,mlp.down_proj,decode,1,QwenHybridDenseNVFP4Linear,0.020479999482631683
pred,567,model.layers.17.self_attn.q_proj,self_attn.q_proj,decode,1,QwenManualHybridLinear,0.05222399905323982
pred,568,model.layers.17.self_attn.k_proj,self_attn.k_proj,decode,1,QwenManualHybridLinear,0.04665600135922432
pred,569,model.layers.17.self_attn.v_proj,self_attn.v_proj,decode,1,QwenManualHybridLinear,0.04460800066590309
pred,570,model.layers.17.self_attn.o_proj,self_attn.o_proj,decode,1,QwenManualHybridLinear,0.01679999940097332
pred,571,model.layers.17.mlp.gate_proj,mlp.gate_proj,decode,1,QwenHybridDenseNVFP4Linear,0.02252800017595291
pred,572,model.layers.17.mlp.up_proj,mlp.up_proj,decode,1,QwenHybridDenseNVFP4Linear,0.02252800017595291
pred,573,model.layers.17.mlp.down_proj,mlp.down_proj,decode,1,QwenHybridDenseNVFP4Linear,0.02252800017595291
pred,574,model.layers.18.self_attn.q_proj,self_attn.q_proj,decode,1,QwenManualHybridLinear,0.050335999578237534
pred,575,model.layers.18.self_attn.k_proj,self_attn.k_proj,decode,1,QwenManualHybridLinear,0.04540799930691719
pred,576,model.layers.18.self_attn.v_proj,self_attn.v_proj,decode,1,QwenManualHybridLinear,0.04479999840259552
pred,577,model.layers.18.self_attn.o_proj,self_attn.o_proj,decode,1,QwenManualHybridLinear,0.014175999909639359
pred,578,model.layers.18.mlp.gate_proj,mlp.gate_proj,decode,1,QwenHybridDenseNVFP4Linear,0.02252800017595291
pred,579,model.layers.18.mlp.up_proj,mlp.up_proj,decode,1,QwenHybridDenseNVFP4Linear,0.02252800017595291
pred,580,model.layers.18.mlp.down_proj,mlp.down_proj,decode,1,QwenHybridDenseNVFP4Linear,0.04975999891757965
pred,581,model.layers.19.self_attn.q_proj,self_attn.q_proj,decode,1,QwenManualHybridLinear,0.055904000997543335
pred,582,model.layers.19.self_attn.k_proj,self_attn.k_proj,decode,1,QwenManualHybridLinear,0.04809600114822388
pred,583,model.layers.19.self_attn.v_proj,self_attn.v_proj,decode,1,QwenManualHybridLinear,0.04556800052523613
pred,584,model.layers.19.self_attn.o_proj,self_attn.o_proj,decode,1,QwenManualHybridLinear,0.014783999882638454
pred,585,model.layers.19.mlp.gate_proj,mlp.gate_proj,decode,1,QwenHybridDenseNVFP4Linear,0.02252800017595291
pred,586,model.layers.19.mlp.up_proj,mlp.up_proj,decode,1,QwenHybridDenseNVFP4Linear,0.022112000733613968
pred,587,model.layers.19.mlp.down_proj,mlp.down_proj,decode,1,QwenHybridDenseNVFP4Linear,0.02252800017595291
pred,588,model.layers.20.self_attn.q_proj,self_attn.q_proj,decode,1,QwenManualHybridLinear,0.052799999713897705
pred,589,model.layers.20.self_attn.k_proj,self_attn.k_proj,decode,1,QwenManualHybridLinear,0.04831999912858009
pred,590,model.layers.20.self_attn.v_proj,self_attn.v_proj,decode,1,QwenManualHybridLinear,0.044224001467227936
pred,591,model.layers.20.self_attn.o_proj,self_attn.o_proj,decode,1,QwenManualHybridLinear,0.014688000082969666
pred,592,model.layers.20.mlp.gate_proj,mlp.gate_proj,decode,1,QwenHybridDenseNVFP4Linear,0.02252800017595291
pred,593,model.layers.20.mlp.up_proj,mlp.up_proj,decode,1,QwenHybridDenseNVFP4Linear,0.021503999829292297
pred,594,model.layers.20.mlp.down_proj,mlp.down_proj,decode,1,QwenHybridDenseNVFP4Linear,0.05052800104022026
pred,595,model.layers.21.self_attn.q_proj,self_attn.q_proj,decode,1,QwenManualHybridLinear,0.0658240020275116
pred,596,model.layers.21.self_attn.k_proj,self_attn.k_proj,decode,1,QwenManualHybridLinear,0.04947200044989586
pred,597,model.layers.21.self_attn.v_proj,self_attn.v_proj,decode,1,QwenManualHybridLinear,0.04867200180888176
pred,598,model.layers.21.self_attn.o_proj,self_attn.o_proj,decode,1,QwenManualHybridLinear,0.014911999925971031
pred,599,model.layers.21.mlp.gate_proj,mlp.gate_proj,decode,1,QwenHybridDenseNVFP4Linear,0.02252800017595291
pred,600,model.layers.21.mlp.up_proj,mlp.up_proj,decode,1,QwenHybridDenseNVFP4Linear,0.02252800017595291
pred,601,model.layers.21.mlp.down_proj,mlp.down_proj,decode,1,QwenHybridDenseNVFP4Linear,0.02252800017595291
pred,602,model.layers.22.self_attn.q_proj,self_attn.q_proj,decode,1,QwenManualHybridLinear,0.05110400170087814
pred,603,model.layers.22.self_attn.k_proj,self_attn.k_proj,decode,1,QwenManualHybridLinear,0.12956799566745758
pred,604,model.layers.22.self_attn.v_proj,self_attn.v_proj,decode,1,QwenManualHybridLinear,0.048287998884916306
pred,605,model.layers.22.self_attn.o_proj,self_attn.o_proj,decode,1,QwenManualHybridLinear,0.014944000169634819
pred,606,model.layers.22.mlp.gate_proj,mlp.gate_proj,decode,1,QwenHybridDenseNVFP4Linear,0.02252800017595291
pred,607,model.layers.22.mlp.up_proj,mlp.up_proj,decode,1,QwenHybridDenseNVFP4Linear,0.02252800017595291
pred,608,model.layers.22.mlp.down_proj,mlp.down_proj,decode,1,QwenHybridDenseNVFP4Linear,0.02236800082027912
pred,609,model.layers.23.self_attn.q_proj,self_attn.q_proj,decode,1,QwenManualHybridLinear,0.05164799839258194
pred,610,model.layers.23.self_attn.k_proj,self_attn.k_proj,decode,1,QwenManualHybridLinear,0.04761600121855736
pred,611,model.layers.23.self_attn.v_proj,self_attn.v_proj,decode,1,QwenManualHybridLinear,0.04374400153756142
pred,612,model.layers.23.self_attn.o_proj,self_attn.o_proj,decode,1,QwenManualHybridLinear,0.01635199971497059
pred,613,model.layers.23.mlp.gate_proj,mlp.gate_proj,decode,1,QwenHybridDenseNVFP4Linear,0.02252800017595291
pred,614,model.layers.23.mlp.up_proj,mlp.up_proj,decode,1,QwenHybridDenseNVFP4Linear,0.02147199958562851
pred,615,model.layers.23.mlp.down_proj,mlp.down_proj,decode,1,QwenHybridDenseNVFP4Linear,0.052352000027894974
pred,616,model.layers.24.self_attn.q_proj,self_attn.q_proj,decode,1,QwenManualHybridLinear,0.0533440001308918
pred,617,model.layers.24.self_attn.k_proj,self_attn.k_proj,decode,1,QwenManualHybridLinear,0.053279999643564224
pred,618,model.layers.24.self_attn.v_proj,self_attn.v_proj,decode,1,QwenManualHybridLinear,0.04396799951791763
pred,619,model.layers.24.self_attn.o_proj,self_attn.o_proj,decode,1,QwenManualHybridLinear,0.015776000916957855
pred,620,model.layers.24.mlp.gate_proj,mlp.gate_proj,decode,1,QwenHybridDenseNVFP4Linear,0.02252800017595291
pred,621,model.layers.24.mlp.up_proj,mlp.up_proj,decode,1,QwenHybridDenseNVFP4Linear,0.02252800017595291
pred,622,model.layers.24.mlp.down_proj,mlp.down_proj,decode,1,QwenHybridDenseNVFP4Linear,0.02252800017595291
pred,623,model.layers.25.self_attn.q_proj,self_attn.q_proj,decode,1,QwenManualHybridLinear,0.053247999399900436
pred,624,model.layers.25.self_attn.k_proj,self_attn.k_proj,decode,1,QwenManualHybridLinear,0.04623999819159508
pred,625,model.layers.25.self_attn.v_proj,self_attn.v_proj,decode,1,QwenManualHybridLinear,0.045343998819589615
pred,626,model.layers.25.self_attn.o_proj,self_attn.o_proj,decode,1,QwenManualHybridLinear,0.013504000380635262
pred,627,model.layers.25.mlp.gate_proj,mlp.gate_proj,decode,1,QwenHybridDenseNVFP4Linear,0.02252800017595291
pred,628,model.layers.25.mlp.up_proj,mlp.up_proj,decode,1,QwenHybridDenseNVFP4Linear,0.020479999482631683
pred,629,model.layers.25.mlp.down_proj,mlp.down_proj,decode,1,QwenHybridDenseNVFP4Linear,0.04608000069856644
pred,630,model.layers.26.self_attn.q_proj,self_attn.q_proj,decode,1,QwenManualHybridLinear,0.053247999399900436
pred,631,model.layers.26.self_attn.k_proj,self_attn.k_proj,decode,1,QwenManualHybridLinear,0.047775998711586
pred,632,model.layers.26.self_attn.v_proj,self_attn.v_proj,decode,1,QwenManualHybridLinear,0.04419200122356415
pred,633,model.layers.26.self_attn.o_proj,self_attn.o_proj,decode,1,QwenManualHybridLinear,0.014911999925971031
pred,634,model.layers.26.mlp.gate_proj,mlp.gate_proj,decode,1,QwenHybridDenseNVFP4Linear,0.02252800017595291
pred,635,model.layers.26.mlp.up_proj,mlp.up_proj,decode,1,QwenHybridDenseNVFP4Linear,0.02252800017595291
pred,636,model.layers.26.mlp.down_proj,mlp.down_proj,decode,1,QwenHybridDenseNVFP4Linear,0.02252800017595291
pred,637,model.layers.27.self_attn.q_proj,self_attn.q_proj,decode,1,QwenManualHybridLinear,0.05337600037455559
pred,638,model.layers.27.self_attn.k_proj,self_attn.k_proj,decode,1,QwenManualHybridLinear,0.04684799909591675
pred,639,model.layers.27.self_attn.v_proj,self_attn.v_proj,decode,1,QwenManualHybridLinear,0.05164799839258194
pred,640,model.layers.27.self_attn.o_proj,self_attn.o_proj,decode,1,QwenManualHybridLinear,0.01692800037562847
pred,641,model.layers.27.mlp.gate_proj,mlp.gate_proj,decode,1,QwenHybridDenseNVFP4Linear,0.02252800017595291
pred,642,model.layers.27.mlp.up_proj,mlp.up_proj,decode,1,QwenHybridDenseNVFP4Linear,0.02252800017595291
pred,643,model.layers.27.mlp.down_proj,mlp.down_proj,decode,1,QwenHybridDenseNVFP4Linear,0.02252800017595291
pred,644,model.layers.28.self_attn.q_proj,self_attn.q_proj,decode,1,QwenManualHybridLinear,0.05251200124621391
pred,645,model.layers.28.self_attn.k_proj,self_attn.k_proj,decode,1,QwenManualHybridLinear,0.04819199815392494
pred,646,model.layers.28.self_attn.v_proj,self_attn.v_proj,decode,1,QwenManualHybridLinear,0.044319998472929
pred,647,model.layers.28.self_attn.o_proj,self_attn.o_proj,decode,1,QwenManualHybridLinear,0.016575999557971954
pred,648,model.layers.28.mlp.gate_proj,mlp.gate_proj,decode,1,QwenHybridDenseNVFP4Linear,0.02252800017595291
pred,649,model.layers.28.mlp.up_proj,mlp.up_proj,decode,1,QwenHybridDenseNVFP4Linear,0.02252800017595291
pred,650,model.layers.28.mlp.down_proj,mlp.down_proj,decode,1,QwenHybridDenseNVFP4Linear,0.049536000937223434
pred,651,model.layers.29.self_attn.q_proj,self_attn.q_proj,decode,1,QwenManualHybridLinear,0.05459199845790863
pred,652,model.layers.29.self_attn.k_proj,self_attn.k_proj,decode,1,QwenManualHybridLinear,0.04761600121855736
pred,653,model.layers.29.self_attn.v_proj,self_attn.v_proj,decode,1,QwenManualHybridLinear,0.045471999794244766
pred,654,model.layers.29.self_attn.o_proj,self_attn.o_proj,decode,1,QwenManualHybridLinear,0.015231999568641186
pred,655,model.layers.29.mlp.gate_proj,mlp.gate_proj,decode,1,QwenHybridDenseNVFP4Linear,0.02252800017595291
pred,656,model.layers.29.mlp.up_proj,mlp.up_proj,decode,1,QwenHybridDenseNVFP4Linear,0.02252800017595291
pred,657,model.layers.29.mlp.down_proj,mlp.down_proj,decode,1,QwenHybridDenseNVFP4Linear,0.022175999358296394
pred,658,model.layers.30.self_attn.q_proj,self_attn.q_proj,decode,1,QwenManualHybridLinear,0.05302400141954422
pred,659,model.layers.30.self_attn.k_proj,self_attn.k_proj,decode,1,QwenManualHybridLinear,0.047200001776218414
pred,660,model.layers.30.self_attn.v_proj,self_attn.v_proj,decode,1,QwenManualHybridLinear,0.0453759990632534
pred,661,model.layers.30.self_attn.o_proj,self_attn.o_proj,decode,1,QwenManualHybridLinear,0.011615999974310398
pred,662,model.layers.30.mlp.gate_proj,mlp.gate_proj,decode,1,QwenHybridDenseNVFP4Linear,0.02457600086927414
pred,663,model.layers.30.mlp.up_proj,mlp.up_proj,decode,1,QwenHybridDenseNVFP4Linear,0.022495999932289124
pred,664,model.layers.30.mlp.down_proj,mlp.down_proj,decode,1,QwenHybridDenseNVFP4Linear,0.02252800017595291
pred,665,model.layers.31.self_attn.q_proj,self_attn.q_proj,decode,1,QwenManualHybridLinear,0.0514880008995533
pred,666,model.layers.31.self_attn.k_proj,self_attn.k_proj,decode,1,QwenManualHybridLinear,0.04614400118589401
pred,667,model.layers.31.self_attn.v_proj,self_attn.v_proj,decode,1,QwenManualHybridLinear,0.04320000112056732
pred,668,model.layers.31.self_attn.o_proj,self_attn.o_proj,decode,1,QwenManualHybridLinear,0.01740800030529499
pred,669,model.layers.31.mlp.gate_proj,mlp.gate_proj,decode,1,QwenHybridDenseNVFP4Linear,0.06108799949288368
pred,670,model.layers.31.mlp.up_proj,mlp.up_proj,decode,1,QwenHybridDenseNVFP4Linear,0.05315199866890907
pred,671,model.layers.31.mlp.down_proj,mlp.down_proj,decode,1,QwenHybridDenseNVFP4Linear,0.04979199916124344
pred,672,model.layers.0.self_attn.q_proj,self_attn.q_proj,decode,1,QwenManualHybridLinear,0.07737600058317184
pred,673,model.layers.0.self_attn.k_proj,self_attn.k_proj,decode,1,QwenManualHybridLinear,0.05289600044488907
pred,674,model.layers.0.self_attn.v_proj,self_attn.v_proj,decode,1,QwenManualHybridLinear,0.04569600149989128
pred,675,model.layers.0.self_attn.o_proj,self_attn.o_proj,decode,1,QwenManualHybridLinear,0.013344000093638897
pred,676,model.layers.0.mlp.gate_proj,mlp.gate_proj,decode,1,QwenHybridDenseNVFP4Linear,0.02252800017595291
pred,677,model.layers.0.mlp.up_proj,mlp.up_proj,decode,1,QwenHybridDenseNVFP4Linear,0.021503999829292297
pred,678,model.layers.0.mlp.down_proj,mlp.down_proj,decode,1,QwenHybridDenseNVFP4Linear,0.05084799975156784
pred,679,model.layers.1.self_attn.q_proj,self_attn.q_proj,decode,1,QwenManualHybridLinear,0.05455999821424484
pred,680,model.layers.1.self_attn.k_proj,self_attn.k_proj,decode,1,QwenManualHybridLinear,0.04729599878191948
pred,681,model.layers.1.self_attn.v_proj,self_attn.v_proj,decode,1,QwenManualHybridLinear,0.04620800167322159
pred,682,model.layers.1.self_attn.o_proj,self_attn.o_proj,decode,1,QwenManualHybridLinear,0.013311999849975109
pred,683,model.layers.1.mlp.gate_proj,mlp.gate_proj,decode,1,QwenHybridDenseNVFP4Linear,0.02457600086927414
pred,684,model.layers.1.mlp.up_proj,mlp.up_proj,decode,1,QwenHybridDenseNVFP4Linear,0.02252800017595291
pred,685,model.layers.1.mlp.down_proj,mlp.down_proj,decode,1,QwenHybridDenseNVFP4Linear,0.02252800017595291
pred,686,model.layers.2.self_attn.q_proj,self_attn.q_proj,decode,1,QwenManualHybridLinear,0.05251200124621391
pred,687,model.layers.2.self_attn.k_proj,self_attn.k_proj,decode,1,QwenManualHybridLinear,0.04822399839758873
pred,688,model.layers.2.self_attn.v_proj,self_attn.v_proj,decode,1,QwenManualHybridLinear,0.04499199986457825
pred,689,model.layers.2.self_attn.o_proj,self_attn.o_proj,decode,1,QwenManualHybridLinear,0.015072000212967396
pred,690,model.layers.2.mlp.gate_proj,mlp.gate_proj,decode,1,QwenHybridDenseNVFP4Linear,0.02252800017595291
pred,691,model.layers.2.mlp.up_proj,mlp.up_proj,decode,1,QwenHybridDenseNVFP4Linear,0.020447999238967896
pred,692,model.layers.2.mlp.down_proj,mlp.down_proj,decode,1,QwenHybridDenseNVFP4Linear,0.02252800017595291
pred,693,model.layers.3.self_attn.q_proj,self_attn.q_proj,decode,1,QwenManualHybridLinear,0.05244800075888634
pred,694,model.layers.3.self_attn.k_proj,self_attn.k_proj,decode,1,QwenManualHybridLinear,0.04841599985957146
pred,695,model.layers.3.self_attn.v_proj,self_attn.v_proj,decode,1,QwenManualHybridLinear,0.04383999854326248
pred,696,model.layers.3.self_attn.o_proj,self_attn.o_proj,decode,1,QwenManualHybridLinear,0.014431999996304512
pred,697,model.layers.3.mlp.gate_proj,mlp.gate_proj,decode,1,QwenHybridDenseNVFP4Linear,0.02252800017595291
pred,698,model.layers.3.mlp.up_proj,mlp.up_proj,decode,1,QwenHybridDenseNVFP4Linear,0.02252800017595291
pred,699,model.layers.3.mlp.down_proj,mlp.down_proj,decode,1,QwenHybridDenseNVFP4Linear,0.02252800017595291
pred,700,model.layers.4.self_attn.q_proj,self_attn.q_proj,decode,1,QwenManualHybridLinear,0.05363199859857559
pred,701,model.layers.4.self_attn.k_proj,self_attn.k_proj,decode,1,QwenManualHybridLinear,0.046751998364925385
pred,702,model.layers.4.self_attn.v_proj,self_attn.v_proj,decode,1,QwenManualHybridLinear,0.04368000105023384
pred,703,model.layers.4.self_attn.o_proj,self_attn.o_proj,decode,1,QwenManualHybridLinear,0.016575999557971954
pred,704,model.layers.4.mlp.gate_proj,mlp.gate_proj,decode,1,QwenHybridDenseNVFP4Linear,0.02252800017595291
pred,705,model.layers.4.mlp.up_proj,mlp.up_proj,decode,1,QwenHybridDenseNVFP4Linear,0.022048000246286392
pred,706,model.layers.4.mlp.down_proj,mlp.down_proj,decode,1,QwenHybridDenseNVFP4Linear,0.02252800017595291
pred,707,model.layers.5.self_attn.q_proj,self_attn.q_proj,decode,1,QwenManualHybridLinear,0.05584000051021576
pred,708,model.layers.5.self_attn.k_proj,self_attn.k_proj,decode,1,QwenManualHybridLinear,0.04569600149989128
pred,709,model.layers.5.self_attn.v_proj,self_attn.v_proj,decode,1,QwenManualHybridLinear,0.04265600070357323
pred,710,model.layers.5.self_attn.o_proj,self_attn.o_proj,decode,1,QwenManualHybridLinear,0.0144640002399683
pred,711,model.layers.5.mlp.gate_proj,mlp.gate_proj,decode,1,QwenHybridDenseNVFP4Linear,0.02252800017595291
pred,712,model.layers.5.mlp.up_proj,mlp.up_proj,decode,1,QwenHybridDenseNVFP4Linear,0.02252800017595291
pred,713,model.layers.5.mlp.down_proj,mlp.down_proj,decode,1,QwenHybridDenseNVFP4Linear,0.021568000316619873
pred,714,model.layers.6.self_attn.q_proj,self_attn.q_proj,decode,1,QwenManualHybridLinear,0.052671998739242554
pred,715,model.layers.6.self_attn.k_proj,self_attn.k_proj,decode,1,QwenManualHybridLinear,0.045951999723911285
pred,716,model.layers.6.self_attn.v_proj,self_attn.v_proj,decode,1,QwenManualHybridLinear,0.04412800073623657
pred,717,model.layers.6.self_attn.o_proj,self_attn.o_proj,decode,1,QwenManualHybridLinear,0.01635199971497059
pred,718,model.layers.6.mlp.gate_proj,mlp.gate_proj,decode,1,QwenHybridDenseNVFP4Linear,0.022495999932289124
pred,719,model.layers.6.mlp.up_proj,mlp.up_proj,decode,1,QwenHybridDenseNVFP4Linear,0.02252800017595291
pred,720,model.layers.6.mlp.down_proj,mlp.down_proj,decode,1,QwenHybridDenseNVFP4Linear,0.02252800017595291
pred,721,model.layers.7.self_attn.q_proj,self_attn.q_proj,decode,1,QwenManualHybridLinear,0.0498879998922348
pred,722,model.layers.7.self_attn.k_proj,self_attn.k_proj,decode,1,QwenManualHybridLinear,0.04646399989724159
pred,723,model.layers.7.self_attn.v_proj,self_attn.v_proj,decode,1,QwenManualHybridLinear,0.043487999588251114
pred,724,model.layers.7.self_attn.o_proj,self_attn.o_proj,decode,1,QwenManualHybridLinear,0.014688000082969666
pred,725,model.layers.7.mlp.gate_proj,mlp.gate_proj,decode,1,QwenHybridDenseNVFP4Linear,0.0225600004196167
pred,726,model.layers.7.mlp.up_proj,mlp.up_proj,decode,1,QwenHybridDenseNVFP4Linear,0.02143999934196472
pred,727,model.layers.7.mlp.down_proj,mlp.down_proj,decode,1,QwenHybridDenseNVFP4Linear,0.02252800017595291
pred,728,model.layers.8.self_attn.q_proj,self_attn.q_proj,decode,1,QwenManualHybridLinear,0.05244800075888634
pred,729,model.layers.8.self_attn.k_proj,self_attn.k_proj,decode,1,QwenManualHybridLinear,0.04566400125622749
pred,730,model.layers.8.self_attn.v_proj,self_attn.v_proj,decode,1,QwenManualHybridLinear,0.04265600070357323
pred,731,model.layers.8.self_attn.o_proj,self_attn.o_proj,decode,1,QwenManualHybridLinear,0.01600000075995922
pred,732,model.layers.8.mlp.gate_proj,mlp.gate_proj,decode,1,QwenHybridDenseNVFP4Linear,0.02252800017595291
pred,733,model.layers.8.mlp.up_proj,mlp.up_proj,decode,1,QwenHybridDenseNVFP4Linear,0.02252800017595291
pred,734,model.layers.8.mlp.down_proj,mlp.down_proj,decode,1,QwenHybridDenseNVFP4Linear,0.02252800017595291
pred,735,model.layers.9.self_attn.q_proj,self_attn.q_proj,decode,1,QwenManualHybridLinear,0.054016001522541046
pred,736,model.layers.9.self_attn.k_proj,self_attn.k_proj,decode,1,QwenManualHybridLinear,0.04630399867892265
pred,737,model.layers.9.self_attn.v_proj,self_attn.v_proj,decode,1,QwenManualHybridLinear,0.04323200136423111
pred,738,model.layers.9.self_attn.o_proj,self_attn.o_proj,decode,1,QwenManualHybridLinear,0.014175999909639359
pred,739,model.layers.9.mlp.gate_proj,mlp.gate_proj,decode,1,QwenHybridDenseNVFP4Linear,0.02252800017595291
pred,740,model.layers.9.mlp.up_proj,mlp.up_proj,decode,1,QwenHybridDenseNVFP4Linear,0.02208000048995018
pred,741,model.layers.9.mlp.down_proj,mlp.down_proj,decode,1,QwenHybridDenseNVFP4Linear,0.02252800017595291
pred,742,model.layers.10.self_attn.q_proj,self_attn.q_proj,decode,1,QwenManualHybridLinear,0.053279999643564224
pred,743,model.layers.10.self_attn.k_proj,self_attn.k_proj,decode,1,QwenManualHybridLinear,0.04575999826192856
pred,744,model.layers.10.self_attn.v_proj,self_attn.v_proj,decode,1,QwenManualHybridLinear,0.043487999588251114
pred,745,model.layers.10.self_attn.o_proj,self_attn.o_proj,decode,1,QwenManualHybridLinear,0.015168000012636185
pred,746,model.layers.10.mlp.gate_proj,mlp.gate_proj,decode,1,QwenHybridDenseNVFP4Linear,0.02252800017595291
pred,747,model.layers.10.mlp.up_proj,mlp.up_proj,decode,1,QwenHybridDenseNVFP4Linear,0.02252800017595291
pred,748,model.layers.10.mlp.down_proj,mlp.down_proj,decode,1,QwenHybridDenseNVFP4Linear,0.021407999098300934
pred,749,model.layers.11.self_attn.q_proj,self_attn.q_proj,decode,1,QwenManualHybridLinear,0.05209600180387497
pred,750,model.layers.11.self_attn.k_proj,self_attn.k_proj,decode,1,QwenManualHybridLinear,0.045024000108242035
pred,751,model.layers.11.self_attn.v_proj,self_attn.v_proj,decode,1,QwenManualHybridLinear,0.04307200014591217
pred,752,model.layers.11.self_attn.o_proj,self_attn.o_proj,decode,1,QwenManualHybridLinear,0.013535999692976475
pred,753,model.layers.11.mlp.gate_proj,mlp.gate_proj,decode,1,QwenHybridDenseNVFP4Linear,0.02252800017595291
pred,754,model.layers.11.mlp.up_proj,mlp.up_proj,decode,1,QwenHybridDenseNVFP4Linear,0.02252800017595291
pred,755,model.layers.11.mlp.down_proj,mlp.down_proj,decode,1,QwenHybridDenseNVFP4Linear,0.02252800017595291
pred,756,model.layers.12.self_attn.q_proj,self_attn.q_proj,decode,1,QwenManualHybridLinear,0.05241600051522255
pred,757,model.layers.12.self_attn.k_proj,self_attn.k_proj,decode,1,QwenManualHybridLinear,0.046560000628232956
pred,758,model.layers.12.self_attn.v_proj,self_attn.v_proj,decode,1,QwenManualHybridLinear,0.042847998440265656
pred,759,model.layers.12.self_attn.o_proj,self_attn.o_proj,decode,1,QwenManualHybridLinear,0.017791999503970146
pred,760,model.layers.12.mlp.gate_proj,mlp.gate_proj,decode,1,QwenHybridDenseNVFP4Linear,0.02252800017595291
pred,761,model.layers.12.mlp.up_proj,mlp.up_proj,decode,1,QwenHybridDenseNVFP4Linear,0.02252800017595291
pred,762,model.layers.12.mlp.down_proj,mlp.down_proj,decode,1,QwenHybridDenseNVFP4Linear,0.02252800017595291
pred,763,model.layers.13.self_attn.q_proj,self_attn.q_proj,decode,1,QwenManualHybridLinear,0.04960000142455101
pred,764,model.layers.13.self_attn.k_proj,self_attn.k_proj,decode,1,QwenManualHybridLinear,0.044704001396894455
pred,765,model.layers.13.self_attn.v_proj,self_attn.v_proj,decode,1,QwenManualHybridLinear,0.043455999344587326
pred,766,model.layers.13.self_attn.o_proj,self_attn.o_proj,decode,1,QwenManualHybridLinear,0.01740800030529499
pred,767,model.layers.13.mlp.gate_proj,mlp.gate_proj,decode,1,QwenHybridDenseNVFP4Linear,0.02252800017595291
pred,768,model.layers.13.mlp.up_proj,mlp.up_proj,decode,1,QwenHybridDenseNVFP4Linear,0.022495999932289124
pred,769,model.layers.13.mlp.down_proj,mlp.down_proj,decode,1,QwenHybridDenseNVFP4Linear,0.02252800017595291
pred,770,model.layers.14.self_attn.q_proj,self_attn.q_proj,decode,1,QwenManualHybridLinear,0.05331199988722801
pred,771,model.layers.14.self_attn.k_proj,self_attn.k_proj,decode,1,QwenManualHybridLinear,0.04745600000023842
pred,772,model.layers.14.self_attn.v_proj,self_attn.v_proj,decode,1,QwenManualHybridLinear,0.04396799951791763
pred,773,model.layers.14.self_attn.o_proj,self_attn.o_proj,decode,1,QwenManualHybridLinear,0.016863999888300896
pred,774,model.layers.14.mlp.gate_proj,mlp.gate_proj,decode,1,QwenHybridDenseNVFP4Linear,0.02252800017595291
pred,775,model.layers.14.mlp.up_proj,mlp.up_proj,decode,1,QwenHybridDenseNVFP4Linear,0.02252800017595291
pred,776,model.layers.14.mlp.down_proj,mlp.down_proj,decode,1,QwenHybridDenseNVFP4Linear,0.02252800017595291
pred,777,model.layers.15.self_attn.q_proj,self_attn.q_proj,decode,1,QwenManualHybridLinear,0.05129599943757057
pred,778,model.layers.15.self_attn.k_proj,self_attn.k_proj,decode,1,QwenManualHybridLinear,0.04739199951291084
pred,779,model.layers.15.self_attn.v_proj,self_attn.v_proj,decode,1,QwenManualHybridLinear,0.04464000090956688
pred,780,model.layers.15.self_attn.o_proj,self_attn.o_proj,decode,1,QwenManualHybridLinear,0.015744000673294067
pred,781,model.layers.15.mlp.gate_proj,mlp.gate_proj,decode,1,QwenHybridDenseNVFP4Linear,0.02252800017595291
pred,782,model.layers.15.mlp.up_proj,mlp.up_proj,decode,1,QwenHybridDenseNVFP4Linear,0.02252800017595291
pred,783,model.layers.15.mlp.down_proj,mlp.down_proj,decode,1,QwenHybridDenseNVFP4Linear,0.02252800017595291
pred,784,model.layers.16.self_attn.q_proj,self_attn.q_proj,decode,1,QwenManualHybridLinear,0.05087999999523163
pred,785,model.layers.16.self_attn.k_proj,self_attn.k_proj,decode,1,QwenManualHybridLinear,0.046112000942230225
pred,786,model.layers.16.self_attn.v_proj,self_attn.v_proj,decode,1,QwenManualHybridLinear,0.043327998369932175
pred,787,model.layers.16.self_attn.o_proj,self_attn.o_proj,decode,1,QwenManualHybridLinear,0.01398400031030178
pred,788,model.layers.16.mlp.gate_proj,mlp.gate_proj,decode,1,QwenHybridDenseNVFP4Linear,0.02252800017595291
pred,789,model.layers.16.mlp.up_proj,mlp.up_proj,decode,1,QwenHybridDenseNVFP4Linear,0.02252800017595291
pred,790,model.layers.16.mlp.down_proj,mlp.down_proj,decode,1,QwenHybridDenseNVFP4Linear,0.023391999304294586
pred,791,model.layers.17.self_attn.q_proj,self_attn.q_proj,decode,1,QwenManualHybridLinear,0.0544000007212162
pred,792,model.layers.17.self_attn.k_proj,self_attn.k_proj,decode,1,QwenManualHybridLinear,0.04569600149989128
pred,793,model.layers.17.self_attn.v_proj,self_attn.v_proj,decode,1,QwenManualHybridLinear,0.04214400053024292
pred,794,model.layers.17.self_attn.o_proj,self_attn.o_proj,decode,1,QwenManualHybridLinear,0.016607999801635742
pred,795,model.layers.17.mlp.gate_proj,mlp.gate_proj,decode,1,QwenHybridDenseNVFP4Linear,0.02252800017595291
pred,796,model.layers.17.mlp.up_proj,mlp.up_proj,decode,1,QwenHybridDenseNVFP4Linear,0.02252800017595291
pred,797,model.layers.17.mlp.down_proj,mlp.down_proj,decode,1,QwenHybridDenseNVFP4Linear,0.02252800017595291
pred,798,model.layers.18.self_attn.q_proj,self_attn.q_proj,decode,1,QwenManualHybridLinear,0.051872000098228455
pred,799,model.layers.18.self_attn.k_proj,self_attn.k_proj,decode,1,QwenManualHybridLinear,0.0453759990632534
pred,800,model.layers.18.self_attn.v_proj,self_attn.v_proj,decode,1,QwenManualHybridLinear,0.04297599941492081
pred,801,model.layers.18.self_attn.o_proj,self_attn.o_proj,decode,1,QwenManualHybridLinear,0.014783999882638454
pred,802,model.layers.18.mlp.gate_proj,mlp.gate_proj,decode,1,QwenHybridDenseNVFP4Linear,0.02252800017595291
pred,803,model.layers.18.mlp.up_proj,mlp.up_proj,decode,1,QwenHybridDenseNVFP4Linear,0.02252800017595291
pred,804,model.layers.18.mlp.down_proj,mlp.down_proj,decode,1,QwenHybridDenseNVFP4Linear,0.02252800017595291
pred,805,model.layers.19.self_attn.q_proj,self_attn.q_proj,decode,1,QwenManualHybridLinear,0.04896000027656555
pred,806,model.layers.19.self_attn.k_proj,self_attn.k_proj,decode,1,QwenManualHybridLinear,0.04416000097990036
pred,807,model.layers.19.self_attn.v_proj,self_attn.v_proj,decode,1,QwenManualHybridLinear,0.04323200136423111
pred,808,model.layers.19.self_attn.o_proj,self_attn.o_proj,decode,1,QwenManualHybridLinear,0.012768000364303589
pred,809,model.layers.19.mlp.gate_proj,mlp.gate_proj,decode,1,QwenHybridDenseNVFP4Linear,0.02252800017595291
pred,810,model.layers.19.mlp.up_proj,mlp.up_proj,decode,1,QwenHybridDenseNVFP4Linear,0.02252800017595291
pred,811,model.layers.19.mlp.down_proj,mlp.down_proj,decode,1,QwenHybridDenseNVFP4Linear,0.02252800017595291
pred,812,model.layers.20.self_attn.q_proj,self_attn.q_proj,decode,1,QwenManualHybridLinear,0.059328000992536545
pred,813,model.layers.20.self_attn.k_proj,self_attn.k_proj,decode,1,QwenManualHybridLinear,0.047968000173568726
pred,814,model.layers.20.self_attn.v_proj,self_attn.v_proj,decode,1,QwenManualHybridLinear,0.04403200000524521
pred,815,model.layers.20.self_attn.o_proj,self_attn.o_proj,decode,1,QwenManualHybridLinear,0.015231999568641186
pred,816,model.layers.20.mlp.gate_proj,mlp.gate_proj,decode,1,QwenHybridDenseNVFP4Linear,0.02252800017595291
pred,817,model.layers.20.mlp.up_proj,mlp.up_proj,decode,1,QwenHybridDenseNVFP4Linear,0.02051199972629547
pred,818,model.layers.20.mlp.down_proj,mlp.down_proj,decode,1,QwenHybridDenseNVFP4Linear,0.02252800017595291
pred,819,model.layers.21.self_attn.q_proj,self_attn.q_proj,decode,1,QwenManualHybridLinear,0.054816000163555145
pred,820,model.layers.21.self_attn.k_proj,self_attn.k_proj,decode,1,QwenManualHybridLinear,0.0461760014295578
pred,821,model.layers.21.self_attn.v_proj,self_attn.v_proj,decode,1,QwenManualHybridLinear,0.043136000633239746
pred,822,model.layers.21.self_attn.o_proj,self_attn.o_proj,decode,1,QwenManualHybridLinear,0.014175999909639359
pred,823,model.layers.21.mlp.gate_proj,mlp.gate_proj,decode,1,QwenHybridDenseNVFP4Linear,0.02252800017595291
pred,824,model.layers.21.mlp.up_proj,mlp.up_proj,decode,1,QwenHybridDenseNVFP4Linear,0.02252800017595291
pred,825,model.layers.21.mlp.down_proj,mlp.down_proj,decode,1,QwenHybridDenseNVFP4Linear,0.02252800017595291
pred,826,model.layers.22.self_attn.q_proj,self_attn.q_proj,decode,1,QwenManualHybridLinear,0.0517439991235733
pred,827,model.layers.22.self_attn.k_proj,self_attn.k_proj,decode,1,QwenManualHybridLinear,0.04444799944758415
pred,828,model.layers.22.self_attn.v_proj,self_attn.v_proj,decode,1,QwenManualHybridLinear,0.04243199899792671
pred,829,model.layers.22.self_attn.o_proj,self_attn.o_proj,decode,1,QwenManualHybridLinear,0.01228800043463707
pred,830,model.layers.22.mlp.gate_proj,mlp.gate_proj,decode,1,QwenHybridDenseNVFP4Linear,0.02252800017595291
pred,831,model.layers.22.mlp.up_proj,mlp.up_proj,decode,1,QwenHybridDenseNVFP4Linear,0.02252800017595291
pred,832,model.layers.22.mlp.down_proj,mlp.down_proj,decode,1,QwenHybridDenseNVFP4Linear,0.023135999217629433
pred,833,model.layers.23.self_attn.q_proj,self_attn.q_proj,decode,1,QwenManualHybridLinear,0.050944000482559204
pred,834,model.layers.23.self_attn.k_proj,self_attn.k_proj,decode,1,QwenManualHybridLinear,0.04572800174355507
pred,835,model.layers.23.self_attn.v_proj,self_attn.v_proj,decode,1,QwenManualHybridLinear,0.042688000947237015
pred,836,model.layers.23.self_attn.o_proj,self_attn.o_proj,decode,1,QwenManualHybridLinear,0.01775999926030636
pred,837,model.layers.23.mlp.gate_proj,mlp.gate_proj,decode,1,QwenHybridDenseNVFP4Linear,0.02252800017595291
pred,838,model.layers.23.mlp.up_proj,mlp.up_proj,decode,1,QwenHybridDenseNVFP4Linear,0.02252800017595291
pred,839,model.layers.23.mlp.down_proj,mlp.down_proj,decode,1,QwenHybridDenseNVFP4Linear,0.02252800017595291
pred,840,model.layers.24.self_attn.q_proj,self_attn.q_proj,decode,1,QwenManualHybridLinear,0.05260799825191498
pred,841,model.layers.24.self_attn.k_proj,self_attn.k_proj,decode,1,QwenManualHybridLinear,0.04662400111556053
pred,842,model.layers.24.self_attn.v_proj,self_attn.v_proj,decode,1,QwenManualHybridLinear,0.04390399903059006
pred,843,model.layers.24.self_attn.o_proj,self_attn.o_proj,decode,1,QwenManualHybridLinear,0.016863999888300896
pred,844,model.layers.24.mlp.gate_proj,mlp.gate_proj,decode,1,QwenHybridDenseNVFP4Linear,0.02252800017595291
pred,845,model.layers.24.mlp.up_proj,mlp.up_proj,decode,1,QwenHybridDenseNVFP4Linear,0.02252800017595291
pred,846,model.layers.24.mlp.down_proj,mlp.down_proj,decode,1,QwenHybridDenseNVFP4Linear,0.022175999358296394
pred,847,model.layers.25.self_attn.q_proj,self_attn.q_proj,decode,1,QwenManualHybridLinear,0.05238400027155876
pred,848,model.layers.25.self_attn.k_proj,self_attn.k_proj,decode,1,QwenManualHybridLinear,0.04560000076889992
pred,849,model.layers.25.self_attn.v_proj,self_attn.v_proj,decode,1,QwenManualHybridLinear,0.042367998510599136
pred,850,model.layers.25.self_attn.o_proj,self_attn.o_proj,decode,1,QwenManualHybridLinear,0.01228800043463707
pred,851,model.layers.25.mlp.gate_proj,mlp.gate_proj,decode,1,QwenHybridDenseNVFP4Linear,0.02252800017595291
pred,852,model.layers.25.mlp.up_proj,mlp.up_proj,decode,1,QwenHybridDenseNVFP4Linear,0.02252800017595291
pred,853,model.layers.25.mlp.down_proj,mlp.down_proj,decode,1,QwenHybridDenseNVFP4Linear,0.02252800017595291
pred,854,model.layers.26.self_attn.q_proj,self_attn.q_proj,decode,1,QwenManualHybridLinear,0.05161599814891815
pred,855,model.layers.26.self_attn.k_proj,self_attn.k_proj,decode,1,QwenManualHybridLinear,0.045951999723911285
pred,856,model.layers.26.self_attn.v_proj,self_attn.v_proj,decode,1,QwenManualHybridLinear,0.04390399903059006
pred,857,model.layers.26.self_attn.o_proj,self_attn.o_proj,decode,1,QwenManualHybridLinear,0.01587199978530407
pred,858,model.layers.26.mlp.gate_proj,mlp.gate_proj,decode,1,QwenHybridDenseNVFP4Linear,0.02252800017595291
pred,859,model.layers.26.mlp.up_proj,mlp.up_proj,decode,1,QwenHybridDenseNVFP4Linear,0.02252800017595291
pred,860,model.layers.26.mlp.down_proj,mlp.down_proj,decode,1,QwenHybridDenseNVFP4Linear,0.02252800017595291
pred,861,model.layers.27.self_attn.q_proj,self_attn.q_proj,decode,1,QwenManualHybridLinear,0.05132799968123436
pred,862,model.layers.27.self_attn.k_proj,self_attn.k_proj,decode,1,QwenManualHybridLinear,0.045632001012563705
pred,863,model.layers.27.self_attn.v_proj,self_attn.v_proj,decode,1,QwenManualHybridLinear,0.043296001851558685
pred,864,model.layers.27.self_attn.o_proj,self_attn.o_proj,decode,1,QwenManualHybridLinear,0.015807999297976494
pred,865,model.layers.27.mlp.gate_proj,mlp.gate_proj,decode,1,QwenHybridDenseNVFP4Linear,0.02252800017595291
pred,866,model.layers.27.mlp.up_proj,mlp.up_proj,decode,1,QwenHybridDenseNVFP4Linear,0.02252800017595291
pred,867,model.layers.27.mlp.down_proj,mlp.down_proj,decode,1,QwenHybridDenseNVFP4Linear,0.02252800017595291
pred,868,model.layers.28.self_attn.q_proj,self_attn.q_proj,decode,1,QwenManualHybridLinear,0.05193600058555603
pred,869,model.layers.28.self_attn.k_proj,self_attn.k_proj,decode,1,QwenManualHybridLinear,0.04665600135922432
pred,870,model.layers.28.self_attn.v_proj,self_attn.v_proj,decode,1,QwenManualHybridLinear,0.0459199994802475
pred,871,model.layers.28.self_attn.o_proj,self_attn.o_proj,decode,1,QwenManualHybridLinear,0.014336000196635723
pred,872,model.layers.28.mlp.gate_proj,mlp.gate_proj,decode,1,QwenHybridDenseNVFP4Linear,0.02252800017595291
pred,873,model.layers.28.mlp.up_proj,mlp.up_proj,decode,1,QwenHybridDenseNVFP4Linear,0.02252800017595291
pred,874,model.layers.28.mlp.down_proj,mlp.down_proj,decode,1,QwenHybridDenseNVFP4Linear,0.02252800017595291
pred,875,model.layers.29.self_attn.q_proj,self_attn.q_proj,decode,1,QwenManualHybridLinear,0.05244800075888634
pred,876,model.layers.29.self_attn.k_proj,self_attn.k_proj,decode,1,QwenManualHybridLinear,0.04729599878191948
pred,877,model.layers.29.self_attn.v_proj,self_attn.v_proj,decode,1,QwenManualHybridLinear,0.043807998299598694
pred,878,model.layers.29.self_attn.o_proj,self_attn.o_proj,decode,1,QwenManualHybridLinear,0.013663999736309052
pred,879,model.layers.29.mlp.gate_proj,mlp.gate_proj,decode,1,QwenHybridDenseNVFP4Linear,0.02252800017595291
pred,880,model.layers.29.mlp.up_proj,mlp.up_proj,decode,1,QwenHybridDenseNVFP4Linear,0.0225600004196167
pred,881,model.layers.29.mlp.down_proj,mlp.down_proj,decode,1,QwenHybridDenseNVFP4Linear,0.02284800074994564
pred,882,model.layers.30.self_attn.q_proj,self_attn.q_proj,decode,1,QwenManualHybridLinear,0.05119999870657921
pred,883,model.layers.30.self_attn.k_proj,self_attn.k_proj,decode,1,QwenManualHybridLinear,0.04492799937725067
pred,884,model.layers.30.self_attn.v_proj,self_attn.v_proj,decode,1,QwenManualHybridLinear,0.04297599941492081
pred,885,model.layers.30.self_attn.o_proj,self_attn.o_proj,decode,1,QwenManualHybridLinear,0.015744000673294067
pred,886,model.layers.30.mlp.gate_proj,mlp.gate_proj,decode,1,QwenHybridDenseNVFP4Linear,0.02252800017595291
pred,887,model.layers.30.mlp.up_proj,mlp.up_proj,decode,1,QwenHybridDenseNVFP4Linear,0.02252800017595291
pred,888,model.layers.30.mlp.down_proj,mlp.down_proj,decode,1,QwenHybridDenseNVFP4Linear,0.02252800017595291
pred,889,model.layers.31.self_attn.q_proj,self_attn.q_proj,decode,1,QwenManualHybridLinear,0.03936000168323517
pred,890,model.layers.31.self_attn.k_proj,self_attn.k_proj,decode,1,QwenManualHybridLinear,0.04668800160288811
pred,891,model.layers.31.self_attn.v_proj,self_attn.v_proj,decode,1,QwenManualHybridLinear,0.044224001467227936
pred,892,model.layers.31.self_attn.o_proj,self_attn.o_proj,decode,1,QwenManualHybridLinear,0.017152000218629837
pred,893,model.layers.31.mlp.gate_proj,mlp.gate_proj,decode,1,QwenHybridDenseNVFP4Linear,0.02252800017595291
pred,894,model.layers.31.mlp.up_proj,mlp.up_proj,decode,1,QwenHybridDenseNVFP4Linear,0.020479999482631683
pred,895,model.layers.31.mlp.down_proj,mlp.down_proj,decode,1,QwenHybridDenseNVFP4Linear,0.02252800017595291
pred,896,model.layers.0.self_attn.q_proj,self_attn.q_proj,decode,1,QwenManualHybridLinear,0.07276800274848938
pred,897,model.layers.0.self_attn.k_proj,self_attn.k_proj,decode,1,QwenManualHybridLinear,0.04896000027656555
pred,898,model.layers.0.self_attn.v_proj,self_attn.v_proj,decode,1,QwenManualHybridLinear,0.04761600121855736
pred,899,model.layers.0.self_attn.o_proj,self_attn.o_proj,decode,1,QwenManualHybridLinear,0.015456000342965126
pred,900,model.layers.0.mlp.gate_proj,mlp.gate_proj,decode,1,QwenHybridDenseNVFP4Linear,0.022495999932289124
pred,901,model.layers.0.mlp.up_proj,mlp.up_proj,decode,1,QwenHybridDenseNVFP4Linear,0.02252800017595291
pred,902,model.layers.0.mlp.down_proj,mlp.down_proj,decode,1,QwenHybridDenseNVFP4Linear,0.02252800017595291
pred,903,model.layers.1.self_attn.q_proj,self_attn.q_proj,decode,1,QwenManualHybridLinear,0.05190400034189224
pred,904,model.layers.1.self_attn.k_proj,self_attn.k_proj,decode,1,QwenManualHybridLinear,0.047775998711586
pred,905,model.layers.1.self_attn.v_proj,self_attn.v_proj,decode,1,QwenManualHybridLinear,0.04851200059056282
pred,906,model.layers.1.self_attn.o_proj,self_attn.o_proj,decode,1,QwenManualHybridLinear,0.014240000396966934
pred,907,model.layers.1.mlp.gate_proj,mlp.gate_proj,decode,1,QwenHybridDenseNVFP4Linear,0.02252800017595291
pred,908,model.layers.1.mlp.up_proj,mlp.up_proj,decode,1,QwenHybridDenseNVFP4Linear,0.022495999932289124
pred,909,model.layers.1.mlp.down_proj,mlp.down_proj,decode,1,QwenHybridDenseNVFP4Linear,0.02252800017595291
pred,910,model.layers.2.self_attn.q_proj,self_attn.q_proj,decode,1,QwenManualHybridLinear,0.05206400156021118
pred,911,model.layers.2.self_attn.k_proj,self_attn.k_proj,decode,1,QwenManualHybridLinear,0.0459199994802475
pred,912,model.layers.2.self_attn.v_proj,self_attn.v_proj,decode,1,QwenManualHybridLinear,0.04499199986457825
pred,913,model.layers.2.self_attn.o_proj,self_attn.o_proj,decode,1,QwenManualHybridLinear,0.013952000066637993
pred,914,model.layers.2.mlp.gate_proj,mlp.gate_proj,decode,1,QwenHybridDenseNVFP4Linear,0.02252800017595291
pred,915,model.layers.2.mlp.up_proj,mlp.up_proj,decode,1,QwenHybridDenseNVFP4Linear,0.02252800017595291
pred,916,model.layers.2.mlp.down_proj,mlp.down_proj,decode,1,QwenHybridDenseNVFP4Linear,0.02252800017595291
pred,917,model.layers.3.self_attn.q_proj,self_attn.q_proj,decode,1,QwenManualHybridLinear,0.05238400027155876
pred,918,model.layers.3.self_attn.k_proj,self_attn.k_proj,decode,1,QwenManualHybridLinear,0.04608000069856644
pred,919,model.layers.3.self_attn.v_proj,self_attn.v_proj,decode,1,QwenManualHybridLinear,0.04476799815893173
pred,920,model.layers.3.self_attn.o_proj,self_attn.o_proj,decode,1,QwenManualHybridLinear,0.015296000055968761
pred,921,model.layers.3.mlp.gate_proj,mlp.gate_proj,decode,1,QwenHybridDenseNVFP4Linear,0.02252800017595291
pred,922,model.layers.3.mlp.up_proj,mlp.up_proj,decode,1,QwenHybridDenseNVFP4Linear,0.02252800017595291
pred,923,model.layers.3.mlp.down_proj,mlp.down_proj,decode,1,QwenHybridDenseNVFP4Linear,0.02252800017595291
pred,924,model.layers.4.self_attn.q_proj,self_attn.q_proj,decode,1,QwenManualHybridLinear,0.04940799996256828
pred,925,model.layers.4.self_attn.k_proj,self_attn.k_proj,decode,1,QwenManualHybridLinear,0.04399999976158142
pred,926,model.layers.4.self_attn.v_proj,self_attn.v_proj,decode,1,QwenManualHybridLinear,0.04464000090956688
pred,927,model.layers.4.self_attn.o_proj,self_attn.o_proj,decode,1,QwenManualHybridLinear,0.015552000142633915
pred,928,model.layers.4.mlp.gate_proj,mlp.gate_proj,decode,1,QwenHybridDenseNVFP4Linear,0.02252800017595291
pred,929,model.layers.4.mlp.up_proj,mlp.up_proj,decode,1,QwenHybridDenseNVFP4Linear,0.020479999482631683
pred,930,model.layers.4.mlp.down_proj,mlp.down_proj,decode,1,QwenHybridDenseNVFP4Linear,0.020479999482631683
pred,931,model.layers.5.self_attn.q_proj,self_attn.q_proj,decode,1,QwenManualHybridLinear,0.05008000135421753
pred,932,model.layers.5.self_attn.k_proj,self_attn.k_proj,decode,1,QwenManualHybridLinear,0.04553600028157234
pred,933,model.layers.5.self_attn.v_proj,self_attn.v_proj,decode,1,QwenManualHybridLinear,0.045951999723911285
pred,934,model.layers.5.self_attn.o_proj,self_attn.o_proj,decode,1,QwenManualHybridLinear,0.015359999611973763
pred,935,model.layers.5.mlp.gate_proj,mlp.gate_proj,decode,1,QwenHybridDenseNVFP4Linear,0.02252800017595291
pred,936,model.layers.5.mlp.up_proj,mlp.up_proj,decode,1,QwenHybridDenseNVFP4Linear,0.02252800017595291
pred,937,model.layers.5.mlp.down_proj,mlp.down_proj,decode,1,QwenHybridDenseNVFP4Linear,0.02252800017595291
pred,938,model.layers.6.self_attn.q_proj,self_attn.q_proj,decode,1,QwenManualHybridLinear,0.05084799975156784
pred,939,model.layers.6.self_attn.k_proj,self_attn.k_proj,decode,1,QwenManualHybridLinear,0.04543999955058098
pred,940,model.layers.6.self_attn.v_proj,self_attn.v_proj,decode,1,QwenManualHybridLinear,0.043807998299598694
pred,941,model.layers.6.self_attn.o_proj,self_attn.o_proj,decode,1,QwenManualHybridLinear,0.017055999487638474
pred,942,model.layers.6.mlp.gate_proj,mlp.gate_proj,decode,1,QwenHybridDenseNVFP4Linear,0.02252800017595291
pred,943,model.layers.6.mlp.up_proj,mlp.up_proj,decode,1,QwenHybridDenseNVFP4Linear,0.02252800017595291
pred,944,model.layers.6.mlp.down_proj,mlp.down_proj,decode,1,QwenHybridDenseNVFP4Linear,0.02252800017595291
pred,945,model.layers.7.self_attn.q_proj,self_attn.q_proj,decode,1,QwenManualHybridLinear,0.053568001836538315
pred,946,model.layers.7.self_attn.k_proj,self_attn.k_proj,decode,1,QwenManualHybridLinear,0.04678399860858917
pred,947,model.layers.7.self_attn.v_proj,self_attn.v_proj,decode,1,QwenManualHybridLinear,0.04438399896025658
pred,948,model.layers.7.self_attn.o_proj,self_attn.o_proj,decode,1,QwenManualHybridLinear,0.013248000293970108
pred,949,model.layers.7.mlp.gate_proj,mlp.gate_proj,decode,1,QwenHybridDenseNVFP4Linear,0.02252800017595291
pred,950,model.layers.7.mlp.up_proj,mlp.up_proj,decode,1,QwenHybridDenseNVFP4Linear,0.02252800017595291
pred,951,model.layers.7.mlp.down_proj,mlp.down_proj,decode,1,QwenHybridDenseNVFP4Linear,0.04608000069856644
pred,952,model.layers.8.self_attn.q_proj,self_attn.q_proj,decode,1,QwenManualHybridLinear,0.05315199866890907
pred,953,model.layers.8.self_attn.k_proj,self_attn.k_proj,decode,1,QwenManualHybridLinear,0.04646399989724159
pred,954,model.layers.8.self_attn.v_proj,self_attn.v_proj,decode,1,QwenManualHybridLinear,0.04368000105023384
pred,955,model.layers.8.self_attn.o_proj,self_attn.o_proj,decode,1,QwenManualHybridLinear,0.014783999882638454
pred,956,model.layers.8.mlp.gate_proj,mlp.gate_proj,decode,1,QwenHybridDenseNVFP4Linear,0.02252800017595291
pred,957,model.layers.8.mlp.up_proj,mlp.up_proj,decode,1,QwenHybridDenseNVFP4Linear,0.02252800017595291
pred,958,model.layers.8.mlp.down_proj,mlp.down_proj,decode,1,QwenHybridDenseNVFP4Linear,0.022431999444961548
pred,959,model.layers.9.self_attn.q_proj,self_attn.q_proj,decode,1,QwenManualHybridLinear,0.05180799961090088
pred,960,model.layers.9.self_attn.k_proj,self_attn.k_proj,decode,1,QwenManualHybridLinear,0.04665600135922432
pred,961,model.layers.9.self_attn.v_proj,self_attn.v_proj,decode,1,QwenManualHybridLinear,0.04396799951791763
pred,962,model.layers.9.self_attn.o_proj,self_attn.o_proj,decode,1,QwenManualHybridLinear,0.014399999752640724
pred,963,model.layers.9.mlp.gate_proj,mlp.gate_proj,decode,1,QwenHybridDenseNVFP4Linear,0.02252800017595291
pred,964,model.layers.9.mlp.up_proj,mlp.up_proj,decode,1,QwenHybridDenseNVFP4Linear,0.02252800017595291
pred,965,model.layers.9.mlp.down_proj,mlp.down_proj,decode,1,QwenHybridDenseNVFP4Linear,0.02252800017595291
pred,966,model.layers.10.self_attn.q_proj,self_attn.q_proj,decode,1,QwenManualHybridLinear,0.05142400041222572
pred,967,model.layers.10.self_attn.k_proj,self_attn.k_proj,decode,1,QwenManualHybridLinear,0.044863998889923096
pred,968,model.layers.10.self_attn.v_proj,self_attn.v_proj,decode,1,QwenManualHybridLinear,0.04310400038957596
pred,969,model.layers.10.self_attn.o_proj,self_attn.o_proj,decode,1,QwenManualHybridLinear,0.014976000413298607
pred,970,model.layers.10.mlp.gate_proj,mlp.gate_proj,decode,1,QwenHybridDenseNVFP4Linear,0.02252800017595291
pred,971,model.layers.10.mlp.up_proj,mlp.up_proj,decode,1,QwenHybridDenseNVFP4Linear,0.020479999482631683
pred,972,model.layers.10.mlp.down_proj,mlp.down_proj,decode,1,QwenHybridDenseNVFP4Linear,0.02252800017595291
pred,973,model.layers.11.self_attn.q_proj,self_attn.q_proj,decode,1,QwenManualHybridLinear,0.05119999870657921
pred,974,model.layers.11.self_attn.k_proj,self_attn.k_proj,decode,1,QwenManualHybridLinear,0.04499199986457825
pred,975,model.layers.11.self_attn.v_proj,self_attn.v_proj,decode,1,QwenManualHybridLinear,0.043136000633239746
pred,976,model.layers.11.self_attn.o_proj,self_attn.o_proj,decode,1,QwenManualHybridLinear,0.01568000018596649
pred,977,model.layers.11.mlp.gate_proj,mlp.gate_proj,decode,1,QwenHybridDenseNVFP4Linear,0.02252800017595291
pred,978,model.layers.11.mlp.up_proj,mlp.up_proj,decode,1,QwenHybridDenseNVFP4Linear,0.02252800017595291
pred,979,model.layers.11.mlp.down_proj,mlp.down_proj,decode,1,QwenHybridDenseNVFP4Linear,0.02252800017595291
pred,980,model.layers.12.self_attn.q_proj,self_attn.q_proj,decode,1,QwenManualHybridLinear,0.05193600058555603
pred,981,model.layers.12.self_attn.k_proj,self_attn.k_proj,decode,1,QwenManualHybridLinear,0.05071999877691269
pred,982,model.layers.12.self_attn.v_proj,self_attn.v_proj,decode,1,QwenManualHybridLinear,0.04681599885225296
pred,983,model.layers.12.self_attn.o_proj,self_attn.o_proj,decode,1,QwenManualHybridLinear,0.014655999839305878
pred,984,model.layers.12.mlp.gate_proj,mlp.gate_proj,decode,1,QwenHybridDenseNVFP4Linear,0.02252800017595291
pred,985,model.layers.12.mlp.up_proj,mlp.up_proj,decode,1,QwenHybridDenseNVFP4Linear,0.02252800017595291
pred,986,model.layers.12.mlp.down_proj,mlp.down_proj,decode,1,QwenHybridDenseNVFP4Linear,0.02252800017595291
pred,987,model.layers.13.self_attn.q_proj,self_attn.q_proj,decode,1,QwenManualHybridLinear,0.04886399954557419
pred,988,model.layers.13.self_attn.k_proj,self_attn.k_proj,decode,1,QwenManualHybridLinear,0.04505600035190582
pred,989,model.layers.13.self_attn.v_proj,self_attn.v_proj,decode,1,QwenManualHybridLinear,0.045632001012563705
pred,990,model.layers.13.self_attn.o_proj,self_attn.o_proj,decode,1,QwenManualHybridLinear,0.015104000456631184
pred,991,model.layers.13.mlp.gate_proj,mlp.gate_proj,decode,1,QwenHybridDenseNVFP4Linear,0.02252800017595291
pred,992,model.layers.13.mlp.up_proj,mlp.up_proj,decode,1,QwenHybridDenseNVFP4Linear,0.02252800017595291
pred,993,model.layers.13.mlp.down_proj,mlp.down_proj,decode,1,QwenHybridDenseNVFP4Linear,0.020479999482631683
pred,994,model.layers.14.self_attn.q_proj,self_attn.q_proj,decode,1,QwenManualHybridLinear,0.04886399954557419
pred,995,model.layers.14.self_attn.k_proj,self_attn.k_proj,decode,1,QwenManualHybridLinear,0.04371200129389763
pred,996,model.layers.14.self_attn.v_proj,self_attn.v_proj,decode,1,QwenManualHybridLinear,0.04524800181388855
pred,997,model.layers.14.self_attn.o_proj,self_attn.o_proj,decode,1,QwenManualHybridLinear,0.015519999898970127
pred,998,model.layers.14.mlp.gate_proj,mlp.gate_proj,decode,1,QwenHybridDenseNVFP4Linear,0.02252800017595291
pred,999,model.layers.14.mlp.up_proj,mlp.up_proj,decode,1,QwenHybridDenseNVFP4Linear,0.02252800017595291
pred,1000,model.layers.14.mlp.down_proj,mlp.down_proj,decode,1,QwenHybridDenseNVFP4Linear,0.02252800017595291
pred,1001,model.layers.15.self_attn.q_proj,self_attn.q_proj,decode,1,QwenManualHybridLinear,0.052799999713897705
pred,1002,model.layers.15.self_attn.k_proj,self_attn.k_proj,decode,1,QwenManualHybridLinear,0.047359999269247055
pred,1003,model.layers.15.self_attn.v_proj,self_attn.v_proj,decode,1,QwenManualHybridLinear,0.045024000108242035
pred,1004,model.layers.15.self_attn.o_proj,self_attn.o_proj,decode,1,QwenManualHybridLinear,0.015904000028967857
pred,1005,model.layers.15.mlp.gate_proj,mlp.gate_proj,decode,1,QwenHybridDenseNVFP4Linear,0.020479999482631683
pred,1006,model.layers.15.mlp.up_proj,mlp.up_proj,decode,1,QwenHybridDenseNVFP4Linear,0.020479999482631683
pred,1007,model.layers.15.mlp.down_proj,mlp.down_proj,decode,1,QwenHybridDenseNVFP4Linear,0.02252800017595291
pred,1008,model.layers.16.self_attn.q_proj,self_attn.q_proj,decode,1,QwenManualHybridLinear,0.051552001386880875
pred,1009,model.layers.16.self_attn.k_proj,self_attn.k_proj,decode,1,QwenManualHybridLinear,0.04732799902558327
pred,1010,model.layers.16.self_attn.v_proj,self_attn.v_proj,decode,1,QwenManualHybridLinear,0.044895999133586884
pred,1011,model.layers.16.self_attn.o_proj,self_attn.o_proj,decode,1,QwenManualHybridLinear,0.015807999297976494
pred,1012,model.layers.16.mlp.gate_proj,mlp.gate_proj,decode,1,QwenHybridDenseNVFP4Linear,0.02252800017595291
pred,1013,model.layers.16.mlp.up_proj,mlp.up_proj,decode,1,QwenHybridDenseNVFP4Linear,0.02252800017595291
pred,1014,model.layers.16.mlp.down_proj,mlp.down_proj,decode,1,QwenHybridDenseNVFP4Linear,0.02252800017595291
pred,1015,model.layers.17.self_attn.q_proj,self_attn.q_proj,decode,1,QwenManualHybridLinear,0.03788800165057182
pred,1016,model.layers.17.self_attn.k_proj,self_attn.k_proj,decode,1,QwenManualHybridLinear,0.04438399896025658
pred,1017,model.layers.17.self_attn.v_proj,self_attn.v_proj,decode,1,QwenManualHybridLinear,0.045152001082897186
pred,1018,model.layers.17.self_attn.o_proj,self_attn.o_proj,decode,1,QwenManualHybridLinear,0.014944000169634819
pred,1019,model.layers.17.mlp.gate_proj,mlp.gate_proj,decode,1,QwenHybridDenseNVFP4Linear,0.02252800017595291
pred,1020,model.layers.17.mlp.up_proj,mlp.up_proj,decode,1,QwenHybridDenseNVFP4Linear,0.02252800017595291
pred,1021,model.layers.17.mlp.down_proj,mlp.down_proj,decode,1,QwenHybridDenseNVFP4Linear,0.02252800017595291
pred,1022,model.layers.18.self_attn.q_proj,self_attn.q_proj,decode,1,QwenManualHybridLinear,0.05270399898290634
pred,1023,model.layers.18.self_attn.k_proj,self_attn.k_proj,decode,1,QwenManualHybridLinear,0.047231998294591904
pred,1024,model.layers.18.self_attn.v_proj,self_attn.v_proj,decode,1,QwenManualHybridLinear,0.045951999723911285
pred,1025,model.layers.18.self_attn.o_proj,self_attn.o_proj,decode,1,QwenManualHybridLinear,0.017503999173641205
pred,1026,model.layers.18.mlp.gate_proj,mlp.gate_proj,decode,1,QwenHybridDenseNVFP4Linear,0.02252800017595291
pred,1027,model.layers.18.mlp.up_proj,mlp.up_proj,decode,1,QwenHybridDenseNVFP4Linear,0.020479999482631683
pred,1028,model.layers.18.mlp.down_proj,mlp.down_proj,decode,1,QwenHybridDenseNVFP4Linear,0.021344000473618507
pred,1029,model.layers.19.self_attn.q_proj,self_attn.q_proj,decode,1,QwenManualHybridLinear,0.05411199852824211
pred,1030,model.layers.19.self_attn.k_proj,self_attn.k_proj,decode,1,QwenManualHybridLinear,0.04681599885225296
pred,1031,model.layers.19.self_attn.v_proj,self_attn.v_proj,decode,1,QwenManualHybridLinear,0.043168000876903534
pred,1032,model.layers.19.self_attn.o_proj,self_attn.o_proj,decode,1,QwenManualHybridLinear,0.01228800043463707
pred,1033,model.layers.19.mlp.gate_proj,mlp.gate_proj,decode,1,QwenHybridDenseNVFP4Linear,0.02252800017595291
pred,1034,model.layers.19.mlp.up_proj,mlp.up_proj,decode,1,QwenHybridDenseNVFP4Linear,0.022495999932289124
pred,1035,model.layers.19.mlp.down_proj,mlp.down_proj,decode,1,QwenHybridDenseNVFP4Linear,0.02252800017595291
pred,1036,model.layers.20.self_attn.q_proj,self_attn.q_proj,decode,1,QwenManualHybridLinear,0.05158400163054466
pred,1037,model.layers.20.self_attn.k_proj,self_attn.k_proj,decode,1,QwenManualHybridLinear,0.044544000178575516
pred,1038,model.layers.20.self_attn.v_proj,self_attn.v_proj,decode,1,QwenManualHybridLinear,0.04447999969124794
pred,1039,model.layers.20.self_attn.o_proj,self_attn.o_proj,decode,1,QwenManualHybridLinear,0.014047999866306782
pred,1040,model.layers.20.mlp.gate_proj,mlp.gate_proj,decode,1,QwenHybridDenseNVFP4Linear,0.02252800017595291
pred,1041,model.layers.20.mlp.up_proj,mlp.up_proj,decode,1,QwenHybridDenseNVFP4Linear,0.020479999482631683
pred,1042,model.layers.20.mlp.down_proj,mlp.down_proj,decode,1,QwenHybridDenseNVFP4Linear,0.02252800017595291
pred,1043,model.layers.21.self_attn.q_proj,self_attn.q_proj,decode,1,QwenManualHybridLinear,0.054048001766204834
pred,1044,model.layers.21.self_attn.k_proj,self_attn.k_proj,decode,1,QwenManualHybridLinear,0.04809600114822388
pred,1045,model.layers.21.self_attn.v_proj,self_attn.v_proj,decode,1,QwenManualHybridLinear,0.04473600164055824
pred,1046,model.layers.21.self_attn.o_proj,self_attn.o_proj,decode,1,QwenManualHybridLinear,0.01571200042963028
pred,1047,model.layers.21.mlp.gate_proj,mlp.gate_proj,decode,1,QwenHybridDenseNVFP4Linear,0.02252800017595291
pred,1048,model.layers.21.mlp.up_proj,mlp.up_proj,decode,1,QwenHybridDenseNVFP4Linear,0.02252800017595291
pred,1049,model.layers.21.mlp.down_proj,mlp.down_proj,decode,1,QwenHybridDenseNVFP4Linear,0.02252800017595291
pred,1050,model.layers.22.self_attn.q_proj,self_attn.q_proj,decode,1,QwenManualHybridLinear,0.05193600058555603
pred,1051,model.layers.22.self_attn.k_proj,self_attn.k_proj,decode,1,QwenManualHybridLinear,0.046911999583244324
pred,1052,model.layers.22.self_attn.v_proj,self_attn.v_proj,decode,1,QwenManualHybridLinear,0.043487999588251114
pred,1053,model.layers.22.self_attn.o_proj,self_attn.o_proj,decode,1,QwenManualHybridLinear,0.01679999940097332
pred,1054,model.layers.22.mlp.gate_proj,mlp.gate_proj,decode,1,QwenHybridDenseNVFP4Linear,0.020479999482631683
pred,1055,model.layers.22.mlp.up_proj,mlp.up_proj,decode,1,QwenHybridDenseNVFP4Linear,0.02252800017595291
pred,1056,model.layers.22.mlp.down_proj,mlp.down_proj,decode,1,QwenHybridDenseNVFP4Linear,0.02252800017595291
pred,1057,model.layers.23.self_attn.q_proj,self_attn.q_proj,decode,1,QwenManualHybridLinear,0.05113599821925163
pred,1058,model.layers.23.self_attn.k_proj,self_attn.k_proj,decode,1,QwenManualHybridLinear,0.04508800059556961
pred,1059,model.layers.23.self_attn.v_proj,self_attn.v_proj,decode,1,QwenManualHybridLinear,0.04358400031924248
pred,1060,model.layers.23.self_attn.o_proj,self_attn.o_proj,decode,1,QwenManualHybridLinear,0.015519999898970127
pred,1061,model.layers.23.mlp.gate_proj,mlp.gate_proj,decode,1,QwenHybridDenseNVFP4Linear,0.02252800017595291
pred,1062,model.layers.23.mlp.up_proj,mlp.up_proj,decode,1,QwenHybridDenseNVFP4Linear,0.020479999482631683
pred,1063,model.layers.23.mlp.down_proj,mlp.down_proj,decode,1,QwenHybridDenseNVFP4Linear,0.02252800017595291
pred,1064,model.layers.24.self_attn.q_proj,self_attn.q_proj,decode,1,QwenManualHybridLinear,0.05183999985456467
pred,1065,model.layers.24.self_attn.k_proj,self_attn.k_proj,decode,1,QwenManualHybridLinear,0.04505600035190582
pred,1066,model.layers.24.self_attn.v_proj,self_attn.v_proj,decode,1,QwenManualHybridLinear,0.043296001851558685
pred,1067,model.layers.24.self_attn.o_proj,self_attn.o_proj,decode,1,QwenManualHybridLinear,0.014783999882638454
pred,1068,model.layers.24.mlp.gate_proj,mlp.gate_proj,decode,1,QwenHybridDenseNVFP4Linear,0.02252800017595291
pred,1069,model.layers.24.mlp.up_proj,mlp.up_proj,decode,1,QwenHybridDenseNVFP4Linear,0.02252800017595291
pred,1070,model.layers.24.mlp.down_proj,mlp.down_proj,decode,1,QwenHybridDenseNVFP4Linear,0.02252800017595291
pred,1071,model.layers.25.self_attn.q_proj,self_attn.q_proj,decode,1,QwenManualHybridLinear,0.05318399891257286
pred,1072,model.layers.25.self_attn.k_proj,self_attn.k_proj,decode,1,QwenManualHybridLinear,0.04681599885225296
pred,1073,model.layers.25.self_attn.v_proj,self_attn.v_proj,decode,1,QwenManualHybridLinear,0.04713600128889084
pred,1074,model.layers.25.self_attn.o_proj,self_attn.o_proj,decode,1,QwenManualHybridLinear,0.01228800043463707
pred,1075,model.layers.25.mlp.gate_proj,mlp.gate_proj,decode,1,QwenHybridDenseNVFP4Linear,0.02252800017595291
pred,1076,model.layers.25.mlp.up_proj,mlp.up_proj,decode,1,QwenHybridDenseNVFP4Linear,0.022495999932289124
pred,1077,model.layers.25.mlp.down_proj,mlp.down_proj,decode,1,QwenHybridDenseNVFP4Linear,0.02252800017595291
pred,1078,model.layers.26.self_attn.q_proj,self_attn.q_proj,decode,1,QwenManualHybridLinear,0.05305600166320801
pred,1079,model.layers.26.self_attn.k_proj,self_attn.k_proj,decode,1,QwenManualHybridLinear,0.046431999653577805
pred,1080,model.layers.26.self_attn.v_proj,self_attn.v_proj,decode,1,QwenManualHybridLinear,0.04310400038957596
pred,1081,model.layers.26.self_attn.o_proj,self_attn.o_proj,decode,1,QwenManualHybridLinear,0.015104000456631184
pred,1082,model.layers.26.mlp.gate_proj,mlp.gate_proj,decode,1,QwenHybridDenseNVFP4Linear,0.02252800017595291
pred,1083,model.layers.26.mlp.up_proj,mlp.up_proj,decode,1,QwenHybridDenseNVFP4Linear,0.02252800017595291
pred,1084,model.layers.26.mlp.down_proj,mlp.down_proj,decode,1,QwenHybridDenseNVFP4Linear,0.02252800017595291
pred,1085,model.layers.27.self_attn.q_proj,self_attn.q_proj,decode,1,QwenManualHybridLinear,0.051552001386880875
pred,1086,model.layers.27.self_attn.k_proj,self_attn.k_proj,decode,1,QwenManualHybridLinear,0.04543999955058098
pred,1087,model.layers.27.self_attn.v_proj,self_attn.v_proj,decode,1,QwenManualHybridLinear,0.04224000126123428
pred,1088,model.layers.27.self_attn.o_proj,self_attn.o_proj,decode,1,QwenManualHybridLinear,0.014879999682307243
pred,1089,model.layers.27.mlp.gate_proj,mlp.gate_proj,decode,1,QwenHybridDenseNVFP4Linear,0.02252800017595291
pred,1090,model.layers.27.mlp.up_proj,mlp.up_proj,decode,1,QwenHybridDenseNVFP4Linear,0.02252800017595291
pred,1091,model.layers.27.mlp.down_proj,mlp.down_proj,decode,1,QwenHybridDenseNVFP4Linear,0.02252800017595291
pred,1092,model.layers.28.self_attn.q_proj,self_attn.q_proj,decode,1,QwenManualHybridLinear,0.053408000618219376
pred,1093,model.layers.28.self_attn.k_proj,self_attn.k_proj,decode,1,QwenManualHybridLinear,0.04524800181388855
pred,1094,model.layers.28.self_attn.v_proj,self_attn.v_proj,decode,1,QwenManualHybridLinear,0.04342399910092354
pred,1095,model.layers.28.self_attn.o_proj,self_attn.o_proj,decode,1,QwenManualHybridLinear,0.01484800036996603
pred,1096,model.layers.28.mlp.gate_proj,mlp.gate_proj,decode,1,QwenHybridDenseNVFP4Linear,0.020479999482631683
pred,1097,model.layers.28.mlp.up_proj,mlp.up_proj,decode,1,QwenHybridDenseNVFP4Linear,0.02252800017595291
pred,1098,model.layers.28.mlp.down_proj,mlp.down_proj,decode,1,QwenHybridDenseNVFP4Linear,0.021983999758958817
pred,1099,model.layers.29.self_attn.q_proj,self_attn.q_proj,decode,1,QwenManualHybridLinear,0.05190400034189224
pred,1100,model.layers.29.self_attn.k_proj,self_attn.k_proj,decode,1,QwenManualHybridLinear,0.0469760000705719
pred,1101,model.layers.29.self_attn.v_proj,self_attn.v_proj,decode,1,QwenManualHybridLinear,0.04297599941492081
pred,1102,model.layers.29.self_attn.o_proj,self_attn.o_proj,decode,1,QwenManualHybridLinear,0.015200000256299973
pred,1103,model.layers.29.mlp.gate_proj,mlp.gate_proj,decode,1,QwenHybridDenseNVFP4Linear,0.02252800017595291
pred,1104,model.layers.29.mlp.up_proj,mlp.up_proj,decode,1,QwenHybridDenseNVFP4Linear,0.020479999482631683
pred,1105,model.layers.29.mlp.down_proj,mlp.down_proj,decode,1,QwenHybridDenseNVFP4Linear,0.02252800017595291
pred,1106,model.layers.30.self_attn.q_proj,self_attn.q_proj,decode,1,QwenManualHybridLinear,0.04243199899792671
pred,1107,model.layers.30.self_attn.k_proj,self_attn.k_proj,decode,1,QwenManualHybridLinear,0.044064000248909
pred,1108,model.layers.30.self_attn.v_proj,self_attn.v_proj,decode,1,QwenManualHybridLinear,0.04451199993491173
pred,1109,model.layers.30.self_attn.o_proj,self_attn.o_proj,decode,1,QwenManualHybridLinear,0.014911999925971031
pred,1110,model.layers.30.mlp.gate_proj,mlp.gate_proj,decode,1,QwenHybridDenseNVFP4Linear,0.02252800017595291
pred,1111,model.layers.30.mlp.up_proj,mlp.up_proj,decode,1,QwenHybridDenseNVFP4Linear,0.020479999482631683
pred,1112,model.layers.30.mlp.down_proj,mlp.down_proj,decode,1,QwenHybridDenseNVFP4Linear,0.02252800017595291
pred,1113,model.layers.31.self_attn.q_proj,self_attn.q_proj,decode,1,QwenManualHybridLinear,0.05299200117588043
pred,1114,model.layers.31.self_attn.k_proj,self_attn.k_proj,decode,1,QwenManualHybridLinear,0.0459199994802475
pred,1115,model.layers.31.self_attn.v_proj,self_attn.v_proj,decode,1,QwenManualHybridLinear,0.04371200129389763
pred,1116,model.layers.31.self_attn.o_proj,self_attn.o_proj,decode,1,QwenManualHybridLinear,0.01369599997997284
pred,1117,model.layers.31.mlp.gate_proj,mlp.gate_proj,decode,1,QwenHybridDenseNVFP4Linear,0.022495999932289124
pred,1118,model.layers.31.mlp.up_proj,mlp.up_proj,decode,1,QwenHybridDenseNVFP4Linear,0.02252800017595291
pred,1119,model.layers.31.mlp.down_proj,mlp.down_proj,decode,1,QwenHybridDenseNVFP4Linear,0.022975999861955643
pred,1120,model.layers.0.self_attn.q_proj,self_attn.q_proj,decode,1,QwenManualHybridLinear,0.07135999947786331
pred,1121,model.layers.0.self_attn.k_proj,self_attn.k_proj,decode,1,QwenManualHybridLinear,0.049247998744249344
pred,1122,model.layers.0.self_attn.v_proj,self_attn.v_proj,decode,1,QwenManualHybridLinear,0.04447999969124794
pred,1123,model.layers.0.self_attn.o_proj,self_attn.o_proj,decode,1,QwenManualHybridLinear,0.01548799965530634
pred,1124,model.layers.0.mlp.gate_proj,mlp.gate_proj,decode,1,QwenHybridDenseNVFP4Linear,0.02252800017595291
pred,1125,model.layers.0.mlp.up_proj,mlp.up_proj,decode,1,QwenHybridDenseNVFP4Linear,0.020479999482631683
pred,1126,model.layers.0.mlp.down_proj,mlp.down_proj,decode,1,QwenHybridDenseNVFP4Linear,0.02252800017595291
pred,1127,model.layers.1.self_attn.q_proj,self_attn.q_proj,decode,1,QwenManualHybridLinear,0.05241600051522255
pred,1128,model.layers.1.self_attn.k_proj,self_attn.k_proj,decode,1,QwenManualHybridLinear,0.045152001082897186
pred,1129,model.layers.1.self_attn.v_proj,self_attn.v_proj,decode,1,QwenManualHybridLinear,0.04444799944758415
pred,1130,model.layers.1.self_attn.o_proj,self_attn.o_proj,decode,1,QwenManualHybridLinear,0.016383999958634377
pred,1131,model.layers.1.mlp.gate_proj,mlp.gate_proj,decode,1,QwenHybridDenseNVFP4Linear,0.02252800017595291
pred,1132,model.layers.1.mlp.up_proj,mlp.up_proj,decode,1,QwenHybridDenseNVFP4Linear,0.022143999114632607
pred,1133,model.layers.1.mlp.down_proj,mlp.down_proj,decode,1,QwenHybridDenseNVFP4Linear,0.02252800017595291
pred,1134,model.layers.2.self_attn.q_proj,self_attn.q_proj,decode,1,QwenManualHybridLinear,0.052352000027894974
pred,1135,model.layers.2.self_attn.k_proj,self_attn.k_proj,decode,1,QwenManualHybridLinear,0.04598399996757507
pred,1136,model.layers.2.self_attn.v_proj,self_attn.v_proj,decode,1,QwenManualHybridLinear,0.04623999819159508
pred,1137,model.layers.2.self_attn.o_proj,self_attn.o_proj,decode,1,QwenManualHybridLinear,0.01228800043463707
pred,1138,model.layers.2.mlp.gate_proj,mlp.gate_proj,decode,1,QwenHybridDenseNVFP4Linear,0.02252800017595291
pred,1139,model.layers.2.mlp.up_proj,mlp.up_proj,decode,1,QwenHybridDenseNVFP4Linear,0.02252800017595291
pred,1140,model.layers.2.mlp.down_proj,mlp.down_proj,decode,1,QwenHybridDenseNVFP4Linear,0.02252800017595291
pred,1141,model.layers.3.self_attn.q_proj,self_attn.q_proj,decode,1,QwenManualHybridLinear,0.04870399832725525
pred,1142,model.layers.3.self_attn.k_proj,self_attn.k_proj,decode,1,QwenManualHybridLinear,0.04396799951791763
pred,1143,model.layers.3.self_attn.v_proj,self_attn.v_proj,decode,1,QwenManualHybridLinear,0.04652800038456917
pred,1144,model.layers.3.self_attn.o_proj,self_attn.o_proj,decode,1,QwenManualHybridLinear,0.01321600005030632
pred,1145,model.layers.3.mlp.gate_proj,mlp.gate_proj,decode,1,QwenHybridDenseNVFP4Linear,0.022495999932289124
pred,1146,model.layers.3.mlp.up_proj,mlp.up_proj,decode,1,QwenHybridDenseNVFP4Linear,0.020479999482631683
pred,1147,model.layers.3.mlp.down_proj,mlp.down_proj,decode,1,QwenHybridDenseNVFP4Linear,0.02252800017595291
pred,1148,model.layers.4.self_attn.q_proj,self_attn.q_proj,decode,1,QwenManualHybridLinear,0.04899200052022934
pred,1149,model.layers.4.self_attn.k_proj,self_attn.k_proj,decode,1,QwenManualHybridLinear,0.044544000178575516
pred,1150,model.layers.4.self_attn.v_proj,self_attn.v_proj,decode,1,QwenManualHybridLinear,0.04320000112056732
pred,1151,model.layers.4.self_attn.o_proj,self_attn.o_proj,decode,1,QwenManualHybridLinear,0.01228800043463707
pred,1152,model.layers.4.mlp.gate_proj,mlp.gate_proj,decode,1,QwenHybridDenseNVFP4Linear,0.02252800017595291
pred,1153,model.layers.4.mlp.up_proj,mlp.up_proj,decode,1,QwenHybridDenseNVFP4Linear,0.020479999482631683
pred,1154,model.layers.4.mlp.down_proj,mlp.down_proj,decode,1,QwenHybridDenseNVFP4Linear,0.02252800017595291
pred,1155,model.layers.5.self_attn.q_proj,self_attn.q_proj,decode,1,QwenManualHybridLinear,0.05289600044488907
pred,1156,model.layers.5.self_attn.k_proj,self_attn.k_proj,decode,1,QwenManualHybridLinear,0.04620800167322159
pred,1157,model.layers.5.self_attn.v_proj,self_attn.v_proj,decode,1,QwenManualHybridLinear,0.045471999794244766
pred,1158,model.layers.5.self_attn.o_proj,self_attn.o_proj,decode,1,QwenManualHybridLinear,0.014655999839305878
pred,1159,model.layers.5.mlp.gate_proj,mlp.gate_proj,decode,1,QwenHybridDenseNVFP4Linear,0.02252800017595291
pred,1160,model.layers.5.mlp.up_proj,mlp.up_proj,decode,1,QwenHybridDenseNVFP4Linear,0.020479999482631683
pred,1161,model.layers.5.mlp.down_proj,mlp.down_proj,decode,1,QwenHybridDenseNVFP4Linear,0.02252800017595291
pred,1162,model.layers.6.self_attn.q_proj,self_attn.q_proj,decode,1,QwenManualHybridLinear,0.049247998744249344
pred,1163,model.layers.6.self_attn.k_proj,self_attn.k_proj,decode,1,QwenManualHybridLinear,0.04588799923658371
pred,1164,model.layers.6.self_attn.v_proj,self_attn.v_proj,decode,1,QwenManualHybridLinear,0.04438399896025658
pred,1165,model.layers.6.self_attn.o_proj,self_attn.o_proj,decode,1,QwenManualHybridLinear,0.015263999812304974
pred,1166,model.layers.6.mlp.gate_proj,mlp.gate_proj,decode,1,QwenHybridDenseNVFP4Linear,0.02252800017595291
pred,1167,model.layers.6.mlp.up_proj,mlp.up_proj,decode,1,QwenHybridDenseNVFP4Linear,0.023072000592947006
pred,1168,model.layers.6.mlp.down_proj,mlp.down_proj,decode,1,QwenHybridDenseNVFP4Linear,0.02252800017595291
pred,1169,model.layers.7.self_attn.q_proj,self_attn.q_proj,decode,1,QwenManualHybridLinear,0.05023999884724617
pred,1170,model.layers.7.self_attn.k_proj,self_attn.k_proj,decode,1,QwenManualHybridLinear,0.04633599892258644
pred,1171,model.layers.7.self_attn.v_proj,self_attn.v_proj,decode,1,QwenManualHybridLinear,0.04572800174355507
pred,1172,model.layers.7.self_attn.o_proj,self_attn.o_proj,decode,1,QwenManualHybridLinear,0.016448000445961952
pred,1173,model.layers.7.mlp.gate_proj,mlp.gate_proj,decode,1,QwenHybridDenseNVFP4Linear,0.022495999932289124
pred,1174,model.layers.7.mlp.up_proj,mlp.up_proj,decode,1,QwenHybridDenseNVFP4Linear,0.020479999482631683
pred,1175,model.layers.7.mlp.down_proj,mlp.down_proj,decode,1,QwenHybridDenseNVFP4Linear,0.02252800017595291
pred,1176,model.layers.8.self_attn.q_proj,self_attn.q_proj,decode,1,QwenManualHybridLinear,0.048928000032901764
pred,1177,model.layers.8.self_attn.k_proj,self_attn.k_proj,decode,1,QwenManualHybridLinear,0.046431999653577805
pred,1178,model.layers.8.self_attn.v_proj,self_attn.v_proj,decode,1,QwenManualHybridLinear,0.04636799916625023
pred,1179,model.layers.8.self_attn.o_proj,self_attn.o_proj,decode,1,QwenManualHybridLinear,0.01651199907064438
pred,1180,model.layers.8.mlp.gate_proj,mlp.gate_proj,decode,1,QwenHybridDenseNVFP4Linear,0.02252800017595291
pred,1181,model.layers.8.mlp.up_proj,mlp.up_proj,decode,1,QwenHybridDenseNVFP4Linear,0.02252800017595291
pred,1182,model.layers.8.mlp.down_proj,mlp.down_proj,decode,1,QwenHybridDenseNVFP4Linear,0.02252800017595291
pred,1183,model.layers.9.self_attn.q_proj,self_attn.q_proj,decode,1,QwenManualHybridLinear,0.04902400076389313
pred,1184,model.layers.9.self_attn.k_proj,self_attn.k_proj,decode,1,QwenManualHybridLinear,0.045791998505592346
pred,1185,model.layers.9.self_attn.v_proj,self_attn.v_proj,decode,1,QwenManualHybridLinear,0.044863998889923096
pred,1186,model.layers.9.self_attn.o_proj,self_attn.o_proj,decode,1,QwenManualHybridLinear,0.014688000082969666
pred,1187,model.layers.9.mlp.gate_proj,mlp.gate_proj,decode,1,QwenHybridDenseNVFP4Linear,0.02252800017595291
pred,1188,model.layers.9.mlp.up_proj,mlp.up_proj,decode,1,QwenHybridDenseNVFP4Linear,0.02252800017595291
pred,1189,model.layers.9.mlp.down_proj,mlp.down_proj,decode,1,QwenHybridDenseNVFP4Linear,0.02143999934196472
pred,1190,model.layers.10.self_attn.q_proj,self_attn.q_proj,decode,1,QwenManualHybridLinear,0.05087999999523163
pred,1191,model.layers.10.self_attn.k_proj,self_attn.k_proj,decode,1,QwenManualHybridLinear,0.04451199993491173
pred,1192,model.layers.10.self_attn.v_proj,self_attn.v_proj,decode,1,QwenManualHybridLinear,0.04495999962091446
pred,1193,model.layers.10.self_attn.o_proj,self_attn.o_proj,decode,1,QwenManualHybridLinear,0.015744000673294067
pred,1194,model.layers.10.mlp.gate_proj,mlp.gate_proj,decode,1,QwenHybridDenseNVFP4Linear,0.02252800017595291
pred,1195,model.layers.10.mlp.up_proj,mlp.up_proj,decode,1,QwenHybridDenseNVFP4Linear,0.020479999482631683
pred,1196,model.layers.10.mlp.down_proj,mlp.down_proj,decode,1,QwenHybridDenseNVFP4Linear,0.02252800017595291
pred,1197,model.layers.11.self_attn.q_proj,self_attn.q_proj,decode,1,QwenManualHybridLinear,0.040832001715898514
pred,1198,model.layers.11.self_attn.k_proj,self_attn.k_proj,decode,1,QwenManualHybridLinear,0.045823998749256134
pred,1199,model.layers.11.self_attn.v_proj,self_attn.v_proj,decode,1,QwenManualHybridLinear,0.04947200044989586
pred,1200,model.layers.11.self_attn.o_proj,self_attn.o_proj,decode,1,QwenManualHybridLinear,0.014592000283300877
pred,1201,model.layers.11.mlp.gate_proj,mlp.gate_proj,decode,1,QwenHybridDenseNVFP4Linear,0.02252800017595291
pred,1202,model.layers.11.mlp.up_proj,mlp.up_proj,decode,1,QwenHybridDenseNVFP4Linear,0.02147199958562851
pred,1203,model.layers.11.mlp.down_proj,mlp.down_proj,decode,1,QwenHybridDenseNVFP4Linear,0.02252800017595291
pred,1204,model.layers.12.self_attn.q_proj,self_attn.q_proj,decode,1,QwenManualHybridLinear,0.04992000013589859
pred,1205,model.layers.12.self_attn.k_proj,self_attn.k_proj,decode,1,QwenManualHybridLinear,0.04556800052523613
pred,1206,model.layers.12.self_attn.v_proj,self_attn.v_proj,decode,1,QwenManualHybridLinear,0.04588799923658371
pred,1207,model.layers.12.self_attn.o_proj,self_attn.o_proj,decode,1,QwenManualHybridLinear,0.01369599997997284
pred,1208,model.layers.12.mlp.gate_proj,mlp.gate_proj,decode,1,QwenHybridDenseNVFP4Linear,0.02252800017595291
pred,1209,model.layers.12.mlp.up_proj,mlp.up_proj,decode,1,QwenHybridDenseNVFP4Linear,0.02393599972128868
pred,1210,model.layers.12.mlp.down_proj,mlp.down_proj,decode,1,QwenHybridDenseNVFP4Linear,0.02252800017595291
pred,1211,model.layers.13.self_attn.q_proj,self_attn.q_proj,decode,1,QwenManualHybridLinear,0.04387199878692627
pred,1212,model.layers.13.self_attn.k_proj,self_attn.k_proj,decode,1,QwenManualHybridLinear,0.04540799930691719
pred,1213,model.layers.13.self_attn.v_proj,self_attn.v_proj,decode,1,QwenManualHybridLinear,0.04383999854326248
pred,1214,model.layers.13.self_attn.o_proj,self_attn.o_proj,decode,1,QwenManualHybridLinear,0.014976000413298607
pred,1215,model.layers.13.mlp.gate_proj,mlp.gate_proj,decode,1,QwenHybridDenseNVFP4Linear,0.02252800017595291
pred,1216,model.layers.13.mlp.up_proj,mlp.up_proj,decode,1,QwenHybridDenseNVFP4Linear,0.02252800017595291
pred,1217,model.layers.13.mlp.down_proj,mlp.down_proj,decode,1,QwenHybridDenseNVFP4Linear,0.02252800017595291
pred,1218,model.layers.14.self_attn.q_proj,self_attn.q_proj,decode,1,QwenManualHybridLinear,0.052191998809576035
pred,1219,model.layers.14.self_attn.k_proj,self_attn.k_proj,decode,1,QwenManualHybridLinear,0.0459199994802475
pred,1220,model.layers.14.self_attn.v_proj,self_attn.v_proj,decode,1,QwenManualHybridLinear,0.0451200008392334
pred,1221,model.layers.14.self_attn.o_proj,self_attn.o_proj,decode,1,QwenManualHybridLinear,0.01484800036996603
pred,1222,model.layers.14.mlp.gate_proj,mlp.gate_proj,decode,1,QwenHybridDenseNVFP4Linear,0.02252800017595291
pred,1223,model.layers.14.mlp.up_proj,mlp.up_proj,decode,1,QwenHybridDenseNVFP4Linear,0.022495999932289124
pred,1224,model.layers.14.mlp.down_proj,mlp.down_proj,decode,1,QwenHybridDenseNVFP4Linear,0.02252800017595291
pred,1225,model.layers.15.self_attn.q_proj,self_attn.q_proj,decode,1,QwenManualHybridLinear,0.04028800129890442
pred,1226,model.layers.15.self_attn.k_proj,self_attn.k_proj,decode,1,QwenManualHybridLinear,0.04684799909591675
pred,1227,model.layers.15.self_attn.v_proj,self_attn.v_proj,decode,1,QwenManualHybridLinear,0.04630399867892265
pred,1228,model.layers.15.self_attn.o_proj,self_attn.o_proj,decode,1,QwenManualHybridLinear,0.016127999871969223
pred,1229,model.layers.15.mlp.gate_proj,mlp.gate_proj,decode,1,QwenHybridDenseNVFP4Linear,0.02252800017595291
pred,1230,model.layers.15.mlp.up_proj,mlp.up_proj,decode,1,QwenHybridDenseNVFP4Linear,0.02252800017595291
pred,1231,model.layers.15.mlp.down_proj,mlp.down_proj,decode,1,QwenHybridDenseNVFP4Linear,0.02252800017595291
pred,1232,model.layers.16.self_attn.q_proj,self_attn.q_proj,decode,1,QwenManualHybridLinear,0.04761600121855736
pred,1233,model.layers.16.self_attn.k_proj,self_attn.k_proj,decode,1,QwenManualHybridLinear,0.04630399867892265
pred,1234,model.layers.16.self_attn.v_proj,self_attn.v_proj,decode,1,QwenManualHybridLinear,0.043296001851558685
pred,1235,model.layers.16.self_attn.o_proj,self_attn.o_proj,decode,1,QwenManualHybridLinear,0.01648000068962574
pred,1236,model.layers.16.mlp.gate_proj,mlp.gate_proj,decode,1,QwenHybridDenseNVFP4Linear,0.02252800017595291
pred,1237,model.layers.16.mlp.up_proj,mlp.up_proj,decode,1,QwenHybridDenseNVFP4Linear,0.02252800017595291
pred,1238,model.layers.16.mlp.down_proj,mlp.down_proj,decode,1,QwenHybridDenseNVFP4Linear,0.02252800017595291
pred,1239,model.layers.17.self_attn.q_proj,self_attn.q_proj,decode,1,QwenManualHybridLinear,0.03884800150990486
pred,1240,model.layers.17.self_attn.k_proj,self_attn.k_proj,decode,1,QwenManualHybridLinear,0.045184001326560974
pred,1241,model.layers.17.self_attn.v_proj,self_attn.v_proj,decode,1,QwenManualHybridLinear,0.04438399896025658
pred,1242,model.layers.17.self_attn.o_proj,self_attn.o_proj,decode,1,QwenManualHybridLinear,0.01360000018030405
pred,1243,model.layers.17.mlp.gate_proj,mlp.gate_proj,decode,1,QwenHybridDenseNVFP4Linear,0.02252800017595291
pred,1244,model.layers.17.mlp.up_proj,mlp.up_proj,decode,1,QwenHybridDenseNVFP4Linear,0.02252800017595291
pred,1245,model.layers.17.mlp.down_proj,mlp.down_proj,decode,1,QwenHybridDenseNVFP4Linear,0.02252800017595291
pred,1246,model.layers.18.self_attn.q_proj,self_attn.q_proj,decode,1,QwenManualHybridLinear,0.051872000098228455
pred,1247,model.layers.18.self_attn.k_proj,self_attn.k_proj,decode,1,QwenManualHybridLinear,0.04543999955058098
pred,1248,model.layers.18.self_attn.v_proj,self_attn.v_proj,decode,1,QwenManualHybridLinear,0.04195199906826019
pred,1249,model.layers.18.self_attn.o_proj,self_attn.o_proj,decode,1,QwenManualHybridLinear,0.014527999795973301
pred,1250,model.layers.18.mlp.gate_proj,mlp.gate_proj,decode,1,QwenHybridDenseNVFP4Linear,0.02252800017595291
pred,1251,model.layers.18.mlp.up_proj,mlp.up_proj,decode,1,QwenHybridDenseNVFP4Linear,0.020479999482631683
pred,1252,model.layers.18.mlp.down_proj,mlp.down_proj,decode,1,QwenHybridDenseNVFP4Linear,0.021536000072956085
pred,1253,model.layers.19.self_attn.q_proj,self_attn.q_proj,decode,1,QwenManualHybridLinear,0.0504320003092289
pred,1254,model.layers.19.self_attn.k_proj,self_attn.k_proj,decode,1,QwenManualHybridLinear,0.051231998950242996
pred,1255,model.layers.19.self_attn.v_proj,self_attn.v_proj,decode,1,QwenManualHybridLinear,0.04368000105023384
pred,1256,model.layers.19.self_attn.o_proj,self_attn.o_proj,decode,1,QwenManualHybridLinear,0.014240000396966934
pred,1257,model.layers.19.mlp.gate_proj,mlp.gate_proj,decode,1,QwenHybridDenseNVFP4Linear,0.02252800017595291
pred,1258,model.layers.19.mlp.up_proj,mlp.up_proj,decode,1,QwenHybridDenseNVFP4Linear,0.02252800017595291
pred,1259,model.layers.19.mlp.down_proj,mlp.down_proj,decode,1,QwenHybridDenseNVFP4Linear,0.02252800017595291
pred,1260,model.layers.20.self_attn.q_proj,self_attn.q_proj,decode,1,QwenManualHybridLinear,0.05206400156021118
pred,1261,model.layers.20.self_attn.k_proj,self_attn.k_proj,decode,1,QwenManualHybridLinear,0.046271998435258865
pred,1262,model.layers.20.self_attn.v_proj,self_attn.v_proj,decode,1,QwenManualHybridLinear,0.04374400153756142
pred,1263,model.layers.20.self_attn.o_proj,self_attn.o_proj,decode,1,QwenManualHybridLinear,0.01635199971497059
pred,1264,model.layers.20.mlp.gate_proj,mlp.gate_proj,decode,1,QwenHybridDenseNVFP4Linear,0.02252800017595291
pred,1265,model.layers.20.mlp.up_proj,mlp.up_proj,decode,1,QwenHybridDenseNVFP4Linear,0.02252800017595291
pred,1266,model.layers.20.mlp.down_proj,mlp.down_proj,decode,1,QwenHybridDenseNVFP4Linear,0.02252800017595291
pred,1267,model.layers.21.self_attn.q_proj,self_attn.q_proj,decode,1,QwenManualHybridLinear,0.051231998950242996
pred,1268,model.layers.21.self_attn.k_proj,self_attn.k_proj,decode,1,QwenManualHybridLinear,0.04665600135922432
pred,1269,model.layers.21.self_attn.v_proj,self_attn.v_proj,decode,1,QwenManualHybridLinear,0.0459199994802475
pred,1270,model.layers.21.self_attn.o_proj,self_attn.o_proj,decode,1,QwenManualHybridLinear,0.01532800029963255
pred,1271,model.layers.21.mlp.gate_proj,mlp.gate_proj,decode,1,QwenHybridDenseNVFP4Linear,0.02252800017595291
pred,1272,model.layers.21.mlp.up_proj,mlp.up_proj,decode,1,QwenHybridDenseNVFP4Linear,0.02252800017595291
pred,1273,model.layers.21.mlp.down_proj,mlp.down_proj,decode,1,QwenHybridDenseNVFP4Linear,0.02252800017595291
pred,1274,model.layers.22.self_attn.q_proj,self_attn.q_proj,decode,1,QwenManualHybridLinear,0.05011200159788132
pred,1275,model.layers.22.self_attn.k_proj,self_attn.k_proj,decode,1,QwenManualHybridLinear,0.047648001462221146
pred,1276,model.layers.22.self_attn.v_proj,self_attn.v_proj,decode,1,QwenManualHybridLinear,0.04211200028657913
pred,1277,model.layers.22.self_attn.o_proj,self_attn.o_proj,decode,1,QwenManualHybridLinear,0.015936000272631645
pred,1278,model.layers.22.mlp.gate_proj,mlp.gate_proj,decode,1,QwenHybridDenseNVFP4Linear,0.02252800017595291
pred,1279,model.layers.22.mlp.up_proj,mlp.up_proj,decode,1,QwenHybridDenseNVFP4Linear,0.02252800017595291
pred,1280,model.layers.22.mlp.down_proj,mlp.down_proj,decode,1,QwenHybridDenseNVFP4Linear,0.02252800017595291
pred,1281,model.layers.23.self_attn.q_proj,self_attn.q_proj,decode,1,QwenManualHybridLinear,0.050624001771211624
pred,1282,model.layers.23.self_attn.k_proj,self_attn.k_proj,decode,1,QwenManualHybridLinear,0.0461760014295578
pred,1283,model.layers.23.self_attn.v_proj,self_attn.v_proj,decode,1,QwenManualHybridLinear,0.04387199878692627
pred,1284,model.layers.23.self_attn.o_proj,self_attn.o_proj,decode,1,QwenManualHybridLinear,0.01600000075995922
pred,1285,model.layers.23.mlp.gate_proj,mlp.gate_proj,decode,1,QwenHybridDenseNVFP4Linear,0.02252800017595291
pred,1286,model.layers.23.mlp.up_proj,mlp.up_proj,decode,1,QwenHybridDenseNVFP4Linear,0.021247999742627144
pred,1287,model.layers.23.mlp.down_proj,mlp.down_proj,decode,1,QwenHybridDenseNVFP4Linear,0.02252800017595291
pred,1288,model.layers.24.self_attn.q_proj,self_attn.q_proj,decode,1,QwenManualHybridLinear,0.04966399818658829
pred,1289,model.layers.24.self_attn.k_proj,self_attn.k_proj,decode,1,QwenManualHybridLinear,0.04543999955058098
pred,1290,model.layers.24.self_attn.v_proj,self_attn.v_proj,decode,1,QwenManualHybridLinear,0.044415999203920364
pred,1291,model.layers.24.self_attn.o_proj,self_attn.o_proj,decode,1,QwenManualHybridLinear,0.015519999898970127
pred,1292,model.layers.24.mlp.gate_proj,mlp.gate_proj,decode,1,QwenHybridDenseNVFP4Linear,0.02252800017595291
pred,1293,model.layers.24.mlp.up_proj,mlp.up_proj,decode,1,QwenHybridDenseNVFP4Linear,0.02252800017595291
pred,1294,model.layers.24.mlp.down_proj,mlp.down_proj,decode,1,QwenHybridDenseNVFP4Linear,0.02252800017595291
pred,1295,model.layers.25.self_attn.q_proj,self_attn.q_proj,decode,1,QwenManualHybridLinear,0.05276799947023392
pred,1296,model.layers.25.self_attn.k_proj,self_attn.k_proj,decode,1,QwenManualHybridLinear,0.04745600000023842
pred,1297,model.layers.25.self_attn.v_proj,self_attn.v_proj,decode,1,QwenManualHybridLinear,0.0432640016078949
pred,1298,model.layers.25.self_attn.o_proj,self_attn.o_proj,decode,1,QwenManualHybridLinear,0.014879999682307243
pred,1299,model.layers.25.mlp.gate_proj,mlp.gate_proj,decode,1,QwenHybridDenseNVFP4Linear,0.02252800017595291
pred,1300,model.layers.25.mlp.up_proj,mlp.up_proj,decode,1,QwenHybridDenseNVFP4Linear,0.020479999482631683
pred,1301,model.layers.25.mlp.down_proj,mlp.down_proj,decode,1,QwenHybridDenseNVFP4Linear,0.02252800017595291
pred,1302,model.layers.26.self_attn.q_proj,self_attn.q_proj,decode,1,QwenManualHybridLinear,0.051072001457214355
pred,1303,model.layers.26.self_attn.k_proj,self_attn.k_proj,decode,1,QwenManualHybridLinear,0.045184001326560974
pred,1304,model.layers.26.self_attn.v_proj,self_attn.v_proj,decode,1,QwenManualHybridLinear,0.043296001851558685
pred,1305,model.layers.26.self_attn.o_proj,self_attn.o_proj,decode,1,QwenManualHybridLinear,0.016736000776290894
pred,1306,model.layers.26.mlp.gate_proj,mlp.gate_proj,decode,1,QwenHybridDenseNVFP4Linear,0.02252800017595291
pred,1307,model.layers.26.mlp.up_proj,mlp.up_proj,decode,1,QwenHybridDenseNVFP4Linear,0.02252800017595291
pred,1308,model.layers.26.mlp.down_proj,mlp.down_proj,decode,1,QwenHybridDenseNVFP4Linear,0.022463999688625336
pred,1309,model.layers.27.self_attn.q_proj,self_attn.q_proj,decode,1,QwenManualHybridLinear,0.05110400170087814
pred,1310,model.layers.27.self_attn.k_proj,self_attn.k_proj,decode,1,QwenManualHybridLinear,0.04694399982690811
pred,1311,model.layers.27.self_attn.v_proj,self_attn.v_proj,decode,1,QwenManualHybridLinear,0.04323200136423111
pred,1312,model.layers.27.self_attn.o_proj,self_attn.o_proj,decode,1,QwenManualHybridLinear,0.015776000916957855
pred,1313,model.layers.27.mlp.gate_proj,mlp.gate_proj,decode,1,QwenHybridDenseNVFP4Linear,0.02252800017595291
pred,1314,model.layers.27.mlp.up_proj,mlp.up_proj,decode,1,QwenHybridDenseNVFP4Linear,0.022495999932289124
pred,1315,model.layers.27.mlp.down_proj,mlp.down_proj,decode,1,QwenHybridDenseNVFP4Linear,0.02236800082027912
pred,1316,model.layers.28.self_attn.q_proj,self_attn.q_proj,decode,1,QwenManualHybridLinear,0.043807998299598694
pred,1317,model.layers.28.self_attn.k_proj,self_attn.k_proj,decode,1,QwenManualHybridLinear,0.04572800174355507
pred,1318,model.layers.28.self_attn.v_proj,self_attn.v_proj,decode,1,QwenManualHybridLinear,0.044096000492572784
pred,1319,model.layers.28.self_attn.o_proj,self_attn.o_proj,decode,1,QwenManualHybridLinear,0.0161920003592968
pred,1320,model.layers.28.mlp.gate_proj,mlp.gate_proj,decode,1,QwenHybridDenseNVFP4Linear,0.02252800017595291
pred,1321,model.layers.28.mlp.up_proj,mlp.up_proj,decode,1,QwenHybridDenseNVFP4Linear,0.02252800017595291
pred,1322,model.layers.28.mlp.down_proj,mlp.down_proj,decode,1,QwenHybridDenseNVFP4Linear,0.02252800017595291
pred,1323,model.layers.29.self_attn.q_proj,self_attn.q_proj,decode,1,QwenManualHybridLinear,0.050624001771211624
pred,1324,model.layers.29.self_attn.k_proj,self_attn.k_proj,decode,1,QwenManualHybridLinear,0.04681599885225296
pred,1325,model.layers.29.self_attn.v_proj,self_attn.v_proj,decode,1,QwenManualHybridLinear,0.04483199864625931
pred,1326,model.layers.29.self_attn.o_proj,self_attn.o_proj,decode,1,QwenManualHybridLinear,0.015168000012636185
pred,1327,model.layers.29.mlp.gate_proj,mlp.gate_proj,decode,1,QwenHybridDenseNVFP4Linear,0.02252800017595291
pred,1328,model.layers.29.mlp.up_proj,mlp.up_proj,decode,1,QwenHybridDenseNVFP4Linear,0.02252800017595291
pred,1329,model.layers.29.mlp.down_proj,mlp.down_proj,decode,1,QwenHybridDenseNVFP4Linear,0.0225600004196167
pred,1330,model.layers.30.self_attn.q_proj,self_attn.q_proj,decode,1,QwenManualHybridLinear,0.05363199859857559
pred,1331,model.layers.30.self_attn.k_proj,self_attn.k_proj,decode,1,QwenManualHybridLinear,0.04633599892258644
pred,1332,model.layers.30.self_attn.v_proj,self_attn.v_proj,decode,1,QwenManualHybridLinear,0.04419200122356415
pred,1333,model.layers.30.self_attn.o_proj,self_attn.o_proj,decode,1,QwenManualHybridLinear,0.014783999882638454
pred,1334,model.layers.30.mlp.gate_proj,mlp.gate_proj,decode,1,QwenHybridDenseNVFP4Linear,0.02252800017595291
pred,1335,model.layers.30.mlp.up_proj,mlp.up_proj,decode,1,QwenHybridDenseNVFP4Linear,0.022495999932289124
pred,1336,model.layers.30.mlp.down_proj,mlp.down_proj,decode,1,QwenHybridDenseNVFP4Linear,0.02252800017595291
pred,1337,model.layers.31.self_attn.q_proj,self_attn.q_proj,decode,1,QwenManualHybridLinear,0.050783999264240265
pred,1338,model.layers.31.self_attn.k_proj,self_attn.k_proj,decode,1,QwenManualHybridLinear,0.04473600164055824
pred,1339,model.layers.31.self_attn.v_proj,self_attn.v_proj,decode,1,QwenManualHybridLinear,0.0424639992415905
pred,1340,model.layers.31.self_attn.o_proj,self_attn.o_proj,decode,1,QwenManualHybridLinear,0.01571200042963028
pred,1341,model.layers.31.mlp.gate_proj,mlp.gate_proj,decode,1,QwenHybridDenseNVFP4Linear,0.02252800017595291
pred,1342,model.layers.31.mlp.up_proj,mlp.up_proj,decode,1,QwenHybridDenseNVFP4Linear,0.02252800017595291
pred,1343,model.layers.31.mlp.down_proj,mlp.down_proj,decode,1,QwenHybridDenseNVFP4Linear,0.02223999984562397
pred,1344,model.layers.0.self_attn.q_proj,self_attn.q_proj,decode,1,QwenManualHybridLinear,0.0854400023818016
pred,1345,model.layers.0.self_attn.k_proj,self_attn.k_proj,decode,1,QwenManualHybridLinear,0.053408000618219376
pred,1346,model.layers.0.self_attn.v_proj,self_attn.v_proj,decode,1,QwenManualHybridLinear,0.04684799909591675
pred,1347,model.layers.0.self_attn.o_proj,self_attn.o_proj,decode,1,QwenManualHybridLinear,0.015744000673294067
pred,1348,model.layers.0.mlp.gate_proj,mlp.gate_proj,decode,1,QwenHybridDenseNVFP4Linear,0.02252800017595291
pred,1349,model.layers.0.mlp.up_proj,mlp.up_proj,decode,1,QwenHybridDenseNVFP4Linear,0.02252800017595291
pred,1350,model.layers.0.mlp.down_proj,mlp.down_proj,decode,1,QwenHybridDenseNVFP4Linear,0.02252800017595291
pred,1351,model.layers.1.self_attn.q_proj,self_attn.q_proj,decode,1,QwenManualHybridLinear,0.053279999643564224
pred,1352,model.layers.1.self_attn.k_proj,self_attn.k_proj,decode,1,QwenManualHybridLinear,0.04678399860858917
pred,1353,model.layers.1.self_attn.v_proj,self_attn.v_proj,decode,1,QwenManualHybridLinear,0.0451200008392334
pred,1354,model.layers.1.self_attn.o_proj,self_attn.o_proj,decode,1,QwenManualHybridLinear,0.014688000082969666
pred,1355,model.layers.1.mlp.gate_proj,mlp.gate_proj,decode,1,QwenHybridDenseNVFP4Linear,0.02252800017595291
pred,1356,model.layers.1.mlp.up_proj,mlp.up_proj,decode,1,QwenHybridDenseNVFP4Linear,0.02252800017595291
pred,1357,model.layers.1.mlp.down_proj,mlp.down_proj,decode,1,QwenHybridDenseNVFP4Linear,0.022112000733613968
pred,1358,model.layers.2.self_attn.q_proj,self_attn.q_proj,decode,1,QwenManualHybridLinear,0.05244800075888634
pred,1359,model.layers.2.self_attn.k_proj,self_attn.k_proj,decode,1,QwenManualHybridLinear,0.04604800045490265
pred,1360,model.layers.2.self_attn.v_proj,self_attn.v_proj,decode,1,QwenManualHybridLinear,0.04508800059556961
pred,1361,model.layers.2.self_attn.o_proj,self_attn.o_proj,decode,1,QwenManualHybridLinear,0.015424000099301338
pred,1362,model.layers.2.mlp.gate_proj,mlp.gate_proj,decode,1,QwenHybridDenseNVFP4Linear,0.02252800017595291
pred,1363,model.layers.2.mlp.up_proj,mlp.up_proj,decode,1,QwenHybridDenseNVFP4Linear,0.02252800017595291
pred,1364,model.layers.2.mlp.down_proj,mlp.down_proj,decode,1,QwenHybridDenseNVFP4Linear,0.02252800017595291
pred,1365,model.layers.3.self_attn.q_proj,self_attn.q_proj,decode,1,QwenManualHybridLinear,0.05167999863624573
pred,1366,model.layers.3.self_attn.k_proj,self_attn.k_proj,decode,1,QwenManualHybridLinear,0.04527999833226204
pred,1367,model.layers.3.self_attn.v_proj,self_attn.v_proj,decode,1,QwenManualHybridLinear,0.044863998889923096
pred,1368,model.layers.3.self_attn.o_proj,self_attn.o_proj,decode,1,QwenManualHybridLinear,0.01408000010997057
pred,1369,model.layers.3.mlp.gate_proj,mlp.gate_proj,decode,1,QwenHybridDenseNVFP4Linear,0.02252800017595291
pred,1370,model.layers.3.mlp.up_proj,mlp.up_proj,decode,1,QwenHybridDenseNVFP4Linear,0.02252800017595291
pred,1371,model.layers.3.mlp.down_proj,mlp.down_proj,decode,1,QwenHybridDenseNVFP4Linear,0.022431999444961548
pred,1372,model.layers.4.self_attn.q_proj,self_attn.q_proj,decode,1,QwenManualHybridLinear,0.050016000866889954
pred,1373,model.layers.4.self_attn.k_proj,self_attn.k_proj,decode,1,QwenManualHybridLinear,0.04540799930691719
pred,1374,model.layers.4.self_attn.v_proj,self_attn.v_proj,decode,1,QwenManualHybridLinear,0.04521600157022476
pred,1375,model.layers.4.self_attn.o_proj,self_attn.o_proj,decode,1,QwenManualHybridLinear,0.014688000082969666
pred,1376,model.layers.4.mlp.gate_proj,mlp.gate_proj,decode,1,QwenHybridDenseNVFP4Linear,0.02252800017595291
pred,1377,model.layers.4.mlp.up_proj,mlp.up_proj,decode,1,QwenHybridDenseNVFP4Linear,0.022016000002622604
pred,1378,model.layers.4.mlp.down_proj,mlp.down_proj,decode,1,QwenHybridDenseNVFP4Linear,0.021536000072956085
pred,1379,model.layers.5.self_attn.q_proj,self_attn.q_proj,decode,1,QwenManualHybridLinear,0.05612799897789955
pred,1380,model.layers.5.self_attn.k_proj,self_attn.k_proj,decode,1,QwenManualHybridLinear,0.04521600157022476
pred,1381,model.layers.5.self_attn.v_proj,self_attn.v_proj,decode,1,QwenManualHybridLinear,0.044544000178575516
pred,1382,model.layers.5.self_attn.o_proj,self_attn.o_proj,decode,1,QwenManualHybridLinear,0.01532800029963255
pred,1383,model.layers.5.mlp.gate_proj,mlp.gate_proj,decode,1,QwenHybridDenseNVFP4Linear,0.02252800017595291
pred,1384,model.layers.5.mlp.up_proj,mlp.up_proj,decode,1,QwenHybridDenseNVFP4Linear,0.020479999482631683
pred,1385,model.layers.5.mlp.down_proj,mlp.down_proj,decode,1,QwenHybridDenseNVFP4Linear,0.02252800017595291
pred,1386,model.layers.6.self_attn.q_proj,self_attn.q_proj,decode,1,QwenManualHybridLinear,0.050464000552892685
pred,1387,model.layers.6.self_attn.k_proj,self_attn.k_proj,decode,1,QwenManualHybridLinear,0.04527999833226204
pred,1388,model.layers.6.self_attn.v_proj,self_attn.v_proj,decode,1,QwenManualHybridLinear,0.04467200115323067
pred,1389,model.layers.6.self_attn.o_proj,self_attn.o_proj,decode,1,QwenManualHybridLinear,0.015647999942302704
pred,1390,model.layers.6.mlp.gate_proj,mlp.gate_proj,decode,1,QwenHybridDenseNVFP4Linear,0.02252800017595291
pred,1391,model.layers.6.mlp.up_proj,mlp.up_proj,decode,1,QwenHybridDenseNVFP4Linear,0.02252800017595291
pred,1392,model.layers.6.mlp.down_proj,mlp.down_proj,decode,1,QwenHybridDenseNVFP4Linear,0.022112000733613968
pred,1393,model.layers.7.self_attn.q_proj,self_attn.q_proj,decode,1,QwenManualHybridLinear,0.05299200117588043
pred,1394,model.layers.7.self_attn.k_proj,self_attn.k_proj,decode,1,QwenManualHybridLinear,0.048767998814582825
pred,1395,model.layers.7.self_attn.v_proj,self_attn.v_proj,decode,1,QwenManualHybridLinear,0.04342399910092354
pred,1396,model.layers.7.self_attn.o_proj,self_attn.o_proj,decode,1,QwenManualHybridLinear,0.01398400031030178
pred,1397,model.layers.7.mlp.gate_proj,mlp.gate_proj,decode,1,QwenHybridDenseNVFP4Linear,0.02252800017595291
pred,1398,model.layers.7.mlp.up_proj,mlp.up_proj,decode,1,QwenHybridDenseNVFP4Linear,0.02252800017595291
pred,1399,model.layers.7.mlp.down_proj,mlp.down_proj,decode,1,QwenHybridDenseNVFP4Linear,0.02252800017595291
pred,1400,model.layers.8.self_attn.q_proj,self_attn.q_proj,decode,1,QwenManualHybridLinear,0.05129599943757057
pred,1401,model.layers.8.self_attn.k_proj,self_attn.k_proj,decode,1,QwenManualHybridLinear,0.044256001710891724
pred,1402,model.layers.8.self_attn.v_proj,self_attn.v_proj,decode,1,QwenManualHybridLinear,0.042688000947237015
pred,1403,model.layers.8.self_attn.o_proj,self_attn.o_proj,decode,1,QwenManualHybridLinear,0.014015999622642994
pred,1404,model.layers.8.mlp.gate_proj,mlp.gate_proj,decode,1,QwenHybridDenseNVFP4Linear,0.02252800017595291
pred,1405,model.layers.8.mlp.up_proj,mlp.up_proj,decode,1,QwenHybridDenseNVFP4Linear,0.02252800017595291
pred,1406,model.layers.8.mlp.down_proj,mlp.down_proj,decode,1,QwenHybridDenseNVFP4Linear,0.02252800017595291
pred,1407,model.layers.9.self_attn.q_proj,self_attn.q_proj,decode,1,QwenManualHybridLinear,0.05071999877691269
pred,1408,model.layers.9.self_attn.k_proj,self_attn.k_proj,decode,1,QwenManualHybridLinear,0.04560000076889992
pred,1409,model.layers.9.self_attn.v_proj,self_attn.v_proj,decode,1,QwenManualHybridLinear,0.04374400153756142
pred,1410,model.layers.9.self_attn.o_proj,self_attn.o_proj,decode,1,QwenManualHybridLinear,0.015039999969303608
pred,1411,model.layers.9.mlp.gate_proj,mlp.gate_proj,decode,1,QwenHybridDenseNVFP4Linear,0.02252800017595291
pred,1412,model.layers.9.mlp.up_proj,mlp.up_proj,decode,1,QwenHybridDenseNVFP4Linear,0.020479999482631683
pred,1413,model.layers.9.mlp.down_proj,mlp.down_proj,decode,1,QwenHybridDenseNVFP4Linear,0.022112000733613968
pred,1414,model.layers.10.self_attn.q_proj,self_attn.q_proj,decode,1,QwenManualHybridLinear,0.050783999264240265
pred,1415,model.layers.10.self_attn.k_proj,self_attn.k_proj,decode,1,QwenManualHybridLinear,0.04585599899291992
pred,1416,model.layers.10.self_attn.v_proj,self_attn.v_proj,decode,1,QwenManualHybridLinear,0.04368000105023384
pred,1417,model.layers.10.self_attn.o_proj,self_attn.o_proj,decode,1,QwenManualHybridLinear,0.015296000055968761
pred,1418,model.layers.10.mlp.gate_proj,mlp.gate_proj,decode,1,QwenHybridDenseNVFP4Linear,0.02457600086927414
pred,1419,model.layers.10.mlp.up_proj,mlp.up_proj,decode,1,QwenHybridDenseNVFP4Linear,0.02252800017595291
pred,1420,model.layers.10.mlp.down_proj,mlp.down_proj,decode,1,QwenHybridDenseNVFP4Linear,0.02252800017595291
pred,1421,model.layers.11.self_attn.q_proj,self_attn.q_proj,decode,1,QwenManualHybridLinear,0.05225599929690361
pred,1422,model.layers.11.self_attn.k_proj,self_attn.k_proj,decode,1,QwenManualHybridLinear,0.046431999653577805
pred,1423,model.layers.11.self_attn.v_proj,self_attn.v_proj,decode,1,QwenManualHybridLinear,0.04307200014591217
pred,1424,model.layers.11.self_attn.o_proj,self_attn.o_proj,decode,1,QwenManualHybridLinear,0.01484800036996603
pred,1425,model.layers.11.mlp.gate_proj,mlp.gate_proj,decode,1,QwenHybridDenseNVFP4Linear,0.02252800017595291
pred,1426,model.layers.11.mlp.up_proj,mlp.up_proj,decode,1,QwenHybridDenseNVFP4Linear,0.02252800017595291
pred,1427,model.layers.11.mlp.down_proj,mlp.down_proj,decode,1,QwenHybridDenseNVFP4Linear,0.02252800017595291
pred,1428,model.layers.12.self_attn.q_proj,self_attn.q_proj,decode,1,QwenManualHybridLinear,0.0504320003092289
pred,1429,model.layers.12.self_attn.k_proj,self_attn.k_proj,decode,1,QwenManualHybridLinear,0.044863998889923096
pred,1430,model.layers.12.self_attn.v_proj,self_attn.v_proj,decode,1,QwenManualHybridLinear,0.04297599941492081
pred,1431,model.layers.12.self_attn.o_proj,self_attn.o_proj,decode,1,QwenManualHybridLinear,0.014944000169634819
pred,1432,model.layers.12.mlp.gate_proj,mlp.gate_proj,decode,1,QwenHybridDenseNVFP4Linear,0.02252800017595291
pred,1433,model.layers.12.mlp.up_proj,mlp.up_proj,decode,1,QwenHybridDenseNVFP4Linear,0.022495999932289124
pred,1434,model.layers.12.mlp.down_proj,mlp.down_proj,decode,1,QwenHybridDenseNVFP4Linear,0.02252800017595291
pred,1435,model.layers.13.self_attn.q_proj,self_attn.q_proj,decode,1,QwenManualHybridLinear,0.05539200082421303
pred,1436,model.layers.13.self_attn.k_proj,self_attn.k_proj,decode,1,QwenManualHybridLinear,0.04710400104522705
pred,1437,model.layers.13.self_attn.v_proj,self_attn.v_proj,decode,1,QwenManualHybridLinear,0.04444799944758415
pred,1438,model.layers.13.self_attn.o_proj,self_attn.o_proj,decode,1,QwenManualHybridLinear,0.014368000440299511
pred,1439,model.layers.13.mlp.gate_proj,mlp.gate_proj,decode,1,QwenHybridDenseNVFP4Linear,0.02252800017595291
pred,1440,model.layers.13.mlp.up_proj,mlp.up_proj,decode,1,QwenHybridDenseNVFP4Linear,0.021407999098300934
pred,1441,model.layers.13.mlp.down_proj,mlp.down_proj,decode,1,QwenHybridDenseNVFP4Linear,0.02252800017595291
pred,1442,model.layers.14.self_attn.q_proj,self_attn.q_proj,decode,1,QwenManualHybridLinear,0.0496320016682148
pred,1443,model.layers.14.self_attn.k_proj,self_attn.k_proj,decode,1,QwenManualHybridLinear,0.04527999833226204
pred,1444,model.layers.14.self_attn.v_proj,self_attn.v_proj,decode,1,QwenManualHybridLinear,0.04335999861359596
pred,1445,model.layers.14.self_attn.o_proj,self_attn.o_proj,decode,1,QwenManualHybridLinear,0.01664000004529953
pred,1446,model.layers.14.mlp.gate_proj,mlp.gate_proj,decode,1,QwenHybridDenseNVFP4Linear,0.02252800017595291
pred,1447,model.layers.14.mlp.up_proj,mlp.up_proj,decode,1,QwenHybridDenseNVFP4Linear,0.02208000048995018
pred,1448,model.layers.14.mlp.down_proj,mlp.down_proj,decode,1,QwenHybridDenseNVFP4Linear,0.02252800017595291
pred,1449,model.layers.15.self_attn.q_proj,self_attn.q_proj,decode,1,QwenManualHybridLinear,0.043007999658584595
pred,1450,model.layers.15.self_attn.k_proj,self_attn.k_proj,decode,1,QwenManualHybridLinear,0.04598399996757507
pred,1451,model.layers.15.self_attn.v_proj,self_attn.v_proj,decode,1,QwenManualHybridLinear,0.042527999728918076
pred,1452,model.layers.15.self_attn.o_proj,self_attn.o_proj,decode,1,QwenManualHybridLinear,0.01462399959564209
pred,1453,model.layers.15.mlp.gate_proj,mlp.gate_proj,decode,1,QwenHybridDenseNVFP4Linear,0.02252800017595291
pred,1454,model.layers.15.mlp.up_proj,mlp.up_proj,decode,1,QwenHybridDenseNVFP4Linear,0.020479999482631683
pred,1455,model.layers.15.mlp.down_proj,mlp.down_proj,decode,1,QwenHybridDenseNVFP4Linear,0.02252800017595291
pred,1456,model.layers.16.self_attn.q_proj,self_attn.q_proj,decode,1,QwenManualHybridLinear,0.052799999713897705
pred,1457,model.layers.16.self_attn.k_proj,self_attn.k_proj,decode,1,QwenManualHybridLinear,0.04560000076889992
pred,1458,model.layers.16.self_attn.v_proj,self_attn.v_proj,decode,1,QwenManualHybridLinear,0.043776001781225204
pred,1459,model.layers.16.self_attn.o_proj,self_attn.o_proj,decode,1,QwenManualHybridLinear,0.014655999839305878
pred,1460,model.layers.16.mlp.gate_proj,mlp.gate_proj,decode,1,QwenHybridDenseNVFP4Linear,0.02252800017595291
pred,1461,model.layers.16.mlp.up_proj,mlp.up_proj,decode,1,QwenHybridDenseNVFP4Linear,0.02252800017595291
pred,1462,model.layers.16.mlp.down_proj,mlp.down_proj,decode,1,QwenHybridDenseNVFP4Linear,0.02252800017595291
pred,1463,model.layers.17.self_attn.q_proj,self_attn.q_proj,decode,1,QwenManualHybridLinear,0.05817599967122078
pred,1464,model.layers.17.self_attn.k_proj,self_attn.k_proj,decode,1,QwenManualHybridLinear,0.045471999794244766
pred,1465,model.layers.17.self_attn.v_proj,self_attn.v_proj,decode,1,QwenManualHybridLinear,0.043776001781225204
pred,1466,model.layers.17.self_attn.o_proj,self_attn.o_proj,decode,1,QwenManualHybridLinear,0.014816000126302242
pred,1467,model.layers.17.mlp.gate_proj,mlp.gate_proj,decode,1,QwenHybridDenseNVFP4Linear,0.02252800017595291
pred,1468,model.layers.17.mlp.up_proj,mlp.up_proj,decode,1,QwenHybridDenseNVFP4Linear,0.02252800017595291
pred,1469,model.layers.17.mlp.down_proj,mlp.down_proj,decode,1,QwenHybridDenseNVFP4Linear,0.02252800017595291
pred,1470,model.layers.18.self_attn.q_proj,self_attn.q_proj,decode,1,QwenManualHybridLinear,0.05302400141954422
pred,1471,model.layers.18.self_attn.k_proj,self_attn.k_proj,decode,1,QwenManualHybridLinear,0.04678399860858917
pred,1472,model.layers.18.self_attn.v_proj,self_attn.v_proj,decode,1,QwenManualHybridLinear,0.0427200011909008
pred,1473,model.layers.18.self_attn.o_proj,self_attn.o_proj,decode,1,QwenManualHybridLinear,0.013248000293970108
pred,1474,model.layers.18.mlp.gate_proj,mlp.gate_proj,decode,1,QwenHybridDenseNVFP4Linear,0.02252800017595291
pred,1475,model.layers.18.mlp.up_proj,mlp.up_proj,decode,1,QwenHybridDenseNVFP4Linear,0.020479999482631683
pred,1476,model.layers.18.mlp.down_proj,mlp.down_proj,decode,1,QwenHybridDenseNVFP4Linear,0.02252800017595291
pred,1477,model.layers.19.self_attn.q_proj,self_attn.q_proj,decode,1,QwenManualHybridLinear,0.05740800127387047
pred,1478,model.layers.19.self_attn.k_proj,self_attn.k_proj,decode,1,QwenManualHybridLinear,0.04630399867892265
pred,1479,model.layers.19.self_attn.v_proj,self_attn.v_proj,decode,1,QwenManualHybridLinear,0.04335999861359596
pred,1480,model.layers.19.self_attn.o_proj,self_attn.o_proj,decode,1,QwenManualHybridLinear,0.015424000099301338
pred,1481,model.layers.19.mlp.gate_proj,mlp.gate_proj,decode,1,QwenHybridDenseNVFP4Linear,0.02252800017595291
pred,1482,model.layers.19.mlp.up_proj,mlp.up_proj,decode,1,QwenHybridDenseNVFP4Linear,0.02252800017595291
pred,1483,model.layers.19.mlp.down_proj,mlp.down_proj,decode,1,QwenHybridDenseNVFP4Linear,0.02252800017595291
pred,1484,model.layers.20.self_attn.q_proj,self_attn.q_proj,decode,1,QwenManualHybridLinear,0.051872000098228455
pred,1485,model.layers.20.self_attn.k_proj,self_attn.k_proj,decode,1,QwenManualHybridLinear,0.047648001462221146
pred,1486,model.layers.20.self_attn.v_proj,self_attn.v_proj,decode,1,QwenManualHybridLinear,0.0435199998319149
pred,1487,model.layers.20.self_attn.o_proj,self_attn.o_proj,decode,1,QwenManualHybridLinear,0.015744000673294067
pred,1488,model.layers.20.mlp.gate_proj,mlp.gate_proj,decode,1,QwenHybridDenseNVFP4Linear,0.02252800017595291
pred,1489,model.layers.20.mlp.up_proj,mlp.up_proj,decode,1,QwenHybridDenseNVFP4Linear,0.0208320003002882
pred,1490,model.layers.20.mlp.down_proj,mlp.down_proj,decode,1,QwenHybridDenseNVFP4Linear,0.02252800017595291
pred,1491,model.layers.21.self_attn.q_proj,self_attn.q_proj,decode,1,QwenManualHybridLinear,0.06070400029420853
pred,1492,model.layers.21.self_attn.k_proj,self_attn.k_proj,decode,1,QwenManualHybridLinear,0.04684799909591675
pred,1493,model.layers.21.self_attn.v_proj,self_attn.v_proj,decode,1,QwenManualHybridLinear,0.044895999133586884
pred,1494,model.layers.21.self_attn.o_proj,self_attn.o_proj,decode,1,QwenManualHybridLinear,0.013856000266969204
pred,1495,model.layers.21.mlp.gate_proj,mlp.gate_proj,decode,1,QwenHybridDenseNVFP4Linear,0.02252800017595291
pred,1496,model.layers.21.mlp.up_proj,mlp.up_proj,decode,1,QwenHybridDenseNVFP4Linear,0.02252800017595291
pred,1497,model.layers.21.mlp.down_proj,mlp.down_proj,decode,1,QwenHybridDenseNVFP4Linear,0.02252800017595291
pred,1498,model.layers.22.self_attn.q_proj,self_attn.q_proj,decode,1,QwenManualHybridLinear,0.05558399856090546
pred,1499,model.layers.22.self_attn.k_proj,self_attn.k_proj,decode,1,QwenManualHybridLinear,0.04639999940991402
pred,1500,model.layers.22.self_attn.v_proj,self_attn.v_proj,decode,1,QwenManualHybridLinear,0.044544000178575516
pred,1501,model.layers.22.self_attn.o_proj,self_attn.o_proj,decode,1,QwenManualHybridLinear,0.01228800043463707
pred,1502,model.layers.22.mlp.gate_proj,mlp.gate_proj,decode,1,QwenHybridDenseNVFP4Linear,0.020479999482631683
pred,1503,model.layers.22.mlp.up_proj,mlp.up_proj,decode,1,QwenHybridDenseNVFP4Linear,0.02252800017595291
pred,1504,model.layers.22.mlp.down_proj,mlp.down_proj,decode,1,QwenHybridDenseNVFP4Linear,0.022143999114632607
pred,1505,model.layers.23.self_attn.q_proj,self_attn.q_proj,decode,1,QwenManualHybridLinear,0.05488000065088272
pred,1506,model.layers.23.self_attn.k_proj,self_attn.k_proj,decode,1,QwenManualHybridLinear,0.04633599892258644
pred,1507,model.layers.23.self_attn.v_proj,self_attn.v_proj,decode,1,QwenManualHybridLinear,0.04371200129389763
pred,1508,model.layers.23.self_attn.o_proj,self_attn.o_proj,decode,1,QwenManualHybridLinear,0.015519999898970127
pred,1509,model.layers.23.mlp.gate_proj,mlp.gate_proj,decode,1,QwenHybridDenseNVFP4Linear,0.02252800017595291
pred,1510,model.layers.23.mlp.up_proj,mlp.up_proj,decode,1,QwenHybridDenseNVFP4Linear,0.020479999482631683
pred,1511,model.layers.23.mlp.down_proj,mlp.down_proj,decode,1,QwenHybridDenseNVFP4Linear,0.02252800017595291
pred,1512,model.layers.24.self_attn.q_proj,self_attn.q_proj,decode,1,QwenManualHybridLinear,0.053119998425245285
pred,1513,model.layers.24.self_attn.k_proj,self_attn.k_proj,decode,1,QwenManualHybridLinear,0.04575999826192856
pred,1514,model.layers.24.self_attn.v_proj,self_attn.v_proj,decode,1,QwenManualHybridLinear,0.04294399917125702
pred,1515,model.layers.24.self_attn.o_proj,self_attn.o_proj,decode,1,QwenManualHybridLinear,0.01414399966597557
pred,1516,model.layers.24.mlp.gate_proj,mlp.gate_proj,decode,1,QwenHybridDenseNVFP4Linear,0.02252800017595291
pred,1517,model.layers.24.mlp.up_proj,mlp.up_proj,decode,1,QwenHybridDenseNVFP4Linear,0.022048000246286392
pred,1518,model.layers.24.mlp.down_proj,mlp.down_proj,decode,1,QwenHybridDenseNVFP4Linear,0.02252800017595291
pred,1519,model.layers.25.self_attn.q_proj,self_attn.q_proj,decode,1,QwenManualHybridLinear,0.05158400163054466
pred,1520,model.layers.25.self_attn.k_proj,self_attn.k_proj,decode,1,QwenManualHybridLinear,0.04665600135922432
pred,1521,model.layers.25.self_attn.v_proj,self_attn.v_proj,decode,1,QwenManualHybridLinear,0.042847998440265656
pred,1522,model.layers.25.self_attn.o_proj,self_attn.o_proj,decode,1,QwenManualHybridLinear,0.016127999871969223
pred,1523,model.layers.25.mlp.gate_proj,mlp.gate_proj,decode,1,QwenHybridDenseNVFP4Linear,0.02252800017595291
pred,1524,model.layers.25.mlp.up_proj,mlp.up_proj,decode,1,QwenHybridDenseNVFP4Linear,0.02195199951529503
pred,1525,model.layers.25.mlp.down_proj,mlp.down_proj,decode,1,QwenHybridDenseNVFP4Linear,0.022112000733613968
pred,1526,model.layers.26.self_attn.q_proj,self_attn.q_proj,decode,1,QwenManualHybridLinear,0.04646399989724159
pred,1527,model.layers.26.self_attn.k_proj,self_attn.k_proj,decode,1,QwenManualHybridLinear,0.048767998814582825
pred,1528,model.layers.26.self_attn.v_proj,self_attn.v_proj,decode,1,QwenManualHybridLinear,0.043327998369932175
pred,1529,model.layers.26.self_attn.o_proj,self_attn.o_proj,decode,1,QwenManualHybridLinear,0.017535999417304993
pred,1530,model.layers.26.mlp.gate_proj,mlp.gate_proj,decode,1,QwenHybridDenseNVFP4Linear,0.02252800017595291
pred,1531,model.layers.26.mlp.up_proj,mlp.up_proj,decode,1,QwenHybridDenseNVFP4Linear,0.020479999482631683
pred,1532,model.layers.26.mlp.down_proj,mlp.down_proj,decode,1,QwenHybridDenseNVFP4Linear,0.023104000836610794
pred,1533,model.layers.27.self_attn.q_proj,self_attn.q_proj,decode,1,QwenManualHybridLinear,0.05164799839258194
pred,1534,model.layers.27.self_attn.k_proj,self_attn.k_proj,decode,1,QwenManualHybridLinear,0.04598399996757507
pred,1535,model.layers.27.self_attn.v_proj,self_attn.v_proj,decode,1,QwenManualHybridLinear,0.04255999997258186
pred,1536,model.layers.27.self_attn.o_proj,self_attn.o_proj,decode,1,QwenManualHybridLinear,0.01740800030529499
pred,1537,model.layers.27.mlp.gate_proj,mlp.gate_proj,decode,1,QwenHybridDenseNVFP4Linear,0.02252800017595291
pred,1538,model.layers.27.mlp.up_proj,mlp.up_proj,decode,1,QwenHybridDenseNVFP4Linear,0.02252800017595291
pred,1539,model.layers.27.mlp.down_proj,mlp.down_proj,decode,1,QwenHybridDenseNVFP4Linear,0.02252800017595291
pred,1540,model.layers.28.self_attn.q_proj,self_attn.q_proj,decode,1,QwenManualHybridLinear,0.05110400170087814
pred,1541,model.layers.28.self_attn.k_proj,self_attn.k_proj,decode,1,QwenManualHybridLinear,0.04527999833226204
pred,1542,model.layers.28.self_attn.v_proj,self_attn.v_proj,decode,1,QwenManualHybridLinear,0.043327998369932175
pred,1543,model.layers.28.self_attn.o_proj,self_attn.o_proj,decode,1,QwenManualHybridLinear,0.016896000131964684
pred,1544,model.layers.28.mlp.gate_proj,mlp.gate_proj,decode,1,QwenHybridDenseNVFP4Linear,0.022495999932289124
pred,1545,model.layers.28.mlp.up_proj,mlp.up_proj,decode,1,QwenHybridDenseNVFP4Linear,0.02252800017595291
pred,1546,model.layers.28.mlp.down_proj,mlp.down_proj,decode,1,QwenHybridDenseNVFP4Linear,0.02252800017595291
pred,1547,model.layers.29.self_attn.q_proj,self_attn.q_proj,decode,1,QwenManualHybridLinear,0.050783999264240265
pred,1548,model.layers.29.self_attn.k_proj,self_attn.k_proj,decode,1,QwenManualHybridLinear,0.04694399982690811
pred,1549,model.layers.29.self_attn.v_proj,self_attn.v_proj,decode,1,QwenManualHybridLinear,0.04358400031924248
pred,1550,model.layers.29.self_attn.o_proj,self_attn.o_proj,decode,1,QwenManualHybridLinear,0.015968000516295433
pred,1551,model.layers.29.mlp.gate_proj,mlp.gate_proj,decode,1,QwenHybridDenseNVFP4Linear,0.02252800017595291
pred,1552,model.layers.29.mlp.up_proj,mlp.up_proj,decode,1,QwenHybridDenseNVFP4Linear,0.02252800017595291
pred,1553,model.layers.29.mlp.down_proj,mlp.down_proj,decode,1,QwenHybridDenseNVFP4Linear,0.02252800017595291
pred,1554,model.layers.30.self_attn.q_proj,self_attn.q_proj,decode,1,QwenManualHybridLinear,0.051711998879909515
pred,1555,model.layers.30.self_attn.k_proj,self_attn.k_proj,decode,1,QwenManualHybridLinear,0.04499199986457825
pred,1556,model.layers.30.self_attn.v_proj,self_attn.v_proj,decode,1,QwenManualHybridLinear,0.044863998889923096
pred,1557,model.layers.30.self_attn.o_proj,self_attn.o_proj,decode,1,QwenManualHybridLinear,0.014783999882638454
pred,1558,model.layers.30.mlp.gate_proj,mlp.gate_proj,decode,1,QwenHybridDenseNVFP4Linear,0.02252800017595291
pred,1559,model.layers.30.mlp.up_proj,mlp.up_proj,decode,1,QwenHybridDenseNVFP4Linear,0.02252800017595291
pred,1560,model.layers.30.mlp.down_proj,mlp.down_proj,decode,1,QwenHybridDenseNVFP4Linear,0.02252800017595291
pred,1561,model.layers.31.self_attn.q_proj,self_attn.q_proj,decode,1,QwenManualHybridLinear,0.05027199909090996
pred,1562,model.layers.31.self_attn.k_proj,self_attn.k_proj,decode,1,QwenManualHybridLinear,0.04499199986457825
pred,1563,model.layers.31.self_attn.v_proj,self_attn.v_proj,decode,1,QwenManualHybridLinear,0.04320000112056732
pred,1564,model.layers.31.self_attn.o_proj,self_attn.o_proj,decode,1,QwenManualHybridLinear,0.015744000673294067
pred,1565,model.layers.31.mlp.gate_proj,mlp.gate_proj,decode,1,QwenHybridDenseNVFP4Linear,0.02252800017595291
pred,1566,model.layers.31.mlp.up_proj,mlp.up_proj,decode,1,QwenHybridDenseNVFP4Linear,0.020479999482631683
pred,1567,model.layers.31.mlp.down_proj,mlp.down_proj,decode,1,QwenHybridDenseNVFP4Linear,0.02252800017595291
pred,1568,model.layers.0.self_attn.q_proj,self_attn.q_proj,decode,1,QwenManualHybridLinear,0.0835840031504631
pred,1569,model.layers.0.self_attn.k_proj,self_attn.k_proj,decode,1,QwenManualHybridLinear,0.06249599903821945
pred,1570,model.layers.0.self_attn.v_proj,self_attn.v_proj,decode,1,QwenManualHybridLinear,0.04972799867391586
pred,1571,model.layers.0.self_attn.o_proj,self_attn.o_proj,decode,1,QwenManualHybridLinear,0.01228800043463707
pred,1572,model.layers.0.mlp.gate_proj,mlp.gate_proj,decode,1,QwenHybridDenseNVFP4Linear,0.02252800017595291
pred,1573,model.layers.0.mlp.up_proj,mlp.up_proj,decode,1,QwenHybridDenseNVFP4Linear,0.02252800017595291
pred,1574,model.layers.0.mlp.down_proj,mlp.down_proj,decode,1,QwenHybridDenseNVFP4Linear,0.02252800017595291
pred,1575,model.layers.1.self_attn.q_proj,self_attn.q_proj,decode,1,QwenManualHybridLinear,0.05129599943757057
pred,1576,model.layers.1.self_attn.k_proj,self_attn.k_proj,decode,1,QwenManualHybridLinear,0.04838399961590767
pred,1577,model.layers.1.self_attn.v_proj,self_attn.v_proj,decode,1,QwenManualHybridLinear,0.043007999658584595
pred,1578,model.layers.1.self_attn.o_proj,self_attn.o_proj,decode,1,QwenManualHybridLinear,0.01408000010997057
pred,1579,model.layers.1.mlp.gate_proj,mlp.gate_proj,decode,1,QwenHybridDenseNVFP4Linear,0.023135999217629433
pred,1580,model.layers.1.mlp.up_proj,mlp.up_proj,decode,1,QwenHybridDenseNVFP4Linear,0.02252800017595291
pred,1581,model.layers.1.mlp.down_proj,mlp.down_proj,decode,1,QwenHybridDenseNVFP4Linear,0.02252800017595291
pred,1582,model.layers.2.self_attn.q_proj,self_attn.q_proj,decode,1,QwenManualHybridLinear,0.05907199904322624
pred,1583,model.layers.2.self_attn.k_proj,self_attn.k_proj,decode,1,QwenManualHybridLinear,0.051072001457214355
pred,1584,model.layers.2.self_attn.v_proj,self_attn.v_proj,decode,1,QwenManualHybridLinear,0.045152001082897186
pred,1585,model.layers.2.self_attn.o_proj,self_attn.o_proj,decode,1,QwenManualHybridLinear,0.013024000450968742
pred,1586,model.layers.2.mlp.gate_proj,mlp.gate_proj,decode,1,QwenHybridDenseNVFP4Linear,0.02252800017595291
pred,1587,model.layers.2.mlp.up_proj,mlp.up_proj,decode,1,QwenHybridDenseNVFP4Linear,0.02252800017595291
pred,1588,model.layers.2.mlp.down_proj,mlp.down_proj,decode,1,QwenHybridDenseNVFP4Linear,0.02252800017595291
pred,1589,model.layers.3.self_attn.q_proj,self_attn.q_proj,decode,1,QwenManualHybridLinear,0.0496320016682148
pred,1590,model.layers.3.self_attn.k_proj,self_attn.k_proj,decode,1,QwenManualHybridLinear,0.044096000492572784
pred,1591,model.layers.3.self_attn.v_proj,self_attn.v_proj,decode,1,QwenManualHybridLinear,0.042688000947237015
pred,1592,model.layers.3.self_attn.o_proj,self_attn.o_proj,decode,1,QwenManualHybridLinear,0.013535999692976475
pred,1593,model.layers.3.mlp.gate_proj,mlp.gate_proj,decode,1,QwenHybridDenseNVFP4Linear,0.02252800017595291
pred,1594,model.layers.3.mlp.up_proj,mlp.up_proj,decode,1,QwenHybridDenseNVFP4Linear,0.02252800017595291
pred,1595,model.layers.3.mlp.down_proj,mlp.down_proj,decode,1,QwenHybridDenseNVFP4Linear,0.02252800017595291
pred,1596,model.layers.4.self_attn.q_proj,self_attn.q_proj,decode,1,QwenManualHybridLinear,0.05369599908590317
pred,1597,model.layers.4.self_attn.k_proj,self_attn.k_proj,decode,1,QwenManualHybridLinear,0.04601600021123886
pred,1598,model.layers.4.self_attn.v_proj,self_attn.v_proj,decode,1,QwenManualHybridLinear,0.04428799822926521
pred,1599,model.layers.4.self_attn.o_proj,self_attn.o_proj,decode,1,QwenManualHybridLinear,0.016256000846624374
pred,1600,model.layers.4.mlp.gate_proj,mlp.gate_proj,decode,1,QwenHybridDenseNVFP4Linear,0.02252800017595291
pred,1601,model.layers.4.mlp.up_proj,mlp.up_proj,decode,1,QwenHybridDenseNVFP4Linear,0.02252800017595291
pred,1602,model.layers.4.mlp.down_proj,mlp.down_proj,decode,1,QwenHybridDenseNVFP4Linear,0.02252800017595291
pred,1603,model.layers.5.self_attn.q_proj,self_attn.q_proj,decode,1,QwenManualHybridLinear,0.050303999334573746
pred,1604,model.layers.5.self_attn.k_proj,self_attn.k_proj,decode,1,QwenManualHybridLinear,0.04604800045490265
pred,1605,model.layers.5.self_attn.v_proj,self_attn.v_proj,decode,1,QwenManualHybridLinear,0.04201599955558777
pred,1606,model.layers.5.self_attn.o_proj,self_attn.o_proj,decode,1,QwenManualHybridLinear,0.013919999822974205
pred,1607,model.layers.5.mlp.gate_proj,mlp.gate_proj,decode,1,QwenHybridDenseNVFP4Linear,0.02252800017595291
pred,1608,model.layers.5.mlp.up_proj,mlp.up_proj,decode,1,QwenHybridDenseNVFP4Linear,0.020479999482631683
pred,1609,model.layers.5.mlp.down_proj,mlp.down_proj,decode,1,QwenHybridDenseNVFP4Linear,0.02252800017595291
pred,1610,model.layers.6.self_attn.q_proj,self_attn.q_proj,decode,1,QwenManualHybridLinear,0.05225599929690361
pred,1611,model.layers.6.self_attn.k_proj,self_attn.k_proj,decode,1,QwenManualHybridLinear,0.047040000557899475
pred,1612,model.layers.6.self_attn.v_proj,self_attn.v_proj,decode,1,QwenManualHybridLinear,0.0432640016078949
pred,1613,model.layers.6.self_attn.o_proj,self_attn.o_proj,decode,1,QwenManualHybridLinear,0.015072000212967396
pred,1614,model.layers.6.mlp.gate_proj,mlp.gate_proj,decode,1,QwenHybridDenseNVFP4Linear,0.02252800017595291
pred,1615,model.layers.6.mlp.up_proj,mlp.up_proj,decode,1,QwenHybridDenseNVFP4Linear,0.022048000246286392
pred,1616,model.layers.6.mlp.down_proj,mlp.down_proj,decode,1,QwenHybridDenseNVFP4Linear,0.02147199958562851
pred,1617,model.layers.7.self_attn.q_proj,self_attn.q_proj,decode,1,QwenManualHybridLinear,0.057760000228881836
pred,1618,model.layers.7.self_attn.k_proj,self_attn.k_proj,decode,1,QwenManualHybridLinear,0.0451200008392334
pred,1619,model.layers.7.self_attn.v_proj,self_attn.v_proj,decode,1,QwenManualHybridLinear,0.042688000947237015
pred,1620,model.layers.7.self_attn.o_proj,self_attn.o_proj,decode,1,QwenManualHybridLinear,0.01571200042963028
pred,1621,model.layers.7.mlp.gate_proj,mlp.gate_proj,decode,1,QwenHybridDenseNVFP4Linear,0.02252800017595291
pred,1622,model.layers.7.mlp.up_proj,mlp.up_proj,decode,1,QwenHybridDenseNVFP4Linear,0.02252800017595291
pred,1623,model.layers.7.mlp.down_proj,mlp.down_proj,decode,1,QwenHybridDenseNVFP4Linear,0.02252800017595291
pred,1624,model.layers.8.self_attn.q_proj,self_attn.q_proj,decode,1,QwenManualHybridLinear,0.052032001316547394
pred,1625,model.layers.8.self_attn.k_proj,self_attn.k_proj,decode,1,QwenManualHybridLinear,0.04499199986457825
pred,1626,model.layers.8.self_attn.v_proj,self_attn.v_proj,decode,1,QwenManualHybridLinear,0.04201599955558777
pred,1627,model.layers.8.self_attn.o_proj,self_attn.o_proj,decode,1,QwenManualHybridLinear,0.015519999898970127
pred,1628,model.layers.8.mlp.gate_proj,mlp.gate_proj,decode,1,QwenHybridDenseNVFP4Linear,0.02252800017595291
pred,1629,model.layers.8.mlp.up_proj,mlp.up_proj,decode,1,QwenHybridDenseNVFP4Linear,0.022495999932289124
pred,1630,model.layers.8.mlp.down_proj,mlp.down_proj,decode,1,QwenHybridDenseNVFP4Linear,0.02252800017595291
pred,1631,model.layers.9.self_attn.q_proj,self_attn.q_proj,decode,1,QwenManualHybridLinear,0.04281599819660187
pred,1632,model.layers.9.self_attn.k_proj,self_attn.k_proj,decode,1,QwenManualHybridLinear,0.04323200136423111
pred,1633,model.layers.9.self_attn.v_proj,self_attn.v_proj,decode,1,QwenManualHybridLinear,0.0432640016078949
pred,1634,model.layers.9.self_attn.o_proj,self_attn.o_proj,decode,1,QwenManualHybridLinear,0.01228800043463707
pred,1635,model.layers.9.mlp.gate_proj,mlp.gate_proj,decode,1,QwenHybridDenseNVFP4Linear,0.02252800017595291
pred,1636,model.layers.9.mlp.up_proj,mlp.up_proj,decode,1,QwenHybridDenseNVFP4Linear,0.02252800017595291
pred,1637,model.layers.9.mlp.down_proj,mlp.down_proj,decode,1,QwenHybridDenseNVFP4Linear,0.02252800017595291
pred,1638,model.layers.10.self_attn.q_proj,self_attn.q_proj,decode,1,QwenManualHybridLinear,0.050303999334573746
pred,1639,model.layers.10.self_attn.k_proj,self_attn.k_proj,decode,1,QwenManualHybridLinear,0.04444799944758415
pred,1640,model.layers.10.self_attn.v_proj,self_attn.v_proj,decode,1,QwenManualHybridLinear,0.04281599819660187
pred,1641,model.layers.10.self_attn.o_proj,self_attn.o_proj,decode,1,QwenManualHybridLinear,0.013887999579310417
pred,1642,model.layers.10.mlp.gate_proj,mlp.gate_proj,decode,1,QwenHybridDenseNVFP4Linear,0.02252800017595291
pred,1643,model.layers.10.mlp.up_proj,mlp.up_proj,decode,1,QwenHybridDenseNVFP4Linear,0.02208000048995018
pred,1644,model.layers.10.mlp.down_proj,mlp.down_proj,decode,1,QwenHybridDenseNVFP4Linear,0.022143999114632607
pred,1645,model.layers.11.self_attn.q_proj,self_attn.q_proj,decode,1,QwenManualHybridLinear,0.04975999891757965
pred,1646,model.layers.11.self_attn.k_proj,self_attn.k_proj,decode,1,QwenManualHybridLinear,0.044224001467227936
pred,1647,model.layers.11.self_attn.v_proj,self_attn.v_proj,decode,1,QwenManualHybridLinear,0.04255999997258186
pred,1648,model.layers.11.self_attn.o_proj,self_attn.o_proj,decode,1,QwenManualHybridLinear,0.01414399966597557
pred,1649,model.layers.11.mlp.gate_proj,mlp.gate_proj,decode,1,QwenHybridDenseNVFP4Linear,0.02252800017595291
pred,1650,model.layers.11.mlp.up_proj,mlp.up_proj,decode,1,QwenHybridDenseNVFP4Linear,0.02252800017595291
pred,1651,model.layers.11.mlp.down_proj,mlp.down_proj,decode,1,QwenHybridDenseNVFP4Linear,0.02252800017595291
pred,1652,model.layers.12.self_attn.q_proj,self_attn.q_proj,decode,1,QwenManualHybridLinear,0.05657599866390228
pred,1653,model.layers.12.self_attn.k_proj,self_attn.k_proj,decode,1,QwenManualHybridLinear,0.04467200115323067
pred,1654,model.layers.12.self_attn.v_proj,self_attn.v_proj,decode,1,QwenManualHybridLinear,0.04310400038957596
pred,1655,model.layers.12.self_attn.o_proj,self_attn.o_proj,decode,1,QwenManualHybridLinear,0.01414399966597557
pred,1656,model.layers.12.mlp.gate_proj,mlp.gate_proj,decode,1,QwenHybridDenseNVFP4Linear,0.02252800017595291
pred,1657,model.layers.12.mlp.up_proj,mlp.up_proj,decode,1,QwenHybridDenseNVFP4Linear,0.02457600086927414
pred,1658,model.layers.12.mlp.down_proj,mlp.down_proj,decode,1,QwenHybridDenseNVFP4Linear,0.02252800017595291
pred,1659,model.layers.13.self_attn.q_proj,self_attn.q_proj,decode,1,QwenManualHybridLinear,0.04649600014090538
pred,1660,model.layers.13.self_attn.k_proj,self_attn.k_proj,decode,1,QwenManualHybridLinear,0.04521600157022476
pred,1661,model.layers.13.self_attn.v_proj,self_attn.v_proj,decode,1,QwenManualHybridLinear,0.04310400038957596
pred,1662,model.layers.13.self_attn.o_proj,self_attn.o_proj,decode,1,QwenManualHybridLinear,0.015647999942302704
pred,1663,model.layers.13.mlp.gate_proj,mlp.gate_proj,decode,1,QwenHybridDenseNVFP4Linear,0.02252800017595291
pred,1664,model.layers.13.mlp.up_proj,mlp.up_proj,decode,1,QwenHybridDenseNVFP4Linear,0.02252800017595291
pred,1665,model.layers.13.mlp.down_proj,mlp.down_proj,decode,1,QwenHybridDenseNVFP4Linear,0.02252800017595291
pred,1666,model.layers.14.self_attn.q_proj,self_attn.q_proj,decode,1,QwenManualHybridLinear,0.04057599976658821
pred,1667,model.layers.14.self_attn.k_proj,self_attn.k_proj,decode,1,QwenManualHybridLinear,0.044863998889923096
pred,1668,model.layers.14.self_attn.v_proj,self_attn.v_proj,decode,1,QwenManualHybridLinear,0.04291199892759323
pred,1669,model.layers.14.self_attn.o_proj,self_attn.o_proj,decode,1,QwenManualHybridLinear,0.01583999954164028
pred,1670,model.layers.14.mlp.gate_proj,mlp.gate_proj,decode,1,QwenHybridDenseNVFP4Linear,0.02252800017595291
pred,1671,model.layers.14.mlp.up_proj,mlp.up_proj,decode,1,QwenHybridDenseNVFP4Linear,0.022495999932289124
pred,1672,model.layers.14.mlp.down_proj,mlp.down_proj,decode,1,QwenHybridDenseNVFP4Linear,0.02252800017595291
pred,1673,model.layers.15.self_attn.q_proj,self_attn.q_proj,decode,1,QwenManualHybridLinear,0.05040000006556511
pred,1674,model.layers.15.self_attn.k_proj,self_attn.k_proj,decode,1,QwenManualHybridLinear,0.04483199864625931
pred,1675,model.layers.15.self_attn.v_proj,self_attn.v_proj,decode,1,QwenManualHybridLinear,0.042527999728918076
pred,1676,model.layers.15.self_attn.o_proj,self_attn.o_proj,decode,1,QwenManualHybridLinear,0.014368000440299511
pred,1677,model.layers.15.mlp.gate_proj,mlp.gate_proj,decode,1,QwenHybridDenseNVFP4Linear,0.02252800017595291
pred,1678,model.layers.15.mlp.up_proj,mlp.up_proj,decode,1,QwenHybridDenseNVFP4Linear,0.02252800017595291
pred,1679,model.layers.15.mlp.down_proj,mlp.down_proj,decode,1,QwenHybridDenseNVFP4Linear,0.020896000787615776
pred,1680,model.layers.16.self_attn.q_proj,self_attn.q_proj,decode,1,QwenManualHybridLinear,0.05212799832224846
pred,1681,model.layers.16.self_attn.k_proj,self_attn.k_proj,decode,1,QwenManualHybridLinear,0.054048001766204834
pred,1682,model.layers.16.self_attn.v_proj,self_attn.v_proj,decode,1,QwenManualHybridLinear,0.043007999658584595
pred,1683,model.layers.16.self_attn.o_proj,self_attn.o_proj,decode,1,QwenManualHybridLinear,0.016127999871969223
pred,1684,model.layers.16.mlp.gate_proj,mlp.gate_proj,decode,1,QwenHybridDenseNVFP4Linear,0.02252800017595291
pred,1685,model.layers.16.mlp.up_proj,mlp.up_proj,decode,1,QwenHybridDenseNVFP4Linear,0.02252800017595291
pred,1686,model.layers.16.mlp.down_proj,mlp.down_proj,decode,1,QwenHybridDenseNVFP4Linear,0.02252800017595291
pred,1687,model.layers.17.self_attn.q_proj,self_attn.q_proj,decode,1,QwenManualHybridLinear,0.04854400083422661
pred,1688,model.layers.17.self_attn.k_proj,self_attn.k_proj,decode,1,QwenManualHybridLinear,0.0453759990632534
pred,1689,model.layers.17.self_attn.v_proj,self_attn.v_proj,decode,1,QwenManualHybridLinear,0.04255999997258186
pred,1690,model.layers.17.self_attn.o_proj,self_attn.o_proj,decode,1,QwenManualHybridLinear,0.014751999638974667
pred,1691,model.layers.17.mlp.gate_proj,mlp.gate_proj,decode,1,QwenHybridDenseNVFP4Linear,0.022495999932289124
pred,1692,model.layers.17.mlp.up_proj,mlp.up_proj,decode,1,QwenHybridDenseNVFP4Linear,0.02252800017595291
pred,1693,model.layers.17.mlp.down_proj,mlp.down_proj,decode,1,QwenHybridDenseNVFP4Linear,0.02252800017595291
pred,1694,model.layers.18.self_attn.q_proj,self_attn.q_proj,decode,1,QwenManualHybridLinear,0.05379199981689453
pred,1695,model.layers.18.self_attn.k_proj,self_attn.k_proj,decode,1,QwenManualHybridLinear,0.04560000076889992
pred,1696,model.layers.18.self_attn.v_proj,self_attn.v_proj,decode,1,QwenManualHybridLinear,0.04342399910092354
pred,1697,model.layers.18.self_attn.o_proj,self_attn.o_proj,decode,1,QwenManualHybridLinear,0.015968000516295433
pred,1698,model.layers.18.mlp.gate_proj,mlp.gate_proj,decode,1,QwenHybridDenseNVFP4Linear,0.02252800017595291
pred,1699,model.layers.18.mlp.up_proj,mlp.up_proj,decode,1,QwenHybridDenseNVFP4Linear,0.020479999482631683
pred,1700,model.layers.18.mlp.down_proj,mlp.down_proj,decode,1,QwenHybridDenseNVFP4Linear,0.02252800017595291
pred,1701,model.layers.19.self_attn.q_proj,self_attn.q_proj,decode,1,QwenManualHybridLinear,0.052960000932216644
pred,1702,model.layers.19.self_attn.k_proj,self_attn.k_proj,decode,1,QwenManualHybridLinear,0.04527999833226204
pred,1703,model.layers.19.self_attn.v_proj,self_attn.v_proj,decode,1,QwenManualHybridLinear,0.04508800059556961
pred,1704,model.layers.19.self_attn.o_proj,self_attn.o_proj,decode,1,QwenManualHybridLinear,0.014783999882638454
pred,1705,model.layers.19.mlp.gate_proj,mlp.gate_proj,decode,1,QwenHybridDenseNVFP4Linear,0.02252800017595291
pred,1706,model.layers.19.mlp.up_proj,mlp.up_proj,decode,1,QwenHybridDenseNVFP4Linear,0.02252800017595291
pred,1707,model.layers.19.mlp.down_proj,mlp.down_proj,decode,1,QwenHybridDenseNVFP4Linear,0.02252800017595291
pred,1708,model.layers.20.self_attn.q_proj,self_attn.q_proj,decode,1,QwenManualHybridLinear,0.05648000165820122
pred,1709,model.layers.20.self_attn.k_proj,self_attn.k_proj,decode,1,QwenManualHybridLinear,0.04668800160288811
pred,1710,model.layers.20.self_attn.v_proj,self_attn.v_proj,decode,1,QwenManualHybridLinear,0.04262400045990944
pred,1711,model.layers.20.self_attn.o_proj,self_attn.o_proj,decode,1,QwenManualHybridLinear,0.01603199914097786
pred,1712,model.layers.20.mlp.gate_proj,mlp.gate_proj,decode,1,QwenHybridDenseNVFP4Linear,0.02252800017595291
pred,1713,model.layers.20.mlp.up_proj,mlp.up_proj,decode,1,QwenHybridDenseNVFP4Linear,0.02252800017595291
pred,1714,model.layers.20.mlp.down_proj,mlp.down_proj,decode,1,QwenHybridDenseNVFP4Linear,0.02252800017595291
pred,1715,model.layers.21.self_attn.q_proj,self_attn.q_proj,decode,1,QwenManualHybridLinear,0.050783999264240265
pred,1716,model.layers.21.self_attn.k_proj,self_attn.k_proj,decode,1,QwenManualHybridLinear,0.045024000108242035
pred,1717,model.layers.21.self_attn.v_proj,self_attn.v_proj,decode,1,QwenManualHybridLinear,0.04249599948525429
pred,1718,model.layers.21.self_attn.o_proj,self_attn.o_proj,decode,1,QwenManualHybridLinear,0.015968000516295433
pred,1719,model.layers.21.mlp.gate_proj,mlp.gate_proj,decode,1,QwenHybridDenseNVFP4Linear,0.02252800017595291
pred,1720,model.layers.21.mlp.up_proj,mlp.up_proj,decode,1,QwenHybridDenseNVFP4Linear,0.02252800017595291
pred,1721,model.layers.21.mlp.down_proj,mlp.down_proj,decode,1,QwenHybridDenseNVFP4Linear,0.02252800017595291
pred,1722,model.layers.22.self_attn.q_proj,self_attn.q_proj,decode,1,QwenManualHybridLinear,0.05215999856591225
pred,1723,model.layers.22.self_attn.k_proj,self_attn.k_proj,decode,1,QwenManualHybridLinear,0.04560000076889992
pred,1724,model.layers.22.self_attn.v_proj,self_attn.v_proj,decode,1,QwenManualHybridLinear,0.04323200136423111
pred,1725,model.layers.22.self_attn.o_proj,self_attn.o_proj,decode,1,QwenManualHybridLinear,0.01500799972563982
pred,1726,model.layers.22.mlp.gate_proj,mlp.gate_proj,decode,1,QwenHybridDenseNVFP4Linear,0.02252800017595291
pred,1727,model.layers.22.mlp.up_proj,mlp.up_proj,decode,1,QwenHybridDenseNVFP4Linear,0.02252800017595291
pred,1728,model.layers.22.mlp.down_proj,mlp.down_proj,decode,1,QwenHybridDenseNVFP4Linear,0.022304000332951546
pred,1729,model.layers.23.self_attn.q_proj,self_attn.q_proj,decode,1,QwenManualHybridLinear,0.05040000006556511
pred,1730,model.layers.23.self_attn.k_proj,self_attn.k_proj,decode,1,QwenManualHybridLinear,0.04435199871659279
pred,1731,model.layers.23.self_attn.v_proj,self_attn.v_proj,decode,1,QwenManualHybridLinear,0.043168000876903534
pred,1732,model.layers.23.self_attn.o_proj,self_attn.o_proj,decode,1,QwenManualHybridLinear,0.017503999173641205
pred,1733,model.layers.23.mlp.gate_proj,mlp.gate_proj,decode,1,QwenHybridDenseNVFP4Linear,0.02252800017595291
pred,1734,model.layers.23.mlp.up_proj,mlp.up_proj,decode,1,QwenHybridDenseNVFP4Linear,0.020479999482631683
pred,1735,model.layers.23.mlp.down_proj,mlp.down_proj,decode,1,QwenHybridDenseNVFP4Linear,0.02252800017595291
pred,1736,model.layers.24.self_attn.q_proj,self_attn.q_proj,decode,1,QwenManualHybridLinear,0.05350400134921074
pred,1737,model.layers.24.self_attn.k_proj,self_attn.k_proj,decode,1,QwenManualHybridLinear,0.05142400041222572
pred,1738,model.layers.24.self_attn.v_proj,self_attn.v_proj,decode,1,QwenManualHybridLinear,0.044544000178575516
pred,1739,model.layers.24.self_attn.o_proj,self_attn.o_proj,decode,1,QwenManualHybridLinear,0.015456000342965126
pred,1740,model.layers.24.mlp.gate_proj,mlp.gate_proj,decode,1,QwenHybridDenseNVFP4Linear,0.02252800017595291
pred,1741,model.layers.24.mlp.up_proj,mlp.up_proj,decode,1,QwenHybridDenseNVFP4Linear,0.023072000592947006
pred,1742,model.layers.24.mlp.down_proj,mlp.down_proj,decode,1,QwenHybridDenseNVFP4Linear,0.02252800017595291
pred,1743,model.layers.25.self_attn.q_proj,self_attn.q_proj,decode,1,QwenManualHybridLinear,0.050944000482559204
pred,1744,model.layers.25.self_attn.k_proj,self_attn.k_proj,decode,1,QwenManualHybridLinear,0.04668800160288811
pred,1745,model.layers.25.self_attn.v_proj,self_attn.v_proj,decode,1,QwenManualHybridLinear,0.04371200129389763
pred,1746,model.layers.25.self_attn.o_proj,self_attn.o_proj,decode,1,QwenManualHybridLinear,0.014911999925971031
pred,1747,model.layers.25.mlp.gate_proj,mlp.gate_proj,decode,1,QwenHybridDenseNVFP4Linear,0.022495999932289124
pred,1748,model.layers.25.mlp.up_proj,mlp.up_proj,decode,1,QwenHybridDenseNVFP4Linear,0.020479999482631683
pred,1749,model.layers.25.mlp.down_proj,mlp.down_proj,decode,1,QwenHybridDenseNVFP4Linear,0.023615999147295952
pred,1750,model.layers.26.self_attn.q_proj,self_attn.q_proj,decode,1,QwenManualHybridLinear,0.051552001386880875
pred,1751,model.layers.26.self_attn.k_proj,self_attn.k_proj,decode,1,QwenManualHybridLinear,0.04598399996757507
pred,1752,model.layers.26.self_attn.v_proj,self_attn.v_proj,decode,1,QwenManualHybridLinear,0.04323200136423111
pred,1753,model.layers.26.self_attn.o_proj,self_attn.o_proj,decode,1,QwenManualHybridLinear,0.014336000196635723
pred,1754,model.layers.26.mlp.gate_proj,mlp.gate_proj,decode,1,QwenHybridDenseNVFP4Linear,0.02252800017595291
pred,1755,model.layers.26.mlp.up_proj,mlp.up_proj,decode,1,QwenHybridDenseNVFP4Linear,0.02252800017595291
pred,1756,model.layers.26.mlp.down_proj,mlp.down_proj,decode,1,QwenHybridDenseNVFP4Linear,0.022336000576615334
pred,1757,model.layers.27.self_attn.q_proj,self_attn.q_proj,decode,1,QwenManualHybridLinear,0.050335999578237534
pred,1758,model.layers.27.self_attn.k_proj,self_attn.k_proj,decode,1,QwenManualHybridLinear,0.04620800167322159
pred,1759,model.layers.27.self_attn.v_proj,self_attn.v_proj,decode,1,QwenManualHybridLinear,0.04291199892759323
pred,1760,model.layers.27.self_attn.o_proj,self_attn.o_proj,decode,1,QwenManualHybridLinear,0.01228800043463707
pred,1761,model.layers.27.mlp.gate_proj,mlp.gate_proj,decode,1,QwenHybridDenseNVFP4Linear,0.02252800017595291
pred,1762,model.layers.27.mlp.up_proj,mlp.up_proj,decode,1,QwenHybridDenseNVFP4Linear,0.02252800017595291
pred,1763,model.layers.27.mlp.down_proj,mlp.down_proj,decode,1,QwenHybridDenseNVFP4Linear,0.02252800017595291
pred,1764,model.layers.28.self_attn.q_proj,self_attn.q_proj,decode,1,QwenManualHybridLinear,0.05132799968123436
pred,1765,model.layers.28.self_attn.k_proj,self_attn.k_proj,decode,1,QwenManualHybridLinear,0.046271998435258865
pred,1766,model.layers.28.self_attn.v_proj,self_attn.v_proj,decode,1,QwenManualHybridLinear,0.0504320003092289
pred,1767,model.layers.28.self_attn.o_proj,self_attn.o_proj,decode,1,QwenManualHybridLinear,0.0163199994713068
pred,1768,model.layers.28.mlp.gate_proj,mlp.gate_proj,decode,1,QwenHybridDenseNVFP4Linear,0.02252800017595291
pred,1769,model.layers.28.mlp.up_proj,mlp.up_proj,decode,1,QwenHybridDenseNVFP4Linear,0.02127999998629093
pred,1770,model.layers.28.mlp.down_proj,mlp.down_proj,decode,1,QwenHybridDenseNVFP4Linear,0.02252800017595291
pred,1771,model.layers.29.self_attn.q_proj,self_attn.q_proj,decode,1,QwenManualHybridLinear,0.052480001002550125
pred,1772,model.layers.29.self_attn.k_proj,self_attn.k_proj,decode,1,QwenManualHybridLinear,0.04588799923658371
pred,1773,model.layers.29.self_attn.v_proj,self_attn.v_proj,decode,1,QwenManualHybridLinear,0.04182400181889534
pred,1774,model.layers.29.self_attn.o_proj,self_attn.o_proj,decode,1,QwenManualHybridLinear,0.014655999839305878
pred,1775,model.layers.29.mlp.gate_proj,mlp.gate_proj,decode,1,QwenHybridDenseNVFP4Linear,0.02252800017595291
pred,1776,model.layers.29.mlp.up_proj,mlp.up_proj,decode,1,QwenHybridDenseNVFP4Linear,0.021247999742627144
pred,1777,model.layers.29.mlp.down_proj,mlp.down_proj,decode,1,QwenHybridDenseNVFP4Linear,0.02252800017595291
pred,1778,model.layers.30.self_attn.q_proj,self_attn.q_proj,decode,1,QwenManualHybridLinear,0.052000001072883606
pred,1779,model.layers.30.self_attn.k_proj,self_attn.k_proj,decode,1,QwenManualHybridLinear,0.04694399982690811
pred,1780,model.layers.30.self_attn.v_proj,self_attn.v_proj,decode,1,QwenManualHybridLinear,0.04275200143456459
pred,1781,model.layers.30.self_attn.o_proj,self_attn.o_proj,decode,1,QwenManualHybridLinear,0.01603199914097786
pred,1782,model.layers.30.mlp.gate_proj,mlp.gate_proj,decode,1,QwenHybridDenseNVFP4Linear,0.022495999932289124
pred,1783,model.layers.30.mlp.up_proj,mlp.up_proj,decode,1,QwenHybridDenseNVFP4Linear,0.02252800017595291
pred,1784,model.layers.30.mlp.down_proj,mlp.down_proj,decode,1,QwenHybridDenseNVFP4Linear,0.022207999601960182
pred,1785,model.layers.31.self_attn.q_proj,self_attn.q_proj,decode,1,QwenManualHybridLinear,0.05161599814891815
pred,1786,model.layers.31.self_attn.k_proj,self_attn.k_proj,decode,1,QwenManualHybridLinear,0.046879999339580536
pred,1787,model.layers.31.self_attn.v_proj,self_attn.v_proj,decode,1,QwenManualHybridLinear,0.04287999868392944
pred,1788,model.layers.31.self_attn.o_proj,self_attn.o_proj,decode,1,QwenManualHybridLinear,0.015200000256299973
pred,1789,model.layers.31.mlp.gate_proj,mlp.gate_proj,decode,1,QwenHybridDenseNVFP4Linear,0.02252800017595291
pred,1790,model.layers.31.mlp.up_proj,mlp.up_proj,decode,1,QwenHybridDenseNVFP4Linear,0.02252800017595291
pred,1791,model.layers.31.mlp.down_proj,mlp.down_proj,decode,1,QwenHybridDenseNVFP4Linear,0.02252800017595291
pred,1792,model.layers.0.self_attn.q_proj,self_attn.q_proj,decode,1,QwenManualHybridLinear,0.0835840031504631
pred,1793,model.layers.0.self_attn.k_proj,self_attn.k_proj,decode,1,QwenManualHybridLinear,0.05395200103521347
pred,1794,model.layers.0.self_attn.v_proj,self_attn.v_proj,decode,1,QwenManualHybridLinear,0.047359999269247055
pred,1795,model.layers.0.self_attn.o_proj,self_attn.o_proj,decode,1,QwenManualHybridLinear,0.014688000082969666
pred,1796,model.layers.0.mlp.gate_proj,mlp.gate_proj,decode,1,QwenHybridDenseNVFP4Linear,0.02252800017595291
pred,1797,model.layers.0.mlp.up_proj,mlp.up_proj,decode,1,QwenHybridDenseNVFP4Linear,0.02252800017595291
pred,1798,model.layers.0.mlp.down_proj,mlp.down_proj,decode,1,QwenHybridDenseNVFP4Linear,0.02252800017595291
pred,1799,model.layers.1.self_attn.q_proj,self_attn.q_proj,decode,1,QwenManualHybridLinear,0.051072001457214355
pred,1800,model.layers.1.self_attn.k_proj,self_attn.k_proj,decode,1,QwenManualHybridLinear,0.04646399989724159
pred,1801,model.layers.1.self_attn.v_proj,self_attn.v_proj,decode,1,QwenManualHybridLinear,0.044895999133586884
pred,1802,model.layers.1.self_attn.o_proj,self_attn.o_proj,decode,1,QwenManualHybridLinear,0.013952000066637993
pred,1803,model.layers.1.mlp.gate_proj,mlp.gate_proj,decode,1,QwenHybridDenseNVFP4Linear,0.02252800017595291
pred,1804,model.layers.1.mlp.up_proj,mlp.up_proj,decode,1,QwenHybridDenseNVFP4Linear,0.02252800017595291
pred,1805,model.layers.1.mlp.down_proj,mlp.down_proj,decode,1,QwenHybridDenseNVFP4Linear,0.023072000592947006
pred,1806,model.layers.2.self_attn.q_proj,self_attn.q_proj,decode,1,QwenManualHybridLinear,0.05286400020122528
pred,1807,model.layers.2.self_attn.k_proj,self_attn.k_proj,decode,1,QwenManualHybridLinear,0.04438399896025658
pred,1808,model.layers.2.self_attn.v_proj,self_attn.v_proj,decode,1,QwenManualHybridLinear,0.045951999723911285
pred,1809,model.layers.2.self_attn.o_proj,self_attn.o_proj,decode,1,QwenManualHybridLinear,0.016256000846624374
pred,1810,model.layers.2.mlp.gate_proj,mlp.gate_proj,decode,1,QwenHybridDenseNVFP4Linear,0.022495999932289124
pred,1811,model.layers.2.mlp.up_proj,mlp.up_proj,decode,1,QwenHybridDenseNVFP4Linear,0.02252800017595291
pred,1812,model.layers.2.mlp.down_proj,mlp.down_proj,decode,1,QwenHybridDenseNVFP4Linear,0.02252800017595291
pred,1813,model.layers.3.self_attn.q_proj,self_attn.q_proj,decode,1,QwenManualHybridLinear,0.0525440014898777
pred,1814,model.layers.3.self_attn.k_proj,self_attn.k_proj,decode,1,QwenManualHybridLinear,0.04620800167322159
pred,1815,model.layers.3.self_attn.v_proj,self_attn.v_proj,decode,1,QwenManualHybridLinear,0.05315199866890907
pred,1816,model.layers.3.self_attn.o_proj,self_attn.o_proj,decode,1,QwenManualHybridLinear,0.014112000353634357
pred,1817,model.layers.3.mlp.gate_proj,mlp.gate_proj,decode,1,QwenHybridDenseNVFP4Linear,0.02252800017595291
pred,1818,model.layers.3.mlp.up_proj,mlp.up_proj,decode,1,QwenHybridDenseNVFP4Linear,0.02252800017595291
pred,1819,model.layers.3.mlp.down_proj,mlp.down_proj,decode,1,QwenHybridDenseNVFP4Linear,0.02252800017595291
pred,1820,model.layers.4.self_attn.q_proj,self_attn.q_proj,decode,1,QwenManualHybridLinear,0.05212799832224846
pred,1821,model.layers.4.self_attn.k_proj,self_attn.k_proj,decode,1,QwenManualHybridLinear,0.044863998889923096
pred,1822,model.layers.4.self_attn.v_proj,self_attn.v_proj,decode,1,QwenManualHybridLinear,0.044895999133586884
pred,1823,model.layers.4.self_attn.o_proj,self_attn.o_proj,decode,1,QwenManualHybridLinear,0.015104000456631184
pred,1824,model.layers.4.mlp.gate_proj,mlp.gate_proj,decode,1,QwenHybridDenseNVFP4Linear,0.02252800017595291
pred,1825,model.layers.4.mlp.up_proj,mlp.up_proj,decode,1,QwenHybridDenseNVFP4Linear,0.022495999932289124
pred,1826,model.layers.4.mlp.down_proj,mlp.down_proj,decode,1,QwenHybridDenseNVFP4Linear,0.02127999998629093
pred,1827,model.layers.5.self_attn.q_proj,self_attn.q_proj,decode,1,QwenManualHybridLinear,0.05132799968123436
pred,1828,model.layers.5.self_attn.k_proj,self_attn.k_proj,decode,1,QwenManualHybridLinear,0.04755200073122978
pred,1829,model.layers.5.self_attn.v_proj,self_attn.v_proj,decode,1,QwenManualHybridLinear,0.04758400097489357
pred,1830,model.layers.5.self_attn.o_proj,self_attn.o_proj,decode,1,QwenManualHybridLinear,0.01603199914097786
pred,1831,model.layers.5.mlp.gate_proj,mlp.gate_proj,decode,1,QwenHybridDenseNVFP4Linear,0.02457600086927414
pred,1832,model.layers.5.mlp.up_proj,mlp.up_proj,decode,1,QwenHybridDenseNVFP4Linear,0.021376000717282295
pred,1833,model.layers.5.mlp.down_proj,mlp.down_proj,decode,1,QwenHybridDenseNVFP4Linear,0.02252800017595291
pred,1834,model.layers.6.self_attn.q_proj,self_attn.q_proj,decode,1,QwenManualHybridLinear,0.049375999718904495
pred,1835,model.layers.6.self_attn.k_proj,self_attn.k_proj,decode,1,QwenManualHybridLinear,0.045791998505592346
pred,1836,model.layers.6.self_attn.v_proj,self_attn.v_proj,decode,1,QwenManualHybridLinear,0.04342399910092354
pred,1837,model.layers.6.self_attn.o_proj,self_attn.o_proj,decode,1,QwenManualHybridLinear,0.015744000673294067
pred,1838,model.layers.6.mlp.gate_proj,mlp.gate_proj,decode,1,QwenHybridDenseNVFP4Linear,0.02252800017595291
pred,1839,model.layers.6.mlp.up_proj,mlp.up_proj,decode,1,QwenHybridDenseNVFP4Linear,0.02252800017595291
pred,1840,model.layers.6.mlp.down_proj,mlp.down_proj,decode,1,QwenHybridDenseNVFP4Linear,0.022336000576615334
pred,1841,model.layers.7.self_attn.q_proj,self_attn.q_proj,decode,1,QwenManualHybridLinear,0.05100800096988678
pred,1842,model.layers.7.self_attn.k_proj,self_attn.k_proj,decode,1,QwenManualHybridLinear,0.04601600021123886
pred,1843,model.layers.7.self_attn.v_proj,self_attn.v_proj,decode,1,QwenManualHybridLinear,0.05366399884223938
pred,1844,model.layers.7.self_attn.o_proj,self_attn.o_proj,decode,1,QwenManualHybridLinear,0.014944000169634819
pred,1845,model.layers.7.mlp.gate_proj,mlp.gate_proj,decode,1,QwenHybridDenseNVFP4Linear,0.02252800017595291
pred,1846,model.layers.7.mlp.up_proj,mlp.up_proj,decode,1,QwenHybridDenseNVFP4Linear,0.02252800017595291
pred,1847,model.layers.7.mlp.down_proj,mlp.down_proj,decode,1,QwenHybridDenseNVFP4Linear,0.02252800017595291
pred,1848,model.layers.8.self_attn.q_proj,self_attn.q_proj,decode,1,QwenManualHybridLinear,0.05177599936723709
pred,1849,model.layers.8.self_attn.k_proj,self_attn.k_proj,decode,1,QwenManualHybridLinear,0.04630399867892265
pred,1850,model.layers.8.self_attn.v_proj,self_attn.v_proj,decode,1,QwenManualHybridLinear,0.04297599941492081
pred,1851,model.layers.8.self_attn.o_proj,self_attn.o_proj,decode,1,QwenManualHybridLinear,0.016256000846624374
pred,1852,model.layers.8.mlp.gate_proj,mlp.gate_proj,decode,1,QwenHybridDenseNVFP4Linear,0.02252800017595291
pred,1853,model.layers.8.mlp.up_proj,mlp.up_proj,decode,1,QwenHybridDenseNVFP4Linear,0.02252800017595291
pred,1854,model.layers.8.mlp.down_proj,mlp.down_proj,decode,1,QwenHybridDenseNVFP4Linear,0.02252800017595291
pred,1855,model.layers.9.self_attn.q_proj,self_attn.q_proj,decode,1,QwenManualHybridLinear,0.05097600072622299
pred,1856,model.layers.9.self_attn.k_proj,self_attn.k_proj,decode,1,QwenManualHybridLinear,0.04668800160288811
pred,1857,model.layers.9.self_attn.v_proj,self_attn.v_proj,decode,1,QwenManualHybridLinear,0.043935999274253845
pred,1858,model.layers.9.self_attn.o_proj,self_attn.o_proj,decode,1,QwenManualHybridLinear,0.01583999954164028
pred,1859,model.layers.9.mlp.gate_proj,mlp.gate_proj,decode,1,QwenHybridDenseNVFP4Linear,0.02252800017595291
pred,1860,model.layers.9.mlp.up_proj,mlp.up_proj,decode,1,QwenHybridDenseNVFP4Linear,0.02252800017595291
pred,1861,model.layers.9.mlp.down_proj,mlp.down_proj,decode,1,QwenHybridDenseNVFP4Linear,0.02252800017595291
pred,1862,model.layers.10.self_attn.q_proj,self_attn.q_proj,decode,1,QwenManualHybridLinear,0.05132799968123436
pred,1863,model.layers.10.self_attn.k_proj,self_attn.k_proj,decode,1,QwenManualHybridLinear,0.04681599885225296
pred,1864,model.layers.10.self_attn.v_proj,self_attn.v_proj,decode,1,QwenManualHybridLinear,0.04374400153756142
pred,1865,model.layers.10.self_attn.o_proj,self_attn.o_proj,decode,1,QwenManualHybridLinear,0.014336000196635723
pred,1866,model.layers.10.mlp.gate_proj,mlp.gate_proj,decode,1,QwenHybridDenseNVFP4Linear,0.02252800017595291
pred,1867,model.layers.10.mlp.up_proj,mlp.up_proj,decode,1,QwenHybridDenseNVFP4Linear,0.02191999927163124
pred,1868,model.layers.10.mlp.down_proj,mlp.down_proj,decode,1,QwenHybridDenseNVFP4Linear,0.022016000002622604
pred,1869,model.layers.11.self_attn.q_proj,self_attn.q_proj,decode,1,QwenManualHybridLinear,0.05113599821925163
pred,1870,model.layers.11.self_attn.k_proj,self_attn.k_proj,decode,1,QwenManualHybridLinear,0.04694399982690811
pred,1871,model.layers.11.self_attn.v_proj,self_attn.v_proj,decode,1,QwenManualHybridLinear,0.044319998472929
pred,1872,model.layers.11.self_attn.o_proj,self_attn.o_proj,decode,1,QwenManualHybridLinear,0.016543999314308167
pred,1873,model.layers.11.mlp.gate_proj,mlp.gate_proj,decode,1,QwenHybridDenseNVFP4Linear,0.02252800017595291
pred,1874,model.layers.11.mlp.up_proj,mlp.up_proj,decode,1,QwenHybridDenseNVFP4Linear,0.02252800017595291
pred,1875,model.layers.11.mlp.down_proj,mlp.down_proj,decode,1,QwenHybridDenseNVFP4Linear,0.022048000246286392
pred,1876,model.layers.12.self_attn.q_proj,self_attn.q_proj,decode,1,QwenManualHybridLinear,0.0517439991235733
pred,1877,model.layers.12.self_attn.k_proj,self_attn.k_proj,decode,1,QwenManualHybridLinear,0.0461760014295578
pred,1878,model.layers.12.self_attn.v_proj,self_attn.v_proj,decode,1,QwenManualHybridLinear,0.04364800080657005
pred,1879,model.layers.12.self_attn.o_proj,self_attn.o_proj,decode,1,QwenManualHybridLinear,0.015584000386297703
pred,1880,model.layers.12.mlp.gate_proj,mlp.gate_proj,decode,1,QwenHybridDenseNVFP4Linear,0.02252800017595291
pred,1881,model.layers.12.mlp.up_proj,mlp.up_proj,decode,1,QwenHybridDenseNVFP4Linear,0.02252800017595291
pred,1882,model.layers.12.mlp.down_proj,mlp.down_proj,decode,1,QwenHybridDenseNVFP4Linear,0.02252800017595291
pred,1883,model.layers.13.self_attn.q_proj,self_attn.q_proj,decode,1,QwenManualHybridLinear,0.049984000623226166
pred,1884,model.layers.13.self_attn.k_proj,self_attn.k_proj,decode,1,QwenManualHybridLinear,0.045184001326560974
pred,1885,model.layers.13.self_attn.v_proj,self_attn.v_proj,decode,1,QwenManualHybridLinear,0.044704001396894455
pred,1886,model.layers.13.self_attn.o_proj,self_attn.o_proj,decode,1,QwenManualHybridLinear,0.01532800029963255
pred,1887,model.layers.13.mlp.gate_proj,mlp.gate_proj,decode,1,QwenHybridDenseNVFP4Linear,0.02252800017595291
pred,1888,model.layers.13.mlp.up_proj,mlp.up_proj,decode,1,QwenHybridDenseNVFP4Linear,0.020479999482631683
pred,1889,model.layers.13.mlp.down_proj,mlp.down_proj,decode,1,QwenHybridDenseNVFP4Linear,0.022304000332951546
pred,1890,model.layers.14.self_attn.q_proj,self_attn.q_proj,decode,1,QwenManualHybridLinear,0.050624001771211624
pred,1891,model.layers.14.self_attn.k_proj,self_attn.k_proj,decode,1,QwenManualHybridLinear,0.04710400104522705
pred,1892,model.layers.14.self_attn.v_proj,self_attn.v_proj,decode,1,QwenManualHybridLinear,0.042847998440265656
pred,1893,model.layers.14.self_attn.o_proj,self_attn.o_proj,decode,1,QwenManualHybridLinear,0.015263999812304974
pred,1894,model.layers.14.mlp.gate_proj,mlp.gate_proj,decode,1,QwenHybridDenseNVFP4Linear,0.02252800017595291
pred,1895,model.layers.14.mlp.up_proj,mlp.up_proj,decode,1,QwenHybridDenseNVFP4Linear,0.02252800017595291
pred,1896,model.layers.14.mlp.down_proj,mlp.down_proj,decode,1,QwenHybridDenseNVFP4Linear,0.02252800017595291
pred,1897,model.layers.15.self_attn.q_proj,self_attn.q_proj,decode,1,QwenManualHybridLinear,0.05177599936723709
pred,1898,model.layers.15.self_attn.k_proj,self_attn.k_proj,decode,1,QwenManualHybridLinear,0.04601600021123886
pred,1899,model.layers.15.self_attn.v_proj,self_attn.v_proj,decode,1,QwenManualHybridLinear,0.04227200150489807
pred,1900,model.layers.15.self_attn.o_proj,self_attn.o_proj,decode,1,QwenManualHybridLinear,0.01568000018596649
pred,1901,model.layers.15.mlp.gate_proj,mlp.gate_proj,decode,1,QwenHybridDenseNVFP4Linear,0.02252800017595291
pred,1902,model.layers.15.mlp.up_proj,mlp.up_proj,decode,1,QwenHybridDenseNVFP4Linear,0.02252800017595291
pred,1903,model.layers.15.mlp.down_proj,mlp.down_proj,decode,1,QwenHybridDenseNVFP4Linear,0.0225600004196167
pred,1904,model.layers.16.self_attn.q_proj,self_attn.q_proj,decode,1,QwenManualHybridLinear,0.04825599864125252
pred,1905,model.layers.16.self_attn.k_proj,self_attn.k_proj,decode,1,QwenManualHybridLinear,0.046592000871896744
pred,1906,model.layers.16.self_attn.v_proj,self_attn.v_proj,decode,1,QwenManualHybridLinear,0.04275200143456459
pred,1907,model.layers.16.self_attn.o_proj,self_attn.o_proj,decode,1,QwenManualHybridLinear,0.01369599997997284
pred,1908,model.layers.16.mlp.gate_proj,mlp.gate_proj,decode,1,QwenHybridDenseNVFP4Linear,0.02252800017595291
pred,1909,model.layers.16.mlp.up_proj,mlp.up_proj,decode,1,QwenHybridDenseNVFP4Linear,0.02252800017595291
pred,1910,model.layers.16.mlp.down_proj,mlp.down_proj,decode,1,QwenHybridDenseNVFP4Linear,0.02252800017595291
pred,1911,model.layers.17.self_attn.q_proj,self_attn.q_proj,decode,1,QwenManualHybridLinear,0.05081599950790405
pred,1912,model.layers.17.self_attn.k_proj,self_attn.k_proj,decode,1,QwenManualHybridLinear,0.04732799902558327
pred,1913,model.layers.17.self_attn.v_proj,self_attn.v_proj,decode,1,QwenManualHybridLinear,0.044576000422239304
pred,1914,model.layers.17.self_attn.o_proj,self_attn.o_proj,decode,1,QwenManualHybridLinear,0.014816000126302242
pred,1915,model.layers.17.mlp.gate_proj,mlp.gate_proj,decode,1,QwenHybridDenseNVFP4Linear,0.02252800017595291
pred,1916,model.layers.17.mlp.up_proj,mlp.up_proj,decode,1,QwenHybridDenseNVFP4Linear,0.02252800017595291
pred,1917,model.layers.17.mlp.down_proj,mlp.down_proj,decode,1,QwenHybridDenseNVFP4Linear,0.022911999374628067
pred,1918,model.layers.18.self_attn.q_proj,self_attn.q_proj,decode,1,QwenManualHybridLinear,0.048895999789237976
pred,1919,model.layers.18.self_attn.k_proj,self_attn.k_proj,decode,1,QwenManualHybridLinear,0.04646399989724159
pred,1920,model.layers.18.self_attn.v_proj,self_attn.v_proj,decode,1,QwenManualHybridLinear,0.042047999799251556
pred,1921,model.layers.18.self_attn.o_proj,self_attn.o_proj,decode,1,QwenManualHybridLinear,0.021888000890612602
pred,1922,model.layers.18.mlp.gate_proj,mlp.gate_proj,decode,1,QwenHybridDenseNVFP4Linear,0.02252800017595291
pred,1923,model.layers.18.mlp.up_proj,mlp.up_proj,decode,1,QwenHybridDenseNVFP4Linear,0.02252800017595291
pred,1924,model.layers.18.mlp.down_proj,mlp.down_proj,decode,1,QwenHybridDenseNVFP4Linear,0.02252800017595291
pred,1925,model.layers.19.self_attn.q_proj,self_attn.q_proj,decode,1,QwenManualHybridLinear,0.043296001851558685
pred,1926,model.layers.19.self_attn.k_proj,self_attn.k_proj,decode,1,QwenManualHybridLinear,0.04947200044989586
pred,1927,model.layers.19.self_attn.v_proj,self_attn.v_proj,decode,1,QwenManualHybridLinear,0.04447999969124794
pred,1928,model.layers.19.self_attn.o_proj,self_attn.o_proj,decode,1,QwenManualHybridLinear,0.014976000413298607
pred,1929,model.layers.19.mlp.gate_proj,mlp.gate_proj,decode,1,QwenHybridDenseNVFP4Linear,0.02252800017595291
pred,1930,model.layers.19.mlp.up_proj,mlp.up_proj,decode,1,QwenHybridDenseNVFP4Linear,0.02252800017595291
pred,1931,model.layers.19.mlp.down_proj,mlp.down_proj,decode,1,QwenHybridDenseNVFP4Linear,0.02252800017595291
pred,1932,model.layers.20.self_attn.q_proj,self_attn.q_proj,decode,1,QwenManualHybridLinear,0.05071999877691269
pred,1933,model.layers.20.self_attn.k_proj,self_attn.k_proj,decode,1,QwenManualHybridLinear,0.045791998505592346
pred,1934,model.layers.20.self_attn.v_proj,self_attn.v_proj,decode,1,QwenManualHybridLinear,0.04364800080657005
pred,1935,model.layers.20.self_attn.o_proj,self_attn.o_proj,decode,1,QwenManualHybridLinear,0.016543999314308167
pred,1936,model.layers.20.mlp.gate_proj,mlp.gate_proj,decode,1,QwenHybridDenseNVFP4Linear,0.02252800017595291
pred,1937,model.layers.20.mlp.up_proj,mlp.up_proj,decode,1,QwenHybridDenseNVFP4Linear,0.02252800017595291
pred,1938,model.layers.20.mlp.down_proj,mlp.down_proj,decode,1,QwenHybridDenseNVFP4Linear,0.02252800017595291
pred,1939,model.layers.21.self_attn.q_proj,self_attn.q_proj,decode,1,QwenManualHybridLinear,0.05167999863624573
pred,1940,model.layers.21.self_attn.k_proj,self_attn.k_proj,decode,1,QwenManualHybridLinear,0.04896000027656555
pred,1941,model.layers.21.self_attn.v_proj,self_attn.v_proj,decode,1,QwenManualHybridLinear,0.04387199878692627
pred,1942,model.layers.21.self_attn.o_proj,self_attn.o_proj,decode,1,QwenManualHybridLinear,0.015807999297976494
pred,1943,model.layers.21.mlp.gate_proj,mlp.gate_proj,decode,1,QwenHybridDenseNVFP4Linear,0.02252800017595291
pred,1944,model.layers.21.mlp.up_proj,mlp.up_proj,decode,1,QwenHybridDenseNVFP4Linear,0.02252800017595291
pred,1945,model.layers.21.mlp.down_proj,mlp.down_proj,decode,1,QwenHybridDenseNVFP4Linear,0.022336000576615334
pred,1946,model.layers.22.self_attn.q_proj,self_attn.q_proj,decode,1,QwenManualHybridLinear,0.05276799947023392
pred,1947,model.layers.22.self_attn.k_proj,self_attn.k_proj,decode,1,QwenManualHybridLinear,0.04800000041723251
pred,1948,model.layers.22.self_attn.v_proj,self_attn.v_proj,decode,1,QwenManualHybridLinear,0.043487999588251114
pred,1949,model.layers.22.self_attn.o_proj,self_attn.o_proj,decode,1,QwenManualHybridLinear,0.017055999487638474
pred,1950,model.layers.22.mlp.gate_proj,mlp.gate_proj,decode,1,QwenHybridDenseNVFP4Linear,0.022495999932289124
pred,1951,model.layers.22.mlp.up_proj,mlp.up_proj,decode,1,QwenHybridDenseNVFP4Linear,0.02252800017595291
pred,1952,model.layers.22.mlp.down_proj,mlp.down_proj,decode,1,QwenHybridDenseNVFP4Linear,0.02252800017595291
pred,1953,model.layers.23.self_attn.q_proj,self_attn.q_proj,decode,1,QwenManualHybridLinear,0.052191998809576035
pred,1954,model.layers.23.self_attn.k_proj,self_attn.k_proj,decode,1,QwenManualHybridLinear,0.04835199937224388
pred,1955,model.layers.23.self_attn.v_proj,self_attn.v_proj,decode,1,QwenManualHybridLinear,0.042847998440265656
pred,1956,model.layers.23.self_attn.o_proj,self_attn.o_proj,decode,1,QwenManualHybridLinear,0.012543999589979649
pred,1957,model.layers.23.mlp.gate_proj,mlp.gate_proj,decode,1,QwenHybridDenseNVFP4Linear,0.02252800017595291
pred,1958,model.layers.23.mlp.up_proj,mlp.up_proj,decode,1,QwenHybridDenseNVFP4Linear,0.020479999482631683
pred,1959,model.layers.23.mlp.down_proj,mlp.down_proj,decode,1,QwenHybridDenseNVFP4Linear,0.02252800017595291
pred,1960,model.layers.24.self_attn.q_proj,self_attn.q_proj,decode,1,QwenManualHybridLinear,0.05020799860358238
pred,1961,model.layers.24.self_attn.k_proj,self_attn.k_proj,decode,1,QwenManualHybridLinear,0.047520000487565994
pred,1962,model.layers.24.self_attn.v_proj,self_attn.v_proj,decode,1,QwenManualHybridLinear,0.04383999854326248
pred,1963,model.layers.24.self_attn.o_proj,self_attn.o_proj,decode,1,QwenManualHybridLinear,0.014816000126302242
pred,1964,model.layers.24.mlp.gate_proj,mlp.gate_proj,decode,1,QwenHybridDenseNVFP4Linear,0.02252800017595291
pred,1965,model.layers.24.mlp.up_proj,mlp.up_proj,decode,1,QwenHybridDenseNVFP4Linear,0.02252800017595291
pred,1966,model.layers.24.mlp.down_proj,mlp.down_proj,decode,1,QwenHybridDenseNVFP4Linear,0.02252800017595291
pred,1967,model.layers.25.self_attn.q_proj,self_attn.q_proj,decode,1,QwenManualHybridLinear,0.05353600159287453
pred,1968,model.layers.25.self_attn.k_proj,self_attn.k_proj,decode,1,QwenManualHybridLinear,0.04758400097489357
pred,1969,model.layers.25.self_attn.v_proj,self_attn.v_proj,decode,1,QwenManualHybridLinear,0.046911999583244324
pred,1970,model.layers.25.self_attn.o_proj,self_attn.o_proj,decode,1,QwenManualHybridLinear,0.01635199971497059
pred,1971,model.layers.25.mlp.gate_proj,mlp.gate_proj,decode,1,QwenHybridDenseNVFP4Linear,0.02252800017595291
pred,1972,model.layers.25.mlp.up_proj,mlp.up_proj,decode,1,QwenHybridDenseNVFP4Linear,0.02252800017595291
pred,1973,model.layers.25.mlp.down_proj,mlp.down_proj,decode,1,QwenHybridDenseNVFP4Linear,0.02252800017595291
pred,1974,model.layers.26.self_attn.q_proj,self_attn.q_proj,decode,1,QwenManualHybridLinear,0.0522879995405674
pred,1975,model.layers.26.self_attn.k_proj,self_attn.k_proj,decode,1,QwenManualHybridLinear,0.04972799867391586
pred,1976,model.layers.26.self_attn.v_proj,self_attn.v_proj,decode,1,QwenManualHybridLinear,0.04464000090956688
pred,1977,model.layers.26.self_attn.o_proj,self_attn.o_proj,decode,1,QwenManualHybridLinear,0.015359999611973763
pred,1978,model.layers.26.mlp.gate_proj,mlp.gate_proj,decode,1,QwenHybridDenseNVFP4Linear,0.02252800017595291
pred,1979,model.layers.26.mlp.up_proj,mlp.up_proj,decode,1,QwenHybridDenseNVFP4Linear,0.02252800017595291
pred,1980,model.layers.26.mlp.down_proj,mlp.down_proj,decode,1,QwenHybridDenseNVFP4Linear,0.02252800017595291
pred,1981,model.layers.27.self_attn.q_proj,self_attn.q_proj,decode,1,QwenManualHybridLinear,0.052639998495578766
pred,1982,model.layers.27.self_attn.k_proj,self_attn.k_proj,decode,1,QwenManualHybridLinear,0.04809600114822388
pred,1983,model.layers.27.self_attn.v_proj,self_attn.v_proj,decode,1,QwenManualHybridLinear,0.0435199998319149
pred,1984,model.layers.27.self_attn.o_proj,self_attn.o_proj,decode,1,QwenManualHybridLinear,0.01228800043463707
pred,1985,model.layers.27.mlp.gate_proj,mlp.gate_proj,decode,1,QwenHybridDenseNVFP4Linear,0.02252800017595291
pred,1986,model.layers.27.mlp.up_proj,mlp.up_proj,decode,1,QwenHybridDenseNVFP4Linear,0.02252800017595291
pred,1987,model.layers.27.mlp.down_proj,mlp.down_proj,decode,1,QwenHybridDenseNVFP4Linear,0.02252800017595291
pred,1988,model.layers.28.self_attn.q_proj,self_attn.q_proj,decode,1,QwenManualHybridLinear,0.05145600065588951
pred,1989,model.layers.28.self_attn.k_proj,self_attn.k_proj,decode,1,QwenManualHybridLinear,0.045471999794244766
pred,1990,model.layers.28.self_attn.v_proj,self_attn.v_proj,decode,1,QwenManualHybridLinear,0.04368000105023384
pred,1991,model.layers.28.self_attn.o_proj,self_attn.o_proj,decode,1,QwenManualHybridLinear,0.014303999952971935
pred,1992,model.layers.28.mlp.gate_proj,mlp.gate_proj,decode,1,QwenHybridDenseNVFP4Linear,0.02252800017595291
pred,1993,model.layers.28.mlp.up_proj,mlp.up_proj,decode,1,QwenHybridDenseNVFP4Linear,0.02252800017595291
pred,1994,model.layers.28.mlp.down_proj,mlp.down_proj,decode,1,QwenHybridDenseNVFP4Linear,0.02252800017595291
pred,1995,model.layers.29.self_attn.q_proj,self_attn.q_proj,decode,1,QwenManualHybridLinear,0.052671998739242554
pred,1996,model.layers.29.self_attn.k_proj,self_attn.k_proj,decode,1,QwenManualHybridLinear,0.047040000557899475
pred,1997,model.layers.29.self_attn.v_proj,self_attn.v_proj,decode,1,QwenManualHybridLinear,0.04553600028157234
pred,1998,model.layers.29.self_attn.o_proj,self_attn.o_proj,decode,1,QwenManualHybridLinear,0.014816000126302242
pred,1999,model.layers.29.mlp.gate_proj,mlp.gate_proj,decode,1,QwenHybridDenseNVFP4Linear,0.02252800017595291
pred,2000,model.layers.29.mlp.up_proj,mlp.up_proj,decode,1,QwenHybridDenseNVFP4Linear,0.02252800017595291
pred,2001,model.layers.29.mlp.down_proj,mlp.down_proj,decode,1,QwenHybridDenseNVFP4Linear,0.02067199908196926
pred,2002,model.layers.30.self_attn.q_proj,self_attn.q_proj,decode,1,QwenManualHybridLinear,0.0506879985332489
pred,2003,model.layers.30.self_attn.k_proj,self_attn.k_proj,decode,1,QwenManualHybridLinear,0.048576001077890396
pred,2004,model.layers.30.self_attn.v_proj,self_attn.v_proj,decode,1,QwenManualHybridLinear,0.05145600065588951
pred,2005,model.layers.30.self_attn.o_proj,self_attn.o_proj,decode,1,QwenManualHybridLinear,0.01228800043463707
pred,2006,model.layers.30.mlp.gate_proj,mlp.gate_proj,decode,1,QwenHybridDenseNVFP4Linear,0.02252800017595291
pred,2007,model.layers.30.mlp.up_proj,mlp.up_proj,decode,1,QwenHybridDenseNVFP4Linear,0.02252800017595291
pred,2008,model.layers.30.mlp.down_proj,mlp.down_proj,decode,1,QwenHybridDenseNVFP4Linear,0.02252800017595291
pred,2009,model.layers.31.self_attn.q_proj,self_attn.q_proj,decode,1,QwenManualHybridLinear,0.05344000086188316
pred,2010,model.layers.31.self_attn.k_proj,self_attn.k_proj,decode,1,QwenManualHybridLinear,0.047520000487565994
pred,2011,model.layers.31.self_attn.v_proj,self_attn.v_proj,decode,1,QwenManualHybridLinear,0.04339199885725975
pred,2012,model.layers.31.self_attn.o_proj,self_attn.o_proj,decode,1,QwenManualHybridLinear,0.015231999568641186
pred,2013,model.layers.31.mlp.gate_proj,mlp.gate_proj,decode,1,QwenHybridDenseNVFP4Linear,0.02252800017595291
pred,2014,model.layers.31.mlp.up_proj,mlp.up_proj,decode,1,QwenHybridDenseNVFP4Linear,0.020479999482631683
pred,2015,model.layers.31.mlp.down_proj,mlp.down_proj,decode,1,QwenHybridDenseNVFP4Linear,0.02252800017595291
pred,2016,model.layers.0.self_attn.q_proj,self_attn.q_proj,decode,1,QwenManualHybridLinear,0.08275199681520462
pred,2017,model.layers.0.self_attn.k_proj,self_attn.k_proj,decode,1,QwenManualHybridLinear,0.05526399984955788
pred,2018,model.layers.0.self_attn.v_proj,self_attn.v_proj,decode,1,QwenManualHybridLinear,0.0488319993019104
pred,2019,model.layers.0.self_attn.o_proj,self_attn.o_proj,decode,1,QwenManualHybridLinear,0.014399999752640724
pred,2020,model.layers.0.mlp.gate_proj,mlp.gate_proj,decode,1,QwenHybridDenseNVFP4Linear,0.02252800017595291
pred,2021,model.layers.0.mlp.up_proj,mlp.up_proj,decode,1,QwenHybridDenseNVFP4Linear,0.02252800017595291
pred,2022,model.layers.0.mlp.down_proj,mlp.down_proj,decode,1,QwenHybridDenseNVFP4Linear,0.02252800017595291
pred,2023,model.layers.1.self_attn.q_proj,self_attn.q_proj,decode,1,QwenManualHybridLinear,0.05430399999022484
pred,2024,model.layers.1.self_attn.k_proj,self_attn.k_proj,decode,1,QwenManualHybridLinear,0.04927999898791313
pred,2025,model.layers.1.self_attn.v_proj,self_attn.v_proj,decode,1,QwenManualHybridLinear,0.04499199986457825
pred,2026,model.layers.1.self_attn.o_proj,self_attn.o_proj,decode,1,QwenManualHybridLinear,0.015456000342965126
pred,2027,model.layers.1.mlp.gate_proj,mlp.gate_proj,decode,1,QwenHybridDenseNVFP4Linear,0.02252800017595291
pred,2028,model.layers.1.mlp.up_proj,mlp.up_proj,decode,1,QwenHybridDenseNVFP4Linear,0.02252800017595291
pred,2029,model.layers.1.mlp.down_proj,mlp.down_proj,decode,1,QwenHybridDenseNVFP4Linear,0.02252800017595291
pred,2030,model.layers.2.self_attn.q_proj,self_attn.q_proj,decode,1,QwenManualHybridLinear,0.04972799867391586
pred,2031,model.layers.2.self_attn.k_proj,self_attn.k_proj,decode,1,QwenManualHybridLinear,0.044224001467227936
pred,2032,model.layers.2.self_attn.v_proj,self_attn.v_proj,decode,1,QwenManualHybridLinear,0.04291199892759323
pred,2033,model.layers.2.self_attn.o_proj,self_attn.o_proj,decode,1,QwenManualHybridLinear,0.013952000066637993
pred,2034,model.layers.2.mlp.gate_proj,mlp.gate_proj,decode,1,QwenHybridDenseNVFP4Linear,0.02252800017595291
pred,2035,model.layers.2.mlp.up_proj,mlp.up_proj,decode,1,QwenHybridDenseNVFP4Linear,0.020479999482631683
pred,2036,model.layers.2.mlp.down_proj,mlp.down_proj,decode,1,QwenHybridDenseNVFP4Linear,0.022112000733613968
pred,2037,model.layers.3.self_attn.q_proj,self_attn.q_proj,decode,1,QwenManualHybridLinear,0.050783999264240265
pred,2038,model.layers.3.self_attn.k_proj,self_attn.k_proj,decode,1,QwenManualHybridLinear,0.04553600028157234
pred,2039,model.layers.3.self_attn.v_proj,self_attn.v_proj,decode,1,QwenManualHybridLinear,0.04416000097990036
pred,2040,model.layers.3.self_attn.o_proj,self_attn.o_proj,decode,1,QwenManualHybridLinear,0.015552000142633915
pred,2041,model.layers.3.mlp.gate_proj,mlp.gate_proj,decode,1,QwenHybridDenseNVFP4Linear,0.02252800017595291
pred,2042,model.layers.3.mlp.up_proj,mlp.up_proj,decode,1,QwenHybridDenseNVFP4Linear,0.02252800017595291
pred,2043,model.layers.3.mlp.down_proj,mlp.down_proj,decode,1,QwenHybridDenseNVFP4Linear,0.02252800017595291
pred,2044,model.layers.4.self_attn.q_proj,self_attn.q_proj,decode,1,QwenManualHybridLinear,0.05318399891257286
pred,2045,model.layers.4.self_attn.k_proj,self_attn.k_proj,decode,1,QwenManualHybridLinear,0.046560000628232956
pred,2046,model.layers.4.self_attn.v_proj,self_attn.v_proj,decode,1,QwenManualHybridLinear,0.044064000248909
pred,2047,model.layers.4.self_attn.o_proj,self_attn.o_proj,decode,1,QwenManualHybridLinear,0.01568000018596649
pred,2048,model.layers.4.mlp.gate_proj,mlp.gate_proj,decode,1,QwenHybridDenseNVFP4Linear,0.02252800017595291
pred,2049,model.layers.4.mlp.up_proj,mlp.up_proj,decode,1,QwenHybridDenseNVFP4Linear,0.020479999482631683
pred,2050,model.layers.4.mlp.down_proj,mlp.down_proj,decode,1,QwenHybridDenseNVFP4Linear,0.02252800017595291
pred,2051,model.layers.5.self_attn.q_proj,self_attn.q_proj,decode,1,QwenManualHybridLinear,0.05020799860358238
pred,2052,model.layers.5.self_attn.k_proj,self_attn.k_proj,decode,1,QwenManualHybridLinear,0.046751998364925385
pred,2053,model.layers.5.self_attn.v_proj,self_attn.v_proj,decode,1,QwenManualHybridLinear,0.04287999868392944
pred,2054,model.layers.5.self_attn.o_proj,self_attn.o_proj,decode,1,QwenManualHybridLinear,0.015168000012636185
pred,2055,model.layers.5.mlp.gate_proj,mlp.gate_proj,decode,1,QwenHybridDenseNVFP4Linear,0.02252800017595291
pred,2056,model.layers.5.mlp.up_proj,mlp.up_proj,decode,1,QwenHybridDenseNVFP4Linear,0.020479999482631683
pred,2057,model.layers.5.mlp.down_proj,mlp.down_proj,decode,1,QwenHybridDenseNVFP4Linear,0.02252800017595291
pred,2058,model.layers.6.self_attn.q_proj,self_attn.q_proj,decode,1,QwenManualHybridLinear,0.050655998289585114
pred,2059,model.layers.6.self_attn.k_proj,self_attn.k_proj,decode,1,QwenManualHybridLinear,0.043807998299598694
pred,2060,model.layers.6.self_attn.v_proj,self_attn.v_proj,decode,1,QwenManualHybridLinear,0.04281599819660187
pred,2061,model.layers.6.self_attn.o_proj,self_attn.o_proj,decode,1,QwenManualHybridLinear,0.016607999801635742
pred,2062,model.layers.6.mlp.gate_proj,mlp.gate_proj,decode,1,QwenHybridDenseNVFP4Linear,0.02252800017595291
pred,2063,model.layers.6.mlp.up_proj,mlp.up_proj,decode,1,QwenHybridDenseNVFP4Linear,0.02252800017595291
pred,2064,model.layers.6.mlp.down_proj,mlp.down_proj,decode,1,QwenHybridDenseNVFP4Linear,0.02252800017595291
pred,2065,model.layers.7.self_attn.q_proj,self_attn.q_proj,decode,1,QwenManualHybridLinear,0.05215999856591225
pred,2066,model.layers.7.self_attn.k_proj,self_attn.k_proj,decode,1,QwenManualHybridLinear,0.04678399860858917
pred,2067,model.layers.7.self_attn.v_proj,self_attn.v_proj,decode,1,QwenManualHybridLinear,0.043807998299598694
pred,2068,model.layers.7.self_attn.o_proj,self_attn.o_proj,decode,1,QwenManualHybridLinear,0.015263999812304974
pred,2069,model.layers.7.mlp.gate_proj,mlp.gate_proj,decode,1,QwenHybridDenseNVFP4Linear,0.02252800017595291
pred,2070,model.layers.7.mlp.up_proj,mlp.up_proj,decode,1,QwenHybridDenseNVFP4Linear,0.02252800017595291
pred,2071,model.layers.7.mlp.down_proj,mlp.down_proj,decode,1,QwenHybridDenseNVFP4Linear,0.02252800017595291
pred,2072,model.layers.8.self_attn.q_proj,self_attn.q_proj,decode,1,QwenManualHybridLinear,0.04806400090456009
pred,2073,model.layers.8.self_attn.k_proj,self_attn.k_proj,decode,1,QwenManualHybridLinear,0.04505600035190582
pred,2074,model.layers.8.self_attn.v_proj,self_attn.v_proj,decode,1,QwenManualHybridLinear,0.04262400045990944
pred,2075,model.layers.8.self_attn.o_proj,self_attn.o_proj,decode,1,QwenManualHybridLinear,0.014303999952971935
pred,2076,model.layers.8.mlp.gate_proj,mlp.gate_proj,decode,1,QwenHybridDenseNVFP4Linear,0.02252800017595291
pred,2077,model.layers.8.mlp.up_proj,mlp.up_proj,decode,1,QwenHybridDenseNVFP4Linear,0.02252800017595291
pred,2078,model.layers.8.mlp.down_proj,mlp.down_proj,decode,1,QwenHybridDenseNVFP4Linear,0.02252800017595291
pred,2079,model.layers.9.self_attn.q_proj,self_attn.q_proj,decode,1,QwenManualHybridLinear,0.05087999999523163
pred,2080,model.layers.9.self_attn.k_proj,self_attn.k_proj,decode,1,QwenManualHybridLinear,0.04483199864625931
pred,2081,model.layers.9.self_attn.v_proj,self_attn.v_proj,decode,1,QwenManualHybridLinear,0.041471999138593674
pred,2082,model.layers.9.self_attn.o_proj,self_attn.o_proj,decode,1,QwenManualHybridLinear,0.01500799972563982
pred,2083,model.layers.9.mlp.gate_proj,mlp.gate_proj,decode,1,QwenHybridDenseNVFP4Linear,0.02457600086927414
pred,2084,model.layers.9.mlp.up_proj,mlp.up_proj,decode,1,QwenHybridDenseNVFP4Linear,0.02252800017595291
pred,2085,model.layers.9.mlp.down_proj,mlp.down_proj,decode,1,QwenHybridDenseNVFP4Linear,0.02252800017595291
pred,2086,model.layers.10.self_attn.q_proj,self_attn.q_proj,decode,1,QwenManualHybridLinear,0.05036799982190132
pred,2087,model.layers.10.self_attn.k_proj,self_attn.k_proj,decode,1,QwenManualHybridLinear,0.044415999203920364
pred,2088,model.layers.10.self_attn.v_proj,self_attn.v_proj,decode,1,QwenManualHybridLinear,0.04294399917125702
pred,2089,model.layers.10.self_attn.o_proj,self_attn.o_proj,decode,1,QwenManualHybridLinear,0.01462399959564209
pred,2090,model.layers.10.mlp.gate_proj,mlp.gate_proj,decode,1,QwenHybridDenseNVFP4Linear,0.02252800017595291
pred,2091,model.layers.10.mlp.up_proj,mlp.up_proj,decode,1,QwenHybridDenseNVFP4Linear,0.02252800017595291
pred,2092,model.layers.10.mlp.down_proj,mlp.down_proj,decode,1,QwenHybridDenseNVFP4Linear,0.02252800017595291
pred,2093,model.layers.11.self_attn.q_proj,self_attn.q_proj,decode,1,QwenManualHybridLinear,0.05462399870157242
pred,2094,model.layers.11.self_attn.k_proj,self_attn.k_proj,decode,1,QwenManualHybridLinear,0.04636799916625023
pred,2095,model.layers.11.self_attn.v_proj,self_attn.v_proj,decode,1,QwenManualHybridLinear,0.04444799944758415
pred,2096,model.layers.11.self_attn.o_proj,self_attn.o_proj,decode,1,QwenManualHybridLinear,0.01583999954164028
pred,2097,model.layers.11.mlp.gate_proj,mlp.gate_proj,decode,1,QwenHybridDenseNVFP4Linear,0.02252800017595291
pred,2098,model.layers.11.mlp.up_proj,mlp.up_proj,decode,1,QwenHybridDenseNVFP4Linear,0.020479999482631683
pred,2099,model.layers.11.mlp.down_proj,mlp.down_proj,decode,1,QwenHybridDenseNVFP4Linear,0.0225600004196167
pred,2100,model.layers.12.self_attn.q_proj,self_attn.q_proj,decode,1,QwenManualHybridLinear,0.05353600159287453
pred,2101,model.layers.12.self_attn.k_proj,self_attn.k_proj,decode,1,QwenManualHybridLinear,0.04787199944257736
pred,2102,model.layers.12.self_attn.v_proj,self_attn.v_proj,decode,1,QwenManualHybridLinear,0.043487999588251114
pred,2103,model.layers.12.self_attn.o_proj,self_attn.o_proj,decode,1,QwenManualHybridLinear,0.016831999644637108
pred,2104,model.layers.12.mlp.gate_proj,mlp.gate_proj,decode,1,QwenHybridDenseNVFP4Linear,0.02252800017595291
pred,2105,model.layers.12.mlp.up_proj,mlp.up_proj,decode,1,QwenHybridDenseNVFP4Linear,0.02252800017595291
pred,2106,model.layers.12.mlp.down_proj,mlp.down_proj,decode,1,QwenHybridDenseNVFP4Linear,0.02252800017595291
pred,2107,model.layers.13.self_attn.q_proj,self_attn.q_proj,decode,1,QwenManualHybridLinear,0.048128001391887665
pred,2108,model.layers.13.self_attn.k_proj,self_attn.k_proj,decode,1,QwenManualHybridLinear,0.04553600028157234
pred,2109,model.layers.13.self_attn.v_proj,self_attn.v_proj,decode,1,QwenManualHybridLinear,0.04243199899792671
pred,2110,model.layers.13.self_attn.o_proj,self_attn.o_proj,decode,1,QwenManualHybridLinear,0.015200000256299973
pred,2111,model.layers.13.mlp.gate_proj,mlp.gate_proj,decode,1,QwenHybridDenseNVFP4Linear,0.02300800010561943
pred,2112,model.layers.13.mlp.up_proj,mlp.up_proj,decode,1,QwenHybridDenseNVFP4Linear,0.020479999482631683
pred,2113,model.layers.13.mlp.down_proj,mlp.down_proj,decode,1,QwenHybridDenseNVFP4Linear,0.02252800017595291
pred,2114,model.layers.14.self_attn.q_proj,self_attn.q_proj,decode,1,QwenManualHybridLinear,0.04915200173854828
pred,2115,model.layers.14.self_attn.k_proj,self_attn.k_proj,decode,1,QwenManualHybridLinear,0.04473600164055824
pred,2116,model.layers.14.self_attn.v_proj,self_attn.v_proj,decode,1,QwenManualHybridLinear,0.04310400038957596
pred,2117,model.layers.14.self_attn.o_proj,self_attn.o_proj,decode,1,QwenManualHybridLinear,0.014015999622642994
pred,2118,model.layers.14.mlp.gate_proj,mlp.gate_proj,decode,1,QwenHybridDenseNVFP4Linear,0.02252800017595291
pred,2119,model.layers.14.mlp.up_proj,mlp.up_proj,decode,1,QwenHybridDenseNVFP4Linear,0.02252800017595291
pred,2120,model.layers.14.mlp.down_proj,mlp.down_proj,decode,1,QwenHybridDenseNVFP4Linear,0.02252800017595291
pred,2121,model.layers.15.self_attn.q_proj,self_attn.q_proj,decode,1,QwenManualHybridLinear,0.05097600072622299
pred,2122,model.layers.15.self_attn.k_proj,self_attn.k_proj,decode,1,QwenManualHybridLinear,0.04633599892258644
pred,2123,model.layers.15.self_attn.v_proj,self_attn.v_proj,decode,1,QwenManualHybridLinear,0.04188799858093262
pred,2124,model.layers.15.self_attn.o_proj,self_attn.o_proj,decode,1,QwenManualHybridLinear,0.013472000136971474
pred,2125,model.layers.15.mlp.gate_proj,mlp.gate_proj,decode,1,QwenHybridDenseNVFP4Linear,0.02252800017595291
pred,2126,model.layers.15.mlp.up_proj,mlp.up_proj,decode,1,QwenHybridDenseNVFP4Linear,0.02252800017595291
pred,2127,model.layers.15.mlp.down_proj,mlp.down_proj,decode,1,QwenHybridDenseNVFP4Linear,0.02252800017595291
pred,2128,model.layers.16.self_attn.q_proj,self_attn.q_proj,decode,1,QwenManualHybridLinear,0.05488000065088272
pred,2129,model.layers.16.self_attn.k_proj,self_attn.k_proj,decode,1,QwenManualHybridLinear,0.04505600035190582
pred,2130,model.layers.16.self_attn.v_proj,self_attn.v_proj,decode,1,QwenManualHybridLinear,0.041152000427246094
pred,2131,model.layers.16.self_attn.o_proj,self_attn.o_proj,decode,1,QwenManualHybridLinear,0.016543999314308167
pred,2132,model.layers.16.mlp.gate_proj,mlp.gate_proj,decode,1,QwenHybridDenseNVFP4Linear,0.02252800017595291
pred,2133,model.layers.16.mlp.up_proj,mlp.up_proj,decode,1,QwenHybridDenseNVFP4Linear,0.02252800017595291
pred,2134,model.layers.16.mlp.down_proj,mlp.down_proj,decode,1,QwenHybridDenseNVFP4Linear,0.02252800017595291
pred,2135,model.layers.17.self_attn.q_proj,self_attn.q_proj,decode,1,QwenManualHybridLinear,0.05011200159788132
pred,2136,model.layers.17.self_attn.k_proj,self_attn.k_proj,decode,1,QwenManualHybridLinear,0.04505600035190582
pred,2137,model.layers.17.self_attn.v_proj,self_attn.v_proj,decode,1,QwenManualHybridLinear,0.04249599948525429
pred,2138,model.layers.17.self_attn.o_proj,self_attn.o_proj,decode,1,QwenManualHybridLinear,0.016383999958634377
pred,2139,model.layers.17.mlp.gate_proj,mlp.gate_proj,decode,1,QwenHybridDenseNVFP4Linear,0.02252800017595291
pred,2140,model.layers.17.mlp.up_proj,mlp.up_proj,decode,1,QwenHybridDenseNVFP4Linear,0.02252800017595291
pred,2141,model.layers.17.mlp.down_proj,mlp.down_proj,decode,1,QwenHybridDenseNVFP4Linear,0.02252800017595291
pred,2142,model.layers.18.self_attn.q_proj,self_attn.q_proj,decode,1,QwenManualHybridLinear,0.05104000121355057
pred,2143,model.layers.18.self_attn.k_proj,self_attn.k_proj,decode,1,QwenManualHybridLinear,0.04438399896025658
pred,2144,model.layers.18.self_attn.v_proj,self_attn.v_proj,decode,1,QwenManualHybridLinear,0.042847998440265656
pred,2145,model.layers.18.self_attn.o_proj,self_attn.o_proj,decode,1,QwenManualHybridLinear,0.015135999768972397
pred,2146,model.layers.18.mlp.gate_proj,mlp.gate_proj,decode,1,QwenHybridDenseNVFP4Linear,0.02252800017595291
pred,2147,model.layers.18.mlp.up_proj,mlp.up_proj,decode,1,QwenHybridDenseNVFP4Linear,0.021407999098300934
pred,2148,model.layers.18.mlp.down_proj,mlp.down_proj,decode,1,QwenHybridDenseNVFP4Linear,0.02252800017595291
pred,2149,model.layers.19.self_attn.q_proj,self_attn.q_proj,decode,1,QwenManualHybridLinear,0.05196800082921982
pred,2150,model.layers.19.self_attn.k_proj,self_attn.k_proj,decode,1,QwenManualHybridLinear,0.04483199864625931
pred,2151,model.layers.19.self_attn.v_proj,self_attn.v_proj,decode,1,QwenManualHybridLinear,0.043487999588251114
pred,2152,model.layers.19.self_attn.o_proj,self_attn.o_proj,decode,1,QwenManualHybridLinear,0.015615999698638916
pred,2153,model.layers.19.mlp.gate_proj,mlp.gate_proj,decode,1,QwenHybridDenseNVFP4Linear,0.02252800017595291
pred,2154,model.layers.19.mlp.up_proj,mlp.up_proj,decode,1,QwenHybridDenseNVFP4Linear,0.02252800017595291
pred,2155,model.layers.19.mlp.down_proj,mlp.down_proj,decode,1,QwenHybridDenseNVFP4Linear,0.02208000048995018
pred,2156,model.layers.20.self_attn.q_proj,self_attn.q_proj,decode,1,QwenManualHybridLinear,0.0490880012512207
pred,2157,model.layers.20.self_attn.k_proj,self_attn.k_proj,decode,1,QwenManualHybridLinear,0.045024000108242035
pred,2158,model.layers.20.self_attn.v_proj,self_attn.v_proj,decode,1,QwenManualHybridLinear,0.043168000876903534
pred,2159,model.layers.20.self_attn.o_proj,self_attn.o_proj,decode,1,QwenManualHybridLinear,0.016224000602960587
pred,2160,model.layers.20.mlp.gate_proj,mlp.gate_proj,decode,1,QwenHybridDenseNVFP4Linear,0.02252800017595291
pred,2161,model.layers.20.mlp.up_proj,mlp.up_proj,decode,1,QwenHybridDenseNVFP4Linear,0.020479999482631683
pred,2162,model.layers.20.mlp.down_proj,mlp.down_proj,decode,1,QwenHybridDenseNVFP4Linear,0.021983999758958817
pred,2163,model.layers.21.self_attn.q_proj,self_attn.q_proj,decode,1,QwenManualHybridLinear,0.05132799968123436
pred,2164,model.layers.21.self_attn.k_proj,self_attn.k_proj,decode,1,QwenManualHybridLinear,0.04492799937725067
pred,2165,model.layers.21.self_attn.v_proj,self_attn.v_proj,decode,1,QwenManualHybridLinear,0.043327998369932175
pred,2166,model.layers.21.self_attn.o_proj,self_attn.o_proj,decode,1,QwenManualHybridLinear,0.016256000846624374
pred,2167,model.layers.21.mlp.gate_proj,mlp.gate_proj,decode,1,QwenHybridDenseNVFP4Linear,0.02252800017595291
pred,2168,model.layers.21.mlp.up_proj,mlp.up_proj,decode,1,QwenHybridDenseNVFP4Linear,0.02252800017595291
pred,2169,model.layers.21.mlp.down_proj,mlp.down_proj,decode,1,QwenHybridDenseNVFP4Linear,0.02300800010561943
pred,2170,model.layers.22.self_attn.q_proj,self_attn.q_proj,decode,1,QwenManualHybridLinear,0.054496001452207565
pred,2171,model.layers.22.self_attn.k_proj,self_attn.k_proj,decode,1,QwenManualHybridLinear,0.0453759990632534
pred,2172,model.layers.22.self_attn.v_proj,self_attn.v_proj,decode,1,QwenManualHybridLinear,0.042527999728918076
pred,2173,model.layers.22.self_attn.o_proj,self_attn.o_proj,decode,1,QwenManualHybridLinear,0.01283199992030859
pred,2174,model.layers.22.mlp.gate_proj,mlp.gate_proj,decode,1,QwenHybridDenseNVFP4Linear,0.02252800017595291
pred,2175,model.layers.22.mlp.up_proj,mlp.up_proj,decode,1,QwenHybridDenseNVFP4Linear,0.02252800017595291
pred,2176,model.layers.22.mlp.down_proj,mlp.down_proj,decode,1,QwenHybridDenseNVFP4Linear,0.022175999358296394
pred,2177,model.layers.23.self_attn.q_proj,self_attn.q_proj,decode,1,QwenManualHybridLinear,0.05084799975156784
pred,2178,model.layers.23.self_attn.k_proj,self_attn.k_proj,decode,1,QwenManualHybridLinear,0.047968000173568726
pred,2179,model.layers.23.self_attn.v_proj,self_attn.v_proj,decode,1,QwenManualHybridLinear,0.04335999861359596
pred,2180,model.layers.23.self_attn.o_proj,self_attn.o_proj,decode,1,QwenManualHybridLinear,0.0163199994713068
pred,2181,model.layers.23.mlp.gate_proj,mlp.gate_proj,decode,1,QwenHybridDenseNVFP4Linear,0.02252800017595291
pred,2182,model.layers.23.mlp.up_proj,mlp.up_proj,decode,1,QwenHybridDenseNVFP4Linear,0.020479999482631683
pred,2183,model.layers.23.mlp.down_proj,mlp.down_proj,decode,1,QwenHybridDenseNVFP4Linear,0.02252800017595291
pred,2184,model.layers.24.self_attn.q_proj,self_attn.q_proj,decode,1,QwenManualHybridLinear,0.05392000079154968
pred,2185,model.layers.24.self_attn.k_proj,self_attn.k_proj,decode,1,QwenManualHybridLinear,0.045343998819589615
pred,2186,model.layers.24.self_attn.v_proj,self_attn.v_proj,decode,1,QwenManualHybridLinear,0.042688000947237015
pred,2187,model.layers.24.self_attn.o_proj,self_attn.o_proj,decode,1,QwenManualHybridLinear,0.0163199994713068
pred,2188,model.layers.24.mlp.gate_proj,mlp.gate_proj,decode,1,QwenHybridDenseNVFP4Linear,0.020479999482631683
pred,2189,model.layers.24.mlp.up_proj,mlp.up_proj,decode,1,QwenHybridDenseNVFP4Linear,0.02252800017595291
pred,2190,model.layers.24.mlp.down_proj,mlp.down_proj,decode,1,QwenHybridDenseNVFP4Linear,0.02252800017595291
pred,2191,model.layers.25.self_attn.q_proj,self_attn.q_proj,decode,1,QwenManualHybridLinear,0.039872001856565475
pred,2192,model.layers.25.self_attn.k_proj,self_attn.k_proj,decode,1,QwenManualHybridLinear,0.046751998364925385
pred,2193,model.layers.25.self_attn.v_proj,self_attn.v_proj,decode,1,QwenManualHybridLinear,0.04335999861359596
pred,2194,model.layers.25.self_attn.o_proj,self_attn.o_proj,decode,1,QwenManualHybridLinear,0.015904000028967857
pred,2195,model.layers.25.mlp.gate_proj,mlp.gate_proj,decode,1,QwenHybridDenseNVFP4Linear,0.020479999482631683
pred,2196,model.layers.25.mlp.up_proj,mlp.up_proj,decode,1,QwenHybridDenseNVFP4Linear,0.020479999482631683
pred,2197,model.layers.25.mlp.down_proj,mlp.down_proj,decode,1,QwenHybridDenseNVFP4Linear,0.02252800017595291
pred,2198,model.layers.26.self_attn.q_proj,self_attn.q_proj,decode,1,QwenManualHybridLinear,0.052000001072883606
pred,2199,model.layers.26.self_attn.k_proj,self_attn.k_proj,decode,1,QwenManualHybridLinear,0.04604800045490265
pred,2200,model.layers.26.self_attn.v_proj,self_attn.v_proj,decode,1,QwenManualHybridLinear,0.04243199899792671
pred,2201,model.layers.26.self_attn.o_proj,self_attn.o_proj,decode,1,QwenManualHybridLinear,0.016256000846624374
pred,2202,model.layers.26.mlp.gate_proj,mlp.gate_proj,decode,1,QwenHybridDenseNVFP4Linear,0.02252800017595291
pred,2203,model.layers.26.mlp.up_proj,mlp.up_proj,decode,1,QwenHybridDenseNVFP4Linear,0.02252800017595291
pred,2204,model.layers.26.mlp.down_proj,mlp.down_proj,decode,1,QwenHybridDenseNVFP4Linear,0.022304000332951546
pred,2205,model.layers.27.self_attn.q_proj,self_attn.q_proj,decode,1,QwenManualHybridLinear,0.05423999950289726
pred,2206,model.layers.27.self_attn.k_proj,self_attn.k_proj,decode,1,QwenManualHybridLinear,0.04527999833226204
pred,2207,model.layers.27.self_attn.v_proj,self_attn.v_proj,decode,1,QwenManualHybridLinear,0.04278400167822838
pred,2208,model.layers.27.self_attn.o_proj,self_attn.o_proj,decode,1,QwenManualHybridLinear,0.016448000445961952
pred,2209,model.layers.27.mlp.gate_proj,mlp.gate_proj,decode,1,QwenHybridDenseNVFP4Linear,0.02252800017595291
pred,2210,model.layers.27.mlp.up_proj,mlp.up_proj,decode,1,QwenHybridDenseNVFP4Linear,0.02252800017595291
pred,2211,model.layers.27.mlp.down_proj,mlp.down_proj,decode,1,QwenHybridDenseNVFP4Linear,0.02252800017595291
pred,2212,model.layers.28.self_attn.q_proj,self_attn.q_proj,decode,1,QwenManualHybridLinear,0.054976001381874084
pred,2213,model.layers.28.self_attn.k_proj,self_attn.k_proj,decode,1,QwenManualHybridLinear,0.04649600014090538
pred,2214,model.layers.28.self_attn.v_proj,self_attn.v_proj,decode,1,QwenManualHybridLinear,0.04451199993491173
pred,2215,model.layers.28.self_attn.o_proj,self_attn.o_proj,decode,1,QwenManualHybridLinear,0.015104000456631184
pred,2216,model.layers.28.mlp.gate_proj,mlp.gate_proj,decode,1,QwenHybridDenseNVFP4Linear,0.02252800017595291
pred,2217,model.layers.28.mlp.up_proj,mlp.up_proj,decode,1,QwenHybridDenseNVFP4Linear,0.02252800017595291
pred,2218,model.layers.28.mlp.down_proj,mlp.down_proj,decode,1,QwenHybridDenseNVFP4Linear,0.02252800017595291
pred,2219,model.layers.29.self_attn.q_proj,self_attn.q_proj,decode,1,QwenManualHybridLinear,0.05183999985456467
pred,2220,model.layers.29.self_attn.k_proj,self_attn.k_proj,decode,1,QwenManualHybridLinear,0.04620800167322159
pred,2221,model.layers.29.self_attn.v_proj,self_attn.v_proj,decode,1,QwenManualHybridLinear,0.043296001851558685
pred,2222,model.layers.29.self_attn.o_proj,self_attn.o_proj,decode,1,QwenManualHybridLinear,0.013632000423967838
pred,2223,model.layers.29.mlp.gate_proj,mlp.gate_proj,decode,1,QwenHybridDenseNVFP4Linear,0.02252800017595291
pred,2224,model.layers.29.mlp.up_proj,mlp.up_proj,decode,1,QwenHybridDenseNVFP4Linear,0.02252800017595291
pred,2225,model.layers.29.mlp.down_proj,mlp.down_proj,decode,1,QwenHybridDenseNVFP4Linear,0.02252800017595291
pred,2226,model.layers.30.self_attn.q_proj,self_attn.q_proj,decode,1,QwenManualHybridLinear,0.0549440011382103
pred,2227,model.layers.30.self_attn.k_proj,self_attn.k_proj,decode,1,QwenManualHybridLinear,0.04464000090956688
pred,2228,model.layers.30.self_attn.v_proj,self_attn.v_proj,decode,1,QwenManualHybridLinear,0.04211200028657913
pred,2229,model.layers.30.self_attn.o_proj,self_attn.o_proj,decode,1,QwenManualHybridLinear,0.015200000256299973
pred,2230,model.layers.30.mlp.gate_proj,mlp.gate_proj,decode,1,QwenHybridDenseNVFP4Linear,0.02252800017595291
pred,2231,model.layers.30.mlp.up_proj,mlp.up_proj,decode,1,QwenHybridDenseNVFP4Linear,0.02252800017595291
pred,2232,model.layers.30.mlp.down_proj,mlp.down_proj,decode,1,QwenHybridDenseNVFP4Linear,0.02252800017595291
pred,2233,model.layers.31.self_attn.q_proj,self_attn.q_proj,decode,1,QwenManualHybridLinear,0.053279999643564224
pred,2234,model.layers.31.self_attn.k_proj,self_attn.k_proj,decode,1,QwenManualHybridLinear,0.0459199994802475
pred,2235,model.layers.31.self_attn.v_proj,self_attn.v_proj,decode,1,QwenManualHybridLinear,0.04195199906826019
pred,2236,model.layers.31.self_attn.o_proj,self_attn.o_proj,decode,1,QwenManualHybridLinear,0.015968000516295433
pred,2237,model.layers.31.mlp.gate_proj,mlp.gate_proj,decode,1,QwenHybridDenseNVFP4Linear,0.02252800017595291
pred,2238,model.layers.31.mlp.up_proj,mlp.up_proj,decode,1,QwenHybridDenseNVFP4Linear,0.020479999482631683
pred,2239,model.layers.31.mlp.down_proj,mlp.down_proj,decode,1,QwenHybridDenseNVFP4Linear,0.02252800017595291
